COFF
2551 3211 0

63.1288 -17.6801 -35.7723
63.1288 -17.6801 2.56141
63.1288 -17.6801 40.8951
66.7327 -11.1361 -35.7723
66.7327 -11.1361 2.56141
66.7327 -11.1361 40.8951
70.3367 -4.59216 -35.7723
70.3367 -4.59216 2.56141
70.3367 -4.59216 40.8951
56.1531 -30.3466 -35.7723
56.1531 -30.3466 44.296
63.1288 -17.6801 44.296
47.3735 -46.2831 -35.7723
47.3735 -46.2831 47.4645
56.1531 -30.3466 47.4645
41.4684 -57.002 -35.7723
41.4684 -57.002 4.46156
41.4684 -57.002 44.6954
47.3735 -46.2831 4.46156
47.3735 -46.2831 44.6954
41.8107 -22.5718 47.4645
41.8107 -22.5718 44.296
47.3591 -25.6284 47.4645
47.3591 -25.6284 44.296
48.9202 -22.7947 52.8861
48.9202 -22.7947 44.296
53.1997 -25.1523 52.8861
53.1997 -25.1523 44.296
51.6922 -27.8889 44.296
51.6922 -27.8889 52.8861
51.6922 -27.8889 47.4645
-54.6669 49.8401 -23.4186
-54.6669 49.8401 -26.3179
-46.4386 45.3071 -23.4186
-46.4386 45.3071 -26.3179
-38.2103 40.7739 -23.4186
-38.2103 40.7739 -26.3179
-38.2103 40.7739 -40.066
-32.1103 51.8467 -40.066
-32.1103 51.8467 -26.3179
-45.1037 28.2611 -40.066
-45.1037 28.2611 -23.4186
-41.657 34.5176 -40.066
-41.657 34.5176 -23.4186
-53.0286 13.876 -40.066
-53.0286 13.876 -20.4987
-49.0662 21.0685 -40.066
-49.0662 21.0685 -20.4987
-45.1037 28.2611 -20.4987
-53.0286 13.876 -13.8313
-48.8959 11.7095 -13.8313
-48.8959 11.7095 -40.066
-44.7632 9.54309 -13.8313
-44.7632 9.54309 -40.066
-44.7632 9.54309 -10.8807
-39.0701 6.55872 -10.8807
-39.0701 6.55872 -40.066
-39.0701 6.55872 -7.79483
-39.0701 6.55872 -18.5519
-39.0701 6.55872 -29.3089
-37.1202 5.5365 -7.79483
-37.1202 5.5365 -18.5519
-37.1202 5.5365 -29.3089
-37.1202 5.5365 -40.066
-37.1202 5.5365 -4.71145
-37.1202 5.5365 -16.4963
-37.1202 5.5365 -28.2811
-34.7257 5.85632 -4.71145
-34.7257 5.85632 -16.4963
-34.7257 5.85632 -28.2811
-34.7257 5.85632 -40.066
-32.3312 6.17615 -4.71145
-32.3312 6.17615 -16.4963
-32.3312 6.17615 -28.2811
-32.3312 6.17615 -40.066
-32.3312 6.17615 -1.5259
-32.3312 6.17615 -20.7959
-26.7662 6.91943 -1.5259
-26.7662 6.91943 -20.7959
-26.7662 6.91943 -40.066
-26.7662 6.91943 1.52681
-26.7662 6.91943 -19.2696
-21.7485 7.5896 1.52681
-21.7485 7.5896 -19.2696
-21.7485 7.5896 -40.066
-21.7485 7.5896 4.49268
-21.7485 7.5896 -17.7866
-15.0632 8.48254 4.49268
-15.0632 8.48254 -17.7866
-15.0632 8.48254 -40.066
-15.0632 8.48254 7.6578
-15.0632 8.48254 -16.2041
-9.67377 9.20251 7.6578
-9.67377 9.20251 -16.2041
-9.67377 9.20251 -40.066
-9.67377 9.20251 10.5726
-9.67377 9.20251 -14.7467
-4.38202 9.9093 10.5726
-4.38202 9.9093 -14.7467
-4.38202 9.9093 -40.066
-4.38202 9.9093 13.5844
-4.38202 9.9093 -13.2408
1.06946 10.6375 13.5844
1.06946 10.6375 -13.2408
1.06946 10.6375 -40.066
1.06946 10.6375 16.6576
1.06946 10.6375 -2.25028
1.06946 10.6375 -21.1581
4.3667 11.0779 16.6576
4.3667 11.0779 -2.25028
4.3667 11.0779 -21.1581
4.3667 11.0779 -40.066
7.66388 11.5182 16.6576
7.66388 11.5182 -2.25028
7.66388 11.5182 -21.1581
7.66388 11.5182 -40.066
7.66388 11.5182 19.9198
7.66388 11.5182 -10.0731
12.9999 12.231 19.9198
12.9999 12.231 -10.0731
12.9999 12.231 -40.066
12.9999 12.231 23.0057
12.9999 12.231 -8.53015
18.4612 12.9603 23.0057
18.4612 12.9603 -8.53015
18.4612 12.9603 -40.066
18.4612 12.9603 25.8641
18.4612 12.9603 3.8874
18.4612 12.9603 -18.0893
23.6471 13.653 25.8641
23.6471 13.653 3.8874
23.6471 13.653 -18.0893
23.6471 13.653 -40.066
23.6471 13.653 29.0795
23.6471 13.653 -5.49324
31.1602 14.6566 29.0795
31.1602 14.6566 -5.49324
31.1602 14.6566 -40.066
31.1602 14.6566 32.0133
31.1602 14.6566 21.7162
31.1602 14.6566 11.4192
31.1602 14.6566 1.12217
31.1602 14.6566 -9.17487
31.1602 14.6566 -19.4719
31.1602 14.6566 -29.7689
32.8651 14.8843 32.0133
32.8651 14.8843 21.7162
32.8651 14.8843 11.4192
32.8651 14.8843 1.12217
32.8651 14.8843 -9.17487
32.8651 14.8843 -19.4719
32.8651 14.8843 -29.7689
32.8651 14.8843 -40.066
34.5701 15.1119 32.0133
34.5701 15.1119 21.7162
34.5701 15.1119 11.4192
34.5701 15.1119 1.12217
34.5701 15.1119 -9.17487
34.5701 15.1119 -19.4719
34.5701 15.1119 -29.7689
34.5701 15.1119 -40.066
-61.5604 37.3271 -20.4987
-61.5604 37.3271 -23.4186
-53.332 32.7941 -20.4987
-53.332 32.7941 -23.4186
-69.4852 22.942 -16.9632
-69.4852 22.942 -20.4987
-53.9373 14.3766 -16.9632
-53.9373 14.3766 -20.4987
-53.9373 14.3766 -13.8313
-53.9373 14.3766 -17.165
-53.0286 13.876 -17.165
-61.8907 -0.0605469 -13.8313
-61.8907 -0.0605469 -16.9632
32.8237 -2.44397 35.1817
32.8237 -2.44397 32.0133
35.5754 5.29919 35.1817
35.5754 5.29919 32.0133
38.3272 13.0421 35.1817
38.3272 13.0421 32.0133
30.4196 -2.76501 32.0133
30.4196 -2.76501 29.0795
30.7899 5.9458 32.0133
30.7899 5.9458 29.0795
-52.8024 -5.0675 -10.8807
-52.8024 -5.0675 -13.8313
25.9203 -3.36597 29.0795
25.9203 -3.36597 25.8641
38.6312 -5.60962 38.2172
38.6312 -5.60962 35.1817
46.4434 8.5708 38.2172
46.4434 8.5708 35.1817
20.7344 -4.05859 25.8641
20.7344 -4.05859 23.0057
19.5978 4.45081 25.8641
19.5978 4.45081 23.0057
15.2731 -4.78809 23.0057
15.2731 -4.78809 19.9198
14.1365 3.72144 23.0057
14.1365 3.72144 19.9198
9.93713 -5.50085 19.9198
9.93713 -5.50085 16.6576
3.34265 -6.38159 16.6576
3.34265 -6.38159 13.5844
-2.10889 -7.10974 13.5844
-2.10889 -7.10974 10.5726
-45.8933 -8.87378 -7.79483
-45.8933 -8.87378 -10.8807
-7.40063 -7.81665 10.5726
-7.40063 -7.81665 7.6578
48.2393 -10.9028 44.296
48.2393 -10.9028 38.2172
48.8417 -9.80933 44.296
48.8417 -9.80933 38.2172
48.8417 -9.80933 40.8951
56.0515 3.27771 40.8951
56.0515 3.27771 38.2172
-12.79 -8.53638 7.6578
-12.79 -8.53638 4.49268
-19.4753 -9.42932 4.49268
-19.4753 -9.42932 1.52681
-24.493 -10.0995 1.52681
-24.493 -10.0995 -1.5259
-25.6296 -1.59009 1.52681
-25.6296 -1.59009 -1.5259
-37.5828 -11.8479 -4.71145
-37.5828 -11.8479 -7.79483
-30.058 -10.8429 -1.5259
-30.058 -10.8429 -4.71145
-31.1946 -2.33337 -1.5259
-31.1946 -2.33337 -4.71145
55.9853 -13.7448 44.296
55.9853 -13.7448 40.8951
32.8728 -2.43738 -39.5136
32.8728 -2.43738 -2.16595
32.8728 -2.43738 35.1817
38.6312 -5.60962 -39.5136
38.6312 -5.60962 -2.16595
32.8237 -2.44397 -39.5136
32.8237 -2.44397 -39.2172
32.8237 -2.44397 -38.9208
32.8237 -2.44397 -38.6244
32.8237 -2.44397 -38.328
32.8237 -2.44397 -38.0316
32.8237 -2.44397 -37.7352
32.8237 -2.44397 -37.4388
32.8237 -2.44397 -37.1424
32.8237 -2.44397 -36.846
32.8237 -2.44397 -36.5495
32.8237 -2.44397 -36.2531
32.8237 -2.44397 -35.9567
32.8237 -2.44397 -35.6603
32.8237 -2.44397 -35.3639
32.8237 -2.44397 -35.0675
32.8237 -2.44397 -34.7711
32.8237 -2.44397 -34.4747
32.8237 -2.44397 -34.1783
32.8237 -2.44397 -33.8818
32.8237 -2.44397 -33.5854
32.8237 -2.44397 -33.289
32.8237 -2.44397 -32.9926
32.8237 -2.44397 -32.6962
32.8237 -2.44397 -32.3998
32.8237 -2.44397 -32.1034
32.8237 -2.44397 -31.807
32.8237 -2.44397 -31.5106
32.8237 -2.44397 -31.2142
32.8237 -2.44397 -30.9177
32.8237 -2.44397 -30.6213
32.8237 -2.44397 -30.3249
32.8237 -2.44397 -30.0285
32.8237 -2.44397 -29.7321
32.8237 -2.44397 -29.4357
32.8237 -2.44397 -29.1393
32.8237 -2.44397 -28.8429
32.8237 -2.44397 -28.5465
32.8237 -2.44397 -28.2501
32.8237 -2.44397 -27.9536
32.8237 -2.44397 -27.6572
32.8237 -2.44397 -27.3608
32.8237 -2.44397 -27.0644
32.8237 -2.44397 -26.768
32.8237 -2.44397 -26.4716
32.8237 -2.44397 -26.1752
32.8237 -2.44397 -25.8788
32.8237 -2.44397 -25.5824
32.8237 -2.44397 -25.286
32.8237 -2.44397 -24.9895
32.8237 -2.44397 -24.6931
32.8237 -2.44397 -24.3967
32.8237 -2.44397 -24.1003
32.8237 -2.44397 -23.8039
32.8237 -2.44397 -23.5075
32.8237 -2.44397 -23.2111
32.8237 -2.44397 -22.9147
32.8237 -2.44397 -22.6183
32.8237 -2.44397 -22.3219
32.8237 -2.44397 -22.0254
32.8237 -2.44397 -21.729
32.8237 -2.44397 -21.4326
32.8237 -2.44397 -21.1362
32.8237 -2.44397 -20.8398
32.8237 -2.44397 -20.5434
32.8237 -2.44397 -20.247
32.8237 -2.44397 -19.9506
32.8237 -2.44397 -19.6542
32.8237 -2.44397 -19.3577
32.8237 -2.44397 -19.0613
32.8237 -2.44397 -18.7649
32.8237 -2.44397 -18.4685
32.8237 -2.44397 -18.1721
32.8237 -2.44397 -17.8757
32.8237 -2.44397 -17.5793
32.8237 -2.44397 -17.2829
32.8237 -2.44397 -16.9865
32.8237 -2.44397 -16.6901
32.8237 -2.44397 -16.3936
32.8237 -2.44397 -16.0972
32.8237 -2.44397 -15.8008
32.8237 -2.44397 -15.5044
32.8237 -2.44397 -15.208
32.8237 -2.44397 -14.9116
32.8237 -2.44397 -14.6152
32.8237 -2.44397 -14.3188
32.8237 -2.44397 -14.0224
32.8237 -2.44397 -13.726
32.8237 -2.44397 -13.4295
32.8237 -2.44397 -13.1331
32.8237 -2.44397 -12.8367
32.8237 -2.44397 -12.5403
32.8237 -2.44397 -12.2439
32.8237 -2.44397 -11.9475
32.8237 -2.44397 -11.6511
32.8237 -2.44397 -11.3547
32.8237 -2.44397 -11.0583
32.8237 -2.44397 -10.7619
32.8237 -2.44397 -10.4654
32.8237 -2.44397 -10.169
32.8237 -2.44397 -9.87262
32.8237 -2.44397 -9.57621
32.8237 -2.44397 -9.2798
32.8237 -2.44397 -8.98339
32.8237 -2.44397 -8.68698
32.8237 -2.44397 -8.39057
32.8237 -2.44397 -8.09416
32.8237 -2.44397 -7.79775
32.8237 -2.44397 -7.50134
32.8237 -2.44397 -7.20493
32.8237 -2.44397 -6.90852
32.8237 -2.44397 -6.61211
32.8237 -2.44397 -6.3157
32.8237 -2.44397 -6.01929
32.8237 -2.44397 -5.72288
32.8237 -2.44397 -5.42647
32.8237 -2.44397 -5.13006
32.8237 -2.44397 -4.83365
32.8237 -2.44397 -4.53724
32.8237 -2.44397 -4.24083
32.8237 -2.44397 -3.94442
32.8237 -2.44397 -3.64801
32.8237 -2.44397 -3.3516
32.8237 -2.44397 -3.05519
32.8237 -2.44397 -2.75877
32.8237 -2.44397 -2.46236
32.8237 -2.44397 -2.16595
32.8237 -2.44397 -1.86954
32.8237 -2.44397 -1.57313
32.8237 -2.44397 -1.27672
32.8237 -2.44397 -0.980315
32.8237 -2.44397 -0.683905
32.8237 -2.44397 -0.387496
32.8237 -2.44397 -0.0910859
32.8237 -2.44397 0.205324
32.8237 -2.44397 0.501741
32.8237 -2.44397 0.798151
32.8237 -2.44397 1.09456
32.8237 -2.44397 1.39097
32.8237 -2.44397 1.68738
32.8237 -2.44397 1.98379
32.8237 -2.44397 2.2802
32.8237 -2.44397 2.57661
32.8237 -2.44397 2.87302
32.8237 -2.44397 3.16943
32.8237 -2.44397 3.46584
32.8237 -2.44397 3.76225
32.8237 -2.44397 4.05866
32.8237 -2.44397 4.35507
32.8237 -2.44397 4.65148
32.8237 -2.44397 4.94789
32.8237 -2.44397 5.2443
32.8237 -2.44397 5.54071
32.8237 -2.44397 5.83712
32.8237 -2.44397 6.13353
32.8237 -2.44397 6.42994
32.8237 -2.44397 6.72635
32.8237 -2.44397 7.02276
32.8237 -2.44397 7.31917
32.8237 -2.44397 7.61558
32.8237 -2.44397 7.91199
32.8237 -2.44397 8.2084
32.8237 -2.44397 8.50481
32.8237 -2.44397 8.80122
32.8237 -2.44397 9.09763
32.8237 -2.44397 9.39404
32.8237 -2.44397 9.69045
32.8237 -2.44397 9.98686
32.8237 -2.44397 10.2833
32.8237 -2.44397 10.5797
32.8237 -2.44397 10.8761
32.8237 -2.44397 11.1725
32.8237 -2.44397 11.4689
32.8237 -2.44397 11.7653
32.8237 -2.44397 12.0617
32.8237 -2.44397 12.3581
32.8237 -2.44397 12.6546
32.8237 -2.44397 12.951
32.8237 -2.44397 13.2474
32.8237 -2.44397 13.5438
32.8237 -2.44397 13.8402
32.8237 -2.44397 14.1366
32.8237 -2.44397 14.433
32.8237 -2.44397 14.7294
32.8237 -2.44397 15.0258
32.8237 -2.44397 15.3222
32.8237 -2.44397 15.6187
32.8237 -2.44397 15.9151
32.8237 -2.44397 16.2115
32.8237 -2.44397 16.5079
32.8237 -2.44397 16.8043
32.8237 -2.44397 17.1007
32.8237 -2.44397 17.3971
32.8237 -2.44397 17.6935
32.8237 -2.44397 17.9899
32.8237 -2.44397 18.2864
32.8237 -2.44397 18.5828
32.8237 -2.44397 18.8792
32.8237 -2.44397 19.1756
32.8237 -2.44397 19.472
32.8237 -2.44397 19.7684
32.8237 -2.44397 20.0648
32.8237 -2.44397 20.3612
32.8237 -2.44397 20.6576
32.8237 -2.44397 20.954
32.8237 -2.44397 21.2504
32.8237 -2.44397 21.5469
32.8237 -2.44397 21.8433
32.8237 -2.44397 22.1397
32.8237 -2.44397 22.4361
32.8237 -2.44397 22.7325
32.8237 -2.44397 23.0289
32.8237 -2.44397 23.3253
32.8237 -2.44397 23.6217
32.8237 -2.44397 23.9181
32.8237 -2.44397 24.2146
32.8237 -2.44397 24.511
32.8237 -2.44397 24.8074
32.8237 -2.44397 25.1038
32.8237 -2.44397 25.4002
32.8237 -2.44397 25.6966
32.8237 -2.44397 25.993
32.8237 -2.44397 26.2894
32.8237 -2.44397 26.5858
32.8237 -2.44397 26.8822
32.8237 -2.44397 27.1787
32.8237 -2.44397 27.4751
32.8237 -2.44397 27.7715
32.8237 -2.44397 28.0679
32.8237 -2.44397 28.3643
32.8237 -2.44397 28.6607
32.8237 -2.44397 28.9571
32.8237 -2.44397 29.2535
32.8237 -2.44397 29.5499
32.8237 -2.44397 29.8464
32.8237 -2.44397 30.1428
32.8237 -2.44397 30.4392
32.8237 -2.44397 30.7356
32.8237 -2.44397 31.032
32.8237 -2.44397 31.3284
32.8237 -2.44397 31.6248
32.8237 -2.44397 31.9212
32.8237 -2.44397 32.2176
32.8237 -2.44397 32.514
32.8237 -2.44397 32.8105
32.8237 -2.44397 33.1069
32.8237 -2.44397 33.4033
32.8237 -2.44397 33.6997
32.8237 -2.44397 33.9961
32.8237 -2.44397 34.2925
32.8237 -2.44397 34.5889
32.8237 -2.44397 34.8853
32.8728 -2.43738 -39.2172
32.8728 -2.43738 -38.9208
32.8728 -2.43738 -38.6244
32.8728 -2.43738 -38.328
32.8728 -2.43738 -38.0316
32.8728 -2.43738 -37.7352
32.8728 -2.43738 -37.4388
32.8728 -2.43738 -37.1424
32.8728 -2.43738 -36.846
32.8728 -2.43738 -36.5495
32.8728 -2.43738 -36.2531
32.8728 -2.43738 -35.9567
32.8728 -2.43738 -35.6603
32.8728 -2.43738 -35.3639
32.8728 -2.43738 -35.0675
32.8728 -2.43738 -34.7711
32.8728 -2.43738 -34.4747
32.8728 -2.43738 -34.1783
32.8728 -2.43738 -33.8818
32.8728 -2.43738 -33.5854
32.8728 -2.43738 -33.289
32.8728 -2.43738 -32.9926
32.8728 -2.43738 -32.6962
32.8728 -2.43738 -32.3998
32.8728 -2.43738 -32.1034
32.8728 -2.43738 -31.807
32.8728 -2.43738 -31.5106
32.8728 -2.43738 -31.2142
32.8728 -2.43738 -30.9177
32.8728 -2.43738 -30.6213
32.8728 -2.43738 -30.3249
32.8728 -2.43738 -30.0285
32.8728 -2.43738 -29.7321
32.8728 -2.43738 -29.4357
32.8728 -2.43738 -29.1393
32.8728 -2.43738 -28.8429
32.8728 -2.43738 -28.5465
32.8728 -2.43738 -28.2501
32.8728 -2.43738 -27.9536
32.8728 -2.43738 -27.6572
32.8728 -2.43738 -27.3608
32.8728 -2.43738 -27.0644
32.8728 -2.43738 -26.768
32.8728 -2.43738 -26.4716
32.8728 -2.43738 -26.1752
32.8728 -2.43738 -25.8788
32.8728 -2.43738 -25.5824
32.8728 -2.43738 -25.286
32.8728 -2.43738 -24.9895
32.8728 -2.43738 -24.6931
32.8728 -2.43738 -24.3967
32.8728 -2.43738 -24.1003
32.8728 -2.43738 -23.8039
32.8728 -2.43738 -23.5075
32.8728 -2.43738 -23.2111
32.8728 -2.43738 -22.9147
32.8728 -2.43738 -22.6183
32.8728 -2.43738 -22.3219
32.8728 -2.43738 -22.0254
32.8728 -2.43738 -21.729
32.8728 -2.43738 -21.4326
32.8728 -2.43738 -21.1362
32.8728 -2.43738 -20.8398
32.8728 -2.43738 -20.5434
32.8728 -2.43738 -20.247
32.8728 -2.43738 -19.9506
32.8728 -2.43738 -19.6542
32.8728 -2.43738 -19.3577
32.8728 -2.43738 -19.0613
32.8728 -2.43738 -18.7649
32.8728 -2.43738 -18.4685
32.8728 -2.43738 -18.1721
32.8728 -2.43738 -17.8757
32.8728 -2.43738 -17.5793
32.8728 -2.43738 -17.2829
32.8728 -2.43738 -16.9865
32.8728 -2.43738 -16.6901
32.8728 -2.43738 -16.3936
32.8728 -2.43738 -16.0972
32.8728 -2.43738 -15.8008
32.8728 -2.43738 -15.5044
32.8728 -2.43738 -15.208
32.8728 -2.43738 -14.9116
32.8728 -2.43738 -14.6152
32.8728 -2.43738 -14.3188
32.8728 -2.43738 -14.0224
32.8728 -2.43738 -13.726
32.8728 -2.43738 -13.4295
32.8728 -2.43738 -13.1331
32.8728 -2.43738 -12.8367
32.8728 -2.43738 -12.5403
32.8728 -2.43738 -12.2439
32.8728 -2.43738 -11.9475
32.8728 -2.43738 -11.6511
32.8728 -2.43738 -11.3547
32.8728 -2.43738 -11.0583
32.8728 -2.43738 -10.7619
32.8728 -2.43738 -10.4654
32.8728 -2.43738 -10.169
32.8728 -2.43738 -9.87262
32.8728 -2.43738 -9.57621
32.8728 -2.43738 -9.2798
32.8728 -2.43738 -8.98339
32.8728 -2.43738 -8.68698
32.8728 -2.43738 -8.39057
32.8728 -2.43738 -8.09416
32.8728 -2.43738 -7.79775
32.8728 -2.43738 -7.50134
32.8728 -2.43738 -7.20493
32.8728 -2.43738 -6.90852
32.8728 -2.43738 -6.61211
32.8728 -2.43738 -6.3157
32.8728 -2.43738 -6.01929
32.8728 -2.43738 -5.72288
32.8728 -2.43738 -5.42647
32.8728 -2.43738 -5.13006
32.8728 -2.43738 -4.83365
32.8728 -2.43738 -4.53724
32.8728 -2.43738 -4.24083
32.8728 -2.43738 -3.94442
32.8728 -2.43738 -3.64801
32.8728 -2.43738 -3.3516
32.8728 -2.43738 -3.05519
32.8728 -2.43738 -2.75877
32.8728 -2.43738 -2.46236
32.8728 -2.43738 -1.86954
32.8728 -2.43738 -1.57313
32.8728 -2.43738 -1.27672
32.8728 -2.43738 -0.980315
32.8728 -2.43738 -0.683905
32.8728 -2.43738 -0.387496
32.8728 -2.43738 -0.0910859
32.8728 -2.43738 0.205324
32.8728 -2.43738 0.501741
32.8728 -2.43738 0.798151
32.8728 -2.43738 1.09456
32.8728 -2.43738 1.39097
32.8728 -2.43738 1.68738
32.8728 -2.43738 1.98379
32.8728 -2.43738 2.2802
32.8728 -2.43738 2.57661
32.8728 -2.43738 2.87302
32.8728 -2.43738 3.16943
32.8728 -2.43738 3.46584
32.8728 -2.43738 3.76225
32.8728 -2.43738 4.05866
32.8728 -2.43738 4.35507
32.8728 -2.43738 4.65148
32.8728 -2.43738 4.94789
32.8728 -2.43738 5.2443
32.8728 -2.43738 5.54071
32.8728 -2.43738 5.83712
32.8728 -2.43738 6.13353
32.8728 -2.43738 6.42994
32.8728 -2.43738 6.72635
32.8728 -2.43738 7.02276
32.8728 -2.43738 7.31917
32.8728 -2.43738 7.61558
32.8728 -2.43738 7.91199
32.8728 -2.43738 8.2084
32.8728 -2.43738 8.50481
32.8728 -2.43738 8.80122
32.8728 -2.43738 9.09763
32.8728 -2.43738 9.39404
32.8728 -2.43738 9.69045
32.8728 -2.43738 9.98686
32.8728 -2.43738 10.2833
32.8728 -2.43738 10.5797
32.8728 -2.43738 10.8761
32.8728 -2.43738 11.1725
32.8728 -2.43738 11.4689
32.8728 -2.43738 11.7653
32.8728 -2.43738 12.0617
32.8728 -2.43738 12.3581
32.8728 -2.43738 12.6546
32.8728 -2.43738 12.951
32.8728 -2.43738 13.2474
32.8728 -2.43738 13.5438
32.8728 -2.43738 13.8402
32.8728 -2.43738 14.1366
32.8728 -2.43738 14.433
32.8728 -2.43738 14.7294
32.8728 -2.43738 15.0258
32.8728 -2.43738 15.3222
32.8728 -2.43738 15.6187
32.8728 -2.43738 15.9151
32.8728 -2.43738 16.2115
32.8728 -2.43738 16.5079
32.8728 -2.43738 16.8043
32.8728 -2.43738 17.1007
32.8728 -2.43738 17.3971
32.8728 -2.43738 17.6935
32.8728 -2.43738 17.9899
32.8728 -2.43738 18.2864
32.8728 -2.43738 18.5828
32.8728 -2.43738 18.8792
32.8728 -2.43738 19.1756
32.8728 -2.43738 19.472
32.8728 -2.43738 19.7684
32.8728 -2.43738 20.0648
32.8728 -2.43738 20.3612
32.8728 -2.43738 20.6576
32.8728 -2.43738 20.954
32.8728 -2.43738 21.2504
32.8728 -2.43738 21.5469
32.8728 -2.43738 21.8433
32.8728 -2.43738 22.1397
32.8728 -2.43738 22.4361
32.8728 -2.43738 22.7325
32.8728 -2.43738 23.0289
32.8728 -2.43738 23.3253
32.8728 -2.43738 23.6217
32.8728 -2.43738 23.9181
32.8728 -2.43738 24.2146
32.8728 -2.43738 24.511
32.8728 -2.43738 24.8074
32.8728 -2.43738 25.1038
32.8728 -2.43738 25.4002
32.8728 -2.43738 25.6966
32.8728 -2.43738 25.993
32.8728 -2.43738 26.2894
32.8728 -2.43738 26.5858
32.8728 -2.43738 26.8822
32.8728 -2.43738 27.1787
32.8728 -2.43738 27.4751
32.8728 -2.43738 27.7715
32.8728 -2.43738 28.0679
32.8728 -2.43738 28.3643
32.8728 -2.43738 28.6607
32.8728 -2.43738 28.9571
32.8728 -2.43738 29.2535
32.8728 -2.43738 29.5499
32.8728 -2.43738 29.8464
32.8728 -2.43738 30.1428
32.8728 -2.43738 30.4392
32.8728 -2.43738 30.7356
32.8728 -2.43738 31.032
32.8728 -2.43738 31.3284
32.8728 -2.43738 31.6248
32.8728 -2.43738 31.9212
32.8728 -2.43738 32.2176
32.8728 -2.43738 32.514
32.8728 -2.43738 32.8105
32.8728 -2.43738 33.1069
32.8728 -2.43738 33.4033
32.8728 -2.43738 33.6997
32.8728 -2.43738 33.9961
32.8728 -2.43738 34.2925
32.8728 -2.43738 34.5889
32.8728 -2.43738 34.8853
30.4855 -2.75623 -39.5136
30.4855 -2.75623 -27.5925
30.4855 -2.75623 -15.6713
30.4855 -2.75623 -3.75019
30.4855 -2.75623 8.17096
30.4855 -2.75623 20.0921
30.4855 -2.75623 32.0133
32.8237 -2.44397 -27.5925
32.8237 -2.44397 -15.6713
32.8237 -2.44397 -3.75019
32.8237 -2.44397 8.17096
32.8237 -2.44397 20.0921
30.4196 -2.76501 -39.5136
30.4196 -2.76501 -39.3144
30.4196 -2.76501 -39.1152
30.4196 -2.76501 -38.9159
30.4196 -2.76501 -38.7167
30.4196 -2.76501 -38.5174
30.4196 -2.76501 -38.3182
30.4196 -2.76501 -38.119
30.4196 -2.76501 -37.9197
30.4196 -2.76501 -37.7205
30.4196 -2.76501 -37.5213
30.4196 -2.76501 -37.322
30.4196 -2.76501 -37.1228
30.4196 -2.76501 -36.9235
30.4196 -2.76501 -36.7243
30.4196 -2.76501 -36.5251
30.4196 -2.76501 -36.3258
30.4196 -2.76501 -36.1266
30.4196 -2.76501 -35.9273
30.4196 -2.76501 -35.7281
30.4196 -2.76501 -35.5289
30.4196 -2.76501 -35.3296
30.4196 -2.76501 -35.1304
30.4196 -2.76501 -34.9311
30.4196 -2.76501 -34.7319
30.4196 -2.76501 -34.5327
30.4196 -2.76501 -34.3334
30.4196 -2.76501 -34.1342
30.4196 -2.76501 -33.9349
30.4196 -2.76501 -33.7357
30.4196 -2.76501 -33.5365
30.4196 -2.76501 -33.3372
30.4196 -2.76501 -33.138
30.4196 -2.76501 -32.9387
30.4196 -2.76501 -32.7395
30.4196 -2.76501 -32.5403
30.4196 -2.76501 -32.341
30.4196 -2.76501 -32.1418
30.4196 -2.76501 -31.9426
30.4196 -2.76501 -31.7433
30.4196 -2.76501 -31.5441
30.4196 -2.76501 -31.3448
30.4196 -2.76501 -31.1456
30.4196 -2.76501 -30.9464
30.4196 -2.76501 -30.7471
30.4196 -2.76501 -30.5479
30.4196 -2.76501 -30.3486
30.4196 -2.76501 -30.1494
30.4196 -2.76501 -29.9502
30.4196 -2.76501 -29.7509
30.4196 -2.76501 -29.5517
30.4196 -2.76501 -29.3524
30.4196 -2.76501 -29.1532
30.4196 -2.76501 -28.954
30.4196 -2.76501 -28.7547
30.4196 -2.76501 -28.5555
30.4196 -2.76501 -28.3562
30.4196 -2.76501 -28.157
30.4196 -2.76501 -27.9578
30.4196 -2.76501 -27.7585
30.4196 -2.76501 -27.5593
30.4196 -2.76501 -27.36
30.4196 -2.76501 -27.1608
30.4196 -2.76501 -26.9616
30.4196 -2.76501 -26.7623
30.4196 -2.76501 -26.5631
30.4196 -2.76501 -26.3639
30.4196 -2.76501 -26.1646
30.4196 -2.76501 -25.9654
30.4196 -2.76501 -25.7661
30.4196 -2.76501 -25.5669
30.4196 -2.76501 -25.3677
30.4196 -2.76501 -25.1684
30.4196 -2.76501 -24.9692
30.4196 -2.76501 -24.7699
30.4196 -2.76501 -24.5707
30.4196 -2.76501 -24.3715
30.4196 -2.76501 -24.1722
30.4196 -2.76501 -23.973
30.4196 -2.76501 -23.7737
30.4196 -2.76501 -23.5745
30.4196 -2.76501 -23.3753
30.4196 -2.76501 -23.176
30.4196 -2.76501 -22.9768
30.4196 -2.76501 -22.7775
30.4196 -2.76501 -22.5783
30.4196 -2.76501 -22.3791
30.4196 -2.76501 -22.1798
30.4196 -2.76501 -21.9806
30.4196 -2.76501 -21.7813
30.4196 -2.76501 -21.5821
30.4196 -2.76501 -21.3829
30.4196 -2.76501 -21.1836
30.4196 -2.76501 -20.9844
30.4196 -2.76501 -20.7852
30.4196 -2.76501 -20.5859
30.4196 -2.76501 -20.3867
30.4196 -2.76501 -20.1874
30.4196 -2.76501 -19.9882
30.4196 -2.76501 -19.789
30.4196 -2.76501 -19.5897
30.4196 -2.76501 -19.3905
30.4196 -2.76501 -19.1912
30.4196 -2.76501 -18.992
30.4196 -2.76501 -18.7928
30.4196 -2.76501 -18.5935
30.4196 -2.76501 -18.3943
30.4196 -2.76501 -18.195
30.4196 -2.76501 -17.9958
30.4196 -2.76501 -17.7966
30.4196 -2.76501 -17.5973
30.4196 -2.76501 -17.3981
30.4196 -2.76501 -17.1988
30.4196 -2.76501 -16.9996
30.4196 -2.76501 -16.8004
30.4196 -2.76501 -16.6011
30.4196 -2.76501 -16.4019
30.4196 -2.76501 -16.2026
30.4196 -2.76501 -16.0034
30.4196 -2.76501 -15.8042
30.4196 -2.76501 -15.6049
30.4196 -2.76501 -15.4057
30.4196 -2.76501 -15.2064
30.4196 -2.76501 -15.0072
30.4196 -2.76501 -14.808
30.4196 -2.76501 -14.6087
30.4196 -2.76501 -14.4095
30.4196 -2.76501 -14.2102
30.4196 -2.76501 -14.011
30.4196 -2.76501 -13.8118
30.4196 -2.76501 -13.6125
30.4196 -2.76501 -13.4133
30.4196 -2.76501 -13.2141
30.4196 -2.76501 -13.0148
30.4196 -2.76501 -12.8156
30.4196 -2.76501 -12.6163
30.4196 -2.76501 -12.4171
30.4196 -2.76501 -12.2179
30.4196 -2.76501 -12.0186
30.4196 -2.76501 -11.8194
30.4196 -2.76501 -11.6201
30.4196 -2.76501 -11.4209
30.4196 -2.76501 -11.2217
30.4196 -2.76501 -11.0224
30.4196 -2.76501 -10.8232
30.4196 -2.76501 -10.6239
30.4196 -2.76501 -10.4247
30.4196 -2.76501 -10.2255
30.4196 -2.76501 -10.0262
30.4196 -2.76501 -9.82699
30.4196 -2.76501 -9.62775
30.4196 -2.76501 -9.42851
30.4196 -2.76501 -9.22927
30.4196 -2.76501 -9.03003
30.4196 -2.76501 -8.83079
30.4196 -2.76501 -8.63156
30.4196 -2.76501 -8.43231
30.4196 -2.76501 -8.23308
30.4196 -2.76501 -8.03383
30.4196 -2.76501 -7.83459
30.4196 -2.76501 -7.63536
30.4196 -2.76501 -7.43611
30.4196 -2.76501 -7.23688
30.4196 -2.76501 -7.03764
30.4196 -2.76501 -6.8384
30.4196 -2.76501 -6.63916
30.4196 -2.76501 -6.43992
30.4196 -2.76501 -6.24068
30.4196 -2.76501 -6.04144
30.4196 -2.76501 -5.8422
30.4196 -2.76501 -5.64297
30.4196 -2.76501 -5.44372
30.4196 -2.76501 -5.24449
30.4196 -2.76501 -5.04524
30.4196 -2.76501 -4.846
30.4196 -2.76501 -4.64677
30.4196 -2.76501 -4.44753
30.4196 -2.76501 -4.24829
30.4196 -2.76501 -4.04905
30.4196 -2.76501 -3.84981
30.4196 -2.76501 -3.65057
30.4196 -2.76501 -3.45133
30.4196 -2.76501 -3.25209
30.4196 -2.76501 -3.05285
30.4196 -2.76501 -2.85361
30.4196 -2.76501 -2.65438
30.4196 -2.76501 -2.45513
30.4196 -2.76501 -2.2559
30.4196 -2.76501 -2.05666
30.4196 -2.76501 -1.85741
30.4196 -2.76501 -1.65817
30.4196 -2.76501 -1.45894
30.4196 -2.76501 -1.2597
30.4196 -2.76501 -1.06046
30.4196 -2.76501 -0.86122
30.4196 -2.76501 -0.661978
30.4196 -2.76501 -0.46274
30.4196 -2.76501 -0.263503
30.4196 -2.76501 -0.0642648
30.4196 -2.76501 0.134977
30.4196 -2.76501 0.334215
30.4196 -2.76501 0.533453
30.4196 -2.76501 0.732694
30.4196 -2.76501 0.931932
30.4196 -2.76501 1.13118
30.4196 -2.76501 1.33042
30.4196 -2.76501 1.52965
30.4196 -2.76501 1.72889
30.4196 -2.76501 1.92813
30.4196 -2.76501 2.12737
30.4196 -2.76501 2.32661
30.4196 -2.76501 2.52585
30.4196 -2.76501 2.72509
30.4196 -2.76501 2.92433
30.4196 -2.76501 3.12356
30.4196 -2.76501 3.3228
30.4196 -2.76501 3.52205
30.4196 -2.76501 3.72128
30.4196 -2.76501 3.92052
30.4196 -2.76501 4.11976
30.4196 -2.76501 4.31901
30.4196 -2.76501 4.51824
30.4196 -2.76501 4.71748
30.4196 -2.76501 4.91672
30.4196 -2.76501 5.11596
30.4196 -2.76501 5.3152
30.4196 -2.76501 5.51444
30.4196 -2.76501 5.71367
30.4196 -2.76501 5.91292
30.4196 -2.76501 6.11216
30.4196 -2.76501 6.31139
30.4196 -2.76501 6.51063
30.4196 -2.76501 6.70987
30.4196 -2.76501 6.90911
30.4196 -2.76501 7.10835
30.4196 -2.76501 7.30759
30.4196 -2.76501 7.50683
30.4196 -2.76501 7.70608
30.4196 -2.76501 7.90531
30.4196 -2.76501 8.10455
30.4196 -2.76501 8.30379
30.4196 -2.76501 8.50303
30.4196 -2.76501 8.70227
30.4196 -2.76501 8.90151
30.4196 -2.76501 9.10074
30.4196 -2.76501 9.29999
30.4196 -2.76501 9.49922
30.4196 -2.76501 9.69846
30.4196 -2.76501 9.8977
30.4196 -2.76501 10.0969
30.4196 -2.76501 10.2962
30.4196 -2.76501 10.4954
30.4196 -2.76501 10.6947
30.4196 -2.76501 10.8939
30.4196 -2.76501 11.0931
30.4196 -2.76501 11.2924
30.4196 -2.76501 11.4916
30.4196 -2.76501 11.6909
30.4196 -2.76501 11.8901
30.4196 -2.76501 12.0893
30.4196 -2.76501 12.2886
30.4196 -2.76501 12.4878
30.4196 -2.76501 12.6871
30.4196 -2.76501 12.8863
30.4196 -2.76501 13.0855
30.4196 -2.76501 13.2848
30.4196 -2.76501 13.484
30.4196 -2.76501 13.6832
30.4196 -2.76501 13.8825
30.4196 -2.76501 14.0817
30.4196 -2.76501 14.281
30.4196 -2.76501 14.4802
30.4196 -2.76501 14.6794
30.4196 -2.76501 14.8787
30.4196 -2.76501 15.0779
30.4196 -2.76501 15.2772
30.4196 -2.76501 15.4764
30.4196 -2.76501 15.6756
30.4196 -2.76501 15.8749
30.4196 -2.76501 16.0741
30.4196 -2.76501 16.2734
30.4196 -2.76501 16.4726
30.4196 -2.76501 16.6718
30.4196 -2.76501 16.8711
30.4196 -2.76501 17.0703
30.4196 -2.76501 17.2696
30.4196 -2.76501 17.4688
30.4196 -2.76501 17.668
30.4196 -2.76501 17.8673
30.4196 -2.76501 18.0665
30.4196 -2.76501 18.2658
30.4196 -2.76501 18.465
30.4196 -2.76501 18.6642
30.4196 -2.76501 18.8635
30.4196 -2.76501 19.0627
30.4196 -2.76501 19.2619
30.4196 -2.76501 19.4612
30.4196 -2.76501 19.6604
30.4196 -2.76501 19.8597
30.4196 -2.76501 20.0589
30.4196 -2.76501 20.2581
30.4196 -2.76501 20.4574
30.4196 -2.76501 20.6566
30.4196 -2.76501 20.8559
30.4196 -2.76501 21.0551
30.4196 -2.76501 21.2543
30.4196 -2.76501 21.4536
30.4196 -2.76501 21.6528
30.4196 -2.76501 21.8521
30.4196 -2.76501 22.0513
30.4196 -2.76501 22.2505
30.4196 -2.76501 22.4498
30.4196 -2.76501 22.649
30.4196 -2.76501 22.8483
30.4196 -2.76501 23.0475
30.4196 -2.76501 23.2467
30.4196 -2.76501 23.446
30.4196 -2.76501 23.6452
30.4196 -2.76501 23.8444
30.4196 -2.76501 24.0437
30.4196 -2.76501 24.2429
30.4196 -2.76501 24.4422
30.4196 -2.76501 24.6414
30.4196 -2.76501 24.8407
30.4196 -2.76501 25.0399
30.4196 -2.76501 25.2391
30.4196 -2.76501 25.4384
30.4196 -2.76501 25.6376
30.4196 -2.76501 25.8369
30.4196 -2.76501 26.0361
30.4196 -2.76501 26.2353
30.4196 -2.76501 26.4346
30.4196 -2.76501 26.6338
30.4196 -2.76501 26.833
30.4196 -2.76501 27.0323
30.4196 -2.76501 27.2315
30.4196 -2.76501 27.4308
30.4196 -2.76501 27.63
30.4196 -2.76501 27.8292
30.4196 -2.76501 28.0285
30.4196 -2.76501 28.2277
30.4196 -2.76501 28.427
30.4196 -2.76501 28.6262
30.4196 -2.76501 28.8254
30.4196 -2.76501 29.0247
30.4196 -2.76501 29.2239
30.4196 -2.76501 29.4232
30.4196 -2.76501 29.6224
30.4196 -2.76501 29.8216
30.4196 -2.76501 30.0209
30.4196 -2.76501 30.2201
30.4196 -2.76501 30.4193
30.4196 -2.76501 30.6186
30.4196 -2.76501 30.8178
30.4196 -2.76501 31.0171
30.4196 -2.76501 31.2163
30.4196 -2.76501 31.4155
30.4196 -2.76501 31.6148
30.4196 -2.76501 31.814
30.4525 -2.76062 -39.5136
30.4525 -2.76062 -39.3144
30.4525 -2.76062 -39.1152
30.4525 -2.76062 -38.9159
30.4525 -2.76062 -38.7167
30.4525 -2.76062 -38.5174
30.4525 -2.76062 -38.3182
30.4525 -2.76062 -38.119
30.4525 -2.76062 -37.9197
30.4525 -2.76062 -37.7205
30.4525 -2.76062 -37.5213
30.4525 -2.76062 -37.322
30.4525 -2.76062 -37.1228
30.4525 -2.76062 -36.9235
30.4525 -2.76062 -36.7243
30.4525 -2.76062 -36.5251
30.4525 -2.76062 -36.3258
30.4525 -2.76062 -36.1266
30.4525 -2.76062 -35.9273
30.4525 -2.76062 -35.7281
30.4525 -2.76062 -35.5289
30.4525 -2.76062 -35.3296
30.4525 -2.76062 -35.1304
30.4525 -2.76062 -34.9311
30.4525 -2.76062 -34.7319
30.4525 -2.76062 -34.5327
30.4525 -2.76062 -34.3334
30.4525 -2.76062 -34.1342
30.4525 -2.76062 -33.9349
30.4525 -2.76062 -33.7357
30.4525 -2.76062 -33.5365
30.4525 -2.76062 -33.3372
30.4525 -2.76062 -33.138
30.4525 -2.76062 -32.9387
30.4525 -2.76062 -32.7395
30.4525 -2.76062 -32.5403
30.4525 -2.76062 -32.341
30.4525 -2.76062 -32.1418
30.4525 -2.76062 -31.9426
30.4525 -2.76062 -31.7433
30.4525 -2.76062 -31.5441
30.4525 -2.76062 -31.3448
30.4525 -2.76062 -31.1456
30.4525 -2.76062 -30.9464
30.4525 -2.76062 -30.7471
30.4525 -2.76062 -30.5479
30.4525 -2.76062 -30.3486
30.4525 -2.76062 -30.1494
30.4525 -2.76062 -29.9502
30.4525 -2.76062 -29.7509
30.4525 -2.76062 -29.5517
30.4525 -2.76062 -29.3524
30.4525 -2.76062 -29.1532
30.4525 -2.76062 -28.954
30.4525 -2.76062 -28.7547
30.4525 -2.76062 -28.5555
30.4525 -2.76062 -28.3562
30.4525 -2.76062 -28.157
30.4525 -2.76062 -27.9578
30.4525 -2.76062 -27.7585
30.4525 -2.76062 -27.5593
30.4525 -2.76062 -27.36
30.4525 -2.76062 -27.1608
30.4525 -2.76062 -26.9616
30.4525 -2.76062 -26.7623
30.4525 -2.76062 -26.5631
30.4525 -2.76062 -26.3639
30.4525 -2.76062 -26.1646
30.4525 -2.76062 -25.9654
30.4525 -2.76062 -25.7661
30.4525 -2.76062 -25.5669
30.4525 -2.76062 -25.3677
30.4525 -2.76062 -25.1684
30.4525 -2.76062 -24.9692
30.4525 -2.76062 -24.7699
30.4525 -2.76062 -24.5707
30.4525 -2.76062 -24.3715
30.4525 -2.76062 -24.1722
30.4525 -2.76062 -23.973
30.4525 -2.76062 -23.7737
30.4525 -2.76062 -23.5745
30.4525 -2.76062 -23.3753
30.4525 -2.76062 -23.176
30.4525 -2.76062 -22.9768
30.4525 -2.76062 -22.7775
30.4525 -2.76062 -22.5783
30.4525 -2.76062 -22.3791
30.4525 -2.76062 -22.1798
30.4525 -2.76062 -21.9806
30.4525 -2.76062 -21.7813
30.4525 -2.76062 -21.5821
30.4525 -2.76062 -21.3829
30.4525 -2.76062 -21.1836
30.4525 -2.76062 -20.9844
30.4525 -2.76062 -20.7852
30.4525 -2.76062 -20.5859
30.4525 -2.76062 -20.3867
30.4525 -2.76062 -20.1874
30.4525 -2.76062 -19.9882
30.4525 -2.76062 -19.789
30.4525 -2.76062 -19.5897
30.4525 -2.76062 -19.3905
30.4525 -2.76062 -19.1912
30.4525 -2.76062 -18.992
30.4525 -2.76062 -18.7928
30.4525 -2.76062 -18.5935
30.4525 -2.76062 -18.3943
30.4525 -2.76062 -18.195
30.4525 -2.76062 -17.9958
30.4525 -2.76062 -17.7966
30.4525 -2.76062 -17.5973
30.4525 -2.76062 -17.3981
30.4525 -2.76062 -17.1988
30.4525 -2.76062 -16.9996
30.4525 -2.76062 -16.8004
30.4525 -2.76062 -16.6011
30.4525 -2.76062 -16.4019
30.4525 -2.76062 -16.2026
30.4525 -2.76062 -16.0034
30.4525 -2.76062 -15.8042
30.4525 -2.76062 -15.6049
30.4525 -2.76062 -15.4057
30.4525 -2.76062 -15.2064
30.4525 -2.76062 -15.0072
30.4525 -2.76062 -14.808
30.4525 -2.76062 -14.6087
30.4525 -2.76062 -14.4095
30.4525 -2.76062 -14.2102
30.4525 -2.76062 -14.011
30.4525 -2.76062 -13.8118
30.4525 -2.76062 -13.6125
30.4525 -2.76062 -13.4133
30.4525 -2.76062 -13.2141
30.4525 -2.76062 -13.0148
30.4525 -2.76062 -12.8156
30.4525 -2.76062 -12.6163
30.4525 -2.76062 -12.4171
30.4525 -2.76062 -12.2179
30.4525 -2.76062 -12.0186
30.4525 -2.76062 -11.8194
30.4525 -2.76062 -11.6201
30.4525 -2.76062 -11.4209
30.4525 -2.76062 -11.2217
30.4525 -2.76062 -11.0224
30.4525 -2.76062 -10.8232
30.4525 -2.76062 -10.6239
30.4525 -2.76062 -10.4247
30.4525 -2.76062 -10.2255
30.4525 -2.76062 -10.0262
30.4525 -2.76062 -9.82699
30.4525 -2.76062 -9.62775
30.4525 -2.76062 -9.42851
30.4525 -2.76062 -9.22927
30.4525 -2.76062 -9.03003
30.4525 -2.76062 -8.83079
30.4525 -2.76062 -8.63156
30.4525 -2.76062 -8.43231
30.4525 -2.76062 -8.23308
30.4525 -2.76062 -8.03383
30.4525 -2.76062 -7.83459
30.4525 -2.76062 -7.63536
30.4525 -2.76062 -7.43611
30.4525 -2.76062 -7.23688
30.4525 -2.76062 -7.03764
30.4525 -2.76062 -6.8384
30.4525 -2.76062 -6.63916
30.4525 -2.76062 -6.43992
30.4525 -2.76062 -6.24068
30.4525 -2.76062 -6.04144
30.4525 -2.76062 -5.8422
30.4525 -2.76062 -5.64297
30.4525 -2.76062 -5.44372
30.4525 -2.76062 -5.24449
30.4525 -2.76062 -5.04524
30.4525 -2.76062 -4.846
30.4525 -2.76062 -4.64677
30.4525 -2.76062 -4.44753
30.4525 -2.76062 -4.24829
30.4525 -2.76062 -4.04905
30.4525 -2.76062 -3.84981
30.4525 -2.76062 -3.65057
30.4525 -2.76062 -3.45133
30.4525 -2.76062 -3.25209
30.4525 -2.76062 -3.05285
30.4525 -2.76062 -2.85361
30.4525 -2.76062 -2.65438
30.4525 -2.76062 -2.45513
30.4525 -2.76062 -2.2559
30.4525 -2.76062 -2.05666
30.4525 -2.76062 -1.85741
30.4525 -2.76062 -1.65817
30.4525 -2.76062 -1.45894
30.4525 -2.76062 -1.2597
30.4525 -2.76062 -1.06046
30.4525 -2.76062 -0.86122
30.4525 -2.76062 -0.661978
30.4525 -2.76062 -0.46274
30.4525 -2.76062 -0.263503
30.4525 -2.76062 -0.0642648
30.4525 -2.76062 0.134977
30.4525 -2.76062 0.334215
30.4525 -2.76062 0.533453
30.4525 -2.76062 0.732694
30.4525 -2.76062 0.931932
30.4525 -2.76062 1.13118
30.4525 -2.76062 1.33042
30.4525 -2.76062 1.52965
30.4525 -2.76062 1.72889
30.4525 -2.76062 1.92813
30.4525 -2.76062 2.12737
30.4525 -2.76062 2.32661
30.4525 -2.76062 2.52585
30.4525 -2.76062 2.72509
30.4525 -2.76062 2.92433
30.4525 -2.76062 3.12356
30.4525 -2.76062 3.3228
30.4525 -2.76062 3.52205
30.4525 -2.76062 3.72128
30.4525 -2.76062 3.92052
30.4525 -2.76062 4.11976
30.4525 -2.76062 4.31901
30.4525 -2.76062 4.51824
30.4525 -2.76062 4.71748
30.4525 -2.76062 4.91672
30.4525 -2.76062 5.11596
30.4525 -2.76062 5.3152
30.4525 -2.76062 5.51444
30.4525 -2.76062 5.71367
30.4525 -2.76062 5.91292
30.4525 -2.76062 6.11216
30.4525 -2.76062 6.31139
30.4525 -2.76062 6.51063
30.4525 -2.76062 6.70987
30.4525 -2.76062 6.90911
30.4525 -2.76062 7.10835
30.4525 -2.76062 7.30759
30.4525 -2.76062 7.50683
30.4525 -2.76062 7.70608
30.4525 -2.76062 7.90531
30.4525 -2.76062 8.10455
30.4525 -2.76062 8.30379
30.4525 -2.76062 8.50303
30.4525 -2.76062 8.70227
30.4525 -2.76062 8.90151
30.4525 -2.76062 9.10074
30.4525 -2.76062 9.29999
30.4525 -2.76062 9.49922
30.4525 -2.76062 9.69846
30.4525 -2.76062 9.8977
30.4525 -2.76062 10.0969
30.4525 -2.76062 10.2962
30.4525 -2.76062 10.4954
30.4525 -2.76062 10.6947
30.4525 -2.76062 10.8939
30.4525 -2.76062 11.0931
30.4525 -2.76062 11.2924
30.4525 -2.76062 11.4916
30.4525 -2.76062 11.6909
30.4525 -2.76062 11.8901
30.4525 -2.76062 12.0893
30.4525 -2.76062 12.2886
30.4525 -2.76062 12.4878
30.4525 -2.76062 12.6871
30.4525 -2.76062 12.8863
30.4525 -2.76062 13.0855
30.4525 -2.76062 13.2848
30.4525 -2.76062 13.484
30.4525 -2.76062 13.6832
30.4525 -2.76062 13.8825
30.4525 -2.76062 14.0817
30.4525 -2.76062 14.281
30.4525 -2.76062 14.4802
30.4525 -2.76062 14.6794
30.4525 -2.76062 14.8787
30.4525 -2.76062 15.0779
30.4525 -2.76062 15.2772
30.4525 -2.76062 15.4764
30.4525 -2.76062 15.6756
30.4525 -2.76062 15.8749
30.4525 -2.76062 16.0741
30.4525 -2.76062 16.2734
30.4525 -2.76062 16.4726
30.4525 -2.76062 16.6718
30.4525 -2.76062 16.8711
30.4525 -2.76062 17.0703
30.4525 -2.76062 17.2696
30.4525 -2.76062 17.4688
30.4525 -2.76062 17.668
30.4525 -2.76062 17.8673
30.4525 -2.76062 18.0665
30.4525 -2.76062 18.2658
30.4525 -2.76062 18.465
30.4525 -2.76062 18.6642
30.4525 -2.76062 18.8635
30.4525 -2.76062 19.0627
30.4525 -2.76062 19.2619
30.4525 -2.76062 19.4612
30.4525 -2.76062 19.6604
30.4525 -2.76062 19.8597
30.4525 -2.76062 20.0589
30.4525 -2.76062 20.2581
30.4525 -2.76062 20.4574
30.4525 -2.76062 20.6566
30.4525 -2.76062 20.8559
30.4525 -2.76062 21.0551
30.4525 -2.76062 21.2543
30.4525 -2.76062 21.4536
30.4525 -2.76062 21.6528
30.4525 -2.76062 21.8521
30.4525 -2.76062 22.0513
30.4525 -2.76062 22.2505
30.4525 -2.76062 22.4498
30.4525 -2.76062 22.649
30.4525 -2.76062 22.8483
30.4525 -2.76062 23.0475
30.4525 -2.76062 23.2467
30.4525 -2.76062 23.446
30.4525 -2.76062 23.6452
30.4525 -2.76062 23.8444
30.4525 -2.76062 24.0437
30.4525 -2.76062 24.2429
30.4525 -2.76062 24.4422
30.4525 -2.76062 24.6414
30.4525 -2.76062 24.8407
30.4525 -2.76062 25.0399
30.4525 -2.76062 25.2391
30.4525 -2.76062 25.4384
30.4525 -2.76062 25.6376
30.4525 -2.76062 25.8369
30.4525 -2.76062 26.0361
30.4525 -2.76062 26.2353
30.4525 -2.76062 26.4346
30.4525 -2.76062 26.6338
30.4525 -2.76062 26.833
30.4525 -2.76062 27.0323
30.4525 -2.76062 27.2315
30.4525 -2.76062 27.4308
30.4525 -2.76062 27.63
30.4525 -2.76062 27.8292
30.4525 -2.76062 28.0285
30.4525 -2.76062 28.2277
30.4525 -2.76062 28.427
30.4525 -2.76062 28.6262
30.4525 -2.76062 28.8254
30.4525 -2.76062 29.0247
30.4525 -2.76062 29.2239
30.4525 -2.76062 29.4232
30.4525 -2.76062 29.6224
30.4525 -2.76062 29.8216
30.4525 -2.76062 30.0209
30.4525 -2.76062 30.2201
30.4525 -2.76062 30.4193
30.4525 -2.76062 30.6186
30.4525 -2.76062 30.8178
30.4525 -2.76062 31.0171
30.4525 -2.76062 31.2163
30.4525 -2.76062 31.4155
30.4525 -2.76062 31.6148
30.4525 -2.76062 31.814
30.4525 -2.76062 32.0133
30.4855 -2.75623 -39.3144
30.4855 -2.75623 -39.1152
30.4855 -2.75623 -38.9159
30.4855 -2.75623 -38.7167
30.4855 -2.75623 -38.5174
30.4855 -2.75623 -38.3182
30.4855 -2.75623 -38.119
30.4855 -2.75623 -37.9197
30.4855 -2.75623 -37.7205
30.4855 -2.75623 -37.5213
30.4855 -2.75623 -37.322
30.4855 -2.75623 -37.1228
30.4855 -2.75623 -36.9235
30.4855 -2.75623 -36.7243
30.4855 -2.75623 -36.5251
30.4855 -2.75623 -36.3258
30.4855 -2.75623 -36.1266
30.4855 -2.75623 -35.9273
30.4855 -2.75623 -35.7281
30.4855 -2.75623 -35.5289
30.4855 -2.75623 -35.3296
30.4855 -2.75623 -35.1304
30.4855 -2.75623 -34.9311
30.4855 -2.75623 -34.7319
30.4855 -2.75623 -34.5327
30.4855 -2.75623 -34.3334
30.4855 -2.75623 -34.1342
30.4855 -2.75623 -33.9349
30.4855 -2.75623 -33.7357
30.4855 -2.75623 -33.5365
30.4855 -2.75623 -33.3372
30.4855 -2.75623 -33.138
30.4855 -2.75623 -32.9387
30.4855 -2.75623 -32.7395
30.4855 -2.75623 -32.5403
30.4855 -2.75623 -32.341
30.4855 -2.75623 -32.1418
30.4855 -2.75623 -31.9426
30.4855 -2.75623 -31.7433
30.4855 -2.75623 -31.5441
30.4855 -2.75623 -31.3448
30.4855 -2.75623 -31.1456
30.4855 -2.75623 -30.9464
30.4855 -2.75623 -30.7471
30.4855 -2.75623 -30.5479
30.4855 -2.75623 -30.3486
30.4855 -2.75623 -30.1494
30.4855 -2.75623 -29.9502
30.4855 -2.75623 -29.7509
30.4855 -2.75623 -29.5517
30.4855 -2.75623 -29.3524
30.4855 -2.75623 -29.1532
30.4855 -2.75623 -28.954
30.4855 -2.75623 -28.7547
30.4855 -2.75623 -28.5555
30.4855 -2.75623 -28.3562
30.4855 -2.75623 -28.157
30.4855 -2.75623 -27.9578
30.4855 -2.75623 -27.7585
30.4855 -2.75623 -27.5593
30.4855 -2.75623 -27.36
30.4855 -2.75623 -27.1608
30.4855 -2.75623 -26.9616
30.4855 -2.75623 -26.7623
30.4855 -2.75623 -26.5631
30.4855 -2.75623 -26.3639
30.4855 -2.75623 -26.1646
30.4855 -2.75623 -25.9654
30.4855 -2.75623 -25.7661
30.4855 -2.75623 -25.5669
30.4855 -2.75623 -25.3677
30.4855 -2.75623 -25.1684
30.4855 -2.75623 -24.9692
30.4855 -2.75623 -24.7699
30.4855 -2.75623 -24.5707
30.4855 -2.75623 -24.3715
30.4855 -2.75623 -24.1722
30.4855 -2.75623 -23.973
30.4855 -2.75623 -23.7737
30.4855 -2.75623 -23.5745
30.4855 -2.75623 -23.3753
30.4855 -2.75623 -23.176
30.4855 -2.75623 -22.9768
30.4855 -2.75623 -22.7775
30.4855 -2.75623 -22.5783
30.4855 -2.75623 -22.3791
30.4855 -2.75623 -22.1798
30.4855 -2.75623 -21.9806
30.4855 -2.75623 -21.7813
30.4855 -2.75623 -21.5821
30.4855 -2.75623 -21.3829
30.4855 -2.75623 -21.1836
30.4855 -2.75623 -20.9844
30.4855 -2.75623 -20.7852
30.4855 -2.75623 -20.5859
30.4855 -2.75623 -20.3867
30.4855 -2.75623 -20.1874
30.4855 -2.75623 -19.9882
30.4855 -2.75623 -19.789
30.4855 -2.75623 -19.5897
30.4855 -2.75623 -19.3905
30.4855 -2.75623 -19.1912
30.4855 -2.75623 -18.992
30.4855 -2.75623 -18.7928
30.4855 -2.75623 -18.5935
30.4855 -2.75623 -18.3943
30.4855 -2.75623 -18.195
30.4855 -2.75623 -17.9958
30.4855 -2.75623 -17.7966
30.4855 -2.75623 -17.5973
30.4855 -2.75623 -17.3981
30.4855 -2.75623 -17.1988
30.4855 -2.75623 -16.9996
30.4855 -2.75623 -16.8004
30.4855 -2.75623 -16.6011
30.4855 -2.75623 -16.4019
30.4855 -2.75623 -16.2026
30.4855 -2.75623 -16.0034
30.4855 -2.75623 -15.8042
30.4855 -2.75623 -15.6049
30.4855 -2.75623 -15.4057
30.4855 -2.75623 -15.2064
30.4855 -2.75623 -15.0072
30.4855 -2.75623 -14.808
30.4855 -2.75623 -14.6087
30.4855 -2.75623 -14.4095
30.4855 -2.75623 -14.2102
30.4855 -2.75623 -14.011
30.4855 -2.75623 -13.8118
30.4855 -2.75623 -13.6125
30.4855 -2.75623 -13.4133
30.4855 -2.75623 -13.2141
30.4855 -2.75623 -13.0148
30.4855 -2.75623 -12.8156
30.4855 -2.75623 -12.6163
30.4855 -2.75623 -12.4171
30.4855 -2.75623 -12.2179
30.4855 -2.75623 -12.0186
30.4855 -2.75623 -11.8194
30.4855 -2.75623 -11.6201
30.4855 -2.75623 -11.4209
30.4855 -2.75623 -11.2217
30.4855 -2.75623 -11.0224
30.4855 -2.75623 -10.8232
30.4855 -2.75623 -10.6239
30.4855 -2.75623 -10.4247
30.4855 -2.75623 -10.2255
30.4855 -2.75623 -10.0262
30.4855 -2.75623 -9.82699
30.4855 -2.75623 -9.62775
30.4855 -2.75623 -9.42851
30.4855 -2.75623 -9.22927
30.4855 -2.75623 -9.03003
30.4855 -2.75623 -8.83079
30.4855 -2.75623 -8.63156
30.4855 -2.75623 -8.43231
30.4855 -2.75623 -8.23308
30.4855 -2.75623 -8.03383
30.4855 -2.75623 -7.83459
30.4855 -2.75623 -7.63536
30.4855 -2.75623 -7.43611
30.4855 -2.75623 -7.23688
30.4855 -2.75623 -7.03764
30.4855 -2.75623 -6.8384
30.4855 -2.75623 -6.63916
30.4855 -2.75623 -6.43992
30.4855 -2.75623 -6.24068
30.4855 -2.75623 -6.04144
30.4855 -2.75623 -5.8422
30.4855 -2.75623 -5.64297
30.4855 -2.75623 -5.44372
30.4855 -2.75623 -5.24449
30.4855 -2.75623 -5.04524
30.4855 -2.75623 -4.846
30.4855 -2.75623 -4.64677
30.4855 -2.75623 -4.44753
30.4855 -2.75623 -4.24829
30.4855 -2.75623 -4.04905
30.4855 -2.75623 -3.84981
30.4855 -2.75623 -3.65057
30.4855 -2.75623 -3.45133
30.4855 -2.75623 -3.25209
30.4855 -2.75623 -3.05285
30.4855 -2.75623 -2.85361
30.4855 -2.75623 -2.65438
30.4855 -2.75623 -2.45513
30.4855 -2.75623 -2.2559
30.4855 -2.75623 -2.05666
30.4855 -2.75623 -1.85741
30.4855 -2.75623 -1.65817
30.4855 -2.75623 -1.45894
30.4855 -2.75623 -1.2597
30.4855 -2.75623 -1.06046
30.4855 -2.75623 -0.86122
30.4855 -2.75623 -0.661978
30.4855 -2.75623 -0.46274
30.4855 -2.75623 -0.263503
30.4855 -2.75623 -0.0642648
30.4855 -2.75623 0.134977
30.4855 -2.75623 0.334215
30.4855 -2.75623 0.533453
30.4855 -2.75623 0.732694
30.4855 -2.75623 0.931932
30.4855 -2.75623 1.13118
30.4855 -2.75623 1.33042
30.4855 -2.75623 1.52965
30.4855 -2.75623 1.72889
30.4855 -2.75623 1.92813
30.4855 -2.75623 2.12737
30.4855 -2.75623 2.32661
30.4855 -2.75623 2.52585
30.4855 -2.75623 2.72509
30.4855 -2.75623 2.92433
30.4855 -2.75623 3.12356
30.4855 -2.75623 3.3228
30.4855 -2.75623 3.52205
30.4855 -2.75623 3.72128
30.4855 -2.75623 3.92052
30.4855 -2.75623 4.11976
30.4855 -2.75623 4.31901
30.4855 -2.75623 4.51824
30.4855 -2.75623 4.71748
30.4855 -2.75623 4.91672
30.4855 -2.75623 5.11596
30.4855 -2.75623 5.3152
30.4855 -2.75623 5.51444
30.4855 -2.75623 5.71367
30.4855 -2.75623 5.91292
30.4855 -2.75623 6.11216
30.4855 -2.75623 6.31139
30.4855 -2.75623 6.51063
30.4855 -2.75623 6.70987
30.4855 -2.75623 6.90911
30.4855 -2.75623 7.10835
30.4855 -2.75623 7.30759
30.4855 -2.75623 7.50683
30.4855 -2.75623 7.70608
30.4855 -2.75623 7.90531
30.4855 -2.75623 8.10455
30.4855 -2.75623 8.30379
30.4855 -2.75623 8.50303
30.4855 -2.75623 8.70227
30.4855 -2.75623 8.90151
30.4855 -2.75623 9.10074
30.4855 -2.75623 9.29999
30.4855 -2.75623 9.49922
30.4855 -2.75623 9.69846
30.4855 -2.75623 9.8977
30.4855 -2.75623 10.0969
30.4855 -2.75623 10.2962
30.4855 -2.75623 10.4954
30.4855 -2.75623 10.6947
30.4855 -2.75623 10.8939
30.4855 -2.75623 11.0931
30.4855 -2.75623 11.2924
30.4855 -2.75623 11.4916
30.4855 -2.75623 11.6909
30.4855 -2.75623 11.8901
30.4855 -2.75623 12.0893
30.4855 -2.75623 12.2886
30.4855 -2.75623 12.4878
30.4855 -2.75623 12.6871
30.4855 -2.75623 12.8863
30.4855 -2.75623 13.0855
30.4855 -2.75623 13.2848
30.4855 -2.75623 13.484
30.4855 -2.75623 13.6832
30.4855 -2.75623 13.8825
30.4855 -2.75623 14.0817
30.4855 -2.75623 14.281
30.4855 -2.75623 14.4802
30.4855 -2.75623 14.6794
30.4855 -2.75623 14.8787
30.4855 -2.75623 15.0779
30.4855 -2.75623 15.2772
30.4855 -2.75623 15.4764
30.4855 -2.75623 15.6756
30.4855 -2.75623 15.8749
30.4855 -2.75623 16.0741
30.4855 -2.75623 16.2734
30.4855 -2.75623 16.4726
30.4855 -2.75623 16.6718
30.4855 -2.75623 16.8711
30.4855 -2.75623 17.0703
30.4855 -2.75623 17.2696
30.4855 -2.75623 17.4688
30.4855 -2.75623 17.668
30.4855 -2.75623 17.8673
30.4855 -2.75623 18.0665
30.4855 -2.75623 18.2658
30.4855 -2.75623 18.465
30.4855 -2.75623 18.6642
30.4855 -2.75623 18.8635
30.4855 -2.75623 19.0627
30.4855 -2.75623 19.2619
30.4855 -2.75623 19.4612
30.4855 -2.75623 19.6604
30.4855 -2.75623 19.8597
30.4855 -2.75623 20.0589
30.4855 -2.75623 20.2581
30.4855 -2.75623 20.4574
30.4855 -2.75623 20.6566
30.4855 -2.75623 20.8559
30.4855 -2.75623 21.0551
30.4855 -2.75623 21.2543
30.4855 -2.75623 21.4536
30.4855 -2.75623 21.6528
30.4855 -2.75623 21.8521
30.4855 -2.75623 22.0513
30.4855 -2.75623 22.2505
30.4855 -2.75623 22.4498
30.4855 -2.75623 22.649
30.4855 -2.75623 22.8483
30.4855 -2.75623 23.0475
30.4855 -2.75623 23.2467
30.4855 -2.75623 23.446
30.4855 -2.75623 23.6452
30.4855 -2.75623 23.8444
30.4855 -2.75623 24.0437
30.4855 -2.75623 24.2429
30.4855 -2.75623 24.4422
30.4855 -2.75623 24.6414
30.4855 -2.75623 24.8407
30.4855 -2.75623 25.0399
30.4855 -2.75623 25.2391
30.4855 -2.75623 25.4384
30.4855 -2.75623 25.6376
30.4855 -2.75623 25.8369
30.4855 -2.75623 26.0361
30.4855 -2.75623 26.2353
30.4855 -2.75623 26.4346
30.4855 -2.75623 26.6338
30.4855 -2.75623 26.833
30.4855 -2.75623 27.0323
30.4855 -2.75623 27.2315
30.4855 -2.75623 27.4308
30.4855 -2.75623 27.63
30.4855 -2.75623 27.8292
30.4855 -2.75623 28.0285
30.4855 -2.75623 28.2277
30.4855 -2.75623 28.427
30.4855 -2.75623 28.6262
30.4855 -2.75623 28.8254
30.4855 -2.75623 29.0247
30.4855 -2.75623 29.2239
30.4855 -2.75623 29.4232
30.4855 -2.75623 29.6224
30.4855 -2.75623 29.8216
30.4855 -2.75623 30.0209
30.4855 -2.75623 30.2201
30.4855 -2.75623 30.4193
30.4855 -2.75623 30.6186
30.4855 -2.75623 30.8178
30.4855 -2.75623 31.0171
30.4855 -2.75623 31.2163
30.4855 -2.75623 31.4155
30.4855 -2.75623 31.6148
30.4855 -2.75623 31.814
25.9203 -3.36597 -39.5136
25.9203 -3.36597 -16.6493
25.9203 -3.36597 6.21512
30.4196 -2.76501 -16.6493
30.4196 -2.76501 6.21512
20.7344 -4.05859 -39.5136
20.7344 -4.05859 -26.4381
20.7344 -4.05859 -13.3626
20.7344 -4.05859 -0.287009
20.7344 -4.05859 12.7885
23.3274 -3.71228 -39.5136
23.3274 -3.71228 -26.4381
23.3274 -3.71228 -13.3626
23.3274 -3.71228 -0.287009
23.3274 -3.71228 12.7885
23.3274 -3.71228 25.8641
25.9203 -3.36597 -26.4381
25.9203 -3.36597 -13.3626
25.9203 -3.36597 -0.287009
25.9203 -3.36597 12.7885
15.2731 -4.78809 -39.5136
15.2731 -4.78809 -8.25398
20.7344 -4.05859 -8.25398
9.93713 -5.50085 -39.5136
9.93713 -5.50085 -9.79695
15.2731 -4.78809 -9.79695
3.34265 -6.38159 -39.5136
3.34265 -6.38159 -11.428
9.93713 -5.50085 -11.428
-2.10889 -7.10974 -39.5136
-2.10889 -7.10974 -12.9646
3.34265 -6.38159 -12.9646
-7.40063 -7.81665 -39.5136
-7.40063 -7.81665 -14.4705
-2.10889 -7.10974 -14.4705
-12.79 -8.53638 -39.5136
-12.79 -8.53638 -23.7898
-12.79 -8.53638 -8.06602
-10.0953 -8.17651 -39.5136
-10.0953 -8.17651 -23.7898
-10.0953 -8.17651 -8.06602
-10.0953 -8.17651 7.6578
-7.40063 -7.81665 -23.7898
-7.40063 -7.81665 -8.06602
-19.4753 -9.42932 -39.5136
-19.4753 -9.42932 -24.8449
-19.4753 -9.42932 -10.1761
-16.1326 -8.98291 -39.5136
-16.1326 -8.98291 -24.8449
-16.1326 -8.98291 -10.1761
-16.1326 -8.98291 4.49268
-12.79 -8.53638 -24.8449
-12.79 -8.53638 -10.1761
-24.493 -10.0995 -39.5136
-24.493 -10.0995 -18.9934
-19.4753 -9.42932 -18.9934
-30.058 -10.8429 -39.5136
-30.058 -10.8429 -20.5198
-24.493 -10.0995 -20.5198
-37.5828 -11.8479 -39.5136
-39.9264 -12.1609 -39.5136
-39.9264 -12.1609 -28.9407
-39.9264 -12.1609 -18.3678
-39.9264 -12.1609 -7.79483
-37.5828 -11.8479 -28.9407
-37.5828 -11.8479 -18.3678
27.1796 -49.1301 47.4645
27.1796 -49.1301 -39.5136
41.8107 -22.5718 -39.5136
41.8107 -22.5718 2.39116
48.2393 -10.9028 2.39116
48.2393 -10.9028 -39.5136
38.6312 -5.60962 -0.648219
48.2393 -10.9028 -0.648219
40.7374 -42.6271 50.4141
40.7374 -42.6271 47.4645
43.3088 -37.9596 50.4141
43.3088 -37.9596 47.4645
45.7996 -39.3318 50.4141
45.7996 -39.3318 47.4645
43.2283 -43.9993 47.4645
43.2283 -43.9993 50.4141
48.9547 -32.8579 47.4645
48.9547 -32.8579 52.8861
48.9547 -32.8579 50.1753
49.3676 -33.0853 52.8861
49.3676 -33.0853 50.1753
49.3676 -33.0853 47.4645
48.1434 -35.3077 47.4645
48.1434 -35.3077 52.8861
43.4509 -32.7225 47.4645
43.4509 -32.7225 52.8861
47.3591 -25.6284 52.8861
37.1687 -40.661 44.6954
37.1687 -40.661 47.4645
40.7374 -42.6271 44.6954
31.2636 -51.38 44.6954
31.2636 -51.38 47.4645
43.2283 -43.9993 44.6954
41.9828 -43.3132 44.6954
41.9828 -43.3132 50.4141
63.0029 -34.7085 -52.8861
63.0029 -34.7085 -35.7723
69.2948 -23.2875 -52.8861
69.2948 -23.2875 -35.7723
76.215 -10.7258 -52.8861
76.215 -10.7258 -35.7723
76.215 -10.7258 -47.1815
76.215 -10.7258 -41.4769
76.8268 -9.61523 -52.8861
76.8268 -9.61523 -47.1815
76.8268 -9.61523 -41.4769
76.8268 -9.61523 -35.7723
77.4388 -8.50464 -52.8861
77.4388 -8.50464 -47.1815
77.4388 -8.50464 -41.4769
77.4388 -8.50464 -35.7723
76.7062 -8.10107 -35.7723
76.7062 -8.10107 -38.2171
76.7062 -8.10107 -40.662
76.7062 -8.10107 -43.1068
76.7062 -8.10107 -45.5516
76.7062 -8.10107 -47.9964
76.7062 -8.10107 -50.4412
76.7062 -8.10107 -52.8861
77.0724 -8.30286 -35.7723
77.0724 -8.30286 -38.2171
77.0724 -8.30286 -40.662
77.0724 -8.30286 -43.1068
77.0724 -8.30286 -45.5516
77.0724 -8.30286 -47.9964
77.0724 -8.30286 -50.4412
77.0724 -8.30286 -52.8861
77.4388 -8.50464 -38.2171
77.4388 -8.50464 -40.662
77.4388 -8.50464 -43.1068
77.4388 -8.50464 -45.5516
77.4388 -8.50464 -47.9964
77.4388 -8.50464 -50.4412
72.553 -5.81311 -35.7723
72.553 -5.81311 -52.8861
70.3367 -4.59216 -44.3292
70.3367 -4.59216 -52.8861
72.553 -5.81311 -44.3292
56.0515 3.27771 -52.8861
46.4434 8.5708 7.84945
46.4434 8.5708 -22.5183
46.4434 8.5708 -52.8861
51.2474 5.92432 38.2172
51.2474 5.92432 7.84945
51.2474 5.92432 -22.5183
51.2474 5.92432 -52.8861
56.0515 3.27771 7.84945
56.0515 3.27771 -22.5183
38.3272 13.0421 -8.85216
38.3272 13.0421 -52.8861
46.4434 8.5708 -8.85216
34.5701 15.1119 10.7884
34.5701 15.1119 -10.4364
34.5701 15.1119 -31.6612
34.5701 15.1119 -52.8861
38.3272 13.0421 10.7884
38.3272 13.0421 -10.4364
38.3272 13.0421 -31.6612
-32.1103 51.8467 -52.8861
-47.6538 60.4098 -26.3179
-47.6538 60.4098 -52.8861
-48.567 60.9126 -26.3179
-48.567 60.9126 -31.6315
-48.567 60.9126 -36.9451
-48.567 60.9126 -42.2588
-48.567 60.9126 -47.5724
-48.567 60.9126 -52.8861
-47.6538 60.4098 -31.6315
-47.6538 60.4098 -36.9451
-47.6538 60.4098 -42.2588
-47.6538 60.4098 -47.5724
-54.6669 49.8401 -52.8861
-61.5604 37.3271 -52.8861
-63.0029 34.7087 -20.4987
-63.0029 34.7087 -36.6924
-63.0029 34.7087 -52.8861
-61.5604 37.3271 -36.6924
-69.4852 22.942 -52.8861
-66.2441 28.8254 -20.4987
-66.2441 28.8254 -52.8861
-77.4388 8.50476 -16.9632
-77.4388 8.50476 -52.8861
-69.6648 4.22205 -52.8861
-69.6648 4.22205 -16.9632
-61.8907 -0.0605469 -52.8861
-52.8024 -5.0675 -52.8861
-52.8024 -5.0675 -31.8834
-49.3478 -6.9707 -52.8861
-49.3478 -6.9707 -31.8834
-49.3478 -6.9707 -10.8807
-45.8933 -8.87378 -52.8861
-45.8933 -8.87378 -31.8834
-45.8933 -8.87378 -30.3404
-39.9264 -12.1609 -52.8861
-39.9264 -12.1609 -30.3404
-6.37341 -30.6455 -52.8861
-6.37341 -30.6455 -39.5136
27.1796 -49.1301 -52.8861
27.1796 -49.1301 -27.7984
27.1796 -49.1301 -2.7108
27.1796 -49.1301 22.3768
31.2636 -51.38 -52.8861
31.2636 -51.38 -27.7984
31.2636 -51.38 -2.7108
31.2636 -51.38 22.3768
31.2636 -51.38 -4.0953
41.4684 -57.002 -52.8861
41.4684 -57.002 -4.0953
48.567 -60.9126 -52.8861
48.567 -60.9126 -35.7723
34.2162 -46.0205 44.6954
36.366 -54.1909 44.6954
44.421 -51.6425 44.6954
44.5139 -41.6655 50.4141
42.0231 -40.2933 50.4141
48.2346 -33.8374 52.8861
47.6363 -33.5078 52.8861
24.7692 -31.0654 -52.8861
32.1315 -17.7013 -52.8861
39.4938 -4.33728 -52.8861
-7.3623 -13.3639 -52.8861
0 0.00012207 -52.8861
7.36237 13.3641 -52.8861
-39.4938 4.33752 -52.8861
-32.1315 17.7015 -52.8861
-24.7691 31.0656 -52.8861
55.785 -47.8107 -52.8861
4.81097 -36.807 -52.8861
-17.5578 -24.484 -52.8861
21.0881 -37.7473 -52.8861
40.835 -39.916 -52.8861
37.1537 -46.5981 -52.8861
19.2474 -41.0884 -52.8861
29.1209 -42.1727 -52.8861
35.3132 -49.939 -52.8861
27.2803 -45.5138 -52.8861
-11.0435 -20.046 -52.8861
8.70349 -22.2146 -52.8861
5.02228 -28.8966 -52.8861
-43.175 -2.34448 -52.8861
-23.428 -4.51331 -52.8861
-27.1092 -11.1952 -52.8861
-55.5594 13.1882 -52.8861
-59.2407 6.50635 -52.8861
-48.1971 26.5522 -52.8861
-35.8126 11.0195 -52.8861
-51.8784 19.8704 -52.8861
-56.23 30.9777 -52.8861
-50.0378 23.2112 -52.8861
-59.9112 24.2955 -52.8861
-58.0707 27.6366 -52.8861
-40.8348 39.9163 -52.8861
-28.4503 24.3835 -52.8861
-44.5161 33.2344 -52.8861
-52.5489 37.6595 -52.8861
-46.3566 29.8933 -52.8861
-54.3895 34.3186 -52.8861
-9.88342 39.6018 -52.8861
12.3433 27.3568 -52.8861
-21.088 37.7476 -52.8861
-37.1537 46.5984 -52.8861
-35.3131 49.9392 -52.8861
-45.1866 51.0236 -52.8861
-43.3459 54.3646 -52.8861
-42.4257 56.0352 -52.8861
-47.3624 56.5773 -52.8861
-46.4421 58.2479 -52.8861
-45.982 59.0831 -52.8861
-48.4503 59.3541 -52.8861
-47.9902 60.1895 -52.8861
11.0435 20.046 -52.8861
43.175 2.34473 -52.8861
23.4281 4.51343 -52.8861
27.1093 11.1954 -52.8861
28.9498 14.5365 -52.8861
45.0156 5.68567 -52.8861
35.1421 6.77002 -52.8861
36.9827 10.1111 -52.8861
55.5596 -13.188 -52.8861
59.2407 -6.5061 -52.8861
61.0813 -3.16504 -52.8861
67.2736 -10.9313 -52.8861
69.1141 -7.59045 -52.8861
70.0345 -5.9198 -52.8861
73.1306 -9.8031 -52.8861
74.0509 -8.13257 -52.8861
74.511 -7.29724 -52.8861
76.0591 -9.23889 -52.8861
76.5192 -8.40356 -52.8861
66.8141 -19.3883 -35.7723
68.6252 -20.3861 -35.7723
70.4953 -12.7064 -35.7723
72.3063 -13.704 -35.7723
73.2119 -14.2029 -35.7723
74.1469 -10.3629 -35.7723
75.0524 -10.8618 -35.7723
75.5051 -11.1112 -35.7723
75.9727 -9.19141 -35.7723
76.4255 -9.4408 -35.7723
55.785 -47.8107 -35.7723
65.0031 -18.3906 -35.7723
68.6843 -11.7086 -35.7723
59.6409 -24.0133 44.296
52.4706 -20.1263 44.296
45.025 -16.7372 44.296
54.2635 -16.8719 44.296
48.827 -18.1191 44.296
50.6199 -14.8647 44.296
51.5164 -13.2374 44.296
48.798 -13.861 44.296
49.6945 -12.2339 44.296
-39.8821 56.1282 -26.3179
-35.1603 46.3104 -26.3179
-51.6169 55.3763 -26.3179
-47.585 53.1553 -26.3179
-46.0295 55.9786 -26.3179
-49.6832 54.3113 -26.3179
-48.1277 57.1346 -26.3179
-31.5669 14.1788 -40.066
-34.2341 9.3374 -40.066
-40.0687 18.8624 -40.066
-42.7358 14.0212 -40.066
-35.5676 6.91687 -40.066
-44.0693 11.6006 -40.066
-38.4849 11.6794 -40.066
-39.8184 9.25867 -40.066
1.22992 33.4792 -40.066
-58.1136 43.5837 -23.4186
-61.7112 18.6593 -20.4987
-57.2945 25.6016 -20.4987
-59.3153 21.9333 -20.4987
-53.098 23.2897 -20.4987
-55.1189 19.6215 -20.4987
-56.1293 17.7875 -20.4987
-53.0206 18.4656 -20.4987
-54.0311 16.6315 -20.4987
-55.2736 29.2697 -20.4987
-61.491 27.9135 -20.4987
-59.4701 31.5815 -20.4987
-57.914 7.15796 -16.9632
-73.462 15.7234 -16.9632
-61.7112 18.6593 -16.9632
32.3768 1.57483 32.0133
31.4559 1.61401 32.0133
32.2792 -0.722778 32.0133
31.3583 -0.683594 32.0133
30.8978 -0.664062 32.0133
31.3094 -1.83252 32.0133
30.849 -1.81287 32.0133
30.6188 -1.8031 32.0133
30.8246 -2.38733 32.0133
30.5944 -2.37756 32.0133
30.4792 -2.37268 32.0133
30.5822 -2.66479 32.0133
30.467 -2.65991 32.0133
25.1626 2.30701 29.0795
24.4048 7.97998 29.0795
27.4036 14.1547 29.0795
30.9133 8.84924 29.0795
30.6665 3.04211 29.0795
-48.7827 2.23779 -13.8313
-57.914 7.15796 -13.8313
-53.3283 4.73877 -13.8313
-55.6465 6.0144 -13.8313
-51.2783 8.4646 -13.8313
-53.5965 9.74023 -13.8313
-54.7557 10.3779 -13.8313
-52.5715 11.6029 -13.8313
-53.7307 12.2408 -13.8313
24.7837 5.14343 25.8641
42.5372 1.48071 35.1817
39.71 3.27881 35.1817
37.5127 4.05969 35.1817
38.218 -0.919678 35.1817
36.0206 -0.138794 35.1817
34.922 0.251831 35.1817
35.2747 -2.23792 35.1817
34.176 -1.84741 35.1817
33.6266 -1.65234 35.1817
33.352 -1.55469 35.1817
33.4401 -2.17712 35.1817
33.1655 -2.07947 35.1817
34.3727 0.446899 35.1817
34.549 -0.797852 35.1817
33.9997 -0.602661 35.1817
36.4141 4.45007 35.1817
36.7667 1.96045 35.1817
35.6681 2.35083 35.1817
41.2021 7.47729 35.1817
39.0048 8.25818 35.1817
33.0281 -2.03064 35.1817
33.0722 -2.3418 35.1817
32.9349 -2.29297 35.1817
14.5154 0.884888 23.0057
13.7577 6.55798 23.0057
19.219 7.28735 23.0057
19.9767 1.61426 23.0057
8.80048 3.00867 19.9198
8.80048 3.00867 16.6576
-3.24542 1.39966 13.5844
2.20605 2.12793 13.5844
-42.4816 -1.15759 -10.8807
-48.7827 2.23779 -10.8807
-13.9266 -0.0269775 7.6578
-8.53723 0.692871 7.6578
52.4466 -3.26575 38.2172
47.3413 -1.16589 38.2172
49.7913 -2.51562 38.2172
45.3492 -4.78198 38.2172
47.7993 -6.13171 38.2172
42.5372 1.48071 38.2172
-20.6119 -0.9198 1.52681
-37.3514 -3.15576 -7.79483
-41.6625 -7.52283 -7.79483
-39.3976 -2.80383 -7.79483
-39.5247 -7.57971 -7.79483
-42.4816 -1.15759 -7.79483
-33.8204 -11.3453 -4.71145
-37.4286 -6.05322 -4.71145
-37.2744 -0.258301 -4.71145
-31.5734 0.503174 -4.71145
-30.8157 -5.16992 -4.71145
52.4466 -3.26575 40.8951
63.194 -0.657227 40.8951
15.8983 -30.707 -39.5136
21.2684 -20.9591 -39.5136
26.6387 -11.2111 -39.5136
-1.21375 -21.2799 -39.5136
4.15637 -11.5319 -39.5136
36.9337 -31.4244 -39.5136
32.0567 -40.2773 -39.5136
15.9953 -42.9686 -39.5136
4.81097 -36.807 -39.5136
-17.5578 -24.484 -39.5136
-28.7421 -18.3225 -39.5136
29.3237 -6.33716 -39.5136
18.0826 -6.49756 -39.5136
30.6663 -3.90002 -39.5136
25.0458 -3.98035 -39.5136
35.1947 -15.9247 -39.5136
37.8798 -11.0507 -39.5136
39.2223 -8.61365 -39.5136
33.6018 -8.69385 -39.5136
34.9443 -6.25696 -39.5136
31.002 -3.29089 -39.5136
29.5969 -3.31091 -39.5136
35.6156 -5.03845 -39.5136
32.8054 -5.07849 -39.5136
33.4766 -3.85999 -39.5136
29.9951 -5.11853 -39.5136
27.1848 -5.15869 -39.5136
27.856 -3.94031 -39.5136
27.9813 -8.77405 -39.5136
22.3607 -8.85425 -39.5136
23.7032 -6.41736 -39.5136
23.9536 -16.0851 -39.5136
12.7125 -16.2455 -39.5136
15.3975 -11.3716 -39.5136
31.1698 -2.98633 -39.5136
30.4672 -2.99622 -39.5136
32.4071 -3.27087 -39.5136
33.141 -4.46924 -39.5136
31.7358 -4.48926 -39.5136
32.0715 -3.88 -39.5136
34.273 -7.47534 -39.5136
31.4628 -7.5155 -39.5136
32.1341 -6.297 -39.5136
36.5372 -13.4875 -39.5136
30.9167 -13.5677 -39.5136
32.2592 -11.1309 -39.5136
29.8245 -25.6726 -39.5136
32.5096 -20.7986 -39.5136
30.5511 -2.84399 -39.5136
29.7646 -3.00635 -39.5136
30.8342 -3.59546 -39.5136
30.1316 -3.60559 -39.5136
30.2994 -3.3009 -39.5136
28.1917 -3.33093 -39.5136
30.3307 -4.5094 -39.5136
28.9255 -4.52942 -39.5136
29.2612 -3.92017 -39.5136
33.8123 -3.25073 -39.5136
32.7427 -2.6615 -39.5136
30.9024 -2.83899 -39.5136
31.0859 -3.13855 -39.5136
30.7346 -3.14355 -39.5136
30.8185 -2.99121 -39.5136
31.8724 -2.9762 -39.5136
32.2393 -3.57544 -39.5136
31.5367 -3.58545 -39.5136
31.7045 -3.28076 -39.5136
32.8267 -2.50928 -39.5136
33.2775 -2.95618 -39.5136
35.9512 -4.4292 -39.5136
34.5461 -4.44922 -39.5136
34.8817 -3.83997 -39.5136
39.8936 -7.39514 -39.5136
37.0834 -7.4353 -39.5136
37.7546 -6.21667 -39.5136
42.1578 -13.4075 -39.5136
43.5004 -10.9705 -39.5136
32.5749 -2.96619 -39.5136
32.0402 -2.67163 -39.5136
33.3614 -2.80383 -39.5136
33.0101 -2.80884 -39.5136
33.094 -2.65662 -39.5136
33.6445 -3.55542 -39.5136
32.9418 -3.56531 -39.5136
33.1096 -3.26074 -39.5136
32.9604 -2.58289 -39.5136
45.31 -41.7456 47.4645
49.0546 -34.9485 47.4645
45.405 -29.1755 47.4645
50.9269 -31.5499 47.4645
49.9907 -33.2491 47.4645
50.8765 -35.9521 47.4645
52.7487 -32.5535 47.4645
47.1823 -38.347 47.4645
45.3605 -37.3434 47.4645
49.5226 -34.0988 47.4645
48.5992 -34.6975 47.4645
49.0672 -33.8479 47.4645
51.8378 -32.0518 47.4645
51.8126 -34.2528 47.4645
49.9655 -35.4503 47.4645
50.9017 -33.751 47.4645
47.1318 -42.7493 47.4645
49.0041 -39.3506 47.4645
48.1185 -36.6478 47.4645
46.2714 -37.8452 47.4645
46.2966 -35.644 47.4645
47.2075 -36.1459 47.4645
53.9583 -34.3307 47.4645
51.7633 -38.3148 47.4645
49.5685 -42.299 47.4645
35.2003 -44.234 47.4645
33.232 -47.807 47.4645
29.6182 -44.7037 47.4645
32.0567 -40.2773 47.4645
34.4952 -35.851 47.4645
36.9337 -31.4244 47.4645
39.3723 -26.9982 47.4645
44.585 -24.1001 47.4645
48.5317 -29.0513 52.8861
49.7283 -29.7104 52.8861
47.1371 -31.5829 52.8861
48.3336 -32.2421 52.8861
63.1288 -17.6801 -35.7723
70.3367 -4.59216 -35.7723
70.3367 -4.59216 40.8951
56.1531 -30.3466 44.296
63.1288 -17.6801 44.296
47.3735 -46.2831 47.4645
56.1531 -30.3466 47.4645
41.4684 -57.002 44.6954
41.4684 -57.002 44.6954
47.3735 -46.2831 44.6954
41.8107 -22.5718 47.4645
41.8107 -22.5718 47.4645
41.8107 -22.5718 44.296
47.3591 -25.6284 47.4645
47.3591 -25.6284 47.4645
-54.6669 49.8401 -23.4186
-54.6669 49.8401 -26.3179
-38.2103 40.7739 -26.3179
-38.2103 40.7739 -40.066
-32.1103 51.8467 -40.066
-32.1103 51.8467 -26.3179
-32.1103 51.8467 -26.3179
-45.1037 28.2611 -40.066
-45.1037 28.2611 -40.066
-45.1037 28.2611 -23.4186
-53.0286 13.876 -40.066
-53.0286 13.876 -40.066
-53.0286 13.876 -13.8313
-44.7632 9.54309 -13.8313
-44.7632 9.54309 -13.8313
-44.7632 9.54309 -40.066
-44.7632 9.54309 -10.8807
-39.0701 6.55872 -10.8807
-39.0701 6.55872 -7.79483
-37.1202 5.5365 -7.79483
-37.1202 5.5365 -40.066
-37.1202 5.5365 -4.71145
-37.1202 5.5365 -4.71145
-32.3312 6.17615 -4.71145
-32.3312 6.17615 -4.71145
-32.3312 6.17615 -40.066
-32.3312 6.17615 -1.5259
-26.7662 6.91943 -1.5259
-21.7485 7.5896 1.52681
-15.0632 8.48254 7.6578
-9.67377 9.20251 7.6578
-4.38202 9.9093 13.5844
1.06946 10.6375 13.5844
1.06946 10.6375 -40.066
1.06946 10.6375 16.6576
7.66388 11.5182 16.6576
7.66388 11.5182 16.6576
7.66388 11.5182 -40.066
7.66388 11.5182 19.9198
12.9999 12.231 23.0057
18.4612 12.9603 23.0057
23.6471 13.653 25.8641
23.6471 13.653 29.0795
23.6471 13.653 29.0795
31.1602 14.6566 29.0795
31.1602 14.6566 29.0795
31.1602 14.6566 -40.066
31.1602 14.6566 32.0133
34.5701 15.1119 32.0133
34.5701 15.1119 -40.066
34.5701 15.1119 -40.066
-61.5604 37.3271 -23.4186
-61.5604 37.3271 -23.4186
-69.4852 22.942 -16.9632
-69.4852 22.942 -16.9632
-69.4852 22.942 -20.4987
-69.4852 22.942 -20.4987
-53.9373 14.3766 -16.9632
-53.9373 14.3766 -16.9632
-53.9373 14.3766 -20.4987
-53.9373 14.3766 -13.8313
-61.8907 -0.0605469 -13.8313
-61.8907 -0.0605469 -16.9632
30.4196 -2.76501 32.0133
30.4196 -2.76501 29.0795
-52.8024 -5.0675 -10.8807
-52.8024 -5.0675 -10.8807
-52.8024 -5.0675 -13.8313
25.9203 -3.36597 29.0795
25.9203 -3.36597 25.8641
25.9203 -3.36597 25.8641
38.6312 -5.60962 38.2172
38.6312 -5.60962 35.1817
46.4434 8.5708 38.2172
46.4434 8.5708 38.2172
46.4434 8.5708 35.1817
20.7344 -4.05859 25.8641
20.7344 -4.05859 23.0057
15.2731 -4.78809 23.0057
9.93713 -5.50085 19.9198
9.93713 -5.50085 16.6576
3.34265 -6.38159 13.5844
-2.10889 -7.10974 13.5844
-45.8933 -8.87378 -7.79483
-45.8933 -8.87378 -10.8807
-45.8933 -8.87378 -10.8807
-7.40063 -7.81665 7.6578
-7.40063 -7.81665 7.6578
48.2393 -10.9028 44.296
48.8417 -9.80933 38.2172
48.8417 -9.80933 40.8951
56.0515 3.27771 40.8951
56.0515 3.27771 40.8951
56.0515 3.27771 38.2172
56.0515 3.27771 38.2172
-12.79 -8.53638 7.6578
-12.79 -8.53638 7.6578
-12.79 -8.53638 4.49268
-19.4753 -9.42932 4.49268
-19.4753 -9.42932 1.52681
-24.493 -10.0995 -1.5259
-37.5828 -11.8479 -4.71145
-37.5828 -11.8479 -4.71145
-37.5828 -11.8479 -7.79483
-30.058 -10.8429 -1.5259
-30.058 -10.8429 -4.71145
-30.058 -10.8429 -4.71145
32.8728 -2.43738 -2.16595
30.4855 -2.75623 -39.5136
30.4855 -2.75623 32.0133
30.4196 -2.76501 -39.5136
25.9203 -3.36597 -39.5136
20.7344 -4.05859 -39.5136
-7.40063 -7.81665 -39.5136
-12.79 -8.53638 -39.5136
-12.79 -8.53638 -39.5136
-19.4753 -9.42932 -39.5136
-39.9264 -12.1609 -39.5136
27.1796 -49.1301 47.4645
27.1796 -49.1301 -39.5136
27.1796 -49.1301 -39.5136
41.8107 -22.5718 -39.5136
40.7374 -42.6271 50.4141
40.7374 -42.6271 50.4141
43.2283 -43.9993 50.4141
43.2283 -43.9993 50.4141
40.7374 -42.6271 44.6954
31.2636 -51.38 44.6954
31.2636 -51.38 44.6954
31.2636 -51.38 47.4645
43.2283 -43.9993 44.6954
76.215 -10.7258 -52.8861
76.215 -10.7258 -35.7723
77.4388 -8.50464 -52.8861
77.4388 -8.50464 -52.8861
77.4388 -8.50464 -35.7723
77.4388 -8.50464 -35.7723
76.7062 -8.10107 -35.7723
76.7062 -8.10107 -52.8861
56.0515 3.27771 -52.8861
46.4434 8.5708 -52.8861
34.5701 15.1119 -52.8861
-32.1103 51.8467 -52.8861
-47.6538 60.4098 -26.3179
-48.567 60.9126 -26.3179
-63.0029 34.7087 -20.4987
-63.0029 34.7087 -52.8861
-69.4852 22.942 -52.8861
-61.8907 -0.0605469 -52.8861
-52.8024 -5.0675 -52.8861
-45.8933 -8.87378 -52.8861
-39.9264 -12.1609 -52.8861
-6.37341 -30.6455 -39.5136
27.1796 -49.1301 -52.8861
3  4 1 0  0 128 128
3  4 0 3  0 128 128
3  5 2 1  0 128 128
3  5 1 4  0 128 128
3  7 4 3  0 128 128
3  7 3 6  0 128 128
3  8 5 4  0 128 128
3  8 4 7  0 128 128
3  11 10 9  0 128 128
3  11 9 2382  0 128 128
3  14 13 12  0 128 128
3  14 12 9  0 128 128
3  18 16 15  0 128 128
3  18 15 12  0 128 128
3  19 17 16  0 128 128
3  19 16 18  0 128 128
3  23 21 20  255 64 128
3  23 20 22  255 64 128
3  27 25 24  64 255 64
3  27 24 26  64 255 64
3  26 29 28  0 192 0
3  26 28 27  0 192 0
3  2385 28 30  255 64 128
3  2385 30 2388  255 64 128
3  34 32 31  64 64 255
3  34 31 33  64 64 255
3  36 34 33  64 64 255
3  36 33 35  64 64 255
3  39 2399 37  173 216 230
3  39 37 38  173 216 230
3  43 41 40  173 216 230
3  43 40 42  173 216 230
3  35 43 42  173 216 230
3  35 42 2400  173 216 230
3  47 45 44  173 216 230
3  47 44 46  173 216 230
3  48 47 46  173 216 230
3  48 46 2404  173 216 230
3  51 2407 49  255 128 64
3  51 49 50  255 128 64
3  53 51 50  255 128 64
3  53 50 52  255 128 64
3  56 2412 54  255 128 64
3  56 54 55  255 128 64
3  61 58 57  255 128 64
3  61 57 60  255 128 64
3  62 59 58  255 128 64
3  62 58 61  255 128 64
3  63 56 59  255 128 64
3  63 59 62  255 128 64
3  68 65 64  128 128 0
3  68 64 67  128 128 0
3  69 66 65  128 128 0
3  69 65 68  128 128 0
3  70 2417 66  128 128 0
3  70 66 69  128 128 0
3  72 68 67  128 128 0
3  72 67 71  128 128 0
3  73 69 68  128 128 0
3  73 68 72  128 128 0
3  74 70 69  128 128 0
3  74 69 73  128 128 0
3  78 76 75  128 128 0
3  78 75 77  128 128 0
3  79 2422 76  128 128 0
3  79 76 78  128 128 0
3  83 81 80  128 128 0
3  83 80 82  128 128 0
3  84 79 81  128 128 0
3  84 81 83  128 128 0
3  88 86 85  128 128 0
3  88 85 87  128 128 0
3  89 84 86  128 128 0
3  89 86 88  128 128 0
3  93 91 90  128 128 0
3  93 90 92  128 128 0
3  94 89 91  128 128 0
3  94 91 93  128 128 0
3  98 96 95  128 128 0
3  98 95 97  128 128 0
3  99 94 96  128 128 0
3  99 96 98  128 128 0
3  103 101 100  128 128 0
3  103 100 102  128 128 0
3  104 99 101  128 128 0
3  104 101 103  128 128 0
3  109 106 105  128 128 0
3  109 105 108  128 128 0
3  110 107 106  128 128 0
3  110 106 109  128 128 0
3  111 2430 107  128 128 0
3  111 107 110  128 128 0
3  113 109 108  128 128 0
3  113 108 112  128 128 0
3  114 110 109  128 128 0
3  114 109 113  128 128 0
3  115 111 110  128 128 0
3  115 110 114  128 128 0
3  119 117 116  128 128 0
3  119 116 118  128 128 0
3  120 2434 117  128 128 0
3  120 117 119  128 128 0
3  124 122 121  128 128 0
3  124 121 123  128 128 0
3  125 120 122  128 128 0
3  125 122 124  128 128 0
3  130 127 126  128 128 0
3  130 126 129  128 128 0
3  131 128 127  128 128 0
3  131 127 130  128 128 0
3  132 125 128  128 128 0
3  132 128 131  128 128 0
3  136 134 133  128 128 0
3  136 133 135  128 128 0
3  137 132 134  128 128 0
3  137 134 136  128 128 0
3  146 139 138  128 128 0
3  146 138 145  128 128 0
3  147 140 139  128 128 0
3  147 139 146  128 128 0
3  148 141 140  128 128 0
3  148 140 147  128 128 0
3  149 142 141  128 128 0
3  149 141 148  128 128 0
3  150 143 142  128 128 0
3  150 142 149  128 128 0
3  151 144 143  128 128 0
3  151 143 150  128 128 0
3  152 2443 144  128 128 0
3  152 144 151  128 128 0
3  154 146 145  128 128 0
3  154 145 153  128 128 0
3  155 147 146  128 128 0
3  155 146 154  128 128 0
3  156 148 147  128 128 0
3  156 147 155  128 128 0
3  157 149 148  128 128 0
3  157 148 156  128 128 0
3  158 150 149  128 128 0
3  158 149 157  128 128 0
3  159 151 150  128 128 0
3  159 150 158  128 128 0
3  160 152 151  128 128 0
3  160 151 159  128 128 0
3  164 162 161  192 0 192
3  164 161 163  192 0 192
3  2406 164 163  192 0 192
3  2406 163 48  192 0 192
3  168 166 165  128 128 255
3  168 165 167  128 128 255
3  171 170 169  128 128 255
3  171 169 2409  128 128 255
3  45 2456 170  128 128 255
3  45 170 171  128 128 255
3  2454 173 172  255 128 255
3  2454 172 2457  255 128 255
3  177 175 174  192 0 0
3  177 174 176  192 0 0
3  179 177 176  192 0 0
3  179 176 178  192 0 0
3  183 181 180  255 64 255
3  183 180 182  255 64 255
3  2441 183 182  255 64 255
3  2441 182 2444  255 64 255
3  2410 185 184  0 192 192
3  2410 184 2413  0 192 192
3  2438 187 186  64 128 255
3  2438 186 2439  64 128 255
3  191 189 188  255 128 255
3  191 188 190  255 128 255
3  195 193 192  128 0 255
3  195 192 194  128 0 255
3  2437 195 194  128 0 255
3  2437 194 126  128 0 255
3  199 197 196  176 196 222
3  199 196 198  176 196 222
3  118 199 198  176 196 222
3  118 198 2436  176 196 222
3  2432 201 200  128 255 128
3  2432 200 2435  128 255 128
3  2429 203 202  245 222 179
3  2429 202 2431  245 222 179
3  97 205 204  0 255 0
3  97 204 2428  0 255 0
3  2414 207 206  255 64 64
3  2414 206 2415  255 64 64
3  2427 209 208  255 255 0
3  2427 208 95  255 255 0
3  213 211 210  255 165 0
3  213 210 212  255 165 0
3  216 2486 214  255 165 0
3  216 214 215  255 165 0
3  87 218 217  0 255 255
3  87 217 2426  0 255 255
3  2425 220 219  128 0 128
3  2425 219 85  128 0 128
3  224 222 221  255 255 128
3  224 221 223  255 255 128
3  2424 224 223  255 255 128
3  2424 223 80  255 255 128
3  2416 226 225  128 64 255
3  2416 225 2418  128 64 255
3  230 228 227  0 128 64
3  230 227 229  0 128 64
3  2420 230 229  0 128 64
3  2420 229 2423  0 128 64
3  232 2487 212  192 192 0
3  232 212 231  192 192 0
3  2 232 231  192 192 0
3  2 231 2386  192 192 0
3  237 234 233  255 128 0
3  237 233 236  255 128 0
3  2469 235 234  255 128 0
3  2469 234 237  255 128 0
3  490 239 238  255 255 0
3  490 238 233  255 255 0
3  491 240 239  255 255 0
3  491 239 490  255 255 0
3  492 241 240  255 255 0
3  492 240 491  255 255 0
3  493 242 241  255 255 0
3  493 241 492  255 255 0
3  494 243 242  255 255 0
3  494 242 493  255 255 0
3  495 244 243  255 255 0
3  495 243 494  255 255 0
3  496 245 244  255 255 0
3  496 244 495  255 255 0
3  497 246 245  255 255 0
3  497 245 496  255 255 0
3  498 247 246  255 255 0
3  498 246 497  255 255 0
3  499 248 247  255 255 0
3  499 247 498  255 255 0
3  500 249 248  255 255 0
3  500 248 499  255 255 0
3  501 250 249  255 255 0
3  501 249 500  255 255 0
3  502 251 250  255 255 0
3  502 250 501  255 255 0
3  503 252 251  255 255 0
3  503 251 502  255 255 0
3  504 253 252  255 255 0
3  504 252 503  255 255 0
3  505 254 253  255 255 0
3  505 253 504  255 255 0
3  506 255 254  255 255 0
3  506 254 505  255 255 0
3  507 256 255  255 255 0
3  507 255 506  255 255 0
3  508 257 256  255 255 0
3  508 256 507  255 255 0
3  509 258 257  255 255 0
3  509 257 508  255 255 0
3  510 259 258  255 255 0
3  510 258 509  255 255 0
3  511 260 259  255 255 0
3  511 259 510  255 255 0
3  512 261 260  255 255 0
3  512 260 511  255 255 0
3  513 262 261  255 255 0
3  513 261 512  255 255 0
3  514 263 262  255 255 0
3  514 262 513  255 255 0
3  515 264 263  255 255 0
3  515 263 514  255 255 0
3  516 265 264  255 255 0
3  516 264 515  255 255 0
3  517 266 265  255 255 0
3  517 265 516  255 255 0
3  518 267 266  255 255 0
3  518 266 517  255 255 0
3  519 268 267  255 255 0
3  519 267 518  255 255 0
3  520 269 268  255 255 0
3  520 268 519  255 255 0
3  521 270 269  255 255 0
3  521 269 520  255 255 0
3  522 271 270  255 255 0
3  522 270 521  255 255 0
3  523 272 271  255 255 0
3  523 271 522  255 255 0
3  524 273 272  255 255 0
3  524 272 523  255 255 0
3  525 274 273  255 255 0
3  525 273 524  255 255 0
3  526 275 274  255 255 0
3  526 274 525  255 255 0
3  527 276 275  255 255 0
3  527 275 526  255 255 0
3  528 277 276  255 255 0
3  528 276 527  255 255 0
3  529 278 277  255 255 0
3  529 277 528  255 255 0
3  530 279 278  255 255 0
3  530 278 529  255 255 0
3  531 280 279  255 255 0
3  531 279 530  255 255 0
3  532 281 280  255 255 0
3  532 280 531  255 255 0
3  533 282 281  255 255 0
3  533 281 532  255 255 0
3  534 283 282  255 255 0
3  534 282 533  255 255 0
3  535 284 283  255 255 0
3  535 283 534  255 255 0
3  536 285 284  255 255 0
3  536 284 535  255 255 0
3  537 286 285  255 255 0
3  537 285 536  255 255 0
3  538 287 286  255 255 0
3  538 286 537  255 255 0
3  539 288 287  255 255 0
3  539 287 538  255 255 0
3  540 289 288  255 255 0
3  540 288 539  255 255 0
3  541 290 289  255 255 0
3  541 289 540  255 255 0
3  542 291 290  255 255 0
3  542 290 541  255 255 0
3  543 292 291  255 255 0
3  543 291 542  255 255 0
3  544 293 292  255 255 0
3  544 292 543  255 255 0
3  545 294 293  255 255 0
3  545 293 544  255 255 0
3  546 295 294  255 255 0
3  546 294 545  255 255 0
3  547 296 295  255 255 0
3  547 295 546  255 255 0
3  548 297 296  255 255 0
3  548 296 547  255 255 0
3  549 298 297  255 255 0
3  549 297 548  255 255 0
3  550 299 298  255 255 0
3  550 298 549  255 255 0
3  551 300 299  255 255 0
3  551 299 550  255 255 0
3  552 301 300  255 255 0
3  552 300 551  255 255 0
3  553 302 301  255 255 0
3  553 301 552  255 255 0
3  554 303 302  255 255 0
3  554 302 553  255 255 0
3  555 304 303  255 255 0
3  555 303 554  255 255 0
3  556 305 304  255 255 0
3  556 304 555  255 255 0
3  557 306 305  255 255 0
3  557 305 556  255 255 0
3  558 307 306  255 255 0
3  558 306 557  255 255 0
3  559 308 307  255 255 0
3  559 307 558  255 255 0
3  560 309 308  255 255 0
3  560 308 559  255 255 0
3  561 310 309  255 255 0
3  561 309 560  255 255 0
3  562 311 310  255 255 0
3  562 310 561  255 255 0
3  563 312 311  255 255 0
3  563 311 562  255 255 0
3  564 313 312  255 255 0
3  564 312 563  255 255 0
3  565 314 313  255 255 0
3  565 313 564  255 255 0
3  566 315 314  255 255 0
3  566 314 565  255 255 0
3  567 316 315  255 255 0
3  567 315 566  255 255 0
3  568 317 316  255 255 0
3  568 316 567  255 255 0
3  569 318 317  255 255 0
3  569 317 568  255 255 0
3  570 319 318  255 255 0
3  570 318 569  255 255 0
3  571 320 319  255 255 0
3  571 319 570  255 255 0
3  572 321 320  255 255 0
3  572 320 571  255 255 0
3  573 322 321  255 255 0
3  573 321 572  255 255 0
3  574 323 322  255 255 0
3  574 322 573  255 255 0
3  575 324 323  255 255 0
3  575 323 574  255 255 0
3  576 325 324  255 255 0
3  576 324 575  255 255 0
3  577 326 325  255 255 0
3  577 325 576  255 255 0
3  578 327 326  255 255 0
3  578 326 577  255 255 0
3  579 328 327  255 255 0
3  579 327 578  255 255 0
3  580 329 328  255 255 0
3  580 328 579  255 255 0
3  581 330 329  255 255 0
3  581 329 580  255 255 0
3  582 331 330  255 255 0
3  582 330 581  255 255 0
3  583 332 331  255 255 0
3  583 331 582  255 255 0
3  584 333 332  255 255 0
3  584 332 583  255 255 0
3  585 334 333  255 255 0
3  585 333 584  255 255 0
3  586 335 334  255 255 0
3  586 334 585  255 255 0
3  587 336 335  255 255 0
3  587 335 586  255 255 0
3  588 337 336  255 255 0
3  588 336 587  255 255 0
3  589 338 337  255 255 0
3  589 337 588  255 255 0
3  590 339 338  255 255 0
3  590 338 589  255 255 0
3  591 340 339  255 255 0
3  591 339 590  255 255 0
3  592 341 340  255 255 0
3  592 340 591  255 255 0
3  593 342 341  255 255 0
3  593 341 592  255 255 0
3  594 343 342  255 255 0
3  594 342 593  255 255 0
3  595 344 343  255 255 0
3  595 343 594  255 255 0
3  596 345 344  255 255 0
3  596 344 595  255 255 0
3  597 346 345  255 255 0
3  597 345 596  255 255 0
3  598 347 346  255 255 0
3  598 346 597  255 255 0
3  599 348 347  255 255 0
3  599 347 598  255 255 0
3  600 349 348  255 255 0
3  600 348 599  255 255 0
3  601 350 349  255 255 0
3  601 349 600  255 255 0
3  602 351 350  255 255 0
3  602 350 601  255 255 0
3  603 352 351  255 255 0
3  603 351 602  255 255 0
3  604 353 352  255 255 0
3  604 352 603  255 255 0
3  605 354 353  255 255 0
3  605 353 604  255 255 0
3  606 355 354  255 255 0
3  606 354 605  255 255 0
3  607 356 355  255 255 0
3  607 355 606  255 255 0
3  608 357 356  255 255 0
3  608 356 607  255 255 0
3  609 358 357  255 255 0
3  609 357 608  255 255 0
3  610 359 358  255 255 0
3  610 358 609  255 255 0
3  611 360 359  255 255 0
3  611 359 610  255 255 0
3  612 361 360  255 255 0
3  612 360 611  255 255 0
3  613 362 361  255 255 0
3  613 361 612  255 255 0
3  614 363 362  255 255 0
3  614 362 613  255 255 0
3  2504 364 363  255 255 0
3  2504 363 614  255 255 0
3  615 365 364  255 255 0
3  615 364 2504  255 255 0
3  616 366 365  255 255 0
3  616 365 615  255 255 0
3  617 367 366  255 255 0
3  617 366 616  255 255 0
3  618 368 367  255 255 0
3  618 367 617  255 255 0
3  619 369 368  255 255 0
3  619 368 618  255 255 0
3  620 370 369  255 255 0
3  620 369 619  255 255 0
3  621 371 370  255 255 0
3  621 370 620  255 255 0
3  622 372 371  255 255 0
3  622 371 621  255 255 0
3  623 373 372  255 255 0
3  623 372 622  255 255 0
3  624 374 373  255 255 0
3  624 373 623  255 255 0
3  625 375 374  255 255 0
3  625 374 624  255 255 0
3  626 376 375  255 255 0
3  626 375 625  255 255 0
3  627 377 376  255 255 0
3  627 376 626  255 255 0
3  628 378 377  255 255 0
3  628 377 627  255 255 0
3  629 379 378  255 255 0
3  629 378 628  255 255 0
3  630 380 379  255 255 0
3  630 379 629  255 255 0
3  631 381 380  255 255 0
3  631 380 630  255 255 0
3  632 382 381  255 255 0
3  632 381 631  255 255 0
3  633 383 382  255 255 0
3  633 382 632  255 255 0
3  634 384 383  255 255 0
3  634 383 633  255 255 0
3  635 385 384  255 255 0
3  635 384 634  255 255 0
3  636 386 385  255 255 0
3  636 385 635  255 255 0
3  637 387 386  255 255 0
3  637 386 636  255 255 0
3  638 388 387  255 255 0
3  638 387 637  255 255 0
3  639 389 388  255 255 0
3  639 388 638  255 255 0
3  640 390 389  255 255 0
3  640 389 639  255 255 0
3  641 391 390  255 255 0
3  641 390 640  255 255 0
3  642 392 391  255 255 0
3  642 391 641  255 255 0
3  643 393 392  255 255 0
3  643 392 642  255 255 0
3  644 394 393  255 255 0
3  644 393 643  255 255 0
3  645 395 394  255 255 0
3  645 394 644  255 255 0
3  646 396 395  255 255 0
3  646 395 645  255 255 0
3  647 397 396  255 255 0
3  647 396 646  255 255 0
3  648 398 397  255 255 0
3  648 397 647  255 255 0
3  649 399 398  255 255 0
3  649 398 648  255 255 0
3  650 400 399  255 255 0
3  650 399 649  255 255 0
3  651 401 400  255 255 0
3  651 400 650  255 255 0
3  652 402 401  255 255 0
3  652 401 651  255 255 0
3  653 403 402  255 255 0
3  653 402 652  255 255 0
3  654 404 403  255 255 0
3  654 403 653  255 255 0
3  655 405 404  255 255 0
3  655 404 654  255 255 0
3  656 406 405  255 255 0
3  656 405 655  255 255 0
3  657 407 406  255 255 0
3  657 406 656  255 255 0
3  658 408 407  255 255 0
3  658 407 657  255 255 0
3  659 409 408  255 255 0
3  659 408 658  255 255 0
3  660 410 409  255 255 0
3  660 409 659  255 255 0
3  661 411 410  255 255 0
3  661 410 660  255 255 0
3  662 412 411  255 255 0
3  662 411 661  255 255 0
3  663 413 412  255 255 0
3  663 412 662  255 255 0
3  664 414 413  255 255 0
3  664 413 663  255 255 0
3  665 415 414  255 255 0
3  665 414 664  255 255 0
3  666 416 415  255 255 0
3  666 415 665  255 255 0
3  667 417 416  255 255 0
3  667 416 666  255 255 0
3  668 418 417  255 255 0
3  668 417 667  255 255 0
3  669 419 418  255 255 0
3  669 418 668  255 255 0
3  670 420 419  255 255 0
3  670 419 669  255 255 0
3  671 421 420  255 255 0
3  671 420 670  255 255 0
3  672 422 421  255 255 0
3  672 421 671  255 255 0
3  673 423 422  255 255 0
3  673 422 672  255 255 0
3  674 424 423  255 255 0
3  674 423 673  255 255 0
3  675 425 424  255 255 0
3  675 424 674  255 255 0
3  676 426 425  255 255 0
3  676 425 675  255 255 0
3  677 427 426  255 255 0
3  677 426 676  255 255 0
3  678 428 427  255 255 0
3  678 427 677  255 255 0
3  679 429 428  255 255 0
3  679 428 678  255 255 0
3  680 430 429  255 255 0
3  680 429 679  255 255 0
3  681 431 430  255 255 0
3  681 430 680  255 255 0
3  682 432 431  255 255 0
3  682 431 681  255 255 0
3  683 433 432  255 255 0
3  683 432 682  255 255 0
3  684 434 433  255 255 0
3  684 433 683  255 255 0
3  685 435 434  255 255 0
3  685 434 684  255 255 0
3  686 436 435  255 255 0
3  686 435 685  255 255 0
3  687 437 436  255 255 0
3  687 436 686  255 255 0
3  688 438 437  255 255 0
3  688 437 687  255 255 0
3  689 439 438  255 255 0
3  689 438 688  255 255 0
3  690 440 439  255 255 0
3  690 439 689  255 255 0
3  691 441 440  255 255 0
3  691 440 690  255 255 0
3  692 442 441  255 255 0
3  692 441 691  255 255 0
3  693 443 442  255 255 0
3  693 442 692  255 255 0
3  694 444 443  255 255 0
3  694 443 693  255 255 0
3  695 445 444  255 255 0
3  695 444 694  255 255 0
3  696 446 445  255 255 0
3  696 445 695  255 255 0
3  697 447 446  255 255 0
3  697 446 696  255 255 0
3  698 448 447  255 255 0
3  698 447 697  255 255 0
3  699 449 448  255 255 0
3  699 448 698  255 255 0
3  700 450 449  255 255 0
3  700 449 699  255 255 0
3  701 451 450  255 255 0
3  701 450 700  255 255 0
3  702 452 451  255 255 0
3  702 451 701  255 255 0
3  703 453 452  255 255 0
3  703 452 702  255 255 0
3  704 454 453  255 255 0
3  704 453 703  255 255 0
3  705 455 454  255 255 0
3  705 454 704  255 255 0
3  706 456 455  255 255 0
3  706 455 705  255 255 0
3  707 457 456  255 255 0
3  707 456 706  255 255 0
3  708 458 457  255 255 0
3  708 457 707  255 255 0
3  709 459 458  255 255 0
3  709 458 708  255 255 0
3  710 460 459  255 255 0
3  710 459 709  255 255 0
3  711 461 460  255 255 0
3  711 460 710  255 255 0
3  712 462 461  255 255 0
3  712 461 711  255 255 0
3  713 463 462  255 255 0
3  713 462 712  255 255 0
3  714 464 463  255 255 0
3  714 463 713  255 255 0
3  715 465 464  255 255 0
3  715 464 714  255 255 0
3  716 466 465  255 255 0
3  716 465 715  255 255 0
3  717 467 466  255 255 0
3  717 466 716  255 255 0
3  718 468 467  255 255 0
3  718 467 717  255 255 0
3  719 469 468  255 255 0
3  719 468 718  255 255 0
3  720 470 469  255 255 0
3  720 469 719  255 255 0
3  721 471 470  255 255 0
3  721 470 720  255 255 0
3  722 472 471  255 255 0
3  722 471 721  255 255 0
3  723 473 472  255 255 0
3  723 472 722  255 255 0
3  724 474 473  255 255 0
3  724 473 723  255 255 0
3  725 475 474  255 255 0
3  725 474 724  255 255 0
3  726 476 475  255 255 0
3  726 475 725  255 255 0
3  727 477 476  255 255 0
3  727 476 726  255 255 0
3  728 478 477  255 255 0
3  728 477 727  255 255 0
3  729 479 478  255 255 0
3  729 478 728  255 255 0
3  730 480 479  255 255 0
3  730 479 729  255 255 0
3  731 481 480  255 255 0
3  731 480 730  255 255 0
3  732 482 481  255 255 0
3  732 481 731  255 255 0
3  733 483 482  255 255 0
3  733 482 732  255 255 0
3  734 484 483  255 255 0
3  734 483 733  255 255 0
3  735 485 484  255 255 0
3  735 484 734  255 255 0
3  736 486 485  255 255 0
3  736 485 735  255 255 0
3  737 487 486  255 255 0
3  737 486 736  255 255 0
3  738 488 487  255 255 0
3  738 487 737  255 255 0
3  739 489 488  255 255 0
3  739 488 738  255 255 0
3  235 174 489  255 255 0
3  235 489 739  255 255 0
3  747 741 740  255 255 0
3  747 740 238  255 255 0
3  748 742 741  255 255 0
3  748 741 747  255 255 0
3  749 743 742  255 255 0
3  749 742 748  255 255 0
3  750 744 743  255 255 0
3  750 743 749  255 255 0
3  751 745 744  255 255 0
3  751 744 750  255 255 0
3  175 746 745  255 255 0
3  175 745 751  255 255 0
3  1112 753 752  255 255 0
3  1112 752 1111  255 255 0
3  1113 754 753  255 255 0
3  1113 753 1112  255 255 0
3  1114 755 754  255 255 0
3  1114 754 1113  255 255 0
3  1115 756 755  255 255 0
3  1115 755 1114  255 255 0
3  1116 757 756  255 255 0
3  1116 756 1115  255 255 0
3  1117 758 757  255 255 0
3  1117 757 1116  255 255 0
3  1118 759 758  255 255 0
3  1118 758 1117  255 255 0
3  1119 760 759  255 255 0
3  1119 759 1118  255 255 0
3  1120 761 760  255 255 0
3  1120 760 1119  255 255 0
3  1121 762 761  255 255 0
3  1121 761 1120  255 255 0
3  1122 763 762  255 255 0
3  1122 762 1121  255 255 0
3  1123 764 763  255 255 0
3  1123 763 1122  255 255 0
3  1124 765 764  255 255 0
3  1124 764 1123  255 255 0
3  1125 766 765  255 255 0
3  1125 765 1124  255 255 0
3  1126 767 766  255 255 0
3  1126 766 1125  255 255 0
3  1127 768 767  255 255 0
3  1127 767 1126  255 255 0
3  1128 769 768  255 255 0
3  1128 768 1127  255 255 0
3  1129 770 769  255 255 0
3  1129 769 1128  255 255 0
3  1130 771 770  255 255 0
3  1130 770 1129  255 255 0
3  1131 772 771  255 255 0
3  1131 771 1130  255 255 0
3  1132 773 772  255 255 0
3  1132 772 1131  255 255 0
3  1133 774 773  255 255 0
3  1133 773 1132  255 255 0
3  1134 775 774  255 255 0
3  1134 774 1133  255 255 0
3  1135 776 775  255 255 0
3  1135 775 1134  255 255 0
3  1136 777 776  255 255 0
3  1136 776 1135  255 255 0
3  1137 778 777  255 255 0
3  1137 777 1136  255 255 0
3  1138 779 778  255 255 0
3  1138 778 1137  255 255 0
3  1139 780 779  255 255 0
3  1139 779 1138  255 255 0
3  1140 781 780  255 255 0
3  1140 780 1139  255 255 0
3  1141 782 781  255 255 0
3  1141 781 1140  255 255 0
3  1142 783 782  255 255 0
3  1142 782 1141  255 255 0
3  1143 784 783  255 255 0
3  1143 783 1142  255 255 0
3  1144 785 784  255 255 0
3  1144 784 1143  255 255 0
3  1145 786 785  255 255 0
3  1145 785 1144  255 255 0
3  1146 787 786  255 255 0
3  1146 786 1145  255 255 0
3  1147 788 787  255 255 0
3  1147 787 1146  255 255 0
3  1148 789 788  255 255 0
3  1148 788 1147  255 255 0
3  1149 790 789  255 255 0
3  1149 789 1148  255 255 0
3  1150 791 790  255 255 0
3  1150 790 1149  255 255 0
3  1151 792 791  255 255 0
3  1151 791 1150  255 255 0
3  1152 793 792  255 255 0
3  1152 792 1151  255 255 0
3  1153 794 793  255 255 0
3  1153 793 1152  255 255 0
3  1154 795 794  255 255 0
3  1154 794 1153  255 255 0
3  1155 796 795  255 255 0
3  1155 795 1154  255 255 0
3  1156 797 796  255 255 0
3  1156 796 1155  255 255 0
3  1157 798 797  255 255 0
3  1157 797 1156  255 255 0
3  1158 799 798  255 255 0
3  1158 798 1157  255 255 0
3  1159 800 799  255 255 0
3  1159 799 1158  255 255 0
3  1160 801 800  255 255 0
3  1160 800 1159  255 255 0
3  1161 802 801  255 255 0
3  1161 801 1160  255 255 0
3  1162 803 802  255 255 0
3  1162 802 1161  255 255 0
3  1163 804 803  255 255 0
3  1163 803 1162  255 255 0
3  1164 805 804  255 255 0
3  1164 804 1163  255 255 0
3  1165 806 805  255 255 0
3  1165 805 1164  255 255 0
3  1166 807 806  255 255 0
3  1166 806 1165  255 255 0
3  1167 808 807  255 255 0
3  1167 807 1166  255 255 0
3  1168 809 808  255 255 0
3  1168 808 1167  255 255 0
3  1169 810 809  255 255 0
3  1169 809 1168  255 255 0
3  1170 811 810  255 255 0
3  1170 810 1169  255 255 0
3  1171 812 811  255 255 0
3  1171 811 1170  255 255 0
3  1172 813 812  255 255 0
3  1172 812 1171  255 255 0
3  1173 814 813  255 255 0
3  1173 813 1172  255 255 0
3  1174 815 814  255 255 0
3  1174 814 1173  255 255 0
3  1175 816 815  255 255 0
3  1175 815 1174  255 255 0
3  1176 817 816  255 255 0
3  1176 816 1175  255 255 0
3  1177 818 817  255 255 0
3  1177 817 1176  255 255 0
3  1178 819 818  255 255 0
3  1178 818 1177  255 255 0
3  1179 820 819  255 255 0
3  1179 819 1178  255 255 0
3  1180 821 820  255 255 0
3  1180 820 1179  255 255 0
3  1181 822 821  255 255 0
3  1181 821 1180  255 255 0
3  1182 823 822  255 255 0
3  1182 822 1181  255 255 0
3  1183 824 823  255 255 0
3  1183 823 1182  255 255 0
3  1184 825 824  255 255 0
3  1184 824 1183  255 255 0
3  1185 826 825  255 255 0
3  1185 825 1184  255 255 0
3  1186 827 826  255 255 0
3  1186 826 1185  255 255 0
3  1187 828 827  255 255 0
3  1187 827 1186  255 255 0
3  1188 829 828  255 255 0
3  1188 828 1187  255 255 0
3  1189 830 829  255 255 0
3  1189 829 1188  255 255 0
3  1190 831 830  255 255 0
3  1190 830 1189  255 255 0
3  1191 832 831  255 255 0
3  1191 831 1190  255 255 0
3  1192 833 832  255 255 0
3  1192 832 1191  255 255 0
3  1193 834 833  255 255 0
3  1193 833 1192  255 255 0
3  1194 835 834  255 255 0
3  1194 834 1193  255 255 0
3  1195 836 835  255 255 0
3  1195 835 1194  255 255 0
3  1196 837 836  255 255 0
3  1196 836 1195  255 255 0
3  1197 838 837  255 255 0
3  1197 837 1196  255 255 0
3  1198 839 838  255 255 0
3  1198 838 1197  255 255 0
3  1199 840 839  255 255 0
3  1199 839 1198  255 255 0
3  1200 841 840  255 255 0
3  1200 840 1199  255 255 0
3  1201 842 841  255 255 0
3  1201 841 1200  255 255 0
3  1202 843 842  255 255 0
3  1202 842 1201  255 255 0
3  1203 844 843  255 255 0
3  1203 843 1202  255 255 0
3  1204 845 844  255 255 0
3  1204 844 1203  255 255 0
3  1205 846 845  255 255 0
3  1205 845 1204  255 255 0
3  1206 847 846  255 255 0
3  1206 846 1205  255 255 0
3  1207 848 847  255 255 0
3  1207 847 1206  255 255 0
3  1208 849 848  255 255 0
3  1208 848 1207  255 255 0
3  1209 850 849  255 255 0
3  1209 849 1208  255 255 0
3  1210 851 850  255 255 0
3  1210 850 1209  255 255 0
3  1211 852 851  255 255 0
3  1211 851 1210  255 255 0
3  1212 853 852  255 255 0
3  1212 852 1211  255 255 0
3  1213 854 853  255 255 0
3  1213 853 1212  255 255 0
3  1214 855 854  255 255 0
3  1214 854 1213  255 255 0
3  1215 856 855  255 255 0
3  1215 855 1214  255 255 0
3  1216 857 856  255 255 0
3  1216 856 1215  255 255 0
3  1217 858 857  255 255 0
3  1217 857 1216  255 255 0
3  1218 859 858  255 255 0
3  1218 858 1217  255 255 0
3  1219 860 859  255 255 0
3  1219 859 1218  255 255 0
3  1220 861 860  255 255 0
3  1220 860 1219  255 255 0
3  1221 862 861  255 255 0
3  1221 861 1220  255 255 0
3  1222 863 862  255 255 0
3  1222 862 1221  255 255 0
3  1223 864 863  255 255 0
3  1223 863 1222  255 255 0
3  1224 865 864  255 255 0
3  1224 864 1223  255 255 0
3  1225 866 865  255 255 0
3  1225 865 1224  255 255 0
3  1226 867 866  255 255 0
3  1226 866 1225  255 255 0
3  1227 868 867  255 255 0
3  1227 867 1226  255 255 0
3  1228 869 868  255 255 0
3  1228 868 1227  255 255 0
3  1229 870 869  255 255 0
3  1229 869 1228  255 255 0
3  1230 871 870  255 255 0
3  1230 870 1229  255 255 0
3  1231 872 871  255 255 0
3  1231 871 1230  255 255 0
3  1232 873 872  255 255 0
3  1232 872 1231  255 255 0
3  1233 874 873  255 255 0
3  1233 873 1232  255 255 0
3  1234 875 874  255 255 0
3  1234 874 1233  255 255 0
3  1235 876 875  255 255 0
3  1235 875 1234  255 255 0
3  1236 877 876  255 255 0
3  1236 876 1235  255 255 0
3  1237 878 877  255 255 0
3  1237 877 1236  255 255 0
3  1238 879 878  255 255 0
3  1238 878 1237  255 255 0
3  1239 880 879  255 255 0
3  1239 879 1238  255 255 0
3  1240 881 880  255 255 0
3  1240 880 1239  255 255 0
3  1241 882 881  255 255 0
3  1241 881 1240  255 255 0
3  1242 883 882  255 255 0
3  1242 882 1241  255 255 0
3  1243 884 883  255 255 0
3  1243 883 1242  255 255 0
3  1244 885 884  255 255 0
3  1244 884 1243  255 255 0
3  1245 886 885  255 255 0
3  1245 885 1244  255 255 0
3  1246 887 886  255 255 0
3  1246 886 1245  255 255 0
3  1247 888 887  255 255 0
3  1247 887 1246  255 255 0
3  1248 889 888  255 255 0
3  1248 888 1247  255 255 0
3  1249 890 889  255 255 0
3  1249 889 1248  255 255 0
3  1250 891 890  255 255 0
3  1250 890 1249  255 255 0
3  1251 892 891  255 255 0
3  1251 891 1250  255 255 0
3  1252 893 892  255 255 0
3  1252 892 1251  255 255 0
3  1253 894 893  255 255 0
3  1253 893 1252  255 255 0
3  1254 895 894  255 255 0
3  1254 894 1253  255 255 0
3  1255 896 895  255 255 0
3  1255 895 1254  255 255 0
3  1256 897 896  255 255 0
3  1256 896 1255  255 255 0
3  1257 898 897  255 255 0
3  1257 897 1256  255 255 0
3  1258 899 898  255 255 0
3  1258 898 1257  255 255 0
3  1259 900 899  255 255 0
3  1259 899 1258  255 255 0
3  1260 901 900  255 255 0
3  1260 900 1259  255 255 0
3  1261 902 901  255 255 0
3  1261 901 1260  255 255 0
3  1262 903 902  255 255 0
3  1262 902 1261  255 255 0
3  1263 904 903  255 255 0
3  1263 903 1262  255 255 0
3  1264 905 904  255 255 0
3  1264 904 1263  255 255 0
3  1265 906 905  255 255 0
3  1265 905 1264  255 255 0
3  1266 907 906  255 255 0
3  1266 906 1265  255 255 0
3  1267 908 907  255 255 0
3  1267 907 1266  255 255 0
3  1268 909 908  255 255 0
3  1268 908 1267  255 255 0
3  1269 910 909  255 255 0
3  1269 909 1268  255 255 0
3  1270 911 910  255 255 0
3  1270 910 1269  255 255 0
3  1271 912 911  255 255 0
3  1271 911 1270  255 255 0
3  1272 913 912  255 255 0
3  1272 912 1271  255 255 0
3  1273 914 913  255 255 0
3  1273 913 1272  255 255 0
3  1274 915 914  255 255 0
3  1274 914 1273  255 255 0
3  1275 916 915  255 255 0
3  1275 915 1274  255 255 0
3  1276 917 916  255 255 0
3  1276 916 1275  255 255 0
3  1277 918 917  255 255 0
3  1277 917 1276  255 255 0
3  1278 919 918  255 255 0
3  1278 918 1277  255 255 0
3  1279 920 919  255 255 0
3  1279 919 1278  255 255 0
3  1280 921 920  255 255 0
3  1280 920 1279  255 255 0
3  1281 922 921  255 255 0
3  1281 921 1280  255 255 0
3  1282 923 922  255 255 0
3  1282 922 1281  255 255 0
3  1283 924 923  255 255 0
3  1283 923 1282  255 255 0
3  1284 925 924  255 255 0
3  1284 924 1283  255 255 0
3  1285 926 925  255 255 0
3  1285 925 1284  255 255 0
3  1286 927 926  255 255 0
3  1286 926 1285  255 255 0
3  1287 928 927  255 255 0
3  1287 927 1286  255 255 0
3  1288 929 928  255 255 0
3  1288 928 1287  255 255 0
3  1289 930 929  255 255 0
3  1289 929 1288  255 255 0
3  1290 931 930  255 255 0
3  1290 930 1289  255 255 0
3  1291 932 931  255 255 0
3  1291 931 1290  255 255 0
3  1292 933 932  255 255 0
3  1292 932 1291  255 255 0
3  1293 934 933  255 255 0
3  1293 933 1292  255 255 0
3  1294 935 934  255 255 0
3  1294 934 1293  255 255 0
3  1295 936 935  255 255 0
3  1295 935 1294  255 255 0
3  1296 937 936  255 255 0
3  1296 936 1295  255 255 0
3  1297 938 937  255 255 0
3  1297 937 1296  255 255 0
3  1298 939 938  255 255 0
3  1298 938 1297  255 255 0
3  1299 940 939  255 255 0
3  1299 939 1298  255 255 0
3  1300 941 940  255 255 0
3  1300 940 1299  255 255 0
3  1301 942 941  255 255 0
3  1301 941 1300  255 255 0
3  1302 943 942  255 255 0
3  1302 942 1301  255 255 0
3  1303 944 943  255 255 0
3  1303 943 1302  255 255 0
3  1304 945 944  255 255 0
3  1304 944 1303  255 255 0
3  1305 946 945  255 255 0
3  1305 945 1304  255 255 0
3  1306 947 946  255 255 0
3  1306 946 1305  255 255 0
3  1307 948 947  255 255 0
3  1307 947 1306  255 255 0
3  1308 949 948  255 255 0
3  1308 948 1307  255 255 0
3  1309 950 949  255 255 0
3  1309 949 1308  255 255 0
3  1310 951 950  255 255 0
3  1310 950 1309  255 255 0
3  1311 952 951  255 255 0
3  1311 951 1310  255 255 0
3  1312 953 952  255 255 0
3  1312 952 1311  255 255 0
3  1313 954 953  255 255 0
3  1313 953 1312  255 255 0
3  1314 955 954  255 255 0
3  1314 954 1313  255 255 0
3  1315 956 955  255 255 0
3  1315 955 1314  255 255 0
3  1316 957 956  255 255 0
3  1316 956 1315  255 255 0
3  1317 958 957  255 255 0
3  1317 957 1316  255 255 0
3  1318 959 958  255 255 0
3  1318 958 1317  255 255 0
3  1319 960 959  255 255 0
3  1319 959 1318  255 255 0
3  1320 961 960  255 255 0
3  1320 960 1319  255 255 0
3  1321 962 961  255 255 0
3  1321 961 1320  255 255 0
3  1322 963 962  255 255 0
3  1322 962 1321  255 255 0
3  1323 964 963  255 255 0
3  1323 963 1322  255 255 0
3  1324 965 964  255 255 0
3  1324 964 1323  255 255 0
3  1325 966 965  255 255 0
3  1325 965 1324  255 255 0
3  1326 967 966  255 255 0
3  1326 966 1325  255 255 0
3  1327 968 967  255 255 0
3  1327 967 1326  255 255 0
3  1328 969 968  255 255 0
3  1328 968 1327  255 255 0
3  1329 970 969  255 255 0
3  1329 969 1328  255 255 0
3  1330 971 970  255 255 0
3  1330 970 1329  255 255 0
3  1331 972 971  255 255 0
3  1331 971 1330  255 255 0
3  1332 973 972  255 255 0
3  1332 972 1331  255 255 0
3  1333 974 973  255 255 0
3  1333 973 1332  255 255 0
3  1334 975 974  255 255 0
3  1334 974 1333  255 255 0
3  1335 976 975  255 255 0
3  1335 975 1334  255 255 0
3  1336 977 976  255 255 0
3  1336 976 1335  255 255 0
3  1337 978 977  255 255 0
3  1337 977 1336  255 255 0
3  1338 979 978  255 255 0
3  1338 978 1337  255 255 0
3  1339 980 979  255 255 0
3  1339 979 1338  255 255 0
3  1340 981 980  255 255 0
3  1340 980 1339  255 255 0
3  1341 982 981  255 255 0
3  1341 981 1340  255 255 0
3  1342 983 982  255 255 0
3  1342 982 1341  255 255 0
3  1343 984 983  255 255 0
3  1343 983 1342  255 255 0
3  1344 985 984  255 255 0
3  1344 984 1343  255 255 0
3  1345 986 985  255 255 0
3  1345 985 1344  255 255 0
3  1346 987 986  255 255 0
3  1346 986 1345  255 255 0
3  1347 988 987  255 255 0
3  1347 987 1346  255 255 0
3  1348 989 988  255 255 0
3  1348 988 1347  255 255 0
3  1349 990 989  255 255 0
3  1349 989 1348  255 255 0
3  1350 991 990  255 255 0
3  1350 990 1349  255 255 0
3  1351 992 991  255 255 0
3  1351 991 1350  255 255 0
3  1352 993 992  255 255 0
3  1352 992 1351  255 255 0
3  1353 994 993  255 255 0
3  1353 993 1352  255 255 0
3  1354 995 994  255 255 0
3  1354 994 1353  255 255 0
3  1355 996 995  255 255 0
3  1355 995 1354  255 255 0
3  1356 997 996  255 255 0
3  1356 996 1355  255 255 0
3  1357 998 997  255 255 0
3  1357 997 1356  255 255 0
3  1358 999 998  255 255 0
3  1358 998 1357  255 255 0
3  1359 1000 999  255 255 0
3  1359 999 1358  255 255 0
3  1360 1001 1000  255 255 0
3  1360 1000 1359  255 255 0
3  1361 1002 1001  255 255 0
3  1361 1001 1360  255 255 0
3  1362 1003 1002  255 255 0
3  1362 1002 1361  255 255 0
3  1363 1004 1003  255 255 0
3  1363 1003 1362  255 255 0
3  1364 1005 1004  255 255 0
3  1364 1004 1363  255 255 0
3  1365 1006 1005  255 255 0
3  1365 1005 1364  255 255 0
3  1366 1007 1006  255 255 0
3  1366 1006 1365  255 255 0
3  1367 1008 1007  255 255 0
3  1367 1007 1366  255 255 0
3  1368 1009 1008  255 255 0
3  1368 1008 1367  255 255 0
3  1369 1010 1009  255 255 0
3  1369 1009 1368  255 255 0
3  1370 1011 1010  255 255 0
3  1370 1010 1369  255 255 0
3  1371 1012 1011  255 255 0
3  1371 1011 1370  255 255 0
3  1372 1013 1012  255 255 0
3  1372 1012 1371  255 255 0
3  1373 1014 1013  255 255 0
3  1373 1013 1372  255 255 0
3  1374 1015 1014  255 255 0
3  1374 1014 1373  255 255 0
3  1375 1016 1015  255 255 0
3  1375 1015 1374  255 255 0
3  1376 1017 1016  255 255 0
3  1376 1016 1375  255 255 0
3  1377 1018 1017  255 255 0
3  1377 1017 1376  255 255 0
3  1378 1019 1018  255 255 0
3  1378 1018 1377  255 255 0
3  1379 1020 1019  255 255 0
3  1379 1019 1378  255 255 0
3  1380 1021 1020  255 255 0
3  1380 1020 1379  255 255 0
3  1381 1022 1021  255 255 0
3  1381 1021 1380  255 255 0
3  1382 1023 1022  255 255 0
3  1382 1022 1381  255 255 0
3  1383 1024 1023  255 255 0
3  1383 1023 1382  255 255 0
3  1384 1025 1024  255 255 0
3  1384 1024 1383  255 255 0
3  1385 1026 1025  255 255 0
3  1385 1025 1384  255 255 0
3  1386 1027 1026  255 255 0
3  1386 1026 1385  255 255 0
3  1387 1028 1027  255 255 0
3  1387 1027 1386  255 255 0
3  1388 1029 1028  255 255 0
3  1388 1028 1387  255 255 0
3  1389 1030 1029  255 255 0
3  1389 1029 1388  255 255 0
3  1390 1031 1030  255 255 0
3  1390 1030 1389  255 255 0
3  1391 1032 1031  255 255 0
3  1391 1031 1390  255 255 0
3  1392 1033 1032  255 255 0
3  1392 1032 1391  255 255 0
3  1393 1034 1033  255 255 0
3  1393 1033 1392  255 255 0
3  1394 1035 1034  255 255 0
3  1394 1034 1393  255 255 0
3  1395 1036 1035  255 255 0
3  1395 1035 1394  255 255 0
3  1396 1037 1036  255 255 0
3  1396 1036 1395  255 255 0
3  1397 1038 1037  255 255 0
3  1397 1037 1396  255 255 0
3  1398 1039 1038  255 255 0
3  1398 1038 1397  255 255 0
3  1399 1040 1039  255 255 0
3  1399 1039 1398  255 255 0
3  1400 1041 1040  255 255 0
3  1400 1040 1399  255 255 0
3  1401 1042 1041  255 255 0
3  1401 1041 1400  255 255 0
3  1402 1043 1042  255 255 0
3  1402 1042 1401  255 255 0
3  1403 1044 1043  255 255 0
3  1403 1043 1402  255 255 0
3  1404 1045 1044  255 255 0
3  1404 1044 1403  255 255 0
3  1405 1046 1045  255 255 0
3  1405 1045 1404  255 255 0
3  1406 1047 1046  255 255 0
3  1406 1046 1405  255 255 0
3  1407 1048 1047  255 255 0
3  1407 1047 1406  255 255 0
3  1408 1049 1048  255 255 0
3  1408 1048 1407  255 255 0
3  1409 1050 1049  255 255 0
3  1409 1049 1408  255 255 0
3  1410 1051 1050  255 255 0
3  1410 1050 1409  255 255 0
3  1411 1052 1051  255 255 0
3  1411 1051 1410  255 255 0
3  1412 1053 1052  255 255 0
3  1412 1052 1411  255 255 0
3  1413 1054 1053  255 255 0
3  1413 1053 1412  255 255 0
3  1414 1055 1054  255 255 0
3  1414 1054 1413  255 255 0
3  1415 1056 1055  255 255 0
3  1415 1055 1414  255 255 0
3  1416 1057 1056  255 255 0
3  1416 1056 1415  255 255 0
3  1417 1058 1057  255 255 0
3  1417 1057 1416  255 255 0
3  1418 1059 1058  255 255 0
3  1418 1058 1417  255 255 0
3  1419 1060 1059  255 255 0
3  1419 1059 1418  255 255 0
3  1420 1061 1060  255 255 0
3  1420 1060 1419  255 255 0
3  1421 1062 1061  255 255 0
3  1421 1061 1420  255 255 0
3  1422 1063 1062  255 255 0
3  1422 1062 1421  255 255 0
3  1423 1064 1063  255 255 0
3  1423 1063 1422  255 255 0
3  1424 1065 1064  255 255 0
3  1424 1064 1423  255 255 0
3  1425 1066 1065  255 255 0
3  1425 1065 1424  255 255 0
3  1426 1067 1066  255 255 0
3  1426 1066 1425  255 255 0
3  1427 1068 1067  255 255 0
3  1427 1067 1426  255 255 0
3  1428 1069 1068  255 255 0
3  1428 1068 1427  255 255 0
3  1429 1070 1069  255 255 0
3  1429 1069 1428  255 255 0
3  1430 1071 1070  255 255 0
3  1430 1070 1429  255 255 0
3  1431 1072 1071  255 255 0
3  1431 1071 1430  255 255 0
3  1432 1073 1072  255 255 0
3  1432 1072 1431  255 255 0
3  1433 1074 1073  255 255 0
3  1433 1073 1432  255 255 0
3  1434 1075 1074  255 255 0
3  1434 1074 1433  255 255 0
3  1435 1076 1075  255 255 0
3  1435 1075 1434  255 255 0
3  1436 1077 1076  255 255 0
3  1436 1076 1435  255 255 0
3  1437 1078 1077  255 255 0
3  1437 1077 1436  255 255 0
3  1438 1079 1078  255 255 0
3  1438 1078 1437  255 255 0
3  1439 1080 1079  255 255 0
3  1439 1079 1438  255 255 0
3  1440 1081 1080  255 255 0
3  1440 1080 1439  255 255 0
3  1441 1082 1081  255 255 0
3  1441 1081 1440  255 255 0
3  1442 1083 1082  255 255 0
3  1442 1082 1441  255 255 0
3  1443 1084 1083  255 255 0
3  1443 1083 1442  255 255 0
3  1444 1085 1084  255 255 0
3  1444 1084 1443  255 255 0
3  1445 1086 1085  255 255 0
3  1445 1085 1444  255 255 0
3  1446 1087 1086  255 255 0
3  1446 1086 1445  255 255 0
3  1447 1088 1087  255 255 0
3  1447 1087 1446  255 255 0
3  1448 1089 1088  255 255 0
3  1448 1088 1447  255 255 0
3  1449 1090 1089  255 255 0
3  1449 1089 1448  255 255 0
3  1450 1091 1090  255 255 0
3  1450 1090 1449  255 255 0
3  1451 1092 1091  255 255 0
3  1451 1091 1450  255 255 0
3  1452 1093 1092  255 255 0
3  1452 1092 1451  255 255 0
3  1453 1094 1093  255 255 0
3  1453 1093 1452  255 255 0
3  1454 1095 1094  255 255 0
3  1454 1094 1453  255 255 0
3  1455 1096 1095  255 255 0
3  1455 1095 1454  255 255 0
3  1456 1097 1096  255 255 0
3  1456 1096 1455  255 255 0
3  1457 1098 1097  255 255 0
3  1457 1097 1456  255 255 0
3  1458 1099 1098  255 255 0
3  1458 1098 1457  255 255 0
3  1459 1100 1099  255 255 0
3  1459 1099 1458  255 255 0
3  1460 1101 1100  255 255 0
3  1460 1100 1459  255 255 0
3  1461 1102 1101  255 255 0
3  1461 1101 1460  255 255 0
3  1462 1103 1102  255 255 0
3  1462 1102 1461  255 255 0
3  1463 1104 1103  255 255 0
3  1463 1103 1462  255 255 0
3  1464 1105 1104  255 255 0
3  1464 1104 1463  255 255 0
3  1465 1106 1105  255 255 0
3  1465 1105 1464  255 255 0
3  1466 1107 1106  255 255 0
3  1466 1106 1465  255 255 0
3  1467 1108 1107  255 255 0
3  1467 1107 1466  255 255 0
3  1468 1109 1108  255 255 0
3  1468 1108 1467  255 255 0
3  1469 1110 1109  255 255 0
3  1469 1109 1468  255 255 0
3  1470 2460 1110  255 255 0
3  1470 1110 1469  255 255 0
3  1471 1112 1111  255 255 0
3  1471 1111 2505  255 255 0
3  1472 1113 1112  255 255 0
3  1472 1112 1471  255 255 0
3  1473 1114 1113  255 255 0
3  1473 1113 1472  255 255 0
3  1474 1115 1114  255 255 0
3  1474 1114 1473  255 255 0
3  1475 1116 1115  255 255 0
3  1475 1115 1474  255 255 0
3  1476 1117 1116  255 255 0
3  1476 1116 1475  255 255 0
3  1477 1118 1117  255 255 0
3  1477 1117 1476  255 255 0
3  1478 1119 1118  255 255 0
3  1478 1118 1477  255 255 0
3  1479 1120 1119  255 255 0
3  1479 1119 1478  255 255 0
3  1480 1121 1120  255 255 0
3  1480 1120 1479  255 255 0
3  1481 1122 1121  255 255 0
3  1481 1121 1480  255 255 0
3  1482 1123 1122  255 255 0
3  1482 1122 1481  255 255 0
3  1483 1124 1123  255 255 0
3  1483 1123 1482  255 255 0
3  1484 1125 1124  255 255 0
3  1484 1124 1483  255 255 0
3  1485 1126 1125  255 255 0
3  1485 1125 1484  255 255 0
3  1486 1127 1126  255 255 0
3  1486 1126 1485  255 255 0
3  1487 1128 1127  255 255 0
3  1487 1127 1486  255 255 0
3  1488 1129 1128  255 255 0
3  1488 1128 1487  255 255 0
3  1489 1130 1129  255 255 0
3  1489 1129 1488  255 255 0
3  1490 1131 1130  255 255 0
3  1490 1130 1489  255 255 0
3  1491 1132 1131  255 255 0
3  1491 1131 1490  255 255 0
3  1492 1133 1132  255 255 0
3  1492 1132 1491  255 255 0
3  1493 1134 1133  255 255 0
3  1493 1133 1492  255 255 0
3  1494 1135 1134  255 255 0
3  1494 1134 1493  255 255 0
3  1495 1136 1135  255 255 0
3  1495 1135 1494  255 255 0
3  1496 1137 1136  255 255 0
3  1496 1136 1495  255 255 0
3  1497 1138 1137  255 255 0
3  1497 1137 1496  255 255 0
3  1498 1139 1138  255 255 0
3  1498 1138 1497  255 255 0
3  1499 1140 1139  255 255 0
3  1499 1139 1498  255 255 0
3  1500 1141 1140  255 255 0
3  1500 1140 1499  255 255 0
3  1501 1142 1141  255 255 0
3  1501 1141 1500  255 255 0
3  1502 1143 1142  255 255 0
3  1502 1142 1501  255 255 0
3  1503 1144 1143  255 255 0
3  1503 1143 1502  255 255 0
3  1504 1145 1144  255 255 0
3  1504 1144 1503  255 255 0
3  1505 1146 1145  255 255 0
3  1505 1145 1504  255 255 0
3  1506 1147 1146  255 255 0
3  1506 1146 1505  255 255 0
3  1507 1148 1147  255 255 0
3  1507 1147 1506  255 255 0
3  1508 1149 1148  255 255 0
3  1508 1148 1507  255 255 0
3  1509 1150 1149  255 255 0
3  1509 1149 1508  255 255 0
3  1510 1151 1150  255 255 0
3  1510 1150 1509  255 255 0
3  1511 1152 1151  255 255 0
3  1511 1151 1510  255 255 0
3  1512 1153 1152  255 255 0
3  1512 1152 1511  255 255 0
3  1513 1154 1153  255 255 0
3  1513 1153 1512  255 255 0
3  1514 1155 1154  255 255 0
3  1514 1154 1513  255 255 0
3  1515 1156 1155  255 255 0
3  1515 1155 1514  255 255 0
3  1516 1157 1156  255 255 0
3  1516 1156 1515  255 255 0
3  1517 1158 1157  255 255 0
3  1517 1157 1516  255 255 0
3  1518 1159 1158  255 255 0
3  1518 1158 1517  255 255 0
3  1519 1160 1159  255 255 0
3  1519 1159 1518  255 255 0
3  1520 1161 1160  255 255 0
3  1520 1160 1519  255 255 0
3  1521 1162 1161  255 255 0
3  1521 1161 1520  255 255 0
3  1522 1163 1162  255 255 0
3  1522 1162 1521  255 255 0
3  1523 1164 1163  255 255 0
3  1523 1163 1522  255 255 0
3  1524 1165 1164  255 255 0
3  1524 1164 1523  255 255 0
3  1525 1166 1165  255 255 0
3  1525 1165 1524  255 255 0
3  1526 1167 1166  255 255 0
3  1526 1166 1525  255 255 0
3  1527 1168 1167  255 255 0
3  1527 1167 1526  255 255 0
3  1528 1169 1168  255 255 0
3  1528 1168 1527  255 255 0
3  1529 1170 1169  255 255 0
3  1529 1169 1528  255 255 0
3  1530 1171 1170  255 255 0
3  1530 1170 1529  255 255 0
3  1531 1172 1171  255 255 0
3  1531 1171 1530  255 255 0
3  1532 1173 1172  255 255 0
3  1532 1172 1531  255 255 0
3  1533 1174 1173  255 255 0
3  1533 1173 1532  255 255 0
3  1534 1175 1174  255 255 0
3  1534 1174 1533  255 255 0
3  1535 1176 1175  255 255 0
3  1535 1175 1534  255 255 0
3  1536 1177 1176  255 255 0
3  1536 1176 1535  255 255 0
3  1537 1178 1177  255 255 0
3  1537 1177 1536  255 255 0
3  1538 1179 1178  255 255 0
3  1538 1178 1537  255 255 0
3  1539 1180 1179  255 255 0
3  1539 1179 1538  255 255 0
3  1540 1181 1180  255 255 0
3  1540 1180 1539  255 255 0
3  1541 1182 1181  255 255 0
3  1541 1181 1540  255 255 0
3  1542 1183 1182  255 255 0
3  1542 1182 1541  255 255 0
3  1543 1184 1183  255 255 0
3  1543 1183 1542  255 255 0
3  1544 1185 1184  255 255 0
3  1544 1184 1543  255 255 0
3  1545 1186 1185  255 255 0
3  1545 1185 1544  255 255 0
3  1546 1187 1186  255 255 0
3  1546 1186 1545  255 255 0
3  1547 1188 1187  255 255 0
3  1547 1187 1546  255 255 0
3  1548 1189 1188  255 255 0
3  1548 1188 1547  255 255 0
3  1549 1190 1189  255 255 0
3  1549 1189 1548  255 255 0
3  1550 1191 1190  255 255 0
3  1550 1190 1549  255 255 0
3  1551 1192 1191  255 255 0
3  1551 1191 1550  255 255 0
3  1552 1193 1192  255 255 0
3  1552 1192 1551  255 255 0
3  1553 1194 1193  255 255 0
3  1553 1193 1552  255 255 0
3  1554 1195 1194  255 255 0
3  1554 1194 1553  255 255 0
3  1555 1196 1195  255 255 0
3  1555 1195 1554  255 255 0
3  1556 1197 1196  255 255 0
3  1556 1196 1555  255 255 0
3  1557 1198 1197  255 255 0
3  1557 1197 1556  255 255 0
3  1558 1199 1198  255 255 0
3  1558 1198 1557  255 255 0
3  1559 1200 1199  255 255 0
3  1559 1199 1558  255 255 0
3  1560 1201 1200  255 255 0
3  1560 1200 1559  255 255 0
3  1561 1202 1201  255 255 0
3  1561 1201 1560  255 255 0
3  1562 1203 1202  255 255 0
3  1562 1202 1561  255 255 0
3  1563 1204 1203  255 255 0
3  1563 1203 1562  255 255 0
3  1564 1205 1204  255 255 0
3  1564 1204 1563  255 255 0
3  1565 1206 1205  255 255 0
3  1565 1205 1564  255 255 0
3  1566 1207 1206  255 255 0
3  1566 1206 1565  255 255 0
3  1567 1208 1207  255 255 0
3  1567 1207 1566  255 255 0
3  1568 1209 1208  255 255 0
3  1568 1208 1567  255 255 0
3  1569 1210 1209  255 255 0
3  1569 1209 1568  255 255 0
3  1570 1211 1210  255 255 0
3  1570 1210 1569  255 255 0
3  1571 1212 1211  255 255 0
3  1571 1211 1570  255 255 0
3  1572 1213 1212  255 255 0
3  1572 1212 1571  255 255 0
3  1573 1214 1213  255 255 0
3  1573 1213 1572  255 255 0
3  1574 1215 1214  255 255 0
3  1574 1214 1573  255 255 0
3  1575 1216 1215  255 255 0
3  1575 1215 1574  255 255 0
3  1576 1217 1216  255 255 0
3  1576 1216 1575  255 255 0
3  1577 1218 1217  255 255 0
3  1577 1217 1576  255 255 0
3  1578 1219 1218  255 255 0
3  1578 1218 1577  255 255 0
3  1579 1220 1219  255 255 0
3  1579 1219 1578  255 255 0
3  1580 1221 1220  255 255 0
3  1580 1220 1579  255 255 0
3  1581 1222 1221  255 255 0
3  1581 1221 1580  255 255 0
3  1582 1223 1222  255 255 0
3  1582 1222 1581  255 255 0
3  1583 1224 1223  255 255 0
3  1583 1223 1582  255 255 0
3  1584 1225 1224  255 255 0
3  1584 1224 1583  255 255 0
3  1585 1226 1225  255 255 0
3  1585 1225 1584  255 255 0
3  1586 1227 1226  255 255 0
3  1586 1226 1585  255 255 0
3  1587 1228 1227  255 255 0
3  1587 1227 1586  255 255 0
3  1588 1229 1228  255 255 0
3  1588 1228 1587  255 255 0
3  1589 1230 1229  255 255 0
3  1589 1229 1588  255 255 0
3  1590 1231 1230  255 255 0
3  1590 1230 1589  255 255 0
3  1591 1232 1231  255 255 0
3  1591 1231 1590  255 255 0
3  1592 1233 1232  255 255 0
3  1592 1232 1591  255 255 0
3  1593 1234 1233  255 255 0
3  1593 1233 1592  255 255 0
3  1594 1235 1234  255 255 0
3  1594 1234 1593  255 255 0
3  1595 1236 1235  255 255 0
3  1595 1235 1594  255 255 0
3  1596 1237 1236  255 255 0
3  1596 1236 1595  255 255 0
3  1597 1238 1237  255 255 0
3  1597 1237 1596  255 255 0
3  1598 1239 1238  255 255 0
3  1598 1238 1597  255 255 0
3  1599 1240 1239  255 255 0
3  1599 1239 1598  255 255 0
3  1600 1241 1240  255 255 0
3  1600 1240 1599  255 255 0
3  1601 1242 1241  255 255 0
3  1601 1241 1600  255 255 0
3  1602 1243 1242  255 255 0
3  1602 1242 1601  255 255 0
3  1603 1244 1243  255 255 0
3  1603 1243 1602  255 255 0
3  1604 1245 1244  255 255 0
3  1604 1244 1603  255 255 0
3  1605 1246 1245  255 255 0
3  1605 1245 1604  255 255 0
3  1606 1247 1246  255 255 0
3  1606 1246 1605  255 255 0
3  1607 1248 1247  255 255 0
3  1607 1247 1606  255 255 0
3  1608 1249 1248  255 255 0
3  1608 1248 1607  255 255 0
3  1609 1250 1249  255 255 0
3  1609 1249 1608  255 255 0
3  1610 1251 1250  255 255 0
3  1610 1250 1609  255 255 0
3  1611 1252 1251  255 255 0
3  1611 1251 1610  255 255 0
3  1612 1253 1252  255 255 0
3  1612 1252 1611  255 255 0
3  1613 1254 1253  255 255 0
3  1613 1253 1612  255 255 0
3  1614 1255 1254  255 255 0
3  1614 1254 1613  255 255 0
3  1615 1256 1255  255 255 0
3  1615 1255 1614  255 255 0
3  1616 1257 1256  255 255 0
3  1616 1256 1615  255 255 0
3  1617 1258 1257  255 255 0
3  1617 1257 1616  255 255 0
3  1618 1259 1258  255 255 0
3  1618 1258 1617  255 255 0
3  1619 1260 1259  255 255 0
3  1619 1259 1618  255 255 0
3  1620 1261 1260  255 255 0
3  1620 1260 1619  255 255 0
3  1621 1262 1261  255 255 0
3  1621 1261 1620  255 255 0
3  1622 1263 1262  255 255 0
3  1622 1262 1621  255 255 0
3  1623 1264 1263  255 255 0
3  1623 1263 1622  255 255 0
3  1624 1265 1264  255 255 0
3  1624 1264 1623  255 255 0
3  1625 1266 1265  255 255 0
3  1625 1265 1624  255 255 0
3  1626 1267 1266  255 255 0
3  1626 1266 1625  255 255 0
3  1627 1268 1267  255 255 0
3  1627 1267 1626  255 255 0
3  1628 1269 1268  255 255 0
3  1628 1268 1627  255 255 0
3  1629 1270 1269  255 255 0
3  1629 1269 1628  255 255 0
3  1630 1271 1270  255 255 0
3  1630 1270 1629  255 255 0
3  1631 1272 1271  255 255 0
3  1631 1271 1630  255 255 0
3  1632 1273 1272  255 255 0
3  1632 1272 1631  255 255 0
3  1633 1274 1273  255 255 0
3  1633 1273 1632  255 255 0
3  1634 1275 1274  255 255 0
3  1634 1274 1633  255 255 0
3  1635 1276 1275  255 255 0
3  1635 1275 1634  255 255 0
3  1636 1277 1276  255 255 0
3  1636 1276 1635  255 255 0
3  1637 1278 1277  255 255 0
3  1637 1277 1636  255 255 0
3  1638 1279 1278  255 255 0
3  1638 1278 1637  255 255 0
3  1639 1280 1279  255 255 0
3  1639 1279 1638  255 255 0
3  1640 1281 1280  255 255 0
3  1640 1280 1639  255 255 0
3  1641 1282 1281  255 255 0
3  1641 1281 1640  255 255 0
3  1642 1283 1282  255 255 0
3  1642 1282 1641  255 255 0
3  1643 1284 1283  255 255 0
3  1643 1283 1642  255 255 0
3  1644 1285 1284  255 255 0
3  1644 1284 1643  255 255 0
3  1645 1286 1285  255 255 0
3  1645 1285 1644  255 255 0
3  1646 1287 1286  255 255 0
3  1646 1286 1645  255 255 0
3  1647 1288 1287  255 255 0
3  1647 1287 1646  255 255 0
3  1648 1289 1288  255 255 0
3  1648 1288 1647  255 255 0
3  1649 1290 1289  255 255 0
3  1649 1289 1648  255 255 0
3  1650 1291 1290  255 255 0
3  1650 1290 1649  255 255 0
3  1651 1292 1291  255 255 0
3  1651 1291 1650  255 255 0
3  1652 1293 1292  255 255 0
3  1652 1292 1651  255 255 0
3  1653 1294 1293  255 255 0
3  1653 1293 1652  255 255 0
3  1654 1295 1294  255 255 0
3  1654 1294 1653  255 255 0
3  1655 1296 1295  255 255 0
3  1655 1295 1654  255 255 0
3  1656 1297 1296  255 255 0
3  1656 1296 1655  255 255 0
3  1657 1298 1297  255 255 0
3  1657 1297 1656  255 255 0
3  1658 1299 1298  255 255 0
3  1658 1298 1657  255 255 0
3  1659 1300 1299  255 255 0
3  1659 1299 1658  255 255 0
3  1660 1301 1300  255 255 0
3  1660 1300 1659  255 255 0
3  1661 1302 1301  255 255 0
3  1661 1301 1660  255 255 0
3  1662 1303 1302  255 255 0
3  1662 1302 1661  255 255 0
3  1663 1304 1303  255 255 0
3  1663 1303 1662  255 255 0
3  1664 1305 1304  255 255 0
3  1664 1304 1663  255 255 0
3  1665 1306 1305  255 255 0
3  1665 1305 1664  255 255 0
3  1666 1307 1306  255 255 0
3  1666 1306 1665  255 255 0
3  1667 1308 1307  255 255 0
3  1667 1307 1666  255 255 0
3  1668 1309 1308  255 255 0
3  1668 1308 1667  255 255 0
3  1669 1310 1309  255 255 0
3  1669 1309 1668  255 255 0
3  1670 1311 1310  255 255 0
3  1670 1310 1669  255 255 0
3  1671 1312 1311  255 255 0
3  1671 1311 1670  255 255 0
3  1672 1313 1312  255 255 0
3  1672 1312 1671  255 255 0
3  1673 1314 1313  255 255 0
3  1673 1313 1672  255 255 0
3  1674 1315 1314  255 255 0
3  1674 1314 1673  255 255 0
3  1675 1316 1315  255 255 0
3  1675 1315 1674  255 255 0
3  1676 1317 1316  255 255 0
3  1676 1316 1675  255 255 0
3  1677 1318 1317  255 255 0
3  1677 1317 1676  255 255 0
3  1678 1319 1318  255 255 0
3  1678 1318 1677  255 255 0
3  1679 1320 1319  255 255 0
3  1679 1319 1678  255 255 0
3  1680 1321 1320  255 255 0
3  1680 1320 1679  255 255 0
3  1681 1322 1321  255 255 0
3  1681 1321 1680  255 255 0
3  1682 1323 1322  255 255 0
3  1682 1322 1681  255 255 0
3  1683 1324 1323  255 255 0
3  1683 1323 1682  255 255 0
3  1684 1325 1324  255 255 0
3  1684 1324 1683  255 255 0
3  1685 1326 1325  255 255 0
3  1685 1325 1684  255 255 0
3  1686 1327 1326  255 255 0
3  1686 1326 1685  255 255 0
3  1687 1328 1327  255 255 0
3  1687 1327 1686  255 255 0
3  1688 1329 1328  255 255 0
3  1688 1328 1687  255 255 0
3  1689 1330 1329  255 255 0
3  1689 1329 1688  255 255 0
3  1690 1331 1330  255 255 0
3  1690 1330 1689  255 255 0
3  1691 1332 1331  255 255 0
3  1691 1331 1690  255 255 0
3  1692 1333 1332  255 255 0
3  1692 1332 1691  255 255 0
3  1693 1334 1333  255 255 0
3  1693 1333 1692  255 255 0
3  1694 1335 1334  255 255 0
3  1694 1334 1693  255 255 0
3  1695 1336 1335  255 255 0
3  1695 1335 1694  255 255 0
3  1696 1337 1336  255 255 0
3  1696 1336 1695  255 255 0
3  1697 1338 1337  255 255 0
3  1697 1337 1696  255 255 0
3  1698 1339 1338  255 255 0
3  1698 1338 1697  255 255 0
3  1699 1340 1339  255 255 0
3  1699 1339 1698  255 255 0
3  1700 1341 1340  255 255 0
3  1700 1340 1699  255 255 0
3  1701 1342 1341  255 255 0
3  1701 1341 1700  255 255 0
3  1702 1343 1342  255 255 0
3  1702 1342 1701  255 255 0
3  1703 1344 1343  255 255 0
3  1703 1343 1702  255 255 0
3  1704 1345 1344  255 255 0
3  1704 1344 1703  255 255 0
3  1705 1346 1345  255 255 0
3  1705 1345 1704  255 255 0
3  1706 1347 1346  255 255 0
3  1706 1346 1705  255 255 0
3  1707 1348 1347  255 255 0
3  1707 1347 1706  255 255 0
3  1708 1349 1348  255 255 0
3  1708 1348 1707  255 255 0
3  1709 1350 1349  255 255 0
3  1709 1349 1708  255 255 0
3  1710 1351 1350  255 255 0
3  1710 1350 1709  255 255 0
3  1711 1352 1351  255 255 0
3  1711 1351 1710  255 255 0
3  1712 1353 1352  255 255 0
3  1712 1352 1711  255 255 0
3  1713 1354 1353  255 255 0
3  1713 1353 1712  255 255 0
3  1714 1355 1354  255 255 0
3  1714 1354 1713  255 255 0
3  1715 1356 1355  255 255 0
3  1715 1355 1714  255 255 0
3  1716 1357 1356  255 255 0
3  1716 1356 1715  255 255 0
3  1717 1358 1357  255 255 0
3  1717 1357 1716  255 255 0
3  1718 1359 1358  255 255 0
3  1718 1358 1717  255 255 0
3  1719 1360 1359  255 255 0
3  1719 1359 1718  255 255 0
3  1720 1361 1360  255 255 0
3  1720 1360 1719  255 255 0
3  1721 1362 1361  255 255 0
3  1721 1361 1720  255 255 0
3  1722 1363 1362  255 255 0
3  1722 1362 1721  255 255 0
3  1723 1364 1363  255 255 0
3  1723 1363 1722  255 255 0
3  1724 1365 1364  255 255 0
3  1724 1364 1723  255 255 0
3  1725 1366 1365  255 255 0
3  1725 1365 1724  255 255 0
3  1726 1367 1366  255 255 0
3  1726 1366 1725  255 255 0
3  1727 1368 1367  255 255 0
3  1727 1367 1726  255 255 0
3  1728 1369 1368  255 255 0
3  1728 1368 1727  255 255 0
3  1729 1370 1369  255 255 0
3  1729 1369 1728  255 255 0
3  1730 1371 1370  255 255 0
3  1730 1370 1729  255 255 0
3  1731 1372 1371  255 255 0
3  1731 1371 1730  255 255 0
3  1732 1373 1372  255 255 0
3  1732 1372 1731  255 255 0
3  1733 1374 1373  255 255 0
3  1733 1373 1732  255 255 0
3  1734 1375 1374  255 255 0
3  1734 1374 1733  255 255 0
3  1735 1376 1375  255 255 0
3  1735 1375 1734  255 255 0
3  1736 1377 1376  255 255 0
3  1736 1376 1735  255 255 0
3  1737 1378 1377  255 255 0
3  1737 1377 1736  255 255 0
3  1738 1379 1378  255 255 0
3  1738 1378 1737  255 255 0
3  1739 1380 1379  255 255 0
3  1739 1379 1738  255 255 0
3  1740 1381 1380  255 255 0
3  1740 1380 1739  255 255 0
3  1741 1382 1381  255 255 0
3  1741 1381 1740  255 255 0
3  1742 1383 1382  255 255 0
3  1742 1382 1741  255 255 0
3  1743 1384 1383  255 255 0
3  1743 1383 1742  255 255 0
3  1744 1385 1384  255 255 0
3  1744 1384 1743  255 255 0
3  1745 1386 1385  255 255 0
3  1745 1385 1744  255 255 0
3  1746 1387 1386  255 255 0
3  1746 1386 1745  255 255 0
3  1747 1388 1387  255 255 0
3  1747 1387 1746  255 255 0
3  1748 1389 1388  255 255 0
3  1748 1388 1747  255 255 0
3  1749 1390 1389  255 255 0
3  1749 1389 1748  255 255 0
3  1750 1391 1390  255 255 0
3  1750 1390 1749  255 255 0
3  1751 1392 1391  255 255 0
3  1751 1391 1750  255 255 0
3  1752 1393 1392  255 255 0
3  1752 1392 1751  255 255 0
3  1753 1394 1393  255 255 0
3  1753 1393 1752  255 255 0
3  1754 1395 1394  255 255 0
3  1754 1394 1753  255 255 0
3  1755 1396 1395  255 255 0
3  1755 1395 1754  255 255 0
3  1756 1397 1396  255 255 0
3  1756 1396 1755  255 255 0
3  1757 1398 1397  255 255 0
3  1757 1397 1756  255 255 0
3  1758 1399 1398  255 255 0
3  1758 1398 1757  255 255 0
3  1759 1400 1399  255 255 0
3  1759 1399 1758  255 255 0
3  1760 1401 1400  255 255 0
3  1760 1400 1759  255 255 0
3  1761 1402 1401  255 255 0
3  1761 1401 1760  255 255 0
3  1762 1403 1402  255 255 0
3  1762 1402 1761  255 255 0
3  1763 1404 1403  255 255 0
3  1763 1403 1762  255 255 0
3  1764 1405 1404  255 255 0
3  1764 1404 1763  255 255 0
3  1765 1406 1405  255 255 0
3  1765 1405 1764  255 255 0
3  1766 1407 1406  255 255 0
3  1766 1406 1765  255 255 0
3  1767 1408 1407  255 255 0
3  1767 1407 1766  255 255 0
3  1768 1409 1408  255 255 0
3  1768 1408 1767  255 255 0
3  1769 1410 1409  255 255 0
3  1769 1409 1768  255 255 0
3  1770 1411 1410  255 255 0
3  1770 1410 1769  255 255 0
3  1771 1412 1411  255 255 0
3  1771 1411 1770  255 255 0
3  1772 1413 1412  255 255 0
3  1772 1412 1771  255 255 0
3  1773 1414 1413  255 255 0
3  1773 1413 1772  255 255 0
3  1774 1415 1414  255 255 0
3  1774 1414 1773  255 255 0
3  1775 1416 1415  255 255 0
3  1775 1415 1774  255 255 0
3  1776 1417 1416  255 255 0
3  1776 1416 1775  255 255 0
3  1777 1418 1417  255 255 0
3  1777 1417 1776  255 255 0
3  1778 1419 1418  255 255 0
3  1778 1418 1777  255 255 0
3  1779 1420 1419  255 255 0
3  1779 1419 1778  255 255 0
3  1780 1421 1420  255 255 0
3  1780 1420 1779  255 255 0
3  1781 1422 1421  255 255 0
3  1781 1421 1780  255 255 0
3  1782 1423 1422  255 255 0
3  1782 1422 1781  255 255 0
3  1783 1424 1423  255 255 0
3  1783 1423 1782  255 255 0
3  1784 1425 1424  255 255 0
3  1784 1424 1783  255 255 0
3  1785 1426 1425  255 255 0
3  1785 1425 1784  255 255 0
3  1786 1427 1426  255 255 0
3  1786 1426 1785  255 255 0
3  1787 1428 1427  255 255 0
3  1787 1427 1786  255 255 0
3  1788 1429 1428  255 255 0
3  1788 1428 1787  255 255 0
3  1789 1430 1429  255 255 0
3  1789 1429 1788  255 255 0
3  1790 1431 1430  255 255 0
3  1790 1430 1789  255 255 0
3  1791 1432 1431  255 255 0
3  1791 1431 1790  255 255 0
3  1792 1433 1432  255 255 0
3  1792 1432 1791  255 255 0
3  1793 1434 1433  255 255 0
3  1793 1433 1792  255 255 0
3  1794 1435 1434  255 255 0
3  1794 1434 1793  255 255 0
3  1795 1436 1435  255 255 0
3  1795 1435 1794  255 255 0
3  1796 1437 1436  255 255 0
3  1796 1436 1795  255 255 0
3  1797 1438 1437  255 255 0
3  1797 1437 1796  255 255 0
3  1798 1439 1438  255 255 0
3  1798 1438 1797  255 255 0
3  1799 1440 1439  255 255 0
3  1799 1439 1798  255 255 0
3  1800 1441 1440  255 255 0
3  1800 1440 1799  255 255 0
3  1801 1442 1441  255 255 0
3  1801 1441 1800  255 255 0
3  1802 1443 1442  255 255 0
3  1802 1442 1801  255 255 0
3  1803 1444 1443  255 255 0
3  1803 1443 1802  255 255 0
3  1804 1445 1444  255 255 0
3  1804 1444 1803  255 255 0
3  1805 1446 1445  255 255 0
3  1805 1445 1804  255 255 0
3  1806 1447 1446  255 255 0
3  1806 1446 1805  255 255 0
3  1807 1448 1447  255 255 0
3  1807 1447 1806  255 255 0
3  1808 1449 1448  255 255 0
3  1808 1448 1807  255 255 0
3  1809 1450 1449  255 255 0
3  1809 1449 1808  255 255 0
3  1810 1451 1450  255 255 0
3  1810 1450 1809  255 255 0
3  1811 1452 1451  255 255 0
3  1811 1451 1810  255 255 0
3  1812 1453 1452  255 255 0
3  1812 1452 1811  255 255 0
3  1813 1454 1453  255 255 0
3  1813 1453 1812  255 255 0
3  1814 1455 1454  255 255 0
3  1814 1454 1813  255 255 0
3  1815 1456 1455  255 255 0
3  1815 1455 1814  255 255 0
3  1816 1457 1456  255 255 0
3  1816 1456 1815  255 255 0
3  1817 1458 1457  255 255 0
3  1817 1457 1816  255 255 0
3  1818 1459 1458  255 255 0
3  1818 1458 1817  255 255 0
3  1819 1460 1459  255 255 0
3  1819 1459 1818  255 255 0
3  1820 1461 1460  255 255 0
3  1820 1460 1819  255 255 0
3  1821 1462 1461  255 255 0
3  1821 1461 1820  255 255 0
3  1822 1463 1462  255 255 0
3  1822 1462 1821  255 255 0
3  1823 1464 1463  255 255 0
3  1823 1463 1822  255 255 0
3  1824 1465 1464  255 255 0
3  1824 1464 1823  255 255 0
3  1825 1466 1465  255 255 0
3  1825 1465 1824  255 255 0
3  1826 1467 1466  255 255 0
3  1826 1466 1825  255 255 0
3  1827 1468 1467  255 255 0
3  1827 1467 1826  255 255 0
3  1828 1469 1468  255 255 0
3  1828 1468 1827  255 255 0
3  2506 1470 1469  255 255 0
3  2506 1469 1828  255 255 0
3  1832 1830 1829  255 255 0
3  1832 1829 2507  255 255 0
3  1833 1831 1830  255 255 0
3  1833 1830 1832  255 255 0
3  2461 2465 1831  255 255 0
3  2461 1831 1833  255 255 0
3  1840 1835 1834  255 255 0
3  1840 1834 1839  255 255 0
3  1841 1836 1835  255 255 0
3  1841 1835 1840  255 255 0
3  1842 1837 1836  255 255 0
3  1842 1836 1841  255 255 0
3  1843 1838 1837  255 255 0
3  1843 1837 1842  255 255 0
3  1844 2473 1838  255 255 0
3  1844 1838 1843  255 255 0
3  1845 1840 1839  255 255 0
3  1845 1839 2508  255 255 0
3  1846 1841 1840  255 255 0
3  1846 1840 1845  255 255 0
3  1847 1842 1841  255 255 0
3  1847 1841 1846  255 255 0
3  1848 1843 1842  255 255 0
3  1848 1842 1847  255 255 0
3  2466 1844 1843  255 255 0
3  2466 1843 1848  255 255 0
3  1851 1850 1849  255 255 0
3  1851 1849 2509  255 255 0
3  2474 2475 1850  255 255 0
3  2474 1850 1851  255 255 0
3  1854 1853 1852  255 255 0
3  1854 1852 1849  255 255 0
3  197 2476 1853  255 255 0
3  197 1853 1854  255 255 0
3  1857 1856 1855  255 255 0
3  1857 1855 1852  255 255 0
3  2477 202 1856  255 255 0
3  2477 1856 1857  255 255 0
3  1860 1859 1858  255 255 0
3  1860 1858 1855  255 255 0
3  2478 2479 1859  255 255 0
3  2478 1859 1860  255 255 0
3  1863 1862 1861  255 255 0
3  1863 1861 1858  255 255 0
3  205 208 1862  255 255 0
3  205 1862 1863  255 255 0
3  1868 1865 1864  255 255 0
3  1868 1864 1867  255 255 0
3  1869 1866 1865  255 255 0
3  1869 1865 1868  255 255 0
3  1870 2492 1866  255 255 0
3  1870 1866 1869  255 255 0
3  1871 1868 1867  255 255 0
3  1871 1867 2510  255 255 0
3  1872 1869 1868  255 255 0
3  1872 1868 1871  255 255 0
3  2483 1870 1869  255 255 0
3  2483 1869 1872  255 255 0
3  1877 1874 1873  255 255 0
3  1877 1873 1876  255 255 0
3  1878 1875 1874  255 255 0
3  1878 1874 1877  255 255 0
3  1879 2495 1875  255 255 0
3  1879 1875 1878  255 255 0
3  1880 1877 1876  255 255 0
3  1880 1876 2511  255 255 0
3  1881 1878 1877  255 255 0
3  1881 1877 1880  255 255 0
3  2494 1879 1878  255 255 0
3  2494 1878 1881  255 255 0
3  1884 1883 1882  255 255 0
3  1884 1882 2513  255 255 0
3  2496 221 1883  255 255 0
3  2496 1883 1884  255 255 0
3  1887 1886 1885  255 255 0
3  1887 1885 1882  255 255 0
3  2497 2501 1886  255 255 0
3  2497 1886 1887  255 255 0
3  2502 2498 1888  255 255 0
3  2502 1888 1885  255 255 0
3  1893 1890 1889  255 255 0
3  1893 1889 1888  255 255 0
3  1894 1891 1890  255 255 0
3  1894 1890 1893  255 255 0
3  2500 1892 1891  255 255 0
3  2500 1891 1894  255 255 0
3  1897 1896 1895  255 165 0
3  1897 1895 2392  255 165 0
3  1899 1898 2394  255 165 0
3  1899 2394 2485  255 165 0
3  1900 2518 1898  255 165 0
3  1900 1898 1899  255 165 0
3  1902 1901 236  255 128 0
3  1902 236 1900  255 128 0
3  211 2468 1901  255 128 0
3  211 1901 1902  255 128 0
3  1906 1904 1903  255 64 255
3  1906 1903 1905  255 64 255
3  1908 1906 1905  64 255 255
3  1908 1905 1907  64 255 255
3  1907 1910 1909  128 255 255
3  1907 1909 1908  128 255 255
3  29 1912 1911  0 192 0
3  29 1911 30  0 192 0
3  1915 1913 1912  128 255 64
3  1915 1912 1914  128 255 64
3  1916 1911 1913  128 255 64
3  1916 1913 1915  128 255 64
3  1914 1918 1917  128 255 255
3  1914 1917 1916  128 255 255
3  1918 1920 1919  0 192 192
3  1918 1919 1917  0 192 192
3  25 23 1921  192 0 192
3  25 1921 24  192 0 192
3  2395 1919 1920  192 0 192
3  2395 1920 1921  192 0 192
3  1904 1923 1922  0 192 0
3  1904 1922 1924  0 192 0
3  1923 1926 1925  192 192 0
3  1923 1925 1922  192 192 0
3  2387 1909 1927  0 192 0
3  2387 1927 2391  0 192 0
3  1929 2519 2523  0 192 0
3  1929 2523 1928  0 192 0
3  2521 1929 1928  0 192 0
3  2521 1928 2527  0 192 0
3  1933 1931 1930  255 128 0
3  1933 1930 1932  255 128 0
3  1935 1933 1932  255 128 0
3  1935 1932 1934  255 128 0
3  1939 1936 2528  255 128 0
3  1939 2528 1938  255 128 0
3  1940 1937 1936  255 128 0
3  1940 1936 1939  255 128 0
3  1941 2529 1937  255 128 0
3  1941 1937 1940  255 128 0
3  1943 1939 1938  255 128 0
3  1943 1938 1942  255 128 0
3  1944 1940 1939  255 128 0
3  1944 1939 1943  255 128 0
3  1945 1941 1940  255 128 0
3  1945 1940 1944  255 128 0
3  1955 1947 1946  255 0 255
3  1955 1946 1954  255 0 255
3  1956 1948 1947  255 0 255
3  1956 1947 1955  255 0 255
3  1957 1949 1948  255 0 255
3  1957 1948 1956  255 0 255
3  1958 1950 1949  255 0 255
3  1958 1949 1957  255 0 255
3  1959 1951 1950  255 0 255
3  1959 1950 1958  255 0 255
3  1960 1952 1951  255 0 255
3  1960 1951 1959  255 0 255
3  1961 1953 1952  255 0 255
3  1961 1952 1960  255 0 255
3  1962 1955 1954  255 0 255
3  1962 1954 2532  255 0 255
3  1963 1956 1955  255 0 255
3  1963 1955 1962  255 0 255
3  1964 1957 1956  255 0 255
3  1964 1956 1963  255 0 255
3  1965 1958 1957  255 0 255
3  1965 1957 1964  255 0 255
3  1966 1959 1958  255 0 255
3  1966 1958 1965  255 0 255
3  1967 1960 1959  255 0 255
3  1967 1959 1966  255 0 255
3  2530 1961 1960  255 0 255
3  2530 1960 1967  255 0 255
3  2535 1969 1968  255 0 255
3  2535 1968 2534  255 0 255
3  1972 1970 2383  255 0 255
3  1972 2383 1968  255 0 255
3  1969 1971 1970  255 0 255
3  1969 1970 1972  255 0 255
3  1971 1973 2488  255 0 255
3  1971 2488 2384  255 0 255
3  1978 1974 2470  255 0 255
3  1978 2470 1977  255 0 255
3  1979 1975 1974  255 0 255
3  1979 1974 1978  255 0 255
3  1980 1976 1975  255 0 255
3  1980 1975 1979  255 0 255
3  1981 1978 1977  255 0 255
3  1981 1977 2490  255 0 255
3  1982 1979 1978  255 0 255
3  1982 1978 1981  255 0 255
3  2536 1980 1979  255 0 255
3  2536 1979 1982  255 0 255
3  1985 1983 178  255 0 255
3  1985 178 2472  255 0 255
3  2537 1984 1983  255 0 255
3  2537 1983 1985  255 0 255
3  1990 1986 2445  255 0 255
3  1990 2445 179  255 0 255
3  1991 1987 1986  255 0 255
3  1991 1986 1990  255 0 255
3  1992 1988 1987  255 0 255
3  1992 1987 1991  255 0 255
3  1984 1989 1988  255 0 255
3  1984 1988 1992  255 0 255
3  2538 1993 2401  255 0 255
3  2538 2401 2446  255 0 255
3  2539 1995 1994  255 0 255
3  2539 1994 2402  255 0 255
3  2002 1997 1996  255 0 255
3  2002 1996 2540  255 0 255
3  2003 1998 1997  255 0 255
3  2003 1997 2002  255 0 255
3  2004 1999 1998  255 0 255
3  2004 1998 2003  255 0 255
3  2005 2000 1999  255 0 255
3  2005 1999 2004  255 0 255
3  1995 2001 2000  255 0 255
3  1995 2000 2005  255 0 255
3  2001 2006 2398  128 64 0
3  2001 2398 2541  128 64 0
3  2006 2007 2448  128 64 0
3  2006 2448 2397  128 64 0
3  2011 2009 2008  128 64 0
3  2011 2008 161  128 64 0
3  2007 2010 2009  128 64 0
3  2007 2009 2011  128 64 0
3  2014 2012 2452  128 64 0
3  2014 2452 2013  128 64 0
3  2543 2014 2013  128 64 0
3  2543 2013 2542  128 64 0
3  2544 2016 2015  128 64 0
3  2544 2015 2450  128 64 0
3  2018 2015 2016  64 255 64
3  2018 2016 2017  64 255 64
3  2459 2018 2017  64 255 64
3  2459 2017 2019  64 255 64
3  2464 2458 2545  64 255 64
3  2464 2545 2020  64 255 64
3  2023 2021 2546  64 255 64
3  2023 2546 2022  64 255 64
3  2024 2462 2021  64 255 64
3  2024 2021 2023  64 255 64
3  2026 2023 2022  64 255 64
3  2026 2022 2025  64 255 64
3  2481 2024 2023  64 255 64
3  2481 2023 2026  64 255 64
3  2029 2027 2547  64 255 64
3  2029 2547 2028  64 255 64
3  1892 2480 2027  64 255 64
3  1892 2027 2029  64 255 64
3  2031 2514 2548  64 255 64
3  2031 2548 2030  64 255 64
3  2516 2031 2030  64 255 64
3  2516 2030 2032  64 255 64
3  2037 2033 2550  64 255 64
3  2037 2550 2036  64 255 64
3  2038 2034 2033  64 255 64
3  2038 2033 2037  64 255 64
3  2039 2035 2034  64 255 64
3  2039 2034 2038  64 255 64
3  2526 2515 2035  64 255 64
3  2526 2035 2039  64 255 64
3  2042 2040 2036  64 255 64
3  2042 2036 2041  64 255 64
3  2389 2524 2040  64 255 64
3  2389 2040 2042  64 255 64
3  2044 15 2041  64 255 64
3  2044 2041 2043  64 255 64
3  1931 2044 2043  255 128 0
3  1931 2043 1930  255 128 0
3  2068 2064 2052  128 0 255
3  2065 2066 2068  128 0 255
3  2052 2065 2068  128 0 255
3  2064 2068 2070  128 0 255
3  2064 2070 2067  128 0 255
3  2068 2066 2069  128 0 255
3  2068 2069 2070  128 0 255
3  2121 2123 2122  128 0 255
3  2121 2122 2120  128 0 255
3  2118 2120 2119  128 0 255
3  2118 2119 2117  128 0 255
3  2115 2117 2116  128 0 255
3  2115 2116 2114  128 0 255
3  2106 2114 2113  128 0 255
3  2106 2113 2054  128 0 255
3  2055 2072 2073  128 0 255
3  2055 2073 2071  128 0 255
3  2072 2052 2064  128 0 255
3  2072 2064 2073  128 0 255
3  2072 2055 2056  128 0 255
3  2053 2052 2072  128 0 255
3  2056 2053 2072  128 0 255
3  2107 2054 2053  128 0 255
3  2056 2057 2107  128 0 255
3  2053 2056 2107  128 0 255
3  2112 2110 2106  128 0 255
3  2112 2106 2111  128 0 255
3  2109 2112 2111  128 0 255
3  2109 2111 2108  128 0 255
3  2111 2106 2054  128 0 255
3  2107 2108 2111  128 0 255
3  2054 2107 2111  128 0 255
3  2105 2108 2107  128 0 255
3  2105 2107 2057  128 0 255
3  2058 2075 2076  128 0 255
3  2058 2076 2074  128 0 255
3  2075 2055 2071  128 0 255
3  2075 2071 2076  128 0 255
3  2075 2058 2080  128 0 255
3  2080 2059 2056  128 0 255
3  2056 2055 2075  128 0 255
3  2075 2080 2056  128 0 255
3  2087 2060 2057  128 0 255
3  2056 2059 2087  128 0 255
3  2057 2056 2087  128 0 255
3  2077 2058 2074  128 0 255
3  2077 2074 2078  128 0 255
3  2082 2079 2083  128 0 255
3  2082 2083 2085  128 0 255
3  2085 2083 2081  128 0 255
3  2085 2081 2084  128 0 255
3  2083 2079 2059  128 0 255
3  2080 2081 2083  128 0 255
3  2059 2080 2083  128 0 255
3  2081 2080 2058  128 0 255
3  2081 2058 2077  128 0 255
3  2086 2060 2087  128 0 255
3  2086 2087 2088  128 0 255
3  2090 2088 2087  128 0 255
3  2059 2079 2090  128 0 255
3  2087 2059 2090  128 0 255
3  2089 2088 2090  128 0 255
3  2089 2090 2091  128 0 255
3  2091 2090 2079  128 0 255
3  2091 2079 2082  128 0 255
3  2104 2102 2101  128 0 255
3  2104 2101 2103  128 0 255
3  2101 2099 2098  128 0 255
3  2101 2098 2100  128 0 255
3  2098 2096 2095  128 0 255
3  2098 2095 2097  128 0 255
3  2095 2094 2060  128 0 255
3  2095 2060 2086  128 0 255
3  2066 2043 2041  128 0 255
3  2041 2069 2066  128 0 255
3  2061 2043 2066  128 0 255
3  2069 2041 2036  128 0 255
3  2065 2061 2066  128 0 255
3  1930 2061 2065  128 0 255
3  2116 1932 2113  128 0 255
3  1930 2113 1932  128 0 255
3  2114 2116 2113  128 0 255
3  1934 1932 2116  128 0 255
3  2113 1930 2053  128 0 255
3  2053 1930 2065  128 0 255
3  2070 2036 2550  128 0 255
3  2070 2550 2067  128 0 255
3  2062 2067 2550  128 0 255
3  2073 2067 2062  128 0 255
3  2052 2053 2065  128 0 255
3  2053 2054 2113  128 0 255
3  2073 2064 2067  128 0 255
3  2073 2062 2063  128 0 255
3  2069 2036 2070  128 0 255
3  2531 1934 2122  128 0 255
3  2120 2122 1934  128 0 255
3  2117 2119 2116  128 0 255
3  2118 1969 2120  128 0 255
3  1934 2119 2120  128 0 255
3  2119 1934 2116  128 0 255
3  2123 2535 2531  128 0 255
3  2535 2121 1969  128 0 255
3  2120 1969 2121  128 0 255
3  2123 2121 2535  128 0 255
3  2123 2531 2122  128 0 255
3  2106 2110 2115  128 0 255
3  2106 2115 2114  128 0 255
3  2117 2115 2118  128 0 255
3  2109 1989 2112  128 0 255
3  2537 2110 2112  128 0 255
3  1973 2115 2110  128 0 255
3  2118 2115 1971  128 0 255
3  1971 2115 1973  128 0 255
3  1969 2118 1971  128 0 255
3  2110 2537 1973  128 0 255
3  2537 2112 1984  128 0 255
3  1984 2112 1989  128 0 255
3  2028 2076 2063  128 0 255
3  2547 2074 2028  128 0 255
3  2020 2074 2547  128 0 255
3  2545 2078 2020  128 0 255
3  2063 2076 2071  128 0 255
3  2020 2078 2074  128 0 255
3  2544 2077 2078  128 0 255
3  2074 2076 2028  128 0 255
3  2078 2545 2016  128 0 255
3  2073 2063 2071  128 0 255
3  2084 2081 2077  128 0 255
3  2010 2085 2084  128 0 255
3  2084 2077 2544  128 0 255
3  2544 2010 2084  128 0 255
3  2544 2078 2016  128 0 255
3  2007 2091 2082  128 0 255
3  2089 2091 2007  128 0 255
3  2010 2007 2082  128 0 255
3  2006 2089 2007  128 0 255
3  2010 2082 2085  128 0 255
3  2086 2088 2089  128 0 255
3  2108 2105 2109  128 0 255
3  2105 2057 2060  128 0 255
3  2105 2060 2094  128 0 255
3  2092 2105 2094  128 0 255
3  2093 2105 2092  128 0 255
3  2105 2093 2109  128 0 255
3  1989 2109 2093  128 0 255
3  2092 2094 2539  128 0 255
3  2539 2094 2096  128 0 255
3  2099 2539 2096  128 0 255
3  2095 2096 2094  128 0 255
3  2095 2086 2097  128 0 255
3  2100 2098 2097  128 0 255
3  2006 2100 2097  128 0 255
3  2103 2100 2006  128 0 255
3  2006 2097 2086  128 0 255
3  2096 2098 2099  128 0 255
3  1995 2102 2104  128 0 255
3  2539 2102 1995  128 0 255
3  2099 2101 2102  128 0 255
3  2104 2103 2001  128 0 255
3  2006 2001 2103  128 0 255
3  1995 2104 2001  128 0 255
3  2103 2101 2100  128 0 255
3  2539 2099 2102  128 0 255
3  2006 2086 2089  128 0 255
3  2126 2136 2135  128 255 128
3  2124 2126 2135  128 255 128
3  2127 2126 2124  128 255 128
3  2125 2127 2124  128 255 128
3  2130 2129 2127  128 255 128
3  2128 2130 2127  128 255 128
3  2133 2132 2130  128 255 128
3  2131 2133 2130  128 255 128
3  2533 2534 2133  128 255 128
3  2533 2133 1935  128 255 128
3  2133 2534 2132  128 255 128
3  2133 2131 1935  128 255 128
3  1935 2131 2128  128 255 128
3  2132 2534 2129  128 255 128
3  2136 1968 2383  128 255 128
3  2132 2129 2130  128 255 128
3  2534 1968 2129  128 255 128
3  2128 2127 2125  128 255 128
3  2129 1968 2126  128 255 128
3  2131 2130 2128  128 255 128
3  2126 2127 2129  128 255 128
3  1933 1935 2128  128 255 128
3  2128 2125 1933  128 255 128
3  1933 2125 1931  128 255 128
3  1931 2125 2124  128 255 128
3  9 2134 1931  128 255 128
3  2134 12 2044  128 255 128
3  2124 2135 9  128 255 128
3  2135 2136 2382  128 255 128
3  2124 9 1931  128 255 128
3  12 2134 9  128 255 128
3  2382 9 2135  128 255 128
3  15 2044 12  128 255 128
3  2382 2136 2383  128 255 128
3  2136 2126 1968  128 255 128
3  2142 2141 2138  192 0 0
3  2140 2142 2138  192 0 0
3  2145 2144 2142  192 0 0
3  2143 2145 2142  192 0 0
3  212 210 2145  192 0 0
3  2145 2143 212  192 0 0
3  231 212 2143  192 0 0
3  2145 210 2144  192 0 0
3  21 25 2139  192 0 0
3  2142 2144 2141  192 0 0
3  2141 2144 2139  192 0 0
3  210 2139 2144  192 0 0
3  2139 25 2141  192 0 0
3  2140 2143 2142  192 0 0
3  231 2140 2386  192 0 0
3  2137 2140 2138  192 0 0
3  2140 2137 2386  192 0 0
3  2137 2138 27  192 0 0
3  2138 2141 25  192 0 0
3  23 25 21  192 0 0
3  27 28 2385  192 0 0
3  27 2385 2137  192 0 0
3  2138 25 27  192 0 0
3  2143 2140 231  192 0 0
3  2149 2150 2152  64 0 128
3  2151 2149 2152  64 0 128
3  36 2147 34  64 0 128
3  34 2149 32  64 0 128
3  34 2146 2149  64 0 128
3  2146 2147 2403  64 0 128
3  2147 2146 34  64 0 128
3  2150 2149 2146  64 0 128
3  32 2151 2148  64 0 128
3  2148 2151 2152  64 0 128
3  2152 2150 2540  64 0 128
3  2540 1996 2152  64 0 128
3  2148 2152 1996  64 0 128
3  2540 2150 2146  64 0 128
3  2149 2151 32  64 0 128
3  2156 2158 2160  255 255 64
3  2159 2156 2160  255 255 64
3  2159 2160 2157  255 255 64
3  2154 2159 2157  255 255 64
3  2155 2156 2159  255 255 64
3  2159 2154 2153  255 255 64
3  2159 2153 2155  255 255 64
3  37 2153 94  255 255 64
3  37 2405 2153  255 255 64
3  2155 2153 2405  255 255 64
3  79 2153 2154  255 255 64
3  2155 2405 2408  255 255 64
3  38 37 2161  255 255 64
3  2155 2408 2156  255 255 64
3  2158 2408 2412  255 255 64
3  2408 2158 2156  255 255 64
3  2158 2412 2160  255 255 64
3  2157 2160 56  255 255 64
3  56 63 2157  255 255 64
3  2422 2157 63  255 255 64
3  56 2160 2412  255 255 64
3  2422 2154 2157  255 255 64
3  120 2161 2434  255 255 64
3  2161 120 125  255 255 64
3  2434 2161 104  255 255 64
3  132 137 2161  255 255 64
3  2161 125 132  255 255 64
3  2447 2161 137  255 255 64
3  2154 2422 79  255 255 64
3  84 2153 79  255 255 64
3  37 94 99  255 255 64
3  94 2153 89  255 255 64
3  89 2153 84  255 255 64
3  2161 99 104  255 255 64
3  2161 37 99  255 255 64
3  41 43 2449  255 228 196
3  43 35 33  255 228 196
3  33 2162 43  255 228 196
3  33 31 2162  255 228 196
3  43 2162 2449  255 228 196
3  2167 2168 2170  64 255 255
3  2169 2167 2170  64 255 255
3  2164 2165 2167  64 255 255
3  2166 2164 2167  64 255 255
3  2173 2172 2164  64 255 255
3  2171 2173 2164  64 255 255
3  161 2008 2173  64 255 255
3  2171 163 2173  64 255 255
3  161 2173 163  64 255 255
3  2173 2008 2172  64 255 255
3  2172 2453 2165  64 255 255
3  2453 2172 2008  64 255 255
3  2165 2453 2163  64 255 255
3  2172 2165 2164  64 255 255
3  2165 2163 2168  64 255 255
3  2166 2171 2164  64 255 255
3  48 2171 2166  64 255 255
3  2166 2167 2169  64 255 255
3  2166 47 48  64 255 255
3  2166 2169 47  64 255 255
3  2168 2167 2165  64 255 255
3  45 2170 2456  64 255 255
3  2170 45 2169  64 255 255
3  2456 2170 2168  64 255 255
3  47 2169 45  64 255 255
3  2456 2168 2163  64 255 255
3  48 163 2171  64 255 255
3  2176 2451 2175  123 104 238
3  2015 2018 2175  123 104 238
3  2176 2175 2174  123 104 238
3  2018 2174 2175  123 104 238
3  2018 2459 2174  123 104 238
3  2176 2174 2455  123 104 238
3  2180 2179 2177  0 255 0
3  2178 2180 2177  0 255 0
3  2183 2182 2180  0 255 0
3  2181 2183 2180  0 255 0
3  2186 2185 2183  0 255 0
3  2184 2186 2183  0 255 0
3  2189 2188 2186  0 255 0
3  2187 2189 2186  0 255 0
3  180 746 2189  0 255 0
3  2189 2187 180  0 255 0
3  2188 2189 746  0 255 0
3  182 180 2187  0 255 0
3  2188 746 175  0 255 0
3  2185 2186 2188  0 255 0
3  2185 175 2182  0 255 0
3  2184 2183 2181  0 255 0
3  2185 2182 2183  0 255 0
3  2187 2186 2184  0 255 0
3  175 2185 2188  0 255 0
3  182 2187 2184  0 255 0
3  2178 182 2181  0 255 0
3  2178 2181 2180  0 255 0
3  182 2445 2444  0 255 0
3  2184 2181 182  0 255 0
3  2180 2182 2179  0 255 0
3  182 2178 2177  0 255 0
3  177 2177 175  0 255 0
3  2445 177 179  0 255 0
3  2177 177 182  0 255 0
3  177 2445 182  0 255 0
3  175 2177 2179  0 255 0
3  2179 2182 175  0 255 0
3  2193 2442 2192  255 128 128
3  2440 2191 2192  255 128 128
3  2193 2192 2191  255 128 128
3  2461 2194 2190  255 128 128
3  2190 2194 2191  255 128 128
3  2461 2190 2465  255 128 128
3  2191 2194 2193  255 128 128
3  2202 2203 2201  64 64 255
3  2200 2202 2201  64 64 255
3  2199 2200 2198  64 64 255
3  2197 2199 2198  64 64 255
3  2199 2411 2202  64 64 255
3  2411 2199 2195  64 64 255
3  2199 2202 2200  64 64 255
3  2202 2411 2409  64 64 255
3  2409 169 2203  64 64 255
3  2203 169 2201  64 64 255
3  2409 2203 2202  64 64 255
3  2195 2197 2464  64 64 255
3  2464 2197 2458  64 64 255
3  2198 2201 2196  64 64 255
3  2200 2201 2198  64 64 255
3  2196 2458 2198  64 64 255
3  2197 2198 2458  64 64 255
3  2196 2201 169  64 64 255
3  2199 2197 2195  64 64 255
3  129 126 194  128 128 255
3  2204 129 194  128 128 255
3  2204 194 192  128 128 255
3  2467 2204 192  128 128 255
3  2206 2207 2221  255 0 0
3  2221 2209 2208  255 0 0
3  2221 2208 2206  255 0 0
3  2209 2210 2218  255 0 0
3  2218 2212 2211  255 0 0
3  2218 2211 2209  255 0 0
3  2216 2215 2213  255 0 0
3  2214 2216 2213  255 0 0
3  2227 2226 2216  255 0 0
3  2225 2227 2216  255 0 0
3  2219 2218 2210  255 0 0
3  2217 2219 2210  255 0 0
3  2213 2212 2218  255 0 0
3  2219 2213 2218  255 0 0
3  2222 2221 2207  255 0 0
3  2220 2222 2207  255 0 0
3  2210 2209 2221  255 0 0
3  2222 2210 2221  255 0 0
3  2207 2206 2223  255 0 0
3  2224 2207 2223  255 0 0
3  2227 174 235  255 0 0
3  174 2227 2225  255 0 0
3  2227 235 2226  255 0 0
3  2225 2216 2214  255 0 0
3  2216 2226 2215  255 0 0
3  176 174 2225  255 0 0
3  2226 235 2211  255 0 0
3  235 2469 2211  255 0 0
3  2226 2211 2215  255 0 0
3  2213 2219 2214  255 0 0
3  2211 2212 2215  255 0 0
3  2208 2211 2469  255 0 0
3  2212 2213 2215  255 0 0
3  2214 2219 2217  255 0 0
3  2225 2214 2217  255 0 0
3  2217 2210 2222  255 0 0
3  176 2220 2224  255 0 0
3  2222 2220 176  255 0 0
3  2222 176 2217  255 0 0
3  2225 2217 176  255 0 0
3  2224 178 176  255 0 0
3  2208 2205 2206  255 0 0
3  2205 2208 2469  255 0 0
3  2205 2472 2223  255 0 0
3  2224 2223 178  255 0 0
3  2472 178 2223  255 0 0
3  2205 2223 2206  255 0 0
3  2220 2207 2224  255 0 0
3  2208 2209 2211  255 0 0
3  2230 123 121  64 255 128
3  121 2229 2230  64 255 128
3  2231 2230 2229  64 255 128
3  2474 2231 2228  64 255 128
3  2228 2475 2474  64 255 128
3  2228 2231 2229  64 255 128
3  197 199 2232  240 128 128
3  197 2232 2476  240 128 128
3  118 116 199  240 128 128
3  199 116 2232  240 128 128
3  202 2477 2233  255 20 147
3  2431 2233 2433  255 20 147
3  2233 2431 202  255 20 147
3  2235 102 100  255 240 245
3  2235 100 2234  255 240 245
3  2478 2234 2479  255 240 245
3  2234 2478 2235  255 240 245
3  208 205 97  255 64 64
3  95 208 97  255 64 64
3  54 2237 2236  255 0 0
3  54 2236 55  255 0 0
3  2463 2482 2237  255 0 0
3  2237 2482 2236  255 0 0
3  2484 2239 2238  0 0 255
3  2484 2238 2493  0 0 255
3  92 90 2239  0 0 255
3  2239 90 2238  0 0 255
3  2243 2244 2242  128 255 255
3  2241 2243 2242  128 255 255
3  2243 2468 211  128 255 255
3  2241 2245 2468  128 255 255
3  2243 2241 2468  128 255 255
3  2244 211 213  128 255 255
3  211 2244 2243  128 255 255
3  2244 213 2240  128 255 255
3  2471 2245 2241  128 255 255
3  2471 2241 2491  128 255 255
3  2491 2242 2240  128 255 255
3  2242 2491 2241  128 255 255
3  2240 2242 2244  128 255 255
3  219 218 87  0 0 192
3  85 219 87  0 0 192
3  82 80 223  255 0 255
3  82 223 2246  255 0 255
3  2496 2246 221  255 0 255
3  221 2246 223  255 0 255
3  77 75 2501  255 255 64
3  2497 77 2501  255 255 64
3  2248 2250 2249  72 61 139
3  2247 60 2249  72 61 139
3  2249 57 2251  72 61 139
3  57 2249 60  72 61 139
3  2249 2251 2248  72 61 139
3  2250 2247 2249  72 61 139
3  2500 2250 1892  72 61 139
3  2250 2500 2247  72 61 139
3  1892 2248 2480  72 61 139
3  2248 1892 2250  72 61 139
3  2480 2248 2251  72 61 139
3  2252 2499 2253  224 255 255
3  2252 2256 2503  224 255 255
3  2256 2252 2253  224 255 255
3  2255 2254 2419  224 255 255
3  2256 2254 2255  224 255 255
3  2421 2255 2419  224 255 255
3  2253 2254 2256  224 255 255
3  232 2 5  50 205 50
3  8 2258 5  50 205 50
3  232 5 2257  50 205 50
3  2258 2257 5  50 205 50
3  2258 2489 2257  50 205 50
3  232 2257 2487  50 205 50
3  2306 2274 2303  0 0 255
3  2303 2261 2290  0 0 255
3  2303 2290 2306  0 0 255
3  2305 2306 2290  0 0 255
3  2260 2305 2290  0 0 255
3  2327 2338 2340  0 0 255
3  2339 2327 2340  0 0 255
3  2339 2340 2344  0 0 255
3  2344 2326 2317  0 0 255
3  2344 2317 2339  0 0 255
3  2343 2327 2339  0 0 255
3  2339 2317 2336  0 0 255
3  2339 2336 2343  0 0 255
3  2341 2316 2327  0 0 255
3  2343 2341 2327  0 0 255
3  2283 2341 2343  0 0 255
3  2342 2283 2343  0 0 255
3  2342 2343 2336  0 0 255
3  2295 2342 2336  0 0 255
3  2295 2336 2337  0 0 255
3  2322 2295 2337  0 0 255
3  2281 2328 2330  0 0 255
3  2329 2281 2330  0 0 255
3  2330 2316 2341  0 0 255
3  2341 2283 2329  0 0 255
3  2341 2329 2330  0 0 255
3  2329 2283 2296  0 0 255
3  2278 2281 2329  0 0 255
3  2296 2282 2278  0 0 255
3  2278 2329 2296  0 0 255
3  2323 2295 2322  0 0 255
3  2325 2323 2322  0 0 255
3  2298 2323 2325  0 0 255
3  2324 2298 2325  0 0 255
3  2325 2293 2319  0 0 255
3  2319 2279 2324  0 0 255
3  2319 2324 2325  0 0 255
3  2342 2295 2323  0 0 255
3  2296 2283 2342  0 0 255
3  2323 2298 2296  0 0 255
3  2296 2342 2323  0 0 255
3  2282 2296 2298  0 0 255
3  2297 2282 2298  0 0 255
3  2324 2279 2309  0 0 255
3  2297 2298 2324  0 0 255
3  2309 2272 2297  0 0 255
3  2297 2324 2309  0 0 255
3  2276 2331 2333  0 0 255
3  2332 2276 2333  0 0 255
3  2332 2333 2281  0 0 255
3  2278 2332 2281  0 0 255
3  2332 2278 2299  0 0 255
3  2275 2276 2332  0 0 255
3  2299 2277 2275  0 0 255
3  2275 2332 2299  0 0 255
3  2297 2272 2313  0 0 255
3  2301 2282 2297  0 0 255
3  2313 2284 2301  0 0 255
3  2301 2297 2313  0 0 255
3  2299 2278 2282  0 0 255
3  2301 2299 2282  0 0 255
3  2277 2299 2301  0 0 255
3  2300 2277 2301  0 0 255
3  2300 2301 2284  0 0 255
3  2270 2300 2284  0 0 255
3  2334 2335 2276  0 0 255
3  2275 2334 2276  0 0 255
3  2304 2277 2300  0 0 255
3  2300 2270 2287  0 0 255
3  2300 2287 2304  0 0 255
3  2302 2275 2277  0 0 255
3  2304 2302 2277  0 0 255
3  2274 2302 2304  0 0 255
3  2303 2274 2304  0 0 255
3  2303 2304 2287  0 0 255
3  2261 2303 2287  0 0 255
3  2259 2260 2291  0 0 255
3  2291 2263 2262  0 0 255
3  2291 2262 2259  0 0 255
3  2290 2261 2288  0 0 255
3  2288 2271 2292  0 0 255
3  2288 2292 2290  0 0 255
3  2260 2290 2292  0 0 255
3  2291 2260 2292  0 0 255
3  2263 2291 2292  0 0 255
3  2319 2293 2318  0 0 255
3  2321 2319 2318  0 0 255
3  2279 2319 2321  0 0 255
3  2320 2279 2321  0 0 255
3  2320 2321 2307  0 0 255
3  2294 2320 2307  0 0 255
3  2309 2279 2320  0 0 255
3  2320 2294 2311  0 0 255
3  2320 2311 2309  0 0 255
3  2272 2309 2311  0 0 255
3  2310 2272 2311  0 0 255
3  2310 2311 2308  0 0 255
3  2280 2310 2308  0 0 255
3  2313 2272 2310  0 0 255
3  2310 2280 2315  0 0 255
3  2310 2315 2313  0 0 255
3  2284 2313 2315  0 0 255
3  2314 2284 2315  0 0 255
3  2314 2315 2312  0 0 255
3  2286 2314 2312  0 0 255
3  2270 2284 2314  0 0 255
3  2314 2286 2285  0 0 255
3  2314 2285 2270  0 0 255
3  2287 2270 2285  0 0 255
3  2285 2273 2289  0 0 255
3  2285 2289 2287  0 0 255
3  2261 2287 2289  0 0 255
3  2288 2261 2289  0 0 255
3  2265 2305 2259  0 0 255
3  2305 2264 2306  0 0 255
3  2264 2305 2265  0 0 255
3  2517 2265 2266  0 0 255
3  2518 1900 2334  0 0 255
3  2334 2302 2518  0 0 255
3  2518 2274 2306  0 0 255
3  2302 2274 2518  0 0 255
3  2264 2518 2306  0 0 255
3  2334 1900 2335  0 0 255
3  2260 2259 2305  0 0 255
3  2265 2259 2266  0 0 255
3  2267 2266 2259  0 0 255
3  2325 2322 2293  0 0 255
3  2331 2276 2335  0 0 255
3  2275 2302 2334  0 0 255
3  2331 2335 1900  0 0 255
3  2281 2333 2328  0 0 255
3  2330 2328 2338  0 0 255
3  2328 2333 236  0 0 255
3  236 2331 1900  0 0 255
3  2327 2316 2338  0 0 255
3  236 2338 2328  0 0 255
3  2338 2316 2330  0 0 255
3  2338 236 233  0 0 255
3  2331 236 2333  0 0 255
3  2336 2317 2337  0 0 255
3  2337 2318 2322  0 0 255
3  2337 2317 238  0 0 255
3  2344 2340 233  0 0 255
3  2326 233 238  0 0 255
3  233 2326 2344  0 0 255
3  2326 238 2317  0 0 255
3  233 2340 2338  0 0 255
3  740 2337 238  0 0 255
3  2293 2322 2318  0 0 255
3  2267 2262 2549  0 0 255
3  1861 2262 2263  0 0 255
3  1861 2263 1858  0 0 255
3  1852 1855 2292  0 0 255
3  2292 1855 2263  0 0 255
3  1858 2263 1855  0 0 255
3  2292 1849 1852  0 0 255
3  2549 2262 2268  0 0 255
3  2268 1882 2269  0 0 255
3  1888 1889 2269  0 0 255
3  2269 1885 1888  0 0 255
3  2512 2262 1861  0 0 255
3  1882 2268 2513  0 0 255
3  2269 1882 1885  0 0 255
3  2512 2513 2262  0 0 255
3  2268 2262 2513  0 0 255
3  2294 2308 2311  0 0 255
3  2315 2280 2312  0 0 255
3  2294 2507 2308  0 0 255
3  2321 2318 2307  0 0 255
3  2507 2307 740  0 0 255
3  2307 2507 2294  0 0 255
3  740 2307 2318  0 0 255
3  740 2318 2337  0 0 255
3  2271 2509 1849  0 0 255
3  2509 2271 2289  0 0 255
3  2271 1849 2292  0 0 255
3  2288 2289 2271  0 0 255
3  2289 2273 2509  0 0 255
3  2312 2280 2308  0 0 255
3  1829 2286 2312  0 0 255
3  2285 2286 1829  0 0 255
3  2273 1829 2509  0 0 255
3  2507 1829 2312  0 0 255
3  2273 2285 1829  0 0 255
3  2507 2312 2308  0 0 255
3  2259 2262 2267  0 0 255
3  2364 2352 2363  0 255 255
3  2366 2364 2363  0 255 255
3  2353 2364 2366  0 255 255
3  2365 2353 2366  0 255 255
3  2345 2361 2362  0 255 255
3  2352 2345 2362  0 255 255
3  2359 2346 2363  0 255 255
3  2362 2350 2359  0 255 255
3  2363 2352 2362  0 255 255
3  2362 2359 2363  0 255 255
3  2356 2354 2349  0 255 255
3  2355 2346 2354  0 255 255
3  2356 2355 2354  0 255 255
3  2360 2358 2351  0 255 255
3  2357 2360 2351  0 255 255
3  2359 2350 2358  0 255 255
3  2360 2359 2358  0 255 255
3  2360 2349 2354  0 255 255
3  2354 2346 2359  0 255 255
3  2354 2359 2360  0 255 255
3  2349 2360 2357  0 255 255
3  2348 2349 2357  0 255 255
3  2372 2515 2371  0 255 255
3  2526 2371 2515  0 255 255
3  2371 2370 2372  0 255 255
3  2373 2372 2370  0 255 255
3  2373 1923 2374  0 255 255
3  2374 1923 2375  0 255 255
3  1923 1904 1906  0 255 255
3  1906 1919 1923  0 255 255
3  1919 1906 2365  0 255 255
3  2370 1923 2373  0 255 255
3  1908 1909 2345  0 255 255
3  2345 1909 2361  0 255 255
3  2361 2387 2369  0 255 255
3  2387 2361 1909  0 255 255
3  2369 2362 2361  0 255 255
3  2345 2352 1908  0 255 255
3  2353 2365 1906  0 255 255
3  2364 2353 1908  0 255 255
3  1917 2365 2366  0 255 255
3  2352 2364 1908  0 255 255
3  2353 1906 1908  0 255 255
3  2362 2369 2368  0 255 255
3  1923 1919 2375  0 255 255
3  2365 1917 1919  0 255 255
3  1917 2355 2356  0 255 255
3  1916 1917 2356  0 255 255
3  2355 1917 2346  0 255 255
3  1911 1916 2348  0 255 255
3  2363 1917 2366  0 255 255
3  2393 2376 2377  0 255 255
3  2347 2377 1919  0 255 255
3  2347 2396 2377  0 255 255
3  1919 2377 2376  0 255 255
3  2375 1919 2376  0 255 255
3  1911 2348 30  0 255 255
3  2346 1917 2363  0 255 255
3  2368 2367 2350  0 255 255
3  2362 2368 2350  0 255 255
3  2349 1916 2356  0 255 255
3  30 2348 2357  0 255 255
3  2351 2367 2388  0 255 255
3  2367 2351 2358  0 255 255
3  2351 2388 2357  0 255 255
3  2388 30 2357  0 255 255
3  2367 2358 2350  0 255 255
3  2348 1916 2349  0 255 255
3  2381 2051 2050  255 128 128
3  2380 2381 2379  255 128 128
3  2378 2380 2379  255 128 128
3  2380 1920 2051  255 128 128
3  2378 1921 1920  255 128 128
3  2380 2378 1920  255 128 128
3  2051 1920 1918  255 128 128
3  2050 1918 1914  255 128 128
3  1918 2050 2051  255 128 128
3  1914 1912 2050  255 128 128
3  1912 29 2379  255 128 128
3  2050 1912 2381  255 128 128
3  2051 2381 2380  255 128 128
3  1921 2378 24  255 128 128
3  24 2378 26  255 128 128
3  2379 29 2378  255 128 128
3  26 2378 29  255 128 128
3  1912 2379 2381  255 128 128
3  2520 2522 2048  255 255 128
3  2049 2520 2048  255 255 128
3  2049 2048 1907  255 255 128
3  1905 2049 1907  255 255 128
3  2391 1927 2047  0 0 192
3  1924 1922 2045  0 0 192
3  2045 1927 1924  0 0 192
3  2390 2047 2046  0 0 192
3  2046 2045 2525  0 0 192
3  2045 2046 2047  0 0 192
3  2045 2047 1927  0 0 192

