OFF
2868 3211 0
300725.420317382843 66724.144868164061 25.272972106934
300725.420317382843 66724.144868164061 63.606700897217
300725.420317382843 66724.144868164061 101.940429687500
300729.024199218780 66730.688813476561 25.272972106934
300729.024199218780 66730.688813476561 63.606700897217
300729.024199218780 66730.688813476561 101.940429687500
300732.628142089874 66737.232758789061 25.272972106934
300732.628142089874 66737.232758789061 63.606700897217
300732.628142089874 66737.232758789061 101.940429687500
300718.444548339874 66711.478364257811 25.272972106934
300718.444548339874 66711.478364257811 105.341262817383
300725.420317382843 66724.144868164061 25.272972106934
300725.420317382843 66724.144868164061 105.341262817383
300709.665007324249 66695.541840820311 25.272972106934
300709.665007324249 66695.541840820311 108.509742736816
300718.444548339874 66711.478364257811 25.272972106934
300718.444548339874 66711.478364257811 108.509742736816
300703.759916992218 66684.822968749999 25.272972106934
300703.759916992218 66684.822968749999 65.506851196289
300703.759916992218 66684.822968749999 105.740737915039
300709.665007324249 66695.541840820311 25.272972106934
300709.665007324249 66695.541840820311 65.506851196289
300709.665007324249 66695.541840820311 105.740737915039
300704.102202148468 66719.253144531249 108.509742736816
300704.102202148468 66719.253144531249 105.341262817383
300709.650603027374 66716.196503906249 108.509742736816
300709.650603027374 66716.196503906249 105.341262817383
300711.211638183624 66719.030244140624 113.931343078613
300711.211638183624 66719.030244140624 105.341262817383
300715.491179199249 66716.672578124999 113.931343078613
300715.491179199249 66716.672578124999 105.341262817383
300713.983671875030 66713.936005859374 105.341262817383
300713.983671875030 66713.936005859374 113.931343078613
300715.491179199249 66716.672578124999 105.341262817383
300715.491179199249 66716.672578124999 113.931343078613
300713.983671875030 66713.936005859374 108.509742736816
300713.983671875030 66713.936005859374 105.341262817383
300718.444548339874 66711.478364257811 108.509742736816
300718.444548339874 66711.478364257811 105.341262817383
300607.624602050812 66791.665009765624 37.626693725586
300607.624602050812 66791.665009765624 34.727409362793
300615.852873535187 66787.132050781249 37.626693725586
300615.852873535187 66787.132050781249 34.727409362793
300624.081206054718 66782.598847656249 37.626693725586
300624.081206054718 66782.598847656249 34.727409362793
300624.081206054718 66782.598847656249 20.979322433472
300624.081206054718 66782.598847656249 34.727409362793
300630.181181640655 66793.671601562499 20.979322433472
300630.181181640655 66793.671601562499 34.727409362793
300617.187773437530 66770.086030273436 20.979322433472
300617.187773437530 66770.086030273436 37.626693725586
300620.634489746124 66776.342499999999 20.979322433472
300620.634489746124 66776.342499999999 37.626693725586
300624.081206054718 66782.598847656249 20.979322433472
300624.081206054718 66782.598847656249 37.626693725586
300609.262907714874 66755.700898437499 20.979322433472
300609.262907714874 66755.700898437499 40.546573638916
300613.225310058624 66762.893403320311 20.979322433472
300613.225310058624 66762.893403320311 40.546573638916
300617.187773437530 66770.086030273436 20.979322433472
300617.187773437530 66770.086030273436 40.546573638916
300609.262907714874 66755.700898437499 47.214012145996
300609.262907714874 66755.700898437499 20.979322433472
300613.395537109405 66753.534394531249 47.214012145996
300613.395537109405 66753.534394531249 20.979322433472
300617.528288574249 66751.368012695311 47.214012145996
300617.528288574249 66751.368012695311 20.979322433472
300617.528288574249 66751.368012695311 50.164543151855
300617.528288574249 66751.368012695311 20.979322433472
300623.221403808624 66748.383637695311 50.164543151855
300623.221403808624 66748.383637695311 20.979322433472
300623.221403808624 66748.383637695311 53.250465393066
300623.221403808624 66748.383637695311 42.493419647217
300623.221403808624 66748.383637695311 31.736370086670
300623.221403808624 66748.383637695311 20.979322433472
300625.171293945343 66747.361420898436 53.250465393066
300625.171293945343 66747.361420898436 42.493419647217
300625.171293945343 66747.361420898436 31.736370086670
300625.171293945343 66747.361420898436 20.979322433472
300625.171293945343 66747.361420898436 56.333839416504
300625.171293945343 66747.361420898436 44.549003601074
300625.171293945343 66747.361420898436 32.764160156250
300625.171293945343 66747.361420898436 20.979322433472
300627.565764160187 66747.681245117186 56.333839416504
300627.565764160187 66747.681245117186 44.549003601074
300627.565764160187 66747.681245117186 32.764160156250
300627.565764160187 66747.681245117186 20.979322433472
300629.960295410187 66748.001069335936 56.333839416504
300629.960295410187 66748.001069335936 44.549003601074
300629.960295410187 66748.001069335936 32.764160156250
300629.960295410187 66748.001069335936 20.979322433472
300629.960295410187 66748.001069335936 59.519390106201
300629.960295410187 66748.001069335936 40.249359130859
300629.960295410187 66748.001069335936 20.979322433472
300635.525236816437 66748.744355468749 59.519390106201
300635.525236816437 66748.744355468749 40.249359130859
300635.525236816437 66748.744355468749 20.979322433472
300635.525236816437 66748.744355468749 62.572105407715
300635.525236816437 66748.744355468749 41.775714874268
300635.525236816437 66748.744355468749 20.979322433472
300640.542998046905 66749.414521484374 62.572105407715
300640.542998046905 66749.414521484374 41.775714874268
300640.542998046905 66749.414521484374 20.979322433472
300640.542998046905 66749.414521484374 65.537971496582
300640.542998046905 66749.414521484374 43.258644104004
300640.542998046905 66749.414521484374 20.979322433472
300647.228300781280 66750.307465820311 65.537971496582
300647.228300781280 66750.307465820311 43.258644104004
300647.228300781280 66750.307465820311 20.979322433472
300647.228300781280 66750.307465820311 68.703086853027
300647.228300781280 66750.307465820311 44.841201782227
300647.228300781280 66750.307465820311 20.979322433472
300652.617705078155 66751.027436523436 68.703086853027
300652.617705078155 66751.027436523436 44.841201782227
300652.617705078155 66751.027436523436 20.979322433472
300652.617705078155 66751.027436523436 71.617858886719
300652.617705078155 66751.027436523436 46.298587799072
300652.617705078155 66751.027436523436 20.979322433472
300657.909453125030 66751.734223632811 71.617858886719
300657.909453125030 66751.734223632811 46.298587799072
300657.909453125030 66751.734223632811 20.979322433472
300657.909453125030 66751.734223632811 74.629699707031
300657.909453125030 66751.734223632811 47.804512023926
300657.909453125030 66751.734223632811 20.979322433472
300663.360930175812 66752.462373046874 74.629699707031
300663.360930175812 66752.462373046874 47.804512023926
300663.360930175812 66752.462373046874 20.979322433472
300663.360930175812 66752.462373046874 77.702850341797
300663.360930175812 66752.462373046874 58.795005798340
300663.360930175812 66752.462373046874 39.887165069580
300663.360930175812 66752.462373046874 20.979322433472
300666.658171386749 66752.902802734374 77.702850341797
300666.658171386749 66752.902802734374 58.795005798340
300666.658171386749 66752.902802734374 39.887165069580
300666.658171386749 66752.902802734374 20.979322433472
300669.955351562530 66753.343110351561 77.702850341797
300669.955351562530 66753.343110351561 58.795005798340
300669.955351562530 66753.343110351561 39.887165069580
300669.955351562530 66753.343110351561 20.979322433472
300669.955351562530 66753.343110351561 80.965042114258
300669.955351562530 66753.343110351561 50.972183227539
300669.955351562530 66753.343110351561 20.979322433472
300675.291411132843 66754.055878906249 80.965042114258
300675.291411132843 66754.055878906249 50.972183227539
300675.291411132843 66754.055878906249 20.979322433472
300675.291411132843 66754.055878906249 84.050964355469
300675.291411132843 66754.055878906249 52.515144348145
300675.291411132843 66754.055878906249 20.979322433472
300680.752714843780 66754.785249023436 84.050964355469
300680.752714843780 66754.785249023436 52.515144348145
300680.752714843780 66754.785249023436 20.979322433472
300680.752714843780 66754.785249023436 86.909378051758
300680.752714843780 66754.785249023436 64.932693481445
300680.752714843780 66754.785249023436 42.956005096436
300680.752714843780 66754.785249023436 20.979322433472
300685.938566894562 66755.477875976561 86.909378051758
300685.938566894562 66755.477875976561 64.932693481445
300685.938566894562 66755.477875976561 42.956005096436
300685.938566894562 66755.477875976561 20.979322433472
300685.938566894562 66755.477875976561 90.124786376953
300685.938566894562 66755.477875976561 55.552055358887
300685.938566894562 66755.477875976561 20.979322433472
300693.451628417999 66756.481538085936 90.124786376953
300693.451628417999 66756.481538085936 55.552055358887
300693.451628417999 66756.481538085936 20.979322433472
300693.451628417999 66756.481538085936 93.058555603027
300693.451628417999 66756.481538085936 82.761528015137
300693.451628417999 66756.481538085936 72.464492797852
300693.451628417999 66756.481538085936 62.167457580566
300693.451628417999 66756.481538085936 51.870422363281
300693.451628417999 66756.481538085936 41.573387145996
300693.451628417999 66756.481538085936 31.276355743408
300693.451628417999 66756.481538085936 20.979322433472
300695.156584472687 66756.709199218749 93.058555603027
300695.156584472687 66756.709199218749 82.761528015137
300695.156584472687 66756.709199218749 72.464492797852
300695.156584472687 66756.709199218749 62.167457580566
300695.156584472687 66756.709199218749 51.870422363281
300695.156584472687 66756.709199218749 41.573387145996
300695.156584472687 66756.709199218749 31.276355743408
300695.156584472687 66756.709199218749 20.979322433472
300696.861540527374 66756.936860351561 93.058555603027
300696.861540527374 66756.936860351561 82.761528015137
300696.861540527374 66756.936860351561 72.464492797852
300696.861540527374 66756.936860351561 62.167457580566
300696.861540527374 66756.936860351561 51.870422363281
300696.861540527374 66756.936860351561 41.573387145996
300696.861540527374 66756.936860351561 31.276355743408
300696.861540527374 66756.936860351561 20.979322433472
300600.731108398468 66779.152070312499 40.546573638916
300600.731108398468 66779.152070312499 37.626693725586
300608.959440917999 66774.618989257811 40.546573638916
300608.959440917999 66774.618989257811 37.626693725586
300617.187773437530 66770.086030273436 40.546573638916
300617.187773437530 66770.086030273436 37.626693725586
300592.806242675812 66764.766938476561 44.082099914551
300592.806242675812 66764.766938476561 40.546573638916
300608.354216308624 66756.201508789061 44.082099914551
300608.354216308624 66756.201508789061 40.546573638916
300608.354216308624 66756.201508789061 47.214012145996
300608.354216308624 66756.201508789061 43.880290985107
300608.354216308624 66756.201508789061 40.546573638916
300609.262907714874 66755.700898437499 47.214012145996
300609.262907714874 66755.700898437499 43.880290985107
300609.262907714874 66755.700898437499 40.546573638916
300600.400725097687 66741.764374999999 47.214012145996
300600.400725097687 66741.764374999999 44.082099914551
300608.354216308624 66756.201508789061 47.214012145996
300608.354216308624 66756.201508789061 44.082099914551
300695.115141601593 66739.380952148436 96.227027893066
300695.115141601593 66739.380952148436 93.058555603027
300697.866911621124 66747.124116210936 96.227027893066
300697.866911621124 66747.124116210936 93.058555603027
300700.618681640655 66754.867036132811 96.227027893066
300700.618681640655 66754.867036132811 93.058555603027
300692.711027832062 66739.059907226561 93.058555603027
300692.711027832062 66739.059907226561 90.124786376953
300693.081328125030 66747.770722656249 93.058555603027
300693.081328125030 66747.770722656249 90.124786376953
300693.451628417999 66756.481538085936 93.058555603027
300693.451628417999 66756.481538085936 90.124786376953
300609.489104003937 66736.757416992186 50.164543151855
300609.489104003937 66736.757416992186 47.214012145996
300617.528288574249 66751.368012695311 50.164543151855
300617.528288574249 66751.368012695311 47.214012145996
300688.211760253937 66738.458955078124 90.124786376953
300688.211760253937 66738.458955078124 86.909378051758
300685.938566894562 66755.477875976561 90.124786376953
300685.938566894562 66755.477875976561 86.909378051758
300700.922636718780 66736.215302734374 99.262496948242
300700.922636718780 66736.215302734374 96.227027893066
300708.734831542999 66750.395722656249 99.262496948242
300708.734831542999 66750.395722656249 96.227027893066
300683.025908203155 66737.766328124999 86.909378051758
300683.025908203155 66737.766328124999 84.050964355469
300681.889311523468 66746.275727539061 86.909378051758
300681.889311523468 66746.275727539061 84.050964355469
300680.752714843780 66754.785249023436 86.909378051758
300680.752714843780 66754.785249023436 84.050964355469
300677.564604492218 66737.036835937499 84.050964355469
300677.564604492218 66737.036835937499 80.965042114258
300676.428007812530 66745.546357421874 84.050964355469
300676.428007812530 66745.546357421874 80.965042114258
300675.291411132843 66754.055878906249 84.050964355469
300675.291411132843 66754.055878906249 80.965042114258
300672.228605957062 66736.324067382811 80.965042114258
300672.228605957062 66736.324067382811 77.702850341797
300669.955351562530 66753.343110351561 80.965042114258
300669.955351562530 66753.343110351561 77.702850341797
300665.634123535187 66735.443330078124 77.702850341797
300665.634123535187 66735.443330078124 74.629699707031
300663.360930175812 66752.462373046874 77.702850341797
300663.360930175812 66752.462373046874 74.629699707031
300660.182585449249 66734.715180664061 74.629699707031
300660.182585449249 66734.715180664061 71.617858886719
300657.909453125030 66751.734223632811 74.629699707031
300657.909453125030 66751.734223632811 71.617858886719
300616.398161621124 66732.951142578124 53.250465393066
300616.398161621124 66732.951142578124 50.164543151855
300623.221403808624 66748.383637695311 53.250465393066
300623.221403808624 66748.383637695311 50.164543151855
300654.890837402374 66734.008271484374 71.617858886719
300654.890837402374 66734.008271484374 68.703086853027
300652.617705078155 66751.027436523436 71.617858886719
300652.617705078155 66751.027436523436 68.703086853027
300710.530791015655 66730.922089843749 105.341262817383
300710.530791015655 66730.922089843749 99.262496948242
300711.133146972687 66732.015595703124 105.341262817383
300711.133146972687 66732.015595703124 99.262496948242
300711.133146972687 66732.015595703124 101.940429687500
300711.133146972687 66732.015595703124 99.262496948242
300718.342924804718 66745.102631835936 101.940429687500
300718.342924804718 66745.102631835936 99.262496948242
300649.501494140655 66733.288544921874 68.703086853027
300649.501494140655 66733.288544921874 65.537971496582
300647.228300781280 66750.307465820311 68.703086853027
300647.228300781280 66750.307465820311 65.537971496582
300642.816191406280 66732.395600585936 65.537971496582
300642.816191406280 66732.395600585936 62.572105407715
300640.542998046905 66749.414521484374 65.537971496582
300640.542998046905 66749.414521484374 62.572105407715
300637.798430175812 66731.725434570311 62.572105407715
300637.798430175812 66731.725434570311 59.519390106201
300636.661833496124 66740.234833984374 62.572105407715
300636.661833496124 66740.234833984374 59.519390106201
300635.525236816437 66748.744355468749 62.572105407715
300635.525236816437 66748.744355468749 59.519390106201
300624.708708496124 66729.977021484374 56.333839416504
300624.708708496124 66729.977021484374 53.250465393066
300625.171293945343 66747.361420898436 56.333839416504
300625.171293945343 66747.361420898436 53.250465393066
300632.233488769562 66730.982026367186 59.519390106201
300632.233488769562 66730.982026367186 56.333839416504
300631.096892089874 66739.491547851561 59.519390106201
300631.096892089874 66739.491547851561 56.333839416504
300629.960295410187 66748.001069335936 59.519390106201
300629.960295410187 66748.001069335936 56.333839416504
300711.133146972687 66732.015595703124 105.341262817383
300711.133146972687 66732.015595703124 101.940429687500
300718.276762695343 66728.080170898436 105.341262817383
300718.276762695343 66728.080170898436 101.940429687500
300725.420317382843 66724.144868164061 105.341262817383
300725.420317382843 66724.144868164061 101.940429687500
300695.164274902374 66739.387543945311 21.531646728516
300695.164274902374 66739.387543945311 58.879337310791
300695.164274902374 66739.387543945311 96.227027893066
300700.922636718780 66736.215302734374 21.531646728516
300700.922636718780 66736.215302734374 58.879337310791
300700.922636718780 66736.215302734374 96.227027893066
300695.115141601593 66739.380952148436 21.531646728516
300695.115141601593 66739.380952148436 21.828056335449
300695.115141601593 66739.380952148436 22.124465942383
300695.115141601593 66739.380952148436 22.420875549316
300695.115141601593 66739.380952148436 22.717285156250
300695.115141601593 66739.380952148436 23.013698577881
300695.115141601593 66739.380952148436 23.310108184814
300695.115141601593 66739.380952148436 23.606517791748
300695.115141601593 66739.380952148436 23.902927398682
300695.115141601593 66739.380952148436 24.199337005615
300695.115141601593 66739.380952148436 24.495748519897
300695.115141601593 66739.380952148436 24.792160034180
300695.115141601593 66739.380952148436 25.088569641113
300695.115141601593 66739.380952148436 25.384979248047
300695.115141601593 66739.380952148436 25.681388854980
300695.115141601593 66739.380952148436 25.977798461914
300695.115141601593 66739.380952148436 26.274209976196
300695.115141601593 66739.380952148436 26.570619583130
300695.115141601593 66739.380952148436 26.867031097412
300695.115141601593 66739.380952148436 27.163440704346
300695.115141601593 66739.380952148436 27.459850311279
300695.115141601593 66739.380952148436 27.756261825562
300695.115141601593 66739.380952148436 28.052671432495
300695.115141601593 66739.380952148436 28.349081039429
300695.115141601593 66739.380952148436 28.645490646362
300695.115141601593 66739.380952148436 28.941902160645
300695.115141601593 66739.380952148436 29.238311767578
300695.115141601593 66739.380952148436 29.534723281860
300695.115141601593 66739.380952148436 29.831132888794
300695.115141601593 66739.380952148436 30.127542495728
300695.115141601593 66739.380952148436 30.423952102661
300695.115141601593 66739.380952148436 30.720361709595
300695.115141601593 66739.380952148436 31.016775131226
300695.115141601593 66739.380952148436 31.313184738159
300695.115141601593 66739.380952148436 31.609594345093
300695.115141601593 66739.380952148436 31.906003952026
300695.115141601593 66739.380952148436 32.202415466309
300695.115141601593 66739.380952148436 32.498825073242
300695.115141601593 66739.380952148436 32.795234680176
300695.115141601593 66739.380952148436 33.091644287109
300695.115141601593 66739.380952148436 33.388053894043
300695.115141601593 66739.380952148436 33.684463500977
300695.115141601593 66739.380952148436 33.980876922607
300695.115141601593 66739.380952148436 34.277286529541
300695.115141601593 66739.380952148436 34.573696136475
300695.115141601593 66739.380952148436 34.870105743408
300695.115141601593 66739.380952148436 35.166515350342
300695.115141601593 66739.380952148436 35.462924957275
300695.115141601593 66739.380952148436 35.759334564209
300695.115141601593 66739.380952148436 36.055747985840
300695.115141601593 66739.380952148436 36.352157592773
300695.115141601593 66739.380952148436 36.648567199707
300695.115141601593 66739.380952148436 36.944976806641
300695.115141601593 66739.380952148436 37.241386413574
300695.115141601593 66739.380952148436 37.537799835205
300695.115141601593 66739.380952148436 37.834209442139
300695.115141601593 66739.380952148436 38.130619049072
300695.115141601593 66739.380952148436 38.427028656006
300695.115141601593 66739.380952148436 38.723438262939
300695.115141601593 66739.380952148436 39.019851684570
300695.115141601593 66739.380952148436 39.316261291504
300695.115141601593 66739.380952148436 39.612670898438
300695.115141601593 66739.380952148436 39.909080505371
300695.115141601593 66739.380952148436 40.205490112305
300695.115141601593 66739.380952148436 40.501899719238
300695.115141601593 66739.380952148436 40.798309326172
300695.115141601593 66739.380952148436 41.094718933105
300695.115141601593 66739.380952148436 41.391128540039
300695.115141601593 66739.380952148436 41.687545776367
300695.115141601593 66739.380952148436 41.983955383301
300695.115141601593 66739.380952148436 42.280364990234
300695.115141601593 66739.380952148436 42.576774597168
300695.115141601593 66739.380952148436 42.873184204102
300695.115141601593 66739.380952148436 43.169593811035
300695.115141601593 66739.380952148436 43.466003417969
300695.115141601593 66739.380952148436 43.762413024902
300695.115141601593 66739.380952148436 44.058822631836
300695.115141601593 66739.380952148436 44.355232238770
300695.115141601593 66739.380952148436 44.651641845703
300695.115141601593 66739.380952148436 44.948055267334
300695.115141601593 66739.380952148436 45.244468688965
300695.115141601593 66739.380952148436 45.540878295898
300695.115141601593 66739.380952148436 45.837287902832
300695.115141601593 66739.380952148436 46.133697509766
300695.115141601593 66739.380952148436 46.430107116699
300695.115141601593 66739.380952148436 46.726516723633
300695.115141601593 66739.380952148436 47.022926330566
300695.115141601593 66739.380952148436 47.319335937500
300695.115141601593 66739.380952148436 47.615745544434
300695.115141601593 66739.380952148436 47.912155151367
300695.115141601593 66739.380952148436 48.208568572998
300695.115141601593 66739.380952148436 48.504978179932
300695.115141601593 66739.380952148436 48.801387786865
300695.115141601593 66739.380952148436 49.097797393799
300695.115141601593 66739.380952148436 49.394207000732
300695.115141601593 66739.380952148436 49.690620422363
300695.115141601593 66739.380952148436 49.987030029297
300695.115141601593 66739.380952148436 50.283439636230
300695.115141601593 66739.380952148436 50.579849243164
300695.115141601593 66739.380952148436 50.876258850098
300695.115141601593 66739.380952148436 51.172668457031
300695.115141601593 66739.380952148436 51.469078063965
300695.115141601593 66739.380952148436 51.765491485596
300695.115141601593 66739.380952148436 52.061901092529
300695.115141601593 66739.380952148436 52.358310699463
300695.115141601593 66739.380952148436 52.654720306396
300695.115141601593 66739.380952148436 52.951129913330
300695.115141601593 66739.380952148436 53.247539520264
300695.115141601593 66739.380952148436 53.543949127197
300695.115141601593 66739.380952148436 53.840362548828
300695.115141601593 66739.380952148436 54.136772155762
300695.115141601593 66739.380952148436 54.433181762695
300695.115141601593 66739.380952148436 54.729591369629
300695.115141601593 66739.380952148436 55.026004791260
300695.115141601593 66739.380952148436 55.322414398193
300695.115141601593 66739.380952148436 55.618824005127
300695.115141601593 66739.380952148436 55.915233612061
300695.115141601593 66739.380952148436 56.211643218994
300695.115141601593 66739.380952148436 56.508052825928
300695.115141601593 66739.380952148436 56.804462432861
300695.115141601593 66739.380952148436 57.100872039795
300695.115141601593 66739.380952148436 57.397281646729
300695.115141601593 66739.380952148436 57.693691253662
300695.115141601593 66739.380952148436 57.990104675293
300695.115141601593 66739.380952148436 58.286518096924
300695.115141601593 66739.380952148436 58.582927703857
300695.115141601593 66739.380952148436 58.879337310791
300695.115141601593 66739.380952148436 59.175746917725
300695.115141601593 66739.380952148436 59.472156524658
300695.115141601593 66739.380952148436 59.768566131592
300695.115141601593 66739.380952148436 60.064975738525
300695.115141601593 66739.380952148436 60.361385345459
300695.115141601593 66739.380952148436 60.657794952393
300695.115141601593 66739.380952148436 60.954204559326
300695.115141601593 66739.380952148436 61.250614166260
300695.115141601593 66739.380952148436 61.547031402588
300695.115141601593 66739.380952148436 61.843441009521
300695.115141601593 66739.380952148436 62.139850616455
300695.115141601593 66739.380952148436 62.436260223389
300695.115141601593 66739.380952148436 62.732669830322
300695.115141601593 66739.380952148436 63.029079437256
300695.115141601593 66739.380952148436 63.325489044189
300695.115141601593 66739.380952148436 63.621898651123
300695.115141601593 66739.380952148436 63.918308258057
300695.115141601593 66739.380952148436 64.214721679688
300695.115141601593 66739.380952148436 64.511131286621
300695.115141601593 66739.380952148436 64.807540893555
300695.115141601593 66739.380952148436 65.103950500488
300695.115141601593 66739.380952148436 65.400360107422
300695.115141601593 66739.380952148436 65.696769714355
300695.115141601593 66739.380952148436 65.993179321289
300695.115141601593 66739.380952148436 66.289588928223
300695.115141601593 66739.380952148436 66.585998535156
300695.115141601593 66739.380952148436 66.882408142090
300695.115141601593 66739.380952148436 67.178817749023
300695.115141601593 66739.380952148436 67.475227355957
300695.115141601593 66739.380952148436 67.771644592285
300695.115141601593 66739.380952148436 68.068054199219
300695.115141601593 66739.380952148436 68.364463806152
300695.115141601593 66739.380952148436 68.660873413086
300695.115141601593 66739.380952148436 68.957283020020
300695.115141601593 66739.380952148436 69.253692626953
300695.115141601593 66739.380952148436 69.550102233887
300695.115141601593 66739.380952148436 69.846511840820
300695.115141601593 66739.380952148436 70.142921447754
300695.115141601593 66739.380952148436 70.439331054688
300695.115141601593 66739.380952148436 70.735740661621
300695.115141601593 66739.380952148436 71.032150268555
300695.115141601593 66739.380952148436 71.328567504883
300695.115141601593 66739.380952148436 71.624977111816
300695.115141601593 66739.380952148436 71.921386718750
300695.115141601593 66739.380952148436 72.217796325684
300695.115141601593 66739.380952148436 72.514205932617
300695.115141601593 66739.380952148436 72.810615539551
300695.115141601593 66739.380952148436 73.107025146484
300695.115141601593 66739.380952148436 73.403434753418
300695.115141601593 66739.380952148436 73.699844360352
300695.115141601593 66739.380952148436 73.996253967285
300695.115141601593 66739.380952148436 74.292663574219
300695.115141601593 66739.380952148436 74.589080810547
300695.115141601593 66739.380952148436 74.885490417480
300695.115141601593 66739.380952148436 75.181900024414
300695.115141601593 66739.380952148436 75.478309631348
300695.115141601593 66739.380952148436 75.774719238281
300695.115141601593 66739.380952148436 76.071128845215
300695.115141601593 66739.380952148436 76.367538452148
300695.115141601593 66739.380952148436 76.663948059082
300695.115141601593 66739.380952148436 76.960357666016
300695.115141601593 66739.380952148436 77.256767272949
300695.115141601593 66739.380952148436 77.553176879883
300695.115141601593 66739.380952148436 77.849594116211
300695.115141601593 66739.380952148436 78.146003723145
300695.115141601593 66739.380952148436 78.442413330078
300695.115141601593 66739.380952148436 78.738822937012
300695.115141601593 66739.380952148436 79.035232543945
300695.115141601593 66739.380952148436 79.331642150879
300695.115141601593 66739.380952148436 79.628051757813
300695.115141601593 66739.380952148436 79.924461364746
300695.115141601593 66739.380952148436 80.220870971680
300695.115141601593 66739.380952148436 80.517280578613
300695.115141601593 66739.380952148436 80.813690185547
300695.115141601593 66739.380952148436 81.110099792480
300695.115141601593 66739.380952148436 81.406509399414
300695.115141601593 66739.380952148436 81.702919006348
300695.115141601593 66739.380952148436 81.999328613281
300695.115141601593 66739.380952148436 82.295738220215
300695.115141601593 66739.380952148436 82.592147827148
300695.115141601593 66739.380952148436 82.888572692871
300695.115141601593 66739.380952148436 83.184982299805
300695.115141601593 66739.380952148436 83.481391906738
300695.115141601593 66739.380952148436 83.777801513672
300695.115141601593 66739.380952148436 84.074211120605
300695.115141601593 66739.380952148436 84.370620727539
300695.115141601593 66739.380952148436 84.667030334473
300695.115141601593 66739.380952148436 84.963439941406
300695.115141601593 66739.380952148436 85.259849548340
300695.115141601593 66739.380952148436 85.556259155273
300695.115141601593 66739.380952148436 85.852668762207
300695.115141601593 66739.380952148436 86.149078369141
300695.115141601593 66739.380952148436 86.445487976074
300695.115141601593 66739.380952148436 86.741897583008
300695.115141601593 66739.380952148436 87.038307189941
300695.115141601593 66739.380952148436 87.334716796875
300695.115141601593 66739.380952148436 87.631126403809
300695.115141601593 66739.380952148436 87.927536010742
300695.115141601593 66739.380952148436 88.223945617676
300695.115141601593 66739.380952148436 88.520355224609
300695.115141601593 66739.380952148436 88.816764831543
300695.115141601593 66739.380952148436 89.113174438477
300695.115141601593 66739.380952148436 89.409591674805
300695.115141601593 66739.380952148436 89.706001281738
300695.115141601593 66739.380952148436 90.002410888672
300695.115141601593 66739.380952148436 90.298820495605
300695.115141601593 66739.380952148436 90.595237731934
300695.115141601593 66739.380952148436 90.891647338867
300695.115141601593 66739.380952148436 91.188056945801
300695.115141601593 66739.380952148436 91.484466552734
300695.115141601593 66739.380952148436 91.780876159668
300695.115141601593 66739.380952148436 92.077285766602
300695.115141601593 66739.380952148436 92.373695373535
300695.115141601593 66739.380952148436 92.670104980469
300695.115141601593 66739.380952148436 92.966514587402
300695.115141601593 66739.380952148436 93.262924194336
300695.115141601593 66739.380952148436 93.559333801270
300695.115141601593 66739.380952148436 93.855743408203
300695.115141601593 66739.380952148436 94.152153015137
300695.115141601593 66739.380952148436 94.448562622070
300695.115141601593 66739.380952148436 94.744972229004
300695.115141601593 66739.380952148436 95.041381835938
300695.115141601593 66739.380952148436 95.337791442871
300695.115141601593 66739.380952148436 95.634201049805
300695.115141601593 66739.380952148436 95.930618286133
300695.115141601593 66739.380952148436 96.227027893066
300695.164274902374 66739.387543945311 21.531646728516
300695.164274902374 66739.387543945311 21.828056335449
300695.164274902374 66739.387543945311 22.124465942383
300695.164274902374 66739.387543945311 22.420875549316
300695.164274902374 66739.387543945311 22.717285156250
300695.164274902374 66739.387543945311 23.013698577881
300695.164274902374 66739.387543945311 23.310108184814
300695.164274902374 66739.387543945311 23.606517791748
300695.164274902374 66739.387543945311 23.902927398682
300695.164274902374 66739.387543945311 24.199337005615
300695.164274902374 66739.387543945311 24.495748519897
300695.164274902374 66739.387543945311 24.792160034180
300695.164274902374 66739.387543945311 25.088569641113
300695.164274902374 66739.387543945311 25.384979248047
300695.164274902374 66739.387543945311 25.681388854980
300695.164274902374 66739.387543945311 25.977798461914
300695.164274902374 66739.387543945311 26.274209976196
300695.164274902374 66739.387543945311 26.570619583130
300695.164274902374 66739.387543945311 26.867031097412
300695.164274902374 66739.387543945311 27.163440704346
300695.164274902374 66739.387543945311 27.459850311279
300695.164274902374 66739.387543945311 27.756261825562
300695.164274902374 66739.387543945311 28.052671432495
300695.164274902374 66739.387543945311 28.349081039429
300695.164274902374 66739.387543945311 28.645490646362
300695.164274902374 66739.387543945311 28.941902160645
300695.164274902374 66739.387543945311 29.238311767578
300695.164274902374 66739.387543945311 29.534723281860
300695.164274902374 66739.387543945311 29.831132888794
300695.164274902374 66739.387543945311 30.127542495728
300695.164274902374 66739.387543945311 30.423952102661
300695.164274902374 66739.387543945311 30.720361709595
300695.164274902374 66739.387543945311 31.016775131226
300695.164274902374 66739.387543945311 31.313184738159
300695.164274902374 66739.387543945311 31.609594345093
300695.164274902374 66739.387543945311 31.906003952026
300695.164274902374 66739.387543945311 32.202415466309
300695.164274902374 66739.387543945311 32.498825073242
300695.164274902374 66739.387543945311 32.795234680176
300695.164274902374 66739.387543945311 33.091644287109
300695.164274902374 66739.387543945311 33.388053894043
300695.164274902374 66739.387543945311 33.684463500977
300695.164274902374 66739.387543945311 33.980876922607
300695.164274902374 66739.387543945311 34.277286529541
300695.164274902374 66739.387543945311 34.573696136475
300695.164274902374 66739.387543945311 34.870105743408
300695.164274902374 66739.387543945311 35.166515350342
300695.164274902374 66739.387543945311 35.462924957275
300695.164274902374 66739.387543945311 35.759334564209
300695.164274902374 66739.387543945311 36.055747985840
300695.164274902374 66739.387543945311 36.352157592773
300695.164274902374 66739.387543945311 36.648567199707
300695.164274902374 66739.387543945311 36.944976806641
300695.164274902374 66739.387543945311 37.241386413574
300695.164274902374 66739.387543945311 37.537799835205
300695.164274902374 66739.387543945311 37.834209442139
300695.164274902374 66739.387543945311 38.130619049072
300695.164274902374 66739.387543945311 38.427028656006
300695.164274902374 66739.387543945311 38.723438262939
300695.164274902374 66739.387543945311 39.019851684570
300695.164274902374 66739.387543945311 39.316261291504
300695.164274902374 66739.387543945311 39.612670898438
300695.164274902374 66739.387543945311 39.909080505371
300695.164274902374 66739.387543945311 40.205490112305
300695.164274902374 66739.387543945311 40.501899719238
300695.164274902374 66739.387543945311 40.798309326172
300695.164274902374 66739.387543945311 41.094718933105
300695.164274902374 66739.387543945311 41.391128540039
300695.164274902374 66739.387543945311 41.687545776367
300695.164274902374 66739.387543945311 41.983955383301
300695.164274902374 66739.387543945311 42.280364990234
300695.164274902374 66739.387543945311 42.576774597168
300695.164274902374 66739.387543945311 42.873184204102
300695.164274902374 66739.387543945311 43.169593811035
300695.164274902374 66739.387543945311 43.466003417969
300695.164274902374 66739.387543945311 43.762413024902
300695.164274902374 66739.387543945311 44.058822631836
300695.164274902374 66739.387543945311 44.355232238770
300695.164274902374 66739.387543945311 44.651641845703
300695.164274902374 66739.387543945311 44.948055267334
300695.164274902374 66739.387543945311 45.244468688965
300695.164274902374 66739.387543945311 45.540878295898
300695.164274902374 66739.387543945311 45.837287902832
300695.164274902374 66739.387543945311 46.133697509766
300695.164274902374 66739.387543945311 46.430107116699
300695.164274902374 66739.387543945311 46.726516723633
300695.164274902374 66739.387543945311 47.022926330566
300695.164274902374 66739.387543945311 47.319335937500
300695.164274902374 66739.387543945311 47.615745544434
300695.164274902374 66739.387543945311 47.912155151367
300695.164274902374 66739.387543945311 48.208568572998
300695.164274902374 66739.387543945311 48.504978179932
300695.164274902374 66739.387543945311 48.801387786865
300695.164274902374 66739.387543945311 49.097797393799
300695.164274902374 66739.387543945311 49.394207000732
300695.164274902374 66739.387543945311 49.690620422363
300695.164274902374 66739.387543945311 49.987030029297
300695.164274902374 66739.387543945311 50.283439636230
300695.164274902374 66739.387543945311 50.579849243164
300695.164274902374 66739.387543945311 50.876258850098
300695.164274902374 66739.387543945311 51.172668457031
300695.164274902374 66739.387543945311 51.469078063965
300695.164274902374 66739.387543945311 51.765491485596
300695.164274902374 66739.387543945311 52.061901092529
300695.164274902374 66739.387543945311 52.358310699463
300695.164274902374 66739.387543945311 52.654720306396
300695.164274902374 66739.387543945311 52.951129913330
300695.164274902374 66739.387543945311 53.247539520264
300695.164274902374 66739.387543945311 53.543949127197
300695.164274902374 66739.387543945311 53.840362548828
300695.164274902374 66739.387543945311 54.136772155762
300695.164274902374 66739.387543945311 54.433181762695
300695.164274902374 66739.387543945311 54.729591369629
300695.164274902374 66739.387543945311 55.026004791260
300695.164274902374 66739.387543945311 55.322414398193
300695.164274902374 66739.387543945311 55.618824005127
300695.164274902374 66739.387543945311 55.915233612061
300695.164274902374 66739.387543945311 56.211643218994
300695.164274902374 66739.387543945311 56.508052825928
300695.164274902374 66739.387543945311 56.804462432861
300695.164274902374 66739.387543945311 57.100872039795
300695.164274902374 66739.387543945311 57.397281646729
300695.164274902374 66739.387543945311 57.693691253662
300695.164274902374 66739.387543945311 57.990104675293
300695.164274902374 66739.387543945311 58.286518096924
300695.164274902374 66739.387543945311 58.582927703857
300695.164274902374 66739.387543945311 58.879337310791
300695.164274902374 66739.387543945311 59.175746917725
300695.164274902374 66739.387543945311 59.472156524658
300695.164274902374 66739.387543945311 59.768566131592
300695.164274902374 66739.387543945311 60.064975738525
300695.164274902374 66739.387543945311 60.361385345459
300695.164274902374 66739.387543945311 60.657794952393
300695.164274902374 66739.387543945311 60.954204559326
300695.164274902374 66739.387543945311 61.250614166260
300695.164274902374 66739.387543945311 61.547031402588
300695.164274902374 66739.387543945311 61.843441009521
300695.164274902374 66739.387543945311 62.139850616455
300695.164274902374 66739.387543945311 62.436260223389
300695.164274902374 66739.387543945311 62.732669830322
300695.164274902374 66739.387543945311 63.029079437256
300695.164274902374 66739.387543945311 63.325489044189
300695.164274902374 66739.387543945311 63.621898651123
300695.164274902374 66739.387543945311 63.918308258057
300695.164274902374 66739.387543945311 64.214721679688
300695.164274902374 66739.387543945311 64.511131286621
300695.164274902374 66739.387543945311 64.807540893555
300695.164274902374 66739.387543945311 65.103950500488
300695.164274902374 66739.387543945311 65.400360107422
300695.164274902374 66739.387543945311 65.696769714355
300695.164274902374 66739.387543945311 65.993179321289
300695.164274902374 66739.387543945311 66.289588928223
300695.164274902374 66739.387543945311 66.585998535156
300695.164274902374 66739.387543945311 66.882408142090
300695.164274902374 66739.387543945311 67.178817749023
300695.164274902374 66739.387543945311 67.475227355957
300695.164274902374 66739.387543945311 67.771644592285
300695.164274902374 66739.387543945311 68.068054199219
300695.164274902374 66739.387543945311 68.364463806152
300695.164274902374 66739.387543945311 68.660873413086
300695.164274902374 66739.387543945311 68.957283020020
300695.164274902374 66739.387543945311 69.253692626953
300695.164274902374 66739.387543945311 69.550102233887
300695.164274902374 66739.387543945311 69.846511840820
300695.164274902374 66739.387543945311 70.142921447754
300695.164274902374 66739.387543945311 70.439331054688
300695.164274902374 66739.387543945311 70.735740661621
300695.164274902374 66739.387543945311 71.032150268555
300695.164274902374 66739.387543945311 71.328567504883
300695.164274902374 66739.387543945311 71.624977111816
300695.164274902374 66739.387543945311 71.921386718750
300695.164274902374 66739.387543945311 72.217796325684
300695.164274902374 66739.387543945311 72.514205932617
300695.164274902374 66739.387543945311 72.810615539551
300695.164274902374 66739.387543945311 73.107025146484
300695.164274902374 66739.387543945311 73.403434753418
300695.164274902374 66739.387543945311 73.699844360352
300695.164274902374 66739.387543945311 73.996253967285
300695.164274902374 66739.387543945311 74.292663574219
300695.164274902374 66739.387543945311 74.589080810547
300695.164274902374 66739.387543945311 74.885490417480
300695.164274902374 66739.387543945311 75.181900024414
300695.164274902374 66739.387543945311 75.478309631348
300695.164274902374 66739.387543945311 75.774719238281
300695.164274902374 66739.387543945311 76.071128845215
300695.164274902374 66739.387543945311 76.367538452148
300695.164274902374 66739.387543945311 76.663948059082
300695.164274902374 66739.387543945311 76.960357666016
300695.164274902374 66739.387543945311 77.256767272949
300695.164274902374 66739.387543945311 77.553176879883
300695.164274902374 66739.387543945311 77.849594116211
300695.164274902374 66739.387543945311 78.146003723145
300695.164274902374 66739.387543945311 78.442413330078
300695.164274902374 66739.387543945311 78.738822937012
300695.164274902374 66739.387543945311 79.035232543945
300695.164274902374 66739.387543945311 79.331642150879
300695.164274902374 66739.387543945311 79.628051757813
300695.164274902374 66739.387543945311 79.924461364746
300695.164274902374 66739.387543945311 80.220870971680
300695.164274902374 66739.387543945311 80.517280578613
300695.164274902374 66739.387543945311 80.813690185547
300695.164274902374 66739.387543945311 81.110099792480
300695.164274902374 66739.387543945311 81.406509399414
300695.164274902374 66739.387543945311 81.702919006348
300695.164274902374 66739.387543945311 81.999328613281
300695.164274902374 66739.387543945311 82.295738220215
300695.164274902374 66739.387543945311 82.592147827148
300695.164274902374 66739.387543945311 82.888572692871
300695.164274902374 66739.387543945311 83.184982299805
300695.164274902374 66739.387543945311 83.481391906738
300695.164274902374 66739.387543945311 83.777801513672
300695.164274902374 66739.387543945311 84.074211120605
300695.164274902374 66739.387543945311 84.370620727539
300695.164274902374 66739.387543945311 84.667030334473
300695.164274902374 66739.387543945311 84.963439941406
300695.164274902374 66739.387543945311 85.259849548340
300695.164274902374 66739.387543945311 85.556259155273
300695.164274902374 66739.387543945311 85.852668762207
300695.164274902374 66739.387543945311 86.149078369141
300695.164274902374 66739.387543945311 86.445487976074
300695.164274902374 66739.387543945311 86.741897583008
300695.164274902374 66739.387543945311 87.038307189941
300695.164274902374 66739.387543945311 87.334716796875
300695.164274902374 66739.387543945311 87.631126403809
300695.164274902374 66739.387543945311 87.927536010742
300695.164274902374 66739.387543945311 88.223945617676
300695.164274902374 66739.387543945311 88.520355224609
300695.164274902374 66739.387543945311 88.816764831543
300695.164274902374 66739.387543945311 89.113174438477
300695.164274902374 66739.387543945311 89.409591674805
300695.164274902374 66739.387543945311 89.706001281738
300695.164274902374 66739.387543945311 90.002410888672
300695.164274902374 66739.387543945311 90.298820495605
300695.164274902374 66739.387543945311 90.595237731934
300695.164274902374 66739.387543945311 90.891647338867
300695.164274902374 66739.387543945311 91.188056945801
300695.164274902374 66739.387543945311 91.484466552734
300695.164274902374 66739.387543945311 91.780876159668
300695.164274902374 66739.387543945311 92.077285766602
300695.164274902374 66739.387543945311 92.373695373535
300695.164274902374 66739.387543945311 92.670104980469
300695.164274902374 66739.387543945311 92.966514587402
300695.164274902374 66739.387543945311 93.262924194336
300695.164274902374 66739.387543945311 93.559333801270
300695.164274902374 66739.387543945311 93.855743408203
300695.164274902374 66739.387543945311 94.152153015137
300695.164274902374 66739.387543945311 94.448562622070
300695.164274902374 66739.387543945311 94.744972229004
300695.164274902374 66739.387543945311 95.041381835938
300695.164274902374 66739.387543945311 95.337791442871
300695.164274902374 66739.387543945311 95.634201049805
300695.164274902374 66739.387543945311 95.930618286133
300695.164274902374 66739.387543945311 96.227027893066
300692.777006835968 66739.068696289061 21.531646728516
300692.777006835968 66739.068696289061 33.452796936035
300692.777006835968 66739.068696289061 45.373947143555
300692.777006835968 66739.068696289061 57.295097351074
300692.777006835968 66739.068696289061 69.216247558594
300692.777006835968 66739.068696289061 81.137405395508
300692.777006835968 66739.068696289061 93.058555603027
300695.115141601593 66739.380952148436 21.531646728516
300695.115141601593 66739.380952148436 33.452796936035
300695.115141601593 66739.380952148436 45.373947143555
300695.115141601593 66739.380952148436 57.295097351074
300695.115141601593 66739.380952148436 69.216247558594
300695.115141601593 66739.380952148436 81.137405395508
300695.115141601593 66739.380952148436 93.058555603027
300692.711027832062 66739.059907226561 21.531646728516
300692.711027832062 66739.059907226561 21.730884552002
300692.711027832062 66739.059907226561 21.930124282837
300692.711027832062 66739.059907226561 22.129364013672
300692.711027832062 66739.059907226561 22.328601837158
300692.711027832062 66739.059907226561 22.527841567993
300692.711027832062 66739.059907226561 22.727083206177
300692.711027832062 66739.059907226561 22.926321029663
300692.711027832062 66739.059907226561 23.125560760498
300692.711027832062 66739.059907226561 23.324800491333
300692.711027832062 66739.059907226561 23.524038314819
300692.711027832062 66739.059907226561 23.723278045654
300692.711027832062 66739.059907226561 23.922517776489
300692.711027832062 66739.059907226561 24.121755599976
300692.711027832062 66739.059907226561 24.320997238159
300692.711027832062 66739.059907226561 24.520236968994
300692.711027832062 66739.059907226561 24.719474792480
300692.711027832062 66739.059907226561 24.918714523315
300692.711027832062 66739.059907226561 25.117952346802
300692.711027832062 66739.059907226561 25.317192077637
300692.711027832062 66739.059907226561 25.516431808472
300692.711027832062 66739.059907226561 25.715669631958
300692.711027832062 66739.059907226561 25.914911270142
300692.711027832062 66739.059907226561 26.114151000977
300692.711027832062 66739.059907226561 26.313388824463
300692.711027832062 66739.059907226561 26.512628555298
300692.711027832062 66739.059907226561 26.711868286133
300692.711027832062 66739.059907226561 26.911106109619
300692.711027832062 66739.059907226561 27.110345840454
300692.711027832062 66739.059907226561 27.309587478638
300692.711027832062 66739.059907226561 27.508825302124
300692.711027832062 66739.059907226561 27.708065032959
300692.711027832062 66739.059907226561 27.907304763794
300692.711027832062 66739.059907226561 28.106542587280
300692.711027832062 66739.059907226561 28.305782318115
300692.711027832062 66739.059907226561 28.505020141602
300692.711027832062 66739.059907226561 28.704259872437
300692.711027832062 66739.059907226561 28.903501510620
300692.711027832062 66739.059907226561 29.102739334106
300692.711027832062 66739.059907226561 29.301979064941
300692.711027832062 66739.059907226561 29.501218795776
300692.711027832062 66739.059907226561 29.700456619263
300692.711027832062 66739.059907226561 29.899696350098
300692.711027832062 66739.059907226561 30.098936080933
300692.711027832062 66739.059907226561 30.298173904419
300692.711027832062 66739.059907226561 30.497415542603
300692.711027832062 66739.059907226561 30.696655273438
300692.711027832062 66739.059907226561 30.895893096924
300692.711027832062 66739.059907226561 31.095132827759
300692.711027832062 66739.059907226561 31.294372558594
300692.711027832062 66739.059907226561 31.493610382080
300692.711027832062 66739.059907226561 31.692850112915
300692.711027832062 66739.059907226561 31.892087936401
300692.711027832062 66739.059907226561 32.091331481934
300692.711027832062 66739.059907226561 32.290569305420
300692.711027832062 66739.059907226561 32.489807128906
300692.711027832062 66739.059907226561 32.689048767090
300692.711027832062 66739.059907226561 32.888286590576
300692.711027832062 66739.059907226561 33.087524414063
300692.711027832062 66739.059907226561 33.286762237549
300692.711027832062 66739.059907226561 33.486003875732
300692.711027832062 66739.059907226561 33.685245513916
300692.711027832062 66739.059907226561 33.884483337402
300692.711027832062 66739.059907226561 34.083721160889
300692.711027832062 66739.059907226561 34.282962799072
300692.711027832062 66739.059907226561 34.482200622559
300692.711027832062 66739.059907226561 34.681438446045
300692.711027832062 66739.059907226561 34.880680084229
300692.711027832062 66739.059907226561 35.079917907715
300692.711027832062 66739.059907226561 35.279159545898
300692.711027832062 66739.059907226561 35.478397369385
300692.711027832062 66739.059907226561 35.677635192871
300692.711027832062 66739.059907226561 35.876876831055
300692.711027832062 66739.059907226561 36.076114654541
300692.711027832062 66739.059907226561 36.275352478027
300692.711027832062 66739.059907226561 36.474594116211
300692.711027832062 66739.059907226561 36.673835754395
300692.711027832062 66739.059907226561 36.873073577881
300692.711027832062 66739.059907226561 37.072311401367
300692.711027832062 66739.059907226561 37.271549224854
300692.711027832062 66739.059907226561 37.470790863037
300692.711027832062 66739.059907226561 37.670028686523
300692.711027832062 66739.059907226561 37.869266510010
300692.711027832062 66739.059907226561 38.068508148193
300692.711027832062 66739.059907226561 38.267749786377
300692.711027832062 66739.059907226561 38.466987609863
300692.711027832062 66739.059907226561 38.666225433350
300692.711027832062 66739.059907226561 38.865467071533
300692.711027832062 66739.059907226561 39.064704895020
300692.711027832062 66739.059907226561 39.263942718506
300692.711027832062 66739.059907226561 39.463180541992
300692.711027832062 66739.059907226561 39.662422180176
300692.711027832062 66739.059907226561 39.861660003662
300692.711027832062 66739.059907226561 40.060897827148
300692.711027832062 66739.059907226561 40.260139465332
300692.711027832062 66739.059907226561 40.459377288818
300692.711027832062 66739.059907226561 40.658622741699
300692.711027832062 66739.059907226561 40.857860565186
300692.711027832062 66739.059907226561 41.057098388672
300692.711027832062 66739.059907226561 41.256336212158
300692.711027832062 66739.059907226561 41.455577850342
300692.711027832062 66739.059907226561 41.654815673828
300692.711027832062 66739.059907226561 41.854053497314
300692.711027832062 66739.059907226561 42.053295135498
300692.711027832062 66739.059907226561 42.252532958984
300692.711027832062 66739.059907226561 42.451770782471
300692.711027832062 66739.059907226561 42.651012420654
300692.711027832062 66739.059907226561 42.850250244141
300692.711027832062 66739.059907226561 43.049488067627
300692.711027832062 66739.059907226561 43.248729705811
300692.711027832062 66739.059907226561 43.447967529297
300692.711027832062 66739.059907226561 43.647209167480
300692.711027832062 66739.059907226561 43.846450805664
300692.711027832062 66739.059907226561 44.045688629150
300692.711027832062 66739.059907226561 44.244926452637
300692.711027832062 66739.059907226561 44.444168090820
300692.711027832062 66739.059907226561 44.643405914307
300692.711027832062 66739.059907226561 44.842643737793
300692.711027832062 66739.059907226561 45.041885375977
300692.711027832062 66739.059907226561 45.241123199463
300692.711027832062 66739.059907226561 45.440361022949
300692.711027832062 66739.059907226561 45.639602661133
300692.711027832062 66739.059907226561 45.838840484619
300692.711027832062 66739.059907226561 46.038078308105
300692.711027832062 66739.059907226561 46.237316131592
300692.711027832062 66739.059907226561 46.436557769775
300692.711027832062 66739.059907226561 46.635795593262
300692.711027832062 66739.059907226561 46.835041046143
300692.711027832062 66739.059907226561 47.034278869629
300692.711027832062 66739.059907226561 47.233516693115
300692.711027832062 66739.059907226561 47.432758331299
300692.711027832062 66739.059907226561 47.631996154785
300692.711027832062 66739.059907226561 47.831233978271
300692.711027832062 66739.059907226561 48.030471801758
300692.711027832062 66739.059907226561 48.229713439941
300692.711027832062 66739.059907226561 48.428951263428
300692.711027832062 66739.059907226561 48.628189086914
300692.711027832062 66739.059907226561 48.827430725098
300692.711027832062 66739.059907226561 49.026668548584
300692.711027832062 66739.059907226561 49.225906372070
300692.711027832062 66739.059907226561 49.425148010254
300692.711027832062 66739.059907226561 49.624385833740
300692.711027832062 66739.059907226561 49.823627471924
300692.711027832062 66739.059907226561 50.022869110107
300692.711027832062 66739.059907226561 50.222106933594
300692.711027832062 66739.059907226561 50.421344757080
300692.711027832062 66739.059907226561 50.620586395264
300692.711027832062 66739.059907226561 50.819824218750
300692.711027832062 66739.059907226561 51.019062042236
300692.711027832062 66739.059907226561 51.218303680420
300692.711027832062 66739.059907226561 51.417541503906
300692.711027832062 66739.059907226561 51.616779327393
300692.711027832062 66739.059907226561 51.816020965576
300692.711027832062 66739.059907226561 52.015258789063
300692.711027832062 66739.059907226561 52.214496612549
300692.711027832062 66739.059907226561 52.413734436035
300692.711027832062 66739.059907226561 52.612976074219
300692.711027832062 66739.059907226561 52.812213897705
300692.711027832062 66739.059907226561 53.011459350586
300692.711027832062 66739.059907226561 53.210697174072
300692.711027832062 66739.059907226561 53.409934997559
300692.711027832062 66739.059907226561 53.609176635742
300692.711027832062 66739.059907226561 53.808414459229
300692.711027832062 66739.059907226561 54.007652282715
300692.711027832062 66739.059907226561 54.206890106201
300692.711027832062 66739.059907226561 54.406131744385
300692.711027832062 66739.059907226561 54.605369567871
300692.711027832062 66739.059907226561 54.804607391357
300692.711027832062 66739.059907226561 55.003849029541
300692.711027832062 66739.059907226561 55.203086853027
300692.711027832062 66739.059907226561 55.402324676514
300692.711027832062 66739.059907226561 55.601566314697
300692.711027832062 66739.059907226561 55.800804138184
300692.711027832062 66739.059907226561 56.000045776367
300692.711027832062 66739.059907226561 56.199287414551
300692.711027832062 66739.059907226561 56.398525238037
300692.711027832062 66739.059907226561 56.597763061523
300692.711027832062 66739.059907226561 56.797004699707
300692.711027832062 66739.059907226561 56.996242523193
300692.711027832062 66739.059907226561 57.195480346680
300692.711027832062 66739.059907226561 57.394721984863
300692.711027832062 66739.059907226561 57.593959808350
300692.711027832062 66739.059907226561 57.793197631836
300692.711027832062 66739.059907226561 57.992439270020
300692.711027832062 66739.059907226561 58.191677093506
300692.711027832062 66739.059907226561 58.390914916992
300692.711027832062 66739.059907226561 58.590156555176
300692.711027832062 66739.059907226561 58.789394378662
300692.711027832062 66739.059907226561 58.988632202148
300692.711027832062 66739.059907226561 59.187877655029
300692.711027832062 66739.059907226561 59.387115478516
300692.711027832062 66739.059907226561 59.586353302002
300692.711027832062 66739.059907226561 59.785594940186
300692.711027832062 66739.059907226561 59.984832763672
300692.711027832062 66739.059907226561 60.184070587158
300692.711027832062 66739.059907226561 60.383312225342
300692.711027832062 66739.059907226561 60.582550048828
300692.711027832062 66739.059907226561 60.781787872314
300692.711027832062 66739.059907226561 60.981025695801
300692.711027832062 66739.059907226561 61.180267333984
300692.711027832062 66739.059907226561 61.379505157471
300692.711027832062 66739.059907226561 61.578742980957
300692.711027832062 66739.059907226561 61.777984619141
300692.711027832062 66739.059907226561 61.977222442627
300692.711027832062 66739.059907226561 62.176467895508
300692.711027832062 66739.059907226561 62.375705718994
300692.711027832062 66739.059907226561 62.574943542480
300692.711027832062 66739.059907226561 62.774181365967
300692.711027832062 66739.059907226561 62.973423004150
300692.711027832062 66739.059907226561 63.172660827637
300692.711027832062 66739.059907226561 63.371898651123
300692.711027832062 66739.059907226561 63.571140289307
300692.711027832062 66739.059907226561 63.770378112793
300692.711027832062 66739.059907226561 63.969615936279
300692.711027832062 66739.059907226561 64.168853759766
300692.711027832062 66739.059907226561 64.368095397949
300692.711027832062 66739.059907226561 64.567337036133
300692.711027832062 66739.059907226561 64.766571044922
300692.711027832062 66739.059907226561 64.965812683105
300692.711027832062 66739.059907226561 65.165054321289
300692.711027832062 66739.059907226561 65.364295959473
300692.711027832062 66739.059907226561 65.563529968262
300692.711027832062 66739.059907226561 65.762771606445
300692.711027832062 66739.059907226561 65.962013244629
300692.711027832062 66739.059907226561 66.161247253418
300692.711027832062 66739.059907226561 66.360488891602
300692.711027832062 66739.059907226561 66.559730529785
300692.711027832062 66739.059907226561 66.758964538574
300692.711027832062 66739.059907226561 66.958206176758
300692.711027832062 66739.059907226561 67.157447814941
300692.711027832062 66739.059907226561 67.356681823730
300692.711027832062 66739.059907226561 67.555923461914
300692.711027832062 66739.059907226561 67.755165100098
300692.711027832062 66739.059907226561 67.954399108887
300692.711027832062 66739.059907226561 68.153640747070
300692.711027832062 66739.059907226561 68.352882385254
300692.711027832062 66739.059907226561 68.552124023438
300692.711027832062 66739.059907226561 68.751365661621
300692.711027832062 66739.059907226561 68.950599670410
300692.711027832062 66739.059907226561 69.149841308594
300692.711027832062 66739.059907226561 69.349082946777
300692.711027832062 66739.059907226561 69.548316955566
300692.711027832062 66739.059907226561 69.747558593750
300692.711027832062 66739.059907226561 69.946800231934
300692.711027832062 66739.059907226561 70.146034240723
300692.711027832062 66739.059907226561 70.345275878906
300692.711027832062 66739.059907226561 70.544509887695
300692.711027832062 66739.059907226561 70.743751525879
300692.711027832062 66739.059907226561 70.942993164063
300692.711027832062 66739.059907226561 71.142227172852
300692.711027832062 66739.059907226561 71.341468811035
300692.711027832062 66739.059907226561 71.540710449219
300692.711027832062 66739.059907226561 71.739952087402
300692.711027832062 66739.059907226561 71.939193725586
300692.711027832062 66739.059907226561 72.138427734375
300692.711027832062 66739.059907226561 72.337669372559
300692.711027832062 66739.059907226561 72.536911010742
300692.711027832062 66739.059907226561 72.736145019531
300692.711027832062 66739.059907226561 72.935386657715
300692.711027832062 66739.059907226561 73.134628295898
300692.711027832062 66739.059907226561 73.333862304688
300692.711027832062 66739.059907226561 73.533103942871
300692.711027832062 66739.059907226561 73.732345581055
300692.711027832062 66739.059907226561 73.931579589844
300692.711027832062 66739.059907226561 74.130821228027
300692.711027832062 66739.059907226561 74.330062866211
300692.711027832062 66739.059907226561 74.529296875000
300692.711027832062 66739.059907226561 74.728538513184
300692.711027832062 66739.059907226561 74.927780151367
300692.711027832062 66739.059907226561 75.127021789551
300692.711027832062 66739.059907226561 75.326255798340
300692.711027832062 66739.059907226561 75.525497436523
300692.711027832062 66739.059907226561 75.724739074707
300692.711027832062 66739.059907226561 75.923973083496
300692.711027832062 66739.059907226561 76.123214721680
300692.711027832062 66739.059907226561 76.322456359863
300692.711027832062 66739.059907226561 76.521690368652
300692.711027832062 66739.059907226561 76.720932006836
300692.711027832062 66739.059907226561 76.920173645020
300692.711027832062 66739.059907226561 77.119407653809
300692.711027832062 66739.059907226561 77.318649291992
300692.711027832062 66739.059907226561 77.517890930176
300692.711027832062 66739.059907226561 77.717132568359
300692.711027832062 66739.059907226561 77.916374206543
300692.711027832062 66739.059907226561 78.115608215332
300692.711027832062 66739.059907226561 78.314849853516
300692.711027832062 66739.059907226561 78.514083862305
300692.711027832062 66739.059907226561 78.713325500488
300692.711027832062 66739.059907226561 78.912559509277
300692.711027832062 66739.059907226561 79.111801147461
300692.711027832062 66739.059907226561 79.311050415039
300692.711027832062 66739.059907226561 79.510284423828
300692.711027832062 66739.059907226561 79.709526062012
300692.711027832062 66739.059907226561 79.908760070801
300692.711027832062 66739.059907226561 80.108001708984
300692.711027832062 66739.059907226561 80.307235717773
300692.711027832062 66739.059907226561 80.506484985352
300692.711027832062 66739.059907226561 80.705718994141
300692.711027832062 66739.059907226561 80.904960632324
300692.711027832062 66739.059907226561 81.104194641113
300692.711027832062 66739.059907226561 81.303436279297
300692.711027832062 66739.059907226561 81.502670288086
300692.711027832062 66739.059907226561 81.701919555664
300692.711027832062 66739.059907226561 81.901153564453
300692.711027832062 66739.059907226561 82.100395202637
300692.711027832062 66739.059907226561 82.299629211426
300692.711027832062 66739.059907226561 82.498870849609
300692.711027832062 66739.059907226561 82.698112487793
300692.711027832062 66739.059907226561 82.897354125977
300692.711027832062 66739.059907226561 83.096595764160
300692.711027832062 66739.059907226561 83.295829772949
300692.711027832062 66739.059907226561 83.495071411133
300692.711027832062 66739.059907226561 83.694305419922
300692.711027832062 66739.059907226561 83.893547058105
300692.711027832062 66739.059907226561 84.092781066895
300692.711027832062 66739.059907226561 84.292030334473
300692.711027832062 66739.059907226561 84.491264343262
300692.711027832062 66739.059907226561 84.690505981445
300692.711027832062 66739.059907226561 84.889739990234
300692.711027832062 66739.059907226561 85.088981628418
300692.711027832062 66739.059907226561 85.288215637207
300692.711027832062 66739.059907226561 85.487464904785
300692.711027832062 66739.059907226561 85.686706542969
300692.711027832062 66739.059907226561 85.885940551758
300692.711027832062 66739.059907226561 86.085182189941
300692.711027832062 66739.059907226561 86.284416198730
300692.711027832062 66739.059907226561 86.483665466309
300692.711027832062 66739.059907226561 86.682899475098
300692.711027832062 66739.059907226561 86.882141113281
300692.711027832062 66739.059907226561 87.081375122070
300692.711027832062 66739.059907226561 87.280616760254
300692.711027832062 66739.059907226561 87.479850769043
300692.711027832062 66739.059907226561 87.679092407227
300692.711027832062 66739.059907226561 87.878326416016
300692.711027832062 66739.059907226561 88.077575683594
300692.711027832062 66739.059907226561 88.276809692383
300692.711027832062 66739.059907226561 88.476051330566
300692.711027832062 66739.059907226561 88.675292968750
300692.711027832062 66739.059907226561 88.874526977539
300692.711027832062 66739.059907226561 89.073776245117
300692.711027832062 66739.059907226561 89.273010253906
300692.711027832062 66739.059907226561 89.472251892090
300692.711027832062 66739.059907226561 89.671485900879
300692.711027832062 66739.059907226561 89.870727539063
300692.711027832062 66739.059907226561 90.069961547852
300692.711027832062 66739.059907226561 90.269210815430
300692.711027832062 66739.059907226561 90.468444824219
300692.711027832062 66739.059907226561 90.667686462402
300692.711027832062 66739.059907226561 90.866920471191
300692.711027832062 66739.059907226561 91.066162109375
300692.711027832062 66739.059907226561 91.265396118164
300692.711027832062 66739.059907226561 91.464637756348
300692.711027832062 66739.059907226561 91.663887023926
300692.711027832062 66739.059907226561 91.863121032715
300692.711027832062 66739.059907226561 92.062362670898
300692.711027832062 66739.059907226561 92.261596679688
300692.711027832062 66739.059907226561 92.460838317871
300692.711027832062 66739.059907226561 92.660072326660
300692.711027832062 66739.059907226561 92.859321594238
300692.711027832062 66739.059907226561 93.058555603027
300692.743986816437 66739.064301757811 21.531646728516
300692.743986816437 66739.064301757811 21.730884552002
300692.743986816437 66739.064301757811 21.930124282837
300692.743986816437 66739.064301757811 22.129364013672
300692.743986816437 66739.064301757811 22.328601837158
300692.743986816437 66739.064301757811 22.527841567993
300692.743986816437 66739.064301757811 22.727083206177
300692.743986816437 66739.064301757811 22.926321029663
300692.743986816437 66739.064301757811 23.125560760498
300692.743986816437 66739.064301757811 23.324800491333
300692.743986816437 66739.064301757811 23.524038314819
300692.743986816437 66739.064301757811 23.723278045654
300692.743986816437 66739.064301757811 23.922517776489
300692.743986816437 66739.064301757811 24.121755599976
300692.743986816437 66739.064301757811 24.320997238159
300692.743986816437 66739.064301757811 24.520236968994
300692.743986816437 66739.064301757811 24.719474792480
300692.743986816437 66739.064301757811 24.918714523315
300692.743986816437 66739.064301757811 25.117952346802
300692.743986816437 66739.064301757811 25.317192077637
300692.743986816437 66739.064301757811 25.516431808472
300692.743986816437 66739.064301757811 25.715669631958
300692.743986816437 66739.064301757811 25.914911270142
300692.743986816437 66739.064301757811 26.114151000977
300692.743986816437 66739.064301757811 26.313388824463
300692.743986816437 66739.064301757811 26.512628555298
300692.743986816437 66739.064301757811 26.711868286133
300692.743986816437 66739.064301757811 26.911106109619
300692.743986816437 66739.064301757811 27.110345840454
300692.743986816437 66739.064301757811 27.309587478638
300692.743986816437 66739.064301757811 27.508825302124
300692.743986816437 66739.064301757811 27.708065032959
300692.743986816437 66739.064301757811 27.907304763794
300692.743986816437 66739.064301757811 28.106542587280
300692.743986816437 66739.064301757811 28.305782318115
300692.743986816437 66739.064301757811 28.505020141602
300692.743986816437 66739.064301757811 28.704259872437
300692.743986816437 66739.064301757811 28.903501510620
300692.743986816437 66739.064301757811 29.102739334106
300692.743986816437 66739.064301757811 29.301979064941
300692.743986816437 66739.064301757811 29.501218795776
300692.743986816437 66739.064301757811 29.700456619263
300692.743986816437 66739.064301757811 29.899696350098
300692.743986816437 66739.064301757811 30.098936080933
300692.743986816437 66739.064301757811 30.298173904419
300692.743986816437 66739.064301757811 30.497415542603
300692.743986816437 66739.064301757811 30.696655273438
300692.743986816437 66739.064301757811 30.895893096924
300692.743986816437 66739.064301757811 31.095132827759
300692.743986816437 66739.064301757811 31.294372558594
300692.743986816437 66739.064301757811 31.493610382080
300692.743986816437 66739.064301757811 31.692850112915
300692.743986816437 66739.064301757811 31.892087936401
300692.743986816437 66739.064301757811 32.091331481934
300692.743986816437 66739.064301757811 32.290569305420
300692.743986816437 66739.064301757811 32.489807128906
300692.743986816437 66739.064301757811 32.689048767090
300692.743986816437 66739.064301757811 32.888286590576
300692.743986816437 66739.064301757811 33.087524414063
300692.743986816437 66739.064301757811 33.286762237549
300692.743986816437 66739.064301757811 33.486003875732
300692.743986816437 66739.064301757811 33.685245513916
300692.743986816437 66739.064301757811 33.884483337402
300692.743986816437 66739.064301757811 34.083721160889
300692.743986816437 66739.064301757811 34.282962799072
300692.743986816437 66739.064301757811 34.482200622559
300692.743986816437 66739.064301757811 34.681438446045
300692.743986816437 66739.064301757811 34.880680084229
300692.743986816437 66739.064301757811 35.079917907715
300692.743986816437 66739.064301757811 35.279159545898
300692.743986816437 66739.064301757811 35.478397369385
300692.743986816437 66739.064301757811 35.677635192871
300692.743986816437 66739.064301757811 35.876876831055
300692.743986816437 66739.064301757811 36.076114654541
300692.743986816437 66739.064301757811 36.275352478027
300692.743986816437 66739.064301757811 36.474594116211
300692.743986816437 66739.064301757811 36.673835754395
300692.743986816437 66739.064301757811 36.873073577881
300692.743986816437 66739.064301757811 37.072311401367
300692.743986816437 66739.064301757811 37.271549224854
300692.743986816437 66739.064301757811 37.470790863037
300692.743986816437 66739.064301757811 37.670028686523
300692.743986816437 66739.064301757811 37.869266510010
300692.743986816437 66739.064301757811 38.068508148193
300692.743986816437 66739.064301757811 38.267749786377
300692.743986816437 66739.064301757811 38.466987609863
300692.743986816437 66739.064301757811 38.666225433350
300692.743986816437 66739.064301757811 38.865467071533
300692.743986816437 66739.064301757811 39.064704895020
300692.743986816437 66739.064301757811 39.263942718506
300692.743986816437 66739.064301757811 39.463180541992
300692.743986816437 66739.064301757811 39.662422180176
300692.743986816437 66739.064301757811 39.861660003662
300692.743986816437 66739.064301757811 40.060897827148
300692.743986816437 66739.064301757811 40.260139465332
300692.743986816437 66739.064301757811 40.459377288818
300692.743986816437 66739.064301757811 40.658622741699
300692.743986816437 66739.064301757811 40.857860565186
300692.743986816437 66739.064301757811 41.057098388672
300692.743986816437 66739.064301757811 41.256336212158
300692.743986816437 66739.064301757811 41.455577850342
300692.743986816437 66739.064301757811 41.654815673828
300692.743986816437 66739.064301757811 41.854053497314
300692.743986816437 66739.064301757811 42.053295135498
300692.743986816437 66739.064301757811 42.252532958984
300692.743986816437 66739.064301757811 42.451770782471
300692.743986816437 66739.064301757811 42.651012420654
300692.743986816437 66739.064301757811 42.850250244141
300692.743986816437 66739.064301757811 43.049488067627
300692.743986816437 66739.064301757811 43.248729705811
300692.743986816437 66739.064301757811 43.447967529297
300692.743986816437 66739.064301757811 43.647209167480
300692.743986816437 66739.064301757811 43.846450805664
300692.743986816437 66739.064301757811 44.045688629150
300692.743986816437 66739.064301757811 44.244926452637
300692.743986816437 66739.064301757811 44.444168090820
300692.743986816437 66739.064301757811 44.643405914307
300692.743986816437 66739.064301757811 44.842643737793
300692.743986816437 66739.064301757811 45.041885375977
300692.743986816437 66739.064301757811 45.241123199463
300692.743986816437 66739.064301757811 45.440361022949
300692.743986816437 66739.064301757811 45.639602661133
300692.743986816437 66739.064301757811 45.838840484619
300692.743986816437 66739.064301757811 46.038078308105
300692.743986816437 66739.064301757811 46.237316131592
300692.743986816437 66739.064301757811 46.436557769775
300692.743986816437 66739.064301757811 46.635795593262
300692.743986816437 66739.064301757811 46.835041046143
300692.743986816437 66739.064301757811 47.034278869629
300692.743986816437 66739.064301757811 47.233516693115
300692.743986816437 66739.064301757811 47.432758331299
300692.743986816437 66739.064301757811 47.631996154785
300692.743986816437 66739.064301757811 47.831233978271
300692.743986816437 66739.064301757811 48.030471801758
300692.743986816437 66739.064301757811 48.229713439941
300692.743986816437 66739.064301757811 48.428951263428
300692.743986816437 66739.064301757811 48.628189086914
300692.743986816437 66739.064301757811 48.827430725098
300692.743986816437 66739.064301757811 49.026668548584
300692.743986816437 66739.064301757811 49.225906372070
300692.743986816437 66739.064301757811 49.425148010254
300692.743986816437 66739.064301757811 49.624385833740
300692.743986816437 66739.064301757811 49.823627471924
300692.743986816437 66739.064301757811 50.022869110107
300692.743986816437 66739.064301757811 50.222106933594
300692.743986816437 66739.064301757811 50.421344757080
300692.743986816437 66739.064301757811 50.620586395264
300692.743986816437 66739.064301757811 50.819824218750
300692.743986816437 66739.064301757811 51.019062042236
300692.743986816437 66739.064301757811 51.218303680420
300692.743986816437 66739.064301757811 51.417541503906
300692.743986816437 66739.064301757811 51.616779327393
300692.743986816437 66739.064301757811 51.816020965576
300692.743986816437 66739.064301757811 52.015258789063
300692.743986816437 66739.064301757811 52.214496612549
300692.743986816437 66739.064301757811 52.413734436035
300692.743986816437 66739.064301757811 52.612976074219
300692.743986816437 66739.064301757811 52.812213897705
300692.743986816437 66739.064301757811 53.011459350586
300692.743986816437 66739.064301757811 53.210697174072
300692.743986816437 66739.064301757811 53.409934997559
300692.743986816437 66739.064301757811 53.609176635742
300692.743986816437 66739.064301757811 53.808414459229
300692.743986816437 66739.064301757811 54.007652282715
300692.743986816437 66739.064301757811 54.206890106201
300692.743986816437 66739.064301757811 54.406131744385
300692.743986816437 66739.064301757811 54.605369567871
300692.743986816437 66739.064301757811 54.804607391357
300692.743986816437 66739.064301757811 55.003849029541
300692.743986816437 66739.064301757811 55.203086853027
300692.743986816437 66739.064301757811 55.402324676514
300692.743986816437 66739.064301757811 55.601566314697
300692.743986816437 66739.064301757811 55.800804138184
300692.743986816437 66739.064301757811 56.000045776367
300692.743986816437 66739.064301757811 56.199287414551
300692.743986816437 66739.064301757811 56.398525238037
300692.743986816437 66739.064301757811 56.597763061523
300692.743986816437 66739.064301757811 56.797004699707
300692.743986816437 66739.064301757811 56.996242523193
300692.743986816437 66739.064301757811 57.195480346680
300692.743986816437 66739.064301757811 57.394721984863
300692.743986816437 66739.064301757811 57.593959808350
300692.743986816437 66739.064301757811 57.793197631836
300692.743986816437 66739.064301757811 57.992439270020
300692.743986816437 66739.064301757811 58.191677093506
300692.743986816437 66739.064301757811 58.390914916992
300692.743986816437 66739.064301757811 58.590156555176
300692.743986816437 66739.064301757811 58.789394378662
300692.743986816437 66739.064301757811 58.988632202148
300692.743986816437 66739.064301757811 59.187877655029
300692.743986816437 66739.064301757811 59.387115478516
300692.743986816437 66739.064301757811 59.586353302002
300692.743986816437 66739.064301757811 59.785594940186
300692.743986816437 66739.064301757811 59.984832763672
300692.743986816437 66739.064301757811 60.184070587158
300692.743986816437 66739.064301757811 60.383312225342
300692.743986816437 66739.064301757811 60.582550048828
300692.743986816437 66739.064301757811 60.781787872314
300692.743986816437 66739.064301757811 60.981025695801
300692.743986816437 66739.064301757811 61.180267333984
300692.743986816437 66739.064301757811 61.379505157471
300692.743986816437 66739.064301757811 61.578742980957
300692.743986816437 66739.064301757811 61.777984619141
300692.743986816437 66739.064301757811 61.977222442627
300692.743986816437 66739.064301757811 62.176467895508
300692.743986816437 66739.064301757811 62.375705718994
300692.743986816437 66739.064301757811 62.574943542480
300692.743986816437 66739.064301757811 62.774181365967
300692.743986816437 66739.064301757811 62.973423004150
300692.743986816437 66739.064301757811 63.172660827637
300692.743986816437 66739.064301757811 63.371898651123
300692.743986816437 66739.064301757811 63.571140289307
300692.743986816437 66739.064301757811 63.770378112793
300692.743986816437 66739.064301757811 63.969615936279
300692.743986816437 66739.064301757811 64.168853759766
300692.743986816437 66739.064301757811 64.368095397949
300692.743986816437 66739.064301757811 64.567337036133
300692.743986816437 66739.064301757811 64.766571044922
300692.743986816437 66739.064301757811 64.965812683105
300692.743986816437 66739.064301757811 65.165054321289
300692.743986816437 66739.064301757811 65.364295959473
300692.743986816437 66739.064301757811 65.563529968262
300692.743986816437 66739.064301757811 65.762771606445
300692.743986816437 66739.064301757811 65.962013244629
300692.743986816437 66739.064301757811 66.161247253418
300692.743986816437 66739.064301757811 66.360488891602
300692.743986816437 66739.064301757811 66.559730529785
300692.743986816437 66739.064301757811 66.758964538574
300692.743986816437 66739.064301757811 66.958206176758
300692.743986816437 66739.064301757811 67.157447814941
300692.743986816437 66739.064301757811 67.356681823730
300692.743986816437 66739.064301757811 67.555923461914
300692.743986816437 66739.064301757811 67.755165100098
300692.743986816437 66739.064301757811 67.954399108887
300692.743986816437 66739.064301757811 68.153640747070
300692.743986816437 66739.064301757811 68.352882385254
300692.743986816437 66739.064301757811 68.552124023438
300692.743986816437 66739.064301757811 68.751365661621
300692.743986816437 66739.064301757811 68.950599670410
300692.743986816437 66739.064301757811 69.149841308594
300692.743986816437 66739.064301757811 69.349082946777
300692.743986816437 66739.064301757811 69.548316955566
300692.743986816437 66739.064301757811 69.747558593750
300692.743986816437 66739.064301757811 69.946800231934
300692.743986816437 66739.064301757811 70.146034240723
300692.743986816437 66739.064301757811 70.345275878906
300692.743986816437 66739.064301757811 70.544509887695
300692.743986816437 66739.064301757811 70.743751525879
300692.743986816437 66739.064301757811 70.942993164063
300692.743986816437 66739.064301757811 71.142227172852
300692.743986816437 66739.064301757811 71.341468811035
300692.743986816437 66739.064301757811 71.540710449219
300692.743986816437 66739.064301757811 71.739952087402
300692.743986816437 66739.064301757811 71.939193725586
300692.743986816437 66739.064301757811 72.138427734375
300692.743986816437 66739.064301757811 72.337669372559
300692.743986816437 66739.064301757811 72.536911010742
300692.743986816437 66739.064301757811 72.736145019531
300692.743986816437 66739.064301757811 72.935386657715
300692.743986816437 66739.064301757811 73.134628295898
300692.743986816437 66739.064301757811 73.333862304688
300692.743986816437 66739.064301757811 73.533103942871
300692.743986816437 66739.064301757811 73.732345581055
300692.743986816437 66739.064301757811 73.931579589844
300692.743986816437 66739.064301757811 74.130821228027
300692.743986816437 66739.064301757811 74.330062866211
300692.743986816437 66739.064301757811 74.529296875000
300692.743986816437 66739.064301757811 74.728538513184
300692.743986816437 66739.064301757811 74.927780151367
300692.743986816437 66739.064301757811 75.127021789551
300692.743986816437 66739.064301757811 75.326255798340
300692.743986816437 66739.064301757811 75.525497436523
300692.743986816437 66739.064301757811 75.724739074707
300692.743986816437 66739.064301757811 75.923973083496
300692.743986816437 66739.064301757811 76.123214721680
300692.743986816437 66739.064301757811 76.322456359863
300692.743986816437 66739.064301757811 76.521690368652
300692.743986816437 66739.064301757811 76.720932006836
300692.743986816437 66739.064301757811 76.920173645020
300692.743986816437 66739.064301757811 77.119407653809
300692.743986816437 66739.064301757811 77.318649291992
300692.743986816437 66739.064301757811 77.517890930176
300692.743986816437 66739.064301757811 77.717132568359
300692.743986816437 66739.064301757811 77.916374206543
300692.743986816437 66739.064301757811 78.115608215332
300692.743986816437 66739.064301757811 78.314849853516
300692.743986816437 66739.064301757811 78.514083862305
300692.743986816437 66739.064301757811 78.713325500488
300692.743986816437 66739.064301757811 78.912559509277
300692.743986816437 66739.064301757811 79.111801147461
300692.743986816437 66739.064301757811 79.311050415039
300692.743986816437 66739.064301757811 79.510284423828
300692.743986816437 66739.064301757811 79.709526062012
300692.743986816437 66739.064301757811 79.908760070801
300692.743986816437 66739.064301757811 80.108001708984
300692.743986816437 66739.064301757811 80.307235717773
300692.743986816437 66739.064301757811 80.506484985352
300692.743986816437 66739.064301757811 80.705718994141
300692.743986816437 66739.064301757811 80.904960632324
300692.743986816437 66739.064301757811 81.104194641113
300692.743986816437 66739.064301757811 81.303436279297
300692.743986816437 66739.064301757811 81.502670288086
300692.743986816437 66739.064301757811 81.701919555664
300692.743986816437 66739.064301757811 81.901153564453
300692.743986816437 66739.064301757811 82.100395202637
300692.743986816437 66739.064301757811 82.299629211426
300692.743986816437 66739.064301757811 82.498870849609
300692.743986816437 66739.064301757811 82.698112487793
300692.743986816437 66739.064301757811 82.897354125977
300692.743986816437 66739.064301757811 83.096595764160
300692.743986816437 66739.064301757811 83.295829772949
300692.743986816437 66739.064301757811 83.495071411133
300692.743986816437 66739.064301757811 83.694305419922
300692.743986816437 66739.064301757811 83.893547058105
300692.743986816437 66739.064301757811 84.092781066895
300692.743986816437 66739.064301757811 84.292030334473
300692.743986816437 66739.064301757811 84.491264343262
300692.743986816437 66739.064301757811 84.690505981445
300692.743986816437 66739.064301757811 84.889739990234
300692.743986816437 66739.064301757811 85.088981628418
300692.743986816437 66739.064301757811 85.288215637207
300692.743986816437 66739.064301757811 85.487464904785
300692.743986816437 66739.064301757811 85.686706542969
300692.743986816437 66739.064301757811 85.885940551758
300692.743986816437 66739.064301757811 86.085182189941
300692.743986816437 66739.064301757811 86.284416198730
300692.743986816437 66739.064301757811 86.483665466309
300692.743986816437 66739.064301757811 86.682899475098
300692.743986816437 66739.064301757811 86.882141113281
300692.743986816437 66739.064301757811 87.081375122070
300692.743986816437 66739.064301757811 87.280616760254
300692.743986816437 66739.064301757811 87.479850769043
300692.743986816437 66739.064301757811 87.679092407227
300692.743986816437 66739.064301757811 87.878326416016
300692.743986816437 66739.064301757811 88.077575683594
300692.743986816437 66739.064301757811 88.276809692383
300692.743986816437 66739.064301757811 88.476051330566
300692.743986816437 66739.064301757811 88.675292968750
300692.743986816437 66739.064301757811 88.874526977539
300692.743986816437 66739.064301757811 89.073776245117
300692.743986816437 66739.064301757811 89.273010253906
300692.743986816437 66739.064301757811 89.472251892090
300692.743986816437 66739.064301757811 89.671485900879
300692.743986816437 66739.064301757811 89.870727539063
300692.743986816437 66739.064301757811 90.069961547852
300692.743986816437 66739.064301757811 90.269210815430
300692.743986816437 66739.064301757811 90.468444824219
300692.743986816437 66739.064301757811 90.667686462402
300692.743986816437 66739.064301757811 90.866920471191
300692.743986816437 66739.064301757811 91.066162109375
300692.743986816437 66739.064301757811 91.265396118164
300692.743986816437 66739.064301757811 91.464637756348
300692.743986816437 66739.064301757811 91.663887023926
300692.743986816437 66739.064301757811 91.863121032715
300692.743986816437 66739.064301757811 92.062362670898
300692.743986816437 66739.064301757811 92.261596679688
300692.743986816437 66739.064301757811 92.460838317871
300692.743986816437 66739.064301757811 92.660072326660
300692.743986816437 66739.064301757811 92.859321594238
300692.743986816437 66739.064301757811 93.058555603027
300692.777006835968 66739.068696289061 21.531646728516
300692.777006835968 66739.068696289061 21.730884552002
300692.777006835968 66739.068696289061 21.930124282837
300692.777006835968 66739.068696289061 22.129364013672
300692.777006835968 66739.068696289061 22.328601837158
300692.777006835968 66739.068696289061 22.527841567993
300692.777006835968 66739.068696289061 22.727083206177
300692.777006835968 66739.068696289061 22.926321029663
300692.777006835968 66739.068696289061 23.125560760498
300692.777006835968 66739.068696289061 23.324800491333
300692.777006835968 66739.068696289061 23.524038314819
300692.777006835968 66739.068696289061 23.723278045654
300692.777006835968 66739.068696289061 23.922517776489
300692.777006835968 66739.068696289061 24.121755599976
300692.777006835968 66739.068696289061 24.320997238159
300692.777006835968 66739.068696289061 24.520236968994
300692.777006835968 66739.068696289061 24.719474792480
300692.777006835968 66739.068696289061 24.918714523315
300692.777006835968 66739.068696289061 25.117952346802
300692.777006835968 66739.068696289061 25.317192077637
300692.777006835968 66739.068696289061 25.516431808472
300692.777006835968 66739.068696289061 25.715669631958
300692.777006835968 66739.068696289061 25.914911270142
300692.777006835968 66739.068696289061 26.114151000977
300692.777006835968 66739.068696289061 26.313388824463
300692.777006835968 66739.068696289061 26.512628555298
300692.777006835968 66739.068696289061 26.711868286133
300692.777006835968 66739.068696289061 26.911106109619
300692.777006835968 66739.068696289061 27.110345840454
300692.777006835968 66739.068696289061 27.309587478638
300692.777006835968 66739.068696289061 27.508825302124
300692.777006835968 66739.068696289061 27.708065032959
300692.777006835968 66739.068696289061 27.907304763794
300692.777006835968 66739.068696289061 28.106542587280
300692.777006835968 66739.068696289061 28.305782318115
300692.777006835968 66739.068696289061 28.505020141602
300692.777006835968 66739.068696289061 28.704259872437
300692.777006835968 66739.068696289061 28.903501510620
300692.777006835968 66739.068696289061 29.102739334106
300692.777006835968 66739.068696289061 29.301979064941
300692.777006835968 66739.068696289061 29.501218795776
300692.777006835968 66739.068696289061 29.700456619263
300692.777006835968 66739.068696289061 29.899696350098
300692.777006835968 66739.068696289061 30.098936080933
300692.777006835968 66739.068696289061 30.298173904419
300692.777006835968 66739.068696289061 30.497415542603
300692.777006835968 66739.068696289061 30.696655273438
300692.777006835968 66739.068696289061 30.895893096924
300692.777006835968 66739.068696289061 31.095132827759
300692.777006835968 66739.068696289061 31.294372558594
300692.777006835968 66739.068696289061 31.493610382080
300692.777006835968 66739.068696289061 31.692850112915
300692.777006835968 66739.068696289061 31.892087936401
300692.777006835968 66739.068696289061 32.091331481934
300692.777006835968 66739.068696289061 32.290569305420
300692.777006835968 66739.068696289061 32.489807128906
300692.777006835968 66739.068696289061 32.689048767090
300692.777006835968 66739.068696289061 32.888286590576
300692.777006835968 66739.068696289061 33.087524414063
300692.777006835968 66739.068696289061 33.286762237549
300692.777006835968 66739.068696289061 33.486003875732
300692.777006835968 66739.068696289061 33.685245513916
300692.777006835968 66739.068696289061 33.884483337402
300692.777006835968 66739.068696289061 34.083721160889
300692.777006835968 66739.068696289061 34.282962799072
300692.777006835968 66739.068696289061 34.482200622559
300692.777006835968 66739.068696289061 34.681438446045
300692.777006835968 66739.068696289061 34.880680084229
300692.777006835968 66739.068696289061 35.079917907715
300692.777006835968 66739.068696289061 35.279159545898
300692.777006835968 66739.068696289061 35.478397369385
300692.777006835968 66739.068696289061 35.677635192871
300692.777006835968 66739.068696289061 35.876876831055
300692.777006835968 66739.068696289061 36.076114654541
300692.777006835968 66739.068696289061 36.275352478027
300692.777006835968 66739.068696289061 36.474594116211
300692.777006835968 66739.068696289061 36.673835754395
300692.777006835968 66739.068696289061 36.873073577881
300692.777006835968 66739.068696289061 37.072311401367
300692.777006835968 66739.068696289061 37.271549224854
300692.777006835968 66739.068696289061 37.470790863037
300692.777006835968 66739.068696289061 37.670028686523
300692.777006835968 66739.068696289061 37.869266510010
300692.777006835968 66739.068696289061 38.068508148193
300692.777006835968 66739.068696289061 38.267749786377
300692.777006835968 66739.068696289061 38.466987609863
300692.777006835968 66739.068696289061 38.666225433350
300692.777006835968 66739.068696289061 38.865467071533
300692.777006835968 66739.068696289061 39.064704895020
300692.777006835968 66739.068696289061 39.263942718506
300692.777006835968 66739.068696289061 39.463180541992
300692.777006835968 66739.068696289061 39.662422180176
300692.777006835968 66739.068696289061 39.861660003662
300692.777006835968 66739.068696289061 40.060897827148
300692.777006835968 66739.068696289061 40.260139465332
300692.777006835968 66739.068696289061 40.459377288818
300692.777006835968 66739.068696289061 40.658622741699
300692.777006835968 66739.068696289061 40.857860565186
300692.777006835968 66739.068696289061 41.057098388672
300692.777006835968 66739.068696289061 41.256336212158
300692.777006835968 66739.068696289061 41.455577850342
300692.777006835968 66739.068696289061 41.654815673828
300692.777006835968 66739.068696289061 41.854053497314
300692.777006835968 66739.068696289061 42.053295135498
300692.777006835968 66739.068696289061 42.252532958984
300692.777006835968 66739.068696289061 42.451770782471
300692.777006835968 66739.068696289061 42.651012420654
300692.777006835968 66739.068696289061 42.850250244141
300692.777006835968 66739.068696289061 43.049488067627
300692.777006835968 66739.068696289061 43.248729705811
300692.777006835968 66739.068696289061 43.447967529297
300692.777006835968 66739.068696289061 43.647209167480
300692.777006835968 66739.068696289061 43.846450805664
300692.777006835968 66739.068696289061 44.045688629150
300692.777006835968 66739.068696289061 44.244926452637
300692.777006835968 66739.068696289061 44.444168090820
300692.777006835968 66739.068696289061 44.643405914307
300692.777006835968 66739.068696289061 44.842643737793
300692.777006835968 66739.068696289061 45.041885375977
300692.777006835968 66739.068696289061 45.241123199463
300692.777006835968 66739.068696289061 45.440361022949
300692.777006835968 66739.068696289061 45.639602661133
300692.777006835968 66739.068696289061 45.838840484619
300692.777006835968 66739.068696289061 46.038078308105
300692.777006835968 66739.068696289061 46.237316131592
300692.777006835968 66739.068696289061 46.436557769775
300692.777006835968 66739.068696289061 46.635795593262
300692.777006835968 66739.068696289061 46.835041046143
300692.777006835968 66739.068696289061 47.034278869629
300692.777006835968 66739.068696289061 47.233516693115
300692.777006835968 66739.068696289061 47.432758331299
300692.777006835968 66739.068696289061 47.631996154785
300692.777006835968 66739.068696289061 47.831233978271
300692.777006835968 66739.068696289061 48.030471801758
300692.777006835968 66739.068696289061 48.229713439941
300692.777006835968 66739.068696289061 48.428951263428
300692.777006835968 66739.068696289061 48.628189086914
300692.777006835968 66739.068696289061 48.827430725098
300692.777006835968 66739.068696289061 49.026668548584
300692.777006835968 66739.068696289061 49.225906372070
300692.777006835968 66739.068696289061 49.425148010254
300692.777006835968 66739.068696289061 49.624385833740
300692.777006835968 66739.068696289061 49.823627471924
300692.777006835968 66739.068696289061 50.022869110107
300692.777006835968 66739.068696289061 50.222106933594
300692.777006835968 66739.068696289061 50.421344757080
300692.777006835968 66739.068696289061 50.620586395264
300692.777006835968 66739.068696289061 50.819824218750
300692.777006835968 66739.068696289061 51.019062042236
300692.777006835968 66739.068696289061 51.218303680420
300692.777006835968 66739.068696289061 51.417541503906
300692.777006835968 66739.068696289061 51.616779327393
300692.777006835968 66739.068696289061 51.816020965576
300692.777006835968 66739.068696289061 52.015258789063
300692.777006835968 66739.068696289061 52.214496612549
300692.777006835968 66739.068696289061 52.413734436035
300692.777006835968 66739.068696289061 52.612976074219
300692.777006835968 66739.068696289061 52.812213897705
300692.777006835968 66739.068696289061 53.011459350586
300692.777006835968 66739.068696289061 53.210697174072
300692.777006835968 66739.068696289061 53.409934997559
300692.777006835968 66739.068696289061 53.609176635742
300692.777006835968 66739.068696289061 53.808414459229
300692.777006835968 66739.068696289061 54.007652282715
300692.777006835968 66739.068696289061 54.206890106201
300692.777006835968 66739.068696289061 54.406131744385
300692.777006835968 66739.068696289061 54.605369567871
300692.777006835968 66739.068696289061 54.804607391357
300692.777006835968 66739.068696289061 55.003849029541
300692.777006835968 66739.068696289061 55.203086853027
300692.777006835968 66739.068696289061 55.402324676514
300692.777006835968 66739.068696289061 55.601566314697
300692.777006835968 66739.068696289061 55.800804138184
300692.777006835968 66739.068696289061 56.000045776367
300692.777006835968 66739.068696289061 56.199287414551
300692.777006835968 66739.068696289061 56.398525238037
300692.777006835968 66739.068696289061 56.597763061523
300692.777006835968 66739.068696289061 56.797004699707
300692.777006835968 66739.068696289061 56.996242523193
300692.777006835968 66739.068696289061 57.195480346680
300692.777006835968 66739.068696289061 57.394721984863
300692.777006835968 66739.068696289061 57.593959808350
300692.777006835968 66739.068696289061 57.793197631836
300692.777006835968 66739.068696289061 57.992439270020
300692.777006835968 66739.068696289061 58.191677093506
300692.777006835968 66739.068696289061 58.390914916992
300692.777006835968 66739.068696289061 58.590156555176
300692.777006835968 66739.068696289061 58.789394378662
300692.777006835968 66739.068696289061 58.988632202148
300692.777006835968 66739.068696289061 59.187877655029
300692.777006835968 66739.068696289061 59.387115478516
300692.777006835968 66739.068696289061 59.586353302002
300692.777006835968 66739.068696289061 59.785594940186
300692.777006835968 66739.068696289061 59.984832763672
300692.777006835968 66739.068696289061 60.184070587158
300692.777006835968 66739.068696289061 60.383312225342
300692.777006835968 66739.068696289061 60.582550048828
300692.777006835968 66739.068696289061 60.781787872314
300692.777006835968 66739.068696289061 60.981025695801
300692.777006835968 66739.068696289061 61.180267333984
300692.777006835968 66739.068696289061 61.379505157471
300692.777006835968 66739.068696289061 61.578742980957
300692.777006835968 66739.068696289061 61.777984619141
300692.777006835968 66739.068696289061 61.977222442627
300692.777006835968 66739.068696289061 62.176467895508
300692.777006835968 66739.068696289061 62.375705718994
300692.777006835968 66739.068696289061 62.574943542480
300692.777006835968 66739.068696289061 62.774181365967
300692.777006835968 66739.068696289061 62.973423004150
300692.777006835968 66739.068696289061 63.172660827637
300692.777006835968 66739.068696289061 63.371898651123
300692.777006835968 66739.068696289061 63.571140289307
300692.777006835968 66739.068696289061 63.770378112793
300692.777006835968 66739.068696289061 63.969615936279
300692.777006835968 66739.068696289061 64.168853759766
300692.777006835968 66739.068696289061 64.368095397949
300692.777006835968 66739.068696289061 64.567337036133
300692.777006835968 66739.068696289061 64.766571044922
300692.777006835968 66739.068696289061 64.965812683105
300692.777006835968 66739.068696289061 65.165054321289
300692.777006835968 66739.068696289061 65.364295959473
300692.777006835968 66739.068696289061 65.563529968262
300692.777006835968 66739.068696289061 65.762771606445
300692.777006835968 66739.068696289061 65.962013244629
300692.777006835968 66739.068696289061 66.161247253418
300692.777006835968 66739.068696289061 66.360488891602
300692.777006835968 66739.068696289061 66.559730529785
300692.777006835968 66739.068696289061 66.758964538574
300692.777006835968 66739.068696289061 66.958206176758
300692.777006835968 66739.068696289061 67.157447814941
300692.777006835968 66739.068696289061 67.356681823730
300692.777006835968 66739.068696289061 67.555923461914
300692.777006835968 66739.068696289061 67.755165100098
300692.777006835968 66739.068696289061 67.954399108887
300692.777006835968 66739.068696289061 68.153640747070
300692.777006835968 66739.068696289061 68.352882385254
300692.777006835968 66739.068696289061 68.552124023438
300692.777006835968 66739.068696289061 68.751365661621
300692.777006835968 66739.068696289061 68.950599670410
300692.777006835968 66739.068696289061 69.149841308594
300692.777006835968 66739.068696289061 69.349082946777
300692.777006835968 66739.068696289061 69.548316955566
300692.777006835968 66739.068696289061 69.747558593750
300692.777006835968 66739.068696289061 69.946800231934
300692.777006835968 66739.068696289061 70.146034240723
300692.777006835968 66739.068696289061 70.345275878906
300692.777006835968 66739.068696289061 70.544509887695
300692.777006835968 66739.068696289061 70.743751525879
300692.777006835968 66739.068696289061 70.942993164063
300692.777006835968 66739.068696289061 71.142227172852
300692.777006835968 66739.068696289061 71.341468811035
300692.777006835968 66739.068696289061 71.540710449219
300692.777006835968 66739.068696289061 71.739952087402
300692.777006835968 66739.068696289061 71.939193725586
300692.777006835968 66739.068696289061 72.138427734375
300692.777006835968 66739.068696289061 72.337669372559
300692.777006835968 66739.068696289061 72.536911010742
300692.777006835968 66739.068696289061 72.736145019531
300692.777006835968 66739.068696289061 72.935386657715
300692.777006835968 66739.068696289061 73.134628295898
300692.777006835968 66739.068696289061 73.333862304688
300692.777006835968 66739.068696289061 73.533103942871
300692.777006835968 66739.068696289061 73.732345581055
300692.777006835968 66739.068696289061 73.931579589844
300692.777006835968 66739.068696289061 74.130821228027
300692.777006835968 66739.068696289061 74.330062866211
300692.777006835968 66739.068696289061 74.529296875000
300692.777006835968 66739.068696289061 74.728538513184
300692.777006835968 66739.068696289061 74.927780151367
300692.777006835968 66739.068696289061 75.127021789551
300692.777006835968 66739.068696289061 75.326255798340
300692.777006835968 66739.068696289061 75.525497436523
300692.777006835968 66739.068696289061 75.724739074707
300692.777006835968 66739.068696289061 75.923973083496
300692.777006835968 66739.068696289061 76.123214721680
300692.777006835968 66739.068696289061 76.322456359863
300692.777006835968 66739.068696289061 76.521690368652
300692.777006835968 66739.068696289061 76.720932006836
300692.777006835968 66739.068696289061 76.920173645020
300692.777006835968 66739.068696289061 77.119407653809
300692.777006835968 66739.068696289061 77.318649291992
300692.777006835968 66739.068696289061 77.517890930176
300692.777006835968 66739.068696289061 77.717132568359
300692.777006835968 66739.068696289061 77.916374206543
300692.777006835968 66739.068696289061 78.115608215332
300692.777006835968 66739.068696289061 78.314849853516
300692.777006835968 66739.068696289061 78.514083862305
300692.777006835968 66739.068696289061 78.713325500488
300692.777006835968 66739.068696289061 78.912559509277
300692.777006835968 66739.068696289061 79.111801147461
300692.777006835968 66739.068696289061 79.311050415039
300692.777006835968 66739.068696289061 79.510284423828
300692.777006835968 66739.068696289061 79.709526062012
300692.777006835968 66739.068696289061 79.908760070801
300692.777006835968 66739.068696289061 80.108001708984
300692.777006835968 66739.068696289061 80.307235717773
300692.777006835968 66739.068696289061 80.506484985352
300692.777006835968 66739.068696289061 80.705718994141
300692.777006835968 66739.068696289061 80.904960632324
300692.777006835968 66739.068696289061 81.104194641113
300692.777006835968 66739.068696289061 81.303436279297
300692.777006835968 66739.068696289061 81.502670288086
300692.777006835968 66739.068696289061 81.701919555664
300692.777006835968 66739.068696289061 81.901153564453
300692.777006835968 66739.068696289061 82.100395202637
300692.777006835968 66739.068696289061 82.299629211426
300692.777006835968 66739.068696289061 82.498870849609
300692.777006835968 66739.068696289061 82.698112487793
300692.777006835968 66739.068696289061 82.897354125977
300692.777006835968 66739.068696289061 83.096595764160
300692.777006835968 66739.068696289061 83.295829772949
300692.777006835968 66739.068696289061 83.495071411133
300692.777006835968 66739.068696289061 83.694305419922
300692.777006835968 66739.068696289061 83.893547058105
300692.777006835968 66739.068696289061 84.092781066895
300692.777006835968 66739.068696289061 84.292030334473
300692.777006835968 66739.068696289061 84.491264343262
300692.777006835968 66739.068696289061 84.690505981445
300692.777006835968 66739.068696289061 84.889739990234
300692.777006835968 66739.068696289061 85.088981628418
300692.777006835968 66739.068696289061 85.288215637207
300692.777006835968 66739.068696289061 85.487464904785
300692.777006835968 66739.068696289061 85.686706542969
300692.777006835968 66739.068696289061 85.885940551758
300692.777006835968 66739.068696289061 86.085182189941
300692.777006835968 66739.068696289061 86.284416198730
300692.777006835968 66739.068696289061 86.483665466309
300692.777006835968 66739.068696289061 86.682899475098
300692.777006835968 66739.068696289061 86.882141113281
300692.777006835968 66739.068696289061 87.081375122070
300692.777006835968 66739.068696289061 87.280616760254
300692.777006835968 66739.068696289061 87.479850769043
300692.777006835968 66739.068696289061 87.679092407227
300692.777006835968 66739.068696289061 87.878326416016
300692.777006835968 66739.068696289061 88.077575683594
300692.777006835968 66739.068696289061 88.276809692383
300692.777006835968 66739.068696289061 88.476051330566
300692.777006835968 66739.068696289061 88.675292968750
300692.777006835968 66739.068696289061 88.874526977539
300692.777006835968 66739.068696289061 89.073776245117
300692.777006835968 66739.068696289061 89.273010253906
300692.777006835968 66739.068696289061 89.472251892090
300692.777006835968 66739.068696289061 89.671485900879
300692.777006835968 66739.068696289061 89.870727539063
300692.777006835968 66739.068696289061 90.069961547852
300692.777006835968 66739.068696289061 90.269210815430
300692.777006835968 66739.068696289061 90.468444824219
300692.777006835968 66739.068696289061 90.667686462402
300692.777006835968 66739.068696289061 90.866920471191
300692.777006835968 66739.068696289061 91.066162109375
300692.777006835968 66739.068696289061 91.265396118164
300692.777006835968 66739.068696289061 91.464637756348
300692.777006835968 66739.068696289061 91.663887023926
300692.777006835968 66739.068696289061 91.863121032715
300692.777006835968 66739.068696289061 92.062362670898
300692.777006835968 66739.068696289061 92.261596679688
300692.777006835968 66739.068696289061 92.460838317871
300692.777006835968 66739.068696289061 92.660072326660
300692.777006835968 66739.068696289061 92.859321594238
300692.777006835968 66739.068696289061 93.058555603027
300688.211760253937 66738.458955078124 21.531646728516
300688.211760253937 66738.458955078124 44.396026611328
300688.211760253937 66738.458955078124 67.260406494141
300688.211760253937 66738.458955078124 90.124786376953
300692.711027832062 66739.059907226561 21.531646728516
300692.711027832062 66739.059907226561 44.396026611328
300692.711027832062 66739.059907226561 67.260406494141
300692.711027832062 66739.059907226561 90.124786376953
300683.025908203155 66737.766328124999 21.531646728516
300683.025908203155 66737.766328124999 34.607192993164
300683.025908203155 66737.766328124999 47.682735443115
300683.025908203155 66737.766328124999 60.758281707764
300683.025908203155 66737.766328124999 73.833831787109
300683.025908203155 66737.766328124999 86.909378051758
300685.618864746124 66738.112641601561 21.531646728516
300685.618864746124 66738.112641601561 34.607192993164
300685.618864746124 66738.112641601561 47.682735443115
300685.618864746124 66738.112641601561 60.758281707764
300685.618864746124 66738.112641601561 73.833831787109
300685.618864746124 66738.112641601561 86.909378051758
300688.211760253937 66738.458955078124 21.531646728516
300688.211760253937 66738.458955078124 34.607192993164
300688.211760253937 66738.458955078124 47.682735443115
300688.211760253937 66738.458955078124 60.758281707764
300688.211760253937 66738.458955078124 73.833831787109
300688.211760253937 66738.458955078124 86.909378051758
300677.564604492218 66737.036835937499 21.531646728516
300677.564604492218 66737.036835937499 52.791309356689
300677.564604492218 66737.036835937499 84.050964355469
300683.025908203155 66737.766328124999 21.531646728516
300683.025908203155 66737.766328124999 52.791309356689
300683.025908203155 66737.766328124999 84.050964355469
300672.228605957062 66736.324067382811 21.531646728516
300672.228605957062 66736.324067382811 51.248340606689
300672.228605957062 66736.324067382811 80.965042114258
300677.564604492218 66737.036835937499 21.531646728516
300677.564604492218 66737.036835937499 51.248340606689
300677.564604492218 66737.036835937499 80.965042114258
300665.634123535187 66735.443330078124 21.531646728516
300665.634123535187 66735.443330078124 49.617244720459
300665.634123535187 66735.443330078124 77.702850341797
300672.228605957062 66736.324067382811 21.531646728516
300672.228605957062 66736.324067382811 49.617244720459
300672.228605957062 66736.324067382811 77.702850341797
300660.182585449249 66734.715180664061 21.531646728516
300660.182585449249 66734.715180664061 48.080669403076
300660.182585449249 66734.715180664061 74.629699707031
300665.634123535187 66735.443330078124 21.531646728516
300665.634123535187 66735.443330078124 48.080669403076
300665.634123535187 66735.443330078124 74.629699707031
300654.890837402374 66734.008271484374 21.531646728516
300654.890837402374 66734.008271484374 46.574752807617
300654.890837402374 66734.008271484374 71.617858886719
300660.182585449249 66734.715180664061 21.531646728516
300660.182585449249 66734.715180664061 46.574752807617
300660.182585449249 66734.715180664061 71.617858886719
300649.501494140655 66733.288544921874 21.531646728516
300649.501494140655 66733.288544921874 37.255458831787
300649.501494140655 66733.288544921874 52.979274749756
300649.501494140655 66733.288544921874 68.703086853027
300652.196135253937 66733.648408203124 21.531646728516
300652.196135253937 66733.648408203124 37.255458831787
300652.196135253937 66733.648408203124 52.979274749756
300652.196135253937 66733.648408203124 68.703086853027
300654.890837402374 66734.008271484374 21.531646728516
300654.890837402374 66734.008271484374 37.255458831787
300654.890837402374 66734.008271484374 52.979274749756
300654.890837402374 66734.008271484374 68.703086853027
300642.816191406280 66732.395600585936 21.531646728516
300642.816191406280 66732.395600585936 36.200420379639
300642.816191406280 66732.395600585936 50.869194030762
300642.816191406280 66732.395600585936 65.537971496582
300646.158903808624 66732.842011718749 21.531646728516
300646.158903808624 66732.842011718749 36.200420379639
300646.158903808624 66732.842011718749 50.869194030762
300646.158903808624 66732.842011718749 65.537971496582
300649.501494140655 66733.288544921874 21.531646728516
300649.501494140655 66733.288544921874 36.200420379639
300649.501494140655 66733.288544921874 50.869194030762
300649.501494140655 66733.288544921874 65.537971496582
300637.798430175812 66731.725434570311 21.531646728516
300637.798430175812 66731.725434570311 42.051876068115
300637.798430175812 66731.725434570311 62.572105407715
300642.816191406280 66732.395600585936 21.531646728516
300642.816191406280 66732.395600585936 42.051876068115
300642.816191406280 66732.395600585936 62.572105407715
300632.233488769562 66730.982026367186 21.531646728516
300632.233488769562 66730.982026367186 40.525516510010
300632.233488769562 66730.982026367186 59.519390106201
300637.798430175812 66731.725434570311 21.531646728516
300637.798430175812 66731.725434570311 40.525516510010
300637.798430175812 66731.725434570311 59.519390106201
300624.708708496124 66729.977021484374 21.531646728516
300624.708708496124 66729.977021484374 56.333839416504
300632.233488769562 66730.982026367186 21.531646728516
300632.233488769562 66730.982026367186 56.333839416504
300622.365080566437 66729.664033203124 21.531646728516
300622.365080566437 66729.664033203124 32.104587554932
300622.365080566437 66729.664033203124 42.677524566650
300622.365080566437 66729.664033203124 53.250465393066
300624.708708496124 66729.977021484374 21.531646728516
300624.708708496124 66729.977021484374 32.104587554932
300624.708708496124 66729.977021484374 42.677524566650
300624.708708496124 66729.977021484374 53.250465393066
300689.471037597687 66692.694794921874 108.509742736816
300689.471037597687 66692.694794921874 21.531646728516
300704.102202148468 66719.253144531249 108.509742736816
300704.102202148468 66719.253144531249 21.531646728516
300704.102202148468 66719.253144531249 105.341262817383
300704.102202148468 66719.253144531249 63.436454772949
300704.102202148468 66719.253144531249 21.531646728516
300710.530791015655 66730.922089843749 105.341262817383
300710.530791015655 66730.922089843749 63.436454772949
300710.530791015655 66730.922089843749 21.531646728516
300700.922636718780 66736.215302734374 21.531646728516
300700.922636718780 66736.215302734374 60.397071838379
300700.922636718780 66736.215302734374 99.262496948242
300710.530791015655 66730.922089843749 21.531646728516
300710.530791015655 66730.922089843749 60.397071838379
300710.530791015655 66730.922089843749 99.262496948242
300703.028837890655 66699.197846679686 111.459426879883
300703.028837890655 66699.197846679686 108.509742736816
300705.600310058624 66703.865327148436 111.459426879883
300705.600310058624 66703.865327148436 108.509742736816
300705.600310058624 66703.865327148436 111.459426879883
300705.600310058624 66703.865327148436 108.509742736816
300708.091093750030 66702.493134765624 111.459426879883
300708.091093750030 66702.493134765624 108.509742736816
300705.519743652374 66697.825654296874 108.509742736816
300705.519743652374 66697.825654296874 111.459426879883
300708.091093750030 66702.493134765624 108.509742736816
300708.091093750030 66702.493134765624 111.459426879883
300711.246184082062 66708.967011718749 108.509742736816
300711.246184082062 66708.967011718749 113.931343078613
300713.983671875030 66713.936005859374 108.509742736816
300713.983671875030 66713.936005859374 113.931343078613
300711.246184082062 66708.967011718749 113.931343078613
300711.246184082062 66708.967011718749 111.220542907715
300711.246184082062 66708.967011718749 108.509742736816
300711.659086914093 66708.739594726561 113.931343078613
300711.659086914093 66708.739594726561 111.220542907715
300711.659086914093 66708.739594726561 108.509742736816
300710.434843750030 66706.517182617186 108.509742736816
300710.434843750030 66706.517182617186 113.931343078613
300711.659086914093 66708.739594726561 108.509742736816
300711.659086914093 66708.739594726561 113.931343078613
300705.742338867218 66709.102387695311 108.509742736816
300705.742338867218 66709.102387695311 113.931343078613
300710.434843750030 66706.517182617186 108.509742736816
300710.434843750030 66706.517182617186 113.931343078613
300709.650603027374 66716.196503906249 113.931343078613
300709.650603027374 66716.196503906249 105.341262817383
300711.211638183624 66719.030244140624 113.931343078613
300711.211638183624 66719.030244140624 105.341262817383
300705.742338867218 66709.102387695311 113.931343078613
300705.742338867218 66709.102387695311 108.509742736816
300709.650603027374 66716.196503906249 113.931343078613
300709.650603027374 66716.196503906249 108.509742736816
300699.460173339874 66701.163911132811 105.740737915039
300699.460173339874 66701.163911132811 108.509742736816
300703.028837890655 66699.197846679686 105.740737915039
300703.028837890655 66699.197846679686 108.509742736816
300693.555083007843 66690.444916992186 105.740737915039
300693.555083007843 66690.444916992186 108.509742736816
300699.460173339874 66701.163911132811 105.740737915039
300699.460173339874 66701.163911132811 108.509742736816
300705.519743652374 66697.825654296874 105.740737915039
300705.519743652374 66697.825654296874 108.509742736816
300709.665007324249 66695.541840820311 105.740737915039
300709.665007324249 66695.541840820311 108.509742736816
300703.028837890655 66699.197846679686 105.740737915039
300703.028837890655 66699.197846679686 111.459426879883
300704.274260253937 66698.511689453124 105.740737915039
300704.274260253937 66698.511689453124 111.459426879883
300705.519743652374 66697.825654296874 105.740737915039
300705.519743652374 66697.825654296874 111.459426879883
300725.294340820343 66707.116425781249 8.159237861633
300725.294340820343 66707.116425781249 25.272972106934
300731.586271972687 66718.537446289061 8.159237861633
300731.586271972687 66718.537446289061 25.272972106934
300731.586271972687 66718.537446289061 8.159237861633
300731.586271972687 66718.537446289061 25.272972106934
300738.506499023468 66731.099091796874 8.159237861633
300738.506499023468 66731.099091796874 25.272972106934
300738.506499023468 66731.099091796874 8.159237861633
300738.506499023468 66731.099091796874 13.863816261292
300738.506499023468 66731.099091796874 19.568393707275
300738.506499023468 66731.099091796874 25.272972106934
300739.118315429718 66732.209687499999 8.159237861633
300739.118315429718 66732.209687499999 13.863816261292
300739.118315429718 66732.209687499999 19.568393707275
300739.118315429718 66732.209687499999 25.272972106934
300739.730253906280 66733.320283203124 8.159237861633
300739.730253906280 66733.320283203124 13.863816261292
300739.730253906280 66733.320283203124 19.568393707275
300739.730253906280 66733.320283203124 25.272972106934
300738.997648925812 66733.723847656249 25.272972106934
300738.997648925812 66733.723847656249 22.828153610229
300738.997648925812 66733.723847656249 20.383335113525
300738.997648925812 66733.723847656249 17.938514709473
300738.997648925812 66733.723847656249 15.493695259094
300738.997648925812 66733.723847656249 13.048876762390
300738.997648925812 66733.723847656249 10.604057312012
300738.997648925812 66733.723847656249 8.159237861633
300739.363920898468 66733.522065429686 25.272972106934
300739.363920898468 66733.522065429686 22.828153610229
300739.363920898468 66733.522065429686 20.383335113525
300739.363920898468 66733.522065429686 17.938514709473
300739.363920898468 66733.522065429686 15.493695259094
300739.363920898468 66733.522065429686 13.048876762390
300739.363920898468 66733.522065429686 10.604057312012
300739.363920898468 66733.522065429686 8.159237861633
300739.730253906280 66733.320283203124 25.272972106934
300739.730253906280 66733.320283203124 22.828153610229
300739.730253906280 66733.320283203124 20.383335113525
300739.730253906280 66733.320283203124 17.938514709473
300739.730253906280 66733.320283203124 15.493695259094
300739.730253906280 66733.320283203124 13.048876762390
300739.730253906280 66733.320283203124 10.604057312012
300739.730253906280 66733.320283203124 8.159237861633
300734.844450683624 66736.011811523436 25.272972106934
300734.844450683624 66736.011811523436 8.159237861633
300738.997648925812 66733.723847656249 25.272972106934
300738.997648925812 66733.723847656249 8.159237861633
300732.628142089874 66737.232758789061 25.272972106934
300732.628142089874 66737.232758789061 16.716104507446
300732.628142089874 66737.232758789061 8.159237861633
300734.844450683624 66736.011811523436 25.272972106934
300734.844450683624 66736.011811523436 16.716104507446
300734.844450683624 66736.011811523436 8.159237861633
300718.342924804718 66745.102631835936 101.940429687500
300718.342924804718 66745.102631835936 8.159237861633
300732.628142089874 66737.232758789061 101.940429687500
300732.628142089874 66737.232758789061 8.159237861633
300708.734831542999 66750.395722656249 99.262496948242
300708.734831542999 66750.395722656249 68.894744873047
300708.734831542999 66750.395722656249 38.526988983154
300708.734831542999 66750.395722656249 8.159237861633
300713.538847656280 66747.749238281249 99.262496948242
300713.538847656280 66747.749238281249 68.894744873047
300713.538847656280 66747.749238281249 38.526988983154
300713.538847656280 66747.749238281249 8.159237861633
300718.342924804718 66745.102631835936 99.262496948242
300718.342924804718 66745.102631835936 68.894744873047
300718.342924804718 66745.102631835936 38.526988983154
300718.342924804718 66745.102631835936 8.159237861633
300700.618681640655 66754.867036132811 96.227027893066
300700.618681640655 66754.867036132811 52.193130493164
300700.618681640655 66754.867036132811 8.159237861633
300708.734831542999 66750.395722656249 96.227027893066
300708.734831542999 66750.395722656249 52.193130493164
300708.734831542999 66750.395722656249 8.159237861633
300696.861540527374 66756.936860351561 93.058555603027
300696.861540527374 66756.936860351561 71.833724975586
300696.861540527374 66756.936860351561 50.608898162842
300696.861540527374 66756.936860351561 29.384067535400
300696.861540527374 66756.936860351561 8.159237861633
300700.618681640655 66754.867036132811 93.058555603027
300700.618681640655 66754.867036132811 71.833724975586
300700.618681640655 66754.867036132811 50.608898162842
300700.618681640655 66754.867036132811 29.384067535400
300700.618681640655 66754.867036132811 8.159237861633
300630.181181640655 66793.671601562499 20.979322433472
300630.181181640655 66793.671601562499 8.159237861633
300696.861540527374 66756.936860351561 20.979322433472
300696.861540527374 66756.936860351561 8.159237861633
300614.637663574249 66802.234711914061 34.727409362793
300614.637663574249 66802.234711914061 8.159237861633
300630.181181640655 66793.671601562499 34.727409362793
300630.181181640655 66793.671601562499 8.159237861633
300613.724516601593 66802.737519531249 34.727409362793
300613.724516601593 66802.737519531249 29.413776397705
300613.724516601593 66802.737519531249 24.100143432617
300613.724516601593 66802.737519531249 18.786506652832
300613.724516601593 66802.737519531249 13.472872734070
300613.724516601593 66802.737519531249 8.159237861633
300614.637663574249 66802.234711914061 34.727409362793
300614.637663574249 66802.234711914061 29.413776397705
300614.637663574249 66802.234711914061 24.100143432617
300614.637663574249 66802.234711914061 18.786506652832
300614.637663574249 66802.234711914061 13.472872734070
300614.637663574249 66802.234711914061 8.159237861633
300607.624602050812 66791.665009765624 34.727409362793
300607.624602050812 66791.665009765624 8.159237861633
300613.724516601593 66802.737519531249 34.727409362793
300613.724516601593 66802.737519531249 8.159237861633
300600.731108398468 66779.152070312499 37.626693725586
300600.731108398468 66779.152070312499 8.159237861633
300607.624602050812 66791.665009765624 37.626693725586
300607.624602050812 66791.665009765624 8.159237861633
300599.288603515655 66776.533662109374 40.546573638916
300599.288603515655 66776.533662109374 24.352905273438
300599.288603515655 66776.533662109374 8.159237861633
300600.731108398468 66779.152070312499 40.546573638916
300600.731108398468 66779.152070312499 24.352905273438
300600.731108398468 66779.152070312499 8.159237861633
300592.806242675812 66764.766938476561 40.546573638916
300592.806242675812 66764.766938476561 8.159237861633
300596.047392578155 66770.650361328124 40.546573638916
300596.047392578155 66770.650361328124 8.159237861633
300599.288603515655 66776.533662109374 40.546573638916
300599.288603515655 66776.533662109374 8.159237861633
300584.852690429718 66750.329682617186 44.082099914551
300584.852690429718 66750.329682617186 8.159237861633
300592.806242675812 66764.766938476561 44.082099914551
300592.806242675812 66764.766938476561 8.159237861633
300584.852690429718 66750.329682617186 8.159237861633
300584.852690429718 66750.329682617186 44.082099914551
300592.626677246124 66746.046967773436 8.159237861633
300592.626677246124 66746.046967773436 44.082099914551
300600.400725097687 66741.764374999999 8.159237861633
300600.400725097687 66741.764374999999 44.082099914551
300600.400725097687 66741.764374999999 8.159237861633
300600.400725097687 66741.764374999999 47.214012145996
300609.489104003937 66736.757416992186 8.159237861633
300609.489104003937 66736.757416992186 47.214012145996
300609.489104003937 66736.757416992186 8.159237861633
300609.489104003937 66736.757416992186 29.161890029907
300609.489104003937 66736.757416992186 50.164543151855
300612.943632812530 66734.854218749999 8.159237861633
300612.943632812530 66734.854218749999 29.161890029907
300612.943632812530 66734.854218749999 50.164543151855
300616.398161621124 66732.951142578124 8.159237861633
300616.398161621124 66732.951142578124 29.161890029907
300616.398161621124 66732.951142578124 50.164543151855
300616.398161621124 66732.951142578124 8.159237861633
300616.398161621124 66732.951142578124 30.704854965210
300616.398161621124 66732.951142578124 53.250465393066
300622.365080566437 66729.664033203124 8.159237861633
300622.365080566437 66729.664033203124 30.704854965210
300622.365080566437 66729.664033203124 53.250465393066
300622.365080566437 66729.664033203124 8.159237861633
300622.365080566437 66729.664033203124 21.531646728516
300655.918059082062 66711.179414062499 8.159237861633
300655.918059082062 66711.179414062499 21.531646728516
300689.471037597687 66692.694794921874 8.159237861633
300689.471037597687 66692.694794921874 21.531646728516
300689.471037597687 66692.694794921874 8.159237861633
300689.471037597687 66692.694794921874 33.246860504150
300689.471037597687 66692.694794921874 58.334487915039
300689.471037597687 66692.694794921874 83.422111511230
300689.471037597687 66692.694794921874 108.509742736816
300693.555083007843 66690.444916992186 8.159237861633
300693.555083007843 66690.444916992186 33.246860504150
300693.555083007843 66690.444916992186 58.334487915039
300693.555083007843 66690.444916992186 83.422111511230
300693.555083007843 66690.444916992186 108.509742736816
300693.555083007843 66690.444916992186 8.159237861633
300693.555083007843 66690.444916992186 56.949989318848
300693.555083007843 66690.444916992186 105.740737915039
300703.759916992218 66684.822968749999 8.159237861633
300703.759916992218 66684.822968749999 56.949989318848
300703.759916992218 66684.822968749999 105.740737915039
300703.759916992218 66684.822968749999 8.159237861633
300703.759916992218 66684.822968749999 25.272972106934
300710.858488769562 66680.912324218749 8.159237861633
300710.858488769562 66680.912324218749 25.272972106934
300710.858488769562 66680.912324218749 8.159237861633
300710.858488769562 66680.912324218749 25.272972106934
300725.294340820343 66707.116425781249 8.159237861633
300725.294340820343 66707.116425781249 25.272972106934
300741.652006835968 66732.878510742186 9.511662483215
300741.012785644562 66731.733002929686 9.511662483215
300741.652006835968 66732.878510742186 9.511662483215
300739.159270019562 66728.411347656249 9.511662483215
300741.012785644562 66731.733002929686 9.511662483215
300737.420561523468 66725.295502929686 9.511662483215
300739.159270019562 66728.411347656249 9.511662483215
300736.074187011749 66722.882539062499 9.511662483215
300737.420561523468 66725.295502929686 9.511662483215
300735.888518066437 66722.549653320311 9.511662483215
300736.074187011749 66722.882539062499 9.511662483215
300730.708708496124 66713.266816406249 9.511662483215
300735.888518066437 66722.549653320311 9.511662483215
300730.708708496124 66713.266816406249 9.511662483215
300687.060637207062 66710.759492187499 8.159237861633
300694.422941894562 66724.123627929686 8.159237861633
300701.785307617218 66737.487641601561 8.159237861633
300654.929167480499 66728.461030273436 8.159237861633
300662.291472167999 66741.825043945311 8.159237861633
300669.653837890655 66755.189057617186 8.159237861633
300622.797697753937 66746.162446289061 8.159237861633
300630.160002441437 66759.526459960936 8.159237861633
300637.522368164093 66772.890473632811 8.159237861633
300725.294340820343 66707.116425781249 8.159237861633
300718.076445312530 66694.014252929686 8.159237861633
300710.858488769562 66680.912324218749 8.159237861633
300703.759916992218 66684.822968749999 8.159237861633
300693.555083007843 66690.444916992186 8.159237861633
300689.471037597687 66692.694794921874 8.159237861633
300667.102446289093 66705.017915039061 8.159237861633
300644.733671875030 66717.340913085936 8.159237861633
300622.365080566437 66729.664033203124 8.159237861633
300616.398161621124 66732.951142578124 8.159237861633
300609.489104003937 66736.757416992186 8.159237861633
300600.400725097687 66741.764374999999 8.159237861633
300584.852690429718 66750.329682617186 8.159237861633
300683.379545898468 66704.077607421874 8.159237861633
300703.126433105499 66701.908906249999 8.159237861633
300699.445219726593 66695.226777343749 8.159237861633
300681.538908691437 66700.736542968749 8.159237861633
300691.412382812530 66699.652192382811 8.159237861633
300697.604643554718 66691.885957031249 8.159237861633
300689.571745605499 66696.311127929686 8.159237861633
300651.247954101593 66721.778901367186 8.159237861633
300670.994963378937 66719.610322265624 8.159237861633
300667.313750000030 66712.928315429686 8.159237861633
300619.116484375030 66739.480439453124 8.159237861633
300638.863493652374 66737.311616210936 8.159237861633
300635.182280273468 66730.629731445311 8.159237861633
300606.732023925812 66755.013154296874 8.159237861633
300603.050810546905 66748.331269531249 8.159237861633
300592.806242675812 66764.766938476561 8.159237861633
300599.288603515655 66776.533662109374 8.159237861633
300600.731108398468 66779.152070312499 8.159237861633
300607.624602050812 66791.665009765624 8.159237861633
300613.724516601593 66802.737519531249 8.159237861633
300614.094328613312 66768.377167968749 8.159237861633
300626.478911132843 66752.844453124999 8.159237861633
300610.413115234405 66761.695283203124 8.159237861633
300606.061430664093 66772.802583007811 8.159237861633
300612.253691406280 66765.036103515624 8.159237861633
300602.380278320343 66766.120454101561 8.159237861633
300604.220793457062 66769.461518554686 8.159237861633
300621.456633300812 66781.741181640624 8.159237861633
300633.841215820343 66766.208466796874 8.159237861633
300617.775419921905 66775.059296874999 8.159237861633
300609.742583007843 66779.484467773436 8.159237861633
300615.934843750030 66771.718232421874 8.159237861633
300607.902006835968 66776.143525390624 8.159237861633
300614.637663574249 66802.234711914061 8.159237861633
300630.181181640655 66793.671601562499 8.159237861633
300652.408049316437 66781.426728515624 8.159237861633
300674.634733886749 66769.181733398436 8.159237861633
300696.861540527374 66756.936860351561 8.159237861633
300700.618681640655 66754.867036132811 8.159237861633
300708.734831542999 66750.395722656249 8.159237861633
300718.342924804718 66745.102631835936 8.159237861633
300732.628142089874 66737.232758789061 8.159237861633
300734.844450683624 66736.011811523436 8.159237861633
300738.997648925812 66733.723847656249 8.159237861633
300739.730253906280 66733.320283203124 8.159237861633
300641.203520507843 66779.572480468749 8.159237861633
300625.137785644562 66788.423310546874 8.159237861633
300626.978361816437 66791.764130859374 8.159237861633
300617.104887695343 66792.848481445311 8.159237861633
300618.945524902374 66796.189545898436 8.159237861633
300619.865812988312 66797.860078124999 8.159237861633
300614.929106445343 66798.402192382811 8.159237861633
300615.849333496124 66800.072846679686 8.159237861633
300616.309477539093 66800.908051757811 8.159237861633
300613.841154785187 66801.179047851561 8.159237861633
300614.301237792999 66802.014374999999 8.159237861633
300673.334990234405 66761.870942382811 8.159237861633
300705.466459960968 66744.169648437499 8.159237861633
300685.719572753937 66746.338349609374 8.159237861633
300689.400725097687 66753.020356445311 8.159237861633
300691.241301269562 66756.361420898436 8.159237861633
300707.307097167999 66747.510590820311 8.159237861633
300697.433562011749 66748.594941406249 8.159237861633
300699.274138183624 66751.936005859374 8.159237861633
300717.851042480499 66728.636933593749 8.159237861633
300721.532194824249 66735.318818359374 8.159237861633
300723.372770996124 66738.659882812499 8.159237861633
300729.565031738312 66730.893647460936 8.159237861633
300731.405607910187 66734.234467773436 8.159237861633
300732.325957031280 66735.905122070311 8.159237861633
300735.422087402374 66732.021821289061 8.159237861633
300736.342375488312 66733.692353515624 8.159237861633
300736.802519531280 66734.527680664061 8.159237861633
300738.350615234405 66732.586030273436 8.159237861633
300738.810698242218 66733.421357421874 8.159237861633
300738.506499023468 66731.099091796874 8.159237861633
300731.586271972687 66718.537446289061 8.159237861633
300730.708708496124 66713.266816406249 9.511662483215
300735.888518066437 66722.549653320311 9.511662483215
300736.074187011749 66722.882539062499 9.511662483215
300737.420561523468 66725.295502929686 9.511662483215
300739.159270019562 66728.411347656249 9.511662483215
300741.012785644562 66731.733002929686 9.511662483215
300741.652006835968 66732.878510742186 9.511662483215
300734.844450683624 66736.011811523436 25.272972106934
300738.997648925812 66733.723847656249 25.272972106934
300739.730253906280 66733.320283203124 25.272972106934
300729.105620117218 66722.436616210936 25.272972106934
300730.916655273468 66721.438813476561 25.272972106934
300732.786772460968 66729.118500976561 25.272972106934
300734.597746582062 66728.120942382811 25.272972106934
300735.503325195343 66727.622041015624 25.272972106934
300736.438383789093 66731.462006835936 25.272972106934
300737.343840332062 66730.963105468749 25.272972106934
300737.796599121124 66730.713715820311 25.272972106934
300738.264128417999 66732.633515624999 25.272972106934
300738.716948242218 66732.384125976561 25.272972106934
300738.506499023468 66731.099091796874 25.272972106934
300731.586271972687 66718.537446289061 25.272972106934
300725.294340820343 66707.116425781249 25.272972106934
300718.076445312530 66694.014252929686 25.272972106934
300710.858488769562 66680.912324218749 25.272972106934
300703.759916992218 66684.822968749999 25.272972106934
300709.665007324249 66695.541840820311 25.272972106934
300718.444548339874 66711.478364257811 25.272972106934
300725.420317382843 66724.144868164061 25.272972106934
300732.628142089874 66737.232758789061 25.272972106934
300727.294584960968 66723.434296874999 25.272972106934
300730.975737304718 66730.116303710936 25.272972106934
300725.420317382843 66724.144868164061 105.341262817383
300721.932402343780 66717.811616210936 105.341262817383
300718.444548339874 66711.478364257811 105.341262817383
300713.983671875030 66713.936005859374 105.341262817383
300714.762114257843 66721.698579101561 105.341262817383
300715.491179199249 66716.672578124999 105.341262817383
300711.211638183624 66719.030244140624 105.341262817383
300709.650603027374 66716.196503906249 105.341262817383
300704.102202148468 66719.253144531249 105.341262817383
300707.316435546905 66725.087739257811 105.341262817383
300710.530791015655 66730.922089843749 105.341262817383
300711.133146972687 66732.015595703124 105.341262817383
300716.554960937530 66724.952973632811 105.341262817383
300711.118437500030 66723.705781249999 105.341262817383
300712.911345214874 66726.960175781249 105.341262817383
300713.807829589874 66728.587495117186 105.341262817383
300711.089506835968 66727.963959960936 105.341262817383
300711.985930175812 66729.591035156249 105.341262817383
300718.276762695343 66728.080170898436 105.341262817383
300614.637663574249 66802.234711914061 34.727409362793
300622.409392089874 66797.953095703124 34.727409362793
300630.181181640655 66793.671601562499 34.727409362793
300627.131193847687 66788.135346679686 34.727409362793
300624.081206054718 66782.598847656249 34.727409362793
300615.852873535187 66787.132050781249 34.727409362793
300607.624602050812 66791.665009765624 34.727409362793
300610.674528808624 66797.201264648436 34.727409362793
300613.724516601593 66802.737519531249 34.727409362793
300614.706450195343 66794.980195312499 34.727409362793
300616.261992187530 66797.803559570311 34.727409362793
300612.608244628937 66796.136201171874 34.727409362793
300614.163725585968 66798.959565429686 34.727409362793
300696.861540527374 66756.936860351561 20.979322433472
300693.451628417999 66756.481538085936 20.979322433472
300685.938566894562 66755.477875976561 20.979322433472
300680.752714843780 66754.785249023436 20.979322433472
300675.291411132843 66754.055878906249 20.979322433472
300669.955351562530 66753.343110351561 20.979322433472
300663.360930175812 66752.462373046874 20.979322433472
300657.909453125030 66751.734223632811 20.979322433472
300652.617705078155 66751.027436523436 20.979322433472
300647.228300781280 66750.307465820311 20.979322433472
300640.542998046905 66749.414521484374 20.979322433472
300635.525236816437 66748.744355468749 20.979322433472
300629.960295410187 66748.001069335936 20.979322433472
300625.171293945343 66747.361420898436 20.979322433472
300630.724577636749 66756.003754882811 20.979322433472
300628.057402343780 66751.162324218749 20.979322433472
300622.222746582062 66760.687348632811 20.979322433472
300619.555693359405 66755.846162109374 20.979322433472
300623.221403808624 66748.383637695311 20.979322433472
300617.528288574249 66751.368012695311 20.979322433472
300609.262907714874 66755.700898437499 20.979322433472
300626.723906250030 66748.741791992186 20.979322433472
300618.222197265655 66753.425507812499 20.979322433472
300623.806608886749 66753.504365234374 20.979322433472
300622.473051757843 66751.083588867186 20.979322433472
300617.187773437530 66770.086030273436 20.979322433472
300624.081206054718 66782.598847656249 20.979322433472
300630.181181640655 66793.671601562499 20.979322433472
300663.521391601593 66775.304169921874 20.979322433472
300600.731108398468 66779.152070312499 37.626693725586
300624.081206054718 66782.598847656249 37.626693725586
300620.634489746124 66776.342499999999 37.626693725586
300617.187773437530 66770.086030273436 37.626693725586
300604.177824707062 66785.408662109374 37.626693725586
300607.624602050812 66791.665009765624 37.626693725586
300615.852873535187 66787.132050781249 37.626693725586
300617.187773437530 66770.086030273436 40.546573638916
300613.225310058624 66762.893403320311 40.546573638916
300609.262907714874 66755.700898437499 40.546573638916
300608.354216308624 66756.201508789061 40.546573638916
300600.580290527374 66760.484223632811 40.546573638916
300592.806242675812 66764.766938476561 40.546573638916
300604.996977539093 66767.426484374999 40.546573638916
300602.976164550812 66763.758271484374 40.546573638916
300609.193449707062 66765.114594726561 40.546573638916
300607.172575683624 66761.446381835936 40.546573638916
300606.162199707062 66759.612397460936 40.546573638916
300609.270842285187 66760.290498046874 40.546573638916
300608.260405273468 66758.456391601561 40.546573638916
300599.288603515655 66776.533662109374 40.546573638916
300600.731108398468 66779.152070312499 40.546573638916
300607.017851562530 66771.094575195311 40.546573638916
300600.800505371124 66769.738374023436 40.546573638916
300602.821379394562 66773.406464843749 40.546573638916
300608.959440917999 66774.618989257811 40.546573638916
300608.354216308624 66756.201508789061 44.082099914551
300604.377470703155 66748.982880859374 44.082099914551
300600.400725097687 66741.764374999999 44.082099914551
300592.626677246124 66746.046967773436 44.082099914551
300584.852690429718 66750.329682617186 44.082099914551
300588.829436035187 66757.548310546874 44.082099914551
300592.806242675812 66764.766938476561 44.082099914551
300600.580290527374 66760.484223632811 44.082099914551
300700.618681640655 66754.867036132811 93.058555603027
300697.866911621124 66747.124116210936 93.058555603027
300695.115141601593 66739.380952148436 93.058555603027
300692.777006835968 66739.068696289061 93.058555603027
300692.711027832062 66739.059907226561 93.058555603027
300694.668303222687 66743.399750976561 93.058555603027
300693.747404785187 66743.438935546874 93.058555603027
300694.570646972687 66741.102143554686 93.058555603027
300693.649809570343 66741.141328124999 93.058555603027
300693.189299316437 66741.160859374999 93.058555603027
300693.600920410187 66739.992402343749 93.058555603027
300693.140471191437 66740.012055664061 93.058555603027
300692.910246582062 66740.021821289061 93.058555603027
300693.116057128937 66739.437592773436 93.058555603027
300692.885832519562 66739.447358398436 93.058555603027
300692.770720214874 66739.452241210936 93.058555603027
300692.873625488312 66739.160126953124 93.058555603027
300692.758513183624 66739.165009765624 93.058555603027
300693.081328125030 66747.770722656249 93.058555603027
300693.451628417999 66756.481538085936 93.058555603027
300696.861540527374 66756.936860351561 93.058555603027
300692.711027832062 66739.059907226561 90.124786376953
300688.211760253937 66738.458955078124 90.124786376953
300687.454069824249 66744.131928710936 90.124786376953
300686.696318359405 66749.804902343749 90.124786376953
300685.938566894562 66755.477875976561 90.124786376953
300689.695097656280 66755.979584960936 90.124786376953
300693.451628417999 66756.481538085936 90.124786376953
300693.204802246124 66750.674165039061 90.124786376953
300692.957976074249 66744.867036132811 90.124786376953
300609.262907714874 66755.700898437499 47.214012145996
300617.528288574249 66751.368012695311 47.214012145996
300613.508757324249 66744.062714843749 47.214012145996
300609.489104003937 66736.757416992186 47.214012145996
300600.400725097687 66741.764374999999 47.214012145996
300604.377470703155 66748.982880859374 47.214012145996
300608.354216308624 66756.201508789061 47.214012145996
300608.963164062530 66746.563691406249 47.214012145996
300606.644926757843 66747.839326171874 47.214012145996
300611.013212890655 66750.289521484374 47.214012145996
300608.694975585968 66751.565156249999 47.214012145996
300607.535795898468 66752.202851562499 47.214012145996
300609.719938964874 66753.427827148436 47.214012145996
300608.560820312530 66754.065766601561 47.214012145996
300680.752714843780 66754.785249023436 86.909378051758
300687.075163574249 66746.968354492186 86.909378051758
300681.889311523468 66746.275727539061 86.909378051758
300688.211760253937 66738.458955078124 86.909378051758
300683.025908203155 66737.766328124999 86.909378051758
300685.938566894562 66755.477875976561 86.909378051758
300708.734831542999 66750.395722656249 96.227027893066
300704.828703613312 66743.305634765624 96.227027893066
300700.922636718780 66736.215302734374 96.227027893066
300695.164274902374 66739.387543945311 96.227027893066
300695.115141601593 66739.380952148436 96.227027893066
300702.001494140655 66745.103730468749 96.227027893066
300699.804167480499 66745.884614257811 96.227027893066
300700.509428710968 66740.905244140624 96.227027893066
300698.312102050812 66741.686127929686 96.227027893066
300697.213469238312 66742.076752929686 96.227027893066
300697.566130371124 66739.587006835936 96.227027893066
300696.467497558624 66739.977509765624 96.227027893066
300695.918120117218 66740.172578124999 96.227027893066
300695.643461914093 66740.270234374999 96.227027893066
300695.731596679718 66739.647797851561 96.227027893066
300695.456938476593 66739.745454101561 96.227027893066
300696.664152832062 66742.271821289061 96.227027893066
300696.840483398468 66741.027070312499 96.227027893066
300696.291166992218 66741.222260742186 96.227027893066
300698.705534667999 66746.274995117186 96.227027893066
300699.058195800812 66743.785371093749 96.227027893066
300697.959562988312 66744.175751953124 96.227027893066
300703.493559570343 66749.302216796874 96.227027893066
300701.296293945343 66750.083100585936 96.227027893066
300695.319609375030 66739.794282226561 96.227027893066
300695.363676757843 66739.483124999999 96.227027893066
300695.226408691437 66739.531953124999 96.227027893066
300697.866911621124 66747.124116210936 96.227027893066
300700.618681640655 66754.867036132811 96.227027893066
300683.025908203155 66737.766328124999 84.050964355469
300677.564604492218 66737.036835937499 84.050964355469
300676.806853027374 66742.709809570311 84.050964355469
300676.049162597687 66748.382905273436 84.050964355469
300675.291411132843 66754.055878906249 84.050964355469
300680.752714843780 66754.785249023436 84.050964355469
300681.510466308624 66749.112275390624 84.050964355469
300682.268156738312 66743.439179687499 84.050964355469
300677.564604492218 66737.036835937499 80.965042114258
300672.228605957062 66736.324067382811 80.965042114258
300671.091948242218 66744.833588867186 80.965042114258
300669.955351562530 66753.343110351561 80.965042114258
300675.291411132843 66754.055878906249 80.965042114258
300676.428007812530 66745.546357421874 80.965042114258
300665.634123535187 66735.443330078124 77.702850341797
300663.360930175812 66752.462373046874 77.702850341797
300672.228605957062 66736.324067382811 77.702850341797
300669.955351562530 66753.343110351561 77.702850341797
300671.091948242218 66744.833588867186 77.702850341797
300665.634123535187 66735.443330078124 74.629699707031
300660.182585449249 66734.715180664061 74.629699707031
300659.046049804718 66743.224580078124 74.629699707031
300657.909453125030 66751.734223632811 74.629699707031
300663.360930175812 66752.462373046874 74.629699707031
300664.497526855499 66743.952851562499 74.629699707031
300654.890837402374 66734.008271484374 71.617858886719
300660.182585449249 66734.715180664061 71.617858886719
300652.617705078155 66751.027436523436 71.617858886719
300657.909453125030 66751.734223632811 71.617858886719
300623.221403808624 66748.383637695311 50.164543151855
300619.809843750030 66740.667329101561 50.164543151855
300616.398161621124 66732.951142578124 50.164543151855
300609.489104003937 66736.757416992186 50.164543151855
300613.508757324249 66744.062714843749 50.164543151855
300617.528288574249 66751.368012695311 50.164543151855
300654.890837402374 66734.008271484374 68.703086853027
300649.501494140655 66733.288544921874 68.703086853027
300648.364897460968 66741.797944335936 68.703086853027
300647.228300781280 66750.307465820311 68.703086853027
300652.617705078155 66751.027436523436 68.703086853027
300653.754240722687 66742.517792968749 68.703086853027
300718.342924804718 66745.102631835936 99.262496948242
300714.738066406280 66738.559174804686 99.262496948242
300711.133146972687 66732.015595703124 99.262496948242
300710.530791015655 66730.922089843749 99.262496948242
300709.632780761749 66740.659028320311 99.262496948242
300712.082792968780 66739.309296874999 99.262496948242
300707.640654296905 66737.042939453124 99.262496948242
300710.090727539093 66735.693208007811 99.262496948242
300700.922636718780 66736.215302734374 99.262496948242
300704.828703613312 66743.305634765624 99.262496948242
300708.734831542999 66750.395722656249 99.262496948242
300642.816191406280 66732.395600585936 65.537971496582
300649.501494140655 66733.288544921874 65.537971496582
300640.542998046905 66749.414521484374 65.537971496582
300647.228300781280 66750.307465820311 65.537971496582
300642.816191406280 66732.395600585936 62.572105407715
300637.798430175812 66731.725434570311 62.572105407715
300636.661833496124 66740.234833984374 62.572105407715
300635.525236816437 66748.744355468749 62.572105407715
300640.542998046905 66749.414521484374 62.572105407715
300641.679594726593 66740.905122070311 62.572105407715
300632.233488769562 66730.982026367186 59.519390106201
300635.525236816437 66748.744355468749 59.519390106201
300637.798430175812 66731.725434570311 59.519390106201
300629.960295410187 66748.001069335936 59.519390106201
300625.171293945343 66747.361420898436 53.250465393066
300624.940031738312 66738.669160156249 53.250465393066
300624.708708496124 66729.977021484374 53.250465393066
300622.365080566437 66729.664033203124 53.250465393066
300620.628996582062 66734.302094726561 53.250465393066
300622.893889160187 66739.021088867186 53.250465393066
300622.766813964874 66734.245209960936 53.250465393066
300616.398161621124 66732.951142578124 53.250465393066
300619.809843750030 66740.667329101561 53.250465393066
300623.221403808624 66748.383637695311 53.250465393066
300632.233488769562 66730.982026367186 56.333839416504
300628.471098632843 66730.479584960936 56.333839416504
300624.708708496124 66729.977021484374 56.333839416504
300624.862883300812 66735.771699218749 56.333839416504
300625.017119140655 66741.566621093749 56.333839416504
300625.171293945343 66747.361420898436 56.333839416504
300629.960295410187 66748.001069335936 56.333839416504
300630.718046875030 66742.328095703124 56.333839416504
300631.475798339874 66736.654999999999 56.333839416504
300732.628142089874 66737.232758789061 101.940429687500
300729.024199218780 66730.688813476561 101.940429687500
300725.420317382843 66724.144868164061 101.940429687500
300718.276762695343 66728.080170898436 101.940429687500
300711.133146972687 66732.015595703124 101.940429687500
300714.738066406280 66738.559174804686 101.940429687500
300718.342924804718 66745.102631835936 101.940429687500
300725.485502929718 66741.167695312499 101.940429687500
300678.189726562530 66711.117890624999 21.531646728516
300683.559904785187 66720.865815429686 21.531646728516
300688.930144042999 66730.613862304686 21.531646728516
300661.077727050812 66720.545014648436 21.531646728516
300666.447844238312 66730.293061523436 21.531646728516
300700.922636718780 66736.215302734374 21.531646728516
300710.530791015655 66730.922089843749 21.531646728516
300704.102202148468 66719.253144531249 21.531646728516
300699.225187988312 66710.400483398436 21.531646728516
300694.348173828155 66701.547578124999 21.531646728516
300689.471037597687 66692.694794921874 21.531646728516
300678.286772460968 66698.856293945311 21.531646728516
300667.102446289093 66705.017915039061 21.531646728516
300655.918059082062 66711.179414062499 21.531646728516
300644.733671875030 66717.340913085936 21.531646728516
300633.549406738312 66723.502412109374 21.531646728516
300622.365080566437 66729.664033203124 21.531646728516
300624.708708496124 66729.977021484374 21.531646728516
300632.233488769562 66730.982026367186 21.531646728516
300637.798430175812 66731.725434570311 21.531646728516
300642.816191406280 66732.395600585936 21.531646728516
300649.501494140655 66733.288544921874 21.531646728516
300654.890837402374 66734.008271484374 21.531646728516
300660.182585449249 66734.715180664061 21.531646728516
300665.634123535187 66735.443330078124 21.531646728516
300672.228605957062 66736.324067382811 21.531646728516
300677.564604492218 66737.036835937499 21.531646728516
300683.025908203155 66737.766328124999 21.531646728516
300688.211760253937 66738.458955078124 21.531646728516
300692.711027832062 66739.059907226561 21.531646728516
300692.777006835968 66739.068696289061 21.531646728516
300695.115141601593 66739.380952148436 21.531646728516
300695.164274902374 66739.387543945311 21.531646728516
300691.615202636749 66735.487763671874 21.531646728516
300680.374113769562 66735.327363281249 21.531646728516
300692.957792968780 66737.924897460936 21.531646728516
300687.337248535187 66737.844575195311 21.531646728516
300697.486174316437 66725.900239257811 21.531646728516
300700.171293945343 66730.774262695311 21.531646728516
300701.513762207062 66733.211274414061 21.531646728516
300695.893278808624 66733.131074218749 21.531646728516
300697.235808105499 66735.567963867186 21.531646728516
300693.293425292999 66738.534028320311 21.531646728516
300691.888334960968 66738.514008789061 21.531646728516
300697.907072753937 66736.786469726561 21.531646728516
300695.096831054718 66736.746430664061 21.531646728516
300695.768034667999 66737.964936523436 21.531646728516
300692.286528320343 66736.706391601561 21.531646728516
300689.476286621124 66736.666230468749 21.531646728516
300690.147490234405 66737.884614257811 21.531646728516
300690.272734375030 66733.050874023436 21.531646728516
300684.652128906280 66732.970673828124 21.531646728516
300685.994658203155 66735.407563476561 21.531646728516
300686.245085449249 66725.739838867186 21.531646728516
300675.003935546905 66725.579438476561 21.531646728516
300677.688994140655 66730.453339843749 21.531646728516
300693.461271972687 66738.838593749999 21.531646728516
300692.758696289093 66738.828706054686 21.531646728516
300694.698576660187 66738.554047851561 21.531646728516
300695.432463378937 66737.355683593749 21.531646728516
300694.027312011749 66737.335664062499 21.531646728516
300694.362944335968 66737.944916992186 21.531646728516
300696.564482421905 66734.349580078124 21.531646728516
300693.754240722687 66734.309418945311 21.531646728516
300694.425566406280 66735.527924804686 21.531646728516
300698.828703613312 66728.337373046874 21.531646728516
300693.208159179718 66728.257172851561 21.531646728516
300694.550688476593 66730.694062499999 21.531646728516
300692.115935058624 66716.152314453124 21.531646728516
300694.801054687530 66721.026337890624 21.531646728516
300692.842619628937 66738.980927734374 21.531646728516
300692.056120605499 66738.818574218749 21.531646728516
300693.125639648468 66738.229462890624 21.531646728516
300692.423063964874 66738.219331054686 21.531646728516
300692.590849609405 66738.524018554686 21.531646728516
300690.483183593780 66738.493989257811 21.531646728516
300692.622221679718 66737.315522460936 21.531646728516
300691.217009277374 66737.295502929686 21.531646728516
300691.552641601593 66737.904755859374 21.531646728516
300696.103728027374 66738.574189453124 21.531646728516
300695.034208984405 66739.163422851561 21.531646728516
300693.193876953155 66738.985932617186 21.531646728516
300693.377348632843 66738.686372070311 21.531646728516
300693.026030273468 66738.681367187499 21.531646728516
300693.109953613312 66738.833710937499 21.531646728516
300694.163847656280 66738.848725585936 21.531646728516
300694.530791015655 66738.249482421874 21.531646728516
300693.828215332062 66738.239472656249 21.531646728516
300693.996000976593 66738.544160156249 21.531646728516
300695.118132324249 66739.315644531249 21.531646728516
300695.568999023468 66738.868745117186 21.531646728516
300698.242705078155 66737.395722656249 21.531646728516
300696.837614746124 66737.375703124999 21.531646728516
300697.173186035187 66737.984956054686 21.531646728516
300702.185087890655 66734.429780273436 21.531646728516
300699.374846191437 66734.389619140624 21.531646728516
300700.046110839874 66735.608247070311 21.531646728516
300704.449248046905 66728.417451171874 21.531646728516
300705.791838378937 66730.854462890624 21.531646728516
300694.866362304718 66738.858735351561 21.531646728516
300694.331633300812 66739.153291015624 21.531646728516
300695.652861328155 66739.021088867186 21.531646728516
300695.301604003937 66739.016083984374 21.531646728516
300695.385466308624 66739.168305664061 21.531646728516
300695.935942382843 66738.269501953124 21.531646728516
300695.233305664093 66738.259614257811 21.531646728516
300695.401091308624 66738.564179687499 21.531646728516
300695.251860351593 66739.242036132811 21.531646728516
300707.601469726593 66700.079316406249 108.509742736816
300711.346037597687 66706.876435546874 108.509742736816
300709.650603027374 66716.196503906249 108.509742736816
300707.696501464874 66712.649384765624 108.509742736816
300705.742338867218 66709.102387695311 108.509742736816
300710.434843750030 66706.517182617186 108.509742736816
300711.659086914093 66708.739594726561 108.509742736816
300711.246184082062 66708.967011718749 108.509742736816
300713.218352050812 66710.274995117186 108.509742736816
300712.282194824249 66708.575776367186 108.509742736816
300713.167937011749 66705.872773437499 108.509742736816
300715.040190429718 66709.271455078124 108.509742736816
300709.473784179718 66703.477875976561 108.509742736816
300707.652006835968 66704.481538085936 108.509742736816
300711.814116210968 66707.726166992186 108.509742736816
300710.890654296905 66707.127412109374 108.509742736816
300711.358671875030 66707.977021484374 108.509742736816
300714.129301757843 66709.773164062499 108.509742736816
300714.104033203155 66707.572114257811 108.509742736816
300712.256926269562 66706.374604492186 108.509742736816
300713.193144531280 66708.073945312499 108.509742736816
300709.423308105499 66699.075654296874 108.509742736816
300711.295561523468 66702.474335937499 108.509742736816
300710.409941406280 66705.177094726561 108.509742736816
300708.562895507843 66703.979707031249 108.509742736816
300708.588103027374 66706.180878906249 108.509742736816
300709.498991699249 66705.679047851561 108.509742736816
300713.983671875030 66713.936005859374 108.509742736816
300718.444548339874 66711.478364257811 108.509742736816
300716.249724121124 66707.494233398436 108.509742736816
300714.054777832062 66703.510102539061 108.509742736816
300711.859953613312 66699.525971679686 108.509742736816
300709.665007324249 66695.541840820311 108.509742736816
300705.519743652374 66697.825654296874 108.509742736816
300708.091093750030 66702.493134765624 108.509742736816
300705.600310058624 66703.865327148436 108.509742736816
300703.028837890655 66699.197846679686 108.509742736816
300699.460173339874 66701.163911132811 108.509742736816
300697.491789550812 66697.590913085936 108.509742736816
300695.523466796905 66694.017915039061 108.509742736816
300693.555083007843 66690.444916992186 108.509742736816
300689.471037597687 66692.694794921874 108.509742736816
300691.909636230499 66697.121186523436 108.509742736816
300694.348173828155 66701.547578124999 108.509742736816
300696.786650390655 66705.973969726561 108.509742736816
300699.225187988312 66710.400483398436 108.509742736816
300701.663725585968 66714.826752929686 108.509742736816
300704.102202148468 66719.253144531249 108.509742736816
300706.876433105499 66717.724824218749 108.509742736816
300715.491179199249 66716.672578124999 113.931343078613
300713.983671875030 66713.936005859374 113.931343078613
300711.246184082062 66708.967011718749 113.931343078613
300711.659086914093 66708.739594726561 113.931343078613
300710.823210449249 66712.773652343749 113.931343078613
300712.019804687530 66712.114472656249 113.931343078613
300709.428557128937 66710.242036132811 113.931343078613
300710.625090332062 66709.582856445311 113.931343078613
300709.927763671905 66708.317109374999 113.931343078613
300710.526091308624 66707.987519531249 113.931343078613
300710.434843750030 66706.517182617186 113.931343078613
300705.742338867218 66709.102387695311 113.931343078613
300709.650603027374 66716.196503906249 113.931343078613
300711.211638183624 66719.030244140624 113.931343078613
300703.028837890655 66699.197846679686 111.459426879883
300705.519743652374 66697.825654296874 111.459426879883
300704.314604492218 66701.531586914061 111.459426879883
300706.805388183624 66700.159394531249 111.459426879883
300705.600310058624 66703.865327148436 111.459426879883
300708.091093750030 66702.493134765624 111.459426879883
300703.028837890655 66699.197846679686 105.740737915039
300705.519743652374 66697.825654296874 105.740737915039
300709.665007324249 66695.541840820311 105.740737915039
300706.712492675812 66690.182465820311 105.740737915039
300703.759916992218 66684.822968749999 105.740737915039
300698.657500000030 66687.634003906249 105.740737915039
300693.555083007843 66690.444916992186 105.740737915039
300696.507658691437 66695.804414062499 105.740737915039
300699.460173339874 66701.163911132811 105.740737915039
3 4 1 0
3 4 0 3
3 5 2 1
3 5 1 4
3 7 4 3
3 7 3 6
3 8 5 4
3 8 4 7
3 12 10 9
3 12 9 11
3 16 14 13
3 16 13 15
3 21 18 17
3 21 17 20
3 22 19 18
3 22 18 21
3 26 24 23
3 26 23 25
3 30 28 27
3 30 27 29
3 34 32 31
3 34 31 33
3 38 36 35
3 38 35 37
3 42 40 39
3 42 39 41
3 44 42 41
3 44 41 43
3 48 46 45
3 48 45 47
3 52 50 49
3 52 49 51
3 54 52 51
3 54 51 53
3 58 56 55
3 58 55 57
3 60 58 57
3 60 57 59
3 64 62 61
3 64 61 63
3 66 64 63
3 66 63 65
3 70 68 67
3 70 67 69
3 76 72 71
3 76 71 75
3 77 73 72
3 77 72 76
3 78 74 73
3 78 73 77
3 84 80 79
3 84 79 83
3 85 81 80
3 85 80 84
3 86 82 81
3 86 81 85
3 88 84 83
3 88 83 87
3 89 85 84
3 89 84 88
3 90 86 85
3 90 85 89
3 95 92 91
3 95 91 94
3 96 93 92
3 96 92 95
3 101 98 97
3 101 97 100
3 102 99 98
3 102 98 101
3 107 104 103
3 107 103 106
3 108 105 104
3 108 104 107
3 113 110 109
3 113 109 112
3 114 111 110
3 114 110 113
3 119 116 115
3 119 115 118
3 120 117 116
3 120 116 119
3 125 122 121
3 125 121 124
3 126 123 122
3 126 122 125
3 132 128 127
3 132 127 131
3 133 129 128
3 133 128 132
3 134 130 129
3 134 129 133
3 136 132 131
3 136 131 135
3 137 133 132
3 137 132 136
3 138 134 133
3 138 133 137
3 143 140 139
3 143 139 142
3 144 141 140
3 144 140 143
3 149 146 145
3 149 145 148
3 150 147 146
3 150 146 149
3 156 152 151
3 156 151 155
3 157 153 152
3 157 152 156
3 158 154 153
3 158 153 157
3 163 160 159
3 163 159 162
3 164 161 160
3 164 160 163
3 174 166 165
3 174 165 173
3 175 167 166
3 175 166 174
3 176 168 167
3 176 167 175
3 177 169 168
3 177 168 176
3 178 170 169
3 178 169 177
3 179 171 170
3 179 170 178
3 180 172 171
3 180 171 179
3 182 174 173
3 182 173 181
3 183 175 174
3 183 174 182
3 184 176 175
3 184 175 183
3 185 177 176
3 185 176 184
3 186 178 177
3 186 177 185
3 187 179 178
3 187 178 186
3 188 180 179
3 188 179 187
3 192 190 189
3 192 189 191
3 194 192 191
3 194 191 193
3 198 196 195
3 198 195 197
3 203 200 199
3 203 199 202
3 204 201 200
3 204 200 203
3 208 206 205
3 208 205 207
3 212 210 209
3 212 209 211
3 214 212 211
3 214 211 213
3 218 216 215
3 218 215 217
3 220 218 217
3 220 217 219
3 224 222 221
3 224 221 223
3 228 226 225
3 228 225 227
3 232 230 229
3 232 229 231
3 236 234 233
3 236 233 235
3 238 236 235
3 238 235 237
3 242 240 239
3 242 239 241
3 244 242 241
3 244 241 243
3 248 246 245
3 248 245 247
3 252 250 249
3 252 249 251
3 256 254 253
3 256 253 255
3 260 258 257
3 260 257 259
3 264 262 261
3 264 261 263
3 268 266 265
3 268 265 267
3 272 270 269
3 272 269 271
3 276 274 273
3 276 273 275
3 280 278 277
3 280 277 279
3 284 282 281
3 284 281 283
3 286 284 283
3 286 283 285
3 290 288 287
3 290 287 289
3 294 292 291
3 294 291 293
3 296 294 293
3 296 293 295
3 300 298 297
3 300 297 299
3 302 300 299
3 302 299 301
3 307 304 303
3 307 303 306
3 308 305 304
3 308 304 307
3 563 310 309
3 563 309 562
3 564 311 310
3 564 310 563
3 565 312 311
3 565 311 564
3 566 313 312
3 566 312 565
3 567 314 313
3 567 313 566
3 568 315 314
3 568 314 567
3 569 316 315
3 569 315 568
3 570 317 316
3 570 316 569
3 571 318 317
3 571 317 570
3 572 319 318
3 572 318 571
3 573 320 319
3 573 319 572
3 574 321 320
3 574 320 573
3 575 322 321
3 575 321 574
3 576 323 322
3 576 322 575
3 577 324 323
3 577 323 576
3 578 325 324
3 578 324 577
3 579 326 325
3 579 325 578
3 580 327 326
3 580 326 579
3 581 328 327
3 581 327 580
3 582 329 328
3 582 328 581
3 583 330 329
3 583 329 582
3 584 331 330
3 584 330 583
3 585 332 331
3 585 331 584
3 586 333 332
3 586 332 585
3 587 334 333
3 587 333 586
3 588 335 334
3 588 334 587
3 589 336 335
3 589 335 588
3 590 337 336
3 590 336 589
3 591 338 337
3 591 337 590
3 592 339 338
3 592 338 591
3 593 340 339
3 593 339 592
3 594 341 340
3 594 340 593
3 595 342 341
3 595 341 594
3 596 343 342
3 596 342 595
3 597 344 343
3 597 343 596
3 598 345 344
3 598 344 597
3 599 346 345
3 599 345 598
3 600 347 346
3 600 346 599
3 601 348 347
3 601 347 600
3 602 349 348
3 602 348 601
3 603 350 349
3 603 349 602
3 604 351 350
3 604 350 603
3 605 352 351
3 605 351 604
3 606 353 352
3 606 352 605
3 607 354 353
3 607 353 606
3 608 355 354
3 608 354 607
3 609 356 355
3 609 355 608
3 610 357 356
3 610 356 609
3 611 358 357
3 611 357 610
3 612 359 358
3 612 358 611
3 613 360 359
3 613 359 612
3 614 361 360
3 614 360 613
3 615 362 361
3 615 361 614
3 616 363 362
3 616 362 615
3 617 364 363
3 617 363 616
3 618 365 364
3 618 364 617
3 619 366 365
3 619 365 618
3 620 367 366
3 620 366 619
3 621 368 367
3 621 367 620
3 622 369 368
3 622 368 621
3 623 370 369
3 623 369 622
3 624 371 370
3 624 370 623
3 625 372 371
3 625 371 624
3 626 373 372
3 626 372 625
3 627 374 373
3 627 373 626
3 628 375 374
3 628 374 627
3 629 376 375
3 629 375 628
3 630 377 376
3 630 376 629
3 631 378 377
3 631 377 630
3 632 379 378
3 632 378 631
3 633 380 379
3 633 379 632
3 634 381 380
3 634 380 633
3 635 382 381
3 635 381 634
3 636 383 382
3 636 382 635
3 637 384 383
3 637 383 636
3 638 385 384
3 638 384 637
3 639 386 385
3 639 385 638
3 640 387 386
3 640 386 639
3 641 388 387
3 641 387 640
3 642 389 388
3 642 388 641
3 643 390 389
3 643 389 642
3 644 391 390
3 644 390 643
3 645 392 391
3 645 391 644
3 646 393 392
3 646 392 645
3 647 394 393
3 647 393 646
3 648 395 394
3 648 394 647
3 649 396 395
3 649 395 648
3 650 397 396
3 650 396 649
3 651 398 397
3 651 397 650
3 652 399 398
3 652 398 651
3 653 400 399
3 653 399 652
3 654 401 400
3 654 400 653
3 655 402 401
3 655 401 654
3 656 403 402
3 656 402 655
3 657 404 403
3 657 403 656
3 658 405 404
3 658 404 657
3 659 406 405
3 659 405 658
3 660 407 406
3 660 406 659
3 661 408 407
3 661 407 660
3 662 409 408
3 662 408 661
3 663 410 409
3 663 409 662
3 664 411 410
3 664 410 663
3 665 412 411
3 665 411 664
3 666 413 412
3 666 412 665
3 667 414 413
3 667 413 666
3 668 415 414
3 668 414 667
3 669 416 415
3 669 415 668
3 670 417 416
3 670 416 669
3 671 418 417
3 671 417 670
3 672 419 418
3 672 418 671
3 673 420 419
3 673 419 672
3 674 421 420
3 674 420 673
3 675 422 421
3 675 421 674
3 676 423 422
3 676 422 675
3 677 424 423
3 677 423 676
3 678 425 424
3 678 424 677
3 679 426 425
3 679 425 678
3 680 427 426
3 680 426 679
3 681 428 427
3 681 427 680
3 682 429 428
3 682 428 681
3 683 430 429
3 683 429 682
3 684 431 430
3 684 430 683
3 685 432 431
3 685 431 684
3 686 433 432
3 686 432 685
3 687 434 433
3 687 433 686
3 688 435 434
3 688 434 687
3 689 436 435
3 689 435 688
3 690 437 436
3 690 436 689
3 691 438 437
3 691 437 690
3 692 439 438
3 692 438 691
3 693 440 439
3 693 439 692
3 694 441 440
3 694 440 693
3 695 442 441
3 695 441 694
3 696 443 442
3 696 442 695
3 697 444 443
3 697 443 696
3 698 445 444
3 698 444 697
3 699 446 445
3 699 445 698
3 700 447 446
3 700 446 699
3 701 448 447
3 701 447 700
3 702 449 448
3 702 448 701
3 703 450 449
3 703 449 702
3 704 451 450
3 704 450 703
3 705 452 451
3 705 451 704
3 706 453 452
3 706 452 705
3 707 454 453
3 707 453 706
3 708 455 454
3 708 454 707
3 709 456 455
3 709 455 708
3 710 457 456
3 710 456 709
3 711 458 457
3 711 457 710
3 712 459 458
3 712 458 711
3 713 460 459
3 713 459 712
3 714 461 460
3 714 460 713
3 715 462 461
3 715 461 714
3 716 463 462
3 716 462 715
3 717 464 463
3 717 463 716
3 718 465 464
3 718 464 717
3 719 466 465
3 719 465 718
3 720 467 466
3 720 466 719
3 721 468 467
3 721 467 720
3 722 469 468
3 722 468 721
3 723 470 469
3 723 469 722
3 724 471 470
3 724 470 723
3 725 472 471
3 725 471 724
3 726 473 472
3 726 472 725
3 727 474 473
3 727 473 726
3 728 475 474
3 728 474 727
3 729 476 475
3 729 475 728
3 730 477 476
3 730 476 729
3 731 478 477
3 731 477 730
3 732 479 478
3 732 478 731
3 733 480 479
3 733 479 732
3 734 481 480
3 734 480 733
3 735 482 481
3 735 481 734
3 736 483 482
3 736 482 735
3 737 484 483
3 737 483 736
3 738 485 484
3 738 484 737
3 739 486 485
3 739 485 738
3 740 487 486
3 740 486 739
3 741 488 487
3 741 487 740
3 742 489 488
3 742 488 741
3 743 490 489
3 743 489 742
3 744 491 490
3 744 490 743
3 745 492 491
3 745 491 744
3 746 493 492
3 746 492 745
3 747 494 493
3 747 493 746
3 748 495 494
3 748 494 747
3 749 496 495
3 749 495 748
3 750 497 496
3 750 496 749
3 751 498 497
3 751 497 750
3 752 499 498
3 752 498 751
3 753 500 499
3 753 499 752
3 754 501 500
3 754 500 753
3 755 502 501
3 755 501 754
3 756 503 502
3 756 502 755
3 757 504 503
3 757 503 756
3 758 505 504
3 758 504 757
3 759 506 505
3 759 505 758
3 760 507 506
3 760 506 759
3 761 508 507
3 761 507 760
3 762 509 508
3 762 508 761
3 763 510 509
3 763 509 762
3 764 511 510
3 764 510 763
3 765 512 511
3 765 511 764
3 766 513 512
3 766 512 765
3 767 514 513
3 767 513 766
3 768 515 514
3 768 514 767
3 769 516 515
3 769 515 768
3 770 517 516
3 770 516 769
3 771 518 517
3 771 517 770
3 772 519 518
3 772 518 771
3 773 520 519
3 773 519 772
3 774 521 520
3 774 520 773
3 775 522 521
3 775 521 774
3 776 523 522
3 776 522 775
3 777 524 523
3 777 523 776
3 778 525 524
3 778 524 777
3 779 526 525
3 779 525 778
3 780 527 526
3 780 526 779
3 781 528 527
3 781 527 780
3 782 529 528
3 782 528 781
3 783 530 529
3 783 529 782
3 784 531 530
3 784 530 783
3 785 532 531
3 785 531 784
3 786 533 532
3 786 532 785
3 787 534 533
3 787 533 786
3 788 535 534
3 788 534 787
3 789 536 535
3 789 535 788
3 790 537 536
3 790 536 789
3 791 538 537
3 791 537 790
3 792 539 538
3 792 538 791
3 793 540 539
3 793 539 792
3 794 541 540
3 794 540 793
3 795 542 541
3 795 541 794
3 796 543 542
3 796 542 795
3 797 544 543
3 797 543 796
3 798 545 544
3 798 544 797
3 799 546 545
3 799 545 798
3 800 547 546
3 800 546 799
3 801 548 547
3 801 547 800
3 802 549 548
3 802 548 801
3 803 550 549
3 803 549 802
3 804 551 550
3 804 550 803
3 805 552 551
3 805 551 804
3 806 553 552
3 806 552 805
3 807 554 553
3 807 553 806
3 808 555 554
3 808 554 807
3 809 556 555
3 809 555 808
3 810 557 556
3 810 556 809
3 811 558 557
3 811 557 810
3 812 559 558
3 812 558 811
3 813 560 559
3 813 559 812
3 814 561 560
3 814 560 813
3 823 816 815
3 823 815 822
3 824 817 816
3 824 816 823
3 825 818 817
3 825 817 824
3 826 819 818
3 826 818 825
3 827 820 819
3 827 819 826
3 828 821 820
3 828 820 827
3 1190 830 829
3 1190 829 1189
3 1191 831 830
3 1191 830 1190
3 1192 832 831
3 1192 831 1191
3 1193 833 832
3 1193 832 1192
3 1194 834 833
3 1194 833 1193
3 1195 835 834
3 1195 834 1194
3 1196 836 835
3 1196 835 1195
3 1197 837 836
3 1197 836 1196
3 1198 838 837
3 1198 837 1197
3 1199 839 838
3 1199 838 1198
3 1200 840 839
3 1200 839 1199
3 1201 841 840
3 1201 840 1200
3 1202 842 841
3 1202 841 1201
3 1203 843 842
3 1203 842 1202
3 1204 844 843
3 1204 843 1203
3 1205 845 844
3 1205 844 1204
3 1206 846 845
3 1206 845 1205
3 1207 847 846
3 1207 846 1206
3 1208 848 847
3 1208 847 1207
3 1209 849 848
3 1209 848 1208
3 1210 850 849
3 1210 849 1209
3 1211 851 850
3 1211 850 1210
3 1212 852 851
3 1212 851 1211
3 1213 853 852
3 1213 852 1212
3 1214 854 853
3 1214 853 1213
3 1215 855 854
3 1215 854 1214
3 1216 856 855
3 1216 855 1215
3 1217 857 856
3 1217 856 1216
3 1218 858 857
3 1218 857 1217
3 1219 859 858
3 1219 858 1218
3 1220 860 859
3 1220 859 1219
3 1221 861 860
3 1221 860 1220
3 1222 862 861
3 1222 861 1221
3 1223 863 862
3 1223 862 1222
3 1224 864 863
3 1224 863 1223
3 1225 865 864
3 1225 864 1224
3 1226 866 865
3 1226 865 1225
3 1227 867 866
3 1227 866 1226
3 1228 868 867
3 1228 867 1227
3 1229 869 868
3 1229 868 1228
3 1230 870 869
3 1230 869 1229
3 1231 871 870
3 1231 870 1230
3 1232 872 871
3 1232 871 1231
3 1233 873 872
3 1233 872 1232
3 1234 874 873
3 1234 873 1233
3 1235 875 874
3 1235 874 1234
3 1236 876 875
3 1236 875 1235
3 1237 877 876
3 1237 876 1236
3 1238 878 877
3 1238 877 1237
3 1239 879 878
3 1239 878 1238
3 1240 880 879
3 1240 879 1239
3 1241 881 880
3 1241 880 1240
3 1242 882 881
3 1242 881 1241
3 1243 883 882
3 1243 882 1242
3 1244 884 883
3 1244 883 1243
3 1245 885 884
3 1245 884 1244
3 1246 886 885
3 1246 885 1245
3 1247 887 886
3 1247 886 1246
3 1248 888 887
3 1248 887 1247
3 1249 889 888
3 1249 888 1248
3 1250 890 889
3 1250 889 1249
3 1251 891 890
3 1251 890 1250
3 1252 892 891
3 1252 891 1251
3 1253 893 892
3 1253 892 1252
3 1254 894 893
3 1254 893 1253
3 1255 895 894
3 1255 894 1254
3 1256 896 895
3 1256 895 1255
3 1257 897 896
3 1257 896 1256
3 1258 898 897
3 1258 897 1257
3 1259 899 898
3 1259 898 1258
3 1260 900 899
3 1260 899 1259
3 1261 901 900
3 1261 900 1260
3 1262 902 901
3 1262 901 1261
3 1263 903 902
3 1263 902 1262
3 1264 904 903
3 1264 903 1263
3 1265 905 904
3 1265 904 1264
3 1266 906 905
3 1266 905 1265
3 1267 907 906
3 1267 906 1266
3 1268 908 907
3 1268 907 1267
3 1269 909 908
3 1269 908 1268
3 1270 910 909
3 1270 909 1269
3 1271 911 910
3 1271 910 1270
3 1272 912 911
3 1272 911 1271
3 1273 913 912
3 1273 912 1272
3 1274 914 913
3 1274 913 1273
3 1275 915 914
3 1275 914 1274
3 1276 916 915
3 1276 915 1275
3 1277 917 916
3 1277 916 1276
3 1278 918 917
3 1278 917 1277
3 1279 919 918
3 1279 918 1278
3 1280 920 919
3 1280 919 1279
3 1281 921 920
3 1281 920 1280
3 1282 922 921
3 1282 921 1281
3 1283 923 922
3 1283 922 1282
3 1284 924 923
3 1284 923 1283
3 1285 925 924
3 1285 924 1284
3 1286 926 925
3 1286 925 1285
3 1287 927 926
3 1287 926 1286
3 1288 928 927
3 1288 927 1287
3 1289 929 928
3 1289 928 1288
3 1290 930 929
3 1290 929 1289
3 1291 931 930
3 1291 930 1290
3 1292 932 931
3 1292 931 1291
3 1293 933 932
3 1293 932 1292
3 1294 934 933
3 1294 933 1293
3 1295 935 934
3 1295 934 1294
3 1296 936 935
3 1296 935 1295
3 1297 937 936
3 1297 936 1296
3 1298 938 937
3 1298 937 1297
3 1299 939 938
3 1299 938 1298
3 1300 940 939
3 1300 939 1299
3 1301 941 940
3 1301 940 1300
3 1302 942 941
3 1302 941 1301
3 1303 943 942
3 1303 942 1302
3 1304 944 943
3 1304 943 1303
3 1305 945 944
3 1305 944 1304
3 1306 946 945
3 1306 945 1305
3 1307 947 946
3 1307 946 1306
3 1308 948 947
3 1308 947 1307
3 1309 949 948
3 1309 948 1308
3 1310 950 949
3 1310 949 1309
3 1311 951 950
3 1311 950 1310
3 1312 952 951
3 1312 951 1311
3 1313 953 952
3 1313 952 1312
3 1314 954 953
3 1314 953 1313
3 1315 955 954
3 1315 954 1314
3 1316 956 955
3 1316 955 1315
3 1317 957 956
3 1317 956 1316
3 1318 958 957
3 1318 957 1317
3 1319 959 958
3 1319 958 1318
3 1320 960 959
3 1320 959 1319
3 1321 961 960
3 1321 960 1320
3 1322 962 961
3 1322 961 1321
3 1323 963 962
3 1323 962 1322
3 1324 964 963
3 1324 963 1323
3 1325 965 964
3 1325 964 1324
3 1326 966 965
3 1326 965 1325
3 1327 967 966
3 1327 966 1326
3 1328 968 967
3 1328 967 1327
3 1329 969 968
3 1329 968 1328
3 1330 970 969
3 1330 969 1329
3 1331 971 970
3 1331 970 1330
3 1332 972 971
3 1332 971 1331
3 1333 973 972
3 1333 972 1332
3 1334 974 973
3 1334 973 1333
3 1335 975 974
3 1335 974 1334
3 1336 976 975
3 1336 975 1335
3 1337 977 976
3 1337 976 1336
3 1338 978 977
3 1338 977 1337
3 1339 979 978
3 1339 978 1338
3 1340 980 979
3 1340 979 1339
3 1341 981 980
3 1341 980 1340
3 1342 982 981
3 1342 981 1341
3 1343 983 982
3 1343 982 1342
3 1344 984 983
3 1344 983 1343
3 1345 985 984
3 1345 984 1344
3 1346 986 985
3 1346 985 1345
3 1347 987 986
3 1347 986 1346
3 1348 988 987
3 1348 987 1347
3 1349 989 988
3 1349 988 1348
3 1350 990 989
3 1350 989 1349
3 1351 991 990
3 1351 990 1350
3 1352 992 991
3 1352 991 1351
3 1353 993 992
3 1353 992 1352
3 1354 994 993
3 1354 993 1353
3 1355 995 994
3 1355 994 1354
3 1356 996 995
3 1356 995 1355
3 1357 997 996
3 1357 996 1356
3 1358 998 997
3 1358 997 1357
3 1359 999 998
3 1359 998 1358
3 1360 1000 999
3 1360 999 1359
3 1361 1001 1000
3 1361 1000 1360
3 1362 1002 1001
3 1362 1001 1361
3 1363 1003 1002
3 1363 1002 1362
3 1364 1004 1003
3 1364 1003 1363
3 1365 1005 1004
3 1365 1004 1364
3 1366 1006 1005
3 1366 1005 1365
3 1367 1007 1006
3 1367 1006 1366
3 1368 1008 1007
3 1368 1007 1367
3 1369 1009 1008
3 1369 1008 1368
3 1370 1010 1009
3 1370 1009 1369
3 1371 1011 1010
3 1371 1010 1370
3 1372 1012 1011
3 1372 1011 1371
3 1373 1013 1012
3 1373 1012 1372
3 1374 1014 1013
3 1374 1013 1373
3 1375 1015 1014
3 1375 1014 1374
3 1376 1016 1015
3 1376 1015 1375
3 1377 1017 1016
3 1377 1016 1376
3 1378 1018 1017
3 1378 1017 1377
3 1379 1019 1018
3 1379 1018 1378
3 1380 1020 1019
3 1380 1019 1379
3 1381 1021 1020
3 1381 1020 1380
3 1382 1022 1021
3 1382 1021 1381
3 1383 1023 1022
3 1383 1022 1382
3 1384 1024 1023
3 1384 1023 1383
3 1385 1025 1024
3 1385 1024 1384
3 1386 1026 1025
3 1386 1025 1385
3 1387 1027 1026
3 1387 1026 1386
3 1388 1028 1027
3 1388 1027 1387
3 1389 1029 1028
3 1389 1028 1388
3 1390 1030 1029
3 1390 1029 1389
3 1391 1031 1030
3 1391 1030 1390
3 1392 1032 1031
3 1392 1031 1391
3 1393 1033 1032
3 1393 1032 1392
3 1394 1034 1033
3 1394 1033 1393
3 1395 1035 1034
3 1395 1034 1394
3 1396 1036 1035
3 1396 1035 1395
3 1397 1037 1036
3 1397 1036 1396
3 1398 1038 1037
3 1398 1037 1397
3 1399 1039 1038
3 1399 1038 1398
3 1400 1040 1039
3 1400 1039 1399
3 1401 1041 1040
3 1401 1040 1400
3 1402 1042 1041
3 1402 1041 1401
3 1403 1043 1042
3 1403 1042 1402
3 1404 1044 1043
3 1404 1043 1403
3 1405 1045 1044
3 1405 1044 1404
3 1406 1046 1045
3 1406 1045 1405
3 1407 1047 1046
3 1407 1046 1406
3 1408 1048 1047
3 1408 1047 1407
3 1409 1049 1048
3 1409 1048 1408
3 1410 1050 1049
3 1410 1049 1409
3 1411 1051 1050
3 1411 1050 1410
3 1412 1052 1051
3 1412 1051 1411
3 1413 1053 1052
3 1413 1052 1412
3 1414 1054 1053
3 1414 1053 1413
3 1415 1055 1054
3 1415 1054 1414
3 1416 1056 1055
3 1416 1055 1415
3 1417 1057 1056
3 1417 1056 1416
3 1418 1058 1057
3 1418 1057 1417
3 1419 1059 1058
3 1419 1058 1418
3 1420 1060 1059
3 1420 1059 1419
3 1421 1061 1060
3 1421 1060 1420
3 1422 1062 1061
3 1422 1061 1421
3 1423 1063 1062
3 1423 1062 1422
3 1424 1064 1063
3 1424 1063 1423
3 1425 1065 1064
3 1425 1064 1424
3 1426 1066 1065
3 1426 1065 1425
3 1427 1067 1066
3 1427 1066 1426
3 1428 1068 1067
3 1428 1067 1427
3 1429 1069 1068
3 1429 1068 1428
3 1430 1070 1069
3 1430 1069 1429
3 1431 1071 1070
3 1431 1070 1430
3 1432 1072 1071
3 1432 1071 1431
3 1433 1073 1072
3 1433 1072 1432
3 1434 1074 1073
3 1434 1073 1433
3 1435 1075 1074
3 1435 1074 1434
3 1436 1076 1075
3 1436 1075 1435
3 1437 1077 1076
3 1437 1076 1436
3 1438 1078 1077
3 1438 1077 1437
3 1439 1079 1078
3 1439 1078 1438
3 1440 1080 1079
3 1440 1079 1439
3 1441 1081 1080
3 1441 1080 1440
3 1442 1082 1081
3 1442 1081 1441
3 1443 1083 1082
3 1443 1082 1442
3 1444 1084 1083
3 1444 1083 1443
3 1445 1085 1084
3 1445 1084 1444
3 1446 1086 1085
3 1446 1085 1445
3 1447 1087 1086
3 1447 1086 1446
3 1448 1088 1087
3 1448 1087 1447
3 1449 1089 1088
3 1449 1088 1448
3 1450 1090 1089
3 1450 1089 1449
3 1451 1091 1090
3 1451 1090 1450
3 1452 1092 1091
3 1452 1091 1451
3 1453 1093 1092
3 1453 1092 1452
3 1454 1094 1093
3 1454 1093 1453
3 1455 1095 1094
3 1455 1094 1454
3 1456 1096 1095
3 1456 1095 1455
3 1457 1097 1096
3 1457 1096 1456
3 1458 1098 1097
3 1458 1097 1457
3 1459 1099 1098
3 1459 1098 1458
3 1460 1100 1099
3 1460 1099 1459
3 1461 1101 1100
3 1461 1100 1460
3 1462 1102 1101
3 1462 1101 1461
3 1463 1103 1102
3 1463 1102 1462
3 1464 1104 1103
3 1464 1103 1463
3 1465 1105 1104
3 1465 1104 1464
3 1466 1106 1105
3 1466 1105 1465
3 1467 1107 1106
3 1467 1106 1466
3 1468 1108 1107
3 1468 1107 1467
3 1469 1109 1108
3 1469 1108 1468
3 1470 1110 1109
3 1470 1109 1469
3 1471 1111 1110
3 1471 1110 1470
3 1472 1112 1111
3 1472 1111 1471
3 1473 1113 1112
3 1473 1112 1472
3 1474 1114 1113
3 1474 1113 1473
3 1475 1115 1114
3 1475 1114 1474
3 1476 1116 1115
3 1476 1115 1475
3 1477 1117 1116
3 1477 1116 1476
3 1478 1118 1117
3 1478 1117 1477
3 1479 1119 1118
3 1479 1118 1478
3 1480 1120 1119
3 1480 1119 1479
3 1481 1121 1120
3 1481 1120 1480
3 1482 1122 1121
3 1482 1121 1481
3 1483 1123 1122
3 1483 1122 1482
3 1484 1124 1123
3 1484 1123 1483
3 1485 1125 1124
3 1485 1124 1484
3 1486 1126 1125
3 1486 1125 1485
3 1487 1127 1126
3 1487 1126 1486
3 1488 1128 1127
3 1488 1127 1487
3 1489 1129 1128
3 1489 1128 1488
3 1490 1130 1129
3 1490 1129 1489
3 1491 1131 1130
3 1491 1130 1490
3 1492 1132 1131
3 1492 1131 1491
3 1493 1133 1132
3 1493 1132 1492
3 1494 1134 1133
3 1494 1133 1493
3 1495 1135 1134
3 1495 1134 1494
3 1496 1136 1135
3 1496 1135 1495
3 1497 1137 1136
3 1497 1136 1496
3 1498 1138 1137
3 1498 1137 1497
3 1499 1139 1138
3 1499 1138 1498
3 1500 1140 1139
3 1500 1139 1499
3 1501 1141 1140
3 1501 1140 1500
3 1502 1142 1141
3 1502 1141 1501
3 1503 1143 1142
3 1503 1142 1502
3 1504 1144 1143
3 1504 1143 1503
3 1505 1145 1144
3 1505 1144 1504
3 1506 1146 1145
3 1506 1145 1505
3 1507 1147 1146
3 1507 1146 1506
3 1508 1148 1147
3 1508 1147 1507
3 1509 1149 1148
3 1509 1148 1508
3 1510 1150 1149
3 1510 1149 1509
3 1511 1151 1150
3 1511 1150 1510
3 1512 1152 1151
3 1512 1151 1511
3 1513 1153 1152
3 1513 1152 1512
3 1514 1154 1153
3 1514 1153 1513
3 1515 1155 1154
3 1515 1154 1514
3 1516 1156 1155
3 1516 1155 1515
3 1517 1157 1156
3 1517 1156 1516
3 1518 1158 1157
3 1518 1157 1517
3 1519 1159 1158
3 1519 1158 1518
3 1520 1160 1159
3 1520 1159 1519
3 1521 1161 1160
3 1521 1160 1520
3 1522 1162 1161
3 1522 1161 1521
3 1523 1163 1162
3 1523 1162 1522
3 1524 1164 1163
3 1524 1163 1523
3 1525 1165 1164
3 1525 1164 1524
3 1526 1166 1165
3 1526 1165 1525
3 1527 1167 1166
3 1527 1166 1526
3 1528 1168 1167
3 1528 1167 1527
3 1529 1169 1168
3 1529 1168 1528
3 1530 1170 1169
3 1530 1169 1529
3 1531 1171 1170
3 1531 1170 1530
3 1532 1172 1171
3 1532 1171 1531
3 1533 1173 1172
3 1533 1172 1532
3 1534 1174 1173
3 1534 1173 1533
3 1535 1175 1174
3 1535 1174 1534
3 1536 1176 1175
3 1536 1175 1535
3 1537 1177 1176
3 1537 1176 1536
3 1538 1178 1177
3 1538 1177 1537
3 1539 1179 1178
3 1539 1178 1538
3 1540 1180 1179
3 1540 1179 1539
3 1541 1181 1180
3 1541 1180 1540
3 1542 1182 1181
3 1542 1181 1541
3 1543 1183 1182
3 1543 1182 1542
3 1544 1184 1183
3 1544 1183 1543
3 1545 1185 1184
3 1545 1184 1544
3 1546 1186 1185
3 1546 1185 1545
3 1547 1187 1186
3 1547 1186 1546
3 1548 1188 1187
3 1548 1187 1547
3 1550 1190 1189
3 1550 1189 1549
3 1551 1191 1190
3 1551 1190 1550
3 1552 1192 1191
3 1552 1191 1551
3 1553 1193 1192
3 1553 1192 1552
3 1554 1194 1193
3 1554 1193 1553
3 1555 1195 1194
3 1555 1194 1554
3 1556 1196 1195
3 1556 1195 1555
3 1557 1197 1196
3 1557 1196 1556
3 1558 1198 1197
3 1558 1197 1557
3 1559 1199 1198
3 1559 1198 1558
3 1560 1200 1199
3 1560 1199 1559
3 1561 1201 1200
3 1561 1200 1560
3 1562 1202 1201
3 1562 1201 1561
3 1563 1203 1202
3 1563 1202 1562
3 1564 1204 1203
3 1564 1203 1563
3 1565 1205 1204
3 1565 1204 1564
3 1566 1206 1205
3 1566 1205 1565
3 1567 1207 1206
3 1567 1206 1566
3 1568 1208 1207
3 1568 1207 1567
3 1569 1209 1208
3 1569 1208 1568
3 1570 1210 1209
3 1570 1209 1569
3 1571 1211 1210
3 1571 1210 1570
3 1572 1212 1211
3 1572 1211 1571
3 1573 1213 1212
3 1573 1212 1572
3 1574 1214 1213
3 1574 1213 1573
3 1575 1215 1214
3 1575 1214 1574
3 1576 1216 1215
3 1576 1215 1575
3 1577 1217 1216
3 1577 1216 1576
3 1578 1218 1217
3 1578 1217 1577
3 1579 1219 1218
3 1579 1218 1578
3 1580 1220 1219
3 1580 1219 1579
3 1581 1221 1220
3 1581 1220 1580
3 1582 1222 1221
3 1582 1221 1581
3 1583 1223 1222
3 1583 1222 1582
3 1584 1224 1223
3 1584 1223 1583
3 1585 1225 1224
3 1585 1224 1584
3 1586 1226 1225
3 1586 1225 1585
3 1587 1227 1226
3 1587 1226 1586
3 1588 1228 1227
3 1588 1227 1587
3 1589 1229 1228
3 1589 1228 1588
3 1590 1230 1229
3 1590 1229 1589
3 1591 1231 1230
3 1591 1230 1590
3 1592 1232 1231
3 1592 1231 1591
3 1593 1233 1232
3 1593 1232 1592
3 1594 1234 1233
3 1594 1233 1593
3 1595 1235 1234
3 1595 1234 1594
3 1596 1236 1235
3 1596 1235 1595
3 1597 1237 1236
3 1597 1236 1596
3 1598 1238 1237
3 1598 1237 1597
3 1599 1239 1238
3 1599 1238 1598
3 1600 1240 1239
3 1600 1239 1599
3 1601 1241 1240
3 1601 1240 1600
3 1602 1242 1241
3 1602 1241 1601
3 1603 1243 1242
3 1603 1242 1602
3 1604 1244 1243
3 1604 1243 1603
3 1605 1245 1244
3 1605 1244 1604
3 1606 1246 1245
3 1606 1245 1605
3 1607 1247 1246
3 1607 1246 1606
3 1608 1248 1247
3 1608 1247 1607
3 1609 1249 1248
3 1609 1248 1608
3 1610 1250 1249
3 1610 1249 1609
3 1611 1251 1250
3 1611 1250 1610
3 1612 1252 1251
3 1612 1251 1611
3 1613 1253 1252
3 1613 1252 1612
3 1614 1254 1253
3 1614 1253 1613
3 1615 1255 1254
3 1615 1254 1614
3 1616 1256 1255
3 1616 1255 1615
3 1617 1257 1256
3 1617 1256 1616
3 1618 1258 1257
3 1618 1257 1617
3 1619 1259 1258
3 1619 1258 1618
3 1620 1260 1259
3 1620 1259 1619
3 1621 1261 1260
3 1621 1260 1620
3 1622 1262 1261
3 1622 1261 1621
3 1623 1263 1262
3 1623 1262 1622
3 1624 1264 1263
3 1624 1263 1623
3 1625 1265 1264
3 1625 1264 1624
3 1626 1266 1265
3 1626 1265 1625
3 1627 1267 1266
3 1627 1266 1626
3 1628 1268 1267
3 1628 1267 1627
3 1629 1269 1268
3 1629 1268 1628
3 1630 1270 1269
3 1630 1269 1629
3 1631 1271 1270
3 1631 1270 1630
3 1632 1272 1271
3 1632 1271 1631
3 1633 1273 1272
3 1633 1272 1632
3 1634 1274 1273
3 1634 1273 1633
3 1635 1275 1274
3 1635 1274 1634
3 1636 1276 1275
3 1636 1275 1635
3 1637 1277 1276
3 1637 1276 1636
3 1638 1278 1277
3 1638 1277 1637
3 1639 1279 1278
3 1639 1278 1638
3 1640 1280 1279
3 1640 1279 1639
3 1641 1281 1280
3 1641 1280 1640
3 1642 1282 1281
3 1642 1281 1641
3 1643 1283 1282
3 1643 1282 1642
3 1644 1284 1283
3 1644 1283 1643
3 1645 1285 1284
3 1645 1284 1644
3 1646 1286 1285
3 1646 1285 1645
3 1647 1287 1286
3 1647 1286 1646
3 1648 1288 1287
3 1648 1287 1647
3 1649 1289 1288
3 1649 1288 1648
3 1650 1290 1289
3 1650 1289 1649
3 1651 1291 1290
3 1651 1290 1650
3 1652 1292 1291
3 1652 1291 1651
3 1653 1293 1292
3 1653 1292 1652
3 1654 1294 1293
3 1654 1293 1653
3 1655 1295 1294
3 1655 1294 1654
3 1656 1296 1295
3 1656 1295 1655
3 1657 1297 1296
3 1657 1296 1656
3 1658 1298 1297
3 1658 1297 1657
3 1659 1299 1298
3 1659 1298 1658
3 1660 1300 1299
3 1660 1299 1659
3 1661 1301 1300
3 1661 1300 1660
3 1662 1302 1301
3 1662 1301 1661
3 1663 1303 1302
3 1663 1302 1662
3 1664 1304 1303
3 1664 1303 1663
3 1665 1305 1304
3 1665 1304 1664
3 1666 1306 1305
3 1666 1305 1665
3 1667 1307 1306
3 1667 1306 1666
3 1668 1308 1307
3 1668 1307 1667
3 1669 1309 1308
3 1669 1308 1668
3 1670 1310 1309
3 1670 1309 1669
3 1671 1311 1310
3 1671 1310 1670
3 1672 1312 1311
3 1672 1311 1671
3 1673 1313 1312
3 1673 1312 1672
3 1674 1314 1313
3 1674 1313 1673
3 1675 1315 1314
3 1675 1314 1674
3 1676 1316 1315
3 1676 1315 1675
3 1677 1317 1316
3 1677 1316 1676
3 1678 1318 1317
3 1678 1317 1677
3 1679 1319 1318
3 1679 1318 1678
3 1680 1320 1319
3 1680 1319 1679
3 1681 1321 1320
3 1681 1320 1680
3 1682 1322 1321
3 1682 1321 1681
3 1683 1323 1322
3 1683 1322 1682
3 1684 1324 1323
3 1684 1323 1683
3 1685 1325 1324
3 1685 1324 1684
3 1686 1326 1325
3 1686 1325 1685
3 1687 1327 1326
3 1687 1326 1686
3 1688 1328 1327
3 1688 1327 1687
3 1689 1329 1328
3 1689 1328 1688
3 1690 1330 1329
3 1690 1329 1689
3 1691 1331 1330
3 1691 1330 1690
3 1692 1332 1331
3 1692 1331 1691
3 1693 1333 1332
3 1693 1332 1692
3 1694 1334 1333
3 1694 1333 1693
3 1695 1335 1334
3 1695 1334 1694
3 1696 1336 1335
3 1696 1335 1695
3 1697 1337 1336
3 1697 1336 1696
3 1698 1338 1337
3 1698 1337 1697
3 1699 1339 1338
3 1699 1338 1698
3 1700 1340 1339
3 1700 1339 1699
3 1701 1341 1340
3 1701 1340 1700
3 1702 1342 1341
3 1702 1341 1701
3 1703 1343 1342
3 1703 1342 1702
3 1704 1344 1343
3 1704 1343 1703
3 1705 1345 1344
3 1705 1344 1704
3 1706 1346 1345
3 1706 1345 1705
3 1707 1347 1346
3 1707 1346 1706
3 1708 1348 1347
3 1708 1347 1707
3 1709 1349 1348
3 1709 1348 1708
3 1710 1350 1349
3 1710 1349 1709
3 1711 1351 1350
3 1711 1350 1710
3 1712 1352 1351
3 1712 1351 1711
3 1713 1353 1352
3 1713 1352 1712
3 1714 1354 1353
3 1714 1353 1713
3 1715 1355 1354
3 1715 1354 1714
3 1716 1356 1355
3 1716 1355 1715
3 1717 1357 1356
3 1717 1356 1716
3 1718 1358 1357
3 1718 1357 1717
3 1719 1359 1358
3 1719 1358 1718
3 1720 1360 1359
3 1720 1359 1719
3 1721 1361 1360
3 1721 1360 1720
3 1722 1362 1361
3 1722 1361 1721
3 1723 1363 1362
3 1723 1362 1722
3 1724 1364 1363
3 1724 1363 1723
3 1725 1365 1364
3 1725 1364 1724
3 1726 1366 1365
3 1726 1365 1725
3 1727 1367 1366
3 1727 1366 1726
3 1728 1368 1367
3 1728 1367 1727
3 1729 1369 1368
3 1729 1368 1728
3 1730 1370 1369
3 1730 1369 1729
3 1731 1371 1370
3 1731 1370 1730
3 1732 1372 1371
3 1732 1371 1731
3 1733 1373 1372
3 1733 1372 1732
3 1734 1374 1373
3 1734 1373 1733
3 1735 1375 1374
3 1735 1374 1734
3 1736 1376 1375
3 1736 1375 1735
3 1737 1377 1376
3 1737 1376 1736
3 1738 1378 1377
3 1738 1377 1737
3 1739 1379 1378
3 1739 1378 1738
3 1740 1380 1379
3 1740 1379 1739
3 1741 1381 1380
3 1741 1380 1740
3 1742 1382 1381
3 1742 1381 1741
3 1743 1383 1382
3 1743 1382 1742
3 1744 1384 1383
3 1744 1383 1743
3 1745 1385 1384
3 1745 1384 1744
3 1746 1386 1385
3 1746 1385 1745
3 1747 1387 1386
3 1747 1386 1746
3 1748 1388 1387
3 1748 1387 1747
3 1749 1389 1388
3 1749 1388 1748
3 1750 1390 1389
3 1750 1389 1749
3 1751 1391 1390
3 1751 1390 1750
3 1752 1392 1391
3 1752 1391 1751
3 1753 1393 1392
3 1753 1392 1752
3 1754 1394 1393
3 1754 1393 1753
3 1755 1395 1394
3 1755 1394 1754
3 1756 1396 1395
3 1756 1395 1755
3 1757 1397 1396
3 1757 1396 1756
3 1758 1398 1397
3 1758 1397 1757
3 1759 1399 1398
3 1759 1398 1758
3 1760 1400 1399
3 1760 1399 1759
3 1761 1401 1400
3 1761 1400 1760
3 1762 1402 1401
3 1762 1401 1761
3 1763 1403 1402
3 1763 1402 1762
3 1764 1404 1403
3 1764 1403 1763
3 1765 1405 1404
3 1765 1404 1764
3 1766 1406 1405
3 1766 1405 1765
3 1767 1407 1406
3 1767 1406 1766
3 1768 1408 1407
3 1768 1407 1767
3 1769 1409 1408
3 1769 1408 1768
3 1770 1410 1409
3 1770 1409 1769
3 1771 1411 1410
3 1771 1410 1770
3 1772 1412 1411
3 1772 1411 1771
3 1773 1413 1412
3 1773 1412 1772
3 1774 1414 1413
3 1774 1413 1773
3 1775 1415 1414
3 1775 1414 1774
3 1776 1416 1415
3 1776 1415 1775
3 1777 1417 1416
3 1777 1416 1776
3 1778 1418 1417
3 1778 1417 1777
3 1779 1419 1418
3 1779 1418 1778
3 1780 1420 1419
3 1780 1419 1779
3 1781 1421 1420
3 1781 1420 1780
3 1782 1422 1421
3 1782 1421 1781
3 1783 1423 1422
3 1783 1422 1782
3 1784 1424 1423
3 1784 1423 1783
3 1785 1425 1424
3 1785 1424 1784
3 1786 1426 1425
3 1786 1425 1785
3 1787 1427 1426
3 1787 1426 1786
3 1788 1428 1427
3 1788 1427 1787
3 1789 1429 1428
3 1789 1428 1788
3 1790 1430 1429
3 1790 1429 1789
3 1791 1431 1430
3 1791 1430 1790
3 1792 1432 1431
3 1792 1431 1791
3 1793 1433 1432
3 1793 1432 1792
3 1794 1434 1433
3 1794 1433 1793
3 1795 1435 1434
3 1795 1434 1794
3 1796 1436 1435
3 1796 1435 1795
3 1797 1437 1436
3 1797 1436 1796
3 1798 1438 1437
3 1798 1437 1797
3 1799 1439 1438
3 1799 1438 1798
3 1800 1440 1439
3 1800 1439 1799
3 1801 1441 1440
3 1801 1440 1800
3 1802 1442 1441
3 1802 1441 1801
3 1803 1443 1442
3 1803 1442 1802
3 1804 1444 1443
3 1804 1443 1803
3 1805 1445 1444
3 1805 1444 1804
3 1806 1446 1445
3 1806 1445 1805
3 1807 1447 1446
3 1807 1446 1806
3 1808 1448 1447
3 1808 1447 1807
3 1809 1449 1448
3 1809 1448 1808
3 1810 1450 1449
3 1810 1449 1809
3 1811 1451 1450
3 1811 1450 1810
3 1812 1452 1451
3 1812 1451 1811
3 1813 1453 1452
3 1813 1452 1812
3 1814 1454 1453
3 1814 1453 1813
3 1815 1455 1454
3 1815 1454 1814
3 1816 1456 1455
3 1816 1455 1815
3 1817 1457 1456
3 1817 1456 1816
3 1818 1458 1457
3 1818 1457 1817
3 1819 1459 1458
3 1819 1458 1818
3 1820 1460 1459
3 1820 1459 1819
3 1821 1461 1460
3 1821 1460 1820
3 1822 1462 1461
3 1822 1461 1821
3 1823 1463 1462
3 1823 1462 1822
3 1824 1464 1463
3 1824 1463 1823
3 1825 1465 1464
3 1825 1464 1824
3 1826 1466 1465
3 1826 1465 1825
3 1827 1467 1466
3 1827 1466 1826
3 1828 1468 1467
3 1828 1467 1827
3 1829 1469 1468
3 1829 1468 1828
3 1830 1470 1469
3 1830 1469 1829
3 1831 1471 1470
3 1831 1470 1830
3 1832 1472 1471
3 1832 1471 1831
3 1833 1473 1472
3 1833 1472 1832
3 1834 1474 1473
3 1834 1473 1833
3 1835 1475 1474
3 1835 1474 1834
3 1836 1476 1475
3 1836 1475 1835
3 1837 1477 1476
3 1837 1476 1836
3 1838 1478 1477
3 1838 1477 1837
3 1839 1479 1478
3 1839 1478 1838
3 1840 1480 1479
3 1840 1479 1839
3 1841 1481 1480
3 1841 1480 1840
3 1842 1482 1481
3 1842 1481 1841
3 1843 1483 1482
3 1843 1482 1842
3 1844 1484 1483
3 1844 1483 1843
3 1845 1485 1484
3 1845 1484 1844
3 1846 1486 1485
3 1846 1485 1845
3 1847 1487 1486
3 1847 1486 1846
3 1848 1488 1487
3 1848 1487 1847
3 1849 1489 1488
3 1849 1488 1848
3 1850 1490 1489
3 1850 1489 1849
3 1851 1491 1490
3 1851 1490 1850
3 1852 1492 1491
3 1852 1491 1851
3 1853 1493 1492
3 1853 1492 1852
3 1854 1494 1493
3 1854 1493 1853
3 1855 1495 1494
3 1855 1494 1854
3 1856 1496 1495
3 1856 1495 1855
3 1857 1497 1496
3 1857 1496 1856
3 1858 1498 1497
3 1858 1497 1857
3 1859 1499 1498
3 1859 1498 1858
3 1860 1500 1499
3 1860 1499 1859
3 1861 1501 1500
3 1861 1500 1860
3 1862 1502 1501
3 1862 1501 1861
3 1863 1503 1502
3 1863 1502 1862
3 1864 1504 1503
3 1864 1503 1863
3 1865 1505 1504
3 1865 1504 1864
3 1866 1506 1505
3 1866 1505 1865
3 1867 1507 1506
3 1867 1506 1866
3 1868 1508 1507
3 1868 1507 1867
3 1869 1509 1508
3 1869 1508 1868
3 1870 1510 1509
3 1870 1509 1869
3 1871 1511 1510
3 1871 1510 1870
3 1872 1512 1511
3 1872 1511 1871
3 1873 1513 1512
3 1873 1512 1872
3 1874 1514 1513
3 1874 1513 1873
3 1875 1515 1514
3 1875 1514 1874
3 1876 1516 1515
3 1876 1515 1875
3 1877 1517 1516
3 1877 1516 1876
3 1878 1518 1517
3 1878 1517 1877
3 1879 1519 1518
3 1879 1518 1878
3 1880 1520 1519
3 1880 1519 1879
3 1881 1521 1520
3 1881 1520 1880
3 1882 1522 1521
3 1882 1521 1881
3 1883 1523 1522
3 1883 1522 1882
3 1884 1524 1523
3 1884 1523 1883
3 1885 1525 1524
3 1885 1524 1884
3 1886 1526 1525
3 1886 1525 1885
3 1887 1527 1526
3 1887 1526 1886
3 1888 1528 1527
3 1888 1527 1887
3 1889 1529 1528
3 1889 1528 1888
3 1890 1530 1529
3 1890 1529 1889
3 1891 1531 1530
3 1891 1530 1890
3 1892 1532 1531
3 1892 1531 1891
3 1893 1533 1532
3 1893 1532 1892
3 1894 1534 1533
3 1894 1533 1893
3 1895 1535 1534
3 1895 1534 1894
3 1896 1536 1535
3 1896 1535 1895
3 1897 1537 1536
3 1897 1536 1896
3 1898 1538 1537
3 1898 1537 1897
3 1899 1539 1538
3 1899 1538 1898
3 1900 1540 1539
3 1900 1539 1899
3 1901 1541 1540
3 1901 1540 1900
3 1902 1542 1541
3 1902 1541 1901
3 1903 1543 1542
3 1903 1542 1902
3 1904 1544 1543
3 1904 1543 1903
3 1905 1545 1544
3 1905 1544 1904
3 1906 1546 1545
3 1906 1545 1905
3 1907 1547 1546
3 1907 1546 1906
3 1908 1548 1547
3 1908 1547 1907
3 1914 1910 1909
3 1914 1909 1913
3 1915 1911 1910
3 1915 1910 1914
3 1916 1912 1911
3 1916 1911 1915
3 1924 1918 1917
3 1924 1917 1923
3 1925 1919 1918
3 1925 1918 1924
3 1926 1920 1919
3 1926 1919 1925
3 1927 1921 1920
3 1927 1920 1926
3 1928 1922 1921
3 1928 1921 1927
3 1930 1924 1923
3 1930 1923 1929
3 1931 1925 1924
3 1931 1924 1930
3 1932 1926 1925
3 1932 1925 1931
3 1933 1927 1926
3 1933 1926 1932
3 1934 1928 1927
3 1934 1927 1933
3 1939 1936 1935
3 1939 1935 1938
3 1940 1937 1936
3 1940 1936 1939
3 1945 1942 1941
3 1945 1941 1944
3 1946 1943 1942
3 1946 1942 1945
3 1951 1948 1947
3 1951 1947 1950
3 1952 1949 1948
3 1952 1948 1951
3 1957 1954 1953
3 1957 1953 1956
3 1958 1955 1954
3 1958 1954 1957
3 1963 1960 1959
3 1963 1959 1962
3 1964 1961 1960
3 1964 1960 1963
3 1970 1966 1965
3 1970 1965 1969
3 1971 1967 1966
3 1971 1966 1970
3 1972 1968 1967
3 1972 1967 1971
3 1974 1970 1969
3 1974 1969 1973
3 1975 1971 1970
3 1975 1970 1974
3 1976 1972 1971
3 1976 1971 1975
3 1982 1978 1977
3 1982 1977 1981
3 1983 1979 1978
3 1983 1978 1982
3 1984 1980 1979
3 1984 1979 1983
3 1986 1982 1981
3 1986 1981 1985
3 1987 1983 1982
3 1987 1982 1986
3 1988 1984 1983
3 1988 1983 1987
3 1993 1990 1989
3 1993 1989 1992
3 1994 1991 1990
3 1994 1990 1993
3 1999 1996 1995
3 1999 1995 1998
3 2000 1997 1996
3 2000 1996 1999
3 2004 2002 2001
3 2004 2001 2003
3 2010 2006 2005
3 2010 2005 2009
3 2011 2007 2006
3 2011 2006 2010
3 2012 2008 2007
3 2012 2007 2011
3 2016 2014 2013
3 2016 2013 2015
3 2021 2018 2017
3 2021 2017 2020
3 2022 2019 2018
3 2022 2018 2021
3 2027 2024 2023
3 2027 2023 2026
3 2028 2025 2024
3 2028 2024 2027
3 2032 2030 2029
3 2032 2029 2031
3 2036 2034 2033
3 2036 2033 2035
3 2040 2038 2037
3 2040 2037 2039
3 2044 2042 2041
3 2044 2041 2043
3 2049 2046 2045
3 2049 2045 2048
3 2050 2047 2046
3 2050 2046 2049
3 2054 2052 2051
3 2054 2051 2053
3 2058 2056 2055
3 2058 2055 2057
3 2062 2060 2059
3 2062 2059 2061
3 2066 2064 2063
3 2066 2063 2065
3 2070 2068 2067
3 2070 2067 2069
3 2074 2072 2071
3 2074 2071 2073
3 2078 2076 2075
3 2078 2075 2077
3 2082 2080 2079
3 2082 2079 2081
3 2084 2082 2081
3 2084 2081 2083
3 2088 2086 2085
3 2088 2085 2087
3 2092 2090 2089
3 2092 2089 2091
3 2098 2094 2093
3 2098 2093 2097
3 2099 2095 2094
3 2099 2094 2098
3 2100 2096 2095
3 2100 2095 2099
3 2102 2098 2097
3 2102 2097 2101
3 2103 2099 2098
3 2103 2098 2102
3 2104 2100 2099
3 2104 2099 2103
3 2114 2106 2105
3 2114 2105 2113
3 2115 2107 2106
3 2115 2106 2114
3 2116 2108 2107
3 2116 2107 2115
3 2117 2109 2108
3 2117 2108 2116
3 2118 2110 2109
3 2118 2109 2117
3 2119 2111 2110
3 2119 2110 2118
3 2120 2112 2111
3 2120 2111 2119
3 2122 2114 2113
3 2122 2113 2121
3 2123 2115 2114
3 2123 2114 2122
3 2124 2116 2115
3 2124 2115 2123
3 2125 2117 2116
3 2125 2116 2124
3 2126 2118 2117
3 2126 2117 2125
3 2127 2119 2118
3 2127 2118 2126
3 2128 2120 2119
3 2128 2119 2127
3 2132 2130 2129
3 2132 2129 2131
3 2137 2134 2133
3 2137 2133 2136
3 2138 2135 2134
3 2138 2134 2137
3 2142 2140 2139
3 2142 2139 2141
3 2148 2144 2143
3 2148 2143 2147
3 2149 2145 2144
3 2149 2144 2148
3 2150 2146 2145
3 2150 2145 2149
3 2152 2148 2147
3 2152 2147 2151
3 2153 2149 2148
3 2153 2148 2152
3 2154 2150 2149
3 2154 2149 2153
3 2159 2156 2155
3 2159 2155 2158
3 2160 2157 2156
3 2160 2156 2159
3 2167 2162 2161
3 2167 2161 2166
3 2168 2163 2162
3 2168 2162 2167
3 2169 2164 2163
3 2169 2163 2168
3 2170 2165 2164
3 2170 2164 2169
3 2174 2172 2171
3 2174 2171 2173
3 2178 2176 2175
3 2178 2175 2177
3 2186 2180 2179
3 2186 2179 2185
3 2187 2181 2180
3 2187 2180 2186
3 2188 2182 2181
3 2188 2181 2187
3 2189 2183 2182
3 2189 2182 2188
3 2190 2184 2183
3 2190 2183 2189
3 2194 2192 2191
3 2194 2191 2193
3 2198 2196 2195
3 2198 2195 2197
3 2203 2200 2199
3 2203 2199 2202
3 2204 2201 2200
3 2204 2200 2203
3 2208 2206 2205
3 2208 2205 2207
3 2210 2208 2207
3 2210 2207 2209
3 2214 2212 2211
3 2214 2211 2213
3 2218 2216 2215
3 2218 2215 2217
3 2220 2218 2217
3 2220 2217 2219
3 2224 2222 2221
3 2224 2221 2223
3 2229 2226 2225
3 2229 2225 2228
3 2230 2227 2226
3 2230 2226 2229
3 2232 2229 2228
3 2232 2228 2231
3 2233 2230 2229
3 2233 2229 2232
3 2238 2235 2234
3 2238 2234 2237
3 2239 2236 2235
3 2239 2235 2238
3 2243 2241 2240
3 2243 2240 2242
3 2245 2243 2242
3 2245 2242 2244
3 2252 2247 2246
3 2252 2246 2251
3 2253 2248 2247
3 2253 2247 2252
3 2254 2249 2248
3 2254 2248 2253
3 2255 2250 2249
3 2255 2249 2254
3 2260 2257 2256
3 2260 2256 2259
3 2261 2258 2257
3 2261 2257 2260
3 2265 2263 2262
3 2265 2262 2264
3 2269 2267 2266
3 2269 2266 2268
3 2310 2306 2284
3 2307 2308 2310
3 2284 2307 2310
3 2306 2310 2312
3 2306 2312 2309
3 2310 2308 2311
3 2310 2311 2312
3 2378 2380 2379
3 2378 2379 2377
3 2375 2377 2376
3 2375 2376 2374
3 2372 2374 2373
3 2372 2373 2371
3 2363 2371 2370
3 2363 2370 2286
3 2287 2314 2315
3 2287 2315 2313
3 2314 2284 2306
3 2314 2306 2315
3 2314 2287 2288
3 2285 2284 2314
3 2288 2285 2314
3 2364 2286 2285
3 2288 2289 2364
3 2285 2288 2364
3 2369 2367 2363
3 2369 2363 2368
3 2366 2369 2368
3 2366 2368 2365
3 2368 2363 2286
3 2364 2365 2368
3 2286 2364 2368
3 2362 2365 2364
3 2362 2364 2289
3 2290 2317 2318
3 2290 2318 2316
3 2317 2287 2313
3 2317 2313 2318
3 2317 2290 2327
3 2327 2291 2288
3 2288 2287 2317
3 2317 2327 2288
3 2334 2292 2289
3 2288 2291 2334
3 2289 2288 2334
3 2319 2290 2316
3 2319 2316 2320
3 2329 2326 2330
3 2329 2330 2332
3 2332 2330 2328
3 2332 2328 2331
3 2330 2326 2291
3 2327 2328 2330
3 2291 2327 2330
3 2328 2327 2290
3 2328 2290 2319
3 2333 2292 2334
3 2333 2334 2335
3 2337 2335 2334
3 2291 2326 2337
3 2334 2291 2337
3 2336 2335 2337
3 2336 2337 2338
3 2338 2337 2326
3 2338 2326 2329
3 2361 2359 2358
3 2361 2358 2360
3 2358 2356 2355
3 2358 2355 2357
3 2355 2353 2352
3 2355 2352 2354
3 2352 2351 2292
3 2352 2292 2333
3 2308 2295 2296
3 2296 2311 2308
3 2294 2295 2308
3 2311 2296 2297
3 2307 2294 2308
3 2293 2294 2307
3 2373 2382 2370
3 2293 2370 2382
3 2371 2373 2370
3 2381 2382 2373
3 2370 2293 2285
3 2285 2293 2307
3 2312 2297 2298
3 2312 2298 2309
3 2299 2309 2298
3 2315 2309 2299
3 2284 2285 2307
3 2285 2286 2370
3 2315 2306 2309
3 2315 2299 2300
3 2311 2297 2312
3 2350 2381 2379
3 2377 2379 2381
3 2374 2376 2373
3 2375 2348 2377
3 2381 2376 2377
3 2376 2381 2373
3 2380 2349 2350
3 2349 2378 2348
3 2377 2348 2378
3 2380 2378 2349
3 2380 2350 2379
3 2363 2367 2372
3 2363 2372 2371
3 2374 2372 2375
3 2366 2343 2369
3 2345 2367 2369
3 2346 2372 2367
3 2375 2372 2347
3 2347 2372 2346
3 2348 2375 2347
3 2367 2345 2346
3 2345 2369 2344
3 2344 2369 2343
3 2301 2318 2300
3 2302 2316 2301
3 2303 2316 2302
3 2304 2320 2303
3 2300 2318 2313
3 2303 2320 2316
3 2321 2319 2320
3 2316 2318 2301
3 2320 2304 2305
3 2315 2300 2313
3 2331 2328 2319
3 2322 2332 2331
3 2331 2319 2321
3 2321 2322 2331
3 2321 2320 2305
3 2323 2338 2329
3 2336 2338 2323
3 2322 2323 2329
3 2324 2336 2323
3 2322 2329 2332
3 2333 2335 2336
3 2365 2362 2366
3 2362 2289 2292
3 2362 2292 2351
3 2341 2362 2351
3 2342 2362 2341
3 2362 2342 2366
3 2343 2366 2342
3 2341 2351 2340
3 2340 2351 2353
3 2356 2340 2353
3 2352 2353 2351
3 2352 2333 2354
3 2357 2355 2354
3 2324 2357 2354
3 2360 2357 2324
3 2324 2354 2333
3 2353 2355 2356
3 2339 2359 2361
3 2340 2359 2339
3 2356 2358 2359
3 2361 2360 2325
3 2324 2325 2360
3 2339 2361 2325
3 2360 2358 2357
3 2340 2356 2359
3 2324 2333 2336
3 2413 2414 2395
3 2413 2395 2393
3 2393 2395 2396
3 2393 2396 2394
3 2396 2398 2399
3 2396 2399 2397
3 2399 2401 2402
3 2399 2402 2400
3 2402 2391 2392
3 2403 2402 2392
3 2401 2391 2402
3 2403 2400 2402
3 2397 2400 2403
3 2398 2391 2401
3 2412 2390 2414
3 2399 2398 2401
3 2398 2390 2391
3 2394 2396 2397
3 2395 2390 2398
3 2397 2399 2400
3 2398 2396 2395
3 2397 2403 2404
3 2404 2394 2397
3 2405 2394 2404
3 2393 2394 2405
3 2405 2406 2410
3 2407 2409 2406
3 2410 2413 2393
3 2411 2414 2413
3 2405 2410 2393
3 2410 2406 2409
3 2413 2410 2411
3 2409 2407 2408
3 2412 2414 2411
3 2390 2395 2414
3 2419 2428 2429
3 2419 2429 2427
3 2429 2431 2432
3 2429 2432 2430
3 2432 2425 2426
3 2426 2430 2432
3 2430 2426 2433
3 2431 2425 2432
3 2424 2421 2423
3 2428 2431 2429
3 2424 2431 2428
3 2431 2424 2425
3 2428 2421 2424
3 2429 2430 2427
3 2415 2427 2433
3 2419 2427 2416
3 2415 2416 2427
3 2420 2419 2416
3 2421 2428 2419
3 2423 2421 2422
3 2417 2418 2420
3 2416 2417 2420
3 2420 2421 2419
3 2433 2427 2430
3 2446 2444 2443
3 2446 2443 2445
3 2439 2437 2438
3 2440 2443 2439
3 2443 2435 2439
3 2436 2437 2435
3 2439 2435 2437
3 2435 2443 2444
3 2441 2445 2440
3 2446 2445 2441
3 2434 2444 2446
3 2446 2442 2434
3 2442 2446 2441
3 2435 2444 2434
3 2440 2445 2443
3 2471 2469 2464
3 2471 2464 2470
3 2468 2471 2470
3 2468 2470 2462
3 2470 2464 2463
3 2461 2462 2470
3 2463 2461 2470
3 2455 2461 2473
3 2461 2472 2473
3 2472 2461 2463
3 2462 2461 2458
3 2467 2472 2463
3 2475 2473 2474
3 2464 2467 2463
3 2466 2467 2469
3 2464 2469 2467
3 2471 2466 2469
3 2465 2471 2468
3 2468 2460 2465
3 2460 2468 2459
3 2466 2471 2465
3 2468 2462 2459
3 2452 2475 2451
3 2450 2451 2475
3 2453 2475 2452
3 2475 2448 2449
3 2449 2450 2475
3 2448 2475 2447
3 2458 2459 2462
3 2458 2461 2457
3 2454 2455 2473
3 2456 2461 2455
3 2457 2461 2456
3 2453 2454 2475
3 2454 2473 2475
3 2476 2478 2479
3 2482 2477 2478
3 2478 2480 2482
3 2480 2481 2482
3 2476 2480 2478
3 2495 2493 2492
3 2495 2492 2494
3 2492 2490 2489
3 2492 2489 2491
3 2489 2499 2500
3 2489 2500 2498
3 2500 2496 2497
3 2500 2501 2498
3 2501 2500 2497
3 2499 2496 2500
3 2490 2488 2499
3 2496 2499 2488
3 2487 2488 2490
3 2489 2490 2499
3 2493 2487 2490
3 2489 2498 2491
3 2491 2498 2483
3 2494 2492 2491
3 2483 2484 2491
3 2484 2494 2491
3 2490 2492 2493
3 2486 2495 2485
3 2494 2485 2495
3 2493 2495 2486
3 2485 2494 2484
3 2487 2493 2486
3 2498 2501 2483
3 2507 2508 2509
3 2507 2505 2506
3 2503 2507 2509
3 2507 2503 2505
3 2503 2504 2505
3 2502 2503 2509
3 2515 2517 2518
3 2515 2518 2516
3 2518 2520 2521
3 2518 2521 2519
3 2521 2523 2524
3 2521 2524 2522
3 2524 2526 2527
3 2524 2527 2525
3 2527 2513 2514
3 2514 2525 2527
3 2513 2527 2526
3 2525 2514 2528
3 2512 2513 2526
3 2526 2524 2523
3 2520 2512 2523
3 2519 2521 2522
3 2521 2520 2523
3 2522 2524 2525
3 2526 2523 2512
3 2522 2525 2528
3 2519 2528 2516
3 2518 2519 2516
3 2529 2530 2528
3 2528 2519 2522
3 2517 2520 2518
3 2515 2516 2528
3 2512 2515 2511
3 2510 2511 2530
3 2528 2511 2515
3 2528 2530 2511
3 2517 2515 2512
3 2512 2520 2517
3 2536 2537 2538
3 2536 2534 2535
3 2534 2536 2538
3 2533 2539 2531
3 2534 2539 2533
3 2532 2533 2531
3 2538 2539 2534
3 2551 2553 2552
3 2551 2552 2550
3 2548 2550 2549
3 2548 2549 2547
3 2552 2541 2549
3 2542 2549 2541
3 2550 2552 2549
3 2540 2541 2552
3 2553 2546 2540
3 2551 2546 2553
3 2552 2553 2540
3 2543 2547 2542
3 2544 2547 2543
3 2545 2551 2548
3 2548 2551 2550
3 2548 2544 2545
3 2544 2548 2547
3 2546 2551 2545
3 2542 2547 2549
3 2556 2554 2559
3 2556 2559 2555
3 2558 2556 2555
3 2558 2555 2557
3 2580 2566 2565
3 2567 2568 2580
3 2565 2567 2580
3 2577 2569 2568
3 2570 2571 2577
3 2568 2570 2577
3 2572 2574 2575
3 2572 2575 2573
3 2575 2585 2586
3 2575 2586 2584
3 2569 2577 2578
3 2569 2578 2576
3 2577 2571 2572
3 2577 2572 2578
3 2566 2580 2581
3 2566 2581 2579
3 2580 2568 2569
3 2580 2569 2581
3 2582 2565 2566
3 2582 2566 2583
3 2563 2564 2586
3 2584 2586 2564
3 2585 2563 2586
3 2573 2575 2584
3 2574 2585 2575
3 2584 2564 2587
3 2570 2563 2585
3 2570 2562 2563
3 2574 2570 2585
3 2573 2578 2572
3 2574 2571 2570
3 2562 2570 2567
3 2574 2572 2571
3 2576 2578 2573
3 2576 2573 2584
3 2581 2569 2576
3 2583 2579 2587
3 2587 2579 2581
3 2576 2587 2581
3 2587 2576 2584
3 2587 2588 2583
3 2565 2561 2567
3 2562 2567 2561
3 2582 2560 2561
3 2588 2582 2583
3 2582 2588 2560
3 2565 2582 2561
3 2583 2566 2579
3 2570 2568 2567
3 2593 2594 2595
3 2595 2592 2593
3 2592 2595 2596
3 2591 2596 2589
3 2589 2590 2591
3 2592 2596 2591
3 2599 2602 2597
3 2598 2599 2597
3 2602 2600 2601
3 2599 2600 2602
3 2607 2605 2603
3 2606 2607 2604
3 2603 2604 2607
3 2611 2612 2613
3 2610 2611 2613
3 2609 2610 2608
3 2613 2608 2610
3 2617 2615 2614
3 2617 2614 2616
3 2619 2622 2623
3 2618 2619 2623
3 2622 2620 2621
3 2619 2620 2622
3 2626 2629 2624
3 2625 2626 2624
3 2629 2627 2628
3 2626 2627 2629
3 2635 2637 2636
3 2635 2636 2634
3 2633 2638 2636
3 2638 2639 2634
3 2638 2634 2636
3 2632 2633 2637
3 2636 2637 2633
3 2631 2632 2637
3 2634 2639 2640
3 2630 2634 2640
3 2631 2635 2630
3 2634 2630 2635
3 2637 2635 2631
3 2644 2642 2641
3 2644 2641 2643
3 2647 2648 2649
3 2650 2647 2649
3 2646 2650 2645
3 2647 2650 2646
3 2651 2654 2652
3 2651 2652 2653
3 2660 2661 2659
3 2660 2655 2656
3 2663 2664 2660
3 2655 2660 2664
3 2659 2663 2660
3 2660 2656 2661
3 2658 2661 2657
3 2656 2657 2661
3 2662 2659 2658
3 2661 2658 2659
3 2663 2659 2662
3 2666 2667 2668
3 2666 2673 2665
3 2673 2666 2668
3 2672 2669 2670
3 2673 2669 2672
3 2671 2672 2670
3 2668 2669 2673
3 2675 2676 2677
3 2675 2681 2674
3 2679 2675 2677
3 2675 2679 2681
3 2679 2680 2681
3 2678 2679 2677
3 2748 2719 2751
3 2735 2684 2748
3 2751 2735 2748
3 2735 2751 2750
3 2735 2750 2683
3 2785 2783 2772
3 2785 2772 2784
3 2789 2785 2784
3 2762 2771 2789
3 2784 2762 2789
3 2784 2772 2788
3 2781 2762 2784
3 2788 2781 2784
3 2772 2761 2786
3 2772 2786 2788
3 2788 2786 2728
3 2788 2728 2787
3 2781 2788 2787
3 2781 2787 2740
3 2782 2781 2740
3 2782 2740 2767
3 2775 2773 2726
3 2775 2726 2774
3 2786 2761 2775
3 2774 2728 2786
3 2775 2774 2786
3 2741 2728 2774
3 2774 2726 2723
3 2723 2727 2741
3 2741 2774 2723
3 2767 2740 2768
3 2767 2768 2770
3 2770 2768 2743
3 2770 2743 2769
3 2764 2738 2770
3 2769 2724 2764
3 2770 2769 2764
3 2768 2740 2787
3 2787 2728 2741
3 2741 2743 2768
3 2768 2787 2741
3 2743 2741 2727
3 2743 2727 2742
3 2754 2724 2769
3 2769 2743 2742
3 2742 2717 2754
3 2754 2769 2742
3 2778 2776 2721
3 2778 2721 2777
3 2726 2778 2777
3 2726 2777 2723
3 2744 2723 2777
3 2777 2721 2720
3 2720 2722 2744
3 2744 2777 2720
3 2758 2717 2742
3 2742 2727 2746
3 2746 2729 2758
3 2758 2742 2746
3 2727 2723 2744
3 2727 2744 2746
3 2746 2744 2722
3 2746 2722 2745
3 2729 2746 2745
3 2729 2745 2715
3 2721 2780 2779
3 2721 2779 2720
3 2745 2722 2749
3 2732 2715 2745
3 2749 2732 2745
3 2722 2720 2747
3 2722 2747 2749
3 2749 2747 2719
3 2749 2719 2748
3 2732 2749 2748
3 2732 2748 2684
3 2736 2683 2682
3 2685 2686 2736
3 2682 2685 2736
3 2733 2684 2735
3 2737 2716 2733
3 2735 2737 2733
3 2737 2735 2683
3 2737 2683 2736
3 2737 2736 2686
3 2763 2738 2764
3 2763 2764 2766
3 2766 2764 2724
3 2766 2724 2765
3 2752 2766 2765
3 2752 2765 2739
3 2765 2724 2754
3 2756 2739 2765
3 2754 2756 2765
3 2756 2754 2717
3 2756 2717 2755
3 2753 2756 2755
3 2753 2755 2725
3 2755 2717 2758
3 2760 2725 2755
3 2758 2760 2755
3 2760 2758 2729
3 2760 2729 2759
3 2757 2760 2759
3 2757 2759 2731
3 2759 2729 2715
3 2730 2731 2759
3 2715 2730 2759
3 2730 2715 2732
3 2734 2718 2730
3 2732 2734 2730
3 2734 2732 2684
3 2734 2684 2733
3 2682 2750 2691
3 2751 2690 2750
3 2691 2750 2690
3 2693 2691 2692
3 2779 2688 2689
3 2689 2747 2779
3 2751 2719 2689
3 2689 2719 2747
3 2751 2689 2690
3 2780 2688 2779
3 2750 2682 2683
3 2693 2682 2691
3 2682 2693 2694
3 2738 2767 2770
3 2780 2721 2776
3 2779 2747 2720
3 2688 2780 2776
3 2773 2778 2726
3 2783 2773 2775
3 2687 2778 2773
3 2688 2776 2687
3 2783 2761 2772
3 2773 2783 2687
3 2775 2761 2783
3 2714 2687 2783
3 2778 2687 2776
3 2782 2762 2781
3 2767 2763 2782
3 2713 2762 2782
3 2714 2785 2789
3 2713 2714 2771
3 2789 2771 2714
3 2762 2713 2771
3 2783 2785 2714
3 2713 2782 2712
3 2763 2767 2738
3 2695 2685 2694
3 2686 2685 2704
3 2705 2686 2704
3 2737 2706 2707
3 2686 2706 2737
3 2706 2686 2705
3 2707 2708 2737
3 2696 2685 2695
3 2697 2701 2696
3 2697 2698 2699
3 2699 2700 2697
3 2704 2685 2703
3 2702 2696 2701
3 2700 2701 2697
3 2685 2702 2703
3 2702 2685 2696
3 2756 2753 2739
3 2757 2725 2760
3 2753 2711 2739
3 2752 2763 2766
3 2712 2752 2711
3 2739 2711 2752
3 2763 2752 2712
3 2782 2763 2712
3 2708 2709 2716
3 2734 2716 2709
3 2737 2708 2716
3 2716 2734 2733
3 2709 2718 2734
3 2753 2725 2757
3 2757 2731 2710
3 2710 2731 2730
3 2709 2710 2718
3 2757 2710 2711
3 2710 2730 2718
3 2753 2757 2711
3 2694 2685 2682
3 2813 2802 2814
3 2813 2814 2816
3 2816 2814 2803
3 2816 2803 2815
3 2812 2811 2790
3 2812 2790 2802
3 2813 2791 2809
3 2809 2800 2812
3 2812 2802 2813
3 2813 2809 2812
3 2799 2804 2806
3 2804 2791 2805
3 2804 2805 2806
3 2801 2808 2810
3 2801 2810 2807
3 2808 2800 2809
3 2808 2809 2810
3 2804 2799 2810
3 2809 2791 2804
3 2810 2809 2804
3 2807 2810 2799
3 2807 2799 2798
3 2829 2831 2832
3 2831 2829 2830
3 2832 2828 2829
3 2828 2832 2833
3 2834 2827 2833
3 2835 2827 2834
3 2825 2826 2827
3 2827 2794 2825
3 2815 2825 2794
3 2833 2827 2828
3 2790 2823 2824
3 2811 2823 2790
3 2821 2822 2811
3 2823 2811 2822
3 2811 2812 2821
3 2824 2802 2790
3 2825 2815 2803
3 2824 2803 2814
3 2816 2815 2795
3 2824 2814 2802
3 2824 2825 2803
3 2820 2821 2812
3 2835 2794 2827
3 2794 2795 2815
3 2806 2805 2795
3 2806 2795 2796
3 2791 2795 2805
3 2798 2796 2797
3 2816 2795 2813
3 2838 2836 2837
3 2794 2838 2793
3 2838 2792 2793
3 2836 2838 2794
3 2836 2794 2835
3 2817 2798 2797
3 2813 2795 2791
3 2800 2819 2820
3 2800 2820 2812
3 2806 2796 2799
3 2807 2798 2817
3 2818 2819 2801
3 2808 2801 2819
3 2807 2818 2801
3 2807 2817 2818
3 2800 2808 2819
3 2799 2796 2798
3 2848 2847 2846
3 2844 2846 2845
3 2844 2845 2843
3 2847 2850 2845
3 2850 2851 2843
3 2850 2843 2845
3 2849 2850 2847
3 2842 2849 2848
3 2847 2848 2849
3 2848 2841 2842
3 2844 2840 2841
3 2846 2841 2848
3 2845 2846 2847
3 2852 2843 2851
3 2839 2843 2852
3 2843 2840 2844
3 2840 2843 2839
3 2846 2844 2841
3 2856 2854 2853
3 2856 2853 2855
3 2858 2856 2855
3 2858 2855 2857
3 2862 2860 2861
3 2866 2867 2859
3 2859 2860 2866
3 2864 2862 2863
3 2865 2866 2864
3 2862 2864 2866
3 2860 2862 2866
