NOFF
2088 1704 0
301162.8 66079.31 80.24923 0 0 -1 
301166.5 66077.22 80.24923 0 0 -1 
301170.2 66075.12 80.24923 0 0 -1 
301174 66073.02 80.24923 0 0 -1 
301175.1 66073.32 80.24923 0 0 -1 
301170 66071.87 80.24923 0 0 -1 
301171 66073.58 80.24923 0 0 -1 
301171.7 66070.91 80.24923 0 0 -1 
301172.7 66072.63 80.24923 0 0 -1 
301173.4 66070.36 80.24923 0 0 -1 
301171.8 66067.39 80.24923 0 0 -1 
301170.7 66067.08 80.24923 0 0 -1 
301169.1 66070.16 80.24923 0 0 -1 
301170.8 66069.2 80.24923 0 0 -1 
301166.7 66069.31 80.24923 0 0 -1 
301162.7 66071.54 80.24923 0 0 -1 
301158.7 66073.77 80.24923 0 0 -1 
301158.4 66074.77 80.24923 0 0 -1 
301163.2 66075.67 80.24923 0 0 -1 
301161.5 66076.62 80.24923 0 0 -1 
301162.2 66073.96 80.24923 0 0 -1 
301160.6 66074.91 80.24923 0 0 -1 
301159.7 66076.99 80.24923 0 0 -1 
301160.9 66077.48 80.24923 0 0 -1 
301162.5 66080.47 80.24923 0 0 -1 
301164.2 66077.38 80.24923 0 0 -1 
301162.5 66078.34 80.24923 0 0 -1 
301168.3 66089.24 116.4467 0 0 -1 
301173.8 66086.14 116.4467 0 0 -1 
301179.4 66083.04 116.4467 0 0 -1 
301180.6 66083.34 116.4467 0 0 -1 
301174.4 66079.81 116.4467 0 0 -1 
301175.9 66082.54 116.4467 0 0 -1 
301176.1 66078.85 116.4467 0 0 -1 
301177.6 66081.58 116.4467 0 0 -1 
301177.8 66078.33 116.4467 0 0 -1 
301175.1 66073.32 116.4467 0 0 -1 
301174 66073.02 116.4467 0 0 -1 
301172.9 66077.09 116.4467 0 0 -1 
301174.6 66076.12 116.4467 0 0 -1 
301168.4 66076.16 116.4467 0 0 -1 
301162.8 66079.31 116.4467 0 0 -1 
301162.5 66080.47 116.4467 0 0 -1 
301167.5 66083.67 116.4467 0 0 -1 
301165.8 66084.63 116.4467 0 0 -1 
301166 66080.95 116.4467 0 0 -1 
301164.3 66081.91 116.4467 0 0 -1 
301164 66083.27 116.4467 0 0 -1 
301163.8 66084.58 116.4467 0 0 -1 
301166.7 66089.9 116.4467 0 0 -1 
301168 66090.37 116.4467 0 0 -1 
301169.1 66086.4 116.4467 0 0 -1 
301167.3 66087.36 116.4467 0 0 -1 
301247.1 66087.16 31.14182 0 0 -1 
301244.6 66082.75 31.14182 0 0 -1 
301241.4 66076.86 31.14182 0 0 -1 
301239.1 66072.77 31.14182 0 0 -1 
301237.8 66070.45 31.14182 0 0 -1 
301233 66073.11 31.14182 0 0 -1 
301228.2 66075.77 31.14182 0 0 -1 
301231.3 66081.34 31.14182 0 0 -1 
301234.3 66086.92 31.14182 0 0 -1 
301237.4 66092.49 31.14182 0 0 -1 
301242.2 66089.83 31.14182 0 0 -1 
301223.2 66095.25 80.52287 0 0 -1 
301224.2 66095.59 80.52287 0 0 -1 
301219.9 66089.14 80.52287 0 0 -1 
301218.2 66090.11 80.52287 0 0 -1 
301221.9 66092.56 80.52287 0 0 -1 
301220.2 66093.52 80.52287 0 0 -1 
301221 66093.05 80.52287 0 0 -1 
301221.1 66095.23 80.52287 0 0 -1 
301222.8 66094.27 80.52287 0 0 -1 
301222 66094.75 80.52287 0 0 -1 
301221.7 66088.17 80.52287 0 0 -1 
301223.6 66091.59 80.52287 0 0 -1 
301222.8 66092.08 80.52287 0 0 -1 
301224.6 66093.3 80.52287 0 0 -1 
301223.7 66093.79 80.52287 0 0 -1 
301226.3 66094.38 80.52287 0 0 -1 
301226.6 66093.14 80.52287 0 0 -1 
301223.3 66087.27 80.52287 0 0 -1 
301220 66081.39 80.52287 0 0 -1 
301218.6 66081.05 80.52287 0 0 -1 
301218 66085.72 80.52287 0 0 -1 
301219.8 66084.76 80.52287 0 0 -1 
301212.9 66084.27 80.52287 0 0 -1 
301213.9 66084.55 80.52287 0 0 -1 
301216.3 66086.69 80.52287 0 0 -1 
301217.1 66090.16 80.52287 0 0 -1 
301220.3 66095.78 80.52287 0 0 -1 
301219.9 66096.96 80.52287 0 0 -1 
301189.2 66095.02 140.1207 0 0 -1 
301194.1 66098.89 140.1207 0 0 -1 
301194.7 66095.85 140.1207 0 0 -1 
301195.3 66092.8 140.1207 0 0 -1 
301192.9 66092.11 140.1207 0 0 -1 
301190.4 66091.41 140.1207 0 0 -1 
301188.2 66090.78 140.1207 0 0 -1 
301185.9 66090.15 140.1207 0 0 -1 
301185.4 66090.33 140.1207 0 0 -1 
301186.4 66094.43 140.1207 0 0 -1 
301189.7 66092.98 140.1207 0 0 -1 
301186.9 66092.39 140.1207 0 0 -1 
301185.5 66092.1 140.1207 0 0 -1 
301187.1 66091.38 140.1207 0 0 -1 
301185.7 66091.08 140.1207 0 0 -1 
301184.4 66093.05 140.1207 0 0 -1 
301183.4 66095.77 140.1207 0 0 -1 
301184.1 66097.39 140.1207 0 0 -1 
301186.2 66098.03 140.1207 0 0 -1 
301188.4 66098.67 140.1207 0 0 -1 
301192.4 66099.87 140.1207 0 0 -1 
301188.4 66098.67 144.5059 0 0 -1 
301184.1 66097.39 144.5059 0 0 -1 
301183.4 66095.77 144.5059 0 0 -1 
301185.4 66090.33 144.5059 0 0 -1 
301185.9 66090.15 144.5059 0 0 -1 
301190.4 66091.41 144.5059 0 0 -1 
301190.5 66090.99 144.5059 0 0 -1 
301185.2 66089.48 144.5059 0 0 -1 
301182.8 66095.73 144.5059 0 0 -1 
301183.8 66097.84 144.5059 0 0 -1 
301188.3 66099.11 144.5059 0 0 -1 
301194.5 66099.25 144.5059 0 0 -1 
301195.2 66095.88 144.5059 0 0 -1 
301195.9 66092.52 144.5059 0 0 -1 
301190.5 66090.99 144.5059 0 0 -1 
301190.4 66091.41 144.5059 0 0 -1 
301195.3 66092.8 144.5059 0 0 -1 
301194.1 66098.89 144.5059 0 0 -1 
301192.4 66099.87 144.5059 0 0 -1 
301188.4 66098.67 144.5059 0 0 -1 
301188.3 66099.11 144.5059 0 0 -1 
301192.6 66100.34 144.5059 0 0 -1 
301216.7 66099.7 116.4986 0 0 -1 
301217.1 66098.45 116.4986 0 0 -1 
301212 66093.53 116.4986 0 0 -1 
301214.7 66092.01 116.4986 0 0 -1 
301214 66096.93 116.4986 0 0 -1 
301216.7 66095.41 116.4986 0 0 -1 
301219.9 66096.96 116.4986 0 0 -1 
301220.3 66095.78 116.4986 0 0 -1 
301217.1 66090.16 116.4986 0 0 -1 
301213.9 66084.55 116.4986 0 0 -1 
301212.9 66084.27 116.4986 0 0 -1 
301210.1 66090.14 116.4986 0 0 -1 
301212.8 66088.62 116.4986 0 0 -1 
301211.8 66086.91 116.4986 0 0 -1 
301214.1 66087.85 116.4986 0 0 -1 
301213.2 66086.16 116.4986 0 0 -1 
301203.1 66089.82 116.4986 0 0 -1 
301204.2 66090.14 116.4986 0 0 -1 
301209.3 66095.06 116.4986 0 0 -1 
301207.4 66091.66 116.4986 0 0 -1 
301206.1 66092.43 116.4986 0 0 -1 
301206.5 66089.97 116.4986 0 0 -1 
301205.1 66090.73 116.4986 0 0 -1 
301207.3 66095.69 116.4986 0 0 -1 
301210.4 66101.23 116.4986 0 0 -1 
301210.1 66102.44 116.4986 0 0 -1 
301211.3 66098.45 116.4986 0 0 -1 
301211.3 66102.62 116.4986 0 0 -1 
301193.8 66102.63 140.0806 0 0 -1 
301194.5 66099.25 140.0806 0 0 -1 
301192.6 66100.34 140.0806 0 0 -1 
301188.3 66099.11 140.0806 0 0 -1 
301183.8 66097.84 140.0806 0 0 -1 
301182.8 66095.73 140.0806 0 0 -1 
301181.5 66098.95 140.0806 0 0 -1 
301182.9 66100.96 140.0806 0 0 -1 
301192.1 66103.57 140.0806 0 0 -1 
301200.6 66092.68 133.1153 0 0 -1 
301202.9 66096.84 133.1153 0 0 -1 
301205.2 66100.99 133.1153 0 0 -1 
301196.4 66094.99 133.1153 0 0 -1 
301198.7 66099.16 133.1153 0 0 -1 
301201 66103.31 133.1153 0 0 -1 
301194.6 66101.47 133.1153 0 0 -1 
301196.9 66105.62 133.1153 0 0 -1 
301181.2 66087.15 133.1153 0 0 -1 
301183.5 66091.31 133.1153 0 0 -1 
301177 66089.47 133.1153 0 0 -1 
301179.3 66093.62 133.1153 0 0 -1 
301172.8 66091.78 133.1153 0 0 -1 
301175.2 66095.94 133.1153 0 0 -1 
301204 66106.73 133.1153 0 0 -1 
301204.3 66105.71 133.1153 0 0 -1 
301202.2 66105.39 133.1153 0 0 -1 
301206.3 66103.08 133.1153 0 0 -1 
301203.1 66102.16 133.1153 0 0 -1 
301204.3 66104.23 133.1153 0 0 -1 
301207.2 66104.08 133.1153 0 0 -1 
301210.1 66102.44 133.1153 0 0 -1 
301210.4 66101.23 133.1153 0 0 -1 
301207.2 66099.84 133.1153 0 0 -1 
301208.4 66101.91 133.1153 0 0 -1 
301208.8 66098.46 133.1153 0 0 -1 
301207.3 66095.69 133.1153 0 0 -1 
301205.8 66092.91 133.1153 0 0 -1 
301204.2 66090.14 133.1153 0 0 -1 
301203.1 66089.82 133.1153 0 0 -1 
301200.2 66091.39 133.1153 0 0 -1 
301197.4 66092.96 133.1153 0 0 -1 
301195.9 66092.52 133.1153 0 0 -1 
301195.2 66095.88 133.1153 0 0 -1 
301194.5 66099.25 133.1153 0 0 -1 
301193.8 66102.63 133.1153 0 0 -1 
301192.1 66103.57 133.1153 0 0 -1 
301189 66102.7 133.1153 0 0 -1 
301185.9 66101.83 133.1153 0 0 -1 
301182.9 66100.96 133.1153 0 0 -1 
301181.5 66098.95 133.1153 0 0 -1 
301182.8 66095.73 133.1153 0 0 -1 
301184 66092.61 133.1153 0 0 -1 
301185.2 66089.48 133.1153 0 0 -1 
301183.8 66089.09 133.1153 0 0 -1 
301182.3 66089.23 133.1153 0 0 -1 
301182.2 66086.22 133.1153 0 0 -1 
301180.6 66083.34 133.1153 0 0 -1 
301179.4 66083.04 133.1153 0 0 -1 
301176.6 66084.59 133.1153 0 0 -1 
301173.8 66086.14 133.1153 0 0 -1 
301171.1 66087.69 133.1153 0 0 -1 
301168.3 66089.24 133.1153 0 0 -1 
301168 66090.37 133.1153 0 0 -1 
301170.8 66092.94 133.1153 0 0 -1 
301171.7 66089.7 133.1153 0 0 -1 
301169.6 66090.86 133.1153 0 0 -1 
301169.6 66093.27 133.1153 0 0 -1 
301171.2 66096.18 133.1153 0 0 -1 
301170.9 66097.34 133.1153 0 0 -1 
301173.1 66097.1 133.1153 0 0 -1 
301174 66093.86 133.1153 0 0 -1 
301171.9 66095.02 133.1153 0 0 -1 
301172.5 66100.27 133.1153 0 0 -1 
301174.2 66103.22 133.1153 0 0 -1 
301175.8 66106.16 133.1153 0 0 -1 
301178.8 66107.05 133.1153 0 0 -1 
301181.7 66107.93 133.1153 0 0 -1 
301182.3 66109.16 133.1153 0 0 -1 
301185.2 66109.98 133.1153 0 0 -1 
301188.1 66110.8 133.1153 0 0 -1 
301189 66110.17 133.1153 0 0 -1 
301192 66110.98 133.1153 0 0 -1 
301194.9 66111.8 133.1153 0 0 -1 
301198 66110.11 133.1153 0 0 -1 
301201 66108.42 133.1153 0 0 -1 
301192.8 66107.95 133.1153 0 0 -1 
301179.8 66104.26 133.1153 0 0 -1 
301237.4 66092.49 28.11973 0 0 -1 
301234.3 66086.92 28.11973 0 0 -1 
301231.3 66081.34 28.11973 0 0 -1 
301228.2 66075.77 28.11973 0 0 -1 
301223.4 66078.41 28.11973 0 0 -1 
301218.6 66081.05 28.11973 0 0 -1 
301220 66081.39 28.11973 0 0 -1 
301224.5 66080.34 28.11973 0 0 -1 
301223.9 66079.27 28.11973 0 0 -1 
301221.9 66081.8 28.11973 0 0 -1 
301221.3 66080.73 28.11973 0 0 -1 
301223.3 66087.27 28.11973 0 0 -1 
301226.6 66093.14 28.11973 0 0 -1 
301226.3 66094.38 28.11973 0 0 -1 
301230.5 66091 28.11973 0 0 -1 
301229.3 66088.87 28.11973 0 0 -1 
301229.9 66089.94 28.11973 0 0 -1 
301226.7 66090.34 28.11973 0 0 -1 
301227.9 66092.47 28.11973 0 0 -1 
301227.3 66091.4 28.11973 0 0 -1 
301226.5 66096.06 28.11973 0 0 -1 
301231.7 66093.13 28.11973 0 0 -1 
301231.1 66092.07 28.11973 0 0 -1 
301225.9 66095 28.11973 0 0 -1 
301229.1 66094.6 28.11973 0 0 -1 
301228.5 66093.53 28.11973 0 0 -1 
301216.2 66101.91 28.11973 0 0 -1 
301221.3 66098.99 28.11973 0 0 -1 
301224.2 66095.59 28.11973 0 0 -1 
301223.2 66095.25 28.11973 0 0 -1 
301220.8 66097.92 28.11973 0 0 -1 
301223.9 66097.52 28.11973 0 0 -1 
301223.3 66096.46 28.11973 0 0 -1 
301219.9 66096.96 28.11973 0 0 -1 
301217.1 66098.45 28.11973 0 0 -1 
301216.7 66099.7 28.11973 0 0 -1 
301215.6 66100.85 28.11973 0 0 -1 
301218.8 66100.45 28.11973 0 0 -1 
301218.2 66099.39 28.11973 0 0 -1 
301205.8 66107.77 28.11973 0 0 -1 
301211 66104.84 28.11973 0 0 -1 
301211.3 66102.62 28.11973 0 0 -1 
301210.1 66102.44 28.11973 0 0 -1 
301210.4 66103.78 28.11973 0 0 -1 
301213.6 66103.38 28.11973 0 0 -1 
301213 66102.31 28.11973 0 0 -1 
301204.3 66105.71 28.11973 0 0 -1 
301204 66106.73 28.11973 0 0 -1 
301200.6 66110.7 28.11973 0 0 -1 
301205.2 66106.7 28.11973 0 0 -1 
301203.2 66109.23 28.11973 0 0 -1 
301202.6 66108.17 28.11973 0 0 -1 
301199.5 66109.27 28.11973 0 0 -1 
301194.9 66111.8 28.11973 0 0 -1 
301200.6 66113.32 28.11973 0 0 -1 
301208 66109.16 28.11973 0 0 -1 
301215.3 66104.98 28.11973 0 0 -1 
301222.7 66100.82 28.11973 0 0 -1 
301230.1 66096.66 28.11973 0 0 -1 
301198.1 66086.95 25.09325 0 0 -1 
301175.4 66068.88 25.09325 0 0 -1 
301184.2 66084.49 25.09325 0 0 -1 
301188 66113.27 25.09325 0 0 -1 
301184.8 66123.91 25.09325 0 0 -1 
301189.8 66121.11 25.09325 0 0 -1 
301194.9 66118.3 25.09325 0 0 -1 
301200 66115.5 25.09325 0 0 -1 
301205.8 66112.3 25.09325 0 0 -1 
301211.6 66109.09 25.09325 0 0 -1 
301217.4 66105.89 25.09325 0 0 -1 
301223.5 66102.5 25.09325 0 0 -1 
301229.7 66099.12 25.09325 0 0 -1 
301235.8 66095.73 25.09325 0 0 -1 
301241.9 66092.34 25.09325 0 0 -1 
301248.1 66088.95 25.09325 0 0 -1 
301247.1 66087.16 25.09325 0 0 -1 
301242.2 66089.83 25.09325 0 0 -1 
301237.4 66092.49 25.09325 0 0 -1 
301231.3 66095.96 25.09325 0 0 -1 
301225.2 66099.44 25.09325 0 0 -1 
301219 66102.91 25.09325 0 0 -1 
301212.9 66106.38 25.09325 0 0 -1 
301206.7 66109.84 25.09325 0 0 -1 
301200.6 66113.32 25.09325 0 0 -1 
301194.9 66111.8 25.09325 0 0 -1 
301189 66110.17 25.09325 0 0 -1 
301188.1 66110.8 25.09325 0 0 -1 
301183.3 66115.95 25.09325 0 0 -1 
301190.2 66117.18 25.09325 0 0 -1 
301182.3 66109.16 25.09325 0 0 -1 
301181.7 66107.93 25.09325 0 0 -1 
301175.8 66106.16 25.09325 0 0 -1 
301173.3 66101.75 25.09325 0 0 -1 
301170.9 66097.34 25.09325 0 0 -1 
301171.2 66096.18 25.09325 0 0 -1 
301168 66090.37 25.09325 0 0 -1 
301166.7 66089.9 25.09325 0 0 -1 
301163.8 66084.58 25.09325 0 0 -1 
301164 66083.27 25.09325 0 0 -1 
301162.5 66080.47 25.09325 0 0 -1 
301160.9 66077.48 25.09325 0 0 -1 
301159.7 66076.99 25.09325 0 0 -1 
301158.4 66074.77 25.09325 0 0 -1 
301158.7 66073.77 25.09325 0 0 -1 
301164.7 66070.42 25.09325 0 0 -1 
301170.7 66067.08 25.09325 0 0 -1 
301171.8 66067.39 25.09325 0 0 -1 
301173.2 66064.97 25.09325 0 0 -1 
301174.3 66066.92 25.09325 0 0 -1 
301180.2 66066.2 25.09325 0 0 -1 
301177.9 66062.29 25.09325 0 0 -1 
301175.1 66073.32 25.09325 0 0 -1 
301177.8 66078.33 25.09325 0 0 -1 
301180.6 66083.34 25.09325 0 0 -1 
301183.8 66089.09 25.09325 0 0 -1 
301185.2 66089.48 25.09325 0 0 -1 
301190.5 66090.99 25.09325 0 0 -1 
301195.9 66092.52 25.09325 0 0 -1 
301197.4 66092.96 25.09325 0 0 -1 
301186.5 66088.4 25.09325 0 0 -1 
301185.3 66086.45 25.09325 0 0 -1 
301193.4 66089.62 25.09325 0 0 -1 
301189 66081.82 25.09325 0 0 -1 
301191.2 66085.72 25.09325 0 0 -1 
301200.3 66090.86 25.09325 0 0 -1 
301194.5 66091.58 25.09325 0 0 -1 
301198 66092.2 25.09325 0 0 -1 
301199.2 66088.91 25.09325 0 0 -1 
301195.8 66088.29 25.09325 0 0 -1 
301196.9 66090.24 25.09325 0 0 -1 
301203.1 66089.82 25.09325 0 0 -1 
301208 66087.05 25.09325 0 0 -1 
301212.9 66084.27 25.09325 0 0 -1 
301218.6 66081.05 25.09325 0 0 -1 
301223.4 66078.41 25.09325 0 0 -1 
301228.2 66075.77 25.09325 0 0 -1 
301233 66073.11 25.09325 0 0 -1 
301237.8 66070.45 25.09325 0 0 -1 
301235.6 66066.47 25.09325 0 0 -1 
301233.4 66062.5 25.09325 0 0 -1 
301229.7 66064.59 25.09325 0 0 -1 
301225.9 66066.68 25.09325 0 0 -1 
301220.8 66069.51 25.09325 0 0 -1 
301215.1 66072.66 25.09325 0 0 -1 
301210.1 66075.41 25.09325 0 0 -1 
301205.1 66078.14 25.09325 0 0 -1 
301200.2 66080.88 25.09325 0 0 -1 
301193.7 66084.48 25.09325 0 0 -1 
301189.9 66077.7 25.09325 0 0 -1 
301186.2 66071.02 25.09325 0 0 -1 
301182.5 66064.34 25.09325 0 0 -1 
301178.8 66057.65 25.09325 0 0 -1 
301176.6 66058.9 25.09325 0 0 -1 
301170.8 66062.09 25.09325 0 0 -1 
301165.1 66065.27 25.09325 0 0 -1 
301159.3 66068.46 25.09325 0 0 -1 
301153.5 66071.65 25.09325 0 0 -1 
301157.1 66078.05 25.09325 0 0 -1 
301160.6 66084.46 25.09325 0 0 -1 
301164.1 66090.87 25.09325 0 0 -1 
301167.7 66097.27 25.09325 0 0 -1 
301171.5 66104.19 25.09325 0 0 -1 
301175.3 66111.1 25.09325 0 0 -1 
301179.1 66118.01 25.09325 0 0 -1 
301183 66124.92 25.09325 0 0 -1 
301185.5 66119.86 25.09325 0 0 -1 
301226.5 66070.89 25.09325 0 0 -1 
301207.6 66081.6 25.09325 0 0 -1 
301219.5 66055.07 63.85082 0.000977516 0.000977516 -0.999999 
301223.7 66053.28 63.33369 0 0 -1 
301220.1 66055.23 63.33369 0 0 -1 
301223.2 66060.73 63.33369 0 0 -1 
301230.1 66056.91 63.33369 0 0 -1 
301223.7 66053.28 68.12963 0 0 -1 
301223 66053.09 68.12963 0 0 -1 
301219.5 66055.07 68.12963 0 0 -1 
301220.1 66055.23 68.12963 0 0 -1 
301223.2 66060.73 68.12963 0 0 -1 
301222.4 66059.36 68.12963 0 0 -1 
301221.7 66057.98 68.12963 0 0 -1 
301220.9 66056.61 68.12963 0 0 -1 
301220.1 66055.23 68.12963 0 0 -1 
301219.5 66055.07 68.12963 0 0 -1 
301220.3 66056.7 68.12963 0 0 -1 
301221.2 66058.32 68.12963 0 0 -1 
301222.2 66059.95 68.12963 0 0 -1 
301223 66061.56 68.12963 0 0 -1 
301229.1 66057.46 68.12963 0 0 -1 
301227.1 66058.55 68.12963 0 0 -1 
301225.1 66059.64 68.12963 0 0 -1 
301223.2 66060.73 68.12963 0 0 -1 
301223 66061.56 68.12963 0 0 -1 
301225.1 66060.45 68.12963 0 0 -1 
301227.1 66059.32 68.12963 0 0 -1 
301229.2 66058.2 68.12963 0 0 -1 
301233.4 66062.5 21.70983 0 0 -1 
301231.6 66060.19 21.70983 0 0 -1 
301232.3 66061.49 21.70983 0 0 -1 
301235.2 66058.18 21.70983 0 0 -1 
301235.9 66059.48 21.70983 0 0 -1 
301236.3 66060.13 21.70983 0 0 -1 
301238.4 66059.62 21.70983 0 0 -1 
301236.5 66060.46 21.70983 0 0 -1 
301237.2 66059.63 21.70983 0 0 -1 
301237.4 66059.96 21.70983 0 0 -1 
301232.7 66062.14 21.70983 0 0 -1 
301234.1 66060.48 21.70983 0 0 -1 
301234.5 66061.14 21.70983 0 0 -1 
301227.9 66062.2 21.70983 0 0 -1 
301228.7 66063.5 21.70983 0 0 -1 
301230.2 66057.63 21.70983 0 0 -1 
301223 66061.56 21.70983 0 0 -1 
301224.3 66063.93 21.70983 0 0 -1 
301225.9 66066.68 21.70983 0 0 -1 
301240.7 66061.79 24.83632 0 0 -1 
301236.3 66060.89 24.83632 0 0 -1 
301233.4 66062.5 24.83632 0 0 -1 
301234.8 66065.01 24.83632 0 0 -1 
301237.8 66063.4 24.83632 0 0 -1 
301234.8 66065.01 45.42942 0 0 -1 
301237 66068.86 45.42942 0 0 -1 
301240.9 66066.67 45.42942 0 0 -1 
301219.8 66067.7 27.57685 0 0 -1 
301216.6 66061.97 27.57685 0 0 -1 
301212.5 66063.57 27.57685 0 0 -1 
301215.9 66069.83 27.57685 0 0 -1 
301240.4 66072.05 49.14347 0 0 -1 
301240.9 66066.67 49.14347 0 0 -1 
301237 66068.86 49.14347 0 0 -1 
301239.1 66072.77 49.14347 0 0 -1 
301215.9 66069.83 36.15538 0.000977516 -0.000977516 -0.999999 
301209.3 66073.48 36.15538 0.000977516 0.000977516 -0.999999 
301205.2 66073.11 28.76789 0 0 -1 
301206.3 66075.16 28.76789 0 0 -1 
301209.3 66073.48 28.76789 0 0 -1 
301204.7 66065.14 28.76789 0 0 -1 
301185.3 66054.05 28.76789 0.000977516 0.000977516 -0.999999 
301189.4 66061.4 28.76789 0.000977516 0.000977516 -0.999999 
301193.5 66068.75 28.76789 0 0 -1 
301198.1 66077.03 28.76789 0 0 -1 
301215.1 66072.66 23.04808 0 0 -1 
301220.8 66069.51 23.04808 0 0 -1 
301219.9 66067.95 23.04808 0 0 -1 
301219.8 66067.7 23.04808 0 0 -1 
301215.2 66071.35 23.04808 0 0 -1 
301214.9 66070.86 23.04808 0 0 -1 
301217.8 66069.9 23.04808 0 0 -1 
301217.6 66069.41 23.04808 0 0 -1 
301217.4 66069.16 23.04808 0 0 -1 
301218.9 66068.68 23.04808 0 0 -1 
301218.7 66068.44 23.04808 0 0 -1 
301219.4 66068.07 23.04808 0 0 -1 
301218.8 66068.56 23.04808 0 0 -1 
301219.5 66068.32 23.04808 0 0 -1 
301219.4 66068.2 23.04808 0 0 -1 
301217.7 66069.66 23.04808 0 0 -1 
301219.1 66069.17 23.04808 0 0 -1 
301219 66068.93 23.04808 0 0 -1 
301215.5 66071.84 23.04808 0 0 -1 
301218.1 66070.39 23.04808 0 0 -1 
301215.9 66069.83 23.04808 0 0 -1 
301209.3 66073.48 23.04808 0 0 -1 
301206.3 66075.16 23.04808 0 0 -1 
301205.2 66073.11 23.04808 0 0 -1 
301198.1 66077.03 23.04808 0 0 -1 
301200.2 66080.88 23.04808 0 0 -1 
301248.8 66083.39 45.45979 0 0 -1 
301246.5 66079.27 45.45979 0 0 -1 
301244.2 66075.14 45.45979 0 0 -1 
301242.6 66070.84 45.45979 0 0 -1 
301240.4 66072.05 45.45979 0 0 -1 
301241.6 66074.09 45.45979 0 0 -1 
301242.7 66076.14 45.45979 0 0 -1 
301244.3 66079.09 45.45979 0 0 -1 
301245.9 66082.03 45.45979 0 0 -1 
301244.6 66082.75 45.45979 0 0 -1 
301245.8 66084.82 45.45979 0 0 -1 
301246.9 66086.88 45.45979 0 0 -1 
301248.1 66088.95 45.45979 0 0 -1 
301250.9 66087.38 45.45979 0 0 -1 
301223.3 66062.07 35.10382 0.000977516 0.000977516 -0.999999 
301220 66063.91 35.10382 0.000977516 0.000977516 -0.999999 
301225.9 66066.68 23.3977 0 0 -1 
301224.3 66063.93 23.3977 0 0 -1 
301223.3 66062.07 23.3977 0 0 -1 
301220 66063.91 23.3977 0 0 -1 
301217 66062.71 23.3977 0 0 -1 
301219.9 66067.95 23.3977 0 0 -1 
301220.8 66069.51 23.3977 0 0 -1 
301200.2 66080.88 24.75281 0.000977516 0.000977516 -0.999999 
301193.5 66068.75 24.75281 0.000977516 0.000977516 -0.999999 
301185.3 66054.05 24.75281 0.000977516 0.000977516 -0.999999 
301178.8 66057.65 24.75281 0.000977516 0.000977516 -0.999999 
301189.9 66077.7 24.75281 0.000977516 0.000977516 -0.999999 
301193.7 66084.48 24.75281 0.000977516 0.000977516 -0.999999 
301251.7 66082.23 18.34776 0 0 -1 
301248.8 66083.85 18.34776 0 0 -1 
301249.6 66078.38 18.34776 0 0 -1 
301246.7 66080 18.34776 0 0 -1 
301247.5 66074.53 18.34776 0 0 -1 
301244.5 66076.14 18.34776 0 0 -1 
301245.3 66070.67 18.34776 0 0 -1 
301242.4 66072.29 18.34776 0 0 -1 
301243.2 66066.82 18.34776 0 0 -1 
301240.3 66068.44 18.34776 0 0 -1 
301241.1 66062.97 18.34776 0 0 -1 
301238.2 66064.59 18.34776 0 0 -1 
301240.7 66061.79 18.34776 0 0 -1 
301240 66061.04 18.34776 0 0 -1 
301242.1 66064.89 18.34776 0 0 -1 
301244.7 66066.02 18.34776 0 0 -1 
301243.6 66064.09 18.34776 0 0 -1 
301240.5 66062.01 18.34776 0 0 -1 
301241.8 66062.56 18.34776 0 0 -1 
301237.1 66062.66 18.34776 0 0 -1 
301239.6 66063.77 18.34776 0 0 -1 
301238.5 66061.85 18.34776 0 0 -1 
301237.3 66060.36 18.34776 0 0 -1 
301235.4 66061.43 18.34776 0 0 -1 
301233.4 66062.5 18.34776 0 0 -1 
301234.8 66065.01 18.34776 0 0 -1 
301235.9 66066.94 18.34776 0 0 -1 
301237 66068.86 18.34776 0 0 -1 
301238 66070.82 18.34776 0 0 -1 
301239.1 66072.77 18.34776 0 0 -1 
301240.4 66072.05 18.34776 0 0 -1 
301241.6 66074.09 18.34776 0 0 -1 
301242.7 66076.14 18.34776 0 0 -1 
301243.8 66078.1 18.34776 0 0 -1 
301244.9 66080.06 18.34776 0 0 -1 
301245.9 66082.03 18.34776 0 0 -1 
301244.6 66082.75 18.34776 0 0 -1 
301245.8 66084.82 18.34776 0 0 -1 
301246.9 66086.88 18.34776 0 0 -1 
301248.1 66088.95 18.34776 0 0 -1 
301250.9 66087.38 18.34776 0 0 -1 
301253.7 66085.81 18.34776 0 0 -1 
301191.7 66103.05 15.83541 0 0 -1 
301176.7 66075.89 15.83541 0 0 -1 
301224.9 66084.71 15.83541 0 0 -1 
301248.1 66088.95 15.83541 0 0 -1 
301247.1 66087.16 15.83541 0 0 -1 
301244.6 66082.75 15.83541 0 0 -1 
301241.4 66076.86 15.83541 0 0 -1 
301239.1 66072.77 15.83541 0 0 -1 
301237.8 66070.45 15.83541 0 0 -1 
301233.4 66062.5 15.83541 0 0 -1 
301233.2 66080.12 15.83541 0 0 -1 
301228.7 66091.5 15.83541 0 0 -1 
301236.9 66086.91 15.83541 0 0 -1 
301241.1 66084.62 15.83541 0 0 -1 
301238.8 66090.31 15.83541 0 0 -1 
301243 66088.02 15.83541 0 0 -1 
301221.1 66077.91 15.83541 0 0 -1 
301229.4 66073.33 15.83541 0 0 -1 
301233.6 66071.04 15.83541 0 0 -1 
301231.3 66076.73 15.83541 0 0 -1 
301237.3 66077.83 15.83541 0 0 -1 
301235.5 66074.43 15.83541 0 0 -1 
301225.9 66066.68 15.83541 0 0 -1 
301220.8 66069.51 15.83541 0 0 -1 
301215.1 66072.66 15.83541 0 0 -1 
301207.6 66076.77 15.83541 0 0 -1 
301200.2 66080.88 15.83541 0 0 -1 
301193.7 66084.48 15.83541 0 0 -1 
301189.9 66077.7 15.83541 0 0 -1 
301184.4 66067.68 15.83541 0 0 -1 
301178.8 66057.65 15.83541 0 0 -1 
301176.6 66058.9 15.83541 0 0 -1 
301165.1 66065.27 15.83541 0 0 -1 
301153.5 66071.65 15.83541 0 0 -1 
301172.9 66069.09 15.83541 0 0 -1 
301181.2 66064.51 15.83541 0 0 -1 
301179.3 66061.12 15.83541 0 0 -1 
301171.1 66065.7 15.83541 0 0 -1 
301177.1 66066.8 15.83541 0 0 -1 
301175.2 66063.41 15.83541 0 0 -1 
301168.4 66080.48 15.83541 0 0 -1 
301164.6 66073.68 15.83541 0 0 -1 
301158.2 66080.2 15.83541 0 0 -1 
301163 66088.73 15.83541 0 0 -1 
301167.7 66097.27 15.83541 0 0 -1 
301172.8 66106.49 15.83541 0 0 -1 
301177.9 66115.7 15.83541 0 0 -1 
301183 66124.92 15.83541 0 0 -1 
301184.8 66123.91 15.83541 0 0 -1 
301192.4 66119.71 15.83541 0 0 -1 
301200 66115.5 15.83541 0 0 -1 
301208.7 66110.7 15.83541 0 0 -1 
301217.4 66105.89 15.83541 0 0 -1 
301227.6 66100.24 15.83541 0 0 -1 
301237.8 66094.59 15.83541 0 0 -1 
301195.4 66109.85 15.83541 0 0 -1 
301183.4 66107.64 15.83541 0 0 -1 
301187.2 66114.44 15.83541 0 0 -1 
301189 66117.83 15.83541 0 0 -1 
301183 66116.73 15.83541 0 0 -1 
301184.9 66120.12 15.83541 0 0 -1 
301220.8 66069.51 15.83541 0 0 -1 
301219.9 66067.95 15.83541 0 0 -1 
301219.8 66067.7 15.83541 0 0 -1 
301206.8 66068.62 15.83541 0 0 -1 
301212.1 66065.72 15.83541 0 0 -1 
301214.7 66064.27 15.83541 0 0 -1 
301214 66069.14 15.83541 0 0 -1 
301216.6 66067.7 15.83541 0 0 -1 
301217.9 66066.97 15.83541 0 0 -1 
301217.6 66069.4 15.83541 0 0 -1 
301218.9 66068.68 15.83541 0 0 -1 
301218.6 66066.6 15.83541 0 0 -1 
301218.4 66067.82 15.83541 0 0 -1 
301219.5 66068.31 15.83541 0 0 -1 
301219 66067.46 15.83541 0 0 -1 
301216 66063.55 15.83541 0 0 -1 
301215.7 66065.98 15.83541 0 0 -1 
301217 66065.26 15.83541 0 0 -1 
301219.4 66067.28 15.83541 0 0 -1 
301219.3 66067.88 15.83541 0 0 -1 
301219.8 66068.13 15.83541 0 0 -1 
301219.6 66067.7 15.83541 0 0 -1 
301219.3 66069.53 15.83541 0 0 -1 
301220 66069.17 15.83541 0 0 -1 
301185.3 66054.05 15.83541 0.000977516 0.000977516 -0.999999 
301189.4 66061.4 15.83541 0.000977516 0.000977516 -0.999999 
301193.5 66068.75 15.83541 0 0 -1 
301198.1 66077.03 15.83541 0 0 -1 
301200.2 66080.88 15.83541 0 0 -1 
301201.6 66071.52 15.83541 0 0 -1 
301207.6 66076.77 15.83541 0 0 -1 
301215.1 66072.66 15.83541 0 0 -1 
301200.2 66080.88 15.83541 0.000977516 0.000977516 -0.999999 
301193.5 66068.75 15.83541 0.000977516 0.000977516 -0.999999 
301185.3 66054.05 15.83541 0.000977516 0.000977516 -0.999999 
301178.8 66057.65 15.83541 0.000977516 0.000977516 -0.999999 
301189.9 66077.7 15.83541 0.000977516 0.000977516 -0.999999 
301193.7 66084.48 15.83541 0.000977516 0.000977516 -0.999999 
301233.4 66062.5 16.24216 0.000977516 0.000977516 -0.999999 
301234.9 66057.59 16.24216 0.000977516 -0.000977516 -0.999999 
301235.8 66057.09 16.24216 0.000977516 -0.000977516 -0.999999 
301223 66061.56 16.24216 0 0 -1 
301224.3 66063.93 16.24216 0 0 -1 
301225.9 66066.68 16.24216 0 0 -1 
301223.9 66059.19 16.24216 0 0 -1 
301225.9 66066.68 16.24216 0 0 -1 
301224.3 66063.93 16.24216 0 0 -1 
301223.3 66062.07 16.24216 0 0 -1 
301219.7 66061.52 16.24216 0 0 -1 
301217 66062.71 16.24216 0 0 -1 
301219.9 66067.95 16.24216 0 0 -1 
301220.8 66069.51 16.24216 0 0 -1 
301218.4 66062.24 16.24216 0 0 -1 
301221.6 66064.95 16.24216 0 0 -1 
301220.3 66065.66 16.24216 0 0 -1 
301247.1 66087.16 15.83541 0.871984 -0.489535 0 
301247.1 66087.16 20.46433 0.871984 -0.489535 0 
301247.1 66087.16 25.09325 0.871984 -0.489535 0 
301247.6 66088.05 15.83541 0.871984 -0.489535 0 
301247.6 66088.05 20.46433 0.871984 -0.489535 0 
301247.6 66088.05 25.09325 0.871984 -0.489535 0 
301248.1 66088.95 15.83541 0.871984 -0.489535 0 
301248.1 66088.95 20.46433 0.871984 -0.489535 0 
301248.1 66088.95 25.09325 0.871984 -0.489535 0 
301244.6 66082.75 15.83541 0.875397 -0.483405 0 
301244.6 66082.75 31.14182 0.875397 -0.483405 0 
301247.1 66087.16 15.83541 0.875397 -0.483405 0 
301247.1 66087.16 31.14182 0.875397 -0.483405 0 
301244.6 66082.75 18.34776 0.874676 -0.484707 0 
301244.6 66082.75 31.90378 0.874676 -0.484707 0 
301244.6 66082.75 45.45979 0.874676 -0.484707 0 
301246.3 66085.85 18.34776 0.874417 -0.485175 0 
301246.3 66085.85 31.90378 0.874417 -0.485175 0 
301246.3 66085.85 45.45979 0.874417 -0.485175 0 
301248.1 66088.95 18.34776 0.874157 -0.485643 0 
301248.1 66088.95 31.90378 0.874157 -0.485643 0 
301248.1 66088.95 45.45979 0.874157 -0.485643 0 
301241.4 66076.86 15.83541 0.875578 -0.483077 0 
301241.4 66076.86 31.14182 0.875578 -0.483077 0 
301244.6 66082.75 15.83541 0.875578 -0.483077 0 
301244.6 66082.75 31.14182 0.875578 -0.483077 0 
301239.1 66072.77 15.83541 0.875968 -0.482369 0 
301239.1 66072.77 31.14182 0.875968 -0.482369 0 
301241.4 66076.86 15.83541 0.875968 -0.482369 0 
301241.4 66076.86 31.14182 0.875968 -0.482369 0 
301237.8 66070.45 15.83541 0.876092 -0.482144 0 
301237.8 66070.45 31.14182 0.876092 -0.482144 0 
301239.1 66072.77 15.83541 0.876092 -0.482144 0 
301239.1 66072.77 31.14182 0.876092 -0.482144 0 
301233.4 66062.5 15.83541 0.874522 -0.484986 0 
301233.4 66062.5 25.09325 0.874522 -0.484986 0 
301237.8 66070.45 15.83541 0.874522 -0.484986 0 
301237.8 66070.45 25.09325 0.874522 -0.484986 0 
301233.4 66062.5 18.34776 0.87685 -0.480765 0 
301233.4 66062.5 24.83632 0.87685 -0.480765 0 
301234.8 66065.01 18.34776 0.87685 -0.480765 0 
301234.8 66065.01 24.83632 0.87685 -0.480765 0 
301234.8 66065.01 18.34776 0.872566 -0.488496 0 
301234.8 66065.01 31.88859 0.872566 -0.488496 0 
301234.8 66065.01 45.42942 0.872566 -0.488496 0 
301237 66068.86 18.34776 0.872566 -0.488496 0 
301237 66068.86 31.88859 0.872566 -0.488496 0 
301237 66068.86 45.42942 0.872566 -0.488496 0 
301237 66068.86 18.34776 0.875884 -0.482523 0 
301237 66068.86 33.74562 0.875883 -0.482523 0 
301237 66068.86 49.14347 0.875883 -0.482523 0 
301239.1 66072.77 18.34776 0.875883 -0.482523 0 
301239.1 66072.77 33.74562 0.875884 -0.482523 0 
301239.1 66072.77 49.14347 0.875883 -0.482523 0 
301225.9 66066.68 15.83541 -0.48303 -0.875604 0 
301225.9 66066.68 25.09325 -0.48303 -0.875604 0 
301229.7 66064.59 15.83541 -0.483722 -0.875222 0 
301229.7 66064.59 25.09325 -0.483722 -0.875222 0 
301233.4 66062.5 15.83541 -0.484415 -0.874838 0 
301233.4 66062.5 25.09325 -0.484415 -0.874838 0 
301225.9 66066.68 16.24216 -0.48303 -0.875604 0 
301225.9 66066.68 21.70983 -0.48303 -0.875604 0 
301229.7 66064.59 16.24216 -0.483722 -0.875222 0 
301229.7 66064.59 21.70983 -0.483722 -0.875222 0 
301233.4 66062.5 16.24216 -0.484415 -0.874839 0 
301233.4 66062.5 21.70983 -0.484415 -0.874839 0 
301220.8 66069.51 15.83541 -0.483148 -0.875539 0 
301220.8 66069.51 25.09325 -0.483148 -0.875539 0 
301225.9 66066.68 15.83541 -0.483148 -0.875539 0 
301225.9 66066.68 25.09325 -0.483148 -0.875539 0 
301220.8 66069.51 16.24216 -0.483148 -0.875539 0 
301220.8 66069.51 23.3977 -0.483148 -0.875539 0 
301225.9 66066.68 16.24216 -0.483148 -0.875539 0 
301225.9 66066.68 23.3977 -0.483148 -0.875539 0 
301215.1 66072.66 15.83541 -0.485235 -0.874384 0 
301215.1 66072.66 25.09325 -0.485235 -0.874384 0 
301220.8 66069.51 15.83541 -0.485235 -0.874384 0 
301220.8 66069.51 25.09325 -0.485235 -0.874384 0 
301215.1 66072.66 15.83541 -0.485235 -0.874384 0 
301215.1 66072.66 23.04808 -0.485235 -0.874384 0 
301220.8 66069.51 15.83541 -0.485235 -0.874384 0 
301220.8 66069.51 23.04808 -0.485235 -0.874384 0 
301200.2 66080.88 15.83541 -0.483612 -0.875283 0 
301200.2 66080.88 25.09325 -0.483612 -0.875282 0 
301215.1 66072.66 15.83541 -0.483612 -0.875282 0 
301215.1 66072.66 25.09325 -0.483612 -0.875283 0 
301200.2 66080.88 15.83541 -0.483612 -0.875283 0 
301200.2 66080.88 23.04808 -0.483612 -0.875282 0 
301215.1 66072.66 15.83541 -0.483612 -0.875282 0 
301215.1 66072.66 23.04808 -0.483612 -0.875283 0 
301193.7 66084.48 15.83541 -0.483856 -0.875148 0 
301193.7 66084.48 25.09325 -0.483856 -0.875148 0 
301200.2 66080.88 15.83541 -0.483856 -0.875148 0 
301200.2 66080.88 25.09325 -0.483856 -0.875148 0 
301193.7 66084.48 15.83541 -0.483856 -0.875148 0 
301193.7 66084.48 24.75281 -0.483856 -0.875148 0 
301200.2 66080.88 15.83541 -0.483856 -0.875148 0 
301200.2 66080.88 24.75281 -0.483856 -0.875148 0 
301189.9 66077.7 15.83541 0.87487 -0.484357 0 
301189.9 66077.7 25.09325 0.87487 -0.484357 0 
301193.7 66084.48 15.83541 0.87487 -0.484357 0 
301193.7 66084.48 25.09325 0.87487 -0.484357 0 
301189.9 66077.7 15.83541 0.87487 -0.484357 0 
301189.9 66077.7 24.75281 0.87487 -0.484357 0 
301193.7 66084.48 15.83541 0.87487 -0.484357 0 
301193.7 66084.48 24.75281 0.87487 -0.484357 0 
301178.8 66057.65 15.83541 0.87504 -0.48405 0 
301178.8 66057.65 25.09325 0.87504 -0.48405 0 
301189.9 66077.7 15.83541 0.87504 -0.48405 0 
301189.9 66077.7 25.09325 0.87504 -0.48405 0 
301178.8 66057.65 15.83541 0.87504 -0.48405 0 
301178.8 66057.65 24.75281 0.87504 -0.48405 0 
301189.9 66077.7 15.83541 0.87504 -0.48405 0 
301189.9 66077.7 24.75281 0.87504 -0.48405 0 
301176.6 66058.9 15.83541 -0.485643 -0.874157 0 
301176.6 66058.9 25.09325 -0.485643 -0.874157 0 
301178.8 66057.65 15.83541 -0.485643 -0.874157 0 
301178.8 66057.65 25.09325 -0.485643 -0.874157 0 
301153.5 66071.65 15.83541 -0.48383 -0.875162 0 
301153.5 66071.65 25.09325 -0.48383 -0.875162 0 
301176.6 66058.9 15.83541 -0.48383 -0.875162 0 
301176.6 66058.9 25.09325 -0.48383 -0.875162 0 
301153.5 66071.65 25.09325 -0.875313 0.483557 0 
301153.5 66071.65 15.83541 -0.875313 0.483557 0 
301167.7 66097.27 25.09325 -0.875313 0.483557 0 
301167.7 66097.27 15.83541 -0.875313 0.483557 0 
301167.7 66097.27 25.09325 -0.875217 0.483731 0 
301167.7 66097.27 15.83541 -0.875217 0.483731 0 
301183 66124.92 25.09325 -0.875217 0.483731 0 
301183 66124.92 15.83541 -0.875217 0.483731 0 
301183 66124.92 25.09325 0.485963 0.87398 0 
301183 66124.92 15.83541 0.485963 0.87398 0 
301184.8 66123.91 25.09325 0.485963 0.87398 0 
301184.8 66123.91 15.83541 0.485963 0.87398 0 
301184.8 66123.91 25.09325 0.483849 0.875151 0 
301184.8 66123.91 15.83541 0.483849 0.875151 0 
301200 66115.5 25.09325 0.483849 0.875151 0 
301200 66115.5 15.83541 0.483849 0.875151 0 
301200 66115.5 25.09325 0.483306 0.875452 0 
301200 66115.5 15.83541 0.483306 0.875452 0 
301217.4 66105.89 25.09325 0.483306 0.875452 0 
301217.4 66105.89 15.83541 0.483306 0.875452 0 
301217.4 66105.89 25.09325 0.483767 0.875197 0 
301217.4 66105.89 15.83541 0.483767 0.875197 0 
301248.1 66088.95 25.09325 0.483767 0.875197 0 
301248.1 66088.95 15.83541 0.483767 0.875197 0 
301162.8 66079.31 80.24923 -0.489454 -0.872029 0 
301162.8 66079.31 116.4467 -0.489454 -0.872029 0 
301174 66073.02 80.24923 -0.489454 -0.872029 0 
301174 66073.02 116.4467 -0.489454 -0.872029 0 
301174 66073.02 80.24923 0.268354 -0.96332 0 
301174 66073.02 86.28214 0.268354 -0.96332 0 
301174 66073.02 92.31505 0.268354 -0.96332 0 
301174 66073.02 98.34795 0.268354 -0.96332 0 
301174 66073.02 104.3809 0.268354 -0.96332 0 
301174 66073.02 110.4138 0.268354 -0.96332 0 
301174 66073.02 116.4467 0.268354 -0.96332 0 
301175.1 66073.32 80.24923 0.268354 -0.96332 0 
301175.1 66073.32 86.28214 0.268354 -0.96332 0 
301175.1 66073.32 92.31505 0.268354 -0.96332 0 
301175.1 66073.32 98.34795 0.268354 -0.96332 0 
301175.1 66073.32 104.3809 0.268354 -0.96332 0 
301175.1 66073.32 110.4138 0.268354 -0.96332 0 
301175.1 66073.32 116.4467 0.268354 -0.96332 0 
301162.8 66079.31 116.4467 -0.965363 -0.260909 0 
301162.8 66079.31 113.156 -0.965363 -0.260909 0 
301162.8 66079.31 109.8653 -0.965363 -0.260909 0 
301162.8 66079.31 106.5746 -0.965363 -0.260909 0 
301162.8 66079.31 103.284 -0.965363 -0.260909 0 
301162.8 66079.31 99.99329 -0.965363 -0.260909 0 
301162.8 66079.31 96.70261 -0.965363 -0.260909 0 
301162.8 66079.31 93.41193 -0.965363 -0.260909 0 
301162.8 66079.31 90.12126 -0.965363 -0.260909 0 
301162.8 66079.31 86.83058 -0.965363 -0.260909 0 
301162.8 66079.31 83.53991 -0.965363 -0.260909 0 
301162.8 66079.31 80.24923 -0.965363 -0.260909 0 
301162.6 66079.89 116.4467 -0.971705 -0.236198 0 
301162.6 66079.89 113.156 -0.971705 -0.236198 0 
301162.6 66079.89 109.8653 -0.971705 -0.236198 0 
301162.6 66079.89 106.5746 -0.971705 -0.236198 0 
301162.6 66079.89 103.284 -0.971705 -0.236198 0 
301162.6 66079.89 99.99329 -0.971705 -0.236198 0 
301162.6 66079.89 96.70261 -0.971705 -0.236198 0 
301162.6 66079.89 93.41193 -0.971705 -0.236198 0 
301162.6 66079.89 90.12126 -0.971705 -0.236198 0 
301162.6 66079.89 86.83058 -0.971705 -0.236198 0 
301162.6 66079.89 83.53991 -0.971705 -0.236198 0 
301162.6 66079.89 80.24923 -0.971705 -0.236198 0 
301162.5 66080.47 116.4467 -0.977414 -0.211333 0 
301162.5 66080.47 113.156 -0.977414 -0.211333 0 
301162.5 66080.47 109.8653 -0.977414 -0.211333 0 
301162.5 66080.47 106.5746 -0.977414 -0.211333 0 
301162.5 66080.47 103.284 -0.977414 -0.211333 0 
301162.5 66080.47 99.99329 -0.977414 -0.211333 0 
301162.5 66080.47 96.70261 -0.977414 -0.211333 0 
301162.5 66080.47 93.41193 -0.977414 -0.211333 0 
301162.5 66080.47 90.12126 -0.977414 -0.211333 0 
301162.5 66080.47 86.83058 -0.977414 -0.211333 0 
301162.5 66080.47 83.53991 -0.977414 -0.211333 0 
301162.5 66080.47 80.24923 -0.977414 -0.211333 0 
301168.3 66089.24 116.4467 -0.489091 -0.872233 0 
301168.3 66089.24 133.1153 -0.489091 -0.872233 0 
301173.8 66086.14 116.4467 -0.488044 -0.872819 0 
301173.8 66086.14 133.1153 -0.488044 -0.872819 0 
301179.4 66083.04 116.4467 -0.486996 -0.873404 0 
301179.4 66083.04 133.1153 -0.486996 -0.873404 0 
301179.4 66083.04 116.4467 0.236669 -0.97159 0 
301179.4 66083.04 122.0029 0.236669 -0.97159 0 
301179.4 66083.04 127.5591 0.236669 -0.97159 0 
301179.4 66083.04 133.1153 0.236669 -0.97159 0 
301180.6 66083.34 116.4467 0.236669 -0.97159 0 
301180.6 66083.34 122.0029 0.236669 -0.97159 0 
301180.6 66083.34 127.5591 0.236669 -0.97159 0 
301180.6 66083.34 133.1153 0.236669 -0.97159 0 
301168.3 66089.24 133.1153 -0.963518 -0.267644 0 
301168.3 66089.24 129.7816 -0.963518 -0.267644 0 
301168.3 66089.24 126.4479 -0.963518 -0.267644 0 
301168.3 66089.24 123.1141 -0.963518 -0.267644 0 
301168.3 66089.24 119.7804 -0.963518 -0.267644 0 
301168.3 66089.24 116.4467 -0.963518 -0.267644 0 
301168.2 66089.8 133.1153 -0.963518 -0.267644 0 
301168.2 66089.8 129.7816 -0.963518 -0.267644 0 
301168.2 66089.8 126.4479 -0.963518 -0.267644 0 
301168.2 66089.8 123.1141 -0.963518 -0.267644 0 
301168.2 66089.8 119.7804 -0.963518 -0.267644 0 
301168.2 66089.8 116.4467 -0.963518 -0.267644 0 
301168 66090.37 133.1153 -0.963518 -0.267644 0 
301168 66090.37 129.7816 -0.963518 -0.267644 0 
301168 66090.37 126.4479 -0.963518 -0.267644 0 
301168 66090.37 123.1141 -0.963518 -0.267644 0 
301168 66090.37 119.7804 -0.963518 -0.267644 0 
301168 66090.37 116.4467 -0.963518 -0.267644 0 
301212.9 66084.27 80.52287 0.287348 -0.957826 0 
301212.9 66084.27 86.51881 0.287348 -0.957826 0 
301212.9 66084.27 92.51476 0.287348 -0.957826 0 
301212.9 66084.27 98.51071 0.287348 -0.957826 0 
301212.9 66084.27 104.5067 0.287348 -0.957826 0 
301212.9 66084.27 110.5026 0.287348 -0.957826 0 
301212.9 66084.27 116.4986 0.287348 -0.957826 0 
301213.9 66084.55 80.52287 0.287348 -0.957826 0 
301213.9 66084.55 86.51881 0.287348 -0.957826 0 
301213.9 66084.55 92.51476 0.287348 -0.957826 0 
301213.9 66084.55 98.51071 0.287348 -0.957826 0 
301213.9 66084.55 104.5067 0.287348 -0.957826 0 
301213.9 66084.55 110.5026 0.287348 -0.957826 0 
301213.9 66084.55 116.4986 0.287348 -0.957826 0 
301213.9 66084.55 80.52287 0.868689 -0.495358 0 
301213.9 66084.55 116.4986 0.868689 -0.495358 0 
301220.3 66095.78 80.52287 0.868689 -0.495358 0 
301220.3 66095.78 116.4986 0.868689 -0.495358 0 
301220.3 66095.78 80.52287 0.960071 0.279756 0 
301220.3 66095.78 87.718 0.960071 0.279756 0 
301220.3 66095.78 94.91315 0.960071 0.279756 0 
301220.3 66095.78 102.1083 0.960071 0.279756 0 
301220.3 66095.78 109.3034 0.960071 0.279756 0 
301220.3 66095.78 116.4986 0.960071 0.279756 0 
301219.9 66096.96 80.52287 0.960071 0.279756 0 
301219.9 66096.96 87.718 0.960071 0.279756 0 
301219.9 66096.96 94.91315 0.960071 0.279756 0 
301219.9 66096.96 102.1083 0.960071 0.279756 0 
301219.9 66096.96 109.3034 0.960071 0.279756 0 
301219.9 66096.96 116.4986 0.960071 0.279756 0 
301195.3 66092.8 144.5059 -0.97855 -0.20601 0 
301195.3 66092.8 140.1207 -0.97855 -0.20601 0 
301194.1 66098.89 144.5059 -0.97855 -0.20601 0 
301194.1 66098.89 140.1207 -0.97855 -0.20601 0 
301190.4 66091.41 144.5059 -0.271098 0.962552 0 
301190.4 66091.41 140.1207 -0.271098 0.962552 0 
301195.3 66092.8 144.5059 -0.271098 0.962552 0 
301195.3 66092.8 140.1207 -0.271098 0.962552 0 
301185.9 66090.15 144.5059 -0.272499 0.962156 0 
301185.9 66090.15 140.1207 -0.272499 0.962156 0 
301190.4 66091.41 144.5059 -0.272499 0.962156 0 
301190.4 66091.41 140.1207 -0.272499 0.962156 0 
301185.4 66090.33 144.5059 0.320404 0.947281 0 
301185.4 66090.33 142.3133 0.320404 0.947281 0 
301185.4 66090.33 140.1207 0.320404 0.947281 0 
301185.9 66090.15 144.5059 0.320404 0.947281 0 
301185.9 66090.15 142.3133 0.320404 0.947281 0 
301185.9 66090.15 140.1207 0.320404 0.947281 0 
301185.4 66090.33 140.1207 0.936935 0.349502 0 
301185.4 66090.33 144.5059 0.936935 0.349502 0 
301183.4 66095.77 140.1207 0.936935 0.349502 0 
301183.4 66095.77 144.5059 0.936935 0.349502 0 
301183.4 66095.77 140.1207 0.913812 -0.406139 0 
301183.4 66095.77 144.5059 0.913812 -0.406138 0 
301184.1 66097.39 140.1207 0.913812 -0.406138 0 
301184.1 66097.39 144.5059 0.913812 -0.406139 0 
301184.1 66097.39 140.1207 0.284798 -0.958588 0 
301184.1 66097.39 144.5059 0.284798 -0.958588 0 
301188.4 66098.67 140.1207 0.284798 -0.958588 0 
301188.4 66098.67 144.5059 0.284798 -0.958588 0 
301188.4 66098.67 140.1207 0.288034 -0.95762 0 
301188.4 66098.67 144.5059 0.288034 -0.95762 0 
301190.4 66099.27 140.1207 0.284303 -0.958735 0 
301190.4 66099.27 144.5059 0.284303 -0.958735 0 
301192.4 66099.87 140.1207 0.280567 -0.959834 0 
301192.4 66099.87 144.5059 0.280567 -0.959834 0 
301192.4 66099.87 140.1207 -0.515102 -0.857129 0 
301192.4 66099.87 144.5059 -0.515102 -0.857129 0 
301194.1 66098.89 140.1207 -0.515102 -0.857129 0 
301194.1 66098.89 144.5059 -0.515102 -0.857129 0 
301203.1 66089.82 116.4986 0.267644 -0.963518 0 
301203.1 66089.82 119.8219 0.267644 -0.963518 0 
301203.1 66089.82 123.1453 0.267644 -0.963518 0 
301203.1 66089.82 126.4686 0.267644 -0.963518 0 
301203.1 66089.82 129.792 0.267644 -0.963518 0 
301203.1 66089.82 133.1153 0.267644 -0.963518 0 
301203.6 66089.98 116.4986 0.273828 -0.961779 0 
301203.6 66089.98 119.8219 0.273828 -0.961779 0 
301203.6 66089.98 123.1453 0.273828 -0.961779 0 
301203.6 66089.98 126.4686 0.273828 -0.961779 0 
301203.6 66089.98 129.792 0.273828 -0.961779 0 
301203.6 66089.98 133.1153 0.273828 -0.961779 0 
301204.2 66090.14 116.4986 0.28 -0.96 0 
301204.2 66090.14 119.8219 0.28 -0.96 0 
301204.2 66090.14 123.1453 0.28 -0.96 0 
301204.2 66090.14 126.4686 0.28 -0.96 0 
301204.2 66090.14 129.792 0.28 -0.96 0 
301204.2 66090.14 133.1153 0.28 -0.96 0 
301204.2 66090.14 116.4986 0.872296 -0.488977 0 
301204.2 66090.14 133.1153 0.872296 -0.488977 0 
301210.4 66101.23 116.4986 0.872296 -0.488977 0 
301210.4 66101.23 133.1153 0.872296 -0.488977 0 
301210.4 66101.23 116.4986 0.979086 0.203446 0 
301210.4 66101.23 119.8219 0.979086 0.203446 0 
301210.4 66101.23 123.1453 0.979086 0.203446 0 
301210.4 66101.23 126.4686 0.979086 0.203446 0 
301210.4 66101.23 129.792 0.979086 0.203446 0 
301210.4 66101.23 133.1153 0.979086 0.203446 0 
301210.3 66101.84 116.4986 0.97378 0.227491 0 
301210.3 66101.84 119.8219 0.97378 0.227491 0 
301210.3 66101.84 123.1453 0.97378 0.227491 0 
301210.3 66101.84 126.4686 0.97378 0.227491 0 
301210.3 66101.84 129.792 0.97378 0.227491 0 
301210.3 66101.84 133.1153 0.97378 0.227491 0 
301210.1 66102.44 116.4986 0.967884 0.251398 0 
301210.1 66102.44 119.8219 0.967884 0.251398 0 
301210.1 66102.44 123.1453 0.967884 0.251398 0 
301210.1 66102.44 126.4686 0.967884 0.251398 0 
301210.1 66102.44 129.792 0.967884 0.251398 0 
301210.1 66102.44 133.1153 0.967884 0.251398 0 
301192.6 66100.34 144.5059 0.49767 0.867367 0 
301192.6 66100.34 140.0806 0.497669 0.867367 0 
301194.5 66099.25 144.5059 0.497669 0.867367 0 
301194.5 66099.25 140.0806 0.49767 0.867367 0 
301188.3 66099.11 144.5059 -0.27335 0.961915 0 
301188.3 66099.11 140.0806 -0.27335 0.961915 0 
301192.6 66100.34 144.5059 -0.27335 0.961915 0 
301192.6 66100.34 140.0806 -0.27335 0.961915 0 
301183.8 66097.84 144.5059 -0.275838 0.961204 0 
301183.8 66097.84 140.0806 -0.275838 0.961204 0 
301188.3 66099.11 144.5059 -0.275838 0.961204 0 
301188.3 66099.11 140.0806 -0.275838 0.961204 0 
301182.8 66095.73 144.5059 -0.887055 0.461664 0 
301182.8 66095.73 140.0806 -0.887055 0.461664 0 
301183.8 66097.84 144.5059 -0.887055 0.461664 0 
301183.8 66097.84 140.0806 -0.887055 0.461664 0 
301195.9 66092.52 133.1153 0.980668 0.195679 0 
301195.9 66092.52 144.5059 0.980668 0.195679 0 
301194.5 66099.25 133.1153 0.980668 0.195679 0 
301194.5 66099.25 144.5059 0.980668 0.195679 0 
301194.5 66099.25 133.1153 0.979967 0.199162 0 
301194.5 66099.25 140.0806 0.979967 0.199162 0 
301193.8 66102.63 133.1153 0.979967 0.199162 0 
301193.8 66102.63 140.0806 0.979967 0.199162 0 
301192.1 66103.57 140.0806 0.465746 0.884918 0 
301192.1 66103.57 133.1153 0.465746 0.884918 0 
301193.8 66102.63 140.0806 0.465746 0.884918 0 
301193.8 66102.63 133.1153 0.465746 0.884918 0 
301182.9 66100.96 140.0806 -0.274939 0.961462 0 
301182.9 66100.96 133.1153 -0.274939 0.961462 0 
301187.5 66102.27 140.0806 -0.274074 0.961709 0 
301187.5 66102.27 133.1153 -0.274074 0.961709 0 
301192.1 66103.57 140.0806 -0.273208 0.961955 0 
301192.1 66103.57 133.1153 -0.273208 0.961955 0 
301181.5 66098.95 140.0806 -0.820127 0.572182 0 
301181.5 66098.95 133.1153 -0.820127 0.572182 0 
301182.9 66100.96 140.0806 -0.820127 0.572182 0 
301182.9 66100.96 133.1153 -0.820127 0.572182 0 
301182.8 66095.73 140.0806 -0.931877 -0.362774 0 
301182.8 66095.73 133.1153 -0.931877 -0.362774 0 
301181.5 66098.95 140.0806 -0.931877 -0.362774 0 
301181.5 66098.95 133.1153 -0.931877 -0.362774 0 
301185.2 66089.48 144.5059 -0.931961 -0.362558 0 
301185.2 66089.48 133.1153 -0.931961 -0.362558 0 
301184 66092.61 144.5059 -0.931808 -0.362952 0 
301184 66092.61 133.1153 -0.931808 -0.362952 0 
301182.8 66095.73 144.5059 -0.931655 -0.363345 0 
301182.8 66095.73 133.1153 -0.931655 -0.363345 0 
301228.2 66075.77 31.14182 -0.875196 0.483768 0 
301228.2 66075.77 28.11973 -0.875196 0.483768 0 
301232.8 66084.13 31.14182 -0.8751 0.483942 0 
301232.8 66084.13 28.11973 -0.8751 0.483942 0 
301237.4 66092.49 31.14182 -0.875005 0.484115 0 
301237.4 66092.49 28.11973 -0.875005 0.484115 0 
301218.6 66081.05 28.11973 0.242536 -0.970143 0 
301218.6 66081.05 32.15074 0.242536 -0.970143 0 
301218.6 66081.05 36.18175 0.242536 -0.970143 0 
301218.6 66081.05 40.21276 0.242536 -0.970143 0 
301218.6 66081.05 44.24377 0.242536 -0.970143 0 
301218.6 66081.05 48.27478 0.242536 -0.970143 0 
301218.6 66081.05 52.30579 0.242536 -0.970143 0 
301218.6 66081.05 56.3368 0.242536 -0.970143 0 
301218.6 66081.05 60.36781 0.242536 -0.970143 0 
301218.6 66081.05 64.39883 0.242536 -0.970143 0 
301218.6 66081.05 68.42983 0.242536 -0.970143 0 
301218.6 66081.05 72.46085 0.242536 -0.970143 0 
301218.6 66081.05 76.49185 0.242536 -0.970143 0 
301218.6 66081.05 80.52287 0.242536 -0.970142 0 
301219.3 66081.22 28.11973 0.242536 -0.970143 0 
301219.3 66081.22 32.15074 0.242536 -0.970143 0 
301219.3 66081.22 36.18175 0.242536 -0.970143 0 
301219.3 66081.22 40.21276 0.242536 -0.970143 0 
301219.3 66081.22 44.24377 0.242536 -0.970143 0 
301219.3 66081.22 48.27478 0.242536 -0.970143 0 
301219.3 66081.22 52.30579 0.242536 -0.970143 0 
301219.3 66081.22 56.3368 0.242536 -0.970143 0 
301219.3 66081.22 60.36781 0.242536 -0.970143 0 
301219.3 66081.22 64.39883 0.242536 -0.970143 0 
301219.3 66081.22 68.42983 0.242536 -0.970143 0 
301219.3 66081.22 72.46085 0.242536 -0.970143 0 
301219.3 66081.22 76.49185 0.242536 -0.970143 0 
301219.3 66081.22 80.52287 0.242536 -0.970143 0 
301220 66081.39 28.11973 0.242536 -0.970142 0 
301220 66081.39 32.15074 0.242536 -0.970143 0 
301220 66081.39 36.18175 0.242536 -0.970143 0 
301220 66081.39 40.21276 0.242536 -0.970143 0 
301220 66081.39 44.24377 0.242536 -0.970143 0 
301220 66081.39 48.27478 0.242536 -0.970143 0 
301220 66081.39 52.30579 0.242536 -0.970143 0 
301220 66081.39 56.3368 0.242536 -0.970143 0 
301220 66081.39 60.36781 0.242536 -0.970143 0 
301220 66081.39 64.39883 0.242536 -0.970143 0 
301220 66081.39 68.42983 0.242536 -0.970143 0 
301220 66081.39 72.46085 0.242536 -0.970143 0 
301220 66081.39 76.49185 0.242536 -0.970143 0 
301220 66081.39 80.52287 0.242536 -0.970143 0 
301220 66081.39 28.11973 0.87108 -0.491141 0 
301220 66081.39 80.52287 0.87108 -0.491141 0 
301226.6 66093.14 28.11973 0.87108 -0.491141 0 
301226.6 66093.14 80.52287 0.87108 -0.491141 0 
301226.6 66093.14 28.11973 0.975011 0.222154 0 
301226.6 66093.14 35.60589 0.975011 0.222154 0 
301226.6 66093.14 43.09205 0.975011 0.222154 0 
301226.6 66093.14 50.57822 0.975011 0.222154 0 
301226.6 66093.14 58.06438 0.975011 0.222154 0 
301226.6 66093.14 65.55054 0.975011 0.222154 0 
301226.6 66093.14 73.0367 0.975011 0.222154 0 
301226.6 66093.14 80.52287 0.975011 0.222154 0 
301226.3 66094.38 28.11973 0.975011 0.222154 0 
301226.3 66094.38 35.60589 0.975011 0.222154 0 
301226.3 66094.38 43.09205 0.975011 0.222154 0 
301226.3 66094.38 50.57822 0.975011 0.222154 0 
301226.3 66094.38 58.06438 0.975011 0.222154 0 
301226.3 66094.38 65.55054 0.975011 0.222154 0 
301226.3 66094.38 73.0367 0.975011 0.222155 0 
301226.3 66094.38 80.52287 0.975011 0.222155 0 
301224.2 66095.59 80.52287 0.492057 0.870563 0 
301224.2 66095.59 67.42208 0.492057 0.870563 0 
301224.2 66095.59 54.3213 0.492057 0.870563 0 
301224.2 66095.59 41.22051 0.492057 0.870563 0 
301224.2 66095.59 28.11973 0.492057 0.870563 0 
301226.3 66094.38 80.52287 0.492057 0.870563 0 
301226.3 66094.38 67.42208 0.492057 0.870563 0 
301226.3 66094.38 54.3213 0.492057 0.870563 0 
301226.3 66094.38 41.22051 0.492057 0.870563 0 
301226.3 66094.38 28.11973 0.492057 0.870563 0 
301223.2 66095.25 80.52287 -0.33441 0.942428 0 
301223.2 66095.25 74.70029 -0.33441 0.942428 0 
301223.2 66095.25 68.87772 -0.33441 0.942428 0 
301223.2 66095.25 63.05515 -0.33441 0.942428 0 
301223.2 66095.25 57.23258 -0.33441 0.942428 0 
301223.2 66095.25 51.41001 -0.33441 0.942428 0 
301223.2 66095.25 45.58744 -0.33441 0.942428 0 
301223.2 66095.25 39.76487 -0.33441 0.942428 0 
301223.2 66095.25 33.9423 -0.33441 0.942428 0 
301223.2 66095.25 28.11973 -0.33441 0.942428 0 
301224.2 66095.59 80.52287 -0.33441 0.942428 0 
301224.2 66095.59 74.70029 -0.33441 0.942428 0 
301224.2 66095.59 68.87772 -0.33441 0.942428 0 
301224.2 66095.59 63.05515 -0.33441 0.942428 0 
301224.2 66095.59 57.23258 -0.33441 0.942428 0 
301224.2 66095.59 51.41001 -0.33441 0.942428 0 
301224.2 66095.59 45.58744 -0.33441 0.942428 0 
301224.2 66095.59 39.76487 -0.33441 0.942428 0 
301224.2 66095.59 33.9423 -0.33441 0.942428 0 
301224.2 66095.59 28.11973 -0.33441 0.942428 0 
301219.9 66096.96 80.52287 0.46235 0.886698 0 
301219.9 66096.96 63.05515 0.46235 0.886698 0 
301219.9 66096.96 45.58744 0.46235 0.886698 0 
301219.9 66096.96 28.11973 0.46235 0.886698 0 
301223.2 66095.25 80.52287 0.46235 0.886698 0 
301223.2 66095.25 63.05515 0.46235 0.886698 0 
301223.2 66095.25 45.58744 0.46235 0.886698 0 
301223.2 66095.25 28.11973 0.46235 0.886698 0 
301217.1 66098.45 116.4986 0.460669 0.887572 0 
301217.1 66098.45 98.8228 0.460669 0.887572 0 
301217.1 66098.45 81.14703 0.460669 0.887572 0 
301217.1 66098.45 63.47127 0.460669 0.887572 0 
301217.1 66098.45 45.7955 0.460669 0.887572 0 
301217.1 66098.45 28.11973 0.460669 0.887572 0 
301219.9 66096.96 116.4986 0.460669 0.887572 0 
301219.9 66096.96 98.8228 0.460669 0.887572 0 
301219.9 66096.96 81.14703 0.460669 0.887572 0 
301219.9 66096.96 63.47127 0.460669 0.887572 0 
301219.9 66096.96 45.7955 0.460669 0.887572 0 
301219.9 66096.96 28.11973 0.460669 0.887572 0 
301217.1 66098.45 28.11973 0.957826 0.287348 0 
301217.1 66098.45 35.48463 0.957826 0.287348 0 
301217.1 66098.45 42.84953 0.957826 0.287348 0 
301217.1 66098.45 50.21444 0.957826 0.287348 0 
301217.1 66098.45 57.57934 0.957826 0.287348 0 
301217.1 66098.45 64.94424 0.957826 0.287348 0 
301217.1 66098.45 72.30915 0.957826 0.287348 0 
301217.1 66098.45 79.67405 0.957826 0.287348 0 
301217.1 66098.45 87.03896 0.957826 0.287348 0 
301217.1 66098.45 94.40385 0.957826 0.287348 0 
301217.1 66098.45 101.7688 0.957826 0.287348 0 
301217.1 66098.45 109.1337 0.957826 0.287348 0 
301217.1 66098.45 116.4986 0.957826 0.287348 0 
301216.7 66099.7 28.11973 0.957826 0.287348 0 
301216.7 66099.7 35.48463 0.957826 0.287348 0 
301216.7 66099.7 42.84953 0.957826 0.287348 0 
301216.7 66099.7 50.21444 0.957826 0.287348 0 
301216.7 66099.7 57.57934 0.957826 0.287348 0 
301216.7 66099.7 64.94424 0.957826 0.287348 0 
301216.7 66099.7 72.30915 0.957826 0.287348 0 
301216.7 66099.7 79.67405 0.957826 0.287348 0 
301216.7 66099.7 87.03896 0.957826 0.287348 0 
301216.7 66099.7 94.40385 0.957826 0.287348 0 
301216.7 66099.7 101.7688 0.957826 0.287348 0 
301216.7 66099.7 109.1337 0.957826 0.287348 0 
301216.7 66099.7 116.4986 0.957826 0.287348 0 
301211.3 66102.62 116.4986 0.478762 0.877945 0 
301211.3 66102.62 87.03896 0.478762 0.877945 0 
301211.3 66102.62 57.57934 0.478762 0.877945 0 
301211.3 66102.62 28.11973 0.478762 0.877945 0 
301216.7 66099.7 116.4986 0.478762 0.877945 0 
301216.7 66099.7 87.03896 0.478762 0.877945 0 
301216.7 66099.7 57.57934 0.478762 0.877945 0 
301216.7 66099.7 28.11973 0.478762 0.877945 0 
301210.1 66102.44 116.4986 -0.145859 0.989305 0 
301210.1 66102.44 109.7002 -0.145859 0.989305 0 
301210.1 66102.44 102.9018 -0.145859 0.989305 0 
301210.1 66102.44 96.10345 -0.145859 0.989305 0 
301210.1 66102.44 89.30508 -0.145859 0.989305 0 
301210.1 66102.44 82.50671 -0.145859 0.989305 0 
301210.1 66102.44 75.70834 -0.145859 0.989305 0 
301210.1 66102.44 68.90997 -0.145859 0.989305 0 
301210.1 66102.44 62.11159 -0.145859 0.989305 0 
301210.1 66102.44 55.31322 -0.145859 0.989305 0 
301210.1 66102.44 48.51484 -0.145859 0.989305 0 
301210.1 66102.44 41.71647 -0.145859 0.989305 0 
301210.1 66102.44 34.9181 -0.145859 0.989305 0 
301210.1 66102.44 28.11973 -0.145859 0.989305 0 
301211.3 66102.62 116.4986 -0.145859 0.989305 0 
301211.3 66102.62 109.7002 -0.145859 0.989305 0 
301211.3 66102.62 102.9018 -0.145859 0.989305 0 
301211.3 66102.62 96.10345 -0.145859 0.989305 0 
301211.3 66102.62 89.30508 -0.145859 0.989305 0 
301211.3 66102.62 82.50671 -0.145859 0.989305 0 
301211.3 66102.62 75.70834 -0.145859 0.989305 0 
301211.3 66102.62 68.90997 -0.145859 0.989305 0 
301211.3 66102.62 62.11159 -0.145859 0.989305 0 
301211.3 66102.62 55.31322 -0.145859 0.989305 0 
301211.3 66102.62 48.51484 -0.145859 0.989305 0 
301211.3 66102.62 41.71647 -0.145859 0.989305 0 
301211.3 66102.62 34.9181 -0.145859 0.989305 0 
301211.3 66102.62 28.11973 -0.145859 0.989305 0 
301204.3 66105.71 133.1153 0.48584 0.874048 0 
301204.3 66105.71 115.616 0.48584 0.874048 0 
301204.3 66105.71 98.11678 0.48584 0.874048 0 
301204.3 66105.71 80.61752 0.48584 0.874048 0 
301204.3 66105.71 63.11826 0.48584 0.874048 0 
301204.3 66105.71 45.61899 0.48584 0.874048 0 
301204.3 66105.71 28.11973 0.48584 0.874048 0 
301207.2 66104.08 133.1153 0.48872 0.872441 0 
301207.2 66104.08 115.616 0.48872 0.872441 0 
301207.2 66104.08 98.11678 0.48872 0.872441 0 
301207.2 66104.08 80.61752 0.48872 0.872441 0 
301207.2 66104.08 63.11826 0.48872 0.872441 0 
301207.2 66104.08 45.61899 0.48872 0.872441 0 
301207.2 66104.08 28.11973 0.48872 0.872441 0 
301210.1 66102.44 133.1153 0.491594 0.870824 0 
301210.1 66102.44 115.616 0.491594 0.870824 0 
301210.1 66102.44 98.11678 0.491594 0.870824 0 
301210.1 66102.44 80.61752 0.491594 0.870824 0 
301210.1 66102.44 63.11826 0.491594 0.870824 0 
301210.1 66102.44 45.61899 0.491594 0.870824 0 
301210.1 66102.44 28.11973 0.491594 0.870824 0 
301204.3 66105.71 28.11973 0.97185 0.2356 0 
301204.3 66105.71 31.20783 0.97185 0.2356 0 
301204.3 66105.71 34.29594 0.97185 0.2356 0 
301204.3 66105.71 37.38404 0.97185 0.2356 0 
301204.3 66105.71 40.47215 0.97185 0.2356 0 
301204.3 66105.71 43.56025 0.97185 0.2356 0 
301204.3 66105.71 46.64836 0.97185 0.2356 0 
301204.3 66105.71 49.73647 0.97185 0.2356 0 
301204.3 66105.71 52.82457 0.97185 0.2356 0 
301204.3 66105.71 55.91268 0.97185 0.2356 0 
301204.3 66105.71 59.00078 0.97185 0.2356 0 
301204.3 66105.71 62.08889 0.97185 0.2356 0 
301204.3 66105.71 65.17699 0.97185 0.2356 0 
301204.3 66105.71 68.26509 0.97185 0.2356 0 
301204.3 66105.71 71.3532 0.97185 0.2356 0 
301204.3 66105.71 74.44131 0.97185 0.2356 0 
301204.3 66105.71 77.52941 0.97185 0.2356 0 
301204.3 66105.71 80.61752 0.97185 0.2356 0 
301204.3 66105.71 83.70563 0.97185 0.2356 0 
301204.3 66105.71 86.79372 0.97185 0.2356 0 
301204.3 66105.71 89.88184 0.97185 0.2356 0 
301204.3 66105.71 92.96993 0.97185 0.2356 0 
301204.3 66105.71 96.05804 0.97185 0.2356 0 
301204.3 66105.71 99.14614 0.97185 0.2356 0 
301204.3 66105.71 102.2343 0.97185 0.2356 0 
301204.3 66105.71 105.3224 0.97185 0.2356 0 
301204.3 66105.71 108.4105 0.97185 0.2356 0 
301204.3 66105.71 111.4986 0.97185 0.2356 0 
301204.3 66105.71 114.5867 0.97185 0.2356 0 
301204.3 66105.71 117.6748 0.97185 0.2356 0 
301204.3 66105.71 120.7629 0.97185 0.2356 0 
301204.3 66105.71 123.851 0.97185 0.2356 0 
301204.3 66105.71 126.9391 0.97185 0.2356 0 
301204.3 66105.71 130.0272 0.97185 0.2356 0 
301204.3 66105.71 133.1153 0.97185 0.2356 0 
301204.2 66106.23 28.11973 0.971434 0.23731 0 
301204.2 66106.23 31.20783 0.971434 0.23731 0 
301204.2 66106.23 34.29594 0.971434 0.23731 0 
301204.2 66106.23 37.38404 0.971434 0.23731 0 
301204.2 66106.23 40.47215 0.971434 0.23731 0 
301204.2 66106.23 43.56025 0.971434 0.23731 0 
301204.2 66106.23 46.64836 0.971434 0.23731 0 
301204.2 66106.23 49.73647 0.971434 0.23731 0 
301204.2 66106.23 52.82457 0.971434 0.23731 0 
301204.2 66106.23 55.91268 0.971434 0.23731 0 
301204.2 66106.23 59.00078 0.971434 0.23731 0 
301204.2 66106.23 62.08889 0.971434 0.23731 0 
301204.2 66106.23 65.17699 0.971434 0.23731 0 
301204.2 66106.23 68.26509 0.971434 0.23731 0 
301204.2 66106.23 71.3532 0.971434 0.23731 0 
301204.2 66106.23 74.44131 0.971434 0.23731 0 
301204.2 66106.23 77.52941 0.971434 0.23731 0 
301204.2 66106.23 80.61752 0.971434 0.23731 0 
301204.2 66106.23 83.70563 0.971434 0.23731 0 
301204.2 66106.23 86.79372 0.971434 0.23731 0 
301204.2 66106.23 89.88184 0.971434 0.23731 0 
301204.2 66106.23 92.96993 0.971434 0.23731 0 
301204.2 66106.23 96.05804 0.971434 0.23731 0 
301204.2 66106.23 99.14614 0.971434 0.23731 0 
301204.2 66106.23 102.2343 0.971434 0.23731 0 
301204.2 66106.23 105.3224 0.971434 0.23731 0 
301204.2 66106.23 108.4105 0.971434 0.23731 0 
301204.2 66106.23 111.4986 0.971434 0.23731 0 
301204.2 66106.23 114.5867 0.971434 0.23731 0 
301204.2 66106.23 117.6748 0.971434 0.23731 0 
301204.2 66106.23 120.7629 0.971434 0.23731 0 
301204.2 66106.23 123.851 0.971434 0.23731 0 
301204.2 66106.23 126.9391 0.971434 0.23731 0 
301204.2 66106.23 130.0272 0.971434 0.23731 0 
301204.2 66106.23 133.1153 0.971434 0.23731 0 
301204 66106.73 28.11973 0.971015 0.239019 0 
301204 66106.73 31.20783 0.971015 0.239019 0 
301204 66106.73 34.29594 0.971015 0.239019 0 
301204 66106.73 37.38404 0.971015 0.239019 0 
301204 66106.73 40.47215 0.971015 0.239019 0 
301204 66106.73 43.56025 0.971015 0.239019 0 
301204 66106.73 46.64836 0.971015 0.239019 0 
301204 66106.73 49.73647 0.971015 0.239019 0 
301204 66106.73 52.82457 0.971015 0.239019 0 
301204 66106.73 55.91268 0.971015 0.239019 0 
301204 66106.73 59.00078 0.971015 0.239019 0 
301204 66106.73 62.08889 0.971015 0.239019 0 
301204 66106.73 65.17699 0.971015 0.239019 0 
301204 66106.73 68.26509 0.971015 0.239019 0 
301204 66106.73 71.3532 0.971015 0.239019 0 
301204 66106.73 74.44131 0.971015 0.239019 0 
301204 66106.73 77.52941 0.971015 0.239019 0 
301204 66106.73 80.61752 0.971015 0.239019 0 
301204 66106.73 83.70563 0.971015 0.239019 0 
301204 66106.73 86.79372 0.971015 0.239019 0 
301204 66106.73 89.88184 0.971015 0.239019 0 
301204 66106.73 92.96993 0.971015 0.239019 0 
301204 66106.73 96.05804 0.971015 0.239019 0 
301204 66106.73 99.14614 0.971015 0.239019 0 
301204 66106.73 102.2343 0.971015 0.239019 0 
301204 66106.73 105.3224 0.971015 0.239019 0 
301204 66106.73 108.4105 0.971015 0.239019 0 
301204 66106.73 111.4986 0.971015 0.239019 0 
301204 66106.73 114.5867 0.971015 0.239019 0 
301204 66106.73 117.6748 0.971015 0.239019 0 
301204 66106.73 120.7629 0.971015 0.239019 0 
301204 66106.73 123.851 0.971015 0.239019 0 
301204 66106.73 126.9391 0.971015 0.239019 0 
301204 66106.73 130.0272 0.971015 0.239019 0 
301204 66106.73 133.1153 0.971015 0.239019 0 
301194.9 66111.8 133.1153 0.486408 0.873732 0 
301194.9 66111.8 80.61752 0.486408 0.873732 0 
301194.9 66111.8 28.11973 0.486408 0.873732 0 
301204 66106.73 133.1153 0.486408 0.873732 0 
301204 66106.73 80.61752 0.486408 0.873732 0 
301204 66106.73 28.11973 0.486408 0.873732 0 
301237.4 66092.49 31.14182 0.484316 0.874893 0 
301237.4 66092.49 25.09325 0.484316 0.874893 0 
301247.1 66087.16 31.14182 0.484316 0.874893 0 
301247.1 66087.16 25.09325 0.484316 0.874893 0 
301200.6 66113.32 28.11973 0.492258 0.870449 0 
301200.6 66113.32 25.09325 0.492258 0.870449 0 
301212.9 66106.38 28.11973 0.492048 0.870568 0 
301212.9 66106.38 25.09325 0.492048 0.870568 0 
301225.2 66099.44 28.11973 0.492048 0.870568 0 
301225.2 66099.44 25.09325 0.492048 0.870568 0 
301237.4 66092.49 28.11973 0.492258 0.870449 0 
301237.4 66092.49 25.09325 0.492258 0.870449 0 
301194.9 66111.8 28.11973 -0.260069 0.96559 0 
301194.9 66111.8 25.09325 -0.260069 0.96559 0 
301200.6 66113.32 28.11973 -0.260069 0.96559 0 
301200.6 66113.32 25.09325 -0.260069 0.96559 0 
301189 66110.17 133.1153 -0.261416 0.965226 0 
301189 66110.17 115.1116 -0.261415 0.965226 0 
301189 66110.17 97.10796 -0.261415 0.965226 0 
301189 66110.17 79.10428 -0.261416 0.965226 0 
301189 66110.17 61.1006 -0.261416 0.965226 0 
301189 66110.17 43.09692 -0.261416 0.965226 0 
301189 66110.17 25.09325 -0.261415 0.965226 0 
301192 66110.98 133.1153 -0.262696 0.964879 0 
301192 66110.98 115.1116 -0.262696 0.964879 0 
301192 66110.98 97.10796 -0.262696 0.964879 0 
301192 66110.98 79.10428 -0.262696 0.964879 0 
301192 66110.98 61.1006 -0.262696 0.964879 0 
301192 66110.98 43.09692 -0.262696 0.964879 0 
301192 66110.98 25.09325 -0.262696 0.964879 0 
301194.9 66111.8 133.1153 -0.263976 0.964529 0 
301194.9 66111.8 115.1116 -0.263976 0.964529 0 
301194.9 66111.8 97.10796 -0.263976 0.964529 0 
301194.9 66111.8 79.10428 -0.263976 0.964529 0 
301194.9 66111.8 61.1006 -0.263976 0.964529 0 
301194.9 66111.8 43.09692 -0.263976 0.964529 0 
301194.9 66111.8 25.09325 -0.263976 0.964529 0 
301188.1 66110.8 133.1153 0.6 0.8 0 
301188.1 66110.8 127.1141 0.6 0.8 0 
301188.1 66110.8 121.1129 0.6 0.8 0 
301188.1 66110.8 115.1116 0.6 0.8 0 
301188.1 66110.8 109.1104 0.6 0.8 0 
301188.1 66110.8 103.1092 0.6 0.8 0 
301188.1 66110.8 97.10796 0.6 0.8 0 
301188.1 66110.8 91.10673 0.6 0.8 0 
301188.1 66110.8 85.10551 0.6 0.8 0 
301188.1 66110.8 79.10428 0.6 0.8 0 
301188.1 66110.8 73.10305 0.6 0.8 0 
301188.1 66110.8 67.10183 0.6 0.8 0 
301188.1 66110.8 61.1006 0.6 0.8 0 
301188.1 66110.8 55.09938 0.6 0.8 0 
301188.1 66110.8 49.09815 0.6 0.8 0 
301188.1 66110.8 43.09692 0.6 0.8 0 
301188.1 66110.8 37.0957 0.6 0.8 0 
301188.1 66110.8 31.09447 0.6 0.8 0 
301188.1 66110.8 25.09325 0.6 0.8 0 
301189 66110.17 133.1153 0.6 0.8 0 
301189 66110.17 127.1141 0.6 0.8 0 
301189 66110.17 121.1129 0.6 0.8 0 
301189 66110.17 115.1116 0.6 0.8 0 
301189 66110.17 109.1104 0.6 0.8 0 
301189 66110.17 103.1092 0.6 0.8 0 
301189 66110.17 97.10796 0.6 0.8 0 
301189 66110.17 91.10673 0.6 0.8 0 
301189 66110.17 85.10551 0.6 0.8 0 
301189 66110.17 79.10428 0.6 0.8 0 
301189 66110.17 73.10305 0.6 0.8 0 
301189 66110.17 67.10183 0.6 0.8 0 
301189 66110.17 61.1006 0.6 0.8 0 
301189 66110.17 55.09938 0.6 0.8 0 
301189 66110.17 49.09815 0.6 0.8 0 
301189 66110.17 43.09692 0.6 0.8 0 
301189 66110.17 37.0957 0.6 0.8 0 
301189 66110.17 31.09447 0.6 0.8 0 
301189 66110.17 25.09325 0.6 0.8 0 
301182.3 66109.16 133.1153 -0.270298 0.962777 0 
301182.3 66109.16 97.10796 -0.270298 0.962777 0 
301182.3 66109.16 61.1006 -0.270298 0.962777 0 
301182.3 66109.16 25.09325 -0.270298 0.962777 0 
301188.1 66110.8 133.1153 -0.270298 0.962777 0 
301188.1 66110.8 97.10796 -0.270298 0.962777 0 
301188.1 66110.8 61.1006 -0.270298 0.962777 0 
301188.1 66110.8 25.09325 -0.270298 0.962777 0 
301181.7 66107.93 133.1153 -0.901167 0.433473 0 
301181.7 66107.93 125.3994 -0.901167 0.433473 0 
301181.7 66107.93 117.6836 -0.901167 0.433473 0 
301181.7 66107.93 109.9677 -0.901167 0.433473 0 
301181.7 66107.93 102.2519 -0.901167 0.433473 0 
301181.7 66107.93 94.536 -0.901167 0.433473 0 
301181.7 66107.93 86.82014 -0.901167 0.433473 0 
301181.7 66107.93 79.10428 -0.901167 0.433473 0 
301181.7 66107.93 71.38841 -0.901167 0.433473 0 
301181.7 66107.93 63.67256 -0.901167 0.433473 0 
301181.7 66107.93 55.95669 -0.901167 0.433473 0 
301181.7 66107.93 48.24083 -0.901167 0.433473 0 
301181.7 66107.93 40.52497 -0.901167 0.433473 0 
301181.7 66107.93 32.80911 -0.901167 0.433473 0 
301181.7 66107.93 25.09325 -0.901167 0.433473 0 
301182.3 66109.16 133.1153 -0.901167 0.433473 0 
301182.3 66109.16 125.3994 -0.901167 0.433473 0 
301182.3 66109.16 117.6836 -0.901167 0.433473 0 
301182.3 66109.16 109.9677 -0.901167 0.433473 0 
301182.3 66109.16 102.2519 -0.901167 0.433473 0 
301182.3 66109.16 94.536 -0.901167 0.433473 0 
301182.3 66109.16 86.82014 -0.901167 0.433473 0 
301182.3 66109.16 79.10428 -0.901167 0.433473 0 
301182.3 66109.16 71.38841 -0.901167 0.433473 0 
301182.3 66109.16 63.67256 -0.901167 0.433473 0 
301182.3 66109.16 55.95669 -0.901167 0.433473 0 
301182.3 66109.16 48.24083 -0.901167 0.433473 0 
301182.3 66109.16 40.52497 -0.901167 0.433473 0 
301182.3 66109.16 32.80911 -0.901167 0.433473 0 
301182.3 66109.16 25.09325 -0.901167 0.433473 0 
301175.8 66106.16 133.1153 -0.287815 0.957686 0 
301175.8 66106.16 97.10796 -0.287815 0.957686 0 
301175.8 66106.16 61.1006 -0.287815 0.957686 0 
301175.8 66106.16 25.09325 -0.287815 0.957686 0 
301181.7 66107.93 133.1153 -0.287815 0.957686 0 
301181.7 66107.93 97.10796 -0.287815 0.957686 0 
301181.7 66107.93 61.1006 -0.287815 0.957686 0 
301181.7 66107.93 25.09325 -0.287815 0.957686 0 
301170.9 66097.34 133.1153 -0.872769 0.488133 0 
301170.9 66097.34 79.10428 -0.872769 0.488133 0 
301170.9 66097.34 25.09325 -0.872769 0.488133 0 
301175.8 66106.16 133.1153 -0.872769 0.488133 0 
301175.8 66106.16 79.10428 -0.872769 0.488133 0 
301175.8 66106.16 25.09325 -0.872769 0.488133 0 
301171.2 66096.18 133.1153 -0.951223 -0.308505 0 
301171.2 66096.18 125.9138 -0.951223 -0.308505 0 
301171.2 66096.18 118.7124 -0.951223 -0.308505 0 
301171.2 66096.18 111.5109 -0.951223 -0.308505 0 
301171.2 66096.18 104.3094 -0.951223 -0.308505 0 
301171.2 66096.18 97.10796 -0.951223 -0.308505 0 
301171.2 66096.18 89.90649 -0.951223 -0.308505 0 
301171.2 66096.18 82.70501 -0.951223 -0.308505 0 
301171.2 66096.18 75.50354 -0.951223 -0.308505 0 
301171.2 66096.18 68.30207 -0.951223 -0.308505 0 
301171.2 66096.18 61.1006 -0.951223 -0.308505 0 
301171.2 66096.18 53.89913 -0.951223 -0.308505 0 
301171.2 66096.18 46.69766 -0.951223 -0.308505 0 
301171.2 66096.18 39.49619 -0.951223 -0.308505 0 
301171.2 66096.18 32.29472 -0.951223 -0.308505 0 
301171.2 66096.18 25.09325 -0.951223 -0.308505 0 
301170.9 66097.34 133.1153 -0.951223 -0.308505 0 
301170.9 66097.34 125.9138 -0.951223 -0.308505 0 
301170.9 66097.34 118.7124 -0.951223 -0.308505 0 
301170.9 66097.34 111.5109 -0.951223 -0.308505 0 
301170.9 66097.34 104.3094 -0.951223 -0.308505 0 
301170.9 66097.34 97.10796 -0.951223 -0.308505 0 
301170.9 66097.34 89.90649 -0.951223 -0.308505 0 
301170.9 66097.34 82.70501 -0.951223 -0.308505 0 
301170.9 66097.34 75.50354 -0.951223 -0.308505 0 
301170.9 66097.34 68.30207 -0.951223 -0.308505 0 
301170.9 66097.34 61.1006 -0.951223 -0.308505 0 
301170.9 66097.34 53.89913 -0.951223 -0.308505 0 
301170.9 66097.34 46.69766 -0.951223 -0.308505 0 
301170.9 66097.34 39.49619 -0.951223 -0.308505 0 
301170.9 66097.34 32.29472 -0.951223 -0.308505 0 
301170.9 66097.34 25.09325 -0.951223 -0.308505 0 
301168 66090.37 133.1153 -0.872826 0.488032 0 
301168 66090.37 97.10796 -0.872826 0.488032 0 
301168 66090.37 61.1006 -0.872826 0.488032 0 
301168 66090.37 25.09325 -0.872826 0.488032 0 
301171.2 66096.18 133.1153 -0.872826 0.488032 0 
301171.2 66096.18 97.10796 -0.872826 0.488032 0 
301171.2 66096.18 61.1006 -0.872826 0.488032 0 
301171.2 66096.18 25.09325 -0.872826 0.488032 0 
301166.7 66089.9 116.4467 -0.336336 0.941742 0 
301166.7 66089.9 108.8339 -0.336336 0.941742 0 
301166.7 66089.9 101.2211 -0.336336 0.941742 0 
301166.7 66089.9 93.60831 -0.336336 0.941742 0 
301166.7 66089.9 85.99554 -0.336336 0.941742 0 
301166.7 66089.9 78.38274 -0.336336 0.941742 0 
301166.7 66089.9 70.76996 -0.336336 0.941742 0 
301166.7 66089.9 63.15717 -0.336336 0.941742 0 
301166.7 66089.9 55.54439 -0.336336 0.941742 0 
301166.7 66089.9 47.93161 -0.336336 0.941742 0 
301166.7 66089.9 40.31882 -0.336336 0.941742 0 
301166.7 66089.9 32.70604 -0.336336 0.941742 0 
301166.7 66089.9 25.09325 -0.336336 0.941742 0 
301168 66090.37 116.4467 -0.336336 0.941742 0 
301168 66090.37 108.8339 -0.336336 0.941742 0 
301168 66090.37 101.2211 -0.336336 0.941742 0 
301168 66090.37 93.60831 -0.336336 0.941742 0 
301168 66090.37 85.99554 -0.336336 0.941742 0 
301168 66090.37 78.38274 -0.336336 0.941742 0 
301168 66090.37 70.76996 -0.336336 0.941742 0 
301168 66090.37 63.15717 -0.336336 0.941742 0 
301168 66090.37 55.54439 -0.336336 0.941742 0 
301168 66090.37 47.93161 -0.336336 0.941742 0 
301168 66090.37 40.31882 -0.336336 0.941742 0 
301168 66090.37 32.70604 -0.336336 0.941742 0 
301168 66090.37 25.09325 -0.336336 0.941742 0 
301163.8 66084.58 116.4467 -0.879765 0.475409 0 
301163.8 66084.58 85.99554 -0.879765 0.475409 0 
301163.8 66084.58 55.54439 -0.879765 0.475409 0 
301163.8 66084.58 25.09325 -0.879765 0.475409 0 
301166.7 66089.9 116.4467 -0.879765 0.475409 0 
301166.7 66089.9 85.99554 -0.879765 0.475409 0 
301166.7 66089.9 55.54439 -0.879765 0.475409 0 
301166.7 66089.9 25.09325 -0.879765 0.475409 0 
301164 66083.27 116.4467 -0.98995 -0.141421 0 
301164 66083.27 112.4748 -0.98995 -0.141421 0 
301164 66083.27 108.5029 -0.98995 -0.141421 0 
301164 66083.27 104.531 -0.98995 -0.141421 0 
301164 66083.27 100.5591 -0.98995 -0.141421 0 
301164 66083.27 96.58723 -0.98995 -0.141421 0 
301164 66083.27 92.61534 -0.98995 -0.141421 0 
301164 66083.27 88.64346 -0.98995 -0.141421 0 
301164 66083.27 84.67157 -0.98995 -0.141421 0 
301164 66083.27 80.69968 -0.98995 -0.141421 0 
301164 66083.27 76.72779 -0.98995 -0.141421 0 
301164 66083.27 72.75591 -0.98995 -0.141421 0 
301164 66083.27 68.78402 -0.98995 -0.141421 0 
301164 66083.27 64.81213 -0.98995 -0.141421 0 
301164 66083.27 60.84024 -0.98995 -0.141421 0 
301164 66083.27 56.86835 -0.98995 -0.141421 0 
301164 66083.27 52.89647 -0.98995 -0.141421 0 
301164 66083.27 48.92458 -0.98995 -0.141421 0 
301164 66083.27 44.95269 -0.98995 -0.141421 0 
301164 66083.27 40.9808 -0.98995 -0.141421 0 
301164 66083.27 37.00891 -0.98995 -0.141421 0 
301164 66083.27 33.03703 -0.98995 -0.141421 0 
301164 66083.27 29.06514 -0.98995 -0.141421 0 
301164 66083.27 25.09325 -0.989949 -0.141421 0 
301163.9 66083.92 116.4467 -0.986409 -0.164311 0 
301163.9 66083.92 112.4748 -0.986409 -0.164311 0 
301163.9 66083.92 108.5029 -0.986409 -0.164311 0 
301163.9 66083.92 104.531 -0.986409 -0.164311 0 
301163.9 66083.92 100.5591 -0.986409 -0.164311 0 
301163.9 66083.92 96.58723 -0.986409 -0.164311 0 
301163.9 66083.92 92.61534 -0.986409 -0.164311 0 
301163.9 66083.92 88.64346 -0.986409 -0.164311 0 
301163.9 66083.92 84.67157 -0.986409 -0.164311 0 
301163.9 66083.92 80.69968 -0.986409 -0.164311 0 
301163.9 66083.92 76.72779 -0.986409 -0.164311 0 
301163.9 66083.92 72.75591 -0.986409 -0.164311 0 
301163.9 66083.92 68.78402 -0.986409 -0.164311 0 
301163.9 66083.92 64.81213 -0.986409 -0.164311 0 
301163.9 66083.92 60.84024 -0.986409 -0.164311 0 
301163.9 66083.92 56.86835 -0.986409 -0.164311 0 
301163.9 66083.92 52.89647 -0.986409 -0.164311 0 
301163.9 66083.92 48.92458 -0.986409 -0.164311 0 
301163.9 66083.92 44.95269 -0.986409 -0.164311 0 
301163.9 66083.92 40.9808 -0.986409 -0.164311 0 
301163.9 66083.92 37.00891 -0.986409 -0.164311 0 
301163.9 66083.92 33.03703 -0.986409 -0.164311 0 
301163.9 66083.92 29.06514 -0.986409 -0.164311 0 
301163.9 66083.92 25.09325 -0.986409 -0.164311 0 
301163.8 66084.58 116.4467 -0.982339 -0.187112 0 
301163.8 66084.58 112.4748 -0.982339 -0.187112 0 
301163.8 66084.58 108.5029 -0.982339 -0.187112 0 
301163.8 66084.58 104.531 -0.982339 -0.187112 0 
301163.8 66084.58 100.5591 -0.982339 -0.187112 0 
301163.8 66084.58 96.58723 -0.982339 -0.187112 0 
301163.8 66084.58 92.61534 -0.982339 -0.187112 0 
301163.8 66084.58 88.64346 -0.982339 -0.187112 0 
301163.8 66084.58 84.67157 -0.982339 -0.187112 0 
301163.8 66084.58 80.69968 -0.982339 -0.187112 0 
301163.8 66084.58 76.72779 -0.982339 -0.187112 0 
301163.8 66084.58 72.75591 -0.982339 -0.187112 0 
301163.8 66084.58 68.78402 -0.982339 -0.187112 0 
301163.8 66084.58 64.81213 -0.982339 -0.187112 0 
301163.8 66084.58 60.84024 -0.982339 -0.187112 0 
301163.8 66084.58 56.86835 -0.982339 -0.187112 0 
301163.8 66084.58 52.89647 -0.982339 -0.187112 0 
301163.8 66084.58 48.92458 -0.982339 -0.187112 0 
301163.8 66084.58 44.95269 -0.982339 -0.187112 0 
301163.8 66084.58 40.9808 -0.982339 -0.187112 0 
301163.8 66084.58 37.00891 -0.982339 -0.187112 0 
301163.8 66084.58 33.03703 -0.982339 -0.187112 0 
301163.8 66084.58 29.06514 -0.982339 -0.187112 0 
301163.8 66084.58 25.09325 -0.982339 -0.187112 0 
301162.5 66080.47 116.4467 -0.877145 0.480225 0 
301162.5 66080.47 98.17599 -0.877145 0.480225 0 
301162.5 66080.47 79.9053 -0.877145 0.480225 0 
301162.5 66080.47 61.63462 -0.877145 0.480225 0 
301162.5 66080.47 43.36393 -0.877145 0.480225 0 
301162.5 66080.47 25.09325 -0.877145 0.480225 0 
301164 66083.27 116.4467 -0.877145 0.480225 0 
301164 66083.27 98.17599 -0.877145 0.480225 0 
301164 66083.27 79.9053 -0.877145 0.480225 0 
301164 66083.27 61.63462 -0.877145 0.480225 0 
301164 66083.27 43.36393 -0.877145 0.480225 0 
301164 66083.27 25.09325 -0.877145 0.480225 0 
301160.9 66077.48 80.24923 -0.878247 0.478208 0 
301160.9 66077.48 61.8639 -0.878247 0.478208 0 
301160.9 66077.48 43.47858 -0.878247 0.478208 0 
301160.9 66077.48 25.09325 -0.878247 0.478208 0 
301162.5 66080.47 80.24923 -0.878247 0.478208 0 
301162.5 66080.47 61.8639 -0.878247 0.478208 0 
301162.5 66080.47 43.47858 -0.878247 0.478208 0 
301162.5 66080.47 25.09325 -0.878247 0.478208 0 
301159.7 66076.99 80.24923 -0.374463 0.927242 0 
301159.7 66076.99 72.3698 -0.374463 0.927242 0 
301159.7 66076.99 64.49038 -0.374463 0.927242 0 
301159.7 66076.99 56.61095 -0.374463 0.927242 0 
301159.7 66076.99 48.73153 -0.374463 0.927242 0 
301159.7 66076.99 40.8521 -0.374463 0.927242 0 
301159.7 66076.99 32.97268 -0.374463 0.927242 0 
301159.7 66076.99 25.09325 -0.374463 0.927242 0 
301160.9 66077.48 80.24923 -0.374463 0.927242 0 
301160.9 66077.48 72.3698 -0.374463 0.927242 0 
301160.9 66077.48 64.49038 -0.374463 0.927242 0 
301160.9 66077.48 56.61095 -0.374463 0.927242 0 
301160.9 66077.48 48.73153 -0.374463 0.927242 0 
301160.9 66077.48 40.8521 -0.374463 0.927242 0 
301160.9 66077.48 32.97268 -0.374463 0.927242 0 
301160.9 66077.48 25.09325 -0.374463 0.927242 0 
301158.4 66074.77 80.24923 -0.877189 0.480145 0 
301158.4 66074.77 66.46024 -0.877189 0.480145 0 
301158.4 66074.77 52.67124 -0.877189 0.480145 0 
301158.4 66074.77 38.88224 -0.877189 0.480145 0 
301158.4 66074.77 25.09325 -0.877189 0.480145 0 
301159.7 66076.99 80.24923 -0.877189 0.480145 0 
301159.7 66076.99 66.46024 -0.877189 0.480145 0 
301159.7 66076.99 52.67124 -0.877189 0.480145 0 
301159.7 66076.99 38.88224 -0.877189 0.480145 0 
301159.7 66076.99 25.09325 -0.877189 0.480145 0 
301158.7 66073.77 80.24923 -0.962094 -0.272719 0 
301158.7 66073.77 74.12079 -0.962094 -0.272719 0 
301158.7 66073.77 67.99235 -0.962094 -0.272719 0 
301158.7 66073.77 61.8639 -0.962094 -0.272719 0 
301158.7 66073.77 55.73546 -0.962094 -0.272719 0 
301158.7 66073.77 49.60702 -0.962094 -0.272719 0 
301158.7 66073.77 43.47858 -0.962094 -0.272719 0 
301158.7 66073.77 37.35014 -0.962094 -0.272719 0 
301158.7 66073.77 31.22169 -0.962094 -0.272719 0 
301158.7 66073.77 25.09325 -0.962094 -0.272719 0 
301158.4 66074.77 80.24923 -0.962094 -0.272719 0 
301158.4 66074.77 74.12079 -0.962094 -0.272719 0 
301158.4 66074.77 67.99235 -0.962094 -0.272719 0 
301158.4 66074.77 61.8639 -0.962094 -0.272719 0 
301158.4 66074.77 55.73546 -0.962094 -0.272719 0 
301158.4 66074.77 49.60702 -0.962094 -0.272719 0 
301158.4 66074.77 43.47858 -0.962094 -0.272719 0 
301158.4 66074.77 37.35014 -0.962094 -0.272719 0 
301158.4 66074.77 31.22169 -0.962094 -0.272719 0 
301158.4 66074.77 25.09325 -0.962094 -0.272719 0 
301158.7 66073.77 25.09325 -0.487235 -0.873271 0 
301158.7 66073.77 80.24923 -0.487235 -0.873271 0 
301170.7 66067.08 25.09325 -0.487235 -0.873271 0 
301170.7 66067.08 80.24923 -0.487235 -0.873271 0 
301170.7 66067.08 25.09325 0.274721 -0.961524 0 
301170.7 66067.08 31.22169 0.274721 -0.961524 0 
301170.7 66067.08 37.35014 0.274721 -0.961524 0 
301170.7 66067.08 43.47858 0.274721 -0.961524 0 
301170.7 66067.08 49.60702 0.274721 -0.961524 0 
301170.7 66067.08 55.73546 0.274721 -0.961524 0 
301170.7 66067.08 61.8639 0.274721 -0.961524 0 
301170.7 66067.08 67.99235 0.274721 -0.961524 0 
301170.7 66067.08 74.12079 0.274721 -0.961524 0 
301170.7 66067.08 80.24923 0.274721 -0.961524 0 
301171.8 66067.39 25.09325 0.274721 -0.961524 0 
301171.8 66067.39 31.22169 0.274721 -0.961524 0 
301171.8 66067.39 37.35014 0.274721 -0.961524 0 
301171.8 66067.39 43.47858 0.274721 -0.961524 0 
301171.8 66067.39 49.60702 0.274721 -0.961524 0 
301171.8 66067.39 55.73546 0.274721 -0.961524 0 
301171.8 66067.39 61.8639 0.274721 -0.961524 0 
301171.8 66067.39 67.99235 0.274721 -0.961524 0 
301171.8 66067.39 74.12079 0.274721 -0.961524 0 
301171.8 66067.39 80.24923 0.274721 -0.961524 0 
301171.8 66067.39 25.09325 0.874972 -0.484174 0 
301171.8 66067.39 52.67124 0.874972 -0.484174 0 
301171.8 66067.39 80.24923 0.874972 -0.484174 0 
301175.1 66073.32 25.09325 0.874972 -0.484174 0 
301175.1 66073.32 52.67124 0.874972 -0.484174 0 
301175.1 66073.32 80.24923 0.874972 -0.484174 0 
301175.1 66073.32 25.09325 0.875378 -0.483438 0 
301175.1 66073.32 70.76996 0.875378 -0.483438 0 
301175.1 66073.32 116.4467 0.875378 -0.483438 0 
301180.6 66083.34 25.09325 0.875378 -0.483438 0 
301180.6 66083.34 70.76996 0.875378 -0.483438 0 
301180.6 66083.34 116.4467 0.875378 -0.483438 0 
301180.6 66083.34 25.09325 0.872869 -0.487954 0 
301180.6 66083.34 61.1006 0.872869 -0.487954 0 
301180.6 66083.34 97.10796 0.872869 -0.487954 0 
301180.6 66083.34 133.1153 0.872869 -0.487954 0 
301183.8 66089.09 25.09325 0.872869 -0.487954 0 
301183.8 66089.09 61.1006 0.872869 -0.487954 0 
301183.8 66089.09 97.10796 0.872869 -0.487954 0 
301183.8 66089.09 133.1153 0.872869 -0.487954 0 
301183.8 66089.09 25.09325 0.273983 -0.961735 0 
301183.8 66089.09 33.40264 0.273983 -0.961735 0 
301183.8 66089.09 41.71202 0.273983 -0.961735 0 
301183.8 66089.09 50.02142 0.273983 -0.961735 0 
301183.8 66089.09 58.33081 0.273983 -0.961735 0 
301183.8 66089.09 66.64019 0.273983 -0.961735 0 
301183.8 66089.09 74.94958 0.273983 -0.961735 0 
301183.8 66089.09 83.25897 0.273983 -0.961735 0 
301183.8 66089.09 91.56837 0.273983 -0.961735 0 
301183.8 66089.09 99.87775 0.273983 -0.961735 0 
301183.8 66089.09 108.1871 0.273983 -0.961735 0 
301183.8 66089.09 116.4965 0.273983 -0.961735 0 
301183.8 66089.09 124.8059 0.273983 -0.961735 0 
301183.8 66089.09 133.1153 0.273983 -0.961735 0 
301185.2 66089.48 25.09325 0.273983 -0.961735 0 
301185.2 66089.48 33.40264 0.273983 -0.961735 0 
301185.2 66089.48 41.71202 0.273983 -0.961735 0 
301185.2 66089.48 50.02142 0.273983 -0.961735 0 
301185.2 66089.48 58.33081 0.273983 -0.961735 0 
301185.2 66089.48 66.64019 0.273983 -0.961735 0 
301185.2 66089.48 74.94958 0.273983 -0.961735 0 
301185.2 66089.48 83.25897 0.273983 -0.961735 0 
301185.2 66089.48 91.56837 0.273983 -0.961735 0 
301185.2 66089.48 99.87775 0.273983 -0.961735 0 
301185.2 66089.48 108.1871 0.273983 -0.961735 0 
301185.2 66089.48 116.4965 0.273983 -0.961735 0 
301185.2 66089.48 124.8059 0.273983 -0.961735 0 
301185.2 66089.48 133.1153 0.273983 -0.961735 0 
301185.2 66089.48 25.09325 0.271394 -0.962468 0 
301185.2 66089.48 40.01983 0.271394 -0.962468 0 
301185.2 66089.48 54.94641 0.271394 -0.962468 0 
301185.2 66089.48 69.87299 0.271394 -0.962468 0 
301185.2 66089.48 84.79957 0.271394 -0.962468 0 
301185.2 66089.48 99.72614 0.271394 -0.962468 0 
301185.2 66089.48 114.6527 0.271394 -0.962468 0 
301185.2 66089.48 129.5793 0.271394 -0.962468 0 
301185.2 66089.48 144.5059 0.271394 -0.962468 0 
301187.9 66090.23 25.09325 0.272871 -0.962051 0 
301187.9 66090.23 40.01983 0.272871 -0.962051 0 
301187.9 66090.23 54.94641 0.272871 -0.962051 0 
301187.9 66090.23 69.87299 0.272871 -0.962051 0 
301187.9 66090.23 84.79957 0.272871 -0.962051 0 
301187.9 66090.23 99.72614 0.272871 -0.962051 0 
301187.9 66090.23 114.6527 0.272871 -0.962051 0 
301187.9 66090.23 129.5793 0.272871 -0.962051 0 
301187.9 66090.23 144.5059 0.272871 -0.962051 0 
301190.5 66090.99 25.09325 0.274348 -0.961631 0 
301190.5 66090.99 40.01983 0.274348 -0.961631 0 
301190.5 66090.99 54.94641 0.274348 -0.961631 0 
301190.5 66090.99 69.87299 0.274348 -0.961631 0 
301190.5 66090.99 84.79957 0.274348 -0.961631 0 
301190.5 66090.99 99.72614 0.274348 -0.961631 0 
301190.5 66090.99 114.6527 0.274348 -0.961631 0 
301190.5 66090.99 129.5793 0.274348 -0.961631 0 
301190.5 66090.99 144.5059 0.274348 -0.961631 0 
301190.5 66090.99 25.09325 0.274164 -0.961683 0 
301190.5 66090.99 54.94641 0.274164 -0.961683 0 
301190.5 66090.99 84.79957 0.274164 -0.961683 0 
301190.5 66090.99 114.6527 0.274164 -0.961683 0 
301190.5 66090.99 144.5059 0.274164 -0.961683 0 
301195.9 66092.52 25.09325 0.274164 -0.961683 0 
301195.9 66092.52 54.94641 0.274164 -0.961683 0 
301195.9 66092.52 84.79957 0.274164 -0.961683 0 
301195.9 66092.52 114.6527 0.274164 -0.961683 0 
301195.9 66092.52 144.5059 0.274164 -0.961683 0 
301195.9 66092.52 25.09325 0.274086 -0.961705 0 
301195.9 66092.52 34.09509 0.274086 -0.961705 0 
301195.9 66092.52 43.09692 0.274086 -0.961705 0 
301195.9 66092.52 52.09877 0.274086 -0.961705 0 
301195.9 66092.52 61.1006 0.274086 -0.961705 0 
301195.9 66092.52 70.10244 0.274086 -0.961705 0 
301195.9 66092.52 79.10428 0.274086 -0.961705 0 
301195.9 66092.52 88.10611 0.274086 -0.961705 0 
301195.9 66092.52 97.10796 0.274086 -0.961705 0 
301195.9 66092.52 106.1098 0.274086 -0.961705 0 
301195.9 66092.52 115.1116 0.274086 -0.961705 0 
301195.9 66092.52 124.1135 0.274086 -0.961705 0 
301195.9 66092.52 133.1153 0.274086 -0.961705 0 
301197.4 66092.96 25.09325 0.274086 -0.961705 0 
301197.4 66092.96 34.09509 0.274086 -0.961705 0 
301197.4 66092.96 43.09692 0.274086 -0.961705 0 
301197.4 66092.96 52.09877 0.274086 -0.961705 0 
301197.4 66092.96 61.1006 0.274086 -0.961705 0 
301197.4 66092.96 70.10244 0.274086 -0.961705 0 
301197.4 66092.96 79.10428 0.274086 -0.961705 0 
301197.4 66092.96 88.10611 0.274086 -0.961705 0 
301197.4 66092.96 97.10796 0.274086 -0.961705 0 
301197.4 66092.96 106.1098 0.274086 -0.961705 0 
301197.4 66092.96 115.1116 0.274086 -0.961705 0 
301197.4 66092.96 124.1135 0.274086 -0.961705 0 
301197.4 66092.96 133.1153 0.274086 -0.961705 0 
301197.4 66092.96 25.09325 -0.487495 -0.873126 0 
301197.4 66092.96 61.1006 -0.487495 -0.873126 0 
301197.4 66092.96 97.10796 -0.487495 -0.873126 0 
301197.4 66092.96 133.1153 -0.487495 -0.873126 0 
301203.1 66089.82 25.09325 -0.487495 -0.873126 0 
301203.1 66089.82 61.1006 -0.487495 -0.873126 0 
301203.1 66089.82 97.10796 -0.487495 -0.873126 0 
301203.1 66089.82 133.1153 -0.487495 -0.873126 0 
301203.1 66089.82 25.09325 -0.490261 -0.871576 0 
301203.1 66089.82 70.79591 -0.490261 -0.871576 0 
301203.1 66089.82 116.4986 -0.490261 -0.871576 0 
301212.9 66084.27 25.09325 -0.490261 -0.871576 0 
301212.9 66084.27 70.79591 -0.490261 -0.871576 0 
301212.9 66084.27 116.4986 -0.490261 -0.871576 0 
301212.9 66084.27 25.09325 -0.49253 -0.870296 0 
301212.9 66084.27 52.80806 -0.49253 -0.870296 0 
301212.9 66084.27 80.52287 -0.49253 -0.870295 0 
301218.6 66081.05 25.09325 -0.49253 -0.870296 0 
301218.6 66081.05 52.80806 -0.49253 -0.870296 0 
301218.6 66081.05 80.52287 -0.49253 -0.870296 0 
301218.6 66081.05 25.09325 -0.483455 -0.875369 0 
301218.6 66081.05 28.11973 -0.483455 -0.875369 0 
301228.2 66075.77 25.09325 -0.483455 -0.875369 0 
301228.2 66075.77 28.11973 -0.483455 -0.875369 0 
301228.2 66075.77 25.09325 -0.482572 -0.875857 0 
301228.2 66075.77 31.14182 -0.482571 -0.875857 0 
301237.8 66070.45 25.09325 -0.482571 -0.875857 0 
301237.8 66070.45 31.14182 -0.482572 -0.875857 0 
301233.4 66062.5 21.70983 0.484515 0.874782 0.00132744 
301233.4 66062.5 16.24216 0.484515 0.874782 0.00132744 
301233.4 66062.5 24.83632 0.484515 0.874782 0.00132744 
301233.4 66062.5 18.34776 0.484515 0.874782 0.00132744 
301219.5 66055.07 63.85082 -0.874782 0.484515 -0.00132744 
301219.5 66055.07 68.12963 -0.876683 0.481068 0 
301223 66061.56 68.12963 -0.876683 0.481068 0 
301223 66061.56 42.18589 -0.876683 0.481068 0 
301223 66061.56 16.24216 -0.874782 0.484515 0.00132744 
301223 66061.56 21.70983 -0.874565 0.484908 0 
301223 66061.56 16.24216 -0.874565 0.484908 0 
301224.3 66063.93 21.70983 -0.874565 0.484908 0 
301224.3 66063.93 16.24216 -0.874565 0.484908 0 
301223.3 66062.07 23.3977 -0.874504 0.485019 0 
301223.3 66062.07 16.24216 -0.874504 0.485019 0 
301224.3 66063.93 23.3977 -0.874504 0.485019 0 
301224.3 66063.93 16.24216 -0.874504 0.485019 0 
301223.3 66062.07 35.10382 -0.874782 0.484515 0.00132744 
301223.3 66062.07 16.24216 -0.874782 0.484515 0.00132744 
301224.3 66063.93 21.70983 -0.869457 0.494009 0 
301224.3 66063.93 16.24216 -0.869457 0.494009 0 
301225.1 66065.3 21.70983 -0.873709 0.486449 0 
301225.1 66065.3 16.24216 -0.873709 0.486449 0 
301225.9 66066.68 21.70983 -0.877896 0.478852 0 
301225.9 66066.68 16.24216 -0.877896 0.478852 0 
301224.3 66063.93 23.3977 -0.869457 0.494009 0 
301224.3 66063.93 16.24216 -0.869457 0.494009 0 
301225.1 66065.3 23.3977 -0.873709 0.486449 0 
301225.1 66065.3 16.24216 -0.873709 0.486449 0 
301225.9 66066.68 23.3977 -0.877896 0.478852 0 
301225.9 66066.68 16.24216 -0.877896 0.478852 0 
301223 66053.09 68.12963 -0.874782 0.484515 0.00132744 
301219.5 66055.07 63.85082 -0.486619 -0.873614 0 
301219.5 66055.07 68.12963 -0.486619 -0.873615 0 
301223 66053.09 68.12963 -0.486619 -0.873614 0 
301223.7 66053.28 63.33369 0.874782 -0.484515 0.00132744 
301223.7 66053.28 68.12963 0.874782 -0.484515 0.00132744 
301220.1 66055.23 68.12963 0.480737 0.876865 0 
301220.1 66055.23 63.33369 0.480737 0.876865 0 
301221.9 66054.26 68.12963 0.484021 0.875057 0 
301221.9 66054.26 63.33369 0.484021 0.875057 0 
301223.7 66053.28 68.12963 0.487297 0.873236 0 
301223.7 66053.28 63.33369 0.487297 0.873236 0 
301220.1 66055.23 63.33369 0.875505 -0.483209 0 
301220.1 66055.23 68.12963 0.875505 -0.483209 0 
301223.2 66060.73 63.33369 0.875505 -0.483209 0 
301223.2 66060.73 68.12963 0.875505 -0.483209 0 
301223.2 66060.73 63.33369 -0.484515 -0.874782 -0.00132744 
301223.2 66060.73 68.12963 -0.484515 -0.874782 -0.00132744 
301223 66061.56 68.12963 0.484515 0.874782 -0.00132744 
301223 66061.56 21.70983 0.484515 0.874782 -0.00132744 
301240.7 66061.79 18.34776 -0.484515 -0.874782 -0.00132744 
301240.7 66061.79 18.34776 0.874782 -0.484515 -0.00132744 
301240.7 66061.79 24.83632 0.874782 -0.484515 -0.00132744 
301239.1 66072.77 49.14347 0.480315 0.877096 0 
301239.1 66072.77 41.44454 0.480315 0.877096 0 
301239.1 66072.77 33.74562 0.480315 0.877096 0 
301239.1 66072.77 26.04669 0.480315 0.877096 0 
301239.1 66072.77 18.34776 0.480315 0.877096 0 
301240.4 66072.05 49.14347 0.480315 0.877096 0 
301240.4 66072.05 41.44454 0.480315 0.877096 0 
301240.4 66072.05 33.74562 0.480315 0.877096 0 
301240.4 66072.05 26.04669 0.480315 0.877096 0 
301240.4 66072.05 18.34776 0.480315 0.877096 0 
301240.4 66072.05 45.45979 -0.875968 0.482369 0 
301240.4 66072.05 18.34776 -0.875968 0.482369 0 
301242.7 66076.14 45.45979 -0.875968 0.482369 0 
301242.7 66076.14 18.34776 -0.875968 0.482369 0 
301242.7 66076.14 45.45979 -0.875578 0.483077 0 
301242.7 66076.14 18.34776 -0.875578 0.483077 0 
301245.9 66082.03 45.45979 -0.875578 0.483077 0 
301245.9 66082.03 18.34776 -0.875578 0.483077 0 
301244.6 66082.75 18.34776 -0.480315 -0.877096 0 
301244.6 66082.75 25.12577 -0.480315 -0.877096 0 
301244.6 66082.75 31.90378 -0.480315 -0.877096 0 
301244.6 66082.75 38.68178 -0.480315 -0.877096 0 
301244.6 66082.75 45.45979 -0.480315 -0.877096 0 
301245.9 66082.03 18.34776 -0.480315 -0.877096 0 
301245.9 66082.03 25.12577 -0.480315 -0.877096 0 
301245.9 66082.03 31.90378 -0.480315 -0.877096 0 
301245.9 66082.03 38.68178 -0.480315 -0.877096 0 
301245.9 66082.03 45.45979 -0.480315 -0.877096 0 
301248.1 66088.95 45.45979 0.484515 0.874782 0.00132744 
301248.1 66088.95 18.34776 0.484515 0.874782 0.00132744 
301219.9 66067.95 15.83541 0.872506 -0.488603 0 
301219.9 66067.95 19.44174 0.872506 -0.488603 0 
301219.9 66067.95 23.04808 0.872506 -0.488603 0 
301220.3 66068.73 15.83541 0.879967 -0.475035 0 
301220.3 66068.73 19.44174 0.879967 -0.475035 0 
301220.3 66068.73 23.04808 0.879967 -0.475035 0 
301220.8 66069.51 15.83541 0.887217 -0.461353 0 
301220.8 66069.51 19.44174 0.887217 -0.461353 0 
301220.8 66069.51 23.04808 0.887217 -0.461353 0 
301219.8 66067.7 15.83541 0.888621 -0.458643 0 
301219.8 66067.7 17.27794 0.888621 -0.458643 0 
301219.8 66067.7 18.72047 0.888621 -0.458643 0 
301219.8 66067.7 20.16301 0.888621 -0.458643 0 
301219.8 66067.7 21.60555 0.888621 -0.458643 0 
301219.8 66067.7 23.04808 0.888621 -0.458643 0 
301219.9 66067.95 15.83541 0.888621 -0.458643 0 
301219.9 66067.95 17.27794 0.888621 -0.458643 0 
301219.9 66067.95 18.72047 0.888621 -0.458643 0 
301219.9 66067.95 20.16301 0.888621 -0.458643 0 
301219.9 66067.95 21.60555 0.888621 -0.458643 0 
301219.9 66067.95 23.04808 0.888621 -0.458643 0 
301219.9 66067.95 16.24216 0.872506 -0.488603 0 
301219.9 66067.95 19.81993 0.872506 -0.488603 0 
301219.9 66067.95 23.3977 0.872506 -0.488603 0 
301220.3 66068.73 16.24216 0.879967 -0.475035 0 
301220.3 66068.73 19.81993 0.879967 -0.475035 0 
301220.3 66068.73 23.3977 0.879967 -0.475035 0 
301220.8 66069.51 16.24216 0.887217 -0.461353 0 
301220.8 66069.51 19.81993 0.887217 -0.461353 0 
301220.8 66069.51 23.3977 0.887217 -0.461353 0 
301219.8 66067.7 15.83541 0.874782 -0.484515 -0.00132744 
301219.8 66067.7 27.57685 0.874782 -0.484515 -0.00132744 
301219.9 66067.95 16.24216 0.874782 -0.484515 0.00132744 
301219.9 66067.95 23.3977 0.874782 -0.484515 0.00132744 
301185.3 66054.05 15.83541 -0.484515 -0.874782 -0.00132744 
301185.3 66054.05 28.76789 -0.484515 -0.874782 -0.00132744 
301185.3 66054.05 28.76789 -0.875143 0.483864 0 
301185.3 66054.05 15.83541 -0.875143 0.483864 0 
301193.5 66068.75 28.76789 -0.875143 0.483864 0 
301193.5 66068.75 15.83541 -0.875143 0.483864 0 
301185.3 66054.05 24.75281 -0.875143 0.483864 0 
301185.3 66054.05 15.83541 -0.875143 0.483864 0 
301193.5 66068.75 24.75281 -0.875143 0.483864 0 
301193.5 66068.75 15.83541 -0.875143 0.483864 0 
301193.5 66068.75 28.76789 -0.875867 0.482553 0 
301193.5 66068.75 15.83541 -0.875867 0.482553 0 
301195.8 66072.89 28.76789 -0.874471 0.485078 0 
301195.8 66072.89 15.83541 -0.874471 0.485079 0 
301198.1 66077.03 28.76789 -0.873067 0.4876 0 
301198.1 66077.03 15.83541 -0.873067 0.4876 0 
301198.1 66077.03 23.04808 -0.875578 0.483077 0 
301198.1 66077.03 15.83541 -0.875578 0.483077 0 
301200.2 66080.88 23.04808 -0.875578 0.483077 0 
301200.2 66080.88 15.83541 -0.875578 0.483077 0 
301193.5 66068.75 24.75281 -0.874821 0.484447 0 
301193.5 66068.75 15.83541 -0.874821 0.484447 0 
301200.2 66080.88 24.75281 -0.874821 0.484447 0 
301200.2 66080.88 15.83541 -0.874821 0.484447 0 
301234.8 66065.01 24.83632 -0.484515 -0.874782 0.00132744 
301234.8 66065.01 45.42942 -0.484515 -0.874782 0.00132744 
301240.7 66061.79 24.83632 -0.484515 -0.874782 0.00132744 
301237 66068.86 45.42942 -0.484515 -0.874782 0.00132744 
301237 66068.86 49.14347 -0.484515 -0.874782 0.00132744 
301215.9 66069.83 27.57685 0.874782 -0.484515 0.00132744 
301215.9 66069.83 36.15538 0.874782 -0.484515 0.00132744 
301209.3 66073.48 36.15538 -0.874782 0.484515 0.00132744 
301209.3 66073.48 28.76789 -0.874782 0.484515 0.00132744 
301209.3 66073.48 36.15538 0.482395 0.875954 0 
301209.3 66073.48 23.04808 0.482395 0.875954 0 
301215.9 66069.83 36.15538 0.482395 0.875954 0 
301215.9 66069.83 23.04808 0.482395 0.875954 0 
301206.3 66075.16 28.76789 0.486408 0.873732 0 
301206.3 66075.16 23.04808 0.486408 0.873732 0 
301209.3 66073.48 28.76789 0.486408 0.873732 0 
301209.3 66073.48 23.04808 0.486408 0.873732 0 
301205.2 66073.11 28.76789 -0.876357 0.481662 0 
301205.2 66073.11 23.04808 -0.876357 0.481662 0 
301205.7 66074.13 28.76789 -0.877127 0.480258 0 
301205.7 66074.13 23.04808 -0.877127 0.480258 0 
301206.3 66075.16 28.76789 -0.877896 0.478852 0 
301206.3 66075.16 23.04808 -0.877896 0.478852 0 
301198.1 66077.03 28.76789 0.483842 0.875156 0 
301198.1 66077.03 23.04808 0.483842 0.875156 0 
301205.2 66073.11 28.76789 0.483842 0.875156 0 
301205.2 66073.11 23.04808 0.483842 0.875156 0 
301240.4 66072.05 49.14347 0.484515 0.874782 0.00132744 
301240.4 66072.05 45.45979 0.484515 0.874782 0.00132744 
301178.8 66057.65 15.83541 -0.483856 -0.875148 0 
301178.8 66057.65 24.75281 -0.483856 -0.875148 0 
301185.3 66054.05 15.83541 -0.483856 -0.875148 0 
301185.3 66054.05 24.75281 -0.483856 -0.875148 0 
301220 66063.91 35.10382 0.486343 0.873768 0 
301220 66063.91 23.3977 0.486343 0.873768 0 
301223.3 66062.07 35.10382 0.486343 0.873768 0 
301223.3 66062.07 23.3977 0.486343 0.873768 0 
301220 66063.91 35.10382 -0.874782 0.484515 -0.00132744 
301220 66063.91 23.3977 -0.874782 0.484515 -0.00132744 
3 6 8 7 
3 6 7 5 
3 5 7 13 
3 5 13 12 
3 26 25 18 
3 26 18 19 
3 19 18 20 
3 19 20 21 
3 13 10 11 
3 12 13 11 
3 13 9 10 
3 14 12 11 
3 5 12 14 
3 7 9 13 
3 4 9 3 
3 8 3 9 
3 7 8 9 
3 6 2 3 
3 5 2 6 
3 1 2 5 
3 8 6 3 
3 18 5 14 
3 18 15 20 
3 16 20 15 
3 5 18 1 
3 21 16 17 
3 17 22 21 
3 20 16 21 
3 22 19 21 
3 1 18 25 
3 0 1 25 
3 0 26 23 
3 19 23 26 
3 23 24 0 
3 25 26 0 
3 23 19 22 
3 15 18 14 
3 32 34 33 
3 32 33 31 
3 31 33 39 
3 31 39 38 
3 52 51 43 
3 52 43 44 
3 44 43 45 
3 44 45 46 
3 39 36 37 
3 38 39 37 
3 39 35 36 
3 37 40 38 
3 40 31 38 
3 33 35 39 
3 30 35 29 
3 34 29 35 
3 33 34 35 
3 32 28 29 
3 31 28 32 
3 28 31 40 
3 34 32 29 
3 28 40 43 
3 46 45 41 
3 40 41 45 
3 42 46 41 
3 47 44 46 
3 46 42 47 
3 48 44 47 
3 28 43 51 
3 27 52 49 
3 48 52 44 
3 49 50 27 
3 51 52 27 
3 52 48 49 
3 28 51 27 
3 40 45 43 
3 58 59 60 
3 57 58 56 
3 58 55 56 
3 55 58 60 
3 63 61 62 
3 54 61 63 
3 55 61 54 
3 53 54 63 
3 60 61 55 
3 88 67 66 
3 88 66 84 
3 69 71 73 
3 69 73 70 
3 70 73 72 
3 70 72 68 
3 70 68 66 
3 67 69 70 
3 66 67 70 
3 76 75 74 
3 66 68 76 
3 74 66 76 
3 68 72 78 
3 68 78 76 
3 76 78 77 
3 76 77 75 
3 84 66 74 
3 84 74 85 
3 79 77 65 
3 80 77 79 
3 80 75 77 
3 65 77 78 
3 75 80 81 
3 72 65 78 
3 90 91 71 
3 64 71 91 
3 64 72 73 
3 64 73 71 
3 72 64 65 
3 71 69 90 
3 74 81 85 
3 82 85 81 
3 84 85 83 
3 82 83 85 
3 87 84 83 
3 89 69 67 
3 88 89 67 
3 90 69 89 
3 84 87 88 
3 83 86 87 
3 88 87 89 
3 81 74 75 
3 106 104 103 
3 106 103 105 
3 103 101 92 
3 103 92 102 
3 93 111 112 
3 92 93 94 
3 111 93 92 
3 110 111 92 
3 108 109 110 
3 107 108 101 
3 110 101 108 
3 101 104 107 
3 101 110 92 
3 102 92 94 
3 102 94 96 
3 95 96 94 
3 102 97 98 
3 96 97 102 
3 105 102 98 
3 102 105 103 
3 101 103 104 
3 100 106 99 
3 105 99 106 
3 104 106 100 
3 99 105 98 
3 107 104 100 
3 117 120 116 
3 121 116 120 
3 118 119 117 
3 120 117 119 
3 122 115 121 
3 116 121 115 
3 114 115 122 
3 123 113 114 
3 122 123 114 
3 130 131 134 
3 132 133 131 
3 134 131 133 
3 124 130 134 
3 129 125 126 
3 127 129 126 
3 130 125 129 
3 128 129 127 
3 124 125 130 
3 157 155 154 
3 157 154 156 
3 154 153 137 
3 154 137 146 
3 153 161 139 
3 153 139 137 
3 137 139 140 
3 137 140 138 
3 146 137 138 
3 146 138 147 
3 148 147 149 
3 148 149 150 
3 140 136 141 
3 142 140 141 
3 138 140 143 
3 142 143 140 
3 139 136 140 
3 160 162 159 
3 135 161 162 
3 162 161 159 
3 159 161 158 
3 139 161 135 
3 139 135 136 
3 161 153 158 
3 149 138 143 
3 148 146 147 
3 150 144 145 
3 145 148 150 
3 148 156 154 
3 148 154 146 
3 149 144 150 
3 144 149 143 
3 145 156 148 
3 158 153 155 
3 155 153 154 
3 158 155 152 
3 152 157 156 
3 156 151 152 
3 151 156 145 
3 157 152 155 
3 149 147 138 
3 166 167 169 
3 169 167 168 
3 166 169 170 
3 166 171 163 
3 163 165 166 
3 163 164 165 
3 170 171 166 
3 189 196 195 
3 189 195 174 
3 176 173 172 
3 176 172 175 
3 190 174 173 
3 176 177 190 
3 173 176 190 
3 191 189 174 
3 191 174 190 
3 188 191 190 
3 188 190 177 
3 179 177 176 
3 179 176 178 
3 217 180 182 
3 183 181 217 
3 182 183 217 
3 233 185 183 
3 182 184 233 
3 183 182 233 
3 226 184 227 
3 226 227 228 
3 232 185 233 
3 232 233 234 
3 234 233 184 
3 234 184 226 
3 202 172 201 
3 175 203 204 
3 203 172 202 
3 172 199 200 
3 201 172 200 
3 199 172 173 
3 172 203 175 
3 198 199 173 
3 175 204 205 
3 219 180 218 
3 217 216 218 
3 208 248 179 
3 206 176 205 
3 175 205 176 
3 207 178 206 
3 176 206 178 
3 215 216 181 
3 195 197 198 
3 173 195 198 
3 173 174 195 
3 194 197 195 
3 196 193 194 
3 192 196 189 
3 191 192 189 
3 193 196 192 
3 196 194 195 
3 188 177 179 
3 179 207 208 
3 247 188 179 
3 187 191 188 
3 186 187 188 
3 188 247 186 
3 247 179 246 
3 245 246 248 
3 248 246 179 
3 192 191 187 
3 178 207 179 
3 219 220 180 
3 222 182 221 
3 222 223 227 
3 223 224 228 
3 223 228 227 
3 227 182 222 
3 218 180 217 
3 214 181 183 
3 182 180 220 
3 182 220 221 
3 216 217 181 
3 184 182 227 
3 228 225 229 
3 224 225 228 
3 229 226 228 
3 230 232 234 
3 229 234 226 
3 230 234 229 
3 231 232 230 
3 212 183 185 
3 213 214 183 
3 209 210 241 
3 243 248 209 
3 209 248 208 
3 248 243 244 
3 209 241 243 
3 242 243 241 
3 245 248 244 
3 249 210 211 
3 185 235 236 
3 183 212 213 
3 249 212 185 
3 249 185 236 
3 235 232 231 
3 237 249 236 
3 210 239 241 
3 239 210 249 
3 249 238 239 
3 241 239 240 
3 238 249 237 
3 249 211 212 
3 232 235 185 
3 181 214 215 
3 298 300 301 
3 299 301 300 
3 299 300 289 
3 295 293 290 
3 295 290 294 
3 286 295 294 
3 286 294 276 
3 282 280 277 
3 282 277 281 
3 273 282 281 
3 273 281 270 
3 288 286 276 
3 288 276 287 
3 280 288 287 
3 280 287 277 
3 264 268 275 
3 264 275 272 
3 275 273 270 
3 275 270 274 
3 272 275 274 
3 272 274 271 
3 265 267 269 
3 265 269 266 
3 266 269 268 
3 266 268 264 
3 258 260 259 
3 258 259 257 
3 300 298 304 
3 305 300 304 
3 303 304 298 
3 305 290 289 
3 289 300 305 
3 290 293 299 
3 290 299 289 
3 290 305 306 
3 302 298 301 
3 306 276 294 
3 290 306 294 
3 307 287 306 
3 306 287 276 
3 307 281 277 
3 277 287 307 
3 281 307 270 
3 299 296 297 
3 301 297 302 
3 293 296 299 
3 302 303 298 
3 296 293 292 
3 292 293 291 
3 297 301 299 
3 291 295 286 
3 283 288 280 
3 285 286 288 
3 286 285 291 
3 288 284 285 
3 284 288 283 
3 282 283 280 
3 293 295 291 
3 275 263 273 
3 278 282 273 
3 282 278 279 
3 263 268 262 
3 263 278 273 
3 262 269 267 
3 271 274 308 
3 272 271 250 
3 308 250 271 
3 275 268 263 
3 272 251 264 
3 269 262 268 
3 251 272 250 
3 274 270 308 
3 270 307 308 
3 261 262 267 
3 257 259 261 
3 260 255 256 
3 256 259 260 
3 259 256 261 
3 254 255 260 
3 265 261 267 
3 251 265 266 
3 265 251 252 
3 251 266 264 
3 261 252 257 
3 253 258 257 
3 258 253 254 
3 253 257 252 
3 260 258 254 
3 265 252 261 
3 282 279 283 
3 358 310 359 
3 360 357 358 
3 359 360 358 
3 370 369 373 
3 372 311 370 
3 373 372 370 
3 376 374 377 
3 376 377 379 
3 379 377 309 
3 379 309 378 
3 375 379 378 
3 375 378 371 
3 415 338 312 
3 415 312 337 
3 392 416 391 
3 393 416 392 
3 417 395 396 
3 417 394 395 
3 417 416 393 
3 388 389 390 
3 416 388 390 
3 417 382 383 
3 391 416 390 
3 380 417 309 
3 394 417 393 
3 386 388 416 
3 417 396 309 
3 380 309 377 
3 309 396 397 
3 399 400 359 
3 401 360 400 
3 400 360 359 
3 357 360 402 
3 311 399 310 
3 398 399 311 
3 360 401 402 
3 371 378 397 
3 378 309 397 
3 397 372 373 
3 366 375 371 
3 371 373 366 
3 397 373 371 
3 372 397 398 
3 367 379 375 
3 399 359 310 
3 385 416 384 
3 385 386 416 
3 383 384 416 
3 386 387 388 
3 324 325 326 
3 323 324 326 
3 322 328 321 
3 328 329 321 
3 323 326 327 
3 323 327 322 
3 322 327 328 
3 381 417 380 
3 417 381 382 
3 374 380 377 
3 374 376 368 
3 367 368 376 
3 380 374 368 
3 416 417 383 
3 320 329 330 
3 319 320 330 
3 321 329 320 
3 318 331 332 
3 331 318 319 
3 318 332 317 
3 330 331 319 
3 379 367 376 
3 366 367 375 
3 355 356 357 
3 402 403 357 
3 403 355 357 
3 358 357 356 
3 354 355 404 
3 403 404 355 
3 405 354 404 
3 361 362 310 
3 310 358 356 
3 310 362 311 
3 398 311 372 
3 311 363 364 
3 311 364 370 
3 363 311 362 
3 310 356 361 
3 406 353 405 
3 407 352 406 
3 353 406 352 
3 350 351 407 
3 352 407 351 
3 349 350 407 
3 408 348 349 
3 409 347 408 
3 348 408 347 
3 345 346 409 
3 347 409 346 
3 408 349 407 
3 410 345 409 
3 405 353 354 
3 365 366 369 
3 369 366 373 
3 364 365 369 
3 335 336 312 
3 336 337 312 
3 334 335 312 
3 364 369 370 
3 316 317 333 
3 333 317 332 
3 334 316 333 
3 315 334 338 
3 312 338 334 
3 338 314 315 
3 415 314 338 
3 316 334 315 
3 410 343 344 
3 411 342 343 
3 342 411 341 
3 340 341 412 
3 411 412 341 
3 410 411 343 
3 337 339 413 
3 412 339 340 
3 414 415 413 
3 337 413 415 
3 415 414 313 
3 314 415 313 
3 339 412 413 
3 339 337 336 
3 344 345 410 
3 587 643 644 
3 587 644 642 
3 644 646 647 
3 644 647 645 
3 621 628 627 
3 621 627 588 
3 626 624 621 
3 626 621 625 
3 623 626 625 
3 623 625 622 
3 597 589 598 
3 597 598 599 
3 600 599 601 
3 600 601 602 
3 606 604 603 
3 589 597 606 
3 603 589 606 
3 605 604 606 
3 605 606 608 
3 608 606 597 
3 608 597 607 
3 647 634 635 
3 645 647 635 
3 646 634 647 
3 633 643 632 
3 633 646 643 
3 631 632 643 
3 646 633 634 
3 645 642 644 
3 642 645 636 
3 636 645 635 
3 636 637 642 
3 631 587 588 
3 587 614 588 
3 642 638 587 
3 643 587 631 
3 638 642 637 
3 646 644 643 
3 615 588 614 
3 630 631 627 
3 588 627 631 
3 629 630 627 
3 628 620 629 
3 620 628 619 
3 628 624 619 
3 628 629 627 
3 625 621 588 
3 617 623 622 
3 625 616 622 
3 625 588 616 
3 618 624 626 
3 617 618 623 
3 626 623 618 
3 619 624 618 
3 617 622 616 
3 628 621 624 
3 616 588 615 
3 598 639 640 
3 598 640 641 
3 639 589 587 
3 589 639 598 
3 601 599 598 
3 598 641 601 
3 613 587 589 
3 601 641 602 
3 591 602 590 
3 602 591 592 
3 600 602 592 
3 597 599 600 
3 597 600 607 
3 592 593 600 
3 593 607 600 
3 590 602 641 
3 614 587 613 
3 589 603 612 
3 610 611 603 
3 611 612 603 
3 613 589 612 
3 610 603 604 
3 594 608 607 
3 608 594 595 
3 594 607 593 
3 605 608 595 
3 610 604 609 
3 605 609 604 
3 609 605 596 
3 595 596 605 
3 639 587 638 
3 707 704 703 
3 707 703 706 
3 708 705 704 
3 708 704 707 
3 710 707 706 
3 710 706 709 
3 711 708 707 
3 711 707 710 
3 715 713 712 
3 715 712 714 
3 728 726 725 
3 728 725 727 
3 732 730 729 
3 732 729 731 
3 736 734 733 
3 736 733 735 
3 740 738 737 
3 740 737 739 
3 744 742 741 
3 744 741 743 
3 760 758 757 
3 760 757 759 
3 762 760 759 
3 762 759 761 
3 766 764 763 
3 766 763 765 
3 768 766 765 
3 768 765 767 
3 772 770 769 
3 772 769 771 
3 776 774 773 
3 776 773 775 
3 780 778 777 
3 780 777 779 
3 784 782 781 
3 784 781 783 
3 788 786 785 
3 788 785 787 
3 792 790 789 
3 792 789 791 
3 796 794 793 
3 796 793 795 
3 800 798 797 
3 800 797 799 
3 804 802 801 
3 804 801 803 
3 808 806 805 
3 808 805 807 
3 812 810 809 
3 812 809 811 
3 816 814 813 
3 816 813 815 
3 820 818 817 
3 820 817 819 
3 824 822 821 
3 824 821 823 
3 828 826 825 
3 828 825 827 
3 832 830 829 
3 832 829 831 
3 836 834 833 
3 836 833 835 
3 840 838 837 
3 840 837 839 
3 844 842 841 
3 844 841 843 
3 848 846 845 
3 848 845 847 
3 852 850 849 
3 852 849 851 
3 861 854 853 
3 861 853 860 
3 862 855 854 
3 862 854 861 
3 863 856 855 
3 863 855 862 
3 864 857 856 
3 864 856 863 
3 865 858 857 
3 865 857 864 
3 866 859 858 
3 866 858 865 
3 880 868 867 
3 880 867 879 
3 881 869 868 
3 881 868 880 
3 882 870 869 
3 882 869 881 
3 883 871 870 
3 883 870 882 
3 884 872 871 
3 884 871 883 
3 885 873 872 
3 885 872 884 
3 886 874 873 
3 886 873 885 
3 887 875 874 
3 887 874 886 
3 888 876 875 
3 888 875 887 
3 889 877 876 
3 889 876 888 
3 890 878 877 
3 890 877 889 
3 892 880 879 
3 892 879 891 
3 893 881 880 
3 893 880 892 
3 894 882 881 
3 894 881 893 
3 895 883 882 
3 895 882 894 
3 896 884 883 
3 896 883 895 
3 897 885 884 
3 897 884 896 
3 898 886 885 
3 898 885 897 
3 899 887 886 
3 899 886 898 
3 900 888 887 
3 900 887 899 
3 901 889 888 
3 901 888 900 
3 902 890 889 
3 902 889 901 
3 906 904 903 
3 906 903 905 
3 908 906 905 
3 908 905 907 
3 914 910 909 
3 914 909 913 
3 915 911 910 
3 915 910 914 
3 916 912 911 
3 916 911 915 
3 924 918 917 
3 924 917 923 
3 925 919 918 
3 925 918 924 
3 926 920 919 
3 926 919 925 
3 927 921 920 
3 927 920 926 
3 928 922 921 
3 928 921 927 
3 930 924 923 
3 930 923 929 
3 931 925 924 
3 931 924 930 
3 932 926 925 
3 932 925 931 
3 933 927 926 
3 933 926 932 
3 934 928 927 
3 934 927 933 
3 943 936 935 
3 943 935 942 
3 944 937 936 
3 944 936 943 
3 945 938 937 
3 945 937 944 
3 946 939 938 
3 946 938 945 
3 947 940 939 
3 947 939 946 
3 948 941 940 
3 948 940 947 
3 952 950 949 
3 952 949 951 
3 960 954 953 
3 960 953 959 
3 961 955 954 
3 961 954 960 
3 962 956 955 
3 962 955 961 
3 963 957 956 
3 963 956 962 
3 964 958 957 
3 964 957 963 
3 968 966 965 
3 968 965 967 
3 972 970 969 
3 972 969 971 
3 976 974 973 
3 976 973 975 
3 981 978 977 
3 981 977 980 
3 982 979 978 
3 982 978 981 
3 986 984 983 
3 986 983 985 
3 990 988 987 
3 990 987 989 
3 994 992 991 
3 994 991 993 
3 998 996 995 
3 998 995 997 
3 1000 998 997 
3 1000 997 999 
3 1004 1002 1001 
3 1004 1001 1003 
3 1012 1006 1005 
3 1012 1005 1011 
3 1013 1007 1006 
3 1013 1006 1012 
3 1014 1008 1007 
3 1014 1007 1013 
3 1015 1009 1008 
3 1015 1008 1014 
3 1016 1010 1009 
3 1016 1009 1015 
3 1018 1012 1011 
3 1018 1011 1017 
3 1019 1013 1012 
3 1019 1012 1018 
3 1020 1014 1013 
3 1020 1013 1019 
3 1021 1015 1014 
3 1021 1014 1020 
3 1022 1016 1015 
3 1022 1015 1021 
3 1026 1024 1023 
3 1026 1023 1025 
3 1034 1028 1027 
3 1034 1027 1033 
3 1035 1029 1028 
3 1035 1028 1034 
3 1036 1030 1029 
3 1036 1029 1035 
3 1037 1031 1030 
3 1037 1030 1036 
3 1038 1032 1031 
3 1038 1031 1037 
3 1040 1034 1033 
3 1040 1033 1039 
3 1041 1035 1034 
3 1041 1034 1040 
3 1042 1036 1035 
3 1042 1035 1041 
3 1043 1037 1036 
3 1043 1036 1042 
3 1044 1038 1037 
3 1044 1037 1043 
3 1048 1046 1045 
3 1048 1045 1047 
3 1052 1050 1049 
3 1052 1049 1051 
3 1056 1054 1053 
3 1056 1053 1055 
3 1060 1058 1057 
3 1060 1057 1059 
3 1064 1062 1061 
3 1064 1061 1063 
3 1068 1066 1065 
3 1068 1065 1067 
3 1072 1070 1069 
3 1072 1069 1071 
3 1076 1074 1073 
3 1076 1073 1075 
3 1078 1076 1075 
3 1078 1075 1077 
3 1082 1080 1079 
3 1082 1079 1081 
3 1086 1084 1083 
3 1086 1083 1085 
3 1090 1088 1087 
3 1090 1087 1089 
3 1092 1090 1089 
3 1092 1089 1091 
3 1096 1094 1093 
3 1096 1093 1095 
3 1098 1096 1095 
3 1098 1095 1097 
3 1114 1100 1099 
3 1114 1099 1113 
3 1115 1101 1100 
3 1115 1100 1114 
3 1116 1102 1101 
3 1116 1101 1115 
3 1117 1103 1102 
3 1117 1102 1116 
3 1118 1104 1103 
3 1118 1103 1117 
3 1119 1105 1104 
3 1119 1104 1118 
3 1120 1106 1105 
3 1120 1105 1119 
3 1121 1107 1106 
3 1121 1106 1120 
3 1122 1108 1107 
3 1122 1107 1121 
3 1123 1109 1108 
3 1123 1108 1122 
3 1124 1110 1109 
3 1124 1109 1123 
3 1125 1111 1110 
3 1125 1110 1124 
3 1126 1112 1111 
3 1126 1111 1125 
3 1128 1114 1113 
3 1128 1113 1127 
3 1129 1115 1114 
3 1129 1114 1128 
3 1130 1116 1115 
3 1130 1115 1129 
3 1131 1117 1116 
3 1131 1116 1130 
3 1132 1118 1117 
3 1132 1117 1131 
3 1133 1119 1118 
3 1133 1118 1132 
3 1134 1120 1119 
3 1134 1119 1133 
3 1135 1121 1120 
3 1135 1120 1134 
3 1136 1122 1121 
3 1136 1121 1135 
3 1137 1123 1122 
3 1137 1122 1136 
3 1138 1124 1123 
3 1138 1123 1137 
3 1139 1125 1124 
3 1139 1124 1138 
3 1140 1126 1125 
3 1140 1125 1139 
3 1144 1142 1141 
3 1144 1141 1143 
3 1154 1146 1145 
3 1154 1145 1153 
3 1155 1147 1146 
3 1155 1146 1154 
3 1156 1148 1147 
3 1156 1147 1155 
3 1157 1149 1148 
3 1157 1148 1156 
3 1158 1150 1149 
3 1158 1149 1157 
3 1159 1151 1150 
3 1159 1150 1158 
3 1160 1152 1151 
3 1160 1151 1159 
3 1167 1162 1161 
3 1167 1161 1166 
3 1168 1163 1162 
3 1168 1162 1167 
3 1169 1164 1163 
3 1169 1163 1168 
3 1170 1165 1164 
3 1170 1164 1169 
3 1182 1172 1171 
3 1182 1171 1181 
3 1183 1173 1172 
3 1183 1172 1182 
3 1184 1174 1173 
3 1184 1173 1183 
3 1185 1175 1174 
3 1185 1174 1184 
3 1186 1176 1175 
3 1186 1175 1185 
3 1187 1177 1176 
3 1187 1176 1186 
3 1188 1178 1177 
3 1188 1177 1187 
3 1189 1179 1178 
3 1189 1178 1188 
3 1190 1180 1179 
3 1190 1179 1189 
3 1196 1192 1191 
3 1196 1191 1195 
3 1197 1193 1192 
3 1197 1192 1196 
3 1198 1194 1193 
3 1198 1193 1197 
3 1206 1200 1199 
3 1206 1199 1205 
3 1207 1201 1200 
3 1207 1200 1206 
3 1208 1202 1201 
3 1208 1201 1207 
3 1209 1203 1202 
3 1209 1202 1208 
3 1210 1204 1203 
3 1210 1203 1209 
3 1225 1212 1211 
3 1225 1211 1224 
3 1226 1213 1212 
3 1226 1212 1225 
3 1227 1214 1213 
3 1227 1213 1226 
3 1228 1215 1214 
3 1228 1214 1227 
3 1229 1216 1215 
3 1229 1215 1228 
3 1230 1217 1216 
3 1230 1216 1229 
3 1231 1218 1217 
3 1231 1217 1230 
3 1232 1219 1218 
3 1232 1218 1231 
3 1233 1220 1219 
3 1233 1219 1232 
3 1234 1221 1220 
3 1234 1220 1233 
3 1235 1222 1221 
3 1235 1221 1234 
3 1236 1223 1222 
3 1236 1222 1235 
3 1242 1238 1237 
3 1242 1237 1241 
3 1243 1239 1238 
3 1243 1238 1242 
3 1244 1240 1239 
3 1244 1239 1243 
3 1260 1246 1245 
3 1260 1245 1259 
3 1261 1247 1246 
3 1261 1246 1260 
3 1262 1248 1247 
3 1262 1247 1261 
3 1263 1249 1248 
3 1263 1248 1262 
3 1264 1250 1249 
3 1264 1249 1263 
3 1265 1251 1250 
3 1265 1250 1264 
3 1266 1252 1251 
3 1266 1251 1265 
3 1267 1253 1252 
3 1267 1252 1266 
3 1268 1254 1253 
3 1268 1253 1267 
3 1269 1255 1254 
3 1269 1254 1268 
3 1270 1256 1255 
3 1270 1255 1269 
3 1271 1257 1256 
3 1271 1256 1270 
3 1272 1258 1257 
3 1272 1257 1271 
3 1281 1274 1273 
3 1281 1273 1280 
3 1282 1275 1274 
3 1282 1274 1281 
3 1283 1276 1275 
3 1283 1275 1282 
3 1284 1277 1276 
3 1284 1276 1283 
3 1285 1278 1277 
3 1285 1277 1284 
3 1286 1279 1278 
3 1286 1278 1285 
3 1288 1281 1280 
3 1288 1280 1287 
3 1289 1282 1281 
3 1289 1281 1288 
3 1290 1283 1282 
3 1290 1282 1289 
3 1291 1284 1283 
3 1291 1283 1290 
3 1292 1285 1284 
3 1292 1284 1291 
3 1293 1286 1285 
3 1293 1285 1292 
3 1330 1295 1294 
3 1330 1294 1329 
3 1331 1296 1295 
3 1331 1295 1330 
3 1332 1297 1296 
3 1332 1296 1331 
3 1333 1298 1297 
3 1333 1297 1332 
3 1334 1299 1298 
3 1334 1298 1333 
3 1335 1300 1299 
3 1335 1299 1334 
3 1336 1301 1300 
3 1336 1300 1335 
3 1337 1302 1301 
3 1337 1301 1336 
3 1338 1303 1302 
3 1338 1302 1337 
3 1339 1304 1303 
3 1339 1303 1338 
3 1340 1305 1304 
3 1340 1304 1339 
3 1341 1306 1305 
3 1341 1305 1340 
3 1342 1307 1306 
3 1342 1306 1341 
3 1343 1308 1307 
3 1343 1307 1342 
3 1344 1309 1308 
3 1344 1308 1343 
3 1345 1310 1309 
3 1345 1309 1344 
3 1346 1311 1310 
3 1346 1310 1345 
3 1347 1312 1311 
3 1347 1311 1346 
3 1348 1313 1312 
3 1348 1312 1347 
3 1349 1314 1313 
3 1349 1313 1348 
3 1350 1315 1314 
3 1350 1314 1349 
3 1351 1316 1315 
3 1351 1315 1350 
3 1352 1317 1316 
3 1352 1316 1351 
3 1353 1318 1317 
3 1353 1317 1352 
3 1354 1319 1318 
3 1354 1318 1353 
3 1355 1320 1319 
3 1355 1319 1354 
3 1356 1321 1320 
3 1356 1320 1355 
3 1357 1322 1321 
3 1357 1321 1356 
3 1358 1323 1322 
3 1358 1322 1357 
3 1359 1324 1323 
3 1359 1323 1358 
3 1360 1325 1324 
3 1360 1324 1359 
3 1361 1326 1325 
3 1361 1325 1360 
3 1362 1327 1326 
3 1362 1326 1361 
3 1363 1328 1327 
3 1363 1327 1362 
3 1365 1330 1329 
3 1365 1329 1364 
3 1366 1331 1330 
3 1366 1330 1365 
3 1367 1332 1331 
3 1367 1331 1366 
3 1368 1333 1332 
3 1368 1332 1367 
3 1369 1334 1333 
3 1369 1333 1368 
3 1370 1335 1334 
3 1370 1334 1369 
3 1371 1336 1335 
3 1371 1335 1370 
3 1372 1337 1336 
3 1372 1336 1371 
3 1373 1338 1337 
3 1373 1337 1372 
3 1374 1339 1338 
3 1374 1338 1373 
3 1375 1340 1339 
3 1375 1339 1374 
3 1376 1341 1340 
3 1376 1340 1375 
3 1377 1342 1341 
3 1377 1341 1376 
3 1378 1343 1342 
3 1378 1342 1377 
3 1379 1344 1343 
3 1379 1343 1378 
3 1380 1345 1344 
3 1380 1344 1379 
3 1381 1346 1345 
3 1381 1345 1380 
3 1382 1347 1346 
3 1382 1346 1381 
3 1383 1348 1347 
3 1383 1347 1382 
3 1384 1349 1348 
3 1384 1348 1383 
3 1385 1350 1349 
3 1385 1349 1384 
3 1386 1351 1350 
3 1386 1350 1385 
3 1387 1352 1351 
3 1387 1351 1386 
3 1388 1353 1352 
3 1388 1352 1387 
3 1389 1354 1353 
3 1389 1353 1388 
3 1390 1355 1354 
3 1390 1354 1389 
3 1391 1356 1355 
3 1391 1355 1390 
3 1392 1357 1356 
3 1392 1356 1391 
3 1393 1358 1357 
3 1393 1357 1392 
3 1394 1359 1358 
3 1394 1358 1393 
3 1395 1360 1359 
3 1395 1359 1394 
3 1396 1361 1360 
3 1396 1360 1395 
3 1397 1362 1361 
3 1397 1361 1396 
3 1398 1363 1362 
3 1398 1362 1397 
3 1403 1400 1399 
3 1403 1399 1402 
3 1404 1401 1400 
3 1404 1400 1403 
3 1408 1406 1405 
3 1408 1405 1407 
3 1412 1410 1409 
3 1412 1409 1411 
3 1414 1412 1411 
3 1414 1411 1413 
3 1416 1414 1413 
3 1416 1413 1415 
3 1420 1418 1417 
3 1420 1417 1419 
3 1429 1422 1421 
3 1429 1421 1428 
3 1430 1423 1422 
3 1430 1422 1429 
3 1431 1424 1423 
3 1431 1423 1430 
3 1432 1425 1424 
3 1432 1424 1431 
3 1433 1426 1425 
3 1433 1425 1432 
3 1434 1427 1426 
3 1434 1426 1433 
3 1436 1429 1428 
3 1436 1428 1435 
3 1437 1430 1429 
3 1437 1429 1436 
3 1438 1431 1430 
3 1438 1430 1437 
3 1439 1432 1431 
3 1439 1431 1438 
3 1440 1433 1432 
3 1440 1432 1439 
3 1441 1434 1433 
3 1441 1433 1440 
3 1462 1443 1442 
3 1462 1442 1461 
3 1463 1444 1443 
3 1463 1443 1462 
3 1464 1445 1444 
3 1464 1444 1463 
3 1465 1446 1445 
3 1465 1445 1464 
3 1466 1447 1446 
3 1466 1446 1465 
3 1467 1448 1447 
3 1467 1447 1466 
3 1468 1449 1448 
3 1468 1448 1467 
3 1469 1450 1449 
3 1469 1449 1468 
3 1470 1451 1450 
3 1470 1450 1469 
3 1471 1452 1451 
3 1471 1451 1470 
3 1472 1453 1452 
3 1472 1452 1471 
3 1473 1454 1453 
3 1473 1453 1472 
3 1474 1455 1454 
3 1474 1454 1473 
3 1475 1456 1455 
3 1475 1455 1474 
3 1476 1457 1456 
3 1476 1456 1475 
3 1477 1458 1457 
3 1477 1457 1476 
3 1478 1459 1458 
3 1478 1458 1477 
3 1479 1460 1459 
3 1479 1459 1478 
3 1485 1481 1480 
3 1485 1480 1484 
3 1486 1482 1481 
3 1486 1481 1485 
3 1487 1483 1482 
3 1487 1482 1486 
3 1504 1489 1488 
3 1504 1488 1503 
3 1505 1490 1489 
3 1505 1489 1504 
3 1506 1491 1490 
3 1506 1490 1505 
3 1507 1492 1491 
3 1507 1491 1506 
3 1508 1493 1492 
3 1508 1492 1507 
3 1509 1494 1493 
3 1509 1493 1508 
3 1510 1495 1494 
3 1510 1494 1509 
3 1511 1496 1495 
3 1511 1495 1510 
3 1512 1497 1496 
3 1512 1496 1511 
3 1513 1498 1497 
3 1513 1497 1512 
3 1514 1499 1498 
3 1514 1498 1513 
3 1515 1500 1499 
3 1515 1499 1514 
3 1516 1501 1500 
3 1516 1500 1515 
3 1517 1502 1501 
3 1517 1501 1516 
3 1523 1519 1518 
3 1523 1518 1522 
3 1524 1520 1519 
3 1524 1519 1523 
3 1525 1521 1520 
3 1525 1520 1524 
3 1530 1527 1526 
3 1530 1526 1529 
3 1531 1528 1527 
3 1531 1527 1530 
3 1549 1533 1532 
3 1549 1532 1548 
3 1550 1534 1533 
3 1550 1533 1549 
3 1551 1535 1534 
3 1551 1534 1550 
3 1552 1536 1535 
3 1552 1535 1551 
3 1553 1537 1536 
3 1553 1536 1552 
3 1554 1538 1537 
3 1554 1537 1553 
3 1555 1539 1538 
3 1555 1538 1554 
3 1556 1540 1539 
3 1556 1539 1555 
3 1557 1541 1540 
3 1557 1540 1556 
3 1558 1542 1541 
3 1558 1541 1557 
3 1559 1543 1542 
3 1559 1542 1558 
3 1560 1544 1543 
3 1560 1543 1559 
3 1561 1545 1544 
3 1561 1544 1560 
3 1562 1546 1545 
3 1562 1545 1561 
3 1563 1547 1546 
3 1563 1546 1562 
3 1569 1565 1564 
3 1569 1564 1568 
3 1570 1566 1565 
3 1570 1565 1569 
3 1571 1567 1566 
3 1571 1566 1570 
3 1586 1573 1572 
3 1586 1572 1585 
3 1587 1574 1573 
3 1587 1573 1586 
3 1588 1575 1574 
3 1588 1574 1587 
3 1589 1576 1575 
3 1589 1575 1588 
3 1590 1577 1576 
3 1590 1576 1589 
3 1591 1578 1577 
3 1591 1577 1590 
3 1592 1579 1578 
3 1592 1578 1591 
3 1593 1580 1579 
3 1593 1579 1592 
3 1594 1581 1580 
3 1594 1580 1593 
3 1595 1582 1581 
3 1595 1581 1594 
3 1596 1583 1582 
3 1596 1582 1595 
3 1597 1584 1583 
3 1597 1583 1596 
3 1603 1599 1598 
3 1603 1598 1602 
3 1604 1600 1599 
3 1604 1599 1603 
3 1605 1601 1600 
3 1605 1600 1604 
3 1631 1607 1606 
3 1631 1606 1630 
3 1632 1608 1607 
3 1632 1607 1631 
3 1633 1609 1608 
3 1633 1608 1632 
3 1634 1610 1609 
3 1634 1609 1633 
3 1635 1611 1610 
3 1635 1610 1634 
3 1636 1612 1611 
3 1636 1611 1635 
3 1637 1613 1612 
3 1637 1612 1636 
3 1638 1614 1613 
3 1638 1613 1637 
3 1639 1615 1614 
3 1639 1614 1638 
3 1640 1616 1615 
3 1640 1615 1639 
3 1641 1617 1616 
3 1641 1616 1640 
3 1642 1618 1617 
3 1642 1617 1641 
3 1643 1619 1618 
3 1643 1618 1642 
3 1644 1620 1619 
3 1644 1619 1643 
3 1645 1621 1620 
3 1645 1620 1644 
3 1646 1622 1621 
3 1646 1621 1645 
3 1647 1623 1622 
3 1647 1622 1646 
3 1648 1624 1623 
3 1648 1623 1647 
3 1649 1625 1624 
3 1649 1624 1648 
3 1650 1626 1625 
3 1650 1625 1649 
3 1651 1627 1626 
3 1651 1626 1650 
3 1652 1628 1627 
3 1652 1627 1651 
3 1653 1629 1628 
3 1653 1628 1652 
3 1655 1631 1630 
3 1655 1630 1654 
3 1656 1632 1631 
3 1656 1631 1655 
3 1657 1633 1632 
3 1657 1632 1656 
3 1658 1634 1633 
3 1658 1633 1657 
3 1659 1635 1634 
3 1659 1634 1658 
3 1660 1636 1635 
3 1660 1635 1659 
3 1661 1637 1636 
3 1661 1636 1660 
3 1662 1638 1637 
3 1662 1637 1661 
3 1663 1639 1638 
3 1663 1638 1662 
3 1664 1640 1639 
3 1664 1639 1663 
3 1665 1641 1640 
3 1665 1640 1664 
3 1666 1642 1641 
3 1666 1641 1665 
3 1667 1643 1642 
3 1667 1642 1666 
3 1668 1644 1643 
3 1668 1643 1667 
3 1669 1645 1644 
3 1669 1644 1668 
3 1670 1646 1645 
3 1670 1645 1669 
3 1671 1647 1646 
3 1671 1646 1670 
3 1672 1648 1647 
3 1672 1647 1671 
3 1673 1649 1648 
3 1673 1648 1672 
3 1674 1650 1649 
3 1674 1649 1673 
3 1675 1651 1650 
3 1675 1650 1674 
3 1676 1652 1651 
3 1676 1651 1675 
3 1677 1653 1652 
3 1677 1652 1676 
3 1685 1679 1678 
3 1685 1678 1684 
3 1686 1680 1679 
3 1686 1679 1685 
3 1687 1681 1680 
3 1687 1680 1686 
3 1688 1682 1681 
3 1688 1681 1687 
3 1689 1683 1682 
3 1689 1682 1688 
3 1695 1691 1690 
3 1695 1690 1694 
3 1696 1692 1691 
3 1696 1691 1695 
3 1697 1693 1692 
3 1697 1692 1696 
3 1707 1699 1698 
3 1707 1698 1706 
3 1708 1700 1699 
3 1708 1699 1707 
3 1709 1701 1700 
3 1709 1700 1708 
3 1710 1702 1701 
3 1710 1701 1709 
3 1711 1703 1702 
3 1711 1702 1710 
3 1712 1704 1703 
3 1712 1703 1711 
3 1713 1705 1704 
3 1713 1704 1712 
3 1720 1715 1714 
3 1720 1714 1719 
3 1721 1716 1715 
3 1721 1715 1720 
3 1722 1717 1716 
3 1722 1716 1721 
3 1723 1718 1717 
3 1723 1717 1722 
3 1735 1725 1724 
3 1735 1724 1734 
3 1736 1726 1725 
3 1736 1725 1735 
3 1737 1727 1726 
3 1737 1726 1736 
3 1738 1728 1727 
3 1738 1727 1737 
3 1739 1729 1728 
3 1739 1728 1738 
3 1740 1730 1729 
3 1740 1729 1739 
3 1741 1731 1730 
3 1741 1730 1740 
3 1742 1732 1731 
3 1742 1731 1741 
3 1743 1733 1732 
3 1743 1732 1742 
3 1747 1745 1744 
3 1747 1744 1746 
3 1759 1749 1748 
3 1759 1748 1758 
3 1760 1750 1749 
3 1760 1749 1759 
3 1761 1751 1750 
3 1761 1750 1760 
3 1762 1752 1751 
3 1762 1751 1761 
3 1763 1753 1752 
3 1763 1752 1762 
3 1764 1754 1753 
3 1764 1753 1763 
3 1765 1755 1754 
3 1765 1754 1764 
3 1766 1756 1755 
3 1766 1755 1765 
3 1767 1757 1756 
3 1767 1756 1766 
3 1772 1769 1768 
3 1772 1768 1771 
3 1773 1770 1769 
3 1773 1769 1772 
3 1778 1775 1774 
3 1778 1774 1777 
3 1779 1776 1775 
3 1779 1775 1778 
3 1785 1781 1780 
3 1785 1780 1784 
3 1786 1782 1781 
3 1786 1781 1785 
3 1787 1783 1782 
3 1787 1782 1786 
3 1803 1789 1788 
3 1803 1788 1802 
3 1804 1790 1789 
3 1804 1789 1803 
3 1805 1791 1790 
3 1805 1790 1804 
3 1806 1792 1791 
3 1806 1791 1805 
3 1807 1793 1792 
3 1807 1792 1806 
3 1808 1794 1793 
3 1808 1793 1807 
3 1809 1795 1794 
3 1809 1794 1808 
3 1810 1796 1795 
3 1810 1795 1809 
3 1811 1797 1796 
3 1811 1796 1810 
3 1812 1798 1797 
3 1812 1797 1811 
3 1813 1799 1798 
3 1813 1798 1812 
3 1814 1800 1799 
3 1814 1799 1813 
3 1815 1801 1800 
3 1815 1800 1814 
3 1826 1817 1816 
3 1826 1816 1825 
3 1827 1818 1817 
3 1827 1817 1826 
3 1828 1819 1818 
3 1828 1818 1827 
3 1829 1820 1819 
3 1829 1819 1828 
3 1830 1821 1820 
3 1830 1820 1829 
3 1831 1822 1821 
3 1831 1821 1830 
3 1832 1823 1822 
3 1832 1822 1831 
3 1833 1824 1823 
3 1833 1823 1832 
3 1835 1826 1825 
3 1835 1825 1834 
3 1836 1827 1826 
3 1836 1826 1835 
3 1837 1828 1827 
3 1837 1827 1836 
3 1838 1829 1828 
3 1838 1828 1837 
3 1839 1830 1829 
3 1839 1829 1838 
3 1840 1831 1830 
3 1840 1830 1839 
3 1841 1832 1831 
3 1841 1831 1840 
3 1842 1833 1832 
3 1842 1832 1841 
3 1849 1844 1843 
3 1849 1843 1848 
3 1850 1845 1844 
3 1850 1844 1849 
3 1851 1846 1845 
3 1851 1845 1850 
3 1852 1847 1846 
3 1852 1846 1851 
3 1867 1854 1853 
3 1867 1853 1866 
3 1868 1855 1854 
3 1868 1854 1867 
3 1869 1856 1855 
3 1869 1855 1868 
3 1870 1857 1856 
3 1870 1856 1869 
3 1871 1858 1857 
3 1871 1857 1870 
3 1872 1859 1858 
3 1872 1858 1871 
3 1873 1860 1859 
3 1873 1859 1872 
3 1874 1861 1860 
3 1874 1860 1873 
3 1875 1862 1861 
3 1875 1861 1874 
3 1876 1863 1862 
3 1876 1862 1875 
3 1877 1864 1863 
3 1877 1863 1876 
3 1878 1865 1864 
3 1878 1864 1877 
3 1884 1880 1879 
3 1884 1879 1883 
3 1885 1881 1880 
3 1885 1880 1884 
3 1886 1882 1881 
3 1886 1881 1885 
3 1891 1888 1887 
3 1891 1887 1890 
3 1892 1889 1888 
3 1892 1888 1891 
3 1897 1894 1893 
3 1897 1893 1896 
3 1898 1895 1894 
3 1898 1894 1897 
3 1902 1900 1899 
3 1902 1899 1901 
3 1906 1904 1903 
3 1906 1903 1905 
