OFF
2216 1933 0

11.4241 -14.3856 114.32
11.6622 -13.9549 114.32
17.3315 -3.69852 120.822
17.7424 -2.95509 114.32
17.998 -2.49257 114.32
18.2265 -2.07935 111.561
18.6447 -1.32272 109.361
18.8082 -1.02695 105.86
19.3571 -0.0337813 100.879
20.6995 2.39479 93.567
10.9021 -15.3301 111.561
21.306 3.49198 -126.346
17.3315 -3.69852 114.32
18.6447 -1.32272 105.86
0.375433 -34.3741 -221.937
24.4028 9.09442 -196.621
18.2265 -2.07935 114.32
18.6447 -1.32272 111.561
18.6883 -1.24386 111.561
18.8082 -1.02695 111.561
18.8082 -1.02695 109.361
19.3571 -0.0337813 105.86
20.6995 2.39479 100.879
20.9061 2.76856 93.567
21.306 3.49198 93.567
21.306 3.49198 77.3216
21.306 3.49198 44.6192
21.306 3.49198 -106.91
21.5352 3.90655 -126.346
23.3692 7.22457 -126.346
24.4028 9.09442 -126.346
24.4028 9.09442 -141.034
26.612 13.0911 -196.621
28.5646 16.6237 -196.621
2.46502 -30.5938 -196.621
4.56975 -26.7861 -196.621
28.5646 16.6237 -221.937
26.612 13.0911 -221.937
2.46502 -30.5938 -221.937
4.56975 -26.7861 -221.937
24.4028 9.09442 -221.937
21.5352 3.90655 -221.937
17.7424 -2.95509 120.822
11.4241 -14.3856 120.822
11.6622 -13.9549 120.822
10.9021 -15.3301 114.32
4.56975 -26.7861 -126.346
5.5491 -25.0143 -126.346
16.616 -4.99292 114.32
13.1604 -11.2445 114.32
7.57249 -21.3537 -126.346
4.56975 -26.7861 -141.034
0.375433 -34.3741 -196.621
-1.28444 -7.29194 114.32
-1.83555 -8.28889 111.561
-1.89412 -8.39484 111.561
-2.46684 -9.43089 105.86
-2.61695 -9.70245 105.86
-3.2564 -10.8592 100.879
-4.39751 -12.9235 93.567
5.48925 4.96163 111.561
-4.96438 -13.9489 -126.346
15.828 23.6643 -221.937
-8.16822 -19.7447 -196.621
11.6659 16.1352 -196.621
8.79804 10.9472 -126.346
7.96241 9.43558 93.567
6.62001 7.00718 100.879
6.07116 6.0143 105.86
-12.3628 -27.3326 -221.937
-12.3628 -27.3326 -196.621
-10.2731 -23.5523 -221.937
-8.16822 -19.7447 -221.937
8.79804 10.9472 -221.937
11.6659 16.1352 -221.937
13.8752 20.1319 -221.937
15.828 23.6643 -196.621
13.8752 20.1319 -196.621
11.6659 16.1352 -141.034
11.6659 16.1352 -126.346
10.6323 14.2654 -126.346
8.79804 10.9472 -106.91
8.79804 10.9472 44.6192
8.79804 10.9472 77.3216
8.79804 10.9472 93.567
8.56706 10.5294 93.567
8.16912 9.80952 93.567
7.96241 9.43558 100.879
6.62001 7.00718 105.86
6.07116 6.0143 111.561
5.9075 5.71825 111.561
5.48925 4.96163 114.32
5.33339 4.67969 114.32
4.90309 3.90127 114.32
4.71805 3.56653 114.32
3.59723 1.53898 114.32
1.83307 -1.65237 114.32
0.396882 -4.25044 114.32
-0.536404 -5.93875 114.32
-1.18446 -7.11108 114.32
-1.83555 -8.28889 114.32
-2.46684 -9.43089 111.561
-3.2564 -10.8592 105.86
-4.39751 -12.9235 100.879
-4.63139 -13.3466 93.567
-4.96438 -13.9489 93.567
-4.96438 -13.9489 77.3216
-4.96438 -13.9489 44.6192
-4.96438 -13.9489 -106.91
-5.16523 -14.3123 -126.346
-7.18881 -17.9729 -126.346
-8.16822 -19.7447 -126.346
-8.16822 -19.7447 -141.034
-10.2731 -23.5523 -196.621
14.7695 24.2494 -196.621
-13.4212 -26.7475 -196.621
29.6256 16.0371 -196.621
1.43501 -34.9599 -196.621
2.59314 -5.71423 127
2.53427 -5.39965 127
2.64491 -4.67747 127
14.3975 -4.69256 134.022
14.0902 -4.76278 134.022
9.0105 -10.6573 148.129
9.66747 -10.5476 148.129
9.26154 -10.8803 148.129
9.09263 -10.8645 148.129
1.52701 -6.669 127
1.99176 -6.56602 127
1.99176 -6.56602 120.822
1.52701 -6.669 120.822
8.7784 -4.98004 212.859
8.41638 -5.47216 212.859
8.7784 -4.98004 197.161
8.38182 -5.78636 212.859
8.6583 -5.81768 212.859
8.6583 -5.81768 197.161
8.40178 -5.60484 212.859
8.87281 -5.39906 212.859
8.87281 -5.39906 197.161
8.47619 -4.92829 212.859
8.77281 -4.95995 212.859
8.77281 -4.95995 197.161
7.88713 -6.12912 197.161
7.88713 -6.12912 212.859
7.7781 -5.87732 212.859
7.93244 -6.13001 197.161
7.93244 -6.13001 212.859
8.09217 -5.91287 212.859
7.54524 -5.50782 212.859
7.48741 -6.00431 212.859
7.94544 -5.80421 212.859
7.48077 -6.00721 212.859
7.48077 -6.00721 197.161
8.23288 -6.13591 197.161
8.23288 -6.13591 212.859
7.77032 -6.41242 197.161
8.6704 -10.5132 148.129
8.91476 -10.4157 148.129
8.97143 -10.8532 148.129
8.79875 -10.837 148.129
6.56297 0.371074 148.129
6.90807 0.629729 148.129
7.03297 0.308476 148.129
7.0239 0.309684 148.129
7.64029 -10.4084 155.325
7.27613 -10.4349 155.325
6.81052 -10.4689 155.325
-53.6359 58.0818 -221.937
-55.9455 59.3586 -221.937
-55.9455 59.3586 -196.621
-53.6359 58.0818 -196.621
-0.0744296 -6.81656 114.32
-0.158717 -6.20283 114.32
-1.16331 -7.2651 120.822
-0.273147 -7.06786 120.822
-1.05466 -8.05618 120.822
-1.05466 -8.05618 114.32
-1.16331 -7.2651 114.32
-0.273147 -7.06786 114.32
2.59314 -5.71423 120.822
2.53427 -5.39965 120.822
2.64491 -4.67747 120.822
2.53427 -5.39965 134.022
2.64491 -4.67747 134.022
2.80806 -4.42066 155.325
2.8064 -4.40554 155.325
2.59314 -5.71423 134.022
2.59314 -5.71423 114.32
2.59314 -5.71423 155.325
5.29556 -0.906321 155.325
5.41723 -0.689864 155.325
2.89186 -5.18276 155.325
5.54635 -0.46015 155.325
-43.9945 54.995 -221.937
-45.2112 52.7942 -221.937
-43.9945 54.995 -196.621
-45.2112 52.7942 -196.621
5.49478 -0.429533 127
5.25295 -0.285939 127
4.90528 -0.871371 127
5.49478 -0.429533 120.822
5.25295 -0.285939 120.822
4.90528 -0.871371 120.822
10.5303 -11.0988 120.822
10.5049 -11.0347 120.822
9.2407 -11.5357 120.822
9.37869 -11.5863 120.822
1.13152 -6.75663 127
8.79875 -10.837 120.822
8.97143 -10.8532 120.822
13.5631 -4.8832 148.129
13.5351 -5.13049 148.129
13.5274 -5.19917 148.129
13.4849 -5.17395 148.129
13.4827 -5.17267 148.129
13.3932 -4.92202 148.129
6.55536 -0.0199645 148.129
7.13222 0.0532084 148.129
19.7052 -1.90896 111.561
-1.43142 -5.31292 114.32
-2.96531 -7.66437 114.32
-2.96531 -7.66437 111.561
5.72557 -0.25656 148.129
5.72557 -0.25656 134.022
5.72557 -0.25656 155.325
5.81602 -0.563745 155.325
5.81602 -0.563745 148.129
5.9365 -0.0984655 148.129
6.11697 0.0367981 148.129
6.15937 -0.0701945 148.129
6.29495 -0.412282 148.129
5.49478 -0.429533 148.129
6.29495 -0.412282 155.325
19.7052 -1.90896 105.86
19.7052 -1.90896 109.361
21.1689 -2.71809 109.361
21.1689 -2.71809 105.86
7.17017 -10.6849 155.325
7.17017 -10.6849 114.32
7.14379 -10.669 155.325
6.09719 -10.0405 155.325
7.94278 -7.21397 197.161
8.10996 -6.88773 197.161
6.65946 -6.59786 197.161
7.04459 -5.39678 197.161
2.99391 -7.75081 127
3.7264 -8.6168 127
2.99391 -7.75081 148.129
3.7264 -8.6168 148.129
2.99391 -7.75081 120.822
3.7264 -8.6168 120.822
2.99391 -7.75081 134.022
3.7264 -8.6168 134.022
3.96484 -8.66183 155.325
4.02394 -8.79547 155.325
12.5663 -8.17219 155.325
11.9391 -8.68619 155.325
3.68969 0.642306 114.32
4.91717 1.11956 114.32
-48.6287 27.5155 -221.937
-48.6287 27.5155 -215.144
8.6704 -10.5132 155.325
8.91476 -10.4157 155.325
-39.116 37.4326 -196.621
-36.2478 42.6211 -196.621
-39.116 37.4326 -221.937
-36.2478 42.6211 -221.937
10.5049 -11.0347 126.685
10.4891 -10.9949 126.685
9.07507 -11.4749 126.685
9.2407 -11.5357 126.685
5.7353 -0.123987 148.129
5.97799 0.307795 148.129
6.00535 0.318432 148.129
3.61393 -7.86826 127
2.97293 -7.72601 127
3.16856 -7.69913 127
3.51791 -7.65112 127
8.79875 -10.837 134.022
8.97143 -10.8532 134.022
2.84973 -7.08548 148.129
3.13685 -7.41077 148.129
3.16856 -7.69913 148.129
2.97293 -7.72601 148.129
2.96863 -7.72093 148.129
-1.42022 -8.51848 111.561
-1.42022 -8.51848 114.32
-1.6937 -8.3673 114.32
-1.6937 -8.3673 111.561
15.6011 -3.04017 126.685
16.0787 -2.93106 126.685
15.6591 -3.2939 126.685
13.3198 -3.23332 148.129
13.6443 -3.09572 148.129
13.7593 -3.15133 148.129
13.7233 -3.46918 148.129
13.6955 -3.71458 148.129
13.5371 -3.51171 148.129
8.42821 -10.8024 120.822
5.84787 0.715795 134.022
6.04089 1.04082 134.022
6.11346 1.00881 134.022
5.85918 0.687238 134.022
13.1073 -3.32343 148.129
13.2425 -3.57902 148.129
13.219 -3.5844 148.129
13.5351 -5.13049 148.129
13.6008 -4.55071 148.129
13.6296 -4.54414 148.129
13.7872 -4.91255 148.129
13.5274 -5.19917 134.022
13.5351 -5.13049 134.022
13.7872 -4.91255 134.022
13.9153 -5.21196 134.022
13.8465 -5.38866 134.022
13.5351 -5.13049 155.325
13.8465 -5.38866 114.32
13.5274 -5.19917 114.32
1.99176 -6.56602 134.022
2.15983 -6.52878 134.022
2.20474 -6.81782 134.022
2.1306 -6.73017 134.022
10.0357 -5.55304 197.161
8.70896 -4.73012 197.161
0.517885 9.58594 100.879
1.68644 9.73441 100.879
19.8687 -1.61321 109.361
7.54759 0.239935 148.129
7.59726 0.112197 148.129
7.54759 0.239935 134.022
7.59726 0.112197 134.022
51.4626 -0.646053 -221.937
53.4154 2.8864 -221.937
53.4154 2.8864 -196.621
51.4626 -0.646053 -196.621
4.90528 -0.871371 134.022
5.49478 -0.429533 134.022
10.4891 -10.9949 120.822
9.07507 -11.4749 120.822
-35.216 -9.76415 -221.937
-33.1112 -5.95647 -221.937
2.1364 -5.53371 127
2.42173 -6.1343 127
2.03242 -5.7088 127
1.22196 -7.41515 127
1.20374 -7.4117 127
8.42821 -10.8024 148.129
14.2286 -4.40731 148.129
14.1561 -4.59359 148.129
13.6501 -4.1154 148.129
1.71655 -6.24067 127
2.15983 -6.52878 127
2.15983 -6.52878 120.822
1.71655 -6.24067 134.022
2.03242 -5.7088 134.022
16.0787 -2.93106 120.822
15.6011 -3.04017 120.822
23.7295 2.69362 77.3216
23.7295 2.69362 93.567
23.5006 2.27962 93.567
3.47903 0.767395 114.32
4.5 0.161153 114.32
3.29505 -0.433524 114.32
4.29645 -0.306501 114.32
3.63672 -1.82216 114.32
3.01041 -2.29158 114.32
2.84973 -7.08548 155.325
3.13685 -7.41077 155.325
3.16856 -7.69913 155.325
3.16856 -7.69913 134.022
1.13152 -6.75663 120.822
14.1941 -3.36163 148.129
14.194 -3.36164 148.129
14.1941 -3.36163 134.022
13.7593 -3.15133 134.022
6.93205 0.647707 148.129
7.48365 0.404384 148.129
7.48365 0.404384 134.022
6.93205 0.647707 134.022
6.90807 0.629729 134.022
13.3198 -3.23332 134.022
13.1073 -3.32343 134.022
9.75058 -10.926 148.129
9.27133 -11.3154 148.129
10.9524 -12.1638 126.685
10.985 -12.246 126.685
10.5571 -12.4156 126.685
-62.0543 0.136361 -205.726
-47.0529 -8.15627 -205.726
13.6074 -4.49235 148.129
-37.3057 -13.5444 -221.937
-37.3057 -13.5444 -196.621
-35.216 -9.76415 -196.621
8.34314 -6.13808 212.859
8.34314 -6.13808 197.161
1.22809 -7.35574 134.022
27.3142 -44.3302 -221.937
29.4191 -40.5225 -221.937
3.85358 3.21236 114.32
1.12154 2.15013 114.32
9.04754 -11.4648 126.685
8.83037 -10.9168 126.685
8.97143 -10.8532 126.685
-4.83544 -8.47612 105.86
-5.58401 -8.06233 105.86
2.97293 -7.72601 120.822
2.5312 -5.41973 114.32
2.39159 -5.10402 114.32
8.83037 -10.9168 120.822
9.04754 -11.4648 120.822
23.1004 1.55561 93.567
22.8938 1.18188 93.567
22.8938 1.18188 100.879
23.1004 1.55561 100.879
1.22196 -7.41515 120.822
1.20374 -7.4117 120.822
61.8341 -41.1885 -196.621
61.8341 -41.1885 -195.554
59.0557 -43.4409 -195.554
59.0557 -43.4409 -196.621
15.6294 5.19745 100.879
15.6294 5.19745 93.567
15.836 5.57128 93.567
15.836 5.57128 100.879
5.95225 0.452414 148.129
6.05182 0.439152 148.129
67.4144 -28.2821 -221.937
68.288 -21.9369 -221.937
67.4144 -28.2821 -196.621
68.288 -21.9369 -196.621
61.0259 -17.9227 -221.937
58.1349 -23.1525 -221.937
6.55536 -0.0199645 155.325
3.27032 6.18823 111.561
3.27032 6.18823 114.32
3.79365 5.89894 114.32
3.79365 5.89894 111.561
3.51791 -7.65112 134.022
3.61393 -7.86826 134.022
2.97293 -7.72601 134.022
14.1561 -4.59359 134.022
5.25295 -0.285939 134.022
5.31767 -0.176961 134.022
5.7353 -0.123987 134.022
5.9365 -0.0984655 134.022
5.49375 0.119519 134.022
5.7456 0.543602 134.022
5.95225 0.452414 134.022
6.00535 0.318432 134.022
5.97799 0.307795 134.022
5.49478 -0.429533 114.32
5.25295 -0.285939 114.32
5.49375 0.119519 114.32
5.31767 -0.176961 114.32
5.7456 0.543602 114.32
4.90528 -0.871371 114.32
-11.3824 -9.0624 93.567
-11.3824 -9.0624 100.879
-11.6162 -9.48539 100.879
-11.6162 -9.48539 93.567
-8.74118 -10.5224 93.567
-8.97502 -10.9454 93.567
-8.74118 -10.5224 100.879
-13.8125 -8.27128 93.567
-13.5787 -7.84832 93.567
-13.5787 -7.84832 100.879
-13.8125 -8.27128 100.879
-16.3509 -6.8681 93.567
-16.1171 -6.44518 93.567
-17.4786 -6.24469 93.567
-7.59841 -11.7064 93.567
8.42821 -10.8024 134.022
10.2719 -10.4468 148.129
10.2885 -10.4888 148.129
2.2998 -6.93021 148.129
2.36086 -6.53165 148.129
8.67295 -10.9879 114.32
8.42821 -10.8024 114.32
10.5571 -12.4156 120.822
10.985 -12.246 120.822
10.9524 -12.1638 120.822
4.22834 5.65865 114.32
4.22834 5.65865 111.561
14.2286 -4.40731 134.022
14.6557 -4.30975 134.022
13.9665 -5.33174 134.022
14.6557 -4.30975 114.32
13.9665 -5.33174 114.32
14.6851 -18.9126 109.361
14.6851 -18.9126 105.86
66.8989 -32.026 -196.621
67.4144 -28.2821 -195.554
66.8989 -32.026 -195.554
2.17622 -7.83549 127
2.16258 -7.82595 127
2.16258 -7.82595 120.822
2.17622 -7.83549 120.822
13.6443 -3.09572 134.022
25.4623 -5.09146 100.879
26.3392 -6.82189 100.879
26.3392 -6.82189 105.86
25.4623 -5.09146 105.86
26.116 -7.22557 100.879
26.116 -7.22557 105.86
6.15937 -0.0701945 155.325
7.13222 0.0532084 155.325
12.4944 -8.43158 155.325
12.8625 -7.10485 155.325
3.92342 -8.73511 155.325
3.7264 -8.6168 155.325
3.7264 -8.6168 114.32
2.36837 -6.48258 148.129
2.72224 -6.40417 148.129
2.03242 -5.7088 120.822
2.42173 -6.1343 120.822
2.1364 -5.53371 120.822
2.36837 -6.48258 134.022
2.36086 -6.53165 134.022
2.2998 -6.93021 134.022
5.74334 10.6622 100.879
5.74334 10.6622 93.567
5.95006 11.0362 93.567
5.95006 11.0362 100.879
8.83037 -10.9168 148.129
9.07507 -11.4749 148.129
9.04754 -11.4648 148.129
7.54524 -5.50782 221.837
7.60275 -5.01417 221.837
7.93217 -4.87023 221.837
8.47619 -4.92829 221.837
8.40178 -5.60484 221.837
7.94544 -5.80421 221.837
27.3142 -44.3302 -196.621
25.2245 -48.1105 -196.621
25.2245 -48.1105 -221.937
8.83037 -10.9168 134.022
9.04754 -11.4648 134.022
9.07507 -11.4749 134.022
9.04754 -11.4648 114.32
8.83037 -10.9168 114.32
8.97143 -10.8532 114.32
8.25801 -11.1751 114.32
13.746 -6.71431 114.32
13.6317 -5.9402 114.32
2.78124 -3.78755 127
2.75794 -3.93959 127
2.89188 -3.06529 127
3.34509 -2.49215 127
3.38543 -2.44114 127
2.89188 -3.06529 120.822
2.78124 -3.78755 120.822
2.75794 -3.93959 120.822
3.38543 -2.44114 120.822
3.34509 -2.49215 120.822
2.78124 -3.78755 148.129
2.75794 -3.93959 148.129
3.34509 -2.49215 148.129
3.38543 -2.44114 148.129
2.89188 -3.06529 148.129
2.75794 -3.93959 134.022
2.78124 -3.78755 134.022
3.34509 -2.49215 134.022
3.38543 -2.44114 134.022
2.89188 -3.06529 134.022
3.38543 -2.44114 155.325
3.38543 -2.44114 114.32
3.22329 -3.25223 155.325
8.24379 -10.7852 114.32
8.24379 -10.7852 155.325
7.52302 -10.9055 114.32
21.3324 -2.42237 109.361
9.66097 -3.98099 161.823
10.0772 -5.47969 161.823
10.6184 -4.52221 161.823
5.14771 3.71552 120.822
5.63466 3.90485 120.822
5.94311 3.11153 120.822
5.14771 3.71552 114.32
5.63466 3.90485 114.32
5.94311 3.11153 114.32
5.15109 5.14857 114.32
14.3574 -4.07658 148.129
14.2311 -4.40075 148.129
13.5631 -4.8832 134.022
13.3932 -4.92202 134.022
13.5631 -4.8832 155.325
13.3932 -4.92202 155.325
-11.0678 33.9201 -196.621
-9.11512 37.4526 -196.621
-9.11512 37.4526 -221.937
-11.0678 33.9201 -221.937
-14.6056 -3.71099 100.879
-14.6056 -3.71099 93.567
-14.593 -2.7275 100.879
-14.593 -2.7275 93.567
-15.3826 -4.15596 93.567
10.2719 -10.4468 134.022
9.66747 -10.5476 155.325
7.48365 0.404384 114.32
7.54759 0.239935 114.32
6.93205 0.647707 114.32
7.99003 0.181008 114.32
8.78782 0.263216 114.32
8.06306 0.171282 114.32
9.46349 -0.0152369 155.325
9.46349 -0.0152369 114.32
7.25944 0.893086 114.32
29.5835 -2.51602 100.879
27.9049 -5.55254 100.879
1.72738 8.41562 100.879
1.93982 8.79995 100.879
1.93982 8.79995 105.86
1.72738 8.41562 105.86
2.27617 9.40842 100.879
2.27617 9.40842 105.86
3.31656 8.03894 105.86
-1.81582 10.8759 100.879
-1.47942 11.4845 100.879
-2.02818 10.4918 100.879
3.6529 8.64738 100.879
3.6529 8.64738 105.86
5.65086 1.21287 134.022
18.1567 4.28844 93.567
17.9501 3.91464 93.567
17.9501 3.91464 100.879
18.1567 4.28844 100.879
9.57913 -0.0306395 120.822
10.1878 -0.111711 120.822
11.1319 -0.828564 120.822
10.3659 -0.585435 120.822
9.57913 -0.0306395 148.129
10.1878 -0.111711 148.129
11.1319 -0.828564 148.129
10.3659 -0.585435 148.129
10.1878 -0.111711 134.022
11.1319 -0.828564 134.022
10.3659 -0.585435 134.022
9.57913 -0.0306395 134.022
-5.43601 12.877 93.567
-5.84277 13.1019 93.567
-5.84277 13.1019 100.879
-5.43601 12.877 100.879
6.04277 -4.98584 161.823
5.50155 -5.94329 161.823
6.45898 -6.48453 161.823
-45.5415 25.8089 -196.012
-45.5415 25.8089 -196.621
-44.418 27.8412 -196.621
-44.418 27.8412 -196.012
23.2229 -3.4675 105.86
23.2229 -3.4675 100.879
23.0595 -3.76317 100.879
23.0595 -3.76317 105.86
25.1907 -4.55531 100.879
24.647 -9.88312 105.86
24.647 -9.88312 100.879
26.8666 -5.86774 100.879
10.1208 -16.7436 105.86
0.10625 -11.2078 105.86
-1.91064 -3.18478 111.561
-1.91064 -3.18478 114.32
0.170171 -4.42036 114.32
1.10048 2.26271 111.561
1.10048 2.26271 114.32
2.08278 -2.98684 114.32
13.0723 7.09904 93.567
12.8657 6.72516 93.567
12.8657 6.72516 100.879
13.0723 7.09904 100.879
-9.38938 -5.95881 105.86
-9.38938 -5.95881 100.879
-9.48013 -5.55391 100.879
-9.48013 -5.55391 105.86
23.4359 -3.08223 100.879
23.4359 -3.08223 105.86
10.3578 -10.4324 134.022
10.7322 -10.1282 134.022
10.7837 -10.0864 134.022
11.0345 -10.2353 134.022
10.98 -10.3286 134.022
18.4429 -1.21117 111.561
8.6421 4.20659 111.561
8.63086 4.21281 111.561
31.2387 -3.431 100.879
31.2387 -3.431 93.567
31.9161 -5.67349 93.567
31.9161 -5.67349 100.879
31.0285 -7.27914 93.567
31.0285 -7.27914 100.879
27.2431 -5.18672 100.879
10.4891 -10.9949 148.129
6.43906 1.71128 134.022
6.46836 1.76061 134.022
6.54734 1.5575 134.022
13.1073 -3.32343 114.32
13.3198 -3.23332 114.32
13.1073 -3.32343 155.325
7.59726 0.112197 114.32
7.59726 0.112197 155.325
9.57913 -0.0306395 155.325
10.3659 -0.585435 155.325
9.57913 -0.0306395 114.32
11.1319 -0.828564 155.325
8.80946 -0.0913921 155.325
8.08946 0.137146 155.325
11.1319 -0.828564 114.32
9.68933 -4.08311 197.161
8.58786 -4.29421 197.161
23.0595 -3.76317 109.361
-13.2772 29.9233 -221.937
2.19721 -7.59989 127
2.16079 -7.83761 127
1.2963 -7.95641 127
-16.1452 24.7351 -221.937
-30.108 -0.523765 -126.346
-29.2947 -0.973363 -126.346
-29.0935 -0.609376 -126.346
-29.9068 -0.159755 -126.346
0.306507 -9.47299 111.561
0.887655 -9.79425 111.561
1.78505 -10.2903 111.561
1.78505 -10.2903 114.32
0.306507 -9.47299 114.32
-0.216619 -10.6748 111.561
10.5303 -11.0988 126.685
9.37869 -11.5863 134.022
10.0926 -11.8483 134.022
10.0054 -11.9976 134.022
9.72915 -12.4707 134.022
-5.16523 -14.3123 77.3216
-5.16523 -14.3123 93.567
10.5049 -11.0347 148.129
9.2407 -11.5357 148.129
4.9328 -9.76297 155.325
4.9328 -9.76297 114.32
2.42173 -6.1343 134.022
2.72224 -6.40417 134.022
5.75425 -0.583602 155.325
5.7539 -0.583391 155.325
5.49478 -0.429533 155.325
2.72224 -6.40417 155.325
3.01894 -6.33843 155.325
2.53427 -5.39965 114.32
2.53427 -5.39965 155.325
2.1364 -5.53371 134.022
6.32065 0.917413 134.022
6.05182 0.439152 134.022
10.2885 -10.4888 134.022
10.5856 -11.004 134.022
10.4891 -10.9949 134.022
-7.22992 -7.78847 105.86
-7.22992 -7.78847 100.879
-6.96065 -7.30136 100.879
-6.96065 -7.30136 105.86
6.7533 -7.54432 161.823
7.81306 -7.25 161.823
7.60275 -5.01417 212.859
2.16258 -7.82595 148.129
2.19721 -7.59989 148.129
2.17622 -7.83549 148.129
2.19721 -7.59989 120.822
2.15983 -6.52878 114.32
2.03242 -5.7088 114.32
2.42173 -6.1343 114.32
2.1364 -5.53371 114.32
1.99176 -6.56602 114.32
-14.9247 -7.10428 93.567
-15.602 -5.51349 93.567
-15.602 -5.51349 100.879
-14.9247 -7.10428 100.879
-12.4376 -5.78393 100.879
-4.41143 6.18045 100.879
-4.41143 6.18045 105.86
0.720873 3.34329 105.86
6.00522 11.9446 77.3216
6.23655 12.3631 77.3216
6.23655 12.3631 93.567
6.00522 11.9446 93.567
14.2655 -19.6716 100.879
13.8957 -20.3407 100.879
13.8957 -20.3407 105.86
14.2655 -19.6716 105.86
10.5303 -11.0988 134.022
10.9524 -12.1638 134.022
13.4849 -5.17395 134.022
13.4827 -5.17267 134.022
10.985 -12.246 134.022
10.5571 -12.4156 134.022
10.985 -12.246 114.32
10.5571 -12.4156 114.32
8.16912 9.80952 100.879
15.0148 -3.77711 134.022
15.0603 -3.81165 134.022
15.471 -4.1235 134.022
9.96631 -22.2032 93.567
9.96631 -22.2032 77.3216
9.76567 -22.5662 77.3216
9.76567 -22.5662 93.567
14.194 -3.36164 134.022
14.4044 -3.31357 134.022
14.5974 -3.46011 134.022
14.3574 -4.07658 134.022
6.00522 11.9446 44.6192
6.23655 12.3631 44.6192
6.57892 12.1739 77.3216
6.57892 12.1739 44.6192
5.83088 12.5874 44.6192
5.59948 12.1688 44.6192
-13.8197 -1.32866 93.567
-13.413 -1.55349 93.567
-13.413 -1.55349 100.879
-13.8197 -1.32866 100.879
2.52214 6.60182 105.86
2.52214 6.60182 111.561
3.68855 6.94486 111.561
3.29232 7.1639 111.561
2.94039 7.35844 111.561
2.94039 7.35844 105.86
7.09632 -5.23545 212.859
7.32022 -4.53717 212.859
8.14348 -4.37939 212.859
8.52044 -4.61319 212.859
8.51037 -4.61759 212.859
7.93217 -4.87023 212.859
7.14736 -5.21315 212.859
14.282 -24.5891 77.3216
14.0814 -24.9519 77.3216
14.0814 -24.9519 93.567
14.282 -24.5891 93.567
-7.60006 -8.45807 100.879
-7.60006 -8.45807 105.86
17.2236 -24.8751 100.879
18.7344 -22.1421 100.879
21.017 -25.39 100.879
21.017 -25.39 93.567
18.9203 -25.813 93.567
18.9203 -25.813 100.879
4.36785 6.56935 111.561
28.1028 -0.262761 77.3216
28.331 0.150044 77.3216
28.331 0.150044 93.567
28.1028 -0.262761 93.567
30.4192 -1.00423 77.3216
30.4192 -1.00423 93.567
30.1913 -1.41651 93.567
30.1913 -1.41651 77.3216
30.523 -1.06163 77.3216
30.7181 -1.70756 77.3216
30.7181 -1.70756 93.567
32.2994 -2.04356 77.3216
32.4964 -2.68998 77.3216
32.4964 -2.68998 93.567
34.32 -3.16048 77.3216
34.0926 -3.57176 77.3216
34.0926 -3.57176 93.567
27.4373 0.644055 77.3216
27.2089 0.231009 77.3216
37.8208 -5.63132 77.3216
38.0476 -5.22101 77.3216
14.6851 -18.9126 100.879
14.5352 -19.1838 100.879
14.5352 -19.1838 105.86
15.4955 -3.0643 134.022
15.6011 -3.04017 134.022
15.6591 -3.2939 134.022
-6.81049 -7.0297 105.86
13.6501 -4.1154 155.325
13.7593 -3.15133 114.32
14.1941 -3.36163 114.32
-1.21894 -5.4615 114.32
10.7837 -10.0864 114.32
11.0345 -10.2353 114.32
10.7837 -10.0864 155.325
15.6011 -3.04017 114.32
-5.16523 -14.3123 -106.91
-0.788823 9.41991 105.86
-0.788823 9.41991 100.879
-0.220022 9.49218 100.879
-0.220022 9.49218 105.86
1.56367 8.11947 105.86
13.6443 -3.09572 114.32
9.16631 -20.9739 93.567
9.16631 -20.9739 100.879
10.63 -21.783 93.567
13.5252 -5.21834 114.32
13.5252 -5.21834 155.325
5.74845 -3.92605 161.823
6.35556 -4.4325 161.823
6.80819 -3.63176 161.823
5.83088 12.5874 77.3216
5.59948 12.1688 77.3216
6.89466 0.664201 134.022
6.56297 0.371074 134.022
6.46836 1.76061 114.32
6.54734 1.5575 114.32
6.46836 1.76061 127
6.46836 1.76061 120.822
-56.1123 53.6019 -196.621
-58.9806 48.4131 -196.621
-58.9806 48.4131 -221.937
-56.1123 53.6019 -221.937
-47.4207 48.7973 -221.937
-47.4207 48.7973 -196.621
-53.9028 57.5989 -221.937
9.2407 -11.5357 134.022
10.5049 -11.0347 134.022
27.4952 -1.36169 100.879
27.4952 -1.36169 93.567
27.7018 -0.988043 93.567
27.7018 -0.988043 100.879
29.5835 -2.51602 93.567
29.79 -2.14239 93.567
29.79 -2.14239 100.879
25.321 0.328035 93.567
25.1144 -0.0456589 93.567
25.1144 -0.0456589 100.879
31.0618 -2.84546 93.567
10.98 -10.3286 114.32
-5.47484 -9.63287 105.86
-4.68531 -8.20451 105.86
16.4556 -26.2644 93.567
16.4556 -26.2644 77.3216
16.6562 -25.9016 93.567
0.104607 -8.12018 127
-0.0468038 -7.01771 127
1.21723 -7.38069 127
0.945662 -8.0046 127
-4.05407 -7.06251 114.32
-4.05407 -7.06251 111.561
-1.25276 -8.30671 114.32
-3.85384 -8.66415 111.561
4.7629 -0.978083 155.325
4.7629 -0.978083 114.32
4.64827 -1.1474 155.325
2.75794 -3.93959 155.325
2.75794 -3.93959 114.32
-6.05503 12.7179 93.567
-6.05503 12.7179 100.879
-5.50632 13.7105 93.567
12.9504 -2.76013 114.32
12.4769 -1.84991 114.32
12.7643 -2.5217 114.32
8.10635 -20.3879 93.567
8.10635 -20.3879 100.879
8.42821 -10.8024 155.325
8.03113 -10.5015 155.325
7.88465 -10.3905 155.325
8.3763 -10.7631 155.325
8.2617 -10.6762 155.325
8.74506 -10.7015 155.325
8.79875 -10.837 155.325
8.60109 -10.3382 155.325
8.79875 -10.837 114.32
3.61393 -7.86826 155.325
3.17808 -7.7857 155.325
2.99391 -7.75081 155.325
2.99391 -7.75081 114.32
16.7132 -2.78612 120.822
17.6546 -2.57102 120.822
17.8834 -3.57244 120.822
16.9419 -3.78751 120.822
7.26759 -0.104683 161.823
7.26759 -0.104683 155.325
8.63928 -0.10539 155.325
8.8015 -0.105474 155.325
8.8015 -0.105474 161.823
17.004 -20.1945 100.879
16.4503 -20.2424 100.879
17.004 -20.1945 105.86
18.0726 -21.7763 100.879
21.8579 -23.8689 100.879
21.8579 -23.8689 93.567
22.1277 -23.3807 93.567
22.1277 -23.3807 100.879
18.3423 -21.2882 100.879
8.02346 0.166259 155.325
8.02346 0.166259 114.32
8.06558 0.147683 155.325
12.0539 -1.61166 114.32
12.0539 -1.61166 155.325
8.06306 0.171282 155.325
-6.84975 -12.1203 93.567
-6.6159 -11.6972 93.567
-6.6159 -11.6972 100.879
-6.84975 -12.1203 100.879
19.2869 -2.66557 111.561
16.0887 -0.89763 111.561
16.0887 -0.89763 114.32
18.6886 -2.33481 114.32
19.2869 -2.66557 114.32
-50.0034 25.0289 -221.937
-51.086 23.0706 -221.937
-51.086 23.0706 -215.144
-50.0034 25.0289 -215.144
-48.6941 24.3051 -221.937
-48.6941 24.3051 -215.144
-51.086 23.0706 -205.726
-50.0034 25.0289 -205.726
-48.6941 24.3051 -205.726
-47.3195 26.7918 -215.144
9.07507 -11.4749 114.32
1.22196 -7.41515 134.022
1.2963 -7.95641 134.022
1.22196 -7.41515 114.32
1.2963 -7.95641 114.32
8.27678 -7.12121 161.823
8.77052 -7.79125 161.823
9.31176 -6.83376 161.823
58.1349 -23.1525 -195.554
49.7602 -38.3023 -195.554
-56.2125 58.8756 -193.243
-58.4219 54.8787 -193.243
-56.1123 53.6019 -193.243
-53.9028 57.5989 -193.243
-56.1123 53.6019 -196.012
-53.9028 57.5989 -196.012
-1.25276 -8.30671 120.822
-0.0468038 -7.01771 120.822
0.104607 -8.12018 120.822
8.34714 -6.1017 212.859
-56.1661 13.8813 -205.726
9.0105 -10.6573 155.325
10.2719 -10.4468 155.325
-46.9161 23.3222 -196.621
-46.9161 23.3222 -196.012
21.9668 2.18226 93.567
21.9668 2.18226 100.879
23.4305 1.37312 93.567
9.36667 -2.92127 161.823
8.30691 -3.21556 161.823
-4.63139 -13.3466 100.879
-5.68982 -12.7615 93.567
-1.90825 -14.8519 93.567
-6.56249 10.8392 100.879
-6.56249 10.8392 93.567
-6.96924 11.0641 93.567
-6.96924 11.0641 100.879
5.58495 1.37919 127
5.32056 2.04629 127
5.15382 2.46699 127
6.05717 2.81819 127
6.43906 1.71128 127
5.15382 2.46699 120.822
5.32056 2.04629 120.822
5.58495 1.37919 120.822
6.05717 2.81819 120.822
-5.16523 -14.3123 44.6192
-7.38355 -13.086 44.6192
-7.93134 -12.3087 44.6192
-8.13223 -12.6721 44.6192
-4.80259 -6.64873 111.561
-4.80259 -6.64873 105.86
10.2415 -13.7636 120.822
11.4039 -13.303 120.822
11.7775 -14.2456 120.822
10.6151 -14.7062 120.822
23.772 -2.47425 105.86
23.772 -2.47425 100.879
-2.71611 15.3384 100.879
-2.71611 15.3384 93.567
-4.43925 14.6802 100.879
1.71655 -6.24067 114.32
2.64491 -4.67747 114.32
9.82265 -12.7066 126.685
11.2647 -12.9518 126.685
11.4039 -13.303 126.685
10.2415 -13.7636 126.685
11.2647 -12.9518 120.822
9.82265 -12.7066 120.822
10.2415 -13.7636 114.32
11.4039 -13.303 114.32
9.82265 -12.7066 134.022
11.7775 -14.2456 114.32
10.6151 -14.7062 114.32
9.82265 -12.7066 114.32
11.2647 -12.9518 114.32
9.72915 -12.4707 114.32
9.37869 -11.5863 114.32
10.8512 -15.302 114.32
-56.2125 58.8756 -196.621
-58.4219 54.8787 -196.621
-58.4219 54.8787 -196.012
-56.2125 58.8756 -196.012
-38.0259 43.604 -196.012
-35.8165 47.6009 -196.012
32.9135 -3.86908 93.567
-7.38355 -13.086 93.567
-7.38355 -13.086 77.3216
-7.18268 -12.7226 77.3216
-7.18268 -12.7226 93.567
15.8299 -4.04152 134.022
24.8365 -3.85647 100.879
4.71795 -1.18679 155.325
4.90528 -0.871371 155.325
3.08729 -3.93257 155.325
2.8001 -4.41615 155.325
2.64491 -4.67747 155.325
10.5413 -18.4864 105.86
10.5413 -18.4864 100.879
9.48129 -17.9005 100.879
9.48129 -17.9005 105.86
9.4003 -20.5506 100.879
8.34031 -19.9646 100.879
15.8299 -4.04152 120.822
2.17622 -7.83549 114.32
2.97293 -7.72601 114.32
1.33084 13.1014 93.567
1.53759 13.4754 93.567
1.53759 13.4754 100.879
1.33084 13.1014 100.879
-1.21918 14.511 100.879
-1.21918 14.511 93.567
-1.01241 14.885 93.567
-1.01241 14.885 100.879
10.3715 -6.53944 161.823
13.1556 -4.25658 155.325
13.1823 -4.99426 155.325
13.1978 -5.42223 155.325
13.2097 -5.7512 155.325
13.2097 -5.7512 161.823
13.1556 -4.25658 161.823
4.72425 3.55088 120.822
5.15382 2.46699 114.32
6.05717 2.81819 114.32
4.72425 3.55088 114.32
0.506467 -15.6343 100.879
0.506467 -15.6343 93.567
0.272563 -16.0574 93.567
0.272563 -16.0574 100.879
6.99138 -13.1683 111.561
6.99138 -13.1683 114.32
2.19721 -7.59989 134.022
2.16258 -7.82595 134.022
2.16079 -7.83761 134.022
-11.3558 -6.38194 100.879
-12.497 -8.44629 100.879
-14.9759 -4.38078 93.567
-14.9759 -4.38078 100.879
15.2196 5.42399 100.879
15.2196 5.42399 93.567
15.4262 5.79783 93.567
13.446 6.89248 93.567
13.2393 6.51862 93.567
13.2393 6.51862 100.879
-12.15 -10.451 77.3216
-11.9491 -10.0875 77.3216
-11.9491 -10.0875 93.567
-12.15 -10.451 93.567
54.3816 -47.2301 -196.621
59.0557 -43.4409 -221.937
54.3816 -47.2301 -221.937
47.0619 -43.1837 -221.937
49.7602 -38.3023 -221.937
14.8494 -23.5627 93.567
14.6153 -23.9861 93.567
14.6153 -23.9861 100.879
14.8494 -23.5627 100.879
17.2236 -24.8751 93.567
16.9896 -25.2985 100.879
16.9896 -25.2985 93.567
18.1877 -25.9609 93.567
20.4177 -0.620034 100.879
20.4177 -0.620034 105.86
-8.43829 8.4065 93.567
-8.03155 8.18166 93.567
-8.03155 8.18166 100.879
-8.43829 8.4065 100.879
-9.75436 6.02569 93.567
-9.75436 6.02569 100.879
19.0447 -20.0177 105.86
19.0447 -20.0177 109.361
17.004 -20.1945 109.361
21.8814 -1.42917 100.879
21.8814 -1.42917 105.86
5.59948 12.1688 93.567
4.81719 -1.24289 161.823
4.81719 -1.24289 155.325
5.75508 -0.583016 155.325
5.75508 -0.583016 161.823
7.20171 -0.125516 155.325
8.11734 0.164053 155.325
4.95052 -0.837461 155.325
5.03795 -1.36768 161.823
7.34941 -2.67431 161.823
61.8341 -41.1885 -221.937
66.8989 -32.026 -221.937
-14.3463 -9.23693 93.567
-14.3463 -9.23693 77.3216
-14.1453 -8.87334 77.3216
-14.1453 -8.87334 93.567
-16.2029 -7.73583 93.567
-16.2029 -7.73583 77.3216
-15.9046 -8.37546 77.3216
-17.8113 -6.84661 77.3216
-18.0124 -7.2103 77.3216
-17.8113 -6.84661 93.567
13.4836 -5.17507 155.325
13.4849 -5.17395 155.325
13.4827 -5.17267 155.325
13.5274 -5.19917 155.325
10.7322 -10.1282 155.325
11.3317 -9.2391 155.325
11.136 -9.52934 155.325
12.9266 -6.874 155.325
13.4207 -6.14122 155.325
11.4149 -9.1157 155.325
13.4207 -6.14122 114.32
11.5456 -9.36001 155.325
11.5411 -9.36768 155.325
11.4265 -9.56392 155.325
13.4196 -6.15084 155.325
13.4196 -6.15084 114.32
11.4265 -9.56392 114.32
13.219 -3.5844 155.325
13.6074 -4.49235 155.325
0.945662 -8.0046 120.822
-7.93134 -12.3087 77.3216
-7.93134 -12.3087 93.567
1.20374 -7.4117 134.022
1.21723 -7.38069 134.022
1.52701 -6.669 134.022
63.8934 -12.7354 -221.937
61.0259 -17.9227 -196.621
63.8934 -12.7354 -196.621
2.97127 -4.51292 161.823
2.97127 -4.51292 155.325
3.22329 -3.25223 161.823
8.22974 9.28781 93.567
8.43643 9.66175 93.567
8.22974 9.28781 100.879
3.03608 -17.5851 93.567
3.27001 -17.1619 93.567
3.27001 -17.1619 100.879
3.03608 -17.5851 100.879
5.59086 -18.4448 100.879
5.59086 -18.4448 93.567
5.35692 -18.868 93.567
5.35692 -18.868 100.879
-1.90825 -14.8519 100.879
15.454 -20.3287 100.879
14.0879 -20.447 100.879
12.3749 -18.6265 105.86
12.6446 -18.1387 105.86
12.005 -19.2956 100.879
12.005 -19.2956 105.86
17.7028 -22.4452 100.879
49.2534 -4.6426 -221.937
9.06533 10.7995 77.3216
9.06533 10.7995 93.567
8.8344 10.3817 93.567
8.8344 10.3817 77.3216
14.4044 -3.31357 114.32
20.1131 -27.0252 93.567
33.3153 -3.14233 93.567
32.707 -4.24266 93.567
21.9563 -14.7506 105.86
21.9563 -14.7506 100.879
8.63086 4.21281 105.86
8.63086 4.21281 109.361
-11.8708 1.23646 100.879
-11.8708 1.23646 93.567
-12.2775 1.4613 93.567
-12.2775 1.4613 100.879
-8.13223 -12.6721 77.3216
3.85223 7.24097 111.561
3.85223 7.24097 105.86
47.0619 -43.1837 -196.621
44.0592 -48.6155 -196.621
44.0592 -48.6155 -221.937
-56.1661 13.8813 -221.937
-67.8631 32.3448 -215.144
-72.9428 23.1555 -215.144
15.8253 6.51973 77.3216
15.8253 6.51973 93.567
16.0552 6.93571 93.567
16.0552 6.93571 77.3216
14.075 8.03032 77.3216
14.075 8.03032 93.567
13.8447 7.61383 93.567
13.8447 7.61383 77.3216
-2.56149 12.0826 100.879
11.9622 -15.9161 111.561
11.9622 -15.9161 114.32
8.29168 -12.1116 114.32
6.10957 -10.5858 114.32
6.8371 -10.6538 114.32
5.89939 -14.0558 111.561
24.2778 -2.7539 100.879
21.5453 -2.03719 105.86
17.1442 -26.1714 77.3216
16.5165 -26.2981 77.3216
16.5165 -26.2981 93.567
17.1442 -26.1714 93.567
19.159 -27.2853 77.3216
18.6214 -27.4616 77.3216
19.159 -27.2853 93.567
19.5791 -27.9911 77.3216
19.7796 -27.6284 77.3216
19.7796 -27.6284 93.567
-10.9856 -5.71224 100.879
-5.85331 -8.54949 105.86
10.864 -21.3597 93.567
10.864 -21.3597 100.879
68.6047 -28.9401 -196.621
68.6047 -28.9401 -221.937
53.3386 -20.5012 -221.937
-0.0604992 -16.66 -106.91
-0.0604992 -16.66 -126.346
-0.261266 -17.0232 -126.346
-0.261266 -17.0232 -106.91
-11.1289 3.53903 93.567
-10.7222 3.31419 93.567
-10.7222 3.31419 100.879
-11.1289 3.53903 100.879
66.1026 -8.73888 -221.937
66.1026 -8.73888 -196.621
-2.62547 -4.47801 111.561
-2.62547 -4.47801 114.32
0.20807 -6.4593 114.32
-2.2406 -9.55596 111.561
6.89466 0.664201 114.32
11.2918 -9.21656 155.325
11.2918 -9.21656 161.823
11.9391 -8.68619 161.823
13.2405 -5.74264 155.325
12.8625 -7.10485 161.823
13.2405 -5.74264 161.823
-52.8769 12.539 -196.621
-52.8769 12.539 -196.012
4.19488 -8.25487 161.823
18.4922 -21.0172 100.879
16.5618 -24.5093 100.879
46.3858 -9.83006 -221.937
-3.55045 16.288 93.567
-3.75725 15.9139 93.567
27.5791 -4.57882 100.879
27.1162 -14.3565 93.567
22.2775 -23.1097 93.567
22.2775 -23.1097 100.879
27.1162 -14.3565 100.879
8.09857 3.51923 111.561
8.09857 3.51923 114.32
3.18997 -4.63655 161.823
2.19721 -7.59989 114.32
1.20374 -7.4117 114.32
1.52701 -6.669 114.32
2.16079 -7.83761 114.32
0.945662 -8.0046 114.32
-0.0468038 -7.01771 114.32
0.104607 -8.12018 114.32
1.13152 -6.75663 134.022
1.13152 -6.75663 114.32
1.02627 -5.42459 114.32
1.71451 -6.23825 114.32
2.78124 -3.78755 114.32
2.78124 -3.78755 155.325
2.89188 -3.06529 114.32
4.73723 -9.22383 161.823
4.73723 -9.22383 155.325
4.07271 -8.471 155.325
4.07271 -8.471 161.823
-4.68531 -8.20451 111.561
-10.9425 -10.644 77.3216
-11.1434 -11.0075 77.3216
13.6296 -4.54414 155.325
13.9153 -5.21196 114.32
9.06533 10.7995 -126.346
9.06533 10.7995 -106.91
8.8344 10.3817 -106.91
8.8344 10.3817 -126.346
4.64827 -1.1474 161.823
9.2407 -11.5357 114.32
10.5049 -11.0347 114.32
6.09719 -10.0405 161.823
-10.7164 -5.22527 100.879
-10.5662 -4.95353 100.879
-14.1863 -2.95233 100.879
-6.22343 -9.21906 105.86
-6.22343 -9.21906 100.879
-19.5429 41.6094 -196.621
-33.8638 51.1334 -196.621
-19.5429 41.6094 -221.937
-33.8638 51.1334 -221.937
14.2286 -4.40731 155.325
13.6008 -4.55071 155.325
38.0476 -5.22101 44.6192
37.8208 -5.63132 44.6192
39.4853 -6.55083 44.6192
39.7119 -6.14094 44.6192
12.6221 -2.76264 161.823
12.6221 -2.76264 155.325
12.9385 -3.64849 155.325
13.5189 -5.27394 155.325
3.51791 -7.65112 155.325
3.04591 -6.58373 155.325
3.04591 -6.58373 161.823
3.96484 -8.66183 161.823
20.3563 -28.4207 77.3216
20.5568 -28.058 77.3216
20.5568 -28.058 93.567
13.6743 -24.2532 77.3216
13.4738 -24.616 77.3216
24.084 -30.4814 77.3216
24.2844 -30.1188 77.3216
49.7602 -38.3023 -196.621
47.0619 -43.1837 -195.554
58.1349 -23.1525 -196.621
61.0259 -17.9227 -195.554
53.3386 -20.5012 -195.554
44.9641 -35.6509 -195.554
56.2296 -15.2714 -195.554
42.2657 -40.5323 -195.554
-39.116 37.4326 -196.012
8.4926 -6.14102 212.859
7.56334 -6.12275 212.859
7.04459 -5.39678 212.859
8.70896 -4.73012 212.859
8.88708 -5.37123 212.859
24.2844 -30.1188 44.6192
24.084 -30.4814 44.6192
25.7481 -31.4013 44.6192
25.9485 -31.0388 44.6192
-0.0604992 -16.66 93.567
-0.0604992 -16.66 77.3216
-0.261266 -17.0232 77.3216
-0.261266 -17.0232 93.567
8.52044 -4.61319 197.161
7.09632 -5.23545 197.161
-4.67808 16.9114 93.567
5.202 11.4497 93.567
12.7643 -2.5217 155.325
13.1834 -3.5012 155.325
-2.19193 10.1955 100.879
-2.19193 10.1955 105.86
10.6958 -9.70499 155.325
8.07343 3.48743 114.32
19.3631 -1.33374 111.561
8.59329 4.14486 111.561
8.85474 4.47549 111.561
4.42245 6.92574 111.561
17.5911 -5.73338 114.32
17.5911 -5.73338 111.561
3.50834 6.61883 111.561
16.7132 -2.78612 114.32
16.9419 -3.78751 114.32
15.8253 6.51973 -126.346
15.8253 6.51973 -106.91
16.0552 6.93571 -106.91
16.0552 6.93571 -126.346
14.075 8.03032 -126.346
14.075 8.03032 -106.91
13.8447 7.61383 -106.91
13.8447 7.61383 -126.346
-33.6927 16.0123 -196.012
-48.6941 24.3051 -196.621
-32.3181 18.499 -196.012
-47.3195 26.7918 -196.621
17.6546 -2.57102 114.32
17.8834 -3.57244 114.32
10.2967 -22.3859 77.3216
10.0961 -22.7488 77.3216
10.2967 -22.3859 93.567
-0.615892 15.6023 77.3216
-0.383615 16.0226 77.3216
-0.383615 16.0226 93.567
-0.615892 15.6023 93.567
-2.62229 16.7107 93.567
-2.62229 16.7107 77.3216
-2.09283 16.9674 77.3216
10.0759 -9.95233 155.325
11.5517 -9.36346 155.325
8.03707 -10.7659 155.325
5.32056 2.04629 114.32
3.34509 -2.49215 155.325
3.34509 -2.49215 114.32
11.082 -9.09796 161.823
7.33261 -10.335 161.823
-64.2825 38.822 -221.937
26.3392 -6.82189 109.361
25.4623 -5.09146 109.361
18.2925 3.72534 100.879
18.2925 3.72534 93.567
18.4991 4.09913 93.567
-66.5921 40.0988 -215.144
-67.7154 38.0667 -215.144
-65.4058 36.79 -215.144
-64.2825 38.822 -215.144
-65.4058 36.79 -221.937
-67.7154 38.0667 -221.937
7.11065 10.3946 93.567
10.8925 8.30404 93.567
12.1544 -2.14711 161.823
12.1544 -2.14711 155.325
-2.92167 17.4255 77.3216
-3.15431 17.0047 77.3216
-3.15431 17.0047 93.567
15.8253 6.51973 44.6192
16.0552 6.93571 44.6192
14.075 8.03032 44.6192
13.8447 7.61383 44.6192
-4.04931 18.0488 77.3216
-4.28212 17.6277 77.3216
-4.28212 17.6277 93.567
2.81951 14.252 77.3216
2.58768 13.8326 77.3216
-7.84819 20.1487 77.3216
-8.08154 19.7266 77.3216
2.58768 13.8326 93.567
21.7602 1.80852 100.879
28.9217 -2.1502 100.879
27.03 -5.57215 100.879
2.80806 -4.42066 161.823
3.20119 -7.99587 155.325
2.97293 -7.72601 155.325
20.3471 -26.6017 93.567
15.8299 -4.04152 114.32
16.0787 -2.93106 114.32
15.4955 -3.0643 114.32
15.471 -4.1235 114.32
18.916 -3.33656 114.32
-5.09957 13.4857 93.567
-5.09957 13.4857 100.879
-5.64828 12.493 100.879
24.0596 2.51115 77.3216
23.8308 2.09723 77.3216
23.8308 2.09723 93.567
24.0596 2.51115 93.567
2.50223 -18.5509 93.567
2.50223 -18.5509 77.3216
2.70296 -18.1877 77.3216
2.70296 -18.1877 93.567
9.06533 10.7995 44.6192
8.8344 10.3817 44.6192
-23.461 -3.72325 44.6192
-23.6621 -4.08708 44.6192
-21.8111 -5.11032 44.6192
-21.61 -4.74654 44.6192
-9.69929 21.172 44.6192
-9.9329 20.7494 44.6192
-8.08154 19.7266 44.6192
-7.84819 20.1487 44.6192
10.8925 8.30404 100.879
20.9061 2.76856 100.879
8.4926 -6.14102 197.161
7.56334 -6.12275 197.161
-0.13707 13.9128 100.879
23.2239 0.999398 100.879
23.2239 0.999398 93.567
10.5303 -11.0988 114.32
13.284 -7.34821 114.32
13.3662 -6.62216 114.32
5.58495 1.37919 134.022
43.6581 -14.7644 -126.346
43.6581 -14.7644 -141.034
42.9914 -14.3959 -141.034
42.9914 -14.3959 -126.346
14.0453 -0.625478 114.32
13.7934 -2.84964 114.32
10.1878 -0.111711 114.32
8.79448 4.5088 109.361
11.925 -2.21082 161.823
12.93 -5.82888 161.823
7.08846 2.24181 114.32
2.50223 -18.5509 -106.91
2.50223 -18.5509 -126.346
2.70296 -18.1877 -126.346
2.70296 -18.1877 -106.91
5.58495 1.37919 114.32
5.65086 1.21287 114.32
6.85805 2.41677 114.32
5.84787 0.715795 114.32
6.90807 0.629729 114.32
7.33261 -10.335 155.325
11.1319 -0.828564 161.823
8.80946 -0.0913921 161.823
8.88708 -5.37123 197.161
7.32022 -4.53717 197.161
9.29471 -6.8385 197.161
8.28953 -3.22039 197.161
10.2707 -16.4723 105.86
11.3308 -17.0583 105.86
11.3308 -17.0583 111.561
10.2707 -16.4723 111.561
-1.67434 -14.4288 93.567
-1.67434 -14.4288 100.879
-7.36455 -11.2834 100.879
-7.36455 -11.2834 93.567
-0.0604992 -16.66 44.6192
-0.261266 -17.0232 44.6192
19.1282 5.23706 77.3216
19.1282 5.23706 93.567
18.8987 4.82188 93.567
18.8987 4.82188 77.3216
5.02376 -19.4708 -106.91
5.02376 -19.4708 -126.346
4.82307 -19.8339 -126.346
4.82307 -19.8339 -106.91
19.8687 -1.61321 105.86
19.8687 -1.61321 111.561
2.50223 -18.5509 44.6192
2.70296 -18.1877 44.6192
1.57447 -11.6649 111.561
2.86265 5.45069 114.32
2.86265 5.45069 111.561
-2.2413 -15.4544 77.3216
-2.44211 -15.8176 77.3216
-2.44211 -15.8176 93.567
-2.2413 -15.4544 93.567
30.8153 -7.66474 100.879
30.8153 -7.66474 93.567
33.4843 -4.67229 93.567
12.7945 -17.8674 105.86
12.7945 -17.8674 109.361
12.7945 -17.8674 111.561
-18.6915 20.1289 -141.034
-17.8782 19.6793 -141.034
-17.8782 19.6793 -126.346
-18.6915 20.1289 -126.346
-16.1036 -3.75738 93.567
0.153117 0.548811 111.561
11.8949 -1.40797 161.823
12.1756 -1.76751 161.823
-31.1946 20.5314 -196.012
-46.1961 28.824 -196.621
-39.6538 5.22876 -196.012
-25.8924 30.123 -196.012
-27.4097 4.35763 -126.346
-27.4097 4.35763 -141.034
-26.5963 3.90802 -141.034
-26.5963 3.90802 -126.346
-2.2413 -15.4544 -126.346
-2.44211 -15.8176 -126.346
4.22141 -1.38393 114.32
39.263 -45.9642 -196.621
-2.44211 -15.8176 -106.91
4.58483 -1.11154 155.325
-2.2413 -15.4544 -106.91
4.22141 -1.38393 155.325
56.2296 -15.2714 -196.621
22.5958 3.32025 93.567
8.83306 -21.5767 93.567
-29.0935 -0.609376 -106.91
-29.2947 -0.973363 -106.91
-23.6621 -4.08708 -106.91
-0.533225 -12.3645 105.86
-23.461 -3.72325 -106.91
-0.533225 -12.3645 100.879
18.5508 -44.4213 -221.937
-2.66926 33.8894 -221.937
-30.8597 -17.1077 -221.937
19.1282 5.23706 -126.346
19.1282 5.23706 -106.91
18.8987 4.82188 -106.91
18.8987 4.82188 -126.346
4.6538 17.5703 44.6192
39.7119 -6.14094 -221.937
7.66516 15.9056 44.6192
7.77314 -20.9907 77.3216
7.57249 -21.3537 77.3216
7.57249 -21.3537 93.567
7.77314 -20.9907 93.567
7.68897 -3.38717 197.161
-6.83132 26.3602 -221.937
42.5795 -0.953397 -221.937
22.7453 -36.8333 -221.937
11.2909 9.02466 77.3216
-25.6858 -7.74796 44.6192
11.2909 9.02466 93.567
-26.6652 -9.51971 44.6192
11.5215 9.4418 93.567
-24.8142 -10.5429 44.6192
11.5215 9.4418 77.3216
-23.8348 -8.77117 44.6192
-26.6652 -9.51971 -221.937
-25.6858 -7.74796 -106.91
-26.6652 -9.51971 -106.91
-24.8142 -10.5429 -106.91
6.35556 -4.4325 197.161
6.04277 -4.98584 197.161
6.45898 -6.48453 197.161
7.81306 -7.25 197.161
8.27678 -7.12121 197.161
8.06726 1.49855 114.32
8.34031 -19.9646 93.567
21.3324 -2.42237 111.561
21.3324 -2.42237 105.86
4.13371 5.04093 114.32
45.7191 -9.46155 -126.346
-9.69929 21.172 -221.937
46.3858 -9.83006 -126.346
48.2197 -6.51252 -126.346
47.553 -6.14399 -126.346
5.68736 19.44 44.6192
8.69874 17.7754 44.6192
5.68736 19.44 -106.91
8.69874 17.7754 -106.91
21.5352 3.90655 93.567
21.5352 3.90655 77.3216
7.77314 -20.9907 -126.346
7.57249 -21.3537 -106.91
7.77314 -20.9907 -106.91
11.8949 -1.40797 114.32
12.4153 -2.07465 155.325
12.1756 -1.76751 155.325
11.8949 -1.40797 155.325
9.34338 5.50173 100.879
9.34338 5.50173 105.86
13.6743 -24.2532 93.567
22.0606 -34.1417 44.6192
21.0812 -35.9134 44.6192
22.7453 -36.8333 44.6192
23.7247 -35.0616 44.6192
21.0812 -35.9134 -106.91
22.7453 -36.8333 -106.91
23.7247 -35.0616 -106.91
-21.61 -4.74654 77.3216
-21.8111 -5.11032 77.3216
27.2089 0.231009 93.567
11.2909 9.02466 -126.346
11.2909 9.02466 -106.91
11.5215 9.4418 -106.91
11.5215 9.4418 -126.346
19.1282 5.23706 44.6192
18.8987 4.82188 44.6192
60.2301 -44.0901 -221.937
60.2301 -44.0901 -196.621
44.9641 -35.6509 -221.937
-6.83132 26.3602 44.6192
-7.86487 24.4905 44.6192
-6.01378 23.4672 44.6192
-4.98023 25.3369 44.6192
-4.98023 25.3369 -106.91
-6.83132 26.3602 -106.91
-7.86487 24.4905 -106.91
21.5352 3.90655 -106.91
-6.22722 14.109 93.567
17.6332 -9.11422 109.361
23.3309 -12.2639 109.361
5.02376 -19.4708 77.3216
5.02376 -19.4708 44.6192
4.82307 -19.8339 44.6192
4.82307 -19.8339 77.3216
-2.2413 -15.4544 44.6192
-2.44211 -15.8176 44.6192
-32.1318 -4.18471 -126.346
-31.3185 -4.63429 -126.346
10.6858 7.93014 93.567
4.99527 11.0757 93.567
4.99527 11.0757 100.879
10.6858 7.93014 100.879
9.66097 -3.98099 197.161
8.30691 -3.21556 197.161
6.80819 -3.63176 197.161
9.31176 -6.83376 197.161
10.0772 -5.47969 197.161
8.07264 -26.4093 44.6192
8.07264 -26.4093 77.3216
10.0961 -22.7488 44.6192
8.63242 -21.9397 44.6192
6.60893 -25.6002 44.6192
-52.2868 60.5223 -221.937
-54.4903 61.991 -221.937
-54.4903 61.991 -196.621
-52.2868 60.5223 -196.621
-10.9425 -10.644 93.567
23.3309 -12.2639 100.879
23.3309 -12.2639 105.86
78.525 -10.994 -221.937
78.525 -10.994 -196.621
76.5723 -14.5264 -196.621
76.5723 -14.5264 -221.937
13.4731 -5.67802 155.325
3.88459 -8.80381 155.325
7.13661 -10.6817 155.325
11.2909 9.02466 44.6192
11.5215 9.4418 44.6192
21.5352 3.90655 44.6192
7.77314 -20.9907 44.6192
7.57249 -21.3537 44.6192
-17.2448 -5.82178 93.567
29.732 -38.3824 -126.346
30.3985 -38.7508 -126.346
32.4218 -35.0906 -126.346
31.7553 -34.7221 -126.346
39.8816 -1.90332 44.6192
41.5458 -2.82329 44.6192
39.7119 -6.14094 -106.91
41.5458 -2.82329 -106.91
4.35294 -9.35751 114.32
4.35294 -9.35751 155.325
-16.1452 24.7351 -126.346
-15.3319 24.2855 -126.346
-12.4639 29.4737 -126.346
-13.2772 29.9233 -126.346
-9.34763 5.80085 100.879
-9.34763 5.80085 93.567
40.9153 -0.0334293 44.6192
42.5795 -0.953397 44.6192
0.256334 -10.9363 105.86
0.256334 -10.9363 111.561
-5.43386 -7.79071 111.561
-5.43386 -7.79071 105.86
74.3631 -18.5229 -221.937
74.3631 -18.5229 -196.621
-5.72752 3.79964 105.86
-5.72752 3.79964 100.879
3.10408 7.65455 105.86
-4.88489 16.5373 93.567
-10.1558 -16.3328 44.6192
-11.1352 -18.1045 44.6192
-9.22664 -19.1596 44.6192
-8.24724 -17.3878 44.6192
-11.1352 -18.1045 -106.91
-9.22664 -19.1596 -106.91
-8.24724 -17.3878 -106.91
50.3348 -61.9911 -221.937
52.4244 -58.2108 -221.937
52.4244 -58.2108 -196.621
50.3348 -61.9911 -196.621
-13.167 -14.6682 44.6192
-14.1464 -16.44 44.6192
-14.1464 -16.44 -106.91
3.10046 7.648 111.561
12.2402 -15.4132 114.32
12.2402 -15.4132 111.561
17.6332 -9.11422 111.561
16.1695 -8.30507 111.561
-60.5286 2.89636 -205.726
-60.5286 2.89636 -221.937
-78.0511 13.9146 -221.937
-78.0511 13.9146 -205.726
-59.9646 3.91662 -205.726
8.89528 0.0604403 155.325
18.9764 -39.7211 -126.346
20.6405 -40.641 -126.346
22.7453 -36.8333 -126.346
21.0812 -35.9134 -126.346
32.5143 9.82839 -141.034
30.305 5.83177 -141.034
30.305 5.83177 -126.346
32.5143 9.82839 -126.346
37.8208 -5.63132 93.567
24.2844 -30.1188 93.567
-39.6538 5.22876 -141.034
-39.8551 4.86449 -141.034
-30.108 -0.523765 -141.034
-29.9068 -0.159755 -141.034
-28.7701 -13.3274 -126.346
-26.9191 -14.3506 -126.346
-24.8142 -10.5429 -126.346
-26.6652 -9.51971 -126.346
-6.83132 26.3602 -126.346
-4.98023 25.3369 -126.346
-2.77086 29.3337 -126.346
-4.62196 30.3569 -126.346
-6.22366 -13.7272 44.6192
-43.2584 56.3266 -221.937
-43.2584 56.3266 -196.621
3.10408 7.65455 111.561
25.7481 -31.4013 -106.91
7.73956 11.5323 44.6192
9.57383 14.8505 44.6192
7.73956 11.5323 -106.91
9.57383 14.8505 -106.91
8.79448 4.5088 111.561
8.79448 4.5088 105.86
23.0547 -23.5393 93.567
-75.9463 17.7223 -221.937
-75.9463 17.7223 -205.726
5.51077 -10.1671 114.32
2.16258 -7.82595 114.32
5.51077 -10.1671 155.325
25.7481 -31.4013 -126.346
-0.595207 0.962486 105.86
-0.595207 0.962486 111.561
29.2714 3.96192 77.3216
22.5958 3.32025 77.3216
25.4636 8.50803 44.6192
24.4299 6.63821 44.6192
29.2714 3.96192 44.6192
30.305 5.83177 44.6192
30.305 5.83177 -106.91
25.4636 8.50803 -106.91
24.4299 6.63821 -106.91
-16.2512 -20.2477 -141.034
-14.1464 -16.44 -141.034
-14.1464 -16.44 -126.346
-16.2512 -20.2477 -126.346
7.66516 15.9056 77.3216
4.6538 17.5703 77.3216
7.73956 11.5323 77.3216
-6.01378 23.4672 77.3216
11.925 -2.21082 155.325
39.7119 -6.14094 -126.346
41.5458 -2.82329 -126.346
5.62953 -27.3719 44.6192
10.4709 -30.0482 44.6192
11.4503 -28.2764 44.6192
12.8536 -7.9387 114.32
12.8536 -7.9387 155.325
49.2534 -4.6426 -126.346
42.5795 -0.953397 -126.346
8.36607 -33.8559 -141.034
8.36607 -33.8559 -126.346
10.4709 -30.0482 -126.346
10.4709 -30.0482 -141.034
-6.22366 -13.7272 -106.91
6.8371 -10.6538 155.325
2.0012 -8.87935 114.32
5.68736 19.44 -141.034
7.89668 23.4368 -141.034
7.89668 23.4368 -126.346
5.68736 19.44 -126.346
11.6234 -9.40397 155.325
2.69412 -4.35624 155.325
-33.1112 -5.95647 -126.346
-25.6858 -7.74796 -126.346
40.9153 -0.0334293 -106.91
22.5958 3.32025 44.6192
13.3662 -6.62216 155.325
11.4503 -28.2764 77.3216
22.0606 -34.1417 77.3216
8.69874 17.7754 -126.346
-35.0316 49.0208 -196.621
-35.0316 49.0208 -221.937
-53.9028 57.5989 -196.621
-56.2125 58.8756 -221.937
-33.8638 51.1334 -196.621
-33.8638 51.1334 -221.937
-35.8165 47.6009 -221.937
-35.8165 47.6009 -196.621
-23.6621 -4.08708 -126.346
27.8934 -14.7861 93.567
71.4958 -23.7101 -221.937
71.4958 -23.7101 -196.621
22.5958 3.32025 -106.91
59.0971 -10.0841 -221.937
61.3063 -6.08755 -221.937
8.63242 -21.9397 -106.91
20.6405 -40.641 -141.034
18.9764 -39.7211 -141.034
-10.1558 -16.3328 77.3216
-11.1352 -18.1045 -126.346
-23.8348 -8.77117 77.3216
-13.167 -14.6682 77.3216
-6.22366 -13.7272 77.3216
8.63242 -21.9397 77.3216
29.4191 -40.5225 -126.346
23.7247 -35.0616 -126.346
12.0215 -9.08043 114.32
12.0215 -9.08043 155.325
-62.0543 0.136361 -221.937
-62.0543 0.136361 -196.621
-59.9646 3.91662 -196.621
-59.9646 3.91662 -221.937
5.68736 19.44 -196.621
7.89668 23.4368 -196.621
-2.77086 29.3337 -141.034
-4.62196 30.3569 -141.034
-39.8551 4.86449 -196.012
10.4709 -30.0482 -106.91
18.5508 -44.4213 -196.621
-8.08154 19.7266 93.567
-21.61 -4.74654 93.567
29.4191 -40.5225 -196.621
-9.9329 20.7494 -106.91
-25.8924 30.123 -221.937
-20.8149 39.3082 -196.621
-23.0243 35.3114 -221.937
-4.62196 30.3569 -196.621
-2.66926 33.8894 -196.621
37.1582 -49.7718 -196.621
40.2424 -44.1924 -196.621
20.6405 -40.641 -196.621
-30.8597 -17.1077 -196.621
-11.0678 33.9201 -126.346
-28.7701 -13.3274 -196.621
25.9485 -31.0388 -106.91
31.7553 -34.7221 -106.91
45.7191 -9.46155 -106.91
27.3142 -44.3302 -126.346
-18.8622 42.8407 -221.937
-18.8622 42.8407 -196.621
-20.8149 39.3082 -221.937
42.2657 -40.5323 -196.621
5.62953 -27.3719 -126.346
-16.2512 -20.2477 -196.621
-14.1464 -16.44 -196.621
9.57383 14.8505 -126.346
24.4299 6.63821 -126.346
25.4636 8.50803 -126.346
10.6074 16.7203 -126.346
-9.22664 -19.1596 -126.346
-8.24724 -17.3878 -126.346
49.2534 -4.6426 -141.034
48.2197 -6.51252 -141.034
58.0634 -11.954 -141.034
59.0971 -10.0841 -141.034
-6.22366 -13.7272 93.567
-6.02279 -13.3638 93.567
8.36607 -33.8559 -196.621
10.4709 -30.0482 -196.621
4.4486 4.24639 114.32
-41.8789 1.20344 -141.034
-32.1318 -4.18471 -141.034
1.80144 -10.1833 114.32
10.4891 -10.9949 114.32
5.85918 0.687238 114.32
2.89188 -3.06529 155.325
4.05748 4.54339 114.32
40.9153 -0.0334293 -126.346
10.0759 -9.95233 148.129
10.3643 -9.83727 148.129
44.7888 3.04318 -126.346
10.767 -10.0765 148.129
10.7322 -10.1282 148.129
30.3985 -38.7508 -141.034
29.4191 -40.5225 -141.034
-46.1961 28.824 -205.726
-66.5921 40.0988 -205.726
-66.5921 40.0988 -196.621
-44.9632 -4.37601 -196.621
-47.0529 -8.15627 -196.621
-44.9632 -4.37601 -221.937
-47.0529 -8.15627 -221.937
39.263 -45.9642 -221.937
37.1582 -49.7718 -221.937
-15.3319 24.2855 -106.91
-38.0259 43.604 -196.621
-9.69929 21.172 -106.91
-9.69929 21.172 -126.346
5.02376 -19.4708 93.567
7.73956 11.5323 -126.346
22.5958 3.32025 -126.346
4.82307 -19.8339 93.567
54.5292 -54.4032 -221.937
57.5318 -48.9715 -221.937
57.5318 -48.9715 -196.621
54.5292 -54.4032 -196.621
8.14348 -4.37939 197.161
-61.2903 49.6898 -221.937
-61.2903 49.6898 -205.726
-61.2903 49.6898 -196.621
-58.4219 54.8787 -221.937
7.50843 11.1142 93.567
7.73956 11.5323 93.567
-33.1112 -5.95647 -141.034
-35.216 -9.76415 -141.034
-28.7701 -13.3274 -141.034
-33.1112 -5.95647 -196.621
25.4636 8.50803 -141.034
10.6074 16.7203 -141.034
-40.8941 38.4154 -221.937
-38.0259 43.604 -221.937
-40.8941 38.4154 -196.621
6.60893 -25.6002 -126.346
8.63242 -21.9397 -126.346
-6.22366 -13.7272 -126.346
-25.8924 30.123 -141.034
-16.1452 24.7351 -141.034
-26.9191 -14.3506 -141.034
-9.22664 -19.1596 -141.034
-26.9191 -14.3506 -196.621
-11.3315 -22.9673 -196.621
-9.22664 -19.1596 -196.621
46.3858 -9.83006 -141.034
56.2296 -15.2714 -141.034
-13.2772 29.9233 -141.034
-11.0678 33.9201 -141.034
10.6074 16.7203 -106.91
-13.2772 29.9233 -196.012
-13.2772 29.9233 -196.621
40.2424 -44.1924 -141.034
18.4922 -21.0172 105.86
42.2657 -40.5323 -141.034
32.4218 -35.0906 -141.034
49.2534 -4.6426 -196.621
-7.86487 24.4905 -126.346
51.4626 -0.646053 -141.034
5.62953 -27.3719 -141.034
44.7888 3.04318 -141.034
27.3142 -44.3302 -141.034
-46.1961 28.824 -215.144
18.9764 -39.7211 -196.621
-72.9428 23.1555 -221.937
-72.9428 23.1555 -205.726
51.4626 -0.646053 -126.346
-2.77086 29.3337 -196.621
12.8168 20.717 -196.621
10.6074 16.7203 -196.621
-23.0243 35.3114 -141.034
-23.0243 35.3114 -196.012
-57.8598 7.72432 -205.726
27.6729 12.5047 -196.621
25.4636 8.50803 -196.621
-57.8598 7.72432 -196.621
3.5247 -31.1796 -196.621
5.62953 -27.3719 -196.621
-57.8598 7.72432 -221.937
-41.8789 1.20344 -196.012
-42.8584 -0.568324 -221.937
56.2296 -15.2714 -221.937
-54.8565 13.1573 -205.726
-54.8565 13.1573 -196.621
-54.8565 13.1573 -221.937
10.6173 -11.0069 114.32
15.5761 -4.20332 114.32
14.4766 -11.3675 114.32
-42.8584 -0.568324 -141.034
39.263 -45.9642 -141.034
9.22241 -10.2929 161.823
-6.77593 13.1164 93.567
9.22241 -10.2929 155.325
46.7415 6.57564 -196.621
10.0759 -9.95233 134.022
8.87613 -10.3182 155.325
44.7888 3.04318 -196.621
10.3643 -9.83727 134.022
61.3063 -6.08755 -196.621
10.767 -10.0765 134.022
32.5143 9.82839 -196.621
7.64029 -10.4084 161.823
30.305 5.83177 -196.621
-41.8789 1.20344 -196.621
2.47466 -5.78875 114.32
-67.8631 32.3448 -221.937
2.62363 -5.87721 114.32
-67.8631 32.3448 -205.726
2.62363 -5.87721 134.022
5.62953 -27.3719 -106.91
-23.0243 35.3114 -196.621
2.47466 -5.78875 134.022
-49.7767 22.3468 -205.726
6.60893 -25.6002 -106.91
10.6958 -9.70499 161.823
-49.7767 22.3468 -221.937
42.5795 -0.953397 -106.91
22.3668 2.90596 93.567
14.2311 -4.40075 155.325
13.6955 -3.71458 155.325
10.5336 -21.177 100.879
-64.2825 38.822 -205.726
10.5336 -21.177 93.567
10.3643 -9.83727 155.325
10.2996 -21.6003 93.567
59.0971 -10.0841 -196.621
10.2996 -21.6003 100.879
10.767 -10.0765 155.325
8.4496 -10.6013 155.325
44.7888 3.04318 -221.937
8.63242 -21.9397 93.567
-47.3195 26.7918 -221.937
10.9524 -12.1638 114.32
8.2126 3.4562 111.561
-66.5921 40.0988 -221.937
-47.3195 26.7918 -205.726
16.7132 -2.78612 126.685
-46.1961 28.824 -221.937
16.9419 -3.78751 126.685
15.8299 -4.04152 126.685
42.2657 -40.5323 -221.937
-15.0123 -3.48616 100.879
-15.0123 -3.48616 93.567
-10.4753 6.42423 93.567
-10.5662 -4.95353 105.86
-4.62196 30.3569 -221.937
-42.8584 -0.568324 -196.621
10.9637 -0.215041 114.32
25.7481 -31.4013 -221.937
39.8816 -1.90332 77.3216
34.4537 -29.8408 -126.346
35.0685 -53.5521 -196.621
34.4537 -29.8408 -141.034
35.0685 -53.5521 -221.937
35.1202 -30.2092 -141.034
-7.18268 -12.7226 44.6192
-54.6549 13.522 -196.621
-15.314 -2.32892 93.567
63.259 -2.55508 -196.621
2.16642 14.613 77.3216
2.16642 14.613 93.567
63.259 -2.55508 -221.937
1.9345 14.1934 93.567
39.4853 -6.55083 -106.91
25.8937 5.82907 44.6192
1.9345 14.1934 77.3216
24.0596 2.51115 44.6192
25.8937 5.82907 77.3216
-35.216 -9.76415 -126.346
-28.7701 -13.3274 -221.937
58.0634 -11.954 -196.621
-78.6152 12.8943 -205.726
-78.6152 12.8943 -221.937
10.5856 -11.004 114.32
21.1243 -27.0313 93.567
34.9706 -30.4799 -141.034
34.304 -30.1115 -141.034
34.304 -30.1115 -126.346
-39.8551 4.86449 -196.621
34.9706 -30.4799 -126.346
-39.8551 4.86449 -221.937
-21.7577 12.6612 -126.346
-21.7577 12.6612 -141.034
-25.8924 30.123 -196.621
-22.571 13.1108 -141.034
-39.6538 5.22876 -196.621
6.57892 12.1739 93.567
6.34763 11.7555 93.567
-4.43925 14.6802 93.567
2.17622 -7.83549 134.022
14.2577 -6.01227 114.32
20.6405 -40.641 -221.937
14.2311 -4.40075 134.022
46.7415 6.57564 -221.937
10.6074 16.7203 44.6192
4  1674 72 73 1689  0 255 0
4  1674 341 340 2190  0 255 0
4  1663 710 714 1689  0 255 0
4  1663 74 75 2166  0 255 0
4  1663 1689 73 74  0 255 0
7  1674 1689 714 1967 2201 2101 341  0 255 0
4  1664 40 41 1656  0 0 255
4  1664 1247 332 2150  0 0 255
5  1665 398 2026 2161 2169  0 0 255
4  1665 39 38 2212  0 0 255
5  1665 2169 1656 41 39  0 0 255
4  1664 1656 1333 1247  0 0 255
4  1663 2166 591 710  0 255 0
7  1656 2169 2161 1727 1306 2102 1333  0 0 255
4  1674 2190 71 72  0 255 0
4  1665 2212 397 398  0 0 255
4  1650 2190 340 391  0 255 0
4  1648 2212 38 14  0 0 255
4  1650 69 71 2190  0 255 0
5  1648 14 52 117 1962  0 0 255
5  1650 1975 115 70 69  0 255 0
4  1649 2166 75 62  0 255 0
4  1649 590 591 2166  0 255 0
4  1649 1971 589 590  0 255 0
4  1648 535 397 2212  0 0 255
4  1648 1962 534 535  0 0 255
4  1640 359 360 2138  0 0 255
4  1640 1697 1698 1877  0 0 255
4  1641 1661 943 882  0 0 255
4  1641 795 798 2151  0 0 255
4  1640 1877 358 359  0 0 255
6  1641 882 2145 884 1462 795  0 0 255
4  1640 2138 24 1697  0 0 255
4  1639 1223 1408 1411  0 0 255
4  1634 1965 2018 2110  0 0 255
5  1634 1973 1985 1267 1268  0 0 255
4  1634 2110 2073 1973  0 0 255
5  1985 1973 2073 2075 1412  0 0 255
4  1664 2150 37 40  0 0 255
4  2214 2150 332 333  0 0 255
4  2214 333 334 2114  0 0 255
4  2098 35 51 2080  0 0 255
4  2098 2080 1906 2002  0 0 255
4  1641 2151 1660 1661  0 0 255
4  2095 2123 1839 2051  0 0 255
4  2095 2051 31 15  0 0 255
4  2214 36 37 2150  0 0 255
5  2214 2114 116 33 36  0 0 255
5  1649 62 76 114 1971  0 255 0
6  2067 1411 1409 1410 1412 2075  0 0 255
4  2076 1783 2200 2196  0 0 255
4  2066 1554 1553 1690  0 0 255
7  2067 2075 2076 2196 2175 1554 2066  0 0 255
9  1967 266 2053 2158 2152 995 2136 2105 2201  0 255 0
4  1967 714 710 1969  0 255 0
5  2167 2096 2104 2199 2124  0 255 0
4  2206 1328 1329 1625  0 255 0
4  2101 2099 1955 2024  0 255 0
4  2101 2201 2105 2099  0 255 0
5  2206 2199 2104 2177 1328  0 255 0
4  2151 1947 1659 1660  0 0 255
4  2065 1988 1886 2062  0 255 0
4  1999 1087 1090 2000  0 255 0
4  1999 731 730 1946  0 255 0
4  2065 2062 112 63  0 255 0
4  1999 1946 1088 1087  0 255 0
4  2046 84 85 2045  0 255 0
4  2046 2207 805 1891  0 255 0
4  2090 64 78 2052  0 255 0
4  2046 1891 83 84  0 255 0
4  2090 2052 1910 1956  0 255 0
4  1650 391 392 1975  0 255 0
4  1974 1940 2082 533  0 0 255
4  1977 2049 2061 2063  0 255 0
4  1974 2084 1941 1940  0 0 255
4  2065 63 113 2064  0 255 0
4  2098 2002 2001 2097  0 0 255
4  2167 2109 2047 2050  0 255 0
5  2167 2124 2100 2004 2109  0 255 0
4  2206 1625 1960 2199  0 255 0
5  2146 1224 1223 1639 2191  0 0 255
4  2146 1998 1995 2077  0 0 255
4  2146 2191 1997 1998  0 0 255
5  1639 1411 2067 1997 2191  0 0 255
5  1634 1268 2039 1818 1972  0 0 255
4  2204 264 265 2131  0 255 0
4  2131 2072 2071 2092  0 255 0
4  2204 1626 1413 264  0 255 0
4  2131 2092 1626 2204  0 255 0
4  2199 1960 2100 2124  0 255 0
4  2102 431 1222 1937  0 0 255
4  2026 1269 1152 2161  0 0 255
4  2026 398 397 2027  0 0 255
4  2102 1306 432 431  0 0 255
8  1974 1962 117 52 34 2097 2001 2084  0 0 255
8  1975 1977 2063 1987 2064 113 70 115  0 255 0
4  2055 264 648 1624  0 255 0
5  2055 899 898 903 2029  0 255 0
4  2053 900 1478 2158  0 255 0
4  2053 266 267 2054  0 255 0
5  2105 1270 2085 1868 2099  0 255 0
4  2177 1455 1024 1328  0 255 0
5  2055 1624 2021 2043 899  0 255 0
4  2105 2136 992 1270  0 255 0
10  2177 2104 2103 2133 999 2156 2019 1624 1457 1455  0 255 0
4  2041 900 901 2044  0 255 0
4  2041 2155 1478 900  0 255 0
5  2041 2042 2020 1484 2155  0 255 0
4  2043 2021 2020 2042  0 255 0
4  2117 2081 1838 2121  0 0 255
4  1970 2088 1958 1959  0 255 0
4  2095 15 32 2094  0 0 255
4  2090 1956 1957 2089  0 255 0
7  2114 2117 2121 2094 32 33 116  0 0 255
8  1970 1971 114 76 77 2089 1957 2088  0 255 0
4  1977 393 2048 2049  0 255 0
4  2167 2050 393 2022  0 255 0
4  1970 1959 2069 588  0 255 0
4  2161 1152 1153 1727  0 0 255
4  1894 1787 1788 1895  0 0 255
7  1784 1979 1980 1688 1556 2171 2198  0 0 255
4  1873 1860 1979 1784  0 0 255
4  1688 1980 1787 1894  0 0 255
4  2151 798 797 1947  0 0 255
4  2117 335 2079 2081  0 0 255
4  2146 2077 335 2119  0 0 255
4  2119 1316 1224 2146  0 0 255
4  2138 1026 23 24  0 0 255
4  2103 1021 997 2133  0 255 0
4  1972 533 1965 1634  0 0 255
5  2131 265 2029 1931 1968  0 255 0
4  1968 588 2072 2131  0 255 0
4  1934 428 427 1305  0 0 255
5  1935 430 1223 1224 1804  0 0 255
5  2037 1151 1152 1269 2036  0 0 255
4  2038 1149 420 1726  0 0 255
4  1935 1304 429 430  0 0 255
4  2037 1725 1150 1151  0 0 255
4  2038 1726 1725 2037  0 0 255
4  1935 1934 1305 1304  0 0 255
4  2119 335 334 2179  0 0 255
4  2117 2114 334 335  0 0 255
4  2066 1690 1691 1996  0 0 255
4  1960 1845 2004 2100  0 255 0
4  2097 34 35 2098  0 0 255
4  2094 2121 2123 2095  0 0 255
4  2092 2091 2059 1626  0 255 0
4  2092 2071 2068 2091  0 255 0
4  2068 1794 1791 2060  0 255 0
4  2068 2060 2059 2091  0 255 0
4  2081 2014 1841 1838  0 0 255
4  2051 1991 30 31  0 0 255
4  2051 1839 1840 1991  0 0 255
4  2089 77 64 2090  0 255 0
4  2088 1957 1911 1958  0 255 0
5  2052 1992 1923 1913 1910  0 255 0
4  1958 1854 1855 1959  0 255 0
4  1958 1911 1912 1854  0 255 0
4  2084 2001 1903 1941  0 0 255
4  1787 1389 1786 1788  0 0 255
4  1978 1422 1388 2184  0 0 255
4  1860 1421 1422 1978  0 0 255
4  1860 1873 1949 1715  0 0 255
4  1787 2184 1388 1389  0 0 255
6  1980 1979 1860 1978 2184 1787  0 0 255
4  1977 1975 392 393  0 255 0
4  1971 1970 588 589  0 255 0
5  1968 1931 1924 1381 1380  0 255 0
4  1965 533 2082 2018  0 0 255
4  1962 1974 533 534  0 0 255
4  533 1972 2172 534  0 0 255
4  1972 1818 1819 2172  0 0 255
4  1969 267 266 1967  0 255 0
4  1969 710 591 1984  0 255 0
6  2138 360 1526 1028 411 1026  0 0 255
4  2022 393 392 2023  0 255 0
4  2022 1954 2096 2167  0 255 0
4  1940 1835 1981 2082  0 0 255
4  2082 1981 1948 2018  0 0 255
4  2080 1986 1905 1906  0 0 255
4  2062 1993 111 112  0 255 0
4  2080 51 46 1986  0 0 255
4  1996 1691 1901 1995  0 0 255
4  335 2077 1995 2079  0 0 255
4  1995 1901 2087 2079  0 0 255
4  2079 2087 2014 2081  0 0 255
4  2017 1782 1783 2076  0 0 255
4  2075 2073 2017 2076  0 0 255
4  1941 1834 1835 1940  0 0 255
4  1941 1903 1904 1834  0 0 255
5  588 1968 1380 1983 589  0 255 0
5  588 2069 2068 2071 2072  0 255 0
4  1959 1855 1976 2069  0 255 0
4  2069 1976 1794 2068  0 255 0
4  1997 2067 2066 1996  0 0 255
7  1626 2059 1844 1625 1454 1456 1623  0 255 0
4  1625 1844 1845 1960  0 255 0
4  2060 1791 1618 1615  0 255 0
4  1847 1628 1627 718  0 255 0
7  2060 1615 2205 1628 1847 1844 2059  0 255 0
4  2064 1987 1988 2065  0 255 0
4  2063 2061 1885 1987  0 255 0
4  2061 1849 1888 1885  0 255 0
5  2062 1886 1887 1943 1993  0 255 0
4  1994 1815 1907 2058  0 255 0
4  2058 1907 875 109  0 255 0
4  2057 1939 2134 2056  0 0 255
4  2056 2134 2130 1986  0 0 255
4  2057 50 1700 1939  0 0 255
4  2058 109 110 1994  0 255 0
4  2057 2056 47 50  0 0 255
5  1824 1283 45 0 1073  0 0 255
6  1824 2108 1441 1442 1827 1825  0 0 255
5  1824 1073 1 49 2108  0 0 255
7  1175 778 2208 2045 1490 522 1430  0 255 0
12  1218 1765 1147 1190 1191 1196 470 468 464 460 462 471  0 255 0
4  1218 1090 1089 1217  0 255 0
12  1175 1430 1108 1113 1334 1429 1503 1496 1467 1466 2183 1508  0 255 0
6  1218 471 982 1032 2000 1090  0 255 0
5  2054 902 901 900 2053  0 255 0
5  2054 267 1969 1984 1930  0 255 0
4  2029 265 264 2055  0 255 0
7  2029 903 898 1081 1082 1015 1084  0 255 0
4  2052 78 79 1992  0 255 0
4  2050 2047 2048 393  0 255 0
4  2047 1916 2189 2048  0 255 0
4  2049 1848 1849 2061  0 255 0
4  2048 2189 1848 2049  0 255 0
4  2000 105 731 1999  0 255 0
4  2045 2208 2207 2046  0 255 0
4  2045 85 86 1490  0 255 0
4  2000 1032 104 105  0 255 0
4  2044 901 904 1927  0 255 0
4  1081 898 899 2043  0 255 0
5  2044 1081 2043 2042 2041  0 255 0
4  1846 715 1745 2005  0 255 0
5  1984 591 590 1982 1382  0 255 0
4  1992 2070 1696 1923  0 255 0
4  1989 1864 2070 1992  0 255 0
4  1853 1732 1733 1852  0 255 0
4  1853 1913 1695 1732  0 255 0
5  2036 1269 2026 2027 1817  0 0 255
5  2039 1268 1267 1149 2038  0 0 255
4  2039 2038 2037 2036  0 0 255
4  1990 1884 1936 2034  0 0 255
4  2033 1863 1864 1989  0 255 0
4  2034 1936 1735 28  0 0 255
4  2033 65 81 1863  0 255 0
4  1989 80 65 2033  0 255 0
4  1990 2034 28 29  0 0 255
4  2031 2030 2028 1792  0 255 0
7  1792 2028 1642 717 1630 2202 1617  0 255 0
4  1646 1534 1535 1644  0 255 0
4  2030 2031 2078 1734  0 255 0
4  2030 1538 1539 1966  0 255 0
4  1646 1966 1539 1534  0 255 0
5  2030 1966 1646 1642 2028  0 255 0
4  1991 1883 1884 1990  0 0 255
4  2011 1918 1882 1840  0 0 255
4  1991 1840 1882 1883  0 0 255
4  2018 1948 1782 2017  0 0 255
4  2027 397 535 2174  0 0 255
5  2024 1955 1829 1952 2025  0 255 0
4  2024 340 341 2101  0 255 0
4  2025 1952 388 389  0 255 0
4  2025 391 340 2024  0 255 0
4  2023 1953 1954 2022  0 255 0
5  2023 392 391 2025 389  0 255 0
4  2023 389 388 1953  0 255 0
4  2019 2156 1000 2083  0 255 0
5  1624 2019 2142 2020 2021  0 255 0
4  2155 1489 1488 1478  0 255 0
5  2158 1478 1488 260 2152  0 255 0
4  2155 1484 1485 1489  0 255 0
4  2019 2083 1487 2142  0 255 0
4  2020 2142 1487 1484  0 255 0
4  2085 1270 992 2126  0 255 0
4  2086 2128 997 1021  0 255 0
4  2085 2126 1271 1272  0 255 0
4  2086 1272 1271 2128  0 255 0
4  2136 995 991 992  0 255 0
4  2133 997 998 999  0 255 0
4  2128 1271 993 997  0 255 0
4  2126 992 993 1271  0 255 0
4  1838 1839 2123 2121  0 0 255
4  2073 2110 2018 2017  0 0 255
4  1986 2130 1961 1905  0 0 255
4  1837 1713 1714 1836  0 0 255
4  1837 1905 1961 1713  0 0 255
4  1837 1834 1904 1905  0 0 255
4  1902 2137 1918 2011  0 0 255
5  2014 1902 2011 1840 1841  0 0 255
6  2003 1687 482 581 92 93  0 255 0
5  2003 94 95 399 2010  0 255 0
6  1603 435 436 1687 2003 2010  0 255 0
5  1603 2010 399 400 664  0 255 0
4  2008 1571 300 303  255 0 0
4  2009 1356 555 559  255 0 0
4  1357 366 365 1475  255 0 0
4  1357 1355 1354 1353  255 0 0
6  2009 1474 565 567 935 1356  255 0 0
13  2008 455 1633 566 1475 365 364 362 259 1473 1568 1569 1571  255 0 0
4  1357 550 551 1355  255 0 0
4  2009 559 557 1474  255 0 0
4  2008 303 447 455  255 0 0
4  1357 1475 554 550  255 0 0
4  2007 1373 205 338  255 0 0
5  2006 1909 1870 1286 1285  255 0 0
7  2006 722 723 1348 1005 1347 1909  255 0 0
5  2006 1285 1284 1131 722  255 0 0
4  1846 2005 2004 1845  0 255 0
5  1441 1520 990 986 1442  0 0 255
4  1441 2108 49 48  0 0 255
3  2003 93 94  0 255 0
5  1441 48 12 1459 1520  0 0 255
7  1563 1683 607 601 1572 1321 895  255 0 0
8  1563 1570 580 579 92 91 1342 1436  255 0 0
4  1563 895 894 1570  255 0 0
4  2002 1906 1903 2001  0 0 255
4  1998 1997 1996 1995  0 0 255
13  1196 1964 1963 1503 1429 1808 1736 2112 2164 2178 1619 1780 470  0 255 0
4  1196 1191 1192 1194  0 255 0
4  1993 1814 1815 1994  0 255 0
4  1850 1677 1822 1887  0 255 0
4  1993 1943 1813 1814  0 255 0
4  1992 79 80 1989  0 255 0
4  1991 1990 29 30  0 0 255
4  1885 1886 1988 1987  0 255 0
4  1985 1412 1406 1267  0 0 255
4  1982 590 589 1983  0 255 0
4  1982 1929 1383 1382  0 255 0
4  1983 1928 1929 1982  0 255 0
5  1984 1382 1383 1925 1930  0 255 0
4  1983 1380 1381 1928  0 255 0
4  2005 1745 1916 2047  0 255 0
4  2005 2047 2109 2004  0 255 0
11  2007 2194 2106 49 1 1071 1076 789 2153 1549 1373  255 0 0
6  2007 338 269 750 749 2194  255 0 0
6  2107 1519 1516 1445 12 48  255 0 0
9  2107 48 49 2106 1950 1899 1550 543 2211  255 0 0
6  2106 2194 918 872 1213 1950  255 0 0
5  2107 2211 488 487 1519  255 0 0
4  2099 1868 1830 1955  0 255 0
4  2103 2104 2096 2093  0 255 0
5  2103 2093 1869 2086 1021  0 255 0
4  1937 1247 1333 2102  0 0 255
4  1937 1222 1315 1938  0 0 255
4  1994 110 111 1993  0 255 0
4  2056 1986 46 47  0 0 255
4  1955 1830 2193 1829  0 255 0
4  2093 2096 1954 1832  0 255 0
4  1887 1822 1813 1943  0 255 0
4  1944 1673 1536 1717  0 255 0
4  1945 1820 1673 1944  0 255 0
4  1677 1671 1821 1822  0 255 0
4  1677 1850 1851 1676  0 255 0
4  1822 1821 1810 1813  0 255 0
4  2093 1832 1831 1869  0 255 0
13  1526 1718 842 845 849 852 1254 1086 917 912 909 914 1028  0 0 255
4  1526 360 359 1527  0 0 255
4  1462 1708 1401 1460  0 0 255
12  1462 884 1155 1160 1161 1253 1299 1296 1293 923 829 1708  0 0 255
5  855 1254 852 851 854  0 0 255
8  855 1842 1843 1400 2195 1867 1933 1611  0 0 255
5  1400 1299 1253 1515 2195  0 0 255
4  1400 1843 1404 1399  0 0 255
5  855 1611 1255 1086 1254  0 0 255
4  2014 2087 1901 1902  0 0 255
5  2086 1869 1868 2085 1272  0 255 0
4  1836 1714 1715 1949  0 0 255
4  1836 1948 1981 1835  0 0 255
4  1852 1733 1734 2078  0 255 0
5  1976 1855 1852 1793 1794  0 255 0
4  1850 1887 1888 1849  0 255 0
4  1175 1508 1505 891  0 255 0
4  1503 1963 1507 1502  0 255 0
4  1964 1196 1194 1716  0 255 0
4  1964 1716 1507 1963  0 255 0
4  1716 1537 1540 1507  0 255 0
4  1540 1537 1534 1539  0 255 0
4  1916 1851 1848 2189  0 255 0
4  1854 1912 1913 1853  0 255 0
4  1922 1709 1898 1921  0 0 255
4  1921 1898 1756 1757  0 0 255
4  1961 1897 1710 1713  0 0 255
4  1713 1710 1711 1714  0 0 255
4  1910 1911 1957 1956  0 255 0
5  1832 1954 1953 388 1828  0 255 0
4  1952 1829 1828 388  0 255 0
5  1951 507 1900 1899 1950  255 0 0
7  1951 1914 1471 1208 257 256 507  255 0 0
5  1950 1213 1210 1914 1951  255 0 0
4  2174 535 534 2172  0 0 255
4  2174 1816 1817 2027  0 0 255
4  2172 1819 1816 2174  0 0 255
4  1876 1880 1785 2170  0 0 255
4  2170 1785 1386 859  0 0 255
9  2170 859 853 850 847 843 840 856 1876  0 0 255
6  1826 1614 1582 1282 1825 1827  0 0 255
5  1826 1685 571 236 1737  0 0 255
4  1826 1737 1613 1614  0 0 255
6  2164 2112 937 1036 1164 1168  0 255 0
7  2164 1168 1311 1262 809 595 2178  0 255 0
4  2156 999 996 1000  0 255 0
4  2152 1000 996 995  0 255 0
4  1488 1486 261 260  0 255 0
4  2152 260 261 1000  0 255 0
4  1818 2039 2036 1817  0 0 255
4  1946 1856 1048 1088  0 255 0
4  1945 1942 1809 1820  0 255 0
4  1945 1364 1264 1942  0 255 0
4  2134 1760 1896 2130  0 0 255
4  2130 1896 1897 1961  0 0 255
4  1930 195 902 2054  0 255 0
4  1931 197 196 1924  0 255 0
4  1927 904 168 169  0 255 0
7  1080 1926 197 1931 1085 1016 1083  0 255 0
4  1080 1081 2044 1927  0 255 0
5  1949 1781 1782 1948 1836  0 0 255
4  1947 1759 1779 1659  0 0 255
4  1946 730 1047 1856  0 255 0
8  1364 1945 1944 1717 1195 1193 1188 1145  0 255 0
4  1942 1264 1050 1809  0 255 0
4  1583 10 1282 1582  0 0 255
4  1800 720 721 1602  255 0 0
4  1801 1051 929 1362  0 255 0
4  1583 1287 1130 10  255 0 0
4  1800 724 719 720  255 0 0
4  1907 1856 1047 875  0 255 0
4  1939 1759 1760 2134  0 0 255
4  1939 1700 1779 1759  0 0 255
4  1938 332 1247 1937  0 0 255
5  1938 1315 1771 1768 2182  0 0 255
4  1891 1861 82 83  0 255 0
5  1877 1919 2187 1524 358  0 0 255
4  1877 1698 1777 1919  0 0 255
4  1863 1861 1862 1864  0 255 0
4  1936 1919 1777 1735  0 0 255
4  1863 81 82 1861  0 255 0
4  1856 1907 1815 1812  0 255 0
5  1759 1947 797 1461 1758  0 0 255
5  1803 1222 431 428 1934  0 0 255
4  1804 1224 1316 1770  0 0 255
4  1935 1804 1803 1934  0 0 255
4  1933 1867 1338 1337  0 0 255
7  1933 1337 1610 688 686 1255 1611  0 0 255
4  1847 718 715 1846  0 255 0
4  1932 1644 1675 1917  0 255 0
4  1917 1675 1676 1851  0 255 0
4  716 1643 1644 1932  0 255 0
4  716 1932 1917 1746  0 255 0
4  1928 1858 1857 1929  0 255 0
5  1929 1857 194 1925 1383  0 255 0
5  1928 1381 1924 196 1858  0 255 0
4  1930 1925 194 195  0 255 0
4  1080 170 171 1926  0 255 0
4  1080 1927 169 170  0 255 0
5  904 195 194 1761 168  0 255 0
5  1926 171 1764 196 197  0 255 0
4  1764 171 170 1763  0 255 0
4  1764 1761 194 196  0 255 0
4  1913 1923 1696 1695  0 255 0
4  1892 1730 1655 1890  0 255 0
4  1890 1655 1657 1889  0 255 0
4  1732 1731 1728 1733  0 255 0
4  1695 1693 1731 1732  0 255 0
4  1403 1420 1709 1922  0 0 255
10  1403 1922 1921 1402 827 922 1291 1295 1297 1398  0 0 255
6  1900 507 256 508 1211 1920  255 0 0
5  1908 1774 238 239 1286  255 0 0
7  1908 1872 734 241 167 240 1774  255 0 0
7  1790 1773 509 255 1359 241 734  255 0 0
8  1638 565 558 563 549 553 566 1633  255 0 0
5  1638 1636 934 567 565  255 0 0
7  1705 703 633 636 629 706 1702  255 0 0
4  1705 1621 1574 703  255 0 0
5  1705 980 1704 1622 1621  255 0 0
4  1701 1594 1740 1778  255 0 0
4  1778 1740 1739 1658  255 0 0
4  1778 1779 1700 1701  0 0 255
4  1861 1891 805 806  0 255 0
4  1919 1936 1884 1879  0 0 255
4  27 1653 1654 11  255 0 0
4  26 1724 1653 27  255 0 0
4  1735 1777 26 27  0 0 255
10  1661 2032 1531 1423 1608 1033 1128 1231 1237 943  255 0 0
4  24 1592 1593 25  255 0 0
13  24 23 1483 623 423 1141 1142 666 1491 1668 1279 1274 1592  255 0 0
4  1720 1369 1370 1719  255 0 0
4  1775 1533 1369 1720  255 0 0
4  1721 1451 1499 1776  255 0 0
4  1776 1499 1277 1672  255 0 0
4  1721 1776 1775 1720  255 0 0
4  1882 1881 1878 1883  0 0 255
4  1918 1797 1881 1882  0 0 255
4  1876 2188 2185 1880  0 0 255
4  1791 1792 1617 1618  0 255 0
4  717 718 1627 1630  0 255 0
5  1745 1746 1917 1851 1916  0 255 0
12  1915 1097 184 120 182 1063 936 552 546 560 556 935  255 0 0
6  1915 935 567 1095 186 1096  255 0 0
4  1914 1210 1209 1471  255 0 0
3  1915 1096 1097  255 0 0
4  1913 1912 1911 1910  0 255 0
4  1286 239 568 570  255 0 0
7  1909 1347 1871 1105 1789 735 1870  255 0 0
4  1872 1908 1286 1870  255 0 0
4  1906 1905 1904 1903  0 0 255
4  1895 1788 2137 1902  0 0 255
5  1902 1901 1691 1692 1895  0 0 255
3  1899 1551 1550  255 0 0
4  1900 1920 1551 1899  255 0 0
5  1898 1897 1896 1760 1756  0 0 255
4  1612 490 862 1243  0 0 255
4  1895 1692 1688 1894  0 0 255
4  1704 1703 1493 1893  255 0 0
4  1704 1893 1561 1622  255 0 0
5  1833 605 700 701 704  255 0 0
5  1833 704 705 978 1181  255 0 0
4  1506 1541 1730 1892  0 255 0
9  1890 1504 2180 1464 1469 1494 1501 1506 1892  0 255 0
4  1504 1890 1889 890  0 255 0
4  890 1889 1657 807  0 255 0
4  1888 1887 1886 1885  0 255 0
4  1883 1878 1879 1884  0 0 255
5  1881 1880 2185 1879 1878  0 0 255
4  1876 856 1524 2188  0 0 255
8  1340 1766 656 503 500 657 1511 1609  0 0 255
5  1339 1331 1257 1766 1340  0 0 255
6  1875 814 434 1604 663 1620  0 255 0
4  1875 1051 1052 1874  0 255 0
5  1875 1874 774 813 814  0 255 0
6  1875 1620 660 1317 929 1051  0 255 0
4  1608 1423 1426 1607  255 0 0
4  1608 105 104 1033  255 0 0
4  1668 1250 1251 1666  255 0 0
6  1668 1491 1229 86 85 1250  255 0 0
4  1871 1344 761 496  255 0 0
5  1871 1347 1005 1004 1344  255 0 0
4  1872 1870 735 734  255 0 0
4  1790 734 735 1789  255 0 0
4  1871 496 497 1105  255 0 0
4  1799 659 57 56  255 0 0
4  1580 658 659 1799  255 0 0
6  1799 1800 1602 1287 1583 1580  255 0 0
4  1869 1831 1830 1868  0 255 0
7  1867 2195 1515 835 972 973 1338  0 0 255
5  19 18 681 682 1439  255 0 0
4  1865 683 90 89  255 0 0
4  1866 1258 1259 1560  255 0 0
4  1866 1707 21 7  255 0 0
4  7 13 1258 1866  255 0 0
4  1865 1439 682 683  255 0 0
4  7 20 6 13  0 0 255
5  19 1439 1865 1560 20  255 0 0
4  1864 1862 2215 2070  0 255 0
6  1862 1861 806 804 807 1657  0 255 0
4  1715 1712 1421 1860  0 0 255
5  1599 219 17 18 1437  0 0 255
5  1859 1823 817 818 1807  0 255 0
3  19 1437 18  0 0 255
5  1859 1265 815 816 1823  0 255 0
4  196 194 1857 1858  0 255 0
4  1812 1815 1814 1811  0 255 0
5  1856 1812 1809 1050 1048  0 255 0
4  1724 26 25 1593  255 0 0
4  1723 1498 1448 1652  255 0 0
4  1652 1448 1449 1651  255 0 0
4  1653 1724 1723 1652  255 0 0
4  1855 1854 1853 1852  0 255 0
4  1851 1850 1849 1848  0 255 0
4  1847 1846 1845 1844  0 255 0
4  1842 855 854 858  0 0 255
4  1843 1842 858 1404  0 0 255
4  1404 1419 1420 1403  0 0 255
4  858 1387 1419 1404  0 0 255
4  1388 1422 1419 1387  0 0 255
4  1841 1840 1839 1838  0 0 255
4  1635 1310 1309 1632  255 0 0
4  1743 107 106 1605  255 0 0
4  1744 1589 1310 1635  255 0 0
4  1637 108 107 1743  255 0 0
4  1743 1744 1635 1637  255 0 0
4  1597 1564 1600 1741  255 0 0
4  1594 1701 1699 1595  255 0 0
4  1741 1600 1529 1742  255 0 0
4  1741 1740 1594 1597  255 0 0
4  1837 1836 1835 1834  0 0 255
4  1559 706 629 628  255 0 0
5  1559 1683 1563 1436 2168  255 0 0
6  1559 702 606 603 607 1683  255 0 0
6  1833 1181 981 604 606 605  255 0 0
4  1559 628 627 702  255 0 0
4  1832 1828 2192 1831  0 255 0
4  1831 2192 2193 1830  0 255 0
4  2193 2192 1828 1829  0 255 0
7  1874 1052 1802 866 673 2165 1805  0 255 0
4  1874 1805 773 774  0 255 0
7  1749 620 614 326 618 1546 1110  0 255 0
4  1802 405 754 866  0 255 0
4  1802 1052 1051 1801  0 255 0
4  1873 1784 1781 1949  0 0 255
4  1402 1921 1757 1461  0 0 255
5  2178 595 2163 596 1619  0 255 0
4  859 1386 1387 858  0 0 255
4  2182 1768 1769 2179  0 0 255
4  2182 333 332 1938  0 0 255
5  2179 1769 1770 1316 2119  0 0 255
4  2179 334 333 2182  0 0 255
5  2083 1000 261 1486 1487  0 255 0
5  1793 1852 2078 2031 1792  0 255 0
4  1693 1695 1696 1694  0 255 0
4  1693 1655 1730 1731  0 255 0
4  1797 1918 2137 1798  0 0 255
4  1797 1785 1880 1881  0 0 255
3  2074 969 1170  0 0 255
4  1331 967 969 2074  0 0 255
4  1331 1339 974 975  0 0 255
4  1767 1766 1257 1256  0 0 255
5  2074 1170 1256 1257 1331  0 0 255
4  2070 2215 1694 1696  0 255 0
4  1709 1710 1897 1898  0 0 255
4  1671 1677 1676 1669  0 255 0
4  1820 1821 1671 1673  0 255 0
4  1750 1542 669 668  255 0 0
5  1750 1706 67 87 1230  255 0 0
10  22 8 1706 1750 668 1144 1139 421 625 1481  255 0 0
4  22 1543 1027 1509  0 0 255
7  1827 1442 986 219 1599 1685 1826  0 0 255
4  1825 1282 1283 1824  0 0 255
3  1823 816 817  0 255 0
4  1813 1810 1811 1814  0 255 0
4  1809 1810 1821 1820  0 255 0
4  1819 1818 1817 1816  0 0 255
4  1712 1715 1714 1711  0 0 255
4  1421 1712 1709 1420  0 0 255
4  2215 1862 1657 1694  0 255 0
4  1612 1613 489 490  0 0 255
5  1767 1256 1170 1171 1738  0 0 255
4  1686 1289 675 650  0 0 255
4  1686 650 653 237  0 0 255
6  1767 1738 1479 501 504 655  0 0 255
5  1547 1173 1162 1509 413  0 0 255
8  1547 916 907 1510 1336 1288 1058 1173  0 0 255
5  1609 1511 690 609 689  0 0 255
7  1558 941 1702 706 1559 2168 1557  255 0 0
4  1558 1252 869 868  255 0 0
4  1551 544 543 1550  255 0 0
6  1558 868 881 940 942 941  255 0 0
5  1551 1212 1207 885 544  255 0 0
4  1920 1211 1212 1551  255 0 0
4  2140 867 350 297  255 0 0
4  1507 1540 1541 1506  0 255 0
4  889 1753 1678 888  255 0 0
5  645 1680 244 1681 756  255 0 0
5  1008 1754 323 1755 573  255 0 0
4  643 1679 1680 645  255 0 0
6  1030 1752 1579 1662 1753 889  255 0 0
5  756 1681 242 1682 1006  255 0 0
5  573 1755 707 1751 572  255 0 0
4  572 1751 1752 1030  255 0 0
4  643 888 1678 1679  255 0 0
5  1008 1006 1682 1578 1754  255 0 0
4  1675 1667 1669 1676  0 255 0
4  1644 1535 1667 1675  0 255 0
4  1536 1673 1667 1535  0 255 0
4  2205 1615 1616 2203  0 255 0
4  2203 1629 1628 2205  0 255 0
4  2203 1616 1617 2202  0 255 0
4  2202 1630 1629 2203  0 255 0
6  1703 1431 697 1432 1391 1493  255 0 0
4  1893 1493 1492 1561  255 0 0
4  1302 884 2145 2143  0 0 255
7  1303 1244 780 1241 1246 1332 1157  0 0 255
4  1302 1154 1155 884  0 0 255
4  1303 1157 1154 1302  0 0 255
4  1919 1879 2185 2187  0 0 255
4  2188 1524 2187 2185  0 0 255
4  1688 1690 1553 1556  0 0 255
4  1783 1784 2198 2200  0 0 255
4  1812 1811 1810 1809  0 255 0
4  1808 1429 1334 1335  0 255 0
4  1748 1430 522 521  0 255 0
6  1808 1335 2209 1521 939 1736  0 255 0
4  1748 1107 1108 1430  0 255 0
4  1749 1110 1107 1748  0 255 0
4  1807 818 880 613  0 255 0
4  1807 613 612 616  0 255 0
7  1795 1806 1376 1377 811 1260 1313  0 255 0
4  1795 1169 1167 1166  0 255 0
8  1523 619 1433 772 1806 1795 1166 1034  0 255 0
4  1523 938 641 642  0 255 0
4  1523 1034 1037 938  0 255 0
7  619 1523 642 1522 1281 618 617  0 255 0
4  619 878 877 1433  0 255 0
4  1806 772 773 1805  0 255 0
4  2173 1555 1554 2175  0 0 255
4  2173 2197 2198 2171  0 0 255
4  2175 2196 2197 2173  0 0 255
4  2171 1556 1555 2173  0 0 255
4  1377 594 812 811  0 255 0
8  1377 1376 1375 1300 1135 771 1138 592  0 255 0
4  1376 672 671 1375  0 255 0
4  2165 673 672 1376  0 255 0
4  1805 2165 1376 1806  0 255 0
6  1807 616 621 88 68 1266  0 255 0
4  1866 68 88 1707  255 0 0
5  1865 89 68 1866 1560  255 0 0
4  1859 1807 1266 1265  0 255 0
7  1001 1284 1285 1286 570 542 539  255 0 0
4  2153 789 480 481  255 0 0
4  2153 481 204 1549  255 0 0
10  1001 1372 1078 1077 1075 1070 1074 1079 1131 1284  255 0 0
4  1001 339 206 1372  255 0 0
4  1537 1716 1717 1536  0 255 0
4  1788 1786 1798 2137  0 0 255
4  1734 1729 1538 2030  0 255 0
4  1729 1734 1733 1728  0 255 0
4  1730 1541 1538 1729  0 255 0
4  1103 1100 1099 1102  0 0 255
4  1103 944 943 1684  0 0 255
7  1585 1647 1100 1103 1235 1233 1126  255 0 0
4  1585 1239 1033 1584  255 0 0
4  1585 1126 1129 1239  255 0 0
5  2112 1736 939 640 937  0 255 0
4  1564 1597 1596 1565  255 0 0
4  1567 1307 1588 1601  255 0 0
4  1601 1588 1424 1530  255 0 0
4  1601 1600 1564 1567  255 0 0
4  717 1642 1643 716  0 255 0
4  1307 1567 1566 1308  255 0 0
4  1589 1744 1606 1425  255 0 0
4  1589 1588 1307 1310  255 0 0
4  1771 1315 1222 1803  0 0 255
4  1804 1770 1771 1803  0 0 255
4  1802 920 404 405  0 255 0
4  1802 1801 1362 920  0 255 0
6  1800 1799 56 101 1320 724  255 0 0
4  1798 1786 1785 1797  0 0 255
4  1796 1168 1169 1795  0 255 0
4  1796 1312 1311 1168  0 255 0
4  1796 1795 1313 1312  0 255 0
4  1747 1491 1542 1750  255 0 0
4  9 23 1543 22  0 0 255
4  9 1482 1483 23  255 0 0
4  9 22 1481 1482  255 0 0
4  1794 1793 1792 1791  0 255 0
5  1789 1105 1106 957 511  255 0 0
9  1790 1789 511 251 247 253 249 510 1773  255 0 0
6  1738 1171 1172 489 1613 1737  0 0 255
4  1786 1389 1386 1785  0 0 255
4  1532 82 81 1368  255 0 0
4  1533 1775 1666 1251  255 0 0
4  1368 81 65 1367  255 0 0
4  1369 1533 1532 1368  255 0 0
5  1749 520 87 67 620  0 255 0
4  1784 1783 1782 1781  0 0 255
5  1586 1379 58 103 984  0 255 0
6  1780 1619 596 1137 768 469  0 255 0
4  1587 471 462 461  0 255 0
7  1586 463 458 1136 1135 830 1379  0 255 0
4  1780 469 468 470  0 255 0
4  1586 1587 461 463  0 255 0
4  1658 1739 2032 1661  255 0 0
4  1658 1659 1779 1778  0 0 255
4  1777 1698 25 26  0 0 255
4  1672 1277 1278 1670  255 0 0
4  1776 1672 1666 1775  255 0 0
3  1774 240 238  255 0 0
3  1773 510 509  255 0 0
4  8 22 1509 1162  0 0 255
4  1707 1706 8 21  255 0 0
6  1772 1393 886 885 1207 1205  255 0 0
4  1772 1205 1204 1325  255 0 0
6  1772 1325 1119 1118 1197 1393  255 0 0
4  1771 1770 1769 1768  0 0 255
4  1645 659 658 1101  255 0 0
4  1647 1585 103 58  255 0 0
4  1101 1100 1647 1645  255 0 0
4  1511 654 1092 690  0 0 255
4  1511 657 499 654  0 0 255
4  1767 655 656 1766  0 0 255
4  1765 1218 1217 1363  0 255 0
4  1765 1363 1146 1147  0 255 0
4  1762 169 168 1761  0 255 0
4  1763 170 169 1762  0 255 0
4  1764 1763 1762 1761  0 255 0
4  1760 1759 1758 1756  0 0 255
4  1758 1461 1757 1756  0 0 255
5  1755 323 324 708 707  255 0 0
7  1754 1578 1576 133 142 324 323  255 0 0
7  1682 243 1544 136 139 1576 1578  255 0 0
6  1678 1753 1662 1577 1428 245  255 0 0
5  1752 1751 707 708 1579  255 0 0
4  1747 1228 1229 1491  255 0 0
4  1750 1230 1228 1747  255 0 0
4  1749 1748 521 520  0 255 0
4  715 716 1746 1745  0 255 0
4  1605 106 105 1608  255 0 0
4  1605 1606 1744 1743  255 0 0
4  1742 1529 1528 2035  255 0 0
4  1742 1739 1740 1741  255 0 0
6  1738 1737 236 709 1480 1479  0 0 255
4  11 1654 1651 28  255 0 0
9  28 1651 1449 1450 1722 1367 65 80 29  255 0 0
4  28 1735 27 11  0 0 255
4  1731 1730 1729 1728  0 255 0
3  1725 1185 1150  0 0 255
4  1726 417 1185 1725  0 0 255
4  1727 1153 432 1306  0 0 255
3  1726 420 417  0 0 255
5  1101 658 1580 1581 1098  0 0 255
4  1590 1276 1498 1723  255 0 0
4  1724 1593 1590 1723  255 0 0
4  1719 1370 1367 1722  255 0 0
4  1722 1450 1451 1721  255 0 0
4  1722 1721 1720 1719  255 0 0
4  1500 1497 1273 1280  255 0 0
4  1452 1447 1497 1500  255 0 0
4  1452 1500 1499 1451  255 0 0
4  1447 1452 1453 1446  255 0 0
4  1448 1498 1497 1447  255 0 0
4  1718 1526 1525 857  0 0 255
4  1718 857 839 842  0 0 255
4  1363 1364 1145 1146  0 255 0
4  1717 1716 1194 1195  0 255 0
4  1712 1711 1710 1709  0 0 255
3  1636 932 934  255 0 0
4  1708 829 826 1401  0 0 255
4  621 616 612 615  0 255 0
4  621 620 67 88  0 255 0
4  1707 88 67 1706  255 0 0
6  1612 1243 1242 1245 1098 1581  0 0 255
4  1702 941 942 979  255 0 0
4  1705 1702 979 980  255 0 0
6  1704 980 979 942 1431 1703  255 0 0
4  50 1596 1595 1699  255 0 0
4  1701 1700 50 1699  0 0 255
4  1698 1697 24 25  0 0 255
4  1670 1278 1279 1668  255 0 0
4  1672 1670 1668 1666  255 0 0
5  1662 1579 708 2040 1577  255 0 0
4  245 1416 152 153  255 0 0
4  245 1428 819 1416  255 0 0
4  1694 1657 1655 1693  0 255 0
4  1692 1691 1690 1688  0 0 255
3  1335 1060 2209  0 255 0
5  1522 1061 1059 1111 1281  0 255 0
4  1522 1521 2209 1061  0 255 0
4  1646 1644 1643 1642  0 255 0
7  1633 455 453 454 452 456 933  255 0 0
5  1638 1633 933 932 1636  255 0 0
3  1687 436 482  0 255 0
4  1686 237 234 1598  0 0 255
4  1598 234 235 327  0 0 255
5  1598 1163 1174 1289 1686  0 0 255
4  571 1685 1599 327  0 0 255
4  1684 943 1237 1236  255 0 0
4  1584 1033 104 59  255 0 0
4  1103 1684 1236 1235  255 0 0
3  1682 242 243  255 0 0
8  1681 244 245 153 1545 156 243 242  255 0 0
5  1680 1679 1678 245 244  255 0 0
4  1673 1671 1669 1667  0 255 0
4  1661 1660 1659 1658  0 0 255
4  1654 1653 1652 1651  255 0 0
5  1378 1301 405 404 919  0 255 0
4  1645 102 57 659  255 0 0
5  1378 919 102 58 1379  0 255 0
4  1647 58 102 1645  255 0 0
8  1632 1309 1565 1596 50 47 110 109  255 0 0
4  1632 109 61 1631  255 0 0
4  1631 61 108 1637  255 0 0
4  1637 1635 1632 1631  255 0 0
4  1630 1627 1628 1629  0 255 0
4  1626 1623 649 1413  0 255 0
4  1625 1329 1025 1454  0 255 0
4  1623 1456 646 649  0 255 0
4  1624 648 647 1457  0 255 0
9  1622 1561 1029 1030 1184 966 1575 1574 1621  255 0 0
5  1362 931 101 56 920  0 255 0
3  1443 437 434  0 255 0
3  1443 816 815  0 255 0
6  1362 929 222 54 55 931  0 255 0
5  1443 434 814 817 816  0 255 0
4  1603 664 663 1604  0 255 0
5  1620 663 664 661 660  0 255 0
3  1515 836 835  0 0 255
4  1339 1338 973 974  0 0 255
4  1562 1115 573 574  255 0 0
4  1509 1027 414 413  0 0 255
4  1618 1617 1616 1615  0 255 0
5  1581 1582 1614 1613 1612  0 0 255
4  1548 1028 914 915  0 0 255
4  1547 1548 915 916  0 0 255
4  1255 685 917 1086  0 0 255
3  1255 686 685  0 0 255
4  1609 689 688 1610  0 0 255
4  1340 1609 1610 1337  0 0 255
4  1607 1426 1425 1606  255 0 0
4  1608 1607 1606 1605  255 0 0
4  7 21 1163 1598  0 0 255
4  1401 1402 1461 1460  0 0 255
4  1461 797 796 1460  0 0 255
4  1604 434 435 1603  0 255 0
4  1602 721 1130 1287  255 0 0
4  1530 1424 1423 1531  255 0 0
4  1530 1529 1600 1601  255 0 0
5  1599 1437 19 20 327  0 0 255
4  7 1598 327 20  0 0 255
4  1597 1594 1595 1596  255 0 0
4  1592 1274 1275 1591  255 0 0
4  1591 1275 1276 1590  255 0 0
4  1593 1592 1591 1590  255 0 0
4  1425 1424 1588 1589  255 0 0
4  1208 1202 1206 257  255 0 0
3  1208 1471 1209  255 0 0
4  1211 1205 1207 1212  255 0 0
4  1211 508 1204 1205  255 0 0
8  1476 1115 1562 1120 1327 1326 1324 1323  255 0 0
4  1587 983 982 471  0 255 0
4  1587 1586 984 983  0 255 0
4  1585 1584 59 103  255 0 0
4  1583 1582 1581 1580  0 0 255
4  708 324 1427 2040  255 0 0
4  1577 820 819 1428  255 0 0
4  1577 2040 821 820  255 0 0
4  324 142 141 1417  255 0 0
4  324 1417 822 1427  255 0 0
4  2040 1427 822 821  255 0 0
5  243 156 154 395 1544  255 0 0
4  1576 1418 131 133  255 0 0
4  1576 139 138 1418  255 0 0
4  2035 1528 1531 2032  255 0 0
4  2035 2032 1739 1742  255 0 0
8  1007 1477 1374 1358 1361 1330 755 756  255 0 0
6  744 1097 1096 185 192 189  255 0 0
8  644 1330 1361 1397 1396 1512 1225 1343  255 0 0
4  856 857 1525 1524  0 0 255
4  2029 1084 1085 1931  0 255 0
4  1047 107 108 875  0 255 0
4  704 965 964 705  255 0 0
4  1575 966 965 704  255 0 0
5  1575 704 701 703 1574  255 0 0
4  1573 166 167 241  255 0 0
4  1573 241 1374 1477  255 0 0
4  1561 574 572 1029  255 0 0
4  1572 601 379 380  255 0 0
4  1572 380 892 1321  255 0 0
4  895 1321 892 694  255 0 0
4  1571 1569 622 300  255 0 0
4  1570 894 1124 580  255 0 0
4  894 897 1046 1124  255 0 0
4  580 1124 1046 577  255 0 0
6  1569 1568 1045 1038 1552 622  255 0 0
4  1568 1473 1044 1045  255 0 0
4  1565 1309 1308 1566  255 0 0
4  1567 1564 1565 1566  255 0 0
7  1215 1385 586 587 1116 1392 1214  255 0 0
7  1215 867 2140 2139 1384 1365 1385  255 0 0
7  1562 574 1561 1492 1390 1121 1120  255 0 0
4  20 1560 1259 6  255 0 0
4  1214 1392 1391 1432  255 0 0
4  1476 1007 1008 1115  255 0 0
11  1557 988 16 4 1458 1444 1517 874 1518 1252 1558  255 0 0
5  1557 2168 1436 1342 988  255 0 0
6  990 1520 1459 3 4 989  0 0 255
4  1556 1553 1554 1555  0 0 255
4  1552 1038 1042 692  255 0 0
4  692 1042 896 693  255 0 0
4  1549 204 205 1373  255 0 0
4  1548 412 411 1028  0 0 255
4  1548 1547 413 412  0 0 255
4  618 1281 1111 1546  0 255 0
4  618 326 325 617  0 255 0
5  1546 1111 1114 1109 1110  0 255 0
4  1545 153 152 1415  255 0 0
5  1545 143 146 154 156  255 0 0
4  1544 1414 135 136  255 0 0
4  1545 1415 144 143  255 0 0
4  1544 395 394 1414  255 0 0
4  1542 1491 666 669  255 0 0
4  1541 1540 1539 1538  0 255 0
4  1537 1536 1535 1534  0 255 0
4  1248 83 82 1532  255 0 0
4  1533 1251 1248 1532  255 0 0
4  1531 1528 1529 1530  255 0 0
4  1527 359 358 1524  0 0 255
4  1527 1524 1525 1526  0 0 255
4  1521 639 640 939  0 255 0
4  1522 642 639 1521  0 255 0
3  989 4 16  0 0 255
4  1252 1518 863 800  255 0 0
6  1519 794 1091 2160 1104 1516  255 0 0
6  1518 874 357 290 864 863  255 0 0
4  1517 1444 958 356  255 0 0
4  1517 356 357 874  255 0 0
4  1516 1104 961 1445  255 0 0
4  865 292 2160 1091  255 0 0
4  1299 1400 1399 1298  0 0 255
4  1515 1253 1161 836  0 0 255
4  1514 956 248 284  255 0 0
4  1514 369 955 956  255 0 0
4  1106 406 250 957  255 0 0
4  1514 284 283 369  255 0 0
4  369 1394 954 955  255 0 0
4  185 1226 1225 1512  255 0 0
3  185 1096 186  255 0 0
3  1513 956 955  255 0 0
5  1513 510 249 248 956  255 0 0
4  369 368 1395 1394  255 0 0
6  1513 955 954 254 509 510  255 0 0
6  1512 1396 1395 742 192 185  255 0 0
5  1510 907 910 913 608  0 0 255
5  1510 608 609 690 1336  0 0 255
5  1102 1099 1244 1303 2141  0 0 255
4  1102 883 944 1103  0 0 255
4  1102 2141 2147 883  0 0 255
4  1508 2183 2186 1505  0 255 0
4  1504 1505 2186 2180  0 255 0
4  1507 1506 1501 1502  0 255 0
4  1505 1504 890 891  0 255 0
4  1502 1495 1496 1503  0 255 0
4  1501 1494 1495 1502  0 255 0
4  1280 1273 1274 1279  255 0 0
4  1500 1280 1277 1499  255 0 0
4  1498 1276 1273 1497  255 0 0
4  1495 1468 1467 1496  0 255 0
4  1494 1469 1468 1495  0 255 0
4  1493 1391 1390 1492  255 0 0
5  1490 86 791 523 522  0 255 0
4  1489 1485 1486 1488  0 255 0
4  1487 1486 1485 1484  0 255 0
4  1482 624 623 1483  255 0 0
4  1481 625 624 1482  255 0 0
4  236 237 653 709  0 0 255
4  1480 709 653 502  0 0 255
4  1480 502 501 1479  0 0 255
4  1184 889 887 1183  255 0 0
4  1023 1470 2012 473  255 0 0
4  569 1472 949 948  255 0 0
7  569 945 347 472 299 478 568  255 0 0
6  1023 598 1022 263 2113 1470  255 0 0
3  569 948 945  255 0 0
7  1477 1007 1476 1323 2135 2111 2122  255 0 0
4  1473 1123 1043 1044  255 0 0
4  1475 566 553 554  255 0 0
8  1473 259 258 361 95 94 1125 1123  255 0 0
4  1474 557 558 565  255 0 0
7  1472 238 240 166 165 946 949  255 0 0
5  1472 569 568 239 238  255 0 0
6  1470 2113 2111 2135 1435 2144  255 0 0
4  1468 1463 1466 1467  0 255 0
4  1469 1464 1463 1468  0 255 0
4  1465 2181 2183 1466  0 255 0
4  1464 2180 2181 1465  0 255 0
4  1466 1463 1464 1465  0 255 0
4  1460 796 795 1462  0 0 255
4  263 262 952 2116  255 0 0
3  263 2116 2113  255 0 0
4  263 1022 123 158  255 0 0
4  1459 12 2 960  0 0 255
3  1458 4 3  255 0 0
4  1458 959 958 1444  255 0 0
4  1459 960 42 3  0 0 255
4  1458 3 42 959  255 0 0
4  1456 1454 1025 646  0 255 0
4  1457 647 1024 1455  0 255 0
4  1450 1449 1446 1453  255 0 0
4  1453 1452 1451 1450  255 0 0
4  1449 1448 1447 1446  255 0 0
4  1445 961 2 12  255 0 0
4  1265 1440 838 815  0 255 0
5  1443 815 838 483 437  0 255 0
5  1440 1265 1266 68 89  0 255 0
4  1440 89 90 838  0 255 0
3  1438 683 682  255 0 0
3  1438 2154 1341  255 0 0
5  1438 682 681 987 2154  255 0 0
5  1438 1341 60 90 683  255 0 0
3  18 17 681  255 0 0
4  987 681 17 5  255 0 0
5  988 1342 1341 2154 987  255 0 0
3  2149 949 946  255 0 0
5  2149 262 950 948 949  255 0 0
3  1573 165 166  255 0 0
5  2149 946 947 952 262  255 0 0
4  1477 2122 165 1573  255 0 0
4  2139 583 348 1384  255 0 0
4  2140 297 583 2139  255 0 0
4  1322 1202 1203 1435  255 0 0
4  1435 1203 2148 2144  255 0 0
4  2135 1323 1322 1435  255 0 0
7  818 813 774 773 1434 876 880  0 255 0
4  1434 773 772 1433  0 255 0
4  1434 1433 877 876  0 255 0
4  594 1377 592 2162  0 255 0
4  594 595 809 812  0 255 0
4  942 940 696 695  255 0 0
5  1432 697 304 306 1214  255 0 0
6  942 695 382 304 697 1431  255 0 0
4  1426 1423 1424 1425  255 0 0
4  1422 1421 1420 1419  0 0 255
5  1418 138 137 132 131  255 0 0
5  1417 141 140 823 822  255 0 0
6  819 825 149 150 152 1416  255 0 0
5  1415 152 150 145 144  255 0 0
5  1414 394 1020 134 135  255 0 0
4  649 648 264 1413  0 255 0
4  1245 1242 782 781  0 0 255
4  1245 1244 1099 1098  0 0 255
4  1412 1410 1010 1406  0 0 255
4  1411 1408 1009 1409  0 0 255
4  1410 1409 1009 1010  0 0 255
3  1304 491 429  0 0 255
4  1223 430 429 1407  0 0 255
4  1407 429 492 1009  0 0 255
6  1009 492 493 418 419 1010  0 0 255
4  1009 1408 1223 1407  0 0 255
4  1405 420 1149 1267  0 0 255
4  1010 419 420 1405  0 0 255
4  1406 1010 1405 1267  0 0 255
4  1404 1403 1398 1399  0 0 255
4  1402 1401 826 827  0 0 255
4  1398 1297 1298 1399  0 0 255
4  1397 1361 1360 254  255 0 0
4  254 1360 1359 255  255 0 0
5  1395 368 367 741 742  255 0 0
6  1397 254 954 1394 1395 1396  255 0 0
5  1393 1197 1198 1200 886  255 0 0
5  1392 1116 1121 1390 1391  255 0 0
4  1389 1388 1387 1386  0 0 255
4  1385 308 211 586  255 0 0
4  1385 1365 309 308  255 0 0
4  1384 348 309 1365  255 0 0
4  1378 831 751 1301  0 255 0
4  1379 830 831 1378  0 255 0
5  1138 771 466 770 769  0 255 0
4  1135 1300 752 830  0 255 0
4  405 1301 751 754  0 255 0
5  1375 671 753 752 1300  0 255 0
3  509 254 255  255 0 0
4  1374 241 1359 1358  255 0 0
4  1372 206 207 1078  255 0 0
7  887 1343 1225 1227 1371 1176 1183  255 0 0
5  934 1093 1177 1176 1371  255 0 0
4  1371 1227 567 934  255 0 0
4  1370 1369 1368 1367  255 0 0
4  1366 317 315 314  255 0 0
4  1264 1364 1363 1217  0 255 0
4  920 56 57 404  0 255 0
4  1361 1358 1359 1360  255 0 0
8  1357 1353 1319 173 98 97 665 366  255 0 0
4  1356 935 556 555  255 0 0
8  1355 936 1063 408 765 763 1062 1354  255 0 0
4  1355 551 552 936  255 0 0
8  1354 1346 1352 1349 179 172 1319 1353  255 0 0
4  1354 1062 766 1346  255 0 0
4  1348 1345 1004 1005  255 0 0
5  1348 723 287 930 1350  255 0 0
4  930 177 176 1017  255 0 0
3  930 287 288  255 0 0
4  1348 1216 416 1345  255 0 0
4  930 1017 1019 1350  255 0 0
4  1348 1350 1019 1216  255 0 0
4  1346 130 371 1352  255 0 0
4  179 1349 1018 175  255 0 0
4  1221 1351 208 127  255 0 0
4  1221 396 1220 1351  255 0 0
4  1220 1219 346 926  255 0 0
4  1352 371 1018 1349  255 0 0
4  1220 926 208 1351  255 0 0
4  766 1062 763 762  255 0 0
4  1221 127 128 319  255 0 0
4  766 129 130 1346  255 0 0
4  1345 416 415 1004  255 0 0
4  1344 1004 415 761  255 0 0
4  643 644 1343 887  255 0 0
4  483 838 90 60  0 255 0
4  1342 91 60 1341  255 0 0
5  482 483 60 91 581  0 255 0
4  1340 1337 1338 1339  0 0 255
4  1336 690 1092 1288  0 0 255
4  1174 1057 675 1289  0 0 255
4  1173 1058 1057 1174  0 0 255
5  1334 1113 1112 1060 1335  0 255 0
5  1332 832 1159 1156 1157  0 0 255
5  1332 1246 970 833 832  0 0 255
4  1331 975 968 967  0 0 255
4  755 1330 644 645  255 0 0
4  1329 1328 1024 1025  0 255 0
4  508 257 1324 1326  255 0 0
4  1327 1120 1119 1325  255 0 0
5  1327 1325 1204 508 1326  255 0 0
3  257 508 256  255 0 0
3  1322 1206 1202  255 0 0
5  1324 257 1206 1322 1323  255 0 0
5  1320 101 55 289 286  255 0 0
4  1320 286 719 724  255 0 0
4  1317 660 661 1318  0 255 0
5  1318 661 662 870 220  0 255 0
4  1318 928 929 1317  0 255 0
3  1319 172 173  255 0 0
6  1318 220 99 53 221 928  0 255 0
4  1313 1260 1263 1314  0 255 0
4  1314 1263 1262 1311  0 255 0
4  1314 1311 1312 1313  0 255 0
4  1310 1307 1308 1309  255 0 0
4  1305 1186 491 1304  0 0 255
3  1305 427 1186  0 0 255
4  1303 1302 2143 2141  0 0 255
4  1298 1294 1296 1299  0 0 255
4  1297 1295 1294 1298  0 0 255
4  1295 1291 1290 1294  0 0 255
4  1294 1290 1293 1296  0 0 255
4  1292 921 923 1293  0 0 255
4  1291 922 921 1292  0 0 255
4  1293 1290 1291 1292  0 0 255
3  1030 889 1184  255 0 0
4  1092 674 1058 1288  0 0 255
5  1130 1131 1079 45 10  255 0 0
4  1283 1282 10 45  0 0 255
4  1111 1059 1060 1112  0 255 0
4  1280 1279 1278 1277  255 0 0
4  1276 1275 1274 1273  255 0 0
4  1152 1151 1150 1153  0 0 255
4  1217 1089 2176 1049  0 255 0
4  1264 1217 1049 1050  0 255 0
4  1260 811 810 1261  0 255 0
4  1261 810 809 1262  0 255 0
4  1263 1260 1261 1262  0 255 0
4  13 6 1259 1258  255 0 0
4  1252 800 374 869  255 0 0
4  1249 84 83 1248  255 0 0
4  1250 85 84 1249  255 0 0
4  1251 1250 1249 1248  255 0 0
4  1246 1241 1240 970  0 0 255
4  1245 781 780 1244  0 0 255
4  975 970 1240 968  0 0 255
4  1243 862 782 1242  0 0 255
5  970 975 974 971 833  0 0 255
4  1241 780 779 1240  0 0 255
4  1240 779 861 968  0 0 255
4  1239 1129 1128 1033  255 0 0
4  1237 1231 1234 1238  255 0 0
4  1238 1234 1233 1235  255 0 0
4  1238 1235 1236 1237  255 0 0
4  1232 1127 1126 1233  255 0 0
4  1231 1128 1127 1232  255 0 0
4  1234 1231 1232 1233  255 0 0
4  1230 87 66 1228  255 0 0
4  1228 66 86 1229  255 0 0
4  1226 185 186 1095  255 0 0
5  1227 1225 1226 1095 567  255 0 0
4  319 128 351 354  255 0 0
4  1132 759 758 1133  255 0 0
4  519 475 759 1132  255 0 0
4  1219 1002 345 346  255 0 0
8  1132 1002 1219 1220 396 322 321 519  255 0 0
4  319 322 396 1221  255 0 0
4  416 346 345 415  255 0 0
4  371 208 925 1018  255 0 0
4  1216 927 346 416  255 0 0
4  1018 925 924 1019  255 0 0
4  1019 924 927 1216  255 0 0
4  1215 390 350 867  255 0 0
4  1215 1214 306 390  255 0 0
4  1209 1203 1202 1208  255 0 0
6  1210 873 1201 2148 1203 1209  255 0 0
5  1213 871 678 873 1210  255 0 0
5  1201 873 678 677 2016  255 0 0
4  1201 2016 2015 2148  255 0 0
4  1200 316 212 213  255 0 0
4  1199 1197 1118 1117  255 0 0
6  1199 587 586 316 1200 1198  255 0 0
6  318 885 886 1200 213 311  255 0 0
3  1199 1198 1197  255 0 0
4  1199 1117 1116 587  255 0 0
4  1194 1192 1193 1195  0 255 0
4  1192 1189 1188 1193  0 255 0
4  1191 1190 1189 1192  0 255 0
4  1190 1147 1148 1187  0 255 0
4  1187 1148 1145 1188  0 255 0
4  1190 1187 1188 1189  0 255 0
6  1153 1150 1185 1186 427 432  0 0 255
4  432 427 428 431  0 0 255
4  1186 1185 417 491  0 0 255
4  491 417 418 493  0 0 255
4  505 233 231 230  255 0 0
4  981 1181 978 976  255 0 0
5  506 1180 233 505 433  255 0 0
6  506 699 976 978 963 1180  255 0 0
6  1184 1183 1176 1179 962 966  255 0 0
4  1182 740 193 191  255 0 0
6  1182 1094 336 337 232 740  255 0 0
6  1182 191 190 1177 1093 1094  255 0 0
7  1180 963 962 1179 1178 226 233  255 0 0
6  1178 739 193 740 225 226  255 0 0
3  1178 738 739  255 0 0
6  1179 1176 1177 190 738 1178  255 0 0
4  891 775 778 1175  0 255 0
5  394 155 147 148 1020  255 0 0
3  823 140 824  255 0 0
4  1163 1162 1173 1174  0 0 255
4  969 490 489 1172  0 0 255
4  1172 1171 1170 969  0 0 255
4  938 1037 1036 937  0 255 0
4  1169 1168 1164 1167  0 255 0
4  1165 1035 1034 1166  0 255 0
4  1164 1036 1035 1165  0 255 0
4  1167 1164 1165 1166  0 255 0
4  1163 21 8 1162  0 0 255
5  837 832 833 971 834  0 0 255
4  836 1158 832 837  0 0 255
4  1161 1160 1158 836  0 0 255
4  1160 1155 1156 1159  0 0 255
4  1160 1159 832 1158  0 0 255
4  1157 1156 1155 1154  0 0 255
4  1148 1147 1146 1145  0 255 0
4  1143 1140 1139 1144  255 0 0
4  1143 667 666 1142  255 0 0
4  1144 668 667 1143  255 0 0
4  1142 1141 1140 1143  255 0 0
4  1141 423 422 1140  255 0 0
4  1140 422 421 1139  255 0 0
5  469 767 465 464 468  0 255 0
4  1137 596 2163 593  0 255 0
3  469 768 767  0 255 0
4  1138 769 768 1137  0 255 0
4  1136 466 771 1135  0 255 0
5  1136 458 459 467 466  0 255 0
4  1134 712 713 1003  255 0 0
4  1133 495 712 1134  255 0 0
4  1133 758 760 2210  255 0 0
5  1134 1003 1002 1132 1133  255 0 0
4  722 1131 1130 721  255 0 0
4  1129 1126 1127 1128  255 0 0
4  578 93 92 579  255 0 0
4  1125 94 93 578  255 0 0
4  1125 1122 1043 1123  255 0 0
4  578 575 1122 1125  255 0 0
4  1043 1040 1039 1044  255 0 0
4  1046 1041 1040 1043  255 0 0
5  1043 1122 575 577 1046  255 0 0
6  1121 1116 1117 1118 1119 1120  255 0 0
3  1115 1008 573  255 0 0
4  1113 1108 1109 1114  0 255 0
4  1114 1111 1112 1113  0 255 0
4  1110 1109 1108 1107  0 255 0
4  1106 1105 497 406  255 0 0
4  1104 2160 2159 961  255 0 0
4  958 2157 291 356  255 0 0
4  961 2159 2157 958  255 0 0
4  356 291 290 357  255 0 0
4  1101 1098 1099 1100  0 0 255
4  1093 934 932 1094  255 0 0
4  1063 743 407 408  255 0 0
4  456 451 201 203  255 0 0
4  1097 744 183 184  255 0 0
7  1094 932 933 456 203 200 336  255 0 0
4  1063 182 181 743  255 0 0
4  654 651 674 1092  0 0 255
4  794 793 865 1091  255 0 0
4  1090 1087 1088 1089  0 255 0
4  1085 1084 1015 1016  0 255 0
4  1083 1016 1014 1011  0 255 0
4  1082 1012 1013 1015  0 255 0
4  1082 1083 1011 1012  0 255 0
4  1083 1082 1081 1080  0 255 0
4  1079 1074 0 45  255 0 0
5  1078 207 726 729 1077  255 0 0
6  1077 729 1072 1064 1069 1075  255 0 0
4  1076 1071 1054 1068  255 0 0
3  1076 790 789  255 0 0
4  1076 1068 479 790  255 0 0
4  1075 1069 1053 1070  255 0 0
4  1074 1070 1053 1056  255 0 0
4  1073 1055 44 1  0 0 255
4  1074 1056 43 0  255 0 0
4  1073 0 43 1055  0 0 255
4  788 387 1064 1072  255 0 0
4  1071 1 44 1054  255 0 0
4  1069 1064 1067 1053  255 0 0
4  1068 1065 387 479  255 0 0
4  1053 1067 1066 1054  255 0 0
4  1054 1066 1065 1068  255 0 0
5  1067 1064 387 1065 1066  255 0 0
5  726 207 206 271 905  255 0 0
4  905 271 270 538  255 0 0
4  905 733 732 906  255 0 0
4  783 725 385 784  255 0 0
6  906 268 205 204 725 783  255 0 0
4  906 732 691 750  255 0 0
5  726 905 906 783 727  255 0 0
4  794 1519 487 485  255 0 0
4  2213 583 582 802  255 0 0
4  484 348 583 2213  255 0 0
4  802 582 373 799  255 0 0
6  485 484 2213 802 801 792  255 0 0
6  2211 543 544 317 1366 488  255 0 0
4  1366 314 486 488  255 0 0
4  440 276 494 2210  255 0 0
4  440 284 248 252  255 0 0
4  2210 760 284 440  255 0 0
4  2210 494 495 1133  255 0 0
4  1060 1059 1061 2209  0 255 0
4  2207 777 776 805  0 255 0
4  805 776 804 806  0 255 0
4  2208 778 777 2207  0 255 0
4  1072 729 728 788  255 0 0
4  1138 1137 593 592  0 255 0
4  2200 2198 2197 2196  0 0 255
3  1213 872 871  255 0 0
4  2194 749 680 918  255 0 0
4  968 861 860 967  0 0 255
4  2186 2183 2181 2180  0 255 0
4  675 1057 1058 674  0 0 255
5  1056 1053 1054 44 43  255 0 0
3  1055 43 44  0 0 255
4  1050 1049 2176 1048  0 255 0
4  1089 1088 1048 2176  0 255 0
4  1027 1543 23 1026  0 0 255
5  2160 292 291 2157 2159  255 0 0
4  2144 2148 2015 2013  255 0 0
4  2144 2013 2012 1470  255 0 0
4  622 1552 692 301  255 0 0
4  801 800 863 792  255 0 0
3  165 947 946  255 0 0
7  2122 2111 2113 2116 952 947 165  255 0 0
4  730 106 107 1047  0 255 0
4  897 896 1041 1046  255 0 0
4  1044 1039 1038 1045  255 0 0
6  1042 1038 1039 1040 1041 896  255 0 0
4  1037 1034 1035 1036  0 255 0
5  1032 982 985 1031 104  0 255 0
4  1031 985 984 103  0 255 0
4  104 1031 103 59  0 255 0
3  572 1030 1029  255 0 0
4  1027 1026 411 414  0 0 255
4  1025 1024 647 646  0 255 0
4  1023 473 124 598  255 0 0
4  1022 598 124 123  255 0 0
5  140 132 137 531 530  255 0 0
4  824 529 528 757  255 0 0
4  140 530 529 824  255 0 0
3  825 757 149  255 0 0
5  1020 148 151 137 134  255 0 0
5  1019 1017 176 175 1018  255 0 0
4  1016 1015 1013 1014  0 255 0
4  1014 1013 1012 1011  0 255 0
4  746 302 694 892  255 0 0
4  1008 1007 756 1006  255 0 0
4  1003 713 345 1002  255 0 0
4  1001 539 410 339  255 0 0
4  999 998 994 996  0 255 0
4  998 997 993 994  0 255 0
4  996 994 991 995  0 255 0
4  994 993 992 991  0 255 0
4  5 17 219 986  0 0 255
5  990 989 16 5 986  0 0 255
4  988 987 5 16  255 0 0
4  799 373 372 374  255 0 0
4  985 982 983 984  0 255 0
6  604 602 599 601 607 603  255 0 0
5  604 977 698 600 602  255 0 0
4  981 976 977 604  255 0 0
4  506 218 329 699  255 0 0
6  976 699 329 331 698 977  255 0 0
4  978 705 964 963  255 0 0
4  973 972 971 974  0 0 255
4  972 835 834 971  0 0 255
4  967 860 490 969  0 0 255
5  966 962 963 964 965  255 0 0
5  961 958 959 42 2  255 0 0
3  960 2 42  0 0 255
4  957 250 251 511  255 0 0
4  951 945 948 950  255 0 0
4  953 478 299 209  255 0 0
5  953 541 540 477 478  255 0 0
4  953 209 210 541  255 0 0
4  951 160 347 945  255 0 0
5  951 950 262 157 160  255 0 0
4  944 883 882 943  0 0 255
3  940 881 696  255 0 0
4  868 375 498 881  255 0 0
4  938 937 640 641  0 255 0
4  151 149 527 532  255 0 0
5  151 148 147 144 145  255 0 0
4  151 532 531 137  255 0 0
3  931 55 101  0 255 0
6  930 288 100 53 178 177  255 0 0
3  289 55 54  255 0 0
4  929 928 221 222  0 255 0
4  288 289 54 100  255 0 0
4  208 371 130 127  255 0 0
6  927 924 925 208 926 346  255 0 0
4  921 828 829 923  0 0 255
4  922 827 828 921  0 0 255
4  919 404 57 102  0 255 0
4  918 680 679 872  255 0 0
4  685 911 912 917  0 0 255
4  684 608 911 685  0 0 255
4  915 908 907 916  0 0 255
4  914 909 908 915  0 0 255
4  913 910 909 912  0 0 255
5  608 684 687 689 609  0 0 255
4  608 913 912 911  0 0 255
4  910 907 908 909  0 0 255
4  538 525 733 905  255 0 0
4  538 270 401 537  255 0 0
4  750 269 268 906  255 0 0
4  750 691 474 748  255 0 0
4  782 862 861 779  0 0 255
4  901 902 195 904  0 255 0
6  897 894 895 694 693 896  255 0 0
4  893 161 426 747  255 0 0
4  747 426 425 448  255 0 0
4  380 162 161 893  255 0 0
5  893 747 746 892 380  255 0 0
4  891 808 803 775  0 255 0
4  891 890 807 808  0 255 0
4  889 888 643 887  255 0 0
4  885 318 317 544  255 0 0
4  883 2147 2145 882  0 0 255
4  881 498 381 696  255 0 0
4  613 879 878 610  0 255 0
6  610 878 619 617 325 611  0 255 0
4  880 876 879 613  0 255 0
4  879 876 877 878  0 255 0
4  875 108 61 109  0 255 0
4  292 865 864 290  255 0 0
4  872 679 678 871  255 0 0
4  870 98 99 220  0 255 0
4  366 363 364 365  255 0 0
6  366 665 96 95 361 363  255 0 0
4  870 662 97 98  0 255 0
4  869 374 375 868  255 0 0
4  753 671 670 754  0 255 0
4  754 670 673 866  0 255 0
5  793 792 863 864 865  255 0 0
4  490 860 861 862  0 0 255
4  859 858 854 853  0 0 255
4  857 856 840 839  0 0 255
4  854 851 850 853  0 0 255
4  852 849 848 851  0 0 255
4  851 848 847 850  0 0 255
4  848 846 843 847  0 0 255
4  849 845 846 848  0 0 255
4  844 841 840 843  0 0 255
4  845 842 841 844  0 0 255
4  846 845 844 843  0 0 255
4  842 839 840 841  0 0 255
4  837 834 835 836  0 0 255
4  831 830 752 751  0 255 0
4  829 828 827 826  0 0 255
8  825 819 820 821 822 823 824 757  255 0 0
4  817 814 813 818  0 255 0
4  812 809 810 811  0 255 0
4  808 807 804 803  0 255 0
4  775 803 804 776  0 255 0
4  374 372 295 375  255 0 0
5  802 799 374 800 801  255 0 0
4  798 795 796 797  0 0 255
4  794 485 792 793  255 0 0
4  87 520 523 791  0 255 0
4  87 791 86 66  0 255 0
4  387 788 787 386  255 0 0
4  479 387 386 480  255 0 0
4  790 479 480 789  255 0 0
4  784 385 386 787  255 0 0
5  788 728 727 784 787  255 0 0
4  311 213 214 785  255 0 0
4  785 214 215 786  255 0 0
4  786 215 216 585  255 0 0
6  786 585 584 312 311 785  255 0 0
3  784 727 783  255 0 0
4  481 385 725 204  255 0 0
4  782 779 780 781  0 0 255
4  778 775 776 777  0 255 0
4  465 767 770 466  0 255 0
4  770 767 768 769  0 255 0
4  766 762 353 129  255 0 0
5  765 408 407 2125 764  255 0 0
6  764 2125 2132 736 343 515  255 0 0
4  765 516 514 763  255 0 0
4  765 764 515 516  255 0 0
4  763 514 353 762  255 0 0
4  496 495 494 497  255 0 0
4  761 711 495 496  255 0 0
4  415 345 711 761  255 0 0
4  475 519 518 476  255 0 0
6  760 758 759 475 285 284  255 0 0
4  149 151 145 150  255 0 0
4  757 528 527 149  255 0 0
3  756 755 645  255 0 0
4  754 751 752 753  0 255 0
4  748 474 473 597  255 0 0
5  750 748 676 680 749  255 0 0
4  448 425 274 449  255 0 0
5  448 303 302 746 747  255 0 0
4  745 342 343 736  255 0 0
4  517 512 476 518  255 0 0
4  355 344 342 745  255 0 0
5  320 355 745 736 517  255 0 0
5  743 188 2127 2125 407  255 0 0
4  744 189 187 183  255 0 0
4  743 181 180 188  255 0 0
4  741 189 192 742  255 0 0
4  741 367 281 513  255 0 0
6  741 513 737 2129 187 189  255 0 0
4  738 190 191 739  255 0 0
3  739 191 193  255 0 0
3  451 456 452  255 0 0
4  740 232 223 225  255 0 0
4  183 119 120 184  255 0 0
4  737 513 512 517  255 0 0
4  183 187 118 119  255 0 0
5  737 517 736 2132 2129  255 0 0
4  525 538 537 526  255 0 0
6  733 525 384 383 691 732  255 0 0
4  731 105 106 730  0 255 0
4  729 726 727 728  255 0 0
4  385 481 480 386  255 0 0
4  286 287 723 719  255 0 0
5  723 722 721 720 719  255 0 0
4  718 717 716 715  0 255 0
5  713 712 495 711 345  255 0 0
4  703 701 634 633  255 0 0
7  700 605 606 702 627 638 631  255 0 0
4  701 700 631 634  255 0 0
4  698 331 330 600  255 0 0
4  696 381 382 695  255 0 0
5  302 301 692 693 694  255 0 0
4  348 484 441 349  255 0 0
3  691 383 474  255 0 0
4  689 687 686 688  0 0 255
4  687 684 685 686  0 0 255
5  680 676 677 678 679  255 0 0
4  651 654 499 652  0 0 255
4  675 674 651 650  0 0 255
4  673 670 671 672  0 255 0
4  669 666 667 668  255 0 0
3  665 97 96  255 0 0
6  664 400 96 97 662 661  0 255 0
3  657 500 499  0 0 255
4  502 653 652 499  0 0 255
4  655 504 503 656  0 0 255
4  653 650 651 652  0 0 255
4  649 646 647 648  0 255 0
3  645 644 643  255 0 0
4  642 641 640 639  0 255 0
4  635 632 631 638  255 0 0
4  638 627 630 637  255 0 0
4  636 633 632 635  255 0 0
4  637 630 629 636  255 0 0
4  638 637 636 635  255 0 0
4  634 631 632 633  255 0 0
4  630 627 628 629  255 0 0
4  625 421 424 626  255 0 0
4  626 424 423 623  255 0 0
4  626 623 624 625  255 0 0
3  300 622 301  255 0 0
4  621 615 614 620  0 255 0
4  611 325 326 614  0 255 0
4  615 612 611 614  0 255 0
4  613 610 611 612  0 255 0
3  606 604 603  255 0 0
3  602 600 599  255 0 0
4  601 599 378 379  255 0 0
4  600 330 378 599  255 0 0
4  597 473 2012 2115  255 0 0
4  595 594 2162 2163  0 255 0
4  2163 2162 592 593  0 255 0
4  2147 2141 2143 2145  0 0 255
6  2127 188 180 118 187 2129  255 0 0
4  2132 2125 2127 2129  255 0 0
4  2115 2012 2013 2118  255 0 0
4  2118 2013 2015 2120  255 0 0
4  2120 2015 2016 677  255 0 0
7  597 2115 2118 2120 677 676 748  255 0 0
4  586 211 212 316  255 0 0
4  584 211 307 312  255 0 0
4  585 216 211 584  255 0 0
5  583 297 296 373 582  255 0 0
3  581 91 92  0 255 0
4  580 577 576 579  255 0 0
4  575 578 579 576  255 0 0
3  577 575 576  255 0 0
3  574 573 572  255 0 0
4  236 571 327 235  0 0 255
5  568 478 477 542 570  255 0 0
4  564 559 555 561  255 0 0
4  564 547 548 562  255 0 0
4  560 546 545 561  255 0 0
4  562 548 549 563  255 0 0
4  562 557 559 564  255 0 0
4  561 555 556 560  255 0 0
4  561 545 547 564  255 0 0
4  563 558 557 562  255 0 0
4  553 549 548 554  255 0 0
4  554 548 547 550  255 0 0
4  550 547 545 551  255 0 0
4  551 545 546 552  255 0 0
4  542 477 540 539  255 0 0
4  541 210 409 540  255 0 0
4  540 409 410 539  255 0 0
4  280 159 524 536  255 0 0
5  280 403 210 209 279  255 0 0
4  536 524 526 537  255 0 0
4  536 402 403 280  255 0 0
4  537 401 402 536  255 0 0
6  532 527 528 529 530 531  255 0 0
4  162 380 379 376  255 0 0
4  159 280 279 160  255 0 0
6  526 524 159 126 384 525  255 0 0
4  523 520 521 522  0 255 0
5  321 320 517 518 519  255 0 0
4  515 343 342 516  255 0 0
4  516 342 344 514  255 0 0
4  514 344 352 353  255 0 0
4  353 352 128 129  255 0 0
4  281 476 512 513  255 0 0
4  506 433 217 218  255 0 0
4  505 230 217 433  255 0 0
4  504 501 500 503  0 0 255
4  502 499 500 501  0 0 255
4  375 295 294 498  255 0 0
4  498 294 293 381  255 0 0
4  381 293 304 382  255 0 0
4  406 276 246 250  255 0 0
4  497 494 276 406  255 0 0
4  276 440 370 277  255 0 0
4  493 492 429 491  0 0 255
5  485 487 488 486 121  255 0 0
4  486 314 122 121  255 0 0
5  485 121 122 441 484  255 0 0
4  483 482 436 437  0 255 0
4  285 475 476 281  255 0 0
5  383 125 124 473 474  255 0 0
4  472 347 160 279  255 0 0
4  279 209 299 472  255 0 0
4  467 459 460 464  0 255 0
4  467 464 465 466  0 255 0
4  462 460 457 461  0 255 0
4  461 457 458 463  0 255 0
4  460 459 458 457  0 255 0
4  455 447 446 453  255 0 0
4  454 453 446 443  255 0 0
6  454 443 442 199 202 452  255 0 0
4  452 202 201 451  255 0 0
4  444 272 228 445  255 0 0
4  450 273 272 444  255 0 0
4  444 443 446 450  255 0 0
4  449 274 273 450  255 0 0
6  450 446 447 303 448 449  255 0 0
4  337 198 199 442  255 0 0
4  445 228 223 224  255 0 0
4  337 224 223 232  255 0 0
6  337 442 443 444 445 224  255 0 0
4  313 310 349 441  255 0 0
4  314 313 441 122  255 0 0
4  252 248 249 253  255 0 0
4  252 246 275 439  255 0 0
4  439 275 278 438  255 0 0
4  438 278 277 370  255 0 0
5  440 252 439 438 370  255 0 0
4  437 436 435 434  0 255 0
5  274 425 426 161 229  255 0 0
4  424 421 422 423  255 0 0
4  420 419 418 417  0 0 255
4  414 411 412 413  0 0 255
4  339 270 271 206  255 0 0
4  210 403 402 409  255 0 0
4  409 402 401 410  255 0 0
4  410 401 270 339  255 0 0
4  250 246 247 251  255 0 0
4  399 95 96 400  0 255 0
4  395 154 155 394  255 0 0
4  390 306 305 350  255 0 0
4  384 126 125 383  255 0 0
4  330 328 377 378  255 0 0
4  378 377 376 379  255 0 0
4  328 330 331 329  255 0 0
5  163 162 376 377 328  255 0 0
4  373 296 295 372  255 0 0
4  369 283 282 368  255 0 0
4  368 282 281 367  255 0 0
5  363 361 258 362 364  255 0 0
3  362 258 259  255 0 0
4  354 351 344 355  255 0 0
4  319 354 355 320  255 0 0
4  129 128 127 130  255 0 0
4  128 352 344 351  255 0 0
4  350 305 298 297  255 0 0
5  230 229 161 164 217  255 0 0
4  310 309 348 349  255 0 0
4  205 268 269 338  255 0 0
4  336 200 198 337  255 0 0
4  218 163 328 329  255 0 0
4  322 319 320 321  255 0 0
4  318 311 315 317  255 0 0
4  310 313 312 307  255 0 0
5  315 311 312 313 314  255 0 0
5  310 307 211 308 309  255 0 0
5  306 304 293 298 305  255 0 0
4  303 300 301 302  255 0 0
6  298 293 294 295 296 297  255 0 0
3  292 290 291  255 0 0
4  289 288 287 286  255 0 0
5  285 281 282 283 284  255 0 0
4  246 252 253 247  255 0 0
5  278 275 246 276 277  255 0 0
5  228 272 273 274 229  255 0 0
4  263 158 157 262  255 0 0
3  240 167 166  255 0 0
4  237 236 235 234  0 0 255
4  233 226 227 231  255 0 0
6  231 227 223 228 229 230  255 0 0
4  227 226 225 223  255 0 0
4  221 100 54 222  0 255 0
3  221 53 100  0 255 0
6  179 178 99 98 173 172  255 0 0
3  178 53 99  255 0 0
4  218 217 164 163  255 0 0
6  216 215 214 213 212 211  255 0 0
4  202 199 198 201  255 0 0
4  201 198 200 203  255 0 0
4  182 120 119 181  255 0 0
4  181 119 118 180  255 0 0
4  179 175 174 178  255 0 0
4  176 177 178 174  255 0 0
3  176 174 175  255 0 0
4  164 161 162 163  255 0 0
6  160 157 158 123 126 159  255 0 0
4  154 146 147 155  255 0 0
4  146 143 144 147  255 0 0
4  142 133 131 141  255 0 0
4  141 131 132 140  255 0 0
4  139 136 135 138  255 0 0
4  138 135 134 137  255 0 0
4  126 123 124 125  255 0 0
4  79 30 29 80  255 0 0
4  110 47 46 111  255 0 0
4  111 46 51 112  255 0 0
4  78 31 30 79  255 0 0
4  76 33 32 77  255 0 0
4  113 34 52 70  255 0 0
4  64 15 31 78  255 0 0
4  70 52 14 69  255 0 0
4  112 51 35 63  255 0 0
4  77 32 15 64  255 0 0
4  63 35 34 113  255 0 0
4  72 39 41 73  255 0 0
4  62 36 33 76  255 0 0
4  69 14 38 71  255 0 0
4  74 40 37 75  255 0 0
4  71 38 39 72  255 0 0
4  75 37 36 62  255 0 0
4  73 41 40 74  255 0 0
10  113 70 69 71 72 73 74 75 62 63  255 0 0
10  70 113 63 62 75 74 73 72 71 69  0 255 0
6  112 63 61 109 110 111  255 0 0
6  63 112 111 110 109 61  0 255 0
7  108 61 59 104 105 106 107  255 0 0
7  61 108 107 106 105 104 59  0 255 0
3  103 59 58  255 0 0
3  59 103 58  0 255 0
3  102 58 57  255 0 0
3  58 102 57  0 255 0
4  56 57 58 61  255 0 0
4  57 56 61 58  0 255 0
3  101 56 55  255 0 0
3  56 101 55  0 255 0
4  54 55 56 61  255 0 0
4  55 54 61 56  0 255 0
3  100 54 53  255 0 0
3  54 100 53  0 255 0
13  99 53 54 61 60 91 92 93 94 95 96 97 98  255 0 0
13  53 99 98 97 96 95 94 93 92 91 60 61 54  0 255 0
6  90 60 61 63 68 89  255 0 0
6  60 90 89 68 63 61  0 255 0
4  88 68 63 67  255 0 0
4  68 88 67 63  0 255 0
4  87 67 63 66  255 0 0
4  67 87 66 63  0 255 0
9  86 66 63 65 81 82 83 84 85  255 0 0
9  66 86 85 84 83 82 81 65 63  0 255 0
6  80 65 63 64 78 79  255 0 0
6  65 80 79 78 64 63  0 255 0
5  77 64 63 62 76  255 0 0
5  64 77 76 62 63  0 255 0
3  59 61 58  255 0 0
3  61 59 58  0 255 0
10  32 33 36 37 40 41 39 38 14 15  255 0 0
10  33 32 15 14 38 39 41 40 37 36  0 0 255
6  31 15 11 28 29 30  255 0 0
6  15 31 30 29 28 11  0 0 255
7  27 11 9 23 24 25 26  255 0 0
7  11 27 26 25 24 23 9  0 0 255
3  22 9 8  255 0 0
3  9 22 8  0 0 255
3  21 8 7  255 0 0
3  8 21 7  0 0 255
4  13 7 8 11  255 0 0
4  7 13 11 8  0 0 255
6  6 13 11 3 4 5  255 0 0
6  13 6 5 4 3 11  0 0 255
6  20 6 5 17 18 19  255 0 0
6  6 20 19 18 17 5  0 0 255
3  16 5 4  255 0 0
3  5 16 4  0 0 255
3  42 3 2  255 0 0
3  3 42 2  0 0 255
4  12 2 3 11  255 0 0
4  2 12 11 3  0 0 255
8  48 12 11 10 45 0 1 49  255 0 0
8  12 48 49 1 0 45 10 11  0 0 255
4  44 1 0 43  255 0 0
4  1 44 43 0  0 0 255
5  1583 10 11 15 1580  255 0 0
5  10 1583 1580 15 11  0 0 255
5  658 1580 15 1100 1101  255 0 0
5  1580 658 1101 1100 15  0 0 255
4  1103 1100 15 1684  255 0 0
4  1100 1103 1684 15  0 0 255
8  943 1684 15 1699 1701 1778 1658 1661  255 0 0
8  1684 943 1661 1658 1778 1701 1699 15  0 0 255
7  50 1699 15 35 51 46 47  255 0 0
7  1699 50 47 46 51 35 15  0 0 255
5  34 35 15 14 52  255 0 0
5  35 34 52 14 15  0 0 255
3  9 11 8  255 0 0
3  11 9 8  0 0 255

