OFF
2298 2252 0

8.56706 10.5294 -126.346
8.8344 10.3817 -126.346
11.2909 9.02466 -106.91
13.8447 7.61383 -126.346
15.8253 6.51973 -106.91
18.8987 4.82188 -126.346
21.306 3.49198 -183.534
11.2909 9.02466 -126.346
21.306 3.49198 -221.937
15.8253 6.51973 -126.346
8.56706 10.5294 -221.937
8.56706 10.5294 -214.277
8.56706 10.5294 -196.621
8.56706 10.5294 -127.303
8.56706 10.5294 44.6192
8.56706 10.5294 93.567
8.8344 10.3817 93.567
8.8344 10.3817 77.3216
8.8344 10.3817 44.6192
8.8344 10.3817 -106.91
11.2909 9.02466 44.6192
11.2909 9.02466 77.3216
11.2909 9.02466 93.567
13.8447 7.61383 93.567
13.8447 7.61383 77.3216
13.8447 7.61383 44.6192
13.8447 7.61383 -106.91
15.8253 6.51973 44.6192
15.8253 6.51973 77.3216
15.8253 6.51973 93.567
18.8987 4.82188 93.567
18.8987 4.82188 77.3216
18.8987 4.82188 44.6192
18.8987 4.82188 -106.91
21.306 3.49198 -126.346
21.306 3.49198 -130.338
21.306 3.49198 -134.879
21.306 3.49198 -140.674
21.306 3.49198 -196.621
21.306 3.49198 -199.884
5.02376 -19.4708 -126.346
2.70296 -18.1877 -126.346
7.77314 -20.9907 -196.621
-2.2413 -15.4544 -126.346
-0.0604992 -16.66 -126.346
-4.96438 -13.9489 -128.563
-4.96438 -13.9489 -126.346
-4.96438 -13.9489 -132.168
-4.96438 -13.9489 -138.984
-4.96438 -13.9489 -183.35
-4.96438 -13.9489 -196.621
-4.96438 -13.9489 -200.001
-4.96438 -13.9489 -221.937
7.77314 -20.9907 -221.937
7.77314 -20.9907 -214.143
7.77314 -20.9907 -126.346
5.02376 -19.4708 -106.91
5.02376 -19.4708 44.6192
5.02376 -19.4708 77.3216
5.02376 -19.4708 93.567
2.70296 -18.1877 93.567
2.70296 -18.1877 77.3216
2.70296 -18.1877 44.6192
2.70296 -18.1877 -106.91
-0.0604992 -16.66 -106.91
-0.0604992 -16.66 44.6192
-0.0604992 -16.66 77.3216
-0.0604992 -16.66 93.567
-2.2413 -15.4544 93.567
-2.2413 -15.4544 77.3216
-2.2413 -15.4544 44.6192
-2.2413 -15.4544 -106.91
25.512 1.70826 -126.346
22.5958 3.32025 -126.346
27.4373 0.644055 -126.346
39.7119 -6.14094 -126.346
39.7119 -6.14094 -106.91
39.7119 -6.14094 44.6192
38.0476 -5.22101 44.6192
36.4237 -4.32335 44.6192
24.0596 2.51115 44.6192
22.5958 3.32025 44.6192
22.5958 3.32025 -106.91
10.4709 -30.0482 -196.621
30.305 5.83177 -196.621
10.4709 -30.0482 -141.034
10.4709 -30.0482 -126.346
13.4738 -24.616 -126.346
25.5441 -2.7808 -126.346
29.4939 4.36441 -126.346
30.305 5.83177 -126.346
30.305 5.83177 -141.034
8.63242 -21.9397 -126.346
25.7481 -31.4013 -126.346
8.63242 -21.9397 -106.91
8.63242 -21.9397 44.6192
10.0961 -22.7488 44.6192
24.084 -30.4814 44.6192
25.7481 -31.4013 44.6192
25.7481 -31.4013 -106.91
29.4191 -40.5225 -196.621
29.4191 -40.5225 -141.034
35.6408 -29.2675 -196.621
47.3662 -8.05643 -196.621
49.2534 -4.6426 -196.621
49.2534 -4.6426 -141.034
48.2197 -6.51252 -141.034
46.3858 -9.83006 -141.034
43.6581 -14.7644 -141.034
35.1202 -30.2092 -141.034
34.9706 -30.4799 -141.034
32.4218 -35.0906 -141.034
30.3985 -38.7508 -141.034
20.8345 2.639 44.6192
39.8816 -1.90332 44.6192
29.2714 3.96192 44.6192
25.8937 5.82907 44.6192
21.5352 3.90655 44.6192
21.306 3.49198 44.6192
19.8397 0.83918 44.6192
19.3466 -0.0529283 44.6192
18.7745 -1.08791 44.6192
18.4826 -1.61603 44.6192
13.8295 -10.034 44.6192
13.1319 -11.296 44.6192
12.3031 -12.7955 44.6192
11.0497 -15.0631 44.6192
7.77314 -20.9907 44.6192
7.57249 -21.3537 44.6192
8.07264 -26.4093 44.6192
11.4503 -28.2764 44.6192
22.0606 -34.1417 44.6192
24.2844 -30.1188 44.6192
37.8208 -5.63132 44.6192
32.5143 9.82839 -196.621
44.7888 3.04318 -196.621
-14.1464 -16.44 -196.621
5.59948 12.1688 44.6192
-9.69929 21.172 -126.346
-17.8782 19.6793 -126.346
-15.3319 24.2855 -126.346
-21.7577 12.6612 -126.346
11.6622 -13.9549 114.32
-8.16822 -19.7447 -196.621
-8.16822 -19.7447 -141.034
-10.2731 -23.5523 -196.621
-6.9584 -11.5079 100.879
8.38182 -5.78636 212.859
-5.02778 -8.01519 105.86
8.6583 -5.81768 212.859
8.6583 -5.81768 197.161
-5.02778 -8.01519 111.561
-6.9584 -11.5079 93.567
7.94278 -7.21397 197.161
8.10996 -6.88773 197.161
6.65946 -6.59786 197.161
7.04459 -5.39678 197.161
2.96863 -7.72093 148.129
3.13685 -7.41077 148.129
3.16856 -7.69913 148.129
-1.42022 -8.51848 111.561
-1.42022 -8.51848 114.32
-1.6937 -8.3673 114.32
-1.6937 -8.3673 111.561
15.6011 -3.04017 126.685
16.0787 -2.93106 126.685
15.6591 -3.2939 126.685
13.3198 -3.23332 148.129
6.55536 -0.0199645 148.129
13.2425 -3.57902 148.129
13.5371 -3.51171 148.129
13.6955 -3.71458 148.129
13.6501 -4.1154 148.129
1.71655 -6.24067 127
1.22809 -7.35574 134.022
2.97293 -7.72601 134.022
3.51791 -7.65112 134.022
3.61393 -7.86826 134.022
2.99391 -7.75081 134.022
13.7872 -4.91255 134.022
14.1561 -4.59359 134.022
13.9153 -5.21196 134.022
5.25295 -0.285939 134.022
5.31767 -0.176961 134.022
5.7353 -0.123987 134.022
5.9365 -0.0984655 134.022
5.49478 -0.429533 134.022
5.49375 0.119519 134.022
5.7456 0.543602 134.022
5.85918 0.687238 134.022
5.95225 0.452414 134.022
6.00535 0.318432 134.022
5.97799 0.307795 134.022
5.49478 -0.429533 114.32
5.25295 -0.285939 114.32
5.49375 0.119519 114.32
5.31767 -0.176961 114.32
5.7456 0.543602 114.32
4.90528 -0.871371 114.32
-11.3824 -9.0624 93.567
-11.3824 -9.0624 100.879
-11.6162 -9.48539 100.879
-11.6162 -9.48539 93.567
-8.74118 -10.5224 93.567
-8.97502 -10.9454 93.567
-8.74118 -10.5224 100.879
-13.8125 -8.27128 93.567
-13.5787 -7.84832 93.567
-13.5787 -7.84832 100.879
-13.8125 -8.27128 100.879
-16.3509 -6.8681 93.567
-16.1171 -6.44518 93.567
-17.4786 -6.24469 93.567
-7.59841 -11.7064 93.567
8.42821 -10.8024 134.022
8.79875 -10.837 134.022
9.26154 -10.8803 148.129
9.66747 -10.5476 148.129
10.2719 -10.4468 148.129
10.2885 -10.4888 148.129
9.75058 -10.926 148.129
2.2998 -6.93021 148.129
2.36086 -6.53165 148.129
2.84973 -7.08548 148.129
8.67295 -10.9879 114.32
8.42821 -10.8024 114.32
10.5571 -12.4156 120.822
10.985 -12.246 120.822
10.9524 -12.1638 120.822
3.79365 5.89894 111.561
3.79365 5.89894 114.32
4.22834 5.65865 114.32
4.22834 5.65865 111.561
14.2286 -4.40731 134.022
14.6557 -4.30975 134.022
13.9665 -5.33174 134.022
14.6557 -4.30975 114.32
13.9665 -5.33174 114.32
14.6851 -18.9126 109.361
14.6851 -18.9126 105.86
66.8989 -32.026 -196.621
67.4144 -28.2821 -196.621
67.4144 -28.2821 -195.554
66.8989 -32.026 -195.554
13.3932 -4.92202 148.129
13.6008 -4.55071 148.129
13.219 -3.5844 148.129
13.6074 -4.49235 148.129
13.5631 -4.8832 148.129
2.97293 -7.72601 127
2.17622 -7.83549 127
2.16258 -7.82595 127
2.16258 -7.82595 120.822
2.17622 -7.83549 120.822
2.97293 -7.72601 120.822
13.6443 -3.09572 134.022
13.3198 -3.23332 134.022
13.7593 -3.15133 134.022
25.4623 -5.09146 100.879
26.3392 -6.82189 100.879
26.3392 -6.82189 105.86
25.4623 -5.09146 105.86
26.116 -7.22557 100.879
26.116 -7.22557 105.86
6.15937 -0.0701945 155.325
7.13222 0.0532084 155.325
12.4944 -8.43158 155.325
12.8625 -7.10485 155.325
3.92342 -8.73511 155.325
3.7264 -8.6168 155.325
3.7264 -8.6168 114.32
2.36837 -6.48258 148.129
2.72224 -6.40417 148.129
2.03242 -5.7088 120.822
2.15983 -6.52878 120.822
2.42173 -6.1343 120.822
2.1364 -5.53371 120.822
2.15983 -6.52878 134.022
2.36837 -6.48258 134.022
2.36086 -6.53165 134.022
2.2998 -6.93021 134.022
2.20474 -6.81782 134.022
5.74334 10.6622 100.879
5.74334 10.6622 93.567
5.95006 11.0362 93.567
5.95006 11.0362 100.879
8.83037 -10.9168 148.129
8.97143 -10.8532 148.129
9.09263 -10.8645 148.129
9.27133 -11.3154 148.129
9.07507 -11.4749 148.129
9.04754 -11.4648 148.129
6.56297 0.371074 148.129
6.90807 0.629729 148.129
6.05182 0.439152 148.129
7.54524 -5.50782 221.837
7.60275 -5.01417 221.837
7.93217 -4.87023 221.837
8.47619 -4.92829 221.837
8.40178 -5.60484 221.837
7.94544 -5.80421 221.837
27.3142 -44.3302 -196.621
25.2245 -48.1105 -196.621
25.2245 -48.1105 -221.937
27.3142 -44.3302 -221.937
8.83037 -10.9168 134.022
9.04754 -11.4648 134.022
8.97143 -10.8532 134.022
9.07507 -11.4749 134.022
9.04754 -11.4648 114.32
8.83037 -10.9168 114.32
8.97143 -10.8532 114.32
8.25801 -11.1751 114.32
13.746 -6.71431 114.32
13.6317 -5.9402 114.32
2.78124 -3.78755 127
2.75794 -3.93959 127
2.89188 -3.06529 127
3.34509 -2.49215 127
3.38543 -2.44114 127
2.89188 -3.06529 120.822
2.78124 -3.78755 120.822
2.75794 -3.93959 120.822
3.38543 -2.44114 120.822
3.34509 -2.49215 120.822
2.78124 -3.78755 148.129
2.75794 -3.93959 148.129
3.34509 -2.49215 148.129
3.38543 -2.44114 148.129
2.89188 -3.06529 148.129
2.75794 -3.93959 134.022
2.78124 -3.78755 134.022
3.34509 -2.49215 134.022
3.38543 -2.44114 134.022
2.89188 -3.06529 134.022
3.38543 -2.44114 155.325
3.38543 -2.44114 114.32
3.22329 -3.25223 155.325
8.24379 -10.7852 114.32
8.24379 -10.7852 155.325
7.52302 -10.9055 114.32
19.8687 -1.61321 109.361
21.3324 -2.42237 109.361
21.1689 -2.71809 109.361
9.66097 -3.98099 161.823
10.0772 -5.47969 161.823
10.6184 -4.52221 161.823
5.14771 3.71552 120.822
5.63466 3.90485 120.822
5.94311 3.11153 120.822
5.14771 3.71552 114.32
5.63466 3.90485 114.32
5.94311 3.11153 114.32
5.15109 5.14857 114.32
13.7233 -3.46918 148.129
14.194 -3.36164 148.129
14.3574 -4.07658 148.129
14.2311 -4.40075 148.129
13.5631 -4.8832 134.022
13.3932 -4.92202 134.022
2.62363 -5.87721 134.022
2.47466 -5.78875 134.022
9.66747 -10.5476 155.325
61.3063 -6.08755 -196.621
7.48365 0.404384 114.32
57.5318 -48.9715 -221.937
7.54759 0.239935 114.32
71.4958 -23.7101 -221.937
71.4958 -23.7101 -196.621
57.5318 -48.9715 -196.621
6.93205 0.647707 114.32
7.99003 0.181008 114.32
-41.8789 1.20344 -196.621
8.78782 0.263216 114.32
-20.8149 39.3082 -196.621
8.06306 0.171282 114.32
-23.0243 35.3114 -196.621
9.46349 -0.0152369 155.325
37.1582 -49.7718 -196.621
9.46349 -0.0152369 114.32
39.263 -45.9642 -196.621
7.25944 0.893086 114.32
-54.8565 13.1573 -205.726
-61.2903 49.6898 -205.726
22.3668 2.90596 93.567
29.5835 -2.51602 100.879
27.9049 -5.55254 100.879
59.0971 -10.0841 -196.621
1.72738 8.41562 100.879
1.93982 8.79995 100.879
44.7888 3.04318 -221.937
1.93982 8.79995 105.86
8.63242 -21.9397 93.567
1.72738 8.41562 105.86
45.7191 -9.46155 -126.346
31.7553 -34.7221 -126.346
2.27617 9.40842 100.879
2.27617 9.40842 105.86
42.2657 -40.5323 -221.937
42.2657 -40.5323 -196.621
-4.62196 30.3569 -196.621
-4.62196 30.3569 -221.937
-42.8584 -0.568324 -196.621
-28.7701 -13.3274 -196.621
3.31656 8.03894 105.86
-2.66926 33.8894 -196.621
-1.81582 10.8759 100.879
46.7415 6.57564 -196.621
-1.47942 11.4845 100.879
-2.02818 10.4918 100.879
10.6074 16.7203 -196.621
3.6529 8.64738 100.879
25.4636 8.50803 -196.621
3.6529 8.64738 105.86
5.65086 1.21287 134.022
6.04089 1.04082 134.022
5.84787 0.715795 134.022
18.1567 4.28844 93.567
17.9501 3.91464 93.567
17.9501 3.91464 100.879
-61.2903 49.6898 -196.621
18.1567 4.28844 100.879
-61.2903 49.6898 -221.937
-54.8565 13.1573 -196.621
-54.6549 13.522 -196.621
9.57913 -0.0306395 120.822
10.1878 -0.111711 120.822
11.1319 -0.828564 120.822
10.3659 -0.585435 120.822
9.57913 -0.0306395 148.129
10.1878 -0.111711 148.129
11.1319 -0.828564 148.129
10.3659 -0.585435 148.129
-40.8941 38.4154 -221.937
-54.8565 13.1573 -221.937
-40.8941 38.4154 -196.621
10.1878 -0.111711 134.022
11.1319 -0.828564 134.022
10.3659 -0.585435 134.022
9.57913 -0.0306395 134.022
-30.8597 -17.1077 -196.621
18.5508 -44.4213 -196.621
20.6405 -40.641 -196.621
-5.43601 12.877 93.567
-5.84277 13.1019 93.567
-5.84277 13.1019 100.879
-28.7701 -13.3274 -221.937
-5.43601 12.877 100.879
58.0634 -11.954 -196.621
56.2296 -15.2714 -221.937
39.263 -45.9642 -221.937
-39.8551 4.86449 -196.621
-39.8551 4.86449 -221.937
6.04277 -4.98584 161.823
5.50155 -5.94329 161.823
6.45898 -6.48453 161.823
-45.5415 25.8089 -196.012
-45.5415 25.8089 -196.621
-44.418 27.8412 -196.621
-25.8924 30.123 -196.621
-44.418 27.8412 -196.012
23.2229 -3.4675 105.86
23.2229 -3.4675 100.879
23.0595 -3.76317 100.879
23.0595 -3.76317 105.86
56.2296 -15.2714 -196.621
-39.6538 5.22876 -196.621
25.1907 -4.55531 100.879
5.62953 -27.3719 -196.621
24.647 -9.88312 105.86
-9.22664 -19.1596 -196.621
24.647 -9.88312 100.879
-30.8597 -17.1077 -221.937
7.73956 11.5323 93.567
26.8666 -5.86774 100.879
10.1208 -16.7436 105.86
0.10625 -11.2078 105.86
-1.91064 -3.18478 111.561
-6.22366 -13.7272 93.567
-1.91064 -3.18478 114.32
0.170171 -4.42036 114.32
-25.8924 30.123 -221.937
1.10048 2.26271 111.561
-42.8584 -0.568324 -221.937
1.10048 2.26271 114.32
2.08278 -2.98684 114.32
20.6405 -40.641 -221.937
13.0723 7.09904 93.567
42.2657 -40.5323 -141.034
12.8657 6.72516 93.567
56.2296 -15.2714 -141.034
12.8657 6.72516 100.879
13.0723 7.09904 100.879
-2.66926 33.8894 -221.937
-9.38938 -5.95881 105.86
46.7415 6.57564 -221.937
-9.38938 -5.95881 100.879
-9.48013 -5.55391 100.879
-9.48013 -5.55391 105.86
8.83306 -21.5767 93.567
42.5795 -0.953397 -221.937
23.4359 -3.08223 100.879
23.4359 -3.08223 105.86
10.3578 -10.4324 134.022
10.7322 -10.1282 134.022
10.7837 -10.0864 134.022
11.0345 -10.2353 134.022
10.98 -10.3286 134.022
18.4429 -1.21117 111.561
18.6447 -1.32272 111.561
8.6421 4.20659 111.561
8.63086 4.21281 111.561
31.2387 -3.431 100.879
31.2387 -3.431 93.567
31.9161 -5.67349 93.567
31.9161 -5.67349 100.879
31.0285 -7.27914 93.567
31.0285 -7.27914 100.879
27.2431 -5.18672 100.879
10.4891 -10.9949 148.129
14.2286 -4.40731 148.129
6.43906 1.71128 134.022
6.46836 1.76061 134.022
6.54734 1.5575 134.022
6.11346 1.00881 134.022
13.1073 -3.32343 114.32
13.3198 -3.23332 114.32
13.1073 -3.32343 155.325
7.59726 0.112197 114.32
7.59726 0.112197 155.325
9.57913 -0.0306395 155.325
10.3659 -0.585435 155.325
9.57913 -0.0306395 114.32
11.1319 -0.828564 155.325
8.80946 -0.0913921 155.325
8.08946 0.137146 155.325
11.1319 -0.828564 114.32
9.68933 -4.08311 197.161
8.58786 -4.29421 197.161
23.0595 -3.76317 109.361
-13.2772 29.9233 -221.937
-11.0678 33.9201 -221.937
1.22196 -7.41515 127
2.19721 -7.59989 127
2.16079 -7.83761 127
1.2963 -7.95641 127
-16.1452 24.7351 -221.937
-30.108 -0.523765 -126.346
-29.2947 -0.973363 -126.346
-29.0935 -0.609376 -126.346
-29.9068 -0.159755 -126.346
0.306507 -9.47299 111.561
0.887655 -9.79425 111.561
1.78505 -10.2903 111.561
1.78505 -10.2903 114.32
0.306507 -9.47299 114.32
-0.216619 -10.6748 111.561
10.5303 -11.0988 126.685
10.9524 -12.1638 126.685
9.37869 -11.5863 134.022
10.0926 -11.8483 134.022
10.0054 -11.9976 134.022
9.72915 -12.4707 134.022
-5.16523 -14.3123 77.3216
-4.96438 -13.9489 77.3216
-4.96438 -13.9489 93.567
-5.16523 -14.3123 93.567
2.84973 -7.08548 155.325
10.5049 -11.0347 148.129
9.2407 -11.5357 148.129
4.9328 -9.76297 155.325
4.9328 -9.76297 114.32
2.42173 -6.1343 134.022
2.72224 -6.40417 134.022
2.53427 -5.39965 134.022
5.75425 -0.583602 155.325
5.7539 -0.583391 155.325
5.49478 -0.429533 155.325
2.72224 -6.40417 155.325
3.01894 -6.33843 155.325
2.53427 -5.39965 114.32
2.53427 -5.39965 155.325
2.03242 -5.7088 134.022
2.1364 -5.53371 134.022
6.32065 0.917413 134.022
6.05182 0.439152 134.022
10.2885 -10.4888 134.022
10.5856 -11.004 134.022
10.4891 -10.9949 134.022
-7.22992 -7.78847 105.86
-7.22992 -7.78847 100.879
-6.96065 -7.30136 100.879
-6.96065 -7.30136 105.86
6.7533 -7.54432 161.823
7.81306 -7.25 161.823
7.54524 -5.50782 212.859
7.60275 -5.01417 212.859
2.16258 -7.82595 148.129
2.19721 -7.59989 148.129
2.97293 -7.72601 148.129
2.17622 -7.83549 148.129
1.22196 -7.41515 120.822
2.19721 -7.59989 120.822
2.15983 -6.52878 114.32
2.03242 -5.7088 114.32
2.42173 -6.1343 114.32
2.1364 -5.53371 114.32
1.99176 -6.56602 114.32
-14.9247 -7.10428 93.567
-15.602 -5.51349 93.567
-15.602 -5.51349 100.879
-14.9247 -7.10428 100.879
-12.4376 -5.78393 100.879
-4.41143 6.18045 100.879
-4.41143 6.18045 105.86
0.720873 3.34329 105.86
6.00522 11.9446 77.3216
6.23655 12.3631 77.3216
6.23655 12.3631 93.567
6.00522 11.9446 93.567
14.2655 -19.6716 100.879
13.8957 -20.3407 100.879
13.8957 -20.3407 105.86
14.2655 -19.6716 105.86
10.5303 -11.0988 120.822
10.5303 -11.0988 134.022
10.9524 -12.1638 134.022
13.5274 -5.19917 134.022
13.4849 -5.17395 134.022
13.4827 -5.17267 134.022
10.985 -12.246 134.022
10.5571 -12.4156 134.022
10.985 -12.246 114.32
10.5571 -12.4156 114.32
10.5571 -12.4156 126.685
7.96241 9.43558 93.567
8.16912 9.80952 93.567
8.16912 9.80952 100.879
7.96241 9.43558 100.879
15.0148 -3.77711 134.022
15.0603 -3.81165 134.022
15.471 -4.1235 134.022
9.96631 -22.2032 93.567
9.96631 -22.2032 77.3216
9.76567 -22.5662 77.3216
9.76567 -22.5662 93.567
14.194 -3.36164 134.022
14.1941 -3.36163 134.022
14.4044 -3.31357 134.022
14.5974 -3.46011 134.022
14.3574 -4.07658 134.022
6.00522 11.9446 44.6192
6.23655 12.3631 44.6192
6.57892 12.1739 77.3216
6.57892 12.1739 44.6192
5.83088 12.5874 44.6192
-13.8197 -1.32866 93.567
-13.413 -1.55349 93.567
-13.413 -1.55349 100.879
-13.8197 -1.32866 100.879
2.52214 6.60182 105.86
2.52214 6.60182 111.561
3.27032 6.18823 111.561
3.68855 6.94486 111.561
3.29232 7.1639 111.561
2.94039 7.35844 111.561
2.94039 7.35844 105.86
7.09632 -5.23545 212.859
7.32022 -4.53717 212.859
8.14348 -4.37939 212.859
8.52044 -4.61319 212.859
8.51037 -4.61759 212.859
7.93217 -4.87023 212.859
7.14736 -5.21315 212.859
14.282 -24.5891 77.3216
14.0814 -24.9519 77.3216
14.0814 -24.9519 93.567
14.282 -24.5891 93.567
-7.60006 -8.45807 100.879
-7.60006 -8.45807 105.86
17.2236 -24.8751 100.879
18.7344 -22.1421 100.879
21.017 -25.39 100.879
21.017 -25.39 93.567
18.9203 -25.813 93.567
18.9203 -25.813 100.879
4.36785 6.56935 111.561
28.1028 -0.262761 77.3216
28.331 0.150044 77.3216
28.331 0.150044 93.567
28.1028 -0.262761 93.567
30.4192 -1.00423 77.3216
30.4192 -1.00423 93.567
30.1913 -1.41651 93.567
30.1913 -1.41651 77.3216
30.523 -1.06163 77.3216
30.7181 -1.70756 77.3216
30.7181 -1.70756 93.567
32.2994 -2.04356 77.3216
32.4964 -2.68998 77.3216
32.4964 -2.68998 93.567
34.32 -3.16048 77.3216
34.0926 -3.57176 77.3216
34.0926 -3.57176 93.567
27.4373 0.644055 77.3216
27.2089 0.231009 77.3216
37.8208 -5.63132 77.3216
38.0476 -5.22101 77.3216
14.6851 -18.9126 100.879
14.5352 -19.1838 100.879
14.5352 -19.1838 105.86
15.4955 -3.0643 134.022
15.6011 -3.04017 134.022
15.6591 -3.2939 134.022
-6.81049 -7.0297 105.86
13.6501 -4.1154 155.325
13.7593 -3.15133 114.32
14.1941 -3.36163 114.32
-1.21894 -5.4615 114.32
3.01041 -2.29158 114.32
10.7837 -10.0864 114.32
11.0345 -10.2353 114.32
10.7837 -10.0864 155.325
15.6011 -3.04017 114.32
-5.16523 -14.3123 -126.346
-4.96438 -13.9489 -106.91
-5.16523 -14.3123 -106.91
-0.788823 9.41991 105.86
-0.788823 9.41991 100.879
-0.220022 9.49218 100.879
-0.220022 9.49218 105.86
1.56367 8.11947 105.86
13.6443 -3.09572 114.32
9.16631 -20.9739 93.567
9.16631 -20.9739 100.879
10.63 -21.783 93.567
13.5252 -5.21834 114.32
13.5252 -5.21834 155.325
-4.83544 -8.47612 105.86
5.74845 -3.92605 161.823
6.35556 -4.4325 161.823
6.80819 -3.63176 161.823
5.83088 12.5874 77.3216
5.59948 12.1688 77.3216
6.89466 0.664201 134.022
6.90807 0.629729 134.022
6.56297 0.371074 134.022
6.46836 1.76061 114.32
6.54734 1.5575 114.32
6.46836 1.76061 127
6.46836 1.76061 120.822
-56.1123 53.6019 -196.621
-58.9806 48.4131 -196.621
-58.9806 48.4131 -221.937
-56.1123 53.6019 -221.937
-45.2112 52.7942 -221.937
-47.4207 48.7973 -221.937
-45.2112 52.7942 -196.621
-47.4207 48.7973 -196.621
-53.9028 57.5989 -221.937
9.2407 -11.5357 134.022
10.5049 -11.0347 134.022
27.4952 -1.36169 100.879
27.4952 -1.36169 93.567
27.7018 -0.988043 93.567
27.7018 -0.988043 100.879
29.5835 -2.51602 93.567
29.79 -2.14239 93.567
29.79 -2.14239 100.879
25.321 0.328035 93.567
25.1144 -0.0456589 93.567
25.1144 -0.0456589 100.879
31.0618 -2.84546 93.567
10.98 -10.3286 114.32
-5.47484 -9.63287 105.86
-4.68531 -8.20451 105.86
16.4556 -26.2644 93.567
16.4556 -26.2644 77.3216
16.6562 -25.9016 93.567
0.104607 -8.12018 127
-0.0468038 -7.01771 127
1.13152 -6.75663 127
1.21723 -7.38069 127
1.20374 -7.4117 127
0.945662 -8.0046 127
-4.05407 -7.06251 114.32
-4.05407 -7.06251 111.561
-1.25276 -8.30671 114.32
-3.85384 -8.66415 111.561
8.40178 -5.60484 212.859
7.94544 -5.80421 212.859
4.7629 -0.978083 155.325
4.7629 -0.978083 114.32
4.64827 -1.1474 155.325
2.75794 -3.93959 155.325
2.75794 -3.93959 114.32
-6.05503 12.7179 93.567
-6.05503 12.7179 100.879
-5.50632 13.7105 93.567
12.9504 -2.76013 114.32
12.4769 -1.84991 114.32
12.7643 -2.5217 114.32
8.10635 -20.3879 93.567
8.10635 -20.3879 100.879
8.6704 -10.5132 155.325
8.42821 -10.8024 155.325
8.03113 -10.5015 155.325
7.88465 -10.3905 155.325
8.3763 -10.7631 155.325
8.2617 -10.6762 155.325
8.74506 -10.7015 155.325
8.79875 -10.837 155.325
8.60109 -10.3382 155.325
8.79875 -10.837 114.32
8.8015 -0.105474 155.325
7.26759 -0.104683 155.325
7.26759 -0.104683 161.823
8.63928 -0.10539 155.325
8.8015 -0.105474 161.823
21.8579 -23.8689 93.567
21.8579 -23.8689 100.879
22.1277 -23.3807 93.567
22.1277 -23.3807 100.879
18.3423 -21.2882 100.879
8.02346 0.166259 155.325
8.02346 0.166259 114.32
8.06558 0.147683 155.325
12.0539 -1.61166 114.32
12.0539 -1.61166 155.325
8.06306 0.171282 155.325
-6.84975 -12.1203 93.567
-6.6159 -11.6972 93.567
-6.6159 -11.6972 100.879
-6.84975 -12.1203 100.879
19.2869 -2.66557 111.561
18.2265 -2.07935 111.561
16.0887 -0.89763 111.561
16.0887 -0.89763 114.32
18.6886 -2.33481 114.32
19.2869 -2.66557 114.32
-50.0034 25.0289 -221.937
-51.086 23.0706 -221.937
-51.086 23.0706 -215.144
-50.0034 25.0289 -215.144
-48.6941 24.3051 -221.937
-48.6941 24.3051 -215.144
-51.086 23.0706 -205.726
-50.0034 25.0289 -205.726
-48.6941 24.3051 -205.726
-47.3195 26.7918 -215.144
9.07507 -11.4749 114.32
1.22196 -7.41515 134.022
1.2963 -7.95641 134.022
1.22196 -7.41515 114.32
1.2963 -7.95641 114.32
8.27678 -7.12121 161.823
8.77052 -7.79125 161.823
9.31176 -6.83376 161.823
58.1349 -23.1525 -195.554
49.7602 -38.3023 -195.554
-56.2125 58.8756 -193.243
-58.4219 54.8787 -193.243
-56.1123 53.6019 -193.243
-53.9028 57.5989 -193.243
-56.1123 53.6019 -196.012
-53.9028 57.5989 -196.012
-1.25276 -8.30671 120.822
-0.273147 -7.06786 120.822
-0.0468038 -7.01771 120.822
0.104607 -8.12018 120.822
8.34714 -6.1017 212.859
8.47619 -4.92829 212.859
-56.1661 13.8813 -205.726
9.0105 -10.6573 155.325
10.2719 -10.4468 155.325
22.5958 3.32025 93.567
-46.9161 23.3222 -196.621
-46.9161 23.3222 -196.012
18.5508 -44.4213 -221.937
21.9668 2.18226 93.567
21.9668 2.18226 100.879
23.4305 1.37312 93.567
9.36667 -2.92127 161.823
8.30691 -3.21556 161.823
-4.39751 -12.9235 93.567
22.7453 -36.8333 -221.937
-4.39751 -12.9235 100.879
-26.6652 -9.51971 -221.937
-4.63139 -13.3466 100.879
-9.69929 21.172 -221.937
-4.63139 -13.3466 93.567
39.7119 -6.14094 -221.937
-5.68982 -12.7615 93.567
-1.90825 -14.8519 93.567
-6.83132 26.3602 -221.937
-6.56249 10.8392 100.879
-6.56249 10.8392 93.567
-6.96924 11.0641 93.567
-6.96924 11.0641 100.879
5.58495 1.37919 127
5.32056 2.04629 127
5.15382 2.46699 127
6.05717 2.81819 127
6.43906 1.71128 127
5.15382 2.46699 120.822
5.32056 2.04629 120.822
5.58495 1.37919 120.822
6.05717 2.81819 120.822
-5.16523 -14.3123 44.6192
-4.96438 -13.9489 44.6192
9.22241 -10.2929 161.823
9.22241 -10.2929 155.325
8.87613 -10.3182 155.325
7.64029 -10.4084 155.325
7.64029 -10.4084 161.823
5.58495 1.37919 134.022
10.0759 -9.95233 155.325
10.3643 -9.83727 155.325
10.767 -10.0765 155.325
16.7132 -2.78612 126.685
16.9419 -3.78751 126.685
15.8299 -4.04152 126.685
25.7481 -31.4013 -221.937
20.9061 2.76856 93.567
20.9061 2.76856 100.879
-7.38355 -13.086 77.3216
-7.38355 -13.086 44.6192
-7.18268 -12.7226 44.6192
-7.18268 -12.7226 77.3216
-7.93134 -12.3087 44.6192
-8.13223 -12.6721 44.6192
-4.80259 -6.64873 111.561
-4.80259 -6.64873 105.86
10.2415 -13.7636 120.822
11.4039 -13.303 120.822
11.7775 -14.2456 120.822
10.6151 -14.7062 120.822
23.772 -2.47425 105.86
23.772 -2.47425 100.879
2.16642 14.613 77.3216
2.16642 14.613 93.567
1.9345 14.1934 93.567
1.9345 14.1934 77.3216
16.4503 -20.2424 100.879
15.454 -20.3287 100.879
10.5856 -11.004 114.32
11.4265 -9.56392 114.32
34.304 -30.1115 -141.034
34.304 -30.1115 -126.346
34.9706 -30.4799 -126.346
-14.9759 -4.38078 93.567
-14.9759 -4.38078 100.879
9.82265 -12.7066 134.022
6.57892 12.1739 93.567
6.34763 11.7555 93.567
-4.43925 14.6802 93.567
-4.43925 14.6802 100.879
-2.71611 15.3384 100.879
-2.71611 15.3384 93.567
2.17622 -7.83549 134.022
2.16258 -7.82595 134.022
13.9153 -5.21196 114.32
14.2577 -6.01227 114.32
14.2311 -4.40075 134.022
15.471 -4.1235 114.32
1.71655 -6.24067 114.32
2.64491 -4.67747 114.32
9.82265 -12.7066 126.685
11.2647 -12.9518 126.685
11.4039 -13.303 126.685
10.2415 -13.7636 126.685
11.2647 -12.9518 120.822
9.82265 -12.7066 120.822
10.2415 -13.7636 114.32
11.4039 -13.303 114.32
11.7775 -14.2456 114.32
10.6151 -14.7062 114.32
9.82265 -12.7066 114.32
11.2647 -12.9518 114.32
9.72915 -12.4707 114.32
9.37869 -11.5863 114.32
10.8512 -15.302 114.32
-56.2125 58.8756 -196.621
-58.4219 54.8787 -196.621
-58.4219 54.8787 -196.012
-56.2125 58.8756 -196.012
-38.0259 43.604 -196.012
-35.8165 47.6009 -196.012
32.9135 -3.86908 93.567
-7.38355 -13.086 93.567
-7.18268 -12.7226 93.567
15.8299 -4.04152 134.022
24.8365 -3.85647 100.879
4.71795 -1.18679 155.325
4.90528 -0.871371 155.325
3.08729 -3.93257 155.325
2.8001 -4.41615 155.325
2.64491 -4.67747 155.325
10.5413 -18.4864 105.86
10.5413 -18.4864 100.879
9.48129 -17.9005 100.879
9.48129 -17.9005 105.86
9.4003 -20.5506 100.879
8.34031 -19.9646 100.879
16.7132 -2.78612 120.822
16.0787 -2.93106 120.822
15.8299 -4.04152 120.822
16.9419 -3.78751 120.822
2.17622 -7.83549 114.32
2.97293 -7.72601 114.32
1.33084 13.1014 93.567
1.53759 13.4754 93.567
1.53759 13.4754 100.879
1.33084 13.1014 100.879
-1.21918 14.511 100.879
-1.21918 14.511 93.567
-1.01241 14.885 93.567
-1.01241 14.885 100.879
10.3715 -6.53944 161.823
13.1556 -4.25658 155.325
13.1823 -4.99426 155.325
13.1978 -5.42223 155.325
13.2097 -5.7512 155.325
13.2097 -5.7512 161.823
13.1556 -4.25658 161.823
4.72425 3.55088 120.822
5.15382 2.46699 114.32
6.05717 2.81819 114.32
4.72425 3.55088 114.32
0.506467 -15.6343 100.879
0.506467 -15.6343 93.567
0.272563 -16.0574 93.567
0.272563 -16.0574 100.879
6.99138 -13.1683 111.561
6.99138 -13.1683 114.32
2.19721 -7.59989 134.022
2.16079 -7.83761 134.022
-11.3558 -6.38194 100.879
-12.497 -8.44629 100.879
15.2196 5.42399 100.879
15.2196 5.42399 93.567
15.4262 5.79783 93.567
13.446 6.89248 93.567
13.2393 6.51862 93.567
13.2393 6.51862 100.879
-12.15 -10.451 77.3216
-11.9491 -10.0875 77.3216
-11.9491 -10.0875 93.567
-12.15 -10.451 93.567
59.0557 -43.4409 -196.621
54.3816 -47.2301 -196.621
59.0557 -43.4409 -221.937
54.3816 -47.2301 -221.937
47.0619 -43.1837 -221.937
49.7602 -38.3023 -221.937
14.8494 -23.5627 93.567
14.6153 -23.9861 93.567
14.6153 -23.9861 100.879
14.8494 -23.5627 100.879
17.2236 -24.8751 93.567
16.9896 -25.2985 100.879
16.9896 -25.2985 93.567
18.1877 -25.9609 93.567
19.3571 -0.0337813 105.86
19.3571 -0.0337813 100.879
20.4177 -0.620034 100.879
20.4177 -0.620034 105.86
-8.43829 8.4065 93.567
-8.03155 8.18166 93.567
-8.03155 8.18166 100.879
-8.43829 8.4065 100.879
-9.75436 6.02569 93.567
-9.75436 6.02569 100.879
17.004 -20.1945 105.86
19.0447 -20.0177 105.86
19.0447 -20.0177 109.361
17.004 -20.1945 109.361
21.8814 -1.42917 100.879
21.8814 -1.42917 105.86
8.34314 -6.13808 212.859
5.59948 12.1688 93.567
4.81719 -1.24289 161.823
4.81719 -1.24289 155.325
5.75508 -0.583016 155.325
5.75508 -0.583016 161.823
6.29495 -0.412282 155.325
7.20171 -0.125516 155.325
8.11734 0.164053 155.325
4.95052 -0.837461 155.325
5.03795 -1.36768 161.823
7.34941 -2.67431 161.823
61.8341 -41.1885 -221.937
61.8341 -41.1885 -196.621
66.8989 -32.026 -221.937
67.4144 -28.2821 -221.937
58.1349 -23.1525 -221.937
-14.3463 -9.23693 93.567
-14.3463 -9.23693 77.3216
-14.1453 -8.87334 77.3216
-14.1453 -8.87334 93.567
-16.2029 -7.73583 93.567
-16.2029 -7.73583 77.3216
-15.9046 -8.37546 77.3216
-17.8113 -6.84661 77.3216
-18.0124 -7.2103 77.3216
-17.8113 -6.84661 93.567
13.4836 -5.17507 155.325
13.4849 -5.17395 155.325
13.4827 -5.17267 155.325
13.5274 -5.19917 155.325
13.5274 -5.19917 114.32
10.7322 -10.1282 155.325
11.3317 -9.2391 155.325
11.136 -9.52934 155.325
12.9266 -6.874 155.325
13.4207 -6.14122 155.325
11.4149 -9.1157 155.325
13.4207 -6.14122 114.32
11.5456 -9.36001 155.325
11.5411 -9.36768 155.325
11.4265 -9.56392 155.325
13.4196 -6.15084 155.325
13.4196 -6.15084 114.32
13.219 -3.5844 155.325
13.6074 -4.49235 155.325
1.20374 -7.4117 120.822
0.945662 -8.0046 120.822
1.13152 -6.75663 120.822
68.6047 -28.9401 -221.937
53.3386 -20.5012 -221.937
39.4853 -6.55083 44.6192
12.6221 -2.76264 161.823
12.6221 -2.76264 155.325
12.9385 -3.64849 155.325
61.0259 -17.9227 -196.621
53.3386 -20.5012 -195.554
68.6047 -28.9401 -196.621
44.9641 -35.6509 -195.554
-7.93134 -12.3087 77.3216
-7.93134 -12.3087 93.567
1.20374 -7.4117 134.022
56.2296 -15.2714 -195.554
1.21723 -7.38069 134.022
42.2657 -40.5323 -195.554
1.52701 -6.669 134.022
1.99176 -6.56602 134.022
12.005 -19.2956 100.879
12.005 -19.2956 105.86
63.8934 -12.7354 -221.937
61.0259 -17.9227 -221.937
63.8934 -12.7354 -196.621
2.97127 -4.51292 161.823
2.97127 -4.51292 155.325
-39.116 37.4326 -196.621
-39.116 37.4326 -196.012
3.22329 -3.25223 161.823
8.4926 -6.14102 212.859
7.56334 -6.12275 212.859
8.22974 9.28781 93.567
7.04459 -5.39678 212.859
8.43643 9.66175 93.567
8.22974 9.28781 100.879
8.70896 -4.73012 212.859
8.88708 -5.37123 212.859
3.03608 -17.5851 93.567
3.27001 -17.1619 93.567
3.27001 -17.1619 100.879
3.03608 -17.5851 100.879
25.9485 -31.0388 44.6192
5.59086 -18.4448 100.879
24.084 -30.4814 77.3216
5.59086 -18.4448 93.567
5.35692 -18.868 93.567
5.35692 -18.868 100.879
-0.261266 -17.0232 77.3216
-0.261266 -17.0232 93.567
8.52044 -4.61319 197.161
7.09632 -5.23545 197.161
-1.90825 -14.8519 100.879
-4.67808 16.9114 93.567
5.202 11.4497 93.567
12.7643 -2.5217 155.325
13.1834 -3.5012 155.325
14.0879 -20.447 100.879
-14.593 -2.7275 93.567
-14.593 -2.7275 100.879
18.0726 -21.7763 100.879
12.3749 -18.6265 105.86
-2.19193 10.1955 100.879
12.6446 -18.1387 105.86
-2.19193 10.1955 105.86
17.7028 -22.4452 100.879
11.2918 -9.21656 161.823
11.2918 -9.21656 155.325
49.2534 -4.6426 -221.937
10.6958 -9.70499 155.325
18.6447 -1.32272 105.86
10.9637 -0.215041 114.32
8.63086 4.21281 109.361
8.07343 3.48743 114.32
16.5165 -26.2981 77.3216
11.082 -9.09796 161.823
16.5165 -26.2981 93.567
17.1442 -26.1714 77.3216
7.33261 -10.335 161.823
17.1442 -26.1714 93.567
49.7602 -38.3023 -196.621
19.159 -27.2853 77.3216
18.6214 -27.4616 77.3216
19.159 -27.2853 93.567
-64.2825 38.822 -221.937
26.3392 -6.82189 109.361
19.5791 -27.9911 77.3216
25.4623 -5.09146 109.361
19.7796 -27.6284 77.3216
19.7796 -27.6284 93.567
58.1349 -23.1525 -196.621
21.1689 -2.71809 105.86
-10.9856 -5.71224 100.879
-5.85331 -8.54949 105.86
18.2925 3.72534 100.879
18.2925 3.72534 93.567
10.864 -21.3597 93.567
18.4991 4.09913 93.567
10.864 -21.3597 100.879
51.4626 -0.646053 -196.621
-66.5921 40.0988 -215.144
-0.261266 -17.0232 -126.346
24.4028 9.09442 -196.621
-67.7154 38.0667 -215.144
-0.261266 -17.0232 -106.91
-65.4058 36.79 -215.144
4.56975 -26.7861 -196.621
-64.2825 38.822 -215.144
-11.1289 3.53903 93.567
8.36607 -33.8559 -196.621
-10.7222 3.31419 93.567
-10.7222 3.31419 100.879
18.9764 -39.7211 -196.621
-65.4058 36.79 -221.937
-11.1289 3.53903 100.879
-67.7154 38.0667 -221.937
7.11065 10.3946 93.567
10.8925 8.30404 93.567
40.2424 -44.1924 -196.621
12.1544 -2.14711 161.823
12.1544 -2.14711 155.325
66.1026 -8.73888 -221.937
66.1026 -8.73888 -196.621
47.0619 -43.1837 -196.621
-2.92167 17.4255 77.3216
-3.15431 17.0047 77.3216
-3.15431 17.0047 93.567
42.9914 -14.3959 -126.346
-2.62547 -4.47801 111.561
-2.62547 -4.47801 114.32
16.0552 6.93571 77.3216
16.0552 6.93571 44.6192
0.20807 -6.4593 114.32
25.4636 8.50803 -126.346
14.075 8.03032 44.6192
14.075 8.03032 77.3216
1.13152 -6.75663 134.022
-7.52518 -12.5332 44.6192
1.13152 -6.75663 114.32
9.06533 10.7995 44.6192
-5.81733 -9.44355 100.879
9.06533 10.7995 77.3216
-23.461 -3.72325 44.6192
-10.7164 -5.22527 100.879
3.50984 7.43024 105.86
29.6256 16.0371 -196.621
4.05864 8.42308 105.86
1.43501 -34.9599 -196.621
7.08846 2.24181 114.32
-5.58401 -8.06233 105.86
2.50223 -18.5509 -106.91
5.40097 10.8515 93.567
2.59314 -5.71423 127
2.50223 -18.5509 -126.346
5.60769 11.2255 93.567
2.53427 -5.39965 127
-10.5662 -4.95353 100.879
3.50984 7.43024 111.561
2.64491 -4.67747 127
3.34616 7.13413 111.561
-4.39654 -6.8732 111.561
-0.18931 0.738105 111.561
-14.1863 -2.95233 100.879
2.92793 6.3775 111.561
-6.22343 -9.21906 105.86
-6.22343 -9.21906 100.879
5.58495 1.37919 114.32
-7.19225 -11.9309 93.567
14.3975 -4.69256 134.022
-19.5429 41.6094 -196.621
-7.52518 -12.5332 93.567
14.0902 -4.76278 134.022
-33.8638 51.1334 -196.621
-7.52518 -12.5332 77.3216
5.65086 1.21287 114.32
-19.5429 41.6094 -221.937
-33.8638 51.1334 -221.937
9.0105 -10.6573 148.129
6.85805 2.41677 114.32
1.52701 -6.669 127
5.84787 0.715795 114.32
1.99176 -6.56602 127
14.2286 -4.40731 155.325
1.99176 -6.56602 120.822
13.6008 -4.55071 155.325
1.52701 -6.669 120.822
8.7784 -4.98004 212.859
4.05864 8.42308 100.879
8.41638 -5.47216 212.859
6.90807 0.629729 114.32
8.7784 -4.98004 197.161
-5.64165 -9.12573 44.6192
11.925 -2.21082 161.823
13.5189 -5.27394 155.325
-5.81733 -9.44355 105.86
7.33261 -10.335 155.325
8.87281 -5.39906 212.859
8.87281 -5.39906 197.161
3.32167 7.08983 111.561
3.96484 -8.66183 155.325
3.51791 -7.65112 155.325
11.1319 -0.828564 161.823
3.04591 -6.58373 155.325
5.40097 10.8515 100.879
8.80946 -0.0913921 161.823
3.04591 -6.58373 161.823
-53.6359 58.0818 -196.621
-7.36455 -11.2834 93.567
-55.9455 59.3586 -196.621
10.2707 -16.4723 105.86
2.58768 13.8326 77.3216
12.93 -5.82888 161.823
-55.9455 59.3586 -221.937
-53.6359 58.0818 -221.937
8.51726 10.5569 44.6192
8.52982 10.55 44.6192
-0.0744296 -6.81656 114.32
-0.158717 -6.20283 114.32
-1.16331 -7.2651 120.822
-0.261266 -17.0232 44.6192
-1.05466 -8.05618 120.822
-1.05466 -8.05618 114.32
19.1282 5.23706 77.3216
-1.16331 -7.2651 114.32
19.1282 5.23706 93.567
-0.273147 -7.06786 114.32
2.59314 -5.71423 120.822
4.90528 -0.871371 120.822
12.7945 -17.8674 109.361
12.7945 -17.8674 111.561
5.25295 -0.285939 120.822
11.3308 -17.0583 111.561
11.3308 -17.0583 105.86
-2.96531 -7.66437 114.32
5.72557 -0.25656 148.129
12.1756 -1.76751 161.823
5.72557 -0.25656 134.022
11.8949 -1.40797 161.823
5.72557 -0.25656 155.325
5.81602 -0.563745 155.325
5.81602 -0.563745 148.129
-31.1946 20.5314 -196.012
-46.1961 28.824 -196.621
-39.6538 5.22876 -196.012
-25.8924 30.123 -196.012
-27.4097 4.35763 -126.346
-27.4097 4.35763 -141.034
-26.5963 3.90802 -141.034
-26.5963 3.90802 -126.346
5.9365 -0.0984655 148.129
6.11697 0.0367981 148.129
6.15937 -0.0701945 148.129
6.29495 -0.412282 148.129
5.49478 -0.429533 148.129
-2.44211 -15.8176 -126.346
19.7052 -1.90896 105.86
-2.44211 -15.8176 -106.91
19.7052 -1.90896 109.361
-0.533225 -12.3645 105.86
7.17017 -10.6849 155.325
-0.533225 -12.3645 100.879
7.17017 -10.6849 114.32
7.14379 -10.669 155.325
6.09719 -10.0405 155.325
19.1282 5.23706 -126.346
19.1282 5.23706 -106.91
2.99391 -7.75081 127
3.7264 -8.6168 127
2.99391 -7.75081 148.129
7.77314 -20.9907 77.3216
3.7264 -8.6168 148.129
7.57249 -21.3537 77.3216
7.57249 -21.3537 93.567
7.77314 -20.9907 93.567
2.99391 -7.75081 120.822
3.7264 -8.6168 120.822
-25.6858 -7.74796 44.6192
3.7264 -8.6168 134.022
-26.6652 -9.51971 44.6192
-24.8142 -10.5429 44.6192
-23.8348 -8.77117 44.6192
4.02394 -8.79547 155.325
-25.6858 -7.74796 -106.91
12.5663 -8.17219 155.325
-26.6652 -9.51971 -106.91
11.9391 -8.68619 155.325
-24.8142 -10.5429 -106.91
3.68969 0.642306 114.32
4.91717 1.11956 114.32
6.35556 -4.4325 197.161
6.04277 -4.98584 197.161
6.45898 -6.48453 197.161
7.81306 -7.25 197.161
-48.6287 27.5155 -221.937
8.27678 -7.12121 197.161
-48.6287 27.5155 -215.144
8.6704 -10.5132 148.129
8.91476 -10.4157 155.325
-36.2478 42.6211 -196.621
8.06726 1.49855 114.32
-39.116 37.4326 -221.937
-36.2478 42.6211 -221.937
8.34031 -19.9646 93.567
-1.67434 -14.4288 93.567
10.5049 -11.0347 126.685
19.8687 -1.61321 111.561
10.4891 -10.9949 126.685
21.3324 -2.42237 111.561
9.07507 -11.4749 126.685
9.2407 -11.5357 126.685
19.8687 -1.61321 105.86
21.3324 -2.42237 105.86
4.13371 5.04093 114.32
5.7353 -0.123987 148.129
5.97799 0.307795 148.129
6.00535 0.318432 148.129
4.22141 -1.38393 114.32
4.58483 -1.11154 155.325
4.22141 -1.38393 155.325
-29.0935 -0.609376 -106.91
-29.2947 -0.973363 -106.91
-23.6621 -4.08708 -106.91
3.61393 -7.86826 127
-23.461 -3.72325 -106.91
3.16856 -7.69913 127
3.51791 -7.65112 127
-5.09957 13.4857 93.567
-5.09957 13.4857 100.879
-3.75725 15.9139 93.567
46.3858 -9.83006 -126.346
48.2197 -6.51252 -126.346
47.553 -6.14399 -126.346
5.68736 19.44 44.6192
4.6538 17.5703 44.6192
7.66516 15.9056 44.6192
8.69874 17.7754 44.6192
5.68736 19.44 -106.91
8.69874 17.7754 -106.91
7.68897 -3.38717 197.161
11.5215 9.4418 93.567
11.5215 9.4418 77.3216
21.306 3.49198 77.3216
21.306 3.49198 93.567
21.5352 3.90655 93.567
21.5352 3.90655 77.3216
7.57249 -21.3537 -126.346
7.57249 -21.3537 -106.91
7.77314 -20.9907 -106.91
11.8949 -1.40797 114.32
12.4153 -2.07465 155.325
12.1756 -1.76751 155.325
11.8949 -1.40797 155.325
12.7945 -17.8674 105.86
9.34338 5.50173 100.879
9.34338 5.50173 105.86
13.6743 -24.2532 93.567
11.9622 -15.9161 114.32
21.0812 -35.9134 44.6192
22.7453 -36.8333 44.6192
23.7247 -35.0616 44.6192
21.0812 -35.9134 -106.91
22.7453 -36.8333 -106.91
23.7247 -35.0616 -106.91
-21.61 -4.74654 77.3216
-21.8111 -5.11032 77.3216
-11.1434 -11.0075 77.3216
-10.9425 -10.644 77.3216
27.2089 0.231009 93.567
16.0552 6.93571 -106.91
14.075 8.03032 -106.91
11.5215 9.4418 -106.91
11.5215 9.4418 -126.346
19.1282 5.23706 44.6192
60.2301 -44.0901 -221.937
60.2301 -44.0901 -196.621
44.9641 -35.6509 -221.937
-6.83132 26.3602 44.6192
-7.86487 24.4905 44.6192
-6.01378 23.4672 44.6192
-4.98023 25.3369 44.6192
-4.98023 25.3369 -106.91
-6.83132 26.3602 -106.91
-7.86487 24.4905 -106.91
21.306 3.49198 -106.91
21.5352 3.90655 -106.91
-8.40417 -12.5218 44.6192
21.5352 3.90655 -126.346
-21.8111 -5.11032 44.6192
-23.6621 -4.08708 -126.346
-6.22366 -13.7272 -126.346
-1.67434 -14.4288 100.879
-6.22722 14.109 93.567
-33.1112 -5.95647 -141.034
-33.1112 -5.95647 -126.346
17.6332 -9.11422 109.361
-33.1112 -5.95647 -196.621
23.3309 -12.2639 109.361
-14.1464 -16.44 -141.034
4.82307 -19.8339 44.6192
-14.1464 -16.44 -126.346
4.82307 -19.8339 77.3216
-24.8142 -10.5429 -126.346
-26.6652 -9.51971 -126.346
-2.44211 -15.8176 44.6192
-2.44211 -15.8176 77.3216
-8.08154 19.7266 44.6192
-32.1318 -4.18471 -126.346
-13.167 -14.6682 44.6192
-31.3185 -4.63429 -126.346
8.79804 10.9472 44.6192
10.6858 7.93014 93.567
4.99527 11.0757 93.567
4.99527 11.0757 100.879
10.6858 7.93014 100.879
9.66097 -3.98099 197.161
8.30691 -3.21556 197.161
6.80819 -3.63176 197.161
9.31176 -6.83376 197.161
7.73956 11.5323 44.6192
10.0772 -5.47969 197.161
-7.84819 20.1487 44.6192
8.07264 -26.4093 77.3216
10.0961 -22.7488 77.3216
-21.61 -4.74654 44.6192
-10.1558 -16.3328 44.6192
6.60893 -25.6002 44.6192
-52.2868 60.5223 -221.937
-54.4903 61.991 -221.937
-54.4903 61.991 -196.621
-52.2868 60.5223 -196.621
-6.22366 -13.7272 44.6192
-10.9425 -10.644 93.567
-4.52368 -13.1517 44.6192
23.3309 -12.2639 100.879
23.3309 -12.2639 105.86
-3.67929 -11.6242 44.6192
27.03 -5.57215 100.879
-3.12552 -10.6224 44.6192
-2.71593 -9.8815 44.6192
2.54782 -0.359389 44.6192
3.18825 0.799132 44.6192
3.82343 1.94817 44.6192
5.24156 4.51357 44.6192
78.525 -10.994 -221.937
78.525 -10.994 -196.621
76.5723 -14.5264 -196.621
76.5723 -14.5264 -221.937
13.4731 -5.67802 155.325
3.88459 -8.80381 155.325
7.13661 -10.6817 155.325
11.5215 9.4418 44.6192
-7.36455 -11.2834 100.879
-17.2448 -5.82178 93.567
29.732 -38.3824 -126.346
30.3985 -38.7508 -126.346
32.4218 -35.0906 -126.346
9.06533 10.7995 -106.91
5.68736 19.44 -196.621
-13.2772 29.9233 -196.621
-26.9191 -14.3506 -196.621
41.5458 -2.82329 44.6192
11.6659 16.1352 -196.621
41.5458 -2.82329 -106.91
4.35294 -9.35751 114.32
4.35294 -9.35751 155.325
-16.1452 24.7351 -126.346
-12.4639 29.4737 -126.346
-13.2772 29.9233 -126.346
7.89668 23.4368 -196.621
20.6995 2.39479 100.879
-2.77086 29.3337 -196.621
20.6995 2.39479 93.567
-11.0678 33.9201 -196.621
-9.34763 5.80085 100.879
-9.34763 5.80085 93.567
40.9153 -0.0334293 44.6192
42.5795 -0.953397 44.6192
0.256334 -10.9363 105.86
-52.8769 12.539 -196.621
0.256334 -10.9363 111.561
-5.43386 -7.79071 111.561
-5.43386 -7.79071 105.86
74.3631 -18.5229 -221.937
74.3631 -18.5229 -196.621
-35.216 -9.76415 -196.621
-16.2512 -20.2477 -196.621
2.50223 -18.5509 44.6192
-4.26186 -12.6781 -126.346
7.73956 11.5323 -126.346
-6.77593 13.1164 93.567
-6.83132 26.3602 -126.346
-7.86487 24.4905 -126.346
-9.69929 21.172 44.6192
-9.69929 21.172 -106.91
42.5795 -0.953397 -106.91
-25.6858 -7.74796 -126.346
40.9153 -0.0334293 -106.91
-11.1352 -18.1045 -126.346
-9.22664 -19.1596 -126.346
10.9524 -12.1638 114.32
-8.24724 -17.3878 -126.346
8.79448 4.5088 105.86
3.10408 7.65455 105.86
3.10408 7.65455 111.561
8.79448 4.5088 111.561
-4.86001 -13.7601 -126.346
-4.67497 -13.4254 -126.346
-10.5662 -4.95353 105.86
-5.72752 3.79964 100.879
-5.72752 3.79964 105.86
8.79804 10.9472 -126.346
9.57383 14.8505 -126.346
10.6074 16.7203 -126.346
8.69874 17.7754 -126.346
34.4537 -29.8408 -126.346
5.68736 19.44 -126.346
34.4537 -29.8408 -141.034
-4.98023 25.3369 -126.346
-5.64828 12.493 100.879
-4.88489 16.5373 93.567
-11.1352 -18.1045 44.6192
11.4241 -14.3856 114.32
-9.22664 -19.1596 44.6192
-8.24724 -17.3878 44.6192
17.3315 -3.69852 120.822
17.7424 -2.95509 114.32
-11.1352 -18.1045 -106.91
-9.22664 -19.1596 -106.91
-8.24724 -17.3878 -106.91
17.998 -2.49257 114.32
18.6447 -1.32272 109.361
18.8082 -1.02695 105.86
24.0596 2.51115 77.3216
25.8937 5.82907 77.3216
10.9021 -15.3301 111.561
17.3315 -3.69852 114.32
24.4299 6.63821 44.6192
21.1243 -27.0313 93.567
11.925 -2.21082 155.325
-21.7577 12.6612 -141.034
0.375433 -34.3741 -221.937
-22.571 13.1108 -141.034
-23.6621 -4.08708 44.6192
28.5646 16.6237 -221.937
28.5646 16.6237 -196.621
26.612 13.0911 -221.937
24.4028 9.09442 -221.937
21.5352 3.90655 -221.937
4.56975 -26.7861 -221.937
2.46502 -30.5938 -221.937
-8.08154 19.7266 77.3216
13.3662 -6.62216 114.32
13.6955 -3.71458 155.325
0.375433 -34.3741 -196.621
13.3662 -6.62216 155.325
2.46502 -30.5938 -196.621
13.7934 -2.84964 114.32
4.56975 -26.7861 -141.034
4.56975 -26.7861 -126.346
30.8153 -7.66474 100.879
5.5491 -25.0143 -126.346
23.2239 0.999398 100.879
24.4299 6.63821 -106.91
9.57383 14.8505 44.6192
10.6074 16.7203 44.6192
10.2707 -16.4723 111.561
50.3348 -61.9911 -221.937
52.4244 -58.2108 -221.937
52.4244 -58.2108 -196.621
10.9021 -15.3301 114.32
50.3348 -61.9911 -196.621
11.4241 -14.3856 120.822
11.6622 -13.9549 120.822
-14.1464 -16.44 44.6192
13.1604 -11.2445 114.32
16.616 -4.99292 114.32
-14.1464 -16.44 -106.91
3.10046 7.648 111.561
17.7424 -2.95509 120.822
12.2402 -15.4132 114.32
12.2402 -15.4132 111.561
17.6332 -9.11422 111.561
16.1695 -8.30507 111.561
10.4709 -30.0482 44.6192
10.6074 16.7203 -106.91
9.57383 14.8505 -106.91
8.89528 0.0604403 155.325
10.1878 -0.111711 114.32
18.9764 -39.7211 -126.346
20.6405 -40.641 -126.346
22.7453 -36.8333 -126.346
21.0812 -35.9134 -126.346
4.82307 -19.8339 -106.91
32.5143 9.82839 -141.034
32.5143 9.82839 -126.346
24.2844 -30.1188 77.3216
37.8208 -5.63132 93.567
24.2844 -30.1188 93.567
18.6883 -1.24386 111.561
18.8082 -1.02695 111.561
18.8082 -1.02695 109.361
23.0547 -23.5393 93.567
-78.0511 13.9146 -205.726
-78.0511 13.9146 -221.937
-75.9463 17.7223 -221.937
-75.9463 17.7223 -205.726
-6.01378 23.4672 77.3216
-7.84819 20.1487 77.3216
2.81951 14.252 77.3216
4.6538 17.5703 77.3216
8.36607 -33.8559 -141.034
8.36607 -33.8559 -126.346
-6.22366 -13.7272 -106.91
24.4028 9.09442 -141.034
6.8371 -10.6538 155.325
24.4028 9.09442 -126.346
6.8371 -10.6538 114.32
5.51077 -10.1671 155.325
2.0012 -8.87935 114.32
18.2265 -2.07935 114.32
5.68736 19.44 -141.034
7.89668 23.4368 -141.034
7.89668 23.4368 -126.346
11.6234 -9.40397 155.325
2.69412 -4.35624 155.325
-1.28444 -7.29194 114.32
-1.83555 -8.28889 111.561
-1.89412 -8.39484 111.561
-2.46684 -9.43089 105.86
-2.61695 -9.70245 105.86
-3.2564 -10.8592 100.879
29.2714 3.96192 77.3216
30.305 5.83177 -106.91
5.48925 4.96163 111.561
15.828 23.6643 -221.937
6.62001 7.00718 100.879
6.07116 6.0143 105.86
-12.3628 -27.3326 -221.937
-12.3628 -27.3326 -196.621
-10.2731 -23.5523 -221.937
-8.16822 -19.7447 -221.937
8.79804 10.9472 -221.937
12.8536 -7.9387 155.325
11.6659 16.1352 -221.937
13.4738 -24.616 77.3216
11.4503 -28.2764 77.3216
13.8752 20.1319 -221.937
22.0606 -34.1417 77.3216
15.828 23.6643 -196.621
7.66516 15.9056 77.3216
13.8752 20.1319 -196.621
11.6659 16.1352 -141.034
11.6659 16.1352 -126.346
10.6323 14.2654 -126.346
8.79804 10.9472 -106.91
8.79804 10.9472 77.3216
-35.0316 49.0208 -196.621
8.79804 10.9472 93.567
-35.0316 49.0208 -221.937
-53.9028 57.5989 -196.621
6.62001 7.00718 105.86
-56.2125 58.8756 -221.937
6.07116 6.0143 111.561
-33.8638 51.1334 -196.621
-33.8638 51.1334 -221.937
5.9075 5.71825 111.561
-35.8165 47.6009 -221.937
-35.8165 47.6009 -196.621
5.48925 4.96163 114.32
5.33339 4.67969 114.32
4.90309 3.90127 114.32
4.71805 3.56653 114.32
3.59723 1.53898 114.32
1.83307 -1.65237 114.32
0.396882 -4.25044 114.32
-30.108 -0.523765 -141.034
-0.536404 -5.93875 114.32
-29.9068 -0.159755 -141.034
27.8934 -14.7861 93.567
-1.18446 -7.11108 114.32
-1.83555 -8.28889 114.32
-2.46684 -9.43089 111.561
-3.2564 -10.8592 105.86
7.73956 11.5323 -106.91
7.73956 11.5323 77.3216
22.5958 3.32025 77.3216
59.0971 -10.0841 -221.937
61.3063 -6.08755 -221.937
-7.18881 -17.9729 -126.346
20.6405 -40.641 -141.034
18.9764 -39.7211 -141.034
-8.16822 -19.7447 -126.346
-8.13223 -12.6721 77.3216
-10.1558 -16.3328 77.3216
-23.8348 -8.77117 77.3216
-13.167 -14.6682 77.3216
-6.22366 -13.7272 77.3216
8.63242 -21.9397 77.3216
29.4191 -40.5225 -126.346
23.7247 -35.0616 -126.346
-58.4219 54.8787 -221.937
-38.0259 43.604 -221.937
-38.0259 43.604 -196.621
10.4709 -30.0482 -106.91
5.62953 -27.3719 -106.91
6.60893 -25.6002 -106.91
54.5292 -54.4032 -221.937
54.5292 -54.4032 -196.621
-47.3195 26.7918 -221.937
-47.3195 26.7918 -205.726
-10.4753 6.42423 93.567
39.8816 -1.90332 77.3216
35.0685 -53.5521 -196.621
35.0685 -53.5521 -221.937
37.1582 -49.7718 -221.937
12.0215 -9.08043 155.325
12.0215 -9.08043 114.32
-62.0543 0.136361 -221.937
-62.0543 0.136361 -196.621
-59.9646 3.91662 -196.621
-59.9646 3.91662 -205.726
-59.9646 3.91662 -221.937
-2.77086 29.3337 -141.034
-4.62196 30.3569 -141.034
-39.8551 4.86449 -196.012
-2.77086 29.3337 -126.346
-35.216 -9.76415 -126.346
-28.7701 -13.3274 -126.346
-9.9329 20.7494 44.6192
-8.08154 19.7266 93.567
-21.61 -4.74654 93.567
13.6443 -3.09572 148.129
13.7593 -3.15133 148.129
-4.28212 17.6277 93.567
-9.9329 20.7494 -106.91
-26.9191 -14.3506 -126.346
8.79875 -10.837 120.822
8.42821 -10.8024 120.822
-4.62196 30.3569 -126.346
-11.0678 33.9201 -126.346
13.1073 -3.32343 148.129
27.3142 -44.3302 -126.346
13.5351 -5.13049 148.129
13.6296 -4.54414 148.129
13.7872 -4.91255 148.129
-72.9428 23.1555 -221.937
-72.9428 23.1555 -205.726
13.5351 -5.13049 148.129
42.5795 -0.953397 -126.346
13.5351 -5.13049 134.022
49.2534 -4.6426 -126.346
51.4626 -0.646053 -126.346
44.7888 3.04318 -126.346
13.8465 -5.38866 134.022
20.5568 -28.058 93.567
13.5351 -5.13049 155.325
10.2967 -22.3859 93.567
23.8308 2.09723 93.567
13.8465 -5.38866 114.32
-57.8598 7.72432 -205.726
7.54759 0.239935 148.129
-57.8598 7.72432 -221.937
7.59726 0.112197 148.129
7.13222 0.0532084 148.129
-44.9632 -4.37601 -221.937
-26.9191 -14.3506 -141.034
7.54759 0.239935 134.022
-28.7701 -13.3274 -141.034
7.59726 0.112197 134.022
5.62953 -27.3719 -126.346
6.60893 -25.6002 -126.346
51.4626 -0.646053 -221.937
53.4154 2.8864 -221.937
53.4154 2.8864 -196.621
4.90528 -0.871371 134.022
-57.8598 7.72432 -196.621
2.03242 -5.7088 127
2.15983 -6.52878 127
3.13685 -7.41077 155.325
2.89188 -3.06529 114.32
2.89188 -3.06529 155.325
5.85918 0.687238 114.32
3.16856 -7.69913 155.325
4.05748 4.54339 114.32
3.16856 -7.69913 134.022
2.86265 5.45069 114.32
4.4486 4.24639 114.32
40.9153 -0.0334293 -126.346
14.1941 -3.36163 148.129
6.93205 0.647707 148.129
7.48365 0.404384 148.129
7.03297 0.308476 148.129
39.263 -45.9642 -141.034
40.2424 -44.1924 -141.034
7.48365 0.404384 134.022
6.93205 0.647707 134.022
13.1073 -3.32343 134.022
-67.8631 32.3448 -221.937
-67.8631 32.3448 -205.726
-49.7767 22.3468 -205.726
10.6958 -9.70499 161.823
-49.7767 22.3468 -221.937
10.985 -12.246 126.685
9.06533 10.7995 93.567
-62.0543 0.136361 -205.726
-47.0529 -8.15627 -205.726
14.2311 -4.40075 155.325
-64.2825 38.822 -205.726
14.4044 -3.31357 114.32
20.1131 -27.0252 93.567
8.4496 -10.6013 155.325
-37.3057 -13.5444 -221.937
-66.5921 40.0988 -205.726
-35.216 -9.76415 -221.937
-46.1961 28.824 -205.726
-37.3057 -13.5444 -196.621
-66.5921 40.0988 -221.937
33.3153 -3.14233 93.567
8.2126 3.4562 111.561
32.707 -4.24266 93.567
8.09857 3.51923 111.561
-46.1961 28.824 -221.937
8.09857 3.51923 114.32
21.9563 -14.7506 105.86
21.9563 -14.7506 100.879
8.34314 -6.13808 197.161
-66.5921 40.0988 -196.621
8.63086 4.21281 105.86
2.1306 -6.73017 134.022
19.3631 -1.33374 111.561
29.4191 -40.5225 -221.937
3.85358 3.21236 114.32
-44.9632 -4.37601 -196.621
-11.8708 1.23646 100.879
1.12154 2.15013 114.32
-47.0529 -8.15627 -196.621
-11.8708 1.23646 93.567
8.59329 4.14486 111.561
-12.2775 1.4613 93.567
-47.0529 -8.15627 -221.937
-12.2775 1.4613 100.879
8.85474 4.47549 111.561
9.04754 -11.4648 126.685
4.42245 6.92574 111.561
8.83037 -10.9168 126.685
8.97143 -10.8532 126.685
17.5911 -5.73338 114.32
17.5911 -5.73338 111.561
3.85223 7.24097 111.561
3.50834 6.61883 111.561
24.4299 6.63821 -126.346
16.7132 -2.78612 114.32
16.9419 -3.78751 114.32
3.85223 7.24097 105.86
-15.3319 24.2855 -106.91
44.0592 -48.6155 -196.621
2.5312 -5.41973 114.32
44.0592 -48.6155 -221.937
2.39159 -5.10402 114.32
16.0552 6.93571 -126.346
8.83037 -10.9168 120.822
9.04754 -11.4648 120.822
8.97143 -10.8532 120.822
14.075 8.03032 -126.346
9.07507 -11.4749 120.822
-56.1661 13.8813 -221.937
-67.8631 32.3448 -215.144
-72.9428 23.1555 -215.144
-33.6927 16.0123 -196.012
23.1004 1.55561 93.567
-48.6941 24.3051 -196.621
22.8938 1.18188 93.567
22.8938 1.18188 100.879
23.1004 1.55561 100.879
16.0552 6.93571 93.567
-32.3181 18.499 -196.012
-47.3195 26.7918 -196.621
17.6546 -2.57102 114.32
17.8834 -3.57244 114.32
14.075 8.03032 93.567
61.8341 -41.1885 -195.554
-23.0243 35.3114 -221.937
59.0557 -43.4409 -195.554
-20.8149 39.3082 -221.937
-32.1318 -4.18471 -141.034
-2.56149 12.0826 100.879
10.2967 -22.3859 77.3216
15.6294 5.19745 100.879
15.6294 5.19745 93.567
15.836 5.57128 93.567
15.836 5.57128 100.879
-0.615892 15.6023 77.3216
-0.383615 16.0226 77.3216
-6.02279 -13.3638 93.567
11.9622 -15.9161 111.561
-0.383615 16.0226 93.567
7.50843 11.1142 93.567
-0.615892 15.6023 93.567
5.95225 0.452414 148.129
-35.216 -9.76415 -141.034
8.29168 -12.1116 114.32
6.10957 -10.5858 114.32
-2.62229 16.7107 93.567
-2.62229 16.7107 77.3216
-2.09283 16.9674 77.3216
5.89939 -14.0558 111.561
68.288 -21.9369 -221.937
68.288 -21.9369 -196.621
24.2778 -2.7539 100.879
11.5517 -9.36346 155.325
8.03707 -10.7659 155.325
25.4636 8.50803 -141.034
10.6074 16.7203 -141.034
21.5453 -2.03719 105.86
6.55536 -0.0199645 155.325
5.32056 2.04629 114.32
3.34509 -2.49215 155.325
3.27032 6.18823 114.32
3.34509 -2.49215 114.32
-2.2406 -9.55596 111.561
6.89466 0.664201 114.32
-4.04931 18.0488 77.3216
-4.28212 17.6277 77.3216
11.9391 -8.68619 161.823
21.1195 3.15454 -126.346
20.8781 2.71774 -126.346
20.5129 2.05718 -126.346
-9.22664 -19.1596 -141.034
13.2405 -5.74264 155.325
12.8625 -7.10485 161.823
13.2405 -5.74264 161.823
-11.3315 -22.9673 -196.621
2.58768 13.8326 93.567
-25.8924 30.123 -141.034
-39.6538 5.22876 -141.034
21.7602 1.80852 100.879
-16.1452 24.7351 -141.034
28.9217 -2.1502 100.879
-52.8769 12.539 -196.012
2.80806 -4.42066 155.325
2.80806 -4.42066 161.823
58.0634 -11.954 -141.034
-13.2772 29.9233 -141.034
-11.0678 33.9201 -141.034
3.20119 -7.99587 155.325
1.52701 -6.669 114.32
24.0596 2.51115 93.567
5.62953 -27.3719 -141.034
23.8308 2.09723 77.3216
-5.17792 -8.2868 105.86
27.3142 -44.3302 -141.034
2.16079 -7.83761 114.32
0.945662 -8.0046 114.32
2.50223 -18.5509 93.567
2.50223 -18.5509 77.3216
-0.0468038 -7.01771 114.32
0.104607 -8.12018 114.32
39.4853 -6.55083 -106.91
18.4922 -21.0172 100.879
18.4922 -21.0172 105.86
3.61393 -7.86826 155.325
3.17808 -7.7857 155.325
2.99391 -7.75081 155.325
2.99391 -7.75081 114.32
-4.68531 -8.20451 111.561
10.5303 -11.0988 114.32
17.004 -20.1945 100.879
4.07271 -8.471 161.823
23.2239 0.999398 93.567
63.259 -2.55508 -221.937
63.259 -2.55508 -196.621
-46.1961 28.824 -215.144
13.284 -7.34821 114.32
-23.0243 35.3114 -141.034
4.64827 -1.1474 161.823
-9.11512 37.4526 -221.937
42.9914 -14.3959 -141.034
-9.11512 37.4526 -196.621
-0.595207 0.962486 105.86
14.0453 -0.625478 114.32
10.0759 -9.95233 148.129
10.3643 -9.83727 148.129
-60.5286 2.89636 -221.937
-60.5286 2.89636 -205.726
10.767 -10.0765 148.129
-78.6152 12.8943 -205.726
-13.2772 29.9233 -196.012
-78.6152 12.8943 -221.937
3.18997 -4.63655 161.823
9.2407 -11.5357 114.32
10.7322 -10.1282 148.129
-23.0243 35.3114 -196.012
10.5049 -11.0347 114.32
8.79448 4.5088 109.361
27.6729 12.5047 -196.621
6.09719 -10.0405 161.823
3.5247 -31.1796 -196.621
10.0759 -9.95233 134.022
14.7695 24.2494 -196.621
10.3643 -9.83727 134.022
10.767 -10.0765 134.022
-41.8789 1.20344 -196.012
-13.4212 -26.7475 -196.621
3.96484 -8.66183 161.823
8.77281 -4.95995 212.859
10.2719 -10.4468 134.022
-39.8551 4.86449 -141.034
8.77281 -4.95995 197.161
7.88713 -6.12912 197.161
7.88713 -6.12912 212.859
7.7781 -5.87732 212.859
20.3563 -28.4207 77.3216
20.5568 -28.058 77.3216
7.93244 -6.13001 197.161
-6.72778 19.5294 -126.346
7.93244 -6.13001 212.859
8.09217 -5.91287 212.859
13.6743 -24.2532 77.3216
4.19488 -8.25487 161.823
7.48741 -6.00431 212.859
47.0619 -43.1837 -195.554
7.48077 -6.00721 212.859
7.48077 -6.00721 197.161
4.82307 -19.8339 93.567
8.23288 -6.13591 197.161
8.23288 -6.13591 212.859
61.0259 -17.9227 -195.554
7.77032 -6.41242 197.161
8.88708 -5.37123 197.161
-43.9945 54.995 -221.937
-43.2584 56.3266 -221.937
-43.2584 56.3266 -196.621
-43.9945 54.995 -196.621
8.14348 -4.37939 197.161
8.91476 -10.4157 148.129
8.70896 -4.73012 197.161
8.79875 -10.837 148.129
7.32022 -4.53717 197.161
7.0239 0.309684 148.129
7.27613 -10.4349 155.325
9.29471 -6.8385 197.161
10.0357 -5.55304 197.161
8.28953 -3.22039 197.161
6.81052 -10.4689 155.325
0.517885 9.58594 100.879
-33.1112 -5.95647 -221.937
-42.8584 -0.568324 -141.034
26.612 13.0911 -196.621
2.8064 -4.40554 155.325
2.1364 -5.53371 127
-41.8789 1.20344 -141.034
2.42173 -6.1343 127
2.59314 -5.71423 134.022
2.59314 -5.71423 114.32
23.3692 7.22457 -126.346
-0.595207 0.962486 111.561
2.59314 -5.71423 155.325
5.29556 -0.906321 155.325
-18.8622 42.8407 -196.621
5.41723 -0.689864 155.325
1.57447 -11.6649 111.561
-18.8622 42.8407 -221.937
27.1162 -14.3565 100.879
22.2775 -23.1097 100.879
2.89186 -5.18276 155.325
5.54635 -0.46015 155.325
2.86265 5.45069 111.561
8.42821 -10.8024 148.129
25.4636 8.50803 44.6192
30.305 5.83177 44.6192
14.1561 -4.59359 148.129
-16.2512 -20.2477 -141.034
-2.44211 -15.8176 93.567
25.4636 8.50803 -106.91
30.8153 -7.66474 93.567
5.49478 -0.429533 127
5.25295 -0.285939 127
27.1162 -14.3565 93.567
4.90528 -0.871371 127
-16.2512 -20.2477 -126.346
5.49478 -0.429533 120.822
33.4843 -4.67229 93.567
2.47466 -5.78875 114.32
2.62363 -5.87721 114.32
10.5049 -11.0347 120.822
9.2407 -11.5357 120.822
16.5618 -24.5093 100.879
41.5458 -2.82329 -126.346
9.37869 -11.5863 120.822
-18.6915 20.1289 -141.034
59.0971 -10.0841 -141.034
-17.8782 19.6793 -141.034
2.97293 -7.72601 155.325
46.3858 -9.83006 -221.937
-18.6915 20.1289 -126.346
1.71655 -6.24067 134.022
10.5336 -21.177 100.879
10.5336 -21.177 93.567
10.2996 -21.6003 93.567
20.3471 -26.6017 93.567
10.2996 -21.6003 100.879
-3.55045 16.288 93.567
27.5791 -4.57882 100.879
15.8299 -4.04152 114.32
23.7295 2.69362 77.3216
-16.1036 -3.75738 93.567
1.68644 9.73441 100.879
1.02627 -5.42459 114.32
10.8925 8.30404 100.879
17.8834 -3.57244 120.822
23.7295 2.69362 93.567
5.62953 -27.3719 44.6192
13.4827 -5.17267 148.129
1.71451 -6.23825 114.32
16.0787 -2.93106 114.32
23.5006 2.27962 93.567
13.5274 -5.19917 148.129
17.6546 -2.57102 120.822
13.4849 -5.17395 148.129
-14.6056 -3.71099 93.567
2.78124 -3.78755 114.32
15.4955 -3.0643 114.32
-14.6056 -3.71099 100.879
-15.0123 -3.48616 100.879
2.78124 -3.78755 155.325
22.2775 -23.1097 93.567
-15.0123 -3.48616 93.567
12.8536 -7.9387 114.32
8.4926 -6.14102 197.161
51.4626 -0.646053 -141.034
7.56334 -6.12275 197.161
25.9485 -31.0388 -106.91
18.916 -3.33656 114.32
44.7888 3.04318 -141.034
3.47903 0.767395 114.32
4.5 0.161153 114.32
31.7553 -34.7221 -106.91
4.73723 -9.22383 161.823
45.7191 -9.46155 -106.91
4.73723 -9.22383 155.325
19.7052 -1.90896 111.561
4.07271 -8.471 155.325
3.29505 -0.433524 114.32
0.153117 0.548811 111.561
3.63672 -1.82216 114.32
-0.13707 13.9128 100.879
2.19721 -7.59989 114.32
13.6296 -4.54414 155.325
1.20374 -7.4117 114.32
-2.96531 -7.66437 111.561
2.53427 -5.39965 120.822
13.5631 -4.8832 155.325
10.6173 -11.0069 114.32
5.51077 -10.1671 114.32
2.64491 -4.67747 120.822
4.82307 -19.8339 -126.346
10.4891 -10.9949 120.822
15.5761 -4.20332 114.32
2.16258 -7.82595 114.32
-15.314 -2.32892 93.567
43.6581 -14.7644 -126.346
13.3932 -4.92202 155.325
9.06533 10.7995 -126.346
12.8168 20.717 -196.621
4.29645 -0.306501 114.32
-1.43142 -5.31292 114.32
1.80144 -10.1833 114.32
10.4891 -10.9949 114.32
14.4766 -11.3675 114.32
-15.3826 -4.15596 93.567
15.6011 -3.04017 120.822
2.64491 -4.67747 134.022
6  887 1766 52 10 1767 889  255 0 0
4  887 2171 1939 446  255 0 0
4  894 540 546 889  255 0 0
4  894 1769 1772 401  255 0 0
4  894 889 1767 1769  255 0 0
7  887 889 546 481 452 483 2171  255 0 0
4  500 1672 1673 891  255 76 0
4  500 1194 1897 390  255 76 0
5  885 1956 450 398 922  255 76 0
4  885 1674 1675 486  255 76 0
7  885 922 891 1673 8 53 1674  255 76 0
4  500 891 2219 1194  255 76 0
4  894 401 541 540  255 0 0
7  891 922 398 1501 1129 449 2219  255 76 0
4  887 446 1765 1766  255 0 0
4  885 486 304 1956  255 76 0
4  472 446 1939 1937  255 0 0
4  878 486 1675 1666  255 76 0
4  472 1763 1765 446  255 0 0
5  878 1666 1679 1273 441  255 76 0
5  472 440 2128 1764 1763  255 0 0
4  493 401 1772 1760  255 0 0
4  493 2101 541 401  255 0 0
4  493 405 2103 2101  255 0 0
4  878 303 304 486  255 76 0
4  878 441 302 303  255 76 0
4  875 2236 2241 384  255 153 0
4  875 1469 1470 1811  255 153 0
4  499 1399 802 733  255 153 0
4  499 642 645 392  255 153 0
4  875 1811 2230 2236  255 153 0
6  499 733 2224 735 1882 642  255 153 0
4  875 384 1468 1469  255 153 0
4  465 1134 2152 1141  255 229 0
4  380 100 101 1918  255 229 0
5  380 1244 399 1249 1981  255 76 0
4  380 1918 1919 1244  255 229 0
5  399 1244 1919 488 1143  255 229 0
4  500 390 1671 1672  255 76 0
4  495 390 1897 1898  255 76 0
4  495 1898 1899 407  255 76 0
4  468 1232 1683 2073  203 255 0
4  468 2073 85 83  203 255 0
4  499 392 1398 1399  255 153 0
4  412 84 91 2037  203 255 0
4  412 2037 1739 1228  203 255 0
4  495 1669 1671 390  255 76 0
5  495 407 1271 1670 1669  255 76 0
5  493 1760 1774 2124 405  255 0 0
6  490 1141 1135 1137 1143 488  255 229 0
4  111 1581 949 110  127 255 0
4  107 108 2286 1455  127 255 0
7  490 488 111 110 109 108 107  255 229 0
9  481 1426 433 1947 1834 844 1927 434 452  255 0 0
4  481 546 540 2007  255 0 0
5  402 1901 423 451 372  255 0 0
4  466 1604 2064 1369  51 255 0
4  483 1887 1847 1890  255 0 0
4  483 452 434 1887  255 0 0
5  466 451 423 424 1604  255 0 0
4  392 1823 1397 1398  255 153 0
4  470 136 1523 2053  51 255 0
4  478 989 990 2019  0 255 25
4  478 566 563 1822  0 255 25
4  470 2053 144 143  51 255 0
4  478 1822 925 989  0 255 25
4  473 1783 15 2022  0 255 25
4  473 953 653 1810  0 255 25
4  410 1587 1777 2038  51 255 0
4  473 1810 1781 1783  0 255 25
4  410 2038 1746 1583  51 255 0
4  472 1937 1941 440  255 0 0
4  442 1815 2076 301  127 255 0
4  403 1893 1891 1585  0 255 102
4  442 1238 1816 1815  127 255 0
4  470 143 145 2057  255 0 0
4  468 83 1235 2122  255 76 0
4  402 2172 1518 1521  51 255 0
5  402 372 2127 2176 2172  51 255 0
4  466 1369 1850 451  51 255 0
5  387 1150 1134 465 448  255 76 0
4  387 2216 105 104  255 229 0
4  387 448 2067 2216  255 229 0
5  465 1141 490 2067 448  255 229 0
5  380 1981 1833 1694 378  255 76 0
4  459 1153 1424 376  255 0 0
4  376 1584 2112 2117  51 255 0
4  459 1370 1154 1153  51 255 0
4  376 2117 1370 459  51 255 0
4  451 1850 2127 372  51 255 0
4  449 1149 1148 1812  255 76 0
4  450 1983 1053 398  255 76 0
4  450 1956 304 1840  255 76 0
4  449 1129 1095 1149  255 76 0
8  442 441 1273 1679 1681 2122 1235 1238  255 76 0
8  440 403 1585 1611 2057 145 1764 2128  255 0 0
4  435 1153 458 1368  255 0 0
5  435 752 751 758 1828  255 0 0
4  433 753 1210 1947  255 0 0
4  433 1426 1427 1827  255 0 0
5  434 1991 1871 1730 1887  255 0 0
4  424 1996 876 1604  255 0 0
5  435 1368 1952 420 752  255 0 0
4  434 1927 841 1991  255 0 0
10  424 423 382 1925 848 1835 1940 1368 2002 1996  255 0 0
4  422 753 754 1826  255 0 0
4  422 1942 1210 753  255 0 0
5  422 383 1938 1226 1942  255 0 0
4  420 1952 1938 383  255 0 0
4  135 2259 1719 134  127 255 0
4  400 1596 1848 1849  51 255 0
4  412 1228 2173 2120  255 76 0
4  410 1583 1594 2289  255 0 0
7  407 135 134 2120 2173 1670 1271  255 76 0
8  400 405 2124 1774 1776 2289 1594 1596  255 0 0
4  403 1610 2025 1893  0 255 102
4  402 1521 1610 1958  255 0 0
4  400 1849 2069 1598  51 255 0
4  398 1053 1054 1501  255 76 0
4  75 76 1588 2213  0 255 178
7  395 2262 2264 394 1253 1640 948  0 255 255
4  93 99 2262 395  0 255 255
4  394 2264 76 75  0 255 255
4  392 645 644 1823  255 153 0
4  135 1225 2255 2259  127 255 0
4  387 104 1225 363  255 76 0
4  363 1248 1150 387  255 76 0
4  384 879 923 1468  255 153 0
4  382 872 846 1925  255 0 0
4  378 301 100 380  255 76 0
5  376 1424 1828 1793 374  255 0 0
4  374 1598 1584 376  255 0 0
4  367 2032 1094 1128  255 76 0
5  368 2033 1134 1150 1609  255 76 0
5  365 1052 1053 1983 1832  255 76 0
4  369 1050 1049 1500  255 76 0
4  368 1136 241 2033  255 76 0
4  365 1499 1051 1052  255 76 0
4  369 1500 1499 365  255 76 0
4  368 367 1128 1136  255 76 0
4  363 1225 1899 2096  255 76 0
4  135 407 1899 1225  255 76 0
4  107 1455 1456 106  127 255 0
4  1850 2132 2176 2127  51 255 0
4  2122 1681 1232 468  255 76 0
4  2120 134 84 412  255 76 0
4  2117 2099 2059 1370  51 255 0
4  2117 2112 2068 2099  51 255 0
4  2068 1593 1591 2062  51 255 0
4  2068 2062 2059 2099  51 255 0
4  2259 1878 1720 1719  127 255 0
4  2037 1259 1741 1739  203 255 0
4  2037 91 90 1259  203 255 0
4  2289 1776 1587 410  255 0 0
4  1596 1594 1747 1848  51 255 0
5  2038 1638 1639 1641 1746  51 255 0
4  1848 1851 1864 1849  51 255 0
4  1848 1747 1748 1851  51 255 0
4  1238 1235 1736 1816  127 255 0
4  76 77 1586 1588  0 255 178
4  2257 1168 1130 2083  0 255 255
4  99 98 1168 2257  0 255 255
4  99 93 1825 1488  0 178 255
4  76 2083 1130 77  0 255 255
6  2264 2262 99 2257 2083 76  0 255 255
4  403 440 1941 1610  255 0 0
4  405 400 1598 2103  255 0 0
5  374 1793 1782 1298 1295  255 0 0
4  100 301 2076 101  127 255 0
4  441 442 301 302  255 76 0
4  301 378 1838 302  255 76 0
4  378 1694 1696 1838  255 76 0
4  2007 1427 1426 481  255 0 0
4  2007 540 541 2009  255 0 0
6  384 2241 1883 881 1995 879  255 153 0
4  1958 1610 1941 1961  255 0 0
4  1958 1845 1901 402  255 0 0
4  1815 1715 1867 2076  127 255 0
4  2076 1867 1824 101  127 255 0
4  2073 1895 86 85  203 255 0
4  2053 1624 1817 144  51 255 0
4  2073 1683 1684 1895  203 255 0
4  106 1456 1876 105  127 255 0
4  1225 104 105 2255  127 255 0
4  105 1876 1877 2255  127 255 0
4  2255 1877 1878 2259  127 255 0
4  112 1580 1581 111  127 255 0
4  488 1919 112 111  255 229 0
4  1816 1714 1715 1815  127 255 0
4  1816 1736 1737 1714  127 255 0
5  1598 374 1295 2184 2103  255 0 0
5  1598 2069 2068 2112 1584  51 255 0
4  1849 1864 1865 2069  51 255 0
4  2069 1865 1593 2068  51 255 0
4  2067 490 107 106  255 229 0
7  1370 2059 2060 1369 1994 2001 1367  51 255 0
4  1369 2060 2132 1850  51 255 0
4  2062 1591 2220 2215  51 255 0
4  1803 1372 1371 550  51 255 0
7  2062 2215 1667 1372 1803 2060 2059  51 255 0
4  2057 1611 136 470  255 0 0
4  1585 1891 2197 1611  0 255 102
4  1891 1861 2205 2197  0 255 102
5  2053 1523 1525 1623 1624  51 255 0
4  1626 1654 1738 1515  0 102 255
4  1515 1738 726 724  0 25 255
4  92 94 1831 1896  0 178 255
4  1896 1831 1830 1895  0 178 255
4  92 1471 1472 94  0 255 255
4  1515 724 1814 1626  51 255 0
4  92 1896 1686 1471  203 255 0
5  1705 1482 1695 1647 975  255 153 0
6  1705 2294 1972 1973 1708 1706  255 153 0
5  1705 975 142 1700 2294  255 153 0
4  1080 619 1280 1180  50 0 255
12  1139 1557 1047 1099 1100 1105 212 210 206 202 204 213  50 0 255
4  1139 1296 1299 1138  50 0 255
12  1080 1180 1011 1016 2227 1179 1859 1252 2028 2023 941 2058  50 0 255
4  1139 213 1293 1296  50 0 255
5  1827 756 754 753 433  255 0 0
5  1827 1427 2007 2009 1792  255 0 0
4  1828 1424 1153 435  255 0 0
7  1828 758 751 983 984 864 986  255 0 0
4  2038 1777 1778 1638  51 255 0
4  1521 1518 2025 1610  0 255 102
4  1518 1519 1852 2025  0 255 102
4  1893 1853 1861 1891  0 255 102
4  2025 1852 1853 1893  0 255 102
6  2019 990 1296 1293 830 892  0 255 25
4  2019 565 566 478  0 255 25
4  2022 954 953 473  0 255 25
4  2022 15 636 1242  0 255 25
6  2022 1242 284 1280 619 954  0 255 25
4  2019 892 890 565  0 255 25
4  1826 754 759 1787  255 0 0
4  983 751 752 420  255 0 0
5  1826 983 420 383 422  255 0 0
4  1801 547 1532 2010  51 255 0
5  2009 541 2101 2187 1301  255 0 0
4  1638 1710 1463 1639  127 0 255
4  1637 1711 1710 1638  127 0 255
4  1643 1506 1507 1616  127 0 255
4  1643 1641 1462 1506  127 0 255
5  1832 1983 450 1840 1693  255 76 0
5  1833 1981 1249 1050 369  255 76 0
4  1833 369 365 1832  255 76 0
4  1976 1688 82 73  0 255 178
4  1614 1809 1711 1637  127 0 255
4  73 82 1510 1512  0 255 255
4  1614 1636 1780 1809  0 25 255
4  1637 1779 1636 1614  51 255 0
4  1976 73 1512 2180  203 255 0
4  138 1619 1980 140  0 25 255
7  140 1980 1445 549 1374 141 139  0 25 255
4  1449 1268 1668 1447  0 25 255
4  1619 138 1617 1508  127 0 255
4  1619 1618 1854 1860  0 25 255
4  1449 1860 1854 1268  0 25 255
5  1619 1860 1449 1445 1980  0 25 255
4  1259 2199 1688 1976  0 255 178
4  1913 1622 1758 90  0 255 178
4  1259 90 1758 2199  0 255 178
4  101 1824 1580 112  127 255 0
4  1840 304 303 1839  255 76 0
5  1890 1847 2108 1843 1965  255 0 0
4  1890 1939 2171 483  255 0 0
4  1965 1843 1930 1931  255 0 0
4  1965 1937 1939 1890  255 0 0
4  1961 1844 1845 1958  255 0 0
5  1961 1941 1937 1965 1931  255 0 0
4  1961 1931 1930 1844  255 0 0
4  1940 1835 849 2097  255 0 0
5  1368 1940 1933 1938 1952  255 0 0
4  1942 1241 1239 1210  255 0 0
5  1947 1210 1239 1419 1834  255 0 0
4  1942 1226 1229 1241  255 0 0
4  1940 2097 1233 1933  255 0 0
4  1938 1933 1233 1226  255 0 0
4  1871 1991 841 1923  255 0 0
4  1872 1924 846 872  255 0 0
4  1871 1923 1992 1993  255 0 0
4  1872 1993 1992 1924  255 0 0
4  1927 844 840 841  255 0 0
4  1925 846 847 848  255 0 0
4  1924 1992 842 846  255 0 0
4  1923 841 842 1992  255 0 0
4  1719 91 84 134  127 255 0
4  1919 1918 101 112  255 229 0
4  1895 1830 1829 86  0 178 255
4  1717 1486 1487 1716  0 178 255
4  1717 86 1829 1486  0 178 255
4  1717 1714 1737 86  127 255 0
4  1874 1620 1622 1913  0 255 178
5  1878 1874 1913 90 1720  127 255 0
6  1912 1438 231 353 1795 1796  0 255 25
5  1912 1797 1798 1957 1909  0 255 25
6  1911 2043 230 1438 1912 1909  0 255 25
5  1911 1909 1957 1960 484  0 255 25
4  1907 1306 416 189  204 0 255
4  1906 2250 325 329  204 0 255
4  1905 719 2270 2044  204 0 255
4  1905 2246 2239 2233  204 0 255
6  1906 2042 335 337 794 2250  204 0 255
13  1907 197 1442 336 2044 2270 2290 2261 1414 2041 1292 1300 1306  204 0 255
4  1905 320 321 2246  204 0 255
4  1906 329 327 2042  204 0 255
4  1907 189 188 197  204 0 255
4  1905 2044 324 320  204 0 255
4  2293 2118 2210 2282  204 0 255
5  2292 1744 2279 1742 2027  204 0 255
7  2292 554 555 2078 854 2077 1744  204 0 255
5  2292 2027 2026 1034 554  204 0 255
4  1801 2010 2176 2132  51 255 0
5  1972 2258 839 834 1973  255 153 0
4  1972 2294 1700 1701  255 153 0
3  1912 1796 1797  0 255 25
5  1972 1701 1661 2004 2258  255 153 0
7  1274 1425 381 370 1315 2046 748  204 0 255
8  1274 1304 352 351 1795 1794 1948 1199  204 0 255
4  1274 748 747 1304  204 0 255
4  83 85 1736 1235  127 255 0
4  2216 2067 106 105  255 229 0
13  1105 1856 1855 1859 1179 1645 1517 1615 1836 2285 2231 1578 212  50 0 255
4  1105 1100 1101 1103  50 0 255
4  1624 1653 1654 1626  0 102 255
4  1527 1412 1702 1525  0 102 255
4  1624 1623 1652 1653  0 102 255
4  1638 1778 1779 1637  51 255 0
4  1259 1976 2180 1741  203 255 0
4  2197 1523 136 1611  0 255 102
4  399 1143 2146 1249  255 229 0
4  2187 2101 2103 2184  255 0 0
4  2187 1790 1302 1301  255 0 0
4  2184 1789 1790 2187  255 0 0
5  2009 1301 1302 1784 1792  255 0 0
4  2184 1295 1298 1789  255 0 0
4  2010 1532 1519 1518  51 255 0
4  2010 1518 2172 2176  51 255 0
11  2293 945 2278 1700 142 974 978 632 1625 2091 2118  204 0 255
6  2293 2282 1432 588 587 945  204 0 255
6  2283 964 2229 1978 1661 1701  204 0 255
9  2283 1701 1700 2278 1842 2253 2098 313 962  204 0 255
6  2278 945 773 721 946 1842  204 0 255
5  2283 962 237 236 964  204 0 255
4  1887 1730 1729 1847  255 0 0
4  382 423 1901 1885  255 0 0
5  382 1885 1731 1872 872  255 0 0
4  1812 1194 2219 449  255 76 0
4  1812 1148 1247 1813  255 76 0
4  1626 1814 1817 1624  51 255 0
4  1896 1895 1684 1686  203 255 0
4  1847 1729 2113 2108  255 0 0
4  1885 1901 1845 1846  255 0 0
4  1525 1702 1652 1623  0 102 255
4  1820 1406 1513 1490  50 0 255
4  1821 1533 1406 1820  50 0 255
4  1412 1405 1699 1702  0 102 255
4  1412 1527 1528 1410  0 102 255
4  1702 1699 1646 1652  0 102 255
4  1885 1846 1728 1731  255 0 0
13  1883 1493 690 693 697 700 1943 988 772 767 764 769 881  255 153 0
4  1883 2241 2236 2072  255 153 0
4  1882 1481 2143 2012  255 153 0
12  1882 735 1056 1061 1062 1935 1215 1209 1205 778 677 1481  255 153 0
5  703 1943 700 699 702  255 153 0
8  703 1722 1723 1880 1663 1727 1804 2207  255 153 0
5  1880 1215 1935 2225 1663  255 153 0
4  1880 1723 1721 2138  255 153 0
5  703 2207 1945 988 1943  255 153 0
4  1878 1877 1876 1874  127 255 0
5  1872 1731 1730 1871 1993  255 0 0
4  1716 1487 1488 1825  0 178 255
4  1716 1824 1867 1715  127 255 0
4  1616 1507 1508 1617  127 0 255
5  1865 1864 1616 1592 1593  51 255 0
4  1527 1525 2205 1861  0 255 102
4  1080 2058 1336 743  50 0 255
4  1859 1855 1676 2048  50 0 255
4  1856 1105 1103 1489  50 0 255
4  1856 1489 1676 1855  50 0 255
4  1489 1549 1531 1676  50 0 255
4  1531 1549 1268 1854  0 25 255
4  1519 1528 1853 1852  0 255 102
4  1851 1748 1641 1643  51 255 0
4  1773 131 130 1771  255 153 0
4  1771 130 129 1547  255 153 0
4  1829 1709 1483 1486  0 178 255
4  1486 1483 1484 1487  0 178 255
4  1746 1747 1594 1583  51 255 0
5  1846 1845 1844 1930 2109  255 0 0
4  1843 2108 2109 1930  255 0 0
5  1841 266 1768 2253 1842  204 0 255
7  1841 1749 2035 1118 1411 1409 266  204 0 255
5  1842 946 1120 1749 1841  204 0 255
4  1839 303 302 1838  255 76 0
4  1839 1692 1693 1840  255 76 0
4  1838 1696 1692 1839  255 76 0
4  1757 115 114 1837  255 153 0
4  1837 114 78 707  255 153 0
9  1837 707 701 698 695 691 688 704 1757  255 153 0
6  1707 1355 1357 2020 1706 1708  255 153 0
5  1707 1433 342 343 1520  255 153 0
4  1707 1520 1354 1355  255 153 0
6  1836 1615 796 897 1067 1071  50 0 255
7  1836 1071 1234 1964 656 1184 2285  50 0 255
4  1835 848 845 849  255 0 0
4  1834 849 845 844  255 0 0
4  1239 1231 1421 1419  255 0 0
4  1834 1419 1421 849  255 0 0
4  1694 1833 1832 1693  255 76 0
4  1822 1556 926 925  0 255 25
4  1821 1819 1550 1533  50 0 255
4  1821 1491 1818 1819  50 0 255
4  1831 1551 2237 1830  0 178 255
4  1830 2237 1709 1829  0 178 255
4  1792 755 756 1827  255 0 0
4  1793 757 2158 1782  255 0 0
4  1787 759 1339 1338  255 0 0
7  982 1785 757 1793 987 865 985  255 0 0
4  982 983 1826 1787  255 0 0
5  1825 1579 1580 1824 1716  127 255 0
4  1823 95 128 1397  255 153 0
4  1822 563 908 1556  0 255 25
8  1491 1821 1820 1490 1104 1102 1097 1045  50 0 255
4  1819 1818 930 1550  50 0 255
4  1691 1660 2020 1357  255 153 0
4  1605 552 553 2186  204 0 255
4  1606 931 1286 151  50 0 255
4  1691 2031 1033 1660  204 0 255
4  1605 556 551 552  204 0 255
4  1738 1556 908 726  0 25 255
4  94 95 1551 1831  0 178 255
4  94 1472 128 95  0 255 255
4  1813 1897 1194 1812  255 76 0
5  1813 1247 1572 1569 2095  255 76 0
4  1810 1544 1535 1781  0 255 25
5  1811 81 80 1658 2230  255 153 0
4  1811 1470 117 81  255 153 0
4  1809 1544 1689 1711  127 0 255
4  82 81 117 1510  0 255 255
4  1809 1780 1535 1544  0 25 255
4  1556 1738 1654 1649  0 102 255
5  95 1823 644 1548 96  255 153 0
5  1608 1148 1149 2032 367  255 76 0
4  1609 1150 1248 1571  255 76 0
4  368 1609 1608 367  255 76 0
4  1804 1727 2251 2203  255 153 0
7  1804 2203 2200 516 514 1945 2207  255 153 0
4  1803 550 547 1801  51 255 0
4  1514 1447 1408 1621  0 102 255
4  1621 1408 1410 1528  0 102 255
4  548 1446 1447 1514  0 25 255
4  548 1514 1621 1534  51 255 0
4  1789 2157 2156 1790  255 0 0
5  1790 2156 2155 1784 1302  255 0 0
5  1789 1298 1782 2158 2157  255 0 0
4  1792 1784 2155 755  255 0 0
4  982 1334 1332 1785  255 0 0
4  982 1787 1338 1334  255 0 0
5  759 755 2155 1552 1339  255 0 0
5  1785 1332 1555 2158 757  255 0 0
4  1555 1332 1334 1554  255 0 0
4  1555 1552 2155 2158  255 0 0
4  1641 1639 1463 1462  127 0 255
4  1732 1504 1459 1735  255 0 229
4  1735 1459 1460 1775  255 0 229
4  1506 1505 1502 1507  127 0 255
4  1462 1458 1505 1506  127 0 255
4  1170 97 131 1773  255 153 0
10  1170 1773 1771 1770 675 777 1200 1208 1212 2137  255 153 0
6  1768 266 1409 267 1121 1680  204 0 255
5  1740 1575 1385 1387 1742  204 0 255
7  1740 1743 570 1389 2169 1388 1575  204 0 255
7  1590 1574 268 1407 2265 1389 570  204 0 255
8  1444 335 328 333 319 323 336 1442  204 0 255
5  1444 1443 793 337 335  204 0 255
7  1477 533 431 437 427 536 1474  204 0 255
4  1477 1363 1327 533  204 0 255
5  1477 828 1476 1361 1363  204 0 255
4  1473 56 57 127  204 0 255
4  127 57 58 1395  204 0 255
4  127 128 1472 1473  0 255 255
4  1544 1810 653 654  0 255 25
4  81 82 1688 1662  0 255 178
4  1509 33 5 34  204 0 255
4  118 32 33 1509  204 0 255
4  1510 117 118 1509  0 255 255
10  1399 59 60 67 68 893 1031 1164 1172 802  204 0 255
4  1468 30 31 1467  204 0 255
13  1468 923 1223 417 2015 1041 1042 487 1243 22 23 29 30  204 0 255
4  2 19 1 7  204 0 255
4  20 18 19 2  204 0 255
4  1496 1495 1260 1576  255 0 152
4  1576 1260 1261 1466  255 0 152
4  1496 1576 20 2  255 0 152
4  1758 2195 2194 2199  0 255 178
4  1622 1601 2195 1758  0 255 178
4  1757 1659 116 115  255 153 0
4  1591 140 139 2220  51 255 0
4  549 550 1371 1374  51 255 0
5  1532 1534 1621 1528 1519  51 255 0
12  1750 997 2297 1284 2280 966 795 322 316 330 326 794  204 0 255
6  1750 794 337 995 2174 996  204 0 255
4  1749 1120 1119 2035  204 0 255
3  1750 996 997  204 0 255
4  1641 1748 1747 1746  51 255 0
4  1742 1387 338 340  204 0 255
7  1744 2077 2284 1008 1589 571 2279  204 0 255
4  1743 1740 1742 2279  204 0 255
4  85 86 1737 1736  127 255 0
4  2213 1588 1620 1874  0 255 178
5  1874 1876 1456 1457 2213  127 255 0
3  2253 1677 2098  204 0 255
4  1768 1680 1677 2253  204 0 255
5  130 1709 2237 1551 129  0 178 255
4  1478 239 710 1189  255 153 0
4  2213 1457 394 75  127 255 0
4  1476 1475 1246 1664  204 0 255
4  1476 1664 1318 1361  204 0 255
5  1712 377 530 531 534  204 0 255
5  1712 534 535 826 1087  204 0 255
4  1733 1546 1504 1732  255 0 229
9  1735 1734 939 2018 2030 1250 2047 1733 1732  255 0 229
4  1734 1735 1775 742  255 0 229
4  742 1775 1460 655  255 0 229
4  2205 1525 1523 2197  0 255 102
4  2199 2194 1662 1688  0 255 178
5  2195 115 116 1662 2194  0 255 178
4  1757 704 1658 1659  255 153 0
8  2188 1559 471 262 259 474 1562 1685  255 153 0
5  2189 2084 1950 1559 2188  255 153 0
4  2181 661 1289 1287  50 0 255
4  2181 931 932 2104  50 0 255
5  2181 2104 615 660 661  50 0 255
4  2181 1287 1286 931  50 0 255
4  68 67 1175 2198  255 0 76
4  68 565 890 893  204 0 255
4  22 16 17 21  204 0 255
6  22 1243 1160 636 15 16  204 0 255
4  2284 2272 602 252  204 0 255
5  2284 2077 854 853 2272  204 0 255
4  1743 2279 571 570  204 0 255
4  1590 570 571 1589  204 0 255
4  2284 252 253 1008  204 0 255
4  1603 476 1755 1754  204 0 255
4  1335 475 476 1603  204 0 255
6  1603 1605 2186 2031 1691 1335  204 0 255
4  1731 1728 1729 1730  255 0 0
7  1727 1663 2225 683 819 821 2251  255 153 0
5  1725 1724 508 510 1967  204 0 255
4  1630 511 1791 1788  204 0 255
4  1627 1953 1198 2119  204 0 255
4  1627 1480 1063 1657  204 0 255
4  1657 1196 1953 1627  204 0 255
4  1630 1967 510 511  204 0 255
4  1657 1726 1656 1196  255 153 0
5  1725 1967 1630 2119 1726  204 0 255
4  1711 1689 1690 1710  127 0 255
6  1689 1544 654 652 655 1460  127 0 255
4  1488 1485 98 99  0 178 255
5  1431 2266 509 1724 1955  255 153 0
5  1629 1703 665 666 1628  50 0 255
3  1725 1955 1724  255 153 0
5  1629 1283 1285 664 1703  50 0 255
4  2158 2155 2156 2157  255 0 0
4  1649 1654 1653 1648  0 102 255
5  1556 1649 1550 930 926  0 102 255
4  32 118 1467 31  204 0 255
4  1498 1257 1494 1391  255 0 152
4  1391 1494 1985 1390  255 0 152
4  33 32 1498 1391  255 0 152
4  1864 1851 1643 1616  51 255 0
4  1528 1527 1861 1853  0 255 102
4  1803 1801 2132 2060  51 255 0
4  1722 703 702 706  255 153 0
4  1723 1722 706 1721  255 153 0
4  1721 132 97 1170  255 153 0
4  706 133 132 1721  255 153 0
4  1130 1168 132 133  0 255 255
4  1720 90 91 1719  127 255 0
4  1382 1230 1227 1380  255 0 76
4  70 909 564 69  204 0 255
4  1529 1345 1230 1382  255 0 76
4  71 725 909 70  204 0 255
4  70 1529 1382 71  255 0 76
4  1718 1276 1612 1524  255 0 76
4  56 1473 55 40  204 0 255
4  1524 1612 2080 1526  255 0 76
4  1524 57 56 1718  255 0 76
4  1717 1716 1715 1714  127 255 0
4  1713 536 427 426  204 0 255
5  1713 1425 1274 1199 1197  204 0 255
6  1713 532 379 373 381 1425  204 0 255
6  1712 1087 829 375 379 377  204 0 255
4  1713 426 425 532  204 0 255
4  1846 2109 2111 1728  255 0 0
4  1728 2111 2113 1729  255 0 0
4  2113 2111 2109 2108  255 0 0
7  2104 932 1607 714 498 1633 1635  50 0 255
4  2104 1635 614 615  50 0 255
7  1538 411 396 2232 408 2271 1013  50 0 255
4  1607 1275 592 714  50 0 255
4  1607 932 931 1606  50 0 255
4  93 395 1579 1825  127 255 0
4  1770 1771 1547 1548  255 153 0
5  2285 1184 2252 2295 2231  50 0 255
4  707 78 133 706  255 153 0
4  2095 1569 1570 2096  255 76 0
4  2095 1898 1897 1813  255 76 0
5  2096 1570 1571 1248 363  255 76 0
4  2096 1899 1898 2095  255 76 0
5  2097 849 1421 1231 1233  255 0 0
5  1592 1616 1617 138 140  51 255 0
4  1458 1462 1463 1461  127 0 255
4  1458 1459 1504 1505  127 0 255
4  1601 1622 1620 1602  0 255 178
4  1601 114 115 2195  0 255 178
3  2085 1073 1074  255 153 0
4  2084 2092 1073 2085  255 153 0
4  2084 2189 822 823  255 153 0
4  1560 1559 1950 1949  255 153 0
5  2085 1074 1949 1950 2084  255 153 0
4  1710 1690 1461 1463  127 0 255
4  131 1483 1709 130  0 178 255
4  1405 1412 1410 1404  0 102 255
4  1533 1699 1405 1406  0 102 255
4  1539 2234 492 491  204 0 255
5  1539 1479 1761 638 1161  204 0 255
10  1595 1064 1479 1539 491 1044 1039 2013 419 1220  204 0 255
4  1595 924 880 2061  255 153 0
7  1708 1973 834 2266 1431 1433 1707  255 153 0
4  1706 2020 1482 1705  255 153 0
3  1703 664 665  50 0 255
4  1652 1646 1648 1653  0 102 255
4  1550 1646 1699 1533  0 102 255
4  1696 1694 1693 1692  255 76 0
4  1485 1488 1487 1484  0 178 255
4  98 1485 131 97  0 178 255
4  1690 1689 1460 1461  127 0 255
4  1478 1354 238 239  255 153 0
5  1560 1949 1074 1075 1522  255 153 0
4  1437 2039 502 461  255 153 0
4  1437 461 464 1217  255 153 0
6  1560 1522 1211 260 263 469  255 153 0
5  1687 1077 1065 2061 1998  255 153 0
8  1687 771 762 2063 2228 2034 938 1077  255 153 0
5  1685 1562 518 386 517  255 153 0
7  1682 800 1474 536 1713 1197 2105  204 0 255
4  1682 1934 717 716  204 0 255
4  1677 314 313 2098  204 0 255
6  1682 716 732 799 801 800  204 0 255
5  1677 1122 1117 736 314  204 0 255
4  1680 1121 1122 1677  204 0 255
4  1678 715 172 171  204 0 255
4  1676 1531 1546 1733  255 0 229
4  741 1542 1415 740  204 0 255
5  455 1417 155 1418 594  204 0 255
5  857 1543 2167 1545 345  204 0 255
4  453 1416 1417 455  204 0 255
6  883 1541 2168 1464 1542 741  204 0 255
5  594 1418 153 1420 855  204 0 255
5  345 1545 537 1540 344  204 0 255
4  344 1540 1541 883  204 0 255
4  453 740 1415 1416  204 0 255
5  857 855 1420 2166 1543  204 0 255
4  1408 1402 1404 1410  0 102 255
4  1447 1668 1402 1408  0 102 255
4  1513 1406 1402 1668  0 102 255
4  1667 2215 2217 1665  51 255 0
4  1665 1373 1372 1667  51 255 0
4  1665 2217 139 141  51 255 0
4  141 1374 1373 1665  51 255 0
6  1475 1181 527 1182 1132 1246  204 0 255
4  1664 1246 1245 1318  204 0 255
4  1222 735 2224 2223  255 153 0
7  1224 1146 621 1183 1191 2212 1058  255 153 0
4  1222 1055 1056 735  255 153 0
4  1224 1058 1055 1222  255 153 0
4  81 1662 116 80  0 255 178
4  1659 1658 80 116  255 153 0
4  394 1455 2286 1253  127 255 0
4  1581 395 948 949  127 255 0
4  1649 1648 1646 1550  0 102 255
4  1645 1179 2227 1454  50 0 255
4  1537 1180 1280 1277  50 0 255
6  1645 1454 955 1452 798 1517  50 0 255
4  1537 1010 1011 1180  50 0 255
4  1538 1013 1010 1537  50 0 255
4  1628 666 731 393  50 0 255
4  1628 393 391 404  50 0 255
7  1599 1634 1282 1288 658 1959 1237  50 0 255
4  1599 1072 1070 1069  50 0 255
8  1644 409 1188 613 1634 1599 1069 895  50 0 255
4  1644 797 445 447  50 0 255
4  1644 895 898 797  50 0 255
7  409 1644 447 1453 2011 408 406  50 0 255
4  409 729 728 1188  50 0 255
4  1634 613 614 1635  50 0 255
4  1642 2102 108 109  127 255 0
4  1642 947 948 1640  127 255 0
4  109 110 947 1642  127 255 0
4  1640 1253 2102 1642  127 255 0
4  1288 1185 659 658  50 0 255
8  1288 1282 1269 1218 1037 612 951 2248  50 0 255
4  1282 497 496 1269  50 0 255
4  1633 498 497 1282  50 0 255
4  1635 1633 1282 1634  50 0 255
5  1628 404 413 1272 1270  50 0 255
4  1627 1762 1786 1480  204 0 255
5  1630 1788 1762 1627 2119  204 0 255
4  1629 1628 1270 1283  50 0 255
7  850 2026 2027 1742 340 312 309  204 0 255
4  1625 632 227 228  204 0 255
4  1625 228 624 2091  204 0 255
10  850 2115 980 979 977 973 976 981 1034 2026  204 0 255
4  850 1990 2211 2115  204 0 255
4  1549 1489 1490 1513  50 0 255
4  1588 1586 1602 1620  0 255 178
4  1508 1503 1618 1619  127 0 255
4  1503 1508 1507 1502  127 0 255
4  1504 1546 1618 1503  127 0 255
4  1003 1000 999 1002  255 153 0
4  1003 803 802 1428  255 153 0
7  1516 1386 1000 1003 1169 1166 1029  204 0 255
4  1516 1178 893 1429  204 0 255
4  1516 1029 1032 1178  204 0 255
5  1615 1517 798 444 796  50 0 255
4  1276 1718 2281 1279  255 0 76
4  63 64 65 62  204 0 255
4  62 65 66 61  204 0 255
4  62 1612 1276 63  255 0 76
4  549 1445 1446 548  0 25 255
4  64 63 41 44  204 0 255
4  1345 1529 1530 1174  255 0 76
4  1345 65 64 1230  255 0 76
4  1572 1247 1148 1608  255 76 0
4  1609 1571 1572 1608  255 76 0
4  1607 148 2075 1275  50 0 255
4  1607 1606 151 148  50 0 255
6  1605 1603 1754 1807 2045 556  204 0 255
4  1602 1586 114 1601  0 255 178
4  1600 1071 1072 1599  50 0 255
4  1600 1236 1234 1071  50 0 255
4  1600 1599 1237 1236  50 0 255
4  1536 1243 2234 1539  204 0 255
4  1597 923 924 1595  255 153 0
4  1597 1221 1223 923  204 0 255
4  1597 1595 1220 1221  204 0 255
4  1593 1592 140 1591  51 255 0
5  1589 1008 1009 2089 270  204 0 255
9  1590 1589 270 1401 1393 1403 1396 269 1574  204 0 255
6  1522 1075 1076 238 1354 1520  255 153 0
4  1586 77 78 114  0 255 178
4  1265 1535 1780 1582  255 0 152
4  18 20 21 17  204 0 255
4  1582 1780 1636 2288  255 0 152
4  19 18 1265 1582  255 0 152
4  1538 1329 1313 411  50 0 255
4  395 1581 1580 1579  127 255 0
4  1577 1291 1266 146  50 0 255
6  1578 2231 2295 950 609 211  50 0 255
4  1333 213 204 203  50 0 255
7  1577 205 200 1038 1037 678 1291  50 0 255
4  1578 211 210 212  50 0 255
4  1577 1333 203 205  50 0 255
4  1395 58 59 1399  204 0 255
4  1395 1397 128 127  255 153 0
4  117 1470 1467 118  255 153 0
4  1466 1261 2005 1465  255 0 152
4  1576 1466 21 20  255 0 152
3  1575 1388 1385  204 0 255
3  1574 269 268  204 0 255
4  1064 1595 2061 1065  255 153 0
4  1480 1479 1064 1063  204 0 255
6  1573 1319 737 736 1117 1115  204 0 255
4  1573 1115 1114 2054  204 0 255
6  1573 2054 1022 1021 1106 1319  204 0 255
4  1572 1571 1570 1569  255 76 0
4  1384 476 475 1001  204 0 255
4  1386 1516 886 1756  204 0 255
4  1001 1000 1386 1384  204 0 255
4  1562 467 992 518  255 153 0
4  1562 474 258 467  255 153 0
4  1560 469 471 1559  255 153 0
4  1557 1139 1138 1492  50 0 255
4  1557 1492 1046 1047  50 0 255
4  1553 1338 1339 1552  255 0 0
4  1554 1334 1338 1553  255 0 0
4  1555 1554 1553 1552  255 0 0
4  1551 95 96 129  0 178 255
4  96 1548 1547 129  255 153 0
5  1545 2167 2161 538 537  204 0 255
7  1543 2166 2154 1316 2133 2161 2167  204 0 255
7  1420 154 2254 150 1323 2154 2166  204 0 255
6  1415 1542 1464 2163 1177 156  204 0 255
5  1541 1540 537 538 2168  204 0 255
4  1536 1158 1160 1243  204 0 255
4  1539 1161 1158 1536  204 0 255
4  1538 1537 1277 1329  50 0 255
4  547 548 1534 1532  51 255 0
4  69 564 565 68  204 0 255
4  69 1530 1529 70  255 0 76
4  1526 2080 2079 2149  255 0 76
4  1526 58 57 1524  255 0 76
6  1522 1520 343 539 1213 1211  255 153 0
4  34 5 1390 1512  255 0 152
9  1512 1390 1985 1989 1497 2288 1636 1779 2180  255 0 152
4  1512 1510 1509 34  0 255 255
4  1505 1504 1503 1502  127 0 255
3  1499 1091 1051  255 76 0
4  1500 1092 1091 1499  255 76 0
4  1501 1054 1095 1129  255 76 0
3  1500 1049 1092  255 76 0
5  1001 475 1335 1358 998  255 153 0
4  1348 1256 1257 1498  255 0 152
4  32 31 1348 1498  255 0 152
4  7 1 2288 1497  255 0 152
4  1497 1989 1495 1496  255 0 152
4  1497 1496 2 7  255 0 152
4  25 27 28 24  204 0 255
4  26 4 27 25  204 0 255
4  26 25 1260 1495  255 0 152
4  4 26 3 9  204 0 255
4  1494 1257 27 4  255 0 152
4  1493 1883 2074 705  255 153 0
4  1493 705 687 690  255 153 0
4  1492 1491 1045 1046  50 0 255
4  1490 1489 1103 1104  50 0 255
4  1485 1484 1483 131  0 178 255
3  1443 791 793  204 0 255
4  1481 677 674 2143  255 153 0
4  413 404 391 397  50 0 255
4  413 411 1313 1272  50 0 255
4  1480 1786 1761 1479  204 0 255
6  1478 1189 1187 1147 998 1358  255 153 0
4  1474 800 801 827  204 0 255
4  1477 1474 827 828  204 0 255
6  1476 828 827 801 1181 1475  204 0 255
4  1471 2281 40 55  255 0 76
4  1473 1472 1471 55  0 255 255
4  1470 1469 1468 1467  255 153 0
4  1465 2005 23 22  255 0 152
4  1466 1465 22 21  255 0 152
5  1464 2168 538 2159 2163  204 0 255
4  156 1159 2147 2148  204 0 255
4  156 1177 667 1159  204 0 255
4  1461 1460 1459 1458  127 0 255
4  1457 1456 1455 394  127 255 0
3  1454 958 955  50 0 255
5  1453 956 957 1014 2011  50 0 255
4  1453 1452 955 956  50 0 255
4  1449 1447 1446 1445  0 25 255
7  1442 197 195 196 194 198 792  204 0 255
5  1444 1442 792 791 1443  204 0 255
3  1438 230 231  0 255 25
4  1437 1217 1381 1436  255 153 0
4  1436 1381 1383 341  255 153 0
5  1436 1066 1078 2039 1437  255 153 0
4  342 1433 1431 341  255 153 0
4  1428 802 1172 1171  204 0 255
4  1429 893 890 884  204 0 255
4  1003 1428 1171 1169  204 0 255
3  1420 153 154  204 0 255
8  1418 155 156 2148 2256 2153 154 153  204 0 255
5  1417 1416 1415 156 155  204 0 255
4  1406 1405 1404 1402  0 102 255
4  1399 1398 1397 1395  255 153 0
4  5 33 1391 1390  255 0 152
5  1290 1219 1275 2075 1320  50 0 255
4  1384 1808 1755 476  204 0 255
4  1290 1320 1266 1291  50 0 255
4  1386 1756 1808 1384  204 0 255
8  1380 1227 1279 2281 1471 1686 1814 724  255 0 76
4  1380 724 46 43  255 0 76
4  43 46 725 71  204 0 255
4  71 1382 1380 43  255 0 76
4  1374 1371 1372 1373  51 255 0
4  1370 1367 460 1154  51 255 0
4  1369 2064 877 1994  51 255 0
4  1367 2001 456 460  51 255 0
4  1368 458 457 2002  255 0 0
9  1361 1318 882 883 1090 818 1330 1327 1363  204 0 255
4  2090 151 1286 786  0 255 25
5  2090 788 1807 1754 775  0 255 25
6  2269 1287 1289 662 2192 482  0 255 25
3  1975 229 662  0 255 25
4  1975 1324 1285 663  0 255 25
6  2090 786 2275 1752 1753 788  0 255 25
6  2269 477 1254 786 1286 1287  0 255 25
4  1975 662 1289 1324  0 255 25
4  1911 484 482 2192  0 255 25
5  2269 482 484 479 477  0 255 25
3  2225 684 683  255 153 0
4  2189 2251 821 822  255 153 0
4  1337 1018 345 346  204 0 255
4  2061 880 1999 1998  255 153 0
4  2220 139 2217 2215  51 255 0
5  1358 1357 1355 1354 1478  255 153 0
4  2094 881 769 770  255 153 0
4  1687 2094 770 771  255 153 0
4  1945 513 772 988  255 153 0
3  1945 514 513  255 153 0
4  1685 517 516 2200  255 153 0
4  2188 1685 2200 2203  255 153 0
4  2198 1175 1174 1530  255 0 76
4  68 2198 1530 69  255 0 76
4  1657 1063 1066 1436  255 153 0
4  2143 1770 1548 2012  255 153 0
4  1548 644 643 2012  255 153 0
4  2192 662 2043 1911  0 255 25
4  2186 553 1033 2031  204 0 255
4  61 66 67 60  204 0 255
4  61 2080 1612 62  255 0 76
5  1431 1955 1725 1726 341  255 153 0
4  1657 1436 341 1726  255 153 0
4  1718 56 40 2281  255 0 76
4  30 29 2000 1350  255 0 152
4  1350 2000 1256 1348  255 0 152
4  31 30 1350 1348  255 0 152
4  1174 66 65 1345  255 0 76
4  1118 1112 1116 1411  204 0 255
3  1118 2035 1119  204 0 255
4  1121 1115 1117 1122  204 0 255
4  1121 267 1114 1115  204 0 255
8  1201 1018 1337 1023 2056 2055 2049 1192  204 0 255
4  1333 152 1293 213  50 0 255
4  1333 1577 146 152  50 0 255
4  1516 1429 884 886  204 0 255
4  1691 1357 1358 1335  255 153 0
4  538 2161 1176 2159  204 0 255
4  2163 668 667 1177  204 0 255
4  2163 2159 669 668  204 0 255
4  2161 2133 2130 1162  204 0 255
4  2161 1162 670 1176  204 0 255
4  2159 1176 670 669  204 0 255
5  154 2153 2150 1951 2254  204 0 255
4  2154 1163 1312 1316  204 0 255
4  2154 1323 1322 1163  204 0 255
4  2149 2079 60 59  255 0 76
4  2149 59 58 1526  255 0 76
8  856 1204 2121 2263 2093 2144 593 594  204 0 255
6  581 997 996 2065 2190 2182  204 0 255
8  454 2144 2093 2129 1331 2066 1151 2114  204 0 255
4  704 705 2074 1658  255 153 0
4  1828 986 987 1793  255 0 0
4  908 909 725 726  0 25 255
4  534 814 817 535  204 0 255
4  1330 818 814 534  204 0 255
5  1330 534 531 533 1327  204 0 255
4  1321 2165 2169 1389  204 0 255
4  1321 1389 2121 1204  204 0 255
4  1318 346 344 882  204 0 255
4  1315 370 1921 745  204 0 255
4  1315 745 744 2046  204 0 255
4  748 2046 744 523  204 0 255
4  1306 1300 414 416  204 0 255
4  1304 747 1027 352  204 0 255
4  747 750 907 1027  204 0 255
4  352 1027 907 349  204 0 255
6  1300 1292 906 899 915 414  204 0 255
4  1292 2041 905 906  204 0 255
4  1279 1227 44 41  255 0 76
4  63 1276 1279 41  255 0 76
7  1124 1310 2277 2287 1019 1133 1123  204 0 255
7  1124 715 1678 1932 1308 2273 1310  204 0 255
7  1337 346 1318 1245 1131 1024 1023  204 0 255
4  1726 2119 1198 1656  204 0 255
4  1123 1133 1132 1182  204 0 255
4  1201 856 857 1018  204 0 255
11  2105 837 1745 1655 2003 1977 2240 723 2247 1934 1682  204 0 255
5  2105 1197 1199 1948 837  204 0 255
6  839 2258 2004 1651 1655 838  255 153 0
4  1253 2286 108 2102  127 255 0
4  915 899 903 521  204 0 255
4  521 903 749 522  204 0 255
4  2091 624 2210 2118  204 0 255
4  2094 1997 1995 881  255 153 0
4  2094 1687 1998 1997  255 153 0
4  408 2011 1014 2271  50 0 255
4  408 2232 2170 406  50 0 255
5  2271 1014 1017 1012 1013  50 0 255
4  2256 2148 2147 1157  204 0 255
5  2256 2134 2139 2150 2153  204 0 255
4  2254 1156 149 150  204 0 255
4  2256 1157 2135 2134  204 0 255
4  2254 1951 1079 1156  204 0 255
4  2234 1243 487 492  204 0 255
4  1546 1531 1854 1618  0 25 255
4  1549 1513 1668 1268  0 25 255
4  1267 1781 1535 1265  255 0 152
4  18 17 1267 1265  255 0 152
4  60 2079 2080 61  255 0 76
4  2072 2236 2230 1658  255 153 0
4  2072 1658 2074 1883  255 153 0
4  1452 443 444 798  50 0 255
4  1453 447 443 1452  50 0 255
3  838 1655 1745  255 153 0
4  1934 2247 711 648  204 0 255
6  964 641 991 921 1006 2229  204 0 255
6  2247 723 2296 164 712 711  204 0 255
4  2240 1977 1004 1005  204 0 255
4  2240 1005 2296 723  204 0 255
4  2229 1006 1007 1978  204 0 255
4  713 166 921 991  204 0 255
4  1215 1880 2138 1214  255 153 0
4  2225 1935 1062 684  255 153 0
4  2218 2088 1394 599  204 0 255
4  2218 1908 2087 2088  204 0 255
4  1009 254 1400 2089  204 0 255
4  2218 599 159 1908  204 0 255
4  1908 1326 2086 2087  204 0 255
4  2065 1152 1151 2066  204 0 255
3  2065 996 2174  204 0 255
3  2070 2088 2087  204 0 255
5  2070 269 1396 1394 2088  204 0 255
4  1908 1904 1328 1326  204 0 255
6  2070 2087 2086 1325 268 269  204 0 255
6  2066 1331 1328 579 2190 2065  204 0 255
5  2063 762 765 768 385  255 153 0
5  2063 385 386 518 2228  255 153 0
5  1002 999 1146 1224 2222  255 153 0
4  1002 734 803 1003  255 153 0
4  1002 2222 2226 734  255 153 0
4  2058 941 942 1336  50 0 255
4  1734 1336 942 939  255 0 229
4  1676 1733 2047 2048  255 0 229
4  1336 1734 742 743  255 0 229
4  2048 1251 1252 1859  50 0 255
4  2047 1250 1251 2048  255 0 229
4  24 28 29 23  204 0 255
4  25 24 1261 1260  255 0 152
4  1257 1256 28 27  255 0 152
4  1251 2029 2028 1252  50 0 255
4  1250 2030 2029 1251  255 0 229
4  1246 1132 1131 1245  204 0 255
5  1242 636 637 285 284  0 255 25
4  1241 1229 1231 1239  255 0 0
4  1233 1231 1229 1226  255 0 0
4  1221 418 417 1223  204 0 255
4  1220 419 418 1221  204 0 255
4  343 1217 464 539  255 153 0
4  1213 539 464 261  255 153 0
4  1213 261 260 1211  255 153 0
4  1090 741 739 1089  204 0 255
4  874 916 2106 218  204 0 255
4  339 2036 809 808  204 0 255
7  339 805 2193 214 1863 225 338  204 0 255
6  874 362 873 1423 911 916  204 0 255
3  339 808 805  204 0 255
7  1204 856 1201 1192 1926 910 914  204 0 255
4  2041 1026 904 905  204 0 255
4  2044 336 323 324  204 0 255
8  2041 1414 1413 2260 1798 1797 1028 1026  204 0 255
4  2042 327 328 335  204 0 255
7  2036 1385 1388 2165 913 806 809  204 0 255
5  2036 339 338 1387 1385  204 0 255
6  916 911 910 1926 1195 917  204 0 255
4  2029 2017 2023 2028  50 0 255
4  2030 2018 2017 2029  255 0 229
4  2021 940 941 2023  255 0 229
4  2018 939 940 2021  255 0 229
4  2023 2017 2018 2021  255 0 229
4  2012 643 642 1882  255 153 0
4  1423 804 812 912  204 0 255
3  1423 912 911  204 0 255
4  1423 873 1303 2160  204 0 255
4  2004 1661 1650 2235  255 153 0
3  2003 1655 1651  204 0 255
4  2003 2243 1004 1977  204 0 255
4  2004 2235 1704 1651  255 153 0
4  2003 1651 1704 2243  204 0 255
4  2001 1994 877 456  51 255 0
4  2002 457 876 1996  255 0 0
4  1989 1985 9 3  255 0 152
4  3 26 1495 1989  255 0 152
4  1985 1494 4 9  255 0 152
4  1978 1007 1650 1661  204 0 255
4  1974 1283 1270 1979  0 255 25
4  1974 1969 686 663  0 255 25
5  1975 663 686 232 229  0 255 25
4  1974 663 1285 1283  0 255 25
5  1969 1974 1979 1762 1788  0 255 25
4  1969 1788 1791 686  0 255 25
3  1963 511 510  204 0 255
3  1963 1944 1946  204 0 255
5  1963 510 508 836 1944  204 0 255
5  1963 1946 1759 1791 511  204 0 255
3  1724 509 508  204 0 255
4  836 508 509 835  204 0 255
5  837 1948 1946 1944 836  204 0 255
3  1936 809 806  204 0 255
5  1936 804 810 808 809  204 0 255
3  1321 913 2165  204 0 255
5  1936 806 807 812 804  204 0 255
4  1204 914 913 1321  204 0 255
4  1932 357 520 1308  204 0 255
4  1678 171 357 1932  204 0 255
4  1193 1112 1113 1195  204 0 255
4  1195 1113 918 917  204 0 255
4  1926 1192 1193 1195  204 0 255
7  666 660 615 614 1190 727 731  50 0 255
4  1190 614 613 1188  50 0 255
4  1190 1188 728 727  50 0 255
4  1185 1288 2248 2249  50 0 255
4  1185 1184 656 659  50 0 255
4  801 799 526 525  204 0 255
5  1182 527 1866 246 1123  204 0 255
6  801 525 1922 1866 527 1181  204 0 255
4  1175 67 66 1174  255 0 76
4  1168 98 97 132  0 255 255
5  1163 1322 789 1314 1312  204 0 255
5  1162 2130 871 671 670  204 0 255
6  667 673 595 2145 2147 1159  204 0 255
5  1157 2147 2145 2136 2135  204 0 255
5  1156 1079 870 147 149  204 0 255
4  460 458 1153 1154  51 255 0
4  1147 1187 623 622  255 153 0
4  1147 1146 999 998  255 153 0
4  1143 1137 859 2146  255 229 0
4  1141 2152 858 1135  255 229 0
4  1137 1135 858 859  255 229 0
3  1136 240 241  255 76 0
4  1134 2033 241 1216  255 76 0
4  1216 241 242 858  255 229 0
6  858 242 243 2006 2008 859  255 229 0
4  858 2152 1134 1216  255 229 0
4  1206 1049 1050 1249  255 76 0
4  859 2008 1049 1206  255 229 0
4  2146 859 1206 1249  255 229 0
4  1721 1170 2137 2138  255 153 0
4  1770 2143 674 675  255 153 0
4  2137 1212 1214 2138  255 153 0
4  2129 2093 2267 1325  204 0 255
4  1325 2267 2265 1407  204 0 255
5  1328 1904 567 578 579  204 0 255
6  2129 1325 2086 1326 1328 1331  204 0 255
5  1319 1106 1107 1109 737  204 0 255
5  1133 1019 1024 1131 1132  204 0 255
4  77 1130 133 78  0 255 255
4  1310 245 248 2277  204 0 255
4  1310 2273 1869 245  204 0 255
4  1308 520 1869 2273  204 0 255
4  1290 679 589 1219  50 0 255
4  1291 678 679 1290  50 0 255
5  951 612 208 611 610  50 0 255
4  1037 1218 590 678  50 0 255
4  1275 1219 589 592  50 0 255
5  1269 496 591 590 1218  50 0 255
3  268 1325 1407  204 0 255
4  2121 1389 2265 2263  204 0 255
4  2115 2211 2214 980  204 0 255
7  739 2114 1151 1155 2100 1081 1089  204 0 255
5  793 993 1082 1081 2100  204 0 255
4  2100 1155 337 793  204 0 255
4  1 19 1582 2288  255 0 152
4  961 1884 1879 181  204 0 255
4  1818 1491 1492 1138  50 0 255
4  775 148 151 2090  0 255 25
4  775 1754 1755 738  0 255 25
4  2093 2263 2265 2267  204 0 255
8  1905 2233 1258 1343 1802 1800 485 719  204 0 255
4  2250 794 326 325  204 0 255
8  2246 795 966 1984 606 604 965 2239  204 0 255
4  2246 321 322 795  204 0 255
8  2239 2071 1264 2081 1351 1342 1258 2233  204 0 255
4  2239 965 607 2071  204 0 255
4  2078 2274 853 854  204 0 255
5  2078 555 161 787 2082  204 0 255
4  787 1347 1346 866  204 0 255
3  787 161 162  204 0 255
4  2078 1126 1125 2274  204 0 255
4  787 866 869 2082  204 0 255
4  2078 2082 869 1126  204 0 255
4  2071 1311 1127 1264  204 0 255
4  1351 2081 868 867  204 0 255
4  1144 1262 781 1305  204 0 255
4  1144 174 1142 1262  204 0 255
4  1142 1140 783 782  204 0 255
4  1264 1127 868 2081  204 0 255
4  1142 782 781 1262  204 0 255
4  607 965 604 603  204 0 255
4  1144 1305 1307 1145  204 0 255
4  607 1309 1311 2071  204 0 255
4  2274 1125 601 853  204 0 255
4  2272 853 601 602  204 0 255
4  453 454 2114 739  204 0 255
4  232 686 1791 1759  0 255 25
4  1948 1794 1759 1946  204 0 255
5  231 232 1759 1794 353  0 255 25
4  2188 2203 2251 2189  255 153 0
4  2228 518 992 2034  255 153 0
4  1078 937 502 2039  255 153 0
4  1077 938 937 1078  255 153 0
5  2227 1016 1015 958 1454  50 0 255
5  2212 680 1060 1057 1058  255 153 0
5  2212 1191 1186 681 680  255 153 0
4  2084 823 943 2092  255 153 0
4  593 2144 454 455  204 0 255
4  2064 1604 876 877  51 255 0
4  267 1411 2049 2055  204 0 255
4  2056 1023 1022 2054  204 0 255
5  2056 2054 1114 267 2055  204 0 255
3  1411 267 1409  204 0 255
3  1193 1116 1112  204 0 255
5  2049 1411 1116 1193 1192  204 0 255
5  2045 1807 1753 163 160  204 0 255
4  2045 160 551 556  204 0 255
4  1254 477 479 1255  0 255 25
5  1255 479 480 718 2291  0 255 25
4  1255 785 786 1254  0 255 25
3  1258 1342 1343  204 0 255
6  1255 2291 1805 1751 1359 785  0 255 25
4  1237 1959 1966 1240  50 0 255
4  1240 1966 1964 1234  50 0 255
4  1240 1234 1236 1237  50 0 255
4  1230 64 44 1227  255 0 76
4  1128 1093 240 1136  255 76 0
3  1128 1094 1093  255 76 0
4  1224 1222 2223 2222  255 153 0
4  1214 1207 1209 1215  255 153 0
4  1212 1208 1207 1214  255 153 0
4  1208 1200 1203 1207  255 153 0
4  1207 1203 1205 1209  255 153 0
4  1202 776 778 1205  255 153 0
4  1200 777 776 1202  255 153 0
4  1205 1203 1200 1202  255 153 0
3  883 741 1090  204 0 255
4  992 501 938 2034  255 153 0
5  1033 1034 981 1695 1660  204 0 255
4  1482 2020 1660 1695  255 153 0
4  1014 957 958 1015  50 0 255
4  24 23 2005 1261  255 0 152
4  1256 2000 29 28  255 0 152
4  1053 1052 1051 1054  255 76 0
5  1979 1270 1272 1786 1762  0 255 25
4  1138 1299 1263 929  50 0 255
4  1818 1138 929 930  50 0 255
4  1959 658 657 1962  50 0 255
4  1962 657 656 1964  50 0 255
4  1966 1959 1962 1964  50 0 255
4  1196 1656 1198 1953  204 0 255
4  1934 648 647 717  204 0 255
4  1929 1783 1781 1267  255 0 152
4  16 15 1783 1929  255 0 152
4  17 16 1929 1267  255 0 152
4  1191 1183 944 1186  255 153 0
4  1147 622 621 1146  255 153 0
4  823 1186 944 943  255 153 0
4  1189 710 623 1187  255 153 0
5  1186 823 822 820 681  255 153 0
4  1183 621 620 944  255 153 0
4  944 620 709 943  255 153 0
4  1178 1032 1031 893  204 0 255
4  1172 1164 1167 1173  204 0 255
4  1173 1167 1166 1169  204 0 255
4  1173 1169 1171 1172  204 0 255
4  1165 1030 1029 1166  204 0 255
4  1164 1031 1030 1165  204 0 255
4  1167 1164 1165 1166  204 0 255
4  1161 638 635 1158  204 0 255
4  1158 635 636 1160  204 0 255
4  1152 2065 2174 995  204 0 255
5  1155 1151 1152 995 337  204 0 255
4  1145 1307 173 2221  204 0 255
4  1035 598 597 960  204 0 255
4  280 221 598 1035  204 0 255
4  1140 851 542 783  204 0 255
8  1035 851 1140 1142 174 1954 281 280  204 0 255
4  1145 1954 174 1144  204 0 255
4  1125 783 542 601  204 0 255
4  1127 781 780 868  204 0 255
4  1126 784 783 1125  204 0 255
4  868 780 779 869  204 0 255
4  869 779 784 1126  204 0 255
4  1124 247 172 715  204 0 255
4  1124 1123 246 247  204 0 255
4  1119 1113 1112 1118  204 0 255
6  1120 722 1111 918 1113 1119  204 0 255
5  946 720 505 722 1120  204 0 255
5  1111 722 505 504 2116  204 0 255
4  1111 2116 2110 918  204 0 255
4  1109 1881 1873 2242  204 0 255
4  1108 1106 1021 1020  204 0 255
6  1108 2287 2277 1881 1109 1107  204 0 255
6  1110 736 737 1109 2242 627  204 0 255
3  1108 1107 1106  204 0 255
4  1108 1020 1019 2287  204 0 255
4  1103 1101 1102 1104  50 0 255
4  1101 1098 1097 1102  50 0 255
4  1100 1099 1098 1101  50 0 255
4  1099 1047 1048 1096  50 0 255
4  1096 1048 1045 1097  50 0 255
4  1099 1096 1097 1098  50 0 255
6  1054 1051 1091 1093 1094 1095  255 76 0
4  1095 1094 2032 1149  255 76 0
4  1093 1091 1092 240  255 76 0
4  240 1092 2006 243  255 229 0
4  264 1085 1378 1377  204 0 255
4  829 1087 826 824  204 0 255
5  265 1086 1085 264 2040  204 0 255
6  265 529 824 826 815 1086  204 0 255
6  1090 1089 1081 1084 816 818  204 0 255
4  1088 577 2191 2185  204 0 255
6  1088 994 1900 186 1379 577  204 0 255
6  1088 2185 2183 1082 993 994  204 0 255
7  1086 815 816 1084 1083 1365 1085  204 0 255
6  1083 576 2191 577 1364 1365  204 0 255
3  1083 575 576  204 0 255
6  1084 1081 1082 2183 575 1083  204 0 255
4  743 616 619 1080  50 0 255
5  1079 2151 2141 2142 870  204 0 255
3  671 871 672  204 0 255
4  1066 1065 1077 1078  255 153 0
4  1073 239 238 1076  255 153 0
4  1076 1075 1074 1073  255 153 0
4  797 898 897 796  50 0 255
4  1072 1071 1067 1070  50 0 255
4  1068 896 895 1069  50 0 255
4  1067 897 896 1068  50 0 255
4  1070 1067 1068 1069  50 0 255
4  1066 1063 1064 1065  255 153 0
5  685 680 681 820 682  255 153 0
4  684 1059 680 685  255 153 0
4  1062 1061 1059 684  255 153 0
4  1061 1056 1057 1060  255 153 0
4  1061 1060 680 1059  255 153 0
4  1058 1057 1056 1055  255 153 0
4  1048 1047 1046 1045  50 0 255
4  1043 1040 1039 1044  204 0 255
4  1043 489 487 1042  204 0 255
4  1044 491 489 1043  204 0 255
4  1042 1041 1040 1043  204 0 255
4  1041 2015 2014 1040  204 0 255
4  1040 2014 2013 1039  204 0 255
5  211 608 207 206 210  50 0 255
4  950 2295 2252 2245  50 0 255
3  211 609 608  50 0 255
4  951 610 609 950  50 0 255
4  1038 208 612 1037  50 0 255
5  1038 200 201 209 208  50 0 255
4  1036 544 545 852  204 0 255
4  960 251 544 1036  204 0 255
4  960 597 600 959  204 0 255
5  1036 852 851 1035 960  204 0 255
4  554 1034 1033 553  204 0 255
4  1032 1029 1030 1031  204 0 255
4  350 1796 1795 351  204 0 255
4  1028 1797 1796 350  204 0 255
4  1028 1025 904 1026  204 0 255
4  350 347 1025 1028  204 0 255
4  904 901 900 905  204 0 255
4  907 902 901 904  204 0 255
5  904 1025 347 349 907  204 0 255
6  1024 1019 1020 1021 1022 1023  204 0 255
3  1018 857 345  204 0 255
4  1016 1011 1012 1017  50 0 255
4  1017 1014 1015 1016  50 0 255
4  1013 1012 1011 1010  50 0 255
4  1009 1008 253 254  204 0 255
4  1006 921 920 1007  204 0 255
4  1004 919 165 1005  204 0 255
4  1007 920 919 1004  204 0 255
4  1005 165 164 2296  204 0 255
4  1001 998 999 1000  255 153 0
4  993 793 791 994  204 0 255
4  966 580 1982 1984  204 0 255
4  198 193 2206 1353  204 0 255
4  997 581 574 2297  204 0 255
7  994 791 792 198 1353 2204 1900  204 0 255
4  966 2280 2276 580  204 0 255
4  467 462 501 992  255 153 0
4  641 640 713 991  204 0 255
4  928 1299 1296 990  0 255 25
4  990 989 925 928  0 255 25
4  987 986 864 865  255 0 0
4  985 865 863 860  255 0 0
4  984 861 862 864  255 0 0
4  984 985 860 861  255 0 0
4  985 984 983 982  255 0 0
4  981 976 1647 1695  204 0 255
5  980 2214 559 562 979  204 0 255
6  979 562 952 967 972 977  204 0 255
4  978 974 934 971  204 0 255
3  978 633 632  204 0 255
4  978 971 226 633  204 0 255
4  977 972 933 973  204 0 255
4  976 973 933 936  204 0 255
4  975 935 1698 142  255 153 0
4  976 936 1697 1647  204 0 255
4  975 1647 1697 935  255 153 0
4  631 634 967 952  204 0 255
4  974 142 1698 934  204 0 255
4  972 967 970 933  204 0 255
4  971 968 634 226  204 0 255
4  933 970 969 934  204 0 255
4  934 969 968 971  204 0 255
5  970 967 634 968 969  204 0 255
5  559 2214 2211 1435 760  204 0 255
4  760 1435 1434 308  204 0 255
4  760 569 568 761  204 0 255
4  625 557 558 626  204 0 255
6  761 1430 2210 624 557 625  204 0 255
4  761 568 519 588  204 0 255
5  559 760 761 625 560  204 0 255
4  641 964 236 234  204 0 255
4  963 357 356 650  204 0 255
4  233 520 357 963  204 0 255
4  650 356 355 646  204 0 255
6  234 233 963 650 649 639  204 0 255
6  962 313 314 1884 961 237  204 0 255
4  961 181 235 237  204 0 255
4  175 249 250 959  204 0 255
4  175 599 1394 178  204 0 255
4  959 600 599 175  204 0 255
4  959 250 251 960  204 0 255
4  958 957 956 955  50 0 255
4  953 618 617 653  0 255 25
4  653 617 652 654  0 255 25
4  954 619 618 953  0 255 25
4  952 562 561 631  204 0 255
4  951 950 2245 2248  50 0 255
4  949 948 947 110  127 255 0
3  946 721 720  204 0 255
4  945 587 507 773  204 0 255
4  943 709 708 2092  255 153 0
4  942 941 940 939  255 0 229
4  502 937 938 501  255 153 0
5  936 933 934 1698 1697  204 0 255
3  935 1697 1698  255 153 0
5  930 929 1263 927 926  0 25 255
4  927 1263 1299 928  0 255 25
4  928 925 926 927  0 255 25
4  880 924 923 879  255 153 0
5  921 166 165 919 920  204 0 255
4  917 918 2110 2107  204 0 255
4  917 2107 2106 916  204 0 255
4  414 915 521 415  204 0 255
4  649 648 711 639  204 0 255
3  913 807 806  204 0 255
7  914 910 911 912 812 807 913  204 0 255
4  563 564 909 908  0 255 25
4  750 749 902 907  204 0 255
4  905 900 899 906  204 0 255
6  903 899 900 901 902 749  204 0 255
4  898 895 896 897  50 0 255
5  892 830 833 888 890  0 255 25
5  886 832 146 1266 1756  0 255 25
4  888 833 832 886  0 255 25
4  890 888 886 884  0 255 25
3  344 883 882  204 0 255
4  880 879 1995 1999  255 153 0
4  877 876 457 456  51 255 0
4  874 218 217 362  204 0 255
4  873 362 217 1303  204 0 255
5  871 1314 789 299 298  204 0 255
4  672 297 296 596  204 0 255
4  871 298 297 672  204 0 255
3  673 596 595  204 0 255
5  870 2142 790 789 147  204 0 255
5  869 866 1346 867 868  204 0 255
4  865 864 862 863  255 0 0
4  863 862 861 860  255 0 0
4  584 524 523 744  204 0 255
4  857 856 594 855  204 0 255
4  852 545 542 851  204 0 255
4  850 309 1987 1990  204 0 255
4  848 847 843 845  255 0 0
4  847 846 842 843  255 0 0
4  845 843 840 844  255 0 0
4  843 842 841 840  255 0 0
4  835 509 2266 834  255 153 0
5  839 838 1745 835 834  255 153 0
4  837 836 835 1745  204 0 255
4  646 355 1914 647  204 0 255
4  831 152 146 832  0 255 25
4  830 1293 152 831  0 255 25
4  833 830 831 832  0 255 25
6  375 371 364 370 381 373  204 0 255
5  375 825 528 366 371  204 0 255
4  829 824 825 375  204 0 255
4  265 1889 1888 529  204 0 255
6  824 529 1888 1894 528 825  204 0 255
4  826 535 817 815  204 0 255
4  821 819 820 822  255 153 0
4  819 683 682 820  255 153 0
4  2092 708 239 1073  255 153 0
5  818 816 815 817 814  204 0 255
5  1007 1004 2243 1704 1650  204 0 255
3  2235 1650 1704  255 153 0
4  2089 1400 1401 270  204 0 255
4  811 805 808 810  204 0 255
4  813 225 1863 1862  204 0 255
5  813 311 310 224 225  204 0 255
4  813 1862 1988 311  204 0 255
4  811 2162 2193 805  204 0 255
5  811 810 804 1422 2162  204 0 255
4  803 734 733 802  255 153 0
3  799 732 526  204 0 255
4  716 257 255 732  204 0 255
4  797 796 444 445  50 0 255
4  790 595 295 300  204 0 255
5  790 2142 2141 2135 2136  204 0 255
4  790 300 299 789  204 0 255
3  788 1753 1807  0 255 25
6  787 162 1806 1751 1349 1347  204 0 255
3  163 1753 1752  204 0 255
4  786 785 1359 2275  0 255 25
4  162 163 1752 1806  204 0 255
4  781 1127 1311 1305  204 0 255
6  784 779 780 781 782 783  204 0 255
4  776 676 677 778  255 153 0
4  777 675 676 776  255 153 0
4  774 1320 2075 738  0 255 25
5  774 1808 1756 1266 1320  0 255 25
4  775 738 2075 148  0 255 25
4  774 738 1755 1808  0 255 25
4  773 507 506 721  204 0 255
4  513 766 767 772  255 153 0
4  512 385 766 513  255 153 0
4  770 763 762 771  255 153 0
4  769 764 763 770  255 153 0
4  768 765 764 767  255 153 0
5  385 512 515 517 386  255 153 0
4  385 768 767 766  255 153 0
4  765 762 763 764  255 153 0
4  308 290 569 760  204 0 255
4  308 1434 1968 306  204 0 255
4  588 1432 1430 761  204 0 255
4  588 519 219 586  204 0 255
4  623 710 709 620  255 153 0
4  754 756 755 759  255 0 0
6  750 747 748 523 522 749  204 0 255
4  746 292 294 585  204 0 255
4  585 294 2024 190  204 0 255
4  745 293 292 746  204 0 255
5  746 585 584 744 745  204 0 255
4  743 137 651 616  50 0 255
4  743 742 655 137  255 0 229
4  741 740 453 739  204 0 255
4  736 1110 1884 314  204 0 255
4  734 2226 2224 733  255 153 0
4  732 255 256 526  204 0 255
4  393 730 729 388  50 0 255
6  388 729 409 406 2170 389  50 0 255
4  731 727 730 393  50 0 255
4  730 727 728 729  50 0 255
4  726 725 46 724  0 25 255
4  166 713 712 164  204 0 255
4  721 506 505 720  204 0 255
4  718 1802 1805 2291  0 255 25
4  719 2268 2290 2270  204 0 255
6  719 485 1799 1798 2260 2268  204 0 255
4  718 480 1800 1802  0 255 25
4  717 647 257 716  204 0 255
4  591 496 494 592  50 0 255
4  592 494 498 714  50 0 255
5  640 639 711 712 713  204 0 255
4  239 708 709 710  255 153 0
4  707 706 702 701  255 153 0
4  705 704 688 687  255 153 0
4  702 699 698 701  255 153 0
4  700 697 696 699  255 153 0
4  699 696 695 698  255 153 0
4  696 694 691 695  255 153 0
4  697 693 694 696  255 153 0
4  692 689 688 691  255 153 0
4  693 690 689 692  255 153 0
4  694 693 692 691  255 153 0
4  690 687 688 689  255 153 0
4  685 682 683 684  255 153 0
4  679 678 590 589  50 0 255
4  677 676 675 674  255 153 0
8  673 667 668 669 670 671 672 596  204 0 255
5  664 1324 1289 661 665  50 0 255
4  665 661 660 666  50 0 255
3  664 1285 1324  50 0 255
4  659 656 657 658  50 0 255
4  137 655 652 651  0 25 255
4  616 651 652 617  0 255 25
4  647 1914 1858 257  204 0 255
5  650 646 647 648 649  204 0 255
4  645 642 643 644  255 153 0
4  641 234 639 640  204 0 255
4  638 282 285 637  0 255 25
4  638 637 636 635  0 255 25
4  634 631 630 1928  204 0 255
4  226 634 1928 227  204 0 255
4  633 226 227 632  204 0 255
4  626 558 1928 630  204 0 255
5  631 561 560 626 630  204 0 255
4  627 2242 2244 628  204 0 255
4  628 2244 2238 629  204 0 255
4  629 2238 244 359  204 0 255
6  629 359 358 1875 627 628  204 0 255
3  626 560 625  204 0 255
4  228 558 557 624  204 0 255
4  623 620 621 622  255 153 0
4  619 616 617 618  0 255 25
4  207 608 611 208  50 0 255
4  611 608 609 610  50 0 255
4  607 603 274 1309  204 0 255
5  606 1984 1982 2208 605  204 0 255
6  605 2208 361 572 2177 275  204 0 255
4  606 276 273 604  204 0 255
4  606 605 275 276  204 0 255
4  604 273 274 603  204 0 255
4  252 251 250 253  204 0 255
4  602 543 251 252  204 0 255
4  601 542 543 602  204 0 255
4  221 280 279 222  204 0 255
6  600 597 598 221 157 599  204 0 255
4  595 790 2136 2145  204 0 255
4  596 296 295 595  204 0 255
3  594 593 455  204 0 255
4  592 589 590 591  50 0 255
4  586 219 218 2131  204 0 255
5  588 586 503 507 587  204 0 255
4  190 2024 1441 191  204 0 255
5  190 189 524 584 585  204 0 255
4  583 2175 2177 572  204 0 255
4  278 271 222 279  204 0 255
4  582 1902 2175 583  204 0 255
5  277 582 583 572 278  204 0 255
5  580 2179 2209 2208 1982  204 0 255
4  581 2182 2178 574  204 0 255
4  580 2276 1352 2179  204 0 255
4  578 2182 2190 579  204 0 255
4  578 567 223 272  204 0 255
6  578 272 573 360 2178 2182  204 0 255
4  575 2183 2185 576  204 0 255
3  576 2185 2191  204 0 255
3  193 198 194  204 0 255
4  577 1379 1360 1364  204 0 255
4  574 1281 1284 2297  204 0 255
4  573 272 271 278  204 0 255
4  574 2178 1278 1281  204 0 255
5  573 278 572 361 360  204 0 255
4  290 308 306 291  204 0 255
6  569 290 289 220 519 568  204 0 255
4  566 565 564 563  0 255 25
4  562 559 560 561  204 0 255
4  558 228 227 1928  204 0 255
4  160 161 555 551  204 0 255
5  555 554 553 552 551  204 0 255
4  550 549 548 547  51 255 0
5  545 544 251 543 542  204 0 255
4  533 531 432 431  204 0 255
7  530 377 379 532 425 439 429  204 0 255
4  531 530 429 432  204 0 255
4  528 1894 1892 366  204 0 255
4  526 256 1922 525  204 0 255
5  524 415 521 522 523  204 0 255
4  520 233 180 2196  204 0 255
3  519 220 219  204 0 255
4  517 515 514 516  255 153 0
4  515 512 513 514  255 153 0
5  507 503 504 505 506  204 0 255
4  462 467 258 463  255 153 0
4  502 501 462 461  255 153 0
4  498 494 496 497  50 0 255
4  492 487 489 491  204 0 255
3  485 1800 1799  204 0 255
6  484 1960 1799 1800 480 479  0 255 25
3  474 259 258  255 153 0
4  261 464 463 258  255 153 0
4  469 263 262 471  255 153 0
4  464 461 462 463  255 153 0
4  460 456 457 458  51 255 0
3  455 454 453  204 0 255
4  447 445 444 443  50 0 255
4  436 430 429 439  204 0 255
4  439 425 428 438  204 0 255
4  437 431 430 436  204 0 255
4  438 428 427 437  204 0 255
4  439 438 437 436  204 0 255
4  432 429 430 431  204 0 255
4  428 425 426 427  204 0 255
4  419 2013 2016 421  204 0 255
4  421 2016 2015 417  204 0 255
4  421 417 418 419  204 0 255
3  416 414 415  204 0 255
4  413 397 396 411  50 0 255
4  389 2170 2232 396  50 0 255
4  397 391 389 396  50 0 255
4  393 388 389 391  50 0 255
3  379 375 373  204 0 255
3  371 366 364  204 0 255
4  370 364 1920 1921  204 0 255
4  366 1892 1920 364  204 0 255
4  2131 218 2106 2123  204 0 255
4  1184 1185 2249 2252  50 0 255
4  2252 2249 2248 2245  50 0 255
4  2226 2222 2223 2224  255 153 0
6  2209 2179 1352 1278 2178 360  204 0 255
4  361 2208 2209 360  204 0 255
4  2123 2106 2107 2125  204 0 255
4  2125 2107 2110 2126  204 0 255
4  2126 2110 2116 504  204 0 255
7  2131 2123 2125 2126 504 503 586  204 0 255
4  2277 248 1873 1881  204 0 255
4  358 248 1868 1875  204 0 255
4  359 244 248 358  204 0 255
5  357 171 354 355 356  204 0 255
3  353 1794 1795  0 255 25
4  352 349 348 351  204 0 255
4  347 350 351 348  204 0 255
3  349 347 348  204 0 255
3  346 345 344  204 0 255
4  343 342 341 1383  255 153 0
5  338 225 224 312 340  204 0 255
4  334 329 325 331  204 0 255
4  334 317 318 332  204 0 255
4  330 316 315 331  204 0 255
4  332 318 319 333  204 0 255
4  332 327 329 334  204 0 255
4  331 325 326 330  204 0 255
4  331 315 317 334  204 0 255
4  333 328 327 332  204 0 255
4  323 319 318 324  204 0 255
4  324 318 317 320  204 0 255
4  320 317 315 321  204 0 255
4  321 315 316 322  204 0 255
4  312 224 310 309  204 0 255
4  311 1988 1986 310  204 0 255
4  310 1986 1987 309  204 0 255
4  307 287 286 305  204 0 255
5  307 1971 1988 1862 215  204 0 255
4  305 286 291 306  204 0 255
4  305 1970 1971 307  204 0 255
4  306 1968 1970 305  204 0 255
6  300 295 296 297 298 299  204 0 255
4  293 745 1921 1915  204 0 255
4  287 307 215 2162  204 0 255
6  291 286 287 288 289 290  204 0 255
4  283 1277 1280 284  0 255 25
4  282 1329 1277 283  0 255 25
5  282 638 1761 1313 1329  0 255 25
4  285 282 283 284  0 255 25
5  281 277 278 279 280  204 0 255
4  275 2177 2175 276  204 0 255
4  276 2175 1902 273  204 0 255
4  273 1902 1903 274  204 0 255
4  274 1903 1307 1309  204 0 255
4  223 222 271 272  204 0 255
4  265 2040 168 1889  204 0 255
4  264 1377 168 2040  204 0 255
4  263 260 259 262  255 153 0
4  261 258 259 260  255 153 0
4  257 1858 1857 255  204 0 255
4  255 1857 167 256  204 0 255
4  256 167 1866 1922  204 0 255
4  254 249 1392 1400  204 0 255
4  253 250 249 254  204 0 255
4  249 175 1910 1450  204 0 255
4  243 242 241 240  255 229 0
5  234 236 237 235 1294  204 0 255
4  235 181 1297 1294  204 0 255
5  234 1294 1297 180 233  204 0 255
4  232 231 230 229  0 255 25
4  157 221 222 223  204 0 255
5  220 216 217 218 219  204 0 255
4  214 2193 2162 215  204 0 255
4  215 1862 1863 214  204 0 255
4  209 201 202 206  50 0 255
4  209 206 207 208  50 0 255
4  204 202 199 203  50 0 255
4  203 199 200 205  50 0 255
4  202 201 200 199  50 0 255
4  197 188 187 195  204 0 255
4  196 195 187 183  204 0 255
6  196 183 182 2202 1356 194  204 0 255
4  194 1356 2206 193  204 0 255
4  184 1439 1375 185  204 0 255
4  192 1440 1439 184  204 0 255
4  184 183 187 192  204 0 255
4  191 1441 1440 192  204 0 255
6  192 187 188 189 190 191  204 0 255
4  186 2201 2202 182  204 0 255
4  185 1375 1360 1362  204 0 255
4  186 1362 1360 1379  204 0 255
6  186 182 183 184 185 1362  204 0 255
4  179 1870 2196 180  204 0 255
4  181 179 180 1297  204 0 255
4  178 1394 1396 1403  204 0 255
4  178 1392 1448 177  204 0 255
4  177 1448 1451 176  204 0 255
4  176 1451 1450 1910  204 0 255
5  175 178 177 176 1910  204 0 255
4  229 230 2043 662  0 255 25
5  1441 2024 294 292 1376  204 0 255
4  2016 2013 2014 2015  204 0 255
4  1049 2008 2006 1092  255 229 0
4  1999 1995 1997 1998  255 153 0
4  1990 1434 1435 2211  204 0 255
4  1988 1971 1970 1986  204 0 255
4  1986 1970 1968 1987  204 0 255
4  1987 1968 1434 1990  204 0 255
4  1400 1392 1393 1401  204 0 255
4  1957 1798 1799 1960  0 255 25
4  1951 2150 2151 1079  204 0 255
4  247 246 169 172  204 0 255
4  289 288 216 220  204 0 255
4  1892 1886 1916 1920  204 0 255
4  1920 1916 1915 1921  204 0 255
4  1886 1892 1894 1888  204 0 255
5  1917 293 1915 1916 1886  204 0 255
4  355 354 1858 1914  204 0 255
4  1908 159 158 1904  204 0 255
4  1904 158 223 567  204 0 255
5  2268 2260 1413 2261 2290  204 0 255
3  2261 1413 1414  204 0 255
4  2221 173 1902 582  204 0 255
4  1145 2221 582 277  204 0 255
4  1309 1307 1305 1311  204 0 255
4  1307 1903 1902 173  204 0 255
4  172 169 170 171  204 0 255
5  1377 1376 292 2164 168  204 0 255
4  1870 1869 520 2196  204 0 255
4  2210 1430 1432 2282  204 0 255
4  1900 2204 2201 186  204 0 255
4  1889 1917 1886 1888  204 0 255
4  1954 1145 277 281  204 0 255
4  1110 627 1879 1884  204 0 255
4  1870 179 1875 1868  204 0 255
5  1879 627 1875 179 181  204 0 255
5  1870 1868 248 245 1869  204 0 255
5  246 1866 167 170 169  204 0 255
4  189 416 415 524  204 0 255
6  170 167 1857 1858 354 171  204 0 255
3  166 164 165  204 0 255
4  163 162 161 160  204 0 255
5  157 223 158 159 599  204 0 255
4  1392 178 1403 1393  204 0 255
5  1451 1448 1392 249 1450  204 0 255
5  1375 1439 1440 1441 1376  204 0 255
4  1423 2160 1422 804  204 0 255
3  1388 2169 2165  204 0 255
4  1217 343 1383 1381  255 153 0
4  1085 1365 1366 1378  204 0 255
6  1378 1366 1360 1375 1376 1377  204 0 255
4  1366 1365 1364 1360  204 0 255
4  1359 1806 1752 2275  0 255 25
3  1359 1751 1806  0 255 25
6  1351 1349 1805 1802 1343 1342  204 0 255
3  1349 1751 1805  204 0 255
4  1889 168 2164 1917  204 0 255
6  244 2238 2244 2242 1873 248  204 0 255
4  1356 2202 2201 2206  204 0 255
4  2206 2201 2204 1353  204 0 255
4  2280 1284 1281 2276  204 0 255
4  2276 1281 1278 1352  204 0 255
4  1351 867 1344 1349  204 0 255
4  1346 1347 1349 1344  204 0 255
3  1346 1344 867  204 0 255
4  2164 292 293 1917  204 0 255
6  2162 1422 2160 1303 288 287  204 0 255
4  2150 2139 2141 2151  204 0 255
4  2139 2134 2135 2141  204 0 255
4  2133 1316 1312 2130  204 0 255
4  2130 1312 1314 871  204 0 255
4  1323 150 149 1322  204 0 255
4  1322 149 147 789  204 0 255
4  288 1303 217 216  204 0 255
4  1786 1272 1313 1761  0 255 25
4  1778 1741 2180 1779  255 0 152
4  1814 1686 1684 1817  255 0 76
4  1817 1684 1683 144  255 0 76
4  1777 1739 1741 1778  255 0 152
4  1774 1670 2173 1776  255 0 152
4  145 1681 1679 1764  255 0 76
4  1587 1228 1739 1777  255 0 152
4  1764 1679 1666 1763  255 0 76
4  144 1683 1232 143  255 0 76
4  1776 2173 1228 1587  255 0 152
4  143 1232 1681 145  255 0 76
4  1766 1674 53 52  255 0 76
4  1760 1669 1670 1774  255 0 152
4  1763 1666 1675 1765  255 0 76
4  1769 1672 1671 1772  255 0 152
4  1765 1675 1674 1766  255 0 76
4  1772 1671 1669 1760  255 0 152
4  1767 1673 1672 1769  255 0 152
4  1767 10 8 1673  255 0 152
8  145 1764 1763 1765 1766 52 51 143  255 0 76
8  1764 145 143 51 52 1766 1765 1763  255 0 0
6  144 143 46 724 1814 1817  255 0 76
6  143 144 1817 1814 724 46  51 255 0
4  725 46 1558 909  204 0 255
4  46 725 909 1558  0 25 255
6  564 909 1558 884 890 565  204 0 255
6  909 564 565 890 884 1558  0 255 25
3  886 884 1756  204 0 255
3  884 886 1756  0 255 25
3  1808 1756 1755  204 0 255
3  1756 1808 1755  0 255 25
5  1754 1755 1756 1561 1563  204 0 255
5  1755 1754 1563 1561 1756  0 255 25
3  1807 1754 1753  204 0 255
3  1754 1807 1753  0 255 25
5  1752 1753 1754 1563 1564  204 0 255
5  1753 1752 1564 1563 1754  0 255 25
3  1806 1752 1751  204 0 255
3  1752 1806 1751  0 255 25
14  1805 1751 1752 1564 1565 1759 1794 1795 1796 1797 1798 1799 1800 1802  204 0 255
14  1751 1805 1802 1800 1799 1798 1797 1796 1795 1794 1759 1565 1564 1752  0 255 25
6  1791 1759 1565 1566 1762 1788  204 0 255
6  1759 1791 1788 1762 1566 1565  0 255 25
5  1786 1762 1566 1567 1761  204 0 255
5  1762 1786 1761 1567 1566  0 255 25
5  638 1761 1567 1568 635  204 0 255
5  1761 638 635 1568 1567  0 255 25
5  636 635 1568 14 15  204 0 255
5  635 636 15 14 1568  0 255 25
5  1783 15 14 1535 1781  255 0 152
5  15 1783 1781 1535 14  0 255 25
5  1780 1535 14 0 1636  255 0 152
5  1535 1780 1636 0 14  0 25 255
7  1779 1636 13 12 1587 1777 1778  255 0 152
7  1636 1779 1778 1777 1587 12 13  51 255 0
6  1776 1587 12 11 1760 1774  255 0 152
6  1587 1776 1774 1760 11 12  255 0 0
6  1772 1760 11 10 1767 1769  255 0 152
6  1760 1772 1769 1767 10 11  255 0 0
3  46 143 45  255 0 76
3  143 46 45  51 255 0
3  143 45 47  51 255 0
3  143 47 45  255 0 76
3  143 47 48  51 255 0
3  143 48 47  255 0 76
3  143 48 49  51 255 0
3  143 49 48  255 0 76
3  143 49 50  51 255 0
3  1636 13 0  51 255 0
3  143 50 49  255 0 76
3  143 50 51  255 0 0
3  143 51 50  255 0 76
4  884 1558 1561 1756  204 0 255
3  46 1558 1561  0 25 255
3  46 1561 1558  204 0 255
3  46 1561 1563  0 25 255
4  1756 1561 1558 884  0 255 25
3  46 1563 1561  204 0 255
3  46 1563 1564  0 25 255
3  46 1564 1563  204 0 255
3  46 1564 1565  0 25 255
3  46 1565 1564  204 0 255
4  46 1565 1566 1631  0 25 255
9  2173 1670 1669 1671 1672 1673 8 39 1228  255 0 152
9  1670 2173 1228 39 8 1673 1672 1671 1669  255 76 0
6  1739 1228 34 1512 2180 1741  255 0 152
6  1228 1739 1741 2180 1512 34  203 255 0
4  1509 34 113 118  204 0 255
4  34 1509 118 113  0 255 255
6  1467 118 113 1597 923 1468  204 0 255
6  118 1467 1468 923 1597 113  255 153 0
3  1595 1597 1064  204 0 255
3  1597 1595 1064  255 153 0
3  1063 1064 1657  204 0 255
3  1064 1063 1657  255 153 0
5  1196 1657 1064 119 120  204 0 255
5  1657 1196 120 119 1064  255 153 0
7  1656 1196 120 121 1651 1655 835  204 0 255
7  1196 1656 835 1655 1651 121 120  255 153 0
6  1726 1656 835 509 1724 1725  204 0 255
6  1656 1726 1725 1724 509 835  255 153 0
3  1745 835 1655  204 0 255
3  835 1745 1655  255 153 0
3  1704 1651 1650  204 0 255
3  1651 1704 1650  255 153 0
5  1661 1650 1651 121 122  204 0 255
5  1650 1661 122 121 1651  255 153 0
9  1701 1661 122 123 1660 1695 1647 142 1700  204 0 255
9  1661 1701 1700 142 1647 1695 1660 123 122  255 153 0
4  1698 142 1647 1697  204 0 255
4  142 1698 1697 1647  255 153 0
5  1691 1660 123 124 1335  204 0 255
5  1660 1691 1335 124 123  255 153 0
6  475 1335 124 125 1000 1001  204 0 255
6  1335 475 1001 1000 125 124  255 153 0
5  1003 1000 125 126 1428  204 0 255
5  1000 1003 1428 126 125  255 153 0
6  802 1428 126 127 1395 1399  204 0 255
6  1428 802 1399 1395 127 126  255 153 0
5  1473 127 126 2052 55  204 0 255
5  127 1473 55 2052 126  0 255 255
7  1471 55 42 1232 1683 1684 1686  255 0 76
7  55 1471 1686 1684 1683 1232 42  203 255 0
6  1681 1232 42 54 1666 1679  255 0 76
6  1232 1681 1679 1666 54 42  255 76 0
5  1675 1666 54 53 1674  255 0 76
5  1666 1675 1674 53 54  255 76 0
3  34 1228 35  255 0 152
3  1228 34 35  203 255 0
3  1228 35 36  203 255 0
3  1228 36 35  255 0 152
3  1228 36 37  203 255 0
3  1228 37 36  255 0 152
3  1228 37 6  203 255 0
4  55 6 38 42  204 0 255
3  1228 6 37  255 0 152
3  1228 6 38  203 255 0
4  55 6 37 2052  203 255 0
3  1228 38 6  255 0 152
3  1228 38 39  255 76 0
3  1228 39 38  255 0 152
4  1597 113 119 1064  204 0 255
3  34 113 119  0 255 255
3  34 119 113  204 0 255
3  34 119 120  0 255 255
4  1064 119 113 1597  255 153 0
3  34 120 119  204 0 255
3  34 120 121  0 255 255
3  34 121 120  204 0 255
3  34 121 122  0 255 255
3  34 122 121  204 0 255
3  34 122 123  0 255 255
3  34 123 122  204 0 255
4  34 123 124 2050  0 255 255
3  1631 45 46  51 255 0
4  1631 1566 1567 1632  0 25 255
4  1631 45 47 1632  204 0 255
4  1631 1566 1565 46  204 0 255
4  1613 1568 14 0  0 25 255
4  1613 48 47 1632  51 255 0
4  1613 1568 1567 1632  204 0 255
5  1613 48 49 13 0  204 0 255
4  1632 1567 1568 1613  0 25 255
4  1632 47 45 1631  51 255 0
4  1632 1567 1566 1631  204 0 255
4  1632 47 48 1613  204 0 255
3  1631 46 45  204 0 255
5  1613 0 13 49 48  51 255 0
3  1636 0 13  255 0 152
4  1613 0 14 1568  204 0 255
7  1643 1616 1614 1637 1638 1639 1641  127 0 255
7  1616 1643 1641 1639 1638 1637 1614  51 255 0
4  1636 1614 1613 0  0 25 255
4  1614 1636 0 1613  51 255 0
8  1632 1613 1614 2140 1515 724 46 1631  0 25 255
8  1613 1632 1631 46 724 1515 2140 1614  51 255 0
9  1626 1515 1514 1621 1528 1527 1525 1623 1624  0 102 255
9  1515 1626 1624 1623 1525 1527 1528 1621 1514  51 255 0
8  548 1514 138 140 139 141 1374 549  0 25 255
8  1514 548 549 1374 141 139 140 138  51 255 0
4  1617 138 2140 1616  127 0 255
4  138 1617 1616 2140  51 255 0
3  1614 1616 2140  127 0 255
3  1616 1614 2140  51 255 0
4  1515 2140 138 1514  0 25 255
4  1514 138 2140 1515  51 255 0
6  143 50 12 1587 136 470  51 255 0
6  1587 12 50 143 470 136  255 0 0
3  1611 136 1585  0 255 102
3  136 1611 1585  255 0 0
5  403 1585 136 1521 1610  0 255 102
5  1585 403 1610 1521 136  255 0 0
6  402 1521 1587 466 451 372  51 255 0
6  1521 402 372 451 466 1587  255 0 0
7  1604 466 1587 459 458 457 876  51 255 0
7  466 1604 876 457 458 459 1587  255 0 0
3  1153 458 459  51 255 0
3  458 1153 459  255 0 0
6  376 459 1587 410 1583 1584  51 255 0
6  459 376 1584 1583 410 1587  255 0 0
6  1598 1584 1583 1594 1596 400  51 255 0
6  1584 1598 400 1596 1594 1583  255 0 0
3  136 1587 1521  51 255 0
3  1587 136 1521  255 0 0
15  1568 14 1341 927 926 1556 908 909 1558 1561 1563 1564 1565 1566 1567  0 255 25
3  1535 14 1341  0 25 255
15  1568 1567 1566 1565 1564 1563 1561 1558 909 908 1556 926 927 1341 14  0 25 255
3  929 1263 1317  50 0 255
5  927 1263 1317 1340 1341  0 25 255
3  930 929 1511  50 0 255
3  929 930 1511  0 25 255
4  1550 930 1511 1533  50 0 255
4  930 1550 1533 1511  0 102 255
4  1406 1533 1511 1513  50 0 255
4  1533 1406 1513 1511  0 102 255
8  1549 1513 1511 929 1317 651 137 1531  50 0 255
8  1513 1549 1531 137 651 1317 929 1511  0 25 255
4  1546 1531 137 655  255 0 229
4  1531 1546 655 137  0 25 255
5  1504 1546 655 1460 1459  255 0 229
5  1546 1504 1459 1460 655  127 0 255
5  652 651 1535 1544 654  0 255 25
5  651 652 654 1544 1535  0 25 255
5  927 1341 1340 1317 1263  0 255 25
3  1535 1341 14  0 255 25
3  1535 1341 1340  0 25 255
3  1535 1340 1341  0 255 25
4  1535 1340 1317 651  0 25 255
3  929 1317 1263  0 25 255
4  1535 651 1317 1340  0 255 25
8  1528 1519 1518 1521 136 1523 1525 1527  0 255 102
8  1519 1528 1527 1525 1523 136 1521 1518  51 255 0
10  926 1556 1738 1515 1514 1447 1668 1513 1511 930  0 25 255
10  1556 926 930 1511 1513 1668 1447 1514 1515 1738  0 102 255
5  1336 743 137 1531 942  255 0 229
5  743 1336 942 1531 137  50 0 255
4  941 942 2017 2023  255 0 229
4  942 941 2023 2017  50 0 255
7  2029 2017 942 1531 1676 2048 1251  255 0 229
7  2017 2029 1251 2048 1676 1531 942  50 0 255
11  1546 1618 1619 138 2140 1614 1809 1544 654 652 655  0 25 255
11  1618 1546 655 652 654 1544 1809 1614 2140 138 1619  127 0 255
5  1299 1263 152 1293 1296  0 255 25
5  1263 1299 1296 1293 152  50 0 255
3  146 152 1266  0 255 25
3  152 146 1266  50 0 255
3  1320 1266 2075  0 255 25
3  1266 1320 2075  50 0 255
4  148 2075 1266 1263  0 255 25
4  2075 148 1263 1266  50 0 255
3  151 148 1286  0 255 25
3  148 151 1286  50 0 255
9  1287 1286 148 1263 1270 1283 1285 1324 1289  0 255 25
9  1286 1287 1289 1324 1285 1283 1270 1263 148  50 0 255
4  1272 1270 1263 1313  0 255 25
4  1270 1272 1313 1263  50 0 255
4  1329 1313 1263 1277  0 255 25
4  1313 1329 1277 1263  50 0 255
7  1280 1277 1263 1317 651 616 619  0 255 25
7  1277 1280 619 616 651 1317 1263  50 0 255
3  152 1263 1266  0 255 25
3  1263 152 1266  50 0 255
3  2050 35 34  203 255 0
4  2050 124 125 2051  0 255 255
4  2050 35 36 2051  204 0 255
4  2050 124 123 34  204 0 255
4  2052 37 36 2051  203 255 0
4  2052 126 125 2051  204 0 255
4  2052 37 6 55  204 0 255
4  2051 125 126 2052  0 255 255
4  2051 36 35 2050  203 255 0
4  2051 125 124 2050  204 0 255
4  2051 36 37 2052  204 0 255
3  2050 34 35  204 0 255
3  90 1259 89  0 255 178
3  1259 90 89  203 255 0
6  1913 90 89 75 2213 1874  0 255 178
6  90 1913 1874 2213 75 89  127 255 0
3  394 75 1253  0 255 255
3  75 394 1253  127 255 0
8  1640 1253 75 74 88 93 395 948  0 255 255
8  1253 1640 948 395 93 88 74 75  127 255 0
6  1825 93 87 86 1717 1716  0 178 255
6  93 1825 1716 1717 86 87  127 255 0
5  1895 86 87 92 1896  0 178 255
5  86 1895 1896 92 87  203 255 0
9  1471 92 73 1512 34 2050 2051 2052 55  0 255 255
9  92 1471 55 2052 2051 2050 34 1512 73  203 255 0
4  1976 73 72 1259  0 255 178
4  73 1976 1259 72  203 255 0
3  75 89 74  0 255 178
4  1259 89 74 72  203 255 0
3  93 88 87  0 255 255
4  1259 72 74 89  0 255 178
5  73 92 87 88 72  0 255 255
5  92 73 72 88 87  203 255 0
5  240 241 1206 1049 1092  255 229 0
5  241 240 1092 1049 1206  255 76 0
3  1249 1206 399  255 229 0
3  1206 1249 399  255 76 0
4  1244 399 100 380  255 229 0
4  399 1244 380 100  255 76 0
3  301 100 442  127 255 0
3  100 301 442  255 76 0
6  1238 442 100 102 83 1235  127 255 0
6  442 1238 1235 83 102 100  255 76 0
8  468 83 84 412 1228 38 42 1232  203 255 0
8  83 468 1232 42 38 1228 412 84  255 76 0
4  134 84 103 104  127 255 0
4  84 134 104 103  255 76 0
4  135 134 104 1225  127 255 0
4  134 135 1225 104  255 76 0
4  387 104 465 448  255 229 0
4  104 387 448 465  255 76 0
3  1134 465 1216  255 229 0
3  465 1134 1216  255 76 0
5  241 1216 465 103 102  255 229 0
5  1216 241 102 103 465  255 76 0
4  1206 241 100 399  255 229 0
4  241 1206 399 100  255 76 0
3  100 241 102  255 229 0
3  241 100 102  255 76 0
4  83 102 103 84  127 255 0
4  84 103 102 83  255 76 0
3  465 103 104  255 76 0
3  465 104 103  255 229 0
3  78 114 79  255 153 0
3  114 78 79  0 255 178
6  133 78 79 96 97 132  255 153 0
6  78 133 132 97 96 79  0 255 255
5  131 97 96 129 130  255 153 0
5  97 131 130 129 96  0 178 255
15  95 96 79 80 113 119 120 121 122 123 124 125 126 127 128  255 153 0
15  96 95 128 127 126 125 124 123 122 121 120 119 113 80 79  0 255 255
5  118 113 80 81 117  255 153 0
5  113 118 117 81 80  0 255 255
4  116 80 114 115  255 153 0
4  80 116 115 114  0 255 178
3  114 79 80  0 255 178
3  114 80 79  255 153 0
13  112 101 100 102 103 104 105 106 107 108 109 110 111  255 229 0
13  101 112 111 110 109 108 107 106 105 104 103 102 100  127 255 0
3  93 87 88  127 255 0
9  99 93 87 92 94 95 96 97 98  0 255 255
9  93 99 98 97 96 95 94 92 87  0 178 255
3  89 75 74  127 255 0
3  88 72 74  203 255 0
3  88 74 72  0 255 255
10  91 84 83 85 86 87 88 74 89 90  203 255 0
10  84 91 90 89 74 88 87 86 85 83  127 255 0
11  82 73 72 74 75 76 77 78 79 80 81  0 255 255
11  73 82 81 80 79 78 77 76 75 74 72  0 255 178
4  53 8 10 52  204 0 255
4  53 8 39 54  255 76 0
4  50 12 13 49  204 0 255
4  50 12 11 51  255 0 0
4  51 11 12 50  204 0 255
4  51 11 10 52  255 0 0
4  42 38 39 54  204 0 255
4  42 38 6 55  203 255 0
4  49 13 12 50  51 255 0
4  54 39 8 53  204 0 255
4  54 39 38 42  255 76 0
4  52 10 11 51  204 0 255
12  43 46 45 47 48 49 50 51 52 53 54 42  255 0 76
12  46 43 42 54 53 52 51 50 49 48 47 45  204 0 255
10  71 43 44 64 65 66 67 68 69 70  255 0 76
10  43 71 70 69 68 67 66 65 64 44  204 0 255
6  41 44 43 42 55 40  255 0 76
6  44 41 40 55 42 43  204 0 255
10  63 41 40 56 57 58 59 60 61 62  255 0 76
10  41 63 62 61 60 59 58 57 56 40  204 0 255
7  39 8 9 4 5 6 38  255 0 152
7  8 39 38 6 5 4 9  204 0 255
6  37 6 5 34 35 36  255 0 152
6  6 37 36 35 34 5  204 0 255
9  33 5 4 27 28 29 30 31 32  255 0 152
9  5 33 32 31 30 29 28 27 4  204 0 255
3  3 9 8  255 0 152
3  9 3 8  204 0 255
9  26 3 2 20 21 22 23 24 25  255 0 152
9  3 26 25 24 23 22 21 20 2  204 0 255
4  7 2 3 8  255 0 152
4  2 7 8 3  204 0 255
8  1 7 8 10 11 12 13 0  255 0 152
8  7 1 0 13 12 11 10 8  204 0 255
8  19 1 0 14 15 16 17 18  255 0 152
8  1 19 18 17 16 15 14 0  204 0 255

