OFF
2135 1773 0

14.7695 24.2494 -196.621
-13.4212 -26.7475 -196.621
29.6256 16.0371 -196.621
1.43501 -34.9599 -196.621
2.59314 -5.71423 127
2.64491 -4.67747 127
2.53427 -5.39965 127
14.3975 -4.69256 134.022
9.66747 -10.5476 148.129
9.26154 -10.8803 148.129
9.09263 -10.8645 148.129
8.41638 -5.47216 212.859
8.7784 -4.98004 197.161
8.7784 -4.98004 212.859
8.38182 -5.78636 212.859
8.6583 -5.81768 212.859
8.6583 -5.81768 197.161
8.87281 -5.39906 212.859
8.87281 -5.39906 197.161
8.77281 -4.95995 212.859
8.77281 -4.95995 197.161
7.88713 -6.12912 197.161
7.7781 -5.87732 212.859
7.93244 -6.13001 212.859
8.09217 -5.91287 212.859
7.93244 -6.13001 197.161
7.48741 -6.00431 212.859
7.94544 -5.80421 212.859
7.48077 -6.00721 212.859
7.48077 -6.00721 197.161
8.23288 -6.13591 212.859
7.77032 -6.41242 197.161
8.6704 -10.5132 148.129
8.97143 -10.8532 148.129
8.79875 -10.837 148.129
8.91476 -10.4157 148.129
9.0105 -10.6573 148.129
6.56297 0.371074 148.129
7.0239 0.309684 148.129
-55.9455 59.3586 -221.937
-55.9455 59.3586 -196.621
-53.6359 58.0818 -196.621
-53.6359 58.0818 -221.937
-1.16331 -7.2651 120.822
-1.05466 -8.05618 120.822
-0.273147 -7.06786 120.822
-1.05466 -8.05618 114.32
2.64491 -4.67747 120.822
2.53427 -5.39965 120.822
2.64491 -4.67747 134.022
2.8064 -4.40554 155.325
2.59314 -5.71423 134.022
5.29556 -0.906321 155.325
2.59314 -5.71423 155.325
2.89186 -5.18276 155.325
5.41723 -0.689864 155.325
5.54635 -0.46015 155.325
2.59314 -5.71423 114.32
5.25295 -0.285939 127
5.49478 -0.429533 127
4.90528 -0.871371 127
5.49478 -0.429533 120.822
4.90528 -0.871371 120.822
10.5049 -11.0347 120.822
9.37869 -11.5863 120.822
1.52701 -6.669 127
8.79875 -10.837 120.822
8.97143 -10.8532 120.822
13.4849 -5.17395 148.129
13.3932 -4.92202 148.129
13.5351 -5.13049 148.129
6.55536 -0.0199645 148.129
7.03297 0.308476 148.129
7.13222 0.0532084 148.129
19.7052 -1.90896 111.561
-1.43142 -5.31292 114.32
-2.96531 -7.66437 111.561
5.72557 -0.25656 148.129
5.81602 -0.563745 155.325
5.81602 -0.563745 148.129
5.9365 -0.0984655 148.129
6.11697 0.0367981 148.129
6.29495 -0.412282 148.129
5.49478 -0.429533 148.129
6.29495 -0.412282 155.325
19.7052 -1.90896 105.86
21.1689 -2.71809 105.86
19.7052 -1.90896 109.361
7.17017 -10.6849 155.325
7.17017 -10.6849 114.32
7.14379 -10.669 155.325
6.09719 -10.0405 155.325
7.94278 -7.21397 197.161
8.10996 -6.88773 197.161
6.65946 -6.59786 197.161
7.04459 -5.39678 197.161
3.7264 -8.6168 127
2.99391 -7.75081 148.129
3.7264 -8.6168 148.129
2.99391 -7.75081 120.822
3.7264 -8.6168 120.822
2.99391 -7.75081 134.022
3.7264 -8.6168 134.022
3.96484 -8.66183 155.325
4.02394 -8.79547 155.325
11.9391 -8.68619 155.325
12.5663 -8.17219 155.325
3.68969 0.642306 114.32
4.91717 1.11956 114.32
-48.6287 27.5155 -215.144
-48.6287 27.5155 -221.937
8.6704 -10.5132 155.325
8.91476 -10.4157 155.325
-39.116 37.4326 -196.621
-39.116 37.4326 -221.937
-36.2478 42.6211 -221.937
-36.2478 42.6211 -196.621
10.5049 -11.0347 126.685
10.4891 -10.9949 126.685
9.07507 -11.4749 126.685
5.7353 -0.123987 148.129
5.97799 0.307795 148.129
6.00535 0.318432 148.129
2.99391 -7.75081 127
2.97293 -7.72601 127
3.16856 -7.69913 127
3.51791 -7.65112 127
8.97143 -10.8532 134.022
2.84973 -7.08548 148.129
3.13685 -7.41077 148.129
3.16856 -7.69913 148.129
-1.6937 -8.3673 111.561
15.6011 -3.04017 126.685
13.7593 -3.15133 148.129
13.7233 -3.46918 148.129
13.5371 -3.51171 148.129
13.6443 -3.09572 148.129
8.42821 -10.8024 120.822
5.84787 0.715795 134.022
6.04089 1.04082 134.022
13.1073 -3.32343 148.129
13.2425 -3.57902 148.129
13.3198 -3.23332 148.129
13.5351 -5.13049 148.129
13.5631 -4.8832 148.129
13.6008 -4.55071 148.129
13.6296 -4.54414 148.129
13.7872 -4.91255 148.129
13.5274 -5.19917 134.022
13.7872 -4.91255 134.022
13.9153 -5.21196 134.022
13.8465 -5.38866 134.022
13.5351 -5.13049 134.022
13.5351 -5.13049 155.325
13.8465 -5.38866 114.32
1.99176 -6.56602 134.022
2.15983 -6.52878 134.022
2.1306 -6.73017 134.022
8.70896 -4.73012 197.161
10.0357 -5.55304 197.161
0.517885 9.58594 100.879
1.68644 9.73441 100.879
18.8082 -1.02695 109.361
7.59726 0.112197 148.129
7.59726 0.112197 134.022
51.4626 -0.646053 -221.937
53.4154 2.8864 -196.621
53.4154 2.8864 -221.937
4.90528 -0.871371 134.022
5.49478 -0.429533 134.022
2.97293 -7.72601 148.129
9.07507 -11.4749 120.822
9.2407 -11.5357 120.822
-35.216 -9.76415 -221.937
2.42173 -6.1343 127
2.1364 -5.53371 127
1.22196 -7.41515 127
8.42821 -10.8024 148.129
14.2286 -4.40731 148.129
14.1561 -4.59359 148.129
6.15937 -0.0701945 148.129
13.6955 -3.71458 148.129
13.6501 -4.1154 148.129
1.71655 -6.24067 127
2.03242 -5.7088 127
2.15983 -6.52878 127
1.99176 -6.56602 127
1.99176 -6.56602 120.822
2.15983 -6.52878 120.822
1.71655 -6.24067 134.022
2.03242 -5.7088 134.022
16.0787 -2.93106 120.822
15.6011 -3.04017 120.822
23.7295 2.69362 77.3216
23.7295 2.69362 93.567
23.5006 2.27962 93.567
4.5 0.161153 114.32
3.47903 0.767395 114.32
3.29505 -0.433524 114.32
4.29645 -0.306501 114.32
3.63672 -1.82216 114.32
3.01041 -2.29158 114.32
3.13685 -7.41077 155.325
3.16856 -7.69913 134.022
1.13152 -6.75663 120.822
1.52701 -6.669 120.822
14.194 -3.36164 148.129
14.1941 -3.36163 148.129
13.7593 -3.15133 134.022
6.93205 0.647707 148.129
7.48365 0.404384 148.129
7.54759 0.239935 148.129
7.54759 0.239935 134.022
7.48365 0.404384 134.022
6.90807 0.629729 134.022
6.93205 0.647707 134.022
13.1073 -3.32343 134.022
10.985 -12.246 126.685
-62.0543 0.136361 -205.726
-47.0529 -8.15627 -205.726
-37.3057 -13.5444 -221.937
-37.3057 -13.5444 -196.621
-35.216 -9.76415 -196.621
8.34314 -6.13808 212.859
8.34314 -6.13808 197.161
29.4191 -40.5225 -221.937
3.85358 3.21236 114.32
1.12154 2.15013 114.32
8.83037 -10.9168 126.685
8.97143 -10.8532 126.685
9.04754 -11.4648 126.685
2.97293 -7.72601 120.822
2.39159 -5.10402 114.32
8.83037 -10.9168 120.822
9.04754 -11.4648 120.822
23.1004 1.55561 93.567
22.8938 1.18188 93.567
23.1004 1.55561 100.879
1.20374 -7.4117 120.822
61.8341 -41.1885 -195.554
59.0557 -43.4409 -195.554
15.6294 5.19745 100.879
15.6294 5.19745 93.567
15.836 5.57128 93.567
15.836 5.57128 100.879
6.05182 0.439152 148.129
5.95225 0.452414 148.129
67.4144 -28.2821 -221.937
68.288 -21.9369 -221.937
68.288 -21.9369 -196.621
61.0259 -17.9227 -221.937
58.1349 -23.1525 -221.937
6.55536 -0.0199645 155.325
3.79365 5.89894 111.561
3.27032 6.18823 114.32
3.61393 -7.86826 134.022
2.97293 -7.72601 134.022
3.51791 -7.65112 134.022
5.25295 -0.285939 134.022
5.7353 -0.123987 134.022
5.9365 -0.0984655 134.022
5.31767 -0.176961 134.022
5.85918 0.687238 134.022
5.97799 0.307795 134.022
5.49375 0.119519 134.022
5.25295 -0.285939 114.32
5.31767 -0.176961 114.32
8.23288 -6.13591 197.161
5.7456 0.543602 114.32
-11.3824 -9.0624 93.567
-11.3824 -9.0624 100.879
-11.6162 -9.48539 93.567
-8.74118 -10.5224 93.567
-8.97502 -10.9454 93.567
-13.8125 -8.27128 93.567
-13.5787 -7.84832 93.567
-13.5787 -7.84832 100.879
-13.8125 -8.27128 100.879
-17.4786 -6.24469 93.567
8.42821 -10.8024 134.022
8.79875 -10.837 134.022
10.2885 -10.4888 148.129
-0.158717 -6.20283 114.32
8.42821 -10.8024 114.32
10.5571 -12.4156 120.822
10.985 -12.246 120.822
10.9524 -12.1638 120.822
4.22834 5.65865 114.32
4.22834 5.65865 111.561
3.79365 5.89894 114.32
14.1561 -4.59359 134.022
14.6557 -4.30975 134.022
13.9665 -5.33174 134.022
14.6557 -4.30975 114.32
13.9665 -5.33174 114.32
14.6851 -18.9126 109.361
66.8989 -32.026 -196.621
67.4144 -28.2821 -196.621
66.8989 -32.026 -195.554
67.4144 -28.2821 -195.554
13.219 -3.5844 148.129
3.16856 -7.69913 155.325
13.6074 -4.49235 148.129
2.17622 -7.83549 127
2.16258 -7.82595 127
2.16258 -7.82595 120.822
2.17622 -7.83549 120.822
13.3198 -3.23332 134.022
13.6443 -3.09572 134.022
25.4623 -5.09146 100.879
26.3392 -6.82189 100.879
26.3392 -6.82189 105.86
25.4623 -5.09146 105.86
26.116 -7.22557 105.86
26.116 -7.22557 100.879
10.5571 -12.4156 126.685
12.8625 -7.10485 155.325
12.4944 -8.43158 155.325
3.7264 -8.6168 155.325
2.36086 -6.53165 148.129
2.36837 -6.48258 148.129
2.03242 -5.7088 120.822
2.1364 -5.53371 120.822
2.42173 -6.1343 120.822
2.36837 -6.48258 134.022
2.36086 -6.53165 134.022
2.2998 -6.93021 134.022
2.20474 -6.81782 134.022
5.74334 10.6622 100.879
5.74334 10.6622 93.567
5.95006 11.0362 93.567
5.95006 11.0362 100.879
8.83037 -10.9168 148.129
9.27133 -11.3154 148.129
9.07507 -11.4749 148.129
9.04754 -11.4648 148.129
6.90807 0.629729 148.129
7.54524 -5.50782 221.837
7.60275 -5.01417 221.837
8.40178 -5.60484 221.837
7.94544 -5.80421 221.837
8.47619 -4.92829 221.837
7.93217 -4.87023 221.837
27.3142 -44.3302 -196.621
25.2245 -48.1105 -196.621
25.2245 -48.1105 -221.937
27.3142 -44.3302 -221.937
9.04754 -11.4648 134.022
8.83037 -10.9168 134.022
9.04754 -11.4648 114.32
8.83037 -10.9168 114.32
8.97143 -10.8532 114.32
8.25801 -11.1751 114.32
9.2407 -11.5357 126.685
13.746 -6.71431 114.32
13.6317 -5.9402 114.32
2.78124 -3.78755 127
2.75794 -3.93959 127
2.89188 -3.06529 127
3.34509 -2.49215 127
3.38543 -2.44114 127
2.89188 -3.06529 120.822
2.78124 -3.78755 120.822
2.75794 -3.93959 120.822
3.38543 -2.44114 120.822
3.34509 -2.49215 120.822
8.67295 -10.9879 114.32
2.78124 -3.78755 148.129
2.75794 -3.93959 148.129
3.34509 -2.49215 148.129
3.38543 -2.44114 148.129
2.89188 -3.06529 148.129
14.2286 -4.40731 134.022
2.75794 -3.93959 134.022
2.78124 -3.78755 134.022
3.34509 -2.49215 134.022
3.38543 -2.44114 134.022
2.89188 -3.06529 134.022
3.38543 -2.44114 155.325
14.6851 -18.9126 105.86
3.38543 -2.44114 114.32
3.22329 -3.25223 155.325
8.24379 -10.7852 114.32
8.24379 -10.7852 155.325
7.52302 -10.9055 114.32
19.8687 -1.61321 109.361
21.3324 -2.42237 109.361
21.1689 -2.71809 109.361
9.66097 -3.98099 161.823
10.0772 -5.47969 161.823
10.6184 -4.52221 161.823
5.14771 3.71552 120.822
5.63466 3.90485 120.822
5.94311 3.11153 120.822
2.84973 -7.08548 155.325
5.14771 3.71552 114.32
5.63466 3.90485 114.32
5.94311 3.11153 114.32
5.15109 5.14857 114.32
14.3574 -4.07658 148.129
14.2311 -4.40075 148.129
13.5631 -4.8832 134.022
13.3932 -4.92202 134.022
13.5631 -4.8832 155.325
13.3932 -4.92202 155.325
-11.0678 33.9201 -196.621
-9.11512 37.4526 -196.621
-11.0678 33.9201 -221.937
-9.11512 37.4526 -221.937
10.0759 -9.95233 148.129
10.767 -10.0765 148.129
6.15937 -0.0701945 155.325
-42.8584 -0.568324 -141.034
10.3643 -9.83727 134.022
56.2296 -15.2714 -141.034
-41.8789 1.20344 -141.034
10.2885 -10.4888 134.022
10.0759 -9.95233 134.022
-13.2772 29.9233 -196.621
2.47466 -5.78875 114.32
10.2996 -21.6003 93.567
10.2996 -21.6003 100.879
10.5336 -21.177 93.567
2.72224 -6.40417 148.129
-15.0123 -3.48616 93.567
-14.6056 -3.71099 100.879
-16.2512 -20.2477 -141.034
-14.593 -2.7275 100.879
-15.3826 -4.15596 93.567
9.66747 -10.5476 155.325
7.48365 0.404384 114.32
7.99003 0.181008 114.32
8.78782 0.263216 114.32
9.46349 -0.0152369 155.325
9.46349 -0.0152369 114.32
7.25944 0.893086 114.32
-7.59841 -11.7064 93.567
-11.3558 -6.38194 100.879
27.9049 -5.55254 100.879
-14.9759 -4.38078 100.879
1.72738 8.41562 100.879
1.93982 8.79995 105.86
6.05717 2.81819 127
1.72738 8.41562 105.86
1.93982 8.79995 100.879
2.27617 9.40842 100.879
15.2196 5.42399 93.567
5.32056 2.04629 120.822
2.27617 9.40842 105.86
17.6332 -9.11422 109.361
6.46836 1.76061 120.822
4.35294 -9.35751 114.32
-5.16523 -14.3123 44.6192
-1.81582 10.8759 100.879
-43.9945 54.995 -196.621
3.31656 8.03894 105.86
15.0148 -3.77711 134.022
3.6529 8.64738 100.879
14.5974 -3.46011 134.022
3.6529 8.64738 105.86
5.58495 1.37919 134.022
8.83306 -21.5767 93.567
14.8494 -23.5627 100.879
5.65086 1.21287 134.022
10.5303 -11.0988 120.822
18.1567 4.28844 93.567
17.2236 -24.8751 100.879
17.9501 3.91464 93.567
74.3631 -18.5229 -221.937
18.1567 4.28844 100.879
17.9501 3.91464 100.879
10.767 -10.0765 155.325
18.1877 -25.9609 93.567
9.57913 -0.0306395 120.822
10.1878 -0.111711 120.822
11.1319 -0.828564 120.822
18.9203 -25.813 93.567
10.3659 -0.585435 120.822
20.4177 -0.620034 100.879
15.8299 -4.04152 126.685
9.57913 -0.0306395 148.129
13.5274 -5.19917 148.129
-8.03155 8.18166 93.567
-29.0935 -0.609376 -126.346
11.1319 -0.828564 148.129
-8.03155 8.18166 100.879
10.3659 -0.585435 148.129
49.2534 -4.6426 -126.346
25.7481 -31.4013 -221.937
10.1878 -0.111711 148.129
-6.05503 12.7179 100.879
10.3659 -0.585435 134.022
2.70296 -18.1877 44.6192
11.1319 -0.828564 134.022
10.4709 -30.0482 -126.346
21.9668 2.18226 100.879
9.57913 -0.0306395 134.022
-7.18268 -12.7226 44.6192
19.0447 -20.0177 109.361
-5.84277 13.1019 93.567
-6.77593 13.1164 93.567
-5.43601 12.877 100.879
-8.24724 -17.3878 -106.91
-1.16331 -7.2651 114.32
-5.84277 13.1019 100.879
21.8814 -1.42917 100.879
7.89668 23.4368 -126.346
-6.01378 23.4672 44.6192
-4.80259 -6.64873 105.86
23.0595 -3.76317 100.879
7.89668 23.4368 -141.034
10.2415 -13.7636 120.822
24.647 -9.88312 100.879
41.5458 -2.82329 -106.91
5.75508 -0.583016 155.325
10.1208 -16.7436 105.86
-1.91064 -3.18478 111.561
4.81719 -1.24289 161.823
-1.91064 -3.18478 114.32
0.170171 -4.42036 114.32
8.11734 0.164053 155.325
1.10048 2.26271 114.32
27.1162 -14.3565 100.879
2.08278 -2.98684 114.32
57.5318 -48.9715 -196.621
6.05717 2.81819 114.32
10.4891 -10.9949 114.32
1.10048 2.26271 111.561
-23.0243 35.3114 -221.937
12.8657 6.72516 100.879
-9.38938 -5.95881 100.879
-9.48013 -5.55391 100.879
1.20374 -7.4117 127
23.4359 -3.08223 105.86
23.2229 -3.4675 100.879
10.7322 -10.1282 134.022
10.98 -10.3286 134.022
10.4709 -30.0482 -106.91
-4.05407 -7.06251 114.32
10.7837 -10.0864 134.022
8.6421 4.20659 111.561
-3.85384 -8.66415 111.561
18.4429 -1.21117 111.561
8.63086 4.21281 111.561
31.9161 -5.67349 100.879
31.9161 -5.67349 93.567
31.2387 -3.431 100.879
-21.61 -4.74654 77.3216
31.0285 -7.27914 93.567
31.0285 -7.27914 100.879
-2.77086 29.3337 -126.346
9.75058 -10.926 148.129
-5.50632 13.7105 93.567
10.4891 -10.9949 148.129
6.46836 1.76061 134.022
6.11346 1.00881 134.022
-4.28212 17.6277 93.567
13.1073 -3.32343 114.32
5.59948 12.1688 93.567
13.3198 -3.23332 114.32
13.1073 -3.32343 155.325
7.54759 0.239935 114.32
7.59726 0.112197 155.325
9.57913 -0.0306395 114.32
9.57913 -0.0306395 155.325
8.3763 -10.7631 155.325
11.1319 -0.828564 155.325
8.08946 0.137146 155.325
11.1319 -0.828564 114.32
9.68933 -4.08311 197.161
8.60109 -10.3382 155.325
23.0595 -3.76317 109.361
23.2229 -3.4675 105.86
23.0595 -3.76317 105.86
2.16079 -7.83761 127
8.85474 4.47549 111.561
8.59329 4.14486 111.561
1.2963 -7.95641 127
4.42245 6.92574 111.561
-16.1452 24.7351 -221.937
-13.2772 29.9233 -221.937
0.887655 -9.79425 111.561
0.306507 -9.47299 114.32
0.306507 -9.47299 111.561
7.50843 11.1142 93.567
10.5303 -11.0988 126.685
10.9524 -12.1638 126.685
9.37869 -11.5863 134.022
10.0926 -11.8483 134.022
10.0054 -11.9976 134.022
9.72915 -12.4707 134.022
-5.16523 -14.3123 93.567
11.3317 -9.2391 155.325
11.136 -9.52934 155.325
-4.96438 -13.9489 93.567
-33.1112 -5.95647 -196.621
-7.93134 -12.3087 93.567
19.1282 5.23706 -126.346
10.5049 -11.0347 148.129
6.89466 0.664201 134.022
7.57249 -21.3537 93.567
9.2407 -11.5357 148.129
-9.75436 6.02569 93.567
30.3985 -38.7508 -126.346
8.79448 4.5088 109.361
4.9328 -9.76297 114.32
-47.4207 48.7973 -221.937
2.59314 -5.71423 120.822
2.42173 -6.1343 134.022
2.72224 -6.40417 134.022
-58.4219 54.8787 -196.621
21.9668 2.18226 93.567
10.1878 -0.111711 134.022
7.81306 -7.25 197.161
2.53427 -5.39965 134.022
6.45898 -6.48453 197.161
8.06726 1.49855 114.32
5.75425 -0.583602 155.325
-56.1123 53.6019 -196.621
-35.8165 47.6009 -196.621
5.49478 -0.429533 155.325
-7.93134 -12.3087 44.6192
-5.43601 12.877 93.567
5.49478 -0.429533 114.32
14.5352 -19.1838 100.879
-45.5415 25.8089 -196.012
4.22141 -1.38393 114.32
2.80806 -4.42066 155.325
12.7643 -2.5217 155.325
-1.67434 -14.4288 93.567
5.7539 -0.583391 155.325
8.22974 9.28781 100.879
2.72224 -6.40417 155.325
8.22974 9.28781 93.567
2.50223 -18.5509 -126.346
3.01894 -6.33843 155.325
2.53427 -5.39965 155.325
2.53427 -5.39965 114.32
0.10625 -11.2078 105.86
2.96863 -7.72093 148.129
39.7119 -6.14094 -126.346
7.20171 -0.125516 155.325
2.1364 -5.53371 134.022
7.57249 -21.3537 -126.346
5.95225 0.452414 134.022
10.5856 -11.004 134.022
3.20119 -7.99587 155.325
10.4891 -10.9949 134.022
6.45898 -6.48453 161.823
7.54524 -5.50782 212.859
7.60275 -5.01417 212.859
4.58483 -1.11154 155.325
46.3858 -9.83006 -221.937
2.16258 -7.82595 148.129
2.19721 -7.59989 148.129
2.17622 -7.83549 148.129
1.22196 -7.41515 120.822
22.7453 -36.8333 -106.91
2.15983 -6.52878 114.32
2.03242 -5.7088 114.32
6.57892 12.1739 93.567
2.42173 -6.1343 114.32
-11.1434 -11.0075 77.3216
2.1364 -5.53371 114.32
-4.43925 14.6802 93.567
3.61393 -7.86826 127
-15.602 -5.51349 93.567
-14.9247 -7.10428 100.879
-54.8565 13.1573 -196.621
-14.9247 -7.10428 93.567
-12.4376 -5.78393 100.879
10.2719 -10.4468 148.129
-40.8941 38.4154 -221.937
15.8253 6.51973 -106.91
-13.2772 29.9233 -141.034
-4.41143 6.18045 105.86
-0.383615 16.0226 93.567
58.0634 -11.954 -196.621
14.075 8.03032 44.6192
6.23655 12.3631 77.3216
19.1282 5.23706 44.6192
13.8957 -20.3407 100.879
14.2655 -19.6716 105.86
3.7264 -8.6168 114.32
13.8957 -20.3407 105.86
10.5336 -21.177 100.879
39.263 -45.9642 -221.937
13.4827 -5.17267 134.022
10.985 -12.246 134.022
10.985 -12.246 114.32
21.5352 3.90655 -126.346
8.16912 9.80952 93.567
8.16912 9.80952 100.879
-39.8551 4.86449 -196.621
7.96241 9.43558 93.567
7.96241 9.43558 100.879
-23.0243 35.3114 -196.621
9.96631 -22.2032 77.3216
9.76567 -22.5662 93.567
-19.5429 41.6094 -221.937
14.194 -3.36164 134.022
14.2286 -4.40731 155.325
14.1941 -3.36163 134.022
13.6008 -4.55071 155.325
14.3574 -4.07658 134.022
14.4044 -3.31357 134.022
6.23655 12.3631 44.6192
5.02376 -19.4708 77.3216
6.00522 11.9446 44.6192
12.9385 -3.64849 155.325
6.57892 12.1739 44.6192
5.83088 12.5874 44.6192
5.59948 12.1688 44.6192
3.04591 -6.58373 155.325
-13.8197 -1.32866 100.879
9.31176 -6.83376 197.161
-13.413 -1.55349 100.879
3.51791 -7.65112 155.325
-13.413 -1.55349 93.567
3.96484 -8.66183 161.823
-13.8197 -1.32866 93.567
2.52214 6.60182 105.86
20.3563 -28.4207 77.3216
2.52214 6.60182 111.561
3.29232 7.1639 111.561
2.94039 7.35844 111.561
10.0961 -22.7488 77.3216
47.0619 -43.1837 -196.621
7.32022 -4.53717 212.859
8.52044 -4.61319 212.859
61.0259 -17.9227 -196.621
8.14348 -4.37939 212.859
58.1349 -23.1525 -195.554
14.282 -24.5891 93.567
14.282 -24.5891 77.3216
14.0814 -24.9519 93.567
14.0814 -24.9519 77.3216
-7.60006 -8.45807 100.879
-7.22992 -7.78847 105.86
-7.22992 -7.78847 100.879
-7.60006 -8.45807 105.86
18.7344 -22.1421 100.879
18.9203 -25.813 100.879
21.017 -25.39 100.879
4.36785 6.56935 111.561
3.68855 6.94486 111.561
34.0926 -3.57176 93.567
13.0723 7.09904 100.879
-9.48013 -5.55391 105.86
28.1028 -0.262761 93.567
28.1028 -0.262761 77.3216
-51.086 23.0706 -215.144
28.331 0.150044 93.567
-9.38938 -5.95881 105.86
-0.533225 -12.3645 100.879
-0.0468038 -7.01771 127
30.4192 -1.00423 93.567
30.1913 -1.41651 93.567
30.4192 -1.00423 77.3216
11.0345 -10.2353 134.022
15.8253 6.51973 77.3216
14.075 8.03032 93.567
30.7181 -1.70756 77.3216
30.7181 -1.70756 93.567
7.33261 -10.335 161.823
30.523 -1.06163 77.3216
32.4964 -2.68998 93.567
32.2994 -2.04356 77.3216
18.6883 -1.24386 111.561
11.1319 -0.828564 161.823
32.4964 -2.68998 77.3216
5.7456 0.543602 134.022
8.80946 -0.0913921 161.823
8.47619 -4.92829 212.859
34.0926 -3.57176 77.3216
7.13661 -10.6817 155.325
14.5352 -19.1838 105.86
-4.96438 -13.9489 44.6192
14.6851 -18.9126 100.879
66.8989 -32.026 -221.937
15.4955 -3.0643 134.022
15.6011 -3.04017 134.022
15.6591 -3.2939 134.022
-14.1453 -8.87334 77.3216
4.19488 -8.25487 161.823
-6.81049 -7.0297 105.86
6.43906 1.71128 134.022
-14.1453 -8.87334 93.567
7.59726 0.112197 114.32
13.6501 -4.1154 155.325
-15.9046 -8.37546 77.3216
-7.36455 -11.2834 100.879
-17.8113 -6.84661 77.3216
14.1941 -3.36163 114.32
23.2239 0.999398 93.567
-1.21894 -5.4615 114.32
8.03113 -10.5015 155.325
10.3659 -0.585435 155.325
10.7837 -10.0864 114.32
11.0345 -10.2353 114.32
10.7837 -10.0864 155.325
8.58786 -4.29421 197.161
0.153117 0.548811 111.561
15.6011 -3.04017 114.32
8.30691 -3.21556 161.823
-5.16523 -14.3123 -126.346
11.925 -2.21082 161.823
-4.96438 -13.9489 -126.346
-5.16523 -14.3123 -106.91
39.8816 -1.90332 44.6192
-61.2903 49.6898 -221.937
39.7119 -6.14094 -106.91
-0.220022 9.49218 100.879
-0.788823 9.41991 100.879
-16.3509 -6.8681 93.567
-0.216619 -10.6748 111.561
42.9914 -14.3959 -141.034
43.6581 -14.7644 -126.346
16.0887 -0.89763 114.32
8.14348 -4.37939 197.161
1.56367 8.11947 105.86
2.19721 -7.59989 127
-6.02279 -13.3638 93.567
13.6443 -3.09572 114.32
13.5252 -5.21834 114.32
-2.2413 -15.4544 -126.346
-2.44211 -15.8176 -126.346
-4.83544 -8.47612 105.86
-0.533225 -12.3645 105.86
5.59948 12.1688 77.3216
16.7132 -2.78612 114.32
-1.42022 -8.51848 111.561
6.05182 0.439152 134.022
-1.42022 -8.51848 114.32
6.56297 0.371074 134.022
0.104607 -8.12018 120.822
6.46836 1.76061 114.32
-26.6652 -9.51971 -106.91
6.54734 1.5575 114.32
23.7247 -35.0616 -126.346
-58.9806 48.4131 -196.621
-56.1123 53.6019 -221.937
-38.0259 43.604 -196.621
-53.9028 57.5989 -221.937
-35.8165 47.6009 -221.937
14.2655 -19.6716 100.879
0.256334 -10.9363 105.86
25.4636 8.50803 -126.346
10.5049 -11.0347 134.022
10.3643 -9.83727 148.129
5.51077 -10.1671 155.325
27.7018 -0.988043 93.567
27.7018 -0.988043 100.879
11.2909 9.02466 93.567
1.33084 13.1014 93.567
7.13222 0.0532084 155.325
46.3858 -9.83006 -141.034
10.3578 -10.4324 134.022
-9.69929 21.172 -106.91
27.4952 -1.36169 93.567
29.5835 -2.51602 93.567
29.79 -2.14239 100.879
-13.2772 29.9233 -126.346
29.5835 -2.51602 100.879
13.1556 -4.25658 161.823
29.79 -2.14239 93.567
2.62363 -5.87721 134.022
7.08846 2.24181 114.32
25.321 0.328035 93.567
-11.0678 33.9201 -126.346
13.2097 -5.7512 161.823
25.1144 -0.0456589 93.567
25.1144 -0.0456589 100.879
19.1282 5.23706 77.3216
-15.3319 24.2855 -126.346
17.5911 -5.73338 114.32
16.4556 -26.2644 77.3216
-35.216 -9.76415 -126.346
0.272563 -16.0574 100.879
5.68736 19.44 -196.621
16.6562 -25.9016 93.567
-20.8149 39.3082 -221.937
0.506467 -15.6343 93.567
13.0723 7.09904 93.567
16.4556 -26.2644 93.567
1.78505 -10.2903 111.561
6.99138 -13.1683 111.561
0.945662 -8.0046 127
8.40178 -5.60484 212.859
4.64827 -1.1474 155.325
12.8536 -7.9387 155.325
2.75794 -3.93959 155.325
4.7629 -0.978083 155.325
2.75794 -3.93959 114.32
-6.05503 12.7179 93.567
24.084 -30.4814 77.3216
13.7593 -3.15133 114.32
12.9504 -2.76013 114.32
-26.6652 -9.51971 -126.346
12.4769 -1.84991 114.32
7.14736 -5.21315 212.859
8.10635 -20.3879 93.567
8.2617 -10.6762 155.325
8.42821 -10.8024 155.325
8.74506 -10.7015 155.325
8.79875 -10.837 155.325
8.79875 -10.837 114.32
18.9764 -39.7211 -141.034
2.62363 -5.87721 114.32
3.17808 -7.7857 155.325
24.4299 6.63821 -126.346
2.99391 -7.75081 155.325
2.99391 -7.75081 114.32
-15.0123 -3.48616 100.879
17.6546 -2.57102 120.822
17.8834 -3.57244 120.822
6.09719 -10.0405 161.823
13.4849 -5.17395 134.022
-14.6056 -3.71099 93.567
10.98 -10.3286 114.32
1.22809 -7.35574 134.022
7.26759 -0.104683 161.823
8.63928 -0.10539 155.325
8.8015 -0.105474 161.823
8.8015 -0.105474 155.325
10.5571 -12.4156 134.022
7.26759 -0.104683 155.325
22.1277 -23.3807 93.567
18.3423 -21.2882 100.879
9.76567 -22.5662 77.3216
8.02346 0.166259 155.325
9.96631 -22.2032 93.567
0.104607 -8.12018 127
12.0539 -1.61166 114.32
8.06558 0.147683 155.325
-4.05407 -7.06251 111.561
6.8371 -10.6538 114.32
8.06306 0.171282 155.325
2.16258 -7.82595 134.022
8.06306 0.171282 114.32
4.7629 -0.978083 114.32
24.2778 -2.7539 100.879
19.2869 -2.66557 111.561
8.30691 -3.21556 197.161
19.2869 -2.66557 114.32
18.2265 -2.07935 111.561
-50.0034 25.0289 -221.937
-50.0034 25.0289 -215.144
21.5453 -2.03719 105.86
-48.6941 24.3051 -221.937
-48.6941 24.3051 -215.144
20.5568 -28.058 93.567
3.27032 6.18823 111.561
-51.086 23.0706 -205.726
-50.0034 25.0289 -205.726
-48.6941 24.3051 -205.726
9.16631 -20.9739 100.879
-47.3195 26.7918 -215.144
9.07507 -11.4749 114.32
1.22196 -7.41515 134.022
1.2963 -7.95641 134.022
53.3386 -20.5012 -195.554
-5.85331 -8.54949 105.86
1.22196 -7.41515 114.32
7.88465 -10.3905 155.325
8.27678 -7.12121 161.823
7.81306 -7.25 161.823
8.77052 -7.79125 161.823
9.31176 -6.83376 161.823
49.7602 -38.3023 -195.554
-21.7577 12.6612 -126.346
6.54734 1.5575 134.022
5.68736 19.44 -126.346
21.017 -25.39 93.567
-0.0604992 -16.66 -126.346
-58.4219 54.8787 -193.243
-0.261266 -17.0232 -126.346
-56.1123 53.6019 -193.243
-35.0316 49.0208 -221.937
-0.261266 -17.0232 -106.91
-53.9028 57.5989 -193.243
-52.2868 60.5223 -221.937
-23.6621 -4.08708 44.6192
-56.2125 58.8756 -193.243
3.03608 -17.5851 93.567
-11.1289 3.53903 100.879
-56.1123 53.6019 -196.012
-53.9028 57.5989 -196.012
-53.9028 57.5989 -196.621
-2.66926 33.8894 -196.621
-56.2125 58.8756 -196.621
-10.7222 3.31419 100.879
-1.25276 -8.30671 120.822
-0.0468038 -7.01771 120.822
-33.8638 51.1334 -221.937
5.35692 -18.868 93.567
-33.8638 51.1334 -196.621
66.1026 -8.73888 -221.937
-1.90825 -14.8519 100.879
8.34714 -6.1017 212.859
-2.62547 -4.47801 114.32
-1.90825 -14.8519 93.567
0.20807 -6.4593 114.32
7.93217 -4.87023 212.859
-56.1661 13.8813 -205.726
9.0105 -10.6573 155.325
-46.9161 23.3222 -196.621
-45.5415 25.8089 -196.621
-46.9161 23.3222 -196.012
23.4305 1.37312 93.567
6.93205 0.647707 114.32
-4.39751 -12.9235 93.567
-4.39751 -12.9235 100.879
-4.63139 -13.3466 100.879
-4.63139 -13.3466 93.567
-5.68982 -12.7615 93.567
-6.56249 10.8392 93.567
-6.96924 11.0641 93.567
-12.497 -8.44629 100.879
-6.96924 11.0641 100.879
-6.56249 10.8392 100.879
5.58495 1.37919 127
5.32056 2.04629 127
5.15382 2.46699 127
6.46836 1.76061 127
6.43906 1.71128 127
15.2196 5.42399 100.879
5.15382 2.46699 120.822
-5.16523 -14.3123 77.3216
7.64029 -10.4084 155.325
20.6995 2.39479 93.567
7.64029 -10.4084 161.823
-2.02818 10.4918 100.879
-11.9491 -10.0875 93.567
8.87613 -10.3182 155.325
9.22241 -10.2929 155.325
9.22241 -10.2929 161.823
-9.34763 5.80085 100.879
54.3816 -47.2301 -221.937
10.3643 -9.83727 155.325
1.13152 -6.75663 127
10.0759 -9.95233 155.325
16.0787 -2.93106 126.685
16.7132 -2.78612 126.685
47.553 -6.14399 -126.346
42.5795 -0.953397 -126.346
18.6447 -1.32272 111.561
-7.18268 -12.7226 77.3216
-7.38355 -13.086 44.6192
-4.80259 -6.64873 111.561
5.72557 -0.25656 134.022
11.7775 -14.2456 120.822
10.6151 -14.7062 120.822
5.72557 -0.25656 155.325
23.772 -2.47425 105.86
23.772 -2.47425 100.879
23.4359 -3.08223 100.879
26.8666 -5.86774 100.879
1.9345 14.1934 77.3216
2.16642 14.613 77.3216
11.4265 -9.56392 114.32
27.5791 -4.57882 100.879
10.5856 -11.004 114.32
34.9706 -30.4799 -141.034
34.304 -30.1115 -126.346
34.9706 -30.4799 -126.346
15.8299 -4.04152 114.32
8.09857 3.51923 111.561
6.34763 11.7555 93.567
6.57892 12.1739 77.3216
2.19721 -7.59989 114.32
-10.9425 -10.644 77.3216
-4.43925 14.6802 100.879
16.0787 -2.93106 114.32
-2.71611 15.3384 100.879
-2.71611 15.3384 93.567
15.4955 -3.0643 114.32
2.17622 -7.83549 134.022
10.2719 -10.4468 155.325
13.9153 -5.21196 114.32
14.2577 -6.01227 114.32
2.16079 -7.83761 114.32
14.2311 -4.40075 134.022
9.36667 -2.92127 161.823
1.21723 -7.38069 134.022
-5.64828 12.493 100.879
1.52701 -6.669 134.022
15.471 -4.1235 114.32
24.0596 2.51115 93.567
15.471 -4.1235 134.022
10.6074 16.7203 44.6192
23.8308 2.09723 93.567
9.2407 -11.5357 134.022
10.5303 -11.0988 134.022
1.52701 -6.669 114.32
1.71655 -6.24067 114.32
50.3348 -61.9911 -196.621
2.64491 -4.67747 114.32
11.2647 -12.9518 126.685
11.4039 -13.303 126.685
10.2415 -13.7636 126.685
-1.25276 -8.30671 114.32
9.82265 -12.7066 126.685
5.58495 1.37919 120.822
-11.1352 -18.1045 44.6192
-8.08154 19.7266 44.6192
1.02627 -5.42459 114.32
-11.1352 -18.1045 -106.91
11.4039 -13.303 120.822
11.2647 -12.9518 120.822
1.71451 -6.23825 114.32
9.82265 -12.7066 120.822
-4.96438 -13.9489 77.3216
4.35294 -9.35751 155.325
51.4626 -0.646053 -141.034
10.8925 8.30404 93.567
2.78124 -3.78755 155.325
12.2402 -15.4132 111.561
10.2415 -13.7636 114.32
11.4039 -13.303 114.32
7.56334 -6.12275 197.161
9.82265 -12.7066 134.022
4.73723 -9.22383 155.325
11.7775 -14.2456 114.32
10.6151 -14.7062 114.32
-23.8348 -8.77117 44.6192
9.82265 -12.7066 114.32
11.2647 -12.9518 114.32
10.8512 -15.302 114.32
9.37869 -11.5863 114.32
18.4922 -21.0172 100.879
8.36607 -33.8559 -141.034
-7.38355 -13.086 77.3216
-56.2125 58.8756 -196.012
-58.4219 54.8787 -196.012
-38.0259 43.604 -196.012
-35.8165 47.6009 -196.012
-7.18268 -12.7226 93.567
-7.38355 -13.086 93.567
-6.22343 -9.21906 105.86
11.5456 -9.36001 155.325
15.0603 -3.81165 134.022
4.90528 -0.871371 155.325
2.64491 -4.67747 155.325
2.8001 -4.41615 155.325
4.90528 -0.871371 114.32
3.08729 -3.93257 155.325
8.79448 4.5088 105.86
10.5413 -18.4864 100.879
9.48129 -17.9005 100.879
-47.4207 48.7973 -196.621
9.48129 -17.9005 105.86
10.5413 -18.4864 105.86
9.4003 -20.5506 100.879
8.34031 -19.9646 100.879
23.0547 -23.5393 93.567
16.9419 -3.78751 120.822
15.8299 -4.04152 120.822
40.9153 -0.0334293 -126.346
10.2707 -16.4723 105.86
2.17622 -7.83549 114.32
9.07507 -11.4749 134.022
-15.602 -5.51349 100.879
1.53759 13.4754 100.879
2.16258 -7.82595 114.32
1.33084 13.1014 100.879
5.51077 -10.1671 114.32
1.53759 13.4754 93.567
27.4952 -1.36169 100.879
-23.461 -3.72325 -106.91
-26.9191 -14.3506 -126.346
10.7322 -10.1282 148.129
-1.21918 14.511 93.567
-1.01241 14.885 93.567
-1.21918 14.511 100.879
-28.7701 -13.3274 -196.621
15.8253 6.51973 44.6192
-6.83132 26.3602 -126.346
13.1556 -4.25658 155.325
13.1978 -5.42223 155.325
13.2097 -5.7512 155.325
-4.41143 6.18045 100.879
13.1823 -4.99426 155.325
-11.0678 33.9201 -141.034
11.2909 9.02466 -106.91
6.00522 11.9446 93.567
31.0618 -2.84546 93.567
-39.8551 4.86449 -141.034
35.0685 -53.5521 -196.621
5.15382 2.46699 114.32
5.85918 0.687238 114.32
12.0215 -9.08043 114.32
4.22141 -1.38393 155.325
51.4626 -0.646053 -126.346
-33.1112 -5.95647 -126.346
-62.0543 0.136361 -196.621
0.272563 -16.0574 93.567
21.8579 -23.8689 100.879
0.506467 -15.6343 100.879
21.8579 -23.8689 93.567
6.99138 -13.1683 114.32
22.1277 -23.3807 100.879
12.0539 -1.61166 155.325
21.0812 -35.9134 -106.91
2.19721 -7.59989 134.022
6.10957 -10.5858 114.32
-1.6937 -8.3673 114.32
-14.9759 -4.38078 93.567
-16.1171 -6.44518 93.567
15.4262 5.79783 93.567
-45.2112 52.7942 -221.937
13.2393 6.51862 93.567
13.446 6.89248 93.567
13.2393 6.51862 100.879
-45.2112 52.7942 -196.621
-12.15 -10.451 77.3216
-11.9491 -10.0875 77.3216
-12.15 -10.451 93.567
-1.47942 11.4845 100.879
59.0557 -43.4409 -196.621
-9.34763 5.80085 93.567
54.3816 -47.2301 -196.621
59.0557 -43.4409 -221.937
39.263 -45.9642 -196.621
5.25295 -0.285939 120.822
56.2296 -15.2714 -196.621
14.6153 -23.9861 93.567
14.6153 -23.9861 100.879
22.5958 3.32025 93.567
42.5795 -0.953397 44.6192
14.8494 -23.5627 93.567
16.9896 -25.2985 100.879
-5.43386 -7.79071 111.561
17.2236 -24.8751 93.567
16.9896 -25.2985 93.567
76.5723 -14.5264 -221.937
76.5723 -14.5264 -196.621
-8.43829 8.4065 93.567
19.3571 -0.0337813 105.86
19.3571 -0.0337813 100.879
20.4177 -0.620034 105.86
4.9328 -9.76297 155.325
20.9061 2.76856 100.879
-9.75436 6.02569 100.879
48.2197 -6.51252 -126.346
2.50223 -18.5509 -106.91
19.0447 -20.0177 105.86
-6.22366 -13.7272 -106.91
2.0012 -8.87935 114.32
-44.418 27.8412 -196.621
-7.84819 20.1487 44.6192
17.004 -20.1945 105.86
21.8814 -1.42917 105.86
-2.96531 -7.66437 114.32
8.51037 -4.61759 212.859
5.75508 -0.583016 161.823
4.81719 -1.24289 155.325
4.95052 -0.837461 155.325
5.03795 -1.36768 161.823
7.34941 -2.67431 161.823
19.3631 -1.33374 111.561
61.8341 -41.1885 -196.621
6.00535 0.318432 134.022
27.2431 -5.18672 100.879
34.32 -3.16048 77.3216
61.8341 -41.1885 -221.937
7.88713 -6.12912 212.859
27.2089 0.231009 77.3216
-4.96438 -13.9489 -106.91
49.7602 -38.3023 -221.937
-14.3463 -9.23693 93.567
-14.3463 -9.23693 77.3216
11.2909 9.02466 77.3216
-6.96065 -7.30136 105.86
5.49375 0.119519 114.32
21.5352 3.90655 77.3216
-16.2029 -7.73583 93.567
7.77314 -20.9907 44.6192
-16.2029 -7.73583 77.3216
-17.2448 -5.82178 93.567
-18.0124 -7.2103 77.3216
21.7602 1.80852 100.879
-17.8113 -6.84661 93.567
-0.13707 13.9128 100.879
9.06533 10.7995 44.6192
13.4836 -5.17507 155.325
8.80946 -0.0913921 155.325
13.4849 -5.17395 155.325
13.284 -7.34821 114.32
3.50834 6.61883 111.561
6.81052 -10.4689 155.325
-26.6652 -9.51971 -221.937
13.4827 -5.17267 155.325
11.8949 -1.40797 161.823
-0.220022 9.49218 105.86
-61.2903 49.6898 -196.621
13.5274 -5.19917 155.325
7.27613 -10.4349 155.325
13.5274 -5.19917 114.32
4.82307 -19.8339 93.567
-0.0744296 -6.81656 114.32
-33.1112 -5.95647 -141.034
7.32022 -4.53717 197.161
10.7322 -10.1282 155.325
14.0453 -0.625478 114.32
-27.4097 4.35763 -126.346
13.4207 -6.14122 155.325
1.78505 -10.2903 114.32
13.5252 -5.21834 155.325
12.9266 -6.874 155.325
11.4149 -9.1157 155.325
13.4196 -6.15084 155.325
13.4196 -6.15084 114.32
6.04277 -4.98584 161.823
-38.0259 43.604 -221.937
11.4265 -9.56392 155.325
15.8299 -4.04152 134.022
5.83088 12.5874 77.3216
11.5411 -9.36768 155.325
13.6074 -4.49235 155.325
25.1907 -4.55531 100.879
-24.8142 -10.5429 44.6192
-26.6652 -9.51971 44.6192
0.945662 -8.0046 120.822
-25.6858 -7.74796 44.6192
1.20374 -7.4117 134.022
-56.2125 58.8756 -221.937
8.27678 -7.12121 197.161
-58.4219 54.8787 -221.937
63.8934 -12.7354 -221.937
4.13371 5.04093 114.32
2.97127 -4.51292 161.823
2.97127 -4.51292 155.325
8.34031 -19.9646 93.567
3.22329 -3.25223 161.823
6.60893 -25.6002 -106.91
8.43643 9.66175 93.567
2.97293 -7.72601 114.32
21.3324 -2.42237 105.86
19.8687 -1.61321 111.561
-3.75725 15.9139 93.567
-13.167 -14.6682 77.3216
3.27001 -17.1619 93.567
3.27001 -17.1619 100.879
45.7191 -9.46155 -126.346
3.03608 -17.5851 100.879
10.6858 7.93014 100.879
-59.9646 3.91662 -205.726
5.59086 -18.4448 93.567
-14.1464 -16.44 -106.91
5.35692 -18.868 100.879
5.59086 -18.4448 100.879
66.1026 -8.73888 -196.621
-23.6621 -4.08708 -126.346
8.10635 -20.3879 100.879
13.4827 -5.17267 148.129
16.9419 -3.78751 126.685
15.454 -20.3287 100.879
-2.2406 -9.55596 111.561
14.0879 -20.447 100.879
12.3749 -18.6265 105.86
40.9153 -0.0334293 44.6192
18.0726 -21.7763 100.879
25.7481 -31.4013 -106.91
11.2918 -9.21656 155.325
12.8625 -7.10485 161.823
-44.418 27.8412 -196.012
12.6446 -18.1387 105.86
74.3631 -18.5229 -196.621
17.7028 -22.4452 100.879
9.06533 10.7995 77.3216
9.06533 10.7995 93.567
8.8344 10.3817 77.3216
1.9345 14.1934 93.567
2.16642 14.613 93.567
8.8344 10.3817 93.567
22.8938 1.18188 100.879
-0.261266 -17.0232 77.3216
14.4044 -3.31357 114.32
20.1131 -27.0252 93.567
10.63 -21.783 93.567
33.3153 -3.14233 93.567
21.9563 -14.7506 105.86
21.9563 -14.7506 100.879
8.63086 4.21281 105.86
18.6447 -1.32272 105.86
-11.8708 1.23646 100.879
-12.2775 1.4613 100.879
-12.2775 1.4613 93.567
-11.8708 1.23646 93.567
-7.93134 -12.3087 77.3216
8.63242 -21.9397 44.6192
3.85223 7.24097 111.561
-52.2868 60.5223 -196.621
3.85223 7.24097 105.86
44.0592 -48.6155 -196.621
30.1913 -1.41651 77.3216
47.0619 -43.1837 -221.937
10.6958 -9.70499 155.325
44.0592 -48.6155 -221.937
28.331 0.150044 77.3216
13.6955 -3.71458 155.325
-51.086 23.0706 -221.937
-56.1661 13.8813 -221.937
-9.9329 20.7494 44.6192
-67.8631 32.3448 -215.144
-72.9428 23.1555 -215.144
31.2387 -3.431 93.567
15.8253 6.51973 93.567
16.0552 6.93571 93.567
14.075 8.03032 77.3216
13.8447 7.61383 77.3216
13.8447 7.61383 93.567
-2.56149 12.0826 100.879
1.21723 -7.38069 127
11.9622 -15.9161 111.561
8.02346 0.166259 114.32
11.9622 -15.9161 114.32
-6.22722 14.109 93.567
10.9021 -15.3301 111.561
8.29168 -12.1116 114.32
24.8365 -3.85647 100.879
17.1442 -26.1714 77.3216
10.4891 -10.9949 120.822
20.5568 -28.058 77.3216
17.1442 -26.1714 93.567
6.80819 -3.63176 161.823
7.09632 -5.23545 212.859
16.5165 -26.2981 77.3216
16.5165 -26.2981 93.567
49.7602 -38.3023 -196.621
9.16631 -20.9739 93.567
61.0259 -17.9227 -195.554
19.159 -27.2853 77.3216
19.159 -27.2853 93.567
18.6214 -27.4616 77.3216
29.4191 -40.5225 -196.621
10.864 -21.3597 93.567
1.2963 -7.95641 114.32
19.5791 -27.9911 77.3216
19.7796 -27.6284 77.3216
18.5508 -44.4213 -196.621
19.7796 -27.6284 93.567
6.32065 0.917413 134.022
-10.9856 -5.71224 100.879
68.6047 -28.9401 -221.937
-21.8111 -5.11032 44.6192
53.3386 -20.5012 -221.937
-35.0316 49.0208 -196.621
-0.0604992 -16.66 -106.91
-11.1289 3.53903 93.567
-10.7222 3.31419 93.567
-20.8149 39.3082 -196.621
63.8934 -12.7354 -196.621
-29.2947 -0.973363 -126.346
-23.8348 -8.77117 77.3216
-2.62547 -4.47801 111.561
42.2657 -40.5323 -195.554
6.89466 0.664201 114.32
-59.9646 3.91662 -221.937
13.3662 -6.62216 155.325
11.2918 -9.21656 161.823
-59.9646 3.91662 -196.621
11.9391 -8.68619 161.823
13.3662 -6.62216 114.32
45.7191 -9.46155 -106.91
27.8934 -14.7861 93.567
13.2405 -5.74264 155.325
13.2405 -5.74264 161.823
3.34509 -2.49215 114.32
-5.58401 -8.06233 105.86
-52.8769 12.539 -196.012
58.0634 -11.954 -141.034
17.004 -20.1945 100.879
-52.8769 12.539 -196.621
9.34338 5.50173 100.879
6.7533 -7.54432 161.823
49.2534 -4.6426 -221.937
-3.55045 16.288 93.567
10.4709 -30.0482 -196.621
2.16079 -7.83761 134.022
-6.6159 -11.6972 93.567
27.1162 -14.3565 93.567
-6.6159 -11.6972 100.879
22.2775 -23.1097 93.567
-6.84975 -12.1203 100.879
22.2775 -23.1097 100.879
-2.44211 -15.8176 77.3216
-6.84975 -12.1203 93.567
3.18997 -4.63655 161.823
1.20374 -7.4117 114.32
6.35556 -4.4325 161.823
0.945662 -8.0046 114.32
0.104607 -8.12018 114.32
-0.0468038 -7.01771 114.32
1.13152 -6.75663 134.022
1.13152 -6.75663 114.32
58.1349 -23.1525 -196.621
-5.09957 13.4857 100.879
22.0606 -34.1417 44.6192
-0.273147 -7.06786 114.32
23.7247 -35.0616 44.6192
68.6047 -28.9401 -196.621
-10.1558 -16.3328 44.6192
2.78124 -3.78755 114.32
-25.6858 -7.74796 -106.91
20.9061 2.76856 93.567
2.89188 -3.06529 114.32
4.73723 -9.22383 161.823
-24.8142 -10.5429 -106.91
4.07271 -8.471 155.325
-9.22664 -19.1596 -141.034
4.07271 -8.471 161.823
-4.68531 -8.20451 111.561
-4.68531 -8.20451 105.86
-8.13223 -12.6721 77.3216
13.6296 -4.54414 155.325
-40.8941 38.4154 -196.621
9.06533 10.7995 -126.346
9.06533 10.7995 -106.91
8.8344 10.3817 -106.91
16.0552 6.93571 44.6192
8.8344 10.3817 -126.346
0.720873 3.34329 105.86
4.64827 -1.1474 161.823
11.2909 9.02466 -126.346
-0.615892 15.6023 93.567
6.23655 12.3631 93.567
9.2407 -11.5357 114.32
10.5049 -11.0347 114.32
44.9641 -35.6509 -221.937
60.2301 -44.0901 -221.937
8.03707 -10.7659 155.325
3.92342 -8.73511 155.325
60.2301 -44.0901 -196.621
-10.7164 -5.22527 100.879
-6.22343 -9.21906 100.879
-19.5429 41.6094 -196.621
-33.8638 51.1334 -196.621
23.3309 -12.2639 109.361
-33.8638 51.1334 -221.937
5.02376 -19.4708 44.6192
39.4853 -6.55083 44.6192
12.6221 -2.76264 155.325
13.5189 -5.27394 155.325
3.04591 -6.58373 161.823
10.0772 -5.47969 197.161
24.2844 -30.1188 77.3216
47.0619 -43.1837 -195.554
-33.1112 -5.95647 -221.937
8.07264 -26.4093 77.3216
10.0961 -22.7488 44.6192
25.4636 8.50803 -141.034
44.9641 -35.6509 -195.554
-8.08154 19.7266 77.3216
56.2296 -15.2714 -195.554
12.005 -19.2956 100.879
12.005 -19.2956 105.86
25.9485 -31.0388 -106.91
71.4958 -23.7101 -196.621
30.8153 -7.66474 100.879
-39.116 37.4326 -196.012
-6.22366 -13.7272 44.6192
6.35556 -4.4325 197.161
6.04277 -4.98584 197.161
8.4926 -6.14102 212.859
7.04459 -5.39678 212.859
8.70896 -4.73012 212.859
56.2296 -15.2714 -221.937
7.56334 -6.12275 212.859
59.0971 -10.0841 -221.937
8.88708 -5.37123 212.859
18.9764 -39.7211 -196.621
16.7132 -2.78612 120.822
23.2239 0.999398 100.879
-2.77086 29.3337 -141.034
10.6074 16.7203 -141.034
-72.9428 23.1555 -205.726
24.2844 -30.1188 44.6192
24.084 -30.4814 44.6192
25.7481 -31.4013 44.6192
1.99176 -6.56602 114.32
-57.8598 7.72432 -221.937
-0.0604992 -16.66 77.3216
2.70296 -18.1877 -126.346
-0.0604992 -16.66 93.567
-0.261266 -17.0232 93.567
8.52044 -4.61319 197.161
12.8536 -7.9387 114.32
7.09632 -5.23545 197.161
-4.67808 16.9114 93.567
-15.3319 24.2855 -106.91
12.7643 -2.5217 114.32
10.3715 -6.53944 161.823
13.219 -3.5844 155.325
-14.593 -2.7275 93.567
27.4373 0.644055 77.3216
6.05717 2.81819 120.822
3.61393 -7.86826 155.325
8.07264 -26.4093 44.6192
-2.19193 10.1955 100.879
2.94039 7.35844 105.86
4.72425 3.55088 120.822
-2.19193 10.1955 105.86
11.4503 -28.2764 44.6192
-25.8924 30.123 -141.034
10.6958 -9.70499 161.823
-5.47484 -9.63287 105.86
-10.9425 -10.644 93.567
14.2311 -4.40075 155.325
8.09857 3.51923 114.32
16.5618 -24.5093 100.879
-39.6538 5.22876 -196.012
16.0887 -0.89763 111.561
10.2967 -22.3859 93.567
4.4486 4.24639 114.32
-39.8551 4.86449 -196.012
-2.44211 -15.8176 44.6192
10.5571 -12.4156 114.32
41.5458 -2.82329 44.6192
10.4709 -30.0482 44.6192
8.69874 17.7754 -106.91
17.5911 -5.73338 111.561
18.4922 -21.0172 105.86
-4.98023 25.3369 44.6192
8.63242 -21.9397 -106.91
16.9419 -3.78751 114.32
17.004 -20.1945 109.361
63.259 -2.55508 -221.937
-0.0604992 -16.66 44.6192
16.0552 6.93571 -106.91
16.0552 6.93571 -126.346
15.8253 6.51973 -126.346
44.7888 3.04318 -141.034
41.5458 -2.82329 -126.346
2.50223 -18.5509 44.6192
13.8447 7.61383 -106.91
-42.8584 -0.568324 -196.621
13.8447 7.61383 -126.346
-33.6927 16.0123 -196.012
-48.6941 24.3051 -196.621
46.7415 6.57564 -221.937
48.2197 -6.51252 -141.034
11.6234 -9.40397 155.325
42.5795 -0.953397 -106.91
-32.3181 18.499 -196.012
-7.86487 24.4905 44.6192
-47.3195 26.7918 -196.621
17.8834 -3.57244 114.32
25.7481 -31.4013 -126.346
17.6546 -2.57102 114.32
-13.167 -14.6682 44.6192
27.3142 -44.3302 -141.034
-7.86487 24.4905 -106.91
-16.1452 24.7351 -126.346
32.707 -4.24266 93.567
-21.8111 -5.11032 77.3216
-10.5662 -4.95353 100.879
-54.6549 13.522 -196.621
39.4853 -6.55083 -106.91
-54.8565 13.1573 -221.937
-14.1863 -2.95233 100.879
-0.615892 15.6023 77.3216
-2.09283 16.9674 77.3216
46.7415 6.57564 -196.621
-2.62229 16.7107 77.3216
21.306 3.49198 -106.91
11.5517 -9.36346 155.325
30.305 5.83177 -126.346
8.4496 -10.6013 155.325
27.03 -5.57215 100.879
10.6074 16.7203 -126.346
5.32056 2.04629 114.32
9.57383 14.8505 -126.346
10.9524 -12.1638 134.022
3.34509 -2.49215 155.325
-23.0243 35.3114 -196.012
-2.44211 -15.8176 -106.91
4.99527 11.0757 93.567
-18.6915 20.1289 -141.034
-4.88489 16.5373 93.567
11.082 -9.09796 161.823
5.74845 -3.92605 161.823
26.3392 -6.82189 109.361
13.7934 -2.84964 114.32
25.4623 -5.09146 109.361
7.73956 11.5323 93.567
18.2925 3.72534 100.879
42.5795 -0.953397 -221.937
18.2925 3.72534 93.567
-67.7154 38.0667 -215.144
-65.4058 36.79 -215.144
-64.2825 38.822 -215.144
20.6405 -40.641 -196.621
-67.7154 38.0667 -221.937
7.11065 10.3946 93.567
5.202 11.4497 93.567
5.65086 1.21287 114.32
15.6591 -3.2939 126.685
12.1544 -2.14711 155.325
12.1544 -2.14711 161.823
13.1834 -3.5012 155.325
-3.15431 17.0047 93.567
-3.15431 17.0047 77.3216
18.9764 -39.7211 -126.346
6.60893 -25.6002 44.6192
16.0552 6.93571 77.3216
30.305 5.83177 -141.034
-4.28212 17.6277 77.3216
32.5143 9.82839 -141.034
-4.04931 18.0488 77.3216
-49.7767 22.3468 -205.726
2.81951 14.252 77.3216
2.58768 13.8326 77.3216
16.4503 -20.2424 100.879
-7.84819 20.1487 77.3216
-72.9428 23.1555 -221.937
6.85805 2.41677 114.32
-64.2825 38.822 -221.937
2.58768 13.8326 93.567
5.84787 0.715795 114.32
20.6995 2.39479 100.879
28.9217 -2.1502 100.879
-47.0529 -8.15627 -196.621
-44.9632 -4.37601 -221.937
37.8208 -5.63132 77.3216
2.80806 -4.42066 161.823
-49.7767 22.3468 -221.937
2.97293 -7.72601 155.325
20.3471 -26.6017 93.567
-2.2413 -15.4544 77.3216
-30.8597 -17.1077 -196.621
18.916 -3.33656 114.32
14.075 8.03032 -106.91
11.5215 9.4418 44.6192
18.6886 -2.33481 114.32
-5.09957 13.4857 93.567
-32.1318 -4.18471 -126.346
24.0596 2.51115 77.3216
2.50223 -18.5509 93.567
12.7945 -17.8674 105.86
2.50223 -18.5509 77.3216
2.70296 -18.1877 77.3216
2.70296 -18.1877 93.567
52.4244 -58.2108 -196.621
50.3348 -61.9911 -221.937
-23.461 -3.72325 44.6192
-21.61 -4.74654 44.6192
-8.74118 -10.5224 100.879
-9.69929 21.172 44.6192
18.6447 -1.32272 109.361
6.00522 11.9446 77.3216
-0.383615 16.0226 77.3216
-16.2512 -20.2477 -126.346
35.1202 -30.2092 -141.034
7.66516 15.9056 77.3216
8.4926 -6.14102 197.161
-8.08154 19.7266 93.567
12.93 -5.82888 161.823
10.5303 -11.0988 114.32
4.6538 17.5703 77.3216
5.02376 -19.4708 93.567
43.6581 -14.7644 -141.034
42.9914 -14.3959 -126.346
8.63242 -21.9397 93.567
19.8687 -1.61321 105.86
2.70296 -18.1877 -106.91
-66.5921 40.0988 -215.144
6.90807 0.629729 114.32
7.33261 -10.335 155.325
10.2719 -10.4468 134.022
8.2126 3.4562 111.561
8.07343 3.48743 114.32
5.50155 -5.94329 161.823
8.8344 10.3817 44.6192
-11.6162 -9.48539 100.879
-0.788823 9.41991 105.86
4.82307 -19.8339 77.3216
8.88708 -5.37123 197.161
-35.216 -9.76415 -141.034
-27.4097 4.35763 -141.034
9.29471 -6.8385 197.161
8.28953 -3.22039 197.161
11.3308 -17.0583 111.561
-7.36455 -11.2834 93.567
-9.69929 21.172 -126.346
5.62953 -27.3719 -106.91
5.68736 19.44 -141.034
-4.62196 30.3569 -196.621
19.1282 5.23706 93.567
18.8987 4.82188 93.567
5.02376 -19.4708 -106.91
10.9524 -12.1638 114.32
4.82307 -19.8339 -126.346
-4.62196 30.3569 -126.346
52.4244 -58.2108 -221.937
31.7553 -34.7221 -126.346
1.57447 -11.6649 111.561
21.5352 3.90655 93.567
2.86265 5.45069 111.561
27.3142 -44.3302 -126.346
13.4738 -24.616 77.3216
32.4218 -35.0906 -141.034
-16.2512 -20.2477 -196.621
30.3985 -38.7508 -141.034
-14.1464 -16.44 -196.621
-2.44211 -15.8176 93.567
40.2424 -44.1924 -141.034
-14.1464 -16.44 -141.034
-75.9463 17.7223 -205.726
-2.2413 -15.4544 93.567
-60.5286 2.89636 -221.937
44.7888 3.04318 -126.346
-78.6152 12.8943 -221.937
30.8153 -7.66474 93.567
-78.6152 12.8943 -205.726
-60.5286 2.89636 -205.726
-6.83132 26.3602 -106.91
21.0812 -35.9134 -126.346
5.62953 -27.3719 -126.346
33.4843 -4.67229 93.567
8.89528 0.0604403 155.325
2.2998 -6.93021 148.129
12.7945 -17.8674 109.361
7.89668 23.4368 -196.621
59.0971 -10.0841 -196.621
11.3308 -17.0583 105.86
10.1878 -0.111711 114.32
-24.8142 -10.5429 -126.346
-17.8782 19.6793 -126.346
5.68736 19.44 44.6192
39.263 -45.9642 -141.034
-18.6915 20.1289 -126.346
-9.22664 -19.1596 44.6192
-2.2413 -15.4544 44.6192
-16.1036 -3.75738 93.567
-21.61 -4.74654 93.567
5.62953 -27.3719 -196.621
-8.24724 -17.3878 44.6192
-43.9945 54.995 -221.937
-6.83132 26.3602 -221.937
12.1756 -1.76751 161.823
-31.1946 20.5314 -196.012
-25.8924 30.123 -196.012
-26.5963 3.90802 -126.346
-6.22366 -13.7272 93.567
-26.5963 3.90802 -141.034
22.7453 -36.8333 -221.937
18.4991 4.09913 93.567
39.7119 -6.14094 -221.937
-30.108 -0.523765 -126.346
20.6405 -40.641 -221.937
-28.7701 -13.3274 -221.937
-2.66926 33.8894 -221.937
18.8987 4.82188 -106.91
18.8987 4.82188 -126.346
-26.9191 -14.3506 -196.621
25.4636 8.50803 -196.621
-9.22664 -19.1596 -196.621
7.77314 -20.9907 77.3216
40.2424 -44.1924 -196.621
9.57383 14.8505 -106.91
7.77314 -20.9907 93.567
54.5292 -54.4032 -221.937
7.57249 -21.3537 77.3216
-57.8598 7.72432 -196.621
-29.9068 -0.159755 -141.034
29.4191 -40.5225 -126.346
4.71795 -1.18679 155.325
31.7553 -34.7221 -106.91
71.4958 -23.7101 -221.937
-61.2903 49.6898 -205.726
18.8082 -1.02695 111.561
-75.9463 17.7223 -221.937
22.5958 3.32025 -106.91
22.3668 2.90596 93.567
-29.2947 -0.973363 -106.91
21.3324 -2.42237 111.561
-54.4903 61.991 -196.621
25.9485 -31.0388 44.6192
-23.6621 -4.08708 -106.91
-1.01241 14.885 100.879
61.3063 -6.08755 -196.621
46.3858 -9.83006 -126.346
11.5215 9.4418 -126.346
8.69874 17.7754 44.6192
2.47466 -5.78875 134.022
7.68897 -3.38717 197.161
-30.8597 -17.1077 -221.937
11.5215 9.4418 93.567
18.5508 -44.4213 -221.937
11.5215 9.4418 77.3216
21.306 3.49198 93.567
21.306 3.49198 77.3216
7.57249 -21.3537 -106.91
42.2657 -40.5323 -221.937
7.77314 -20.9907 -126.346
7.77314 -20.9907 -106.91
2.89188 -3.06529 155.325
12.1756 -1.76751 155.325
11.8949 -1.40797 155.325
4.72425 3.55088 114.32
9.34338 5.50173 105.86
-58.9806 48.4131 -221.937
-31.3185 -4.63429 -126.346
42.2657 -40.5323 -141.034
10.6858 7.93014 93.567
22.7453 -36.8333 44.6192
5.89939 -14.0558 111.561
27.2089 0.231009 93.567
-29.0935 -0.609376 -106.91
10.767 -10.0765 134.022
13.8447 7.61383 44.6192
4.6538 17.5703 44.6192
8.36607 -33.8559 -196.621
-30.108 -0.523765 -141.034
-0.595207 0.962486 111.561
10.6173 -11.0069 114.32
5.02376 -19.4708 -126.346
18.8987 4.82188 77.3216
18.8987 4.82188 44.6192
-5.43386 -7.79071 105.86
-18.8622 42.8407 -221.937
22.5958 3.32025 -126.346
-54.8565 13.1573 -205.726
-39.6538 5.22876 -141.034
-62.0543 0.136361 -221.937
-6.83132 26.3602 44.6192
-4.98023 25.3369 -106.91
4.05748 4.54339 114.32
21.306 3.49198 -126.346
21.5352 3.90655 -106.91
35.0685 -53.5521 -221.937
17.6332 -9.11422 111.561
-9.22664 -19.1596 -126.346
4.82307 -19.8339 44.6192
-17.8782 19.6793 -141.034
9.66097 -3.98099 197.161
51.4626 -0.646053 -196.621
-54.4903 61.991 -221.937
5.58495 1.37919 114.32
23.3309 -12.2639 105.86
23.3309 -12.2639 100.879
78.525 -10.994 -221.937
78.525 -10.994 -196.621
13.4731 -5.67802 155.325
38.0476 -5.22101 44.6192
37.8208 -5.63132 44.6192
39.7119 -6.14094 44.6192
3.88459 -8.80381 155.325
11.2909 9.02466 44.6192
21.306 3.49198 44.6192
7.57249 -21.3537 44.6192
10.864 -21.3597 100.879
29.732 -38.3824 -126.346
4.99527 11.0757 100.879
0.256334 -10.9363 111.561
16.1695 -8.30507 111.561
-12.4639 29.4737 -126.346
-0.261266 -17.0232 44.6192
7.73956 11.5323 -106.91
10.4709 -30.0482 -141.034
-1.67434 -14.4288 100.879
14.075 8.03032 -126.346
-25.6858 -7.74796 -126.346
24.4299 6.63821 -106.91
2.69412 -4.35624 155.325
24.647 -9.88312 105.86
29.4191 -40.5225 -141.034
-29.9068 -0.159755 -126.346
44.7888 3.04318 -221.937
-44.9632 -4.37601 -196.621
3.10408 7.65455 105.86
3.10408 7.65455 111.561
29.2714 3.96192 77.3216
-10.5662 -4.95353 105.86
40.9153 -0.0334293 -106.91
-11.1352 -18.1045 -126.346
34.4537 -29.8408 -126.346
11.5215 9.4418 -106.91
34.4537 -29.8408 -141.034
-28.7701 -13.3274 -141.034
4.82307 -19.8339 -106.91
-5.72752 3.79964 100.879
-5.72752 3.79964 105.86
54.5292 -54.4032 -196.621
15.5761 -4.20332 114.32
14.4766 -11.3675 114.32
-39.8551 4.86449 -221.937
-2.62229 16.7107 93.567
21.5352 3.90655 44.6192
13.6743 -24.2532 77.3216
-2.2413 -15.4544 -106.91
18.8082 -1.02695 105.86
25.8937 5.82907 44.6192
-0.595207 0.962486 105.86
-78.0511 13.9146 -221.937
32.5143 9.82839 -126.346
-9.22664 -19.1596 -106.91
12.0215 -9.08043 155.325
32.4218 -35.0906 -126.346
24.0596 2.51115 44.6192
25.8937 5.82907 77.3216
12.7945 -17.8674 111.561
24.4299 6.63821 44.6192
21.1243 -27.0313 93.567
21.0812 -35.9134 44.6192
19.1282 5.23706 -106.91
10.2707 -16.4723 111.561
-21.7577 12.6612 -141.034
-14.1464 -16.44 44.6192
6.8371 -10.6538 155.325
63.259 -2.55508 -196.621
37.1582 -49.7718 -221.937
9.72915 -12.4707 114.32
-14.1464 -16.44 -126.346
23.8308 2.09723 77.3216
9.57383 14.8505 44.6192
8.36607 -33.8559 -126.346
49.2534 -4.6426 -141.034
3.10046 7.648 111.561
12.2402 -15.4132 114.32
10.6074 16.7203 -106.91
49.2534 -4.6426 -196.621
-8.43829 8.4065 100.879
7.73956 11.5323 77.3216
11.8949 -1.40797 114.32
44.7888 3.04318 -196.621
-4.62196 30.3569 -141.034
-46.1961 28.824 -215.144
38.0476 -5.22101 77.3216
-15.314 -2.32892 93.567
10.6074 16.7203 -196.621
22.0606 -34.1417 77.3216
6.60893 -25.6002 -126.346
8.63242 -21.9397 77.3216
12.4153 -2.07465 155.325
22.7453 -36.8333 -126.346
-18.8622 42.8407 -196.621
11.4503 -28.2764 77.3216
11.925 -2.21082 155.325
-78.0511 13.9146 -205.726
-47.0529 -8.15627 -221.937
34.304 -30.1115 -141.034
2.19721 -7.59989 120.822
12.6221 -2.76264 161.823
23.7247 -35.0616 -106.91
25.4636 8.50803 -106.91
7.73956 11.5323 -126.346
13.4207 -6.14122 114.32
-16.1452 24.7351 -141.034
24.2844 -30.1188 93.567
37.8208 -5.63132 93.567
-28.7701 -13.3274 -126.346
27.6729 12.5047 -196.621
8.69874 17.7754 -126.346
-4.98023 25.3369 -126.346
-6.96065 -7.30136 100.879
-42.8584 -0.568324 -221.937
-8.13223 -12.6721 44.6192
61.3063 -6.08755 -221.937
57.5318 -48.9715 -221.937
-26.9191 -14.3506 -141.034
7.66516 15.9056 44.6192
7.73956 11.5323 44.6192
-23.0243 35.3114 -141.034
6.80819 -3.63176 197.161
8.79448 4.5088 111.561
-7.86487 24.4905 -126.346
-4.62196 30.3569 -221.937
30.305 5.83177 -106.91
20.6405 -40.641 -126.346
-65.4058 36.79 -221.937
-32.1318 -4.18471 -141.034
5.62953 -27.3719 44.6192
-6.22366 -13.7272 77.3216
59.0971 -10.0841 -141.034
39.8816 -1.90332 77.3216
-47.3195 26.7918 -205.726
-57.8598 7.72432 -205.726
2.86265 5.45069 114.32
20.6405 -40.641 -141.034
37.1582 -49.7718 -196.621
12.8657 6.72516 93.567
22.5958 3.32025 44.6192
-43.2584 56.3266 -221.937
-9.9329 20.7494 -106.91
-67.8631 32.3448 -221.937
14.0902 -4.76278 134.022
8.63242 -21.9397 -126.346
10.8925 8.30404 100.879
5.68736 19.44 -106.91
-6.01378 23.4672 77.3216
5.62953 -27.3719 -141.034
10.2967 -22.3859 77.3216
-9.69929 21.172 -221.937
-10.4753 6.42423 93.567
25.4636 8.50803 44.6192
-2.77086 29.3337 -196.621
32.9135 -3.86908 93.567
-41.8789 1.20344 -196.012
30.305 5.83177 44.6192
8.63086 4.21281 109.361
1.80144 -10.1833 114.32
-67.8631 32.3448 -205.726
-10.1558 -16.3328 77.3216
-47.3195 26.7918 -221.937
42.2657 -40.5323 -196.621
-41.8789 1.20344 -196.621
29.2714 3.96192 44.6192
22.5958 3.32025 77.3216
-8.24724 -17.3878 -126.346
-43.2584 56.3266 -196.621
-6.22366 -13.7272 -126.346
32.5143 9.82839 -196.621
-39.6538 5.22876 -196.621
-2.92167 17.4255 77.3216
-25.8924 30.123 -221.937
-46.1961 28.824 -196.621
-25.8924 30.123 -196.621
-66.5921 40.0988 -221.937
2.5312 -5.41973 114.32
13.6743 -24.2532 93.567
30.305 5.83177 -196.621
12.8168 20.717 -196.621
-64.2825 38.822 -205.726
-66.5921 40.0988 -205.726
-13.2772 29.9233 -196.012
10.9637 -0.215041 114.32
-46.1961 28.824 -221.937
-46.1961 28.824 -205.726
-66.5921 40.0988 -196.621
-22.571 13.1108 -141.034
3.5247 -31.1796 -196.621
-11.3315 -22.9673 -196.621
5  1291 1847 488 1849 2095  255 0 0
4  1291 1549 173 1852  255 0 0
4  1840 580 579 2095  255 0 0
4  1840 1688 1970 2069  255 0 0
4  1840 2095 1849 1688  255 0 0
7  1291 2095 579 2117 1988 2058 1549  255 0 0
4  1688 1477 165 1970  255 0 0
5  1847 225 686 1895 488  255 0 0
4  1847 1291 1852 1851  255 0 0
4  1688 1849 652 1477  255 0 0
4  1840 2069 407 580  255 0 0
7  1849 488 1895 1530 1447 1568 652  255 0 0
4  1847 1851 346 225  255 0 0
4  1888 1852 173 220  255 0 0
4  1890 1851 1852 1888  255 0 0
6  1890 1888 1731 1 3 1441  255 0 0
4  1853 2069 1970 1641  255 0 0
4  1853 408 407 2069  255 0 0
4  1853 989 406 408  255 0 0
4  1890 345 346 1851  255 0 0
4  1890 1441 344 345  255 0 0
4  1228 194 195 1875  255 0 0
4  1228 1798 1275 2110  255 0 0
4  461 1862 901 1431  255 0 0
4  461 931 698 1764  255 0 0
4  1228 2110 193 194  255 0 0
6  461 1431 420 1380 1614 931  255 0 0
4  1228 1875 1892 1798  255 0 0
4  1225 730 1432 1555  255 0 0
4  1223 1436 1968 1831  255 0 0
5  1223 1860 2107 727 1395  255 0 0
4  1223 1831 1807 1860  255 0 0
5  2107 1860 1807 1905 1457  255 0 0
4  1641 1970 165 167  255 0 0
4  1641 167 166 1664  255 0 0
4  1837 1858 1511 2093  255 0 0
4  1837 2093 1961 1479  255 0 0
4  461 1764 600 1862  255 0 0
4  1857 2123 1707 1552  255 0 0
4  1857 1552 1576 2032  255 0 0
6  1641 1664 2 0 989 1853  255 0 0
6  414 1555 961 1553 1457 1905  255 0 0
4  1802 2000 1065 1063  255 0 0
4  856 1762 817 1883  255 0 0
7  414 1905 1802 1063 1754 1762 856  255 0 0
9  2117 114 672 2129 2106 949 1727 1660 1988  255 0 0
4  2117 579 580 528  255 0 0
5  1637 1865 668 693 2108  255 0 0
4  2115 1474 1471 1612  255 0 0
4  2058 1582 1459 1724  255 0 0
4  2058 1988 1660 1582  255 0 0
5  2115 693 668 1658 1474  255 0 0
4  1764 2035 1864 600  255 0 0
4  1858 1805 1808 1511  255 0 0
4  1845 1138 1137 822  255 0 0
4  1845 591 1028 2075  255 0 0
4  1845 2075 1132 1138  255 0 0
4  1686 1371 1375 584  255 0 0
4  1686 660 1069 2025  255 0 0
4  1686 2025 1370 1371  255 0 0
4  2032 1576 1787 879  255 0 0
4  1888 220 221 1731  255 0 0
4  1693 2081 1652 343  255 0 0
4  1175 1981 2062 1856  255 0 0
4  1693 1572 907 2081  255 0 0
4  1858 1837 2133 2134  255 0 0
4  1837 1479 1914 2133  255 0 0
4  1637 412 1301 595  255 0 0
5  1637 2108 2100 415 412  255 0 0
4  2115 1612 1616 693  255 0 0
5  1825 1453 730 1225 677  255 0 0
4  1825 2076 2019 2023  255 0 0
4  1825 677 1472 2076  255 0 0
5  1225 1555 414 1472 677  255 0 0
5  1223 1395 1985 1744 2082  255 0 0
4  2119 113 116 696  255 0 0
4  696 418 2127 1676  255 0 0
4  2119 1843 1561 113  255 0 0
4  696 1676 1843 2119  255 0 0
4  693 1616 2100 2108  255 0 0
4  1568 250 1329 1570  255 0 0
4  686 1399 1397 1895  255 0 0
4  686 225 346 2013  255 0 0
4  1568 1447 251 250  255 0 0
12  1693 1441 3 1 1731 1175 1856 1803 2134 2133 1914 1572  255 0 0
4  1517 113 1249 2118  255 0 0
5  1517 840 618 1150 842  255 0 0
4  672 1903 1718 2129  255 0 0
4  672 114 115 1314  255 0 0
5  1660 1403 1716 1873 1582  255 0 0
4  1658 1640 1006 1474  255 0 0
5  1517 2118 2131 1295 840  255 0 0
4  1660 1727 1402 1403  255 0 0
10  1658 668 1924 1711 955 2078 2130 2118 1647 1640  255 0 0
4  810 1903 841 1328  255 0 0
4  810 2120 1718 1903  255 0 0
5  810 1871 2126 1767 2120  255 0 0
4  1295 2131 2126 1871  255 0 0
4  2027 1633 1709 2114  255 0 0
4  1788 2098 1575 2028  255 0 0
4  1857 2032 2124 2054  255 0 0
4  2032 879 1824 2124  255 0 0
11  1664 2027 2114 2054 2124 1824 2098 1788 989 0 2  255 0 0
4  1175 222 1779 1981  255 0 0
4  1637 595 222 1971  255 0 0
4  1788 2028 1183 405  255 0 0
4  1895 1397 1269 1530  255 0 0
4  640 811 513 1634  255 0 0
7  1796 1869 1465 1344 1763 1978 1064  255 0 0
4  1649 1363 1869 1796  255 0 0
4  1344 1465 811 640  255 0 0
4  1764 698 929 2035  255 0 0
4  2027 1938 1114 1633  255 0 0
4  1825 2023 1938 1882  255 0 0
4  1882 1352 1453 1825  255 0 0
4  1875 611 1506 1892  255 0 0
4  1924 1004 953 1711  255 0 0
4  2082 343 1436 1223  255 0 0
5  696 116 842 619 1452  255 0 0
4  1452 405 418 696  255 0 0
4  1870 248 247 1445  255 0 0
5  1559 249 730 1453 1368  255 0 0
5  2061 1038 1397 1399 1863  255 0 0
4  524 1221 1219 1534  255 0 0
4  1559 1502 297 249  255 0 0
4  2061 1531 1222 1038  255 0 0
4  524 1534 1531 2061  255 0 0
4  1559 1870 1445 1502  255 0 0
4  1882 1938 166 2012  255 0 0
4  2027 1664 166 1938  255 0 0
4  856 1883 1244 1642  255 0 0
4  1616 1187 415 2100  255 0 0
4  2054 2114 2123 1857  255 0 0
4  1676 2065 1605 1843  255 0 0
4  1676 2127 674 2065  255 0 0
4  674 862 1654 2050  255 0 0
4  674 2050 1605 2065  255 0 0
4  1633 1812 1997 1709  255 0 0
4  1552 847 1671 1576  255 0 0
4  1552 1707 1668 847  255 0 0
4  2098 1824 510 1575  255 0 0
5  1576 1671 2055 972 1787  255 0 0
4  1575 550 1794 2028  255 0 0
4  1575 510 506 550  255 0 0
4  1572 1914 1131 907  255 0 0
4  811 1948 1619 513  255 0 0
4  1558 1879 1542 1659  255 0 0
4  1363 1580 1879 1558  255 0 0
4  1363 1649 839 2046  255 0 0
4  811 1659 1542 1948  255 0 0
6  1465 1869 1363 1558 1659 811  255 0 0
4  1175 1731 221 222  255 0 0
4  989 1788 405 406  255 0 0
5  1452 619 1448 1538 1537  255 0 0
4  1436 343 1652 1968  255 0 0
4  1441 1693 343 344  255 0 0
4  343 2082 1188 344  255 0 0
4  2082 1744 1096 1188  255 0 0
4  528 115 114 2117  255 0 0
4  528 580 407 881  255 0 0
6  1875 195 1091 1009 235 611  255 0 0
4  1971 222 221 1723  255 0 0
4  1971 1462 1865 1637  255 0 0
4  2081 2071 1800 1652  255 0 0
4  1652 1800 1867 1968  255 0 0
4  2093 1819 494 1961  255 0 0
4  1511 1934 1819 2093  255 0 0
4  1642 1244 487 2019  255 0 0
4  1938 2023 2019 1114  255 0 0
4  2019 487 1193 1114  255 0 0
4  1114 1193 1812 1633  255 0 0
4  1804 603 2000 1802  255 0 0
4  1905 1807 1804 1802  255 0 0
4  907 1704 2071 2081  255 0 0
4  907 1131 2018 1704  255 0 0
5  405 1452 1537 2038 406  255 0 0
5  405 1183 674 2127 418  255 0 0
4  2028 1794 869 1183  255 0 0
4  1183 869 862 674  255 0 0
4  1472 414 856 1642  255 0 0
7  1843 1605 1925 1612 1639 1645 1842  255 0 0
4  1612 1925 1187 1616  255 0 0
4  2050 1654 1832 1679  255 0 0
4  1866 1780 1305 1969  255 0 0
7  2050 1679 2132 1780 1866 1925 1605  255 0 0
4  2134 1803 1805 1858  255 0 0
4  1856 2062 426 1803  255 0 0
4  2062 1170 1753 426  255 0 0
5  1511 1808 2015 1977 1934  255 0 0
4  2111 502 1247 2113  255 0 0
4  2113 1247 808 805  255 0 0
4  2089 1625 1335 2034  255 0 0
4  2034 1335 1786 1819  255 0 0
4  2089 643 1894 1625  255 0 0
10  2113 805 826 976 634 1793 643 2089 2034 2111  255 0 0
5  2021 1417 1128 1124 1123  255 0 0
6  2021 1987 875 1622 1957 1117  255 0 0
12  2021 1123 1119 1127 689 1792 1759 1529 526 1062 1917 1987  255 0 0
7  558 1185 1068 584 1695 330 1696  255 0 0
12  596 1608 1033 787 1276 1282 278 814 274 271 273 436  255 0 0
4  596 1137 1047 1390  255 0 0
12  558 1696 1167 1173 1478 1590 556 1702 1989 1526 1373 1719  255 0 0
6  596 436 1488 1015 822 1137  255 0 0
5  1314 606 841 1903 672  255 0 0
5  1314 115 528 881 844  255 0 0
4  842 116 113 1517  255 0 0
7  842 1150 618 610 1134 986 1135  255 0 0
4  595 1301 1779 222  255 0 0
4  1301 1194 877 1779  255 0 0
4  1981 2053 1170 2062  255 0 0
4  1779 877 2053 1981  255 0 0
4  822 594 591 1845  255 0 0
4  584 1068 660 1686  255 0 0
7  584 1375 853 1115 1336 691 1695  255 0 0
6  822 1015 1014 1001 1810 594  255 0 0
4  1328 841 843 1326  255 0 0
4  610 618 840 1295  255 0 0
5  1328 610 1295 1871 810  255 0 0
4  1915 1850 1737 2073  255 0 0
5  881 407 408 1922 699  255 0 0
4  1671 2022 1621 2055  255 0 0
4  1673 1861 2022 1671  255 0 0
4  2056 1928 1817 1177  255 0 0
4  2056 972 2091 1928  255 0 0
5  1863 1399 686 2013 1795  255 0 0
5  1985 1395 727 1221 524  255 0 0
4  1985 524 2061 1863  255 0 0
4  910 1965 1874 1923  255 0 0
4  2048 1960 1861 1673  255 0 0
4  1923 1874 1931 690  255 0 0
4  2048 1518 1519 1960  255 0 0
10  1673 910 1923 690 597 1631 1963 1884 1518 2048  255 0 0
4  1785 858 1591 874  255 0 0
7  874 1591 1910 483 1844 970 1829  255 0 0
4  1169 1746 982 1880  255 0 0
4  858 1785 2068 1653  255 0 0
4  858 1749 1404 2086  255 0 0
4  1169 2086 1404 1746  255 0 0
5  858 2086 1169 1910 1591  255 0 0
4  847 2047 1965 910  255 0 0
4  1158 1976 2070 1668  255 0 0
4  847 1668 2070 2047  255 0 0
4  1968 1867 603 1804  255 0 0
4  2013 346 345 1932  255 0 0
5  1724 1459 1811 1926 2042  255 0 0
4  1724 173 1549 2058  255 0 0
4  2042 1926 218 219  255 0 0
4  2042 220 173 1724  255 0 0
4  1723 1195 1462 1971  255 0 0
5  1723 221 220 2042 219  255 0 0
4  1723 219 218 1195  255 0 0
4  2130 2078 957 2029  255 0 0
5  2118 2130 2125 2126 2131  255 0 0
4  2120 1694 2072 1718  255 0 0
5  2129 1718 2072 110 2106  255 0 0
4  2120 1767 1690 1694  255 0 0
4  2130 2029 1692 2125  255 0 0
4  2126 2125 1692 1767  255 0 0
4  1716 1403 1402 2087  255 0 0
4  1577 2104 953 1004  255 0 0
4  1716 2087 1405 1406  255 0 0
4  1577 1406 1405 2104  255 0 0
4  1727 949 946 1402  255 0 0
4  1711 953 954 955  255 0 0
4  2104 1405 751 953  255 0 0
4  2087 1402 751 1405  255 0 0
4  1709 1707 2123 2114  255 0 0
4  1807 1831 1968 1804  255 0 0
4  1819 1786 537 494  255 0 0
4  1818 1203 657 2037  255 0 0
4  1818 494 537 1203  255 0 0
4  1818 1704 2018 494  255 0 0
4  1045 1644 1976 1158  255 0 0
5  1812 1045 1158 1668 1997  255 0 0
6  1615 1330 287 398 396 395  255 0 0
9  1615 1901 1189 1672 108 107 197 226 1929  255 0 0
6  2080 254 289 1330 1615 1929  255 0 0
5  2080 1929 226 227 521  255 0 0
4  1190 1720 138 262  255 0 0
4  1898 1116 367 371  255 0 0
4  1507 201 200 1469  255 0 0
4  1507 1504 1110 1106  255 0 0
6  1898 1675 378 381 891 1116  255 0 0
13  1190 268 626 380 1469 200 199 196 108 1672 1940 1697 1720  255 0 0
4  1507 361 362 1504  255 0 0
4  1898 371 369 1675  255 0 0
4  1190 262 771 268  255 0 0
4  1507 1469 365 361  255 0 0
4  526 1529 63 1423  255 0 0
5  2103 1248 1166 936 1205  255 0 0
7  2103 1307 582 1492 1438 1081 1248  255 0 0
5  2103 1205 1420 1200 1307  255 0 0
4  1915 2073 415 1187  255 0 0
5  875 1732 944 942 1622  255 0 0
9  875 1987 1917 1191 1588 1288 354 1080 1986  255 0 0
3  1615 395 1901  255 0 0
7  875 1986 1087 1066 1626 1648 1732  255 0 0
7  867 616 435 1010 1768 1458 838  255 0 0
7  867 1717 397 396 398 1610 1772  255 0 0
4  867 838 836 1717  255 0 0
4  1479 1961 1131 1914  255 0 0
4  2076 1472 1642 2019  255 0 0
13  1282 1836 1757 556 1590 1680 1418 500 2096 2031 1835 1279 278  255 0 0
4  1282 1276 1278 792  255 0 0
4  1934 1998 502 2111  255 0 0
4  1828 1509 1349 2015  255 0 0
4  1934 1977 1107 1998  255 0 0
4  1671 847 910 1673  255 0 0
4  426 1808 1805 1803  255 0 0
4  2107 1457 1548 727  255 0 0
4  1922 408 406 2038  255 0 0
4  1922 994 1540 699  255 0 0
4  2038 996 994 1922  255 0 0
5  881 699 1540 978 844  255 0 0
4  2038 1537 1538 996  255 0 0
4  2073 1737 1194 1301  255 0 0
4  2073 1301 412 415  255 0 0
6  526 1423 118 647 645 1062  255 0 0
6  1917 1062 919 799 1060 1191  255 0 0
5  1986 1080 294 293 1087  255 0 0
4  1582 1873 1996 1459  255 0 0
4  1924 668 1865 2079  255 0 0
5  1924 2079 1809 1577 1004  255 0 0
4  1570 1477 652 1568  255 0 0
4  1570 1329 997 2060  255 0 0
4  2111 2034 1819 1934  255 0 0
4  1459 1996 1813 1811  255 0 0
4  2079 1865 1462 1347  255 0 0
4  2015 1349 1107 1977  255 0 0
4  1455 1125 1446 1656  255 0 0
4  1341 1651 1125 1455  255 0 0
4  1509 1321 2010 1349  255 0 0
4  1509 1828 898 837  255 0 0
4  1349 2010 1104 1107  255 0 0
4  2079 1347 2041 1809  255 0 0
13  1091 1909 749 757 763 766 1381 2099 1186 865 851 868 1009  255 0 0
4  1091 195 194 1088  255 0 0
4  1614 2122 1991 2094  255 0 0
12  1614 1380 1226 1234 472 1379 1442 1434 1425 880 733 2122  255 0 0
5  746 1381 766 770 774  255 0 0
8  746 2052 2051 951 2005 1155 1466 1820  255 0 0
5  951 1442 1379 1729 2005  255 0 0
4  951 2051 1547 1424  255 0 0
5  746 1820 1655 2099 1381  255 0 0
4  1812 1193 487 1045  255 0 0
5  1577 1809 1873 1716 1406  255 0 0
4  2037 657 2046 839  255 0 0
4  2037 1867 1800 2071  255 0 0
4  1177 1817 1653 2068  255 0 0
5  869 1794 1177 1958 862  255 0 0
4  1828 2015 1753 1170  255 0 0
4  558 1719 1713 829  255 0 0
4  556 1757 1554 1708  255 0 0
4  1836 1282 792 547  255 0 0
4  1836 547 1554 1757  255 0 0
4  547 1747 1105 1554  255 0 0
4  1105 1747 1746 1404  255 0 0
4  1194 898 2053 877  255 0 0
4  550 506 972 2056  255 0 0
4  2033 1499 1604 2039  255 0 0
4  2039 1604 1599 1550  255 0 0
4  537 1620 2006 1203  255 0 0
4  1203 2006 1907 657  255 0 0
4  1787 510 1824 879  255 0 0
5  1347 1462 1195 218 1816  255 0 0
4  1926 1811 1816 218  255 0 0
5  1999 317 890 1588 1191  255 0 0
7  1999 1643 1667 1140 105 106 317  255 0 0
5  1191 1060 1315 1643 1999  255 0 0
4  1932 345 344 1188  255 0 0
4  1932 1745 1795 2013  255 0 0
4  1188 1096 1745 1932  255 0 0
4  1974 2109 809 2077  255 0 0
4  2077 809 1946 2030  255 0 0
9  2077 2030 1264 767 765 758 1400 1596 1974  255 0 0
6  1933 2003 1783 1415 1117 1957  255 0 0
5  1933 1877 386 387 449  255 0 0
4  1933 449 1823 2003  255 0 0
6  2096 500 894 1017 1237 602  255 0 0
7  2096 602 1450 1388 720 1595 2031  255 0 0
4  2078 955 950 957  255 0 0
4  2106 957 950 949  255 0 0
4  2072 1691 109 110  255 0 0
4  2106 110 109 957  255 0 0
4  1744 1985 1863 1795  255 0 0
4  2075 1562 1048 1132  255 0 0
4  1341 2105 1503 1651  255 0 0
4  1341 662 1515 2105  255 0 0
4  1335 1705 2074 1786  255 0 0
4  1786 2074 1620 537  255 0 0
4  844 1210 606 1314  255 0 0
4  619 1214 454 1448  255 0 0
4  1326 843 42 39  255 0 0
7  990 988 1214 619 1136 987 1133  255 0 0
4  990 610 1328 1326  255 0 0
5  839 1954 603 1867 2037  255 0 0
4  2035 1391 1952 1864  255 0 0
4  2075 1028 452 1562  255 0 0
8  662 1341 1455 1656 1280 790 1271 1215  255 0 0
4  2105 1515 2059 1503  255 0 0
4  2008 1419 1415 1783  255 0 0
4  1956 581 885 1797  255 0 0
4  1232 1049 935 1513  255 0 0
4  2008 1908 886 1419  255 0 0
4  1956 815 583 581  255 0 0
4  1247 1562 452 808  255 0 0
4  1625 1391 1705 1335  255 0 0
4  1625 1894 1952 1391  255 0 0
4  2060 165 1477 1570  255 0 0
5  2060 997 1235 1943 1628  255 0 0
4  2025 2064 1284 1370  255 0 0
5  2110 2084 2001 1738 193  255 0 0
4  2110 1275 1990 2084  255 0 0
4  1960 2064 2017 1861  255 0 0
4  1874 2084 1990 1931  255 0 0
4  1960 1519 1284 2064  255 0 0
4  1562 1247 502 1838  255 0 0
5  1391 2035 929 726 1551  255 0 0
5  468 1329 250 248 1870  255 0 0
4  1368 1453 1352 1236  255 0 0
4  1559 1368 468 1870  255 0 0
4  1466 1155 1484 1482  255 0 0
7  1466 1482 1814 548 545 1655 1820  255 0 0
4  1866 1969 1850 1915  255 0 0
4  1353 1880 1505 1964  255 0 0
4  1964 1505 837 898  255 0 0
4  1454 1876 1880 1353  255 0 0
4  1454 1353 1964 1904  255 0 0
4  996 2112 2085 994  255 0 0
5  994 2085 1839 978 1540  255 0 0
5  996 1538 1448 454 2112  255 0 0
4  844 978 1839 1210  255 0 0
4  990 40 41 988  255 0 0
4  990 1326 39 40  255 0 0
5  843 1210 1839 981 42  255 0 0
5  988 41 1393 454 1214  255 0 0
4  1393 41 40 1878  255 0 0
4  1393 981 1839 454  255 0 0
4  972 2055 1621 2091  255 0 0
4  2092 507 1913 1760  255 0 0
4  1760 1913 2063 1755  255 0 0
4  1928 1624 1927 1817  255 0 0
4  2091 1830 1624 1928  255 0 0
4  895 1579 1499 2033  255 0 0
10  895 2033 2039 1801 736 876 1428 1435 1439 722  255 0 0
6  890 317 106 316 1311 1460  255 0 0
5  2011 775 88 89 936  255 0 0
7  2011 850 1241 91 1290 90 775  255 0 0
7  1113 1949 1533 104 1122 91 1241  255 0 0
8  1192 378 370 376 360 364 380 626  255 0 0
5  1192 651 889 381 378  255 0 0
7  1900 566 484 493 475 568 2026  255 0 0
4  1900 1293 769 566  255 0 0
5  1900 1202 1899 1841 1293  255 0 0
4  1897 1791 1541 1277  255 0 0
4  1277 1541 707 1859  255 0 0
4  1277 1952 1894 1897  255 0 0
4  2064 2025 1069 710  255 0 0
4  2084 1874 1965 2004  255 0 0
4  1666 1854 1855 1930  255 0 0
4  1951 1920 1854 1666  255 0 0
4  1931 1990 1951 1666  255 0 0
10  1862 1761 1743 1585 1810 1001 1196 984 995 901  255 0 0
4  1892 1790 1919 1893  255 0 0
13  1892 1506 1848 465 243 1209 1212 883 1115 853 1412 1408 1790  255 0 0
4  1184 1520 1522 1525  255 0 0
4  1950 1774 1520 1184  255 0 0
4  1979 1733 678 1734  255 0 0
4  1734 678 1410 1891  255 0 0
4  1979 1734 1950 1184  255 0 0
4  2070 2101 2097 2047  255 0 0
4  1976 1361 2101 2070  255 0 0
4  1974 2002 1994 2109  255 0 0
4  1654 874 1829 1832  255 0 0
4  483 1969 1305 1844  255 0 0
5  1737 1904 1964 898 1194  255 0 0
12  1966 1143 49 5 47 1097 893 363 357 373 368 891  255 0 0
6  1966 891 381 1146 50 1144  255 0 0
4  1643 1315 1318 1667  255 0 0
3  1966 1144 1143  255 0 0
4  972 506 510 1787  255 0 0
4  936 89 382 384  255 0 0
7  1248 1081 1164 1160 451 605 1166  255 0 0
4  850 2011 936 1166  255 0 0
4  1961 494 2018 1131  255 0 0
4  1634 513 1644 1045  255 0 0
5  1045 487 1244 1044 1634  255 0 0
3  1588 1464 1288  255 0 0
4  890 1460 1464 1588  255 0 0
5  1604 1620 2074 1705 1599  255 0 0
4  1740 379 776 1367  255 0 0
4  1634 1044 1344 640  255 0 0
4  1899 2036 1699 2040  255 0 0
4  1899 2040 806 1841  255 0 0
5  1821 433 564 797 1286  255 0 0
5  1821 1286 567 934 520  255 0 0
4  1715 1250 507 2092  255 0 0
9  1760 1712 1059 1752 1663 2116 1710 1715 2092  255 0 0
4  1712 1760 1755 1317  255 0 0
4  1317 1755 2063 711  255 0 0
4  1753 2015 1808 426  255 0 0
4  2047 2097 2004 1965  255 0 0
5  2101 2109 1994 2004 2097  255 0 0
4  1974 1596 1738 2002  255 0 0
8  522 1942 512 314 310 1057 1670 1560  255 0 0
5  1486 1130 1383 1942 522  255 0 0
6  1916 723 952 1799 527 802  255 0 0
4  1916 1049 508 1995  255 0 0
5  1916 1995 1523 721 723  255 0 0
6  1916 802 516 1456 935 1049  255 0 0
4  1810 1585 1586 1806  255 0 0
4  853 1375 1372 1272  255 0 0
4  1164 1070 2044 305  255 0 0
5  1164 1081 1438 963 1070  255 0 0
4  850 1166 605 1241  255 0 0
4  1113 1241 605 451  255 0 0
4  1164 305 306 1160  255 0 0
4  846 638 827 1514  255 0 0
4  1159 515 638 846  255 0 0
6  846 1956 1797 1908 2008 1159  255 0 0
4  1809 2041 1996 1873  255 0 0
7  1155 2005 1729 973 1199 927 1484  255 0 0
5  1872 768 542 540 575  255 0 0
4  2067 543 744 578  255 0 0
4  1147 1384 2102 604  255 0 0
4  1147 1902 1238 1993  255 0 0
4  1993 1385 1384 1147  255 0 0
4  2067 575 540 543  255 0 0
4  1993 162 1750 1385  255 0 0
5  1872 575 2067 604 162  255 0 0
4  1861 2017 1090 2022  255 0 0
6  2017 2064 710 706 711 2063  255 0 0
4  2046 1501 1580 1363  255 0 0
5  1339 74 1046 768 1260  255 0 0
5  1973 2020 725 1601 1972  255 0 0
3  1872 1260 768  255 0 0
5  1973 1392 745 724 2020  255 0 0
4  454 1839 2085 2112  255 0 0
4  1838 502 1998 1833  255 0 0
5  1562 1838 1503 2059 1048  255 0 0
4  1920 1951 1893 1919  255 0 0
4  680 1521 1630 2007  255 0 0
4  2007 1630 1631 597  255 0 0
4  1854 1920 680 2007  255 0 0
4  1794 550 2056 1177  255 0 0
4  898 1828 1170 2053  255 0 0
4  1866 1915 1187 1925  255 0 0
4  2052 746 774 1725  255 0 0
4  2051 2052 1725 1547  255 0 0
4  1547 1578 1579 895  255 0 0
4  1725 1947 1578 1547  255 0 0
4  1542 1879 1578 1947  255 0 0
4  1997 1668 1707 1709  255 0 0
4  1677 979 976 826  255 0 0
4  1834 777 1112 1730  255 0 0
4  1617 1959 979 1677  255 0 0
4  1992 1268 777 1834  255 0 0
4  1834 1617 1677 1992  255 0 0
4  1982 1245 1635 1935  255 0 0
4  1791 1897 1896 1918  255 0 0
4  1935 1635 1741 1777  255 0 0
4  1935 1541 1791 1982  255 0 0
4  1818 2037 2071 1704  255 0 0
4  1827 568 475 474  255 0 0
5  1827 616 867 1772 2128  255 0 0
6  1827 563 434 432 435 616  255 0 0
6  1821 520 937 939 434 433  255 0 0
4  1827 474 473 563  255 0 0
4  1347 1816 1815 2041  255 0 0
4  2041 1815 1813 1996  255 0 0
4  1813 1815 1816 1811  255 0 0
7  1995 508 1921 785 748 1975 1984  255 0 0
4  1995 1984 675 1523  255 0 0
7  1955 457 445 161 1218 1283 1165  255 0 0
4  1921 1470 1273 785  255 0 0
4  1921 508 1049 1232  255 0 0
4  1649 1796 1954 839  255 0 0
4  1801 2039 1550 726  255 0 0
5  2031 1595 424 428 1835  255 0 0
4  2030 1946 1947 1725  255 0 0
4  1628 1943 1944 2012  255 0 0
4  1628 167 165 2060  255 0 0
5  2012 1944 1236 1352 1882  255 0 0
4  2012 166 167 1628  255 0 0
5  2029 957 109 1691 1692  255 0 0
5  1958 1177 2068 1785 874  255 0 0
4  1830 2091 1621 1885  255 0 0
4  1830 1913 507 1624  255 0 0
4  1361 1976 1644 1229  255 0 0
4  1361 809 2109 2101  255 0 0
3  1623 1251 1246  255 0 0
4  1130 1473 1251 1623  255 0 0
4  1130 1486 1201 928  255 0 0
4  1941 1942 1383 1382  255 0 0
5  1623 1246 1382 1383 1130  255 0 0
4  2022 1090 1885 1621  255 0 0
4  1499 2006 1620 1604  255 0 0
4  1321 1509 837 1322  255 0 0
4  1651 2010 1321 1125  255 0 0
4  1346 2090 747 529  255 0 0
7  1346 1475 457 1955 328 695 631  255 0 0
10  1721 1239 1475 1346 529 1213 1026 241 470 1687  255 0 0
4  1721 1242 495 1281  255 0 0
7  1957 1622 942 74 1339 1877 1933  255 0 0
4  1117 1415 1417 2021  255 0 0
3  2020 724 725  255 0 0
4  1107 1104 1833 1998  255 0 0
4  1503 1104 2010 1651  255 0 0
4  1096 1744 1795 1745  255 0 0
4  1501 2046 657 1907  255 0 0
4  1580 1501 1499 1579  255 0 0
4  1090 2017 2063 1885  255 0 0
4  1740 1823 295 379  255 0 0
5  1941 1382 1246 498 1539  255 0 0
4  1338 948 533 572  255 0 0
4  1338 572 573 86  255 0 0
6  1941 1539 1683 311 313 1967  255 0 0
5  1574 505 478 1281 1376  255 0 0
8  1574 872 1168 1722 1061 941 1055 505  255 0 0
5  1560 1670 1263 438 549  255 0 0
7  1684 899 2026 568 1827 2128 1304  255 0 0
4  1684 1378 793 896  255 0 0
4  1464 355 354 1288  255 0 0
6  1684 896 823 897 1592 899  255 0 0
5  1464 1312 2049 824 355  255 0 0
4  1460 1311 1312 1464  255 0 0
4  1401 789 182 181  255 0 0
4  1554 1105 1250 1715  255 0 0
4  1426 2066 1563 1491  255 0 0
5  648 615 94 613 966  255 0 0
5  968 715 159 1546 389  255 0 0
4  1313 1564 615 648  255 0 0
6  804 943 1782 1887 2066 1426  255 0 0
5  966 613 92 1327 965  255 0 0
5  389 1546 569 1937 388  255 0 0
4  388 1937 943 804  255 0 0
4  1313 1491 1563 1564  255 0 0
5  968 965 1327 1781 715  255 0 0
4  1505 1324 1322 837  255 0 0
4  1880 982 1324 1505  255 0 0
4  1446 1125 1324 982  255 0 0
4  2132 1679 1936 2009  255 0 0
4  2009 1846 1780 2132  255 0 0
4  2009 1936 1829 970  255 0 0
4  970 1844 1846 2009  255 0 0
6  2036 628 560 1701 1543 1699  255 0 0
4  2040 1699 1700 806  255 0 0
4  1437 1380 420 422  255 0 0
7  1953 1556 681 1359 1369 1611 462  255 0 0
4  1437 1230 1226 1380  255 0 0
4  1953 462 1230 1437  255 0 0
4  2084 2004 1994 2001  255 0 0
4  2002 1738 2001 1994  255 0 0
4  1344 1883 817 1763  255 0 0
4  2000 1796 1064 1065  255 0 0
4  1838 1833 1104 1503  255 0 0
4  1680 1590 1478 1340  255 0 0
4  1678 1696 330 329  255 0 0
6  1680 1340 664 1736 552 1418  255 0 0
4  1678 854 1167 1696  255 0 0
4  1955 1165 854 1678  255 0 0
4  1972 1601 820 443  255 0 0
4  1972 443 441 455  255 0 0
7  1037 1983 1657 1661 716 1386 991  255 0 0
4  1037 1243 2024 485  255 0 0
8  1085 1032 1600 1181 1983 1037 485 1020  255 0 0
4  1085 490 504 501  255 0 0
4  1085 1020 1019 490  255 0 0
7  1032 1085 501 1498 1413 1218 453  255 0 0
4  1032 812 813 1600  255 0 0
4  1983 1181 675 1984  255 0 0
4  1980 816 1762 1754  255 0 0
4  1980 2043 1064 1978  255 0 0
4  1754 1063 2043 1980  255 0 0
4  1978 1763 816 1980  255 0 0
4  1661 427 714 716  255 0 0
8  1661 1657 1535 1444 437 670 439 425  255 0 0
4  1657 531 530 1535  255 0 0
4  1975 748 531 1657  255 0 0
4  1984 1975 1657 1983  255 0 0
6  1972 455 459 1902 1147 1394  255 0 0
6  2067 578 1392 1394 1147 604  255 0 0
4  1973 1972 1394 1392  255 0 0
7  958 1420 1205 936 384 352 349  255 0 0
4  1792 689 285 286  255 0 0
4  1792 286 464 1759  255 0 0
10  958 1528 1129 2014 1126 1118 1124 1128 1200 1420  255 0 0
4  958 171 172 1528  255 0 0
4  1747 547 1656 1446  255 0 0
4  513 1619 1229 1644  255 0 0
4  1653 1646 1749 858  255 0 0
4  1646 1653 1817 1927  255 0 0
4  507 1250 1749 1646  255 0 0
4  1154 1149 1148 1153  255 0 0
4  1154 1354 901 1333  255 0 0
7  1962 754 1149 1154 1351 1343 1198  255 0 0
4  1962 998 1001 629  255 0 0
4  1962 1198 878 998  255 0 0
5  500 1418 552 499 894  255 0 0
4  1245 1982 1793 634  255 0 0
4  1766 1449 1629 492  255 0 0
4  492 1629 1583 1742  255 0 0
4  492 1635 1245 1766  255 0 0
4  483 1910 1876 1454  255 0 0
4  1449 1766 1584 974  255 0 0
4  1959 1617 1487 1377  255 0 0
4  1959 1629 1449 979  255 0 0
4  1235 997 1329 468  255 0 0
4  1368 1236 1235 468  255 0 0
4  1921 1514 827 1470  255 0 0
4  1921 1232 1513 1514  255 0 0
7  1956 846 1514 1513 541 1358 815  255 0 0
4  1229 1619 809 1361  255 0 0
4  1220 602 1243 1037  255 0 0
4  1220 1451 1450 602  255 0 0
4  1220 1037 991 1451  255 0 0
4  1906 1115 2090 1346  255 0 0
4  1030 1506 1242 1721  255 0 0
4  1030 1689 1848 1506  255 0 0
4  1030 1721 1687 1689  255 0 0
4  862 1958 874 1654  255 0 0
5  451 1160 1337 912 683  255 0 0
9  1113 451 683 100 96 102 98 318 1949  255 0 0
6  1539 498 1627 295 1823 449  255 0 0
4  1619 1948 1946 809  255 0 0
4  1774 1950 1272 1372  255 0 0
4  1520 1774 1284 1519  255 0 0
4  1796 2000 603 1954  255 0 0
6  791 1536 754 1962 1012 1483  255 0 0
6  1279 1835 428 1207 666 1208  255 0 0
4  1784 436 273 272  255 0 0
7  791 1748 270 1018 437 737 1536  255 0 0
4  1279 1208 814 278  255 0 0
4  791 1784 272 1748  255 0 0
4  1859 707 1761 1862  255 0 0
4  1859 1864 1952 1277  255 0 0
4  1990 1275 1893 1951  255 0 0
4  1891 1410 761 1889  255 0 0
4  1734 1891 1272 1950  255 0 0
3  775 90 88  255 0 0
3  1949 318 1533  255 0 0
4  1239 1721 1281 478  255 0 0
4  1902 1475 1239 1238  255 0 0
6  1945 1544 1308 824 2049 1306  255 0 0
4  1945 1306 1309 1467  255 0 0
6  1945 1467 1180 1179 1285 1544  255 0 0
4  1235 1236 1944 1943  255 0 0
4  828 638 515 1151  255 0 0
4  1151 1149 754 828  255 0 0
4  1670 1320 1421 1263  255 0 0
4  1670 1057 309 1320  255 0 0
4  1941 1967 512 1942  255 0 0
4  1608 596 1390 1071  255 0 0
4  1608 1071 1216 1033  255 0 0
4  1939 39 42 981  255 0 0
4  1878 40 39 1939  255 0 0
4  1393 1878 1939 981  255 0 0
4  1705 1391 1551 1599  255 0 0
4  1551 726 1550 1599  255 0 0
5  1546 159 158 801 569  255 0 0
7  715 1781 1778 12 20 158 159  255 0 0
7  1327 93 1756 16 18 1778 1781  255 0 0
6  1563 2066 1887 1302 1589 95  255 0 0
5  943 1937 569 801 1782  255 0 0
4  1906 633 1336 1115  255 0 0
4  1346 631 633 1906  255 0 0
4  1955 1678 329 328  255 0 0
4  1850 1454 1904 1737  255 0 0
4  1730 1112 594 1810  255 0 0
4  1730 1487 1617 1834  255 0 0
4  1777 1741 1739 1299  255 0 0
4  1777 707 1541 1935  255 0 0
6  1539 449 387 571 1685 1683  255 0 0
4  1930 1855 597 690  255 0 0
4  690 1931 1666 1930  255 0 0
4  1624 507 1646 1927  255 0 0
3  1531 1265 1222  255 0 0
4  1534 1261 1265 1531  255 0 0
4  1530 1269 251 1447  255 0 0
3  1534 1219 1261  255 0 0
5  1151 515 1159 1826 1152  255 0 0
4  873 1706 1521 680  255 0 0
4  1920 1919 873 680  255 0 0
4  1525 1522 1518 1884  255 0 0
4  1884 1963 1733 1979  255 0 0
4  1884 1979 1184 1525  255 0 0
4  1912 1176 760 1411  255 0 0
4  1636 673 1176 1912  255 0 0
4  1636 1912 678 1733  255 0 0
4  673 1636 1638 1632  255 0 0
4  1630 1521 1176 673  255 0 0
4  1909 1091 2016 1267  255 0 0
4  1909 1267 750 749  255 0 0
4  1071 662 1215 1216  255 0 0
4  1656 547 792 1280  255 0 0
4  1501 1907 2006 1499  255 0 0
3  651 892 889  255 0 0
4  2122 733 734 1991  255 0 0
4  459 455 441 448  255 0 0
4  459 457 1475 1902  255 0 0
6  1740 1367 1360 1557 1152 1826  255 0 0
4  2026 899 1592 933  255 0 0
4  1900 2026 933 1202  255 0 0
6  1899 1202 933 1592 628 2036  255 0 0
4  643 1793 1918 1896  255 0 0
4  1897 1894 643 1896  255 0 0
4  1275 1798 1892 1893  255 0 0
4  1889 761 1412 853  255 0 0
4  1891 1889 853 1272  255 0 0
5  1887 1782 801 819 1302  255 0 0
4  95 1566 28 29  255 0 0
4  95 1589 1427 1566  255 0 0
4  1885 2063 1913 1830  255 0 0
4  1044 1244 1883 1344  255 0 0
3  1340 1075 664  255 0 0
5  1498 1072 1074 1174 1413  255 0 0
4  1498 1736 664 1072  255 0 0
4  1169 1880 1876 1910  255 0 0
7  626 268 1274 266 265 1145 940  255 0 0
5  1192 626 940 892 651  255 0 0
3  1330 289 287  255 0 0
4  1338 86 85 1765  255 0 0
4  1765 85 87 385  255 0 0
5  1765 1240 1252 948 1338  255 0 0
4  386 1877 1339 385  255 0 0
4  1333 901 995 1348  255 0 0
4  629 1001 1014 1011  255 0 0
4  1154 1333 1348 1351  255 0 0
3  1327 92 93  255 0 0
8  613 94 95 29 1120 31 93 92  255 0 0
5  615 1564 1563 95 94  255 0 0
4  1125 1321 1322 1324  255 0 0
4  1862 600 1864 1859  255 0 0
4  1855 1854 2007 597  255 0 0
5  1139 962 1470 827 1607  255 0 0
4  828 1607 827 638  255 0 0
5  1139 1607 828 754 1536  255 0 0
4  826 805 807 825  255 0 0
4  825 807 1268 1992  255 0 0
4  1992 1677 826 825  255 0 0
4  1844 1305 1780 1846  255 0 0
4  1843 1842 1366 1561  255 0 0
4  1612 1471 1008 1639  255 0 0
4  1842 1645 625 1366  255 0 0
4  2118 1249 1007 1647  255 0 0
9  1841 806 1083 804 1259 923 772 769 1293  255 0 0
3  1289 253 952  255 0 0
3  1289 724 745  255 0 0
5  1513 935 76 131 541  255 0 0
5  1289 952 723 725 724  255 0 0
4  2080 521 527 1799  255 0 0
5  802 527 521 518 516  255 0 0
3  1729 476 973  255 0 0
4  1486 1484 927 1201  255 0 0
4  1758 1593 389 390  255 0 0
4  1281 495 237 1376  255 0 0
4  1832 1829 1936 1679  255 0 0
5  1826 1783 2003 1823 1740  255 0 0
4  794 1009 868 871  255 0 0
4  1574 794 871 872  255 0 0
4  1655 1407 1186 2099  255 0 0
3  1655 545 1407  255 0 0
4  1560 549 548 1814  255 0 0
4  522 1560 1814 1482  255 0 0
4  1806 1586 1377 1487  255 0 0
4  1810 1806 1487 1730  255 0 0
4  1993 1238 1240 1765  255 0 0
4  1991 1801 726 2094  255 0 0
4  726 929 697 2094  255 0 0
4  1799 952 254 2080  255 0 0
4  1797 885 886 1908  255 0 0
4  1742 1583 1585 1743  255 0 0
4  1742 1741 1635 492  255 0 0
5  1339 1260 1872 162 385  255 0 0
4  1993 1765 385 162  255 0 0
4  1982 1791 1918 1793  255 0 0
4  1790 1408 1409 1789  255 0 0
4  1789 1409 1706 873  255 0 0
4  1919 1790 1789 873  255 0 0
4  1377 1583 1629 1959  255 0 0
4  1140 592 1310 105  255 0 0
3  1140 1667 1318  255 0 0
4  1311 1306 2049 1312  255 0 0
4  1311 316 1309 1306  255 0 0
8  1681 1593 1758 870 1468 1365 1463 1461  255 0 0
4  1784 1481 1488 436  255 0 0
4  1784 791 1483 1481  255 0 0
4  1962 629 1011 1012  255 0 0
4  2008 1783 1826 1159  255 0 0
4  801 158 1587 819  255 0 0
4  1302 728 1427 1589  255 0 0
4  1302 819 731 728  255 0 0
4  158 20 19 1567  255 0 0
4  158 1567 729 1587  255 0 0
4  819 1587 729 731  255 0 0
5  93 31 267 224 1756  255 0 0
4  1778 1571 13 12  255 0 0
4  1778 18 17 1571  255 0 0
4  1299 1739 1743 1761  255 0 0
4  1299 1761 707 1777  255 0 0
8  967 764 916 1508 1512 784 1476 966  255 0 0
6  636 1143 1144 627 54 53  255 0 0
8  1773 784 1512 719 1545 1726 1331 1489  255 0 0
4  1596 1267 2016 1738  255 0 0
4  842 1135 1136 619  255 0 0
4  452 777 1268 808  255 0 0
4  1286 924 922 567  255 0 0
4  772 923 924 1286  255 0 0
5  772 1286 797 566 769  255 0 0
4  1769 1297 1290 91  255 0 0
4  1769 91 916 764  255 0 0
4  806 390 388 1083  255 0 0
4  1768 1010 215 214  255 0 0
4  1768 214 599 1458  255 0 0
4  838 1458 599 971  255 0 0
4  1720 1697 463 138  255 0 0
4  1717 836 525 397  255 0 0
4  836 450 1597 525  255 0 0
4  397 525 1597 393  255 0 0
6  1697 1940 1103 1021 460 463  255 0 0
4  1940 1672 447 1103  255 0 0
4  634 976 974 1584  255 0 0
4  1766 1245 634 1584  255 0 0
7  1319 703 403 404 1178 709 1594  255 0 0
7  1319 789 1401 1609 701 1516 703  255 0 0
7  1758 390 806 1700 2045 864 870  255 0 0
4  162 604 2102 1750  255 0 0
4  1594 709 1543 1701  255 0 0
4  1681 967 968 1593  255 0 0
10  1304 818 1735 1650 830 1073 803 1076 1378 1684  255 0 0
5  1304 2128 1772 1610 818  255 0 0
5  944 1732 1648 1650 1735  255 0 0
4  1763 817 1762 816  255 0 0
4  460 1021 1025 786  255 0 0
4  786 1025 1024 554  255 0 0
4  1759 464 63 1529  255 0 0
4  794 236 235 1009  255 0 0
4  794 1574 1376 236  255 0 0
4  1218 1413 1174 1283  255 0 0
4  1218 161 160 453  255 0 0
5  1283 1174 1881 1163 1165  255 0 0
4  1120 29 28 1569  255 0 0
5  1120 21 25 267 31  255 0 0
4  1756 1565 15 16  255 0 0
4  1120 1569 1266 21  255 0 0
4  1756 224 223 1565  255 0 0
4  2090 1115 883 747  255 0 0
4  1250 1105 1404 1749  255 0 0
4  1747 1446 982 1746  255 0 0
4  1774 1372 1370 1284  255 0 0
4  1743 1739 1741 1742  255 0 0
4  1088 194 193 1738  255 0 0
4  1088 1738 2016 1091  255 0 0
4  1736 622 499 552  255 0 0
4  1498 501 622 1736  255 0 0
4  1378 1076 780 705  255 0 0
6  1087 1089 1316 479 1157 1066  255 0 0
6  1076 803 192 132 781 780  255 0 0
4  1073 830 1573 191  255 0 0
4  1073 191 192 803  255 0 0
4  1066 1157 1156 1626  255 0 0
4  782 1698 479 1316  255 0 0
4  1442 951 1424 1440  255 0 0
4  1729 1379 472 476  255 0 0
4  1728 911 97 170  255 0 0
4  1728 301 909 911  255 0 0
4  1337 231 99 912  255 0 0
4  1728 170 130 301  255 0 0
4  301 717 1598 909  255 0 0
4  627 1332 1331 1726  255 0 0
3  627 1144 50  255 0 0
3  646 911 909  255 0 0
5  646 318 98 97 911  255 0 0
4  301 202 713 717  255 0 0
6  646 909 1598 103 1533 318  255 0 0
6  1726 1545 713 635 54 627  255 0 0
5  1722 1168 852 861 863  255 0 0
5  1722 863 438 1263 1061  255 0 0
5  1153 1148 1556 1953 685  255 0 0
4  1153 956 1354 1154  255 0 0
4  1153 685 421 956  255 0 0
4  1719 1373 1058 1713  255 0 0
4  1712 1713 1058 1059  255 0 0
4  1554 1715 1710 1708  255 0 0
4  1713 1712 1317 829  255 0 0
4  1708 1703 1702 556  255 0 0
4  1710 2116 1703 1708  255 0 0
4  1411 760 1408 1412  255 0 0
4  1912 1411 1410 678  255 0 0
4  1521 1706 760 1176  255 0 0
4  1703 1665 1989 1702  255 0 0
4  2116 1663 1665 1703  255 0 0
4  1699 1543 2045 1700  255 0 0
5  1695 691 692 331 330  255 0 0
4  1694 1690 1691 2072  255 0 0
4  1692 1691 1690 1767  255 0 0
4  1689 467 465 1848  255 0 0
4  1687 470 467 1689  255 0 0
4  387 86 573 571  255 0 0
4  1685 571 573 312  255 0 0
4  1685 312 311 1683  255 0 0
4  1259 1426 1682 1258  255 0 0
4  1078 1041 409 671  255 0 0
4  383 1532 902 565  255 0 0
7  383 903 177 279 137 283 382  255 0 0
6  1078 429 1005 112 1035 1041  255 0 0
3  383 565 903  255 0 0
7  764 967 1681 1461 1606 1036 1031  255 0 0
4  1672 1189 1027 447  255 0 0
4  1469 380 364 365  255 0 0
4  1675 369 370 378  255 0 0
7  1532 88 90 1297 1029 796 902  255 0 0
5  1532 383 382 89 88  255 0 0
6  1041 1035 1036 1606 1398 1039  255 0 0
4  1665 1662 1526 1989  255 0 0
4  1663 1752 1662 1665  255 0 0
4  676 1374 1373 1526  255 0 0
4  1752 1059 1374 676  255 0 0
4  1526 1662 1752 676  255 0 0
4  2094 697 931 1614  255 0 0
4  112 111 570 1034  255 0 0
3  112 1034 1035  255 0 0
4  112 1005 36 35  255 0 0
4  1648 1626 1156 915  255 0 0
4  1650 914 1573 830  255 0 0
4  1648 915 914 1650  255 0 0
4  1645 1639 1008 625  255 0 0
4  1647 1007 1006 1640  255 0 0
4  1963 1631 1632 1638  255 0 0
4  1638 1636 1733 1963  255 0 0
4  1631 1630 673 1632  255 0 0
4  1392 578 744 745  255 0 0
5  1289 745 744 288 253  255 0 0
3  576 543 540  255 0 0
3  576 1771 1067  255 0 0
5  576 540 542 1613 1771  255 0 0
5  576 1067 288 744 543  255 0 0
3  768 1046 542  255 0 0
4  1613 542 1046 945  255 0 0
5  818 1610 1067 1771 1613  255 0 0
3  1669 902 796  255 0 0
5  1669 111 904 565 902  255 0 0
3  1769 1029 1297  255 0 0
5  1669 796 964 570 111  255 0 0
4  764 1031 1029 1769  255 0 0
4  1609 400 178 701  255 0 0
4  1401 181 400 1609  255 0 0
4  1364 592 593 1398  255 0 0
4  1398 593 471 1039  255 0 0
4  1606 1461 1364 1398  255 0 0
7  1601 721 1523 675 1603 1776 820  255 0 0
4  1603 675 1181 1600  255 0 0
4  1603 1600 813 1776  255 0 0
4  427 1661 425 913  255 0 0
4  427 1595 720 714  255 0 0
4  1592 897 559 557  255 0 0
5  1701 560 140 300 1594  255 0 0
6  1592 557 216 140 560 628  255 0 0
4  1586 1585 1583 1377  255 0 0
4  1879 1580 1579 1578  255 0 0
5  1571 17 888 11 13  255 0 0
5  1567 19 773 1254 729  255 0 0
6  1427 900 649 26 28 1566  255 0 0
5  1569 28 26 22 1266  255 0 0
5  1565 223 999 14 15  255 0 0
4  1366 1249 113 1561  255 0 0
4  1557 1360 682 684  255 0 0
4  1557 1556 1148 1152  255 0 0
4  1457 1553 969 1548  255 0 0
4  1555 1432 732 961  255 0 0
4  1553 961 732 969  255 0 0
3  1502 296 297  255 0 0
4  730 249 297 1497  255 0 0
4  1497 297 299 732  255 0 0
6  732 299 298 239 240 969  255 0 0
4  732 1432 730 1497  255 0 0
4  1430 1219 1221 727  255 0 0
4  969 240 1219 1430  255 0 0
4  1548 969 1430 727  255 0 0
4  1547 895 722 1424  255 0 0
4  1801 1991 734 736  255 0 0
4  722 1439 1440 1424  255 0 0
4  719 1512 1510 103  255 0 0
4  103 1510 1122 104  255 0 0
5  713 202 394 632 635  255 0 0
6  719 103 1598 717 713 1545  255 0 0
5  1544 1285 1287 1296 1308  255 0 0
5  709 1178 864 2045 1543  255 0 0
4  1948 1542 1947 1946  255 0 0
4  703 145 144 403  255 0 0
4  703 1516 146 145  255 0 0
4  701 178 146 1516  255 0 0
4  1139 740 738 962  255 0 0
4  1536 737 740 1139  255 0 0
5  439 670 276 667 1162  255 0 0
4  437 1444 739 737  255 0 0
4  1470 962 738 1273  255 0 0
5  1535 530 2057 739 1444  255 0 0
3  1533 103 104  255 0 0
4  916 91 1122 1508  255 0 0
4  1528 172 64 1129  255 0 0
7  1682 1489 1331 1334 1524 517 1258  255 0 0
5  889 1868 1256 517 1524  255 0 0
4  1524 1334 381 889  255 0 0
4  1522 1520 1519 1518  255 0 0
4  1079 154 151 150  255 0 0
4  1515 662 1071 1390  255 0 0
4  1512 1508 1122 1510  255 0 0
8  1507 1106 1002 282 795 519 523 201  255 0 0
4  1116 891 368 367  255 0 0
8  1504 893 1097 232 663 659 1095 1110  255 0 0
4  1504 362 363 893  255 0 0
8  1110 1094 1496 1494 1500 1300 1002 1106  255 0 0
4  1110 1095 1581 1094  255 0 0
4  1492 1490 963 1438  255 0 0
5  1492 582 833 1101 1493  255 0 0
4  1101 46 44 992  255 0 0
3  1101 833 1206  255 0 0
4  1492 1323 238 1490  255 0 0
4  1101 992 835 1493  255 0 0
4  1492 1493 835 1323  255 0 0
4  1094 205 204 1496  255 0 0
4  1500 1494 993 45  255 0 0
4  1086 1495 1040 65  255 0 0
4  1086 920 1084 1495  255 0 0
4  1084 1325 532 1414  255 0 0
4  1496 204 993 1494  255 0 0
4  1084 1414 1040 1495  255 0 0
4  1581 1095 659 658  255 0 0
4  1086 65 186 155  255 0 0
4  1581 187 205 1094  255 0 0
4  1490 238 656 963  255 0 0
4  1070 963 656 2044  255 0 0
4  1313 1773 1489 1682  255 0 0
5  1610 398 287 288 1067  255 0 0
4  522 1482 1484 1486  255 0 0
4  1061 1263 1421 941  255 0 0
4  1252 1054 533 948  255 0 0
4  505 1055 1054 1252  255 0 0
5  1478 1173 1172 1075 1340  255 0 0
5  1611 466 1231 1227 462  255 0 0
5  1611 1369 1362 741 466  255 0 0
4  1130 928 1714 1473  255 0 0
4  1476 784 1773 648  255 0 0
4  1471 1474 1006 1008  255 0 0
4  316 105 1463 1365  255 0 0
4  1468 870 1180 1467  255 0 0
5  1468 1467 1309 316 1365  255 0 0
3  105 316 106  255 0 0
3  1364 1310 592  255 0 0
5  1463 105 1310 1364 1461  255 0 0
4  1358 541 131 831  255 0 0
4  1358 831 583 815  255 0 0
4  1456 516 518 1000  255 0 0
5  1000 518 519 795 75  255 0 0
4  1000 538 935 1456  255 0 0
3  1002 1300 282  255 0 0
5  1000 75 503 1253 538  255 0 0
4  991 1386 1387 985  255 0 0
4  985 1387 1388 1450  255 0 0
4  985 1450 1451 991  255 0 0
4  979 1449 974 976  255 0 0
4  1445 779 296 1502  255 0 0
3  1445 247 779  255 0 0
4  1953 1437 422 685  255 0 0
4  1440 1433 1434 1442  255 0 0
4  1439 1435 1433 1440  255 0 0
4  1435 1428 1422 1433  255 0 0
4  1433 1422 1425 1434  255 0 0
4  1429 884 880 1425  255 0 0
4  1428 876 884 1429  255 0 0
4  1425 1422 1428 1429  255 0 0
3  804 1426 1259  255 0 0
4  1421 1056 1055 941  255 0 0
6  886 1200 1128 1417 1415 1419  255 0 0
4  1174 1074 1075 1172  255 0 0
4  1411 1412 761 1410  255 0 0
4  1706 1409 1408 760  255 0 0
4  1397 1038 1222 1269  255 0 0
4  1390 1047 497 621  255 0 0
4  1515 1390 621 2059  255 0 0
4  1386 716 718 1389  255 0 0
4  1389 718 720 1388  255 0 0
4  1387 1386 1389 1388  255 0 0
4  1385 1750 2102 1384  255 0 0
4  1378 705 702 793  255 0 0
4  1372 1375 1371 1370  255 0 0
4  1369 1359 1357 1362  255 0 0
4  1557 684 681 1556  255 0 0
4  928 1362 1357 1714  255 0 0
4  1367 776 682 1360  255 0 0
5  1362 928 1201 1197 741  255 0 0
4  1359 681 845 1357  255 0 0
4  1357 845 624 1714  255 0 0
4  998 878 1196 1001  255 0 0
4  995 984 1345 1350  255 0 0
4  1350 1345 1343 1351  255 0 0
4  1350 1351 1348 995  255 0 0
4  1342 882 1198 1343  255 0 0
4  984 1196 882 1342  255 0 0
4  1345 984 1342 1343  255 0 0
4  631 695 694 633  255 0 0
4  633 694 691 1336  255 0 0
4  1332 627 50 1146  255 0 0
5  1334 1331 1332 1146 381  255 0 0
4  155 186 183 189  255 0 0
4  1204 654 653 938  255 0 0
4  326 1822 654 1204  255 0 0
4  1325 959 176 532  255 0 0
8  1204 959 1325 1084 920 157 327 326  255 0 0
4  155 157 920 1086  255 0 0
4  238 532 176 656  255 0 0
4  204 1040 755 993  255 0 0
4  1323 887 532 238  255 0 0
4  993 755 932 835  255 0 0
4  835 932 887 1323  255 0 0
4  1319 302 182 789  255 0 0
4  1319 1594 300 302  255 0 0
4  1318 593 592 1140  255 0 0
6  1315 800 1303 471 593 1318  255 0 0
5  1060 798 539 800 1315  255 0 0
5  1303 800 539 535 1171  255 0 0
4  1303 1171 410 471  255 0 0
4  1296 153 70 481  255 0 0
4  1292 1285 1179 1182  255 0 0
6  1292 404 403 153 1296 1287  255 0 0
6  1298 824 1308 1296 481 148  255 0 0
3  1292 1287 1285  255 0 0
4  1292 1182 1178 404  255 0 0
4  792 1278 790 1280  255 0 0
4  1278 783 1271 790  255 0 0
4  1276 787 783 1278  255 0 0
4  787 1033 1217 1270  255 0 0
4  1270 1217 1215 1271  255 0 0
4  787 1270 1271 783  255 0 0
6  1269 1222 1265 779 247 251  255 0 0
4  251 247 248 250  255 0 0
4  779 1265 1261 296  255 0 0
4  296 1261 239 298  255 0 0
4  411 84 82 180  255 0 0
4  937 520 934 930  255 0 0
5  855 641 84 411 252  255 0 0
6  855 562 930 934 926 641  255 0 0
6  1259 1258 517 1255 921 923  255 0 0
4  1257 620 56 55  255 0 0
6  1257 1142 168 169 83 620  255 0 0
6  1257 55 52 1256 1868 1142  255 0 0
7  641 926 921 1255 514 78 84  255 0 0
6  514 630 56 620 1053 78  255 0 0
3  514 617 630  255 0 0
6  1255 517 1256 52 617 514  255 0 0
4  829 1751 1185 558  255 0 0
5  223 30 23 24 999  255 0 0
3  1254 773 1003  255 0 0
4  1240 478 505 1252  255 0 0
4  1251 379 295 1627  255 0 0
4  1627 498 1246 1251  255 0 0
4  490 1019 1017 894  255 0 0
4  1243 602 1237 2024  255 0 0
4  482 1016 1020 485  255 0 0
4  1237 1017 1016 482  255 0 0
4  2024 1237 482 485  255 0 0
4  1240 1238 1239 478  255 0 0
5  742 466 741 1197 743  255 0 0
4  476 1233 466 742  255 0 0
4  472 1234 1233 476  255 0 0
4  1234 1226 1227 1231  255 0 0
4  1234 1231 466 1233  255 0 0
4  462 1227 1226 1230  255 0 0
4  1217 1033 1216 1215  255 0 0
4  1211 446 1026 1213  255 0 0
4  1211 2083 883 1212  255 0 0
4  1213 529 2083 1211  255 0 0
4  1212 1209 446 1211  255 0 0
4  1209 243 242 446  255 0 0
4  446 242 241 1026  255 0 0
5  1208 669 275 274 814  255 0 0
4  1207 428 424 918  255 0 0
3  1208 666 669  255 0 0
4  439 1162 666 1207  255 0 0
4  1018 276 670 437  255 0 0
5  1018 270 1775 277 276  255 0 0
4  1480 574 577 960  255 0 0
4  938 304 574 1480  255 0 0
4  938 653 655 1077  255 0 0
5  1480 960 959 1204 938  255 0 0
4  1307 1200 886 885  255 0 0
4  878 1198 882 1196  255 0 0
4  1901 1602 1027 1189  255 0 0
4  395 391 1602 1901  255 0 0
4  1027 1023 1022 447  255 0 0
4  1597 442 1023 1027  255 0 0
5  1027 1602 391 393 1597  255 0 0
6  864 1178 1182 1179 1180 870  255 0 0
3  1593 968 389  255 0 0
4  1173 1167 1163 1881  255 0 0
4  1881 1174 1172 1173  255 0 0
4  1165 1163 1167 854  255 0 0
4  1337 1160 306 231  255 0 0
4  1157 479 1356 1156  255 0 0
4  1573 1043 1042 191  255 0 0
4  1156 1356 1043 1573  255 0 0
4  191 1042 132 192  255 0 0
4  1151 1152 1148 1149  255 0 0
4  1868 889 892 1142  255 0 0
4  1097 637 2121 232  255 0 0
4  1145 623 61 62  255 0 0
4  1143 636 614 49  255 0 0
7  1142 892 940 1145 62 60 168  255 0 0
4  1097 47 48 637  255 0 0
4  1320 534 1056 1421  255 0 0
4  1089 1141 782 1316  255 0 0
4  1137 1138 1132 1047  255 0 0
4  1136 1135 986 987  255 0 0
4  1133 987 980 983  255 0 0
4  1134 975 977 986  255 0 0
4  1134 1133 983 975  255 0 0
4  1133 1134 610 990  255 0 0
5  1129 64 587 590 2014  255 0 0
6  2014 590 1121 1102 1111 1126  255 0 0
4  1127 1119 1108 1109  255 0 0
3  1127 1618 689  255 0 0
4  1127 1109 284 1618  255 0 0
4  1126 1111 511 1118  255 0 0
4  1124 1118 511 1052  255 0 0
4  1123 1051 1108 1119  255 0 0
4  1124 1052 1051 1123  255 0 0
4  925 315 1102 1121  255 0 0
4  1111 1102 1100 511  255 0 0
4  1109 1098 315 284  255 0 0
4  511 1100 1099 1108  255 0 0
4  1108 1099 1098 1109  255 0 0
5  1100 1102 315 1098 1099  255 0 0
5  587 64 172 353 1092  255 0 0
4  1092 353 119 1161  255 0 0
4  1092 601 598 848  255 0 0
4  1093 585 586 1674  255 0 0
6  848 117 63 464 585 1093  255 0 0
4  848 598 553 647  255 0 0
5  587 1092 848 1093 588  255 0 0
4  1089 1087 293 291  255 0 0
4  1082 400 399 704  255 0 0
4  372 178 400 1082  255 0 0
4  704 399 206 700  255 0 0
6  291 372 1082 704 458 456  255 0 0
6  1080 354 355 154 1079 294  255 0 0
4  1079 150 292 294  255 0 0
4  256 124 303 1077  255 0 0
4  256 170 97 101  255 0 0
4  1077 655 170 256  255 0 0
4  1077 303 304 938  255 0 0
4  1075 1074 1072 664  255 0 0
4  660 1527 679 1069  255 0 0
4  1069 679 706 710  255 0 0
4  1068 1185 1527 660  255 0 0
4  1121 590 589 925  255 0 0
4  439 1207 918 425  255 0 0
4  1065 1064 2043 1063  255 0 0
3  1060 799 798  255 0 0
4  1062 645 536 919  255 0 0
4  1714 624 778 1473  255 0 0
4  1058 1373 1374 1059  255 0 0
4  533 1054 1055 1056  255 0 0
4  1052 511 1108 1051  255 0 0
4  2059 621 497 1048  255 0 0
4  1047 1132 1048 497  255 0 0
4  495 1242 1506 611  255 0 0
5  479 1698 1042 1043 1356  255 0 0
4  1039 471 410 849  255 0 0
4  1039 849 409 1041  255 0 0
4  463 460 786 139  255 0 0
4  458 705 780 456  255 0 0
3  1029 964 796  255 0 0
7  1031 1036 1035 1034 570 964 1029  255 0 0
4  1028 1112 777 452  255 0 0
4  450 1024 442 1597  255 0 0
4  447 1022 1021 1103  255 0 0
6  1025 1021 1022 1023 442 1024  255 0 0
4  1019 1020 1016 1017  255 0 0
5  1015 1488 1485 1013 1014  255 0 0
4  1013 1485 1483 1012  255 0 0
4  1014 1013 1012 1011  255 0 0
3  388 804 1083  255 0 0
4  495 611 235 237  255 0 0
4  1008 1006 1007 625  255 0 0
4  1078 671 8 429  255 0 0
4  1005 429 8 36  255 0 0
5  773 11 888 339 341  255 0 0
4  1003 342 338 650  255 0 0
4  773 341 342 1003  255 0 0
3  900 650 649  255 0 0
5  999 24 27 888 14  255 0 0
5  835 992 44 45 993  255 0 0
4  987 986 977 980  255 0 0
4  980 977 975 983  255 0 0
4  1443 555 971 599  255 0 0
4  968 967 966 965  255 0 0
4  960 577 176 959  255 0 0
4  958 349 234 171  255 0 0
4  955 954 947 950  255 0 0
4  954 953 751 947  255 0 0
4  950 947 946 949  255 0 0
4  947 751 1402 946  255 0 0
4  945 1046 74 942  255 0 0
6  944 1735 818 1613 945 942  255 0 0
4  700 206 207 702  255 0 0
4  1485 1488 1481 1483  255 0 0
6  939 431 430 1010 435 432  255 0 0
5  939 1416 788 561 431  255 0 0
4  937 930 1416 939  255 0 0
4  855 73 163 562  255 0 0
6  930 562 163 164 788 1416  255 0 0
4  934 567 922 926  255 0 0
4  927 1199 1197 1201  255 0 0
4  1199 973 743 1197  255 0 0
4  1473 778 379 1251  255 0 0
5  923 921 926 922 924  255 0 0
4  1156 1573 914 915  255 0 0
4  912 99 100 683  255 0 0
4  905 903 565 904  255 0 0
4  906 283 137 66  255 0 0
5  906 351 350 366 283  255 0 0
4  906 66 67 351  255 0 0
4  905 34 177 903  255 0 0
5  905 904 111 32 34  255 0 0
4  1354 956 1431 901  255 0 0
3  897 823 559  255 0 0
4  896 208 308 823  255 0 0
4  490 894 499 504  255 0 0
4  27 649 337 340  255 0 0
5  27 24 23 1266 22  255 0 0
4  27 340 339 888  255 0 0
5  1101 1206 1253 503 46  255 0 0
4  935 538 1253 76  255 0 0
4  1206 131 76 1253  255 0 0
4  1040 204 205 65  255 0 0
6  887 932 755 1040 1414 532  255 0 0
4  884 735 733 880  255 0 0
4  876 736 735 884  255 0 0
4  919 536 759 799  255 0 0
4  1407 860 865 1186  255 0 0
4  546 863 860 1407  255 0 0
4  871 859 1168 872  255 0 0
4  868 851 859 871  255 0 0
4  861 852 851 865  255 0 0
5  863 546 544 549 438  255 0 0
4  863 861 865 860  255 0 0
4  852 1168 859 851  255 0 0
4  1161 334 601 1092  255 0 0
4  1161 119 230 347  255 0 0
4  647 118 117 848  255 0 0
4  647 553 281 416  255 0 0
4  682 776 624 845  255 0 0
4  841 606 1210 843  255 0 0
6  450 836 838 971 554 1024  255 0 0
4  834 37 245 832  255 0 0
4  832 245 246 644  255 0 0
4  214 336 37 834  255 0 0
5  834 832 1443 599 214  255 0 0
4  829 712 708 1751  255 0 0
4  829 1317 711 712  255 0 0
4  1426 1491 1313 1682  255 0 0
4  824 1298 154 355  255 0 0
4  956 421 420 1431  255 0 0
4  823 308 307 559  255 0 0
4  443 1294 812 440  255 0 0
6  440 812 1032 453 160 444  255 0 0
4  820 1776 1294 443  255 0 0
4  1294 1776 813 812  255 0 0
4  808 1268 807 805  255 0 0
4  1698 782 781 132  255 0 0
4  799 759 539 798  255 0 0
6  795 282 1300 1500 503 75  255 0 0
4  201 198 199 200  255 0 0
6  201 523 227 226 197 198  255 0 0
4  793 702 208 896  255 0 0
4  2057 530 753 1273  255 0 0
4  1273 753 748 785  255 0 0
5  1141 456 780 781 782  255 0 0
4  379 778 624 776  255 0 0
4  2030 1725 774 1264  255 0 0
4  1267 1596 1400 750  255 0 0
4  774 770 767 1264  255 0 0
4  766 763 762 770  255 0 0
4  770 762 765 767  255 0 0
4  762 1396 758 765  255 0 0
4  763 757 1396 762  255 0 0
4  756 752 1400 758  255 0 0
4  757 749 752 756  255 0 0
4  1396 757 756 758  255 0 0
4  749 750 1400 752  255 0 0
4  742 743 973 476  255 0 0
4  740 737 739 738  255 0 0
4  733 735 736 734  255 0 0
8  900 1427 728 731 729 1254 1003 650  255 0 0
4  725 723 721 1601  255 0 0
4  714 720 718 716  255 0 0
4  712 711 706 708  255 0 0
4  1751 708 706 679  255 0 0
4  702 207 133 208  255 0 0
5  704 700 702 705 458  255 0 0
4  698 931 697 929  255 0 0
4  1089 291 456 1141  255 0 0
4  695 328 331 692  255 0 0
4  695 692 691 694  255 0 0
4  315 925 688 217  255 0 0
4  284 315 217 285  255 0 0
4  1618 284 285 689  255 0 0
4  1674 586 217 688  255 0 0
5  925 589 588 1674 688  255 0 0
4  148 481 68 917  255 0 0
4  917 68 1355 687  255 0 0
4  687 1355 69 402  255 0 0
6  687 402 401 152 148 917  255 0 0
3  1674 588 1093  255 0 0
4  286 586 585 464  255 0 0
4  682 845 681 684  255 0 0
4  1185 1751 679 1527  255 0 0
4  275 669 667 276  255 0 0
4  667 669 666 1162  255 0 0
4  1581 658 188 187  255 0 0
5  663 232 2121 419 661  255 0 0
6  661 419 1886 608 174 323  255 0 0
4  663 322 321 659  255 0 0
4  663 661 323 322  255 0 0
4  659 321 188 658  255 0 0
4  305 304 303 306  255 0 0
4  2044 821 304 305  255 0 0
4  656 176 821 2044  255 0 0
4  1822 326 325 319  255 0 0
6  655 653 654 1822 639 170  255 0 0
4  649 27 22 26  255 0 0
4  650 338 337 649  255 0 0
3  966 1476 648  255 0 0
4  1273 738 739 2057  255 0 0
4  416 281 671 1770  255 0 0
5  647 416 857 536 645  255 0 0
4  644 246 122 1262  255 0 0
5  644 262 555 1443 832  255 0 0
4  642 175 174 608  255 0 0
4  324 320 319 325  255 0 0
4  190 184 175 642  255 0 0
5  156 190 642 608 324  255 0 0
5  637 57 908 419 2121  255 0 0
4  636 53 51 614  255 0 0
4  637 48 607 57  255 0 0
4  632 53 54 635  255 0 0
4  632 394 128 423  255 0 0
6  632 423 609 866 51 53  255 0 0
4  617 52 55 630  255 0 0
3  630 55 56  255 0 0
3  623 1145 265  255 0 0
4  620 83 77 1053  255 0 0
4  614 6 5 49  255 0 0
4  609 423 320 324  255 0 0
4  614 51 4 6  255 0 0
5  609 324 608 1886 866  255 0 0
4  334 1161 347 335  255 0 0
6  601 334 333 551 553 598  255 0 0
4  591 594 1112 1028  255 0 0
4  590 587 588 589  255 0 0
4  586 286 285 217  255 0 0
4  831 833 582 583  255 0 0
5  582 1307 885 581 583  255 0 0
4  1969 483 1454 1850  255 0 0
5  577 574 304 821 176  255 0 0
4  566 797 486 484  255 0 0
7  564 433 434 563 473 496 480  255 0 0
4  797 564 480 486  255 0 0
4  788 164 212 561  255 0 0
4  559 307 216 557  255 0 0
5  555 139 786 554 971  255 0 0
4  178 372 290 179  255 0 0
3  553 551 281  255 0 0
4  549 544 545 548  255 0 0
4  544 546 1407 545  255 0 0
5  536 857 535 539 759  255 0 0
4  534 1320 309 509  255 0 0
4  533 1056 534 572  255 0 0
4  748 753 530 531  255 0 0
4  747 883 2083 529  255 0 0
5  523 519 518 521 227  255 0 0
3  1057 310 309  255 0 0
4  312 573 509 309  255 0 0
4  1967 313 314 512  255 0 0
4  573 572 534 509  255 0 0
4  1366 625 1007 1249  255 0 0
3  648 1773 1313  255 0 0
4  501 504 499 622  255 0 0
4  612 489 480 496  255 0 0
4  496 473 477 491  255 0 0
4  493 484 489 612  255 0 0
4  491 477 475 493  255 0 0
4  496 491 493 612  255 0 0
4  486 480 489 484  255 0 0
4  477 473 474 475  255 0 0
4  470 241 244 469  255 0 0
4  469 244 243 465  255 0 0
4  469 465 467 470  255 0 0
3  138 463 139  255 0 0
4  459 448 445 457  255 0 0
4  444 160 161 445  255 0 0
4  448 441 444 445  255 0 0
4  443 440 444 441  255 0 0
3  434 939 432  255 0 0
3  431 561 430  255 0 0
4  1010 430 213 215  255 0 0
4  561 212 213 430  255 0 0
4  1770 671 409 417  255 0 0
4  1595 427 913 424  255 0 0
4  424 913 425 918  255 0 0
4  421 685 422 420  255 0 0
6  908 57 607 4 51 866  255 0 0
4  1886 419 908 866  255 0 0
4  417 409 849 413  255 0 0
4  413 849 410 1911  255 0 0
4  1911 410 1171 535  255 0 0
7  1770 417 413 1911 535 857 416  255 0 0
4  403 144 70 153  255 0 0
4  401 144 143 152  255 0 0
4  402 69 144 401  255 0 0
5  400 181 134 206 399  255 0 0
4  397 393 392 396  255 0 0
4  391 395 396 392  255 0 0
3  393 391 392  255 0 0
3  390 389 388  255 0 0
4  387 386 385 87  255 0 0
5  382 283 366 352 384  255 0 0
4  377 371 367 374  255 0 0
4  377 358 359 375  255 0 0
4  373 357 356 374  255 0 0
4  375 359 360 376  255 0 0
4  375 369 371 377  255 0 0
4  374 367 368 373  255 0 0
4  374 356 358 377  255 0 0
4  376 370 369 375  255 0 0
4  364 360 359 365  255 0 0
4  365 359 358 361  255 0 0
4  361 358 356 362  255 0 0
4  362 356 357 363  255 0 0
4  352 366 350 349  255 0 0
4  351 67 233 350  255 0 0
4  350 233 234 349  255 0 0
4  127 33 332 348  255 0 0
5  127 229 67 66 280  255 0 0
4  348 332 335 347  255 0 0
4  348 228 229 127  255 0 0
4  347 230 228 348  255 0 0
6  340 337 338 342 341 339  255 0 0
4  336 214 215 209  255 0 0
4  33 127 280 34  255 0 0
6  335 332 33 10 333 334  255 0 0
4  331 328 329 330  255 0 0
5  327 156 324 325 326  255 0 0
4  323 174 175 322  255 0 0
4  322 175 184 321  255 0 0
4  321 184 185 188  255 0 0
4  188 185 186 187  255 0 0
4  128 319 320 423  255 0 0
4  855 252 71 73  255 0 0
4  411 180 71 252  255 0 0
4  313 311 310 314  255 0 0
4  312 309 310 311  255 0 0
4  208 133 136 308  255 0 0
4  308 136 142 307  255 0 0
4  307 142 140 216  255 0 0
4  231 124 123 99  255 0 0
4  306 303 124 231  255 0 0
4  124 256 203 125  255 0 0
4  298 299 297 296  255 0 0
5  291 293 294 292 7  255 0 0
4  292 150 2088 7  255 0 0
5  291 7 2088 290 372  255 0 0
4  288 287 289 253  255 0 0
4  639 1822 319 128  255 0 0
5  551 9 8 671 281  255 0 0
4  279 177 34 280  255 0 0
4  280 66 137 279  255 0 0
4  277 1775 271 274  255 0 0
4  277 274 275 276  255 0 0
4  273 271 269 272  255 0 0
4  272 269 270 1748  255 0 0
4  271 1775 270 269  255 0 0
4  268 771 264 1274  255 0 0
4  266 1274 264 261  255 0 0
6  266 261 258 58 1224 265  255 0 0
4  265 1224 61 623  255 0 0
4  259 120 80 260  255 0 0
4  263 121 120 259  255 0 0
4  259 261 264 263  255 0 0
4  1262 122 121 263  255 0 0
6  263 264 771 262 644 1262  255 0 0
4  169 59 58 258  255 0 0
4  260 80 77 1050  255 0 0
4  169 1050 77 83  255 0 0
6  169 258 261 259 260 1050  255 0 0
4  149 147 179 290  255 0 0
4  150 149 290 2088  255 0 0
4  101 97 98 102  255 0 0
4  101 123 665 255  255 0 0
4  255 665 126 257  255 0 0
4  257 126 125 203  255 0 0
5  256 101 255 257 203  255 0 0
4  253 289 254 952  255 0 0
5  122 246 245 37 81  255 0 0
4  244 241 242 243  255 0 0
4  1219 240 239 1261  255 0 0
4  237 235 236 1376  255 0 0
4  171 119 353 172  255 0 0
4  67 229 228 233  255 0 0
4  233 228 230 234  255 0 0
4  234 230 119 171  255 0 0
4  99 123 96 100  255 0 0
4  224 267 30 223  255 0 0
4  302 300 141 182  255 0 0
4  333 10 9 551  255 0 0
4  212 211 210 213  255 0 0
4  213 210 209 215  255 0 0
4  211 212 164 163  255 0 0
5  72 336 209 210 211  255 0 0
4  206 134 133 207  255 0 0
4  301 130 129 202  255 0 0
4  202 129 128 394  255 0 0
5  198 197 107 196 199  255 0 0
3  196 107 108  255 0 0
4  189 183 184 190  255 0 0
4  155 189 190 156  255 0 0
4  187 186 65 205  255 0 0
4  186 185 184 183  255 0 0
4  182 141 135 181  255 0 0
5  180 81 37 38 71  255 0 0
4  147 146 178 179  255 0 0
4  63 117 118 1423  255 0 0
4  168 60 59 169  255 0 0
4  73 72 211 163  255 0 0
4  157 155 156 327  255 0 0
4  1298 148 151 154  255 0 0
4  147 149 152 143  255 0 0
5  151 148 152 149 150  255 0 0
5  147 143 144 145 146  255 0 0
5  300 140 142 135 141  255 0 0
4  262 138 139 555  255 0 0
6  135 142 136 133 134 181  255 0 0
3  1698 132 1042  255 0 0
4  131 1206 833 831  255 0 0
5  639 128 129 130 170  255 0 0
4  123 101 102 96  255 0 0
5  126 665 123 124 125  255 0 0
5  80 120 121 122 81  255 0 0
4  112 35 32 111  255 0 0
3  90 1290 1297  255 0 0
4  86 387 87 85  255 0 0
4  84 78 79 82  255 0 0
6  82 79 77 80 81 180  255 0 0
4  79 78 1053 77  255 0 0
4  73 71 38 72  255 0 0
6  69 1355 68 481 70 144  255 0 0
4  1224 58 59 61  255 0 0
4  61 59 60 62  255 0 0
4  47 5 6 48  255 0 0
4  48 6 4 607  255 0 0
4  1500 45 43 503  255 0 0
4  44 46 503 43  255 0 0
3  44 43 45  255 0 0
4  38 37 336 72  255 0 0
6  34 32 35 36 10 33  255 0 0
4  267 25 23 30  255 0 0
4  25 21 1266 23  255 0 0
4  20 12 13 19  255 0 0
4  19 13 11 773  255 0 0
4  18 16 15 17  255 0 0
4  17 15 14 888  255 0 0
4  10 36 8 9  255 0 0

