OFF
2379 2697 0

18.7856 -1.06784 93.567
19.4199 0.0796772 93.567
20.6995 2.39479 93.567
9.84804 -17.237 93.567
8.34031 -19.9646 93.567
11.604 -14.0602 77.3216
21.306 3.49198 -140.674
21.306 3.49198 -183.534
21.306 3.49198 -134.879
10.4709 -30.0482 -141.034
10.4709 -30.0482 -196.621
10.4709 -30.0482 -126.346
13.4738 -24.616 -126.346
25.5441 -2.7808 -126.346
29.4939 4.36441 -126.346
30.305 5.83177 -126.346
30.305 5.83177 -141.034
30.305 5.83177 -196.621
8.63242 -21.9397 -126.346
25.7481 -31.4013 -126.346
8.63242 -21.9397 -106.91
8.63242 -21.9397 44.6192
10.0961 -22.7488 44.6192
24.084 -30.4814 44.6192
25.7481 -31.4013 44.6192
25.7481 -31.4013 -106.91
29.4191 -40.5225 -196.621
29.4191 -40.5225 -141.034
35.6408 -29.2675 -196.621
47.3662 -8.05643 -196.621
49.2534 -4.6426 -196.621
49.2534 -4.6426 -141.034
48.2197 -6.51252 -141.034
46.3858 -9.83006 -141.034
43.6581 -14.7644 -141.034
35.1202 -30.2092 -141.034
34.9706 -30.4799 -141.034
32.4218 -35.0906 -141.034
30.3985 -38.7508 -141.034
24.0596 2.51115 44.6192
20.8345 2.639 44.6192
39.8816 -1.90332 44.6192
29.2714 3.96192 44.6192
25.8937 5.82907 44.6192
22.5958 3.32025 44.6192
21.5352 3.90655 44.6192
21.306 3.49198 44.6192
19.8397 0.83918 44.6192
19.3466 -0.0529283 44.6192
18.7745 -1.08791 44.6192
18.4826 -1.61603 44.6192
13.8295 -10.034 44.6192
13.1319 -11.296 44.6192
12.3031 -12.7955 44.6192
11.0497 -15.0631 44.6192
7.77314 -20.9907 44.6192
7.57249 -21.3537 44.6192
8.07264 -26.4093 44.6192
11.4503 -28.2764 44.6192
22.0606 -34.1417 44.6192
24.2844 -30.1188 44.6192
37.8208 -5.63132 44.6192
38.0476 -5.22101 44.6192
58.1349 -23.1525 -196.621
56.2296 -15.2714 -196.621
32.5143 9.82839 -196.621
20.6405 -40.641 -196.621
42.2657 -40.5323 -196.621
49.7602 -38.3023 -196.621
67.4144 -28.2821 -196.621
61.0259 -17.9227 -196.621
58.0634 -11.954 -196.621
59.0971 -10.0841 -196.621
51.4626 -0.646053 -196.621
44.7888 3.04318 -196.621
25.4636 8.50803 -196.621
24.4028 9.09442 -196.621
4.56975 -26.7861 -196.621
5.62953 -27.3719 -196.621
8.36607 -33.8559 -196.621
18.9764 -39.7211 -196.621
27.3142 -44.3302 -196.621
39.263 -45.9642 -196.621
40.2424 -44.1924 -196.621
47.0619 -43.1837 -196.621
59.0557 -43.4409 -196.621
61.8341 -41.1885 -196.621
66.8989 -32.026 -196.621
22.5958 3.32025 -126.346
42.9914 -14.3959 -126.346
39.7119 -6.14094 -126.346
25.4636 8.50803 -126.346
24.4299 6.63821 -126.346
21.5352 3.90655 -126.346
21.306 3.49198 -126.346
21.1195 3.15454 -126.346
20.8781 2.71774 -126.346
20.5129 2.05718 -126.346
7.77314 -20.9907 -126.346
7.57249 -21.3537 -126.346
6.60893 -25.6002 -126.346
5.62953 -27.3719 -126.346
21.0812 -35.9134 -126.346
22.7453 -36.8333 -126.346
23.7247 -35.0616 -126.346
31.7553 -34.7221 -126.346
34.304 -30.1115 -126.346
34.4537 -29.8408 -126.346
45.7191 -9.46155 -126.346
41.5458 -2.82329 -126.346
42.5795 -0.953397 -126.346
40.9153 -0.0334293 -126.346
-4.39654 -6.8732 111.561
-5.02778 -8.01519 105.86
-5.17792 -8.2868 105.86
-5.81733 -9.44355 100.879
-6.9584 -11.5079 93.567
5.40097 10.8515 93.567
-7.52518 -12.5332 44.6192
4.05864 8.42308 100.879
3.50984 7.43024 105.86
-5.64165 -9.12573 44.6192
6.00522 11.9446 44.6192
6.00522 11.9446 77.3216
6.00522 11.9446 93.567
5.60769 11.2255 93.567
5.40097 10.8515 100.879
4.05864 8.42308 105.86
3.50984 7.43024 111.561
3.34616 7.13413 111.561
3.32167 7.08983 111.561
2.92793 6.3775 111.561
-0.18931 0.738105 111.561
-5.02778 -8.01519 111.561
-5.81733 -9.44355 105.86
-6.9584 -11.5079 100.879
-7.19225 -11.9309 93.567
-7.52518 -12.5332 93.567
-7.52518 -12.5332 77.3216
-9.69929 21.172 -106.91
-9.69929 21.172 44.6192
-9.69929 21.172 -126.346
-6.72778 19.5294 -126.346
7.73956 11.5323 -126.346
7.73956 11.5323 -106.91
7.73956 11.5323 44.6192
6.57892 12.1739 44.6192
6.23655 12.3631 44.6192
5.83088 12.5874 44.6192
-7.84819 20.1487 44.6192
-8.08154 19.7266 44.6192
1.9345 14.1934 77.3216
-0.615892 15.6023 77.3216
5.59948 12.1688 44.6192
5.59948 12.1688 77.3216
-8.08154 19.7266 77.3216
-4.28212 17.6277 77.3216
-3.15431 17.0047 77.3216
-2.62229 16.7107 77.3216
-0.615892 15.6023 93.567
1.9345 14.1934 93.567
2.58768 13.8326 77.3216
8.51726 10.5569 44.6192
8.52982 10.55 44.6192
8.56706 10.5294 44.6192
8.56706 10.5294 93.567
-6.22366 -13.7272 -106.91
-6.22366 -13.7272 44.6192
-6.22366 -13.7272 -126.346
-23.6621 -4.08708 -126.346
-23.6621 -4.08708 -106.91
-23.6621 -4.08708 44.6192
-21.8111 -5.11032 44.6192
-8.40417 -12.5218 44.6192
-8.13223 -12.6721 44.6192
-7.38355 -13.086 44.6192
-33.1112 -5.95647 -141.034
-33.1112 -5.95647 -126.346
-33.1112 -5.95647 -196.621
-14.1464 -16.44 -196.621
-14.1464 -16.44 -141.034
-14.1464 -16.44 -126.346
-24.8142 -10.5429 -126.346
-26.6652 -9.51971 -126.346
-13.167 -14.6682 44.6192
-7.93134 -12.3087 44.6192
8.79804 10.9472 44.6192
-7.18268 -12.7226 44.6192
7.66516 15.9056 44.6192
4.6538 17.5703 44.6192
-6.01378 23.4672 44.6192
-21.61 -4.74654 44.6192
-23.8348 -8.77117 44.6192
-10.1558 -16.3328 44.6192
-5.16523 -14.3123 44.6192
-4.96438 -13.9489 44.6192
-4.52368 -13.1517 44.6192
-3.67929 -11.6242 44.6192
-3.12552 -10.6224 44.6192
-2.71593 -9.8815 44.6192
2.54782 -0.359389 44.6192
3.18825 0.799132 44.6192
3.82343 1.94817 44.6192
5.24156 4.51357 44.6192
5.68736 19.44 -196.621
-13.2772 29.9233 -196.621
-25.8924 30.123 -196.621
-44.418 27.8412 -196.621
-26.9191 -14.3506 -196.621
11.6659 16.1352 -196.621
-39.6538 5.22876 -196.621
10.6074 16.7203 -196.621
7.89668 23.4368 -196.621
-2.77086 29.3337 -196.621
-4.62196 30.3569 -196.621
-11.0678 33.9201 -196.621
-23.0243 35.3114 -196.621
-39.116 37.4326 -196.621
-45.5415 25.8089 -196.621
-46.9161 23.3222 -196.621
-52.8769 12.539 -196.621
-39.8551 4.86449 -196.621
-41.8789 1.20344 -196.621
-42.8584 -0.568324 -196.621
-35.216 -9.76415 -196.621
-28.7701 -13.3274 -196.621
-16.2512 -20.2477 -196.621
-9.22664 -19.1596 -196.621
-8.16822 -19.7447 -196.621
-4.26186 -12.6781 -126.346
-6.83132 26.3602 -126.346
-7.86487 24.4905 -126.346
-15.3319 24.2855 -126.346
-17.8782 19.6793 -126.346
-21.7577 12.6612 -126.346
-26.5963 3.90802 -126.346
-29.0935 -0.609376 -126.346
-29.2947 -0.973363 -126.346
-25.6858 -7.74796 -126.346
-11.1352 -18.1045 -126.346
-9.22664 -19.1596 -126.346
-8.24724 -17.3878 -126.346
-5.16523 -14.3123 -126.346
-4.96438 -13.9489 -126.346
-4.86001 -13.7601 -126.346
-4.67497 -13.4254 -126.346
8.79804 10.9472 -126.346
9.57383 14.8505 -126.346
10.6074 16.7203 -126.346
8.69874 17.7754 -126.346
5.68736 19.44 -126.346
-4.98023 25.3369 -126.346
11.4241 -14.3856 114.32
11.6622 -13.9549 114.32
17.3315 -3.69852 120.822
17.7424 -2.95509 114.32
18.2265 -2.07935 111.561
18.6447 -1.32272 109.361
18.8082 -1.02695 105.86
19.3571 -0.0337813 100.879
10.9021 -15.3301 111.561
18.6447 -1.32272 105.86
0.375433 -34.3741 -221.937
9.48129 -17.9005 100.879
10.2707 -16.4723 105.86
28.5646 16.6237 -221.937
28.5646 16.6237 -196.621
26.612 13.0911 -221.937
24.4028 9.09442 -221.937
21.5352 3.90655 -221.937
4.56975 -26.7861 -221.937
2.46502 -30.5938 -221.937
0.375433 -34.3741 -196.621
2.46502 -30.5938 -196.621
4.56975 -26.7861 -141.034
4.56975 -26.7861 -126.346
5.5491 -25.0143 -126.346
7.77314 -20.9907 -106.91
7.77314 -20.9907 77.3216
7.77314 -20.9907 93.567
8.10635 -20.3879 93.567
8.34031 -19.9646 100.879
9.48129 -17.9005 105.86
10.1208 -16.7436 105.86
10.2707 -16.4723 111.561
11.4241 -14.3856 120.822
11.6622 -13.9549 120.822
17.3315 -3.69852 114.32
17.7424 -2.95509 120.822
18.6447 -1.32272 111.561
18.6883 -1.24386 111.561
18.8082 -1.02695 111.561
18.8082 -1.02695 109.361
19.3571 -0.0337813 105.86
20.6995 2.39479 100.879
20.9061 2.76856 93.567
21.306 3.49198 93.567
21.306 3.49198 77.3216
21.306 3.49198 -106.91
23.3692 7.22457 -126.346
24.4028 9.09442 -126.346
24.4028 9.09442 -141.034
26.612 13.0911 -196.621
18.2265 -2.07935 114.32
10.9021 -15.3301 114.32
17.998 -2.49257 114.32
16.616 -4.99292 114.32
13.1604 -11.2445 114.32
-1.28444 -7.29194 114.32
-1.83555 -8.28889 111.561
-1.89412 -8.39484 111.561
-2.46684 -9.43089 105.86
-2.61695 -9.70245 105.86
-3.2564 -10.8592 100.879
-4.39751 -12.9235 93.567
5.48925 4.96163 111.561
15.828 23.6643 -221.937
7.96241 9.43558 93.567
6.62001 7.00718 100.879
6.07116 6.0143 105.86
-12.3628 -27.3326 -221.937
-12.3628 -27.3326 -196.621
-10.2731 -23.5523 -221.937
-8.16822 -19.7447 -221.937
8.79804 10.9472 -221.937
11.6659 16.1352 -221.937
13.8752 20.1319 -221.937
15.828 23.6643 -196.621
13.8752 20.1319 -196.621
11.6659 16.1352 -141.034
11.6659 16.1352 -126.346
10.6323 14.2654 -126.346
8.79804 10.9472 -106.91
8.79804 10.9472 77.3216
8.79804 10.9472 93.567
8.16912 9.80952 93.567
7.96241 9.43558 100.879
6.62001 7.00718 105.86
6.07116 6.0143 111.561
5.9075 5.71825 111.561
5.48925 4.96163 114.32
5.33339 4.67969 114.32
4.90309 3.90127 114.32
4.71805 3.56653 114.32
3.59723 1.53898 114.32
1.83307 -1.65237 114.32
0.396882 -4.25044 114.32
-0.536404 -5.93875 114.32
-1.18446 -7.11108 114.32
-1.83555 -8.28889 114.32
-2.46684 -9.43089 111.561
-3.2564 -10.8592 105.86
-4.39751 -12.9235 100.879
-4.63139 -13.3466 93.567
-4.96438 -13.9489 93.567
-4.96438 -13.9489 77.3216
-4.96438 -13.9489 -106.91
-7.18881 -17.9729 -126.346
-8.16822 -19.7447 -126.346
-8.16822 -19.7447 -141.034
-10.2731 -23.5523 -196.621
14.7695 24.2494 -196.621
-13.4212 -26.7475 -196.621
29.6256 16.0371 -196.621
1.43501 -34.9599 -196.621
2.59314 -5.71423 127
2.53427 -5.39965 127
2.64491 -4.67747 127
14.3975 -4.69256 134.022
14.0902 -4.76278 134.022
9.0105 -10.6573 148.129
9.66747 -10.5476 148.129
9.26154 -10.8803 148.129
9.09263 -10.8645 148.129
1.52701 -6.669 127
1.99176 -6.56602 127
1.99176 -6.56602 120.822
1.52701 -6.669 120.822
8.7784 -4.98004 212.859
8.41638 -5.47216 212.859
8.7784 -4.98004 197.161
8.38182 -5.78636 212.859
8.6583 -5.81768 212.859
8.6583 -5.81768 197.161
8.40178 -5.60484 212.859
8.87281 -5.39906 212.859
8.87281 -5.39906 197.161
8.47619 -4.92829 212.859
8.77281 -4.95995 212.859
8.77281 -4.95995 197.161
7.88713 -6.12912 197.161
7.88713 -6.12912 212.859
7.7781 -5.87732 212.859
7.93244 -6.13001 197.161
7.93244 -6.13001 212.859
8.09217 -5.91287 212.859
7.54524 -5.50782 212.859
7.48741 -6.00431 212.859
7.94544 -5.80421 212.859
7.48077 -6.00721 212.859
7.48077 -6.00721 197.161
8.23288 -6.13591 197.161
8.23288 -6.13591 212.859
7.77032 -6.41242 197.161
8.6704 -10.5132 148.129
8.91476 -10.4157 148.129
8.97143 -10.8532 148.129
8.79875 -10.837 148.129
6.56297 0.371074 148.129
6.90807 0.629729 148.129
7.03297 0.308476 148.129
7.0239 0.309684 148.129
7.64029 -10.4084 155.325
7.27613 -10.4349 155.325
6.81052 -10.4689 155.325
-53.6359 58.0818 -221.937
-55.9455 59.3586 -221.937
-55.9455 59.3586 -196.621
-53.6359 58.0818 -196.621
-0.0744296 -6.81656 114.32
-0.158717 -6.20283 114.32
-1.16331 -7.2651 120.822
-0.273147 -7.06786 120.822
-1.05466 -8.05618 120.822
-1.05466 -8.05618 114.32
-1.16331 -7.2651 114.32
-0.273147 -7.06786 114.32
2.59314 -5.71423 120.822
2.53427 -5.39965 120.822
2.64491 -4.67747 120.822
2.53427 -5.39965 134.022
2.64491 -4.67747 134.022
2.80806 -4.42066 155.325
2.8064 -4.40554 155.325
2.59314 -5.71423 134.022
2.59314 -5.71423 114.32
2.59314 -5.71423 155.325
5.29556 -0.906321 155.325
5.41723 -0.689864 155.325
2.89186 -5.18276 155.325
5.54635 -0.46015 155.325
-43.9945 54.995 -221.937
-45.2112 52.7942 -221.937
-43.9945 54.995 -196.621
-45.2112 52.7942 -196.621
5.49478 -0.429533 127
5.25295 -0.285939 127
4.90528 -0.871371 127
5.49478 -0.429533 120.822
5.25295 -0.285939 120.822
4.90528 -0.871371 120.822
10.5303 -11.0988 120.822
10.5049 -11.0347 120.822
9.2407 -11.5357 120.822
9.37869 -11.5863 120.822
1.13152 -6.75663 127
8.79875 -10.837 120.822
8.97143 -10.8532 120.822
13.5631 -4.8832 148.129
13.5351 -5.13049 148.129
13.5274 -5.19917 148.129
13.4849 -5.17395 148.129
13.4827 -5.17267 148.129
13.3932 -4.92202 148.129
6.55536 -0.0199645 148.129
7.13222 0.0532084 148.129
19.7052 -1.90896 111.561
-1.43142 -5.31292 114.32
-2.96531 -7.66437 114.32
-2.96531 -7.66437 111.561
5.72557 -0.25656 148.129
5.72557 -0.25656 134.022
5.72557 -0.25656 155.325
5.81602 -0.563745 155.325
5.81602 -0.563745 148.129
5.9365 -0.0984655 148.129
6.11697 0.0367981 148.129
6.15937 -0.0701945 148.129
6.29495 -0.412282 148.129
5.49478 -0.429533 148.129
6.29495 -0.412282 155.325
19.7052 -1.90896 105.86
19.7052 -1.90896 109.361
21.1689 -2.71809 109.361
21.1689 -2.71809 105.86
7.17017 -10.6849 155.325
7.17017 -10.6849 114.32
7.14379 -10.669 155.325
6.09719 -10.0405 155.325
7.94278 -7.21397 197.161
8.10996 -6.88773 197.161
6.65946 -6.59786 197.161
7.04459 -5.39678 197.161
2.99391 -7.75081 127
3.7264 -8.6168 127
2.99391 -7.75081 148.129
3.7264 -8.6168 148.129
2.99391 -7.75081 120.822
3.7264 -8.6168 120.822
2.99391 -7.75081 134.022
3.7264 -8.6168 134.022
3.96484 -8.66183 155.325
4.02394 -8.79547 155.325
12.5663 -8.17219 155.325
11.9391 -8.68619 155.325
3.68969 0.642306 114.32
4.91717 1.11956 114.32
-48.6287 27.5155 -221.937
-48.6287 27.5155 -215.144
8.6704 -10.5132 155.325
8.91476 -10.4157 155.325
-36.2478 42.6211 -196.621
-39.116 37.4326 -221.937
-36.2478 42.6211 -221.937
10.5049 -11.0347 126.685
10.4891 -10.9949 126.685
9.07507 -11.4749 126.685
9.2407 -11.5357 126.685
5.7353 -0.123987 148.129
5.97799 0.307795 148.129
6.00535 0.318432 148.129
3.61393 -7.86826 127
2.97293 -7.72601 127
3.16856 -7.69913 127
3.51791 -7.65112 127
8.79875 -10.837 134.022
8.97143 -10.8532 134.022
2.84973 -7.08548 148.129
3.13685 -7.41077 148.129
3.16856 -7.69913 148.129
2.97293 -7.72601 148.129
2.96863 -7.72093 148.129
-1.42022 -8.51848 111.561
-1.42022 -8.51848 114.32
-1.6937 -8.3673 114.32
-1.6937 -8.3673 111.561
15.6011 -3.04017 126.685
16.0787 -2.93106 126.685
15.6591 -3.2939 126.685
13.3198 -3.23332 148.129
13.6443 -3.09572 148.129
13.7593 -3.15133 148.129
13.7233 -3.46918 148.129
13.6955 -3.71458 148.129
13.5371 -3.51171 148.129
8.42821 -10.8024 120.822
5.84787 0.715795 134.022
6.04089 1.04082 134.022
6.11346 1.00881 134.022
5.85918 0.687238 134.022
13.1073 -3.32343 148.129
13.2425 -3.57902 148.129
13.219 -3.5844 148.129
13.5351 -5.13049 148.129
13.6008 -4.55071 148.129
13.6296 -4.54414 148.129
13.7872 -4.91255 148.129
13.5274 -5.19917 134.022
13.5351 -5.13049 134.022
13.7872 -4.91255 134.022
13.9153 -5.21196 134.022
13.8465 -5.38866 134.022
13.5351 -5.13049 155.325
13.8465 -5.38866 114.32
13.5274 -5.19917 114.32
1.99176 -6.56602 134.022
2.15983 -6.52878 134.022
2.20474 -6.81782 134.022
2.1306 -6.73017 134.022
10.0357 -5.55304 197.161
8.70896 -4.73012 197.161
0.517885 9.58594 100.879
1.68644 9.73441 100.879
19.8687 -1.61321 109.361
7.54759 0.239935 148.129
7.59726 0.112197 148.129
7.54759 0.239935 134.022
7.59726 0.112197 134.022
51.4626 -0.646053 -221.937
53.4154 2.8864 -221.937
53.4154 2.8864 -196.621
4.90528 -0.871371 134.022
5.49478 -0.429533 134.022
10.4891 -10.9949 120.822
9.07507 -11.4749 120.822
-35.216 -9.76415 -221.937
-33.1112 -5.95647 -221.937
2.1364 -5.53371 127
2.42173 -6.1343 127
2.03242 -5.7088 127
1.22196 -7.41515 127
1.20374 -7.4117 127
8.42821 -10.8024 148.129
14.2286 -4.40731 148.129
14.1561 -4.59359 148.129
13.6501 -4.1154 148.129
1.71655 -6.24067 127
2.15983 -6.52878 127
2.15983 -6.52878 120.822
1.71655 -6.24067 134.022
2.03242 -5.7088 134.022
16.0787 -2.93106 120.822
15.6011 -3.04017 120.822
23.7295 2.69362 77.3216
23.7295 2.69362 93.567
23.5006 2.27962 93.567
3.47903 0.767395 114.32
4.5 0.161153 114.32
3.29505 -0.433524 114.32
4.29645 -0.306501 114.32
3.63672 -1.82216 114.32
3.01041 -2.29158 114.32
2.84973 -7.08548 155.325
3.13685 -7.41077 155.325
3.16856 -7.69913 155.325
3.16856 -7.69913 134.022
1.13152 -6.75663 120.822
14.1941 -3.36163 148.129
14.194 -3.36164 148.129
14.1941 -3.36163 134.022
13.7593 -3.15133 134.022
6.93205 0.647707 148.129
7.48365 0.404384 148.129
7.48365 0.404384 134.022
6.93205 0.647707 134.022
6.90807 0.629729 134.022
13.3198 -3.23332 134.022
13.1073 -3.32343 134.022
9.75058 -10.926 148.129
9.27133 -11.3154 148.129
10.9524 -12.1638 126.685
10.985 -12.246 126.685
10.5571 -12.4156 126.685
-62.0543 0.136361 -205.726
-47.0529 -8.15627 -205.726
13.6074 -4.49235 148.129
-37.3057 -13.5444 -221.937
-37.3057 -13.5444 -196.621
8.34314 -6.13808 212.859
8.34314 -6.13808 197.161
1.22809 -7.35574 134.022
27.3142 -44.3302 -221.937
29.4191 -40.5225 -221.937
3.85358 3.21236 114.32
1.12154 2.15013 114.32
9.04754 -11.4648 126.685
8.83037 -10.9168 126.685
8.97143 -10.8532 126.685
-4.83544 -8.47612 105.86
-5.58401 -8.06233 105.86
2.97293 -7.72601 120.822
2.5312 -5.41973 114.32
2.39159 -5.10402 114.32
8.83037 -10.9168 120.822
9.04754 -11.4648 120.822
23.1004 1.55561 93.567
22.8938 1.18188 93.567
22.8938 1.18188 100.879
23.1004 1.55561 100.879
1.22196 -7.41515 120.822
1.20374 -7.4117 120.822
61.8341 -41.1885 -195.554
59.0557 -43.4409 -195.554
15.6294 5.19745 100.879
15.6294 5.19745 93.567
15.836 5.57128 93.567
15.836 5.57128 100.879
5.95225 0.452414 148.129
6.05182 0.439152 148.129
67.4144 -28.2821 -221.937
68.288 -21.9369 -221.937
68.288 -21.9369 -196.621
61.0259 -17.9227 -221.937
58.1349 -23.1525 -221.937
6.55536 -0.0199645 155.325
3.27032 6.18823 111.561
3.27032 6.18823 114.32
3.79365 5.89894 114.32
3.79365 5.89894 111.561
3.51791 -7.65112 134.022
3.61393 -7.86826 134.022
2.97293 -7.72601 134.022
14.1561 -4.59359 134.022
5.25295 -0.285939 134.022
5.31767 -0.176961 134.022
5.7353 -0.123987 134.022
5.9365 -0.0984655 134.022
5.49375 0.119519 134.022
5.7456 0.543602 134.022
5.95225 0.452414 134.022
6.00535 0.318432 134.022
5.97799 0.307795 134.022
5.49478 -0.429533 114.32
5.25295 -0.285939 114.32
5.49375 0.119519 114.32
5.31767 -0.176961 114.32
5.7456 0.543602 114.32
4.90528 -0.871371 114.32
-11.3824 -9.0624 93.567
-11.3824 -9.0624 100.879
-11.6162 -9.48539 100.879
-11.6162 -9.48539 93.567
-8.74118 -10.5224 93.567
-8.97502 -10.9454 93.567
-8.74118 -10.5224 100.879
-13.8125 -8.27128 93.567
-13.5787 -7.84832 93.567
-13.5787 -7.84832 100.879
-13.8125 -8.27128 100.879
-16.3509 -6.8681 93.567
-16.1171 -6.44518 93.567
-17.4786 -6.24469 93.567
-7.59841 -11.7064 93.567
8.42821 -10.8024 134.022
10.2719 -10.4468 148.129
10.2885 -10.4888 148.129
2.2998 -6.93021 148.129
2.36086 -6.53165 148.129
8.67295 -10.9879 114.32
8.42821 -10.8024 114.32
10.5571 -12.4156 120.822
10.985 -12.246 120.822
10.9524 -12.1638 120.822
4.22834 5.65865 114.32
4.22834 5.65865 111.561
14.2286 -4.40731 134.022
14.6557 -4.30975 134.022
13.9665 -5.33174 134.022
14.6557 -4.30975 114.32
13.9665 -5.33174 114.32
14.6851 -18.9126 109.361
14.6851 -18.9126 105.86
67.4144 -28.2821 -195.554
66.8989 -32.026 -195.554
2.17622 -7.83549 127
2.16258 -7.82595 127
2.16258 -7.82595 120.822
2.17622 -7.83549 120.822
13.6443 -3.09572 134.022
25.4623 -5.09146 100.879
26.3392 -6.82189 100.879
26.3392 -6.82189 105.86
25.4623 -5.09146 105.86
26.116 -7.22557 100.879
26.116 -7.22557 105.86
6.15937 -0.0701945 155.325
7.13222 0.0532084 155.325
12.4944 -8.43158 155.325
12.8625 -7.10485 155.325
3.92342 -8.73511 155.325
3.7264 -8.6168 155.325
3.7264 -8.6168 114.32
2.36837 -6.48258 148.129
2.72224 -6.40417 148.129
2.03242 -5.7088 120.822
2.42173 -6.1343 120.822
2.1364 -5.53371 120.822
2.36837 -6.48258 134.022
2.36086 -6.53165 134.022
2.2998 -6.93021 134.022
5.74334 10.6622 100.879
5.74334 10.6622 93.567
5.95006 11.0362 93.567
5.95006 11.0362 100.879
8.83037 -10.9168 148.129
9.07507 -11.4749 148.129
9.04754 -11.4648 148.129
7.54524 -5.50782 221.837
7.60275 -5.01417 221.837
7.93217 -4.87023 221.837
8.47619 -4.92829 221.837
8.40178 -5.60484 221.837
7.94544 -5.80421 221.837
25.2245 -48.1105 -196.621
25.2245 -48.1105 -221.937
8.83037 -10.9168 134.022
9.04754 -11.4648 134.022
9.07507 -11.4749 134.022
9.04754 -11.4648 114.32
8.83037 -10.9168 114.32
8.97143 -10.8532 114.32
8.25801 -11.1751 114.32
13.746 -6.71431 114.32
13.6317 -5.9402 114.32
2.78124 -3.78755 127
2.75794 -3.93959 127
2.89188 -3.06529 127
3.34509 -2.49215 127
3.38543 -2.44114 127
2.89188 -3.06529 120.822
2.78124 -3.78755 120.822
2.75794 -3.93959 120.822
3.38543 -2.44114 120.822
3.34509 -2.49215 120.822
2.78124 -3.78755 148.129
2.75794 -3.93959 148.129
3.34509 -2.49215 148.129
3.38543 -2.44114 148.129
2.89188 -3.06529 148.129
2.75794 -3.93959 134.022
2.78124 -3.78755 134.022
3.34509 -2.49215 134.022
3.38543 -2.44114 134.022
2.89188 -3.06529 134.022
3.38543 -2.44114 155.325
3.38543 -2.44114 114.32
3.22329 -3.25223 155.325
8.24379 -10.7852 114.32
8.24379 -10.7852 155.325
7.52302 -10.9055 114.32
21.3324 -2.42237 109.361
9.66097 -3.98099 161.823
10.0772 -5.47969 161.823
10.6184 -4.52221 161.823
5.14771 3.71552 120.822
5.63466 3.90485 120.822
5.94311 3.11153 120.822
5.14771 3.71552 114.32
5.63466 3.90485 114.32
5.94311 3.11153 114.32
5.15109 5.14857 114.32
14.3574 -4.07658 148.129
14.2311 -4.40075 148.129
13.5631 -4.8832 134.022
13.3932 -4.92202 134.022
13.5631 -4.8832 155.325
13.3932 -4.92202 155.325
-9.11512 37.4526 -196.621
-9.11512 37.4526 -221.937
-11.0678 33.9201 -221.937
10.0759 -9.95233 148.129
10.3643 -9.83727 148.129
10.767 -10.0765 148.129
10.7322 -10.1282 148.129
10.0759 -9.95233 134.022
10.3643 -9.83727 134.022
10.767 -10.0765 134.022
10.7322 -10.1282 134.022
10.3578 -10.4324 134.022
10.2885 -10.4888 134.022
10.2719 -10.4468 134.022
2.47466 -5.78875 114.32
2.62363 -5.87721 114.32
2.62363 -5.87721 134.022
2.47466 -5.78875 134.022
10.5336 -21.177 100.879
10.5336 -21.177 93.567
10.2996 -21.6003 93.567
10.2996 -21.6003 100.879
-2.44211 -15.8176 -126.346
-2.2413 -15.4544 -126.346
-0.261266 -17.0232 -126.346
-0.0604992 -16.66 -126.346
-14.6056 -3.71099 93.567
2.50223 -18.5509 -126.346
-14.6056 -3.71099 100.879
2.70296 -18.1877 -126.346
-15.0123 -3.48616 100.879
4.82307 -19.8339 -126.346
-15.0123 -3.48616 93.567
5.02376 -19.4708 -126.346
8.56706 10.5294 -126.346
8.8344 10.3817 -126.346
9.06533 10.7995 -126.346
-14.593 -2.7275 100.879
-14.593 -2.7275 93.567
-15.3826 -4.15596 93.567
11.2909 9.02466 -126.346
11.5215 9.4418 -126.346
13.8447 7.61383 -126.346
14.075 8.03032 -126.346
9.66747 -10.5476 155.325
15.8253 6.51973 -126.346
7.48365 0.404384 114.32
16.0552 6.93571 -126.346
7.54759 0.239935 114.32
18.8987 4.82188 -126.346
19.1282 5.23706 -126.346
6.93205 0.647707 114.32
7.99003 0.181008 114.32
8.78782 0.263216 114.32
8.06306 0.171282 114.32
17.9501 3.91464 93.567
9.46349 -0.0152369 155.325
9.46349 -0.0152369 114.32
7.25944 0.893086 114.32
12.8657 6.72516 93.567
10.6858 7.93014 93.567
-1.90825 -14.8519 93.567
0.506467 -15.6343 93.567
-8.08154 19.7266 93.567
29.5835 -2.51602 100.879
3.03608 -17.5851 93.567
-21.61 -4.74654 93.567
27.9049 -5.55254 100.879
5.59086 -18.4448 93.567
-4.28212 17.6277 93.567
5.59948 12.1688 93.567
-9.9329 20.7494 -106.91
1.72738 8.41562 100.879
1.93982 8.79995 100.879
1.93982 8.79995 105.86
-26.9191 -14.3506 -126.346
1.72738 8.41562 105.86
-1.67434 -14.4288 93.567
-13.2772 29.9233 -126.346
-12.4639 29.4737 -126.346
2.27617 9.40842 100.879
2.27617 9.40842 105.86
-4.62196 30.3569 -126.346
-11.0678 33.9201 -126.346
3.27001 -17.1619 93.567
18.2925 3.72534 93.567
58.0634 -11.954 -141.034
-9.48013 -5.55391 105.86
59.0971 -10.0841 -141.034
-9.38938 -5.95881 105.86
8.63086 4.21281 105.86
-6.22366 -13.7272 93.567
-9.38938 -5.95881 100.879
-6.02279 -13.3638 93.567
-9.48013 -5.55391 100.879
17.8677 -2.72844 105.86
8.36607 -33.8559 -141.034
10.7837 -10.0864 114.32
37.1582 -49.7718 -221.937
2.19721 -7.59989 127
10.98 -10.3286 134.022
10.5856 -11.004 134.022
4.7629 -0.978083 114.32
10.4891 -10.9949 134.022
4.22141 -1.38393 114.32
3.34509 -2.49215 114.32
-7.22992 -7.78847 105.86
2.89188 -3.06529 114.32
-7.22992 -7.78847 100.879
-6.96065 -7.30136 100.879
2.78124 -3.78755 114.32
-6.96065 -7.30136 105.86
2.75794 -3.93959 114.32
6.45898 -6.48453 161.823
2.64491 -4.67747 114.32
6.7533 -7.54432 161.823
7.81306 -7.25 161.823
2.53427 -5.39965 114.32
7.60275 -5.01417 212.859
2.42173 -6.1343 114.32
2.16258 -7.82595 148.129
2.19721 -7.59989 148.129
2.1364 -5.53371 114.32
2.03242 -5.7088 114.32
2.17622 -7.83549 148.129
2.15983 -6.52878 114.32
1.99176 -6.56602 114.32
1.52701 -6.669 114.32
1.13152 -6.75663 114.32
-0.0468038 -7.01771 114.32
2.19721 -7.59989 120.822
-14.9247 -7.10428 93.567
-15.602 -5.51349 93.567
-15.602 -5.51349 100.879
-14.9247 -7.10428 100.879
12.2402 -15.4132 114.32
-12.4376 -5.78393 100.879
-26.9191 -14.3506 -141.034
-9.22664 -19.1596 -141.034
-4.41143 6.18045 100.879
-4.41143 6.18045 105.86
-11.3315 -22.9673 -196.621
0.720873 3.34329 105.86
-2.66926 33.8894 -196.621
6.23655 12.3631 77.3216
-0.788823 9.41991 100.879
4.99527 11.0757 100.879
-6.05503 12.7179 93.567
-7.86487 24.4905 -106.91
17.004 -20.1945 100.879
-6.56249 10.8392 93.567
42.5795 -0.953397 -106.91
-6.96924 11.0641 93.567
41.5458 -2.82329 -106.91
18.0726 -21.7763 100.879
-8.03155 8.18166 93.567
40.9153 -0.0334293 -106.91
21.8579 -23.8689 100.879
5.58495 1.37919 127
6.43906 1.71128 127
6.05717 2.81819 127
5.15382 2.46699 120.822
5.32056 2.04629 120.822
5.58495 1.37919 120.822
6.05717 2.81819 120.822
6.46836 1.76061 120.822
-5.16523 -14.3123 77.3216
9.22241 -10.2929 161.823
9.22241 -10.2929 155.325
8.87613 -10.3182 155.325
7.64029 -10.4084 161.823
14.4044 -3.31357 134.022
15.4955 -3.0643 134.022
15.0148 -3.77711 134.022
14.5974 -3.46011 134.022
5.58495 1.37919 134.022
6.43906 1.71128 134.022
5.65086 1.21287 134.022
10.0759 -9.95233 155.325
10.3643 -9.83727 155.325
10.767 -10.0765 155.325
16.7132 -2.78612 126.685
16.9419 -3.78751 126.685
15.8299 -4.04152 126.685
42.2657 -40.5323 -221.937
25.7481 -31.4013 -221.937
21.9668 2.18226 93.567
20.9061 2.76856 100.879
21.9668 2.18226 100.879
-7.38355 -13.086 77.3216
-7.18268 -12.7226 77.3216
-4.80259 -6.64873 111.561
-4.05407 -7.06251 111.561
-4.80259 -6.64873 105.86
10.2415 -13.7636 120.822
11.4039 -13.303 120.822
11.7775 -14.2456 120.822
10.6151 -14.7062 120.822
23.772 -2.47425 105.86
23.772 -2.47425 100.879
23.4359 -3.08223 100.879
23.4359 -3.08223 105.86
2.16642 14.613 77.3216
2.16642 14.613 93.567
16.4503 -20.2424 100.879
15.454 -20.3287 100.879
10.5856 -11.004 114.32
11.4265 -9.56392 114.32
34.304 -30.1115 -141.034
34.9706 -30.4799 -126.346
-14.9759 -4.38078 93.567
-14.9759 -4.38078 100.879
9.72915 -12.4707 134.022
10.0054 -11.9976 134.022
10.5571 -12.4156 134.022
9.82265 -12.7066 134.022
6.57892 12.1739 93.567
6.34763 11.7555 93.567
6.57892 12.1739 77.3216
-4.43925 14.6802 93.567
-4.43925 14.6802 100.879
-2.71611 15.3384 100.879
-2.71611 15.3384 93.567
2.17622 -7.83549 134.022
2.16258 -7.82595 134.022
13.9153 -5.21196 114.32
14.2577 -6.01227 114.32
14.2311 -4.40075 134.022
14.3574 -4.07658 134.022
15.471 -4.1235 114.32
15.471 -4.1235 134.022
9.2407 -11.5357 134.022
10.5049 -11.0347 134.022
10.5303 -11.0988 134.022
10.0926 -11.8483 134.022
9.37869 -11.5863 134.022
-4.91428 -13.8583 -106.91
1.71655 -6.24067 114.32
-4.81828 -13.6847 -106.91
9.82265 -12.7066 126.685
8.56706 10.5294 -106.91
11.2647 -12.9518 126.685
11.4039 -13.303 126.685
10.2415 -13.7636 126.685
-3.94506 -12.105 -106.91
-3.70885 -11.6777 -106.91
11.2647 -12.9518 120.822
-3.18148 -10.7237 -106.91
9.82265 -12.7066 120.822
-4.11037 -12.404 -106.91
-4.70877 -13.4865 -106.91
10.2415 -13.7636 114.32
11.4039 -13.303 114.32
-4.75533 -13.5708 -106.91
11.7775 -14.2456 114.32
10.6151 -14.7062 114.32
22.5958 3.32025 -106.91
39.7119 -6.14094 -106.91
21.5352 3.90655 -106.91
21.2524 3.39501 -106.91
9.82265 -12.7066 114.32
10.5571 -12.4156 114.32
21.1393 3.1904 -106.91
21.0833 3.08898 -106.91
11.2647 -12.9518 114.32
21.0182 2.97132 -106.91
20.985 2.91128 -106.91
9.72915 -12.4707 114.32
20.4561 1.9543 -106.91
9.37869 -11.5863 114.32
20.2114 1.51176 -106.91
10.8512 -15.302 114.32
19.9032 0.954146 -106.91
19.4371 0.110898 -106.91
-56.2125 58.8756 -196.621
-58.4219 54.8787 -196.621
-58.4219 54.8787 -196.012
7.57249 -21.3537 -106.91
-56.2125 58.8756 -196.012
25.9485 -31.0388 -106.91
39.4853 -6.55083 -106.91
-38.0259 43.604 -196.012
-35.8165 47.6009 -196.012
32.9135 -3.86908 93.567
23.4305 1.37312 93.567
-7.38355 -13.086 93.567
-7.18268 -12.7226 93.567
15.0603 -3.81165 134.022
15.6591 -3.2939 134.022
15.8299 -4.04152 134.022
25.1907 -4.55531 100.879
16.1695 -8.30507 111.561
24.8365 -3.85647 100.879
10.6858 7.93014 100.879
4.71795 -1.18679 155.325
4.90528 -0.871371 155.325
3.08729 -3.93257 155.325
2.8001 -4.41615 155.325
-24.8142 -10.5429 44.6192
-14.1464 -16.44 44.6192
2.64491 -4.67747 155.325
16.9896 -25.2985 100.879
16.0223 -20.0058 -141.034
16.9896 -25.2985 93.567
17.2236 -24.8751 100.879
17.2236 -24.8751 93.567
16.0223 -20.0058 -126.346
25.705 -25.3581 -126.346
18.1877 -25.9609 93.567
18.9203 -25.813 93.567
18.9203 -25.813 100.879
20.4177 -0.620034 100.879
20.4177 -0.620034 105.86
-8.43829 8.4065 93.567
-8.03155 8.18166 100.879
-8.43829 8.4065 100.879
20.6405 -40.641 -141.034
24.71 -4.28959 -141.034
42.9914 -14.3959 -141.034
-9.75436 6.02569 93.567
-9.75436 6.02569 100.879
18.9764 -39.7211 -141.034
-6.05503 12.7179 100.879
27.3142 -44.3302 -141.034
17.004 -20.1945 105.86
19.0447 -20.0177 105.86
19.0447 -20.0177 109.361
17.004 -20.1945 109.361
34.4537 -29.8408 -141.034
21.8814 -1.42917 100.879
21.8814 -1.42917 105.86
8.51037 -4.61759 212.859
5.83088 12.5874 77.3216
24.71 -4.28959 -196.621
4.81719 -1.24289 161.823
43.6581 -14.7644 -196.621
4.81719 -1.24289 155.325
5.75508 -0.583016 155.325
5.75508 -0.583016 161.823
24.71 -4.28959 -126.346
25.5582 -4.75846 -126.346
7.20171 -0.125516 155.325
8.11734 0.164053 155.325
4.95052 -0.837461 155.325
5.03795 -1.36768 161.823
7.34941 -2.67431 161.823
8.06306 0.171282 155.325
61.8341 -41.1885 -221.937
59.0557 -43.4409 -221.937
66.8989 -32.026 -221.937
14.282 -24.5891 77.3216
17.1442 -26.1714 77.3216
49.7602 -38.3023 -221.937
9.96631 -22.2032 77.3216
-14.3463 -9.23693 93.567
29.5835 -2.51602 93.567
-14.3463 -9.23693 77.3216
27.7018 -0.988043 93.567
-14.1453 -8.87334 77.3216
-14.1453 -8.87334 93.567
9.16631 -20.9739 93.567
14.6153 -23.9861 93.567
-16.2029 -7.73583 93.567
-16.2029 -7.73583 77.3216
-15.9046 -8.37546 77.3216
31.9161 -5.67349 93.567
27.4952 -1.36169 93.567
-17.8113 -6.84661 77.3216
-18.0124 -7.2103 77.3216
-17.8113 -6.84661 93.567
14.8494 -23.5627 93.567
13.4836 -5.17507 155.325
13.4849 -5.17395 155.325
31.2387 -3.431 93.567
13.4827 -5.17267 155.325
13.5274 -5.19917 155.325
29.79 -2.14239 93.567
25.1144 -0.0456589 93.567
10.7322 -10.1282 155.325
23.2239 0.999398 93.567
11.3317 -9.2391 155.325
11.136 -9.52934 155.325
12.9266 -6.874 155.325
13.4207 -6.14122 155.325
11.4149 -9.1157 155.325
13.4207 -6.14122 114.32
18.0497 -2.39915 93.567
17.6742 -3.07847 93.567
11.689 -13.9065 93.567
10.845 -15.4333 93.567
11.5456 -9.36001 155.325
11.5411 -9.36768 155.325
11.4265 -9.56392 155.325
13.4196 -6.15084 155.325
13.4196 -6.15084 114.32
10.864 -21.3597 93.567
13.219 -3.5844 155.325
13.6074 -4.49235 155.325
0.945662 -8.0046 120.822
0.104607 -8.12018 120.822
-0.0468038 -7.01771 120.822
21.017 -25.39 93.567
21.8579 -23.8689 93.567
22.1277 -23.3807 93.567
-7.93134 -12.3087 77.3216
-7.93134 -12.3087 93.567
1.20374 -7.4117 134.022
1.21723 -7.38069 134.022
1.52701 -6.669 134.022
2.19721 -7.59989 134.022
63.8934 -12.7354 -221.937
63.8934 -12.7354 -196.621
2.97127 -4.51292 161.823
2.97127 -4.51292 155.325
3.22329 -3.25223 161.823
8.22974 9.28781 93.567
8.43643 9.66175 93.567
8.22974 9.28781 100.879
3.27001 -17.1619 100.879
3.03608 -17.5851 100.879
5.59086 -18.4448 100.879
5.35692 -18.868 93.567
5.35692 -18.868 100.879
-1.90825 -14.8519 100.879
8.10635 -20.3879 100.879
14.0879 -20.447 100.879
12.3749 -18.6265 105.86
18.3423 -21.2882 100.879
12.6446 -18.1387 105.86
12.005 -19.2956 100.879
12.005 -19.2956 105.86
17.7028 -22.4452 100.879
49.2534 -4.6426 -221.937
9.06533 10.7995 77.3216
9.06533 10.7995 93.567
8.8344 10.3817 93.567
8.8344 10.3817 77.3216
14.4044 -3.31357 114.32
20.1131 -27.0252 93.567
10.63 -21.783 93.567
33.3153 -3.14233 93.567
32.707 -4.24266 93.567
21.9563 -14.7506 105.86
21.9563 -14.7506 100.879
8.63086 4.21281 109.361
-11.8708 1.23646 100.879
-11.8708 1.23646 93.567
-12.2775 1.4613 93.567
-12.2775 1.4613 100.879
-8.13223 -12.6721 77.3216
3.85223 7.24097 111.561
3.85223 7.24097 105.86
44.0592 -48.6155 -196.621
44.0592 -48.6155 -221.937
47.0619 -43.1837 -221.937
-51.086 23.0706 -221.937
-56.1661 13.8813 -221.937
-51.086 23.0706 -215.144
-67.8631 32.3448 -215.144
-72.9428 23.1555 -215.144
15.8253 6.51973 77.3216
15.8253 6.51973 93.567
16.0552 6.93571 93.567
16.0552 6.93571 77.3216
14.075 8.03032 77.3216
14.075 8.03032 93.567
13.8447 7.61383 93.567
13.8447 7.61383 77.3216
-1.21918 14.511 100.879
-2.56149 12.0826 100.879
-1.21918 14.511 93.567
11.9622 -15.9161 111.561
11.9622 -15.9161 114.32
6.99138 -13.1683 114.32
6.99138 -13.1683 111.561
8.29168 -12.1116 114.32
6.10957 -10.5858 114.32
6.8371 -10.6538 114.32
5.89939 -14.0558 111.561
24.2778 -2.7539 100.879
21.5453 -2.03719 105.86
27.2431 -5.18672 100.879
6.80819 -3.63176 161.823
8.30691 -3.21556 161.823
16.5165 -26.2981 77.3216
16.5165 -26.2981 93.567
17.1442 -26.1714 93.567
19.159 -27.2853 77.3216
18.6214 -27.4616 77.3216
19.159 -27.2853 93.567
19.5791 -27.9911 77.3216
19.7796 -27.6284 77.3216
19.7796 -27.6284 93.567
-10.9856 -5.71224 100.879
-5.85331 -8.54949 105.86
10.864 -21.3597 100.879
68.6047 -28.9401 -196.621
68.6047 -28.9401 -221.937
53.3386 -20.5012 -221.937
-0.0604992 -16.66 -106.91
-0.261266 -17.0232 -106.91
-11.1289 3.53903 93.567
22.2775 -23.1097 93.567
-10.7222 3.31419 93.567
-10.7222 3.31419 100.879
27.1162 -14.3565 93.567
-11.1289 3.53903 100.879
30.8153 -7.66474 93.567
31.0285 -7.27914 93.567
66.1026 -8.73888 -221.937
66.1026 -8.73888 -196.621
-2.62547 -4.47801 111.561
-2.62547 -4.47801 114.32
0.20807 -6.4593 114.32
-2.2406 -9.55596 111.561
6.89466 0.664201 114.32
11.2918 -9.21656 155.325
11.2918 -9.21656 161.823
11.9391 -8.68619 161.823
13.2405 -5.74264 155.325
12.8625 -7.10485 161.823
13.2405 -5.74264 161.823
19.2869 -2.66557 111.561
17.7832 -2.88118 111.561
17.377 -3.61609 111.561
-46.9161 23.3222 -196.012
-52.8769 12.539 -196.012
12.2402 -15.4132 111.561
17.5911 -5.73338 111.561
5.50155 -5.94329 161.823
4.19488 -8.25487 161.823
18.4922 -21.0172 100.879
16.5618 -24.5093 100.879
46.3858 -9.83006 -221.937
-3.55045 16.288 93.567
14.6851 -18.9126 100.879
-3.75725 15.9139 93.567
23.0595 -3.76317 100.879
27.5791 -4.57882 100.879
10.5034 -16.0513 100.879
11.3692 -14.485 100.879
22.2775 -23.1097 100.879
27.1162 -14.3565 100.879
17.5534 -3.29693 100.879
8.09857 3.51923 111.561
17.9414 -2.59503 100.879
18.7018 -1.21946 100.879
8.09857 3.51923 114.32
5.74845 -3.92605 161.823
3.18997 -4.63655 161.823
6.04277 -4.98584 161.823
2.19721 -7.59989 114.32
1.20374 -7.4117 114.32
23.2229 -3.4675 100.879
2.16079 -7.83761 114.32
0.945662 -8.0046 114.32
24.647 -9.88312 100.879
23.3309 -12.2639 100.879
0.104607 -8.12018 114.32
1.13152 -6.75663 134.022
14.5352 -19.1838 100.879
14.2655 -19.6716 100.879
13.8957 -20.3407 100.879
10.5413 -18.4864 100.879
-1.25276 -8.30671 114.32
1.02627 -5.42459 114.32
1.71451 -6.23825 114.32
2.78124 -3.78755 155.325
4.73723 -9.22383 161.823
4.73723 -9.22383 155.325
4.07271 -8.471 155.325
4.07271 -8.471 161.823
-4.68531 -8.20451 111.561
-4.68531 -8.20451 105.86
-10.9425 -10.644 77.3216
-11.1434 -11.0075 77.3216
13.6296 -4.54414 155.325
30.1913 -1.41651 77.3216
28.1028 -0.262761 77.3216
23.8308 2.09723 77.3216
9.06533 10.7995 -106.91
8.8344 10.3817 -106.91
8.63242 -21.9397 77.3216
37.8208 -5.63132 77.3216
4.64827 -1.1474 155.325
4.64827 -1.1474 161.823
2.75794 -3.93959 155.325
34.0926 -3.57176 77.3216
32.4964 -2.68998 77.3216
9.2407 -11.5357 114.32
10.5049 -11.0347 114.32
30.7181 -1.70756 77.3216
30.4192 -1.00423 77.3216
6.09719 -10.0405 161.823
28.331 0.150044 77.3216
27.2089 0.231009 77.3216
24.0596 2.51115 77.3216
-10.7164 -5.22527 100.879
22.5958 3.32025 77.3216
21.5352 3.90655 77.3216
-11.3558 -6.38194 100.879
-10.5662 -4.95353 100.879
20.7443 2.47585 77.3216
-14.1863 -2.95233 100.879
19.5592 0.331751 77.3216
-6.22343 -9.21906 105.86
18.9718 -0.731 77.3216
-6.22343 -9.21906 100.879
18.2902 -1.96396 77.3216
-19.5429 41.6094 -196.621
-33.8638 51.1334 -196.621
17.9425 -2.5931 77.3216
-19.5429 41.6094 -221.937
-33.8638 51.1334 -221.937
12.3994 -12.6212 77.3216
10.6628 -15.7629 77.3216
9.23953 -18.3378 77.3216
14.2286 -4.40731 155.325
13.6008 -4.55071 155.325
7.57249 -21.3537 77.3216
9.76567 -22.5662 77.3216
39.4853 -6.55083 44.6192
10.2967 -22.3859 77.3216
39.7119 -6.14094 44.6192
13.6743 -24.2532 77.3216
12.6221 -2.76264 161.823
12.6221 -2.76264 155.325
14.0814 -24.9519 77.3216
12.9385 -3.64849 155.325
16.4556 -26.2644 77.3216
13.5189 -5.27394 155.325
20.5568 -28.058 77.3216
3.51791 -7.65112 155.325
3.04591 -6.58373 155.325
24.2844 -30.1188 77.3216
3.04591 -6.58373 161.823
3.96484 -8.66183 161.823
20.3563 -28.4207 77.3216
20.5568 -28.058 93.567
13.4738 -24.616 77.3216
24.084 -30.4814 77.3216
49.7602 -38.3023 -195.554
47.0619 -43.1837 -195.554
61.0259 -17.9227 -195.554
58.1349 -23.1525 -195.554
53.3386 -20.5012 -195.554
44.9641 -35.6509 -195.554
56.2296 -15.2714 -195.554
42.2657 -40.5323 -195.554
10.5413 -18.4864 105.86
-35.0316 49.0208 -221.937
-35.0316 49.0208 -196.621
-35.0316 49.0208 -198.375
-39.116 37.4326 -196.012
-44.418 27.8412 -196.012
8.4926 -6.14102 212.859
7.56334 -6.12275 212.859
7.04459 -5.39678 212.859
7.09632 -5.23545 212.859
8.52044 -4.61319 212.859
8.70896 -4.73012 212.859
8.88708 -5.37123 212.859
-35.8165 47.6009 -196.621
-53.9028 57.5989 -196.621
-56.1123 53.6019 -196.621
-47.4207 48.7973 -196.621
-38.0259 43.604 -196.621
-47.3195 26.7918 -221.937
-46.1961 28.824 -215.144
25.9485 -31.0388 44.6192
-33.8638 51.1334 -196.621
-0.0604992 -16.66 93.567
-0.0604992 -16.66 77.3216
-0.261266 -17.0232 77.3216
-33.8638 51.1334 -221.937
-0.261266 -17.0232 93.567
-35.8165 47.6009 -221.937
8.52044 -4.61319 197.161
-38.0259 43.604 -221.937
7.09632 -5.23545 197.161
-40.8941 38.4154 -221.937
-46.1961 28.824 -221.937
-4.67808 16.9114 93.567
5.202 11.4497 93.567
-47.3195 26.7918 -215.144
12.7643 -2.5217 155.325
12.7643 -2.5217 114.32
-46.1961 28.824 -205.726
13.1834 -3.5012 155.325
-46.1961 28.824 -196.621
-40.8941 38.4154 -196.621
-2.19193 10.1955 100.879
-2.19193 10.1955 105.86
-48.6941 24.3051 -215.144
-48.6941 24.3051 -205.726
2.94039 7.35844 105.86
-48.6941 24.3051 -221.937
-49.7767 22.3468 -221.937
-54.8565 13.1573 -221.937
-57.8598 7.72432 -221.937
-59.9646 3.91662 -221.937
10.6958 -9.70499 155.325
10.6958 -9.70499 161.823
-60.5286 2.89636 -221.937
-60.5286 2.89636 -205.726
-59.9646 3.91662 -205.726
-57.8598 7.72432 -205.726
-54.8565 13.1573 -205.726
14.2311 -4.40075 155.325
13.6955 -3.71458 155.325
-49.7767 22.3468 -205.726
7.33261 -10.335 155.325
7.33261 -10.335 161.823
8.4496 -10.6013 155.325
11.2909 9.02466 -106.91
16.0887 -0.89763 111.561
8.2126 3.4562 111.561
15.8253 6.51973 -106.91
16.0887 -0.89763 114.32
8.07343 3.48743 114.32
21.306 3.49198 -221.937
10.9637 -0.215041 114.32
19.3631 -1.33374 111.561
8.56706 10.5294 -221.937
8.59329 4.14486 111.561
8.56706 10.5294 -214.277
8.85474 4.47549 111.561
8.56706 10.5294 -196.621
8.56706 10.5294 -127.303
4.42245 6.92574 111.561
17.5911 -5.73338 114.32
3.50834 6.61883 111.561
8.8344 10.3817 44.6192
16.7132 -2.78612 114.32
16.9419 -3.78751 114.32
16.0552 6.93571 -106.91
11.2909 9.02466 44.6192
11.2909 9.02466 77.3216
11.2909 9.02466 93.567
14.075 8.03032 -106.91
13.8447 7.61383 -106.91
13.8447 7.61383 44.6192
-33.6927 16.0123 -196.012
-48.6941 24.3051 -196.621
15.8253 6.51973 44.6192
-32.3181 18.499 -196.012
-47.3195 26.7918 -196.621
17.6546 -2.57102 114.32
17.8834 -3.57244 114.32
9.0105 -10.6573 155.325
10.0961 -22.7488 77.3216
10.2967 -22.3859 93.567
-0.383615 16.0226 77.3216
-0.383615 16.0226 93.567
-2.62229 16.7107 93.567
-2.09283 16.9674 77.3216
2.80806 -4.42066 161.823
3.20119 -7.99587 155.325
9.31176 -6.83376 161.823
18.8987 4.82188 77.3216
8.77052 -7.79125 161.823
8.14348 -4.37939 197.161
7.77314 -20.9907 -196.621
7.32022 -4.53717 197.161
8.58786 -4.29421 197.161
9.29471 -6.8385 197.161
-4.96438 -13.9489 -128.563
8.28953 -3.22039 197.161
-4.96438 -13.9489 -132.168
-4.96438 -13.9489 -138.984
-4.96438 -13.9489 -183.35
11.3308 -17.0583 105.86
11.3308 -17.0583 111.561
-4.96438 -13.9489 -196.621
-4.96438 -13.9489 -200.001
-1.67434 -14.4288 100.879
-7.36455 -11.2834 100.879
-4.96438 -13.9489 -221.937
-7.36455 -11.2834 93.567
7.77314 -20.9907 -221.937
12.93 -5.82888 161.823
7.77314 -20.9907 -214.143
10.3715 -6.53944 161.823
11.082 -9.09796 161.823
5.02376 -19.4708 -106.91
-0.0604992 -16.66 44.6192
5.02376 -19.4708 44.6192
-0.261266 -17.0232 44.6192
5.02376 -19.4708 77.3216
5.02376 -19.4708 93.567
2.70296 -18.1877 93.567
19.1282 5.23706 77.3216
19.1282 5.23706 93.567
2.70296 -18.1877 77.3216
18.8987 4.82188 93.567
2.70296 -18.1877 44.6192
2.70296 -18.1877 -106.91
4.82307 -19.8339 -106.91
-2.2413 -15.4544 93.567
19.8687 -1.61321 105.86
-2.2413 -15.4544 77.3216
19.8687 -1.61321 111.561
-2.2413 -15.4544 44.6192
2.50223 -18.5509 77.3216
-2.2413 -15.4544 -106.91
2.50223 -18.5509 44.6192
1.57447 -11.6649 111.561
2.86265 5.45069 114.32
2.86265 5.45069 111.561
-2.44211 -15.8176 77.3216
-2.44211 -15.8176 93.567
27.4373 0.644055 -126.346
-0.533225 -12.3645 105.86
-0.533225 -12.3645 100.879
36.4237 -4.32335 44.6192
48.2197 -6.51252 -126.346
28.1028 -0.262761 93.567
-29.2947 -0.973363 -106.91
47.553 -6.14399 -126.346
30.4192 -1.00423 93.567
-5.09957 13.4857 93.567
46.3858 -9.83006 -126.346
30.1913 -1.41651 93.567
-5.09957 13.4857 100.879
5.68736 19.44 44.6192
28.331 0.150044 93.567
-39.8551 4.86449 -196.012
8.69874 17.7754 44.6192
46.7415 6.57564 -196.621
61.3063 -6.08755 -196.621
5.68736 19.44 -106.91
57.5318 -48.9715 -221.937
8.69874 17.7754 -106.91
71.4958 -23.7101 -221.937
71.4958 -23.7101 -196.621
7.68897 -3.38717 197.161
57.5318 -48.9715 -196.621
30.523 -1.06163 77.3216
30.7181 -1.70756 93.567
11.5215 9.4418 93.567
11.5215 9.4418 77.3216
-20.8149 39.3082 -196.621
32.2994 -2.04356 77.3216
37.1582 -49.7718 -196.621
21.5352 3.90655 93.567
32.4964 -2.68998 93.567
1.22196 -7.41515 114.32
-61.2903 49.6898 -205.726
2.16258 -7.82595 114.32
2.17622 -7.83549 114.32
22.3668 2.90596 93.567
34.32 -3.16048 77.3216
2.97293 -7.72601 114.32
34.0926 -3.57176 93.567
2.99391 -7.75081 114.32
4.35294 -9.35751 114.32
44.7888 3.04318 -221.937
27.4373 0.644055 77.3216
8.63242 -21.9397 93.567
11.8949 -1.40797 114.32
4.9328 -9.76297 114.32
12.4153 -2.07465 155.325
12.1756 -1.76751 155.325
38.0476 -5.22101 77.3216
5.51077 -10.1671 114.32
11.8949 -1.40797 155.325
14.5352 -19.1838 105.86
12.7945 -17.8674 105.86
3.6529 8.64738 100.879
9.34338 5.50173 100.879
9.34338 5.50173 105.86
3.6529 8.64738 105.86
8.79875 -10.837 114.32
-4.62196 30.3569 -221.937
15.8299 -4.04152 114.32
60.2301 -44.0901 -221.937
13.6443 -3.09572 114.32
19.1282 5.23706 44.6192
-0.788823 9.41991 105.86
-54.8565 13.1573 -196.621
1.56367 8.11947 105.86
44.9641 -35.6509 -221.937
13.3198 -3.23332 114.32
13.3662 -6.62216 114.32
11.5215 9.4418 -106.91
56.2296 -15.2714 -221.937
-0.220022 9.49218 100.879
39.263 -45.9642 -221.937
-6.83132 26.3602 44.6192
9.16631 -20.9739 100.879
-0.220022 9.49218 105.86
-30.8597 -17.1077 -196.621
-7.86487 24.4905 44.6192
13.5252 -5.21834 114.32
-54.6549 13.522 -196.621
18.5508 -44.4213 -196.621
60.2301 -44.0901 -196.621
-4.98023 25.3369 44.6192
13.5252 -5.21834 155.325
18.8987 4.82188 44.6192
-39.8551 4.86449 -221.937
-28.7701 -13.3274 -221.937
-4.98023 25.3369 -106.91
-6.83132 26.3602 -106.91
-11.9491 -10.0875 77.3216
0.10625 -11.2078 105.86
-21.61 -4.74654 77.3216
6.35556 -4.4325 161.823
-6.22722 14.109 93.567
6.05182 0.439152 134.022
27.4952 -1.36169 100.879
9.31176 -6.83376 197.161
56.2296 -15.2714 -141.034
-5.23089 -8.38262 100.879
6.35556 -4.4325 197.161
10.0772 -5.47969 197.161
8.83306 -21.5767 93.567
27.7018 -0.988043 100.879
6.80819 -3.63176 197.161
14.2655 -19.6716 105.86
20.6405 -40.641 -221.937
8.30691 -3.21556 197.161
13.4731 -5.67802 155.325
31.2387 -3.431 100.879
16.4556 -26.2644 93.567
16.6562 -25.9016 93.567
78.525 -10.994 -221.937
10.98 -10.3286 114.32
78.525 -10.994 -196.621
76.5723 -14.5264 -196.621
76.5723 -14.5264 -221.937
-5.47484 -9.63287 105.86
0.104607 -8.12018 127
-0.0468038 -7.01771 127
1.21723 -7.38069 127
-12.15 -10.451 77.3216
3.88459 -8.80381 155.325
0.945662 -8.0046 127
7.13661 -10.6817 155.325
11.5215 9.4418 44.6192
-7.14651 -11.8482 77.3216
-6.53245 -10.7373 77.3216
-6.19157 -10.1206 77.3216
-1.63247 -1.87272 77.3216
-0.791812 -0.351881 77.3216
-4.05407 -7.06251 114.32
1.11087 3.09026 77.3216
-3.85384 -8.66415 111.561
-17.2448 -5.82178 93.567
29.732 -38.3824 -126.346
4.7629 -0.978083 155.325
30.3985 -38.7508 -126.346
32.4218 -35.0906 -126.346
9.06533 10.7995 44.6192
-5.50632 13.7105 93.567
13.7593 -3.15133 114.32
41.5458 -2.82329 44.6192
12.9504 -2.76013 114.32
12.4769 -1.84991 114.32
12.7945 -17.8674 109.361
17.6332 -9.11422 109.361
23.3309 -12.2639 109.361
4.35294 -9.35751 155.325
1.33084 13.1014 93.567
8.42821 -10.8024 155.325
-16.1452 24.7351 -126.346
8.03113 -10.5015 155.325
7.88465 -10.3905 155.325
8.3763 -10.7631 155.325
-5.43601 12.877 93.567
8.2617 -10.6762 155.325
-9.34763 5.80085 93.567
-13.413 -1.55349 93.567
-9.34763 5.80085 100.879
40.9153 -0.0334293 44.6192
42.5795 -0.953397 44.6192
0.256334 -10.9363 105.86
0.256334 -10.9363 111.561
-5.43386 -7.79071 111.561
8.74506 -10.7015 155.325
-5.43386 -7.79071 105.86
8.79875 -10.837 155.325
8.60109 -10.3382 155.325
74.3631 -18.5229 -221.937
74.3631 -18.5229 -196.621
3.61393 -7.86826 155.325
3.17808 -7.7857 155.325
2.99391 -7.75081 155.325
2.50223 -18.5509 -106.91
16.7132 -2.78612 120.822
17.6546 -2.57102 120.822
17.8834 -3.57244 120.822
16.9419 -3.78751 120.822
-6.77593 13.1164 93.567
4.99527 11.0757 93.567
7.26759 -0.104683 161.823
7.26759 -0.104683 155.325
1.53759 13.4754 93.567
8.63928 -0.10539 155.325
8.8015 -0.105474 155.325
-1.01241 14.885 93.567
8.8015 -0.105474 161.823
-5.84277 13.1019 93.567
-21.8111 -5.11032 77.3216
9.07507 -11.4749 114.32
22.1277 -23.3807 100.879
10.9524 -12.1638 114.32
8.79448 4.5088 105.86
3.10408 7.65455 105.86
8.02346 0.166259 155.325
3.10408 7.65455 111.561
8.02346 0.166259 114.32
8.79448 4.5088 111.561
8.06558 0.147683 155.325
-13.8197 -1.32866 93.567
12.0539 -1.61166 114.32
-10.5662 -4.95353 105.86
12.0539 -1.61166 155.325
-5.72752 3.79964 100.879
-5.72752 3.79964 105.86
-6.84975 -12.1203 93.567
-6.6159 -11.6972 93.567
-6.6159 -11.6972 100.879
-6.84975 -12.1203 100.879
-6.0393 -9.84511 93.567
-2.02818 10.4918 100.879
-5.52908 -8.92207 93.567
1.29483 3.42306 93.567
2.5531 5.6994 93.567
-5.64828 12.493 100.879
14.194 -3.36164 134.022
18.6886 -2.33481 114.32
19.2869 -2.66557 114.32
-4.88489 16.5373 93.567
-50.0034 25.0289 -221.937
-11.1352 -18.1045 44.6192
-9.22664 -19.1596 44.6192
-8.24724 -17.3878 44.6192
-50.0034 25.0289 -215.144
-11.1352 -18.1045 -106.91
-9.22664 -19.1596 -106.91
-8.24724 -17.3878 -106.91
-51.086 23.0706 -205.726
-50.0034 25.0289 -205.726
25.8937 5.82907 77.3216
1.22196 -7.41515 134.022
1.2963 -7.95641 134.022
-23.461 -3.72325 -106.91
24.4299 6.63821 44.6192
1.2963 -7.95641 114.32
-5.16523 -14.3123 -106.91
21.1243 -27.0313 93.567
8.27678 -7.12121 161.823
11.925 -2.21082 155.325
-21.7577 12.6612 -141.034
6.54734 1.5575 134.022
-22.571 13.1108 -141.034
6.89466 0.664201 134.022
6.32065 0.917413 134.022
-56.2125 58.8756 -193.243
-58.4219 54.8787 -193.243
-56.1123 53.6019 -193.243
-25.6858 -7.74796 44.6192
-53.9028 57.5989 -193.243
-25.6858 -7.74796 -106.91
-56.1123 53.6019 -196.012
-53.9028 57.5989 -196.012
-1.25276 -8.30671 120.822
7.14736 -5.21315 212.859
8.34714 -6.1017 212.859
7.93217 -4.87023 212.859
13.3662 -6.62216 155.325
13.7934 -2.84964 114.32
-56.1661 13.8813 -205.726
30.8153 -7.66474 100.879
23.2239 0.999398 100.879
23.3309 -12.2639 105.86
10.2719 -10.4468 155.325
21.3324 -2.42237 105.86
21.3324 -2.42237 111.561
-45.5415 25.8089 -196.012
24.4299 6.63821 -106.91
12.7945 -17.8674 111.561
9.57383 14.8505 44.6192
10.6074 16.7203 44.6192
9.36667 -2.92127 161.823
-4.63139 -13.3466 100.879
23.7247 -35.0616 44.6192
50.3348 -61.9911 -221.937
52.4244 -58.2108 -221.937
52.4244 -58.2108 -196.621
50.3348 -61.9911 -196.621
-5.68982 -12.7615 93.567
-6.56249 10.8392 100.879
-6.96924 11.0641 100.879
-14.1464 -16.44 -106.91
3.10046 7.648 111.561
5.32056 2.04629 127
17.6332 -9.11422 111.561
5.15382 2.46699 127
6.46836 1.76061 127
-43.2584 56.3266 -221.937
-43.2584 56.3266 -196.621
23.7247 -35.0616 -106.91
9.57383 14.8505 -106.91
24.2844 -30.1188 93.567
11.6234 -9.40397 155.325
2.69412 -4.35624 155.325
-31.3185 -4.63429 -126.346
61.3063 -6.08755 -221.937
-24.0309 8.54892 -196.621
-32.2979 -6.40605 -126.346
0.506467 -15.6343 100.879
10.1878 -0.111711 114.32
6.05717 2.81819 114.32
-14.4588 25.8648 -196.621
-0.595207 0.962486 105.86
4.82307 -19.8339 44.6192
18.9764 -39.7211 -126.346
5.15382 2.46699 114.32
-32.2979 -6.40605 -196.621
39.8816 -1.90332 77.3216
29.2714 3.96192 77.3216
35.0685 -53.5521 -196.621
35.0685 -53.5521 -221.937
12.0215 -9.08043 155.325
12.0215 -9.08043 114.32
-62.0543 0.136361 -221.937
-62.0543 0.136361 -196.621
-59.9646 3.91662 -196.621
7.89668 23.4368 -141.034
5.68736 19.44 -141.034
-2.77086 29.3337 -141.034
-4.62196 30.3569 -141.034
-39.6538 5.22876 -196.012
10.4709 -30.0482 -106.91
21.0812 -35.9134 -106.91
11.4503 -28.2764 77.3216
22.0606 -34.1417 77.3216
-2.77086 29.3337 -126.346
-35.216 -9.76415 -126.346
-28.7701 -13.3274 -126.346
-9.9329 20.7494 44.6192
-23.461 -3.72325 44.6192
22.5958 3.32025 93.567
20.6405 -40.641 -126.346
3.31656 8.03894 105.86
23.0547 -23.5393 93.567
11.5517 -9.36346 155.325
27.3142 -44.3302 -126.346
-1.81582 10.8759 100.879
8.03707 -10.7659 155.325
29.4191 -40.5225 -126.346
18.1567 4.28844 93.567
-78.0511 13.9146 -205.726
-78.0511 13.9146 -221.937
-75.9463 17.7223 -221.937
-1.47942 11.4845 100.879
-75.9463 17.7223 -205.726
18.5508 -44.4213 -221.937
5.32056 2.04629 114.32
-2.66926 33.8894 -221.937
3.34509 -2.49215 155.325
15.2196 5.42399 93.567
42.5795 -0.953397 -221.937
25.4623 -5.09146 109.361
11.1319 -0.828564 120.822
13.0723 7.09904 93.567
18.1567 4.28844 100.879
26.3392 -6.82189 109.361
-24.8142 -10.5429 -106.91
17.9501 3.91464 100.879
49.2534 -4.6426 -126.346
-26.6652 -9.51971 -221.937
-30.8597 -17.1077 -221.937
9.57913 -0.0306395 120.822
10.8925 8.30404 93.567
51.4626 -0.646053 -126.346
-6.83132 26.3602 -221.937
0.272563 -16.0574 93.567
44.7888 3.04318 -126.346
9.57913 -0.0306395 148.129
-58.9806 48.4131 -221.937
39.7119 -6.14094 -221.937
10.1878 -0.111711 148.129
25.4636 8.50803 44.6192
11.1319 -0.828564 148.129
22.7453 -36.8333 -221.937
-23.8348 -8.77117 77.3216
10.3659 -0.585435 148.129
6.25654 6.34967 93.567
25.4636 8.50803 -106.91
-9.69929 21.172 -221.937
-42.8584 -0.568324 -221.937
10.3659 -0.585435 134.022
-6.01378 23.4672 77.3216
7.11065 10.3946 93.567
-2.0722 -8.71699 93.567
-57.8598 7.72432 -196.621
-7.84819 20.1487 77.3216
18.2925 3.72534 100.879
4.69859 3.53133 93.567
-5.84277 13.1019 100.879
10.1878 -0.111711 134.022
2.81951 14.252 77.3216
-3.31136 -10.9586 93.567
11.1319 -0.828564 134.022
4.6538 17.5703 77.3216
18.4991 4.09913 93.567
9.57913 -0.0306395 134.022
-5.43601 12.877 100.879
-44.9632 -4.37601 -221.937
12.1544 -2.14711 161.823
8.89528 0.0604403 155.325
12.1544 -2.14711 155.325
-28.7701 -13.3274 -141.034
10.6173 -11.0069 114.32
15.5761 -4.20332 114.32
5.49248 4.96748 93.567
-2.59905 -9.67007 93.567
10.4891 -10.9949 114.32
59.0971 -10.0841 -221.937
-2.92167 17.4255 77.3216
14.4766 -11.3675 114.32
23.2229 -3.4675 105.86
-3.15431 17.0047 93.567
-72.9428 23.1555 -205.726
6.60893 -25.6002 44.6192
23.0595 -3.76317 105.86
5.62953 -27.3719 44.6192
-41.8789 1.20344 -141.034
10.4709 -30.0482 44.6192
-42.8584 -0.568324 -141.034
-32.1318 -4.18471 -141.034
24.647 -9.88312 105.86
16.0552 6.93571 44.6192
12.8536 -7.9387 114.32
-18.8622 42.8407 -196.621
12.8657 6.72516 100.879
5.23872 4.50843 105.86
-1.91053 -8.42454 105.86
13.0723 7.09904 100.879
18.4922 -21.0172 105.86
10.4891 -10.9949 148.129
8.6421 4.20659 111.561
17.4712 -3.44574 105.86
10.6074 16.7203 -106.91
2.89188 -3.06529 155.325
5.85918 0.687238 114.32
15.8299 -4.04152 120.822
11.1514 -14.879 105.86
31.9161 -5.67349 100.879
4.05748 4.54339 114.32
-17.8782 19.6793 -141.034
1.53759 13.4754 100.879
-12.4639 29.4737 -196.621
1.33084 13.1014 100.879
-64.2825 38.822 -215.144
-65.4058 36.79 -215.144
30.305 5.83177 44.6192
39.263 -45.9642 -141.034
4.4486 4.24639 114.32
-1.01241 14.885 100.879
-26.5963 3.90802 -141.034
40.2424 -44.1924 -141.034
9.4003 -20.5506 100.879
4.22141 -1.38393 155.325
6.46836 1.76061 134.022
31.0285 -7.27914 100.879
-52.2868 60.5223 -221.937
-31.6511 -5.23614 -196.621
-52.2868 60.5223 -196.621
5.51077 -10.1671 155.325
6.8371 -10.6538 155.325
32.5143 9.82839 -141.034
13.1073 -3.32343 114.32
12.8536 -7.9387 155.325
14.1941 -3.36163 114.32
13.1073 -3.32343 155.325
63.259 -2.55508 -196.621
13.1556 -4.25658 155.325
13.1823 -4.99426 155.325
63.259 -2.55508 -221.937
13.1978 -5.42223 155.325
13.2097 -5.7512 155.325
11.1319 -0.828564 114.32
13.2097 -5.7512 161.823
7.59726 0.112197 114.32
13.1556 -4.25658 161.823
10.8925 8.30404 100.879
-53.9028 57.5989 -221.937
7.66516 15.9056 77.3216
-67.8631 32.3448 -221.937
-67.8631 32.3448 -205.726
7.59726 0.112197 155.325
6.90807 0.629729 114.32
-56.2125 58.8756 -221.937
-15.314 -2.32892 93.567
5.84787 0.715795 114.32
9.57913 -0.0306395 155.325
6.60893 -25.6002 -106.91
10.3659 -0.585435 155.325
8.4926 -6.14102 197.161
9.57913 -0.0306395 114.32
7.56334 -6.12275 197.161
-72.9428 23.1555 -221.937
4.72425 3.55088 120.822
-64.2825 38.822 -205.726
-64.2825 38.822 -221.937
11.1319 -0.828564 155.325
8.80946 -0.0913921 155.325
-0.13707 13.9128 100.879
8.08946 0.137146 155.325
-66.5921 40.0988 -205.726
-66.5921 40.0988 -221.937
9.68933 -4.08311 197.161
-30.108 -0.523765 -141.034
10.5303 -11.0988 114.32
-29.9068 -0.159755 -141.034
27.8934 -14.7861 93.567
-78.6152 12.8943 -221.937
13.284 -7.34821 114.32
23.0595 -3.76317 109.361
-78.6152 12.8943 -205.726
-66.5921 40.0988 -196.621
43.6581 -14.7644 -126.346
-13.2772 29.9233 -221.937
4.72425 3.55088 114.32
2.16079 -7.83761 127
0.272563 -16.0574 100.879
-47.0529 -8.15627 -221.937
1.2963 -7.95641 127
7.73956 11.5323 77.3216
-47.0529 -8.15627 -196.621
14.0453 -0.625478 114.32
1.78505 -10.2903 111.561
1.78505 -10.2903 114.32
-16.1452 24.7351 -221.937
18.8987 4.82188 -106.91
8.79448 4.5088 109.361
-2.44211 -15.8176 -106.91
-2.44211 -15.8176 44.6192
-15.3319 24.2855 -106.91
-30.108 -0.523765 -126.346
-44.9632 -4.37601 -196.621
-13.2772 29.9233 -141.034
2.16079 -7.83761 134.022
-29.0935 -0.609376 -106.91
-13.2772 29.9233 -196.012
21.306 3.49198 -130.338
-29.9068 -0.159755 -126.346
11.925 -2.21082 161.823
0.306507 -9.47299 111.561
0.887655 -9.79425 111.561
-12.497 -8.44629 100.879
0.306507 -9.47299 114.32
32.5143 9.82839 -126.346
21.306 3.49198 -196.621
7.08846 2.24181 114.32
-10.1558 -16.3328 77.3216
21.306 3.49198 -199.884
15.2196 5.42399 100.879
15.4262 5.79783 93.567
-13.167 -14.6682 77.3216
-25.2341 8.29321 -196.621
5.58495 1.37919 114.32
-0.216619 -10.6748 111.561
-6.22366 -13.7272 77.3216
-15.3394 26.1928 -196.621
5.65086 1.21287 114.32
54.5292 -54.4032 -221.937
10.5303 -11.0988 126.685
13.446 6.89248 93.567
13.2393 6.51862 93.567
54.5292 -54.4032 -196.621
13.2393 6.51862 100.879
6.46836 1.76061 114.32
37.8208 -5.63132 93.567
-16.1452 24.7351 -141.034
6.85805 2.41677 114.32
-18.6915 20.1289 -141.034
-39.6538 5.22876 -141.034
-39.8551 4.86449 -141.034
-58.4219 54.8787 -221.937
-27.4097 4.35763 -141.034
-11.9491 -10.0875 93.567
6.54734 1.5575 114.32
16.0787 -2.93106 114.32
-12.15 -10.451 93.567
-23.0243 35.3114 -221.937
-5.16523 -14.3123 93.567
15.6011 -3.04017 114.32
-20.8149 39.3082 -221.937
15.4955 -3.0643 114.32
-61.2903 49.6898 -221.937
-61.2903 49.6898 -196.621
19.1282 5.23706 -106.91
5.62953 -27.3719 -106.91
54.3816 -47.2301 -196.621
10.5049 -11.0347 148.129
54.3816 -47.2301 -221.937
9.2407 -11.5357 148.129
7.50843 11.1142 93.567
4.9328 -9.76297 155.325
7.73956 11.5323 93.567
14.6153 -23.9861 100.879
11.1319 -0.828564 161.823
14.8494 -23.5627 100.879
8.80946 -0.0913921 161.823
-35.216 -9.76415 -141.034
2.42173 -6.1343 134.022
2.72224 -6.40417 134.022
-65.4058 36.79 -221.937
5.75425 -0.583602 155.325
-47.3195 26.7918 -205.726
5.7539 -0.583391 155.325
5.49478 -0.429533 155.325
25.4636 8.50803 -141.034
10.6074 16.7203 -141.034
2.72224 -6.40417 155.325
3.01894 -6.33843 155.325
2.53427 -5.39965 155.325
4.82307 -19.8339 77.3216
4.82307 -19.8339 93.567
2.1364 -5.53371 134.022
8.88708 -5.37123 197.161
-10.4753 6.42423 93.567
-25.8924 30.123 -141.034
6.23655 12.3631 93.567
-25.8924 30.123 -196.012
33.4843 -4.67229 93.567
13.8957 -20.3407 105.86
-11.0678 33.9201 -141.034
-18.6915 20.1289 -126.346
10.9524 -12.1638 134.022
5.62953 -27.3719 -141.034
13.4849 -5.17395 134.022
13.4827 -5.17267 134.022
-16.1036 -3.75738 93.567
25.512 1.70826 -126.346
9.96631 -22.2032 93.567
-27.4097 4.35763 -126.346
9.76567 -22.5662 93.567
8.16912 9.80952 100.879
-25.8924 30.123 -221.937
31.7553 -34.7221 -106.91
45.7191 -9.46155 -106.91
-13.413 -1.55349 100.879
-13.8197 -1.32866 100.879
2.52214 6.60182 111.561
2.94039 7.35844 111.561
44.7888 3.04318 -141.034
7.57249 -21.3537 93.567
8.14348 -4.37939 212.859
3.29232 7.1639 111.561
-23.0243 35.3114 -141.034
2.52214 6.60182 105.86
12.8168 20.717 -196.621
-23.0243 35.3114 -196.012
-26.6652 -9.51971 44.6192
7.32022 -4.53717 212.859
3.68855 6.94486 111.561
14.0814 -24.9519 93.567
14.282 -24.5891 93.567
27.6729 12.5047 -196.621
-26.6652 -9.51971 -106.91
3.5247 -31.1796 -196.621
-41.8789 1.20344 -196.012
6.04277 -4.98584 197.161
6.45898 -6.48453 197.161
-7.60006 -8.45807 100.879
7.81306 -7.25 197.161
8.27678 -7.12121 197.161
-7.60006 -8.45807 105.86
18.7344 -22.1421 100.879
21.017 -25.39 100.879
8.06726 1.49855 114.32
4.13371 5.04093 114.32
4.58483 -1.11154 155.325
4.36785 6.56935 111.561
8.63086 4.21281 111.561
15.6011 -3.04017 134.022
10.1878 -0.111711 120.822
10.3659 -0.585435 120.822
23.8308 2.09723 93.567
-6.81049 -7.0297 105.86
21.0812 -35.9134 44.6192
22.7453 -36.8333 44.6192
13.6743 -24.2532 93.567
13.6501 -4.1154 155.325
-0.595207 0.962486 111.561
22.7453 -36.8333 -106.91
-66.5921 40.0988 -215.144
-67.7154 38.0667 -215.144
-1.21894 -5.4615 114.32
27.2089 0.231009 93.567
-67.7154 38.0667 -221.937
11.0345 -10.2353 114.32
10.985 -12.246 114.32
10.7837 -10.0864 155.325
30.305 5.83177 -106.91
14.075 8.03032 44.6192
-16.2512 -20.2477 -141.034
-16.2512 -20.2477 -126.346
0.170171 -4.42036 114.32
6.56297 0.371074 134.022
8.36607 -33.8559 -126.346
-4.04931 18.0488 77.3216
-1.91064 -3.18478 114.32
-58.9806 48.4131 -196.621
-1.91064 -3.18478 111.561
-56.1123 53.6019 -221.937
1.10048 2.26271 111.561
2.6124 5.80669 100.879
1.10048 2.26271 114.32
-18.8622 42.8407 -221.937
2.08278 -2.98684 114.32
-32.1318 -4.18471 -126.346
-47.4207 48.7973 -221.937
26.8666 -5.86774 100.879
2.58768 13.8326 93.567
2.0012 -8.87935 114.32
21.7602 1.80852 100.879
42.2657 -40.5323 -141.034
9.66097 -3.98099 197.161
7.89668 23.4368 -126.346
28.9217 -2.1502 100.879
27.03 -5.57215 100.879
46.7415 6.57564 -221.937
2.97293 -7.72601 155.325
8.07264 -26.4093 77.3216
20.3471 -26.6017 93.567
10.7837 -10.0864 134.022
10.985 -12.246 134.022
11.0345 -10.2353 134.022
51.4626 -0.646053 -141.034
29.79 -2.14239 100.879
-54.4903 61.991 -221.937
-54.4903 61.991 -196.621
18.916 -3.33656 114.32
18.4429 -1.21117 111.561
1.80144 -10.1833 114.32
0.153117 0.548811 111.561
-10.9425 -10.644 93.567
25.321 0.328035 93.567
25.1144 -0.0456589 100.879
11.8949 -1.40797 161.823
12.1756 -1.76751 161.823
31.0618 -2.84546 93.567
-31.1946 20.5314 -196.012
24.0596 2.51115 93.567
2.50223 -18.5509 93.567
6  2000 323 1604 1550 324 2019  255 0 0
4  2000 586 585 1728  255 0 0
4  2005 2153 2164 2019  255 0 0
4  2005 325 326 1700  255 0 0
4  2005 2019 324 325  255 0 0
7  2000 2019 2164 2271 1727 2020 586  255 0 0
4  1991 268 269 2010  255 32 0
4  1991 1259 578 1683  255 32 0
5  2014 642 1714 1011 1012  255 32 0
4  2014 270 271 1747  255 32 0
7  2014 1012 2010 269 1547 1606 270  255 32 0
4  1991 2010 1360 1259  255 32 0
4  2005 1700 829 2153  255 0 0
7  2010 1012 1011 1708 1325 1712 1360  255 32 0
4  2000 1728 322 323  255 0 0
4  2014 1747 641 642  255 32 0
4  2001 1728 585 636  255 0 0
4  1986 1747 271 262  255 32 0
4  2001 320 322 1728  255 0 0
5  1986 262 272 364 1722  255 32 0
5  2001 1718 362 321 320  255 0 0
4  1988 1700 326 316  255 0 0
4  1988 828 829 1700  255 0 0
4  1988 970 827 828  255 0 0
4  1986 774 641 1747  255 32 0
4  1986 1722 773 774  255 32 0
4  1971 604 605 1677  255 65 0
4  1971 1671 1426 1425  255 65 0
4  1743 279 280 1187  255 65 0
4  1743 2267 2269 1685  255 65 0
4  1971 1425 603 604  255 65 0
6  1743 1187 847 1266 1578 2267  255 65 0
4  1971 1677 296 1671  255 65 0
4  64 70 1470 1474  255 97 0
4  82 26 27 2087  255 97 0
5  82 83 67 84 1279  255 32 0
4  82 2087 2091 83  255 97 0
5  67 83 2091 2350 1475  255 97 0
4  1991 1683 267 268  255 32 0
4  2355 1683 578 579  255 32 0
4  2355 579 580 1655  255 32 0
4  78 77 274 2262  255 130 0
4  78 2262 9 10  255 130 0
4  1743 1685 2279 279  255 65 0
4  75 17 16 2244  255 130 0
4  75 2244 301 76  255 130 0
4  2355 265 267 1683  255 32 0
5  2355 1655 363 266 265  255 32 0
5  1988 316 327 361 970  255 0 0
6  1739 1474 1472 1473 1475 2350  255 97 0
4  37 1779 1036 36  255 162 0
4  33 34 2152 1648  255 195 0
7  1739 2350 37 36 35 34 33  255 97 0
9  2271 512 1507 1508 1494 1523 1524 1525 1727  255 0 0
4  2271 2164 2153 2216  255 0 0
5  223 2025 1706 221 222  255 0 0
4  210 220 1353 1961  255 227 0
4  2020 1526 1527 2038  255 0 0
4  2020 1727 1525 1526  255 0 0
5  210 221 1706 1721 220  255 0 0
4  1685 1409 1446 2279  255 65 0
4  227 179 180 965  249 255 0
4  918 1112 1113 920  217 255 0
4  918 2217 993 2194  217 255 0
4  227 965 359 228  249 255 0
4  918 2194 1016 1112  217 255 0
4  2231 334 165 2229  217 255 0
4  2231 1043 1045 2159  217 255 0
4  211 209 329 2245  249 255 0
4  2231 2159 333 334  217 255 0
4  211 2245 1958 204  249 255 0
4  2001 636 637 1718  255 0 0
4  66 1143 1150 81  184 255 0
4  225 2042 964 208  151 255 0
4  66 80 1148 1143  184 255 0
4  227 228 360 968  255 0 0
4  78 10 79 2293  255 32 0
4  223 2059 176 178  255 227 0
5  223 222 2294 2057 2059  255 227 0
4  210 1961 1653 221  255 227 0
5  72 1238 70 64 71  255 32 0
4  72 915 31 30  255 97 0
4  72 71 913 915  255 97 0
5  64 1474 1739 913 71  255 97 0
5  82 1279 2201 1917 1670  255 32 0
4  206 217 511 216  255 0 0
4  216 205 2175 2285  255 227 0
4  206 2256 1480 217  255 227 0
4  216 2285 2256 206  255 227 0
4  221 1653 2294 222  255 227 0
4  1712 672 1237 2048  255 32 0
4  1714 1280 1281 1011  255 32 0
4  1714 642 641 925  255 32 0
4  1712 1325 673 672  255 32 0
8  66 1722 364 272 273 2293 79 80  255 32 0
8  1718 225 208 226 968 360 321 362  255 0 0
4  1517 217 207 1516  255 0 0
5  1517 2336 1491 1492 1493  119 255 0
4  1507 2009 2135 1508  119 255 0
4  1507 512 513 1505  255 0 0
5  1525 1283 2132 1983 1526  86 255 0
4  1721 1570 219 220  255 0 0
5  1517 1516 2151 2222 2336  119 255 0
4  1525 1524 1282 1283  86 255 0
10  1721 1706 1534 1537 1521 2241 1514 1516 1573 1570  255 0 0
4  2221 2009 2338 2210  119 255 0
4  2221 2141 2135 2009  119 255 0
5  2221 1674 2140 2319 2141  119 255 0
4  2222 2151 2140 1674  119 255 0
4  74 2278 2101 65  255 195 0
4  214 213 1959 1960  54 255 0
4  75 76 302 2291  255 32 0
4  211 204 212 2284  255 0 0
7  1655 74 65 2291 302 266 363  255 32 0
8  214 970 361 327 328 2284 212 213  255 0 0
4  225 224 2236 2042  151 255 0
4  223 178 224 2171  255 0 0
4  214 1960 2259 215  54 255 0
4  1011 1281 1179 1708  255 32 0
4  90 1084 980 109  21 255 0
7  105 2272 2273 108 89 107 106  0 255 10
4  19 25 2272 105  0 255 10
4  108 2273 1084 90  0 255 10
4  1685 2269 1447 1409  255 65 0
4  74 73 2362 2278  255 195 0
4  72 30 73 1656  255 32 0
4  1656 1337 1238 72  255 32 0
4  1677 1013 295 296  255 65 0
4  1534 1900 1869 1537  86 255 0
4  1670 81 26 82  255 32 0
5  216 511 1493 1489 1668  255 0 0
4  1668 215 205 216  255 0 0
4  1660 670 669 1324  255 32 0
5  1661 671 70 1238 1811  255 32 0
5  1658 2227 1281 1280 2197  255 32 0
4  1663 2225 85 1723  255 32 0
4  1661 1323 69 671  255 32 0
4  1658 1702 1175 2227  255 32 0
4  1663 1723 1702 1658  255 32 0
4  1661 1660 1324 1323  255 32 0
4  1656 73 580 2106  255 32 0
4  74 1655 580 73  255 32 0
4  33 1648 1642 32  255 195 0
4  1653 2209 2057 2294  255 227 0
4  2293 273 77 78  255 32 0
4  2291 65 17 75  255 32 0
4  2285 2282 2254 2256  255 227 0
4  2285 2175 2172 2282  255 227 0
4  2172 905 1792 2205  0 255 43
4  2172 2205 2254 2282  255 227 0
4  2278 2007 2183 2101  255 195 0
4  2244 91 300 301  255 130 0
4  2244 16 15 91  255 130 0
4  2284 328 209 211  255 0 0
4  213 212 1957 1959  54 255 0
5  2245 248 249 250 1958  249 255 0
4  1959 1966 909 1960  54 255 0
4  1959 1957 2352 1966  54 255 0
4  80 79 923 1148  184 255 0
4  1084 1450 1783 980  21 255 0
4  1106 1496 1448 1107  0 255 75
4  25 24 1496 1106  0 255 75
4  25 19 104 1930  0 255 108
4  1084 1107 1448 1450  0 255 75
6  2273 2272 25 1106 1107 1084  0 255 10
4  225 1718 637 224  255 0 0
4  970 214 215 827  255 0 0
5  1668 1489 1478 1437 1436  255 0 0
4  26 81 1150 27  184 255 0
4  1722 66 81 773  255 32 0
4  81 1670 1950 773  255 32 0
4  1670 1917 1918 1950  255 32 0
4  2216 513 512 2271  255 0 0
4  2216 2153 829 2219  255 0 0
6  1677 605 2311 1111 655 1013  255 65 0
4  2171 224 637 2160  255 0 0
4  2171 1956 2025 223  255 0 0
4  1143 1972 1976 1150  255 162 0
4  1150 1976 1979 27  255 162 0
4  2262 101 11 9  255 130 0
4  965 240 358 359  249 255 0
4  2262 274 275 101  255 130 0
4  32 1642 1999 31  255 195 0
4  73 30 31 2362  255 195 0
4  31 1999 2004 2362  255 195 0
4  2362 2004 2007 2278  255 195 0
4  38 1778 1779 37  255 162 0
4  2350 2091 38 37  255 97 0
4  1148 1945 1972 1143  255 162 0
4  1148 923 2333 1945  255 162 0
5  215 1668 1436 2064 827  255 0 0
5  215 2259 2172 2175 205  54 255 0
4  1960 909 910 2259  54 255 0
4  2259 910 905 2172  54 255 0
4  913 1739 33 32  255 97 0
7  2256 2254 2208 1961 1569 1572 2376  255 227 0
4  1961 2208 2209 1653  255 227 0
4  2205 1792 2260 2207  0 255 43
4  2145 2211 2268 2177  0 255 43
7  2205 2207 1883 2211 2145 2208 2254  255 227 0
4  968 226 179 227  255 0 0
4  208 964 2329 226  151 255 0
4  964 902 2330 2329  151 255 0
5  965 180 181 239 240  249 255 0
4  241 1868 166 168  0 255 141
4  168 166 1877 242  0 255 173
4  18 20 2127 100  0 255 108
4  100 2127 2224 101  0 255 108
4  18 99 1104 20  0 255 10
4  168 242 357 241  249 255 0
4  18 100 276 99  255 130 0
5  962 1299 304 252 1081  0 255 206
6  962 2050 1557 1355 1118 1354  0 255 206
5  962 1081 253 307 2050  0 255 206
4  897 124 125 1510  0 255 238
12  1232 2370 2212 1186 1189 1196 711 709 705 701 703 712  0 255 238
4  1232 137 138 1231  0 255 238
12  897 1510 1824 1827 1361 1509 896 2052 1581 159 160 2347  0 255 238
4  1232 712 136 137  0 255 238
5  1505 2345 2338 2009 1507  119 255 0
5  1505 513 2216 2219 1503  255 0 0
4  1493 511 217 1517  255 0 0
7  1493 1492 1491 1102 1103 1892 1108  0 238 255
4  2245 329 330 248  249 255 0
4  178 176 2236 224  151 255 0
4  176 177 1967 2236  151 255 0
4  2042 1968 902 964  151 255 0
4  2236 1967 1968 2042  151 255 0
6  920 1113 137 136 1847 1919  217 255 0
4  920 354 2217 918  217 255 0
4  2229 1044 1043 2231  217 255 0
4  2229 165 335 2023  217 255 0
6  2229 2023 762 125 124 1044  217 255 0
4  920 1919 353 354  217 255 0
4  2210 2338 2117 2123  119 255 0
4  1102 1491 2336 2222  119 255 0
5  2210 1102 2222 1674 2221  119 255 0
4  2143 2170 2344 2060  0 255 43
5  2219 829 828 2342 1439  255 0 0
4  248 2073 1659 249  0 206 255
4  247 1931 2073 248  0 206 255
4  251 1729 1730 230  0 206 255
4  251 250 1657 1729  0 206 255
5  2197 1280 1714 925 1916  255 32 0
5  2201 1279 84 2225 1663  255 32 0
4  2201 1663 1658 2197  255 32 0
4  92 1908 1083 88  21 255 0
4  143 144 1931 247  0 206 255
4  88 1083 1085 93  0 255 10
4  143 246 332 144  0 255 173
4  247 331 246 143  249 255 0
4  92 88 93 299  255 130 0
4  141 139 2169 232  0 255 173
7  232 2169 2174 236 235 234 233  0 255 173
4  1874 1970 171 170  0 173 255
4  139 141 231 975  0 206 255
4  139 140 1969 898  0 173 255
4  1874 898 1969 1970  0 173 255
5  139 898 1874 2174 2169  0 255 173
4  91 2018 1908 92  21 255 0
4  111 983 2327 15  21 255 0
4  91 15 2327 2018  21 255 0
4  27 1979 1778 38  255 162 0
4  925 641 774 1951  255 32 0
5  2038 1527 1530 1954 2157  255 0 0
4  2038 585 586 2020  255 0 0
4  2157 1954 633 634  255 0 0
4  2157 636 585 2038  255 0 0
4  2160 1955 1956 2171  255 0 0
5  2160 637 636 2157 634  255 0 0
4  2160 634 633 1955  255 0 0
4  1514 2241 1511 1495  255 0 0
5  1516 1514 2134 2140 2151  119 255 0
4  2141 2323 2239 2135  119 255 0
5  1508 2135 2239 507 1494  119 255 0
4  2141 2319 2320 2323  119 255 0
4  1514 1495 2084 2134  119 255 0
4  2140 2134 2084 2319  119 255 0
4  2132 1283 1282 2119  86 255 0
4  2053 2120 1869 1900  86 255 0
4  2132 2119 1285 1286  86 255 0
4  2053 1286 1285 2120  86 255 0
4  1524 1523 1861 1282  86 255 0
4  1537 1869 1870 1521  86 255 0
4  2120 1285 1284 1869  86 255 0
4  2119 1282 1284 1285  86 255 0
4  2101 16 17 65  255 195 0
4  2091 2087 27 38  255 97 0
4  101 2224 1962 11  0 255 108
4  102 1963 2318 103  0 255 108
4  102 11 1962 1963  0 255 108
4  102 1945 2333 11  255 162 0
4  110 978 983 111  21 255 0
5  2007 110 111 15 2183  255 195 0
6  2088 2304 723 820 341 342  217 255 0
5  2088 343 344 643 2079  217 255 0
6  1634 676 677 2304 2088 2079  217 255 0
5  1634 2079 643 644 2341  217 255 0
4  2075 2125 546 549  0 141 255
4  2074 1394 794 798  0 141 255
4  934 611 610 932  0 255 206
4  934 937 1393 1392  0 255 206
6  2074 1989 804 806 1413 1394  0 141 255
13  2075 696 931 805 932 610 609 607 506 1987 2192 2196 2125  0 255 206
4  934 789 790 937  0 141 255
4  2074 798 796 1989  0 141 255
4  2075 549 688 696  0 141 255
4  934 932 793 789  0 141 255
4  2047 1417 452 583  0 141 255
5  2368 2348 1691 1304 1303  0 255 206
7  2368 2163 2182 1382 1876 1381 2348  0 255 206
5  2368 1303 1302 1300 2163  0 255 206
4  2143 2060 2057 2209  255 227 0
5  1557 2366 1859 1349 1355  0 255 206
4  1557 2050 307 306  0 255 206
3  2088 342 343  217 255 0
5  1557 306 287 1575 2366  0 255 206
7  2185 2303 885 878 2122 1342 2213  0 255 206
8  2185 2206 819 818 341 340 1374 1546  0 255 206
4  2185 2213 2203 2206  0 255 206
4  10 9 923 79  184 255 0
4  915 913 32 31  255 97 0
13  1196 893 890 896 1509 1860 1735 1820 2253 2124 2265 1775 711  0 255 238
4  1196 1189 1190 1194  0 255 238
4  240 1867 1868 241  0 255 141
4  182 1997 1922 181  0 255 141
4  240 239 1866 1867  0 255 141
4  248 330 331 247  249 255 0
4  91 92 299 300  255 130 0
4  2329 180 179 226  151 255 0
4  67 1475 1469 84  255 97 0
4  2342 828 827 2064  255 0 0
4  2342 1501 1440 1439  255 0 0
4  2064 1497 1501 2342  255 0 0
5  2219 1439 1440 1477 1503  255 0 0
4  2064 1436 1437 1497  255 0 0
4  2060 2344 177 176  0 255 43
4  2060 176 2059 2057  255 227 0
11  2047 1033 2043 307 253 1079 1091 2325 1833 2144 1417  0 255 206
6  2047 583 515 930 928 1033  0 141 255
6  2044 1056 1701 1561 287 306  0 255 206
9  2044 306 307 2043 1953 2063 2148 782 1053  0 255 206
6  2043 1033 1754 2324 1034 1953  0 255 206
5  2044 1053 729 728 1056  0 255 206
4  1526 1983 1982 1527  86 255 0
4  1534 1706 2025 1533  255 0 0
5  1534 1533 1985 2053 1900  86 255 0
4  2048 1259 1360 1712  255 32 0
4  2048 1237 1336 1936  255 32 0
4  241 357 358 240  249 255 0
4  100 101 275 276  255 130 0
4  1527 1982 2147 1530  86 255 0
4  1533 2025 1956 1532  255 0 0
4  181 1922 1866 239  0 255 141
4  2015 192 172 1830  0 108 255
4  2190 184 192 2015  0 108 255
4  1997 1125 1126 1922  0 255 141
4  1997 182 183 2292  0 255 141
4  1922 1126 1862 1866  0 255 141
4  1533 1532 1981 1985  86 255 0
13  2311 2322 1643 1649 1665 1672 1267 1110 2375 1203 1184 2371 1111  255 65 0
4  2311 605 604 2377  255 65 0
4  1578 2315 1451 1449  255 65 0
12  1578 1266 1188 1130 1135 1265 1319 1316 1313 1752 2290 2315  255 65 0
5  1680 1267 1672 1415 1414  255 65 0
8  1680 2204 1932 1465 1878 1974 2146 2257  255 65 0
5  1465 1319 1265 2358 1878  255 65 0
4  1465 1932 1461 1458  255 65 0
5  1680 2257 1268 1110 1267  255 65 0
4  2007 2004 1999 110  255 195 0
5  2053 1985 1983 2132 1286  86 255 0
4  103 2318 1930 104  0 255 108
4  103 1979 1976 1972  255 162 0
4  230 1730 975 231  0 206 255
5  910 909 230 906 905  54 255 0
4  182 181 2330 902  151 255 0
4  897 2347 161 154  0 255 238
4  896 890 155 156  0 255 238
4  893 1196 1194 1733  0 255 238
4  893 1733 155 890  0 255 238
4  1733 191 150 155  0 75 255
4  150 191 1970 1969  0 173 255
5  177 1938 183 1968 1967  151 255 0
4  1966 2352 250 251  54 255 0
4  1965 59 58 1964  0 43 255
4  1964 58 57 2357  0 43 255
4  1962 2058 2313 1963  0 255 108
4  1963 2313 2314 2318  0 255 108
4  1958 1957 212 204  54 255 0
5  1532 1956 1955 633 1531  255 0 0
4  1954 1530 1531 633  255 0 0
5  1952 747 2103 2063 1953  0 141 255
7  1952 1933 1975 1217 504 503 747  0 141 255
5  1953 1034 1219 1933 1952  0 141 255
4  1951 774 773 1950  255 32 0
4  1951 1915 1916 925  255 32 0
4  1950 1918 1915 1951  255 32 0
4  1949 42 41 1948  0 43 255
4  1948 41 62 1690  0 43 255
9  1948 1690 1678 1669 1664 1419 1421 1684 1949  0 43 255
6  1925 1909 1599 1298 1354 1118  0 10 255
5  1925 1906 810 483 1787  0 10 255
4  1925 1787 1786 1909  0 10 255
6  2253 1820 974 979 1140 1146  0 255 238
7  2253 1146 1328 1274 1841 865 2124  0 255 238
4  2241 1521 1520 1511  255 0 0
4  1494 1511 1520 1523  255 0 0
4  2239 2085 508 507  119 255 0
4  1494 507 508 1511  119 255 0
4  1917 2201 2197 1916  255 32 0
4  2194 167 175 1016  217 255 0
4  2190 2186 193 184  0 108 255
4  2190 1402 1276 2186  0 108 255
4  2127 2054 2056 2224  0 255 108
4  2224 2056 2058 1962  0 255 108
4  1503 442 2345 1505  119 255 0
4  1489 444 443 1478  119 255 0
4  2123 2117 415 416  119 255 0
7  1101 1490 444 1489 1109 1893 1105  0 238 255
4  1101 1102 2210 2123  119 255 0
5  104 1776 1778 1979 103  255 162 0
4  1409 21 56 1446  0 43 255
4  2194 993 194 167  217 255 0
8  1402 2190 2015 1830 1195 1191 1183 1762  0 108 255
4  2186 1276 174 193  0 108 255
4  284 260 1298 1599  0 10 255
4  1804 2180 2162 1633  21 0 255
4  1805 1018 112 133  54 0 255
4  284 1305 1301 260  21 0 255
4  1804 2193 2179 2180  21 0 255
4  166 167 194 1877  0 173 255
4  20 21 2054 2127  0 255 108
4  20 1104 56 21  0 255 75
4  1936 578 1259 2048  255 32 0
5  1936 1336 1757 1753 2109  255 32 0
4  2159 145 186 333  217 255 0
5  1425 44 39 1423 603  0 43 255
4  1425 1426 45 44  0 43 255
4  144 145 1910 1931  0 206 255
4  1083 44 45 1085  0 255 75
4  144 332 186 145  0 173 255
4  167 166 1868 1864  0 255 141
5  21 1409 1447 1577 22  0 43 255
5  1810 1237 672 670 1660  255 32 0
4  1811 1238 1337 1756  255 32 0
4  1661 1811 1810 1660  255 32 0
4  2146 1974 1329 1332  255 65 0
7  2146 1332 1334 1335 1192 1268 2257  255 65 0
4  2145 2177 2170 2143  0 255 43
4  169 170 1891 238  0 255 141
4  238 1891 2292 183  0 255 141
4  237 1644 170 169  0 255 173
4  237 169 238 1935  249 255 0
4  1497 1929 1928 1501  86 0 255
5  1501 1928 441 1477 1440  86 0 255
5  1497 1437 1478 443 1929  86 0 255
4  1503 1477 441 442  119 255 0
4  1101 417 418 1490  119 255 0
4  1101 2123 416 417  119 255 0
5  2117 442 441 2096 415  119 255 0
5  1490 418 2098 443 444  119 255 0
4  2098 418 417 2365  119 255 0
4  2098 2096 441 443  119 255 0
4  250 249 1659 1657  0 206 255
4  2022 190 189 2034  119 0 255
4  2034 189 188 2118  119 0 255
4  1729 1724 1715 1730  0 206 255
4  1657 1651 1724 1729  0 206 255
4  1467 23 59 1965  0 43 255
10  1467 1965 1964 1466 1454 1456 1311 1315 1317 1464  0 43 255
6  2103 747 503 748 1220 1898  0 141 255
5  2100 1765 485 486 1304  0 141 255
7  2100 2099 2230 488 414 487 1765  0 141 255
7  1789 1763 749 502 1396 488 2230  0 141 255
8  2093 804 797 802 788 792 805 931  0 141 255
5  2093 2305 1411 806 804  0 141 255
7  1692 2136 2013 2033 1993 2112 1686  0 141 255
4  1692 2373 2233 2136  0 141 255
5  1692 1844 1689 2374 2373  0 141 255
4  277 1611 1613 55  151 0 255
4  55 1613 1615 278  151 0 255
4  55 56 1104 277  0 255 75
4  145 2159 1045 146  217 255 0
4  44 1083 1908 1875  21 255 0
4  298 2165 876 94  151 0 255
4  46 1726 2165 298  151 0 255
4  1085 45 46 298  0 255 75
10  279 1616 1617 1498 1625 888 2006 892 1248 280  151 0 255
4  296 1621 1586 297  151 0 255
13  296 295 2035 1980 665 2189 2199 1994 2003 1565 1293 1288 1621  151 0 255
4  1541 1408 862 867  151 0 255
4  1563 1559 1408 1541  151 0 255
4  1711 1566 2328 1766  184 0 255
4  1766 2328 1291 1667  184 0 255
4  1711 1766 1563 1541  184 0 255
4  2327 2086 2012 2018  21 255 0
4  983 1801 2086 2327  21 255 0
4  1949 1871 43 42  0 43 255
4  1792 232 233 2260  0 255 43
4  236 2177 2268 235  0 255 43
4  2344 1935 1938 177  0 255 43
4  1935 238 183 1938  249 255 0
12  1934 1127 431 367 429 941 939 791 785 799 795 1413  0 141 255
6  1934 1413 806 1123 433 1124  0 141 255
4  1933 1219 1218 1975  0 141 255
3  1934 1124 1127  0 141 255
4  250 2352 1957 1958  54 255 0
4  1304 486 807 809  0 255 206
7  2348 1381 1675 1676 1682 1687 1691  0 255 206
4  2099 2100 1304 1691  0 141 255
4  9 11 2333 923  255 162 0
4  109 980 978 110  21 255 0
5  110 1999 1642 1645 109  255 195 0
3  2063 1710 2148  0 255 206
4  2103 1898 1710 2063  0 141 255
5  58 2058 2056 2054 57  0 255 108
4  1694 731 1693 1255  0 10 255
4  109 1645 108 90  255 195 0
4  1689 1688 2041 1880  0 141 255
4  1689 1880 2178 2374  0 141 255
5  2040 883 2126 2128 2137  0 141 255
5  2040 2137 2139 1840 1169  0 141 255
4  2026 149 190 2022  119 0 255
9  2034 2031 1029 1579 1582 2049 2334 2026 2022  119 0 255
4  2031 2034 2118 1159  119 0 255
4  1159 2118 188 148  119 0 255
4  2330 181 180 2329  151 255 0
4  2018 2012 1875 1908  21 255 0
5  2086 42 43 1875 2012  21 255 0
4  1949 1684 1423 1871  0 43 255
8  1369 1384 1383 743 740 2346 2354 1901  217 0 255
5  1368 1358 1270 1384 1369  217 0 255
4  2317 2276 131 132  54 0 255
4  2317 1018 1020 1943  54 0 255
5  2317 1943 969 2283 2276  54 0 255
4  2317 132 112 1018  54 0 255
4  1625 1498 1502 1637  249 0 255
4  1625 354 353 888  151 0 255
4  1565 1262 1263 1564  151 0 255
6  1565 2003 1243 335 165 1262  151 0 255
4  1675 1378 957 736  0 141 255
5  1675 1381 1876 1673 1378  0 255 206
4  2099 1691 1687 2230  0 141 255
4  1789 2230 1687 1682  0 141 255
4  1675 736 737 1676  0 141 255
4  1803 1732 312 311  255 0 227
4  264 283 1732 1803  255 0 227
6  1803 1804 1633 1305 284 264  21 0 255
4  1985 1981 1982 1983  86 255 0
7  1974 1878 2358 1228 1229 1230 1329  255 65 0
5  291 290 2367 2071 1553  21 0 255
4  1839 2307 339 338  21 0 255
4  1834 917 1271 2166  21 0 255
4  1834 1697 293 258  255 0 227
4  258 261 917 1834  255 0 227
4  1839 1553 2071 2307  21 0 255
4  258 292 257 261  0 10 255
5  291 1553 1839 2166 292  21 0 255
4  1931 1910 1911 2073  0 206 255
6  1910 145 146 147 148 188  0 206 255
4  1930 1914 24 25  0 255 108
5  1628 466 289 290 1549  0 10 255
5  1837 1923 2277 1522 1835  54 0 255
3  291 1549 290  0 10 255
5  1837 128 129 2281 1923  54 0 255
4  443 441 1928 1929  86 0 255
4  1864 1868 1867 1863  0 255 141
5  167 1864 193 174 175  0 255 141
4  1726 46 297 1586  151 0 255
4  1704 2062 1562 2223  255 0 195
4  2223 1562 874 877  255 0 195
4  2165 1726 1704 2223  255 0 195
4  909 1966 251 230  54 255 0
4  183 182 902 1968  151 255 0
4  2145 2143 2209 2208  255 227 0
4  2204 1680 1414 1410  255 65 0
4  1932 2204 1410 1461  255 65 0
4  1461 60 23 1467  0 43 255
4  1410 61 60 1461  0 43 255
4  1448 1496 60 61  0 255 75
4  2183 15 16 2101  255 195 0
4  2167 1327 851 849  249 0 255
4  1629 195 355 1627  151 0 255
4  2168 1614 1327 2167  249 0 255
4  1631 356 195 1629  151 0 255
4  1629 2168 2167 1631  249 0 255
4  1624 1815 1632 1944  255 0 162
4  1611 277 98 860  151 0 255
4  1944 1632 1630 2249  255 0 162
4  1944 1613 1611 1624  255 0 162
4  102 103 1972 1945  255 162 0
4  1940 2112 1993 2309  0 141 255
5  1940 2303 2185 1546 1548  0 255 206
6  1940 2130 884 880 885 2303  0 255 206
6  2040 1169 1173 881 884 883  0 141 255
4  1940 2309 2002 2130  0 141 255
4  1532 1531 2150 1981  86 255 0
4  1981 2150 2147 1982  86 255 0
4  2147 2150 1531 1530  86 255 0
7  1943 1020 1807 2312 914 1843 1846  54 0 255
4  1943 1846 967 969  54 0 255
7  973 1695 907 572 1984 2138 2083  255 0 130
4  1807 649 938 2312  54 0 255
4  1807 1020 1018 1805  54 0 255
4  19 105 1776 104  255 162 0
4  1466 1964 2357 1577  0 43 255
5  2124 865 859 866 2265  0 255 238
4  1690 62 61 1410  0 43 255
4  2109 1753 1755 2106  255 32 0
4  2109 579 578 1936  255 32 0
5  2106 1755 1756 1337 1656  255 32 0
4  2106 580 579 2109  255 32 0
5  1495 1511 508 2085 2084  119 255 0
5  906 230 231 141 232  249 255 0
4  1651 1657 1659 1654  0 206 255
4  1651 189 190 1724  0 206 255
4  1801 983 978 1802  21 255 0
4  1801 41 42 2086  21 255 0
3  2069 1151 1152  0 10 255
4  1358 976 1151 2069  0 10 255
4  1358 1368 1832 1254  217 0 255
4  1903 1384 1270 1269  0 10 255
5  2069 1152 1269 1270 1358  0 10 255
4  2073 1911 1654 1659  0 206 255
4  59 2313 2058 58  0 255 108
4  1125 1997 2292 2286  0 255 141
4  184 1126 1125 192  0 255 141
4  1120 2116 2068 2065  255 0 227
5  1120 1696 318 336 1244  255 0 227
10  294 259 1696 1120 2065 2202 2188 663 1998 2027  255 0 227
4  294 1014 1015 2349  217 0 255
7  1118 1355 1349 466 1628 1906 1925  0 10 255
4  1354 1298 1299 962  0 255 206
3  1923 2281 2277  54 0 255
4  1866 1862 1863 1867  0 255 141
4  193 1862 1126 184  0 255 141
4  1918 1917 1916 1915  255 32 0
4  1914 1930 2318 2314  0 255 108
4  24 1914 59 23  0 255 108
4  1911 1910 188 1654  0 206 255
4  1694 1786 730 731  0 10 255
5  1903 1269 1152 1153 1788  0 10 255
4  1905 1307 1028 2051  0 10 255
4  1905 2051 2055 484  0 10 255
6  1903 1788 1996 741 744 2061  0 10 255
5  1902 1156 1138 2349 657  217 0 255
8  1902 2372 1737 2353 1365 1306 1026 1156  217 0 255
5  1901 2354 1308 894 2095  217 0 255
7  1899 1785 1686 2112 1940 1548 2161  0 255 206
4  1899 1264 2104 1782  0 255 206
4  1710 783 782 2148  0 255 206
6  1899 1782 1703 1784 1513 1785  0 255 206
5  1710 1221 1212 1720 783  0 255 206
4  1898 1220 1221 1710  0 141 255
4  1536 2316 595 543  0 141 255
4  155 150 149 2026  119 0 255
4  1309 1745 1741 1734  0 141 255
5  940 2296 491 2298 943  0 141 255
5  1585 1738 569 1742 812  0 141 255
4  1377 2295 2296 940  0 141 255
6  1310 1748 1594 1662 1745 1309  0 141 255
5  943 2298 489 2299 1879  0 141 255
5  812 1742 2142 2351 811  0 141 255
4  811 2351 1748 1310  0 141 255
4  1377 1734 1741 2295  0 141 255
5  1585 1879 2299 1592 1738  0 141 255
4  1891 1889 2286 2292  0 255 141
4  170 171 1889 1891  0 255 141
4  172 192 1889 171  0 255 141
4  1883 2207 2080 1881  0 255 43
4  1881 2090 2211 1883  0 255 43
4  1881 2080 233 234  249 255 0
4  234 235 2090 1881  249 255 0
6  1688 1512 2105 1515 1453 2041  0 141 255
4  1880 2041 2039 2178  0 141 255
4  1222 1266 847 846  255 65 0
7  1322 1256 1389 1252 1258 1359 2234  217 0 255
4  1222 1197 1188 1266  255 65 0
4  1322 2234 1197 1222  217 0 255
4  44 1875 43 39  21 255 0
4  1871 1423 39 43  0 43 255
4  108 1648 2152 89  255 195 0
4  1779 105 106 1036  255 162 0
4  1864 1863 1862 193  0 255 141
4  1860 1509 1361 1363  0 255 238
4  1821 1510 125 117  0 255 238
6  1860 1363 1046 1647 1781 1735  0 255 238
4  1821 1790 1824 1510  0 255 238
4  973 2083 1790 1821  255 0 130
4  1835 1522 1707 903  54 0 255
4  1835 903 901 1973  54 0 255
7  1800 1845 1428 1430 2274 1272 1331  255 0 130
4  1800 1147 1142 1141  255 0 130
8  1856 1852 1518 966 1845 1800 1141 1920  255 0 130
4  1856 1149 2029 2037  255 0 130
4  1856 1920 1921 1149  255 0 130
7  1852 1856 2037 1650 1296 1984 1977  255 0 130
4  1852 1713 972 1518  255 0 130
4  1845 966 967 1846  54 0 255
4  1155 1145 34 35  184 255 0
4  1155 1035 106 107  255 0 97
4  35 36 1035 1155  184 255 0
4  107 89 1145 1155  255 0 97
4  1430 864 2275 2274  255 0 130
8  1430 1428 1424 1320 1427 963 1038 855  255 0 130
4  1428 921 919 1424  255 0 130
4  1843 914 921 1428  54 0 255
4  1846 1843 1428 1845  54 0 255
5  1835 1973 1698 127 120  54 0 255
4  1834 319 337 1697  255 0 227
5  1839 338 319 1834 2166  21 0 255
4  1837 1835 120 128  54 0 255
7  1831 1302 1303 1304 809 781 778  0 255 206
4  1833 2325 721 722  0 141 255
4  1833 722 451 2144  0 141 255
10  1831 1416 1096 1094 1087 1078 1082 1098 1300 1302  0 255 206
4  1831 584 453 1416  0 141 255
4  191 1733 1830 172  0 108 255
4  980 1783 1802 978  21 255 0
4  975 1719 140 139  0 206 255
4  1719 975 1730 1715  0 206 255
4  190 149 140 1719  0 206 255
4  281 263 1390 2092  217 0 255
4  281 1251 280 4  217 0 255
7  1602 1640 263 281 1247 1245 1939  255 0 227
4  1602 1250 888 904  255 0 227
4  1602 1939 2156 1250  255 0 227
5  1820 1735 1781 1829 974  0 255 238
4  1815 1624 858 854  255 0 162
4  1623 1326 1612 1622  151 0 255
4  1622 1612 1499 1620  151 0 255
4  1622 1632 1815 1623  255 0 162
4  236 2174 1644 237  0 255 173
4  1326 1623 856 852  151 0 255
4  1614 2168 1636 1500  249 0 255
4  1614 1612 1326 1327  249 0 255
4  1757 1336 1237 1810  255 32 0
4  1811 1756 1757 1810  255 32 0
4  1807 113 114 649  54 0 255
4  1807 1805 133 113  54 0 255
6  1804 1803 311 350 1341 2193  21 0 255
4  1802 1783 41 1801  21 255 0
4  1798 1146 1147 1800  255 0 130
4  1798 1330 1328 1146  0 255 238
4  1798 1800 1331 1330  255 0 130
4  887 2003 2116 1120  255 0 227
4  2 295 1014 294  217 0 255
4  2 912 2035 295  151 0 255
4  2 294 2027 912  255 0 227
4  905 906 232 1792  0 255 43
5  1682 1676 1679 1681 751  0 255 206
9  1789 1682 751 498 494 500 496 750 1763  0 141 255
6  1788 1153 1154 730 1786 1787  0 10 255
4  1783 1450 62 41  21 255 0
4  1780 186 332 1407  0 173 255
4  1559 1563 1564 1263  151 0 255
4  1407 332 246 863  0 173 255
4  1408 1559 1780 1407  0 173 255
4  973 126 119 1695  255 0 130
4  105 1779 1778 1776  255 162 0
4  1603 1434 115 135  255 0 130
6  1775 2265 866 1037 959 710  0 255 238
4  1605 712 703 702  0 255 238
7  1603 704 699 2181 1427 2297 1434  255 0 130
4  1775 710 709 711  0 255 238
4  1603 1605 702 704  255 0 130
4  278 1615 1616 279  151 0 255
4  278 1446 56 55  0 43 255
4  45 1426 297 46  0 43 255
4  1667 1291 1292 1666  184 0 255
4  1766 1667 1564 1563  184 0 255
3  1765 487 485  0 141 255
3  1763 750 749  0 141 255
4  259 294 2349 1138  217 0 255
4  1697 1696 259 293  255 0 227
6  1749 1457 1725 1720 1212 1210  0 141 255
4  1749 1210 1209 1346  0 141 255
6  1749 1346 2111 2110 1198 1457  0 141 255
4  1757 1756 1755 1753  255 32 0
4  1639 1732 283 282  255 0 227
4  1640 1602 352 313  255 0 227
4  282 263 1640 1639  255 0 227
4  2354 1117 1119 1308  217 0 255
4  2354 2346 739 1117  217 0 255
4  1903 2061 1383 1384  0 10 255
4  2370 1232 1231 1401  0 255 238
4  2370 1401 1731 2212  0 255 238
4  2364 416 415 2096  119 255 0
4  2365 417 416 2364  119 255 0
4  2098 2365 2364 2096  119 255 0
4  2054 21 22 57  0 255 108
4  22 1577 2357 57  0 43 255
5  1742 569 570 1591 2142  0 141 255
7  1738 1592 2252 380 389 570 569  0 141 255
7  2299 490 2129 383 386 2252 1592  0 141 255
6  1741 1745 1662 1590 1506 492  0 141 255
5  1748 2351 2142 1591 1594  0 141 255
4  887 1242 1243 2003  151 0 255
4  1120 1244 1242 887  255 0 227
4  973 1821 117 126  255 0 130
4  2170 237 1935 2344  0 255 43
4  1627 355 354 1625  151 0 255
4  1627 1636 2168 1629  249 0 255
4  2249 1630 2378 2250  255 0 162
4  2249 1615 1613 1944  255 0 162
6  1788 1787 483 2149 1992 1996  0 10 255
4  94 876 877 93  255 0 65
9  93 877 874 870 868 863 246 331 299  255 0 65
4  93 1085 298 94  0 255 10
4  1724 190 1719 1715  0 206 255
3  1702 1174 1175  255 32 0
4  1723 86 1174 1702  255 32 0
4  1708 1179 673 1325  255 32 0
3  1723 85 86  255 32 0
5  282 283 264 1598 1476  0 10 255
4  1618 1290 2062 1704  255 0 195
4  1726 1586 1618 1704  255 0 195
4  867 862 863 868  255 0 65
4  868 870 1566 1711  184 0 255
4  868 1711 1541 867  184 0 255
4  1568 1571 1287 1294  151 0 255
4  1567 1544 1571 1568  151 0 255
4  1567 1568 2328 1566  184 0 255
4  1544 1567 869 872  151 0 255
4  1562 2062 1571 1544  255 0 195
4  2322 2311 1406 1422  255 65 0
4  2322 1422 1405 1643  255 65 0
4  1401 1402 1762 1731  0 108 255
4  1830 1733 1194 1195  0 108 255
4  1914 2314 2313 59  0 255 108
3  2305 1777 1411  0 141 255
4  2315 2290 1177 1451  255 65 0
4  1698 1973 901 908  54 0 255
4  1698 1695 119 127  54 0 255
4  1697 337 318 1696  255 0 227
6  1694 1255 1253 1257 1476 1598  0 10 255
4  1686 1785 1513 1842  0 255 206
4  1692 1686 1842 1844  0 141 255
6  1689 1844 1842 1513 1512 1688  0 141 255
4  99 858 860 98  255 0 32
4  277 1104 99 98  0 255 10
4  1426 1671 296 297  255 65 0
4  1666 1292 1293 1565  184 0 255
4  1667 1666 1565 1564  184 0 255
5  1662 1594 1591 1588 1590  0 141 255
4  492 1484 399 400  0 141 255
4  492 1506 1485 1484  0 141 255
4  1654 188 189 1651  0 206 255
4  1645 1642 1648 108  255 195 0
3  1363 1049 1046  0 255 238
5  1650 1047 1048 1295 1296  255 0 130
4  1650 1647 1046 1047  255 0 130
4  1874 170 1644 2174  0 255 173
7  931 696 694 695 693 697 929  0 255 206
5  2093 931 929 1777 2305  0 141 255
3  2304 677 723  217 255 0
4  1905 484 481 1626  0 10 255
4  1626 481 482 573  0 10 255
5  1626 1139 1157 1307 1905  0 10 255
4  810 1906 1628 573  0 10 255
4  4 280 1248 895  151 0 255
4  904 888 353 314  151 0 255
4  281 4 895 1247  255 0 227
3  2299 489 490  0 141 255
8  2298 491 492 400 2131 403 490 489  0 141 255
5  2296 2295 1741 492 491  0 141 255
4  192 1125 2286 1889  0 255 141
4  279 2279 1446 278  255 65 0
4  876 2165 2223 877  255 0 195
5  1432 1321 649 114 134  54 0 255
4  1639 351 312 1732  255 0 227
4  1432 134 115 1434  54 0 255
4  1640 313 351 1639  255 0 227
8  849 851 854 858 99 276 357 242  255 0 32
4  849 242 243 850  255 0 32
4  850 243 356 1631  151 0 255
4  1631 2167 849 850  249 0 255
4  235 2268 2211 2090  0 255 43
4  2256 2376 1481 1480  255 227 0
4  1961 1353 1352 1569  255 227 0
4  2376 1572 1907 1481  255 227 0
4  1516 207 218 1573  255 0 0
9  2374 2178 1912 1310 1172 1828 2235 2233 2373  0 141 255
4  1399 133 112 1019  217 255 0
5  1399 1774 350 311 1400  217 255 0
6  2369 132 131 675 1635 2339  217 255 0
3  1558 678 675  217 255 0
4  1558 130 129 2288  217 255 0
6  1399 1019 469 309 310 1774  217 255 0
6  2369 2337 1338 1019 112 132  217 255 0
4  1558 675 131 130  217 255 0
4  1634 2341 2339 1635  217 255 0
5  2369 2339 2341 2335 2337  217 255 0
3  2358 1136 1228  255 65 0
4  1368 1329 1230 1832  217 0 255
4  1607 1609 812 813  0 141 255
4  2349 1015 658 657  217 0 255
4  2260 233 2080 2207  0 255 43
5  1598 1599 1909 1786 1694  0 10 255
4  1206 1111 2371 1204  255 65 0
4  1902 1206 1204 2372  217 0 255
4  1268 1200 2375 1110  255 65 0
3  1268 1192 1200  255 65 0
4  1901 2095 1335 1334  217 0 255
4  1369 1901 1334 1332  217 0 255
4  1637 1502 1500 1636  249 0 255
4  1625 1637 1636 1627  249 0 255
4  258 293 1139 1626  0 10 255
4  1451 1466 1577 1449  0 43 255
4  1577 1447 1180 1449  0 43 255
4  1635 675 676 1634  217 255 0
4  1633 2162 1301 1305  21 0 255
4  1620 1499 1498 1617  151 0 255
4  1620 1630 1632 1622  255 0 162
5  1628 1549 291 292 573  0 10 255
4  258 1626 573 292  0 10 255
4  1624 1611 860 858  255 0 162
4  1621 1288 1289 1619  255 0 195
4  1619 1289 1290 1618  255 0 195
4  1586 1621 1619 1618  255 0 195
4  1500 1499 1612 1614  249 0 255
4  1217 1207 1211 504  0 141 255
3  1217 1975 1218  0 141 255
4  1220 1210 1212 1221  0 141 255
4  1220 748 1209 1210  0 141 255
8  1610 1609 1607 2113 1348 1347 1345 1344  0 141 255
4  1605 116 136 712  0 255 238
4  1605 1603 135 116  255 0 130
4  1602 904 314 352  255 0 227
4  284 1599 1598 264  0 10 255
4  1591 570 1504 1588  0 141 255
4  1590 2287 1485 1506  0 141 255
4  1590 1588 2280 2287  0 141 255
4  570 389 388 1487  0 141 255
4  570 1487 1486 1504  0 141 255
4  1588 1504 1486 2280  0 141 255
5  490 403 401 639 2129  0 141 255
4  2252 1488 378 380  0 141 255
4  2252 386 385 1488  0 141 255
4  2250 2378 1617 1616  255 0 162
4  2250 1616 1615 2249  255 0 162
8  1587 1539 1420 1395 1398 1357 942 943  0 141 255
6  2248 1127 1124 432 439 436  0 141 255
8  1356 1357 1398 1463 1462 1583 1239 1376  0 141 255
4  1684 1422 1406 1423  0 43 255
4  1493 1108 1109 1489  0 238 255
4  194 195 356 1877  0 173 255
4  2137 1826 1825 2139  0 141 255
4  2235 1828 1826 2137  0 141 255
5  2235 2137 2128 2136 2233  0 141 255
4  1538 413 414 488  0 141 255
4  1538 488 1420 1539  0 141 255
4  2178 813 811 1912  0 141 255
4  2122 878 624 625  0 141 255
4  2122 625 1884 1342  0 141 255
4  2213 1342 1884 1882  0 141 255
4  2125 2196 1004 546  0 141 255
4  2206 2203 1941 819  0 255 206
4  2203 992 991 1941  0 141 255
4  819 1941 991 816  0 141 255
6  2196 2192 990 985 1002 1004  0 141 255
4  2192 1987 989 990  0 141 255
4  854 851 852 856  255 0 32
4  1623 1815 854 856  255 0 162
7  1224 1445 825 826 2107 1455 1223  0 141 255
7  1224 2316 1536 1535 1444 1403 1445  0 141 255
7  1607 813 2178 2039 1452 2115 2113  0 141 255
4  292 2166 1271 257  21 0 255
4  1223 1455 1453 1515  0 141 255
4  1610 1587 1585 1609  0 141 255
11  2161 1545 303 305 1574 1560 2214 2218 2220 1264 1899  0 255 206
5  2161 1548 1546 1374 1545  0 255 206
6  1859 2366 1575 255 305 1858  0 255 206
4  89 2152 34 1145  255 195 0
4  1002 985 986 1003  0 141 255
4  1003 986 1927 2094  0 141 255
4  2144 451 452 1417  0 141 255
4  1206 656 655 1111  255 65 0
4  1206 1902 657 656  217 0 255
4  1984 1296 1295 2138  255 0 130
4  1984 572 571 1977  255 0 130
5  2138 1295 2089 2081 2083  255 0 130
4  2131 400 399 1483  0 141 255
5  2131 390 393 401 403  0 141 255
4  2129 1482 382 383  0 141 255
4  2131 1483 391 390  0 141 255
4  2129 639 638 1482  0 141 255
4  2116 2003 1994 2068  255 0 227
4  149 150 1969 140  0 173 255
4  191 172 171 1970  0 173 255
4  1260 333 186 1780  0 173 255
4  1559 1263 1260 1780  0 173 255
4  1617 2378 1630 1620  255 0 162
4  2377 604 603 1423  255 65 0
4  2377 1423 1406 2311  255 65 0
4  1647 1796 1829 1781  0 255 238
4  1650 2037 1796 1647  255 0 130
3  1858 305 303  0 255 206
4  1264 2220 999 998  0 141 255
6  1056 1057 1116 1010 2076 1701  0 141 255
6  2220 2218 602 536 2308 999  0 141 255
4  2214 1560 1816 601  0 141 255
4  2214 601 602 2218  0 141 255
4  1701 2076 1819 1561  0 141 255
4  1115 538 1010 1116  0 141 255
4  1319 1465 1458 1318  255 65 0
4  2358 1265 1135 1136  255 65 0
4  2356 1814 495 530  0 141 255
4  2356 614 1813 1814  0 141 255
4  1679 650 497 1681  0 141 255
4  2356 530 529 614  0 141 255
4  614 1459 1812 1813  0 141 255
4  432 1240 1239 1583  0 141 255
3  432 1124 433  0 141 255
3  1584 1814 1813  0 141 255
5  1584 750 496 495 1814  0 141 255
4  614 613 1460 1459  0 141 255
6  1584 1813 1812 501 749 750  0 141 255
6  1583 1462 1460 2247 439 432  0 141 255
5  2353 1737 1744 2363 891  217 0 255
5  2353 891 894 1308 1365  217 0 255
5  2092 1390 1256 1322 845  217 0 255
4  2092 1716 1251 281  217 0 255
4  2092 845 848 1716  217 0 255
4  2347 160 151 161  0 255 238
4  2031 161 151 1029  119 0 255
4  155 2026 2334 156  119 0 255
4  161 2031 1159 154  119 0 255
4  156 157 2052 896  0 255 238
4  2334 2049 157 156  119 0 255
4  1294 1287 1288 1293  151 0 255
4  1568 1294 1291 2328  184 0 255
4  2062 1290 1287 1571  255 0 195
4  157 158 1581 2052  0 255 238
4  2049 1582 158 157  119 0 255
4  2041 1453 1452 2039  0 141 255
5  2023 335 2270 763 762  217 255 0
4  2323 2320 2085 2239  119 255 0
4  2084 2085 2320 2319  119 255 0
4  912 882 1980 2035  151 0 255
4  2027 1998 882 912  255 0 227
4  483 484 2055 2149  0 10 255
4  1992 2149 2055 742  0 10 255
4  1992 742 741 1996  0 10 255
4  1172 1309 1375 1171  0 141 255
4  1904 1005 830 714  0 141 255
4  808 1978 1797 1795  0 141 255
7  808 1791 592 713 545 719 807  0 141 255
6  1904 871 1576 510 995 1005  0 141 255
3  808 1795 1791  0 141 255
7  1539 1587 1610 1344 1529 994 997  0 141 255
4  1987 1946 988 989  0 141 255
4  932 805 792 793  0 141 255
8  1987 506 505 606 344 343 2154 1946  0 255 206
4  1989 796 797 804  0 141 255
7  1978 485 487 413 412 1793 1797  0 141 255
5  1978 808 807 486 485  0 141 255
6  1005 995 994 1529 1528 1006  0 141 255
4  158 152 159 1581  0 255 238
4  1582 1579 152 158  119 0 255
4  1580 1030 160 159  119 0 255
4  1579 1029 1030 1580  119 0 255
4  159 152 1579 1580  119 0 255
4  1449 1180 2267 1578  255 65 0
4  510 509 1809 996  0 141 255
3  510 996 995  0 141 255
4  510 1576 370 405  0 141 255
4  1575 287 254 1818  0 255 206
3  1574 305 255  0 255 206
4  1574 1817 1816 1560  0 141 255
4  1575 1818 288 255  0 255 206
4  1574 255 288 1817  0 141 255
4  1572 1569 1352 1907  255 227 0
4  1573 218 219 1570  255 0 0
4  870 874 872 869  255 0 65
4  869 1567 1566 870  184 0 255
4  874 1562 1544 872  255 0 195
4  1561 1819 254 287  0 141 255
4  1277 128 120 1278  217 255 0
4  1277 1556 2306 2288  217 255 0
5  1558 2288 2306 724 678  217 255 0
4  1277 2288 129 128  217 255 0
5  1556 1277 1278 319 338  217 255 0
4  1556 338 339 2306  217 255 0
3  1551 2307 2071  21 0 255
3  1551 1543 1371  21 0 255
5  1551 2071 2367 1542 1543  21 0 255
5  1551 1371 315 339 2307  21 0 255
3  290 289 2367  21 0 255
4  1542 2367 289 256  21 0 255
5  1545 1374 1371 1543 1542  0 255 206
3  1540 1797 1793  0 141 255
5  1540 509 1806 1795 1797  0 141 255
3  1538 412 413  0 141 255
5  1540 1793 1794 1809 509  0 141 255
4  1539 997 412 1538  0 141 255
4  1535 822 593 1444  0 141 255
4  1536 543 822 1535  0 141 255
4  1343 1207 1208 1528  0 141 255
4  1528 1208 1007 1006  0 141 255
4  1529 1344 1343 1528  0 141 255
7  1522 2283 969 967 1519 1705 1707  54 0 255
4  1519 967 966 1518  54 0 255
4  1519 1518 972 1705  54 0 255
4  864 1430 855 857  255 0 130
4  864 865 1841 2275  255 0 130
4  1513 1784 1709 2102  0 255 206
5  1515 2105 550 552 1223  0 141 255
6  1513 2102 627 550 2105 1512  0 141 255
4  1502 1498 1499 1500  249 0 255
4  1496 24 23 60  0 255 75
5  1488 385 384 379 378  0 141 255
5  1487 388 387 1158 1486  0 141 255
6  1485 1895 396 397 399 1484  0 141 255
5  1483 399 397 392 391  0 141 255
5  1482 638 1896 381 382  0 141 255
4  1481 207 217 1480  255 227 0
4  1257 1253 1746 2258  0 10 255
4  1257 1256 1390 1476  0 10 255
4  1475 1473 1468 1469  255 97 0
4  1474 1470 1471 1472  255 97 0
4  1473 1472 1471 1468  255 97 0
3  1323 87 69  255 32 0
4  70 671 69 63  255 32 0
4  63 69 732 1471  255 97 0
6  1471 732 733 661 662 1468  255 97 0
4  1471 1470 70 63  255 97 0
4  68 85 2225 84  255 32 0
4  1468 662 85 68  255 97 0
4  1469 1468 68 84  255 97 0
4  1461 1467 1464 1458  0 43 255
4  1466 1451 1177 1454  0 43 255
4  1464 1317 1318 1458  0 43 255
4  1463 1398 1397 501  0 141 255
4  501 1397 1396 502  0 141 255
5  1460 613 612 2246 2247  0 141 255
6  1463 501 1812 1459 1460 1462  0 141 255
5  1457 1198 1199 1202 1725  0 141 255
5  1455 2107 2115 1452 1453  0 141 255
4  1450 1448 61 62  0 255 75
4  1445 554 458 825  0 141 255
4  1445 1403 555 554  0 141 255
4  1444 593 555 1403  0 141 255
4  1432 2300 933 1321  54 0 255
4  1434 2297 2300 1432  54 0 255
5  1038 963 707 961 960  255 0 130
4  1427 1320 935 2297  255 0 130
4  649 1321 933 938  54 0 255
5  1424 919 936 935 1320  255 0 130
3  749 501 502  0 141 255
4  1420 488 1396 1395  0 141 255
4  1416 453 454 1096  0 141 255
7  1375 1376 1239 1241 1412 1161 1171  0 141 255
5  1411 1121 1163 1161 1412  0 141 255
4  1412 1241 806 1411  0 141 255
4  862 1408 1407 863  0 173 255
4  1052 563 561 560  0 141 255
4  1276 1402 1401 1231  0 108 255
4  1400 113 133 1399  217 255 0
4  1400 311 312 648  217 255 0
4  1398 1395 1396 1397  0 141 255
8  934 1392 1340 420 347 346 2343 611  0 255 206
4  1394 1413 795 794  0 141 255
8  937 939 941 652 949 950 1064 1393  0 255 206
4  937 790 791 939  0 141 255
8  1393 954 955 956 426 419 1340 1392  0 255 206
4  1393 1064 953 954  0 255 206
4  1382 1379 1673 1876  0 255 206
5  1382 2182 533 1391 1385  0 255 206
4  1391 424 423 1894  0 141 255
3  1391 533 534  0 255 206
4  1382 1225 660 1379  0 141 255
4  1391 1894 1226 1385  0 141 255
4  1382 1385 1226 1225  0 141 255
4  954 377 616 955  0 141 255
4  426 956 1227 422  0 141 255
4  1235 1386 455 374  0 141 255
4  1235 640 1234 1386  0 141 255
4  1234 1233 591 1761  0 141 255
4  955 616 1227 956  0 141 255
4  1234 1761 455 1386  0 141 255
4  953 1064 950 952  0 255 206
4  1235 374 375 565  0 141 255
4  953 376 377 954  0 141 255
4  1379 660 659 1673  0 141 255
4  1378 1673 659 957  0 141 255
4  1377 1356 1376 1375  0 141 255
4  724 2306 339 315  217 255 0
4  1374 340 315 1371  0 255 206
5  723 724 315 340 820  217 255 0
4  1369 1332 1329 1368  217 0 255
4  1365 1308 1119 1306  217 0 255
4  1157 1025 1028 1307  0 10 255
4  1156 1026 1025 1157  0 10 255
5  1361 1827 1297 1049 1363  0 255 238
5  1359 1131 1128 2232 2234  217 0 255
5  1359 1258 981 2301 1131  217 0 255
4  1358 1254 1031 976  217 0 255
4  942 1357 1356 940  0 141 255
4  1353 220 219 1352  255 227 0
4  748 504 1345 1347  0 141 255
4  1348 2113 2111 1346  0 141 255
5  1348 1346 1209 748 1347  0 141 255
3  504 748 503  0 141 255
3  1343 1211 1207  0 141 255
5  1345 504 1211 1343 1344  0 141 255
5  1341 350 310 535 532  21 0 255
4  1341 532 2179 2193  21 0 255
4  1338 2337 2335 1339  217 255 0
5  1339 2335 2331 2321 467  217 255 0
4  1339 1772 1019 1338  217 255 0
3  1340 419 420  0 255 206
6  1339 467 348 308 468 1772  217 255 0
4  1331 1272 1275 1333  255 0 130
4  1333 1275 1274 1328  255 0 130
4  1333 1328 1330 1331  255 0 130
4  1327 1326 852 851  249 0 255
4  1324 1176 87 1323  255 32 0
3  1324 669 1176  255 32 0
4  1322 1222 846 845  217 0 255
4  1318 1314 1316 1319  255 65 0
4  1317 1315 1314 1318  0 43 255
4  1315 1311 1178 1314  0 43 255
4  1314 1178 1313 1316  255 65 0
4  1312 1751 1752 1313  255 65 0
4  1311 1456 1751 1312  255 65 0
4  1313 1178 1311 1312  255 65 0
3  1310 1309 1172  0 141 255
4  1119 1027 1026 1306  217 0 255
5  1301 1300 1098 304 260  0 255 206
4  1299 1298 260 304  0 255 206
4  1295 1048 1049 1297  255 0 130
4  1294 1293 1292 1291  184 0 255
4  1290 1289 1288 1287  255 0 195
4  1281 2227 1175 1179  255 32 0
5  1278 120 127 337 319  217 255 0
4  1231 138 118 185  0 75 255
4  1276 1231 185 174  0 108 255
4  1272 2274 1799 1273  255 0 130
4  1273 1799 1841 1274  0 255 238
4  1275 1272 1273 1274  255 0 130
4  261 257 1271 917  21 0 255
4  1264 998 619 2104  0 141 255
4  1261 334 333 1260  0 173 255
4  1262 165 334 1261  0 173 255
4  1263 1262 1261 1260  0 173 255
4  1258 1252 1032 981  217 0 255
4  1257 2258 1389 1256  0 10 255
4  1254 981 1032 1031  217 0 255
4  1255 1693 1746 1253  0 10 255
5  981 1254 1832 984 2301  217 0 255
4  1252 1389 1388 1032  217 0 255
4  1032 1388 1387 1031  217 0 255
4  1250 2156 2006 888  255 0 227
4  1248 892 1246 1249  255 0 227
4  1249 1246 1245 1247  255 0 227
4  1249 1247 895 1248  255 0 227
4  911 889 1939 1245  255 0 227
4  892 2006 889 911  151 0 255
4  1246 892 911 1245  255 0 227
4  1244 336 317 1242  255 0 227
4  1242 317 335 1243  151 0 255
4  1240 432 433 1123  0 141 255
5  1241 1239 1240 1123 806  0 141 255
4  565 375 596 599  0 141 255
4  1236 948 947 1051  0 141 255
4  759 716 948 1236  0 141 255
4  1233 1872 590 591  0 141 255
8  1236 1872 1233 1234 640 568 567 759  0 141 255
4  565 568 640 1235  0 141 255
4  660 591 590 659  0 141 255
4  616 455 1760 1227  0 141 255
4  1225 1764 591 660  0 141 255
4  1227 1760 1759 1226  0 141 255
4  1226 1759 1764 1225  0 141 255
4  1224 635 595 2316  0 141 255
4  1224 1223 552 635  0 141 255
4  1218 1208 1207 1217  0 141 255
6  1219 2326 1205 1007 1208 1218  0 141 255
5  1034 924 2359 2326 1219  0 141 255
5  1205 2326 2359 837 833  0 141 255
4  1205 833 832 1007  0 141 255
4  1202 562 459 460  0 141 255
4  1201 1198 2110 2108  0 141 255
6  1201 826 825 562 1202 1199  0 141 255
6  564 1720 1725 1202 460 557  0 141 255
3  1201 1199 1198  0 141 255
4  1201 2108 2107 826  0 141 255
4  1194 1190 1191 1195  0 108 255
4  1190 1185 1183 1191  0 108 255
4  1189 1186 1185 1190  0 255 238
4  1186 2212 2215 1181  0 255 238
4  1181 2215 1762 1183  0 255 238
4  1186 1181 1183 1185  0 255 238
6  1179 1175 1174 1176 669 673  255 32 0
4  673 669 670 672  255 32 0
4  1176 1174 86 87  255 32 0
4  87 86 661 733  255 97 0
4  745 480 478 477  0 141 255
4  1173 1169 1840 1836  0 141 255
5  746 1168 480 745 674  0 141 255
6  746 2121 1836 1840 1823 1168  0 141 255
6  1172 1171 1161 1165 1822 1828  0 141 255
4  1170 2243 440 438  0 141 255
6  1170 1122 581 582 479 2243  0 141 255
6  1170 438 437 1163 1121 1122  0 141 255
7  1168 1823 1822 1165 1164 473 480  0 141 255
6  1164 2242 440 2243 472 473  0 141 255
3  1164 2240 2242  0 141 255
6  1165 1161 1163 437 2240 1164  0 141 255
4  154 123 124 897  0 255 238
5  638 402 394 395 1896  0 141 255
3  1158 387 1897  0 141 255
4  1139 1138 1156 1157  0 10 255
4  1151 731 730 1154  0 10 255
4  1154 1153 1152 1151  0 10 255
4  1149 1921 979 974  255 0 130
4  1147 1146 1140 1142  255 0 130
4  982 977 1920 1141  255 0 130
4  1140 979 977 982  0 255 238
4  1142 1140 982 1141  255 0 130
4  1139 293 259 1138  0 10 255
5  1137 1131 2301 984 2302  217 0 255
4  1136 1132 1131 1137  217 0 255
4  1135 1130 1132 1136  255 65 0
4  1130 1188 2232 1128  217 0 255
4  1130 1128 1131 1132  217 0 255
4  2234 2232 1188 1197  217 0 255
4  2215 2212 1731 1762  0 255 238
4  2200 1990 2188 2202  255 0 227
4  2200 886 1994 2199  151 0 255
4  2202 2065 886 2200  255 0 227
4  2199 2189 1990 2200  151 0 255
4  2189 665 664 1990  151 0 255
4  1990 664 663 2188  255 0 227
5  710 958 706 705 709  0 255 238
4  1037 866 859 853  0 255 238
3  710 959 958  0 255 238
4  1038 960 959 1037  255 0 130
4  2181 707 963 1427  255 0 130
5  2181 699 700 708 707  255 0 130
4  2173 2155 2158 1873  0 141 255
4  1051 735 2155 2173  0 141 255
4  1051 947 951 1050  0 141 255
5  2173 1873 1872 1236 1051  0 141 255
4  2163 1300 1301 2162  0 255 206
4  2156 1939 889 2006  255 0 227
4  817 342 341 818  0 255 206
4  2154 343 342 817  0 255 206
4  2154 2133 988 1946  0 141 255
4  817 814 2133 2154  0 141 255
4  988 1926 1924 989  0 141 255
4  991 987 1926 988  0 141 255
5  988 2133 814 816 991  0 141 255
6  2115 2107 2108 2110 2111 2113  0 141 255
3  1609 1585 812  0 141 255
4  1827 1824 2081 2089  255 0 130
4  2089 1295 1297 1827  255 0 130
4  2083 2081 1824 1790  255 0 130
4  1679 1676 737 650  0 141 255
4  2076 1010 1009 1819  0 141 255
4  1816 1008 537 601  0 141 255
4  1819 1009 1008 1816  0 141 255
4  601 537 536 602  0 141 255
4  282 1476 1390 263  0 10 255
4  1121 1411 1777 1122  0 141 255
4  941 944 651 652  0 255 206
4  697 692 448 450  0 141 255
4  1127 2248 430 431  0 141 255
7  1122 1777 929 697 450 447 581  0 141 255
4  941 429 428 944  0 141 255
4  1117 1380 1027 1119  217 0 255
4  1057 1114 1115 1116  0 141 255
4  1017 138 137 1113  217 255 0
4  1113 1112 1016 1017  217 255 0
4  1109 1108 1892 1893  0 238 255
4  1105 1893 1890 1886  0 238 255
4  1103 1887 1888 1892  0 238 255
4  1103 1105 1886 1887  0 238 255
4  1105 1103 1102 1101  0 238 255
4  1098 1082 252 304  0 255 206
5  1096 454 1062 1039 1094  0 141 255
6  1094 1039 1042 1066 1075 1087  0 141 255
4  1091 1079 1022 1073  0 141 255
3  1091 1088 2325  0 255 206
4  1091 1073 720 1088  0 141 255
4  1087 1075 1021 1078  0 141 255
4  1082 1078 1021 1024  0 141 255
4  1081 1023 286 253  0 255 206
4  1082 1024 285 252  0 141 255
4  1081 252 285 1023  0 255 206
4  1041 632 1066 1042  0 141 255
4  1079 253 286 1022  0 141 255
4  1075 1066 1070 1021  0 141 255
4  1073 1068 632 720  0 141 255
4  1021 1070 1069 1022  0 141 255
4  1022 1069 1068 1073  0 141 255
5  1070 1066 632 1068 1069  0 141 255
5  1062 454 453 517 1058  0 141 255
4  1058 517 516 777  0 141 255
4  1058 2228 2226 1059  0 141 255
4  1060 2198 630 2261  0 141 255
6  1059 514 452 451 2198 1060  0 141 255
4  1059 2226 2070 930  0 141 255
5  1062 1058 1059 1060 1061  0 141 255
4  1057 1056 728 726  0 141 255
4  1054 822 821 1055  0 141 255
4  725 593 822 1054  0 141 255
4  1055 821 618 1857  0 141 255
6  726 725 1054 1055 1001 1000  0 141 255
6  1053 782 783 563 1052 729  0 255 206
4  1052 560 727 729  0 141 255
4  681 522 734 1050  0 141 255
4  681 530 495 499  0 141 255
4  1050 951 530 681  0 141 255
4  1050 734 735 1051  0 141 255
4  1049 1048 1047 1046  255 0 130
4  1043 2255 971 1045  217 255 0
4  1045 971 147 146  217 255 0
4  1044 124 2255 1043  217 255 0
4  1042 1039 1040 1041  0 141 255
4  1038 1037 853 855  255 0 130
4  1036 106 1035 36  255 162 0
3  1034 2324 924  0 255 206
4  1033 928 927 1754  0 141 255
4  1031 1387 1362 976  217 0 255
4  151 160 1030 1029  119 0 255
4  1028 1025 1026 1027  0 10 255
5  1024 1021 1022 286 285  0 141 255
3  1023 285 286  0 255 206
5  174 185 118 187 175  0 173 255
4  187 118 138 1017  217 255 0
4  1017 1016 175 187  217 255 0
4  1015 1014 295 1013  217 0 255
5  1010 538 537 1008 1009  0 141 255
4  1006 1007 832 831  0 141 255
4  1006 831 830 1005  0 141 255
4  1004 1002 1003 547  0 141 255
4  1001 998 999 1000  0 141 255
3  412 1794 1793  0 141 255
7  997 994 995 996 1809 1794 412  0 141 255
4  993 355 195 194  217 255 0
4  992 1927 987 991  0 141 255
4  989 1924 985 990  0 141 255
6  986 985 1924 1926 987 1927  0 141 255
4  1921 1920 977 979  255 0 130
5  1919 1847 1850 1913 353  217 255 0
5  352 1849 135 115 313  217 255 0
4  1913 1850 1849 352  217 255 0
4  353 1913 352 314  217 255 0
3  811 1310 1912  0 141 255
4  1015 1013 655 658  217 0 255
4  1352 219 218 1907  255 227 0
4  1904 714 371 871  0 141 255
4  1576 871 371 370  0 141 255
5  387 379 384 771 770  0 141 255
4  1897 769 768 945  0 141 255
4  387 770 769 1897  0 141 255
3  1895 945 396  0 141 255
5  1896 395 398 384 381  0 141 255
5  1226 1894 423 422 1227  0 141 255
4  1893 1892 1888 1890  0 238 255
4  1890 1888 1887 1886  0 238 255
4  1885 548 1882 1884  0 141 255
4  1585 1587 943 1879  0 141 255
4  1873 2158 590 1872  0 141 255
4  1831 778 654 584  0 141 255
4  1521 1870 1865 1520  86 255 0
4  1870 1869 1284 1865  86 255 0
4  1520 1865 1861 1523  86 255 0
4  1865 1284 1282 1861  86 255 0
4  256 289 466 1349  0 10 255
5  1859 1858 303 256 1349  0 255 206
4  1545 1542 256 303  0 255 206
4  1857 618 617 619  0 141 255
4  1848 116 135 1849  217 255 0
4  1847 136 116 1848  217 255 0
4  1850 1847 1848 1849  217 255 0
6  881 879 873 878 885 880  0 255 206
5  881 1838 2114 875 879  0 255 206
4  1173 1836 1838 881  0 141 255
4  746 465 575 2121  0 141 255
6  1836 2121 575 577 2114 1838  0 141 255
4  1840 2139 1825 1823  0 141 255
4  1230 1229 984 1832  217 0 255
4  1229 1228 2302 984  217 0 255
4  976 1362 731 1151  0 10 255
5  1828 1822 1823 1825 1826  0 141 255
5  1819 1816 1817 288 254  0 141 255
3  1818 254 288  0 255 206
4  1681 497 498 751  0 141 255
4  1808 1791 1795 1806  0 141 255
4  1699 719 545 456  0 141 255
5  1699 780 779 718 719  0 255 206
4  1699 456 457 780  0 141 255
4  1808 407 592 1791  0 141 255
5  1808 1806 509 404 407  0 141 255
4  1251 1716 1187 280  217 0 255
3  1784 1703 1709  0 255 206
4  1782 620 738 1703  0 141 255
4  1149 974 1829 2029  255 0 130
4  398 396 767 772  0 141 255
5  398 395 394 391 392  0 141 255
4  398 772 771 384  0 141 255
3  1774 310 350  217 255 0
6  1391 534 349 308 425 424  0 255 206
3  535 310 309  21 0 255
4  1019 1772 468 469  217 255 0
4  534 535 309 349  0 255 206
4  455 616 377 374  0 141 255
6  1764 1759 1760 455 1761 591  0 141 255
4  1751 2289 2290 1752  255 65 0
4  1456 1454 2289 1751  255 65 0
4  1758 134 114 648  217 255 0
5  1758 351 313 115 134  217 255 0
4  1400 648 114 113  217 255 0
4  1758 648 312 351  217 255 0
4  1754 927 2361 2324  0 141 255
4  1200 1182 1203 2375  255 65 0
4  1750 891 1182 1200  217 0 255
4  1204 1193 1737 2372  217 0 255
4  2371 1184 1193 1204  255 65 0
4  2363 1744 1184 1203  217 0 255
5  891 1750 2078 2095 894  217 0 255
4  891 2363 1203 1182  217 0 255
4  1744 1737 1193 1184  217 0 255
4  777 765 2228 1058  0 141 255
4  777 516 645 776  0 141 255
4  930 515 514 1059  0 141 255
4  930 2070 715 839  0 141 255
4  1746 1693 1387 1388  0 10 255
4  2338 2345 442 2117  119 255 0
6  992 2203 2213 1882 2094 1927  0 141 255
4  2332 408 668 1736  0 141 255
4  1736 668 667 689  0 141 255
4  625 409 408 2332  0 141 255
5  2332 1736 1885 1884 625  0 141 255
4  154 153 122 123  0 75 255
4  154 1159 148 153  119 0 255
4  1309 1734 1377 1375  0 141 255
4  1720 564 563 783  0 255 206
4  1716 848 847 1187  217 0 255
4  1703 738 626 1709  0 141 255
4  903 1717 1713 899  54 0 255
6  899 1713 1852 1977 571 900  255 0 130
4  1707 1705 1717 903  54 0 255
4  1717 1705 972 1713  54 0 255
4  1877 356 243 242  0 255 173
4  538 1115 2308 536  0 141 255
4  2324 2361 2359 924  0 141 255
4  2321 347 348 467  217 255 0
4  611 608 609 610  0 255 206
6  611 2343 345 344 606 608  0 255 206
4  2321 2331 346 347  217 255 0
4  2104 619 620 1782  0 141 255
4  936 919 916 938  54 0 255
4  938 916 914 2312  54 0 255
5  1114 1000 999 2308 1115  0 141 255
4  731 1362 1387 1693  0 10 255
4  1690 1410 1414 1678  0 43 255
4  1422 1684 1421 1405  0 43 255
4  1414 1415 1669 1678  0 43 255
4  1672 1665 1418 1415  255 65 0
4  1415 1418 1664 1669  0 43 255
4  1418 1404 1419 1664  0 43 255
4  1665 1649 1404 1418  255 65 0
4  1646 1652 1421 1419  255 65 0
4  1649 1643 1652 1646  255 65 0
4  1404 1649 1646 1419  255 65 0
4  1643 1405 1421 1652  255 65 0
4  1137 2302 1228 1136  217 0 255
4  2300 2297 935 933  54 0 255
4  2290 2289 1454 1177  255 65 0
8  1895 1485 2287 2280 1486 1158 1897 945  0 141 255
5  2281 130 131 2276 2277  54 0 255
4  2277 2276 2283 1522  54 0 255
3  2281 129 130  54 0 255
4  2275 1841 1799 2274  255 0 130
4  153 148 147 122  0 173 255
4  123 122 147 971  217 255 0
4  619 617 541 620  0 141 255
5  1055 1857 619 998 1001  0 141 255
4  2269 2267 1180 1447  255 65 0
4  1057 726 1000 1114  0 141 255
4  336 760 763 2270  217 255 0
4  336 2270 335 317  217 255 0
4  632 1041 2360 631  0 141 255
4  720 632 631 721  0 141 255
4  1088 720 721 2325  0 141 255
4  2261 630 631 2360  0 141 255
5  1041 1040 1061 2261 2360  0 141 255
4  557 460 461 2263  0 141 255
4  2263 461 462 2264  0 141 255
4  2264 462 463 824  0 141 255
6  2264 824 823 558 557 2263  0 141 255
3  2261 1061 1060  0 141 255
4  722 630 2198 451  0 141 255
4  1746 1388 1389 2258  0 10 255
4  124 123 971 2255  217 255 0
4  706 958 961 707  255 0 130
4  961 958 959 960  255 0 130
4  953 952 598 376  0 141 255
5  949 652 651 841 946  0 255 206
6  946 841 844 2237 588 755  0 141 255
4  949 756 754 950  0 141 255
4  949 946 755 756  0 141 255
4  950 754 598 952  0 141 255
4  736 735 734 737  0 141 255
4  957 926 735 736  0 141 255
4  659 590 926 957  0 141 255
4  716 759 758 717  0 141 255
6  951 947 948 716 531 530  0 141 255
4  396 398 392 397  0 141 255
4  945 768 767 396  0 141 255
3  943 942 940  0 141 255
4  938 933 935 936  54 0 255
4  839 715 714 840  0 141 255
5  930 839 838 927 928  0 141 255
4  689 667 520 690  0 141 255
5  689 549 548 1885 1736  0 141 255
4  2251 587 588 2237  0 141 255
4  757 752 717 758  0 141 255
4  600 589 587 2251  0 141 255
5  566 600 2251 2237 757  0 141 255
5  944 435 842 841 651  0 255 206
4  2248 436 434 430  0 141 255
4  944 428 427 435  0 141 255
4  2246 436 439 2247  0 141 255
4  2246 612 527 753  0 141 255
6  2246 753 2238 843 434 436  0 141 255
4  2240 437 438 2242  0 141 255
3  2242 438 440  0 141 255
3  692 697 693  0 255 206
4  2243 479 470 472  0 141 255
4  430 366 367 431  0 141 255
4  2238 753 752 757  0 141 255
4  430 434 365 366  0 141 255
5  2238 757 2237 844 843  0 141 255
4  765 777 776 766  0 141 255
6  2228 765 629 628 2070 2226  0 141 255
4  2217 354 355 993  217 255 0
4  1039 1062 1061 1040  0 141 255
4  630 722 721 631  0 141 255
4  532 533 2182 2179  0 255 206
5  2182 2163 2162 2180 2179  0 255 206
4  2177 236 237 2170  0 255 43
5  2158 2155 735 926 590  0 141 255
4  2136 2128 2016 2013  0 141 255
7  2126 883 884 2130 2002 2036 2008  0 141 255
4  2128 2126 2008 2016  0 141 255
4  2114 577 576 875  0 141 255
4  1709 626 627 2102  0 141 255
5  548 547 1003 2094 1882  0 141 255
4  593 725 682 594  0 141 255
3  2070 628 715  0 141 255
4  2095 2078 1192 1335  217 0 255
4  2078 1750 1200 1192  217 0 255
5  927 838 837 2359 2361  0 141 255
4  1380 1117 739 1364  217 0 255
4  1028 1027 1380 2051  0 10 255
4  914 916 919 921  54 0 255
4  2068 1994 886 2065  255 0 227
3  2343 346 345  0 255 206
6  2341 644 345 346 2331 2335  217 255 0
3  2346 740 739  217 0 255
4  742 2055 1364 739  0 10 255
4  2061 744 743 1383  0 10 255
4  2055 2051 1380 1364  0 10 255
4  1481 1907 218 207  255 227 0
3  940 1356 1377  0 141 255
4  2037 2029 1829 1796  255 0 130
4  2030 2011 2008 2036  0 141 255
4  2036 2002 2310 2021  0 141 255
4  2033 2013 2011 2030  0 141 255
4  2021 2310 1993 2033  0 141 255
4  2036 2021 2033 2030  0 141 255
4  2016 2008 2011 2013  0 141 255
4  2310 2002 2309 1993  0 141 255
4  1998 663 666 1995  255 0 227
4  1995 666 665 1980  255 0 227
4  1995 1980 882 1998  255 0 227
3  546 1004 547  0 141 255
4  1698 908 907 1695  54 0 255
4  900 571 572 907  255 0 130
4  908 901 900 907  54 0 255
4  903 899 900 901  54 0 255
3  884 881 880  0 255 206
3  879 875 873  0 255 206
4  878 873 623 624  0 141 255
4  875 576 623 873  0 141 255
4  840 714 830 834  0 141 255
4  865 864 857 859  255 0 130
4  859 857 855 853  255 0 130
4  848 845 846 847  217 0 255
6  842 435 427 365 434 843  0 141 255
4  844 841 842 843  0 141 255
4  834 830 831 835  0 141 255
4  835 831 832 836  0 141 255
4  836 832 833 837  0 141 255
7  840 834 835 836 837 838 839  0 141 255
4  825 458 459 562  0 141 255
4  823 458 553 558  0 141 255
4  824 463 458 823  0 141 255
5  822 543 542 618 821  0 141 255
3  820 340 341  217 255 0
4  819 816 815 818  0 141 255
4  814 817 818 815  0 141 255
3  816 814 815  0 141 255
3  813 812 811  0 141 255
4  483 810 573 482  0 10 255
5  807 719 718 781 809  0 255 206
4  803 798 794 800  0 141 255
4  803 786 787 801  0 141 255
4  799 785 784 800  0 141 255
4  801 787 788 802  0 141 255
4  801 796 798 803  0 141 255
4  800 794 795 799  0 141 255
4  800 784 786 803  0 141 255
4  802 797 796 801  0 141 255
4  792 788 787 793  0 141 255
4  793 787 786 789  0 141 255
4  789 786 784 790  0 141 255
4  790 784 785 791  0 141 255
4  781 718 779 778  0 255 206
4  780 457 653 779  0 141 255
4  779 653 654 778  0 141 255
4  526 406 764 775  0 141 255
5  526 647 457 456 525  0 141 255
4  775 764 766 776  0 141 255
4  775 646 647 526  0 141 255
4  776 645 646 775  0 141 255
6  772 767 768 769 770 771  0 141 255
4  409 625 624 621  0 141 255
4  406 526 525 407  0 141 255
6  766 764 406 373 629 765  0 141 255
4  761 117 125 762  217 255 0
4  760 126 117 761  217 255 0
5  760 336 318 119 126  217 255 0
4  763 760 761 762  217 255 0
5  567 566 757 758 759  0 141 255
4  755 588 587 756  0 141 255
4  756 587 589 754  0 141 255
4  754 589 597 598  0 141 255
4  598 597 375 376  0 141 255
4  527 717 752 753  0 141 255
4  746 674 464 465  0 141 255
4  745 477 464 674  0 141 255
4  744 741 740 743  0 10 255
4  742 739 740 741  0 10 255
4  620 541 540 738  0 141 255
4  738 540 539 626  0 141 255
4  626 539 550 627  0 141 255
4  650 522 493 497  0 141 255
4  737 734 522 650  0 141 255
4  522 681 615 523  0 141 255
4  733 732 69 87  255 97 0
5  726 728 729 727 368  0 141 255
4  727 560 369 368  0 141 255
5  726 368 369 682 725  0 141 255
4  724 723 677 678  217 255 0
4  531 716 717 527  0 141 255
5  628 372 371 714 715  0 141 255
4  713 592 407 525  0 141 255
4  525 456 545 713  0 141 255
4  708 700 701 705  255 0 130
4  708 705 706 707  255 0 130
4  703 701 698 702  0 255 238
4  702 698 699 704  255 0 130
4  701 700 699 698  255 0 130
4  696 688 687 694  0 141 255
4  695 694 687 684  0 141 255
6  695 684 683 446 449 693  0 141 255
4  693 449 448 692  0 141 255
4  685 518 475 686  0 141 255
4  691 519 518 685  0 141 255
4  685 684 687 691  0 141 255
4  690 520 519 691  0 141 255
6  691 687 688 549 689 690  0 141 255
4  582 445 446 683  0 141 255
4  686 475 470 471  0 141 255
4  582 471 470 479  0 141 255
6  582 683 684 685 686 471  0 141 255
4  559 556 594 682  0 141 255
4  560 559 682 369  0 141 255
4  499 495 496 500  0 141 255
4  499 493 521 680  0 141 255
4  680 521 524 679  0 141 255
4  679 524 523 615  0 141 255
5  681 499 680 679 615  0 141 255
4  678 677 676 675  217 255 0
5  520 667 668 408 476  0 141 255
4  666 663 664 665  255 0 227
4  85 662 661 86  255 97 0
4  658 655 656 657  217 0 255
4  584 516 517 453  0 141 255
4  457 647 646 653  0 141 255
4  653 646 645 654  0 141 255
4  654 645 516 584  0 141 255
4  497 493 494 498  0 141 255
4  643 344 345 644  217 255 0
4  639 401 402 638  0 141 255
4  635 552 551 595  0 141 255
4  629 373 372 628  0 141 255
4  576 574 622 623  0 141 255
4  623 622 621 624  0 141 255
4  574 576 577 575  0 141 255
5  410 409 621 622 574  0 141 255
4  618 542 541 617  0 141 255
4  614 529 528 613  0 141 255
4  613 528 527 612  0 141 255
5  608 606 505 607 609  0 255 206
3  607 505 506  0 255 206
4  599 596 589 600  0 141 255
4  565 599 600 566  0 141 255
4  376 375 374 377  0 141 255
4  375 597 589 596  0 141 255
4  595 551 544 543  0 141 255
5  477 476 408 411 464  0 141 255
4  556 555 593 594  0 141 255
4  452 514 515 583  0 141 255
4  581 447 445 582  0 141 255
4  465 410 574 575  0 141 255
4  568 565 566 567  0 141 255
4  564 557 561 563  0 141 255
4  556 559 558 553  0 141 255
5  561 557 558 559 560  0 141 255
5  556 553 458 554 555  0 141 255
5  552 550 539 544 551  0 141 255
4  549 546 547 548  0 141 255
6  544 539 540 541 542 543  0 141 255
3  538 536 537  0 141 255
4  535 534 533 532  0 255 206
5  531 527 528 529 530  0 141 255
4  493 499 500 494  0 141 255
5  524 521 493 522 523  0 141 255
5  475 518 519 520 476  0 141 255
4  510 405 404 509  0 141 255
3  487 414 413  0 141 255
4  484 483 482 481  0 10 255
4  480 473 474 478  0 141 255
6  478 474 470 475 476 477  0 141 255
4  474 473 472 470  0 141 255
4  468 349 309 469  217 255 0
3  468 308 349  217 255 0
6  426 425 348 347 420 419  0 255 206
3  425 308 348  0 255 206
4  465 464 411 410  0 141 255
6  463 462 461 460 459 458  0 141 255
4  449 446 445 448  0 141 255
4  448 445 447 450  0 141 255
4  429 367 366 428  0 141 255
4  428 366 365 427  0 141 255
4  426 422 421 425  0 141 255
4  423 424 425 421  0 141 255
3  423 421 422  0 141 255
4  411 408 409 410  0 141 255
6  407 404 405 370 373 406  0 141 255
4  401 393 394 402  0 141 255
4  393 390 391 394  0 141 255
4  389 380 378 388  0 141 255
4  388 378 379 387  0 141 255
4  386 383 382 385  0 141 255
4  385 382 381 384  0 141 255
4  373 370 371 372  0 141 255
4  337 127 119 318  217 255 0
4  330 300 299 331  255 0 65
4  357 276 275 358  255 0 32
4  358 275 274 359  255 0 32
4  329 301 300 330  255 0 65
4  327 266 302 328  255 0 65
4  360 273 272 321  255 0 32
4  209 76 301 329  255 0 65
4  321 272 262 320  255 0 32
4  359 274 77 228  255 0 32
4  328 302 76 209  255 0 65
4  228 77 273 360  255 0 32
4  323 270 1606 1604  255 0 32
4  316 265 266 327  255 0 65
4  320 262 271 322  255 0 32
4  325 268 267 326  255 0 65
4  322 271 270 323  255 0 32
4  326 267 265 316  255 0 65
4  324 269 268 325  255 0 65
4  324 1550 1547 269  255 0 65
8  360 321 320 322 323 1604 1601 228  255 0 32
8  321 360 228 1601 1604 323 322 320  255 0 0
6  359 228 243 242 357 358  255 0 32
6  228 359 358 357 242 243  249 255 0
3  356 243 1063  151 0 255
3  243 356 1063  0 255 173
4  195 356 1063 196  151 0 255
4  356 195 196 1063  0 173 255
6  355 195 196 314 353 354  151 0 255
6  195 355 354 353 314 196  217 255 0
3  352 314 313  255 0 227
3  314 352 313  217 255 0
3  351 313 312  255 0 227
3  313 351 312  217 255 0
5  311 312 313 2032 2046  255 0 227
5  312 311 2046 2032 313  217 255 0
3  350 311 310  21 0 255
3  311 350 310  217 255 0
4  309 310 311 2067  21 0 255
4  310 309 2067 311  217 255 0
3  349 309 308  0 255 206
3  309 349 308  217 255 0
12  348 308 309 315 340 341 342 343 344 345 346 347  0 255 206
12  308 348 347 346 345 344 343 342 341 340 315 309  217 255 0
5  339 315 2066 319 338  21 0 255
5  315 339 338 319 2066  217 255 0
5  337 319 2045 2017 318  255 0 227
5  319 337 318 2017 2045  217 255 0
4  336 318 2017 317  255 0 227
4  318 336 317 2017  217 255 0
5  335 317 203 164 165  151 0 255
5  317 335 165 164 203  217 255 0
5  334 165 164 186 333  0 173 255
5  165 334 333 186 164  217 255 0
4  246 332 1067 861  0 173 255
4  332 246 861 1067  0 255 173
7  331 246 1555 1554 209 329 330  255 0 65
7  246 331 330 329 209 1554 1555  249 255 0
6  328 209 1554 1552 316 327  255 0 65
6  209 328 327 316 1552 1554  255 0 0
6  326 316 1552 1550 324 325  255 0 65
6  316 326 325 324 1550 1552  255 0 0
3  243 228 1593  255 0 32
3  228 243 1593  249 255 0
3  228 1593 1595  249 255 0
4  319 2045 2028 2066  217 255 0
3  228 1595 1593  255 0 32
3  228 1595 1596  249 255 0
3  228 1596 1595  255 0 32
3  228 1596 1597  249 255 0
4  317 203 202 2017  217 255 0
3  228 1597 1596  255 0 32
3  228 1597 1600  249 255 0
3  246 1555 861  249 255 0
3  228 1600 1597  255 0 32
3  228 1600 1601  255 0 0
3  228 1601 1600  255 0 32
4  314 196 197 2032  151 0 255
3  243 1063 1065  0 255 173
3  243 1065 1063  151 0 255
3  243 1065 1080  0 255 173
3  313 2032 314  217 255 0
4  311 2046 2024 2067  255 0 227
3  243 1080 1065  151 0 255
3  243 1080 1077  0 255 173
4  309 2067 2066 315  21 0 255
3  243 1077 1080  151 0 255
3  243 1077 1076  0 255 173
3  243 1076 1077  151 0 255
4  243 1076 1071 244  0 255 173
4  315 2066 2067 309  217 255 0
3  313 314 2032  255 0 227
9  302 266 265 267 268 269 1547 2187 76  255 0 65
9  266 302 76 2187 1547 269 268 267 265  255 32 0
6  301 76 94 93 299 300  255 0 65
6  76 301 300 299 93 94  255 130 0
3  298 94 1086  151 0 255
3  94 298 1086  0 255 10
4  46 298 1086 40  151 0 255
4  298 46 40 1086  0 255 75
4  297 46 40 1429  151 0 255
4  46 297 1429 40  0 43 255
5  296 297 1429 2 295  151 0 255
5  297 296 295 2 1429  255 65 0
3  294 2 259  255 0 227
3  2 294 259  217 0 255
3  293 259 258  255 0 227
3  259 293 258  0 10 255
4  261 258 259 1373  255 0 227
4  258 261 1373 259  0 10 255
5  257 261 922 1350 256  21 0 255
5  261 257 256 1350 922  0 10 255
6  292 257 256 289 290 291  21 0 255
6  257 292 291 290 289 256  0 10 255
3  288 255 254  0 141 255
3  255 288 254  0 255 206
3  287 254 255  0 141 255
3  254 287 255  0 255 206
4  286 253 252 285  0 141 255
4  253 286 285 252  0 255 206
4  284 260 2077 264  21 0 255
4  260 284 264 2077  0 10 255
5  283 264 1366 263 282  255 0 227
5  264 283 282 263 1366  0 10 255
4  281 263 3 4  255 0 227
4  263 281 4 3  217 0 255
5  280 4 1443 278 279  151 0 255
5  4 280 279 278 1443  255 65 0
4  55 278 1443 54  151 0 255
4  278 55 54 1443  0 43 255
4  277 55 54 1100  151 0 255
4  55 277 1100 54  0 255 75
4  98 277 1100 97  151 0 255
4  277 98 97 1100  0 255 10
7  99 98 1589 77 274 275 276  255 0 32
7  98 99 276 275 274 77 1589  255 130 0
6  273 77 1589 1608 262 272  255 0 32
6  77 273 272 262 1608 1589  255 32 0
5  271 262 1608 1606 270  255 0 32
5  262 271 270 1606 1608  255 32 0
3  94 76 2176  255 0 65
3  76 94 2176  255 130 0
3  76 2176 8  255 130 0
4  264 1366 1367 2077  0 10 255
3  76 8 2176  255 0 65
3  76 8 6  255 130 0
4  263 3 1216 1366  217 0 255
3  76 6 8  255 0 65
3  76 6 7  255 130 0
4  4 1443 1442 3  255 65 0
4  98 7 2184 1589  151 0 255
3  76 7 6  255 0 65
3  76 7 2184  255 130 0
4  98 7 6 97  255 130 0
3  76 2184 7  255 0 65
3  76 2184 2187  255 32 0
3  76 2187 2184  255 0 65
4  2 1429 1431 1  151 0 255
3  94 1086 1089  0 255 10
4  259 1 0 1373  255 0 227
3  94 1089 1086  151 0 255
3  94 1089 1090  0 255 10
3  259 1 2  217 0 255
4  261 1373 1372 922  255 0 227
3  94 1090 1089  151 0 255
3  94 1090 1092  0 255 10
3  94 1092 1090  151 0 255
3  94 1092 1093  0 255 10
3  94 1093 1092  151 0 255
3  94 1093 1095  0 255 10
3  94 1095 1093  151 0 255
4  94 1095 1097 95  0 255 10
4  260 2077 2072 1351  0 10 255
3  259 2 1  255 0 227
3  244 1593 243  249 255 0
4  244 1071 1072 245  0 255 173
4  244 1593 1595 245  151 0 255
4  244 1071 1076 243  151 0 255
4  229 1074 1067 861  0 255 173
4  229 1596 1595 245  249 255 0
4  229 1074 1072 245  151 0 255
5  229 1596 1597 1555 861  151 0 255
4  245 1072 1074 229  0 255 173
4  245 1595 1593 244  249 255 0
4  245 1072 1071 244  151 0 255
4  245 1595 1596 229  151 0 255
3  244 243 1593  151 0 255
5  229 861 1555 1597 1596  249 255 0
3  246 861 1555  255 0 65
4  229 861 1067 1074  151 0 255
7  251 230 143 247 248 249 250  0 206 255
7  230 251 250 249 248 247 143  249 255 0
4  246 143 229 861  0 255 173
4  143 246 861 229  249 255 0
8  245 229 143 142 168 242 243 244  0 255 173
8  229 245 244 243 242 168 142 143  249 255 0
9  241 168 169 238 183 182 181 239 240  0 255 141
9  168 241 240 239 181 182 183 238 169  249 255 0
8  237 169 141 232 233 234 235 236  0 255 173
8  169 237 236 235 234 233 232 141  249 255 0
4  231 141 142 230  0 206 255
4  141 231 230 142  249 255 0
3  143 230 142  0 206 255
3  230 143 142  249 255 0
4  168 142 141 169  0 255 173
4  169 141 142 168  249 255 0
6  228 1600 1554 209 179 227  249 255 0
6  209 1554 1600 228 227 179  255 0 0
3  226 179 208  151 255 0
3  179 226 208  255 0 0
6  225 208 179 1947 178 224  151 255 0
6  208 225 224 178 1947 179  255 0 0
6  223 178 2191 210 221 222  255 227 0
6  178 223 222 221 210 2191  255 0 0
8  220 210 2191 2195 206 207 218 219  255 227 0
8  210 220 219 218 207 206 2195 2191  255 0 0
3  217 207 206  255 227 0
3  207 217 206  255 0 0
4  216 206 2195 205  255 227 0
4  206 216 205 2195  255 0 0
7  215 205 2082 204 212 213 214  54 255 0
7  205 215 214 213 212 204 2082  255 0 0
5  211 204 2082 1942 209  249 255 0
5  204 211 209 1942 2082  255 0 0
4  179 209 2097 1947  249 255 0
4  209 179 1947 2097  255 0 0
4  178 2097 1937 2191  0 255 43
3  209 2097 1937  255 0 0
3  178 2097 1947  255 0 0
3  209 1937 2097  249 255 0
3  209 1937 1942  255 0 0
3  209 1942 1937  249 255 0
4  205 2082 1942 2195  255 0 0
4  203 1074 1072 202  0 173 255
4  203 1074 1067 164  151 0 255
4  203 317 2017 202  151 0 255
4  202 1072 1071 201  0 173 255
4  202 1072 1074 203  151 0 255
4  202 2017 2045 201  151 0 255
4  201 1071 1076 200  0 173 255
4  201 2045 2017 202  217 255 0
4  201 1071 1072 202  151 0 255
4  201 2045 2028 200  151 0 255
4  200 2028 2045 201  217 255 0
4  200 1076 1077 199  0 173 255
4  200 2028 2024 199  151 0 255
4  200 1076 1071 201  151 0 255
4  199 1077 1080 198  0 173 255
4  199 2024 2028 200  217 255 0
4  199 1077 1076 200  151 0 255
4  199 2024 2046 198  151 0 255
4  197 1065 1063 196  0 173 255
4  197 2032 2046 198  217 255 0
4  197 1065 1080 198  151 0 255
4  198 1080 1065 197  0 173 255
4  198 2046 2024 199  217 255 0
4  198 1080 1077 199  151 0 255
4  198 2046 2032 197  151 0 255
4  196 314 2032 197  217 255 0
4  196 1063 1065 197  151 0 255
4  203 164 1067 1074  0 173 255
15  203 164 163 187 175 167 194 195 196 197 198 199 200 201 202  217 255 0
3  186 164 163  0 173 255
15  203 202 201 200 199 198 197 196 195 194 167 175 187 163 164  0 173 255
3  185 118 121  0 75 255
5  187 118 121 162 163  0 173 255
3  174 185 173  0 108 255
3  185 174 173  0 173 255
4  193 174 173 184  0 108 255
4  174 193 184 173  0 255 141
4  192 184 173 172  0 108 255
4  184 192 172 173  0 255 141
4  191 172 173 185  0 108 255
4  172 191 185 173  0 173 255
6  150 191 185 121 122 153  0 75 255
6  191 150 153 122 121 185  0 173 255
4  149 150 153 148  119 0 255
4  150 149 148 153  0 173 255
5  190 149 148 188 189  119 0 255
5  149 190 189 188 148  0 206 255
5  147 122 186 145 146  217 255 0
5  122 147 146 145 186  0 173 255
5  187 163 162 121 118  217 255 0
3  186 163 164  217 255 0
3  186 163 162  0 173 255
3  186 162 163  217 255 0
4  186 162 121 122  0 173 255
3  185 121 118  0 173 255
4  186 122 121 162  217 255 0
3  178 1947 2097  0 255 43
7  183 1938 1947 179 180 181 182  151 255 0
5  177 1938 1947 178 176  0 255 43
7  183 182 181 180 179 1947 1938  249 255 0
5  178 1947 1938 177 176  151 255 0
8  175 167 166 170 171 172 173 174  0 173 255
8  167 175 174 173 172 171 170 166  0 255 141
4  169 170 166 168  0 255 173
4  170 169 168 166  0 255 141
5  161 154 153 150 151  119 0 255
5  154 161 151 150 153  0 75 255
4  160 151 152 159  119 0 255
4  151 160 159 152  0 255 238
7  158 152 151 150 155 156 157  119 0 255
7  152 158 157 156 155 150 151  0 75 255
8  149 140 139 144 145 146 147 148  0 173 255
8  140 149 148 147 146 145 144 139  0 206 255
5  143 144 139 141 142  0 255 173
5  144 143 142 141 139  0 206 255
3  138 118 1767  217 255 0
3  118 138 1767  0 75 255
5  137 138 1767 116 136  217 255 0
5  138 137 136 116 1767  0 255 238
3  135 116 115  217 255 0
3  116 135 115  255 0 130
3  134 115 114  217 255 0
3  115 134 114  54 0 255
4  113 114 115 1740  217 255 0
4  114 113 1740 115  54 0 255
3  133 113 112  217 255 0
3  113 133 112  54 0 255
10  132 112 113 1740 2340 120 128 129 130 131  217 255 0
10  112 132 131 130 129 128 120 2340 1740 113  54 0 255
4  127 120 2340 119  217 255 0
4  120 127 119 2340  54 0 255
4  126 119 1855 117  217 255 0
4  119 126 117 1855  255 0 130
5  125 117 1773 123 124  217 255 0
5  117 125 124 123 1773  0 255 238
5  122 123 1773 118 121  217 255 0
5  123 122 121 118 1773  0 75 255
4  116 1767 1768 1851  217 255 0
3  118 1767 1768  0 75 255
4  115 1851 1853 1740  217 255 0
3  118 1768 1767  217 255 0
3  118 1768 1769  0 75 255
3  115 1851 116  255 0 130
3  118 1769 1768  217 255 0
3  118 1769 1770  0 75 255
3  118 1770 1769  217 255 0
3  118 1770 1771  0 75 255
3  118 1771 1770  217 255 0
3  118 1771 1773  0 75 255
4  119 1855 1854 2340  255 0 130
3  118 1773 1771  217 255 0
4  117 1773 1771 1855  0 255 238
3  115 116 1851  217 255 0
3  95 2176 94  255 130 0
4  95 1097 1099 96  0 255 10
4  95 2176 8 96  151 0 255
4  95 1097 1095 94  151 0 255
4  97 6 8 96  255 130 0
4  97 1100 1099 96  151 0 255
4  97 6 7 98  151 0 255
4  96 1099 1100 97  0 255 10
4  96 8 2176 95  255 130 0
4  96 1099 1097 95  151 0 255
4  96 8 6 97  151 0 255
3  95 94 2176  151 0 255
3  15 91 14  21 255 0
3  91 15 14  255 130 0
6  111 15 14 90 109 110  21 255 0
6  15 111 110 109 90 14  255 195 0
3  108 90 89  0 255 10
3  90 108 89  255 195 0
5  107 89 1167 1134 106  0 255 10
5  89 107 106 1134 1167  255 0 97
4  105 106 1134 19  0 255 10
4  106 105 19 1134  255 162 0
6  104 19 12 11 102 103  0 255 108
6  19 104 103 102 11 12  255 162 0
5  101 11 12 18 100  0 255 108
5  11 101 100 18 12  255 130 0
9  99 18 88 93 94 95 96 97 98  0 255 10
9  18 99 98 97 96 95 94 93 88  255 130 0
4  92 88 2266 91  21 255 0
4  88 92 91 2266  255 130 0
3  90 14 1638  21 255 0
4  91 14 1638 2266  255 130 0
4  19 1134 1133 12  0 255 10
4  91 2266 1638 14  21 255 0
5  89 90 1638 13 1167  0 255 10
5  90 89 1167 13 1638  255 195 0
7  88 18 12 1133 1166 13 2266  0 255 10
7  18 88 2266 13 1166 1133 12  255 130 0
5  87 69 68 85 86  255 97 0
5  69 87 86 85 68  255 32 0
3  84 68 67  255 97 0
3  68 84 67  255 32 0
4  83 67 26 82  255 97 0
4  67 83 82 26  255 32 0
3  81 26 66  184 255 0
3  26 81 66  255 32 0
6  80 66 26 28 10 79  184 255 0
6  66 80 79 10 28 26  255 32 0
9  78 10 1160 17 75 76 2184 1589 77  255 130 0
9  10 78 77 1589 2184 76 75 17 1160  255 32 0
4  65 17 29 30  255 195 0
4  17 65 30 29  255 32 0
4  74 65 30 73  255 195 0
4  65 74 73 30  255 32 0
4  72 30 64 71  255 97 0
4  30 72 71 64  255 32 0
3  70 64 63  255 97 0
3  64 70 63  255 32 0
6  69 63 64 29 1162 28  255 97 0
6  63 69 28 1162 29 64  255 32 0
4  68 69 26 67  255 97 0
4  69 68 67 26  255 32 0
3  26 69 28  255 97 0
3  69 26 28  255 32 0
4  10 28 1162 1160  184 255 0
4  17 29 1162 1160  255 32 0
3  64 29 30  255 32 0
3  64 30 29  255 97 0
4  50 1093 1092 49  0 255 75
4  50 1438 1441 51  0 43 255
4  50 1093 1095 51  151 0 255
4  50 1438 1435 49  151 0 255
4  52 1097 1095 51  0 255 75
4  52 5 1442 53  0 43 255
4  52 1097 1099 53  151 0 255
4  52 5 1441 51  151 0 255
4  51 1441 5 52  0 43 255
4  51 1095 1093 50  0 255 75
4  51 1441 1438 50  151 0 255
4  51 1095 1097 52  151 0 255
4  53 1099 1097 52  0 255 75
4  53 1442 1443 54  0 43 255
4  53 1099 1100 54  151 0 255
4  53 1442 5 52  151 0 255
4  54 1100 1099 53  0 255 75
4  54 1443 1442 53  151 0 255
4  48 1090 1089 47  0 255 75
4  48 1433 1435 49  0 43 255
4  48 1090 1092 49  151 0 255
4  48 1433 1431 47  151 0 255
4  47 1089 1086 40  0 255 75
4  47 1431 1433 48  0 43 255
4  47 1089 1090 48  151 0 255
4  47 1431 1429 40  151 0 255
4  40 1429 1431 47  0 43 255
4  40 1086 1089 47  151 0 255
4  49 1092 1090 48  0 255 75
4  49 1435 1438 50  0 43 255
4  49 1092 1093 50  151 0 255
4  49 1435 1433 48  151 0 255
3  62 41 1641  0 43 255
3  41 62 1641  21 255 0
6  61 62 1641 22 23 60  0 43 255
6  62 61 60 23 22 1641  0 255 75
5  59 23 22 57 58  0 43 255
5  23 59 58 57 22  0 255 108
15  21 22 1641 39 40 47 48 49 50 51 52 53 54 55 56  0 43 255
15  22 21 56 55 54 53 52 51 50 49 48 47 40 39 1641  0 255 75
5  46 40 39 44 45  0 43 255
5  40 46 45 44 39  0 255 75
4  43 39 41 42  0 43 255
4  39 43 42 41  21 255 0
3  41 1641 39  21 255 0
3  41 39 1641  0 43 255
4  28 10 1160 1162  255 32 0
4  29 17 1160 1162  255 195 0
9  38 27 26 28 1162 34 35 36 37  255 97 0
9  27 38 37 36 35 34 1162 28 26  184 255 0
7  33 34 1162 29 30 31 32  255 97 0
7  34 33 32 31 30 29 1162  255 195 0
4  19 12 1133 1134  255 162 0
5  25 19 12 18 20  0 255 10
5  19 25 20 18 12  0 255 108
6  24 25 20 21 22 23  0 255 75
6  25 24 23 22 21 20  0 255 108
3  14 90 1638  255 195 0
3  13 1167 1166  255 195 0
3  13 2266 1638  255 130 0
3  13 1166 1167  0 255 10
3  13 1638 2266  0 255 10
9  16 17 1160 1144 1166 13 1638 14 15  255 130 0
9  17 16 15 14 1638 13 1166 1144 1160  255 195 0
5  12 1133 1129 9 11  255 130 0
5  12 11 9 1129 1133  255 162 0
5  10 9 1129 1144 1160  255 130 0
5  9 10 1160 1144 1129  184 255 0
6  1083 88 2266 1638 90 1084  0 255 10
6  88 1083 1084 90 1638 2266  21 255 0
7  44 1083 1084 1450 62 1641 39  0 255 75
7  1083 44 39 1641 62 1450 1084  21 255 0
4  1606 1547 1550 1604  151 0 255
4  1606 1547 2187 1608  255 32 0
4  1600 1554 1555 1597  151 0 255
4  1600 1554 1552 1601  255 0 0
4  1601 1552 1554 1600  151 0 255
4  1601 1552 1550 1604  255 0 0
4  1589 2184 2187 1608  151 0 255
4  1589 2184 7 98  255 130 0
4  1597 1555 1554 1600  249 255 0
4  1608 2187 1547 1606  151 0 255
4  1608 2187 2184 1589  255 32 0
4  1604 1550 1552 1601  151 0 255
12  850 243 1593 1595 1596 1597 1600 1601 1604 1606 1608 1589  255 0 32
12  243 850 1589 1608 1606 1604 1601 1600 1597 1596 1595 1593  151 0 255
10  1631 850 852 1326 1612 1499 1498 1625 1627 1629  249 0 255
10  850 1631 1629 1627 1625 1498 1499 1612 1326 852  151 0 255
6  856 852 850 1589 98 860  255 0 32
6  852 856 860 98 1589 850  151 0 255
10  1623 856 860 1611 1613 1615 1616 1617 1620 1622  255 0 162
10  856 1623 1622 1620 1617 1616 1615 1613 1611 860  151 0 255
6  2187 1547 872 876 7 2184  255 0 65
6  1547 2187 2184 7 876 872  151 0 255
6  6 7 876 94 2176 8  255 0 65
6  7 6 8 2176 94 876  151 0 255
9  2165 876 1544 1571 1287 1288 1621 1586 1726  255 0 195
9  876 2165 1726 1586 1621 1288 1287 1571 1544  151 0 255
3  872 1544 876  255 0 195
3  1544 872 876  151 0 255
3  869 872 1547  255 0 65
3  872 869 1547  151 0 255
9  1567 869 1541 1563 1564 1565 1293 1294 1568  184 0 255
9  869 1567 1568 1294 1293 1565 1564 1563 1541  151 0 255
3  867 1541 869  184 0 255
3  1541 867 869  151 0 255
8  862 867 1547 1550 1552 1554 1555 861  255 0 65
8  867 862 861 1555 1554 1552 1550 1547  151 0 255
9  1408 862 861 1067 164 165 1262 1263 1559  0 173 255
9  862 1408 1559 1263 1262 165 164 1067 861  151 0 255
3  869 1547 867  255 0 65
3  1547 869 867  151 0 255
13  1537 1521 1520 1523 1524 1525 1526 1527 1530 1531 1532 1533 1534  86 255 0
13  1521 1537 1534 1533 1532 1531 1530 1527 1526 1525 1524 1523 1520  255 0 0
4  1437 1497 1479 1478  86 0 255
4  1497 1437 1478 1479  255 0 0
8  1489 1478 1479 1495 1514 1516 1517 1493  119 255 0
8  1478 1489 1493 1517 1516 1514 1495 1479  255 0 0
3  1511 1495 1494  119 255 0
3  1495 1511 1494  255 0 0
8  1508 1494 1495 1479 1477 1503 1505 1507  119 255 0
8  1494 1508 1507 1505 1503 1477 1479 1495  255 0 0
5  1440 1477 1479 1497 1501  86 0 255
5  1477 1440 1501 1497 1479  255 0 0
8  1493 1489 444 1490 1101 1102 1491 1492  0 238 255
8  1489 1493 1492 1491 1102 1101 1490 444  119 255 0
5  1479 1477 441 443 1478  86 0 255
5  1477 1479 1478 443 441  119 255 0
4  1443 4 3 1442  151 0 255
4  1441 1215 1216 5  255 65 0
4  1441 1215 1214 1438  151 0 255
4  1438 1214 1215 1441  255 65 0
4  1438 1214 1213 1435  151 0 255
4  1433 0 1213 1435  255 65 0
4  1433 0 1 1431  151 0 255
4  1431 1 0 1433  255 65 0
4  1429 2 1 1431  255 65 0
4  5 1216 3 1442  255 65 0
4  5 1216 1215 1441  151 0 255
4  1435 1213 1214 1438  255 65 0
4  1435 1213 0 1433  151 0 255
4  1442 3 1216 5  151 0 255
6  1461 1410 1178 1314 1318 1458  255 65 0
6  1410 1461 1458 1318 1314 1178  0 43 255
5  1311 1178 1177 1454 1456  255 65 0
5  1178 1311 1456 1454 1177  0 43 255
5  1451 1177 1410 1180 1449  255 65 0
5  1177 1451 1449 1180 1410  0 43 255
3  1447 1180 1409  255 65 0
3  1180 1447 1409  0 43 255
4  1446 1409 1180 278  255 65 0
4  1409 1446 278 1180  0 43 255
20  1443 278 1180 1410 1414 1415 1418 1404 1405 1422 1406 297 1429 1431 1433 1435 1438 1441 5 1442  255 65 0
20  278 1443 1442 5 1441 1438 1435 1433 1431 1429 297 1406 1422 1405 1404 1418 1415 1414 1410 1180  0 43 255
6  1426 297 1406 1423 603 1425  255 65 0
6  297 1426 1425 603 1423 1406  0 43 255
4  1421 1405 1404 1419  255 65 0
4  1405 1421 1419 1404  0 43 255
3  1178 1410 1177  255 65 0
3  1410 1178 1177  0 43 255
4  1373 0 1 259  217 0 255
4  1373 261 922 1372  0 10 255
4  1373 0 1213 1372  255 0 227
4  1367 1215 1214 1370  217 0 255
4  1367 1215 1216 1366  255 0 227
4  1367 2077 2072 1370  255 0 227
4  1370 1214 1213 1372  217 0 255
4  1370 2072 2077 1367  0 10 255
4  1370 1214 1215 1367  255 0 227
4  1370 2072 922 1372  255 0 227
4  1372 1213 0 1373  217 0 255
4  1372 922 2072 1370  0 10 255
4  1372 1213 1214 1370  255 0 227
4  1366 1216 1215 1367  217 0 255
4  1366 1216 3 263  255 0 227
4  1366 264 2077 1367  255 0 227
7  1390 263 1362 1387 1388 1389 1256  217 0 255
7  263 1390 1256 1389 1388 1387 1362  0 10 255
4  976 1362 1270 1358  217 0 255
4  1362 976 1358 1270  0 10 255
9  1384 1270 1362 263 1364 739 740 743 1383  217 0 255
9  1270 1384 1383 743 740 739 1364 263 1362  0 10 255
13  1380 1364 263 1366 1367 1370 1372 1373 259 1138 1156 1026 1027  217 0 255
13  1364 1380 1027 1026 1156 1138 259 1373 1372 1370 1367 1366 263  0 10 255
4  1351 2072 922 1350  0 10 255
4  1351 2072 2077 260  21 0 255
4  1350 922 2072 1351  21 0 255
9  1355 1349 256 1350 1351 260 1298 1354 1118  0 255 206
9  1349 1355 1118 1354 1298 260 1351 1350 256  0 10 255
10  1335 1192 1132 1136 1228 1229 1230 1329 1332 1334  217 0 255
10  1192 1335 1334 1332 1329 1230 1229 1228 1136 1132  255 65 0
3  1130 1132 1188  217 0 255
3  1132 1130 1188  255 65 0
4  1197 1188 1132 1192  217 0 255
4  1188 1197 1192 1132  255 65 0
4  1222 1197 1192 846  217 0 255
4  1197 1222 846 1192  255 65 0
3  847 846 1187  217 0 255
3  846 847 1187  255 65 0
17  280 1187 846 1192 1193 1204 1206 656 2 1 0 1213 1214 1215 1216 3 4  217 0 255
17  1187 280 4 3 1216 1215 1214 1213 0 1 2 656 1206 1204 1193 1192 846  255 65 0
5  295 2 656 655 1013  217 0 255
5  2 295 1013 655 656  255 65 0
4  1184 1193 1192 1182  217 0 255
4  1193 1184 1182 1192  255 65 0
3  1203 1184 1182  217 0 255
3  1184 1203 1182  255 65 0
3  1200 1182 1192  217 0 255
3  1182 1200 1192  255 65 0
4  1166 1133 1129 1144  255 0 97
4  1166 1133 1134 1167  0 255 10
4  1167 1134 1133 1166  255 0 97
4  1166 1144 1129 1133  255 130 0
4  1145 34 1162 1160  255 195 0
4  34 1145 1160 1162  184 255 0
5  89 1145 1144 1166 1167  255 195 0
5  1145 89 1167 1166 1144  255 0 97
3  1160 1144 1145  255 195 0
3  1160 1145 1144  184 255 0
5  1155 1145 1144 1129 1035  255 0 97
5  1145 1155 1035 1129 1144  184 255 0
7  36 1035 1143 1150 27 38 37  255 162 0
7  1035 36 37 38 27 1150 1143  184 255 0
6  1148 1143 1035 1129 9 923  255 162 0
6  1143 1148 923 9 1129 1035  184 255 0
5  106 1035 1129 1133 1134  255 0 97
5  1035 106 1134 1133 1129  255 162 0
4  2191 1937 1942 2195  0 255 43
4  2191 1937 2097 178  255 0 0
4  2195 1942 2082 205  0 255 43
4  2195 1942 1937 2191  255 0 0
14  2060 176 178 2191 2195 205 2175 2172 2205 2207 1883 2211 2145 2143  0 255 43
14  176 2060 2143 2145 2211 1883 2207 2205 2172 2175 205 2195 2191 178  255 227 0
6  906 905 2172 2175 205 2082  0 255 43
6  905 906 2082 205 2175 2172  54 255 0
7  230 906 2082 204 1958 250 251  249 255 0
7  906 230 251 250 1958 204 2082  54 255 0
5  906 2082 2080 233 232  0 255 43
5  2082 906 232 233 2080  249 255 0
4  1881 2080 2082 2090  0 255 43
4  2080 1881 2090 2082  249 255 0
5  235 2090 1935 237 236  0 255 43
5  2090 235 236 237 1935  249 255 0
8  1938 1935 2090 2082 1942 1937 2097 1947  0 255 43
8  1935 1938 1947 2097 1937 1942 2082 2090  249 255 0
19  1107 1084 1083 1085 298 1086 1089 1090 1092 1093 1095 1097 1099 1100 277 1104 20 25 1106  0 255 75
19  1084 1107 1106 25 20 1104 277 1100 1099 1097 1095 1093 1092 1090 1089 1086 298 1085 1083  0 255 10
18  1067 332 144 139 898 1874 170 166 1877 356 1063 1065 1080 1077 1076 1071 1072 1074  0 173 255
18  332 1067 1074 1072 1071 1076 1077 1080 1065 1063 356 1877 166 170 1874 898 139 144  0 255 173
4  1851 1768 1767 116  0 255 238
4  1851 115 1740 1853  255 0 130
4  1851 1768 1769 1853  217 255 0
4  1853 1740 2340 1854  255 0 130
4  1853 1769 1768 1851  0 255 238
4  1853 1769 1770 1854  217 255 0
4  1854 1770 1769 1853  0 255 238
4  1854 2340 1740 1853  217 255 0
4  1854 1770 1771 1855  217 255 0
4  1855 1771 1770 1854  0 255 238
4  1855 119 2340 1854  217 255 0
4  1855 1771 1773 117  217 255 0
9  1855 117 698 702 1605 116 1851 1853 1854  255 0 130
9  117 1855 1854 1853 1851 116 1605 702 698  0 255 238
3  701 698 705  255 0 130
3  698 701 705  0 255 238
4  706 705 698 117  255 0 130
4  705 706 117 698  0 255 238
6  958 706 117 853 1037 959  255 0 130
6  706 958 959 1037 853 117  0 255 238
5  859 853 117 1799 865  255 0 130
5  853 859 865 1799 117  0 255 238
3  1841 865 1799  255 0 130
3  865 1841 1799  0 255 238
3  1273 1799 117  255 0 130
3  1799 1273 117  0 255 238
4  1274 1273 117 1330  255 0 130
4  1273 1274 1330 117  0 255 238
3  1328 1274 1330  255 0 130
3  1274 1328 1330  0 255 238
3  1798 1330 117  255 0 130
3  1330 1798 117  0 255 238
4  1146 1798 117 982  255 0 130
4  1798 1146 982 117  0 255 238
3  1140 1146 982  255 0 130
3  1146 1140 982  0 255 238
3  977 982 117  255 0 130
3  982 977 117  0 255 238
5  979 977 117 1796 974  255 0 130
5  977 979 974 1796 117  0 255 238
3  1829 974 1796  255 0 130
3  974 1829 1796  0 255 238
8  1647 1796 117 1821 1790 1297 1049 1046  255 0 130
8  1796 1647 1046 1049 1297 1790 1821 117  0 255 238
4  1827 1297 1790 1824  255 0 130
4  1297 1827 1824 1790  0 255 238
11  1773 123 1731 1401 1231 138 1767 1768 1769 1770 1771  0 255 238
11  123 1773 1771 1770 1769 1768 1767 138 1231 1401 1731  0 75 255
3  1762 1731 1183  0 255 238
3  1731 1762 1183  0 108 255
3  1185 1183 1731  0 255 238
3  1183 1185 1731  0 108 255
13  1190 1185 123 154 161 151 152 158 157 156 155 1733 1194  0 255 238
13  1185 1190 1194 1733 155 156 157 158 152 151 161 154 123  0 75 255
3  1731 123 1185  0 255 238
3  123 1731 1185  0 75 255
6  921 1428 899 1695 119 2340  255 0 130
6  1428 921 2340 119 1695 899  54 0 255
3  919 921 936  255 0 130
3  921 919 936  54 0 255
6  935 936 1740 115 1434 2297  255 0 130
6  936 935 2297 1434 115 1740  54 0 255
4  2340 1740 936 921  255 0 130
4  1740 2340 921 936  54 0 255
4  907 1695 899 900  255 0 130
4  1695 907 900 899  54 0 255
4  1713 899 1428 972  255 0 130
4  899 1713 972 1428  54 0 255
5  1518 972 1428 1845 966  255 0 130
5  972 1518 966 1845 1428  54 0 255
9  1733 191 185 1231 1401 1731 1185 1190 1194  0 108 255
9  191 1733 1194 1190 1185 1731 1401 1231 185  0 75 255
6  287 255 728 1056 1701 1561  0 141 255
6  255 287 1561 1701 1056 728  0 255 206
3  729 728 1052  0 141 255
3  728 729 1052  0 255 206
3  563 1052 564  0 141 255
3  1052 563 564  0 255 206
9  1720 564 924 1034 1953 2063 1710 1221 1212  0 141 255
9  564 1720 1212 1221 1710 2063 1953 1034 924  0 255 206
5  2324 924 2047 1033 1754  0 141 255
5  924 2324 1754 1033 2047  0 255 206
14  1417 2047 924 564 780 778 1831 1416 1096 1094 1087 1078 1082 1088  0 141 255
14  2047 1417 1088 1082 1078 1087 1094 1096 1416 1831 778 780 564 924  0 255 206
5  2144 1417 1088 2325 1833  0 141 255
5  1417 2144 1833 2325 1088  0 255 206
6  1091 1088 1082 252 253 1079  0 141 255
6  1088 1091 1079 253 252 1082  0 255 206
3  779 778 780  0 141 255
3  778 779 780  0 255 206
15  1699 780 564 728 255 1679 1681 751 1682 1687 1691 1304 486 807 719  0 141 255
15  780 1699 719 807 486 1304 1691 1687 1682 751 1681 1679 255 728 564  0 255 206
5  1676 1679 255 1378 1675  0 141 255
5  1679 1676 1675 1378 255  0 255 206
7  1673 1378 255 952 953 954 1379  0 141 255
7  1378 1673 1379 954 953 952 255  0 255 206
5  1382 1379 424 1391 1385  0 141 255
5  1379 1382 1385 1391 424  0 255 206
7  425 424 1379 954 955 956 426  0 141 255
7  424 425 426 956 955 954 1379  0 255 206
4  950 952 946 949  0 141 255
4  952 950 949 946  0 255 206
3  841 946 842  0 141 255
3  946 841 842  0 255 206
8  435 842 255 2104 2102 939 941 944  0 141 255
8  842 435 944 941 939 2102 2104 255  0 255 206
12  937 939 2102 1513 1842 692 697 929 931 805 932 934  0 141 255
12  939 937 934 932 805 931 929 697 692 1842 1513 2102  0 255 206
9  693 692 1842 1686 2112 2114 696 694 695  0 141 255
9  692 693 695 694 696 2114 2112 1686 1842  0 255 206
3  2075 696 2114  0 141 255
3  696 2075 2114  0 255 206
6  2125 2075 2114 875 873 2122  0 141 255
6  2075 2125 2122 873 875 2114  0 255 206
14  2196 2125 2122 1342 2213 2203 1941 819 818 817 2154 1946 1987 2192  0 141 255
14  2125 2196 2192 1987 1946 2154 817 818 819 1941 2203 2213 1342 2122  0 255 206
3  878 2122 873  0 141 255
3  2122 878 873  0 255 206
7  1838 2114 2112 1940 2130 884 881  0 141 255
7  2114 1838 881 884 2130 1940 2112  0 255 206
5  1709 2102 2104 1782 1703  0 141 255
5  2102 1709 1703 1782 2104  0 255 206
8  1264 2104 255 1574 1560 2214 2218 2220  0 141 255
8  2104 1264 2220 2218 2214 1560 1574 255  0 255 206
3  952 255 946  0 141 255
3  255 952 946  0 255 206
3  946 255 842  0 141 255
3  255 946 842  0 255 206
3  1052 728 564  0 141 255
3  728 1052 564  0 255 206
4  2066 2028 2045 319  255 0 227
4  2066 2028 2024 2067  217 255 0
4  2067 2024 2028 2066  255 0 227
4  2067 2024 2046 311  217 255 0
10  2077 264 1803 311 2067 2066 319 917 922 2072  255 0 227
10  264 2077 2072 922 917 319 2066 2067 311 1803  21 0 255
3  261 922 917  255 0 227
3  922 261 917  21 0 255
3  1834 917 319  255 0 227
3  917 1834 319  21 0 255
15  1350 256 1542 1543 1371 315 309 535 532 2179 2180 2162 1301 260 1351  0 255 206
15  256 1350 1351 260 1301 2162 2180 2179 532 535 309 315 1371 1543 1542  21 0 255
11  1 2 911 892 895 3 1216 1215 1214 1213 0  255 0 227
11  2 1 0 1213 1214 1215 1216 3 895 892 911  151 0 255
3  4 3 895  255 0 227
3  3 4 895  151 0 255
3  1248 895 892  255 0 227
3  895 1248 892  151 0 255
3  889 911 2  255 0 227
3  911 889 2  151 0 255
3  2006 889 888  255 0 227
3  889 2006 888  151 0 255
4  904 888 889 2  255 0 227
4  888 904 2 889  151 0 255
18  314 904 2 912 882 664 1990 2200 886 887 1242 317 2017 2045 2028 2024 2046 2032  255 0 227
18  904 314 2032 2046 2024 2028 2045 2017 317 1242 887 886 2200 1990 664 882 912 2  151 0 255
4  2003 887 886 1994  255 0 227
4  887 2003 1994 886  151 0 255
4  665 664 882 1980  255 0 227
4  664 665 1980 882  151 0 255
4  877 874 872 876  255 0 195
4  874 877 876 872  255 0 65
4  870 868 867 869  184 0 255
4  868 870 869 867  255 0 65
4  863 246 861 862  0 173 255
4  246 863 862 861  255 0 65
4  860 856 854 858  255 0 162
4  856 860 858 854  255 0 32
4  852 850 849 851  249 0 255
4  850 852 851 849  255 0 32

