COFF
10417 13310 0

-46.1961 28.824 -215.144
-47.2471 26.9228 -215.144
-50.6464 28.8019 -215.144
-54.0457 30.681 -215.144
-57.4451 32.5602 -215.144
-60.8444 34.4393 -215.144
-64.2437 36.3184 -215.144
-67.6431 38.1976 -215.144
-66.5921 40.0987 -215.144
-63.1928 38.2196 -215.144
-59.7934 36.3405 -215.144
-56.3941 34.4614 -215.144
-52.9948 32.5823 -215.144
-49.5954 30.7031 -215.144
-53.6359 58.0818 -193.243
-56.9642 52.0608 -193.243
-56.7719 51.9545 -193.243
-56.9622 54.5647 -193.243
-56.3242 54.212 -193.243
-58.1187 52.4725 -193.243
-57.4807 52.1199 -193.243
-56.0052 54.0357 -193.243
-57.1617 51.9435 -193.243
-56.9025 53.166 -193.243
-56.5835 52.9896 -193.243
-55.8057 56.6569 -193.243
-55.1677 56.3042 -193.243
-56.8726 52.4666 -193.243
-58.059 51.0738 -193.243
-57.74 50.8975 -193.243
-57.9789 49.7709 -193.243
-60.4809 51.154 -193.243
-58.2132 55.2563 -193.243
-55.9455 59.3586 -193.243
-43.9945 54.995 -196.012
-42.8321 57.0977 -196.012
-50.0148 46.0016 -196.012
-44.8138 43.1265 -196.012
-46.7613 51.8871 -196.012
-41.5604 49.0121 -196.012
-33.8637 51.1333 -196.012
-40.0299 39.9787 -196.012
-46.1961 28.824 -196.012
-56.3941 34.4614 -196.012
-66.5921 40.0987 -196.012
-60.4809 51.154 -196.012
-57.9789 49.7709 -196.012
-55.2158 48.8767 -196.012
-53.2683 40.1161 -196.012
-58.4692 42.9911 -196.012
-56.7719 51.9545 -196.012
-51.9623 54.7622 -196.012
-56.9642 52.0608 -196.012
-53.5891 51.8194 -196.012
-56.1895 53.2569 -196.012
-56.516 49.5954 -196.012
-54.8893 52.5382 -196.012
-54.4024 50.3481 -196.012
-55.7027 51.0668 -196.012
-52.6153 47.4391 -196.012
-49.3618 53.3247 -196.012
-48.3881 48.9443 -196.012
-50.9886 50.3819 -196.012
-61.0697 44.4287 -196.012
-56.8425 45.9339 -196.012
-59.443 47.3714 -196.012
-56.3528 51.4262 -196.012
-56.5962 52.5212 -196.012
-55.5394 52.8976 -196.012
-55.296 51.8025 -196.012
-55.9461 52.1619 -196.012
-53.2626 55.4809 -196.012
-52.7757 53.2908 -196.012
-54.0759 54.0096 -196.012
-56.6778 51.6059 -196.012
-56.7996 52.1534 -196.012
-56.2712 52.3416 -196.012
-56.1495 51.794 -196.012
-56.4745 51.9737 -196.012
-57.1662 49.9548 -196.012
-56.1093 50.3311 -196.012
-56.7595 50.6905 -196.012
-58.1428 46.6527 -196.012
-58.6296 48.8428 -196.012
-56.0291 47.4053 -196.012
-57.3294 48.124 -196.012
-55.8687 41.5536 -196.012
-51.6415 43.0589 -196.012
-54.242 44.4964 -196.012
-48.0673 37.241 -196.012
-60.7433 48.0902 -196.012
-59.9299 49.5616 -196.012
-53.6359 58.0818 -196.012
-55.9455 59.3586 -196.012
-54.4903 61.991 -196.012
34.9705 -30.4799 -137.362
34.9705 -30.4799 -133.69
34.9705 -30.4799 -130.018
34.304 -30.1115 -137.362
12.0884 -15.9859 114.32
19.4131 -2.73533 114.32
-3.94088 -7.12509 114.32
3.3839 6.12545 114.32
12.8466 -17.9778 111.561
21.322 -2.64581 111.561
-5.36139 -7.91254 111.561
3.11394 7.4194 111.561
5.40593 -2.62907 155.325
5.40593 -5.25652 155.325
5.40593 -7.88393 155.325
8.04274 -2.62907 155.325
8.04274 -5.25652 155.325
8.04274 -7.88393 155.325
10.6795 -2.62907 155.325
10.6795 -5.25652 155.325
10.6795 -7.88393 155.325
3.49658 -2.75784 155.325
4.4577 -1.49582 155.325
5.75508 -0.583016 155.325
7.26759 -0.104683 155.325
8.85391 -0.105501 155.325
10.3659 -0.585435 155.325
11.6623 -1.49961 155.325
12.6221 -2.76264 155.325
13.1556 -4.25658 155.325
13.2129 -5.84186 155.325
12.7888 -7.37047 155.325
11.9228 -8.69954 155.325
10.6958 -9.70499 155.325
9.22241 -10.2929 155.325
7.64029 -10.4084 155.325
6.09719 -10.0405 155.325
4.73723 -9.22383 155.325
3.68746 -8.03454 155.325
3.04591 -6.58373 155.325
2.87253 -5.0069 155.325
3.18349 -3.45134 155.325
5.40593 -3.94277 155.325
4.08752 -5.25652 155.325
4.08752 -2.62907 155.325
4.08752 -3.94277 155.325
6.94802 -4.1441 161.823
6.94802 -5.24379 161.823
6.94802 -6.34348 161.823
8.05163 -4.1441 161.823
8.05163 -5.24379 161.823
8.05163 -6.34348 161.823
9.15527 -4.1441 161.823
9.15527 -5.24379 161.823
9.15527 -6.34348 161.823
6.07524 -4.29468 161.823
6.55115 -3.66979 161.823
7.09416 -3.28774 161.823
7.72721 -3.08753 161.823
8.39115 -3.08787 161.823
9.024 -3.28875 161.823
9.56661 -3.67135 161.823
9.96832 -4.20002 161.823
10.1916 -4.82529 161.823
10.2156 -5.4888 161.823
10.0381 -6.12858 161.823
9.67561 -6.68486 161.823
9.16206 -7.10571 161.823
8.54539 -7.35176 161.823
7.8832 -7.40005 161.823
7.23734 -7.24613 161.823
6.66815 -6.9043 161.823
6.22877 -6.40655 161.823
5.96025 -5.79929 161.823
5.88767 -5.13931 161.823
6.04165 -4.36905 161.823
6.94802 -4.69395 161.823
6.39622 -5.24379 161.823
6.39622 -4.1441 161.823
6.39622 -4.69395 161.823
6.39622 -4.41902 161.823
6.12031 -4.69395 161.823
6.12031 -4.41902 161.823
10.6151 -14.7062 120.813
10.2415 -13.7636 120.813
11.1058 -14.5118 120.813
10.7323 -13.5692 120.813
11.5966 -14.3173 120.813
11.2231 -13.3747 120.813
17.8834 -3.57242 120.813
16.9419 -3.78751 120.813
17.769 -3.07176 120.813
16.8275 -3.28681 120.813
17.6547 -2.57106 120.813
16.7132 -2.78612 120.813
10.2415 -13.7636 126.685
11.2231 -13.3747 126.685
9.82265 -12.7066 126.685
10.8042 -12.3177 126.685
16.9419 -3.78751 126.685
16.7132 -2.78612 126.685
16.3859 -3.9145 126.685
16.1571 -2.91314 126.685
15.8299 -4.04152 126.685
15.6011 -3.04017 126.685
8.74506 -10.7015 148.301
8.93817 -11.1888 148.301
9.34261 -11.4953 148.301
10.3241 -11.1063 148.301
10.3448 -10.6308 148.301
10.2112 -10.2936 148.301
9.63732 -10.5526 148.301
13.4788 -4.90246 148.301
13.9138 -4.80307 148.301
14.4228 -4.36295 148.301
14.194 -3.3616 148.301
13.6443 -3.09572 148.301
13.1073 -3.32343 148.301
13.32 -3.82051 148.301
-10.9214 -6.31736 100.879
-9.28928 -3.36499 100.879
-7.65723 -0.412571 100.879
-6.02516 2.53984 100.879
-4.39311 5.49222 100.879
-2.76106 8.44464 100.879
-1.129 11.3971 100.879
-6.22032 -8.91605 100.879
-4.58825 -5.96367 100.879
-2.9562 -3.01126 100.879
-1.32415 -0.0588436 100.879
0.30792 2.89353 100.879
1.93997 5.84595 100.879
3.57202 8.79836 100.879
-1.51928 -11.5147 100.879
0.112768 -8.56232 100.879
1.74484 -5.60995 100.879
3.37689 -2.65753 100.879
5.00894 0.294884 100.879
6.641 3.24726 100.879
8.27305 6.19968 100.879
3.18175 -14.1134 100.879
4.8138 -11.161 100.879
6.44585 -8.2086 100.879
8.07792 -5.25622 100.879
9.70997 -2.3038 100.879
11.342 0.648611 100.879
12.9741 3.60099 100.879
7.88277 -16.7121 100.879
9.51483 -13.7597 100.879
11.1469 -10.8073 100.879
12.779 -7.85491 100.879
14.411 -4.90249 100.879
16.0431 -1.95008 100.879
17.6751 1.0023 100.879
12.5838 -19.3108 100.879
14.2159 -16.3584 100.879
15.8479 -13.406 100.879
17.48 -10.4536 100.879
19.112 -7.50118 100.879
20.7441 -4.54877 100.879
22.3762 -1.59635 100.879
17.2848 -21.9095 100.879
18.9169 -18.957 100.879
20.549 -16.0047 100.879
22.181 -13.0522 100.879
23.8131 -10.0998 100.879
25.4451 -7.14745 100.879
27.0772 -4.19504 100.879
20.7204 -25.4498 100.879
21.656 -23.7573 100.879
21.8579 -23.8689 100.879
21.2674 -20.2564 100.879
18.1009 -20.4333 100.879
19.6354 -23.2088 100.879
20.4514 -21.7326 100.879
21.6266 -22.3823 100.879
20.0434 -22.4707 100.879
20.8106 -23.8585 100.879
21.2186 -23.1204 100.879
16.4688 -23.3856 100.879
18.8193 -24.685 100.879
21.0146 -23.4894 100.879
19.2273 -23.9469 100.879
19.9946 -25.3347 100.879
20.4026 -24.5965 100.879
23.0508 -21.7108 100.879
22.849 -21.5992 100.879
22.4427 -20.9061 100.879
20.8594 -20.9945 100.879
22.0346 -21.6442 100.879
22.8995 -17.304 100.879
19.7329 -17.4809 100.879
22.0834 -18.7802 100.879
22.2387 -21.2751 100.879
22.6223 -21.969 100.879
23.2587 -19.4299 100.879
21.6754 -19.5183 100.879
22.8507 -20.168 100.879
24.3909 -18.8098 100.879
24.5928 -18.9214 100.879
24.0747 -17.9537 100.879
22.4915 -18.0421 100.879
23.6667 -18.6918 100.879
24.5315 -14.3516 100.879
21.365 -14.5284 100.879
23.7155 -15.8278 100.879
24.6624 -18.2785 100.879
23.8707 -18.3227 100.879
24.4584 -18.6476 100.879
24.8908 -16.4775 100.879
23.3075 -16.5659 100.879
24.4827 -17.2156 100.879
25.7416 -16.8431 100.879
25.5398 -16.7315 100.879
25.7068 -15.0013 100.879
24.1235 -15.0897 100.879
25.2988 -15.7394 100.879
26.1636 -11.3992 100.879
22.997 -11.5761 100.879
25.3475 -12.8754 100.879
25.0948 -16.1084 100.879
26.9144 -14.2449 100.879
27.1162 -14.3565 100.879
26.5228 -13.5251 100.879
24.9395 -13.6135 100.879
26.1148 -14.2631 100.879
27.1104 -13.8499 100.879
26.3188 -13.8941 100.879
27.3388 -12.0488 100.879
25.7556 -12.1373 100.879
26.9308 -12.787 100.879
27.7956 -8.4468 100.879
24.6291 -8.62364 100.879
26.9796 -9.92299 100.879
28.4323 -11.9757 100.879
28.2305 -11.8641 100.879
28.1549 -10.5727 100.879
26.5716 -10.6611 100.879
27.7469 -11.3108 100.879
27.5428 -11.6798 100.879
27.9265 -12.3737 100.879
28.1305 -12.0046 100.879
29.6995 -9.20653 100.879
29.9014 -9.31811 100.879
29.4277 -5.49438 100.879
26.2611 -5.67123 100.879
28.6117 -6.97057 100.879
29.7869 -7.62024 100.879
28.2036 -7.70868 100.879
28.9709 -9.09647 100.879
29.3789 -8.35836 100.879
29.9665 -8.68317 100.879
29.1749 -8.72741 100.879
29.7625 -9.05223 100.879
27.3876 -9.18487 100.879
28.5629 -9.83455 100.879
31.0285 -7.27913 100.879
30.8266 -7.16755 100.879
30.6029 -6.14405 100.879
29.0197 -6.2325 100.879
30.1949 -6.88217 100.879
27.8932 -2.71885 100.879
30.2437 -4.01819 100.879
30.3989 -6.51311 100.879
31.419 -4.66786 100.879
29.8357 -4.75627 100.879
31.011 -5.40594 100.879
31.823 -5.3652 100.879
31.2388 -3.43136 100.879
29.5833 -2.51622 100.879
29.79 -2.1424 100.879
28.3012 -1.98074 100.879
29.0685 -3.36852 100.879
23.1922 -0.120161 100.879
24.7267 -2.89569 100.879
25.5427 -1.41951 100.879
27.7018 -0.988052 100.879
27.4951 -1.36187 100.879
25.9507 -0.681392 100.879
26.718 -2.06918 100.879
27.126 -1.33106 100.879
25.1944 -0.0900602 100.879
22.8937 1.18175 100.879
23.1003 1.55557 100.879
18.4911 2.47853 100.879
20.0256 -0.297006 100.879
20.8417 1.17918 100.879
21.2497 1.9173 100.879
22.0169 0.529511 100.879
22.4249 1.26762 100.879
20.9061 2.76852 100.879
20.6995 2.39466 100.879
18.8992 3.2166 100.879
19.6664 1.82886 100.879
20.0744 2.56693 100.879
13.7901 5.07721 100.879
15.3246 2.30164 100.879
16.1406 3.77787 100.879
17.95 3.91453 100.879
18.1567 4.28839 100.879
16.5486 4.51595 100.879
17.3159 3.1282 100.879
15.7427 5.62278 100.879
15.5361 5.24896 100.879
14.1981 5.81529 100.879
14.9654 4.42754 100.879
9.08908 7.67587 100.879
10.6236 4.90033 100.879
11.4396 6.37652 100.879
12.8657 6.72511 100.879
13.0723 7.09897 100.879
11.8476 7.11463 100.879
12.6149 5.72685 100.879
10.8925 8.30396 100.879
10.6858 7.93014 100.879
9.49711 8.41398 100.879
10.2643 7.02619 100.879
4.38806 10.2746 100.879
5.92253 7.49902 100.879
6.73858 8.97521 100.879
7.96241 9.43557 100.879
8.16908 9.80943 100.879
7.14659 9.71332 100.879
7.91384 8.32554 100.879
8.32185 9.06365 100.879
5.95066 11.0357 100.879
5.74401 10.6619 100.879
5.56332 9.62488 100.879
5.97133 10.363 100.879
-0.312975 12.8732 100.879
1.22152 10.0977 100.879
2.03754 11.5739 100.879
3.44925 11.9304 100.879
1.15451 13.1989 100.879
1.36116 13.5728 100.879
2.44555 12.312 100.879
0.0950375 13.6113 100.879
0.862284 12.2236 100.879
-3.47951 12.6964 100.879
-2.66349 14.1726 100.879
-0.867971 14.805 100.879
-1.07462 14.4312 100.879
-1.48823 13.5229 100.879
-2.71595 15.3385 100.879
-4.43925 14.6802 100.879
-5.31858 13.0894 100.879
-5.72535 13.3143 100.879
-1.94502 9.92083 100.879
-5.11158 9.74398 100.879
-4.29554 11.2202 100.879
-3.88753 11.9583 100.879
-4.65477 13.346 100.879
-5.4708 11.8698 100.879
-5.06278 12.608 100.879
-6.97908 11.0463 100.879
-6.57231 10.8214 100.879
-4.70355 10.4821 100.879
-6.28684 10.3937 100.879
-5.87881 11.1317 100.879
-3.57709 6.96845 100.879
-6.74363 6.79157 100.879
-5.92761 8.26776 100.879
-8.04863 8.15074 100.879
-8.4554 8.37562 100.879
-6.33562 7.52968 100.879
-7.10287 8.91743 100.879
-7.91889 7.44124 100.879
-7.51088 8.17935 100.879
-5.20914 4.01603 100.879
-8.37568 3.83915 100.879
-7.55966 5.31538 100.879
-9.68656 6.14841 100.879
-9.27979 5.92356 100.879
-7.96767 4.57726 100.879
-8.73491 5.96505 100.879
-9.55094 4.48882 100.879
-9.14293 5.22694 100.879
-6.84121 1.06362 100.879
-10.0077 0.886773 100.879
-9.19172 2.36296 100.879
-10.7398 3.28242 100.879
-11.1466 3.50726 100.879
-8.78369 3.10108 100.879
-10.367 3.01263 100.879
-9.95895 3.75075 100.879
-12.3824 1.27161 100.879
-11.9756 1.04676 100.879
-8.47326 -1.88876 100.879
-11.6398 -2.06564 100.879
-10.8238 -0.589454 100.879
-10.4158 0.14866 100.879
-11.183 1.53645 100.879
-11.999 0.0602188 100.879
-11.591 0.798332 100.879
-13.4132 -1.55386 100.879
-13.759 -1.36273 100.879
-10.1053 -4.84118 100.879
-13.2719 -5.01802 100.879
-12.4558 -3.54183 100.879
-12.0478 -2.80376 100.879
-12.8151 -1.41597 100.879
-13.6311 -2.89216 100.879
-13.2231 -2.15408 100.879
-14.8704 -3.37332 100.879
-14.5247 -3.56445 100.879
-12.8638 -4.27994 100.879
-14.4471 -4.36839 100.879
-14.0391 -3.63027 100.879
-11.7374 -7.79359 100.879
-14.0879 -6.49425 100.879
-15.6021 -5.51343 100.879
-14.9247 -7.10429 100.879
-13.4346 -7.92802 100.879
-13.6684 -8.3511 100.879
-12.1454 -8.53167 100.879
-12.9126 -7.14392 100.879
-7.03634 -10.3922 100.879
-8.57083 -7.61671 100.879
-9.38686 -9.09293 100.879
-11.6163 -9.48551 100.879
-11.3824 -9.06242 100.879
-9.79487 -9.83101 100.879
-10.5621 -8.44326 100.879
-10.9701 -9.18134 100.879
-8.99916 -10.3799 100.879
-6.6159 -11.6973 100.879
-6.84978 -12.1204 100.879
-2.33531 -12.9909 100.879
-3.8698 -10.2154 100.879
-4.68582 -11.6916 100.879
-5.09384 -12.4297 100.879
-5.86108 -11.0419 100.879
-6.26909 -11.78 100.879
-4.81532 -13.245 100.879
-4.58146 -12.8219 100.879
-2.74332 -13.729 100.879
-3.51056 -12.3413 100.879
-3.91858 -13.0794 100.879
2.36573 -15.5896 100.879
0.831236 -12.8141 100.879
0.0152111 -14.2903 100.879
-1.72917 -14.3986 100.879
-1.96303 -14.8217 100.879
-0.392801 -15.0284 100.879
-1.16005 -13.6406 100.879
0.242937 -16.0411 100.879
0.476801 -15.6181 100.879
1.9577 -16.3277 100.879
1.19047 -14.9399 100.879
7.06674 -18.1883 100.879
5.53227 -15.4128 100.879
4.71623 -16.889 100.879
3.26991 -17.1621 100.879
3.03605 -17.5851 100.879
4.30821 -17.6271 100.879
3.54097 -16.2393 100.879
5.28198 -18.8267 100.879
5.51584 -18.4036 100.879
6.65873 -18.9264 100.879
5.89149 -17.5386 100.879
11.7678 -20.787 100.879
10.2333 -18.0114 100.879
9.41726 -19.4876 100.879
8.37898 -19.9863 100.879
8.14511 -20.4094 100.879
9.00925 -20.2257 100.879
8.242 -18.838 100.879
7.83399 -19.5761 100.879
10.3802 -21.6449 100.879
10.614 -21.2218 100.879
10.5925 -20.1373 100.879
10.1845 -20.8754 100.879
14.9343 -20.6101 100.879
14.1183 -22.0863 100.879
12.7316 -22.3924 100.879
14.8492 -23.563 100.879
14.6153 -23.9861 100.879
16.0608 -24.1238 100.879
15.2936 -22.736 100.879
13.7103 -22.8244 100.879
17.0912 -25.3547 100.879
17.325 -24.9316 100.879
17.6441 -24.0353 100.879
18.9198 -25.8131 100.879
22.5808 -28.7171 77.3216
25.1776 -24.0195 77.3216
27.7744 -19.3219 77.3216
30.3711 -14.6243 77.3216
32.9679 -9.92671 77.3216
35.5647 -5.22913 77.3216
10.2967 -22.3859 77.3216
9.1847 -24.3976 77.3216
8.07266 -26.4093 77.3216
11.5696 -28.3424 77.3216
15.0666 -30.2755 77.3216
18.5636 -32.2086 77.3216
22.0606 -34.1417 77.3216
23.8427 -30.9178 77.3216
25.6248 -27.694 77.3216
27.4069 -24.4702 77.3216
29.189 -21.2463 77.3216
30.9711 -18.0225 77.3216
32.7532 -14.7987 77.3216
34.5353 -11.5748 77.3216
36.3174 -8.35099 77.3216
38.0995 -5.12715 77.3216
39.8816 -1.90331 77.3216
36.3846 0.0297832 77.3216
32.8876 1.96287 77.3216
29.3907 3.89597 77.3216
25.8937 5.82906 77.3216
24.8622 3.96316 77.3216
23.8308 2.09723 77.3216
25.9689 0.915274 77.3216
28.107 -0.266645 77.3216
28.3358 0.147246 77.3216
30.2575 -0.915015 77.3216
30.0287 -1.32891 77.3216
31.7675 -0.0635319 77.3216
31.2579 0.218163 77.3216
31.1183 -1.23794 77.3216
30.6087 -0.95624 77.3216
32.4976 -2.6937 77.3216
33.2371 -5.11934 77.3216
31.862 -7.60681 77.3216
32.3205 -7.86023 77.3216
34.5456 -4.66574 77.3216
31.9488 -9.36336 77.3216
34.2663 -7.5779 77.3216
33.2472 -7.01455 77.3216
32.598 -8.18895 77.3216
29.352 -14.0609 77.3216
31.6695 -12.2755 77.3216
30.6504 -11.7122 77.3216
31.0892 -10.0876 77.3216
30.6308 -9.83417 77.3216
31.2996 -10.5378 77.3216
29.1661 -12.4838 77.3216
29.6245 -12.7372 77.3216
30.0012 -12.8865 77.3216
26.7552 -18.7585 77.3216
29.0727 -16.9731 77.3216
28.0536 -16.4097 77.3216
28.4597 -14.8444 77.3216
28.0013 -14.5909 77.3216
28.7028 -15.2353 77.3216
26.5257 -17.2603 77.3216
26.9841 -17.5137 77.3216
27.4044 -17.5841 77.3216
24.1585 -23.4561 77.3216
26.476 -21.6707 77.3216
25.4568 -21.1073 77.3216
25.7747 -19.7016 77.3216
25.3162 -19.4482 77.3216
24.9473 -20.8257 77.3216
26.1061 -19.9329 77.3216
23.7626 -22.2588 77.3216
24.1865 -22.4931 77.3216
24.8076 -22.2817 77.3216
24.2981 -22.0001 77.3216
21.5617 -28.1537 77.3216
23.8792 -26.3683 77.3216
22.8601 -25.8049 77.3216
23.0386 -24.5698 77.3216
22.587 -24.3202 77.3216
23.5093 -24.6305 77.3216
21.3442 -26.5685 77.3216
19.1595 -27.2851 77.3216
16.7579 -25.9575 77.3216
16.5573 -26.3205 77.3216
15.1677 -27.6857 77.3216
16.1868 -28.2491 77.3216
15.8169 -26.5113 77.3216
15.6772 -27.9674 77.3216
16.836 -27.0747 77.3216
16.3264 -26.793 77.3216
13.1294 -26.559 77.3216
14.1486 -27.1223 77.3216
14.0815 -24.9518 77.3216
14.2821 -24.5889 77.3216
13.7786 -25.3846 77.3216
13.639 -26.8407 77.3216
14.7978 -25.9479 77.3216
14.2882 -25.6663 77.3216
12.2894 -23.4874 77.3216
-6.57592 18.0658 77.3216
-9.17269 13.3682 77.3216
-11.7695 8.6706 77.3216
-14.3663 3.97298 77.3216
-16.963 -0.724589 77.3216
-19.5598 -5.42216 77.3216
5.60224 12.1737 77.3216
6.63371 14.0397 77.3216
7.66516 15.9056 77.3216
4.24542 17.796 77.3216
0.825693 19.6864 77.3216
-2.59404 21.5768 77.3216
-6.01378 23.4672 77.3216
-7.79589 20.2434 77.3216
-9.57799 17.0195 77.3216
-11.3601 13.7957 77.3216
-13.1422 10.5718 77.3216
-14.9243 7.348 77.3216
-16.7064 4.12419 77.3216
-18.4885 0.900353 77.3216
-20.2706 -2.32349 77.3216
-22.0527 -5.54733 77.3216
-23.8348 -8.77117 77.3216
-20.4151 -10.6616 77.3216
-16.9954 -12.552 77.3216
-13.5756 -14.4424 77.3216
-10.1559 -16.3328 77.3216
-9.04383 -14.321 77.3216
-7.93178 -12.3093 77.3216
-9.94066 -11.1989 77.3216
-11.9495 -10.0884 77.3216
-12.1502 -10.4513 77.3216
-12.8853 -12.1783 77.3216
-14.8786 -11.0765 77.3216
-13.8819 -11.6274 77.3216
-13.3837 -11.9028 77.3216
-12.2362 -11.0039 77.3216
-13.2328 -10.453 77.3216
-12.7344 -10.7284 77.3216
-14.2023 -9.31688 77.3216
-14.0017 -8.95397 77.3216
-15.8752 -10.5256 77.3216
-15.3769 -10.801 77.3216
-14.2294 -9.90207 77.3216
-15.226 -9.35115 77.3216
-14.7277 -9.62659 77.3216
-16.2021 -7.73763 77.3216
-17.1637 -5.67517 77.3216
-15.6523 -2.94109 77.3216
-15.985 -2.75721 77.3216
-18.5632 -5.97309 77.3216
-15.9664 -1.27551 77.3216
-18.2614 -3.07339 77.3216
-17.2648 -3.62428 77.3216
-16.7665 -3.89976 77.3216
-15.4681 -1.55096 77.3216
-16.6156 -2.44992 77.3216
-13.3696 3.4221 77.3216
-15.6647 1.62422 77.3216
-14.668 1.07329 77.3216
-14.8735 -0.746615 77.3216
-14.5409 -0.930493 77.3216
-14.1697 0.797848 77.3216
-15.3172 -0.101111 77.3216
-14.8189 -0.376554 77.3216
-13.1033 1.67009 77.3216
-13.4359 1.85397 77.3216
-12.8714 3.14662 77.3216
-14.0189 2.24769 77.3216
-10.7729 8.11967 77.3216
-13.0679 6.32179 77.3216
-12.0712 5.77087 77.3216
-12.2001 4.08963 77.3216
-11.8675 3.90575 77.3216
-11.573 5.49542 77.3216
-12.7205 4.5965 77.3216
-10.4074 6.54693 77.3216
-10.7401 6.73081 77.3216
-10.2746 7.84423 77.3216
-11.4221 6.94527 77.3216
-8.17608 12.8173 77.3216
-10.4711 11.0194 77.3216
-9.47448 10.4685 77.3216
-9.50893 8.95798 77.3216
-9.1763 8.77411 77.3216
-8.97616 10.193 77.3216
-10.1237 9.29407 77.3216
-7.69998 11.4448 77.3216
-8.03261 11.6287 77.3216
-7.67779 12.5418 77.3216
-8.82529 11.6429 77.3216
-8.32698 11.3674 77.3216
-5.57931 17.5149 77.3216
-7.8743 15.717 77.3216
-6.87769 15.1661 77.3216
-6.77889 13.8967 77.3216
-6.44625 13.7128 77.3216
-6.37939 14.8906 77.3216
-7.5269 13.9917 77.3216
-5.58195 15.2763 77.3216
-2.61317 16.7152 77.3216
-0.612192 15.609 77.3216
-0.383406 16.0229 77.3216
-0.294481 17.66 77.3216
0.203833 17.3846 77.3216
-0.94367 16.4856 77.3216
-0.445375 16.2102 77.3216
2.1666 14.6133 77.3216
1.93781 14.1994 77.3216
3.69196 15.4563 77.3216
3.04276 14.2819 77.3216
3.19364 15.7318 77.3216
2.54445 14.5574 77.3216
3.77001 13.1866 77.3216
19.8898 -11.8627 109.361
12.8466 -17.9778 109.361
14.6505 -18.9749 109.361
16.8766 -20.2055 109.361
17.7286 -15.7723 109.361
18.459 -11.0717 109.361
16.2978 -14.9814 109.361
19.0447 -20.0177 109.361
21.3207 -12.6536 109.361
19.1595 -16.5632 109.361
21.4762 -15.6191 109.361
23.9077 -11.2205 109.361
26.3392 -6.82189 109.361
25.3519 -4.87351 109.361
22.0511 -7.95302 109.361
23.4819 -8.74397 109.361
23.1259 -3.643 109.361
21.322 -2.64581 109.361
20.6202 -7.16208 109.361
18.4969 -7.75646 109.361
15.6717 -12.8671 109.361
28.5363 -3.83856 93.567
26.7559 -7.0592 93.567
24.9756 -10.2798 93.567
23.1952 -13.5005 93.567
21.4149 -16.7211 93.567
19.6346 -19.9418 93.567
17.8542 -23.1624 93.567
23.5434 -1.07854 93.567
21.763 -4.29918 93.567
19.9827 -7.51982 93.567
18.2023 -10.7405 93.567
16.422 -13.9611 93.567
14.6417 -17.1817 93.567
12.8613 -20.4024 93.567
18.5505 1.68148 93.567
16.7701 -1.53916 93.567
14.9898 -4.7598 93.567
13.2095 -7.98044 93.567
11.4291 -11.2011 93.567
9.64878 -14.4217 93.567
7.86844 -17.6424 93.567
13.5576 4.4415 93.567
11.7772 1.22085 93.567
9.99689 -1.99979 93.567
8.21655 -5.22043 93.567
6.43621 -8.44107 93.567
4.65589 -11.6617 93.567
2.87556 -14.8823 93.567
8.56466 7.20151 93.567
6.78433 3.98087 93.567
5.00401 0.760232 93.567
3.22367 -2.46041 93.567
1.44333 -5.68105 93.567
-0.337008 -8.90169 93.567
-2.11735 -12.1223 93.567
3.57178 9.96153 93.567
1.79144 6.74089 93.567
0.0110989 3.52025 93.567
-1.76924 0.299609 93.567
-3.54957 -2.92103 93.567
-5.32991 -6.14167 93.567
-7.11023 -9.36231 93.567
-1.42113 12.7215 93.567
-3.20147 9.50091 93.567
-4.98181 6.28027 93.567
-6.76213 3.05963 93.567
-8.54246 -0.161015 93.567
-10.3228 -3.38162 93.567
-12.1031 -6.60226 93.567
21.3442 -26.5685 93.567
22.587 -24.3202 93.567
23.0386 -24.5698 93.567
18.7444 -21.5521 93.567
20.3507 -24.5424 93.567
22.131 -21.3218 93.567
21.2409 -22.9321 93.567
20.7958 -23.7372 93.567
21.5989 -25.2324 93.567
22.4891 -23.6221 93.567
22.044 -24.4273 93.567
16.9641 -24.7727 93.567
19.4605 -26.1527 93.567
24.1865 -22.4931 93.567
23.7626 -22.2588 93.567
21.6859 -22.1269 93.567
23.3793 -22.0118 93.567
22.9342 -22.8169 93.567
20.5248 -18.3314 93.567
23.9114 -18.1011 93.567
23.0212 -19.7114 93.567
25.3162 -19.4482 93.567
25.7747 -19.7016 93.567
23.4663 -18.9063 93.567
24.2694 -20.4015 93.567
25.1596 -18.7911 93.567
24.7145 -19.5963 93.567
22.3051 -15.1108 93.567
25.6917 -14.8805 93.567
24.8015 -16.4908 93.567
26.9841 -17.5137 93.567
26.5257 -17.2603 93.567
25.2466 -15.6856 93.567
26.0498 -17.1808 93.567
26.9399 -15.5705 93.567
26.4948 -16.3757 93.567
24.0854 -11.8902 93.567
27.472 -11.6598 93.567
26.5819 -13.2702 93.567
28.0013 -14.5909 93.567
28.4597 -14.8444 93.567
26.1368 -14.0753 93.567
27.8301 -13.9602 93.567
27.385 -14.7653 93.567
29.6245 -12.7372 93.567
29.1661 -12.4838 93.567
25.8657 -8.66952 93.567
29.2524 -8.43921 93.567
28.3622 -10.0495 93.567
27.9171 -10.8547 93.567
28.7202 -12.3499 93.567
29.6104 -10.7395 93.567
29.1653 -11.5447 93.567
30.6308 -9.83417 93.567
31.0892 -10.0876 93.567
28.8073 -9.24437 93.567
30.5006 -9.12921 93.567
30.0555 -9.93437 93.567
27.6461 -5.44888 93.567
31.0327 -5.21857 93.567
30.1425 -6.82889 93.567
32.3205 -7.86023 93.567
31.862 -7.60681 93.567
30.5876 -6.02373 93.567
31.3908 -7.51889 93.567
32.2809 -5.90857 93.567
31.8358 -6.71373 93.567
29.4264 -2.22824 93.567
31.9229 -3.60825 93.567
33.2371 -5.11934 93.567
32.4976 -2.6937 93.567
30.0287 -1.32891 93.567
30.2575 -0.915015 93.567
30.6746 -2.91824 93.567
31.1197 -2.11308 93.567
24.4335 0.53178 93.567
26.0398 -2.45855 93.567
26.93 -0.848228 93.567
28.3358 0.147246 93.567
28.107 -0.266645 93.567
27.375 -0.0430679 93.567
28.1782 -1.53823 93.567
28.6233 -0.733072 93.567
25.9689 0.915274 93.567
23.8308 2.09723 93.567
23.7658 2.1331 93.567
19.4406 3.2918 93.567
21.0469 0.301469 93.567
21.9371 1.91179 93.567
22.3822 2.71695 93.567
23.1853 1.22179 93.567
24.8786 1.33694 93.567
23.6304 2.02695 93.567
23.8529 2.42953 93.567
24.2545 1.68192 93.567
25.6818 -0.158224 93.567
23.7417 2.22824 93.567
23.9424 1.85445 93.567
23.0063 2.37193 93.567
23.2288 2.77451 93.567
19.8857 4.09696 93.567
20.6889 2.60179 93.567
14.4477 6.05182 93.567
16.054 3.06149 93.567
16.9442 4.67181 93.567
23.4078 1.62437 93.567
23.8094 0.876764 93.567
24.6561 0.934361 93.567
24.032 1.27934 93.567
21.492 1.10663 93.567
22.2951 -0.388535 93.567
23.9884 -0.273379 93.567
22.7402 0.416625 93.567
17.6603 0.0711575 93.567
19.2666 -2.91917 93.567
22.6532 -2.68886 93.567
20.1567 -1.30885 93.567
23.686 2.12759 93.567
23.7864 1.9407 93.567
23.9981 1.9551 93.567
23.8421 2.04134 93.567
23.1175 2.57322 93.567
23.3183 2.19944 93.567
23.5409 2.60202 93.567
23.4296 2.40073 93.567
22.1596 2.31437 93.567
22.5612 1.56681 93.567
22.7837 1.96939 93.567
23.5191 1.82565 93.567
23.7199 1.45187 93.567
24.1432 1.48063 93.567
23.8312 1.65316 93.567
23.9946 2.54699 93.567
22.5958 3.32026 93.567
21.3781 3.99337 93.567
21.1493 3.57948 93.567
18.8994 4.82324 93.567
19.1282 5.23713 93.567
17.3893 5.47697 93.567
18.1924 3.9818 93.567
16.0553 6.93582 93.567
15.8265 6.52193 93.567
14.8928 6.85698 93.567
15.6959 5.36181 93.567
16.141 6.16697 93.567
9.45484 8.81183 93.567
11.0611 5.8215 93.567
11.9513 7.43182 93.567
13.8462 7.61656 93.567
14.075 8.03045 93.567
12.3964 8.23698 93.567
13.1995 6.74182 93.567
11.3269 9.54961 93.567
11.0981 9.13572 93.567
9.89991 9.61699 93.567
10.7031 8.12183 93.567
4.46194 11.5719 93.567
6.06822 8.58152 93.567
6.95838 10.1918 93.567
8.83666 10.3858 93.567
9.06545 10.7997 93.567
7.40347 10.997 93.567
8.20662 9.50184 93.567
7.73969 11.5326 93.567
6.23669 12.3634 93.567
6.00791 11.9495 93.567
5.71015 10.8818 93.567
-0.530951 14.3319 93.567
1.07532 11.3415 93.567
1.96549 12.9519 93.567
5.60224 12.1737 93.567
1.93781 14.1994 93.567
2.1666 14.6133 93.567
-0.0858784 15.137 93.567
0.717272 13.6419 93.567
1.16234 14.447 93.567
-3.91757 14.1016 93.567
-3.02741 15.7119 93.567
-0.383406 16.0229 93.567
-0.612192 15.609 93.567
-1.77919 15.0219 93.567
-1.3341 15.827 93.567
-2.61317 16.7152 93.567
-5.58195 15.2763 93.567
-6.44625 13.7128 93.567
-6.77889 13.8967 93.567
-5.69791 10.8809 93.567
-2.31129 11.1112 93.567
-4.80775 12.4912 93.567
-6.05597 13.1812 93.567
-4.36266 13.2964 93.567
-5.61088 13.9864 93.567
-5.83342 13.5838 93.567
-6.94613 11.5709 93.567
-5.25282 11.6861 93.567
-6.50104 12.3761 93.567
-7.47825 7.66028 93.567
-4.09163 7.89059 93.567
-6.58807 9.2706 93.567
-8.03261 11.6287 93.567
-7.69998 11.4448 93.567
-7.83631 9.9606 93.567
-6.143 10.0758 93.567
-7.39122 10.7658 93.567
-7.16866 11.1683 93.567
-9.1763 8.77411 93.567
-9.50893 8.95798 93.567
-8.72647 8.35028 93.567
-7.03316 8.46544 93.567
-8.28138 9.15544 93.567
-9.25858 4.43964 93.567
-5.87197 4.66995 93.567
-8.36841 6.04996 93.567
-8.50393 8.75286 93.567
-9.61663 6.73996 93.567
-7.92334 6.85512 93.567
-9.17156 7.54512 93.567
-10.7401 6.73081 93.567
-10.4074 6.54693 93.567
-10.5068 5.12964 93.567
-8.8135 5.2448 93.567
-10.0617 5.9348 93.567
-11.0389 1.21903 93.567
-7.6523 1.44931 93.567
-10.1487 2.82931 93.567
-9.83918 6.33738 93.567
-10.2407 7.08498 93.567
-11.8675 3.90575 93.567
-12.2001 4.08963 93.567
-11.397 3.51936 93.567
-9.70366 3.63448 93.567
-10.9519 4.32448 93.567
-11.1744 3.92194 93.567
-12.2871 1.90904 93.567
-10.5938 2.02415 93.567
-11.8421 2.7142 93.567
-12.8192 -2.00161 93.567
-9.43264 -1.77133 93.567
-11.9291 -0.391289 93.567
-13.4359 1.85397 93.567
-13.1033 1.67009 93.567
-13.1773 0.298716 93.567
-11.484 0.413872 93.567
-12.7322 1.10388 93.567
-12.5097 1.50646 93.567
-12.9113 2.25402 93.567
-13.1338 1.85144 93.567
-14.5409 -0.930493 93.567
-14.8735 -0.746615 93.567
-14.0675 -1.3116 93.567
-12.3742 -1.19645 93.567
-13.6224 -0.506444 93.567
-14.5996 -5.22225 93.567
-11.213 -4.99194 93.567
-13.7094 -3.61193 93.567
-13.8449 -0.909024 93.567
-14.9576 -2.92192 93.567
-13.2643 -2.80677 93.567
-14.5126 -2.11677 93.567
-15.985 -2.75721 93.567
-15.6523 -2.94109 93.567
-15.8478 -4.53225 93.567
-14.1545 -4.41709 93.567
-15.4027 -3.72709 93.567
-12.9933 -8.21258 93.567
-15.4898 -6.83257 93.567
-15.1802 -3.3245 93.567
-17.1637 -5.67517 93.567
-16.2021 -7.73763 93.567
-14.0017 -8.95397 93.567
-14.2023 -9.31688 93.567
-13.4384 -9.01774 93.567
-14.2415 -7.52257 93.567
-14.6866 -8.32773 93.567
-8.00041 -10.9726 93.567
-9.6067 -7.98227 93.567
-10.4969 -9.59259 93.567
-12.1502 -10.4513 93.567
-11.9495 -10.0884 93.567
-11.7451 -8.90258 93.567
-12.1902 -9.70774 93.567
-9.94066 -11.1989 93.567
-7.93178 -12.3093 93.567
-7.18305 -12.7232 93.567
-3.00751 -13.7327 93.567
-4.61379 -10.7423 93.567
-5.50397 -12.3526 93.567
-7.38365 -13.0861 93.567
-5.94904 -13.1578 93.567
-6.75219 -11.6626 93.567
-6.22374 -13.7273 93.567
-5.34921 -14.2108 93.567
-5.14858 -13.8479 93.567
-3.4526 -14.5378 93.567
-4.25573 -13.0426 93.567
-4.70082 -13.8478 93.567
1.98538 -16.4927 93.567
0.379095 -13.5023 93.567
-0.511065 -15.1127 93.567
-2.29629 -15.4246 93.567
-2.49692 -15.7875 93.567
-0.956152 -15.9178 93.567
-1.75928 -14.4227 93.567
-0.290945 -17.0069 93.567
-0.0903263 -16.644 93.567
1.54031 -17.2978 93.567
0.737158 -15.8027 93.567
6.97828 -19.2527 93.567
5.372 -16.2624 93.567
4.48184 -17.8727 93.567
2.70279 -18.188 93.567
2.50216 -18.5509 93.567
4.03675 -18.6778 93.567
3.2336 -17.1827 93.567
4.74809 -19.7924 93.567
4.94872 -19.4295 93.567
6.5332 -20.0578 93.567
5.73007 -18.5627 93.567
11.9712 -22.0127 93.567
10.3649 -19.0224 93.567
9.47473 -20.6327 93.567
7.81185 -21.0122 93.567
7.61123 -21.3752 93.567
9.02963 -21.4379 93.567
8.2265 -19.9427 93.567
8.63239 -21.9397 93.567
9.84629 -22.6107 93.567
10.0469 -22.2478 93.567
11.5261 -22.8179 93.567
10.7229 -21.3227 93.567
10.2779 -22.1279 93.567
15.3578 -21.7824 93.567
14.4676 -23.3927 93.567
10.2967 -22.3859 93.567
12.2894 -23.4874 93.567
14.2821 -24.5889 93.567
9.65375 -21.7828 93.567
9.43122 -22.1854 93.567
10.902 -22.4728 93.567
14.0225 -24.1979 93.567
13.2194 -22.7027 93.567
12.7743 -23.5079 93.567
14.0815 -24.9518 93.567
16.519 -25.5779 93.567
15.7159 -24.0827 93.567
15.2708 -24.8879 93.567
16.5573 -26.3205 93.567
16.7579 -25.9575 93.567
18.2123 -25.4627 93.567
17.7672 -26.2679 93.567
19.1595 -27.2851 93.567
42.2889 -40.4903 -195.554
47.0851 -43.1416 -195.554
49.7383 -38.342 -195.554
59.0177 -43.4716 -195.554
61.8341 -41.1885 -195.554
66.8989 -32.0262 -195.554
67.4144 -28.2821 -195.554
58.1349 -23.1525 -195.554
60.9399 -18.0782 -195.554
56.1437 -15.4269 -195.554
49.2163 -27.9586 -195.554
23.8308 2.09723 44.6192
25.8937 5.82906 44.6192
30.5563 3.25161 44.6192
35.219 0.674135 44.6192
39.8816 -1.90331 44.6192
36.3174 -8.35099 44.6192
32.7532 -14.7987 44.6192
29.189 -21.2463 44.6192
25.6248 -27.694 44.6192
22.0606 -34.1417 44.6192
17.3979 -31.5642 44.6192
12.7353 -28.9868 44.6192
8.07266 -26.4093 44.6192
10.2967 -22.3859 44.6192
10.0469 -22.2478 44.6192
9.84629 -22.6107 44.6192
8.63239 -21.9397 44.6192
5.6295 -27.3719 44.6192
10.4709 -30.0482 44.6192
16.6082 -33.4408 44.6192
22.7454 -36.8334 44.6192
25.6867 -31.5126 44.6192
29.1912 -25.173 44.6192
32.6956 -18.8334 44.6192
36.2001 -12.4938 44.6192
39.7045 -6.15421 44.6192
42.5795 -0.953449 44.6192
36.4422 2.43916 44.6192
30.305 5.83177 44.6192
25.4636 8.50804 44.6192
22.5958 3.32026 44.6192
23.9946 2.54699 44.6192
23.7658 2.1331 44.6192
24.053 3.7836 44.6192
24.3258 3.6328 44.6192
23.7369 3.21177 44.6192
24.0097 3.06097 44.6192
24.1461 2.98558 44.6192
23.8517 2.77507 44.6192
23.9881 2.69965 44.6192
-7.93178 -12.3093 44.6192
-10.1559 -16.3328 44.6192
-16.9954 -12.552 44.6192
-23.8348 -8.77117 44.6192
-20.2706 -2.32349 44.6192
-16.7064 4.12419 44.6192
-13.1422 10.5718 44.6192
-9.57799 17.0195 44.6192
-6.01378 23.4672 44.6192
0.825693 19.6864 44.6192
7.66516 15.9056 44.6192
5.60224 12.1737 44.6192
6.00791 11.9495 44.6192
6.23669 12.3634 44.6192
7.73969 11.5326 44.6192
10.6075 16.7204 44.6192
5.68766 19.44 44.6192
-0.571787 22.9001 44.6192
-6.83124 26.3603 44.6192
-9.70617 21.1595 44.6192
-13.2106 14.82 44.6192
-16.7151 8.48036 44.6192
-20.2196 2.14076 44.6192
-23.724 -4.19883 44.6192
-26.6653 -9.51966 44.6192
-20.4059 -12.9798 44.6192
-14.1464 -16.44 44.6192
-9.22663 -19.1596 44.6192
-6.22374 -13.7273 44.6192
-7.38365 -13.0861 44.6192
-7.18305 -12.7232 44.6192
-51.086 23.0706 -205.726
-49.9972 25.0401 -205.726
-63.6065 18.5804 -205.726
-59.0174 16.0436 -205.726
-60.5871 24.0425 -205.726
-55.998 21.5057 -205.726
-48.6879 24.3163 -205.726
-53.7035 20.2373 -205.726
-54.4883 24.2368 -205.726
-52.1938 22.9684 -205.726
-54.6082 13.6063 -205.726
-60.5286 2.89632 -205.726
-69.5269 7.87042 -205.726
-78.5251 12.8445 -205.726
-73.1492 22.5698 -205.726
-67.7732 32.2951 -205.726
-59.4296 27.6828 -205.726
-25.9541 30.0116 -195.927
-39.1775 37.3214 -195.927
-46.1584 24.6928 -195.927
-53.1394 12.0642 -195.927
-39.916 4.75441 -195.927
-32.9351 17.383 -195.927
-1.17852 -7.15426 120.822
-1.0501 -8.08931 120.822
-0.613939 -7.07672 120.823
-0.485521 -8.01177 120.823
-0.0493412 -6.99918 120.824
0.0790768 -7.93423 120.824
5.63468 3.90486 120.822
5.17635 3.72667 120.822
4.71801 3.54845 120.822
6.05717 2.81819 120.822
5.59883 2.64001 120.822
5.14052 2.46182 120.822
1.27078 -7.7706 127
1.14236 -6.83555 127
0.674929 -7.85242 127
0.546511 -6.91736 127
0.0790768 -7.93423 127
-0.0493412 -6.99918 127
6.05717 2.81819 127
5.14052 2.46182 127
6.48118 1.72765 127
5.56451 1.37125 127
2.18524 -6.6923 148.129
2.33018 -7.62508 148.129
2.90921 -7.73477 148.129
3.16535 -7.69957 148.129
2.65976 -7.09599 148.129
2.83428 -7.00272 148.129
2.72225 -6.40417 148.129
2.54391 -6.44368 148.129
2.60698 -6.75633 148.129
2.45471 -7.12788 148.129
2.40191 -6.78818 148.129
7.59726 0.112197 148.129
7.48365 0.404384 148.129
6.57795 0.128493 148.129
6.89466 0.664201 148.129
5.97799 0.307795 148.129
5.70329 -0.18092 148.129
5.75945 -0.371643 148.129
6.1292 -0.0460072 148.129
6.50689 0.311292 148.129
6.05812 0.136791 148.129
6.66146 -0.00645638 148.129
5.56451 1.37125 134.022
6.48118 1.72765 134.022
6.89466 0.664201 134.022
5.97799 0.307795 134.022
5.70329 -0.18092 134.022
5.75945 -0.371643 134.022
5.4521 -0.496063 134.022
5.21264 -0.353821 134.022
5.83064 0.686785 134.022
1.27078 -7.7706 134.022
1.14236 -6.83555 134.022
1.68946 -6.77259 134.022
2.32612 -5.70055 134.022
2.62363 -5.8772 134.022
2.72225 -6.40417 134.022
2.54391 -6.44368 134.022
2.18524 -6.6923 134.022
2.33018 -7.62508 134.022
10.8042 -12.3177 134.081
9.82265 -12.7066 134.081
9.34261 -11.4953 134.081
10.3241 -11.1063 134.081
10.3448 -10.6308 134.081
10.2112 -10.2936 134.081
10.7348 -10.0573 134.081
11.0345 -10.2353 134.081
10.4057 -11.3121 134.081
15.6011 -3.04017 134.081
15.8299 -4.04152 134.081
14.6557 -4.30975 134.081
13.9048 -5.42328 134.081
13.5219 -5.19591 134.081
13.4788 -4.90246 134.081
13.9138 -4.80307 134.081
14.4228 -4.36295 134.081
14.194 -3.3616 134.081
4.05442 -2.91218 155.325
4.05442 -4.50869 155.325
4.05442 -6.10521 155.325
4.05442 -7.70173 155.325
5.65115 -1.31566 155.325
5.65115 -2.91218 155.325
5.65115 -4.50869 155.325
5.65115 -6.10521 155.325
5.65115 -7.70173 155.325
5.65115 -9.29824 155.325
7.24789 -1.31566 155.325
7.24789 -2.91218 155.325
7.24789 -4.50869 155.325
7.24789 -6.10521 155.325
7.24789 -7.70173 155.325
7.24789 -9.29824 155.325
8.84461 -1.31566 155.325
8.84461 -2.91218 155.325
8.84461 -4.50869 155.325
8.84461 -6.10521 155.325
8.84461 -7.70173 155.325
8.84461 -9.29824 155.325
10.4413 -1.31566 155.325
10.4413 -2.91218 155.325
10.4413 -4.50869 155.325
10.4413 -6.10521 155.325
10.4413 -7.70173 155.325
10.4413 -9.29824 155.325
12.038 -2.91218 155.325
12.038 -4.50869 155.325
12.038 -6.10521 155.325
12.038 -7.70173 155.325
2.5673 -5.18408 155.325
2.67427 -4.48581 155.325
2.78124 -3.78755 155.325
3.06315 -3.13985 155.325
3.34509 -2.49215 155.325
3.78324 -1.93806 155.325
4.22141 -1.38393 155.325
4.78666 -0.960296 155.325
5.35191 -0.536619 155.325
5.4521 -0.496063 155.325
5.75945 -0.371643 155.325
6.66146 -0.00645638 155.325
5.65115 -0.517421 155.325
4.85279 -1.31566 155.325
5.65115 -0.91654 155.325
5.25197 -1.31566 155.325
5.25197 -0.91654 155.325
7.24789 -0.517421 155.325
6.44952 -1.31566 155.325
6.44952 -0.517421 155.325
5.65115 -2.11394 155.325
4.85279 -2.91218 155.325
4.85279 -2.11394 155.325
5.65115 -0.716999 155.325
5.45157 -0.91654 155.325
5.25197 -0.716999 155.325
5.45157 -0.716999 155.325
6.44952 -0.91654 155.325
6.05034 -1.31566 155.325
6.05034 -0.517421 155.325
6.05034 -0.91654 155.325
7.24789 -2.11394 155.325
6.44952 -2.91218 155.325
6.44952 -2.11394 155.325
7.59726 0.112197 155.325
8.06306 0.171282 155.325
8.84461 -0.517421 155.325
8.04624 -1.31566 155.325
8.04624 -0.517421 155.325
8.76327 0.0780039 155.325
9.46349 -0.0152369 155.325
10.1166 -0.284392 155.325
10.7697 -0.553549 155.325
11.3323 -0.98076 155.325
11.8949 -1.40797 155.325
12.3296 -1.96477 155.325
12.7642 -2.52161 155.325
13.1073 -3.32343 155.325
13.32 -3.82051 155.325
13.4788 -4.90246 155.325
13.5219 -5.19591 155.325
13.5252 -5.21834 155.325
12.8364 -6.10521 155.325
12.038 -5.30697 155.325
12.8364 -4.50869 155.325
12.8364 -5.30697 155.325
13.2356 -5.30697 155.325
12.8364 -4.90781 155.325
13.2356 -4.50869 155.325
13.2356 -4.90781 155.325
12.038 -3.71045 155.325
12.8364 -3.71045 155.325
13.4352 -5.30697 155.325
13.2356 -5.10739 155.325
13.4352 -5.10739 155.325
13.2356 -6.10521 155.325
12.8364 -5.70609 155.325
13.2356 -5.70609 155.325
12.038 -6.90349 155.325
12.8364 -6.90349 155.325
13.4352 -5.20718 155.325
13.4352 -5.70609 155.325
13.2356 -5.50651 155.325
13.4352 -5.50651 155.325
13.4851 -5.20718 155.325
13.4352 -5.15729 155.325
13.4851 -5.10739 155.325
13.4851 -5.15729 155.325
13.3354 -5.30697 155.325
13.2356 -5.20718 155.325
13.3354 -5.10739 155.325
13.3354 -5.20718 155.325
13.036 -5.30697 155.325
12.8364 -5.10739 155.325
13.036 -4.90781 155.325
13.036 -5.10739 155.325
12.4372 -5.30697 155.325
12.038 -4.90781 155.325
12.4372 -4.50869 155.325
12.4372 -4.90781 155.325
11.2397 -6.10521 155.325
10.4413 -5.30697 155.325
11.2397 -4.50869 155.325
11.2397 -5.30697 155.325
13.2356 -4.70827 155.325
12.8364 -4.10957 155.325
13.2356 -4.10957 155.325
13.4851 -5.30697 155.325
13.4352 -5.25708 155.325
13.4851 -5.25708 155.325
13.4352 -5.40676 155.325
13.4457 -5.92025 155.325
13.3662 -6.62216 155.325
13.1099 -7.28043 155.325
12.8536 -7.9387 155.325
12.4375 -8.50957 155.325
12.0215 -9.08043 155.325
11.4733 -9.52595 155.325
10.9251 -9.97147 155.325
10.7348 -10.0573 155.325
10.2112 -10.2936 155.325
9.63732 -10.5526 155.325
11.2397 -9.29824 155.325
10.4413 -9.69736 155.325
10.8405 -9.29824 155.325
10.8405 -9.69736 155.325
8.84461 -10.0965 155.325
9.64296 -9.29824 155.325
9.64296 -10.0965 155.325
12.038 -8.5 155.325
10.4413 -8.5 155.325
11.2397 -7.70173 155.325
11.2397 -8.5 155.325
8.74506 -10.7015 155.325
8.24379 -10.7852 155.325
7.24789 -10.0965 155.325
8.04624 -9.29824 155.325
8.04624 -10.0965 155.325
7.54045 -10.7195 155.325
6.8371 -10.6538 155.325
6.17394 -10.4104 155.325
5.51077 -10.1671 155.325
4.93186 -9.76233 155.325
4.35294 -9.35751 155.325
3.89675 -8.8182 155.325
3.44055 -8.27884 155.325
3.16535 -7.69957 155.325
2.83428 -7.00272 155.325
2.72225 -6.40417 155.325
2.62363 -5.8772 155.325
2.57438 -5.61404 155.325
4.05442 -5.30697 155.325
3.25607 -6.10521 155.325
3.25607 -4.50869 155.325
3.25607 -5.30697 155.325
3.49165 -5.40069 114.32
3.49165 -7.77361 114.32
5.92205 -0.654863 114.32
5.92205 -3.02778 114.32
5.92205 -5.40069 114.32
5.92205 -7.77361 114.32
8.35243 -0.654863 114.32
8.35243 -3.02778 114.32
8.35243 -5.40069 114.32
8.35243 -7.77361 114.32
8.35243 -10.1465 114.32
10.7828 -3.02778 114.32
10.7828 -5.40069 114.32
10.7828 -7.77361 114.32
13.2132 -5.40069 114.32
4.71801 3.54845 114.32
5.63468 3.90486 114.32
6.05717 2.81819 114.32
6.48118 1.72765 114.32
6.89466 0.664201 114.32
7.48365 0.404384 114.32
7.13723 -0.654863 114.32
7.59726 0.112197 114.32
8.35243 -0.0616341 114.32
7.74484 -0.654863 114.32
7.13723 -0.0616341 114.32
7.74484 -0.0616341 114.32
8.35243 -1.84132 114.32
7.13723 -3.02778 114.32
5.92205 -1.84132 114.32
7.13723 -1.84132 114.32
8.06306 0.171282 114.32
9.46349 -0.0152369 114.32
10.7697 -0.553549 114.32
11.8949 -1.40797 114.32
12.7642 -2.52161 114.32
13.1073 -3.32343 114.32
13.6443 -3.09572 114.32
13.2132 -4.21424 114.32
11.998 -5.40069 114.32
10.7828 -4.21424 114.32
11.998 -3.02778 114.32
11.998 -4.21424 114.32
14.4284 -4.21424 114.32
14.194 -3.3616 114.32
15.6011 -3.04017 114.32
16.7132 -2.78612 114.32
17.6547 -2.57106 114.32
17.8834 -3.57242 114.32
16.9419 -3.78751 114.32
15.8299 -4.04152 114.32
14.6557 -4.30975 114.32
13.9048 -5.42328 114.32
13.5219 -5.19591 114.32
13.5252 -5.21834 114.32
13.2132 -4.80747 114.32
13.8208 -4.21424 114.32
13.8208 -4.80747 114.32
13.8208 -5.10408 114.32
13.2132 -5.10408 114.32
13.517 -4.80747 114.32
13.517 -5.10408 114.32
13.2132 -5.99392 114.32
11.998 -7.77361 114.32
10.7828 -6.58715 114.32
11.998 -6.58715 114.32
12.6056 -5.40069 114.32
11.998 -4.80747 114.32
12.6056 -4.21424 114.32
12.6056 -4.80747 114.32
13.8208 -5.25239 114.32
13.6689 -5.10408 114.32
13.6689 -5.25239 114.32
13.2132 -5.69731 114.32
12.6056 -6.58715 114.32
11.998 -5.99392 114.32
12.6056 -5.99392 114.32
13.6689 -5.17823 114.32
13.517 -5.17823 114.32
13.593 -5.10408 114.32
13.593 -5.17823 114.32
13.3651 -5.40069 114.32
13.2132 -5.25239 114.32
13.3651 -5.10408 114.32
13.3651 -5.25239 114.32
12.9094 -5.40069 114.32
12.6056 -5.10408 114.32
12.9094 -4.80747 114.32
12.9094 -5.10408 114.32
13.8208 -4.95577 114.32
13.517 -4.95577 114.32
13.6689 -4.80747 114.32
13.6689 -4.95577 114.32
13.8208 -4.51085 114.32
13.2132 -4.51085 114.32
13.517 -4.21424 114.32
13.517 -4.51085 114.32
14.4284 -3.62101 114.32
13.2132 -3.62101 114.32
13.8208 -3.62101 114.32
13.555 -5.17823 114.32
13.4411 -5.25239 114.32
13.3651 -5.17823 114.32
13.4411 -5.10408 114.32
13.4411 -5.17823 114.32
13.2132 -4.95577 114.32
13.3651 -4.80747 114.32
13.3651 -4.95577 114.32
13.3662 -6.62216 114.32
12.8536 -7.9387 114.32
12.0215 -9.08043 114.32
10.9251 -9.97147 114.32
10.7348 -10.0573 114.32
10.7828 -8.96007 114.32
10.7828 -9.5533 114.32
9.56764 -10.1465 114.32
8.35243 -8.96007 114.32
9.56764 -7.77361 114.32
9.56764 -8.96007 114.32
10.1752 -10.1465 114.32
9.56764 -9.5533 114.32
10.1752 -8.96007 114.32
10.1752 -9.5533 114.32
11.0345 -10.2353 114.32
10.4057 -11.3121 114.32
10.8042 -12.3177 114.32
11.2231 -13.3747 114.32
11.5966 -14.3173 114.32
10.6151 -14.7062 114.32
10.2415 -13.7636 114.32
9.82265 -12.7066 114.32
9.34261 -11.4953 114.32
8.93817 -11.1888 114.32
8.74506 -10.7015 114.32
8.24379 -10.7852 114.32
6.8371 -10.6538 114.32
5.51077 -10.1671 114.32
4.35294 -9.35751 114.32
3.44055 -8.27884 114.32
3.16535 -7.69957 114.32
3.49165 -6.58715 114.32
2.27645 -6.58715 114.32
2.90921 -7.73477 114.32
3.49165 -7.18038 114.32
2.27645 -7.18038 114.32
2.88404 -6.58715 114.32
2.88404 -7.18038 114.32
5.92205 -6.58715 114.32
4.70685 -7.77361 114.32
4.70685 -5.40069 114.32
4.70685 -6.58715 114.32
2.33018 -7.62508 114.32
1.27078 -7.7706 114.32
0.0790768 -7.93423 114.32
-1.0501 -8.08931 114.32
-1.17852 -7.15426 114.32
-0.0493412 -6.99918 114.32
1.14236 -6.83555 114.32
1.68946 -6.77259 114.32
2.32612 -5.70055 114.32
2.62363 -5.8772 114.32
3.49165 -5.99392 114.32
2.88404 -5.40069 114.32
2.88404 -5.99392 114.32
2.57438 -5.61404 114.32
2.5673 -5.18408 114.32
2.78124 -3.78755 114.32
3.34509 -2.49215 114.32
4.22141 -1.38393 114.32
5.35191 -0.536619 114.32
5.4521 -0.496063 114.32
5.92205 -0.0616341 114.32
5.31444 -0.654863 114.32
4.70685 -3.02778 114.32
4.70685 -1.84132 114.32
5.92205 -0.358249 114.32
5.61823 -0.654863 114.32
5.61823 -0.0616341 114.32
5.61823 -0.358249 114.32
6.52964 -0.654863 114.32
6.52964 0.531594 114.32
6.52964 -0.0616341 114.32
5.92205 -1.24809 114.32
5.31444 -1.84132 114.32
4.70685 -1.24809 114.32
5.31444 -1.24809 114.32
5.21264 -0.353821 114.32
5.83064 0.686785 114.32
5.56451 1.37125 114.32
5.14052 2.46182 114.32
12.0884 -15.9859 111.561
19.4131 -2.73533 111.561
-3.94088 -7.12509 111.561
3.3839 6.12545 111.561
3.22022 3.17169 100.879
0.701738 -1.38423 100.879
-1.81673 -5.94016 100.879
10.6302 -0.924465 100.879
8.11169 -5.48039 100.879
5.59319 -10.0363 100.879
18.0401 -5.02059 100.879
15.5216 -9.57651 100.879
13.0031 -14.1324 100.879
-9.88917 -3.7288 100.879
-7.51246 0.570662 100.879
-5.13577 4.87012 100.879
-2.75907 9.16958 100.879
-0.421396 9.4666 100.879
1.49566 8.40687 100.879
4.47946 5.44966 100.879
-0.484739 5.21976 100.879
0.774496 7.49772 100.879
2.1024 9.50448 100.879
7.51979 6.5098 100.879
12.9372 3.51511 100.879
18.3546 0.520432 100.879
23.772 -2.47425 100.879
23.1259 -3.643 100.879
21.7451 -7.06865 100.879
19.2993 -2.74262 100.879
23.0043 -4.79069 100.879
25.3519 -4.87351 100.879
26.3392 -6.82189 100.879
23.9077 -11.2205 100.879
21.4762 -15.6191 100.879
19.0447 -20.0177 100.879
16.8766 -20.2055 100.879
11.7439 -16.4104 100.879
16.7081 -16.1805 100.879
15.4489 -18.4585 100.879
14.6505 -18.9749 100.879
13.8956 -20.3407 100.879
8.52168 -17.37 100.879
3.14776 -14.3994 100.879
-2.22614 -11.4287 100.879
-7.60006 -8.45807 100.879
-6.94911 -7.28047 100.879
-3.07597 -8.21812 100.879
-5.5217 -3.8921 100.879
-6.78093 -6.17006 100.879
-9.39636 -5.92766 100.879
-10.9214 -6.31736 93.567
-9.28928 -3.36499 93.567
-7.65723 -0.412571 93.567
-6.02516 2.53984 93.567
-4.39311 5.49222 93.567
-2.76106 8.44464 93.567
-1.129 11.3971 93.567
-6.22032 -8.91605 93.567
-4.58825 -5.96367 93.567
-2.9562 -3.01126 93.567
-1.32415 -0.0588436 93.567
0.30792 2.89353 93.567
1.93997 5.84595 93.567
3.57202 8.79836 93.567
-1.51928 -11.5147 93.567
0.112768 -8.56232 93.567
1.74484 -5.60995 93.567
3.37689 -2.65753 93.567
5.00894 0.294884 93.567
6.641 3.24726 93.567
8.27305 6.19968 93.567
3.18175 -14.1134 93.567
4.8138 -11.161 93.567
6.44585 -8.2086 93.567
8.07792 -5.25622 93.567
9.70997 -2.3038 93.567
11.342 0.648611 93.567
12.9741 3.60099 93.567
7.88277 -16.7121 93.567
9.51483 -13.7597 93.567
11.1469 -10.8073 93.567
12.779 -7.85491 93.567
14.411 -4.90249 93.567
16.0431 -1.95008 93.567
17.6751 1.0023 93.567
12.5838 -19.3108 93.567
14.2159 -16.3584 93.567
15.8479 -13.406 93.567
17.48 -10.4536 93.567
19.112 -7.50118 93.567
20.7441 -4.54877 93.567
22.3762 -1.59635 93.567
17.2848 -21.9095 93.567
18.9169 -18.957 93.567
20.549 -16.0047 93.567
22.181 -13.0522 93.567
23.8131 -10.0998 93.567
25.4451 -7.14745 93.567
27.0772 -4.19504 93.567
20.7204 -25.4498 93.567
21.656 -23.7573 93.567
21.8579 -23.8689 93.567
21.2674 -20.2564 93.567
18.1009 -20.4333 93.567
19.6354 -23.2088 93.567
20.4514 -21.7326 93.567
21.6266 -22.3823 93.567
20.0434 -22.4707 93.567
20.8106 -23.8585 93.567
21.2186 -23.1204 93.567
16.4688 -23.3856 93.567
18.8193 -24.685 93.567
21.0146 -23.4894 93.567
19.2273 -23.9469 93.567
19.9946 -25.3347 93.567
20.4026 -24.5965 93.567
23.0508 -21.7108 93.567
22.849 -21.5992 93.567
22.4427 -20.9061 93.567
20.8594 -20.9945 93.567
22.0346 -21.6442 93.567
22.8995 -17.304 93.567
19.7329 -17.4809 93.567
22.0834 -18.7802 93.567
22.2387 -21.2751 93.567
22.6223 -21.969 93.567
23.2587 -19.4299 93.567
21.6754 -19.5183 93.567
22.8507 -20.168 93.567
24.3909 -18.8098 93.567
24.5928 -18.9214 93.567
24.0747 -17.9537 93.567
22.4915 -18.0421 93.567
23.6667 -18.6918 93.567
24.5315 -14.3516 93.567
21.365 -14.5284 93.567
23.7155 -15.8278 93.567
24.6624 -18.2785 93.567
23.8707 -18.3227 93.567
24.4584 -18.6476 93.567
24.8908 -16.4775 93.567
23.3075 -16.5659 93.567
24.4827 -17.2156 93.567
25.7416 -16.8431 93.567
25.5398 -16.7315 93.567
25.7068 -15.0013 93.567
24.1235 -15.0897 93.567
25.2988 -15.7394 93.567
26.1636 -11.3992 93.567
22.997 -11.5761 93.567
25.3475 -12.8754 93.567
25.0948 -16.1084 93.567
26.9144 -14.2449 93.567
27.1162 -14.3565 93.567
26.5228 -13.5251 93.567
24.9395 -13.6135 93.567
26.1148 -14.2631 93.567
27.1104 -13.8499 93.567
26.3188 -13.8941 93.567
27.3388 -12.0488 93.567
25.7556 -12.1373 93.567
26.9308 -12.787 93.567
27.7956 -8.4468 93.567
24.6291 -8.62364 93.567
26.9796 -9.92299 93.567
28.4323 -11.9757 93.567
28.2305 -11.8641 93.567
28.1549 -10.5727 93.567
26.5716 -10.6611 93.567
27.7469 -11.3108 93.567
27.5428 -11.6798 93.567
27.9265 -12.3737 93.567
28.1305 -12.0046 93.567
29.6995 -9.20653 93.567
29.9014 -9.31811 93.567
29.4277 -5.49438 93.567
26.2611 -5.67123 93.567
28.6117 -6.97057 93.567
29.7869 -7.62024 93.567
28.2036 -7.70868 93.567
28.9709 -9.09647 93.567
29.3789 -8.35836 93.567
29.9665 -8.68317 93.567
29.1749 -8.72741 93.567
29.7625 -9.05223 93.567
27.3876 -9.18487 93.567
28.5629 -9.83455 93.567
31.0285 -7.27913 93.567
30.8266 -7.16755 93.567
30.6029 -6.14405 93.567
29.0197 -6.2325 93.567
30.1949 -6.88217 93.567
27.8932 -2.71885 93.567
30.2437 -4.01819 93.567
30.3989 -6.51311 93.567
31.419 -4.66786 93.567
29.8357 -4.75627 93.567
31.011 -5.40594 93.567
31.823 -5.3652 93.567
31.2388 -3.43136 93.567
29.5833 -2.51622 93.567
29.79 -2.1424 93.567
28.3012 -1.98074 93.567
29.0685 -3.36852 93.567
23.1922 -0.120161 93.567
24.7267 -2.89569 93.567
25.5427 -1.41951 93.567
27.7018 -0.988052 93.567
27.4951 -1.36187 93.567
25.9507 -0.681392 93.567
26.718 -2.06918 93.567
27.126 -1.33106 93.567
25.1944 -0.0900602 93.567
22.8937 1.18175 93.567
23.1003 1.55557 93.567
18.4911 2.47853 93.567
20.0256 -0.297006 93.567
20.8417 1.17918 93.567
21.2497 1.9173 93.567
22.0169 0.529511 93.567
22.4249 1.26762 93.567
20.9061 2.76852 93.567
20.6995 2.39466 93.567
18.8992 3.2166 93.567
19.6664 1.82886 93.567
20.0744 2.56693 93.567
13.7901 5.07721 93.567
15.3246 2.30164 93.567
16.1406 3.77787 93.567
17.95 3.91453 93.567
18.1567 4.28839 93.567
16.5486 4.51595 93.567
17.3159 3.1282 93.567
15.7427 5.62278 93.567
15.5361 5.24896 93.567
14.1981 5.81529 93.567
14.9654 4.42754 93.567
9.08908 7.67587 93.567
10.6236 4.90033 93.567
11.4396 6.37652 93.567
12.8657 6.72511 93.567
13.0723 7.09897 93.567
11.8476 7.11463 93.567
12.6149 5.72685 93.567
10.8925 8.30396 93.567
10.6858 7.93014 93.567
9.49711 8.41398 93.567
10.2643 7.02619 93.567
4.38806 10.2746 93.567
5.92253 7.49902 93.567
6.73858 8.97521 93.567
7.96241 9.43557 93.567
8.16908 9.80943 93.567
7.14659 9.71332 93.567
7.91384 8.32554 93.567
8.32185 9.06365 93.567
5.95066 11.0357 93.567
5.74401 10.6619 93.567
5.56332 9.62488 93.567
5.97133 10.363 93.567
-0.312975 12.8732 93.567
1.22152 10.0977 93.567
2.03754 11.5739 93.567
3.44925 11.9304 93.567
1.15451 13.1989 93.567
1.36116 13.5728 93.567
2.44555 12.312 93.567
0.0950375 13.6113 93.567
0.862284 12.2236 93.567
-3.47951 12.6964 93.567
-2.66349 14.1726 93.567
-0.867971 14.805 93.567
-1.07462 14.4312 93.567
-1.48823 13.5229 93.567
-2.71595 15.3385 93.567
-4.43925 14.6802 93.567
-5.31858 13.0894 93.567
-5.72535 13.3143 93.567
-1.94502 9.92083 93.567
-5.11158 9.74398 93.567
-4.29554 11.2202 93.567
-3.88753 11.9583 93.567
-4.65477 13.346 93.567
-5.4708 11.8698 93.567
-5.06278 12.608 93.567
-6.97908 11.0463 93.567
-6.57231 10.8214 93.567
-4.70355 10.4821 93.567
-6.28684 10.3937 93.567
-5.87881 11.1317 93.567
-3.57709 6.96845 93.567
-6.74363 6.79157 93.567
-5.92761 8.26776 93.567
-8.04863 8.15074 93.567
-8.4554 8.37562 93.567
-6.33562 7.52968 93.567
-7.10287 8.91743 93.567
-7.91889 7.44124 93.567
-7.51088 8.17935 93.567
-5.20914 4.01603 93.567
-8.37568 3.83915 93.567
-7.55966 5.31538 93.567
-9.68656 6.14841 93.567
-9.27979 5.92356 93.567
-7.96767 4.57726 93.567
-8.73491 5.96505 93.567
-9.55094 4.48882 93.567
-9.14293 5.22694 93.567
-6.84121 1.06362 93.567
-10.0077 0.886773 93.567
-9.19172 2.36296 93.567
-10.7398 3.28242 93.567
-11.1466 3.50726 93.567
-8.78369 3.10108 93.567
-10.367 3.01263 93.567
-9.95895 3.75075 93.567
-12.3824 1.27161 93.567
-11.9756 1.04676 93.567
-8.47326 -1.88876 93.567
-11.6398 -2.06564 93.567
-10.8238 -0.589454 93.567
-10.4158 0.14866 93.567
-11.183 1.53645 93.567
-11.999 0.0602188 93.567
-11.591 0.798332 93.567
-13.4132 -1.55386 93.567
-13.759 -1.36273 93.567
-10.1053 -4.84118 93.567
-13.2719 -5.01802 93.567
-12.4558 -3.54183 93.567
-12.0478 -2.80376 93.567
-12.8151 -1.41597 93.567
-13.6311 -2.89216 93.567
-13.2231 -2.15408 93.567
-14.8704 -3.37332 93.567
-14.5247 -3.56445 93.567
-12.8638 -4.27994 93.567
-14.4471 -4.36839 93.567
-14.0391 -3.63027 93.567
-11.7374 -7.79359 93.567
-14.0879 -6.49425 93.567
-15.6021 -5.51343 93.567
-14.9247 -7.10429 93.567
-13.4346 -7.92802 93.567
-13.6684 -8.3511 93.567
-12.1454 -8.53167 93.567
-12.9126 -7.14392 93.567
-7.03634 -10.3922 93.567
-8.57083 -7.61671 93.567
-9.38686 -9.09293 93.567
-11.6163 -9.48551 93.567
-11.3824 -9.06242 93.567
-9.79487 -9.83101 93.567
-10.5621 -8.44326 93.567
-10.9701 -9.18134 93.567
-8.99916 -10.3799 93.567
-6.6159 -11.6973 93.567
-6.84978 -12.1204 93.567
-2.33531 -12.9909 93.567
-3.8698 -10.2154 93.567
-4.68582 -11.6916 93.567
-5.09384 -12.4297 93.567
-5.86108 -11.0419 93.567
-6.26909 -11.78 93.567
-4.81532 -13.245 93.567
-4.58146 -12.8219 93.567
-2.74332 -13.729 93.567
-3.51056 -12.3413 93.567
-3.91858 -13.0794 93.567
2.36573 -15.5896 93.567
0.831236 -12.8141 93.567
0.0152111 -14.2903 93.567
-1.72917 -14.3986 93.567
-1.96303 -14.8217 93.567
-0.392801 -15.0284 93.567
-1.16005 -13.6406 93.567
0.242937 -16.0411 93.567
0.476801 -15.6181 93.567
1.9577 -16.3277 93.567
1.19047 -14.9399 93.567
7.06674 -18.1883 93.567
5.53227 -15.4128 93.567
4.71623 -16.889 93.567
3.26991 -17.1621 93.567
3.03605 -17.5851 93.567
4.30821 -17.6271 93.567
3.54097 -16.2393 93.567
5.28198 -18.8267 93.567
5.51584 -18.4036 93.567
6.65873 -18.9264 93.567
5.89149 -17.5386 93.567
11.7678 -20.787 93.567
10.2333 -18.0114 93.567
9.41726 -19.4876 93.567
8.37898 -19.9863 93.567
8.14511 -20.4094 93.567
9.00925 -20.2257 93.567
8.242 -18.838 93.567
7.83399 -19.5761 93.567
10.3802 -21.6449 93.567
10.614 -21.2218 93.567
10.5925 -20.1373 93.567
10.1845 -20.8754 93.567
14.9343 -20.6101 93.567
14.1183 -22.0863 93.567
12.7316 -22.3924 93.567
14.8492 -23.563 93.567
14.6153 -23.9861 93.567
16.0608 -24.1238 93.567
15.2936 -22.736 93.567
13.7103 -22.8244 93.567
17.0912 -25.3547 93.567
17.325 -24.9316 93.567
17.6441 -24.0353 93.567
18.9198 -25.8131 93.567
7.72551 -4.96054 221.837
7.58742 -5.14575 221.837
7.56069 -5.37525 221.837
7.65249 -5.58725 221.837
7.83817 -5.72477 221.837
8.06774 -5.75078 221.837
8.27947 -5.65828 221.837
8.41638 -5.47217 221.837
8.44164 -5.24249 221.837
8.34847 -5.03108 221.837
8.16194 -4.89475 221.837
7.93218 -4.87023 221.837
7.52738 -5.73213 212.859
7.52738 -5.28602 212.859
7.52738 -4.83991 212.859
7.97573 -5.73213 212.859
7.97573 -5.28602 212.859
7.97573 -4.83991 212.859
8.42406 -5.73213 212.859
8.42406 -5.28602 212.859
8.42406 -4.83991 212.859
7.29261 -4.72226 212.859
7.13706 -5.00939 212.859
7.09664 -5.33342 212.859
7.17684 -5.64994 212.859
7.36667 -5.91564 212.859
7.64016 -6.09405 212.859
7.9598 -6.16076 212.859
8.28183 -6.10666 212.859
8.56211 -5.93912 212.859
8.76225 -5.68109 212.859
8.8548 -5.36795 212.859
8.82714 -5.04258 212.859
8.683 -4.74957 212.859
8.44216 -4.52908 212.859
8.1376 -4.41129 212.859
7.81105 -4.41233 212.859
7.50727 -4.5321 212.859
7.72551 -4.96054 212.859
7.58742 -5.14575 212.859
7.56069 -5.37525 212.859
7.65249 -5.58725 212.859
7.83817 -5.72477 212.859
8.06774 -5.75078 212.859
8.27947 -5.65828 212.859
8.41638 -5.47217 212.859
8.44164 -5.24249 212.859
8.34847 -5.03108 212.859
8.16194 -4.89475 212.859
7.93218 -4.87023 212.859
7.52738 -5.73213 197.161
7.52738 -5.28602 197.161
7.52738 -4.83991 197.161
7.97573 -5.73213 197.161
7.97573 -5.28602 197.161
7.97573 -4.83991 197.161
8.42406 -5.73213 197.161
8.42406 -5.28602 197.161
8.42406 -4.83991 197.161
7.29261 -4.72226 197.161
7.13706 -5.00939 197.161
7.09664 -5.33342 197.161
7.17684 -5.64994 197.161
7.36667 -5.91564 197.161
7.64016 -6.09405 197.161
7.9598 -6.16076 197.161
8.28183 -6.10666 197.161
8.56211 -5.93912 197.161
8.76225 -5.68109 197.161
8.8548 -5.36795 197.161
8.82714 -5.04258 197.161
8.683 -4.74957 197.161
8.44216 -4.52908 197.161
8.1376 -4.41129 197.161
7.81105 -4.41233 197.161
7.50727 -4.5321 197.161
10.0772 -5.47968 161.823
9.66097 -3.98099 161.823
8.30691 -3.21556 161.823
6.80819 -3.63176 161.823
6.04277 -4.98584 161.823
6.45899 -6.48454 161.823
7.81306 -7.25 161.823
9.31176 -6.83376 161.823
10.0772 -5.47968 197.161
9.66097 -3.98099 197.161
8.30691 -3.21556 197.161
6.80819 -3.63176 197.161
6.04277 -4.98584 197.161
6.45899 -6.48454 197.161
7.81306 -7.25 197.161
9.31176 -6.83376 197.161
25.6867 -31.5126 -106.91
31.6939 -34.8333 -106.91
34.304 -30.1115 -106.91
42.9914 -14.3959 -106.91
45.7117 -9.47494 -106.91
39.7045 -6.15421 -106.91
32.6956 -18.8334 -106.91
-19.5314 10.0372 -106.91
-9.70617 21.1595 -106.91
-15.3387 24.2731 -106.91
-16.9748 21.3134 -106.91
-17.8782 19.6793 -106.91
-22.2372 11.7936 -106.91
-26.5963 3.90802 -106.91
-29.3565 -1.0852 -106.91
-20.9677 10.8311 -106.91
-15.9568 16.5035 -106.91
-17.3931 17.2975 -106.91
-23.724 -4.19883 -106.91
-19.0514 4.25397 -106.91
-14.3788 12.7067 -106.91
66.8989 -32.0262 -196.621
71.2272 -24.1962 -196.621
74.8761 -17.5951 -196.621
78.5251 -10.994 -196.621
66.4314 -4.30878 -196.621
54.3377 2.37651 -196.621
42.244 9.06179 -196.621
30.5275 15.5386 -196.621
18.8109 22.0154 -196.621
7.09429 28.4922 -196.621
-4.62229 34.969 -196.621
-16.3389 41.4458 -196.621
-28.0554 47.9226 -196.621
-33.8637 51.1333 -196.621
-40.5554 39.0281 -196.621
-47.2471 26.9228 -196.621
-48.6879 24.3163 -196.621
-54.6082 13.6063 -196.621
-60.5286 2.89632 -196.621
-62.0543 0.136344 -196.621
-45.0296 -5.08968 -196.621
-51.164 3.15223 -196.621
-53.2179 -0.563259 -196.621
-50.8154 -6.07641 -196.621
-39.5765 -12.2891 -196.621
-28.3376 -18.5019 -196.621
-17.0987 -24.7146 -196.621
-5.85983 -30.9274 -196.621
5.37905 -37.1401 -196.621
16.6179 -43.3528 -196.621
27.8568 -49.5656 -196.621
39.0957 -55.7783 -196.621
50.3346 -61.991 -196.621
55.6621 -52.3535 -196.621
60.9897 -42.716 -196.621
61.8341 -41.1885 -196.621
59.0177 -43.4716 -196.621
49.7383 -38.342 -196.621
47.0851 -43.1416 -196.621
42.2889 -40.4903 -196.621
39.3426 -45.8202 -196.621
29.4987 -40.3786 -196.621
27.3142 -44.3302 -196.621
17.8402 -39.093 -196.621
8.36609 -33.8559 -196.621
10.4709 -30.0482 -196.621
5.6295 -27.3719 -196.621
-1.79857 -23.2658 -196.621
-9.22663 -19.1596 -196.621
-14.1464 -16.44 -196.621
-16.2512 -20.2477 -196.621
-25.7336 -15.0059 -196.621
-35.216 -9.76411 -196.621
-33.0316 -5.81254 -196.621
-42.7788 -0.424403 -196.621
-39.916 4.75441 -196.621
-46.5277 8.40933 -196.621
-53.1394 12.0642 -196.621
-48.4854 20.4833 -196.621
-43.8315 28.9023 -196.621
-39.1775 37.3214 -196.621
-32.5658 33.6665 -196.621
-25.9541 30.0116 -196.621
-23.008 35.3412 -196.621
-13.2608 29.953 -196.621
-11.0678 33.9201 -196.621
-1.58545 28.6783 -196.621
7.89694 23.4366 -196.621
5.68766 19.44 -196.621
10.6075 16.7204 -196.621
18.0355 12.6142 -196.621
25.4636 8.50804 -196.621
30.305 5.83177 -196.621
32.5143 9.8284 -196.621
41.9884 4.59122 -196.621
51.4624 -0.645933 -196.621
49.2695 -4.61306 -196.621
59.1134 -10.0547 -196.621
56.1437 -15.4269 -196.621
60.9399 -18.0782 -196.621
58.1349 -23.1525 -196.621
67.4144 -28.2821 -196.621
23.1259 -3.643 105.86
23.772 -2.47425 105.86
19.438 -0.0784893 105.86
15.1041 2.31723 105.86
10.7702 4.713 105.86
6.43631 7.10872 105.86
2.1024 9.50448 105.86
1.49566 8.40687 105.86
-0.421396 9.4666 105.86
-2.75907 9.16958 105.86
-5.13577 4.87012 105.86
-7.51246 0.570662 105.86
-9.88917 -3.7288 105.86
-9.39636 -5.92766 105.86
-6.94911 -7.28047 105.86
-7.60006 -8.45807 105.86
-3.30094 -10.8346 105.86
0.998201 -13.2111 105.86
5.29733 -15.5876 105.86
9.59647 -17.9641 105.86
13.8956 -20.3407 105.86
14.6505 -18.9749 105.86
12.8466 -17.9778 105.86
8.29463 -15.4615 105.86
3.74263 -12.9452 105.86
-0.809389 -10.4289 105.86
-5.36139 -7.91254 105.86
-3.24256 -4.07958 105.86
-1.12371 -0.246591 105.86
0.995115 3.5864 105.86
3.11394 7.4194 105.86
7.66596 4.90309 105.86
12.218 2.38677 105.86
16.77 -0.129538 105.86
21.322 -2.64581 105.86
-27.6131 14.5395 -141.034
-13.2608 29.953 -141.034
-23.008 35.3412 -141.034
-25.9541 30.0116 -141.034
-32.9351 17.383 -141.034
-39.916 4.75441 -141.034
-42.7788 -0.424403 -141.034
-33.0316 -5.81254 -141.034
-27.4097 4.35763 -141.034
-26.5963 3.90802 -141.034
-24.9202 13.0509 -141.034
-32.6547 5.4193 -141.034
-29.9618 3.93068 -141.034
-28.6153 3.18635 -141.034
-23.5737 12.3066 -141.034
-27.441 8.49077 -141.034
-26.0945 7.74645 -141.034
-22.5716 23.6597 -141.034
-19.8786 22.1711 -141.034
-25.4213 7.3743 -141.034
-27.3549 5.4664 -141.034
-26.6817 5.09426 -141.034
-32.4825 -0.629451 -141.034
-31.1361 -1.37374 -141.034
-22.2372 11.7936 -141.034
-17.8782 19.6793 -141.034
-18.6915 20.1289 -141.034
-18.5322 21.4268 -141.034
-22.3994 17.611 -141.034
-21.053 16.8667 -141.034
-20.3797 16.4945 -141.034
-19.7926 19.1467 -141.034
-19.1193 18.7746 -141.034
-17.3579 26.7312 -141.034
-16.0114 25.9869 -141.034
29.4987 -40.3786 -141.034
39.3426 -45.8202 -141.034
42.2889 -40.4903 -141.034
56.1437 -15.4269 -141.034
59.1134 -10.0547 -141.034
43.9728 -25.0324 -141.034
49.2695 -4.61306 -141.034
43.6579 -14.7644 -141.034
42.9914 -14.3959 -141.034
41.2926 -23.5508 -141.034
49.0143 -15.9122 -141.034
46.3342 -14.4307 -141.034
44.9941 -13.6899 -141.034
39.9525 -22.8101 -141.034
43.8134 -18.9907 -141.034
42.4733 -18.25 -141.034
38.9312 -34.1527 -141.034
36.251 -32.6711 -141.034
41.8033 -17.8796 -141.034
43.7337 -15.9699 -141.034
43.0637 -15.5995 -141.034
48.855 -9.87056 -141.034
47.5149 -9.12977 -141.034
34.304 -30.1115 -141.034
34.9705 -30.4799 -141.034
34.911 -31.9303 -141.034
38.7718 -28.111 -141.034
37.4317 -27.3702 -141.034
36.7617 -26.9998 -141.034
36.1714 -29.6502 -141.034
35.5013 -29.2798 -141.034
33.7302 -37.2312 -141.034
32.3902 -36.4904 -141.034
42.9914 -14.3959 -126.346
43.6579 -14.7644 -126.346
49.2695 -4.61306 -126.346
51.4624 -0.645933 -126.346
41.9884 4.59122 -126.346
32.5143 9.8284 -126.346
30.305 5.83177 -126.346
42.5795 -0.953449 -126.346
39.7045 -6.15421 -126.346
45.7117 -9.47494 -126.346
25.6867 -31.5126 -126.346
22.7454 -36.8334 -126.346
10.4709 -30.0482 -126.346
8.36609 -33.8559 -126.346
17.8402 -39.093 -126.346
27.3142 -44.3302 -126.346
29.4987 -40.3786 -126.346
34.9705 -30.4799 -126.346
34.304 -30.1115 -126.346
31.6939 -34.8333 -126.346
21.0652 9.14766 -126.346
20.2756 7.71921 -126.346
19.4859 6.2908 -126.346
17.2769 11.2418 -126.346
16.4872 9.81337 -126.346
15.6976 8.38492 -126.346
13.4886 13.3359 -126.346
12.6989 11.9075 -126.346
11.9093 10.4791 -126.346
22.5958 3.32026 -126.346
24.0297 5.91415 -126.346
25.4636 8.50804 -126.346
22.9876 9.87677 -126.346
20.5115 11.2455 -126.346
18.0355 12.6142 -126.346
15.5595 13.9829 -126.346
13.0835 15.3516 -126.346
10.6075 16.7204 -126.346
9.17357 14.1264 -126.346
7.73969 11.5326 -126.346
9.06545 10.7997 -126.346
8.83666 10.3858 -126.346
11.5145 9.76485 -126.346
10.0151 11.5262 -126.346
9.62034 10.8119 -126.346
9.42294 10.4548 -126.346
11.0981 9.13572 -126.346
11.3269 9.54961 -126.346
10.5674 10.2884 -126.346
10.37 9.93128 -126.346
15.3028 7.67073 -126.346
13.8035 9.432 -126.346
13.4086 8.71777 -126.346
14.075 8.03045 -126.346
13.8462 7.61656 -126.346
14.3557 8.19423 -126.346
19.0911 5.57657 -126.346
17.5918 7.33788 -126.346
17.197 6.62365 -126.346
15.8265 6.52193 -126.346
16.0553 6.93582 -126.346
16.2499 7.14719 -126.346
17.5917 6.08646 -126.346
19.1282 5.23713 -126.346
18.8994 4.82324 -126.346
21.3801 5.24372 -126.346
20.9853 4.52949 -126.346
20.7879 4.17241 -126.346
20.0382 5.05303 -126.346
19.8408 4.69592 -126.346
21.1493 3.57948 -126.346
21.3781 3.99337 -126.346
-4.80202 -19.7518 -126.346
-3.98512 -18.274 -126.346
-3.16822 -16.7963 -126.346
-1.01371 -21.8459 -126.346
-0.196814 -20.3682 -126.346
0.620085 -18.8904 -126.346
2.77461 -23.9401 -126.346
3.5915 -22.4623 -126.346
4.4084 -20.9846 -126.346
5.6295 -27.3719 -126.346
7.13095 -24.6558 -126.346
8.63239 -21.9397 -126.346
7.61123 -21.3752 -126.346
7.81185 -21.0122 -126.346
4.81685 -20.2457 -126.346
6.30255 -22.0316 -126.346
6.71101 -21.2927 -126.346
6.38027 -20.2209 -126.346
4.94872 -19.4295 -126.346
4.74809 -19.7924 -126.346
1.02853 -18.1515 -126.346
2.51424 -19.9375 -126.346
2.9227 -19.1986 -126.346
3.86977 -19.7221 -126.346
2.50216 -18.5509 -126.346
2.70279 -18.188 -126.346
1.23276 -17.7821 -126.346
1.97561 -18.675 -126.346
2.17984 -18.3056 -126.346
-2.75978 -16.0574 -126.346
-1.27407 -17.8433 -126.346
-0.865629 -17.1045 -126.346
-0.0903263 -16.644 -126.346
-0.290945 -17.0069 -126.346
0.0814571 -17.628 -126.346
0.285688 -17.2585 -126.346
-2.49692 -15.7875 -126.346
-2.29629 -15.4246 -126.346
-1.8127 -16.5809 -126.346
-5.06238 -15.7492 -126.346
-4.65394 -15.0103 -126.346
-3.72244 -14.6362 -126.346
-5.14858 -13.8479 -126.346
-5.34921 -14.2108 -126.346
-6.22374 -13.7273 -126.346
-7.72519 -16.4435 -126.346
-9.22663 -19.1596 -126.346
-6.75061 -20.5283 -126.346
-4.27459 -21.897 -126.346
-1.79857 -23.2658 -126.346
0.677458 -24.6345 -126.346
3.15347 -26.0032 -126.346
-27.4097 4.35763 -126.346
-33.0316 -5.81254 -126.346
-35.216 -9.76411 -126.346
-25.7336 -15.0059 -126.346
-16.2512 -20.2477 -126.346
-14.1464 -16.44 -126.346
-26.6653 -9.51966 -126.346
-23.724 -4.19883 -126.346
-29.3565 -1.0852 -126.346
-26.5963 3.90802 -126.346
-17.8782 19.6793 -126.346
-16.9748 21.3134 -126.346
-15.3387 24.2731 -126.346
-9.70617 21.1595 -126.346
-6.83124 26.3603 -126.346
5.68766 19.44 -126.346
7.89694 23.4366 -126.346
-1.58545 28.6783 -126.346
-11.0678 33.9201 -126.346
-13.2608 29.953 -126.346
-18.6915 20.1289 -126.346
34.304 -30.1115 -133.69
34.304 -30.1115 -130.018
43.6579 -14.7644 -128.444
43.6579 -14.7644 -130.543
43.6579 -14.7644 -132.641
43.6579 -14.7644 -134.739
-33.8637 51.1333 -221.837
-40.0299 39.9787 -221.837
-46.1961 28.824 -221.837
-47.2471 26.9228 -221.837
-50.5403 45.051 -221.837
-54.0617 38.6807 -221.837
-45.3393 42.1759 -221.837
-48.8608 35.8056 -221.837
-50.6215 32.6204 -221.837
-46.2603 34.3681 -221.837
-48.021 31.1829 -221.837
-57.4451 32.5602 -221.837
-67.6431 38.1976 -221.837
-66.5921 40.0987 -221.837
-60.4809 51.154 -221.837
-55.9455 59.3586 -221.837
-54.4903 61.991 -221.837
-55.7413 47.926 -221.837
-59.2627 41.5557 -221.837
-61.8632 42.9932 -221.837
-61.0235 38.3706 -221.837
-63.624 39.8081 -221.837
-47.0188 51.4213 -221.837
-52.2198 54.2964 -221.837
-43.9945 54.995 -221.837
-42.8321 57.0977 -221.837
-41.8178 48.5463 -221.837
25.2969 -31.8382 -221.837
32.4855 -18.834 -221.837
39.6741 -5.82977 -221.837
-7.95141 -13.4589 -221.837
-0.762808 -0.454689 -221.837
6.4258 12.5495 -221.837
-41.1997 4.92039 -221.837
-34.0111 17.9246 -221.837
-26.8225 30.9288 -221.837
-28.0554 47.9226 -221.837
-4.62229 34.969 -221.837
18.8109 22.0154 -221.837
42.244 9.06179 -221.837
60.3846 -0.966137 -221.837
78.5251 -10.994 -221.837
71.2272 -24.1962 -221.837
66.8989 -32.0262 -221.837
61.8341 -41.1885 -221.837
60.9897 -42.716 -221.837
50.3346 -61.991 -221.837
36.0798 -12.3319 -221.837
56.2983 -15.0194 -221.837
49.1096 -28.0236 -221.837
52.7039 -21.5215 -221.837
28.8912 -25.3361 -221.837
41.921 -41.0279 -221.837
45.5153 -34.5258 -221.837
47.3125 -31.2747 -221.837
57.4217 -32.6185 -221.837
53.8274 -39.1206 -221.837
55.6246 -35.8695 -221.837
54.726 -37.4951 -221.837
59.7806 -38.167 -221.837
57.9834 -41.418 -221.837
58.882 -39.7925 -221.837
43.7182 -37.7768 -221.837
50.2331 -45.6227 -221.837
52.0303 -42.3716 -221.837
21.7026 -38.3403 -221.837
38.3267 -47.53 -221.837
27.8568 -49.5656 -221.837
5.37905 -37.1401 -221.837
-17.0987 -24.7146 -221.837
-39.5765 -12.2891 -221.837
-62.0543 0.136344 -221.837
-60.5286 2.89632 -221.837
-57.8239 14.11 -221.837
-44.794 -1.58177 -221.837
-61.4182 7.60789 -221.837
-53.1061 3.01308 -221.837
-46.5912 -4.8328 -221.837
-54.9032 -0.237995 -221.837
-24.5756 -4.26927 -221.837
-11.5457 -19.9611 -221.837
-28.1699 -10.7714 -221.837
-78.5251 12.8445 -221.837
-67.7732 32.2951 -221.837
-51.086 23.0706 -221.837
-49.9972 25.0401 -221.837
-37.6054 11.4225 -221.837
-54.2296 20.6122 -221.837
-42.3232 22.5194 -221.837
-35.8083 14.6735 -221.837
-45.9175 16.0173 -221.837
-44.1203 19.2684 -221.837
-30.4168 24.4267 -221.837
-17.3869 8.73496 -221.837
-4.35712 -6.9568 -221.837
-20.9813 2.23285 -221.837
-53.331 22.2377 -221.837
-48.2764 21.5658 -221.837
-45.0189 17.6428 -221.837
-50.0735 18.3147 -221.837
-49.1749 19.9403 -221.837
-56.0267 17.3611 -221.837
-39.4025 8.17143 -221.837
-49.5118 9.5152 -221.837
-47.7146 12.7663 -221.837
-46.4792 24.8168 -221.837
-43.2218 20.8939 -221.837
-47.3778 23.1913 -221.837
-38.7289 29.0216 -221.837
-32.2139 21.1757 -221.837
-40.526 25.7705 -221.837
-10.1983 21.7392 -221.837
2.8315 6.04743 -221.837
-13.7927 15.2371 -221.837
-48.6879 24.3163 -221.837
74.8761 -17.5951 -221.837
69.063 -28.1112 -221.837
69.063 -28.1112 -196.621
60.9897 -42.716 -213.432
60.9897 -42.716 -205.026
61.8341 -41.1885 -213.432
61.8341 -41.1885 -205.026
54.378 -40.9068 -196.621
54.378 -40.9068 -195.554
56.1437 -15.4269 -168.828
59.1134 -10.0547 -168.828
62.7746 -25.7173 -195.554
62.7746 -25.7173 -196.621
67.1566 -30.1542 -196.621
67.1566 -30.1542 -195.554
43.6579 -14.7644 -136.838
43.6579 -14.7644 -138.936
43.3247 -14.5801 -126.346
43.3247 -14.5801 -128.444
43.3247 -14.5801 -130.543
43.3247 -14.5801 -132.641
43.3247 -14.5801 -134.739
43.3247 -14.5801 -136.838
43.3247 -14.5801 -138.936
43.3247 -14.5801 -141.034
42.9914 -14.3959 -128.444
42.9914 -14.3959 -130.543
-47.2471 26.9228 -218.491
-46.7216 27.8734 -221.837
-46.7216 27.8734 -218.491
-46.7216 27.8734 -215.144
-46.1961 28.824 -218.491
-63.5365 45.6264 -196.012
-63.5365 45.6264 -221.837
-55.9455 59.3586 -208.925
-54.4903 61.991 -208.925
-43.9945 54.995 -202.468
-43.9945 54.995 -208.925
-43.9945 54.995 -215.381
-43.4133 56.0464 -196.012
-43.4133 56.0464 -202.468
-43.4133 56.0464 -208.925
-43.4133 56.0464 -215.381
-43.4133 56.0464 -221.837
-42.8321 57.0977 -202.468
-42.8321 57.0977 -208.925
-42.8321 57.0977 -215.381
-56.9642 52.0608 -194.166
-56.9642 52.0608 -195.089
-56.7719 51.9545 -194.166
-56.7719 51.9545 -195.089
-55.3 55.0713 -196.012
-55.3 55.0713 -193.243
42.9914 -14.3959 -132.641
42.9914 -14.3959 -134.739
42.9914 -14.3959 -136.838
7.09429 28.4922 -221.837
-5.85983 -30.9274 -221.837
-62.0543 0.136344 -205.026
-62.0543 0.136344 -213.432
-61.2914 1.51632 -196.621
-61.2914 1.51632 -205.026
-61.2914 1.51632 -213.432
-61.2914 1.51632 -221.837
-60.5286 2.89632 -205.026
-60.5286 2.89632 -213.432
-69.5269 7.87042 -221.837
-51.086 23.0706 -213.782
-49.9972 25.0401 -213.782
-48.6879 24.3163 -213.782
-48.6879 24.3163 -209.229
-47.2471 26.9228 -209.229
3.49658 -2.75784 159.654
4.4577 -1.49582 159.654
5.75508 -0.583016 159.654
7.26759 -0.104683 159.654
8.85391 -0.105501 159.654
10.3659 -0.585435 159.654
11.6623 -1.49961 159.654
12.6221 -2.76264 159.654
13.1556 -4.25658 159.654
13.2129 -5.84186 159.654
12.7888 -7.37047 159.654
11.9228 -8.69954 159.654
10.6958 -9.70499 159.654
9.22241 -10.2929 159.654
7.64029 -10.4084 159.654
6.09719 -10.0405 159.654
4.73723 -9.22383 159.654
3.68746 -8.03454 159.654
3.04591 -6.58373 159.654
2.87253 -5.0069 159.654
3.18349 -3.45134 159.654
10.2415 -13.7636 123.749
10.7323 -13.5692 123.749
10.7323 -13.5692 126.685
11.2231 -13.3747 123.749
9.82265 -12.7066 129.151
9.82265 -12.7066 131.616
10.3134 -12.5121 126.685
10.3134 -12.5121 129.151
10.3134 -12.5121 131.616
10.3134 -12.5121 134.081
10.8042 -12.3177 129.151
10.8042 -12.3177 131.616
9.63732 -10.5526 150.057
9.63732 -10.5526 151.813
9.63732 -10.5526 153.569
9.92424 -10.4231 148.301
9.92424 -10.4231 150.057
9.92424 -10.4231 151.813
9.92424 -10.4231 153.569
9.92424 -10.4231 155.325
10.2112 -10.2936 150.057
10.2112 -10.2936 151.813
10.2112 -10.2936 153.569
10.2112 -10.2936 137.116
10.2112 -10.2936 140.151
10.2112 -10.2936 143.186
10.2112 -10.2936 146.221
10.2112 -10.2936 149.255
10.2112 -10.2936 152.29
10.7348 -10.0573 137.116
10.7348 -10.0573 140.151
10.7348 -10.0573 143.186
10.7348 -10.0573 146.221
10.7348 -10.0573 149.255
10.7348 -10.0573 152.29
10.7348 -10.0573 115.563
10.7348 -10.0573 116.805
10.7348 -10.0573 118.048
10.7348 -10.0573 119.29
10.7348 -10.0573 120.533
10.7348 -10.0573 121.776
10.7348 -10.0573 123.018
10.7348 -10.0573 124.261
10.7348 -10.0573 125.503
10.7348 -10.0573 126.746
10.7348 -10.0573 127.988
10.7348 -10.0573 129.231
10.7348 -10.0573 130.474
10.7348 -10.0573 131.716
10.7348 -10.0573 132.959
10.7348 -10.0573 134.201
10.7348 -10.0573 135.444
10.7348 -10.0573 136.687
10.7348 -10.0573 137.929
10.7348 -10.0573 139.172
10.7348 -10.0573 140.414
10.7348 -10.0573 141.657
10.7348 -10.0573 142.899
10.7348 -10.0573 144.142
10.7348 -10.0573 145.385
10.7348 -10.0573 146.627
10.7348 -10.0573 147.87
10.7348 -10.0573 149.112
10.7348 -10.0573 150.355
10.7348 -10.0573 151.597
10.7348 -10.0573 152.84
10.7348 -10.0573 154.083
10.9251 -9.97147 115.563
10.9251 -9.97147 116.805
10.9251 -9.97147 118.048
10.9251 -9.97147 119.29
10.9251 -9.97147 120.533
10.9251 -9.97147 121.776
10.9251 -9.97147 123.018
10.9251 -9.97147 124.261
10.9251 -9.97147 125.503
10.9251 -9.97147 126.746
10.9251 -9.97147 127.988
10.9251 -9.97147 129.231
10.9251 -9.97147 130.474
10.9251 -9.97147 131.716
10.9251 -9.97147 132.959
10.9251 -9.97147 134.201
10.9251 -9.97147 135.444
10.9251 -9.97147 136.687
10.9251 -9.97147 137.929
10.9251 -9.97147 139.172
10.9251 -9.97147 140.414
10.9251 -9.97147 141.657
10.9251 -9.97147 142.899
10.9251 -9.97147 144.142
10.9251 -9.97147 145.385
10.9251 -9.97147 146.627
10.9251 -9.97147 147.87
10.9251 -9.97147 149.112
10.9251 -9.97147 150.355
10.9251 -9.97147 151.597
10.9251 -9.97147 152.84
10.9251 -9.97147 154.083
8.74506 -10.7015 151.813
8.24379 -10.7852 115.839
8.24379 -10.7852 117.358
8.24379 -10.7852 118.876
8.24379 -10.7852 120.395
8.24379 -10.7852 121.914
8.24379 -10.7852 123.432
8.24379 -10.7852 124.951
8.24379 -10.7852 126.47
8.24379 -10.7852 127.988
8.24379 -10.7852 129.507
8.24379 -10.7852 131.026
8.24379 -10.7852 132.545
8.24379 -10.7852 134.063
8.24379 -10.7852 135.582
8.24379 -10.7852 137.101
8.24379 -10.7852 138.619
8.24379 -10.7852 140.138
8.24379 -10.7852 141.657
8.24379 -10.7852 143.175
8.24379 -10.7852 144.694
8.24379 -10.7852 146.213
8.24379 -10.7852 147.732
8.24379 -10.7852 149.25
8.24379 -10.7852 150.769
8.24379 -10.7852 152.288
8.24379 -10.7852 153.806
8.49442 -10.7434 114.32
8.49442 -10.7434 115.839
8.49442 -10.7434 117.358
8.49442 -10.7434 118.876
8.49442 -10.7434 120.395
8.49442 -10.7434 121.914
8.49442 -10.7434 123.432
8.49442 -10.7434 124.951
8.49442 -10.7434 126.47
8.49442 -10.7434 127.988
8.49442 -10.7434 129.507
8.49442 -10.7434 131.026
8.49442 -10.7434 132.545
8.49442 -10.7434 134.063
8.49442 -10.7434 135.582
8.49442 -10.7434 137.101
8.49442 -10.7434 138.619
8.49442 -10.7434 140.138
8.49442 -10.7434 141.657
8.49442 -10.7434 143.175
8.49442 -10.7434 144.694
8.49442 -10.7434 146.213
8.49442 -10.7434 147.732
8.49442 -10.7434 149.25
8.49442 -10.7434 150.769
8.49442 -10.7434 152.288
8.49442 -10.7434 153.806
8.49442 -10.7434 155.325
8.74506 -10.7015 115.839
8.74506 -10.7015 117.358
8.74506 -10.7015 118.876
8.74506 -10.7015 120.395
8.74506 -10.7015 121.914
8.74506 -10.7015 123.432
8.74506 -10.7015 124.951
8.74506 -10.7015 126.47
8.74506 -10.7015 127.988
8.74506 -10.7015 129.507
8.74506 -10.7015 131.026
8.74506 -10.7015 132.545
8.74506 -10.7015 134.063
8.74506 -10.7015 135.582
8.74506 -10.7015 137.101
8.74506 -10.7015 138.619
8.74506 -10.7015 140.138
8.74506 -10.7015 141.657
8.74506 -10.7015 143.175
8.74506 -10.7015 144.694
8.74506 -10.7015 146.213
8.74506 -10.7015 147.732
8.74506 -10.7015 149.25
8.74506 -10.7015 150.769
8.74506 -10.7015 152.288
8.74506 -10.7015 153.806
16.9419 -3.78751 123.749
16.8275 -3.28681 123.749
16.8275 -3.28681 126.685
16.7132 -2.78612 123.749
15.8299 -4.04152 130.383
15.6011 -3.04017 130.383
13.32 -3.82051 150.642
13.32 -3.82051 152.984
13.1073 -3.32343 150.642
13.1073 -3.32343 152.984
13.1073 -3.32343 119.446
13.1073 -3.32343 124.571
13.1073 -3.32343 129.697
13.1073 -3.32343 134.823
13.1073 -3.32343 139.948
13.1073 -3.32343 145.074
13.1073 -3.32343 150.2
12.7642 -2.52161 119.446
12.7642 -2.52161 124.571
12.7642 -2.52161 129.697
12.7642 -2.52161 134.823
12.7642 -2.52161 139.948
12.7642 -2.52161 145.074
12.7642 -2.52161 150.2
13.4788 -4.90246 151.813
13.32 -3.82051 151.813
13.5219 -5.19591 135.852
13.5219 -5.19591 137.622
13.5219 -5.19591 139.392
13.5219 -5.19591 141.163
13.5219 -5.19591 142.933
13.5219 -5.19591 144.703
13.5219 -5.19591 146.473
13.5219 -5.19591 148.244
13.5219 -5.19591 150.014
13.5219 -5.19591 151.784
13.5219 -5.19591 153.555
13.4788 -4.90246 135.852
13.4788 -4.90246 137.622
13.4788 -4.90246 139.392
13.4788 -4.90246 141.163
13.4788 -4.90246 142.933
13.4788 -4.90246 144.703
13.4788 -4.90246 146.473
13.4788 -4.90246 148.244
13.4788 -4.90246 150.014
13.4788 -4.90246 151.784
13.4788 -4.90246 153.555
13.5252 -5.21834 114.456
13.5252 -5.21834 114.592
13.5252 -5.21834 114.727
13.5252 -5.21834 114.863
13.5252 -5.21834 114.999
13.5252 -5.21834 115.135
13.5252 -5.21834 115.271
13.5252 -5.21834 115.406
13.5252 -5.21834 115.542
13.5252 -5.21834 115.678
13.5252 -5.21834 115.814
13.5252 -5.21834 115.949
13.5252 -5.21834 116.085
13.5252 -5.21834 116.221
13.5252 -5.21834 116.357
13.5252 -5.21834 116.493
13.5252 -5.21834 116.628
13.5252 -5.21834 116.764
13.5252 -5.21834 116.9
13.5252 -5.21834 117.036
13.5252 -5.21834 117.171
13.5252 -5.21834 117.307
13.5252 -5.21834 117.443
13.5252 -5.21834 117.579
13.5252 -5.21834 117.715
13.5252 -5.21834 117.85
13.5252 -5.21834 117.986
13.5252 -5.21834 118.122
13.5252 -5.21834 118.258
13.5252 -5.21834 118.393
13.5252 -5.21834 118.529
13.5252 -5.21834 118.665
13.5252 -5.21834 118.801
13.5252 -5.21834 118.937
13.5252 -5.21834 119.072
13.5252 -5.21834 119.208
13.5252 -5.21834 119.344
13.5252 -5.21834 119.48
13.5252 -5.21834 119.615
13.5252 -5.21834 119.751
13.5252 -5.21834 119.887
13.5252 -5.21834 120.023
13.5252 -5.21834 120.159
13.5252 -5.21834 120.294
13.5252 -5.21834 120.43
13.5252 -5.21834 120.566
13.5252 -5.21834 120.702
13.5252 -5.21834 120.837
13.5252 -5.21834 120.973
13.5252 -5.21834 121.109
13.5252 -5.21834 121.245
13.5252 -5.21834 121.381
13.5252 -5.21834 121.516
13.5252 -5.21834 121.652
13.5252 -5.21834 121.788
13.5252 -5.21834 121.924
13.5252 -5.21834 122.059
13.5252 -5.21834 122.195
13.5252 -5.21834 122.331
13.5252 -5.21834 122.467
13.5252 -5.21834 122.603
13.5252 -5.21834 122.738
13.5252 -5.21834 122.874
13.5252 -5.21834 123.01
13.5252 -5.21834 123.146
13.5252 -5.21834 123.282
13.5252 -5.21834 123.417
13.5252 -5.21834 123.553
13.5252 -5.21834 123.689
13.5252 -5.21834 123.825
13.5252 -5.21834 123.96
13.5252 -5.21834 124.096
13.5252 -5.21834 124.232
13.5252 -5.21834 124.368
13.5252 -5.21834 124.503
13.5252 -5.21834 124.639
13.5252 -5.21834 124.775
13.5252 -5.21834 124.911
13.5252 -5.21834 125.047
13.5252 -5.21834 125.182
13.5252 -5.21834 125.318
13.5252 -5.21834 125.454
13.5252 -5.21834 125.59
13.5252 -5.21834 125.725
13.5252 -5.21834 125.861
13.5252 -5.21834 125.997
13.5252 -5.21834 126.133
13.5252 -5.21834 126.269
13.5252 -5.21834 126.404
13.5252 -5.21834 126.54
13.5252 -5.21834 126.676
13.5252 -5.21834 126.812
13.5252 -5.21834 126.947
13.5252 -5.21834 127.083
13.5252 -5.21834 127.219
13.5252 -5.21834 127.355
13.5252 -5.21834 127.491
13.5252 -5.21834 127.626
13.5252 -5.21834 127.762
13.5252 -5.21834 127.898
13.5252 -5.21834 128.034
13.5252 -5.21834 128.17
13.5252 -5.21834 128.305
13.5252 -5.21834 128.441
13.5252 -5.21834 128.577
13.5252 -5.21834 128.713
13.5252 -5.21834 128.848
13.5252 -5.21834 128.984
13.5252 -5.21834 129.12
13.5252 -5.21834 129.256
13.5252 -5.21834 129.391
13.5252 -5.21834 129.527
13.5252 -5.21834 129.663
13.5252 -5.21834 129.799
13.5252 -5.21834 129.935
13.5252 -5.21834 130.07
13.5252 -5.21834 130.206
13.5252 -5.21834 130.342
13.5252 -5.21834 130.478
13.5252 -5.21834 130.613
13.5252 -5.21834 130.749
13.5252 -5.21834 130.885
13.5252 -5.21834 131.021
13.5252 -5.21834 131.157
13.5252 -5.21834 131.292
13.5252 -5.21834 131.428
13.5252 -5.21834 131.564
13.5252 -5.21834 131.7
13.5252 -5.21834 131.836
13.5252 -5.21834 131.971
13.5252 -5.21834 132.107
13.5252 -5.21834 132.243
13.5252 -5.21834 132.379
13.5252 -5.21834 132.514
13.5252 -5.21834 132.65
13.5252 -5.21834 132.786
13.5252 -5.21834 132.922
13.5252 -5.21834 133.058
13.5252 -5.21834 133.193
13.5252 -5.21834 133.329
13.5252 -5.21834 133.465
13.5252 -5.21834 133.601
13.5252 -5.21834 133.736
13.5252 -5.21834 133.872
13.5252 -5.21834 134.008
13.5252 -5.21834 134.144
13.5252 -5.21834 134.279
13.5252 -5.21834 134.415
13.5252 -5.21834 134.551
13.5252 -5.21834 134.687
13.5252 -5.21834 134.823
13.5252 -5.21834 134.958
13.5252 -5.21834 135.094
13.5252 -5.21834 135.23
13.5252 -5.21834 135.366
13.5252 -5.21834 135.502
13.5252 -5.21834 135.637
13.5252 -5.21834 135.773
13.5252 -5.21834 135.909
13.5252 -5.21834 136.045
13.5252 -5.21834 136.18
13.5252 -5.21834 136.316
13.5252 -5.21834 136.452
13.5252 -5.21834 136.588
13.5252 -5.21834 136.724
13.5252 -5.21834 136.859
13.5252 -5.21834 136.995
13.5252 -5.21834 137.131
13.5252 -5.21834 137.267
13.5252 -5.21834 137.402
13.5252 -5.21834 137.538
13.5252 -5.21834 137.674
13.5252 -5.21834 137.81
13.5252 -5.21834 137.946
13.5252 -5.21834 138.081
13.5252 -5.21834 138.217
13.5252 -5.21834 138.353
13.5252 -5.21834 138.489
13.5252 -5.21834 138.624
13.5252 -5.21834 138.76
13.5252 -5.21834 138.896
13.5252 -5.21834 139.032
13.5252 -5.21834 139.168
13.5252 -5.21834 139.303
13.5252 -5.21834 139.439
13.5252 -5.21834 139.575
13.5252 -5.21834 139.711
13.5252 -5.21834 139.846
13.5252 -5.21834 139.982
13.5252 -5.21834 140.118
13.5252 -5.21834 140.254
13.5252 -5.21834 140.39
13.5252 -5.21834 140.525
13.5252 -5.21834 140.661
13.5252 -5.21834 140.797
13.5252 -5.21834 140.933
13.5252 -5.21834 141.068
13.5252 -5.21834 141.204
13.5252 -5.21834 141.34
13.5252 -5.21834 141.476
13.5252 -5.21834 141.612
13.5252 -5.21834 141.747
13.5252 -5.21834 141.883
13.5252 -5.21834 142.019
13.5252 -5.21834 142.155
13.5252 -5.21834 142.29
13.5252 -5.21834 142.426
13.5252 -5.21834 142.562
13.5252 -5.21834 142.698
13.5252 -5.21834 142.834
13.5252 -5.21834 142.969
13.5252 -5.21834 143.105
13.5252 -5.21834 143.241
13.5252 -5.21834 143.377
13.5252 -5.21834 143.512
13.5252 -5.21834 143.648
13.5252 -5.21834 143.784
13.5252 -5.21834 143.92
13.5252 -5.21834 144.056
13.5252 -5.21834 144.191
13.5252 -5.21834 144.327
13.5252 -5.21834 144.463
13.5252 -5.21834 144.599
13.5252 -5.21834 144.734
13.5252 -5.21834 144.87
13.5252 -5.21834 145.006
13.5252 -5.21834 145.142
13.5252 -5.21834 145.278
13.5252 -5.21834 145.413
13.5252 -5.21834 145.549
13.5252 -5.21834 145.685
13.5252 -5.21834 145.821
13.5252 -5.21834 145.956
13.5252 -5.21834 146.092
13.5252 -5.21834 146.228
13.5252 -5.21834 146.364
13.5252 -5.21834 146.5
13.5252 -5.21834 146.635
13.5252 -5.21834 146.771
13.5252 -5.21834 146.907
13.5252 -5.21834 147.043
13.5252 -5.21834 147.178
13.5252 -5.21834 147.314
13.5252 -5.21834 147.45
13.5252 -5.21834 147.586
13.5252 -5.21834 147.722
13.5252 -5.21834 147.857
13.5252 -5.21834 147.993
13.5252 -5.21834 148.129
13.5252 -5.21834 148.265
13.5252 -5.21834 148.4
13.5252 -5.21834 148.536
13.5252 -5.21834 148.672
13.5252 -5.21834 148.808
13.5252 -5.21834 148.944
13.5252 -5.21834 149.079
13.5252 -5.21834 149.215
13.5252 -5.21834 149.351
13.5252 -5.21834 149.487
13.5252 -5.21834 149.622
13.5252 -5.21834 149.758
13.5252 -5.21834 149.894
13.5252 -5.21834 150.03
13.5252 -5.21834 150.166
13.5252 -5.21834 150.301
13.5252 -5.21834 150.437
13.5252 -5.21834 150.573
13.5252 -5.21834 150.709
13.5252 -5.21834 150.844
13.5252 -5.21834 150.98
13.5252 -5.21834 151.116
13.5252 -5.21834 151.252
13.5252 -5.21834 151.388
13.5252 -5.21834 151.523
13.5252 -5.21834 151.659
13.5252 -5.21834 151.795
13.5252 -5.21834 151.931
13.5252 -5.21834 152.066
13.5252 -5.21834 152.202
13.5252 -5.21834 152.338
13.5252 -5.21834 152.474
13.5252 -5.21834 152.61
13.5252 -5.21834 152.745
13.5252 -5.21834 152.881
13.5252 -5.21834 153.017
13.5252 -5.21834 153.153
13.5252 -5.21834 153.288
13.5252 -5.21834 153.424
13.5252 -5.21834 153.56
13.5252 -5.21834 153.696
13.5252 -5.21834 153.832
13.5252 -5.21834 153.967
13.5252 -5.21834 154.103
13.5252 -5.21834 154.239
13.5252 -5.21834 154.375
13.5252 -5.21834 154.51
13.5252 -5.21834 154.646
13.5252 -5.21834 154.782
13.5252 -5.21834 154.918
13.5252 -5.21834 155.054
13.5252 -5.21834 155.189
13.5219 -5.19591 114.456
13.5219 -5.19591 114.592
13.5219 -5.19591 114.727
13.5219 -5.19591 114.863
13.5219 -5.19591 114.999
13.5219 -5.19591 115.135
13.5219 -5.19591 115.271
13.5219 -5.19591 115.406
13.5219 -5.19591 115.542
13.5219 -5.19591 115.678
13.5219 -5.19591 115.814
13.5219 -5.19591 115.949
13.5219 -5.19591 116.085
13.5219 -5.19591 116.221
13.5219 -5.19591 116.357
13.5219 -5.19591 116.493
13.5219 -5.19591 116.628
13.5219 -5.19591 116.764
13.5219 -5.19591 116.9
13.5219 -5.19591 117.036
13.5219 -5.19591 117.171
13.5219 -5.19591 117.307
13.5219 -5.19591 117.443
13.5219 -5.19591 117.579
13.5219 -5.19591 117.715
13.5219 -5.19591 117.85
13.5219 -5.19591 117.986
13.5219 -5.19591 118.122
13.5219 -5.19591 118.258
13.5219 -5.19591 118.393
13.5219 -5.19591 118.529
13.5219 -5.19591 118.665
13.5219 -5.19591 118.801
13.5219 -5.19591 118.937
13.5219 -5.19591 119.072
13.5219 -5.19591 119.208
13.5219 -5.19591 119.344
13.5219 -5.19591 119.48
13.5219 -5.19591 119.615
13.5219 -5.19591 119.751
13.5219 -5.19591 119.887
13.5219 -5.19591 120.023
13.5219 -5.19591 120.159
13.5219 -5.19591 120.294
13.5219 -5.19591 120.43
13.5219 -5.19591 120.566
13.5219 -5.19591 120.702
13.5219 -5.19591 120.837
13.5219 -5.19591 120.973
13.5219 -5.19591 121.109
13.5219 -5.19591 121.245
13.5219 -5.19591 121.381
13.5219 -5.19591 121.516
13.5219 -5.19591 121.652
13.5219 -5.19591 121.788
13.5219 -5.19591 121.924
13.5219 -5.19591 122.059
13.5219 -5.19591 122.195
13.5219 -5.19591 122.331
13.5219 -5.19591 122.467
13.5219 -5.19591 122.603
13.5219 -5.19591 122.738
13.5219 -5.19591 122.874
13.5219 -5.19591 123.01
13.5219 -5.19591 123.146
13.5219 -5.19591 123.282
13.5219 -5.19591 123.417
13.5219 -5.19591 123.553
13.5219 -5.19591 123.689
13.5219 -5.19591 123.825
13.5219 -5.19591 123.96
13.5219 -5.19591 124.096
13.5219 -5.19591 124.232
13.5219 -5.19591 124.368
13.5219 -5.19591 124.503
13.5219 -5.19591 124.639
13.5219 -5.19591 124.775
13.5219 -5.19591 124.911
13.5219 -5.19591 125.047
13.5219 -5.19591 125.182
13.5219 -5.19591 125.318
13.5219 -5.19591 125.454
13.5219 -5.19591 125.59
13.5219 -5.19591 125.725
13.5219 -5.19591 125.861
13.5219 -5.19591 125.997
13.5219 -5.19591 126.133
13.5219 -5.19591 126.269
13.5219 -5.19591 126.404
13.5219 -5.19591 126.54
13.5219 -5.19591 126.676
13.5219 -5.19591 126.812
13.5219 -5.19591 126.947
13.5219 -5.19591 127.083
13.5219 -5.19591 127.219
13.5219 -5.19591 127.355
13.5219 -5.19591 127.491
13.5219 -5.19591 127.626
13.5219 -5.19591 127.762
13.5219 -5.19591 127.898
13.5219 -5.19591 128.034
13.5219 -5.19591 128.17
13.5219 -5.19591 128.305
13.5219 -5.19591 128.441
13.5219 -5.19591 128.577
13.5219 -5.19591 128.713
13.5219 -5.19591 128.848
13.5219 -5.19591 128.984
13.5219 -5.19591 129.12
13.5219 -5.19591 129.256
13.5219 -5.19591 129.391
13.5219 -5.19591 129.527
13.5219 -5.19591 129.663
13.5219 -5.19591 129.799
13.5219 -5.19591 129.935
13.5219 -5.19591 130.07
13.5219 -5.19591 130.206
13.5219 -5.19591 130.342
13.5219 -5.19591 130.478
13.5219 -5.19591 130.613
13.5219 -5.19591 130.749
13.5219 -5.19591 130.885
13.5219 -5.19591 131.021
13.5219 -5.19591 131.157
13.5219 -5.19591 131.292
13.5219 -5.19591 131.428
13.5219 -5.19591 131.564
13.5219 -5.19591 131.7
13.5219 -5.19591 131.836
13.5219 -5.19591 131.971
13.5219 -5.19591 132.107
13.5219 -5.19591 132.243
13.5219 -5.19591 132.379
13.5219 -5.19591 132.514
13.5219 -5.19591 132.65
13.5219 -5.19591 132.786
13.5219 -5.19591 132.922
13.5219 -5.19591 133.058
13.5219 -5.19591 133.193
13.5219 -5.19591 133.329
13.5219 -5.19591 133.465
13.5219 -5.19591 133.601
13.5219 -5.19591 133.736
13.5219 -5.19591 133.872
13.5219 -5.19591 134.008
13.5219 -5.19591 134.144
13.5219 -5.19591 134.279
13.5219 -5.19591 134.415
13.5219 -5.19591 134.551
13.5219 -5.19591 134.687
13.5219 -5.19591 134.823
13.5219 -5.19591 134.958
13.5219 -5.19591 135.094
13.5219 -5.19591 135.23
13.5219 -5.19591 135.366
13.5219 -5.19591 135.502
13.5219 -5.19591 135.637
13.5219 -5.19591 135.773
13.5219 -5.19591 135.909
13.5219 -5.19591 136.045
13.5219 -5.19591 136.18
13.5219 -5.19591 136.316
13.5219 -5.19591 136.452
13.5219 -5.19591 136.588
13.5219 -5.19591 136.724
13.5219 -5.19591 136.859
13.5219 -5.19591 136.995
13.5219 -5.19591 137.131
13.5219 -5.19591 137.267
13.5219 -5.19591 137.402
13.5219 -5.19591 137.538
13.5219 -5.19591 137.674
13.5219 -5.19591 137.81
13.5219 -5.19591 137.946
13.5219 -5.19591 138.081
13.5219 -5.19591 138.217
13.5219 -5.19591 138.353
13.5219 -5.19591 138.489
13.5219 -5.19591 138.624
13.5219 -5.19591 138.76
13.5219 -5.19591 138.896
13.5219 -5.19591 139.032
13.5219 -5.19591 139.168
13.5219 -5.19591 139.303
13.5219 -5.19591 139.439
13.5219 -5.19591 139.575
13.5219 -5.19591 139.711
13.5219 -5.19591 139.846
13.5219 -5.19591 139.982
13.5219 -5.19591 140.118
13.5219 -5.19591 140.254
13.5219 -5.19591 140.39
13.5219 -5.19591 140.525
13.5219 -5.19591 140.661
13.5219 -5.19591 140.797
13.5219 -5.19591 140.933
13.5219 -5.19591 141.068
13.5219 -5.19591 141.204
13.5219 -5.19591 141.34
13.5219 -5.19591 141.476
13.5219 -5.19591 141.612
13.5219 -5.19591 141.747
13.5219 -5.19591 141.883
13.5219 -5.19591 142.019
13.5219 -5.19591 142.155
13.5219 -5.19591 142.29
13.5219 -5.19591 142.426
13.5219 -5.19591 142.562
13.5219 -5.19591 142.698
13.5219 -5.19591 142.834
13.5219 -5.19591 142.969
13.5219 -5.19591 143.105
13.5219 -5.19591 143.241
13.5219 -5.19591 143.377
13.5219 -5.19591 143.512
13.5219 -5.19591 143.648
13.5219 -5.19591 143.784
13.5219 -5.19591 143.92
13.5219 -5.19591 144.056
13.5219 -5.19591 144.191
13.5219 -5.19591 144.327
13.5219 -5.19591 144.463
13.5219 -5.19591 144.599
13.5219 -5.19591 144.734
13.5219 -5.19591 144.87
13.5219 -5.19591 145.006
13.5219 -5.19591 145.142
13.5219 -5.19591 145.278
13.5219 -5.19591 145.413
13.5219 -5.19591 145.549
13.5219 -5.19591 145.685
13.5219 -5.19591 145.821
13.5219 -5.19591 145.956
13.5219 -5.19591 146.092
13.5219 -5.19591 146.228
13.5219 -5.19591 146.364
13.5219 -5.19591 146.5
13.5219 -5.19591 146.635
13.5219 -5.19591 146.771
13.5219 -5.19591 146.907
13.5219 -5.19591 147.043
13.5219 -5.19591 147.178
13.5219 -5.19591 147.314
13.5219 -5.19591 147.45
13.5219 -5.19591 147.586
13.5219 -5.19591 147.722
13.5219 -5.19591 147.857
13.5219 -5.19591 147.993
13.5219 -5.19591 148.129
13.5219 -5.19591 148.265
13.5219 -5.19591 148.4
13.5219 -5.19591 148.536
13.5219 -5.19591 148.672
13.5219 -5.19591 148.808
13.5219 -5.19591 148.944
13.5219 -5.19591 149.079
13.5219 -5.19591 149.215
13.5219 -5.19591 149.351
13.5219 -5.19591 149.487
13.5219 -5.19591 149.622
13.5219 -5.19591 149.758
13.5219 -5.19591 149.894
13.5219 -5.19591 150.03
13.5219 -5.19591 150.166
13.5219 -5.19591 150.301
13.5219 -5.19591 150.437
13.5219 -5.19591 150.573
13.5219 -5.19591 150.709
13.5219 -5.19591 150.844
13.5219 -5.19591 150.98
13.5219 -5.19591 151.116
13.5219 -5.19591 151.252
13.5219 -5.19591 151.388
13.5219 -5.19591 151.523
13.5219 -5.19591 151.659
13.5219 -5.19591 151.795
13.5219 -5.19591 151.931
13.5219 -5.19591 152.066
13.5219 -5.19591 152.202
13.5219 -5.19591 152.338
13.5219 -5.19591 152.474
13.5219 -5.19591 152.61
13.5219 -5.19591 152.745
13.5219 -5.19591 152.881
13.5219 -5.19591 153.017
13.5219 -5.19591 153.153
13.5219 -5.19591 153.288
13.5219 -5.19591 153.424
13.5219 -5.19591 153.56
13.5219 -5.19591 153.696
13.5219 -5.19591 153.832
13.5219 -5.19591 153.967
13.5219 -5.19591 154.103
13.5219 -5.19591 154.239
13.5219 -5.19591 154.375
13.5219 -5.19591 154.51
13.5219 -5.19591 154.646
13.5219 -5.19591 154.782
13.5219 -5.19591 154.918
13.5219 -5.19591 155.054
13.5219 -5.19591 155.189
23.8308 2.09723 85.4443
25.9689 0.915274 85.4443
28.107 -0.266645 85.4443
-2.61317 16.7152 85.4443
-0.612192 15.609 85.4443
23.7658 2.1331 93.1221
23.7658 2.1331 92.677
23.7658 2.1331 92.2321
23.7658 2.1331 91.7871
23.7658 2.1331 91.3421
23.7658 2.1331 90.8971
23.7658 2.1331 90.4521
23.7658 2.1331 90.0072
23.7658 2.1331 89.5622
23.7658 2.1331 89.1172
23.7658 2.1331 88.6722
23.7658 2.1331 88.2273
23.7658 2.1331 87.7823
23.7658 2.1331 87.3373
23.7658 2.1331 86.8923
23.7658 2.1331 86.4473
23.7658 2.1331 86.0024
23.7658 2.1331 85.5574
23.7658 2.1331 85.1124
23.7658 2.1331 84.6674
23.7658 2.1331 84.2225
23.7658 2.1331 83.7775
23.7658 2.1331 83.3325
23.7658 2.1331 82.8875
23.7658 2.1331 82.4425
23.7658 2.1331 81.9975
23.7658 2.1331 81.5526
23.7658 2.1331 81.1076
23.7658 2.1331 80.6626
23.7658 2.1331 80.2176
23.7658 2.1331 79.7727
23.7658 2.1331 79.3277
23.7658 2.1331 78.8827
23.7658 2.1331 78.4377
23.7658 2.1331 77.9928
23.7658 2.1331 77.5477
23.7658 2.1331 77.1028
23.7658 2.1331 76.6578
23.7658 2.1331 76.2128
23.7658 2.1331 75.7678
23.7658 2.1331 75.3229
23.7658 2.1331 74.8779
23.7658 2.1331 74.4329
23.7658 2.1331 73.9879
23.7658 2.1331 73.543
23.7658 2.1331 73.0979
23.7658 2.1331 72.653
23.7658 2.1331 72.208
23.7658 2.1331 71.763
23.7658 2.1331 71.318
23.7658 2.1331 70.8731
23.7658 2.1331 70.4281
23.7658 2.1331 69.9831
23.7658 2.1331 69.5381
23.7658 2.1331 69.0931
23.7658 2.1331 68.6481
23.7658 2.1331 68.2032
23.7658 2.1331 67.7582
23.7658 2.1331 67.3132
23.7658 2.1331 66.8682
23.7658 2.1331 66.4233
23.7658 2.1331 65.9783
23.7658 2.1331 65.5333
23.7658 2.1331 65.0883
23.7658 2.1331 64.6433
23.7658 2.1331 64.1984
23.7658 2.1331 63.7534
23.7658 2.1331 63.3084
23.7658 2.1331 62.8634
23.7658 2.1331 62.4184
23.7658 2.1331 61.9735
23.7658 2.1331 61.5285
23.7658 2.1331 61.0835
23.7658 2.1331 60.6385
23.7658 2.1331 60.1936
23.7658 2.1331 59.7486
23.7658 2.1331 59.3036
23.7658 2.1331 58.8586
23.7658 2.1331 58.4136
23.7658 2.1331 57.9686
23.7658 2.1331 57.5237
23.7658 2.1331 57.0787
23.7658 2.1331 56.6337
23.7658 2.1331 56.1887
23.7658 2.1331 55.7438
23.7658 2.1331 55.2988
23.7658 2.1331 54.8538
23.7658 2.1331 54.4088
23.7658 2.1331 53.9639
23.7658 2.1331 53.5189
23.7658 2.1331 53.0739
23.7658 2.1331 52.6289
23.7658 2.1331 52.1839
23.7658 2.1331 51.7389
23.7658 2.1331 51.294
23.7658 2.1331 50.849
23.7658 2.1331 50.404
23.7658 2.1331 49.959
23.7658 2.1331 49.5141
23.7658 2.1331 49.069
23.7658 2.1331 48.6241
23.7658 2.1331 48.1791
23.7658 2.1331 47.7341
23.7658 2.1331 47.2891
23.7658 2.1331 46.8442
23.7658 2.1331 46.3992
23.7658 2.1331 45.9542
23.7658 2.1331 45.5092
23.7658 2.1331 45.0642
23.8308 2.09723 93.1221
23.8308 2.09723 92.677
23.8308 2.09723 92.2321
23.8308 2.09723 91.7871
23.8308 2.09723 91.3421
23.8308 2.09723 90.8971
23.8308 2.09723 90.4521
23.8308 2.09723 90.0072
23.8308 2.09723 89.5622
23.8308 2.09723 89.1172
23.8308 2.09723 88.6722
23.8308 2.09723 88.2273
23.8308 2.09723 87.7823
23.8308 2.09723 87.3373
23.8308 2.09723 86.8923
23.8308 2.09723 86.4473
23.8308 2.09723 86.0024
23.8308 2.09723 85.5574
23.8308 2.09723 85.1124
23.8308 2.09723 84.6674
23.8308 2.09723 84.2225
23.8308 2.09723 83.7775
23.8308 2.09723 83.3325
23.8308 2.09723 82.8875
23.8308 2.09723 82.4425
23.8308 2.09723 81.9975
23.8308 2.09723 81.5526
23.8308 2.09723 81.1076
23.8308 2.09723 80.6626
23.8308 2.09723 80.2176
23.8308 2.09723 79.7727
23.8308 2.09723 79.3277
23.8308 2.09723 78.8827
23.8308 2.09723 78.4377
23.8308 2.09723 77.9928
23.8308 2.09723 77.5477
23.8308 2.09723 77.1028
23.8308 2.09723 76.6578
23.8308 2.09723 76.2128
23.8308 2.09723 75.7678
23.8308 2.09723 75.3229
23.8308 2.09723 74.8779
23.8308 2.09723 74.4329
23.8308 2.09723 73.9879
23.8308 2.09723 73.543
23.8308 2.09723 73.0979
23.8308 2.09723 72.653
23.8308 2.09723 72.208
23.8308 2.09723 71.763
23.8308 2.09723 71.318
23.8308 2.09723 70.8731
23.8308 2.09723 70.4281
23.8308 2.09723 69.9831
23.8308 2.09723 69.5381
23.8308 2.09723 69.0931
23.8308 2.09723 68.6481
23.8308 2.09723 68.2032
23.8308 2.09723 67.7582
23.8308 2.09723 67.3132
23.8308 2.09723 66.8682
23.8308 2.09723 66.4233
23.8308 2.09723 65.9783
23.8308 2.09723 65.5333
23.8308 2.09723 65.0883
23.8308 2.09723 64.6433
23.8308 2.09723 64.1984
23.8308 2.09723 63.7534
23.8308 2.09723 63.3084
23.8308 2.09723 62.8634
23.8308 2.09723 62.4184
23.8308 2.09723 61.9735
23.8308 2.09723 61.5285
23.8308 2.09723 61.0835
23.8308 2.09723 60.6385
23.8308 2.09723 60.1936
23.8308 2.09723 59.7486
23.8308 2.09723 59.3036
23.8308 2.09723 58.8586
23.8308 2.09723 58.4136
23.8308 2.09723 57.9686
23.8308 2.09723 57.5237
23.8308 2.09723 57.0787
23.8308 2.09723 56.6337
23.8308 2.09723 56.1887
23.8308 2.09723 55.7438
23.8308 2.09723 55.2988
23.8308 2.09723 54.8538
23.8308 2.09723 54.4088
23.8308 2.09723 53.9639
23.8308 2.09723 53.5189
23.8308 2.09723 53.0739
23.8308 2.09723 52.6289
23.8308 2.09723 52.1839
23.8308 2.09723 51.7389
23.8308 2.09723 51.294
23.8308 2.09723 50.849
23.8308 2.09723 50.404
23.8308 2.09723 49.959
23.8308 2.09723 49.5141
23.8308 2.09723 49.069
23.8308 2.09723 48.6241
23.8308 2.09723 48.1791
23.8308 2.09723 47.7341
23.8308 2.09723 47.2891
23.8308 2.09723 46.8442
23.8308 2.09723 46.3992
23.8308 2.09723 45.9542
23.8308 2.09723 45.5092
23.8308 2.09723 45.0642
5.60224 12.1737 90.8477
5.60224 12.1737 88.1284
5.60224 12.1737 85.4091
5.60224 12.1737 82.6897
5.60224 12.1737 79.9704
5.60224 12.1737 77.2511
5.60224 12.1737 74.5318
5.60224 12.1737 71.8125
5.60224 12.1737 69.0931
5.60224 12.1737 66.3738
5.60224 12.1737 63.6545
5.60224 12.1737 60.9352
5.60224 12.1737 58.2159
5.60224 12.1737 55.4965
5.60224 12.1737 52.7772
5.60224 12.1737 50.0579
5.60224 12.1737 47.3386
6.00791 11.9495 90.8477
6.00791 11.9495 88.1284
6.00791 11.9495 85.4091
6.00791 11.9495 82.6897
6.00791 11.9495 79.9704
6.00791 11.9495 77.2511
6.00791 11.9495 74.5318
6.00791 11.9495 71.8125
6.00791 11.9495 69.0931
6.00791 11.9495 66.3738
6.00791 11.9495 63.6545
6.00791 11.9495 60.9352
6.00791 11.9495 58.2159
6.00791 11.9495 55.4965
6.00791 11.9495 52.7772
6.00791 11.9495 50.0579
6.00791 11.9495 47.3386
18.8994 4.82324 78.9062
18.8994 4.82324 64.2453
18.8994 4.82324 49.5844
18.8994 4.82324 34.9235
18.8994 4.82324 20.2627
18.8994 4.82324 5.60182
18.8994 4.82324 -9.05903
18.8994 4.82324 -23.7199
18.8994 4.82324 -38.3808
18.8994 4.82324 -53.0416
18.8994 4.82324 -67.7025
18.8994 4.82324 -82.3634
18.8994 4.82324 -97.0242
18.8994 4.82324 -111.685
21.1493 3.57948 78.9062
21.1493 3.57948 64.2453
21.1493 3.57948 49.5844
21.1493 3.57948 34.9235
21.1493 3.57948 20.2627
21.1493 3.57948 5.60182
21.1493 3.57948 -9.05903
21.1493 3.57948 -23.7199
21.1493 3.57948 -38.3808
21.1493 3.57948 -53.0416
21.1493 3.57948 -67.7025
21.1493 3.57948 -82.3634
21.1493 3.57948 -97.0242
21.1493 3.57948 -111.685
13.8462 7.61656 80.631
13.8462 7.61656 67.6949
13.8462 7.61656 54.7588
13.8462 7.61656 41.8228
13.8462 7.61656 28.8867
13.8462 7.61656 15.9507
13.8462 7.61656 3.01462
13.8462 7.61656 -9.92143
13.8462 7.61656 -22.8575
13.8462 7.61656 -35.7936
13.8462 7.61656 -48.7296
13.8462 7.61656 -61.6657
13.8462 7.61656 -74.6017
13.8462 7.61656 -87.5378
13.8462 7.61656 -100.474
13.8462 7.61656 -113.41
15.8265 6.52193 80.631
15.8265 6.52193 67.6949
15.8265 6.52193 54.7588
15.8265 6.52193 41.8228
15.8265 6.52193 28.8867
15.8265 6.52193 15.9507
15.8265 6.52193 3.01462
15.8265 6.52193 -9.92143
15.8265 6.52193 -22.8575
15.8265 6.52193 -35.7936
15.8265 6.52193 -48.7296
15.8265 6.52193 -61.6657
15.8265 6.52193 -74.6017
15.8265 6.52193 -87.5378
15.8265 6.52193 -100.474
15.8265 6.52193 -113.41
8.83666 10.3858 78.9062
8.83666 10.3858 64.2453
8.83666 10.3858 49.5844
8.83666 10.3858 34.9235
8.83666 10.3858 20.2627
8.83666 10.3858 5.60182
8.83666 10.3858 -9.05903
8.83666 10.3858 -23.7199
8.83666 10.3858 -38.3808
8.83666 10.3858 -53.0416
8.83666 10.3858 -67.7025
8.83666 10.3858 -82.3634
8.83666 10.3858 -97.0242
8.83666 10.3858 -111.685
11.0981 9.13572 78.9062
11.0981 9.13572 64.2453
11.0981 9.13572 49.5844
11.0981 9.13572 34.9235
11.0981 9.13572 20.2627
11.0981 9.13572 5.60182
11.0981 9.13572 -9.05903
11.0981 9.13572 -23.7199
11.0981 9.13572 -38.3808
11.0981 9.13572 -53.0416
11.0981 9.13572 -67.7025
11.0981 9.13572 -82.3634
11.0981 9.13572 -97.0242
11.0981 9.13572 -111.685
28.107 -0.266645 90.8595
28.107 -0.266645 88.1519
28.107 -0.266645 82.7367
28.107 -0.266645 80.0292
28.3358 0.147246 90.8595
28.3358 0.147246 88.1519
28.3358 0.147246 85.4443
28.3358 0.147246 82.7367
28.3358 0.147246 80.0292
30.2575 -0.915015 85.4443
22.5958 3.32026 85.4091
22.5958 3.32026 77.2511
22.5958 3.32026 69.0931
22.5958 3.32026 60.9352
22.5958 3.32026 52.7772
23.9946 2.54699 85.4091
23.9946 2.54699 77.2511
23.9946 2.54699 69.0931
23.9946 2.54699 60.9352
23.9946 2.54699 52.7772
6.23669 12.3634 83.7775
6.23669 12.3634 73.9879
6.23669 12.3634 64.1984
6.23669 12.3634 54.4088
7.73969 11.5326 83.7775
7.73969 11.5326 73.9879
7.73969 11.5326 64.1984
7.73969 11.5326 54.4088
21.3781 3.99337 89.4177
21.3781 3.99337 85.2684
21.3781 3.99337 81.1191
21.3781 3.99337 76.9698
21.3781 3.99337 72.8205
21.3781 3.99337 68.6712
21.3781 3.99337 64.5219
21.3781 3.99337 60.3726
21.3781 3.99337 56.2233
21.3781 3.99337 52.074
21.3781 3.99337 47.9247
21.3781 3.99337 43.7754
21.3781 3.99337 39.6261
21.3781 3.99337 35.4768
21.3781 3.99337 31.3275
21.3781 3.99337 27.1782
21.3781 3.99337 23.0289
21.3781 3.99337 18.8796
21.3781 3.99337 14.7303
21.3781 3.99337 10.581
21.3781 3.99337 6.43169
21.3781 3.99337 2.28238
21.3781 3.99337 -1.86691
21.3781 3.99337 -6.01622
21.3781 3.99337 -10.1655
21.3781 3.99337 -14.3148
21.3781 3.99337 -18.4641
21.3781 3.99337 -22.6134
21.3781 3.99337 -26.7627
21.3781 3.99337 -30.912
21.3781 3.99337 -35.0613
21.3781 3.99337 -39.2106
21.3781 3.99337 -43.3599
21.3781 3.99337 -47.5092
21.3781 3.99337 -51.6585
21.3781 3.99337 -55.8078
21.3781 3.99337 -59.9571
21.3781 3.99337 -64.1064
21.3781 3.99337 -68.2557
21.3781 3.99337 -72.405
21.3781 3.99337 -76.5543
21.3781 3.99337 -80.7036
21.3781 3.99337 -84.8529
21.3781 3.99337 -89.0022
21.3781 3.99337 -93.1515
21.3781 3.99337 -97.3008
21.3781 3.99337 -101.45
21.3781 3.99337 -105.599
21.3781 3.99337 -109.749
21.3781 3.99337 -113.898
21.3781 3.99337 -118.047
21.3781 3.99337 -122.197
21.987 3.6568 93.567
21.987 3.6568 89.4177
21.987 3.6568 85.2684
21.987 3.6568 81.1191
21.987 3.6568 76.9698
21.987 3.6568 72.8205
21.987 3.6568 68.6712
21.987 3.6568 64.5219
21.987 3.6568 60.3726
21.987 3.6568 56.2233
21.987 3.6568 52.074
21.987 3.6568 47.9247
21.987 3.6568 43.7754
21.987 3.6568 39.6261
21.987 3.6568 35.4768
21.987 3.6568 31.3275
21.987 3.6568 27.1782
21.987 3.6568 23.0289
21.987 3.6568 18.8796
21.987 3.6568 14.7303
21.987 3.6568 10.581
21.987 3.6568 6.43169
21.987 3.6568 2.28238
21.987 3.6568 -1.86691
21.987 3.6568 -6.01622
21.987 3.6568 -10.1655
21.987 3.6568 -14.3148
21.987 3.6568 -18.4641
21.987 3.6568 -22.6134
21.987 3.6568 -26.7627
21.987 3.6568 -30.912
21.987 3.6568 -35.0613
21.987 3.6568 -39.2106
21.987 3.6568 -43.3599
21.987 3.6568 -47.5092
21.987 3.6568 -51.6585
21.987 3.6568 -55.8078
21.987 3.6568 -59.9571
21.987 3.6568 -64.1064
21.987 3.6568 -68.2557
21.987 3.6568 -72.405
21.987 3.6568 -76.5543
21.987 3.6568 -80.7036
21.987 3.6568 -84.8529
21.987 3.6568 -89.0022
21.987 3.6568 -93.1515
21.987 3.6568 -97.3008
21.987 3.6568 -101.45
21.987 3.6568 -105.599
21.987 3.6568 -109.749
21.987 3.6568 -113.898
21.987 3.6568 -118.047
21.987 3.6568 -122.197
21.987 3.6568 -126.346
22.5958 3.32026 89.4177
22.5958 3.32026 85.2684
22.5958 3.32026 81.1191
22.5958 3.32026 76.9698
22.5958 3.32026 72.8205
22.5958 3.32026 68.6712
22.5958 3.32026 64.5219
22.5958 3.32026 60.3726
22.5958 3.32026 56.2233
22.5958 3.32026 52.074
22.5958 3.32026 47.9247
22.5958 3.32026 43.7754
22.5958 3.32026 39.6261
22.5958 3.32026 35.4768
22.5958 3.32026 31.3275
22.5958 3.32026 27.1782
22.5958 3.32026 23.0289
22.5958 3.32026 18.8796
22.5958 3.32026 14.7303
22.5958 3.32026 10.581
22.5958 3.32026 6.43169
22.5958 3.32026 2.28238
22.5958 3.32026 -1.86691
22.5958 3.32026 -6.01622
22.5958 3.32026 -10.1655
22.5958 3.32026 -14.3148
22.5958 3.32026 -18.4641
22.5958 3.32026 -22.6134
22.5958 3.32026 -26.7627
22.5958 3.32026 -30.912
22.5958 3.32026 -35.0613
22.5958 3.32026 -39.2106
22.5958 3.32026 -43.3599
22.5958 3.32026 -47.5092
22.5958 3.32026 -51.6585
22.5958 3.32026 -55.8078
22.5958 3.32026 -59.9571
22.5958 3.32026 -64.1064
22.5958 3.32026 -68.2557
22.5958 3.32026 -72.405
22.5958 3.32026 -76.5543
22.5958 3.32026 -80.7036
22.5958 3.32026 -84.8529
22.5958 3.32026 -89.0022
22.5958 3.32026 -93.1515
22.5958 3.32026 -97.3008
22.5958 3.32026 -101.45
22.5958 3.32026 -105.599
22.5958 3.32026 -109.749
22.5958 3.32026 -113.898
22.5958 3.32026 -118.047
22.5958 3.32026 -122.197
16.0553 6.93582 73.5749
16.0553 6.93582 53.5828
16.0553 6.93582 33.5907
16.0553 6.93582 13.5987
16.0553 6.93582 -6.39342
16.0553 6.93582 -26.3855
16.0553 6.93582 -46.3776
16.0553 6.93582 -66.3697
16.0553 6.93582 -86.3618
16.0553 6.93582 -106.354
19.1282 5.23713 73.5749
19.1282 5.23713 53.5828
19.1282 5.23713 33.5907
19.1282 5.23713 13.5987
19.1282 5.23713 -6.39342
19.1282 5.23713 -26.3855
19.1282 5.23713 -46.3776
19.1282 5.23713 -66.3697
19.1282 5.23713 -86.3618
19.1282 5.23713 -106.354
11.3269 9.54961 75.241
11.3269 9.54961 56.9149
11.3269 9.54961 38.5888
11.3269 9.54961 20.2627
11.3269 9.54961 1.93662
11.3269 9.54961 -16.3895
11.3269 9.54961 -34.7155
11.3269 9.54961 -53.0416
11.3269 9.54961 -71.3677
11.3269 9.54961 -89.6938
11.3269 9.54961 -108.02
14.075 8.03045 75.241
14.075 8.03045 56.9149
14.075 8.03045 38.5888
14.075 8.03045 20.2627
14.075 8.03045 1.93662
14.075 8.03045 -16.3895
14.075 8.03045 -34.7155
14.075 8.03045 -53.0416
14.075 8.03045 -71.3677
14.075 8.03045 -89.6938
14.075 8.03045 -108.02
7.73969 11.5326 84.7705
7.73969 11.5326 75.974
7.73969 11.5326 67.1774
7.73969 11.5326 58.3809
7.73969 11.5326 49.5844
7.73969 11.5326 40.7879
7.73969 11.5326 31.9914
7.73969 11.5326 23.1949
7.73969 11.5326 14.3983
7.73969 11.5326 5.60182
7.73969 11.5326 -3.1947
7.73969 11.5326 -11.9912
7.73969 11.5326 -20.7877
7.73969 11.5326 -29.5842
7.73969 11.5326 -38.3808
7.73969 11.5326 -47.1773
7.73969 11.5326 -55.9738
7.73969 11.5326 -64.7703
7.73969 11.5326 -73.5668
7.73969 11.5326 -82.3634
7.73969 11.5326 -91.1599
7.73969 11.5326 -99.9564
7.73969 11.5326 -108.753
7.73969 11.5326 -117.549
9.06545 10.7997 84.7705
9.06545 10.7997 75.974
9.06545 10.7997 67.1774
9.06545 10.7997 58.3809
9.06545 10.7997 49.5844
9.06545 10.7997 40.7879
9.06545 10.7997 31.9914
9.06545 10.7997 23.1949
9.06545 10.7997 14.3983
9.06545 10.7997 5.60182
9.06545 10.7997 -3.1947
9.06545 10.7997 -11.9912
9.06545 10.7997 -20.7877
9.06545 10.7997 -29.5842
9.06545 10.7997 -38.3808
9.06545 10.7997 -47.1773
9.06545 10.7997 -55.9738
9.06545 10.7997 -64.7703
9.06545 10.7997 -73.5668
9.06545 10.7997 -82.3634
9.06545 10.7997 -91.1599
9.06545 10.7997 -99.9564
9.06545 10.7997 -108.753
9.06545 10.7997 -117.549
30.0287 -1.32891 80.0292
30.0287 -1.32891 82.7367
30.0287 -1.32891 85.4443
30.0287 -1.32891 88.1519
30.0287 -1.32891 90.8595
30.2575 -0.915015 80.0292
30.2575 -0.915015 82.7367
30.2575 -0.915015 88.1519
30.2575 -0.915015 90.8595
33.2371 -5.11934 85.4443
32.4976 -2.6937 85.4443
23.7626 -22.2588 85.4443
24.5394 -20.8535 77.3216
24.5394 -20.8535 85.4443
24.5394 -20.8535 93.567
25.3162 -19.4482 85.4443
31.862 -7.60681 90.8595
31.862 -7.60681 88.1519
31.862 -7.60681 85.4443
31.862 -7.60681 82.7367
31.862 -7.60681 80.0292
32.3205 -7.86023 90.8595
32.3205 -7.86023 88.1519
32.3205 -7.86023 85.4443
32.3205 -7.86023 82.7367
32.3205 -7.86023 80.0292
31.0892 -10.0876 85.4443
28.4597 -14.8444 85.4443
29.6245 -12.7372 85.4443
25.7747 -19.7016 85.4443
26.9841 -17.5137 85.4443
30.6308 -9.83417 80.0292
30.6308 -9.83417 82.7367
30.6308 -9.83417 85.4443
30.6308 -9.83417 88.1519
30.6308 -9.83417 90.8595
31.0892 -10.0876 80.0292
31.0892 -10.0876 82.7367
31.0892 -10.0876 88.1519
31.0892 -10.0876 90.8595
29.1661 -12.4838 90.8595
29.1661 -12.4838 88.1519
29.1661 -12.4838 85.4443
29.1661 -12.4838 82.7367
29.1661 -12.4838 80.0292
29.6245 -12.7372 90.8595
29.6245 -12.7372 88.1519
29.6245 -12.7372 82.7367
29.6245 -12.7372 80.0292
28.0013 -14.5909 78.7984
28.0013 -14.5909 80.2753
28.0013 -14.5909 81.7521
28.0013 -14.5909 83.229
28.0013 -14.5909 84.7059
28.0013 -14.5909 86.1827
28.0013 -14.5909 87.6596
28.0013 -14.5909 89.1364
28.0013 -14.5909 90.6133
28.0013 -14.5909 92.0901
28.2305 -14.7177 77.3216
28.2305 -14.7177 78.7984
28.2305 -14.7177 80.2753
28.2305 -14.7177 81.7521
28.2305 -14.7177 83.229
28.2305 -14.7177 84.7059
28.2305 -14.7177 86.1827
28.2305 -14.7177 87.6596
28.2305 -14.7177 89.1364
28.2305 -14.7177 90.6133
28.2305 -14.7177 92.0901
28.2305 -14.7177 93.567
28.4597 -14.8444 78.7984
28.4597 -14.8444 80.2753
28.4597 -14.8444 81.7521
28.4597 -14.8444 83.229
28.4597 -14.8444 84.7059
28.4597 -14.8444 86.1827
28.4597 -14.8444 87.6596
28.4597 -14.8444 89.1364
28.4597 -14.8444 90.6133
28.4597 -14.8444 92.0901
26.5257 -17.2603 90.8595
26.5257 -17.2603 88.1519
26.5257 -17.2603 85.4443
26.5257 -17.2603 82.7367
26.5257 -17.2603 80.0292
26.9841 -17.5137 90.8595
26.9841 -17.5137 88.1519
26.9841 -17.5137 82.7367
26.9841 -17.5137 80.0292
25.3162 -19.4482 80.0292
25.3162 -19.4482 82.7367
25.3162 -19.4482 88.1519
25.3162 -19.4482 90.8595
25.7747 -19.7016 80.0292
25.7747 -19.7016 82.7367
25.7747 -19.7016 88.1519
25.7747 -19.7016 90.8595
23.7626 -22.2588 90.8595
23.7626 -22.2588 88.1519
23.7626 -22.2588 82.7367
23.7626 -22.2588 80.0292
24.1865 -22.4931 90.8595
24.1865 -22.4931 88.1519
24.1865 -22.4931 85.4443
24.1865 -22.4931 82.7367
24.1865 -22.4931 80.0292
23.0386 -24.5698 85.4443
22.587 -24.3202 80.0292
22.587 -24.3202 82.7367
22.587 -24.3202 85.4443
22.587 -24.3202 88.1519
22.587 -24.3202 90.8595
23.0386 -24.5698 80.0292
23.0386 -24.5698 82.7367
23.0386 -24.5698 88.1519
23.0386 -24.5698 90.8595
21.3442 -26.5685 85.4443
19.1595 -27.2851 85.4443
-11.9495 -10.0884 85.4443
-9.94066 -11.1989 85.4443
-7.93178 -12.3093 85.4443
-16.2021 -7.73763 85.4443
-14.0017 -8.95397 85.4443
10.0469 -22.2478 46.3071
10.0469 -22.2478 47.995
10.0469 -22.2478 49.6828
10.0469 -22.2478 51.3707
10.0469 -22.2478 53.0585
10.0469 -22.2478 54.7464
10.0469 -22.2478 56.4343
10.0469 -22.2478 58.1221
10.0469 -22.2478 59.81
10.0469 -22.2478 61.4978
10.0469 -22.2478 63.1857
10.0469 -22.2478 64.8735
10.0469 -22.2478 66.5614
10.0469 -22.2478 68.2492
10.0469 -22.2478 69.9371
10.0469 -22.2478 71.6249
10.0469 -22.2478 73.3128
10.0469 -22.2478 75.0006
10.0469 -22.2478 76.6885
10.0469 -22.2478 78.3763
10.0469 -22.2478 80.0642
10.0469 -22.2478 81.752
10.0469 -22.2478 83.4399
10.0469 -22.2478 85.1277
10.0469 -22.2478 86.8156
10.0469 -22.2478 88.5035
10.0469 -22.2478 90.1913
10.0469 -22.2478 91.8791
10.2967 -22.3859 46.3071
10.2967 -22.3859 47.995
10.2967 -22.3859 49.6828
10.2967 -22.3859 51.3707
10.2967 -22.3859 53.0585
10.2967 -22.3859 54.7464
10.2967 -22.3859 56.4343
10.2967 -22.3859 58.1221
10.2967 -22.3859 59.81
10.2967 -22.3859 61.4978
10.2967 -22.3859 63.1857
10.2967 -22.3859 64.8735
10.2967 -22.3859 66.5614
10.2967 -22.3859 68.2492
10.2967 -22.3859 69.9371
10.2967 -22.3859 71.6249
10.2967 -22.3859 73.3128
10.2967 -22.3859 75.0006
10.2967 -22.3859 76.6885
10.2967 -22.3859 78.3763
10.2967 -22.3859 80.0642
10.2967 -22.3859 81.752
10.2967 -22.3859 83.4399
10.2967 -22.3859 85.1277
10.2967 -22.3859 86.8156
10.2967 -22.3859 88.5035
10.2967 -22.3859 90.1913
10.2967 -22.3859 91.8791
-7.93178 -12.3093 49.5141
-7.93178 -12.3093 54.4088
-7.93178 -12.3093 59.3036
-7.93178 -12.3093 64.1984
-7.93178 -12.3093 69.0931
-7.93178 -12.3093 73.9879
-7.93178 -12.3093 78.8827
-7.93178 -12.3093 83.7775
-7.93178 -12.3093 88.6722
-7.18305 -12.7232 49.5141
-7.18305 -12.7232 54.4088
-7.18305 -12.7232 59.3036
-7.18305 -12.7232 64.1984
-7.18305 -12.7232 69.0931
-7.18305 -12.7232 73.9879
-7.18305 -12.7232 78.8827
-7.18305 -12.7232 83.7775
-7.18305 -12.7232 88.6722
-5.14858 -13.8479 -108.02
-5.14858 -13.8479 -89.6938
-5.14858 -13.8479 -71.3677
-5.14858 -13.8479 -53.0416
-5.14858 -13.8479 -34.7155
-5.14858 -13.8479 -16.3895
-5.14858 -13.8479 1.93662
-5.14858 -13.8479 20.2627
-5.14858 -13.8479 38.5888
-5.14858 -13.8479 56.9149
-5.14858 -13.8479 75.241
-2.29629 -15.4246 -108.02
-2.29629 -15.4246 -89.6938
-2.29629 -15.4246 -71.3677
-2.29629 -15.4246 -53.0416
-2.29629 -15.4246 -34.7155
-2.29629 -15.4246 -16.3895
-2.29629 -15.4246 1.93662
-2.29629 -15.4246 20.2627
-2.29629 -15.4246 38.5888
-2.29629 -15.4246 56.9149
-2.29629 -15.4246 75.241
-0.0903263 -16.644 -116.785
-0.0903263 -16.644 -107.223
-0.0903263 -16.644 -97.6617
-0.0903263 -16.644 -88.1002
-0.0903263 -16.644 -78.5388
-0.0903263 -16.644 -68.9774
-0.0903263 -16.644 -59.4159
-0.0903263 -16.644 -49.8545
-0.0903263 -16.644 -40.293
-0.0903263 -16.644 -30.7316
-0.0903263 -16.644 -21.1702
-0.0903263 -16.644 -11.6087
-0.0903263 -16.644 -2.04733
-0.0903263 -16.644 7.51412
-0.0903263 -16.644 17.0755
-0.0903263 -16.644 26.637
-0.0903263 -16.644 36.1984
-0.0903263 -16.644 45.7599
-0.0903263 -16.644 55.3213
-0.0903263 -16.644 64.8827
-0.0903263 -16.644 74.4442
-0.0903263 -16.644 84.0056
1.30624 -17.416 -126.346
1.30624 -17.416 -116.785
1.30624 -17.416 -107.223
1.30624 -17.416 -97.6617
1.30624 -17.416 -88.1002
1.30624 -17.416 -78.5388
1.30624 -17.416 -68.9774
1.30624 -17.416 -59.4159
1.30624 -17.416 -49.8545
1.30624 -17.416 -40.293
1.30624 -17.416 -30.7316
1.30624 -17.416 -21.1702
1.30624 -17.416 -11.6087
1.30624 -17.416 -2.04733
1.30624 -17.416 7.51412
1.30624 -17.416 17.0755
1.30624 -17.416 26.637
1.30624 -17.416 36.1984
1.30624 -17.416 45.7599
1.30624 -17.416 55.3213
1.30624 -17.416 64.8827
1.30624 -17.416 74.4442
1.30624 -17.416 84.0056
1.30624 -17.416 93.567
2.70279 -18.188 -116.785
2.70279 -18.188 -107.223
2.70279 -18.188 -97.6617
2.70279 -18.188 -88.1002
2.70279 -18.188 -78.5388
2.70279 -18.188 -68.9774
2.70279 -18.188 -59.4159
2.70279 -18.188 -49.8545
2.70279 -18.188 -40.293
2.70279 -18.188 -30.7316
2.70279 -18.188 -21.1702
2.70279 -18.188 -11.6087
2.70279 -18.188 -2.04733
2.70279 -18.188 7.51412
2.70279 -18.188 17.0755
2.70279 -18.188 26.637
2.70279 -18.188 36.1984
2.70279 -18.188 45.7599
2.70279 -18.188 55.3213
2.70279 -18.188 64.8827
2.70279 -18.188 74.4442
2.70279 -18.188 84.0056
4.94872 -19.4295 -108.02
4.94872 -19.4295 -89.6938
4.94872 -19.4295 -71.3677
4.94872 -19.4295 -53.0416
4.94872 -19.4295 -34.7155
4.94872 -19.4295 -16.3895
4.94872 -19.4295 1.93662
4.94872 -19.4295 20.2627
4.94872 -19.4295 38.5888
4.94872 -19.4295 56.9149
4.94872 -19.4295 75.241
7.81185 -21.0122 -108.02
7.81185 -21.0122 -89.6938
7.81185 -21.0122 -71.3677
7.81185 -21.0122 -53.0416
7.81185 -21.0122 -34.7155
7.81185 -21.0122 -16.3895
7.81185 -21.0122 1.93662
7.81185 -21.0122 20.2627
7.81185 -21.0122 38.5888
7.81185 -21.0122 56.9149
7.81185 -21.0122 75.241
16.5573 -26.3205 79.6424
16.5573 -26.3205 81.9632
16.5573 -26.3205 84.2839
16.5573 -26.3205 86.6047
16.5573 -26.3205 88.9255
16.5573 -26.3205 91.2463
16.7579 -25.9575 79.6424
16.7579 -25.9575 81.9632
16.7579 -25.9575 84.2839
16.7579 -25.9575 86.6047
16.7579 -25.9575 88.9255
16.7579 -25.9575 91.2463
17.0912 -25.3547 96.0044
17.0912 -25.3547 98.4417
17.325 -24.9316 96.0044
17.325 -24.9316 98.4417
-14.2023 -9.31688 85.4443
-12.1502 -10.4513 85.4443
8.63239 -21.9397 52.7772
8.63239 -21.9397 60.9352
8.63239 -21.9397 69.0931
8.63239 -21.9397 77.2511
8.63239 -21.9397 85.4091
9.84629 -22.6107 52.7772
9.84629 -22.6107 60.9352
9.84629 -22.6107 69.0931
9.84629 -22.6107 77.2511
9.84629 -22.6107 85.4091
-7.38365 -13.0861 48.3845
-7.38365 -13.0861 52.1497
-7.38365 -13.0861 55.9149
-7.38365 -13.0861 59.6801
-7.38365 -13.0861 63.4453
-7.38365 -13.0861 67.2105
-7.38365 -13.0861 70.9758
-7.38365 -13.0861 74.741
-7.38365 -13.0861 78.5062
-7.38365 -13.0861 82.2714
-7.38365 -13.0861 86.0366
-7.38365 -13.0861 89.8018
-6.8037 -13.4068 44.6192
-6.8037 -13.4068 48.3845
-6.8037 -13.4068 52.1497
-6.8037 -13.4068 55.9149
-6.8037 -13.4068 59.6801
-6.8037 -13.4068 63.4453
-6.8037 -13.4068 67.2105
-6.8037 -13.4068 70.9758
-6.8037 -13.4068 74.741
-6.8037 -13.4068 78.5062
-6.8037 -13.4068 82.2714
-6.8037 -13.4068 86.0366
-6.8037 -13.4068 89.8018
-6.8037 -13.4068 93.567
-6.22374 -13.7273 48.3845
-6.22374 -13.7273 52.1497
-6.22374 -13.7273 55.9149
-6.22374 -13.7273 59.6801
-6.22374 -13.7273 63.4453
-6.22374 -13.7273 67.2105
-6.22374 -13.7273 70.9758
-6.22374 -13.7273 74.741
-6.22374 -13.7273 78.5062
-6.22374 -13.7273 82.2714
-6.22374 -13.7273 86.0366
-6.22374 -13.7273 89.8018
-6.22374 -13.7273 -120.402
-6.22374 -13.7273 -114.459
-6.22374 -13.7273 -108.515
-6.22374 -13.7273 -102.572
-6.22374 -13.7273 -96.628
-6.22374 -13.7273 -90.6844
-6.22374 -13.7273 -84.7408
-6.22374 -13.7273 -78.7972
-6.22374 -13.7273 -72.8536
-6.22374 -13.7273 -66.91
-6.22374 -13.7273 -60.9664
-6.22374 -13.7273 -55.0228
-6.22374 -13.7273 -49.0792
-6.22374 -13.7273 -43.1356
-6.22374 -13.7273 -37.192
-6.22374 -13.7273 -31.2484
-6.22374 -13.7273 -25.3049
-6.22374 -13.7273 -19.3613
-6.22374 -13.7273 -13.4177
-6.22374 -13.7273 -7.47409
-6.22374 -13.7273 -1.53049
-6.22374 -13.7273 4.41312
-6.22374 -13.7273 10.3567
-6.22374 -13.7273 16.3003
-6.22374 -13.7273 22.2439
-6.22374 -13.7273 28.1875
-6.22374 -13.7273 34.1311
-6.22374 -13.7273 40.0747
-6.22374 -13.7273 46.0183
-6.22374 -13.7273 51.9619
-6.22374 -13.7273 57.9055
-6.22374 -13.7273 63.849
-6.22374 -13.7273 69.7926
-6.22374 -13.7273 75.7363
-6.22374 -13.7273 81.6799
-6.22374 -13.7273 87.6234
-5.34921 -14.2108 -120.402
-5.34921 -14.2108 -114.459
-5.34921 -14.2108 -108.515
-5.34921 -14.2108 -102.572
-5.34921 -14.2108 -96.628
-5.34921 -14.2108 -90.6844
-5.34921 -14.2108 -84.7408
-5.34921 -14.2108 -78.7972
-5.34921 -14.2108 -72.8536
-5.34921 -14.2108 -66.91
-5.34921 -14.2108 -60.9664
-5.34921 -14.2108 -55.0228
-5.34921 -14.2108 -49.0792
-5.34921 -14.2108 -43.1356
-5.34921 -14.2108 -37.192
-5.34921 -14.2108 -31.2484
-5.34921 -14.2108 -25.3049
-5.34921 -14.2108 -19.3613
-5.34921 -14.2108 -13.4177
-5.34921 -14.2108 -7.47409
-5.34921 -14.2108 -1.53049
-5.34921 -14.2108 4.41312
-5.34921 -14.2108 10.3567
-5.34921 -14.2108 16.3003
-5.34921 -14.2108 22.2439
-5.34921 -14.2108 28.1875
-5.34921 -14.2108 34.1311
-5.34921 -14.2108 40.0747
-5.34921 -14.2108 46.0183
-5.34921 -14.2108 51.9619
-5.34921 -14.2108 57.9055
-5.34921 -14.2108 63.849
-5.34921 -14.2108 69.7926
-5.34921 -14.2108 75.7363
-5.34921 -14.2108 81.6799
-5.34921 -14.2108 87.6234
-2.49692 -15.7875 -111.685
-2.49692 -15.7875 -97.0242
-2.49692 -15.7875 -82.3634
-2.49692 -15.7875 -67.7025
-2.49692 -15.7875 -53.0416
-2.49692 -15.7875 -38.3808
-2.49692 -15.7875 -23.7199
-2.49692 -15.7875 -9.05903
-2.49692 -15.7875 5.60182
-2.49692 -15.7875 20.2627
-2.49692 -15.7875 34.9235
-2.49692 -15.7875 49.5844
-2.49692 -15.7875 64.2453
-2.49692 -15.7875 78.9062
-0.290945 -17.0069 -111.685
-0.290945 -17.0069 -97.0242
-0.290945 -17.0069 -82.3634
-0.290945 -17.0069 -67.7025
-0.290945 -17.0069 -53.0416
-0.290945 -17.0069 -38.3808
-0.290945 -17.0069 -23.7199
-0.290945 -17.0069 -9.05903
-0.290945 -17.0069 5.60182
-0.290945 -17.0069 20.2627
-0.290945 -17.0069 34.9235
-0.290945 -17.0069 49.5844
-0.290945 -17.0069 64.2453
-0.290945 -17.0069 78.9062
2.50216 -18.5509 -111.685
2.50216 -18.5509 -97.0242
2.50216 -18.5509 -82.3634
2.50216 -18.5509 -67.7025
2.50216 -18.5509 -53.0416
2.50216 -18.5509 -38.3808
2.50216 -18.5509 -23.7199
2.50216 -18.5509 -9.05903
2.50216 -18.5509 5.60182
2.50216 -18.5509 20.2627
2.50216 -18.5509 34.9235
2.50216 -18.5509 49.5844
2.50216 -18.5509 64.2453
2.50216 -18.5509 78.9062
4.74809 -19.7924 -111.685
4.74809 -19.7924 -97.0242
4.74809 -19.7924 -82.3634
4.74809 -19.7924 -67.7025
4.74809 -19.7924 -53.0416
4.74809 -19.7924 -38.3808
4.74809 -19.7924 -23.7199
4.74809 -19.7924 -9.05903
4.74809 -19.7924 5.60182
4.74809 -19.7924 20.2627
4.74809 -19.7924 34.9235
4.74809 -19.7924 49.5844
4.74809 -19.7924 64.2453
4.74809 -19.7924 78.9062
7.61123 -21.3752 -122.855
7.61123 -21.3752 -119.365
7.61123 -21.3752 -115.874
7.61123 -21.3752 -112.383
7.61123 -21.3752 -108.893
7.61123 -21.3752 -105.402
7.61123 -21.3752 -101.911
7.61123 -21.3752 -98.4205
7.61123 -21.3752 -94.9298
7.61123 -21.3752 -91.4391
7.61123 -21.3752 -87.9485
7.61123 -21.3752 -84.4578
7.61123 -21.3752 -80.9671
7.61123 -21.3752 -77.4764
7.61123 -21.3752 -73.9857
7.61123 -21.3752 -70.495
7.61123 -21.3752 -67.0044
7.61123 -21.3752 -63.5137
7.61123 -21.3752 -60.023
7.61123 -21.3752 -56.5323
7.61123 -21.3752 -53.0416
7.61123 -21.3752 -49.551
7.61123 -21.3752 -46.0603
7.61123 -21.3752 -42.5696
7.61123 -21.3752 -39.0789
7.61123 -21.3752 -35.5882
7.61123 -21.3752 -32.0975
7.61123 -21.3752 -28.6069
7.61123 -21.3752 -25.1162
7.61123 -21.3752 -21.6255
7.61123 -21.3752 -18.1348
7.61123 -21.3752 -14.6441
7.61123 -21.3752 -11.1535
7.61123 -21.3752 -7.66276
7.61123 -21.3752 -4.17209
7.61123 -21.3752 -0.681395
7.61123 -21.3752 2.8093
7.61123 -21.3752 6.29996
7.61123 -21.3752 9.79065
7.61123 -21.3752 13.2813
7.61123 -21.3752 16.772
7.61123 -21.3752 20.2627
7.61123 -21.3752 23.7534
7.61123 -21.3752 27.2441
7.61123 -21.3752 30.7348
7.61123 -21.3752 34.2254
7.61123 -21.3752 37.7161
7.61123 -21.3752 41.2068
7.61123 -21.3752 44.6975
7.61123 -21.3752 48.1882
7.61123 -21.3752 51.6788
7.61123 -21.3752 55.1695
7.61123 -21.3752 58.6602
7.61123 -21.3752 62.1509
7.61123 -21.3752 65.6416
7.61123 -21.3752 69.1322
7.61123 -21.3752 72.6229
7.61123 -21.3752 76.1136
7.61123 -21.3752 79.6043
7.61123 -21.3752 83.095
7.61123 -21.3752 86.5857
7.61123 -21.3752 90.0763
8.12181 -21.6574 -126.346
8.12181 -21.6574 -122.855
8.12181 -21.6574 -119.365
8.12181 -21.6574 -115.874
8.12181 -21.6574 -112.383
8.12181 -21.6574 -108.893
8.12181 -21.6574 -105.402
8.12181 -21.6574 -101.911
8.12181 -21.6574 -98.4205
8.12181 -21.6574 -94.9298
8.12181 -21.6574 -91.4391
8.12181 -21.6574 -87.9485
8.12181 -21.6574 -84.4578
8.12181 -21.6574 -80.9671
8.12181 -21.6574 -77.4764
8.12181 -21.6574 -73.9857
8.12181 -21.6574 -70.495
8.12181 -21.6574 -67.0044
8.12181 -21.6574 -63.5137
8.12181 -21.6574 -60.023
8.12181 -21.6574 -56.5323
8.12181 -21.6574 -53.0416
8.12181 -21.6574 -49.551
8.12181 -21.6574 -46.0603
8.12181 -21.6574 -42.5696
8.12181 -21.6574 -39.0789
8.12181 -21.6574 -35.5882
8.12181 -21.6574 -32.0975
8.12181 -21.6574 -28.6069
8.12181 -21.6574 -25.1162
8.12181 -21.6574 -21.6255
8.12181 -21.6574 -18.1348
8.12181 -21.6574 -14.6441
8.12181 -21.6574 -11.1535
8.12181 -21.6574 -7.66276
8.12181 -21.6574 -4.17209
8.12181 -21.6574 -0.681395
8.12181 -21.6574 2.8093
8.12181 -21.6574 6.29996
8.12181 -21.6574 9.79065
8.12181 -21.6574 13.2813
8.12181 -21.6574 16.772
8.12181 -21.6574 20.2627
8.12181 -21.6574 23.7534
8.12181 -21.6574 27.2441
8.12181 -21.6574 30.7348
8.12181 -21.6574 34.2254
8.12181 -21.6574 37.7161
8.12181 -21.6574 41.2068
8.12181 -21.6574 44.6975
8.12181 -21.6574 48.1882
8.12181 -21.6574 51.6788
8.12181 -21.6574 55.1695
8.12181 -21.6574 58.6602
8.12181 -21.6574 62.1509
8.12181 -21.6574 65.6416
8.12181 -21.6574 69.1322
8.12181 -21.6574 72.6229
8.12181 -21.6574 76.1136
8.12181 -21.6574 79.6043
8.12181 -21.6574 83.095
8.12181 -21.6574 86.5857
8.12181 -21.6574 90.0763
8.12181 -21.6574 93.567
8.63239 -21.9397 -122.855
8.63239 -21.9397 -119.365
8.63239 -21.9397 -115.874
8.63239 -21.9397 -112.383
8.63239 -21.9397 -108.893
8.63239 -21.9397 -105.402
8.63239 -21.9397 -101.911
8.63239 -21.9397 -98.4205
8.63239 -21.9397 -94.9298
8.63239 -21.9397 -91.4391
8.63239 -21.9397 -87.9485
8.63239 -21.9397 -84.4578
8.63239 -21.9397 -80.9671
8.63239 -21.9397 -77.4764
8.63239 -21.9397 -73.9857
8.63239 -21.9397 -70.495
8.63239 -21.9397 -67.0044
8.63239 -21.9397 -63.5137
8.63239 -21.9397 -60.023
8.63239 -21.9397 -56.5323
8.63239 -21.9397 -53.0416
8.63239 -21.9397 -49.551
8.63239 -21.9397 -46.0603
8.63239 -21.9397 -42.5696
8.63239 -21.9397 -39.0789
8.63239 -21.9397 -35.5882
8.63239 -21.9397 -32.0975
8.63239 -21.9397 -28.6069
8.63239 -21.9397 -25.1162
8.63239 -21.9397 -21.6255
8.63239 -21.9397 -18.1348
8.63239 -21.9397 -14.6441
8.63239 -21.9397 -11.1535
8.63239 -21.9397 -7.66276
8.63239 -21.9397 -4.17209
8.63239 -21.9397 -0.681395
8.63239 -21.9397 2.8093
8.63239 -21.9397 6.29996
8.63239 -21.9397 9.79065
8.63239 -21.9397 13.2813
8.63239 -21.9397 16.772
8.63239 -21.9397 20.2627
8.63239 -21.9397 23.7534
8.63239 -21.9397 27.2441
8.63239 -21.9397 30.7348
8.63239 -21.9397 34.2254
8.63239 -21.9397 37.7161
8.63239 -21.9397 41.2068
8.63239 -21.9397 44.6975
8.63239 -21.9397 48.1882
8.63239 -21.9397 51.6788
8.63239 -21.9397 55.1695
8.63239 -21.9397 58.6602
8.63239 -21.9397 62.1509
8.63239 -21.9397 65.6416
8.63239 -21.9397 69.1322
8.63239 -21.9397 72.6229
8.63239 -21.9397 76.1136
8.63239 -21.9397 79.6043
8.63239 -21.9397 83.095
8.63239 -21.9397 86.5857
8.63239 -21.9397 90.0763
14.0815 -24.9518 91.2463
14.0815 -24.9518 88.9255
14.0815 -24.9518 86.6047
14.0815 -24.9518 84.2839
14.0815 -24.9518 81.9632
14.0815 -24.9518 79.6424
14.2821 -24.5889 91.2463
14.2821 -24.5889 88.9255
14.2821 -24.5889 86.6047
14.2821 -24.5889 84.2839
14.2821 -24.5889 81.9632
14.2821 -24.5889 79.6424
14.6153 -23.9861 98.4417
14.6153 -23.9861 96.0044
14.8492 -23.563 98.4417
14.8492 -23.563 96.0044
-12.1502 -10.4513 79.6424
-12.1502 -10.4513 81.9632
-12.1502 -10.4513 84.2839
-12.1502 -10.4513 86.6047
-12.1502 -10.4513 88.9255
-12.1502 -10.4513 91.2463
-11.9495 -10.0884 79.6424
-11.9495 -10.0884 81.9632
-11.9495 -10.0884 84.2839
-11.9495 -10.0884 86.6047
-11.9495 -10.0884 88.9255
-11.9495 -10.0884 91.2463
-11.6163 -9.48551 96.0044
-11.6163 -9.48551 98.4417
-11.3824 -9.06242 96.0044
-11.3824 -9.06242 98.4417
-14.2023 -9.31688 91.2463
-14.2023 -9.31688 88.9255
-14.2023 -9.31688 86.6047
-14.2023 -9.31688 84.2839
-14.2023 -9.31688 81.9632
-14.2023 -9.31688 79.6424
-14.0017 -8.95397 91.2463
-14.0017 -8.95397 88.9255
-14.0017 -8.95397 86.6047
-14.0017 -8.95397 84.2839
-14.0017 -8.95397 81.9632
-14.0017 -8.95397 79.6424
-1.07462 14.4312 98.4417
-1.07462 14.4312 96.0044
-0.867971 14.805 98.4417
-0.867971 14.805 96.0044
-13.6684 -8.3511 98.4417
-13.6684 -8.3511 96.0044
-13.4346 -7.92802 98.4417
-13.4346 -7.92802 96.0044
-16.2021 -7.73763 88.1519
-16.2021 -7.73763 82.7367
-16.6829 -6.7064 93.567
-16.6829 -6.7064 88.1519
-16.6829 -6.7064 82.7367
-16.6829 -6.7064 77.3216
-17.1637 -5.67517 88.1519
-17.1637 -5.67517 82.7367
-6.44625 13.7128 85.4443
-5.58195 15.2763 85.4443
-15.985 -2.75721 79.3523
-15.985 -2.75721 81.3829
-15.985 -2.75721 83.4136
-15.985 -2.75721 85.4443
-15.985 -2.75721 87.475
-15.985 -2.75721 89.5057
-15.985 -2.75721 91.5363
-15.6523 -2.94109 79.3523
-15.6523 -2.94109 81.3829
-15.6523 -2.94109 83.4136
-15.6523 -2.94109 85.4443
-15.6523 -2.94109 87.475
-15.6523 -2.94109 89.5057
-15.6523 -2.94109 91.5363
-14.8704 -3.37332 95.395
-14.8704 -3.37332 97.223
-14.8704 -3.37332 99.0511
-14.5247 -3.56445 95.395
-14.5247 -3.56445 97.223
-14.5247 -3.56445 99.0511
-15.985 -2.75721 88.1519
-15.985 -2.75721 82.7367
-15.4292 -1.75191 93.567
-15.4292 -1.75191 88.1519
-15.4292 -1.75191 82.7367
-15.4292 -1.75191 77.3216
-14.8735 -0.746615 88.1519
-14.8735 -0.746615 82.7367
-13.4359 1.85397 88.1519
-13.4359 1.85397 82.7367
-12.818 2.97182 93.567
-12.818 2.97182 88.1519
-12.818 2.97182 82.7367
-12.818 2.97182 77.3216
-12.2001 4.08963 88.1519
-12.2001 4.08963 82.7367
-10.7401 6.73081 85.4443
-9.50893 8.95798 85.4443
-8.03261 11.6287 85.4443
-6.77889 13.8967 85.4443
-14.8735 -0.746615 92.484
-14.8735 -0.746615 91.401
-14.8735 -0.746615 90.3179
-14.8735 -0.746615 89.2349
-14.8735 -0.746615 87.0688
-14.8735 -0.746615 85.9858
-14.8735 -0.746615 84.9028
-14.8735 -0.746615 83.8198
-14.8735 -0.746615 81.6537
-14.8735 -0.746615 80.5707
-14.8735 -0.746615 79.4877
-14.8735 -0.746615 78.4046
-14.7072 -0.838554 93.567
-14.7072 -0.838554 92.484
-14.7072 -0.838554 91.401
-14.7072 -0.838554 90.3179
-14.7072 -0.838554 89.2349
-14.7072 -0.838554 88.1519
-14.7072 -0.838554 87.0688
-14.7072 -0.838554 85.9858
-14.7072 -0.838554 84.9028
-14.7072 -0.838554 83.8198
-14.7072 -0.838554 82.7367
-14.7072 -0.838554 81.6537
-14.7072 -0.838554 80.5707
-14.7072 -0.838554 79.4877
-14.7072 -0.838554 78.4046
-14.7072 -0.838554 77.3216
-14.5409 -0.930493 92.484
-14.5409 -0.930493 91.401
-14.5409 -0.930493 90.3179
-14.5409 -0.930493 89.2349
-14.5409 -0.930493 88.1519
-14.5409 -0.930493 87.0688
-14.5409 -0.930493 85.9858
-14.5409 -0.930493 84.9028
-14.5409 -0.930493 83.8198
-14.5409 -0.930493 82.7367
-14.5409 -0.930493 81.6537
-14.5409 -0.930493 80.5707
-14.5409 -0.930493 79.4877
-14.5409 -0.930493 78.4046
22.849 -21.5992 100.214
22.849 -21.5992 99.5496
22.849 -21.5992 98.8849
22.849 -21.5992 98.2202
22.849 -21.5992 97.5554
22.849 -21.5992 96.8907
22.849 -21.5992 96.2259
22.849 -21.5992 95.5612
22.849 -21.5992 94.8965
22.849 -21.5992 94.2317
22.9499 -21.655 100.879
22.9499 -21.655 100.214
22.9499 -21.655 99.5496
22.9499 -21.655 98.8849
22.9499 -21.655 98.2202
22.9499 -21.655 97.5554
22.9499 -21.655 96.8907
22.9499 -21.655 96.2259
22.9499 -21.655 95.5612
22.9499 -21.655 94.8965
22.9499 -21.655 94.2317
22.9499 -21.655 93.567
23.0508 -21.7108 100.214
23.0508 -21.7108 99.5496
23.0508 -21.7108 98.8849
23.0508 -21.7108 98.2202
23.0508 -21.7108 97.5554
23.0508 -21.7108 96.8907
23.0508 -21.7108 96.2259
23.0508 -21.7108 95.5612
23.0508 -21.7108 94.8965
23.0508 -21.7108 94.2317
-13.759 -1.36273 99.0511
-13.759 -1.36273 97.223
-13.759 -1.36273 95.395
-13.4132 -1.55386 99.0511
-13.4132 -1.55386 97.223
-13.4132 -1.55386 95.395
-13.4359 1.85397 79.3523
-13.4359 1.85397 81.3829
-13.4359 1.85397 83.4136
-13.4359 1.85397 85.4443
-13.4359 1.85397 87.475
-13.4359 1.85397 89.5057
-13.4359 1.85397 91.5363
-13.1033 1.67009 79.3523
-13.1033 1.67009 81.3829
-13.1033 1.67009 83.4136
-13.1033 1.67009 85.4443
-13.1033 1.67009 87.475
-13.1033 1.67009 89.5057
-13.1033 1.67009 91.5363
-12.3824 1.27161 96.0044
-12.3824 1.27161 98.4417
-11.9756 1.04676 96.0044
-11.9756 1.04676 98.4417
-12.2001 4.08963 91.5363
-12.2001 4.08963 89.5057
-12.2001 4.08963 87.475
-12.2001 4.08963 85.4443
-12.2001 4.08963 83.4136
-12.2001 4.08963 81.3829
-12.2001 4.08963 79.3523
-11.8675 3.90575 91.5363
-11.8675 3.90575 89.5057
-11.8675 3.90575 87.475
-11.8675 3.90575 85.4443
-11.8675 3.90575 83.4136
-11.8675 3.90575 81.3829
-11.8675 3.90575 79.3523
-11.1466 3.50726 98.4417
-11.1466 3.50726 96.0044
-10.7398 3.28242 98.4417
-10.7398 3.28242 96.0044
-10.7401 6.73081 79.3523
-10.7401 6.73081 81.3829
-10.7401 6.73081 83.4136
-10.7401 6.73081 87.475
-10.7401 6.73081 89.5057
-10.7401 6.73081 91.5363
-10.4074 6.54693 79.3523
-10.4074 6.54693 81.3829
-10.4074 6.54693 83.4136
-10.4074 6.54693 85.4443
-10.4074 6.54693 87.475
-10.4074 6.54693 89.5057
-10.4074 6.54693 91.5363
-9.68656 6.14841 94.7857
-9.68656 6.14841 96.0044
-9.68656 6.14841 97.223
-9.68656 6.14841 98.4417
-9.68656 6.14841 99.6604
-9.48319 6.036 93.567
-9.48319 6.036 94.7857
-9.48319 6.036 96.0044
-9.48319 6.036 97.223
-9.48319 6.036 98.4417
-9.48319 6.036 99.6604
-9.48319 6.036 100.879
-9.27979 5.92356 94.7857
-9.27979 5.92356 96.0044
-9.27979 5.92356 97.223
-9.27979 5.92356 98.4417
-9.27979 5.92356 99.6604
-9.50893 8.95798 91.5363
-9.50893 8.95798 89.5057
-9.50893 8.95798 87.475
-9.50893 8.95798 83.4136
-9.50893 8.95798 81.3829
-9.50893 8.95798 79.3523
-9.1763 8.77411 91.5363
-9.1763 8.77411 89.5057
-9.1763 8.77411 87.475
-9.1763 8.77411 85.4443
-9.1763 8.77411 83.4136
-9.1763 8.77411 81.3829
-9.1763 8.77411 79.3523
-8.4554 8.37562 98.4417
-8.4554 8.37562 96.0044
-8.04863 8.15074 98.4417
-8.04863 8.15074 96.0044
-8.03261 11.6287 79.3523
-8.03261 11.6287 81.3829
-8.03261 11.6287 83.4136
-8.03261 11.6287 87.475
-8.03261 11.6287 89.5057
-8.03261 11.6287 91.5363
-7.69998 11.4448 79.3523
-7.69998 11.4448 81.3829
-7.69998 11.4448 83.4136
-7.69998 11.4448 85.4443
-7.69998 11.4448 87.475
-7.69998 11.4448 89.5057
-7.69998 11.4448 91.5363
-6.97908 11.0463 96.0044
-6.97908 11.0463 98.4417
-6.57231 10.8214 96.0044
-6.57231 10.8214 98.4417
-6.77889 13.8967 91.5363
-6.77889 13.8967 89.5057
-6.77889 13.8967 87.475
-6.77889 13.8967 83.4136
-6.77889 13.8967 81.3829
-6.77889 13.8967 79.3523
-6.44625 13.7128 91.5363
-6.44625 13.7128 89.5057
-6.44625 13.7128 87.475
-6.44625 13.7128 83.4136
-6.44625 13.7128 81.3829
-6.44625 13.7128 79.3523
-5.72535 13.3143 99.6604
-5.72535 13.3143 98.4417
-5.72535 13.3143 97.223
-5.72535 13.3143 96.0044
-5.72535 13.3143 94.7857
-5.52197 13.2019 100.879
-5.52197 13.2019 99.6604
-5.52197 13.2019 98.4417
-5.52197 13.2019 97.223
-5.52197 13.2019 96.0044
-5.52197 13.2019 94.7857
-5.52197 13.2019 93.567
-5.31858 13.0894 99.6604
-5.31858 13.0894 98.4417
-5.31858 13.0894 97.223
-5.31858 13.0894 96.0044
-5.31858 13.0894 94.7857
-0.612192 15.609 92.2132
-0.612192 15.609 90.8595
-0.612192 15.609 89.5057
-0.612192 15.609 88.1519
-0.612192 15.609 86.7981
-0.612192 15.609 84.0905
-0.612192 15.609 82.7367
-0.612192 15.609 81.3829
-0.612192 15.609 80.0292
-0.612192 15.609 78.6754
-0.497801 15.816 93.567
-0.497801 15.816 92.2132
-0.497801 15.816 90.8595
-0.497801 15.816 89.5057
-0.497801 15.816 88.1519
-0.497801 15.816 86.7981
-0.497801 15.816 85.4443
-0.497801 15.816 84.0905
-0.497801 15.816 82.7367
-0.497801 15.816 81.3829
-0.497801 15.816 80.0292
-0.497801 15.816 78.6754
-0.497801 15.816 77.3216
-0.383406 16.0229 92.2132
-0.383406 16.0229 90.8595
-0.383406 16.0229 89.5057
-0.383406 16.0229 88.1519
-0.383406 16.0229 86.7981
-0.383406 16.0229 85.4443
-0.383406 16.0229 84.0905
-0.383406 16.0229 82.7367
-0.383406 16.0229 81.3829
-0.383406 16.0229 80.0292
-0.383406 16.0229 78.6754
1.93781 14.1994 80.0292
1.93781 14.1994 82.7367
1.93781 14.1994 85.4443
1.93781 14.1994 88.1519
1.93781 14.1994 90.8595
2.1666 14.6133 80.0292
2.1666 14.6133 82.7367
2.1666 14.6133 85.4443
2.1666 14.6133 88.1519
2.1666 14.6133 90.8595
39.7045 -6.15421 -92.1529
39.7045 -6.15421 -57.9599
39.7045 -6.15421 -23.7668
39.7045 -6.15421 10.4262
42.5795 -0.953449 -92.1529
42.5795 -0.953449 -57.9599
42.5795 -0.953449 -23.7668
42.5795 -0.953449 10.4262
22.7454 -36.8334 -92.1529
22.7454 -36.8334 -57.9599
22.7454 -36.8334 -23.7668
22.7454 -36.8334 10.4262
25.6867 -31.5126 -92.1529
25.6867 -31.5126 -57.9599
25.6867 -31.5126 -23.7668
25.6867 -31.5126 10.4262
30.305 5.83177 10.4262
30.305 5.83177 -23.7668
30.305 5.83177 -57.9599
30.305 5.83177 -92.1529
36.4422 2.43916 10.4262
36.4422 2.43916 -23.7668
36.4422 2.43916 -57.9599
36.4422 2.43916 -92.1529
36.4422 2.43916 -126.346
5.68766 19.44 28.5366
5.68766 19.44 12.4539
5.68766 19.44 -3.62874
5.68766 19.44 -19.7114
5.68766 19.44 -35.7941
5.68766 19.44 -51.8768
5.68766 19.44 -67.9594
5.68766 19.44 -84.0421
5.68766 19.44 -100.125
5.68766 19.44 -116.207
5.68766 19.44 -132.29
5.68766 19.44 -148.373
5.68766 19.44 -164.455
5.68766 19.44 -180.538
8.14755 18.0802 44.6192
8.14755 18.0802 28.5366
8.14755 18.0802 12.4539
8.14755 18.0802 -3.62874
8.14755 18.0802 -19.7114
8.14755 18.0802 -35.7941
8.14755 18.0802 -51.8768
8.14755 18.0802 -67.9594
8.14755 18.0802 -84.0421
8.14755 18.0802 -100.125
8.14755 18.0802 -116.207
8.14755 18.0802 -132.29
8.14755 18.0802 -148.373
8.14755 18.0802 -164.455
8.14755 18.0802 -180.538
8.14755 18.0802 -196.621
10.6075 16.7204 28.5366
10.6075 16.7204 12.4539
10.6075 16.7204 -3.62874
10.6075 16.7204 -19.7114
10.6075 16.7204 -35.7941
10.6075 16.7204 -51.8768
10.6075 16.7204 -67.9594
10.6075 16.7204 -84.0421
10.6075 16.7204 -100.125
10.6075 16.7204 -116.207
10.6075 16.7204 -132.29
10.6075 16.7204 -148.373
10.6075 16.7204 -164.455
10.6075 16.7204 -180.538
25.4636 8.50804 28.5366
25.4636 8.50804 12.4539
25.4636 8.50804 -3.62874
25.4636 8.50804 -19.7114
25.4636 8.50804 -35.7941
25.4636 8.50804 -51.8768
25.4636 8.50804 -67.9594
25.4636 8.50804 -84.0421
25.4636 8.50804 -100.125
25.4636 8.50804 -116.207
25.4636 8.50804 -132.29
25.4636 8.50804 -148.373
25.4636 8.50804 -164.455
25.4636 8.50804 -180.538
27.8843 7.16989 44.6192
27.8843 7.16989 28.5366
27.8843 7.16989 12.4539
27.8843 7.16989 -3.62874
27.8843 7.16989 -19.7114
27.8843 7.16989 -35.7941
27.8843 7.16989 -51.8768
27.8843 7.16989 -67.9594
27.8843 7.16989 -84.0421
27.8843 7.16989 -100.125
27.8843 7.16989 -116.207
27.8843 7.16989 -132.29
27.8843 7.16989 -148.373
27.8843 7.16989 -164.455
27.8843 7.16989 -180.538
27.8843 7.16989 -196.621
30.305 5.83177 28.5366
30.305 5.83177 12.4539
30.305 5.83177 -3.62874
30.305 5.83177 -19.7114
30.305 5.83177 -35.7941
30.305 5.83177 -51.8768
30.305 5.83177 -67.9594
30.305 5.83177 -84.0421
30.305 5.83177 -100.125
30.305 5.83177 -116.207
30.305 5.83177 -132.29
30.305 5.83177 -148.373
30.305 5.83177 -164.455
30.305 5.83177 -180.538
-6.83124 26.3603 -40.8633
5.68766 19.44 -40.8633
10.4709 -30.0482 -69.3575
10.4709 -30.0482 -12.3692
22.7454 -36.8334 -69.3575
22.7454 -36.8334 -12.3692
-26.6653 -9.51966 -40.8633
-14.1464 -16.44 -40.8633
5.6295 -27.3719 -166.466
5.6295 -27.3719 -136.311
5.6295 -27.3719 -106.156
5.6295 -27.3719 -76.0007
5.6295 -27.3719 -45.8457
5.6295 -27.3719 -15.6907
5.6295 -27.3719 14.4643
10.4709 -30.0482 -166.466
10.4709 -30.0482 -136.311
10.4709 -30.0482 -106.156
10.4709 -30.0482 -76.0007
10.4709 -30.0482 -45.8457
10.4709 -30.0482 -15.6907
10.4709 -30.0482 14.4643
-9.22663 -19.1596 -161.483
-1.79857 -23.2658 -161.483
5.6295 -27.3719 -161.483
-14.1464 -16.44 -166.466
-14.1464 -16.44 -136.311
-14.1464 -16.44 -106.156
-14.1464 -16.44 -76.0007
-14.1464 -16.44 -45.8457
-14.1464 -16.44 -15.6907
-14.1464 -16.44 14.4643
-9.22663 -19.1596 -166.466
-9.22663 -19.1596 -136.311
-9.22663 -19.1596 -106.156
-9.22663 -19.1596 -76.0007
-9.22663 -19.1596 -45.8457
-9.22663 -19.1596 -15.6907
-9.22663 -19.1596 14.4643
28.6903 -33.1729 -126.346
28.6903 -33.1729 -106.91
23.8308 2.09723 60.9704
25.8937 5.82906 60.9704
8.07266 -26.4093 66.4208
8.07266 -26.4093 55.52
9.1847 -24.3976 66.4208
9.1847 -24.3976 55.52
9.1847 -24.3976 44.6192
10.2967 -22.3859 66.4208
10.2967 -22.3859 55.52
15.0666 -30.2755 44.6192
9.84629 -22.6107 47.0666
9.84629 -22.6107 49.5141
9.84629 -22.6107 51.9614
9.84629 -22.6107 54.4088
9.84629 -22.6107 56.8562
9.84629 -22.6107 59.3036
9.84629 -22.6107 61.751
9.84629 -22.6107 64.1984
9.84629 -22.6107 66.6457
9.84629 -22.6107 71.5405
9.84629 -22.6107 73.9879
9.84629 -22.6107 76.4353
9.84629 -22.6107 78.8827
9.84629 -22.6107 81.3301
9.84629 -22.6107 83.7775
9.84629 -22.6107 86.2249
9.84629 -22.6107 88.6722
9.84629 -22.6107 91.1196
10.0469 -22.2478 47.0666
10.0469 -22.2478 49.5141
10.0469 -22.2478 51.9614
10.0469 -22.2478 54.4088
10.0469 -22.2478 56.8562
10.0469 -22.2478 59.3036
10.0469 -22.2478 61.751
10.0469 -22.2478 64.1984
10.0469 -22.2478 66.6457
10.0469 -22.2478 69.0931
10.0469 -22.2478 71.5405
10.0469 -22.2478 73.9879
10.0469 -22.2478 76.4353
10.0469 -22.2478 78.8827
10.0469 -22.2478 81.3301
10.0469 -22.2478 83.7775
10.0469 -22.2478 86.2249
10.0469 -22.2478 88.6722
10.0469 -22.2478 91.1196
10.3802 -21.6449 96.0044
10.3802 -21.6449 98.4417
10.614 -21.2218 96.0044
10.614 -21.2218 98.4417
23.7658 2.1331 47.3386
23.7658 2.1331 50.0579
23.7658 2.1331 52.7772
23.7658 2.1331 55.4965
23.7658 2.1331 58.2159
23.7658 2.1331 60.9352
23.7658 2.1331 63.6545
23.7658 2.1331 66.3738
23.7658 2.1331 71.8125
23.7658 2.1331 74.5318
23.7658 2.1331 77.2511
23.7658 2.1331 79.9704
23.7658 2.1331 82.6897
23.7658 2.1331 85.4091
23.7658 2.1331 88.1284
23.7658 2.1331 90.8477
23.9946 2.54699 47.3386
23.9946 2.54699 50.0579
23.9946 2.54699 55.4965
23.9946 2.54699 58.2159
23.9946 2.54699 63.6545
23.9946 2.54699 66.3738
23.9946 2.54699 71.8125
23.9946 2.54699 74.5318
23.9946 2.54699 79.9704
23.9946 2.54699 82.6897
23.9946 2.54699 88.1284
23.9946 2.54699 90.8477
17.0843 -10.3118 109.361
17.0843 -10.3118 111.561
-10.1559 -16.3328 60.9704
-7.93178 -12.3093 60.9704
5.60224 12.1737 60.9704
7.66516 15.9056 60.9704
-14.9243 7.348 44.6192
6.00791 11.9495 92.1685
6.00791 11.9495 90.77
6.00791 11.9495 89.3715
6.00791 11.9495 87.973
6.00791 11.9495 86.5745
6.00791 11.9495 85.176
6.00791 11.9495 83.7775
6.00791 11.9495 82.379
6.00791 11.9495 80.9805
6.00791 11.9495 79.582
6.00791 11.9495 78.1835
6.00791 11.9495 76.7849
6.00791 11.9495 75.3864
6.00791 11.9495 73.9879
6.00791 11.9495 72.5894
6.00791 11.9495 71.1909
6.00791 11.9495 69.7924
6.00791 11.9495 68.3939
6.00791 11.9495 66.9954
6.00791 11.9495 65.5969
6.00791 11.9495 64.1984
6.00791 11.9495 62.7999
6.00791 11.9495 61.4014
6.00791 11.9495 60.0029
6.00791 11.9495 58.6043
6.00791 11.9495 57.2058
6.00791 11.9495 55.8073
6.00791 11.9495 54.4088
6.00791 11.9495 53.0103
6.00791 11.9495 51.6118
6.00791 11.9495 50.2133
6.00791 11.9495 48.8148
6.00791 11.9495 47.4163
6.00791 11.9495 46.0178
6.1223 12.1564 93.567
6.1223 12.1564 92.1685
6.1223 12.1564 90.77
6.1223 12.1564 89.3715
6.1223 12.1564 87.973
6.1223 12.1564 86.5745
6.1223 12.1564 85.176
6.1223 12.1564 83.7775
6.1223 12.1564 82.379
6.1223 12.1564 80.9805
6.1223 12.1564 79.582
6.1223 12.1564 78.1835
6.1223 12.1564 76.7849
6.1223 12.1564 75.3864
6.1223 12.1564 73.9879
6.1223 12.1564 72.5894
6.1223 12.1564 71.1909
6.1223 12.1564 69.7924
6.1223 12.1564 68.3939
6.1223 12.1564 66.9954
6.1223 12.1564 65.5969
6.1223 12.1564 64.1984
6.1223 12.1564 62.7999
6.1223 12.1564 61.4014
6.1223 12.1564 60.0029
6.1223 12.1564 58.6043
6.1223 12.1564 57.2058
6.1223 12.1564 55.8073
6.1223 12.1564 54.4088
6.1223 12.1564 53.0103
6.1223 12.1564 51.6118
6.1223 12.1564 50.2133
6.1223 12.1564 48.8148
6.1223 12.1564 47.4163
6.1223 12.1564 46.0178
6.1223 12.1564 44.6192
6.23669 12.3634 92.1685
6.23669 12.3634 90.77
6.23669 12.3634 89.3715
6.23669 12.3634 87.973
6.23669 12.3634 86.5745
6.23669 12.3634 85.176
6.23669 12.3634 82.379
6.23669 12.3634 80.9805
6.23669 12.3634 79.582
6.23669 12.3634 78.1835
6.23669 12.3634 76.7849
6.23669 12.3634 75.3864
6.23669 12.3634 72.5894
6.23669 12.3634 71.1909
6.23669 12.3634 69.7924
6.23669 12.3634 68.3939
6.23669 12.3634 66.9954
6.23669 12.3634 65.5969
6.23669 12.3634 62.7999
6.23669 12.3634 61.4014
6.23669 12.3634 60.0029
6.23669 12.3634 58.6043
6.23669 12.3634 57.2058
6.23669 12.3634 55.8073
6.23669 12.3634 53.0103
6.23669 12.3634 51.6118
6.23669 12.3634 50.2133
6.23669 12.3634 48.8148
6.23669 12.3634 47.4163
6.23669 12.3634 46.0178
-7.38365 -13.0861 92.3433
-7.38365 -13.0861 91.1196
-7.38365 -13.0861 89.896
-7.38365 -13.0861 88.6722
-7.38365 -13.0861 87.4485
-7.38365 -13.0861 86.2249
-7.38365 -13.0861 85.0012
-7.38365 -13.0861 83.7775
-7.38365 -13.0861 82.5538
-7.38365 -13.0861 81.3301
-7.38365 -13.0861 80.1064
-7.38365 -13.0861 78.8827
-7.38365 -13.0861 77.659
-7.38365 -13.0861 76.4353
-7.38365 -13.0861 75.2116
-7.38365 -13.0861 73.9879
-7.38365 -13.0861 72.7642
-7.38365 -13.0861 71.5405
-7.38365 -13.0861 70.3169
-7.38365 -13.0861 69.0931
-7.38365 -13.0861 67.8695
-7.38365 -13.0861 66.6457
-7.38365 -13.0861 65.4221
-7.38365 -13.0861 64.1984
-7.38365 -13.0861 62.9747
-7.38365 -13.0861 61.751
-7.38365 -13.0861 60.5273
-7.38365 -13.0861 59.3036
-7.38365 -13.0861 58.0799
-7.38365 -13.0861 56.8562
-7.38365 -13.0861 55.6325
-7.38365 -13.0861 54.4088
-7.38365 -13.0861 53.1851
-7.38365 -13.0861 51.9614
-7.38365 -13.0861 50.7377
-7.38365 -13.0861 49.5141
-7.38365 -13.0861 48.2904
-7.38365 -13.0861 47.0666
-7.38365 -13.0861 45.843
-7.28334 -12.9047 93.567
-7.28334 -12.9047 92.3433
-7.28334 -12.9047 91.1196
-7.28334 -12.9047 89.896
-7.28334 -12.9047 88.6722
-7.28334 -12.9047 87.4485
-7.28334 -12.9047 86.2249
-7.28334 -12.9047 85.0012
-7.28334 -12.9047 83.7775
-7.28334 -12.9047 82.5538
-7.28334 -12.9047 81.3301
-7.28334 -12.9047 80.1064
-7.28334 -12.9047 78.8827
-7.28334 -12.9047 77.659
-7.28334 -12.9047 76.4353
-7.28334 -12.9047 75.2116
-7.28334 -12.9047 73.9879
-7.28334 -12.9047 72.7642
-7.28334 -12.9047 71.5405
-7.28334 -12.9047 70.3169
-7.28334 -12.9047 69.0931
-7.28334 -12.9047 67.8695
-7.28334 -12.9047 66.6457
-7.28334 -12.9047 65.4221
-7.28334 -12.9047 64.1984
-7.28334 -12.9047 62.9747
-7.28334 -12.9047 61.751
-7.28334 -12.9047 60.5273
-7.28334 -12.9047 59.3036
-7.28334 -12.9047 58.0799
-7.28334 -12.9047 56.8562
-7.28334 -12.9047 55.6325
-7.28334 -12.9047 54.4088
-7.28334 -12.9047 53.1851
-7.28334 -12.9047 51.9614
-7.28334 -12.9047 50.7377
-7.28334 -12.9047 49.5141
-7.28334 -12.9047 48.2904
-7.28334 -12.9047 47.0666
-7.28334 -12.9047 45.843
-7.28334 -12.9047 44.6192
-7.18305 -12.7232 92.3433
-7.18305 -12.7232 91.1196
-7.18305 -12.7232 89.896
-7.18305 -12.7232 87.4485
-7.18305 -12.7232 86.2249
-7.18305 -12.7232 85.0012
-7.18305 -12.7232 82.5538
-7.18305 -12.7232 81.3301
-7.18305 -12.7232 80.1064
-7.18305 -12.7232 77.659
-7.18305 -12.7232 76.4353
-7.18305 -12.7232 75.2116
-7.18305 -12.7232 72.7642
-7.18305 -12.7232 71.5405
-7.18305 -12.7232 70.3169
-7.18305 -12.7232 67.8695
-7.18305 -12.7232 66.6457
-7.18305 -12.7232 65.4221
-7.18305 -12.7232 62.9747
-7.18305 -12.7232 61.751
-7.18305 -12.7232 60.5273
-7.18305 -12.7232 58.0799
-7.18305 -12.7232 56.8562
-7.18305 -12.7232 55.6325
-7.18305 -12.7232 53.1851
-7.18305 -12.7232 51.9614
-7.18305 -12.7232 50.7377
-7.18305 -12.7232 48.2904
-7.18305 -12.7232 47.0666
-7.18305 -12.7232 45.843
5.74401 10.6619 98.4417
5.74401 10.6619 96.0044
5.95066 11.0357 98.4417
5.95066 11.0357 96.0044
-6.84978 -12.1204 98.4417
-6.84978 -12.1204 96.0044
-6.6159 -11.6973 98.4417
-6.6159 -11.6973 96.0044
21.1493 3.57948 90.7476
21.1493 3.57948 87.9282
21.1493 3.57948 85.1088
21.1493 3.57948 82.2894
21.1493 3.57948 79.47
21.1493 3.57948 76.6507
21.1493 3.57948 73.8313
21.1493 3.57948 71.0119
21.1493 3.57948 68.1924
21.1493 3.57948 65.373
21.1493 3.57948 62.5536
21.1493 3.57948 59.7343
21.1493 3.57948 56.9149
21.1493 3.57948 54.0955
21.1493 3.57948 51.276
21.1493 3.57948 48.4567
21.1493 3.57948 45.6373
21.1493 3.57948 42.8179
21.1493 3.57948 39.9985
21.1493 3.57948 37.1791
21.1493 3.57948 34.3597
21.1493 3.57948 31.5403
21.1493 3.57948 28.7209
21.1493 3.57948 25.9015
21.1493 3.57948 23.0821
21.1493 3.57948 17.4433
21.1493 3.57948 14.6239
21.1493 3.57948 11.8045
21.1493 3.57948 8.98509
21.1493 3.57948 6.1657
21.1493 3.57948 3.34631
21.1493 3.57948 0.526918
21.1493 3.57948 -2.29248
21.1493 3.57948 -5.11188
21.1493 3.57948 -7.93129
21.1493 3.57948 -10.7507
21.1493 3.57948 -13.5701
21.1493 3.57948 -16.3895
21.1493 3.57948 -19.2089
21.1493 3.57948 -22.0283
21.1493 3.57948 -24.8477
21.1493 3.57948 -27.6671
21.1493 3.57948 -30.4864
21.1493 3.57948 -33.3058
21.1493 3.57948 -36.1252
21.1493 3.57948 -38.9446
21.1493 3.57948 -41.7641
21.1493 3.57948 -44.5834
21.1493 3.57948 -47.4028
21.1493 3.57948 -50.2222
21.1493 3.57948 -55.861
21.1493 3.57948 -58.6804
21.1493 3.57948 -61.4998
21.1493 3.57948 -64.3192
21.1493 3.57948 -67.1386
21.1493 3.57948 -69.958
21.1493 3.57948 -72.7774
21.1493 3.57948 -75.5968
21.1493 3.57948 -78.4162
21.1493 3.57948 -81.2356
21.1493 3.57948 -84.055
21.1493 3.57948 -86.8744
21.1493 3.57948 -89.6938
21.1493 3.57948 -92.5132
21.1493 3.57948 -95.3326
21.1493 3.57948 -98.152
21.1493 3.57948 -100.971
21.1493 3.57948 -103.791
21.1493 3.57948 -106.61
21.1493 3.57948 -109.43
21.1493 3.57948 -112.249
21.1493 3.57948 -115.068
21.1493 3.57948 -117.888
21.1493 3.57948 -120.707
21.1493 3.57948 -123.527
21.3781 3.99337 90.7476
21.3781 3.99337 87.9282
21.3781 3.99337 85.1088
21.3781 3.99337 82.2894
21.3781 3.99337 79.47
21.3781 3.99337 76.6507
21.3781 3.99337 73.8313
21.3781 3.99337 71.0119
21.3781 3.99337 68.1924
21.3781 3.99337 65.373
21.3781 3.99337 62.5536
21.3781 3.99337 59.7343
21.3781 3.99337 56.9149
21.3781 3.99337 54.0955
21.3781 3.99337 51.276
21.3781 3.99337 48.4567
21.3781 3.99337 45.6373
21.3781 3.99337 42.8179
21.3781 3.99337 39.9985
21.3781 3.99337 37.1791
21.3781 3.99337 34.3597
21.3781 3.99337 31.5403
21.3781 3.99337 28.7209
21.3781 3.99337 25.9015
21.3781 3.99337 23.0821
21.3781 3.99337 20.2627
21.3781 3.99337 17.4433
21.3781 3.99337 14.6239
21.3781 3.99337 11.8045
21.3781 3.99337 8.98509
21.3781 3.99337 6.1657
21.3781 3.99337 3.34631
21.3781 3.99337 0.526918
21.3781 3.99337 -2.29248
21.3781 3.99337 -5.11188
21.3781 3.99337 -7.93129
21.3781 3.99337 -10.7507
21.3781 3.99337 -13.5701
21.3781 3.99337 -16.3895
21.3781 3.99337 -19.2089
21.3781 3.99337 -22.0283
21.3781 3.99337 -24.8477
21.3781 3.99337 -27.6671
21.3781 3.99337 -30.4864
21.3781 3.99337 -33.3058
21.3781 3.99337 -36.1252
21.3781 3.99337 -38.9446
21.3781 3.99337 -41.7641
21.3781 3.99337 -44.5834
21.3781 3.99337 -47.4028
21.3781 3.99337 -50.2222
21.3781 3.99337 -53.0416
21.3781 3.99337 -55.861
21.3781 3.99337 -58.6804
21.3781 3.99337 -61.4998
21.3781 3.99337 -64.3192
21.3781 3.99337 -67.1386
21.3781 3.99337 -69.958
21.3781 3.99337 -72.7774
21.3781 3.99337 -75.5968
21.3781 3.99337 -78.4162
21.3781 3.99337 -81.2356
21.3781 3.99337 -84.055
21.3781 3.99337 -86.8744
21.3781 3.99337 -89.6938
21.3781 3.99337 -92.5132
21.3781 3.99337 -95.3326
21.3781 3.99337 -98.152
21.3781 3.99337 -100.971
21.3781 3.99337 -103.791
21.3781 3.99337 -106.61
21.3781 3.99337 -109.43
21.3781 3.99337 -112.249
21.3781 3.99337 -115.068
21.3781 3.99337 -117.888
21.3781 3.99337 -120.707
21.3781 3.99337 -123.527
18.8994 4.82324 -123.527
18.8994 4.82324 -120.707
18.8994 4.82324 -117.888
18.8994 4.82324 -115.068
18.8994 4.82324 -112.249
18.8994 4.82324 -109.43
18.8994 4.82324 -106.61
18.8994 4.82324 -103.791
18.8994 4.82324 -100.971
18.8994 4.82324 -98.152
18.8994 4.82324 -95.3326
18.8994 4.82324 -92.5132
18.8994 4.82324 -89.6938
18.8994 4.82324 -86.8744
18.8994 4.82324 -84.055
18.8994 4.82324 -81.2356
18.8994 4.82324 -78.4162
18.8994 4.82324 -75.5968
18.8994 4.82324 -72.7774
18.8994 4.82324 -69.958
18.8994 4.82324 -67.1386
18.8994 4.82324 -64.3192
18.8994 4.82324 -61.4998
18.8994 4.82324 -58.6804
18.8994 4.82324 -55.861
18.8994 4.82324 -50.2222
18.8994 4.82324 -47.4028
18.8994 4.82324 -44.5834
18.8994 4.82324 -41.7641
18.8994 4.82324 -38.9446
18.8994 4.82324 -36.1252
18.8994 4.82324 -33.3058
18.8994 4.82324 -30.4864
18.8994 4.82324 -27.6671
18.8994 4.82324 -24.8477
18.8994 4.82324 -22.0283
18.8994 4.82324 -19.2089
18.8994 4.82324 -16.3895
18.8994 4.82324 -13.5701
18.8994 4.82324 -10.7507
18.8994 4.82324 -7.93129
18.8994 4.82324 -5.11188
18.8994 4.82324 -2.29248
18.8994 4.82324 0.526918
18.8994 4.82324 3.34631
18.8994 4.82324 6.1657
18.8994 4.82324 8.98509
18.8994 4.82324 11.8045
18.8994 4.82324 14.6239
18.8994 4.82324 17.4433
18.8994 4.82324 23.0821
18.8994 4.82324 25.9015
18.8994 4.82324 28.7209
18.8994 4.82324 31.5403
18.8994 4.82324 34.3597
18.8994 4.82324 37.1791
18.8994 4.82324 39.9985
18.8994 4.82324 42.8179
18.8994 4.82324 45.6373
18.8994 4.82324 48.4567
18.8994 4.82324 51.276
18.8994 4.82324 54.0955
18.8994 4.82324 56.9149
18.8994 4.82324 59.7343
18.8994 4.82324 62.5536
18.8994 4.82324 65.373
18.8994 4.82324 68.1924
18.8994 4.82324 71.0119
18.8994 4.82324 73.8313
18.8994 4.82324 76.6507
18.8994 4.82324 79.47
18.8994 4.82324 82.2894
18.8994 4.82324 85.1088
18.8994 4.82324 87.9282
18.8994 4.82324 90.7476
19.1282 5.23713 -123.527
19.1282 5.23713 -120.707
19.1282 5.23713 -117.888
19.1282 5.23713 -115.068
19.1282 5.23713 -112.249
19.1282 5.23713 -109.43
19.1282 5.23713 -106.61
19.1282 5.23713 -103.791
19.1282 5.23713 -100.971
19.1282 5.23713 -98.152
19.1282 5.23713 -95.3326
19.1282 5.23713 -92.5132
19.1282 5.23713 -89.6938
19.1282 5.23713 -86.8744
19.1282 5.23713 -84.055
19.1282 5.23713 -81.2356
19.1282 5.23713 -78.4162
19.1282 5.23713 -75.5968
19.1282 5.23713 -72.7774
19.1282 5.23713 -69.958
19.1282 5.23713 -67.1386
19.1282 5.23713 -64.3192
19.1282 5.23713 -61.4998
19.1282 5.23713 -58.6804
19.1282 5.23713 -55.861
19.1282 5.23713 -53.0416
19.1282 5.23713 -50.2222
19.1282 5.23713 -47.4028
19.1282 5.23713 -44.5834
19.1282 5.23713 -41.7641
19.1282 5.23713 -38.9446
19.1282 5.23713 -36.1252
19.1282 5.23713 -33.3058
19.1282 5.23713 -30.4864
19.1282 5.23713 -27.6671
19.1282 5.23713 -24.8477
19.1282 5.23713 -22.0283
19.1282 5.23713 -19.2089
19.1282 5.23713 -16.3895
19.1282 5.23713 -13.5701
19.1282 5.23713 -10.7507
19.1282 5.23713 -7.93129
19.1282 5.23713 -5.11188
19.1282 5.23713 -2.29248
19.1282 5.23713 0.526918
19.1282 5.23713 3.34631
19.1282 5.23713 6.1657
19.1282 5.23713 8.98509
19.1282 5.23713 11.8045
19.1282 5.23713 14.6239
19.1282 5.23713 17.4433
19.1282 5.23713 20.2627
19.1282 5.23713 23.0821
19.1282 5.23713 25.9015
19.1282 5.23713 28.7209
19.1282 5.23713 31.5403
19.1282 5.23713 34.3597
19.1282 5.23713 37.1791
19.1282 5.23713 39.9985
19.1282 5.23713 42.8179
19.1282 5.23713 45.6373
19.1282 5.23713 48.4567
19.1282 5.23713 51.276
19.1282 5.23713 54.0955
19.1282 5.23713 56.9149
19.1282 5.23713 59.7343
19.1282 5.23713 62.5536
19.1282 5.23713 65.373
19.1282 5.23713 68.1924
19.1282 5.23713 71.0119
19.1282 5.23713 73.8313
19.1282 5.23713 76.6507
19.1282 5.23713 79.47
19.1282 5.23713 82.2894
19.1282 5.23713 85.1088
19.1282 5.23713 87.9282
19.1282 5.23713 90.7476
15.8265 6.52193 90.7476
15.8265 6.52193 87.9282
15.8265 6.52193 85.1088
15.8265 6.52193 82.2894
15.8265 6.52193 79.47
15.8265 6.52193 76.6507
15.8265 6.52193 73.8313
15.8265 6.52193 71.0119
15.8265 6.52193 68.1924
15.8265 6.52193 65.373
15.8265 6.52193 62.5536
15.8265 6.52193 59.7343
15.8265 6.52193 56.9149
15.8265 6.52193 54.0955
15.8265 6.52193 51.276
15.8265 6.52193 48.4567
15.8265 6.52193 45.6373
15.8265 6.52193 42.8179
15.8265 6.52193 39.9985
15.8265 6.52193 37.1791
15.8265 6.52193 34.3597
15.8265 6.52193 31.5403
15.8265 6.52193 28.7209
15.8265 6.52193 25.9015
15.8265 6.52193 23.0821
15.8265 6.52193 20.2627
15.8265 6.52193 17.4433
15.8265 6.52193 14.6239
15.8265 6.52193 11.8045
15.8265 6.52193 8.98509
15.8265 6.52193 6.1657
15.8265 6.52193 3.34631
15.8265 6.52193 0.526918
15.8265 6.52193 -2.29248
15.8265 6.52193 -5.11188
15.8265 6.52193 -7.93129
15.8265 6.52193 -10.7507
15.8265 6.52193 -13.5701
15.8265 6.52193 -16.3895
15.8265 6.52193 -19.2089
15.8265 6.52193 -22.0283
15.8265 6.52193 -24.8477
15.8265 6.52193 -27.6671
15.8265 6.52193 -30.4864
15.8265 6.52193 -33.3058
15.8265 6.52193 -36.1252
15.8265 6.52193 -38.9446
15.8265 6.52193 -41.7641
15.8265 6.52193 -44.5834
15.8265 6.52193 -47.4028
15.8265 6.52193 -50.2222
15.8265 6.52193 -53.0416
15.8265 6.52193 -55.861
15.8265 6.52193 -58.6804
15.8265 6.52193 -61.4998
15.8265 6.52193 -64.3192
15.8265 6.52193 -67.1386
15.8265 6.52193 -69.958
15.8265 6.52193 -72.7774
15.8265 6.52193 -75.5968
15.8265 6.52193 -78.4162
15.8265 6.52193 -81.2356
15.8265 6.52193 -84.055
15.8265 6.52193 -86.8744
15.8265 6.52193 -89.6938
15.8265 6.52193 -92.5132
15.8265 6.52193 -95.3326
15.8265 6.52193 -98.152
15.8265 6.52193 -100.971
15.8265 6.52193 -103.791
15.8265 6.52193 -106.61
15.8265 6.52193 -109.43
15.8265 6.52193 -112.249
15.8265 6.52193 -115.068
15.8265 6.52193 -117.888
15.8265 6.52193 -120.707
15.8265 6.52193 -123.527
16.0553 6.93582 90.7476
16.0553 6.93582 87.9282
16.0553 6.93582 85.1088
16.0553 6.93582 82.2894
16.0553 6.93582 79.47
16.0553 6.93582 76.6507
16.0553 6.93582 73.8313
16.0553 6.93582 71.0119
16.0553 6.93582 68.1924
16.0553 6.93582 65.373
16.0553 6.93582 62.5536
16.0553 6.93582 59.7343
16.0553 6.93582 56.9149
16.0553 6.93582 54.0955
16.0553 6.93582 51.276
16.0553 6.93582 48.4567
16.0553 6.93582 45.6373
16.0553 6.93582 42.8179
16.0553 6.93582 39.9985
16.0553 6.93582 37.1791
16.0553 6.93582 34.3597
16.0553 6.93582 31.5403
16.0553 6.93582 28.7209
16.0553 6.93582 25.9015
16.0553 6.93582 23.0821
16.0553 6.93582 20.2627
16.0553 6.93582 17.4433
16.0553 6.93582 14.6239
16.0553 6.93582 11.8045
16.0553 6.93582 8.98509
16.0553 6.93582 6.1657
16.0553 6.93582 3.34631
16.0553 6.93582 0.526918
16.0553 6.93582 -2.29248
16.0553 6.93582 -5.11188
16.0553 6.93582 -7.93129
16.0553 6.93582 -10.7507
16.0553 6.93582 -13.5701
16.0553 6.93582 -16.3895
16.0553 6.93582 -19.2089
16.0553 6.93582 -22.0283
16.0553 6.93582 -24.8477
16.0553 6.93582 -27.6671
16.0553 6.93582 -30.4864
16.0553 6.93582 -33.3058
16.0553 6.93582 -36.1252
16.0553 6.93582 -38.9446
16.0553 6.93582 -41.7641
16.0553 6.93582 -44.5834
16.0553 6.93582 -47.4028
16.0553 6.93582 -50.2222
16.0553 6.93582 -53.0416
16.0553 6.93582 -55.861
16.0553 6.93582 -58.6804
16.0553 6.93582 -61.4998
16.0553 6.93582 -64.3192
16.0553 6.93582 -67.1386
16.0553 6.93582 -69.958
16.0553 6.93582 -72.7774
16.0553 6.93582 -75.5968
16.0553 6.93582 -78.4162
16.0553 6.93582 -81.2356
16.0553 6.93582 -84.055
16.0553 6.93582 -86.8744
16.0553 6.93582 -89.6938
16.0553 6.93582 -92.5132
16.0553 6.93582 -95.3326
16.0553 6.93582 -98.152
16.0553 6.93582 -100.971
16.0553 6.93582 -103.791
16.0553 6.93582 -106.61
16.0553 6.93582 -109.43
16.0553 6.93582 -112.249
16.0553 6.93582 -115.068
16.0553 6.93582 -117.888
16.0553 6.93582 -120.707
16.0553 6.93582 -123.527
13.8462 7.61656 -123.527
13.8462 7.61656 -120.707
13.8462 7.61656 -117.888
13.8462 7.61656 -115.068
13.8462 7.61656 -112.249
13.8462 7.61656 -109.43
13.8462 7.61656 -106.61
13.8462 7.61656 -103.791
13.8462 7.61656 -100.971
13.8462 7.61656 -98.152
13.8462 7.61656 -95.3326
13.8462 7.61656 -92.5132
13.8462 7.61656 -89.6938
13.8462 7.61656 -86.8744
13.8462 7.61656 -84.055
13.8462 7.61656 -81.2356
13.8462 7.61656 -78.4162
13.8462 7.61656 -75.5968
13.8462 7.61656 -72.7774
13.8462 7.61656 -69.958
13.8462 7.61656 -67.1386
13.8462 7.61656 -64.3192
13.8462 7.61656 -61.4998
13.8462 7.61656 -58.6804
13.8462 7.61656 -55.861
13.8462 7.61656 -53.0416
13.8462 7.61656 -50.2222
13.8462 7.61656 -47.4028
13.8462 7.61656 -44.5834
13.8462 7.61656 -41.7641
13.8462 7.61656 -38.9446
13.8462 7.61656 -36.1252
13.8462 7.61656 -33.3058
13.8462 7.61656 -30.4864
13.8462 7.61656 -27.6671
13.8462 7.61656 -24.8477
13.8462 7.61656 -22.0283
13.8462 7.61656 -19.2089
13.8462 7.61656 -16.3895
13.8462 7.61656 -13.5701
13.8462 7.61656 -10.7507
13.8462 7.61656 -7.93129
13.8462 7.61656 -5.11188
13.8462 7.61656 -2.29248
13.8462 7.61656 0.526918
13.8462 7.61656 3.34631
13.8462 7.61656 6.1657
13.8462 7.61656 8.98509
13.8462 7.61656 11.8045
13.8462 7.61656 14.6239
13.8462 7.61656 17.4433
13.8462 7.61656 20.2627
13.8462 7.61656 23.0821
13.8462 7.61656 25.9015
13.8462 7.61656 28.7209
13.8462 7.61656 31.5403
13.8462 7.61656 34.3597
13.8462 7.61656 37.1791
13.8462 7.61656 39.9985
13.8462 7.61656 42.8179
13.8462 7.61656 45.6373
13.8462 7.61656 48.4567
13.8462 7.61656 51.276
13.8462 7.61656 54.0955
13.8462 7.61656 56.9149
13.8462 7.61656 59.7343
13.8462 7.61656 62.5536
13.8462 7.61656 65.373
13.8462 7.61656 68.1924
13.8462 7.61656 71.0119
13.8462 7.61656 73.8313
13.8462 7.61656 76.6507
13.8462 7.61656 79.47
13.8462 7.61656 82.2894
13.8462 7.61656 85.1088
13.8462 7.61656 87.9282
13.8462 7.61656 90.7476
14.075 8.03045 -123.527
14.075 8.03045 -120.707
14.075 8.03045 -117.888
14.075 8.03045 -115.068
14.075 8.03045 -112.249
14.075 8.03045 -109.43
14.075 8.03045 -106.61
14.075 8.03045 -103.791
14.075 8.03045 -100.971
14.075 8.03045 -98.152
14.075 8.03045 -95.3326
14.075 8.03045 -92.5132
14.075 8.03045 -86.8744
14.075 8.03045 -84.055
14.075 8.03045 -81.2356
14.075 8.03045 -78.4162
14.075 8.03045 -75.5968
14.075 8.03045 -72.7774
14.075 8.03045 -69.958
14.075 8.03045 -67.1386
14.075 8.03045 -64.3192
14.075 8.03045 -61.4998
14.075 8.03045 -58.6804
14.075 8.03045 -55.861
14.075 8.03045 -50.2222
14.075 8.03045 -47.4028
14.075 8.03045 -44.5834
14.075 8.03045 -41.7641
14.075 8.03045 -38.9446
14.075 8.03045 -36.1252
14.075 8.03045 -33.3058
14.075 8.03045 -30.4864
14.075 8.03045 -27.6671
14.075 8.03045 -24.8477
14.075 8.03045 -22.0283
14.075 8.03045 -19.2089
14.075 8.03045 -13.5701
14.075 8.03045 -10.7507
14.075 8.03045 -7.93129
14.075 8.03045 -5.11188
14.075 8.03045 -2.29248
14.075 8.03045 0.526918
14.075 8.03045 3.34631
14.075 8.03045 6.1657
14.075 8.03045 8.98509
14.075 8.03045 11.8045
14.075 8.03045 14.6239
14.075 8.03045 17.4433
14.075 8.03045 23.0821
14.075 8.03045 25.9015
14.075 8.03045 28.7209
14.075 8.03045 31.5403
14.075 8.03045 34.3597
14.075 8.03045 37.1791
14.075 8.03045 39.9985
14.075 8.03045 42.8179
14.075 8.03045 45.6373
14.075 8.03045 48.4567
14.075 8.03045 51.276
14.075 8.03045 54.0955
14.075 8.03045 59.7343
14.075 8.03045 62.5536
14.075 8.03045 65.373
14.075 8.03045 68.1924
14.075 8.03045 71.0119
14.075 8.03045 73.8313
14.075 8.03045 76.6507
14.075 8.03045 79.47
14.075 8.03045 82.2894
14.075 8.03045 85.1088
14.075 8.03045 87.9282
14.075 8.03045 90.7476
11.0981 9.13572 90.7476
11.0981 9.13572 87.9282
11.0981 9.13572 85.1088
11.0981 9.13572 82.2894
11.0981 9.13572 79.47
11.0981 9.13572 76.6507
11.0981 9.13572 73.8313
11.0981 9.13572 71.0119
11.0981 9.13572 68.1924
11.0981 9.13572 65.373
11.0981 9.13572 62.5536
11.0981 9.13572 59.7343
11.0981 9.13572 56.9149
11.0981 9.13572 54.0955
11.0981 9.13572 51.276
11.0981 9.13572 48.4567
11.0981 9.13572 45.6373
11.0981 9.13572 42.8179
11.0981 9.13572 39.9985
11.0981 9.13572 37.1791
11.0981 9.13572 34.3597
11.0981 9.13572 31.5403
11.0981 9.13572 28.7209
11.0981 9.13572 25.9015
11.0981 9.13572 23.0821
11.0981 9.13572 17.4433
11.0981 9.13572 14.6239
11.0981 9.13572 11.8045
11.0981 9.13572 8.98509
11.0981 9.13572 6.1657
11.0981 9.13572 3.34631
11.0981 9.13572 0.526918
11.0981 9.13572 -2.29248
11.0981 9.13572 -5.11188
11.0981 9.13572 -7.93129
11.0981 9.13572 -10.7507
11.0981 9.13572 -13.5701
11.0981 9.13572 -16.3895
11.0981 9.13572 -19.2089
11.0981 9.13572 -22.0283
11.0981 9.13572 -24.8477
11.0981 9.13572 -27.6671
11.0981 9.13572 -30.4864
11.0981 9.13572 -33.3058
11.0981 9.13572 -36.1252
11.0981 9.13572 -38.9446
11.0981 9.13572 -41.7641
11.0981 9.13572 -44.5834
11.0981 9.13572 -47.4028
11.0981 9.13572 -50.2222
11.0981 9.13572 -55.861
11.0981 9.13572 -58.6804
11.0981 9.13572 -61.4998
11.0981 9.13572 -64.3192
11.0981 9.13572 -67.1386
11.0981 9.13572 -69.958
11.0981 9.13572 -72.7774
11.0981 9.13572 -75.5968
11.0981 9.13572 -78.4162
11.0981 9.13572 -81.2356
11.0981 9.13572 -84.055
11.0981 9.13572 -86.8744
11.0981 9.13572 -89.6938
11.0981 9.13572 -92.5132
11.0981 9.13572 -95.3326
11.0981 9.13572 -98.152
11.0981 9.13572 -100.971
11.0981 9.13572 -103.791
11.0981 9.13572 -106.61
11.0981 9.13572 -109.43
11.0981 9.13572 -112.249
11.0981 9.13572 -115.068
11.0981 9.13572 -117.888
11.0981 9.13572 -120.707
11.0981 9.13572 -123.527
11.3269 9.54961 90.7476
11.3269 9.54961 87.9282
11.3269 9.54961 85.1088
11.3269 9.54961 82.2894
11.3269 9.54961 79.47
11.3269 9.54961 76.6507
11.3269 9.54961 73.8313
11.3269 9.54961 71.0119
11.3269 9.54961 68.1924
11.3269 9.54961 65.373
11.3269 9.54961 62.5536
11.3269 9.54961 59.7343
11.3269 9.54961 54.0955
11.3269 9.54961 51.276
11.3269 9.54961 48.4567
11.3269 9.54961 45.6373
11.3269 9.54961 42.8179
11.3269 9.54961 39.9985
11.3269 9.54961 37.1791
11.3269 9.54961 34.3597
11.3269 9.54961 31.5403
11.3269 9.54961 28.7209
11.3269 9.54961 25.9015
11.3269 9.54961 23.0821
11.3269 9.54961 17.4433
11.3269 9.54961 14.6239
11.3269 9.54961 11.8045
11.3269 9.54961 8.98509
11.3269 9.54961 6.1657
11.3269 9.54961 3.34631
11.3269 9.54961 0.526918
11.3269 9.54961 -2.29248
11.3269 9.54961 -5.11188
11.3269 9.54961 -7.93129
11.3269 9.54961 -10.7507
11.3269 9.54961 -13.5701
11.3269 9.54961 -19.2089
11.3269 9.54961 -22.0283
11.3269 9.54961 -24.8477
11.3269 9.54961 -27.6671
11.3269 9.54961 -30.4864
11.3269 9.54961 -33.3058
11.3269 9.54961 -36.1252
11.3269 9.54961 -38.9446
11.3269 9.54961 -41.7641
11.3269 9.54961 -44.5834
11.3269 9.54961 -47.4028
11.3269 9.54961 -50.2222
11.3269 9.54961 -55.861
11.3269 9.54961 -58.6804
11.3269 9.54961 -61.4998
11.3269 9.54961 -64.3192
11.3269 9.54961 -67.1386
11.3269 9.54961 -69.958
11.3269 9.54961 -72.7774
11.3269 9.54961 -75.5968
11.3269 9.54961 -78.4162
11.3269 9.54961 -81.2356
11.3269 9.54961 -84.055
11.3269 9.54961 -86.8744
11.3269 9.54961 -92.5132
11.3269 9.54961 -95.3326
11.3269 9.54961 -98.152
11.3269 9.54961 -100.971
11.3269 9.54961 -103.791
11.3269 9.54961 -106.61
11.3269 9.54961 -109.43
11.3269 9.54961 -112.249
11.3269 9.54961 -115.068
11.3269 9.54961 -117.888
11.3269 9.54961 -120.707
11.3269 9.54961 -123.527
8.83666 10.3858 -123.527
8.83666 10.3858 -120.707
8.83666 10.3858 -117.888
8.83666 10.3858 -115.068
8.83666 10.3858 -112.249
8.83666 10.3858 -109.43
8.83666 10.3858 -106.61
8.83666 10.3858 -103.791
8.83666 10.3858 -100.971
8.83666 10.3858 -98.152
8.83666 10.3858 -95.3326
8.83666 10.3858 -92.5132
8.83666 10.3858 -89.6938
8.83666 10.3858 -86.8744
8.83666 10.3858 -84.055
8.83666 10.3858 -81.2356
8.83666 10.3858 -78.4162
8.83666 10.3858 -75.5968
8.83666 10.3858 -72.7774
8.83666 10.3858 -69.958
8.83666 10.3858 -67.1386
8.83666 10.3858 -64.3192
8.83666 10.3858 -61.4998
8.83666 10.3858 -58.6804
8.83666 10.3858 -55.861
8.83666 10.3858 -50.2222
8.83666 10.3858 -47.4028
8.83666 10.3858 -44.5834
8.83666 10.3858 -41.7641
8.83666 10.3858 -38.9446
8.83666 10.3858 -36.1252
8.83666 10.3858 -33.3058
8.83666 10.3858 -30.4864
8.83666 10.3858 -27.6671
8.83666 10.3858 -24.8477
8.83666 10.3858 -22.0283
8.83666 10.3858 -19.2089
8.83666 10.3858 -16.3895
8.83666 10.3858 -13.5701
8.83666 10.3858 -10.7507
8.83666 10.3858 -7.93129
8.83666 10.3858 -5.11188
8.83666 10.3858 -2.29248
8.83666 10.3858 0.526918
8.83666 10.3858 3.34631
8.83666 10.3858 6.1657
8.83666 10.3858 8.98509
8.83666 10.3858 11.8045
8.83666 10.3858 14.6239
8.83666 10.3858 17.4433
8.83666 10.3858 23.0821
8.83666 10.3858 25.9015
8.83666 10.3858 28.7209
8.83666 10.3858 31.5403
8.83666 10.3858 34.3597
8.83666 10.3858 37.1791
8.83666 10.3858 39.9985
8.83666 10.3858 42.8179
8.83666 10.3858 45.6373
8.83666 10.3858 48.4567
8.83666 10.3858 51.276
8.83666 10.3858 54.0955
8.83666 10.3858 56.9149
8.83666 10.3858 59.7343
8.83666 10.3858 62.5536
8.83666 10.3858 65.373
8.83666 10.3858 68.1924
8.83666 10.3858 71.0119
8.83666 10.3858 73.8313
8.83666 10.3858 76.6507
8.83666 10.3858 79.47
8.83666 10.3858 82.2894
8.83666 10.3858 85.1088
8.83666 10.3858 87.9282
8.83666 10.3858 90.7476
9.06545 10.7997 -123.527
9.06545 10.7997 -120.707
9.06545 10.7997 -117.888
9.06545 10.7997 -115.068
9.06545 10.7997 -112.249
9.06545 10.7997 -109.43
9.06545 10.7997 -106.61
9.06545 10.7997 -103.791
9.06545 10.7997 -100.971
9.06545 10.7997 -98.152
9.06545 10.7997 -95.3326
9.06545 10.7997 -92.5132
9.06545 10.7997 -89.6938
9.06545 10.7997 -86.8744
9.06545 10.7997 -84.055
9.06545 10.7997 -81.2356
9.06545 10.7997 -78.4162
9.06545 10.7997 -75.5968
9.06545 10.7997 -72.7774
9.06545 10.7997 -69.958
9.06545 10.7997 -67.1386
9.06545 10.7997 -64.3192
9.06545 10.7997 -61.4998
9.06545 10.7997 -58.6804
9.06545 10.7997 -55.861
9.06545 10.7997 -53.0416
9.06545 10.7997 -50.2222
9.06545 10.7997 -47.4028
9.06545 10.7997 -44.5834
9.06545 10.7997 -41.7641
9.06545 10.7997 -38.9446
9.06545 10.7997 -36.1252
9.06545 10.7997 -33.3058
9.06545 10.7997 -30.4864
9.06545 10.7997 -27.6671
9.06545 10.7997 -24.8477
9.06545 10.7997 -22.0283
9.06545 10.7997 -19.2089
9.06545 10.7997 -16.3895
9.06545 10.7997 -13.5701
9.06545 10.7997 -10.7507
9.06545 10.7997 -7.93129
9.06545 10.7997 -5.11188
9.06545 10.7997 -2.29248
9.06545 10.7997 0.526918
9.06545 10.7997 3.34631
9.06545 10.7997 6.1657
9.06545 10.7997 8.98509
9.06545 10.7997 11.8045
9.06545 10.7997 14.6239
9.06545 10.7997 17.4433
9.06545 10.7997 20.2627
9.06545 10.7997 23.0821
9.06545 10.7997 25.9015
9.06545 10.7997 28.7209
9.06545 10.7997 31.5403
9.06545 10.7997 34.3597
9.06545 10.7997 37.1791
9.06545 10.7997 39.9985
9.06545 10.7997 42.8179
9.06545 10.7997 45.6373
9.06545 10.7997 48.4567
9.06545 10.7997 51.276
9.06545 10.7997 54.0955
9.06545 10.7997 56.9149
9.06545 10.7997 59.7343
9.06545 10.7997 62.5536
9.06545 10.7997 65.373
9.06545 10.7997 68.1924
9.06545 10.7997 71.0119
9.06545 10.7997 73.8313
9.06545 10.7997 76.6507
9.06545 10.7997 79.47
9.06545 10.7997 82.2894
9.06545 10.7997 85.1088
9.06545 10.7997 87.9282
9.06545 10.7997 90.7476
7.73969 11.5326 -92.1529
7.73969 11.5326 -57.9599
7.73969 11.5326 -23.7668
7.73969 11.5326 10.4262
10.6075 16.7204 -92.1529
10.6075 16.7204 -57.9599
10.6075 16.7204 -23.7668
10.6075 16.7204 10.4262
-9.22663 -19.1596 -92.1529
-9.22663 -19.1596 -57.9599
-9.22663 -19.1596 -23.7668
-9.22663 -19.1596 10.4262
-6.22374 -13.7273 -92.1529
-6.22374 -13.7273 -57.9599
-6.22374 -13.7273 -23.7668
-6.22374 -13.7273 10.4262
22.5958 3.32026 10.4262
22.5958 3.32026 -23.7668
22.5958 3.32026 -57.9599
22.5958 3.32026 -92.1529
25.4636 8.50804 10.4262
25.4636 8.50804 -23.7668
25.4636 8.50804 -57.9599
25.4636 8.50804 -92.1529
5.6295 -27.3719 10.4262
5.6295 -27.3719 -23.7668
5.6295 -27.3719 -57.9599
5.6295 -27.3719 -92.1529
8.63239 -21.9397 10.4262
8.63239 -21.9397 -23.7668
8.63239 -21.9397 -57.9599
8.63239 -21.9397 -92.1529
-5.34921 -14.2108 -123.875
-5.34921 -14.2108 -121.404
-5.34921 -14.2108 -118.933
-5.34921 -14.2108 -116.462
-5.34921 -14.2108 -113.991
-5.34921 -14.2108 -111.52
-5.34921 -14.2108 -109.049
-5.34921 -14.2108 -106.578
-5.34921 -14.2108 -104.108
-5.34921 -14.2108 -101.637
-5.34921 -14.2108 -99.1657
-5.34921 -14.2108 -96.6948
-5.34921 -14.2108 -94.2238
-5.34921 -14.2108 -91.7529
-5.34921 -14.2108 -89.282
-5.34921 -14.2108 -86.811
-5.34921 -14.2108 -84.3401
-5.34921 -14.2108 -81.8692
-5.34921 -14.2108 -79.3982
-5.34921 -14.2108 -76.9273
-5.34921 -14.2108 -74.4564
-5.34921 -14.2108 -71.9854
-5.34921 -14.2108 -69.5145
-5.34921 -14.2108 -67.0436
-5.34921 -14.2108 -64.5726
-5.34921 -14.2108 -62.1017
-5.34921 -14.2108 -59.6308
-5.34921 -14.2108 -57.1598
-5.34921 -14.2108 -54.6889
-5.34921 -14.2108 -52.218
-5.34921 -14.2108 -49.7471
-5.34921 -14.2108 -47.2761
-5.34921 -14.2108 -44.8052
-5.34921 -14.2108 -42.3343
-5.34921 -14.2108 -39.8633
-5.34921 -14.2108 -37.3924
-5.34921 -14.2108 -34.9215
-5.34921 -14.2108 -32.4505
-5.34921 -14.2108 -29.9796
-5.34921 -14.2108 -27.5087
-5.34921 -14.2108 -25.0377
-5.34921 -14.2108 -22.5668
-5.34921 -14.2108 -20.0959
-5.34921 -14.2108 -17.6249
-5.34921 -14.2108 -15.154
-5.34921 -14.2108 -12.6831
-5.34921 -14.2108 -10.2121
-5.34921 -14.2108 -7.74121
-5.34921 -14.2108 -5.27028
-5.34921 -14.2108 -2.79933
-5.34921 -14.2108 -0.328413
-5.34921 -14.2108 2.14252
-5.34921 -14.2108 4.61347
-5.34921 -14.2108 7.0844
-5.34921 -14.2108 9.55531
-5.34921 -14.2108 12.0262
-5.34921 -14.2108 14.4972
-5.34921 -14.2108 16.9681
-5.34921 -14.2108 19.439
-5.34921 -14.2108 21.91
-5.34921 -14.2108 24.3809
-5.34921 -14.2108 26.8519
-5.34921 -14.2108 29.3228
-5.34921 -14.2108 31.7937
-5.34921 -14.2108 34.2646
-5.34921 -14.2108 36.7356
-5.34921 -14.2108 39.2065
-5.34921 -14.2108 41.6774
-5.34921 -14.2108 44.1484
-5.34921 -14.2108 46.6193
-5.34921 -14.2108 49.0903
-5.34921 -14.2108 51.5612
-5.34921 -14.2108 54.0321
-5.34921 -14.2108 56.503
-5.34921 -14.2108 58.974
-5.34921 -14.2108 61.4449
-5.34921 -14.2108 63.9158
-5.34921 -14.2108 66.3868
-5.34921 -14.2108 68.8577
-5.34921 -14.2108 71.3286
-5.34921 -14.2108 73.7996
-5.34921 -14.2108 76.2705
-5.34921 -14.2108 78.7414
-5.34921 -14.2108 81.2124
-5.34921 -14.2108 83.6833
-5.34921 -14.2108 86.1542
-5.34921 -14.2108 88.6252
-5.34921 -14.2108 91.0961
-5.14858 -13.8479 -123.875
-5.14858 -13.8479 -121.404
-5.14858 -13.8479 -118.933
-5.14858 -13.8479 -116.462
-5.14858 -13.8479 -113.991
-5.14858 -13.8479 -111.52
-5.14858 -13.8479 -109.049
-5.14858 -13.8479 -106.578
-5.14858 -13.8479 -104.108
-5.14858 -13.8479 -101.637
-5.14858 -13.8479 -99.1657
-5.14858 -13.8479 -96.6948
-5.14858 -13.8479 -94.2238
-5.14858 -13.8479 -91.7529
-5.14858 -13.8479 -89.282
-5.14858 -13.8479 -86.811
-5.14858 -13.8479 -84.3401
-5.14858 -13.8479 -81.8692
-5.14858 -13.8479 -79.3982
-5.14858 -13.8479 -76.9273
-5.14858 -13.8479 -74.4564
-5.14858 -13.8479 -71.9854
-5.14858 -13.8479 -69.5145
-5.14858 -13.8479 -67.0436
-5.14858 -13.8479 -64.5726
-5.14858 -13.8479 -62.1017
-5.14858 -13.8479 -59.6308
-5.14858 -13.8479 -57.1598
-5.14858 -13.8479 -54.6889
-5.14858 -13.8479 -52.218
-5.14858 -13.8479 -49.7471
-5.14858 -13.8479 -47.2761
-5.14858 -13.8479 -44.8052
-5.14858 -13.8479 -42.3343
-5.14858 -13.8479 -39.8633
-5.14858 -13.8479 -37.3924
-5.14858 -13.8479 -34.9215
-5.14858 -13.8479 -32.4505
-5.14858 -13.8479 -29.9796
-5.14858 -13.8479 -27.5087
-5.14858 -13.8479 -25.0377
-5.14858 -13.8479 -22.5668
-5.14858 -13.8479 -20.0959
-5.14858 -13.8479 -17.6249
-5.14858 -13.8479 -15.154
-5.14858 -13.8479 -12.6831
-5.14858 -13.8479 -10.2121
-5.14858 -13.8479 -7.74121
-5.14858 -13.8479 -5.27028
-5.14858 -13.8479 -2.79933
-5.14858 -13.8479 -0.328413
-5.14858 -13.8479 2.14252
-5.14858 -13.8479 4.61347
-5.14858 -13.8479 7.0844
-5.14858 -13.8479 9.55531
-5.14858 -13.8479 12.0262
-5.14858 -13.8479 14.4972
-5.14858 -13.8479 16.9681
-5.14858 -13.8479 19.439
-5.14858 -13.8479 21.91
-5.14858 -13.8479 24.3809
-5.14858 -13.8479 26.8519
-5.14858 -13.8479 29.3228
-5.14858 -13.8479 31.7937
-5.14858 -13.8479 34.2646
-5.14858 -13.8479 36.7356
-5.14858 -13.8479 39.2065
-5.14858 -13.8479 41.6774
-5.14858 -13.8479 44.1484
-5.14858 -13.8479 46.6193
-5.14858 -13.8479 49.0903
-5.14858 -13.8479 51.5612
-5.14858 -13.8479 54.0321
-5.14858 -13.8479 56.503
-5.14858 -13.8479 58.974
-5.14858 -13.8479 61.4449
-5.14858 -13.8479 63.9158
-5.14858 -13.8479 66.3868
-5.14858 -13.8479 68.8577
-5.14858 -13.8479 71.3286
-5.14858 -13.8479 73.7996
-5.14858 -13.8479 76.2705
-5.14858 -13.8479 78.7414
-5.14858 -13.8479 81.2124
-5.14858 -13.8479 83.6833
-5.14858 -13.8479 86.1542
-5.14858 -13.8479 88.6252
-5.14858 -13.8479 91.0961
-4.81532 -13.245 96.0044
-4.81532 -13.245 98.4417
-4.58146 -12.8219 96.0044
-4.58146 -12.8219 98.4417
-2.49692 -15.7875 91.0961
-2.49692 -15.7875 88.6252
-2.49692 -15.7875 86.1542
-2.49692 -15.7875 83.6833
-2.49692 -15.7875 81.2124
-2.49692 -15.7875 78.7414
-2.49692 -15.7875 76.2705
-2.49692 -15.7875 73.7996
-2.49692 -15.7875 71.3286
-2.49692 -15.7875 68.8577
-2.49692 -15.7875 66.3868
-2.49692 -15.7875 63.9158
-2.49692 -15.7875 61.4449
-2.49692 -15.7875 58.974
-2.49692 -15.7875 56.503
-2.49692 -15.7875 54.0321
-2.49692 -15.7875 51.5612
-2.49692 -15.7875 49.0903
-2.49692 -15.7875 46.6193
-2.49692 -15.7875 44.1484
-2.49692 -15.7875 41.6774
-2.49692 -15.7875 39.2065
-2.49692 -15.7875 36.7356
-2.49692 -15.7875 34.2646
-2.49692 -15.7875 31.7937
-2.49692 -15.7875 29.3228
-2.49692 -15.7875 26.8519
-2.49692 -15.7875 24.3809
-2.49692 -15.7875 21.91
-2.49692 -15.7875 19.439
-2.49692 -15.7875 16.9681
-2.49692 -15.7875 14.4972
-2.49692 -15.7875 12.0262
-2.49692 -15.7875 9.55531
-2.49692 -15.7875 7.0844
-2.49692 -15.7875 4.61347
-2.49692 -15.7875 2.14252
-2.49692 -15.7875 -0.328413
-2.49692 -15.7875 -2.79933
-2.49692 -15.7875 -5.27028
-2.49692 -15.7875 -7.74121
-2.49692 -15.7875 -10.2121
-2.49692 -15.7875 -12.6831
-2.49692 -15.7875 -15.154
-2.49692 -15.7875 -17.6249
-2.49692 -15.7875 -20.0959
-2.49692 -15.7875 -22.5668
-2.49692 -15.7875 -25.0377
-2.49692 -15.7875 -27.5087
-2.49692 -15.7875 -29.9796
-2.49692 -15.7875 -32.4505
-2.49692 -15.7875 -34.9215
-2.49692 -15.7875 -37.3924
-2.49692 -15.7875 -39.8633
-2.49692 -15.7875 -42.3343
-2.49692 -15.7875 -44.8052
-2.49692 -15.7875 -47.2761
-2.49692 -15.7875 -49.7471
-2.49692 -15.7875 -52.218
-2.49692 -15.7875 -54.6889
-2.49692 -15.7875 -57.1598
-2.49692 -15.7875 -59.6308
-2.49692 -15.7875 -62.1017
-2.49692 -15.7875 -64.5726
-2.49692 -15.7875 -67.0436
-2.49692 -15.7875 -69.5145
-2.49692 -15.7875 -71.9854
-2.49692 -15.7875 -74.4564
-2.49692 -15.7875 -76.9273
-2.49692 -15.7875 -79.3982
-2.49692 -15.7875 -81.8692
-2.49692 -15.7875 -84.3401
-2.49692 -15.7875 -86.811
-2.49692 -15.7875 -89.282
-2.49692 -15.7875 -91.7529
-2.49692 -15.7875 -94.2238
-2.49692 -15.7875 -96.6948
-2.49692 -15.7875 -99.1657
-2.49692 -15.7875 -101.637
-2.49692 -15.7875 -104.108
-2.49692 -15.7875 -106.578
-2.49692 -15.7875 -109.049
-2.49692 -15.7875 -111.52
-2.49692 -15.7875 -113.991
-2.49692 -15.7875 -116.462
-2.49692 -15.7875 -118.933
-2.49692 -15.7875 -121.404
-2.49692 -15.7875 -123.875
-2.29629 -15.4246 91.0961
-2.29629 -15.4246 88.6252
-2.29629 -15.4246 86.1542
-2.29629 -15.4246 83.6833
-2.29629 -15.4246 81.2124
-2.29629 -15.4246 78.7414
-2.29629 -15.4246 76.2705
-2.29629 -15.4246 73.7996
-2.29629 -15.4246 71.3286
-2.29629 -15.4246 68.8577
-2.29629 -15.4246 66.3868
-2.29629 -15.4246 63.9158
-2.29629 -15.4246 61.4449
-2.29629 -15.4246 58.974
-2.29629 -15.4246 56.503
-2.29629 -15.4246 54.0321
-2.29629 -15.4246 51.5612
-2.29629 -15.4246 49.0903
-2.29629 -15.4246 46.6193
-2.29629 -15.4246 44.1484
-2.29629 -15.4246 41.6774
-2.29629 -15.4246 39.2065
-2.29629 -15.4246 36.7356
-2.29629 -15.4246 34.2646
-2.29629 -15.4246 31.7937
-2.29629 -15.4246 29.3228
-2.29629 -15.4246 26.8519
-2.29629 -15.4246 24.3809
-2.29629 -15.4246 21.91
-2.29629 -15.4246 19.439
-2.29629 -15.4246 16.9681
-2.29629 -15.4246 14.4972
-2.29629 -15.4246 12.0262
-2.29629 -15.4246 9.55531
-2.29629 -15.4246 7.0844
-2.29629 -15.4246 4.61347
-2.29629 -15.4246 2.14252
-2.29629 -15.4246 -0.328413
-2.29629 -15.4246 -2.79933
-2.29629 -15.4246 -5.27028
-2.29629 -15.4246 -7.74121
-2.29629 -15.4246 -10.2121
-2.29629 -15.4246 -12.6831
-2.29629 -15.4246 -15.154
-2.29629 -15.4246 -17.6249
-2.29629 -15.4246 -20.0959
-2.29629 -15.4246 -22.5668
-2.29629 -15.4246 -25.0377
-2.29629 -15.4246 -27.5087
-2.29629 -15.4246 -29.9796
-2.29629 -15.4246 -32.4505
-2.29629 -15.4246 -34.9215
-2.29629 -15.4246 -37.3924
-2.29629 -15.4246 -39.8633
-2.29629 -15.4246 -42.3343
-2.29629 -15.4246 -44.8052
-2.29629 -15.4246 -47.2761
-2.29629 -15.4246 -49.7471
-2.29629 -15.4246 -52.218
-2.29629 -15.4246 -54.6889
-2.29629 -15.4246 -57.1598
-2.29629 -15.4246 -59.6308
-2.29629 -15.4246 -62.1017
-2.29629 -15.4246 -64.5726
-2.29629 -15.4246 -67.0436
-2.29629 -15.4246 -69.5145
-2.29629 -15.4246 -71.9854
-2.29629 -15.4246 -74.4564
-2.29629 -15.4246 -76.9273
-2.29629 -15.4246 -79.3982
-2.29629 -15.4246 -81.8692
-2.29629 -15.4246 -84.3401
-2.29629 -15.4246 -86.811
-2.29629 -15.4246 -89.282
-2.29629 -15.4246 -91.7529
-2.29629 -15.4246 -94.2238
-2.29629 -15.4246 -96.6948
-2.29629 -15.4246 -99.1657
-2.29629 -15.4246 -101.637
-2.29629 -15.4246 -104.108
-2.29629 -15.4246 -106.578
-2.29629 -15.4246 -109.049
-2.29629 -15.4246 -111.52
-2.29629 -15.4246 -113.991
-2.29629 -15.4246 -116.462
-2.29629 -15.4246 -118.933
-2.29629 -15.4246 -121.404
-2.29629 -15.4246 -123.875
-1.96303 -14.8217 98.4417
-1.96303 -14.8217 96.0044
-1.72917 -14.3986 98.4417
-1.72917 -14.3986 96.0044
-0.290945 -17.0069 -123.875
-0.290945 -17.0069 -121.404
-0.290945 -17.0069 -118.933
-0.290945 -17.0069 -116.462
-0.290945 -17.0069 -113.991
-0.290945 -17.0069 -111.52
-0.290945 -17.0069 -109.049
-0.290945 -17.0069 -106.578
-0.290945 -17.0069 -104.108
-0.290945 -17.0069 -101.637
-0.290945 -17.0069 -99.1657
-0.290945 -17.0069 -96.6948
-0.290945 -17.0069 -94.2238
-0.290945 -17.0069 -91.7529
-0.290945 -17.0069 -89.282
-0.290945 -17.0069 -86.811
-0.290945 -17.0069 -84.3401
-0.290945 -17.0069 -81.8692
-0.290945 -17.0069 -79.3982
-0.290945 -17.0069 -76.9273
-0.290945 -17.0069 -74.4564
-0.290945 -17.0069 -71.9854
-0.290945 -17.0069 -69.5145
-0.290945 -17.0069 -67.0436
-0.290945 -17.0069 -64.5726
-0.290945 -17.0069 -62.1017
-0.290945 -17.0069 -59.6308
-0.290945 -17.0069 -57.1598
-0.290945 -17.0069 -54.6889
-0.290945 -17.0069 -52.218
-0.290945 -17.0069 -49.7471
-0.290945 -17.0069 -47.2761
-0.290945 -17.0069 -44.8052
-0.290945 -17.0069 -42.3343
-0.290945 -17.0069 -39.8633
-0.290945 -17.0069 -37.3924
-0.290945 -17.0069 -34.9215
-0.290945 -17.0069 -32.4505
-0.290945 -17.0069 -29.9796
-0.290945 -17.0069 -27.5087
-0.290945 -17.0069 -25.0377
-0.290945 -17.0069 -22.5668
-0.290945 -17.0069 -20.0959
-0.290945 -17.0069 -17.6249
-0.290945 -17.0069 -15.154
-0.290945 -17.0069 -12.6831
-0.290945 -17.0069 -10.2121
-0.290945 -17.0069 -7.74121
-0.290945 -17.0069 -5.27028
-0.290945 -17.0069 -2.79933
-0.290945 -17.0069 -0.328413
-0.290945 -17.0069 2.14252
-0.290945 -17.0069 4.61347
-0.290945 -17.0069 7.0844
-0.290945 -17.0069 9.55531
-0.290945 -17.0069 12.0262
-0.290945 -17.0069 14.4972
-0.290945 -17.0069 16.9681
-0.290945 -17.0069 19.439
-0.290945 -17.0069 21.91
-0.290945 -17.0069 24.3809
-0.290945 -17.0069 26.8519
-0.290945 -17.0069 29.3228
-0.290945 -17.0069 31.7937
-0.290945 -17.0069 34.2646
-0.290945 -17.0069 36.7356
-0.290945 -17.0069 39.2065
-0.290945 -17.0069 41.6774
-0.290945 -17.0069 44.1484
-0.290945 -17.0069 46.6193
-0.290945 -17.0069 49.0903
-0.290945 -17.0069 51.5612
-0.290945 -17.0069 54.0321
-0.290945 -17.0069 56.503
-0.290945 -17.0069 58.974
-0.290945 -17.0069 61.4449
-0.290945 -17.0069 63.9158
-0.290945 -17.0069 66.3868
-0.290945 -17.0069 68.8577
-0.290945 -17.0069 71.3286
-0.290945 -17.0069 73.7996
-0.290945 -17.0069 76.2705
-0.290945 -17.0069 78.7414
-0.290945 -17.0069 81.2124
-0.290945 -17.0069 83.6833
-0.290945 -17.0069 86.1542
-0.290945 -17.0069 88.6252
-0.290945 -17.0069 91.0961
-0.0903263 -16.644 -123.875
-0.0903263 -16.644 -121.404
-0.0903263 -16.644 -118.933
-0.0903263 -16.644 -116.462
-0.0903263 -16.644 -113.991
-0.0903263 -16.644 -111.52
-0.0903263 -16.644 -109.049
-0.0903263 -16.644 -106.578
-0.0903263 -16.644 -104.108
-0.0903263 -16.644 -101.637
-0.0903263 -16.644 -99.1657
-0.0903263 -16.644 -96.6948
-0.0903263 -16.644 -94.2238
-0.0903263 -16.644 -91.7529
-0.0903263 -16.644 -89.282
-0.0903263 -16.644 -86.811
-0.0903263 -16.644 -84.3401
-0.0903263 -16.644 -81.8692
-0.0903263 -16.644 -79.3982
-0.0903263 -16.644 -76.9273
-0.0903263 -16.644 -74.4564
-0.0903263 -16.644 -71.9854
-0.0903263 -16.644 -69.5145
-0.0903263 -16.644 -67.0436
-0.0903263 -16.644 -64.5726
-0.0903263 -16.644 -62.1017
-0.0903263 -16.644 -59.6308
-0.0903263 -16.644 -57.1598
-0.0903263 -16.644 -54.6889
-0.0903263 -16.644 -52.218
-0.0903263 -16.644 -49.7471
-0.0903263 -16.644 -47.2761
-0.0903263 -16.644 -44.8052
-0.0903263 -16.644 -42.3343
-0.0903263 -16.644 -39.8633
-0.0903263 -16.644 -37.3924
-0.0903263 -16.644 -34.9215
-0.0903263 -16.644 -32.4505
-0.0903263 -16.644 -29.9796
-0.0903263 -16.644 -27.5087
-0.0903263 -16.644 -25.0377
-0.0903263 -16.644 -22.5668
-0.0903263 -16.644 -20.0959
-0.0903263 -16.644 -17.6249
-0.0903263 -16.644 -15.154
-0.0903263 -16.644 -12.6831
-0.0903263 -16.644 -10.2121
-0.0903263 -16.644 -7.74121
-0.0903263 -16.644 -5.27028
-0.0903263 -16.644 -2.79933
-0.0903263 -16.644 -0.328413
-0.0903263 -16.644 2.14252
-0.0903263 -16.644 4.61347
-0.0903263 -16.644 7.0844
-0.0903263 -16.644 9.55531
-0.0903263 -16.644 12.0262
-0.0903263 -16.644 14.4972
-0.0903263 -16.644 16.9681
-0.0903263 -16.644 19.439
-0.0903263 -16.644 21.91
-0.0903263 -16.644 24.3809
-0.0903263 -16.644 26.8519
-0.0903263 -16.644 29.3228
-0.0903263 -16.644 31.7937
-0.0903263 -16.644 34.2646
-0.0903263 -16.644 36.7356
-0.0903263 -16.644 39.2065
-0.0903263 -16.644 41.6774
-0.0903263 -16.644 44.1484
-0.0903263 -16.644 46.6193
-0.0903263 -16.644 49.0903
-0.0903263 -16.644 51.5612
-0.0903263 -16.644 54.0321
-0.0903263 -16.644 56.503
-0.0903263 -16.644 58.974
-0.0903263 -16.644 61.4449
-0.0903263 -16.644 63.9158
-0.0903263 -16.644 66.3868
-0.0903263 -16.644 68.8577
-0.0903263 -16.644 71.3286
-0.0903263 -16.644 73.7996
-0.0903263 -16.644 76.2705
-0.0903263 -16.644 78.7414
-0.0903263 -16.644 81.2124
-0.0903263 -16.644 83.6833
-0.0903263 -16.644 86.1542
-0.0903263 -16.644 88.6252
-0.0903263 -16.644 91.0961
0.242937 -16.0411 96.0044
0.242937 -16.0411 98.4417
0.476801 -15.6181 96.0044
0.476801 -15.6181 98.4417
2.50216 -18.5509 91.0961
2.50216 -18.5509 88.6252
2.50216 -18.5509 86.1542
2.50216 -18.5509 83.6833
2.50216 -18.5509 81.2124
2.50216 -18.5509 78.7414
2.50216 -18.5509 76.2705
2.50216 -18.5509 73.7996
2.50216 -18.5509 71.3286
2.50216 -18.5509 68.8577
2.50216 -18.5509 66.3868
2.50216 -18.5509 63.9158
2.50216 -18.5509 61.4449
2.50216 -18.5509 58.974
2.50216 -18.5509 56.503
2.50216 -18.5509 54.0321
2.50216 -18.5509 51.5612
2.50216 -18.5509 49.0903
2.50216 -18.5509 46.6193
2.50216 -18.5509 44.1484
2.50216 -18.5509 41.6774
2.50216 -18.5509 39.2065
2.50216 -18.5509 36.7356
2.50216 -18.5509 34.2646
2.50216 -18.5509 31.7937
2.50216 -18.5509 29.3228
2.50216 -18.5509 26.8519
2.50216 -18.5509 24.3809
2.50216 -18.5509 21.91
2.50216 -18.5509 19.439
2.50216 -18.5509 16.9681
2.50216 -18.5509 14.4972
2.50216 -18.5509 12.0262
2.50216 -18.5509 9.55531
2.50216 -18.5509 7.0844
2.50216 -18.5509 4.61347
2.50216 -18.5509 2.14252
2.50216 -18.5509 -0.328413
2.50216 -18.5509 -2.79933
2.50216 -18.5509 -5.27028
2.50216 -18.5509 -7.74121
2.50216 -18.5509 -10.2121
2.50216 -18.5509 -12.6831
2.50216 -18.5509 -15.154
2.50216 -18.5509 -17.6249
2.50216 -18.5509 -20.0959
2.50216 -18.5509 -22.5668
2.50216 -18.5509 -25.0377
2.50216 -18.5509 -27.5087
2.50216 -18.5509 -29.9796
2.50216 -18.5509 -32.4505
2.50216 -18.5509 -34.9215
2.50216 -18.5509 -37.3924
2.50216 -18.5509 -39.8633
2.50216 -18.5509 -42.3343
2.50216 -18.5509 -44.8052
2.50216 -18.5509 -47.2761
2.50216 -18.5509 -49.7471
2.50216 -18.5509 -52.218
2.50216 -18.5509 -54.6889
2.50216 -18.5509 -57.1598
2.50216 -18.5509 -59.6308
2.50216 -18.5509 -62.1017
2.50216 -18.5509 -64.5726
2.50216 -18.5509 -67.0436
2.50216 -18.5509 -69.5145
2.50216 -18.5509 -71.9854
2.50216 -18.5509 -74.4564
2.50216 -18.5509 -76.9273
2.50216 -18.5509 -79.3982
2.50216 -18.5509 -81.8692
2.50216 -18.5509 -84.3401
2.50216 -18.5509 -86.811
2.50216 -18.5509 -89.282
2.50216 -18.5509 -91.7529
2.50216 -18.5509 -94.2238
2.50216 -18.5509 -96.6948
2.50216 -18.5509 -99.1657
2.50216 -18.5509 -101.637
2.50216 -18.5509 -104.108
2.50216 -18.5509 -106.578
2.50216 -18.5509 -109.049
2.50216 -18.5509 -111.52
2.50216 -18.5509 -113.991
2.50216 -18.5509 -116.462
2.50216 -18.5509 -118.933
2.50216 -18.5509 -121.404
2.50216 -18.5509 -123.875
2.70279 -18.188 91.0961
2.70279 -18.188 88.6252
2.70279 -18.188 86.1542
2.70279 -18.188 83.6833
2.70279 -18.188 81.2124
2.70279 -18.188 78.7414
2.70279 -18.188 76.2705
2.70279 -18.188 73.7996
2.70279 -18.188 71.3286
2.70279 -18.188 68.8577
2.70279 -18.188 66.3868
2.70279 -18.188 63.9158
2.70279 -18.188 61.4449
2.70279 -18.188 58.974
2.70279 -18.188 56.503
2.70279 -18.188 54.0321
2.70279 -18.188 51.5612
2.70279 -18.188 49.0903
2.70279 -18.188 46.6193
2.70279 -18.188 44.1484
2.70279 -18.188 41.6774
2.70279 -18.188 39.2065
2.70279 -18.188 36.7356
2.70279 -18.188 34.2646
2.70279 -18.188 31.7937
2.70279 -18.188 29.3228
2.70279 -18.188 26.8519
2.70279 -18.188 24.3809
2.70279 -18.188 21.91
2.70279 -18.188 19.439
2.70279 -18.188 16.9681
2.70279 -18.188 14.4972
2.70279 -18.188 12.0262
2.70279 -18.188 9.55531
2.70279 -18.188 7.0844
2.70279 -18.188 4.61347
2.70279 -18.188 2.14252
2.70279 -18.188 -0.328413
2.70279 -18.188 -2.79933
2.70279 -18.188 -5.27028
2.70279 -18.188 -7.74121
2.70279 -18.188 -10.2121
2.70279 -18.188 -12.6831
2.70279 -18.188 -15.154
2.70279 -18.188 -17.6249
2.70279 -18.188 -20.0959
2.70279 -18.188 -22.5668
2.70279 -18.188 -25.0377
2.70279 -18.188 -27.5087
2.70279 -18.188 -29.9796
2.70279 -18.188 -32.4505
2.70279 -18.188 -34.9215
2.70279 -18.188 -37.3924
2.70279 -18.188 -39.8633
2.70279 -18.188 -42.3343
2.70279 -18.188 -44.8052
2.70279 -18.188 -47.2761
2.70279 -18.188 -49.7471
2.70279 -18.188 -52.218
2.70279 -18.188 -54.6889
2.70279 -18.188 -57.1598
2.70279 -18.188 -59.6308
2.70279 -18.188 -62.1017
2.70279 -18.188 -64.5726
2.70279 -18.188 -67.0436
2.70279 -18.188 -69.5145
2.70279 -18.188 -71.9854
2.70279 -18.188 -74.4564
2.70279 -18.188 -76.9273
2.70279 -18.188 -79.3982
2.70279 -18.188 -81.8692
2.70279 -18.188 -84.3401
2.70279 -18.188 -86.811
2.70279 -18.188 -89.282
2.70279 -18.188 -91.7529
2.70279 -18.188 -94.2238
2.70279 -18.188 -96.6948
2.70279 -18.188 -99.1657
2.70279 -18.188 -101.637
2.70279 -18.188 -104.108
2.70279 -18.188 -106.578
2.70279 -18.188 -109.049
2.70279 -18.188 -111.52
2.70279 -18.188 -113.991
2.70279 -18.188 -116.462
2.70279 -18.188 -118.933
2.70279 -18.188 -121.404
2.70279 -18.188 -123.875
3.03605 -17.5851 99.6604
3.03605 -17.5851 98.4417
3.03605 -17.5851 97.223
3.03605 -17.5851 96.0044
3.03605 -17.5851 94.7857
3.15299 -17.3736 100.879
3.15299 -17.3736 99.6604
3.15299 -17.3736 98.4417
3.15299 -17.3736 97.223
3.15299 -17.3736 96.0044
3.15299 -17.3736 94.7857
3.15299 -17.3736 93.567
3.26991 -17.1621 99.6604
3.26991 -17.1621 98.4417
3.26991 -17.1621 97.223
3.26991 -17.1621 96.0044
3.26991 -17.1621 94.7857
4.74809 -19.7924 -123.875
4.74809 -19.7924 -121.404
4.74809 -19.7924 -118.933
4.74809 -19.7924 -116.462
4.74809 -19.7924 -113.991
4.74809 -19.7924 -111.52
4.74809 -19.7924 -109.049
4.74809 -19.7924 -106.578
4.74809 -19.7924 -104.108
4.74809 -19.7924 -101.637
4.74809 -19.7924 -99.1657
4.74809 -19.7924 -96.6948
4.74809 -19.7924 -94.2238
4.74809 -19.7924 -91.7529
4.74809 -19.7924 -89.282
4.74809 -19.7924 -86.811
4.74809 -19.7924 -84.3401
4.74809 -19.7924 -81.8692
4.74809 -19.7924 -79.3982
4.74809 -19.7924 -76.9273
4.74809 -19.7924 -74.4564
4.74809 -19.7924 -71.9854
4.74809 -19.7924 -69.5145
4.74809 -19.7924 -67.0436
4.74809 -19.7924 -64.5726
4.74809 -19.7924 -62.1017
4.74809 -19.7924 -59.6308
4.74809 -19.7924 -57.1598
4.74809 -19.7924 -54.6889
4.74809 -19.7924 -52.218
4.74809 -19.7924 -49.7471
4.74809 -19.7924 -47.2761
4.74809 -19.7924 -44.8052
4.74809 -19.7924 -42.3343
4.74809 -19.7924 -39.8633
4.74809 -19.7924 -37.3924
4.74809 -19.7924 -34.9215
4.74809 -19.7924 -32.4505
4.74809 -19.7924 -29.9796
4.74809 -19.7924 -27.5087
4.74809 -19.7924 -25.0377
4.74809 -19.7924 -22.5668
4.74809 -19.7924 -20.0959
4.74809 -19.7924 -17.6249
4.74809 -19.7924 -15.154
4.74809 -19.7924 -12.6831
4.74809 -19.7924 -10.2121
4.74809 -19.7924 -7.74121
4.74809 -19.7924 -5.27028
4.74809 -19.7924 -2.79933
4.74809 -19.7924 -0.328413
4.74809 -19.7924 2.14252
4.74809 -19.7924 4.61347
4.74809 -19.7924 7.0844
4.74809 -19.7924 9.55531
4.74809 -19.7924 12.0262
4.74809 -19.7924 14.4972
4.74809 -19.7924 16.9681
4.74809 -19.7924 19.439
4.74809 -19.7924 21.91
4.74809 -19.7924 24.3809
4.74809 -19.7924 26.8519
4.74809 -19.7924 29.3228
4.74809 -19.7924 31.7937
4.74809 -19.7924 34.2646
4.74809 -19.7924 36.7356
4.74809 -19.7924 39.2065
4.74809 -19.7924 41.6774
4.74809 -19.7924 44.1484
4.74809 -19.7924 46.6193
4.74809 -19.7924 49.0903
4.74809 -19.7924 51.5612
4.74809 -19.7924 54.0321
4.74809 -19.7924 56.503
4.74809 -19.7924 58.974
4.74809 -19.7924 61.4449
4.74809 -19.7924 63.9158
4.74809 -19.7924 66.3868
4.74809 -19.7924 68.8577
4.74809 -19.7924 71.3286
4.74809 -19.7924 73.7996
4.74809 -19.7924 76.2705
4.74809 -19.7924 78.7414
4.74809 -19.7924 81.2124
4.74809 -19.7924 83.6833
4.74809 -19.7924 86.1542
4.74809 -19.7924 88.6252
4.74809 -19.7924 91.0961
4.94872 -19.4295 -123.875
4.94872 -19.4295 -121.404
4.94872 -19.4295 -118.933
4.94872 -19.4295 -116.462
4.94872 -19.4295 -113.991
4.94872 -19.4295 -111.52
4.94872 -19.4295 -109.049
4.94872 -19.4295 -106.578
4.94872 -19.4295 -104.108
4.94872 -19.4295 -101.637
4.94872 -19.4295 -99.1657
4.94872 -19.4295 -96.6948
4.94872 -19.4295 -94.2238
4.94872 -19.4295 -91.7529
4.94872 -19.4295 -89.282
4.94872 -19.4295 -86.811
4.94872 -19.4295 -84.3401
4.94872 -19.4295 -81.8692
4.94872 -19.4295 -79.3982
4.94872 -19.4295 -76.9273
4.94872 -19.4295 -74.4564
4.94872 -19.4295 -71.9854
4.94872 -19.4295 -69.5145
4.94872 -19.4295 -67.0436
4.94872 -19.4295 -64.5726
4.94872 -19.4295 -62.1017
4.94872 -19.4295 -59.6308
4.94872 -19.4295 -57.1598
4.94872 -19.4295 -54.6889
4.94872 -19.4295 -52.218
4.94872 -19.4295 -49.7471
4.94872 -19.4295 -47.2761
4.94872 -19.4295 -44.8052
4.94872 -19.4295 -42.3343
4.94872 -19.4295 -39.8633
4.94872 -19.4295 -37.3924
4.94872 -19.4295 -34.9215
4.94872 -19.4295 -32.4505
4.94872 -19.4295 -29.9796
4.94872 -19.4295 -27.5087
4.94872 -19.4295 -25.0377
4.94872 -19.4295 -22.5668
4.94872 -19.4295 -20.0959
4.94872 -19.4295 -17.6249
4.94872 -19.4295 -15.154
4.94872 -19.4295 -12.6831
4.94872 -19.4295 -10.2121
4.94872 -19.4295 -7.74121
4.94872 -19.4295 -5.27028
4.94872 -19.4295 -2.79933
4.94872 -19.4295 -0.328413
4.94872 -19.4295 2.14252
4.94872 -19.4295 4.61347
4.94872 -19.4295 7.0844
4.94872 -19.4295 9.55531
4.94872 -19.4295 12.0262
4.94872 -19.4295 14.4972
4.94872 -19.4295 16.9681
4.94872 -19.4295 19.439
4.94872 -19.4295 21.91
4.94872 -19.4295 24.3809
4.94872 -19.4295 26.8519
4.94872 -19.4295 29.3228
4.94872 -19.4295 31.7937
4.94872 -19.4295 34.2646
4.94872 -19.4295 36.7356
4.94872 -19.4295 39.2065
4.94872 -19.4295 41.6774
4.94872 -19.4295 44.1484
4.94872 -19.4295 46.6193
4.94872 -19.4295 49.0903
4.94872 -19.4295 51.5612
4.94872 -19.4295 54.0321
4.94872 -19.4295 56.503
4.94872 -19.4295 58.974
4.94872 -19.4295 61.4449
4.94872 -19.4295 63.9158
4.94872 -19.4295 66.3868
4.94872 -19.4295 68.8577
4.94872 -19.4295 71.3286
4.94872 -19.4295 73.7996
4.94872 -19.4295 76.2705
4.94872 -19.4295 78.7414
4.94872 -19.4295 81.2124
4.94872 -19.4295 83.6833
4.94872 -19.4295 86.1542
4.94872 -19.4295 88.6252
4.94872 -19.4295 91.0961
5.28198 -18.8267 96.0044
5.28198 -18.8267 98.4417
5.51584 -18.4036 96.0044
5.51584 -18.4036 98.4417
7.61123 -21.3752 91.0961
7.61123 -21.3752 88.6252
7.61123 -21.3752 86.1542
7.61123 -21.3752 83.6833
7.61123 -21.3752 81.2124
7.61123 -21.3752 78.7414
7.61123 -21.3752 76.2705
7.61123 -21.3752 73.7996
7.61123 -21.3752 71.3286
7.61123 -21.3752 68.8577
7.61123 -21.3752 66.3868
7.61123 -21.3752 63.9158
7.61123 -21.3752 61.4449
7.61123 -21.3752 58.974
7.61123 -21.3752 56.503
7.61123 -21.3752 54.0321
7.61123 -21.3752 51.5612
7.61123 -21.3752 49.0903
7.61123 -21.3752 46.6193
7.61123 -21.3752 44.1484
7.61123 -21.3752 41.6774
7.61123 -21.3752 39.2065
7.61123 -21.3752 36.7356
7.61123 -21.3752 34.2646
7.61123 -21.3752 31.7937
7.61123 -21.3752 29.3228
7.61123 -21.3752 26.8519
7.61123 -21.3752 24.3809
7.61123 -21.3752 21.91
7.61123 -21.3752 19.439
7.61123 -21.3752 16.9681
7.61123 -21.3752 14.4972
7.61123 -21.3752 12.0262
7.61123 -21.3752 9.55531
7.61123 -21.3752 7.0844
7.61123 -21.3752 4.61347
7.61123 -21.3752 2.14252
7.61123 -21.3752 -0.328413
7.61123 -21.3752 -2.79933
7.61123 -21.3752 -5.27028
7.61123 -21.3752 -7.74121
7.61123 -21.3752 -10.2121
7.61123 -21.3752 -12.6831
7.61123 -21.3752 -15.154
7.61123 -21.3752 -17.6249
7.61123 -21.3752 -20.0959
7.61123 -21.3752 -22.5668
7.61123 -21.3752 -25.0377
7.61123 -21.3752 -27.5087
7.61123 -21.3752 -29.9796
7.61123 -21.3752 -32.4505
7.61123 -21.3752 -34.9215
7.61123 -21.3752 -37.3924
7.61123 -21.3752 -39.8633
7.61123 -21.3752 -42.3343
7.61123 -21.3752 -44.8052
7.61123 -21.3752 -47.2761
7.61123 -21.3752 -49.7471
7.61123 -21.3752 -52.218
7.61123 -21.3752 -54.6889
7.61123 -21.3752 -57.1598
7.61123 -21.3752 -59.6308
7.61123 -21.3752 -62.1017
7.61123 -21.3752 -64.5726
7.61123 -21.3752 -67.0436
7.61123 -21.3752 -69.5145
7.61123 -21.3752 -71.9854
7.61123 -21.3752 -74.4564
7.61123 -21.3752 -76.9273
7.61123 -21.3752 -79.3982
7.61123 -21.3752 -81.8692
7.61123 -21.3752 -84.3401
7.61123 -21.3752 -86.811
7.61123 -21.3752 -89.282
7.61123 -21.3752 -91.7529
7.61123 -21.3752 -94.2238
7.61123 -21.3752 -96.6948
7.61123 -21.3752 -99.1657
7.61123 -21.3752 -101.637
7.61123 -21.3752 -104.108
7.61123 -21.3752 -106.578
7.61123 -21.3752 -109.049
7.61123 -21.3752 -111.52
7.61123 -21.3752 -113.991
7.61123 -21.3752 -116.462
7.61123 -21.3752 -118.933
7.61123 -21.3752 -121.404
7.61123 -21.3752 -123.875
7.81185 -21.0122 91.0961
7.81185 -21.0122 88.6252
7.81185 -21.0122 86.1542
7.81185 -21.0122 83.6833
7.81185 -21.0122 81.2124
7.81185 -21.0122 78.7414
7.81185 -21.0122 76.2705
7.81185 -21.0122 73.7996
7.81185 -21.0122 71.3286
7.81185 -21.0122 68.8577
7.81185 -21.0122 66.3868
7.81185 -21.0122 63.9158
7.81185 -21.0122 61.4449
7.81185 -21.0122 58.974
7.81185 -21.0122 56.503
7.81185 -21.0122 54.0321
7.81185 -21.0122 51.5612
7.81185 -21.0122 49.0903
7.81185 -21.0122 46.6193
7.81185 -21.0122 44.1484
7.81185 -21.0122 41.6774
7.81185 -21.0122 39.2065
7.81185 -21.0122 36.7356
7.81185 -21.0122 34.2646
7.81185 -21.0122 31.7937
7.81185 -21.0122 29.3228
7.81185 -21.0122 26.8519
7.81185 -21.0122 24.3809
7.81185 -21.0122 21.91
7.81185 -21.0122 19.439
7.81185 -21.0122 16.9681
7.81185 -21.0122 14.4972
7.81185 -21.0122 12.0262
7.81185 -21.0122 9.55531
7.81185 -21.0122 7.0844
7.81185 -21.0122 4.61347
7.81185 -21.0122 2.14252
7.81185 -21.0122 -0.328413
7.81185 -21.0122 -2.79933
7.81185 -21.0122 -5.27028
7.81185 -21.0122 -7.74121
7.81185 -21.0122 -10.2121
7.81185 -21.0122 -12.6831
7.81185 -21.0122 -15.154
7.81185 -21.0122 -17.6249
7.81185 -21.0122 -20.0959
7.81185 -21.0122 -22.5668
7.81185 -21.0122 -25.0377
7.81185 -21.0122 -27.5087
7.81185 -21.0122 -29.9796
7.81185 -21.0122 -32.4505
7.81185 -21.0122 -34.9215
7.81185 -21.0122 -37.3924
7.81185 -21.0122 -39.8633
7.81185 -21.0122 -42.3343
7.81185 -21.0122 -44.8052
7.81185 -21.0122 -47.2761
7.81185 -21.0122 -49.7471
7.81185 -21.0122 -52.218
7.81185 -21.0122 -54.6889
7.81185 -21.0122 -57.1598
7.81185 -21.0122 -59.6308
7.81185 -21.0122 -62.1017
7.81185 -21.0122 -64.5726
7.81185 -21.0122 -67.0436
7.81185 -21.0122 -69.5145
7.81185 -21.0122 -71.9854
7.81185 -21.0122 -74.4564
7.81185 -21.0122 -76.9273
7.81185 -21.0122 -79.3982
7.81185 -21.0122 -81.8692
7.81185 -21.0122 -84.3401
7.81185 -21.0122 -86.811
7.81185 -21.0122 -89.282
7.81185 -21.0122 -91.7529
7.81185 -21.0122 -94.2238
7.81185 -21.0122 -96.6948
7.81185 -21.0122 -99.1657
7.81185 -21.0122 -101.637
7.81185 -21.0122 -104.108
7.81185 -21.0122 -106.578
7.81185 -21.0122 -109.049
7.81185 -21.0122 -111.52
7.81185 -21.0122 -113.991
7.81185 -21.0122 -116.462
7.81185 -21.0122 -118.933
7.81185 -21.0122 -121.404
7.81185 -21.0122 -123.875
8.14511 -20.4094 98.4417
8.14511 -20.4094 96.0044
8.37898 -19.9863 98.4417
8.37898 -19.9863 96.0044
-42.7788 -0.424403 -168.828
-39.916 4.75441 -168.828
-25.9541 30.0116 -168.828
-23.008 35.3412 -168.828
0.0790768 -7.93423 124.941
0.0790768 -7.93423 122.883
0.0148563 -7.46673 127
0.0148563 -7.46673 124.941
0.0148563 -7.46673 122.883
0.0148563 -7.46673 120.824
-0.0493412 -6.99918 124.941
-0.0493412 -6.99918 122.883
1.27078 -7.7706 130.511
1.14236 -6.83555 130.511
3.16535 -7.69957 151.727
2.83428 -7.00272 151.727
3.44055 -8.27884 151.597
3.44055 -8.27884 147.87
3.44055 -8.27884 144.142
3.44055 -8.27884 140.414
3.44055 -8.27884 136.687
3.44055 -8.27884 132.959
3.44055 -8.27884 129.231
3.44055 -8.27884 125.503
3.44055 -8.27884 121.776
3.44055 -8.27884 118.048
3.16535 -7.69957 151.597
3.16535 -7.69957 147.87
3.16535 -7.69957 144.142
3.16535 -7.69957 140.414
3.16535 -7.69957 136.687
3.16535 -7.69957 132.959
3.16535 -7.69957 129.231
3.16535 -7.69957 125.503
3.16535 -7.69957 121.776
3.16535 -7.69957 118.048
2.83428 -7.00272 153.526
2.83428 -7.00272 149.928
2.77826 -6.70346 155.325
2.77826 -6.70346 153.526
2.77826 -6.70346 151.727
2.77826 -6.70346 149.928
2.77826 -6.70346 148.129
2.72225 -6.40417 153.526
2.72225 -6.40417 151.727
2.72225 -6.40417 149.928
2.72225 -6.40417 153.803
2.72225 -6.40417 152.282
2.72225 -6.40417 150.76
2.72225 -6.40417 149.238
2.72225 -6.40417 147.717
2.72225 -6.40417 146.195
2.72225 -6.40417 144.673
2.72225 -6.40417 143.152
2.72225 -6.40417 141.63
2.72225 -6.40417 140.108
2.72225 -6.40417 138.587
2.72225 -6.40417 137.065
2.72225 -6.40417 135.543
2.67295 -6.14067 155.325
2.67295 -6.14067 153.803
2.67295 -6.14067 152.282
2.67295 -6.14067 150.76
2.67295 -6.14067 149.238
2.67295 -6.14067 147.717
2.67295 -6.14067 146.195
2.67295 -6.14067 144.673
2.67295 -6.14067 143.152
2.67295 -6.14067 141.63
2.67295 -6.14067 140.108
2.67295 -6.14067 138.587
2.67295 -6.14067 137.065
2.67295 -6.14067 135.543
2.67295 -6.14067 134.022
2.62363 -5.8772 153.803
2.62363 -5.8772 152.282
2.62363 -5.8772 150.76
2.62363 -5.8772 149.238
2.62363 -5.8772 147.717
2.62363 -5.8772 146.195
2.62363 -5.8772 144.673
2.62363 -5.8772 143.152
2.62363 -5.8772 141.63
2.62363 -5.8772 140.108
2.62363 -5.8772 138.587
2.62363 -5.8772 137.065
2.62363 -5.8772 135.543
2.62363 -5.8772 154.537
2.62363 -5.8772 153.748
2.62363 -5.8772 152.959
2.62363 -5.8772 152.171
2.62363 -5.8772 151.382
2.62363 -5.8772 150.594
2.62363 -5.8772 149.805
2.62363 -5.8772 149.017
2.62363 -5.8772 148.228
2.62363 -5.8772 147.44
2.62363 -5.8772 146.651
2.62363 -5.8772 145.862
2.62363 -5.8772 145.074
2.62363 -5.8772 144.285
2.62363 -5.8772 143.497
2.62363 -5.8772 142.708
2.62363 -5.8772 141.92
2.62363 -5.8772 141.131
2.62363 -5.8772 140.343
2.62363 -5.8772 139.554
2.62363 -5.8772 138.765
2.62363 -5.8772 137.977
2.62363 -5.8772 137.188
2.62363 -5.8772 136.4
2.62363 -5.8772 135.611
2.62363 -5.8772 134.823
2.62363 -5.8772 134.034
2.62363 -5.8772 133.246
2.62363 -5.8772 132.457
2.62363 -5.8772 131.668
2.62363 -5.8772 130.88
2.62363 -5.8772 130.091
2.62363 -5.8772 129.303
2.62363 -5.8772 128.514
2.62363 -5.8772 127.726
2.62363 -5.8772 126.937
2.62363 -5.8772 126.148
2.62363 -5.8772 125.36
2.62363 -5.8772 124.571
2.62363 -5.8772 123.783
2.62363 -5.8772 122.994
2.62363 -5.8772 122.206
2.62363 -5.8772 121.417
2.62363 -5.8772 120.629
2.62363 -5.8772 119.84
2.62363 -5.8772 119.051
2.62363 -5.8772 118.263
2.62363 -5.8772 117.474
2.62363 -5.8772 116.686
2.62363 -5.8772 115.897
2.62363 -5.8772 115.109
2.59902 -5.74564 155.325
2.59902 -5.74564 154.537
2.59902 -5.74564 153.748
2.59902 -5.74564 152.959
2.59902 -5.74564 152.171
2.59902 -5.74564 151.382
2.59902 -5.74564 150.594
2.59902 -5.74564 149.805
2.59902 -5.74564 149.017
2.59902 -5.74564 148.228
2.59902 -5.74564 147.44
2.59902 -5.74564 146.651
2.59902 -5.74564 145.862
2.59902 -5.74564 145.074
2.59902 -5.74564 144.285
2.59902 -5.74564 143.497
2.59902 -5.74564 142.708
2.59902 -5.74564 141.92
2.59902 -5.74564 141.131
2.59902 -5.74564 140.343
2.59902 -5.74564 139.554
2.59902 -5.74564 138.765
2.59902 -5.74564 137.977
2.59902 -5.74564 137.188
2.59902 -5.74564 136.4
2.59902 -5.74564 135.611
2.59902 -5.74564 134.823
2.59902 -5.74564 134.034
2.59902 -5.74564 133.246
2.59902 -5.74564 132.457
2.59902 -5.74564 131.668
2.59902 -5.74564 130.88
2.59902 -5.74564 130.091
2.59902 -5.74564 129.303
2.59902 -5.74564 128.514
2.59902 -5.74564 127.726
2.59902 -5.74564 126.937
2.59902 -5.74564 126.148
2.59902 -5.74564 125.36
2.59902 -5.74564 124.571
2.59902 -5.74564 123.783
2.59902 -5.74564 122.994
2.59902 -5.74564 122.206
2.59902 -5.74564 121.417
2.59902 -5.74564 120.629
2.59902 -5.74564 119.84
2.59902 -5.74564 119.051
2.59902 -5.74564 118.263
2.59902 -5.74564 117.474
2.59902 -5.74564 116.686
2.59902 -5.74564 115.897
2.59902 -5.74564 115.109
2.59902 -5.74564 114.32
2.57438 -5.61404 154.537
2.57438 -5.61404 153.748
2.57438 -5.61404 152.959
2.57438 -5.61404 152.171
2.57438 -5.61404 151.382
2.57438 -5.61404 150.594
2.57438 -5.61404 149.805
2.57438 -5.61404 149.017
2.57438 -5.61404 148.228
2.57438 -5.61404 147.44
2.57438 -5.61404 146.651
2.57438 -5.61404 145.862
2.57438 -5.61404 145.074
2.57438 -5.61404 144.285
2.57438 -5.61404 143.497
2.57438 -5.61404 142.708
2.57438 -5.61404 141.92
2.57438 -5.61404 141.131
2.57438 -5.61404 140.343
2.57438 -5.61404 139.554
2.57438 -5.61404 138.765
2.57438 -5.61404 137.977
2.57438 -5.61404 137.188
2.57438 -5.61404 136.4
2.57438 -5.61404 135.611
2.57438 -5.61404 134.823
2.57438 -5.61404 134.034
2.57438 -5.61404 133.246
2.57438 -5.61404 132.457
2.57438 -5.61404 131.668
2.57438 -5.61404 130.88
2.57438 -5.61404 130.091
2.57438 -5.61404 129.303
2.57438 -5.61404 128.514
2.57438 -5.61404 127.726
2.57438 -5.61404 126.937
2.57438 -5.61404 126.148
2.57438 -5.61404 125.36
2.57438 -5.61404 124.571
2.57438 -5.61404 123.783
2.57438 -5.61404 122.994
2.57438 -5.61404 122.206
2.57438 -5.61404 121.417
2.57438 -5.61404 120.629
2.57438 -5.61404 119.84
2.57438 -5.61404 119.051
2.57438 -5.61404 118.263
2.57438 -5.61404 117.474
2.57438 -5.61404 116.686
2.57438 -5.61404 115.897
2.57438 -5.61404 115.109
5.14052 2.46182 123.911
6.05717 2.81819 123.911
5.56451 1.37125 130.511
6.48118 1.72765 130.511
5.75945 -0.371643 151.727
6.66146 -0.00645638 151.727
5.4521 -0.496063 153.388
5.4521 -0.496063 151.452
5.4521 -0.496063 149.515
5.4521 -0.496063 147.578
5.4521 -0.496063 145.642
5.4521 -0.496063 143.705
5.4521 -0.496063 141.768
5.4521 -0.496063 139.832
5.4521 -0.496063 137.895
5.4521 -0.496063 135.958
5.75945 -0.371643 153.388
5.75945 -0.371643 151.452
5.75945 -0.371643 149.515
5.75945 -0.371643 147.578
5.75945 -0.371643 145.642
5.75945 -0.371643 143.705
5.75945 -0.371643 141.768
5.75945 -0.371643 139.832
5.75945 -0.371643 137.895
5.75945 -0.371643 135.958
5.35191 -0.536619 154.684
5.35191 -0.536619 154.044
5.35191 -0.536619 153.403
5.35191 -0.536619 152.762
5.35191 -0.536619 152.122
5.35191 -0.536619 151.481
5.35191 -0.536619 150.84
5.35191 -0.536619 150.2
5.35191 -0.536619 149.559
5.35191 -0.536619 148.918
5.35191 -0.536619 148.277
5.35191 -0.536619 147.637
5.35191 -0.536619 146.996
5.35191 -0.536619 146.355
5.35191 -0.536619 145.715
5.35191 -0.536619 145.074
5.35191 -0.536619 144.433
5.35191 -0.536619 143.792
5.35191 -0.536619 143.152
5.35191 -0.536619 142.511
5.35191 -0.536619 141.87
5.35191 -0.536619 141.23
5.35191 -0.536619 140.589
5.35191 -0.536619 139.948
5.35191 -0.536619 139.308
5.35191 -0.536619 138.667
5.35191 -0.536619 138.026
5.35191 -0.536619 137.385
5.35191 -0.536619 136.745
5.35191 -0.536619 136.104
5.35191 -0.536619 135.463
5.35191 -0.536619 134.823
5.35191 -0.536619 134.182
5.35191 -0.536619 133.541
5.35191 -0.536619 132.901
5.35191 -0.536619 132.26
5.35191 -0.536619 131.619
5.35191 -0.536619 130.978
5.35191 -0.536619 130.338
5.35191 -0.536619 129.697
5.35191 -0.536619 129.056
5.35191 -0.536619 128.416
5.35191 -0.536619 127.775
5.35191 -0.536619 127.134
5.35191 -0.536619 126.493
5.35191 -0.536619 125.853
5.35191 -0.536619 125.212
5.35191 -0.536619 124.571
5.35191 -0.536619 123.931
5.35191 -0.536619 123.29
5.35191 -0.536619 122.649
5.35191 -0.536619 122.009
5.35191 -0.536619 121.368
5.35191 -0.536619 120.727
5.35191 -0.536619 120.086
5.35191 -0.536619 119.446
5.35191 -0.536619 118.805
5.35191 -0.536619 118.164
5.35191 -0.536619 117.524
5.35191 -0.536619 116.883
5.35191 -0.536619 116.242
5.35191 -0.536619 115.602
5.35191 -0.536619 114.961
5.4521 -0.496063 154.684
5.4521 -0.496063 154.044
5.4521 -0.496063 153.403
5.4521 -0.496063 152.762
5.4521 -0.496063 152.122
5.4521 -0.496063 151.481
5.4521 -0.496063 150.84
5.4521 -0.496063 150.2
5.4521 -0.496063 149.559
5.4521 -0.496063 148.918
5.4521 -0.496063 148.277
5.4521 -0.496063 147.637
5.4521 -0.496063 146.996
5.4521 -0.496063 146.355
5.4521 -0.496063 145.715
5.4521 -0.496063 145.074
5.4521 -0.496063 144.433
5.4521 -0.496063 143.792
5.4521 -0.496063 143.152
5.4521 -0.496063 142.511
5.4521 -0.496063 141.87
5.4521 -0.496063 141.23
5.4521 -0.496063 140.589
5.4521 -0.496063 139.948
5.4521 -0.496063 139.308
5.4521 -0.496063 138.667
5.4521 -0.496063 138.026
5.4521 -0.496063 137.385
5.4521 -0.496063 136.745
5.4521 -0.496063 136.104
5.4521 -0.496063 135.463
5.4521 -0.496063 134.823
5.4521 -0.496063 134.182
5.4521 -0.496063 133.541
5.4521 -0.496063 132.901
5.4521 -0.496063 132.26
5.4521 -0.496063 131.619
5.4521 -0.496063 130.978
5.4521 -0.496063 130.338
5.4521 -0.496063 129.697
5.4521 -0.496063 129.056
5.4521 -0.496063 128.416
5.4521 -0.496063 127.775
5.4521 -0.496063 127.134
5.4521 -0.496063 126.493
5.4521 -0.496063 125.853
5.4521 -0.496063 125.212
5.4521 -0.496063 124.571
5.4521 -0.496063 123.931
5.4521 -0.496063 123.29
5.4521 -0.496063 122.649
5.4521 -0.496063 122.009
5.4521 -0.496063 121.368
5.4521 -0.496063 120.727
5.4521 -0.496063 120.086
5.4521 -0.496063 119.446
5.4521 -0.496063 118.805
5.4521 -0.496063 118.164
5.4521 -0.496063 117.524
5.4521 -0.496063 116.883
5.4521 -0.496063 116.242
5.4521 -0.496063 115.602
5.4521 -0.496063 114.961
7.59726 0.112197 151.727
7.59726 0.112197 152.591
7.59726 0.112197 149.858
7.59726 0.112197 147.124
7.59726 0.112197 144.39
7.59726 0.112197 141.657
7.59726 0.112197 138.923
7.59726 0.112197 136.189
7.59726 0.112197 133.456
7.59726 0.112197 130.722
7.59726 0.112197 127.988
7.59726 0.112197 125.255
7.59726 0.112197 122.521
7.59726 0.112197 119.787
7.59726 0.112197 117.054
8.06306 0.171282 152.591
8.06306 0.171282 149.858
8.06306 0.171282 147.124
8.06306 0.171282 144.39
8.06306 0.171282 141.657
8.06306 0.171282 138.923
8.06306 0.171282 136.189
8.06306 0.171282 133.456
8.06306 0.171282 130.722
8.06306 0.171282 127.988
8.06306 0.171282 125.255
8.06306 0.171282 122.521
8.06306 0.171282 119.787
8.06306 0.171282 117.054
5.97799 0.307795 143.426
5.97799 0.307795 138.724
6.89466 0.664201 143.426
6.89466 0.664201 138.724
5.70329 -0.18092 145.307
5.70329 -0.18092 142.486
5.70329 -0.18092 139.664
5.70329 -0.18092 136.843
5.97799 0.307795 145.307
5.97799 0.307795 142.486
5.97799 0.307795 139.664
5.97799 0.307795 136.843
5.75945 -0.371643 146.953
5.75945 -0.371643 145.778
5.75945 -0.371643 144.602
5.75945 -0.371643 143.426
5.75945 -0.371643 142.251
5.75945 -0.371643 141.075
5.75945 -0.371643 139.9
5.75945 -0.371643 138.724
5.75945 -0.371643 137.548
5.75945 -0.371643 136.373
5.75945 -0.371643 135.197
5.70329 -0.18092 146.953
5.70329 -0.18092 145.778
5.70329 -0.18092 144.602
5.70329 -0.18092 143.426
5.70329 -0.18092 142.251
5.70329 -0.18092 141.075
5.70329 -0.18092 139.9
5.70329 -0.18092 138.724
5.70329 -0.18092 137.548
5.70329 -0.18092 136.373
5.70329 -0.18092 135.197
2.54391 -6.44368 147.044
2.54391 -6.44368 145.958
2.54391 -6.44368 144.873
2.54391 -6.44368 143.788
2.54391 -6.44368 142.703
2.54391 -6.44368 141.618
2.54391 -6.44368 140.533
2.54391 -6.44368 139.447
2.54391 -6.44368 138.362
2.54391 -6.44368 137.277
2.54391 -6.44368 136.192
2.54391 -6.44368 135.107
2.72225 -6.40417 147.044
2.72225 -6.40417 145.958
2.72225 -6.40417 144.873
2.72225 -6.40417 143.788
2.72225 -6.40417 142.703
2.72225 -6.40417 141.618
2.72225 -6.40417 140.533
2.72225 -6.40417 139.447
2.72225 -6.40417 138.362
2.72225 -6.40417 137.277
2.72225 -6.40417 136.192
2.72225 -6.40417 135.107
2.18524 -6.6923 145.778
2.18524 -6.6923 143.426
2.18524 -6.6923 141.075
2.18524 -6.6923 138.724
2.18524 -6.6923 136.373
2.54391 -6.44368 145.778
2.54391 -6.44368 143.426
2.54391 -6.44368 141.075
2.54391 -6.44368 138.724
2.54391 -6.44368 136.373
2.33018 -7.62508 143.426
2.33018 -7.62508 138.724
9.34261 -11.4953 136.925
9.34261 -11.4953 139.769
9.34261 -11.4953 142.613
9.34261 -11.4953 145.457
9.83337 -11.3008 134.081
9.83337 -11.3008 136.925
9.83337 -11.3008 139.769
9.83337 -11.3008 142.613
9.83337 -11.3008 145.457
9.83337 -11.3008 148.301
10.3241 -11.1063 136.925
10.3241 -11.1063 139.769
10.3241 -11.1063 142.613
10.3241 -11.1063 145.457
10.3448 -10.6308 136.925
10.3448 -10.6308 139.769
10.3448 -10.6308 142.613
10.3448 -10.6308 145.457
10.3448 -10.6308 136.113
10.3448 -10.6308 138.144
10.3448 -10.6308 140.175
10.3448 -10.6308 142.207
10.3448 -10.6308 144.238
10.3448 -10.6308 146.269
10.2112 -10.2936 136.113
10.2112 -10.2936 138.144
10.2112 -10.2936 140.175
10.2112 -10.2936 142.207
10.2112 -10.2936 144.238
10.2112 -10.2936 146.269
13.4788 -4.90246 135.374
13.4788 -4.90246 136.667
13.4788 -4.90246 137.959
13.4788 -4.90246 139.252
13.4788 -4.90246 140.545
13.4788 -4.90246 141.837
13.4788 -4.90246 143.13
13.4788 -4.90246 144.423
13.4788 -4.90246 145.715
13.4788 -4.90246 147.008
13.6963 -4.85278 134.081
13.6963 -4.85278 135.374
13.6963 -4.85278 136.667
13.6963 -4.85278 137.959
13.6963 -4.85278 139.252
13.6963 -4.85278 140.545
13.6963 -4.85278 141.837
13.6963 -4.85278 143.13
13.6963 -4.85278 144.423
13.6963 -4.85278 145.715
13.6963 -4.85278 147.008
13.6963 -4.85278 148.301
13.9138 -4.80307 135.374
13.9138 -4.80307 136.667
13.9138 -4.80307 137.959
13.9138 -4.80307 139.252
13.9138 -4.80307 140.545
13.9138 -4.80307 141.837
13.9138 -4.80307 143.13
13.9138 -4.80307 144.423
13.9138 -4.80307 145.715
13.9138 -4.80307 147.008
13.9138 -4.80307 137.636
13.9138 -4.80307 141.191
13.9138 -4.80307 144.746
14.4228 -4.36295 137.636
14.4228 -4.36295 141.191
14.4228 -4.36295 144.746
14.4228 -4.36295 138.821
14.4228 -4.36295 143.561
14.194 -3.3616 138.821
14.194 -3.3616 143.561
4.71801 3.54845 117.571
5.63468 3.90486 117.571
6.48118 1.72765 120.66
6.05717 2.81819 120.66
6.89466 0.664201 127.454
6.89466 0.664201 120.887
6.48118 1.72765 127.454
6.48118 1.72765 120.887
6.89466 0.664201 118.077
6.89466 0.664201 121.833
6.89466 0.664201 125.59
6.89466 0.664201 129.346
6.89466 0.664201 133.103
6.89466 0.664201 136.859
6.89466 0.664201 140.616
6.89466 0.664201 144.372
7.48365 0.404384 118.077
7.48365 0.404384 121.833
7.48365 0.404384 125.59
7.48365 0.404384 129.346
7.48365 0.404384 133.103
7.48365 0.404384 136.859
7.48365 0.404384 140.616
7.48365 0.404384 144.372
7.59726 0.112197 146.251
7.59726 0.112197 144.372
7.59726 0.112197 142.494
7.59726 0.112197 140.616
7.59726 0.112197 138.738
7.59726 0.112197 136.859
7.59726 0.112197 134.981
7.59726 0.112197 133.103
7.59726 0.112197 131.224
7.59726 0.112197 129.346
7.59726 0.112197 127.468
7.59726 0.112197 125.59
7.59726 0.112197 123.711
7.59726 0.112197 121.833
7.59726 0.112197 119.955
7.59726 0.112197 118.077
7.59726 0.112197 116.198
7.48365 0.404384 146.251
7.48365 0.404384 142.494
7.48365 0.404384 138.738
7.48365 0.404384 134.981
7.48365 0.404384 131.224
7.48365 0.404384 127.468
7.48365 0.404384 123.711
7.48365 0.404384 119.955
7.48365 0.404384 116.198
9.46349 -0.0152369 122.521
9.46349 -0.0152369 130.722
9.46349 -0.0152369 138.923
9.46349 -0.0152369 147.124
10.7697 -0.553549 122.521
10.7697 -0.553549 130.722
10.7697 -0.553549 138.923
10.7697 -0.553549 147.124
11.8949 -1.40797 122.521
11.8949 -1.40797 130.722
11.8949 -1.40797 138.923
11.8949 -1.40797 147.124
12.7642 -2.52161 147.124
12.7642 -2.52161 138.923
12.7642 -2.52161 130.722
12.7642 -2.52161 122.521
13.1073 -3.32343 117.718
13.1073 -3.32343 121.116
13.1073 -3.32343 124.514
13.1073 -3.32343 127.912
13.1073 -3.32343 131.31
13.1073 -3.32343 134.708
13.1073 -3.32343 138.106
13.1073 -3.32343 141.505
13.1073 -3.32343 144.903
13.6443 -3.09572 117.718
13.6443 -3.09572 121.116
13.6443 -3.09572 124.514
13.6443 -3.09572 127.912
13.6443 -3.09572 131.31
13.6443 -3.09572 134.708
13.6443 -3.09572 138.106
13.6443 -3.09572 141.505
13.6443 -3.09572 144.903
14.194 -3.3616 117.718
14.194 -3.3616 121.116
14.194 -3.3616 124.514
14.194 -3.3616 127.912
14.194 -3.3616 131.31
14.194 -3.3616 134.708
14.194 -3.3616 138.106
14.194 -3.3616 141.505
14.194 -3.3616 144.903
14.194 -3.3616 120.907
14.194 -3.3616 127.494
15.6011 -3.04017 120.907
15.6011 -3.04017 127.494
15.6011 -3.04017 120.503
16.7132 -2.78612 120.503
16.7132 -2.78612 117.566
17.6547 -2.57106 117.566
17.8834 -3.57242 117.566
16.9419 -3.78751 117.566
15.8299 -4.04152 120.503
16.9419 -3.78751 120.503
14.6557 -4.30975 127.494
14.6557 -4.30975 120.907
15.8299 -4.04152 127.494
15.8299 -4.04152 120.907
13.9048 -5.42328 127.494
13.9048 -5.42328 120.907
13.5219 -5.19591 132.764
13.5219 -5.19591 131.446
13.5219 -5.19591 130.129
13.5219 -5.19591 128.812
13.5219 -5.19591 127.494
13.5219 -5.19591 126.177
13.5219 -5.19591 124.859
13.5219 -5.19591 123.542
13.5219 -5.19591 122.225
13.5219 -5.19591 120.907
13.5219 -5.19591 119.59
13.5219 -5.19591 118.272
13.5219 -5.19591 116.955
13.5219 -5.19591 115.638
13.7134 -5.30961 134.081
13.7134 -5.30961 132.764
13.7134 -5.30961 131.446
13.7134 -5.30961 130.129
13.7134 -5.30961 128.812
13.7134 -5.30961 127.494
13.7134 -5.30961 126.177
13.7134 -5.30961 124.859
13.7134 -5.30961 123.542
13.7134 -5.30961 122.225
13.7134 -5.30961 120.907
13.7134 -5.30961 119.59
13.7134 -5.30961 118.272
13.7134 -5.30961 116.955
13.7134 -5.30961 115.638
13.7134 -5.30961 114.32
13.9048 -5.42328 132.764
13.9048 -5.42328 131.446
13.9048 -5.42328 130.129
13.9048 -5.42328 128.812
13.9048 -5.42328 126.177
13.9048 -5.42328 124.859
13.9048 -5.42328 123.542
13.9048 -5.42328 122.225
13.9048 -5.42328 119.59
13.9048 -5.42328 118.272
13.9048 -5.42328 116.955
13.9048 -5.42328 115.638
13.3662 -6.62216 147.124
13.3662 -6.62216 138.923
13.3662 -6.62216 130.722
13.3662 -6.62216 122.521
13.5252 -5.21834 147.124
13.5252 -5.21834 138.923
13.5252 -5.21834 130.722
13.5252 -5.21834 122.521
12.8536 -7.9387 151.225
12.8536 -7.9387 147.124
12.8536 -7.9387 143.024
12.8536 -7.9387 138.923
12.8536 -7.9387 134.823
12.8536 -7.9387 130.722
12.8536 -7.9387 126.622
12.8536 -7.9387 122.521
12.8536 -7.9387 118.421
13.1099 -7.28043 151.225
13.1099 -7.28043 147.124
13.1099 -7.28043 143.024
13.1099 -7.28043 138.923
13.1099 -7.28043 134.823
13.1099 -7.28043 130.722
13.1099 -7.28043 126.622
13.1099 -7.28043 122.521
13.1099 -7.28043 118.421
13.1099 -7.28043 114.32
13.3662 -6.62216 151.225
13.3662 -6.62216 143.024
13.3662 -6.62216 134.823
13.3662 -6.62216 126.622
13.3662 -6.62216 118.421
12.0215 -9.08043 147.124
12.0215 -9.08043 138.923
12.0215 -9.08043 130.722
12.0215 -9.08043 122.521
10.9251 -9.97147 147.124
10.9251 -9.97147 138.923
10.9251 -9.97147 130.722
10.9251 -9.97147 122.521
10.7348 -10.0573 116.296
10.7348 -10.0573 118.272
10.7348 -10.0573 120.248
10.7348 -10.0573 122.225
10.7348 -10.0573 124.201
10.7348 -10.0573 126.177
10.7348 -10.0573 128.153
10.7348 -10.0573 130.129
10.7348 -10.0573 132.105
11.0345 -10.2353 116.296
11.0345 -10.2353 118.272
11.0345 -10.2353 120.248
11.0345 -10.2353 122.225
11.0345 -10.2353 124.201
11.0345 -10.2353 126.177
11.0345 -10.2353 128.153
11.0345 -10.2353 130.129
11.0345 -10.2353 132.105
10.4057 -11.3121 127.494
10.4057 -11.3121 120.907
11.0345 -10.2353 127.494
11.0345 -10.2353 120.907
10.8042 -12.3177 129.141
10.8042 -12.3177 124.201
10.8042 -12.3177 119.26
10.4057 -11.3121 129.141
10.4057 -11.3121 124.201
10.4057 -11.3121 119.26
11.2231 -13.3747 120.503
10.8042 -12.3177 120.503
11.5966 -14.3173 117.566
11.2231 -13.3747 117.566
10.6151 -14.7062 117.566
10.6151 -14.7062 116.484
10.6151 -14.7062 118.648
10.4283 -14.2349 114.32
10.4283 -14.2349 116.484
10.4283 -14.2349 118.648
10.4283 -14.2349 120.813
10.2415 -13.7636 116.484
10.2415 -13.7636 118.648
10.2415 -13.7636 120.503
9.82265 -12.7066 120.503
9.82265 -12.7066 120.907
9.82265 -12.7066 127.494
9.34261 -11.4953 120.907
9.34261 -11.4953 127.494
8.93817 -11.1888 145.469
8.93817 -11.1888 142.637
8.93817 -11.1888 139.805
8.93817 -11.1888 136.974
8.93817 -11.1888 134.142
8.93817 -11.1888 131.31
8.93817 -11.1888 128.479
8.93817 -11.1888 125.647
8.93817 -11.1888 122.815
8.93817 -11.1888 119.984
8.93817 -11.1888 117.152
9.34261 -11.4953 145.469
9.34261 -11.4953 142.637
9.34261 -11.4953 139.805
9.34261 -11.4953 136.974
9.34261 -11.4953 134.142
9.34261 -11.4953 131.31
9.34261 -11.4953 128.479
9.34261 -11.4953 125.647
9.34261 -11.4953 122.815
9.34261 -11.4953 119.984
9.34261 -11.4953 117.152
8.93817 -11.1888 117.409
8.93817 -11.1888 120.498
8.93817 -11.1888 123.588
8.93817 -11.1888 126.677
8.93817 -11.1888 129.766
8.93817 -11.1888 132.855
8.93817 -11.1888 135.944
8.93817 -11.1888 139.033
8.93817 -11.1888 142.122
8.93817 -11.1888 145.211
8.74506 -10.7015 117.409
8.74506 -10.7015 120.498
8.74506 -10.7015 123.588
8.74506 -10.7015 126.677
8.74506 -10.7015 129.766
8.74506 -10.7015 132.855
8.74506 -10.7015 135.944
8.74506 -10.7015 139.033
8.74506 -10.7015 142.122
8.74506 -10.7015 145.211
6.8371 -10.6538 147.124
6.8371 -10.6538 138.923
6.8371 -10.6538 130.722
6.8371 -10.6538 122.521
8.24379 -10.7852 147.124
8.24379 -10.7852 138.923
8.24379 -10.7852 130.722
8.24379 -10.7852 122.521
5.51077 -10.1671 147.124
5.51077 -10.1671 138.923
5.51077 -10.1671 130.722
5.51077 -10.1671 122.521
4.35294 -9.35751 147.124
4.35294 -9.35751 138.923
4.35294 -9.35751 130.722
4.35294 -9.35751 122.521
3.44055 -8.27884 122.521
3.44055 -8.27884 130.722
3.44055 -8.27884 138.923
3.44055 -8.27884 147.124
2.90921 -7.73477 147.36
2.90921 -7.73477 146.592
2.90921 -7.73477 145.824
2.90921 -7.73477 145.055
2.90921 -7.73477 144.287
2.90921 -7.73477 143.518
2.90921 -7.73477 142.75
2.90921 -7.73477 141.982
2.90921 -7.73477 141.213
2.90921 -7.73477 140.445
2.90921 -7.73477 139.677
2.90921 -7.73477 138.908
2.90921 -7.73477 138.14
2.90921 -7.73477 137.371
2.90921 -7.73477 136.603
2.90921 -7.73477 135.835
2.90921 -7.73477 135.066
2.90921 -7.73477 134.298
2.90921 -7.73477 133.53
2.90921 -7.73477 132.761
2.90921 -7.73477 131.993
2.90921 -7.73477 131.224
2.90921 -7.73477 130.456
2.90921 -7.73477 129.688
2.90921 -7.73477 128.919
2.90921 -7.73477 128.151
2.90921 -7.73477 127.383
2.90921 -7.73477 126.614
2.90921 -7.73477 125.846
2.90921 -7.73477 125.077
2.90921 -7.73477 124.309
2.90921 -7.73477 123.541
2.90921 -7.73477 122.772
2.90921 -7.73477 122.004
2.90921 -7.73477 121.236
2.90921 -7.73477 120.467
2.90921 -7.73477 119.699
2.90921 -7.73477 118.93
2.90921 -7.73477 118.162
2.90921 -7.73477 117.394
2.90921 -7.73477 116.625
2.90921 -7.73477 115.857
2.90921 -7.73477 115.089
3.03728 -7.71717 148.129
3.03728 -7.71717 147.36
3.03728 -7.71717 146.592
3.03728 -7.71717 145.824
3.03728 -7.71717 145.055
3.03728 -7.71717 144.287
3.03728 -7.71717 143.518
3.03728 -7.71717 142.75
3.03728 -7.71717 141.982
3.03728 -7.71717 141.213
3.03728 -7.71717 140.445
3.03728 -7.71717 139.677
3.03728 -7.71717 138.908
3.03728 -7.71717 138.14
3.03728 -7.71717 137.371
3.03728 -7.71717 136.603
3.03728 -7.71717 135.835
3.03728 -7.71717 135.066
3.03728 -7.71717 134.298
3.03728 -7.71717 133.53
3.03728 -7.71717 132.761
3.03728 -7.71717 131.993
3.03728 -7.71717 131.224
3.03728 -7.71717 130.456
3.03728 -7.71717 129.688
3.03728 -7.71717 128.919
3.03728 -7.71717 128.151
3.03728 -7.71717 127.383
3.03728 -7.71717 126.614
3.03728 -7.71717 125.846
3.03728 -7.71717 125.077
3.03728 -7.71717 124.309
3.03728 -7.71717 123.541
3.03728 -7.71717 122.772
3.03728 -7.71717 122.004
3.03728 -7.71717 121.236
3.03728 -7.71717 120.467
3.03728 -7.71717 119.699
3.03728 -7.71717 118.93
3.03728 -7.71717 118.162
3.03728 -7.71717 117.394
3.03728 -7.71717 116.625
3.03728 -7.71717 115.857
3.03728 -7.71717 115.089
3.03728 -7.71717 114.32
3.16535 -7.69957 147.36
3.16535 -7.69957 146.592
3.16535 -7.69957 145.824
3.16535 -7.69957 145.055
3.16535 -7.69957 144.287
3.16535 -7.69957 143.518
3.16535 -7.69957 142.75
3.16535 -7.69957 141.982
3.16535 -7.69957 141.213
3.16535 -7.69957 140.445
3.16535 -7.69957 139.677
3.16535 -7.69957 138.908
3.16535 -7.69957 138.14
3.16535 -7.69957 137.371
3.16535 -7.69957 136.603
3.16535 -7.69957 135.835
3.16535 -7.69957 135.066
3.16535 -7.69957 134.298
3.16535 -7.69957 133.53
3.16535 -7.69957 132.761
3.16535 -7.69957 131.993
3.16535 -7.69957 131.224
3.16535 -7.69957 130.456
3.16535 -7.69957 129.688
3.16535 -7.69957 128.919
3.16535 -7.69957 128.151
3.16535 -7.69957 127.383
3.16535 -7.69957 126.614
3.16535 -7.69957 125.846
3.16535 -7.69957 125.077
3.16535 -7.69957 124.309
3.16535 -7.69957 123.541
3.16535 -7.69957 122.772
3.16535 -7.69957 122.004
3.16535 -7.69957 121.236
3.16535 -7.69957 120.467
3.16535 -7.69957 119.699
3.16535 -7.69957 118.93
3.16535 -7.69957 118.162
3.16535 -7.69957 117.394
3.16535 -7.69957 116.625
3.16535 -7.69957 115.857
3.16535 -7.69957 115.089
2.33018 -7.62508 144.748
2.33018 -7.62508 141.367
2.33018 -7.62508 137.986
2.33018 -7.62508 134.605
2.33018 -7.62508 131.224
2.33018 -7.62508 127.844
2.33018 -7.62508 124.463
2.33018 -7.62508 121.082
2.33018 -7.62508 117.701
2.90921 -7.73477 144.748
2.90921 -7.73477 141.367
2.90921 -7.73477 137.986
2.90921 -7.73477 134.605
2.90921 -7.73477 127.844
2.90921 -7.73477 124.463
2.90921 -7.73477 121.082
2.90921 -7.73477 117.701
1.27078 -7.7706 129.096
1.27078 -7.7706 124.171
1.27078 -7.7706 119.246
2.33018 -7.62508 129.096
2.33018 -7.62508 124.171
2.33018 -7.62508 119.246
0.0790768 -7.93423 123.83
0.0790768 -7.93423 120.66
0.0790768 -7.93423 117.49
0.674929 -7.85242 123.83
0.674929 -7.85242 120.66
0.674929 -7.85242 117.49
0.674929 -7.85242 114.32
1.27078 -7.7706 123.83
1.27078 -7.7706 120.66
1.27078 -7.7706 117.49
-1.0501 -8.08931 117.571
0.0790768 -7.93423 117.572
-1.0501 -8.08931 116.487
-1.0501 -8.08931 118.655
-1.11432 -7.62181 114.32
-1.11432 -7.62181 116.487
-1.11432 -7.62181 118.655
-1.11432 -7.62181 120.822
-1.17852 -7.15426 116.487
-1.17852 -7.15426 118.655
-0.0493412 -6.99918 116.488
-0.0493412 -6.99918 118.656
-0.0493412 -6.99918 120.66
1.14236 -6.83555 120.66
1.14236 -6.83555 117.604
1.14236 -6.83555 120.887
1.14236 -6.83555 124.171
1.14236 -6.83555 127.454
1.14236 -6.83555 130.738
1.68946 -6.77259 117.604
1.68946 -6.77259 120.887
1.68946 -6.77259 124.171
1.68946 -6.77259 127.454
1.68946 -6.77259 130.738
2.00778 -6.23659 114.32
2.00778 -6.23659 117.604
2.00778 -6.23659 120.887
2.00778 -6.23659 124.171
2.00778 -6.23659 127.454
2.00778 -6.23659 130.738
2.00778 -6.23659 134.022
2.32612 -5.70055 117.604
2.32612 -5.70055 120.887
2.32612 -5.70055 124.171
2.32612 -5.70055 127.454
2.32612 -5.70055 130.738
2.32612 -5.70055 116.29
2.32612 -5.70055 118.26
2.32612 -5.70055 120.231
2.32612 -5.70055 122.201
2.32612 -5.70055 126.141
2.32612 -5.70055 128.111
2.32612 -5.70055 130.081
2.32612 -5.70055 132.051
2.62363 -5.8772 116.29
2.62363 -5.8772 118.26
2.62363 -5.8772 120.231
2.62363 -5.8772 122.201
2.62363 -5.8772 124.171
2.62363 -5.8772 126.141
2.62363 -5.8772 128.111
2.62363 -5.8772 130.081
2.62363 -5.8772 132.051
2.57438 -5.61404 116.883
2.57438 -5.61404 119.446
2.57438 -5.61404 122.009
2.57438 -5.61404 127.134
2.57438 -5.61404 129.697
2.57438 -5.61404 132.26
2.57438 -5.61404 137.385
2.57438 -5.61404 139.948
2.57438 -5.61404 142.511
2.57438 -5.61404 147.637
2.57438 -5.61404 150.2
2.57438 -5.61404 152.762
2.5673 -5.18408 116.883
2.5673 -5.18408 119.446
2.5673 -5.18408 122.009
2.5673 -5.18408 124.571
2.5673 -5.18408 127.134
2.5673 -5.18408 129.697
2.5673 -5.18408 132.26
2.5673 -5.18408 134.823
2.5673 -5.18408 137.385
2.5673 -5.18408 139.948
2.5673 -5.18408 142.511
2.5673 -5.18408 145.074
2.5673 -5.18408 147.637
2.5673 -5.18408 150.2
2.5673 -5.18408 152.762
2.5673 -5.18408 122.521
2.5673 -5.18408 130.722
2.5673 -5.18408 138.923
2.5673 -5.18408 147.124
2.78124 -3.78755 122.521
2.78124 -3.78755 130.722
2.78124 -3.78755 138.923
2.78124 -3.78755 147.124
3.34509 -2.49215 122.521
3.34509 -2.49215 130.722
3.34509 -2.49215 138.923
3.34509 -2.49215 147.124
4.22141 -1.38393 122.521
4.22141 -1.38393 130.722
4.22141 -1.38393 138.923
4.22141 -1.38393 147.124
5.35191 -0.536619 122.521
5.35191 -0.536619 130.722
5.35191 -0.536619 138.923
5.35191 -0.536619 147.124
5.21264 -0.353821 133.201
5.21264 -0.353821 132.38
5.21264 -0.353821 131.559
5.21264 -0.353821 130.738
5.21264 -0.353821 129.917
5.21264 -0.353821 129.096
5.21264 -0.353821 128.275
5.21264 -0.353821 127.454
5.21264 -0.353821 126.634
5.21264 -0.353821 125.813
5.21264 -0.353821 124.992
5.21264 -0.353821 124.171
5.21264 -0.353821 123.35
5.21264 -0.353821 122.529
5.21264 -0.353821 121.708
5.21264 -0.353821 120.887
5.21264 -0.353821 120.066
5.21264 -0.353821 119.246
5.21264 -0.353821 118.425
5.21264 -0.353821 117.604
5.21264 -0.353821 116.783
5.21264 -0.353821 115.962
5.21264 -0.353821 115.141
5.33238 -0.424924 134.022
5.33238 -0.424924 133.201
5.33238 -0.424924 132.38
5.33238 -0.424924 131.559
5.33238 -0.424924 130.738
5.33238 -0.424924 129.917
5.33238 -0.424924 129.096
5.33238 -0.424924 128.275
5.33238 -0.424924 127.454
5.33238 -0.424924 126.634
5.33238 -0.424924 125.813
5.33238 -0.424924 124.992
5.33238 -0.424924 124.171
5.33238 -0.424924 123.35
5.33238 -0.424924 122.529
5.33238 -0.424924 121.708
5.33238 -0.424924 120.887
5.33238 -0.424924 120.066
5.33238 -0.424924 119.246
5.33238 -0.424924 118.425
5.33238 -0.424924 117.604
5.33238 -0.424924 116.783
5.33238 -0.424924 115.962
5.33238 -0.424924 115.141
5.33238 -0.424924 114.32
5.4521 -0.496063 133.201
5.4521 -0.496063 132.38
5.4521 -0.496063 131.559
5.4521 -0.496063 130.738
5.4521 -0.496063 129.917
5.4521 -0.496063 129.096
5.4521 -0.496063 128.275
5.4521 -0.496063 127.454
5.4521 -0.496063 126.634
5.4521 -0.496063 125.813
5.4521 -0.496063 124.992
5.4521 -0.496063 124.171
5.4521 -0.496063 123.35
5.4521 -0.496063 122.529
5.4521 -0.496063 121.708
5.4521 -0.496063 120.887
5.4521 -0.496063 120.066
5.4521 -0.496063 119.246
5.4521 -0.496063 118.425
5.4521 -0.496063 117.604
5.4521 -0.496063 116.783
5.4521 -0.496063 115.962
5.4521 -0.496063 115.141
5.83064 0.686785 120.887
5.83064 0.686785 127.454
5.83064 0.686785 118.26
5.83064 0.686785 122.201
5.83064 0.686785 126.141
5.83064 0.686785 130.081
5.56451 1.37125 118.26
5.56451 1.37125 122.201
5.56451 1.37125 126.141
5.56451 1.37125 130.081
5.56451 1.37125 117.49
5.56451 1.37125 120.66
5.56451 1.37125 123.83
5.35253 1.91651 114.32
5.35253 1.91651 117.49
5.35253 1.91651 120.66
5.35253 1.91651 123.83
5.35253 1.91651 127
5.14052 2.46182 117.49
5.14052 2.46182 120.66
5.14052 2.46182 123.83
5.14052 2.46182 117.571
4.92925 3.00512 114.32
4.92925 3.00512 117.571
4.92925 3.00512 120.822
4.07376 -11.5555 114.32
4.07376 -11.5555 111.561
11.3985 1.69506 111.561
11.3985 1.69506 114.32
-6.32412 2.72037 100.879
-6.32412 2.72037 105.86
-1.59023 9.31807 100.879
-1.59023 9.31807 105.86
16.8766 -20.2055 105.12
17.9606 -20.1116 109.361
17.9606 -20.1116 105.12
17.9606 -20.1116 100.879
19.0447 -20.0177 105.12
13.7486 -18.4764 109.361
13.7486 -18.4764 105.86
21.656 -23.7573 100.214
21.656 -23.7573 99.5496
21.656 -23.7573 98.8849
21.656 -23.7573 98.2202
21.656 -23.7573 97.5554
21.656 -23.7573 96.8907
21.656 -23.7573 96.2259
21.656 -23.7573 95.5612
21.656 -23.7573 94.8965
21.656 -23.7573 94.2317
21.7569 -23.8131 100.879
21.7569 -23.8131 100.214
21.7569 -23.8131 99.5496
21.7569 -23.8131 98.8849
21.7569 -23.8131 98.2202
21.7569 -23.8131 97.5554
21.7569 -23.8131 96.8907
21.7569 -23.8131 96.2259
21.7569 -23.8131 95.5612
21.7569 -23.8131 94.8965
21.7569 -23.8131 94.2317
21.7569 -23.8131 93.567
21.8579 -23.8689 100.214
21.8579 -23.8689 99.5496
21.8579 -23.8689 98.8849
21.8579 -23.8689 98.2202
21.8579 -23.8689 97.5554
21.8579 -23.8689 96.8907
21.8579 -23.8689 96.2259
21.8579 -23.8689 95.5612
21.8579 -23.8689 94.8965
21.8579 -23.8689 94.2317
24.3909 -18.8098 99.6604
24.3909 -18.8098 98.4417
24.3909 -18.8098 97.223
24.3909 -18.8098 96.0044
24.3909 -18.8098 94.7857
24.5928 -18.9214 99.6604
24.5928 -18.9214 98.4417
24.5928 -18.9214 97.223
24.5928 -18.9214 96.0044
24.5928 -18.9214 94.7857
25.5398 -16.7315 94.7857
25.5398 -16.7315 96.0044
25.5398 -16.7315 97.223
25.5398 -16.7315 98.4417
25.5398 -16.7315 99.6604
25.7416 -16.8431 94.7857
25.7416 -16.8431 96.0044
25.7416 -16.8431 97.223
25.7416 -16.8431 98.4417
25.7416 -16.8431 99.6604
26.9144 -14.2449 99.6604
26.9144 -14.2449 98.4417
26.9144 -14.2449 97.223
26.9144 -14.2449 96.0044
26.9144 -14.2449 94.7857
27.1162 -14.3565 99.6604
27.1162 -14.3565 98.4417
27.1162 -14.3565 97.223
27.1162 -14.3565 96.0044
27.1162 -14.3565 94.7857
28.2305 -11.8641 94.7857
28.2305 -11.8641 96.0044
28.2305 -11.8641 97.223
28.2305 -11.8641 98.4417
28.2305 -11.8641 99.6604
28.4323 -11.9757 94.7857
28.4323 -11.9757 96.0044
28.4323 -11.9757 97.223
28.4323 -11.9757 98.4417
28.4323 -11.9757 99.6604
29.6995 -9.20653 99.6604
29.6995 -9.20653 98.4417
29.6995 -9.20653 97.223
29.6995 -9.20653 96.0044
29.6995 -9.20653 94.7857
29.9014 -9.31811 99.6604
29.9014 -9.31811 98.4417
29.9014 -9.31811 97.223
29.9014 -9.31811 96.0044
29.9014 -9.31811 94.7857
30.8266 -7.16755 94.2317
30.8266 -7.16755 94.8965
30.8266 -7.16755 95.5612
30.8266 -7.16755 96.2259
30.8266 -7.16755 96.8907
30.8266 -7.16755 97.5554
30.8266 -7.16755 98.2202
30.8266 -7.16755 98.8849
30.8266 -7.16755 99.5496
30.8266 -7.16755 100.214
30.9276 -7.22336 93.567
30.9276 -7.22336 94.2317
30.9276 -7.22336 94.8965
30.9276 -7.22336 95.5612
30.9276 -7.22336 96.2259
30.9276 -7.22336 96.8907
30.9276 -7.22336 97.5554
30.9276 -7.22336 98.2202
30.9276 -7.22336 98.8849
30.9276 -7.22336 99.5496
30.9276 -7.22336 100.214
30.9276 -7.22336 100.879
31.0285 -7.27913 94.2317
31.0285 -7.27913 94.8965
31.0285 -7.27913 95.5612
31.0285 -7.27913 96.2259
31.0285 -7.27913 96.8907
31.0285 -7.27913 97.5554
31.0285 -7.27913 98.2202
31.0285 -7.27913 98.8849
31.0285 -7.27913 99.5496
31.0285 -7.27913 100.214
9.32411 8.68287 93.567
9.32411 8.68287 100.879
29.5833 -2.51622 99.6604
29.5833 -2.51622 98.4417
29.5833 -2.51622 97.223
29.5833 -2.51622 96.0044
29.5833 -2.51622 94.7857
29.6867 -2.32933 100.879
29.6867 -2.32933 99.6604
29.6867 -2.32933 98.4417
29.6867 -2.32933 97.223
29.6867 -2.32933 96.0044
29.6867 -2.32933 94.7857
29.6867 -2.32933 93.567
29.79 -2.1424 99.6604
29.79 -2.1424 98.4417
29.79 -2.1424 97.223
29.79 -2.1424 96.0044
29.79 -2.1424 94.7857
27.7018 -0.988052 97.223
28.7459 -1.56521 93.567
28.7459 -1.56521 97.223
28.7459 -1.56521 100.879
27.4951 -1.36187 96.0044
27.4951 -1.36187 98.4417
27.7018 -0.988052 96.0044
27.7018 -0.988052 98.4417
22.8937 1.18175 98.4417
22.8937 1.18175 96.0044
23.1003 1.55557 98.4417
23.1003 1.55557 96.0044
20.6995 2.39466 94.7857
20.6995 2.39466 96.0044
20.6995 2.39466 97.223
20.6995 2.39466 98.4417
20.6995 2.39466 99.6604
20.8028 2.58159 93.567
20.8028 2.58159 94.7857
20.8028 2.58159 96.0044
20.8028 2.58159 97.223
20.8028 2.58159 98.4417
20.8028 2.58159 99.6604
20.8028 2.58159 100.879
20.9061 2.76852 94.7857
20.9061 2.76852 96.0044
20.9061 2.76852 97.223
20.9061 2.76852 98.4417
20.9061 2.76852 99.6604
17.95 3.91453 98.4417
17.95 3.91453 96.0044
18.1567 4.28839 98.4417
18.1567 4.28839 96.0044
15.5361 5.24896 96.0044
15.5361 5.24896 98.4417
15.7427 5.62278 96.0044
15.7427 5.62278 98.4417
12.8657 6.72511 98.4417
12.8657 6.72511 96.0044
13.0723 7.09897 98.4417
13.0723 7.09897 96.0044
10.6858 7.93014 94.7857
10.6858 7.93014 96.0044
10.6858 7.93014 97.223
10.6858 7.93014 98.4417
10.6858 7.93014 99.6604
10.7891 8.11703 93.567
10.7891 8.11703 94.7857
10.7891 8.11703 96.0044
10.7891 8.11703 97.223
10.7891 8.11703 98.4417
10.7891 8.11703 99.6604
10.7891 8.11703 100.879
10.8925 8.30396 94.7857
10.8925 8.30396 96.0044
10.8925 8.30396 97.223
10.8925 8.30396 98.4417
10.8925 8.30396 99.6604
7.96241 9.43557 99.6604
7.96241 9.43557 98.4417
7.96241 9.43557 97.223
7.96241 9.43557 96.0044
7.96241 9.43557 94.7857
8.06574 9.6225 100.879
8.06574 9.6225 99.6604
8.06574 9.6225 98.4417
8.06574 9.6225 97.223
8.06574 9.6225 96.0044
8.06574 9.6225 94.7857
8.06574 9.6225 93.567
8.16908 9.80943 99.6604
8.16908 9.80943 98.4417
8.16908 9.80943 97.223
8.16908 9.80943 96.0044
8.16908 9.80943 94.7857
1.15451 13.1989 98.4417
1.15451 13.1989 96.0044
1.36116 13.5728 98.4417
1.36116 13.5728 96.0044
-4.43925 14.6802 97.223
-3.57761 15.0093 93.567
-3.57761 15.0093 97.223
-3.57761 15.0093 100.879
-2.71595 15.3385 97.223
-7.31048 9.4861 93.567
-7.31048 9.4861 100.879
-6.35221 12.1803 93.567
-6.35221 12.1803 100.879
-14.9247 -7.10429 97.223
-14.1796 -7.51614 100.879
-14.1796 -7.51614 97.223
-14.1796 -7.51614 93.567
-13.4346 -7.92802 97.223
-27.4097 4.35763 -128.794
-27.4097 4.35763 -131.242
-27.4097 4.35763 -133.69
-27.4097 4.35763 -136.138
-27.4097 4.35763 -138.586
-27.003 4.13283 -126.346
-27.003 4.13283 -128.794
-27.003 4.13283 -131.242
-27.003 4.13283 -133.69
-27.003 4.13283 -136.138
-27.003 4.13283 -138.586
-27.003 4.13283 -141.034
-26.5963 3.90802 -128.794
-26.5963 3.90802 -131.242
-26.5963 3.90802 -133.69
-26.5963 3.90802 -136.138
-26.5963 3.90802 -138.586
-29.3565 -1.0852 -116.628
-27.9764 1.41143 -106.91
-27.9764 1.41143 -116.628
-27.9764 1.41143 -126.346
-26.5963 3.90802 -116.628
-17.8782 19.6793 -116.628
-16.9748 21.3134 -116.628
-18.6915 20.1289 -136.138
-18.6915 20.1289 -131.242
-17.8782 19.6793 -136.138
-17.8782 19.6793 -131.242
-26.6653 -9.51966 10.4262
-26.6653 -9.51966 -23.7668
-26.6653 -9.51966 -57.9599
-26.6653 -9.51966 -92.1529
-23.724 -4.19883 10.4262
-23.724 -4.19883 -23.7668
-23.724 -4.19883 -57.9599
-23.724 -4.19883 -92.1529
-9.70617 21.1595 27.5228
-9.70617 21.1595 10.4262
-9.70617 21.1595 -6.6703
-9.70617 21.1595 -23.7668
-9.70617 21.1595 -40.8633
-9.70617 21.1595 -57.9599
-9.70617 21.1595 -75.0564
-9.70617 21.1595 -92.1529
-9.70617 21.1595 -109.249
-8.26871 23.7599 44.6192
-8.26871 23.7599 27.5228
-8.26871 23.7599 10.4262
-8.26871 23.7599 -6.6703
-8.26871 23.7599 -23.7668
-8.26871 23.7599 -40.8633
-8.26871 23.7599 -57.9599
-8.26871 23.7599 -75.0564
-8.26871 23.7599 -92.1529
-8.26871 23.7599 -109.249
-8.26871 23.7599 -126.346
-6.83124 26.3603 27.5228
-6.83124 26.3603 10.4262
-6.83124 26.3603 -6.6703
-6.83124 26.3603 -23.7668
-6.83124 26.3603 -57.9599
-6.83124 26.3603 -75.0564
-6.83124 26.3603 -92.1529
-6.83124 26.3603 -109.249
7.58742 -5.14575 214.142
7.58742 -5.14575 215.424
7.58742 -5.14575 216.707
7.58742 -5.14575 217.989
7.58742 -5.14575 219.272
7.58742 -5.14575 220.555
7.72551 -4.96054 214.142
7.72551 -4.96054 215.424
7.72551 -4.96054 216.707
7.72551 -4.96054 217.989
7.72551 -4.96054 219.272
7.72551 -4.96054 220.555
7.56069 -5.37525 214.142
7.56069 -5.37525 215.424
7.56069 -5.37525 216.707
7.56069 -5.37525 217.989
7.56069 -5.37525 219.272
7.56069 -5.37525 220.555
7.65249 -5.58725 214.142
7.65249 -5.58725 215.424
7.65249 -5.58725 216.707
7.65249 -5.58725 217.989
7.65249 -5.58725 219.272
7.65249 -5.58725 220.555
7.83817 -5.72477 220.555
7.83817 -5.72477 219.272
7.83817 -5.72477 217.989
7.83817 -5.72477 216.707
7.83817 -5.72477 215.424
7.83817 -5.72477 214.142
8.06774 -5.75078 220.555
8.06774 -5.75078 219.272
8.06774 -5.75078 217.989
8.06774 -5.75078 216.707
8.06774 -5.75078 215.424
8.06774 -5.75078 214.142
8.27947 -5.65828 220.555
8.27947 -5.65828 219.272
8.27947 -5.65828 217.989
8.27947 -5.65828 216.707
8.27947 -5.65828 215.424
8.27947 -5.65828 214.142
8.27947 -5.65828 221.147
8.27947 -5.65828 220.456
8.27947 -5.65828 219.765
8.27947 -5.65828 219.075
8.27947 -5.65828 218.384
8.27947 -5.65828 217.693
8.27947 -5.65828 217.003
8.27947 -5.65828 216.312
8.27947 -5.65828 215.622
8.27947 -5.65828 214.931
8.27947 -5.65828 214.24
8.27947 -5.65828 213.55
8.34791 -5.56522 221.837
8.34791 -5.56522 221.147
8.34791 -5.56522 220.456
8.34791 -5.56522 219.765
8.34791 -5.56522 219.075
8.34791 -5.56522 218.384
8.34791 -5.56522 217.693
8.34791 -5.56522 217.003
8.34791 -5.56522 216.312
8.34791 -5.56522 215.622
8.34791 -5.56522 214.931
8.34791 -5.56522 214.24
8.34791 -5.56522 213.55
8.34791 -5.56522 212.859
8.41638 -5.47217 221.147
8.41638 -5.47217 220.456
8.41638 -5.47217 219.765
8.41638 -5.47217 219.075
8.41638 -5.47217 218.384
8.41638 -5.47217 217.693
8.41638 -5.47217 217.003
8.41638 -5.47217 216.312
8.41638 -5.47217 215.622
8.41638 -5.47217 214.931
8.41638 -5.47217 214.24
8.41638 -5.47217 213.55
8.41638 -5.47217 220.555
8.41638 -5.47217 219.272
8.41638 -5.47217 217.989
8.41638 -5.47217 216.707
8.41638 -5.47217 215.424
8.41638 -5.47217 214.142
8.44164 -5.24249 220.555
8.44164 -5.24249 219.272
8.44164 -5.24249 217.989
8.44164 -5.24249 216.707
8.44164 -5.24249 215.424
8.44164 -5.24249 214.142
8.44164 -5.24249 221.147
8.44164 -5.24249 220.456
8.44164 -5.24249 219.765
8.44164 -5.24249 219.075
8.44164 -5.24249 218.384
8.44164 -5.24249 217.693
8.44164 -5.24249 217.003
8.44164 -5.24249 216.312
8.44164 -5.24249 215.622
8.44164 -5.24249 214.931
8.44164 -5.24249 214.24
8.44164 -5.24249 213.55
8.39505 -5.13678 221.837
8.39505 -5.13678 221.147
8.39505 -5.13678 220.456
8.39505 -5.13678 219.765
8.39505 -5.13678 219.075
8.39505 -5.13678 218.384
8.39505 -5.13678 217.693
8.39505 -5.13678 217.003
8.39505 -5.13678 216.312
8.39505 -5.13678 215.622
8.39505 -5.13678 214.931
8.39505 -5.13678 214.24
8.39505 -5.13678 213.55
8.39505 -5.13678 212.859
8.34847 -5.03108 221.147
8.34847 -5.03108 220.456
8.34847 -5.03108 219.765
8.34847 -5.03108 219.075
8.34847 -5.03108 218.384
8.34847 -5.03108 217.693
8.34847 -5.03108 217.003
8.34847 -5.03108 216.312
8.34847 -5.03108 215.622
8.34847 -5.03108 214.931
8.34847 -5.03108 214.24
8.34847 -5.03108 213.55
8.16194 -4.89475 214.142
8.16194 -4.89475 215.424
8.16194 -4.89475 216.707
8.16194 -4.89475 217.989
8.16194 -4.89475 219.272
8.16194 -4.89475 220.555
8.34847 -5.03108 214.142
8.34847 -5.03108 215.424
8.34847 -5.03108 216.707
8.34847 -5.03108 217.989
8.34847 -5.03108 219.272
8.34847 -5.03108 220.555
7.93218 -4.87023 214.142
7.93218 -4.87023 215.424
7.93218 -4.87023 216.707
7.93218 -4.87023 217.989
7.93218 -4.87023 219.272
7.93218 -4.87023 220.555
7.72551 -4.96054 213.5
7.72551 -4.96054 214.783
7.72551 -4.96054 216.066
7.72551 -4.96054 217.348
7.72551 -4.96054 218.631
7.72551 -4.96054 219.913
7.72551 -4.96054 221.196
7.82886 -4.91537 212.859
7.82886 -4.91537 213.5
7.82886 -4.91537 214.142
7.82886 -4.91537 214.783
7.82886 -4.91537 215.424
7.82886 -4.91537 216.066
7.82886 -4.91537 216.707
7.82886 -4.91537 217.348
7.82886 -4.91537 217.989
7.82886 -4.91537 218.631
7.82886 -4.91537 219.272
7.82886 -4.91537 219.913
7.82886 -4.91537 220.555
7.82886 -4.91537 221.196
7.82886 -4.91537 221.837
7.93218 -4.87023 213.5
7.93218 -4.87023 214.783
7.93218 -4.87023 216.066
7.93218 -4.87023 217.348
7.93218 -4.87023 218.631
7.93218 -4.87023 219.913
7.93218 -4.87023 221.196
7.13706 -5.00939 198.905
7.13706 -5.00939 200.649
7.13706 -5.00939 202.394
7.13706 -5.00939 204.138
7.13706 -5.00939 205.882
7.13706 -5.00939 207.626
7.13706 -5.00939 209.371
7.13706 -5.00939 211.115
7.29261 -4.72226 198.905
7.29261 -4.72226 200.649
7.29261 -4.72226 202.394
7.29261 -4.72226 204.138
7.29261 -4.72226 205.882
7.29261 -4.72226 207.626
7.29261 -4.72226 209.371
7.29261 -4.72226 211.115
7.09664 -5.33342 198.905
7.09664 -5.33342 200.649
7.09664 -5.33342 202.394
7.09664 -5.33342 204.138
7.09664 -5.33342 205.882
7.09664 -5.33342 207.626
7.09664 -5.33342 209.371
7.09664 -5.33342 211.115
7.17684 -5.64994 198.905
7.17684 -5.64994 200.649
7.17684 -5.64994 202.394
7.17684 -5.64994 204.138
7.17684 -5.64994 205.882
7.17684 -5.64994 207.626
7.17684 -5.64994 209.371
7.17684 -5.64994 211.115
7.36667 -5.91564 198.905
7.36667 -5.91564 200.649
7.36667 -5.91564 202.394
7.36667 -5.91564 204.138
7.36667 -5.91564 205.882
7.36667 -5.91564 207.626
7.36667 -5.91564 209.371
7.36667 -5.91564 211.115
7.64016 -6.09405 211.115
7.64016 -6.09405 209.371
7.64016 -6.09405 207.626
7.64016 -6.09405 205.882
7.64016 -6.09405 204.138
7.64016 -6.09405 202.394
7.64016 -6.09405 200.649
7.64016 -6.09405 198.905
7.9598 -6.16076 211.115
7.9598 -6.16076 209.371
7.9598 -6.16076 207.626
7.9598 -6.16076 205.882
7.9598 -6.16076 204.138
7.9598 -6.16076 202.394
7.9598 -6.16076 200.649
7.9598 -6.16076 198.905
8.28183 -6.10666 211.115
8.28183 -6.10666 209.371
8.28183 -6.10666 207.626
8.28183 -6.10666 205.882
8.28183 -6.10666 204.138
8.28183 -6.10666 202.394
8.28183 -6.10666 200.649
8.28183 -6.10666 198.905
8.28183 -6.10666 211.936
8.28183 -6.10666 211.012
8.28183 -6.10666 210.089
8.28183 -6.10666 209.165
8.28183 -6.10666 208.242
8.28183 -6.10666 207.318
8.28183 -6.10666 206.395
8.28183 -6.10666 205.472
8.28183 -6.10666 204.548
8.28183 -6.10666 203.625
8.28183 -6.10666 202.701
8.28183 -6.10666 201.778
8.28183 -6.10666 200.855
8.28183 -6.10666 199.931
8.28183 -6.10666 199.008
8.28183 -6.10666 198.084
8.42198 -6.02287 212.859
8.42198 -6.02287 211.936
8.42198 -6.02287 211.012
8.42198 -6.02287 210.089
8.42198 -6.02287 209.165
8.42198 -6.02287 208.242
8.42198 -6.02287 207.318
8.42198 -6.02287 206.395
8.42198 -6.02287 205.472
8.42198 -6.02287 204.548
8.42198 -6.02287 203.625
8.42198 -6.02287 202.701
8.42198 -6.02287 201.778
8.42198 -6.02287 200.855
8.42198 -6.02287 199.931
8.42198 -6.02287 199.008
8.42198 -6.02287 198.084
8.42198 -6.02287 197.161
8.56211 -5.93912 211.936
8.56211 -5.93912 211.012
8.56211 -5.93912 210.089
8.56211 -5.93912 209.165
8.56211 -5.93912 208.242
8.56211 -5.93912 207.318
8.56211 -5.93912 206.395
8.56211 -5.93912 205.472
8.56211 -5.93912 204.548
8.56211 -5.93912 203.625
8.56211 -5.93912 202.701
8.56211 -5.93912 201.778
8.56211 -5.93912 200.855
8.56211 -5.93912 199.931
8.56211 -5.93912 199.008
8.56211 -5.93912 198.084
8.56211 -5.93912 211.115
8.56211 -5.93912 209.371
8.56211 -5.93912 207.626
8.56211 -5.93912 205.882
8.56211 -5.93912 204.138
8.56211 -5.93912 202.394
8.56211 -5.93912 200.649
8.56211 -5.93912 198.905
8.76225 -5.68109 211.115
8.76225 -5.68109 209.371
8.76225 -5.68109 207.626
8.76225 -5.68109 205.882
8.76225 -5.68109 204.138
8.76225 -5.68109 202.394
8.76225 -5.68109 200.649
8.76225 -5.68109 198.905
8.8548 -5.36795 211.115
8.8548 -5.36795 209.371
8.8548 -5.36795 207.626
8.8548 -5.36795 205.882
8.8548 -5.36795 204.138
8.8548 -5.36795 202.394
8.8548 -5.36795 200.649
8.8548 -5.36795 198.905
8.82714 -5.04258 211.115
8.82714 -5.04258 209.371
8.82714 -5.04258 207.626
8.82714 -5.04258 205.882
8.82714 -5.04258 204.138
8.82714 -5.04258 202.394
8.82714 -5.04258 200.649
8.82714 -5.04258 198.905
8.683 -4.74957 211.115
8.683 -4.74957 209.371
8.683 -4.74957 207.626
8.683 -4.74957 205.882
8.683 -4.74957 204.138
8.683 -4.74957 202.394
8.683 -4.74957 200.649
8.683 -4.74957 198.905
8.44216 -4.52908 198.905
8.44216 -4.52908 200.649
8.44216 -4.52908 202.394
8.44216 -4.52908 204.138
8.44216 -4.52908 205.882
8.44216 -4.52908 207.626
8.44216 -4.52908 209.371
8.44216 -4.52908 211.115
8.1376 -4.41129 198.905
8.1376 -4.41129 200.649
8.1376 -4.41129 202.394
8.1376 -4.41129 204.138
8.1376 -4.41129 205.882
8.1376 -4.41129 207.626
8.1376 -4.41129 209.371
8.1376 -4.41129 211.115
7.81105 -4.41233 198.905
7.81105 -4.41233 200.649
7.81105 -4.41233 202.394
7.81105 -4.41233 204.138
7.81105 -4.41233 205.882
7.81105 -4.41233 207.626
7.81105 -4.41233 209.371
7.81105 -4.41233 211.115
7.50727 -4.5321 198.905
7.50727 -4.5321 200.649
7.50727 -4.5321 202.394
7.50727 -4.5321 204.138
7.50727 -4.5321 205.882
7.50727 -4.5321 207.626
7.50727 -4.5321 209.371
7.50727 -4.5321 211.115
7.29261 -4.72226 198.731
7.29261 -4.72226 200.301
7.29261 -4.72226 201.87
7.29261 -4.72226 203.44
7.29261 -4.72226 205.01
7.29261 -4.72226 206.58
7.29261 -4.72226 208.15
7.29261 -4.72226 209.719
7.29261 -4.72226 211.289
7.50727 -4.5321 198.731
7.50727 -4.5321 200.301
7.50727 -4.5321 201.87
7.50727 -4.5321 203.44
7.50727 -4.5321 205.01
7.50727 -4.5321 206.58
7.50727 -4.5321 208.15
7.50727 -4.5321 209.719
7.50727 -4.5321 211.289
10.0772 -5.47968 188.326
10.0772 -5.47968 179.492
10.0772 -5.47968 170.658
9.66097 -3.98099 188.326
9.66097 -3.98099 179.492
9.66097 -3.98099 170.658
8.30691 -3.21556 170.658
8.30691 -3.21556 179.492
8.30691 -3.21556 188.326
6.80819 -3.63176 170.658
6.80819 -3.63176 179.492
6.80819 -3.63176 188.326
6.04277 -4.98584 170.658
6.04277 -4.98584 179.492
6.04277 -4.98584 188.326
6.45899 -6.48454 166.24
6.45899 -6.48454 170.658
6.45899 -6.48454 175.075
6.45899 -6.48454 179.492
6.45899 -6.48454 183.909
6.45899 -6.48454 188.326
6.45899 -6.48454 192.744
6.25087 -5.73519 161.823
6.25087 -5.73519 166.24
6.25087 -5.73519 170.658
6.25087 -5.73519 175.075
6.25087 -5.73519 179.492
6.25087 -5.73519 183.909
6.25087 -5.73519 188.326
6.25087 -5.73519 192.744
6.25087 -5.73519 197.161
6.04277 -4.98584 166.24
6.04277 -4.98584 175.075
6.04277 -4.98584 183.909
6.04277 -4.98584 192.744
7.81306 -7.25 188.326
7.81306 -7.25 179.492
7.81306 -7.25 170.658
9.31176 -6.83376 188.326
9.31176 -6.83376 179.492
9.31176 -6.83376 170.658
39.3426 -45.8202 -168.828
42.2889 -40.4903 -168.828
29.4987 -40.3786 -168.828
34.4206 -43.0994 -196.621
34.4206 -43.0994 -168.828
34.4206 -43.0994 -141.034
27.3142 -44.3302 -173.196
27.3142 -44.3302 -149.771
29.4987 -40.3786 -173.196
29.4987 -40.3786 -149.771
49.2695 -4.61306 -173.196
49.2695 -4.61306 -149.771
51.4624 -0.645933 -173.196
51.4624 -0.645933 -149.771
8.36609 -33.8559 -161.483
17.8402 -39.093 -161.483
27.3142 -44.3302 -161.483
8.36609 -33.8559 -149.771
8.36609 -33.8559 -173.196
10.4709 -30.0482 -149.771
10.4709 -30.0482 -173.196
30.305 5.83177 -149.771
30.305 5.83177 -173.196
32.5143 9.8284 -149.771
32.5143 9.8284 -173.196
-16.2512 -20.2477 -173.196
-16.2512 -20.2477 -149.771
-14.1464 -16.44 -173.196
-14.1464 -16.44 -149.771
5.68766 19.44 -173.196
5.68766 19.44 -149.771
7.89694 23.4366 -173.196
7.89694 23.4366 -149.771
-35.216 -9.76411 -149.771
-35.216 -9.76411 -173.196
-33.0316 -5.81254 -149.771
-33.0316 -5.81254 -173.196
-13.2608 29.953 -138.058
-13.2608 29.953 -149.771
-13.2608 29.953 -161.483
-13.2608 29.953 -173.196
-13.2608 29.953 -184.908
-12.1643 31.9366 -126.346
-12.1643 31.9366 -138.058
-12.1643 31.9366 -149.771
-12.1643 31.9366 -161.483
-12.1643 31.9366 -173.196
-12.1643 31.9366 -184.908
-12.1643 31.9366 -196.621
-11.0678 33.9201 -138.058
-11.0678 33.9201 -149.771
-11.0678 33.9201 -161.483
-11.0678 33.9201 -173.196
-11.0678 33.9201 -184.908
-49.8335 10.2368 -196.621
-49.8335 10.2368 -195.927
-46.5277 8.40933 -195.927
-43.2219 6.58187 -196.621
-43.2219 6.58187 -195.927
-51.1448 15.6724 -195.927
-51.1448 15.6724 -196.621
-49.1503 19.2805 -195.927
-49.1503 19.2805 -196.621
-47.1557 22.8887 -195.927
-47.1557 22.8887 -196.621
-45.1612 26.4969 -195.927
-45.1612 26.4969 -196.621
-43.1666 30.105 -195.927
-43.1666 30.105 -196.621
-41.172 33.7132 -195.927
-41.172 33.7132 -196.621
-35.8716 35.4939 -195.927
-35.8716 35.4939 -196.621
-32.5658 33.6665 -195.927
-29.26 31.839 -195.927
-29.26 31.839 -196.621
32.5143 9.8284 -161.483
41.9884 4.59122 -161.483
51.4624 -0.645933 -161.483
12.218 2.38677 111.561
42.9914 -14.3959 -138.936
-46.1961 28.824 -215.144
-46.1961 28.824 -215.144
-47.2471 26.9228 -215.144
-47.2471 26.9228 -215.144
-57.4451 32.5602 -215.144
-66.5921 40.0987 -215.144
-56.9642 52.0608 -193.243
-60.4809 51.154 -193.243
-55.9455 59.3586 -193.243
-43.9945 54.995 -196.012
-42.8321 57.0977 -196.012
-46.1961 28.824 -196.012
-46.1961 28.824 -196.012
-66.5921 40.0987 -196.012
-66.5921 40.0987 -196.012
-60.4809 51.154 -196.012
-56.9642 52.0608 -196.012
12.8466 -17.9778 111.561
21.322 -2.64581 111.561
21.322 -2.64581 111.561
10.6151 -14.7062 120.813
10.6151 -14.7062 120.813
10.2415 -13.7636 120.813
10.2415 -13.7636 126.685
11.2231 -13.3747 126.685
9.82265 -12.7066 126.685
10.8042 -12.3177 126.685
16.9419 -3.78751 126.685
16.9419 -3.78751 126.685
16.7132 -2.78612 126.685
16.7132 -2.78612 126.685
15.8299 -4.04152 126.685
15.6011 -3.04017 126.685
9.34261 -11.4953 148.301
10.2112 -10.2936 148.301
9.63732 -10.5526 148.301
13.4788 -4.90246 148.301
13.9138 -4.80307 148.301
21.656 -23.7573 100.879
21.8579 -23.8689 100.879
23.0508 -21.7108 100.879
22.849 -21.5992 100.879
31.0285 -7.27913 100.879
30.8266 -7.16755 100.879
29.5833 -2.51622 100.879
29.79 -2.1424 100.879
29.79 -2.1424 100.879
27.7018 -0.988052 100.879
27.4951 -1.36187 100.879
22.8937 1.18175 100.879
20.9061 2.76852 100.879
20.6995 2.39466 100.879
10.8925 8.30396 100.879
10.6858 7.93014 100.879
10.6858 7.93014 100.879
7.96241 9.43557 100.879
7.96241 9.43557 100.879
8.16908 9.80943 100.879
5.74401 10.6619 100.879
1.15451 13.1989 100.879
-2.71595 15.3385 100.879
-4.43925 14.6802 100.879
-5.31858 13.0894 100.879
-5.72535 13.3143 100.879
-5.72535 13.3143 100.879
-6.97908 11.0463 100.879
-6.57231 10.8214 100.879
-8.04863 8.15074 100.879
-9.68656 6.14841 100.879
-9.27979 5.92356 100.879
-14.9247 -7.10429 100.879
-13.4346 -7.92802 100.879
-11.3824 -9.06242 100.879
-6.6159 -11.6973 100.879
3.26991 -17.1621 100.879
3.03605 -17.5851 100.879
10.2967 -22.3859 77.3216
8.07266 -26.4093 77.3216
15.0666 -30.2755 77.3216
22.0606 -34.1417 77.3216
39.8816 -1.90331 77.3216
25.8937 5.82906 77.3216
25.8937 5.82906 77.3216
23.8308 2.09723 77.3216
28.4597 -14.8444 77.3216
28.0013 -14.5909 77.3216
25.3162 -19.4482 77.3216
23.7626 -22.2588 77.3216
14.2821 -24.5889 77.3216
5.60224 12.1737 77.3216
5.60224 12.1737 77.3216
7.66516 15.9056 77.3216
7.66516 15.9056 77.3216
-6.01378 23.4672 77.3216
-14.9243 7.348 77.3216
-23.8348 -8.77117 77.3216
-10.1559 -16.3328 77.3216
-10.1559 -16.3328 77.3216
-7.93178 -12.3093 77.3216
-16.2021 -7.73763 77.3216
-17.1637 -5.67517 77.3216
-15.985 -2.75721 77.3216
-14.8735 -0.746615 77.3216
-14.8735 -0.746615 77.3216
-14.5409 -0.930493 77.3216
-13.4359 1.85397 77.3216
-12.2001 4.08963 77.3216
-0.612192 15.609 77.3216
-0.383406 16.0229 77.3216
1.93781 14.1994 77.3216
12.8466 -17.9778 109.361
12.8466 -17.9778 109.361
14.6505 -18.9749 109.361
16.8766 -20.2055 109.361
19.0447 -20.0177 109.361
19.0447 -20.0177 109.361
21.322 -2.64581 109.361
23.7626 -22.2588 93.567
25.3162 -19.4482 93.567
28.0013 -14.5909 93.567
28.4597 -14.8444 93.567
22.5958 3.32026 93.567
21.3781 3.99337 93.567
6.23669 12.3634 93.567
6.00791 11.9495 93.567
-0.383406 16.0229 93.567
-0.612192 15.609 93.567
-12.2001 4.08963 93.567
-13.4359 1.85397 93.567
-14.5409 -0.930493 93.567
-14.8735 -0.746615 93.567
-14.8735 -0.746615 93.567
-15.985 -2.75721 93.567
-17.1637 -5.67517 93.567
-16.2021 -7.73763 93.567
-7.18305 -12.7232 93.567
-7.38365 -13.0861 93.567
-7.38365 -13.0861 93.567
-6.22374 -13.7273 93.567
-0.0903263 -16.644 93.567
2.70279 -18.188 93.567
7.61123 -21.3752 93.567
8.63239 -21.9397 93.567
10.2967 -22.3859 93.567
14.2821 -24.5889 93.567
42.2889 -40.4903 -195.554
66.8989 -32.0262 -195.554
67.4144 -28.2821 -195.554
56.1437 -15.4269 -195.554
25.8937 5.82906 44.6192
39.8816 -1.90331 44.6192
22.0606 -34.1417 44.6192
8.07266 -26.4093 44.6192
8.07266 -26.4093 44.6192
10.2967 -22.3859 44.6192
10.4709 -30.0482 44.6192
22.7454 -36.8334 44.6192
25.6867 -31.5126 44.6192
39.7045 -6.15421 44.6192
30.305 5.83177 44.6192
25.4636 8.50804 44.6192
-10.1559 -16.3328 44.6192
-23.8348 -8.77117 44.6192
-6.01378 23.4672 44.6192
7.66516 15.9056 44.6192
6.00791 11.9495 44.6192
6.23669 12.3634 44.6192
10.6075 16.7204 44.6192
5.68766 19.44 44.6192
5.68766 19.44 44.6192
-6.83124 26.3603 44.6192
-6.83124 26.3603 44.6192
-9.70617 21.1595 44.6192
-9.70617 21.1595 44.6192
-23.724 -4.19883 44.6192
-26.6653 -9.51966 44.6192
-14.1464 -16.44 44.6192
-6.22374 -13.7273 44.6192
-7.38365 -13.0861 44.6192
-7.38365 -13.0861 44.6192
-7.18305 -12.7232 44.6192
-51.086 23.0706 -205.726
-67.7732 32.2951 -205.726
-25.9541 30.0116 -195.927
-39.1775 37.3214 -195.927
-53.1394 12.0642 -195.927
-39.916 4.75441 -195.927
-1.17852 -7.15426 120.822
-1.0501 -8.08931 120.822
-1.0501 -8.08931 120.822
-0.0493412 -6.99918 120.824
-0.0493412 -6.99918 120.824
0.0790768 -7.93423 120.824
0.0790768 -7.93423 120.824
5.63468 3.90486 120.822
4.71801 3.54845 120.822
6.05717 2.81819 120.822
5.14052 2.46182 120.822
5.14052 2.46182 120.822
1.14236 -6.83555 127
0.0790768 -7.93423 127
-0.0493412 -6.99918 127
-0.0493412 -6.99918 127
5.14052 2.46182 127
5.56451 1.37125 127
2.90921 -7.73477 148.129
3.16535 -7.69957 148.129
2.83428 -7.00272 148.129
2.72225 -6.40417 148.129
5.4521 -0.496063 134.022
5.21264 -0.353821 134.022
2.32612 -5.70055 134.022
2.62363 -5.8772 134.022
2.72225 -6.40417 134.022
10.8042 -12.3177 134.081
9.82265 -12.7066 134.081
9.34261 -11.4953 134.081
13.9048 -5.42328 134.081
13.5219 -5.19591 134.081
13.4788 -4.90246 134.081
13.9138 -4.80307 134.081
2.5673 -5.18408 155.325
2.78124 -3.78755 155.325
3.34509 -2.49215 155.325
4.22141 -1.38393 155.325
5.35191 -0.536619 155.325
8.06306 0.171282 155.325
9.46349 -0.0152369 155.325
10.7697 -0.553549 155.325
11.8949 -1.40797 155.325
12.7642 -2.52161 155.325
13.5252 -5.21834 155.325
13.3662 -6.62216 155.325
12.8536 -7.9387 155.325
12.0215 -9.08043 155.325
10.9251 -9.97147 155.325
10.2112 -10.2936 155.325
9.63732 -10.5526 155.325
8.74506 -10.7015 155.325
8.24379 -10.7852 155.325
8.24379 -10.7852 155.325
6.8371 -10.6538 155.325
5.51077 -10.1671 155.325
4.35294 -9.35751 155.325
3.44055 -8.27884 155.325
2.83428 -7.00272 155.325
2.72225 -6.40417 155.325
2.72225 -6.40417 155.325
2.62363 -5.8772 155.325
2.62363 -5.8772 155.325
2.57438 -5.61404 155.325
13.9048 -5.42328 114.32
13.5219 -5.19591 114.32
13.3662 -6.62216 114.32
12.8536 -7.9387 114.32
10.6151 -14.7062 114.32
10.2415 -13.7636 114.32
8.74506 -10.7015 114.32
8.24379 -10.7852 114.32
3.16535 -7.69957 114.32
2.90921 -7.73477 114.32
1.27078 -7.7706 114.32
0.0790768 -7.93423 114.32
-1.0501 -8.08931 114.32
2.32612 -5.70055 114.32
2.62363 -5.8772 114.32
2.57438 -5.61404 114.32
5.4521 -0.496063 114.32
5.21264 -0.353821 114.32
5.56451 1.37125 114.32
5.14052 2.46182 114.32
5.14052 2.46182 114.32
-2.75907 9.16958 100.879
19.0447 -20.0177 100.879
19.0447 -20.0177 100.879
16.8766 -20.2055 100.879
21.656 -23.7573 93.567
21.8579 -23.8689 93.567
23.0508 -21.7108 93.567
22.849 -21.5992 93.567
31.0285 -7.27913 93.567
30.8266 -7.16755 93.567
29.5833 -2.51622 93.567
29.79 -2.1424 93.567
29.79 -2.1424 93.567
27.7018 -0.988052 93.567
27.4951 -1.36187 93.567
22.8937 1.18175 93.567
20.9061 2.76852 93.567
20.6995 2.39466 93.567
10.8925 8.30396 93.567
10.6858 7.93014 93.567
10.6858 7.93014 93.567
7.96241 9.43557 93.567
7.96241 9.43557 93.567
8.16908 9.80943 93.567
5.74401 10.6619 93.567
1.15451 13.1989 93.567
-2.71595 15.3385 93.567
-4.43925 14.6802 93.567
-5.31858 13.0894 93.567
-5.72535 13.3143 93.567
-5.72535 13.3143 93.567
-6.97908 11.0463 93.567
-6.57231 10.8214 93.567
-8.04863 8.15074 93.567
-9.68656 6.14841 93.567
-9.27979 5.92356 93.567
-14.9247 -7.10429 93.567
-13.4346 -7.92802 93.567
-11.3824 -9.06242 93.567
-6.6159 -11.6973 93.567
3.26991 -17.1621 93.567
3.03605 -17.5851 93.567
7.72551 -4.96054 221.837
8.27947 -5.65828 221.837
8.41638 -5.47217 221.837
8.44164 -5.24249 221.837
8.34847 -5.03108 221.837
7.93218 -4.87023 221.837
8.28183 -6.10666 212.859
8.56211 -5.93912 212.859
7.72551 -4.96054 212.859
8.27947 -5.65828 212.859
8.41638 -5.47217 212.859
8.44164 -5.24249 212.859
8.34847 -5.03108 212.859
7.93218 -4.87023 212.859
8.28183 -6.10666 197.161
8.56211 -5.93912 197.161
6.04277 -4.98584 161.823
6.45899 -6.48454 161.823
6.04277 -4.98584 197.161
6.45899 -6.48454 197.161
25.6867 -31.5126 -106.91
25.6867 -31.5126 -106.91
39.7045 -6.15421 -106.91
-9.70617 21.1595 -106.91
-26.5963 3.90802 -106.91
-29.3565 -1.0852 -106.91
-23.724 -4.19883 -106.91
66.8989 -32.0262 -196.621
66.8989 -32.0262 -196.621
42.244 9.06179 -196.621
7.09429 28.4922 -196.621
-47.2471 26.9228 -196.621
-60.5286 2.89632 -196.621
-62.0543 0.136344 -196.621
-62.0543 0.136344 -196.621
-5.85983 -30.9274 -196.621
50.3346 -61.991 -196.621
60.9897 -42.716 -196.621
29.4987 -40.3786 -196.621
-16.2512 -20.2477 -196.621
-35.216 -9.76411 -196.621
-39.916 4.75441 -196.621
-46.5277 8.40933 -196.621
-53.1394 12.0642 -196.621
-39.1775 37.3214 -196.621
-32.5658 33.6665 -196.621
-25.9541 30.0116 -196.621
-13.2608 29.953 -196.621
-11.0678 33.9201 -196.621
-11.0678 33.9201 -196.621
7.89694 23.4366 -196.621
5.68766 19.44 -196.621
10.6075 16.7204 -196.621
10.6075 16.7204 -196.621
25.4636 8.50804 -196.621
25.4636 8.50804 -196.621
30.305 5.83177 -196.621
67.4144 -28.2821 -196.621
-2.75907 9.16958 105.86
14.6505 -18.9749 105.86
12.8466 -17.9778 105.86
12.8466 -17.9778 105.86
-5.36139 -7.91254 105.86
3.11394 7.4194 105.86
12.218 2.38677 105.86
21.322 -2.64581 105.86
-27.4097 4.35763 -141.034
-26.5963 3.90802 -141.034
29.4987 -40.3786 -141.034
43.6579 -14.7644 -141.034
42.9914 -14.3959 -141.034
42.9914 -14.3959 -126.346
43.6579 -14.7644 -126.346
30.305 5.83177 -126.346
25.6867 -31.5126 -126.346
22.5958 3.32026 -126.346
22.5958 3.32026 -126.346
25.4636 8.50804 -126.346
25.4636 8.50804 -126.346
10.6075 16.7204 -126.346
10.6075 16.7204 -126.346
7.73969 11.5326 -126.346
16.0553 6.93582 -126.346
19.1282 5.23713 -126.346
21.3781 3.99337 -126.346
5.6295 -27.3719 -126.346
5.6295 -27.3719 -126.346
8.63239 -21.9397 -126.346
8.63239 -21.9397 -126.346
7.61123 -21.3752 -126.346
7.81185 -21.0122 -126.346
4.94872 -19.4295 -126.346
2.70279 -18.188 -126.346
-0.0903263 -16.644 -126.346
-2.29629 -15.4246 -126.346
-5.14858 -13.8479 -126.346
-6.22374 -13.7273 -126.346
-9.22663 -19.1596 -126.346
-9.22663 -19.1596 -126.346
-1.79857 -23.2658 -126.346
-27.4097 4.35763 -126.346
-35.216 -9.76411 -126.346
-16.2512 -20.2477 -126.346
-29.3565 -1.0852 -126.346
-26.5963 3.90802 -126.346
-26.5963 3.90802 -126.346
-9.70617 21.1595 -126.346
-6.83124 26.3603 -126.346
7.89694 23.4366 -126.346
-11.0678 33.9201 -126.346
-11.0678 33.9201 -126.346
-13.2608 29.953 -126.346
-33.8637 51.1333 -221.837
-46.1961 28.824 -221.837
-46.1961 28.824 -221.837
-47.2471 26.9228 -221.837
-47.2471 26.9228 -221.837
-66.5921 40.0987 -221.837
-60.4809 51.154 -221.837
-43.9945 54.995 -221.837
-42.8321 57.0977 -221.837
42.244 9.06179 -221.837
78.5251 -10.994 -221.837
71.2272 -24.1962 -221.837
66.8989 -32.0262 -221.837
-62.0543 0.136344 -221.837
-62.0543 0.136344 -221.837
-60.5286 2.89632 -221.837
-60.5286 2.89632 -221.837
9.63732 -10.5526 151.813
28.107 -0.266645 85.4443
-0.612192 15.609 85.4443
23.7658 2.1331 69.0931
18.8994 4.82324 20.2627
18.8994 4.82324 -53.0416
21.1493 3.57948 20.2627
21.1493 3.57948 -53.0416
8.83666 10.3858 20.2627
8.83666 10.3858 -53.0416
11.0981 9.13572 20.2627
11.0981 9.13572 -53.0416
28.3358 0.147246 85.4443
30.2575 -0.915015 85.4443
23.9946 2.54699 85.4091
23.9946 2.54699 77.2511
23.9946 2.54699 69.0931
23.9946 2.54699 60.9352
23.9946 2.54699 52.7772
6.23669 12.3634 83.7775
6.23669 12.3634 73.9879
6.23669 12.3634 64.1984
6.23669 12.3634 54.4088
11.3269 9.54961 56.9149
11.3269 9.54961 20.2627
11.3269 9.54961 -16.3895
11.3269 9.54961 -53.0416
11.3269 9.54961 -89.6938
14.075 8.03045 56.9149
14.075 8.03045 20.2627
14.075 8.03045 -16.3895
14.075 8.03045 -53.0416
14.075 8.03045 -89.6938
23.7626 -22.2588 85.4443
25.3162 -19.4482 85.4443
32.3205 -7.86023 85.4443
31.0892 -10.0876 85.4443
29.6245 -12.7372 85.4443
25.7747 -19.7016 85.4443
26.9841 -17.5137 85.4443
24.1865 -22.4931 85.4443
23.0386 -24.5698 85.4443
22.587 -24.3202 85.4443
-7.18305 -12.7232 49.5141
-7.18305 -12.7232 54.4088
-7.18305 -12.7232 59.3036
-7.18305 -12.7232 64.1984
-7.18305 -12.7232 69.0931
-7.18305 -12.7232 73.9879
-7.18305 -12.7232 78.8827
-7.18305 -12.7232 83.7775
-7.18305 -12.7232 88.6722
9.84629 -22.6107 69.0931
-6.44625 13.7128 85.4443
-14.8735 -0.746615 88.1519
-14.8735 -0.746615 82.7367
-10.7401 6.73081 85.4443
-9.50893 8.95798 85.4443
-8.03261 11.6287 85.4443
-6.77889 13.8967 85.4443
-6.83124 26.3603 -40.8633
2.83428 -7.00272 151.727
2.57438 -5.61404 145.074
2.57438 -5.61404 134.823
2.57438 -5.61404 124.571
8.06306 0.171282 147.124
8.06306 0.171282 138.923
8.06306 0.171282 130.722
8.06306 0.171282 122.521
2.18524 -6.6923 143.426
2.18524 -6.6923 138.724
7.48365 0.404384 118.077
7.48365 0.404384 121.833
7.48365 0.404384 125.59
7.48365 0.404384 129.346
7.48365 0.404384 133.103
7.48365 0.404384 136.859
7.48365 0.404384 140.616
7.48365 0.404384 144.372
13.9048 -5.42328 127.494
13.9048 -5.42328 120.907
13.3662 -6.62216 147.124
13.3662 -6.62216 138.923
13.3662 -6.62216 130.722
13.3662 -6.62216 122.521
12.8536 -7.9387 147.124
12.8536 -7.9387 138.923
12.8536 -7.9387 130.722
12.8536 -7.9387 122.521
2.90921 -7.73477 131.224
2.32612 -5.70055 124.171
5.21264 -0.353821 127.454
5.21264 -0.353821 120.887
29.79 -2.1424 97.223
7.72551 -4.96054 214.142
7.72551 -4.96054 215.424
7.72551 -4.96054 216.707
7.72551 -4.96054 217.989
7.72551 -4.96054 219.272
7.72551 -4.96054 220.555
7.93218 -4.87023 214.142
7.93218 -4.87023 215.424
7.93218 -4.87023 216.707
7.93218 -4.87023 217.989
7.93218 -4.87023 219.272
7.93218 -4.87023 220.555
6.04277 -4.98584 170.658
6.04277 -4.98584 179.492
6.04277 -4.98584 188.326
6.45899 -6.48454 170.658
6.45899 -6.48454 179.492
6.45899 -6.48454 188.326
3  7 8 9  128 64 0
3  6 9 10  128 64 0
3  9 6 7  128 64 0
3  5 11 4  128 64 0
3  5 6 10  128 64 0
3  11 5 10  128 64 0
3  4 12 3  128 64 0
3  3 12 13  128 64 0
3  2 3 13  128 64 0
3  2 0 1  128 64 0
3  2 13 0  128 64 0
3  11 12 4  128 64 0
3  26 18 17  0 0 255
3  26 17 25  0 0 255
3  27 22 20  0 0 255
3  23 24 27  0 0 255
3  20 23 27  0 0 255
3  21 24 23  0 0 255
3  21 23 18  0 0 255
3  22 29 28  0 0 255
3  22 28 20  0 0 255
3  23 20 19  0 0 255
3  17 18 23  0 0 255
3  19 17 23  0 0 255
3  30 31 28  0 0 255
3  19 28 31  0 0 255
3  28 19 20  0 0 255
3  19 31 32  0 0 255
3  16 30 29  0 0 255
3  28 29 30  0 0 255
3  29 15 16  0 0 255
3  22 27 15  0 0 255
3  15 24 21  0 0 255
3  22 15 29  0 0 255
3  25 32 33  0 0 255
3  14 25 33  0 0 255
3  17 32 25  0 0 255
3  14 15 21  0 0 255
3  14 21 26  0 0 255
3  25 14 26  0 0 255
3  18 26 21  0 0 255
3  27 24 15  0 0 255
3  32 17 19  0 0 255
3  90 91 83  255 0 255
3  90 83 65  255 0 255
3  65 83 85  255 0 255
3  65 85 82  255 0 255
3  85 55 47  255 0 255
3  85 47 84  255 0 255
3  82 85 84  255 0 255
3  82 84 64  255 0 255
3  82 64 49  255 0 255
3  63 65 82  255 0 255
3  49 63 82  255 0 255
3  49 64 88  255 0 255
3  49 88 86  255 0 255
3  84 47 59  255 0 255
3  88 64 84  255 0 255
3  59 88 84  255 0 255
3  88 59 36  255 0 255
3  88 36 87  255 0 255
3  86 88 87  255 0 255
3  86 87 48  255 0 255
3  73 71 51  255 0 255
3  73 51 72  255 0 255
3  56 73 72  255 0 255
3  56 72 53  255 0 255
3  81 66 58  255 0 255
3  81 58 80  255 0 255
3  79 81 80  255 0 255
3  79 80 55  255 0 255
3  75 67 76  255 0 255
3  75 76 78  255 0 255
3  78 76 70  255 0 255
3  78 70 77  255 0 255
3  74 78 77  255 0 255
3  74 77 66  255 0 255
3  76 67 54  255 0 255
3  68 70 76  255 0 255
3  54 68 76  255 0 255
3  70 68 56  255 0 255
3  70 56 69  255 0 255
3  77 70 69  255 0 255
3  58 66 77  255 0 255
3  69 58 77  255 0 255
3  69 56 53  255 0 255
3  57 58 69  255 0 255
3  53 57 69  255 0 255
3  80 58 57  255 0 255
3  47 55 80  255 0 255
3  57 47 80  255 0 255
3  57 53 62  255 0 255
3  59 47 57  255 0 255
3  62 59 57  255 0 255
3  72 51 60  255 0 255
3  62 53 72  255 0 255
3  60 62 72  255 0 255
3  62 60 38  255 0 255
3  62 38 61  255 0 255
3  59 62 61  255 0 255
3  59 61 36  255 0 255
3  61 38 39  255 0 255
3  37 36 61  255 0 255
3  39 37 61  255 0 255
3  87 36 37  255 0 255
3  89 48 87  255 0 255
3  37 89 87  255 0 255
3  35 40 39  255 0 255
3  41 39 40  255 0 255
3  34 60 51  255 0 255
3  39 34 35  255 0 255
3  39 38 34  255 0 255
3  38 60 34  255 0 255
3  92 34 51  255 0 255
3  54 71 73  255 0 255
3  68 73 56  255 0 255
3  92 94 34  255 0 255
3  71 92 51  255 0 255
3  71 54 92  255 0 255
3  93 94 92  255 0 255
3  52 92 54  255 0 255
3  68 54 73  255 0 255
3  74 50 78  255 0 255
3  46 50 74  255 0 255
3  75 78 50  255 0 255
3  52 67 75  255 0 255
3  50 52 75  255 0 255
3  54 67 52  255 0 255
3  89 37 41  255 0 255
3  79 55 85  255 0 255
3  89 41 42  255 0 255
3  89 43 48  255 0 255
3  43 86 48  255 0 255
3  43 49 86  255 0 255
3  49 43 44  255 0 255
3  42 43 89  255 0 255
3  46 81 79  255 0 255
3  91 45 46  255 0 255
3  46 74 81  255 0 255
3  79 85 46  255 0 255
3  81 74 66  255 0 255
3  83 46 85  255 0 255
3  90 65 63  255 0 255
3  45 90 44  255 0 255
3  63 44 90  255 0 255
3  91 90 45  255 0 255
3  44 63 49  255 0 255
3  46 83 91  255 0 255
3  41 37 39  255 0 255
3  1299 1301 1302  128 0 128
3  1299 1302 1300  128 0 128
3  1302 1305 1306  128 0 128
3  1302 1306 1304  128 0 128
3  1297 1298 1303  128 0 128
3  1306 1305 1297  128 0 128
3  1304 1306 1297  128 0 128
3  1304 1297 1307  128 0 128
3  1297 1305 1313  128 0 128
3  1313 1301 1312  128 0 128
3  1301 1313 1305  128 0 128
3  1307 1297 1303  128 0 128
3  1302 1304 1300  128 0 128
3  1307 1300 1304  128 0 128
3  1309 1300 1308  128 0 128
3  1307 1308 1300  128 0 128
3  1311 1301 1299  128 0 128
3  1310 1311 1309  128 0 128
3  1299 1309 1311  128 0 128
3  1299 1300 1309  128 0 128
3  1312 1301 1311  128 0 128
3  1305 1302 1301  128 0 128
3  2310 2309 2359  64 0 128
3  2308 2359 2309  64 0 128
3  2650 2651 2653  255 64 255
3  2652 2650 2653  255 64 255
3  2636 2649 2650  255 64 255
3  2637 2636 2650  255 64 255
3  2654 2655 2649  255 64 255
3  2636 2654 2649  255 64 255
3  2658 2654 2636  255 64 255
3  2638 2658 2636  255 64 255
3  2638 2636 2637  255 64 255
3  2639 2638 2637  255 64 255
3  2641 2639 2640  255 64 255
3  2642 2641 2640  255 64 255
3  2632 2657 2658  255 64 255
3  2638 2633 2632  255 64 255
3  2658 2638 2632  255 64 255
3  2657 2656 2658  255 64 255
3  2641 2633 2638  255 64 255
3  2633 2641 2634  255 64 255
3  2648 2647 2655  255 64 255
3  2656 2648 2655  255 64 255
3  2655 2654 2656  255 64 255
3  2646 2651 2649  255 64 255
3  2646 2649 2655  255 64 255
3  2646 2655 2647  255 64 255
3  2658 2656 2654  255 64 255
3  2638 2639 2641  255 64 255
3  2642 2640 2635  255 64 255
3  2639 2637 2640  255 64 255
3  2643 2635 2640  255 64 255
3  2642 2635 2634  255 64 255
3  2634 2641 2642  255 64 255
3  2640 2637 2643  255 64 255
3  2637 2650 2652  255 64 255
3  2651 2650 2649  255 64 255
3  2652 2653 2644  255 64 255
3  2645 2644 2653  255 64 255
3  2643 2652 2644  255 64 255
3  2645 2653 2651  255 64 255
3  2643 2637 2652  255 64 255
3  2645 2651 2646  255 64 255
3  2705 2707 2708  255 64 255
3  2735 2705 2708  255 64 255
3  2731 2732 2728  255 64 255
3  2719 2731 2728  255 64 255
3  2731 2719 2733  255 64 255
3  2731 2733 2736  255 64 255
3  2735 2736 2733  255 64 255
3  2705 2735 2733  255 64 255
3  2704 2708 2707  255 64 255
3  2714 2704 2707  255 64 255
3  2714 2705 2715  255 64 255
3  2705 2714 2707  255 64 255
3  2733 2719 2715  255 64 255
3  2728 2732 2716  255 64 255
3  2728 2715 2719  255 64 255
3  2705 2733 2715  255 64 255
3  2728 2716 2715  255 64 255
3  2742 2740 10291  255 64 255
3  10291 2720 2742  255 64 255
3  2668 10288 2667  255 64 255
3  2740 2667 10288  255 64 255
3  2729 2739 2716  255 64 255
3  2716 2746 2717  255 64 255
3  2746 2716 2739  255 64 255
3  2732 2729 2716  255 64 255
3  2746 2739 2737  255 64 255
3  2720 10291 2737  255 64 255
3  2737 10291 2746  255 64 255
3  2740 10288 10291  255 64 255
3  10289 9873 40  128 255 255
3  2632 10289 40  128 255 255
3  2776 2774 10292  128 255 255
3  2776 10292 2775  128 255 255
3  2777 9864 2774  128 255 255
3  2777 2774 2776  128 255 255
3  2778 2776 2775  128 255 255
3  2778 2775 10290  128 255 255
3  9862 2777 2776  128 255 255
3  9862 2776 2778  128 255 255
3  2309 2311 10291  128 255 255
3  2309 10291 10288  128 255 255
3  2644 7 9866  72 61 139
3  2643 2644 9866  72 61 139
3  2643 9866 9865  72 61 139
3  2635 2643 9865  72 61 139
3  7 2644 2645  255 128 64
3  8 7 2645  255 128 64
3  2780 10293 9875  255 128 64
3  2780 9875 2779  255 128 64
3  10294 2780 2779  255 128 64
3  10294 2779 9877  255 128 64
3  9869 2646 2647  255 128 64
3  9870 9869 2647  255 128 64
3  93 2781 2782  255 128 64
3  94 93 2782  255 128 64
3  2781 2647 2648  255 128 64
3  2782 2781 2648  255 128 64
3  94 2648 2656  255 0 0
3  34 94 2656  255 0 0
3  2787 2783 9871  123 104 238
3  2787 9871 2786  123 104 238
3  2788 2784 2783  123 104 238
3  2788 2783 2787  123 104 238
3  2789 2785 2784  123 104 238
3  2789 2784 2788  123 104 238
3  2790 10295 2785  123 104 238
3  2790 2785 2789  123 104 238
3  2791 2787 2786  123 104 238
3  2791 2786 9872  123 104 238
3  2792 2788 2787  123 104 238
3  2792 2787 2791  123 104 238
3  2793 2789 2788  123 104 238
3  2793 2788 2792  123 104 238
3  10296 2790 2789  123 104 238
3  10296 2789 2793  123 104 238
3  35 2657 2632  255 228 196
3  40 35 2632  255 228 196
3  9874 9876 9867  128 128 0
3  9874 9867 9863  128 128 0
3  45 31 30  128 64 0
3  46 45 30  128 64 0
3  46 30 16  128 64 0
3  50 46 16  128 64 0
3  15 2794 2796  192 0 192
3  16 15 2796  192 0 192
3  2794 2795 2797  192 0 192
3  2796 2794 2797  192 0 192
3  2795 52 50  192 0 192
3  2797 2795 50  192 0 192
3  9878 9868 2799  128 64 0
3  2798 9878 2799  128 64 0
3  2798 2799 14  128 64 0
3  92 2798 14  128 64 0
3  33 93 92  255 0 0
3  14 33 92  255 0 0
3  2309 10288 2668  255 64 255
3  2308 2309 2668  255 64 255
3  2714 1310 1309  192 192 0
3  2813 2714 1309  192 192 0
3  2813 1309 1308  192 192 0
3  10303 2813 1308  192 192 0
3  1310 2714 2715  128 64 0
3  10044 1310 2715  128 64 0
3  10044 2715 2716  255 255 64
3  10043 10044 2716  255 255 64
3  1297 2814 2815  64 0 128
3  1298 1297 2815  64 0 128
3  2814 2716 2717  64 0 128
3  2815 2814 2717  64 0 128
3  1298 2815 2816  0 0 255
3  1303 1298 2816  0 0 255
3  2815 2717 2746  0 0 255
3  2816 2815 2746  0 0 255
3  2312 2817 2818  128 255 255
3  10207 2312 2818  128 255 255
3  2817 2746 10291  128 255 255
3  2818 2817 10291  128 255 255
3  102 100 99  0 255 0
3  102 99 101  0 255 0
3  106 104 103  64 128 255
3  106 103 105  64 128 255
3  108 138 140  255 0 0
3  108 140 137  255 0 0
3  137 140 139  255 0 0
3  137 139 107  255 0 0
3  137 107 110  255 0 0
3  111 108 137  255 0 0
3  110 111 137  255 0 0
3  112 109 108  255 0 0
3  112 108 111  255 0 0
3  114 111 110  255 0 0
3  114 110 113  255 0 0
3  115 112 111  255 0 0
3  115 111 114  255 0 0
3  140 116 139  255 0 0
3  117 139 116  255 0 0
3  135 136 140  255 0 0
3  116 140 136  255 0 0
3  110 107 118  255 0 0
3  139 117 107  255 0 0
3  118 107 117  255 0 0
3  134 135 138  255 0 0
3  138 135 140  255 0 0
3  134 109 133  255 0 0
3  109 134 138  255 0 0
3  133 109 132  255 0 0
3  112 131 109  255 0 0
3  109 131 132  255 0 0
3  108 109 138  255 0 0
3  118 119 110  255 0 0
3  110 120 121  255 0 0
3  121 113 110  255 0 0
3  113 121 122  255 0 0
3  119 120 110  255 0 0
3  113 123 114  255 0 0
3  125 114 124  255 0 0
3  123 124 114  255 0 0
3  122 123 113  255 0 0
3  129 112 115  255 0 0
3  112 129 130  255 0 0
3  129 115 128  255 0 0
3  112 130 131  255 0 0
3  126 127 115  255 0 0
3  127 128 115  255 0 0
3  126 115 114  255 0 0
3  114 125 126  255 0 0
3  142 172 174  128 255 128
3  142 174 171  128 255 128
3  174 176 177  128 255 128
3  174 177 175  128 255 128
3  175 173 141  128 255 128
3  171 174 175  128 255 128
3  141 171 175  128 255 128
3  171 141 144  128 255 128
3  145 142 171  128 255 128
3  144 145 171  128 255 128
3  146 143 142  128 255 128
3  146 142 145  128 255 128
3  148 145 144  128 255 128
3  148 144 147  128 255 128
3  149 146 145  128 255 128
3  149 145 148  128 255 128
3  175 177 150  128 255 128
3  151 173 150  128 255 128
3  176 170 177  128 255 128
3  150 177 170  128 255 128
3  175 150 173  128 255 128
3  141 151 152  128 255 128
3  151 141 173  128 255 128
3  172 168 169  128 255 128
3  170 176 169  128 255 128
3  168 143 167  128 255 128
3  176 172 169  128 255 128
3  176 174 172  128 255 128
3  167 143 166  128 255 128
3  142 143 172  128 255 128
3  165 166 143  128 255 128
3  172 143 168  128 255 128
3  152 144 141  128 255 128
3  144 153 154  128 255 128
3  147 144 155  128 255 128
3  154 155 144  128 255 128
3  157 147 156  128 255 128
3  155 156 147  128 255 128
3  158 148 157  128 255 128
3  147 157 148  128 255 128
3  159 148 158  128 255 128
3  164 165 146  128 255 128
3  146 165 143  128 255 128
3  146 163 164  128 255 128
3  163 146 149  128 255 128
3  148 160 149  128 255 128
3  162 149 161  128 255 128
3  160 161 149  128 255 128
3  163 149 162  128 255 128
3  148 159 160  128 255 128
3  153 144 152  128 255 128
3  181 179 178  128 255 255
3  181 178 180  128 255 255
3  183 181 180  128 255 255
3  183 180 182  128 255 255
3  95 98 2472  255 0 0
3  98 2471 2472  255 0 0
3  96 2626 95  255 0 0
3  2626 98 95  255 0 0
3  187 185 184  128 255 255
3  187 184 186  128 255 255
3  189 187 186  128 255 255
3  189 186 188  128 255 255
3  190 191 193  0 192 0
3  192 190 193  0 192 0
3  194 195 197  0 192 0
3  196 194 197  0 192 0
3  196 197 199  0 192 0
3  198 196 199  0 192 0
3  206 200 201  0 255 255
3  202 206 201  0 255 255
3  206 203 204  0 255 255
3  204 205 206  0 255 255
3  202 203 206  0 255 255
3  213 210 211  0 255 255
3  212 213 211  0 255 255
3  208 213 207  0 255 255
3  208 209 210  0 255 255
3  213 208 210  0 255 255
3  510 503 214  255 255 128
3  492 504 510  255 255 128
3  214 492 510  255 255 128
3  509 503 510  255 255 128
3  494 493 491  255 255 128
3  215 483 494  255 255 128
3  491 215 494  255 255 128
3  483 495 497  255 255 128
3  483 497 494  255 255 128
3  494 497 496  255 255 128
3  494 496 493  255 255 128
3  493 496 502  255 255 128
3  493 502 500  255 255 128
3  500 502 501  255 255 128
3  500 501 492  255 255 128
3  500 492 214  255 255 128
3  491 493 500  255 255 128
3  214 491 500  255 255 128
3  485 484 482  255 255 128
3  216 473 485  255 255 128
3  482 216 485  255 255 128
3  473 486 488  255 255 128
3  473 488 485  255 255 128
3  485 488 487  255 255 128
3  485 487 484  255 255 128
3  482 484 483  255 255 128
3  482 483 215  255 255 128
3  477 474 472  255 255 128
3  217 464 477  255 255 128
3  472 217 477  255 255 128
3  464 470 479  255 255 128
3  464 479 477  255 255 128
3  477 479 478  255 255 128
3  477 478 474  255 255 128
3  472 474 473  255 255 128
3  472 473 216  255 255 128
3  218 455 465  255 255 128
3  218 465 463  255 255 128
3  465 469 471  255 255 128
3  465 471 468  255 255 128
3  468 471 470  255 255 128
3  468 470 464  255 255 128
3  468 464 217  255 255 128
3  463 465 468  255 255 128
3  217 463 468  255 255 128
3  219 443 456  255 255 128
3  219 456 454  255 255 128
3  456 460 462  255 255 128
3  456 462 459  255 255 128
3  459 462 461  255 255 128
3  459 461 455  255 255 128
3  459 455 218  255 255 128
3  454 456 459  255 255 128
3  218 454 459  255 255 128
3  445 444 442  255 255 128
3  220 433 445  255 255 128
3  442 220 445  255 255 128
3  433 446 448  255 255 128
3  433 448 445  255 255 128
3  445 448 447  255 255 128
3  445 447 444  255 255 128
3  444 447 453  255 255 128
3  444 453 451  255 255 128
3  451 453 452  255 255 128
3  451 452 443  255 255 128
3  451 443 219  255 255 128
3  442 444 451  255 255 128
3  219 442 451  255 255 128
3  437 424 431  255 255 128
3  437 434 433  255 255 128
3  220 424 437  255 255 128
3  433 220 437  255 255 128
3  221 512 513  255 255 128
3  221 513 511  255 255 128
3  517 513 512  255 255 128
3  214 503 517  255 255 128
3  512 214 517  255 255 128
3  513 517 518  255 255 128
3  513 518 516  255 255 128
3  491 214 512  255 255 128
3  512 221 222  255 255 128
3  222 215 491  255 255 128
3  491 512 222  255 255 128
3  482 215 222  255 255 128
3  223 216 482  255 255 128
3  222 223 482  255 255 128
3  472 216 223  255 255 128
3  224 217 472  255 255 128
3  223 224 472  255 255 128
3  463 217 224  255 255 128
3  225 218 463  255 255 128
3  224 225 463  255 255 128
3  454 218 225  255 255 128
3  226 219 454  255 255 128
3  225 226 454  255 255 128
3  425 220 442  255 255 128
3  442 219 226  255 255 128
3  226 227 425  255 255 128
3  425 442 226  255 255 128
3  431 424 432  255 255 128
3  432 426 430  255 255 128
3  432 424 220  255 255 128
3  425 426 432  255 255 128
3  220 425 432  255 255 128
3  412 426 425  255 255 128
3  412 425 227  255 255 128
3  531 522 228  255 255 128
3  523 524 531  255 255 128
3  228 523 531  255 255 128
3  526 524 523  255 255 128
3  221 511 526  255 255 128
3  523 221 526  255 255 128
3  524 526 527  255 255 128
3  524 527 525  255 255 128
3  522 531 532  255 255 128
3  522 532 530  255 255 128
3  523 228 229  255 255 128
3  222 221 523  255 255 128
3  229 222 523  255 255 128
3  230 223 222  255 255 128
3  230 222 229  255 255 128
3  231 224 223  255 255 128
3  231 223 230  255 255 128
3  232 225 224  255 255 128
3  232 224 231  255 255 128
3  233 226 225  255 255 128
3  233 225 232  255 255 128
3  413 227 226  255 255 128
3  233 234 413  255 255 128
3  226 233 413  255 255 128
3  410 419 418  255 255 128
3  410 418 401  255 255 128
3  417 423 422  255 255 128
3  417 422 414  255 255 128
3  422 412 227  255 255 128
3  413 414 422  255 255 128
3  227 413 422  255 255 128
3  418 414 413  255 255 128
3  234 401 418  255 255 128
3  413 234 418  255 255 128
3  543 533 235  255 255 128
3  534 535 543  255 255 128
3  235 534 543  255 255 128
3  539 535 534  255 255 128
3  228 522 539  255 255 128
3  534 228 539  255 255 128
3  538 535 539  255 255 128
3  539 522 530  255 255 128
3  542 533 543  255 255 128
3  543 535 538  255 255 128
3  534 235 236  255 255 128
3  229 228 534  255 255 128
3  236 229 534  255 255 128
3  237 230 229  255 255 128
3  237 229 236  255 255 128
3  238 231 230  255 255 128
3  238 230 237  255 255 128
3  239 232 231  255 255 128
3  239 231 238  255 255 128
3  240 233 232  255 255 128
3  240 232 239  255 255 128
3  402 234 233  255 255 128
3  240 241 402  255 255 128
3  233 240 402  255 255 128
3  406 403 407  255 255 128
3  407 390 399  255 255 128
3  410 401 411  255 255 128
3  411 403 406  255 255 128
3  411 401 234  255 255 128
3  402 403 411  255 255 128
3  234 402 411  255 255 128
3  407 403 402  255 255 128
3  241 390 407  255 255 128
3  402 241 407  255 255 128
3  554 544 242  255 255 128
3  545 546 554  255 255 128
3  242 545 554  255 255 128
3  550 546 545  255 255 128
3  235 533 550  255 255 128
3  545 235 550  255 255 128
3  549 546 550  255 255 128
3  550 533 542  255 255 128
3  553 544 554  255 255 128
3  554 546 549  255 255 128
3  545 242 243  255 255 128
3  236 235 545  255 255 128
3  243 236 545  255 255 128
3  244 237 236  255 255 128
3  244 236 243  255 255 128
3  245 238 237  255 255 128
3  245 237 244  255 255 128
3  246 239 238  255 255 128
3  246 238 245  255 255 128
3  247 240 239  255 255 128
3  247 239 246  255 255 128
3  391 241 240  255 255 128
3  247 248 391  255 255 128
3  240 247 391  255 255 128
3  395 392 396  255 255 128
3  396 379 387  255 255 128
3  399 390 400  255 255 128
3  400 392 395  255 255 128
3  400 390 241  255 255 128
3  391 392 400  255 255 128
3  241 391 400  255 255 128
3  396 392 391  255 255 128
3  248 379 396  255 255 128
3  391 248 396  255 255 128
3  565 555 249  255 255 128
3  556 557 565  255 255 128
3  249 556 565  255 255 128
3  561 557 556  255 255 128
3  242 544 561  255 255 128
3  556 242 561  255 255 128
3  561 544 553  255 255 128
3  561 553 562  255 255 128
3  565 557 560  255 255 128
3  565 560 566  255 255 128
3  556 249 250  255 255 128
3  243 242 556  255 255 128
3  250 243 556  255 255 128
3  251 244 243  255 255 128
3  251 243 250  255 255 128
3  252 245 244  255 255 128
3  252 244 251  255 255 128
3  253 246 245  255 255 128
3  253 245 252  255 255 128
3  254 247 246  255 255 128
3  254 246 253  255 255 128
3  380 248 247  255 255 128
3  254 255 380  255 255 128
3  247 254 380  255 255 128
3  384 382 381  255 255 128
3  384 381 383  255 255 128
3  389 387 379  255 255 128
3  389 379 388  255 255 128
3  388 379 248  255 255 128
3  380 381 388  255 255 128
3  248 380 388  255 255 128
3  383 381 380  255 255 128
3  255 368 383  255 255 128
3  380 255 383  255 255 128
3  573 274 256  255 255 128
3  567 568 573  255 255 128
3  256 567 573  255 255 128
3  567 249 555  255 255 128
3  567 555 568  255 255 128
3  572 274 573  255 255 128
3  573 568 574  255 255 128
3  567 256 267  255 255 128
3  267 257 250  255 255 128
3  250 249 567  255 255 128
3  567 267 250  255 255 128
3  286 258 251  255 255 128
3  250 257 286  255 255 128
3  251 250 286  255 255 128
3  299 259 252  255 255 128
3  251 258 299  255 255 128
3  252 251 299  255 255 128
3  313 260 253  255 255 128
3  252 259 313  255 255 128
3  253 252 313  255 255 128
3  327 261 254  255 255 128
3  253 260 327  255 255 128
3  254 253 327  255 255 128
3  340 262 369  255 255 128
3  369 255 254  255 255 128
3  254 261 340  255 255 128
3  340 369 254  255 255 128
3  375 373 370  255 255 128
3  375 370 374  255 255 128
3  370 368 255  255 255 128
3  370 255 369  255 255 128
3  374 370 369  255 255 128
3  262 356 374  255 255 128
3  369 262 374  255 255 128
3  272 268 277  255 255 128
3  272 277 279  255 255 128
3  279 277 275  255 255 128
3  279 275 278  255 255 128
3  577 275 277  255 255 128
3  277 268 256  255 255 128
3  256 274 577  255 255 128
3  577 277 256  255 255 128
3  577 274 572  255 255 128
3  288 284 289  255 255 128
3  288 282 266  255 255 128
3  283 284 288  255 255 128
3  266 283 288  255 255 128
3  284 283 269  255 255 128
3  284 269 270  255 255 128
3  283 266 257  255 255 128
3  267 269 283  255 255 128
3  257 267 283  255 255 128
3  271 269 267  255 255 128
3  256 268 271  255 255 128
3  267 256 271  255 255 128
3  270 269 271  255 255 128
3  270 271 273  255 255 128
3  276 273 271  255 255 128
3  268 272 276  255 255 128
3  271 268 276  255 255 128
3  301 295 302  255 255 128
3  301 302 303  255 255 128
3  302 295 285  255 255 128
3  296 297 302  255 255 128
3  285 296 302  255 255 128
3  297 296 287  255 255 128
3  297 287 290  255 255 128
3  296 285 258  255 255 128
3  286 287 296  255 255 128
3  258 286 296  255 255 128
3  291 287 286  255 255 128
3  257 266 291  255 255 128
3  286 257 291  255 255 128
3  290 287 291  255 255 128
3  290 291 292  255 255 128
3  292 291 266  255 255 128
3  292 266 282  255 255 128
3  309 298 310  255 255 128
3  309 310 311  255 255 128
3  315 311 310  255 255 128
3  300 304 315  255 255 128
3  310 300 315  255 255 128
3  310 298 259  255 255 128
3  299 300 310  255 255 128
3  259 299 310  255 255 128
3  305 300 299  255 255 128
3  258 285 305  255 255 128
3  299 258 305  255 255 128
3  304 300 305  255 255 128
3  304 305 306  255 255 128
3  306 305 285  255 255 128
3  306 285 295  255 255 128
3  323 312 324  255 255 128
3  323 324 325  255 255 128
3  325 324 314  255 255 128
3  325 314 318  255 255 128
3  324 312 260  255 255 128
3  313 314 324  255 255 128
3  260 313 324  255 255 128
3  319 314 313  255 255 128
3  259 298 319  255 255 128
3  313 259 319  255 255 128
3  321 318 322  255 255 128
3  322 318 314  255 255 128
3  319 320 322  255 255 128
3  314 319 322  255 255 128
3  320 319 298  255 255 128
3  320 298 309  255 255 128
3  344 326 349  255 255 128
3  344 349 350  255 255 128
3  350 349 328  255 255 128
3  350 328 331  255 255 128
3  349 326 261  255 255 128
3  327 328 349  255 255 128
3  261 327 349  255 255 128
3  332 328 327  255 255 128
3  260 312 332  255 255 128
3  327 260 332  255 255 128
3  331 328 332  255 255 128
3  331 332 333  255 255 128
3  334 333 332  255 255 128
3  312 323 334  255 255 128
3  332 312 334  255 255 128
3  336 334 323  255 255 128
3  336 323 335  255 255 128
3  358 353 339  255 255 128
3  354 355 358  255 255 128
3  339 354 358  255 255 128
3  355 354 341  255 255 128
3  355 341 342  255 255 128
3  354 339 262  255 255 128
3  340 341 354  255 255 128
3  262 340 354  255 255 128
3  343 341 340  255 255 128
3  261 326 343  255 255 128
3  340 261 343  255 255 128
3  342 341 343  255 255 128
3  342 343 345  255 255 128
3  347 345 343  255 255 128
3  326 344 347  255 255 128
3  343 326 347  255 255 128
3  346 345 347  255 255 128
3  346 347 348  255 255 128
3  366 356 367  255 255 128
3  360 357 367  255 255 128
3  367 356 262  255 255 128
3  262 339 360  255 255 128
3  360 367 262  255 255 128
3  359 357 360  255 255 128
3  359 360 361  255 255 128
3  361 360 339  255 255 128
3  361 339 353  255 255 128
3  499 505 501  255 255 128
3  504 501 505  255 255 128
3  502 499 501  255 255 128
3  496 498 502  255 255 128
3  499 502 498  255 255 128
3  490 498 496  255 255 128
3  497 490 496  255 255 128
3  504 506 507  255 255 128
3  508 509 507  255 255 128
3  509 508 514  255 255 128
3  509 510 507  255 255 128
3  504 492 501  255 255 128
3  510 504 507  255 255 128
3  503 509 515  255 255 128
3  506 504 505  255 255 128
3  489 495 487  255 255 128
3  497 489 490  255 255 128
3  495 489 497  255 255 128
3  486 475 476  255 255 128
3  486 476 480  255 255 128
3  480 481 486  255 255 128
3  475 479 470  255 255 128
3  487 481 489  255 255 128
3  481 487 488  255 255 128
3  483 484 487  255 255 128
3  483 487 495  255 255 128
3  475 486 478  255 255 128
3  478 486 473  255 255 128
3  478 473 474  255 255 128
3  479 475 478  255 255 128
3  481 488 486  255 255 128
3  509 514 515  255 255 128
3  518 515 516  255 255 128
3  513 516 519  255 255 128
3  515 519 516  255 255 128
3  519 520 511  255 255 128
3  519 511 513  255 255 128
3  527 520 521  255 255 128
3  517 515 518  255 255 128
3  537 538 536  255 255 128
3  536 530 529  255 255 128
3  541 538 540  255 255 128
3  537 540 538  255 255 128
3  525 528 529  255 255 128
3  547 548 549  255 255 128
3  528 525 521  255 255 128
3  547 542 541  255 255 128
3  520 527 526  255 255 128
3  521 525 527  255 255 128
3  511 520 526  255 255 128
3  525 529 524  255 255 128
3  530 532 529  255 255 128
3  538 541 543  255 255 128
3  542 543 541  255 255 128
3  539 536 538  255 255 128
3  530 536 539  255 255 128
3  550 542 547  255 255 128
3  529 531 524  255 255 128
3  529 532 531  255 255 128
3  503 515 517  255 255 128
3  470 471 467  255 255 128
3  461 457 458  255 255 128
3  461 458 466  255 255 128
3  466 467 469  255 255 128
3  457 462 460  255 255 128
3  469 467 471  255 255 128
3  467 475 470  255 255 128
3  466 469 461  255 255 128
3  461 469 465  255 255 128
3  461 465 455  255 255 128
3  460 450 457  255 255 128
3  456 443 452  255 255 128
3  456 452 460  255 255 128
3  457 461 462  255 255 128
3  450 460 452  255 255 128
3  453 449 450  255 255 128
3  453 450 452  255 255 128
3  447 449 453  255 255 128
3  441 448 440  255 255 128
3  441 447 448  255 255 128
3  439 440 446  255 255 128
3  447 441 449  255 255 128
3  440 448 446  255 255 128
3  439 433 434  255 255 128
3  436 438 434  255 255 128
3  434 438 439  255 255 128
3  431 435 436  255 255 128
3  437 436 434  255 255 128
3  433 439 446  255 255 128
3  430 428 432  255 255 128
3  432 428 431  255 255 128
3  426 412 427  255 255 128
3  427 430 426  255 255 128
3  422 423 412  255 255 128
3  436 437 431  255 255 128
3  418 415 414  255 255 128
3  420 423 417  255 255 128
3  417 414 415  255 255 128
3  418 419 415  255 255 128
3  423 421 412  255 255 128
3  421 427 412  255 255 128
3  410 415 419  255 255 128
3  415 416 417  255 255 128
3  417 416 420  255 255 128
3  430 427 428  255 255 128
3  431 428 429  255 255 128
3  421 423 420  255 255 128
3  415 410 409  255 255 128
3  405 406 404  255 255 128
3  404 406 407  255 255 128
3  404 399 398  255 255 128
3  400 398 399  255 255 128
3  404 407 399  255 255 128
3  408 409 406  255 255 128
3  405 408 406  255 255 128
3  395 397 398  255 255 128
3  411 409 410  255 255 128
3  409 411 406  255 255 128
3  395 398 400  255 255 128
3  435 431 429  255 255 128
3  550 547 549  255 255 128
3  549 551 552  255 255 128
3  553 554 552  255 255 128
3  552 554 549  255 255 128
3  558 561 562  255 255 128
3  553 552 558  255 255 128
3  562 553 558  255 255 128
3  560 558 559  255 255 128
3  548 551 549  255 255 128
3  563 560 559  255 255 128
3  571 572 570  255 255 128
3  574 569 570  255 255 128
3  576 572 575  255 255 128
3  571 575 572  255 255 128
3  564 569 555  255 255 128
3  564 566 563  255 255 128
3  578 275 576  255 255 128
3  557 558 560  255 255 128
3  563 566 560  255 255 128
3  557 561 558  255 255 128
3  564 565 566  255 255 128
3  564 555 565  255 255 128
3  569 568 555  255 255 128
3  570 573 574  255 255 128
3  573 570 572  255 255 128
3  576 577 572  255 255 128
3  263 279 278  255 255 128
3  577 576 275  255 255 128
3  275 578 278  255 255 128
3  569 574 568  255 255 128
3  278 578 263  255 255 128
3  264 276 272  255 255 128
3  264 273 276  255 255 128
3  289 284 270  255 255 128
3  281 282 288  255 255 128
3  270 273 265  255 255 128
3  273 264 265  255 255 128
3  288 289 281  255 255 128
3  270 265 289  255 255 128
3  272 279 264  255 255 128
3  280 289 265  255 255 128
3  293 292 281  255 255 128
3  281 292 282  255 255 128
3  289 280 281  255 255 128
3  263 264 279  255 255 128
3  293 302 297  255 255 128
3  308 304 306  255 255 128
3  308 311 315  255 255 128
3  315 304 308  255 255 128
3  306 295 301  255 255 128
3  307 306 301  255 255 128
3  294 301 303  255 255 128
3  303 293 294  255 255 128
3  293 297 290  255 255 128
3  307 301 294  255 255 128
3  316 309 308  255 255 128
3  308 309 311  255 255 128
3  307 308 306  255 255 128
3  293 303 302  255 255 128
3  292 293 290  255 255 128
3  381 386 388  255 255 128
3  387 393 396  255 255 128
3  395 396 393  255 255 128
3  381 382 386  255 255 128
3  389 388 386  255 255 128
3  387 389 386  255 255 128
3  377 384 383  255 255 128
3  370 376 368  255 255 128
3  368 377 383  255 255 128
3  356 366 375  255 255 128
3  356 375 374  255 255 128
3  357 364 367  255 255 128
3  378 382 384  255 255 128
3  385 382 378  255 255 128
3  377 378 384  255 255 128
3  368 376 377  255 255 128
3  395 393 394  255 255 128
3  393 387 386  255 255 128
3  386 382 385  255 255 128
3  372 373 375  255 255 128
3  372 375 366  255 255 128
3  363 364 357  255 255 128
3  367 364 366  255 255 128
3  371 372 366  255 255 128
3  365 371 366  255 255 128
3  365 366 364  255 255 128
3  373 372 376  255 255 128
3  373 376 370  255 255 128
3  363 357 359  255 255 128
3  397 395 394  255 255 128
3  321 325 318  255 255 128
3  331 333 330  255 255 128
3  333 334 330  255 255 128
3  323 325 335  255 255 128
3  317 335 321  255 255 128
3  321 316 317  255 255 128
3  316 320 309  255 255 128
3  335 325 321  255 255 128
3  329 335 317  255 255 128
3  330 334 336  255 255 128
3  330 350 331  255 255 128
3  336 329 330  255 255 128
3  329 336 335  255 255 128
3  316 321 322  255 255 128
3  316 322 320  255 255 128
3  337 347 344  255 255 128
3  346 342 345  255 255 128
3  352 358 355  255 255 128
3  362 361 353  255 255 128
3  358 352 353  255 255 128
3  355 342 352  255 255 128
3  351 342 346  255 255 128
3  338 346 348  255 255 128
3  348 337 338  255 255 128
3  337 344 350  255 255 128
3  351 346 338  255 255 128
3  359 361 362  255 255 128
3  362 353 352  255 255 128
3  352 342 351  255 255 128
3  363 359 362  255 255 128
3  337 348 347  255 255 128
3  350 330 337  255 255 128
3  668 665 667  255 255 64
3  670 668 667  255 255 64
3  666 668 670  255 255 64
3  669 666 670  255 255 64
3  676 671 675  255 255 64
3  678 676 675  255 255 64
3  672 676 678  255 255 64
3  677 672 678  255 255 64
3  579 655 657  255 255 64
3  656 579 657  255 255 64
3  656 657 660  255 255 64
3  660 644 580  255 255 64
3  660 580 656  255 255 64
3  653 654 649  255 255 64
3  646 653 649  255 255 64
3  580 644 653  255 255 64
3  653 646 645  255 255 64
3  653 645 580  255 255 64
3  645 646 650  255 255 64
3  650 635 581  255 255 64
3  650 581 645  255 255 64
3  581 635 643  255 255 64
3  643 637 636  255 255 64
3  643 636 581  255 255 64
3  636 637 640  255 255 64
3  640 626 582  255 255 64
3  640 582 636  255 255 64
3  582 626 634  255 255 64
3  634 628 627  255 255 64
3  634 627 582  255 255 64
3  627 628 631  255 255 64
3  631 622 583  255 255 64
3  631 583 627  255 255 64
3  583 622 625  255 255 64
3  625 624 623  255 255 64
3  625 623 583  255 255 64
3  623 624 621  255 255 64
3  584 623 621  255 255 64
3  615 616 614  255 255 64
3  613 615 614  255 255 64
3  592 591 579  255 255 64
3  656 593 592  255 255 64
3  579 656 592  255 255 64
3  579 591 590  255 255 64
3  593 656 580  255 255 64
3  594 593 580  255 255 64
3  661 655 590  255 255 64
3  590 655 579  255 255 64
3  661 657 655  255 255 64
3  660 658 644  255 255 64
3  658 660 657  255 255 64
3  644 658 652  255 255 64
3  658 657 661  255 255 64
3  645 595 594  255 255 64
3  580 645 594  255 255 64
3  652 653 644  255 255 64
3  645 581 595  255 255 64
3  636 596 595  255 255 64
3  581 636 595  255 255 64
3  652 651 654  255 255 64
3  653 652 654  255 255 64
3  654 651 649  255 255 64
3  649 647 646  255 255 64
3  647 635 650  255 255 64
3  648 649 651  255 255 64
3  649 648 647  255 255 64
3  647 650 646  255 255 64
3  666 589 668  255 255 64
3  666 669 662  255 255 64
3  668 589 665  255 255 64
3  669 670 664  255 255 64
3  667 665 672  255 255 64
3  677 667 672  255 255 64
3  589 666 662  255 255 64
3  665 589 672  255 255 64
3  679 587 586  255 255 64
3  679 588 587  255 255 64
3  676 672 588  255 255 64
3  671 676 588  255 255 64
3  589 588 672  255 255 64
3  679 671 588  255 255 64
3  670 667 664  255 255 64
3  669 664 663  255 255 64
3  677 664 667  255 255 64
3  589 662 590  255 255 64
3  661 659 658  255 255 64
3  663 662 669  255 255 64
3  673 664 677  255 255 64
3  678 675 673  255 255 64
3  679 674 675  255 255 64
3  677 678 673  255 255 64
3  679 586 585  255 255 64
3  673 675 674  255 255 64
3  671 679 675  255 255 64
3  661 590 662  255 255 64
3  596 636 582  255 255 64
3  597 596 582  255 255 64
3  597 582 627  255 255 64
3  583 598 597  255 255 64
3  627 583 597  255 255 64
3  643 642 637  255 255 64
3  642 643 635  255 255 64
3  642 641 637  255 255 64
3  637 638 640  255 255 64
3  640 638 626  255 255 64
3  633 634 626  255 255 64
3  598 583 623  255 255 64
3  599 598 623  255 255 64
3  599 623 584  255 255 64
3  600 599 584  255 255 64
3  600 584 601  255 255 64
3  634 633 628  255 255 64
3  628 629 631  255 255 64
3  625 620 624  255 255 64
3  584 621 602  255 255 64
3  622 620 625  255 255 64
3  631 629 622  255 255 64
3  601 584 602  255 255 64
3  624 618 621  255 255 64
3  639 637 641  255 255 64
3  637 639 638  255 255 64
3  628 630 629  255 255 64
3  622 629 620  255 255 64
3  628 633 632  255 255 64
3  626 638 633  255 255 64
3  628 632 630  255 255 64
3  608 607 606  255 255 64
3  610 609 608  255 255 64
3  620 619 618  255 255 64
3  618 624 620  255 255 64
3  617 615 613  255 255 64
3  615 612 616  255 255 64
3  603 617 613  255 255 64
3  617 603 602  255 255 64
3  618 617 602  255 255 64
3  613 614 603  255 255 64
3  616 612 611  255 255 64
3  611 610 614  255 255 64
3  604 608 605  255 255 64
3  614 604 603  255 255 64
3  608 606 605  255 255 64
3  610 604 614  255 255 64
3  614 616 611  255 255 64
3  608 604 610  255 255 64
3  617 612 615  255 255 64
3  602 621 618  255 255 64
3  647 642 635  255 255 64
3  783 784 786  255 255 64
3  785 783 786  255 255 64
3  791 789 790  255 255 64
3  792 791 790  255 255 64
3  778 774 777  255 255 64
3  769 760 778  255 255 64
3  680 772 774  255 255 64
3  773 680 774  255 255 64
3  773 774 778  255 255 64
3  778 760 681  255 255 64
3  778 681 773  255 255 64
3  766 762 765  255 255 64
3  758 749 766  255 255 64
3  770 771 765  255 255 64
3  762 770 765  255 255 64
3  681 760 770  255 255 64
3  770 762 761  255 255 64
3  770 761 681  255 255 64
3  761 762 766  255 255 64
3  766 749 682  255 255 64
3  766 682 761  255 255 64
3  755 751 754  255 255 64
3  747 737 755  255 255 64
3  759 749 758  255 255 64
3  754 751 759  255 255 64
3  682 749 759  255 255 64
3  759 751 750  255 255 64
3  759 750 682  255 255 64
3  750 751 755  255 255 64
3  755 737 683  255 255 64
3  755 683 750  255 255 64
3  739 742 744  255 255 64
3  743 739 744  255 255 64
3  748 737 747  255 255 64
3  742 739 748  255 255 64
3  683 737 748  255 255 64
3  748 739 738  255 255 64
3  748 738 683  255 255 64
3  738 739 743  255 255 64
3  743 731 684  255 255 64
3  743 684 738  255 255 64
3  736 731 735  255 255 64
3  734 733 736  255 255 64
3  684 731 736  255 255 64
3  736 733 732  255 255 64
3  736 732 684  255 255 64
3  732 733 730  255 255 64
3  685 732 730  255 255 64
3  725 723 713  255 255 64
3  722 725 713  255 255 64
3  724 725 722  255 255 64
3  721 724 722  255 255 64
3  718 716 712  255 255 64
3  715 718 712  255 255 64
3  717 718 715  255 255 64
3  714 717 715  255 255 64
3  693 692 680  255 255 64
3  693 680 694  255 255 64
3  680 692 691  255 255 64
3  681 694 773  255 255 64
3  694 681 695  255 255 64
3  773 694 680  255 255 64
3  779 772 691  255 255 64
3  691 772 680  255 255 64
3  772 777 774  255 255 64
3  778 775 769  255 255 64
3  772 779 777  255 255 64
3  777 775 778  255 255 64
3  777 776 775  255 255 64
3  695 761 696  255 255 64
3  770 760 769  255 255 64
3  771 770 769  255 255 64
3  697 696 682  255 255 64
3  682 750 697  255 255 64
3  682 696 761  255 255 64
3  768 769 775  255 255 64
3  769 768 771  255 255 64
3  763 758 766  255 255 64
3  757 759 758  255 255 64
3  766 765 763  255 255 64
3  771 767 765  255 255 64
3  697 750 683  255 255 64
3  695 681 761  255 255 64
3  757 754 759  255 255 64
3  783 690 784  255 255 64
3  690 783 780  255 255 64
3  690 689 784  255 255 64
3  786 784 782  255 255 64
3  786 781 785  255 255 64
3  782 784 787  255 255 64
3  780 783 785  255 255 64
3  784 689 787  255 255 64
3  688 687 793  255 255 64
3  688 789 689  255 255 64
3  689 791 787  255 255 64
3  688 793 789  255 255 64
3  792 790 788  255 255 64
3  789 791 689  255 255 64
3  792 787 791  255 255 64
3  789 793 790  255 255 64
3  787 792 788  255 255 64
3  777 779 776  255 255 64
3  767 764 765  255 255 64
3  764 763 765  255 255 64
3  758 763 757  255 255 64
3  768 767 771  255 255 64
3  686 793 687  255 255 64
3  788 790 793  255 255 64
3  782 781 786  255 255 64
3  780 785 781  255 255 64
3  754 757 756  255 255 64
3  690 780 691  255 255 64
3  779 691 780  255 255 64
3  754 756 753  255 255 64
3  697 683 698  255 255 64
3  698 683 738  255 255 64
3  698 738 699  255 255 64
3  747 752 746  255 255 64
3  755 752 747  255 255 64
3  748 747 746  255 255 64
3  746 742 748  255 255 64
3  744 742 741  255 255 64
3  740 735 744  255 255 64
3  731 743 744  255 255 64
3  735 731 744  255 255 64
3  742 746 745  255 255 64
3  740 744 741  255 255 64
3  738 684 699  255 255 64
3  753 752 754  255 255 64
3  684 732 700  255 255 64
3  701 700 685  255 255 64
3  702 685 703  255 255 64
3  685 702 701  255 255 64
3  685 700 732  255 255 64
3  699 684 700  255 255 64
3  736 735 729  255 255 64
3  736 729 734  255 255 64
3  729 735 740  255 255 64
3  730 733 734  255 255 64
3  734 729 728  255 255 64
3  727 730 734  255 255 64
3  685 730 703  255 255 64
3  727 703 730  255 255 64
3  742 745 741  255 255 64
3  728 727 734  255 255 64
3  726 724 721  255 255 64
3  726 703 727  255 255 64
3  724 726 720  255 255 64
3  709 716 710  255 255 64
3  708 707 709  255 255 64
3  725 720 719  255 255 64
3  720 725 724  255 255 64
3  717 723 719  255 255 64
3  710 716 711  255 255 64
3  723 725 719  255 255 64
3  713 723 717  255 255 64
3  714 713 717  255 255 64
3  719 711 717  255 255 64
3  704 722 713  255 255 64
3  722 704 721  255 255 64
3  713 714 704  255 255 64
3  705 704 714  255 255 64
3  726 721 704  255 255 64
3  716 718 711  255 255 64
3  705 709 706  255 255 64
3  712 705 715  255 255 64
3  709 707 706  255 255 64
3  712 709 705  255 255 64
3  714 715 705  255 255 64
3  716 709 712  255 255 64
3  711 718 717  255 255 64
3  704 703 726  255 255 64
3  754 752 755  255 255 64
3  794 808 812  128 64 255
3  794 812 799  128 64 255
3  802 809 808  128 64 255
3  802 808 794  128 64 255
3  798 794 799  128 64 255
3  798 799 800  128 64 255
3  803 802 794  128 64 255
3  803 794 798  128 64 255
3  812 810 811  128 64 255
3  799 812 813  128 64 255
3  811 813 812  128 64 255
3  814 799 813  128 64 255
3  808 810 812  128 64 255
3  809 806 807  128 64 255
3  802 805 809  128 64 255
3  806 809 805  128 64 255
3  807 808 809  128 64 255
3  808 807 810  128 64 255
3  795 800 814  128 64 255
3  798 800 796  128 64 255
3  795 796 800  128 64 255
3  797 798 796  128 64 255
3  805 802 804  128 64 255
3  803 804 802  128 64 255
3  801 803 797  128 64 255
3  804 803 801  128 64 255
3  803 798 797  128 64 255
3  814 800 799  128 64 255
3  815 931 937  128 128 255
3  937 932 923  128 128 255
3  937 923 815  128 128 255
3  938 937 931  128 128 255
3  932 937 938  128 128 255
3  924 911 816  128 128 255
3  922 924 816  128 128 255
3  930 928 924  128 128 255
3  927 930 924  128 128 255
3  929 930 927  128 128 255
3  923 929 927  128 128 255
3  815 923 927  128 128 255
3  927 924 922  128 128 255
3  927 922 815  128 128 255
3  910 912 913  128 128 255
3  913 901 817  128 128 255
3  913 817 910  128 128 255
3  916 914 901  128 128 255
3  913 916 901  128 128 255
3  915 916 913  128 128 255
3  912 915 913  128 128 255
3  921 915 912  128 128 255
3  919 921 912  128 128 255
3  920 921 919  128 128 255
3  911 920 919  128 128 255
3  816 911 919  128 128 255
3  919 912 910  128 128 255
3  919 910 816  128 128 255
3  900 902 905  128 128 255
3  905 892 818  128 128 255
3  905 818 900  128 128 255
3  907 898 892  128 128 255
3  905 907 892  128 128 255
3  906 907 905  128 128 255
3  902 906 905  128 128 255
3  901 902 900  128 128 255
3  817 901 900  128 128 255
3  893 883 819  128 128 255
3  891 893 819  128 128 255
3  899 897 893  128 128 255
3  896 899 893  128 128 255
3  898 899 896  128 128 255
3  892 898 896  128 128 255
3  818 892 896  128 128 255
3  896 893 891  128 128 255
3  896 891 818  128 128 255
3  884 869 820  128 128 255
3  882 884 820  128 128 255
3  890 888 884  128 128 255
3  887 890 884  128 128 255
3  889 890 887  128 128 255
3  883 889 887  128 128 255
3  819 883 887  128 128 255
3  887 884 882  128 128 255
3  887 882 819  128 128 255
3  867 870 871  128 128 255
3  871 868 821  128 128 255
3  871 821 867  128 128 255
3  874 872 868  128 128 255
3  871 874 868  128 128 255
3  873 874 871  128 128 255
3  870 873 871  128 128 255
3  881 873 870  128 128 255
3  879 881 870  128 128 255
3  880 881 879  128 128 255
3  869 880 879  128 128 255
3  820 869 879  128 128 255
3  879 870 867  128 128 255
3  879 867 820  128 128 255
3  1213 1212 876  128 128 255
3  868 876 1212  128 128 255
3  1212 875 821  128 128 255
3  1212 821 868  128 128 255
3  975 939 959  128 128 255
3  940 822 975  128 128 255
3  959 941 940  128 128 255
3  940 975 959  128 128 255
3  940 941 945  128 128 255
3  945 931 815  128 128 255
3  945 815 940  128 128 255
3  931 945 946  128 128 255
3  959 971 955  128 128 255
3  959 939 971  128 128 255
3  944 941 959  128 128 255
3  940 922 979  128 128 255
3  940 815 922  128 128 255
3  979 822 940  128 128 255
3  816 823 979  128 128 255
3  922 816 979  128 128 255
3  823 816 910  128 128 255
3  910 817 824  128 128 255
3  910 824 823  128 128 255
3  824 817 900  128 128 255
3  900 818 825  128 128 255
3  900 825 824  128 128 255
3  825 818 891  128 128 255
3  891 819 826  128 128 255
3  891 826 825  128 128 255
3  826 819 882  128 128 255
3  882 820 827  128 128 255
3  882 827 826  128 128 255
3  867 821 1195  128 128 255
3  827 820 867  128 128 255
3  1195 828 827  128 128 255
3  827 867 1195  128 128 255
3  1196 1203 1205  128 128 255
3  1204 1196 1205  128 128 255
3  875 1207 1209  128 128 255
3  1208 875 1209  128 128 255
3  821 875 1208  128 128 255
3  1208 1196 1195  128 128 255
3  1208 1195 821  128 128 255
3  1195 1196 1204  128 128 255
3  1204 1182 828  128 128 255
3  1204 828 1195  128 128 255
3  965 952 973  128 128 255
3  829 950 965  128 128 255
3  973 951 829  128 128 255
3  829 965 973  128 128 255
3  976 974 951  128 128 255
3  973 976 951  128 128 255
3  975 822 974  128 128 255
3  976 975 974  128 128 255
3  976 954 970  128 128 255
3  970 939 975  128 128 255
3  970 975 976  128 128 255
3  973 952 990  128 128 255
3  990 954 976  128 128 255
3  990 976 973  128 128 255
3  991 990 952  128 128 255
3  989 991 952  128 128 255
3  969 954 990  128 128 255
3  991 969 990  128 128 255
3  986 956 992  128 128 255
3  991 962 986  128 128 255
3  992 969 991  128 128 255
3  991 986 992  128 128 255
3  962 991 989  128 128 255
3  953 962 989  128 128 255
3  954 969 993  128 128 255
3  993 972 970  128 128 255
3  993 970 954  128 128 255
3  971 939 970  128 128 255
3  972 971 970  128 128 255
3  971 972 994  128 128 255
3  994 958 955  128 128 255
3  994 955 971  128 128 255
3  995 993 969  128 128 255
3  992 995 969  128 128 255
3  994 972 993  128 128 255
3  995 994 993  128 128 255
3  958 994 995  128 128 255
3  961 958 995  128 128 255
3  992 956 982  128 128 255
3  982 961 995  128 128 255
3  982 995 992  128 128 255
3  984 982 956  128 128 255
3  981 984 956  128 128 255
3  983 961 982  128 128 255
3  984 983 982  128 128 255
3  985 962 953  128 128 255
3  953 963 985  128 128 255
3  988 986 962  128 128 255
3  985 988 962  128 128 255
3  988 960 981  128 128 255
3  981 956 986  128 128 255
3  981 986 988  128 128 255
3  957 960 988  128 128 255
3  987 957 988  128 128 255
3  987 988 985  128 128 255
3  963 987 985  128 128 255
3  965 950 964  128 128 255
3  989 952 965  128 128 255
3  965 953 989  128 128 255
3  980 978 830  128 128 255
3  977 980 830  128 128 255
3  979 823 978  128 128 255
3  980 979 978  128 128 255
3  980 951 974  128 128 255
3  974 822 979  128 128 255
3  974 979 980  128 128 255
3  951 980 977  128 128 255
3  829 951 977  128 128 255
3  831 830 978  128 128 255
3  978 823 824  128 128 255
3  978 824 831  128 128 255
3  824 825 832  128 128 255
3  831 824 832  128 128 255
3  825 826 833  128 128 255
3  832 825 833  128 128 255
3  826 827 834  128 128 255
3  833 826 834  128 128 255
3  827 828 1183  128 128 255
3  1183 835 834  128 128 255
3  1183 834 827  128 128 255
3  1188 1184 1187  128 128 255
3  1180 1171 1188  128 128 255
3  1187 1200 1201  128 128 255
3  1182 1192 1202  128 128 255
3  1202 1194 1193  128 128 255
3  1202 1193 1182  128 128 255
3  1193 1194 1200  128 128 255
3  1200 1187 1184  128 128 255
3  1200 1184 1193  128 128 255
3  828 1182 1193  128 128 255
3  1193 1184 1183  128 128 255
3  1193 1183 828  128 128 255
3  1183 1184 1188  128 128 255
3  1188 1171 835  128 128 255
3  1188 835 1183  128 128 255
3  836 966 1007  128 128 255
3  1007 968 967  128 128 255
3  1007 967 836  128 128 255
3  967 968 1003  128 128 255
3  1003 950 829  128 128 255
3  1003 829 967  128 128 255
3  1003 968 1002  128 128 255
3  964 950 1003  128 128 255
3  1002 968 1007  128 128 255
3  1008 1002 1007  128 128 255
3  967 829 977  128 128 255
3  837 836 967  128 128 255
3  977 830 837  128 128 255
3  837 967 977  128 128 255
3  830 831 838  128 128 255
3  837 830 838  128 128 255
3  831 832 839  128 128 255
3  838 831 839  128 128 255
3  832 833 840  128 128 255
3  839 832 840  128 128 255
3  833 834 841  128 128 255
3  840 833 841  128 128 255
3  834 835 1172  128 128 255
3  1172 842 841  128 128 255
3  1172 841 834  128 128 255
3  1177 1173 1176  128 128 255
3  1169 1160 1177  128 128 255
3  1181 1171 1180  128 128 255
3  1176 1173 1181  128 128 255
3  835 1171 1181  128 128 255
3  1181 1173 1172  128 128 255
3  1181 1172 835  128 128 255
3  1172 1173 1177  128 128 255
3  1177 1160 842  128 128 255
3  1177 842 1172  128 128 255
3  843 1009 1019  128 128 255
3  1019 1011 1010  128 128 255
3  1019 1010 843  128 128 255
3  1010 1011 1015  128 128 255
3  1015 966 836  128 128 255
3  1015 836 1010  128 128 255
3  1015 1011 1014  128 128 255
3  1006 966 1015  128 128 255
3  1019 1009 1018  128 128 255
3  1014 1011 1019  128 128 255
3  844 843 1010  128 128 255
3  1010 836 837  128 128 255
3  1010 837 844  128 128 255
3  837 838 845  128 128 255
3  844 837 845  128 128 255
3  838 839 846  128 128 255
3  845 838 846  128 128 255
3  839 840 847  128 128 255
3  846 839 847  128 128 255
3  840 841 848  128 128 255
3  847 840 848  128 128 255
3  841 842 1161  128 128 255
3  1161 849 848  128 128 255
3  1161 848 841  128 128 255
3  1166 1162 1165  128 128 255
3  1157 1148 1166  128 128 255
3  1170 1160 1169  128 128 255
3  1165 1162 1170  128 128 255
3  842 1160 1170  128 128 255
3  1170 1162 1161  128 128 255
3  1170 1161 842  128 128 255
3  1161 1162 1166  128 128 255
3  1166 1148 849  128 128 255
3  1166 849 1161  128 128 255
3  850 1020 1030  128 128 255
3  1030 1022 1021  128 128 255
3  1030 1021 850  128 128 255
3  1021 1022 1026  128 128 255
3  1026 1009 843  128 128 255
3  1026 843 1021  128 128 255
3  1026 1022 1025  128 128 255
3  1018 1009 1026  128 128 255
3  1025 1022 1030  128 128 255
3  851 850 1021  128 128 255
3  1021 843 844  128 128 255
3  1021 844 851  128 128 255
3  844 845 852  128 128 255
3  851 844 852  128 128 255
3  845 846 853  128 128 255
3  852 845 853  128 128 255
3  846 847 854  128 128 255
3  853 846 854  128 128 255
3  847 848 855  128 128 255
3  854 847 855  128 128 255
3  848 849 1149  128 128 255
3  1149 856 855  128 128 255
3  1149 855 848  128 128 255
3  1153 1150 1152  128 128 255
3  1148 1157 1159  128 128 255
3  1158 1148 1159  128 128 255
3  849 1148 1158  128 128 255
3  1158 1150 1149  128 128 255
3  1158 1149 849  128 128 255
3  1149 1150 1153  128 128 255
3  1153 1138 856  128 128 255
3  1153 856 1149  128 128 255
3  857 1031 1038  128 128 255
3  1038 1033 1032  128 128 255
3  1038 1032 857  128 128 255
3  1020 850 1032  128 128 255
3  1033 1020 1032  128 128 255
3  1039 1038 1031  128 128 255
3  1037 1039 1031  128 128 255
3  1051 857 1032  128 128 255
3  851 858 1051  128 128 255
3  1032 850 851  128 128 255
3  851 1051 1032  128 128 255
3  852 859 1061  128 128 255
3  1061 858 851  128 128 255
3  1061 851 852  128 128 255
3  853 860 1075  128 128 255
3  1075 859 852  128 128 255
3  1075 852 853  128 128 255
3  854 861 1087  128 128 255
3  1087 860 853  128 128 255
3  1087 853 854  128 128 255
3  855 862 1101  128 128 255
3  1101 861 854  128 128 255
3  1101 854 855  128 128 255
3  1139 863 1117  128 128 255
3  855 856 1139  128 128 255
3  1117 862 855  128 128 255
3  855 1139 1117  128 128 255
3  1143 1144 1135  128 128 255
3  1128 1143 1135  128 128 255
3  856 1138 1140  128 128 255
3  1139 856 1140  128 128 255
3  1139 1140 1143  128 128 255
3  1143 1128 863  128 128 255
3  1143 863 1139  128 128 255
3  1040 1041 1044  128 128 255
3  1044 1031 857  128 128 255
3  1044 857 1040  128 128 255
3  1045 1044 1041  128 128 255
3  1058 1050 1057  128 128 255
3  1059 1058 1057  128 128 255
3  1052 1058 1059  128 128 255
3  1053 1052 1059  128 128 255
3  858 1050 1058  128 128 255
3  1058 1052 1051  128 128 255
3  1058 1051 858  128 128 255
3  1051 1052 1054  128 128 255
3  1054 1040 857  128 128 255
3  1054 857 1051  128 128 255
3  1052 1053 1056  128 128 255
3  1056 1055 1054  128 128 255
3  1056 1054 1052  128 128 255
3  1040 1054 1055  128 128 255
3  1060 1071 1077  128 128 255
3  1077 1073 1072  128 128 255
3  1077 1072 1060  128 128 255
3  1062 1072 1073  128 128 255
3  1065 1062 1073  128 128 255
3  859 1060 1072  128 128 255
3  1072 1062 1061  128 128 255
3  1072 1061 859  128 128 255
3  1061 1062 1066  128 128 255
3  1066 1050 858  128 128 255
3  1066 858 1061  128 128 255
3  1066 1062 1065  128 128 255
3  1067 1066 1065  128 128 255
3  1066 1067 1068  128 128 255
3  1068 1057 1050  128 128 255
3  1068 1050 1066  128 128 255
3  1084 1074 1083  128 128 255
3  1085 1084 1083  128 128 255
3  1084 1085 1089  128 128 255
3  1089 1078 1076  128 128 255
3  1089 1076 1084  128 128 255
3  1090 1078 1089  128 128 255
3  860 1074 1084  128 128 255
3  1084 1076 1075  128 128 255
3  1084 1075 860  128 128 255
3  1075 1076 1079  128 128 255
3  1079 1060 859  128 128 255
3  1079 859 1075  128 128 255
3  1079 1076 1078  128 128 255
3  1080 1079 1078  128 128 255
3  1060 1079 1080  128 128 255
3  1071 1060 1080  128 128 255
3  1098 1086 1097  128 128 255
3  1099 1098 1097  128 128 255
3  1088 1098 1099  128 128 255
3  1093 1088 1099  128 128 255
3  861 1086 1098  128 128 255
3  1098 1088 1087  128 128 255
3  1098 1087 861  128 128 255
3  1087 1088 1094  128 128 255
3  1094 1074 860  128 128 255
3  1094 860 1087  128 128 255
3  1088 1093 1096  128 128 255
3  1096 1095 1094  128 128 255
3  1096 1094 1088  128 128 255
3  1074 1094 1095  128 128 255
3  1083 1074 1095  128 128 255
3  1100 1113 1119  128 128 255
3  1119 1115 1114  128 128 255
3  1119 1114 1100  128 128 255
3  1102 1114 1115  128 128 255
3  1105 1102 1115  128 128 255
3  862 1100 1114  128 128 255
3  1114 1102 1101  128 128 255
3  1114 1101 862  128 128 255
3  1101 1102 1106  128 128 255
3  1106 1086 861  128 128 255
3  1106 861 1101  128 128 255
3  1106 1102 1105  128 128 255
3  1107 1106 1105  128 128 255
3  1106 1107 1108  128 128 255
3  1108 1097 1086  128 128 255
3  1108 1086 1106  128 128 255
3  1097 1108 1110  128 128 255
3  1109 1097 1110  128 128 255
3  1126 1116 1125  128 128 255
3  1127 1126 1125  128 128 255
3  1126 1127 1130  128 128 255
3  1130 1120 1118  128 128 255
3  1130 1118 1126  128 128 255
3  863 1116 1126  128 128 255
3  1126 1118 1117  128 128 255
3  1126 1117 863  128 128 255
3  1117 1118 1121  128 128 255
3  1121 1100 862  128 128 255
3  1121 862 1117  128 128 255
3  1121 1118 1120  128 128 255
3  1122 1121 1120  128 128 255
3  1100 1121 1122  128 128 255
3  1113 1100 1122  128 128 255
3  1129 1136 1137  128 128 255
3  863 1128 1136  128 128 255
3  1136 1129 1116  128 128 255
3  1136 1116 863  128 128 255
3  933 929 923  128 128 255
3  926 929 933  128 128 255
3  926 925 928  128 128 255
3  928 930 926  128 128 255
3  930 929 926  128 128 255
3  928 925 920  128 128 255
3  932 934 933  128 128 255
3  938 931 935  128 128 255
3  934 938 935  128 128 255
3  946 936 935  128 128 255
3  936 946 942  128 128 255
3  935 931 946  128 128 255
3  923 932 933  128 128 255
3  932 938 934  128 128 255
3  920 911 924  128 128 255
3  928 920 924  128 128 255
3  915 921 917  128 128 255
3  918 917 920  128 128 255
3  921 920 917  128 128 255
3  925 918 920  128 128 255
3  904 906 908  128 128 255
3  906 904 903  128 128 255
3  909 908 914  128 128 255
3  898 907 903  128 128 255
3  917 909 915  128 128 255
3  909 916 915  128 128 255
3  914 916 909  128 128 255
3  907 906 903  128 128 255
3  906 902 901  128 128 255
3  914 906 901  128 128 255
3  906 914 908  128 128 255
3  898 903 895  128 128 255
3  899 898 895  128 128 255
3  947 983 948  128 128 255
3  996 957 987  128 128 255
3  943 944 947  128 128 255
3  984 949 948  128 128 255
3  996 949 957  128 128 255
3  948 983 984  128 128 255
3  983 955 958  128 128 255
3  960 957 949  128 128 255
3  945 943 946  128 128 255
3  996 987 963  128 128 255
3  996 963 997  128 128 255
3  997 999 998  128 128 255
3  999 997 953  128 128 255
3  953 997 963  128 128 255
3  981 960 949  128 128 255
3  1002 1001 1000  128 128 255
3  964 1000 999  128 128 255
3  959 947 944  128 128 255
3  955 947 959  128 128 255
3  961 983 958  128 128 255
3  983 947 955  128 128 255
3  941 943 945  128 128 255
3  943 941 944  128 128 255
3  1003 1000 964  128 128 255
3  964 999 965  128 128 255
3  1000 1003 1002  128 128 255
3  965 999 953  128 128 255
3  1008 1007 1005  128 128 255
3  1004 1002 1008  128 128 255
3  949 984 981  128 128 255
3  1001 1002 1004  128 128 255
3  946 943 942  128 128 255
3  894 886 889  128 128 255
3  894 897 895  128 128 255
3  889 897 894  128 128 255
3  889 886 885  128 128 255
3  899 895 897  128 128 255
3  888 890 885  128 128 255
3  890 889 885  128 128 255
3  889 883 893  128 128 255
3  897 889 893  128 128 255
3  884 888 880  128 128 255
3  869 884 880  128 128 255
3  885 878 888  128 128 255
3  888 878 880  128 128 255
3  878 877 881  128 128 255
3  881 877 866  128 128 255
3  881 880 878  128 128 255
3  881 866 873  128 128 255
3  872 874 865  128 128 255
3  866 865 873  128 128 255
3  872 865 864  128 128 255
3  873 865 874  128 128 255
3  876 868 864  128 128 255
3  1214 876 864  128 128 255
3  1211 1213 1214  128 128 255
3  1214 1213 876  128 128 255
3  1211 1210 1207  128 128 255
3  1213 1211 1207  128 128 255
3  872 864 868  128 128 255
3  875 1212 1213  128 128 255
3  1207 875 1213  128 128 255
3  1209 1203 1196  128 128 255
3  1208 1209 1196  128 128 255
3  1207 1210 1206  128 128 255
3  1209 1207 1206  128 128 255
3  1199 1198 1205  128 128 255
3  1203 1209 1199  128 128 255
3  1182 1204 1205  128 128 255
3  1192 1182 1205  128 128 255
3  1187 1185 1188  128 128 255
3  1194 1202 1197  128 128 255
3  1200 1194 1191  128 128 255
3  1197 1202 1192  128 128 255
3  1192 1205 1198  128 128 255
3  1199 1205 1203  128 128 255
3  1198 1197 1192  128 128 255
3  1194 1197 1191  128 128 255
3  1189 1201 1190  128 128 255
3  1201 1189 1187  128 128 255
3  1201 1191 1190  128 128 255
3  1200 1191 1201  128 128 255
3  1206 1199 1209  128 128 255
3  1181 1180 1179  128 128 255
3  1176 1179 1178  128 128 255
3  1174 1177 1176  128 128 255
3  1176 1181 1179  128 128 255
3  1176 1175 1174  128 128 255
3  1186 1185 1189  128 128 255
3  1179 1180 1185  128 128 255
3  1175 1176 1178  128 128 255
3  1169 1174 1168  128 128 255
3  1185 1187 1189  128 128 255
3  1180 1188 1185  128 128 255
3  1017 1018 1023  128 128 255
3  1014 1016 1013  128 128 255
3  1014 1017 1016  128 128 255
3  1027 1024 1023  128 128 255
3  1007 966 1005  128 128 255
3  1027 1029 1028  128 128 255
3  1036 1039 1042  128 128 255
3  1027 1025 1029  128 128 255
3  1035 1034 1020  128 128 255
3  1039 1036 1035  128 128 255
3  1043 1042 1037  128 128 255
3  1027 1023 1025  128 128 255
3  1029 1030 1034  128 128 255
3  1006 1015 1012  128 128 255
3  1005 1006 1012  128 128 255
3  1019 1017 1014  128 128 255
3  1012 1014 1013  128 128 255
3  1017 1019 1018  128 128 255
3  1012 1015 1014  128 128 255
3  1026 1023 1018  128 128 255
3  966 1006 1005  128 128 255
3  1025 1030 1029  128 128 255
3  1020 1034 1030  128 128 255
3  1035 1038 1039  128 128 255
3  1026 1025 1023  128 128 255
3  1035 1020 1033  128 128 255
3  1038 1035 1033  128 128 255
3  1043 1037 1031  128 128 255
3  1037 1042 1039  128 128 255
3  1044 1043 1031  128 128 255
3  1044 1045 1043  128 128 255
3  1040 1047 1041  128 128 255
3  1041 1046 1045  128 128 255
3  1046 1043 1045  128 128 255
3  1055 1047 1040  128 128 255
3  1056 1053 1048  128 128 255
3  1048 1055 1056  128 128 255
3  1046 1041 1047  128 128 255
3  1049 1048 1053  128 128 255
3  1059 1049 1053  128 128 255
3  1047 1055 1048  128 128 255
3  1049 1059 1063  128 128 255
3  1057 1068 1064  128 128 255
3  1064 1063 1057  128 128 255
3  1059 1057 1063  128 128 255
3  1064 1068 1067  128 128 255
3  1065 1064 1067  128 128 255
3  1073 1077 1069  128 128 255
3  1065 1069 1064  128 128 255
3  1071 1080 1069  128 128 255
3  1090 1080 1078  128 128 255
3  1069 1077 1071  128 128 255
3  1089 1082 1090  128 128 255
3  1070 1080 1090  128 128 255
3  1081 1070 1090  128 128 255
3  1069 1065 1073  128 128 255
3  1081 1090 1082  128 128 255
3  1091 1082 1083  128 128 255
3  1082 1085 1083  128 128 255
3  1082 1089 1085  128 128 255
3  1069 1080 1070  128 128 255
3  1170 1168 1165  128 128 255
3  1169 1168 1170  128 128 255
3  1163 1166 1165  128 128 255
3  1166 1163 1157  128 128 255
3  1169 1177 1174  128 128 255
3  1153 1146 1138  128 128 255
3  1153 1152 1147  128 128 255
3  1152 1159 1156  128 128 255
3  1159 1152 1150  128 128 255
3  1158 1159 1150  128 128 255
3  1140 1144 1143  128 128 255
3  1138 1145 1140  128 128 255
3  1156 1159 1157  128 128 255
3  1167 1164 1165  128 128 255
3  1147 1152 1154  128 128 255
3  1163 1165 1164  128 128 255
3  1152 1156 1154  128 128 255
3  1165 1168 1167  128 128 255
3  1155 1154 1156  128 128 255
3  1163 1156 1157  128 128 255
3  1151 1147 1154  128 128 255
3  1142 1141 1144  128 128 255
3  1145 1142 1140  128 128 255
3  1144 1141 1135  128 128 255
3  1133 1137 1135  128 128 255
3  1141 1134 1135  128 128 255
3  1145 1138 1146  128 128 255
3  1133 1135 1134  128 128 255
3  1147 1146 1153  128 128 255
3  1140 1142 1144  128 128 255
3  1136 1128 1135  128 128 255
3  1137 1136 1135  128 128 255
3  1096 1093 1091  128 128 255
3  1099 1097 1109  128 128 255
3  1091 1093 1099  128 128 255
3  1108 1107 1104  128 128 255
3  1111 1104 1105  128 128 255
3  1105 1104 1107  128 128 255
3  1092 1099 1109  128 128 255
3  1109 1103 1092  128 128 255
3  1103 1109 1110  128 128 255
3  1091 1095 1096  128 128 255
3  1110 1108 1104  128 128 255
3  1111 1105 1115  128 128 255
3  1110 1104 1103  128 128 255
3  1119 1111 1115  128 128 255
3  1092 1091 1099  128 128 255
3  1095 1091 1083  128 128 255
3  1113 1122 1111  128 128 255
3  1116 1129 1125  128 128 255
3  1137 1133 1132  128 128 255
3  1132 1129 1137  128 128 255
3  1132 1131 1129  128 128 255
3  1123 1122 1120  128 128 255
3  1111 1122 1112  128 128 255
3  1124 1123 1120  128 128 255
3  1123 1112 1122  128 128 255
3  1124 1120 1130  128 128 255
3  1124 1130 1127  128 128 255
3  1131 1125 1129  128 128 255
3  1124 1127 1125  128 128 255
3  1124 1125 1131  128 128 255
3  1119 1113 1111  128 128 255
3  1008 1005 1004  128 128 255
3  1224 1223 1222  128 0 255
3  1221 1220 1218  128 0 255
3  1221 1217 1222  128 0 255
3  1225 1224 1222  128 0 255
3  1215 1225 1217  128 0 255
3  1215 1217 1216  128 0 255
3  1221 1218 1217  128 0 255
3  1219 1218 1220  128 0 255
3  1222 1217 1225  128 0 255
3  1262 1263 1265  255 240 245
3  1264 1262 1265  255 240 245
3  1259 1260 1262  255 240 245
3  1261 1259 1262  255 240 245
3  1255 1227 1259  255 240 245
3  1259 1261 1256  255 240 245
3  1261 1262 1264  255 240 245
3  1262 1260 1263  255 240 245
3  1255 1259 1256  255 240 245
3  1259 1227 1260  255 240 245
3  1256 1264 1257  255 240 245
3  1265 1263 1257  255 240 245
3  1264 1265 1257  255 240 245
3  1257 1263 1227  255 240 245
3  1261 1264 1256  255 240 245
3  1263 1260 1227  255 240 245
3  1228 1253 1229  255 240 245
3  1253 1228 1254  255 240 245
3  1230 1253 1252  255 240 245
3  1253 1230 1229  255 240 245
3  1230 1252 1251  255 240 245
3  1231 1230 1251  255 240 245
3  1254 1228 1227  255 240 245
3  1257 1227 1226  255 240 245
3  1257 1226 1258  255 240 245
3  1255 1254 1227  255 240 245
3  1239 1241 1240  255 240 245
3  1238 1241 1239  255 240 245
3  1242 1241 1238  255 240 245
3  1243 1238 1244  255 240 245
3  1238 1243 1242  255 240 245
3  1244 1237 1245  255 240 245
3  1245 1237 1236  255 240 245
3  1238 1237 1244  255 240 245
3  1245 1236 1235  255 240 245
3  1232 1231 1250  255 240 245
3  1249 1232 1250  255 240 245
3  1232 1249 1233  255 240 245
3  1233 1249 1248  255 240 245
3  1250 1231 1251  255 240 245
3  1235 1234 1247  255 240 245
3  1247 1234 1248  255 240 245
3  1235 1247 1246  255 240 245
3  1245 1235 1246  255 240 245
3  1248 1234 1233  255 240 245
3  1293 1292 1267  255 240 245
3  1293 1267 1294  255 240 245
3  1295 1294 1267  255 240 245
3  1266 1296 1295  255 240 245
3  1266 1295 1267  255 240 245
3  1268 1267 1292  255 240 245
3  1268 1291 1269  255 240 245
3  1291 1268 1292  255 240 245
3  1269 1290 1289  255 240 245
3  1290 1269 1291  255 240 245
3  1271 1270 1288  255 240 245
3  1289 1288 1270  255 240 245
3  1287 1271 1288  255 240 245
3  1289 1270 1269  255 240 245
3  1279 1277 1276  255 240 245
3  1277 1279 1278  255 240 245
3  1276 1280 1279  255 240 245
3  1281 1276 1282  255 240 245
3  1276 1281 1280  255 240 245
3  1282 1275 1283  255 240 245
3  1276 1275 1282  255 240 245
3  1273 1272 1286  255 240 245
3  1287 1286 1272  255 240 245
3  1285 1273 1286  255 240 245
3  1271 1287 1272  255 240 245
3  1283 1274 1284  255 240 245
3  1285 1274 1273  255 240 245
3  1285 1284 1274  255 240 245
3  1274 1283 1275  255 240 245
3  1318 1317 1316  255 0 255
3  1318 1316 1319  255 0 255
3  1315 1319 1316  255 0 255
3  1319 1315 1314  255 0 255
3  1323 1321 1320  128 255 255
3  1323 1320 1322  128 255 255
3  1325 1323 1322  128 255 255
3  1325 1322 1324  128 255 255
3  1326 1327 1330  128 255 255
3  1329 1326 1330  128 255 255
3  1327 1328 1331  128 255 255
3  1330 1327 1331  128 255 255
3  1332 1333 1335  240 128 128
3  1334 1332 1335  240 128 128
3  1334 1335 1337  240 128 128
3  1336 1334 1337  240 128 128
3  1338 1339 1341  240 128 128
3  1340 1338 1341  240 128 128
3  1346 1350 1352  0 255 255
3  1346 1352 1351  0 255 255
3  1349 1342 1352  0 255 255
3  1351 1352 1342  0 255 255
3  1350 1348 1349  0 255 255
3  1352 1350 1349  0 255 255
3  1347 1348 1350  0 255 255
3  1344 1346 1351  0 255 255
3  1342 1343 1351  0 255 255
3  1343 1344 1351  0 255 255
3  1350 1346 1347  0 255 255
3  1345 1347 1344  0 255 255
3  1346 1344 1347  0 255 255
3  1360 1355 1361  0 255 255
3  1360 1361 1362  0 255 255
3  1354 1356 1361  0 255 255
3  1357 1361 1356  0 255 255
3  1353 1354 1363  0 255 255
3  1354 1355 1363  0 255 255
3  1355 1354 1361  0 255 255
3  1358 1362 1357  0 255 255
3  1360 1362 1358  0 255 255
3  1363 1360 1359  0 255 255
3  1358 1359 1360  0 255 255
3  1355 1360 1363  0 255 255
3  1357 1362 1361  0 255 255
3  1371 1370 1368  128 0 255
3  1369 1368 1370  128 0 255
3  1372 1371 1368  128 0 255
3  1364 1372 1365  128 0 255
3  1367 1372 1368  128 0 255
3  1365 1367 1366  128 0 255
3  1367 1365 1372  128 0 255
3  1375 1374 1373  128 0 255
3  1381 1380 1373  128 0 255
3  1375 1373 1380  128 0 255
3  1377 1376 1380  128 0 255
3  1380 1379 1377  128 0 255
3  1379 1378 1377  128 0 255
3  1380 1376 1375  128 0 255
3  1384 1383 1390  128 0 255
3  1382 1390 1383  128 0 255
3  1385 1384 1390  128 0 255
3  1386 1385 1389  128 0 255
3  1388 1386 1389  128 0 255
3  1386 1388 1387  128 0 255
3  1389 1385 1390  128 0 255
3  1397 1396 1395  128 0 255
3  1395 1394 1397  128 0 255
3  1394 1393 1397  128 0 255
3  1391 1399 1393  128 0 255
3  1393 1399 1398  128 0 255
3  1391 1393 1392  128 0 255
3  1393 1398 1397  128 0 255
3  1576 1574 1402  255 0 0
3  1573 1576 1402  255 0 0
3  1575 1576 1573  255 0 0
3  1401 1575 1573  255 0 0
3  1404 1446 1456  255 0 0
3  1456 1448 1447  255 0 0
3  1456 1447 1404  255 0 0
3  1445 1447 1448  255 0 0
3  1458 1456 1446  255 0 0
3  1455 1458 1446  255 0 0
3  1457 1448 1456  255 0 0
3  1458 1457 1456  255 0 0
3  1458 1455 1444  255 0 0
3  1454 1453 1405  255 0 0
3  1452 1454 1405  255 0 0
3  1400 1453 1454  255 0 0
3  1452 1404 1447  255 0 0
3  1447 1445 1454  255 0 0
3  1447 1454 1452  255 0 0
3  1406 1405 1453  255 0 0
3  1453 1400 1401  255 0 0
3  1453 1401 1406  255 0 0
3  1406 1401 1573  255 0 0
3  1573 1402 1407  255 0 0
3  1573 1407 1406  255 0 0
3  1402 1403 1408  255 0 0
3  1407 1402 1408  255 0 0
3  1449 1451 1459  255 0 0
3  1459 1450 1410  255 0 0
3  1459 1410 1449  255 0 0
3  1462 1460 1450  255 0 0
3  1459 1462 1450  255 0 0
3  1446 1404 1460  255 0 0
3  1462 1446 1460  255 0 0
3  1461 1444 1455  255 0 0
3  1455 1446 1462  255 0 0
3  1455 1462 1461  255 0 0
3  1461 1462 1459  255 0 0
3  1451 1461 1459  255 0 0
3  1465 1464 1411  255 0 0
3  1463 1465 1411  255 0 0
3  1452 1405 1464  255 0 0
3  1465 1452 1464  255 0 0
3  1465 1450 1460  255 0 0
3  1460 1404 1452  255 0 0
3  1460 1452 1465  255 0 0
3  1450 1465 1463  255 0 0
3  1410 1450 1463  255 0 0
3  1412 1411 1464  255 0 0
3  1464 1405 1406  255 0 0
3  1464 1406 1412  255 0 0
3  1406 1407 1413  255 0 0
3  1412 1406 1413  255 0 0
3  1407 1408 1414  255 0 0
3  1413 1407 1414  255 0 0
3  1408 1409 1415  255 0 0
3  1414 1408 1415  255 0 0
3  1470 1469 1416  255 0 0
3  1468 1470 1416  255 0 0
3  1449 1410 1469  255 0 0
3  1470 1449 1469  255 0 0
3  1469 1410 1463  255 0 0
3  1417 1416 1469  255 0 0
3  1463 1411 1417  255 0 0
3  1417 1469 1463  255 0 0
3  1411 1412 1418  255 0 0
3  1417 1411 1418  255 0 0
3  1412 1413 1419  255 0 0
3  1418 1412 1419  255 0 0
3  1413 1414 1420  255 0 0
3  1419 1413 1420  255 0 0
3  1414 1415 1558  255 0 0
3  1558 1421 1420  255 0 0
3  1558 1420 1414  255 0 0
3  1415 1557 1559  255 0 0
3  1558 1415 1559  255 0 0
3  1558 1559 1548  255 0 0
3  1421 1558 1548  255 0 0
3  1416 1417 1423  255 0 0
3  1422 1416 1423  255 0 0
3  1417 1418 1424  255 0 0
3  1423 1417 1424  255 0 0
3  1419 1425 1523  255 0 0
3  1523 1424 1418  255 0 0
3  1523 1418 1419  255 0 0
3  1419 1420 1426  255 0 0
3  1425 1419 1426  255 0 0
3  1549 1427 1552  255 0 0
3  1420 1421 1549  255 0 0
3  1552 1426 1420  255 0 0
3  1420 1549 1552  255 0 0
3  1421 1548 1550  255 0 0
3  1549 1421 1550  255 0 0
3  1524 1429 1492  255 0 0
3  1423 1424 1524  255 0 0
3  1492 1428 1423  255 0 0
3  1423 1524 1492  255 0 0
3  1525 1522 1430  255 0 0
3  1485 1525 1430  255 0 0
3  1523 1425 1522  255 0 0
3  1525 1523 1522  255 0 0
3  1424 1523 1525  255 0 0
3  1524 1424 1525  255 0 0
3  1525 1485 1519  255 0 0
3  1519 1429 1524  255 0 0
3  1519 1524 1525  255 0 0
3  1500 1522 1553  255 0 0
3  1500 1430 1522  255 0 0
3  1553 1431 1500  255 0 0
3  1425 1426 1553  255 0 0
3  1522 1425 1553  255 0 0
3  1552 1427 1546  255 0 0
3  1546 1544 1554  255 0 0
3  1546 1554 1552  255 0 0
3  1426 1552 1554  255 0 0
3  1553 1426 1554  255 0 0
3  1553 1554 1551  255 0 0
3  1431 1553 1551  255 0 0
3  1427 1545 1547  255 0 0
3  1546 1427 1547  255 0 0
3  1527 1486 1490  255 0 0
3  1528 1527 1490  255 0 0
3  1520 1486 1527  255 0 0
3  1492 1429 1520  255 0 0
3  1527 1493 1492  255 0 0
3  1492 1520 1527  255 0 0
3  1498 1484 1497  255 0 0
3  1499 1498 1497  255 0 0
3  1504 1488 1514  255 0 0
3  1498 1499 1504  255 0 0
3  1514 1487 1498  255 0 0
3  1498 1504 1514  255 0 0
3  1504 1499 1503  255 0 0
3  1505 1504 1503  255 0 0
3  1532 1494 1510  255 0 0
3  1504 1505 1532  255 0 0
3  1510 1488 1504  255 0 0
3  1504 1532 1510  255 0 0
3  1498 1487 1518  255 0 0
3  1430 1484 1498  255 0 0
3  1518 1485 1430  255 0 0
3  1430 1498 1518  255 0 0
3  1518 1487 1515  255 0 0
3  1515 1489 1521  255 0 0
3  1515 1521 1518  255 0 0
3  1519 1485 1518  255 0 0
3  1521 1519 1518  255 0 0
3  1429 1519 1521  255 0 0
3  1520 1429 1521  255 0 0
3  1520 1521 1489  255 0 0
3  1486 1520 1489  255 0 0
3  1530 1494 1529  255 0 0
3  1531 1530 1529  255 0 0
3  1502 1530 1531  255 0 0
3  1506 1502 1531  255 0 0
3  1507 1502 1506  255 0 0
3  1509 1507 1506  255 0 0
3  1496 1507 1509  255 0 0
3  1508 1496 1509  255 0 0
3  1510 1494 1530  255 0 0
3  1530 1502 1513  255 0 0
3  1530 1513 1510  255 0 0
3  1511 1488 1510  255 0 0
3  1513 1511 1510  255 0 0
3  1495 1511 1513  255 0 0
3  1512 1495 1513  255 0 0
3  1513 1502 1507  255 0 0
3  1507 1496 1512  255 0 0
3  1507 1512 1513  255 0 0
3  1491 1512 1496  255 0 0
3  1491 1495 1512  255 0 0
3  1514 1488 1511  255 0 0
3  1511 1495 1517  255 0 0
3  1511 1517 1514  255 0 0
3  1515 1487 1514  255 0 0
3  1517 1515 1514  255 0 0
3  1489 1515 1517  255 0 0
3  1516 1489 1517  255 0 0
3  1516 1517 1495  255 0 0
3  1491 1516 1495  255 0 0
3  1516 1491 1526  255 0 0
3  1486 1489 1516  255 0 0
3  1526 1490 1486  255 0 0
3  1486 1516 1526  255 0 0
3  1501 1500 1431  255 0 0
3  1430 1500 1501  255 0 0
3  1484 1430 1501  255 0 0
3  1439 1438 1445  255 0 0
3  1439 1445 1448  255 0 0
3  1445 1438 1454  255 0 0
3  1440 1457 1458  255 0 0
3  1457 1440 1439  255 0 0
3  1441 1440 1458  255 0 0
3  1448 1457 1439  255 0 0
3  1575 1434 1433  255 0 0
3  1575 1435 1434  255 0 0
3  1454 1437 1400  255 0 0
3  1437 1454 1438  255 0 0
3  1400 1436 1435  255 0 0
3  1436 1400 1437  255 0 0
3  1401 1400 1435  255 0 0
3  1444 1442 1441  255 0 0
3  1461 1443 1442  255 0 0
3  1466 1470 1467  255 0 0
3  1467 1470 1471  255 0 0
3  1466 1443 1449  255 0 0
3  1468 1472 1471  255 0 0
3  1444 1461 1442  255 0 0
3  1461 1451 1443  255 0 0
3  1449 1470 1466  255 0 0
3  1416 1473 1468  255 0 0
3  1471 1470 1468  255 0 0
3  1443 1451 1449  255 0 0
3  1458 1444 1441  255 0 0
3  1576 1572 1571  255 0 0
3  1572 1576 1432  255 0 0
3  1575 1401 1435  255 0 0
3  1574 1576 1571  255 0 0
3  1576 1575 1432  255 0 0
3  1433 1432 1575  255 0 0
3  1574 1571 1570  255 0 0
3  1403 1569 1568  255 0 0
3  1570 1569 1574  255 0 0
3  1567 1403 1568  255 0 0
3  1567 1566 1403  255 0 0
3  1408 1403 1566  255 0 0
3  1569 1403 1402  255 0 0
3  1402 1574 1569  255 0 0
3  1565 1564 1409  255 0 0
3  1565 1408 1566  255 0 0
3  1565 1409 1408  255 0 0
3  1409 1562 1415  255 0 0
3  1559 1557 1560  255 0 0
3  1409 1564 1563  255 0 0
3  1562 1557 1415  255 0 0
3  1409 1563 1562  255 0 0
3  1557 1562 1561  255 0 0
3  1548 1555 1543  255 0 0
3  1556 1555 1559  255 0 0
3  1559 1560 1556  255 0 0
3  1561 1560 1557  255 0 0
3  1555 1548 1559  255 0 0
3  1468 1473 1472  255 0 0
3  1474 1473 1422  255 0 0
3  1474 1422 1475  255 0 0
3  1476 1422 1423  255 0 0
3  1477 1476 1428  255 0 0
3  1475 1422 1476  255 0 0
3  1477 1428 1478  255 0 0
3  1423 1428 1476  255 0 0
3  1428 1492 1493  255 0 0
3  1493 1528 1480  255 0 0
3  1493 1479 1428  255 0 0
3  1527 1528 1493  255 0 0
3  1479 1493 1480  255 0 0
3  1478 1428 1479  255 0 0
3  1490 1526 1481  255 0 0
3  1526 1491 1481  255 0 0
3  1496 1481 1491  255 0 0
3  1496 1508 1481  255 0 0
3  1482 1481 1508  255 0 0
3  1528 1490 1481  255 0 0
3  1480 1528 1481  255 0 0
3  1509 1506 1482  255 0 0
3  1531 1483 1506  255 0 0
3  1531 1529 1483  255 0 0
3  1503 1483 1529  255 0 0
3  1506 1483 1482  255 0 0
3  1508 1509 1482  255 0 0
3  1529 1494 1532  255 0 0
3  1549 1545 1427  255 0 0
3  1538 1554 1544  255 0 0
3  1554 1538 1551  255 0 0
3  1544 1546 1547  255 0 0
3  1544 1539 1538  255 0 0
3  1539 1544 1547  255 0 0
3  1550 1543 1542  255 0 0
3  1548 1543 1550  255 0 0
3  1550 1542 1545  255 0 0
3  1547 1545 1541  255 0 0
3  1541 1540 1547  255 0 0
3  1539 1547 1540  255 0 0
3  1541 1545 1542  255 0 0
3  1549 1550 1545  255 0 0
3  1499 1497 1533  255 0 0
3  1497 1484 1534  255 0 0
3  1529 1532 1505  255 0 0
3  1533 1503 1499  255 0 0
3  1505 1503 1529  255 0 0
3  1503 1533 1483  255 0 0
3  1533 1497 1534  255 0 0
3  1537 1431 1551  255 0 0
3  1431 1537 1536  255 0 0
3  1537 1551 1538  255 0 0
3  1534 1501 1535  255 0 0
3  1501 1534 1484  255 0 0
3  1431 1536 1535  255 0 0
3  1431 1535 1501  255 0 0
3  1473 1416 1422  255 0 0
3  1723 1721 1718  0 255 0
3  1723 1718 1722  0 255 0
3  1720 1723 1722  0 255 0
3  1720 1722 1717  0 255 0
3  1717 1722 1740  0 255 0
3  1717 1740 1738  0 255 0
3  1738 1740 1739  0 255 0
3  1738 1739 1577  0 255 0
3  1579 1753 1755  0 255 0
3  1579 1755 1752  0 255 0
3  1752 1755 1754  0 255 0
3  1752 1754 1748  0 255 0
3  1760 1606 1580  0 255 0
3  1750 1751 1760  0 255 0
3  1580 1750 1760  0 255 0
3  1606 1760 1762  0 255 0
3  1606 1762 1759  0 255 0
3  1760 1751 1761  0 255 0
3  1760 1761 1762  0 255 0
3  1753 1579 1759  0 255 0
3  1762 1749 1753  0 255 0
3  1759 1762 1753  0 255 0
3  1580 1581 1726  0 255 0
3  1726 1577 1580  0 255 0
3  1582 1725 1727  0 255 0
3  1582 1727 1724  0 255 0
3  1720 1717 1727  0 255 0
3  1725 1578 1720  0 255 0
3  1727 1725 1720  0 255 0
3  1738 1577 1726  0 255 0
3  1727 1717 1738  0 255 0
3  1726 1727 1738  0 255 0
3  1724 1727 1726  0 255 0
3  1724 1726 1581  0 255 0
3  1583 1601 1603  0 255 0
3  1583 1603 1600  0 255 0
3  1601 1598 1602  0 255 0
3  1601 1602 1603  0 255 0
3  1598 1756 1758  0 255 0
3  1598 1758 1602  0 255 0
3  1752 1748 1758  0 255 0
3  1756 1579 1752  0 255 0
3  1758 1756 1752  0 255 0
3  1757 1758 1748  0 255 0
3  1584 1605 1607  0 255 0
3  1584 1607 1604  0 255 0
3  1605 1580 1606  0 255 0
3  1605 1606 1607  0 255 0
3  1759 1579 1756  0 255 0
3  1756 1598 1607  0 255 0
3  1607 1606 1759  0 255 0
3  1759 1756 1607  0 255 0
3  1601 1583 1604  0 255 0
3  1607 1598 1601  0 255 0
3  1604 1607 1601  0 255 0
3  1605 1584 1585  0 255 0
3  1581 1580 1605  0 255 0
3  1585 1581 1605  0 255 0
3  1724 1581 1585  0 255 0
3  1586 1582 1724  0 255 0
3  1585 1586 1724  0 255 0
3  1617 1589 1585  0 255 0
3  1584 1588 1617  0 255 0
3  1585 1584 1617  0 255 0
3  1641 1590 1694  0 255 0
3  1694 1586 1585  0 255 0
3  1585 1589 1641  0 255 0
3  1641 1694 1585  0 255 0
3  1696 1692 1697  0 255 0
3  1696 1697 1699  0 255 0
3  1699 1697 1695  0 255 0
3  1699 1695 1698  0 255 0
3  1691 1699 1698  0 255 0
3  1691 1698 1690  0 255 0
3  1697 1692 1587  0 255 0
3  1693 1695 1697  0 255 0
3  1587 1693 1697  0 255 0
3  1695 1693 1586  0 255 0
3  1695 1586 1694  0 255 0
3  1698 1695 1694  0 255 0
3  1590 1690 1698  0 255 0
3  1694 1590 1698  0 255 0
3  1659 1591 1662  0 255 0
3  1665 1636 1659  0 255 0
3  1662 1665 1659  0 255 0
3  1662 1643 1663  0 255 0
3  1662 1663 1665  0 255 0
3  1665 1663 1646  0 255 0
3  1665 1646 1664  0 255 0
3  1682 1636 1665  0 255 0
3  1664 1632 1682  0 255 0
3  1665 1664 1682  0 255 0
3  1663 1643 1616  0 255 0
3  1644 1646 1663  0 255 0
3  1616 1644 1663  0 255 0
3  1646 1644 1619  0 255 0
3  1646 1619 1645  0 255 0
3  1671 1632 1664  0 255 0
3  1664 1646 1645  0 255 0
3  1645 1615 1671  0 255 0
3  1671 1664 1645  0 255 0
3  1644 1616 1589  0 255 0
3  1617 1619 1644  0 255 0
3  1589 1617 1644  0 255 0
3  1619 1617 1588  0 255 0
3  1619 1588 1618  0 255 0
3  1640 1590 1641  0 255 0
3  1640 1641 1642  0 255 0
3  1652 1642 1641  0 255 0
3  1589 1616 1652  0 255 0
3  1641 1589 1652  0 255 0
3  1651 1653 1639  0 255 0
3  1651 1642 1652  0 255 0
3  1651 1652 1653  0 255 0
3  1653 1652 1616  0 255 0
3  1653 1616 1643  0 255 0
3  1662 1591 1650  0 255 0
3  1650 1639 1653  0 255 0
3  1653 1643 1662  0 255 0
3  1662 1650 1653  0 255 0
3  1677 1655 1638  0 255 0
3  1656 1657 1677  0 255 0
3  1638 1656 1677  0 255 0
3  1654 1657 1656  0 255 0
3  1654 1656 1648  0 255 0
3  1654 1648 1635  0 255 0
3  1647 1649 1654  0 255 0
3  1635 1647 1654  0 255 0
3  1658 1591 1659  0 255 0
3  1658 1659 1661  0 255 0
3  1679 1661 1659  0 255 0
3  1636 1660 1679  0 255 0
3  1659 1636 1679  0 255 0
3  1678 1661 1679  0 255 0
3  1678 1679 1681  0 255 0
3  1681 1679 1660  0 255 0
3  1681 1660 1680  0 255 0
3  1655 1681 1680  0 255 0
3  1655 1680 1638  0 255 0
3  1680 1660 1684  0 255 0
3  1667 1638 1680  0 255 0
3  1684 1667 1680  0 255 0
3  1660 1636 1682  0 255 0
3  1660 1682 1684  0 255 0
3  1684 1682 1632  0 255 0
3  1684 1632 1683  0 255 0
3  1667 1684 1683  0 255 0
3  1667 1683 1637  0 255 0
3  1635 1648 1669  0 255 0
3  1635 1669 1666  0 255 0
3  1656 1638 1667  0 255 0
3  1669 1648 1656  0 255 0
3  1667 1669 1656  0 255 0
3  1669 1667 1637  0 255 0
3  1669 1637 1668  0 255 0
3  1666 1669 1668  0 255 0
3  1666 1668 1634  0 255 0
3  1668 1637 1673  0 255 0
3  1670 1634 1668  0 255 0
3  1673 1670 1668  0 255 0
3  1683 1632 1671  0 255 0
3  1673 1637 1683  0 255 0
3  1671 1673 1683  0 255 0
3  1673 1671 1615  0 255 0
3  1673 1615 1672  0 255 0
3  1670 1673 1672  0 255 0
3  1670 1672 1633  0 255 0
3  1620 1633 1676  0 255 0
3  1620 1676 1674  0 255 0
3  1672 1615 1675  0 255 0
3  1676 1633 1672  0 255 0
3  1675 1676 1672  0 255 0
3  1592 1594 1766  0 255 0
3  1763 1755 1747  0 255 0
3  1765 1766 1594  0 255 0
3  1754 1755 1763  0 255 0
3  1763 1764 1754  0 255 0
3  1753 1747 1755  0 255 0
3  1751 1745 1761  0 255 0
3  1750 1744 1751  0 255 0
3  1745 1751 1744  0 255 0
3  1749 1746 1747  0 255 0
3  1761 1745 1746  0 255 0
3  1749 1747 1753  0 255 0
3  1749 1762 1761  0 255 0
3  1749 1761 1746  0 255 0
3  1743 1744 1750  0 255 0
3  1593 1594 1592  0 255 0
3  1765 1595 1764  0 255 0
3  1757 1748 1764  0 255 0
3  1595 1757 1764  0 255 0
3  1757 1595 1596  0 255 0
3  1594 1595 1765  0 255 0
3  1597 1602 1596  0 255 0
3  1603 1599 1608  0 255 0
3  1602 1757 1596  0 255 0
3  1600 1608 1609  0 255 0
3  1602 1597 1599  0 255 0
3  1602 1758 1757  0 255 0
3  1608 1600 1603  0 255 0
3  1609 1604 1583  0 255 0
3  1588 1584 1604  0 255 0
3  1583 1600 1609  0 255 0
3  1603 1602 1599  0 255 0
3  1764 1748 1754  0 255 0
3  1577 1750 1580  0 255 0
3  1739 1741 1742  0 255 0
3  1736 1737 1718  0 255 0
3  1735 1736 1718  0 255 0
3  1741 1739 1737  0 255 0
3  1743 1577 1742  0 255 0
3  1722 1718 1737  0 255 0
3  1739 1740 1737  0 255 0
3  1742 1577 1739  0 255 0
3  1730 1732 1733  0 255 0
3  1732 1730 1731  0 255 0
3  1730 1733 1729  0 255 0
3  1729 1734 1735  0 255 0
3  1728 1729 1721  0 255 0
3  1735 1721 1729  0 255 0
3  1721 1723 1728  0 255 0
3  1721 1735 1718  0 255 0
3  1733 1734 1729  0 255 0
3  1737 1740 1722  0 255 0
3  1720 1716 1723  0 255 0
3  1723 1716 1719  0 255 0
3  1728 1723 1719  0 255 0
3  1715 1578 1725  0 255 0
3  1716 1720 1578  0 255 0
3  1578 1715 1716  0 255 0
3  1715 1725 1714  0 255 0
3  1582 1714 1725  0 255 0
3  1582 1713 1714  0 255 0
3  1713 1582 1712  0 255 0
3  1582 1693 1712  0 255 0
3  1711 1712 1587  0 255 0
3  1693 1587 1712  0 255 0
3  1710 1711 1587  0 255 0
3  1586 1693 1582  0 255 0
3  1577 1743 1750  0 255 0
3  1604 1610 1588  0 255 0
3  1618 1588 1611  0 255 0
3  1610 1611 1588  0 255 0
3  1613 1618 1612  0 255 0
3  1611 1612 1618  0 255 0
3  1675 1613 1614  0 255 0
3  1613 1645 1618  0 255 0
3  1619 1618 1645  0 255 0
3  1675 1645 1613  0 255 0
3  1675 1615 1645  0 255 0
3  1630 1681 1655  0 255 0
3  1677 1657 1630  0 255 0
3  1655 1677 1630  0 255 0
3  1630 1657 1649  0 255 0
3  1631 1681 1630  0 255 0
3  1614 1676 1675  0 255 0
3  1674 1621 1622  0 255 0
3  1621 1674 1676  0 255 0
3  1627 1674 1622  0 255 0
3  1614 1621 1676  0 255 0
3  1625 1623 1624  0 255 0
3  1623 1625 1626  0 255 0
3  1622 1623 1626  0 255 0
3  1622 1626 1627  0 255 0
3  1620 1670 1633  0 255 0
3  1634 1670 1620  0 255 0
3  1620 1674 1628  0 255 0
3  1635 1666 1628  0 255 0
3  1628 1666 1634  0 255 0
3  1628 1629 1635  0 255 0
3  1620 1628 1634  0 255 0
3  1674 1627 1628  0 255 0
3  1654 1649 1657  0 255 0
3  1696 1699 1689  0 255 0
3  1691 1689 1699  0 255 0
3  1701 1692 1696  0 255 0
3  1696 1689 1701  0 255 0
3  1689 1691 1688  0 255 0
3  1691 1687 1688  0 255 0
3  1691 1690 1687  0 255 0
3  1692 1710 1587  0 255 0
3  1709 1710 1692  0 255 0
3  1701 1707 1708  0 255 0
3  1692 1708 1709  0 255 0
3  1701 1708 1692  0 255 0
3  1704 1705 1706  0 255 0
3  1707 1703 1706  0 255 0
3  1703 1707 1702  0 255 0
3  1701 1702 1707  0 255 0
3  1701 1689 1700  0 255 0
3  1640 1690 1590  0 255 0
3  1658 1631 1639  0 255 0
3  1591 1658 1650  0 255 0
3  1658 1661 1678  0 255 0
3  1629 1649 1647  0 255 0
3  1630 1649 1629  0 255 0
3  1635 1629 1647  0 255 0
3  1631 1658 1678  0 255 0
3  1678 1681 1631  0 255 0
3  1658 1639 1650  0 255 0
3  1640 1687 1690  0 255 0
3  1651 1640 1642  0 255 0
3  1706 1703 1704  0 255 0
3  1685 1651 1639  0 255 0
3  1640 1686 1687  0 255 0
3  1685 1686 1651  0 255 0
3  1639 1631 1685  0 255 0
3  1651 1686 1640  0 255 0
3  1610 1604 1609  0 255 0
3  1767 1768 1770  64 128 255
3  1769 1767 1770  64 128 255
3  1771 1787 1788  255 255 128
3  1771 1788 1786  255 255 128
3  1814 1816 1815  255 255 128
3  1814 1815 1773  255 255 128
3  1775 1772 1771  255 255 128
3  1775 1771 1774  255 255 128
3  1776 1773 1772  255 255 128
3  1776 1772 1775  255 255 128
3  1778 1775 1774  255 255 128
3  1778 1774 1777  255 255 128
3  1779 1776 1775  255 255 128
3  1779 1775 1778  255 255 128
3  1795 1777 1796  255 255 128
3  1795 1796 1797  255 255 128
3  1806 1804 1779  255 255 128
3  1806 1779 1805  255 255 128
3  1783 1784 1788  255 255 128
3  1785 1788 1784  255 255 128
3  1782 1783 1787  255 255 128
3  1788 1787 1783  255 255 128
3  1787 1772 1782  255 255 128
3  1790 1786 1789  255 255 128
3  1790 1774 1786  255 255 128
3  1789 1786 1785  255 255 128
3  1786 1774 1771  255 255 128
3  1785 1786 1788  255 255 128
3  1771 1772 1787  255 255 128
3  1780 1781 1815  255 255 128
3  1772 1815 1781  255 255 128
3  1816 1780 1815  255 255 128
3  1813 1817 1816  255 255 128
3  1780 1816 1817  255 255 128
3  1816 1814 1813  255 255 128
3  1773 1776 1814  255 255 128
3  1814 1776 1811  255 255 128
3  1813 1814 1812  255 255 128
3  1812 1814 1811  255 255 128
3  1776 1810 1811  255 255 128
3  1772 1773 1815  255 255 128
3  1772 1781 1782  255 255 128
3  1774 1790 1791  255 255 128
3  1796 1792 1793  255 255 128
3  1777 1774 1796  255 255 128
3  1792 1796 1774  255 255 128
3  1794 1796 1793  255 255 128
3  1791 1792 1774  255 255 128
3  1797 1794 1798  255 255 128
3  1799 1797 1798  255 255 128
3  1800 1795 1799  255 255 128
3  1797 1799 1795  255 255 128
3  1778 1777 1795  255 255 128
3  1794 1797 1796  255 255 128
3  1795 1800 1778  255 255 128
3  1804 1776 1779  255 255 128
3  1804 1808 1809  255 255 128
3  1776 1804 1809  255 255 128
3  1804 1806 1807  255 255 128
3  1807 1808 1804  255 255 128
3  1805 1779 1778  255 255 128
3  1810 1776 1809  255 255 128
3  1802 1805 1801  255 255 128
3  1778 1801 1805  255 255 128
3  1806 1805 1802  255 255 128
3  1803 1807 1806  255 255 128
3  1802 1803 1806  255 255 128
3  1801 1778 1800  255 255 128
3  1818 2107 2114  128 128 255
3  2114 2108 2096  128 128 255
3  2114 2096 1818  128 128 255
3  2114 2107 2113  128 128 255
3  2095 2097 2098  128 128 255
3  2098 2087 1819  128 128 255
3  2098 1819 2095  128 128 255
3  2101 2099 2087  128 128 255
3  2098 2101 2087  128 128 255
3  2100 2101 2098  128 128 255
3  2097 2100 2098  128 128 255
3  2106 2100 2097  128 128 255
3  2104 2106 2097  128 128 255
3  2105 2106 2104  128 128 255
3  2096 2105 2104  128 128 255
3  1818 2096 2104  128 128 255
3  2104 2097 2095  128 128 255
3  2104 2095 1818  128 128 255
3  2086 2088 2089  128 128 255
3  2089 2077 1820  128 128 255
3  2089 1820 2086  128 128 255
3  2092 2090 2077  128 128 255
3  2089 2092 2077  128 128 255
3  2091 2092 2089  128 128 255
3  2088 2091 2089  128 128 255
3  2087 2088 2086  128 128 255
3  1819 2087 2086  128 128 255
3  2076 2078 2081  128 128 255
3  2081 2068 1821  128 128 255
3  2081 1821 2076  128 128 255
3  2083 2074 2068  128 128 255
3  2081 2083 2068  128 128 255
3  2082 2083 2081  128 128 255
3  2078 2082 2081  128 128 255
3  2077 2078 2076  128 128 255
3  1820 2077 2076  128 128 255
3  2069 2059 1822  128 128 255
3  2067 2069 1822  128 128 255
3  2075 2073 2069  128 128 255
3  2072 2075 2069  128 128 255
3  2074 2075 2072  128 128 255
3  2068 2074 2072  128 128 255
3  1821 2068 2072  128 128 255
3  2072 2069 2067  128 128 255
3  2072 2067 1821  128 128 255
3  2060 2047 1823  128 128 255
3  2058 2060 1823  128 128 255
3  2066 2064 2060  128 128 255
3  2063 2066 2060  128 128 255
3  2065 2066 2063  128 128 255
3  2059 2065 2063  128 128 255
3  1822 2059 2063  128 128 255
3  2063 2060 2058  128 128 255
3  2063 2058 1822  128 128 255
3  2046 2048 2049  128 128 255
3  2049 2037 1824  128 128 255
3  2049 1824 2046  128 128 255
3  2052 2050 2037  128 128 255
3  2049 2052 2037  128 128 255
3  2051 2052 2049  128 128 255
3  2048 2051 2049  128 128 255
3  2057 2051 2048  128 128 255
3  2055 2057 2048  128 128 255
3  2056 2057 2055  128 128 255
3  2047 2056 2055  128 128 255
3  1823 2047 2055  128 128 255
3  2055 2048 2046  128 128 255
3  2055 2046 1823  128 128 255
3  2035 2028 2041  128 128 255
3  2037 2038 2041  128 128 255
3  2041 2028 1824  128 128 255
3  2041 1824 2037  128 128 255
3  2117 2116 1825  128 128 255
3  2115 2117 1825  128 128 255
3  2116 2117 2121  128 128 255
3  2121 2107 1818  128 128 255
3  2121 1818 2116  128 128 255
3  2122 2121 2117  128 128 255
3  2120 2122 2117  128 128 255
3  2116 1818 2095  128 128 255
3  1826 1825 2116  128 128 255
3  2095 1819 1826  128 128 255
3  1826 2116 2095  128 128 255
3  1826 1819 2086  128 128 255
3  2086 1820 1827  128 128 255
3  2086 1827 1826  128 128 255
3  1827 1820 2076  128 128 255
3  2076 1821 1828  128 128 255
3  2076 1828 1827  128 128 255
3  1828 1821 2067  128 128 255
3  2067 1822 1829  128 128 255
3  2067 1829 1828  128 128 255
3  1829 1822 2058  128 128 255
3  2058 1823 1830  128 128 255
3  2058 1830 1829  128 128 255
3  2046 1824 2029  128 128 255
3  1830 1823 2046  128 128 255
3  2029 1831 1830  128 128 255
3  1830 2046 2029  128 128 255
3  2036 2028 2035  128 128 255
3  2034 2030 2036  128 128 255
3  1824 2028 2036  128 128 255
3  2036 2030 2029  128 128 255
3  2036 2029 1824  128 128 255
3  2029 2030 2016  128 128 255
3  1831 2029 2016  128 128 255
3  1832 2126 2135  128 128 255
3  2135 2128 2127  128 128 255
3  2135 2127 1832  128 128 255
3  2127 2128 2130  128 128 255
3  2130 2115 1825  128 128 255
3  2130 1825 2127  128 128 255
3  2131 2130 2128  128 128 255
3  2129 2131 2128  128 128 255
3  2136 2135 2126  128 128 255
3  2134 2136 2126  128 128 255
3  1833 1832 2127  128 128 255
3  2127 1825 1826  128 128 255
3  2127 1826 1833  128 128 255
3  1826 1827 1834  128 128 255
3  1833 1826 1834  128 128 255
3  1827 1828 1835  128 128 255
3  1834 1827 1835  128 128 255
3  1828 1829 1836  128 128 255
3  1835 1828 1836  128 128 255
3  1829 1830 1837  128 128 255
3  1836 1829 1837  128 128 255
3  1830 1831 2017  128 128 255
3  2017 1838 1837  128 128 255
3  2017 1837 1830  128 128 255
3  2022 2023 2014  128 128 255
3  2005 2022 2014  128 128 255
3  2026 2027 2021  128 128 255
3  2018 2026 2021  128 128 255
3  1831 2016 2026  128 128 255
3  2026 2018 2017  128 128 255
3  2026 2017 1831  128 128 255
3  2017 2018 2022  128 128 255
3  2022 2005 1838  128 128 255
3  2022 1838 2017  128 128 255
3  1839 2137 2147  128 128 255
3  2147 2139 2138  128 128 255
3  2147 2138 1839  128 128 255
3  2138 2139 2143  128 128 255
3  2143 2126 1832  128 128 255
3  2143 1832 2138  128 128 255
3  2143 2139 2142  128 128 255
3  2134 2126 2143  128 128 255
3  2147 2137 2146  128 128 255
3  2142 2139 2147  128 128 255
3  1840 1839 2138  128 128 255
3  2138 1832 1833  128 128 255
3  2138 1833 1840  128 128 255
3  1833 1834 1841  128 128 255
3  1840 1833 1841  128 128 255
3  1834 1835 1842  128 128 255
3  1841 1834 1842  128 128 255
3  1835 1836 1843  128 128 255
3  1842 1835 1843  128 128 255
3  1836 1837 1844  128 128 255
3  1843 1836 1844  128 128 255
3  1837 1838 2006  128 128 255
3  2006 1845 1844  128 128 255
3  2006 1844 1837  128 128 255
3  2011 2007 2010  128 128 255
3  2003 1994 2011  128 128 255
3  2015 2005 2014  128 128 255
3  2010 2007 2015  128 128 255
3  1838 2005 2015  128 128 255
3  2015 2007 2006  128 128 255
3  2015 2006 1838  128 128 255
3  2006 2007 2011  128 128 255
3  2011 1994 1845  128 128 255
3  2011 1845 2006  128 128 255
3  1846 2148 2158  128 128 255
3  2158 2150 2149  128 128 255
3  2158 2149 1846  128 128 255
3  2149 2150 2154  128 128 255
3  2154 2137 1839  128 128 255
3  2154 1839 2149  128 128 255
3  2154 2150 2153  128 128 255
3  2146 2137 2154  128 128 255
3  2158 2148 2157  128 128 255
3  2153 2150 2158  128 128 255
3  1847 1846 2149  128 128 255
3  2149 1839 1840  128 128 255
3  2149 1840 1847  128 128 255
3  1840 1841 1848  128 128 255
3  1847 1840 1848  128 128 255
3  1841 1842 1849  128 128 255
3  1848 1841 1849  128 128 255
3  1842 1843 1850  128 128 255
3  1849 1842 1850  128 128 255
3  1843 1844 1851  128 128 255
3  1850 1843 1851  128 128 255
3  1844 1845 1995  128 128 255
3  1995 1852 1851  128 128 255
3  1995 1851 1844  128 128 255
3  2000 1996 1999  128 128 255
3  1991 1983 2000  128 128 255
3  2004 1994 2003  128 128 255
3  1999 1996 2004  128 128 255
3  1845 1994 2004  128 128 255
3  2004 1996 1995  128 128 255
3  2004 1995 1845  128 128 255
3  1995 1996 2000  128 128 255
3  2000 1983 1852  128 128 255
3  2000 1852 1995  128 128 255
3  1853 2159 2169  128 128 255
3  2169 2161 2160  128 128 255
3  2169 2160 1853  128 128 255
3  2160 2161 2165  128 128 255
3  2165 2148 1846  128 128 255
3  2165 1846 2160  128 128 255
3  2157 2148 2165  128 128 255
3  2166 2157 2165  128 128 255
3  2164 2161 2169  128 128 255
3  2170 2164 2169  128 128 255
3  1854 1853 2160  128 128 255
3  2160 1846 1847  128 128 255
3  2160 1847 1854  128 128 255
3  1847 1848 1855  128 128 255
3  1854 1847 1855  128 128 255
3  1848 1849 1856  128 128 255
3  1855 1848 1856  128 128 255
3  1849 1850 1857  128 128 255
3  1856 1849 1857  128 128 255
3  1850 1851 1858  128 128 255
3  1857 1850 1858  128 128 255
3  1851 1852 1984  128 128 255
3  1984 1859 1858  128 128 255
3  1984 1858 1851  128 128 255
3  1985 1986 1988  128 128 255
3  1987 1985 1988  128 128 255
3  1983 1991 1993  128 128 255
3  1992 1983 1993  128 128 255
3  1852 1983 1992  128 128 255
3  1992 1985 1984  128 128 255
3  1992 1984 1852  128 128 255
3  1984 1985 1987  128 128 255
3  1987 1972 1859  128 128 255
3  1987 1859 1984  128 128 255
3  1860 1878 2177  128 128 255
3  2177 2172 2171  128 128 255
3  2177 2171 1860  128 128 255
3  2159 1853 2171  128 128 255
3  2172 2159 2171  128 128 255
3  2177 1878 2176  128 128 255
3  2178 2172 2177  128 128 255
3  1871 1860 2171  128 128 255
3  1854 1861 1871  128 128 255
3  2171 1853 1854  128 128 255
3  1854 1871 2171  128 128 255
3  1855 1862 1890  128 128 255
3  1890 1861 1854  128 128 255
3  1890 1854 1855  128 128 255
3  1856 1863 1903  128 128 255
3  1903 1862 1855  128 128 255
3  1903 1855 1856  128 128 255
3  1857 1864 1917  128 128 255
3  1917 1863 1856  128 128 255
3  1917 1856 1857  128 128 255
3  1858 1865 1931  128 128 255
3  1931 1864 1857  128 128 255
3  1931 1857 1858  128 128 255
3  1973 1866 1944  128 128 255
3  1858 1859 1973  128 128 255
3  1944 1865 1858  128 128 255
3  1858 1973 1944  128 128 255
3  1974 1977 1979  128 128 255
3  1978 1974 1979  128 128 255
3  1859 1972 1974  128 128 255
3  1973 1859 1974  128 128 255
3  1973 1974 1978  128 128 255
3  1978 1960 1866  128 128 255
3  1978 1866 1973  128 128 255
3  1881 1872 1876  128 128 255
3  1883 1881 1876  128 128 255
3  1879 1881 1883  128 128 255
3  1882 1879 1883  128 128 255
3  1881 1879 2181  128 128 255
3  1860 1872 1881  128 128 255
3  2181 1878 1860  128 128 255
3  1860 1881 2181  128 128 255
3  2176 1878 2181  128 128 255
3  1893 1888 1892  128 128 255
3  1870 1886 1892  128 128 255
3  1892 1888 1887  128 128 255
3  1892 1887 1870  128 128 255
3  1873 1887 1888  128 128 255
3  1874 1873 1888  128 128 255
3  1861 1870 1887  128 128 255
3  1887 1873 1871  128 128 255
3  1887 1871 1861  128 128 255
3  1871 1873 1875  128 128 255
3  1875 1872 1860  128 128 255
3  1875 1860 1871  128 128 255
3  1875 1873 1874  128 128 255
3  1877 1875 1874  128 128 255
3  1875 1877 1880  128 128 255
3  1880 1876 1872  128 128 255
3  1880 1872 1875  128 128 255
3  1906 1899 1905  128 128 255
3  1907 1906 1905  128 128 255
3  1889 1899 1906  128 128 255
3  1906 1901 1900  128 128 255
3  1906 1900 1889  128 128 255
3  1891 1900 1901  128 128 255
3  1894 1891 1901  128 128 255
3  1862 1889 1900  128 128 255
3  1900 1891 1890  128 128 255
3  1900 1890 1862  128 128 255
3  1890 1891 1895  128 128 255
3  1895 1870 1861  128 128 255
3  1895 1861 1890  128 128 255
3  1895 1891 1894  128 128 255
3  1896 1895 1894  128 128 255
3  1870 1895 1896  128 128 255
3  1886 1870 1896  128 128 255
3  1914 1902 1913  128 128 255
3  1915 1914 1913  128 128 255
3  1914 1915 1919  128 128 255
3  1919 1908 1904  128 128 255
3  1919 1904 1914  128 128 255
3  1863 1902 1914  128 128 255
3  1914 1904 1903  128 128 255
3  1914 1903 1863  128 128 255
3  1903 1904 1909  128 128 255
3  1909 1889 1862  128 128 255
3  1909 1862 1903  128 128 255
3  1909 1904 1908  128 128 255
3  1910 1909 1908  128 128 255
3  1889 1909 1910  128 128 255
3  1899 1889 1910  128 128 255
3  1928 1916 1927  128 128 255
3  1929 1928 1927  128 128 255
3  1918 1928 1929  128 128 255
3  1922 1918 1929  128 128 255
3  1864 1916 1928  128 128 255
3  1928 1918 1917  128 128 255
3  1928 1917 1864  128 128 255
3  1917 1918 1923  128 128 255
3  1923 1902 1863  128 128 255
3  1923 1863 1917  128 128 255
3  1926 1922 1925  128 128 255
3  1918 1922 1926  128 128 255
3  1926 1924 1923  128 128 255
3  1926 1923 1918  128 128 255
3  1902 1923 1924  128 128 255
3  1913 1902 1924  128 128 255
3  1953 1930 1948  128 128 255
3  1954 1953 1948  128 128 255
3  1932 1953 1954  128 128 255
3  1935 1932 1954  128 128 255
3  1865 1930 1953  128 128 255
3  1953 1932 1931  128 128 255
3  1953 1931 1865  128 128 255
3  1931 1932 1936  128 128 255
3  1936 1916 1864  128 128 255
3  1936 1864 1931  128 128 255
3  1936 1932 1935  128 128 255
3  1937 1936 1935  128 128 255
3  1936 1937 1938  128 128 255
3  1938 1927 1916  128 128 255
3  1938 1916 1936  128 128 255
3  1927 1938 1940  128 128 255
3  1939 1927 1940  128 128 255
3  1943 1957 1962  128 128 255
3  1962 1959 1958  128 128 255
3  1962 1958 1943  128 128 255
3  1945 1958 1959  128 128 255
3  1946 1945 1959  128 128 255
3  1866 1943 1958  128 128 255
3  1958 1945 1944  128 128 255
3  1958 1944 1866  128 128 255
3  1944 1945 1947  128 128 255
3  1947 1930 1865  128 128 255
3  1947 1865 1944  128 128 255
3  1947 1945 1946  128 128 255
3  1949 1947 1946  128 128 255
3  1947 1949 1951  128 128 255
3  1951 1948 1930  128 128 255
3  1951 1930 1947  128 128 255
3  1951 1949 1950  128 128 255
3  1952 1951 1950  128 128 255
3  1971 1960 1970  128 128 255
3  1971 1961 1964  128 128 255
3  1866 1960 1971  128 128 255
3  1964 1943 1866  128 128 255
3  1866 1971 1964  128 128 255
3  1964 1961 1963  128 128 255
3  1965 1964 1963  128 128 255
3  1943 1964 1965  128 128 255
3  1957 1943 1965  128 128 255
3  2105 2109 2103  128 128 255
3  2109 2105 2108  128 128 255
3  2105 2103 2106  128 128 255
3  2106 2102 2100  128 128 255
3  2102 2106 2103  128 128 255
3  2100 2102 2094  128 128 255
3  2100 2094 2101  128 128 255
3  2111 2110 2108  128 128 255
3  2111 2113 2112  128 128 255
3  2118 2112 2113  128 128 255
3  2111 2114 2113  128 128 255
3  2105 2096 2108  128 128 255
3  2111 2108 2114  128 128 255
3  2119 2113 2107  128 128 255
3  2109 2108 2110  128 128 255
3  2091 2099 2093  128 128 255
3  2094 2093 2101  128 128 255
3  2101 2093 2099  128 128 255
3  2080 2079 2090  128 128 255
3  2084 2080 2090  128 128 255
3  2090 2085 2084  128 128 255
3  2074 2083 2079  128 128 255
3  2093 2085 2091  128 128 255
3  2092 2091 2085  128 128 255
3  2091 2088 2087  128 128 255
3  2099 2091 2087  128 128 255
3  2082 2090 2079  128 128 255
3  2077 2090 2082  128 128 255
3  2078 2077 2082  128 128 255
3  2082 2079 2083  128 128 255
3  2090 2092 2085  128 128 255
3  2119 2118 2113  128 128 255
3  2120 2119 2122  128 128 255
3  2123 2120 2117  128 128 255
3  2120 2123 2119  128 128 255
3  2115 2124 2123  128 128 255
3  2117 2115 2123  128 128 255
3  2125 2124 2131  128 128 255
3  2122 2119 2121  128 128 255
3  2140 2142 2141  128 128 255
3  2133 2134 2140  128 128 255
3  2144 2142 2145  128 128 255
3  2142 2144 2141  128 128 255
3  2133 2132 2129  128 128 255
3  2153 2152 2151  128 128 255
3  2125 2129 2132  128 128 255
3  2145 2146 2151  128 128 255
3  2130 2131 2124  128 128 255
3  2131 2129 2125  128 128 255
3  2130 2124 2115  128 128 255
3  2128 2133 2129  128 128 255
3  2133 2136 2134  128 128 255
3  2147 2145 2142  128 128 255
3  2145 2147 2146  128 128 255
3  2142 2140 2143  128 128 255
3  2143 2140 2134  128 128 255
3  2151 2146 2154  128 128 255
3  2128 2135 2133  128 128 255
3  2135 2136 2133  128 128 255
3  2121 2119 2107  128 128 255
3  2071 2075 2074  128 128 255
3  2062 2061 2065  128 128 255
3  2070 2062 2065  128 128 255
3  2073 2071 2070  128 128 255
3  2064 2066 2061  128 128 255
3  2075 2071 2073  128 128 255
3  2074 2079 2071  128 128 255
3  2065 2073 2070  128 128 255
3  2069 2073 2065  128 128 255
3  2059 2069 2065  128 128 255
3  2061 2054 2064  128 128 255
3  2056 2047 2060  128 128 255
3  2064 2056 2060  128 128 255
3  2066 2065 2061  128 128 255
3  2056 2064 2054  128 128 255
3  2054 2053 2057  128 128 255
3  2056 2054 2057  128 128 255
3  2057 2053 2051  128 128 255
3  2044 2052 2045  128 128 255
3  2052 2051 2045  128 128 255
3  2050 2044 2043  128 128 255
3  2053 2045 2051  128 128 255
3  2050 2052 2044  128 128 255
3  2038 2037 2043  128 128 255
3  2038 2042 2040  128 128 255
3  2043 2042 2038  128 128 255
3  2040 2039 2035  128 128 255
3  2038 2040 2041  128 128 255
3  2050 2043 2037  128 128 255
3  2036 2032 2034  128 128 255
3  2035 2032 2036  128 128 255
3  2031 2016 2030  128 128 255
3  2030 2034 2031  128 128 255
3  2016 2027 2026  128 128 255
3  2035 2041 2040  128 128 255
3  2018 2019 2022  128 128 255
3  2021 2027 2024  128 128 255
3  2019 2018 2021  128 128 255
3  2019 2023 2022  128 128 255
3  2016 2025 2027  128 128 255
3  2016 2031 2025  128 128 255
3  2023 2019 2014  128 128 255
3  2021 2020 2019  128 128 255
3  2024 2020 2021  128 128 255
3  2032 2031 2034  128 128 255
3  2033 2032 2035  128 128 255
3  2024 2027 2025  128 128 255
3  2013 2014 2019  128 128 255
3  2008 2010 2009  128 128 255
3  2011 2010 2008  128 128 255
3  2002 2003 2008  128 128 255
3  2003 2002 2004  128 128 255
3  2003 2011 2008  128 128 255
3  2010 2013 2012  128 128 255
3  2010 2012 2009  128 128 255
3  2002 2001 1999  128 128 255
3  2014 2013 2015  128 128 255
3  2010 2015 2013  128 128 255
3  2004 2002 1999  128 128 255
3  2033 2035 2039  128 128 255
3  2153 2151 2154  128 128 255
3  2156 2155 2153  128 128 255
3  2156 2158 2157  128 128 255
3  2153 2158 2156  128 128 255
3  2166 2165 2162  128 128 255
3  2162 2156 2157  128 128 255
3  2162 2157 2166  128 128 255
3  2163 2162 2164  128 128 255
3  2153 2155 2152  128 128 255
3  2163 2164 2167  128 128 255
3  2174 2176 2175  128 128 255
3  2174 2173 2178  128 128 255
3  2179 2176 2180  128 128 255
3  2176 2179 2175  128 128 255
3  2159 2173 2168  128 128 255
3  2167 2170 2168  128 128 255
3  2180 1879 2182  128 128 255
3  2164 2162 2161  128 128 255
3  2164 2170 2167  128 128 255
3  2162 2165 2161  128 128 255
3  2170 2169 2168  128 128 255
3  2169 2159 2168  128 128 255
3  2159 2172 2173  128 128 255
3  2178 2177 2174  128 128 255
3  2176 2174 2177  128 128 255
3  2176 2181 2180  128 128 255
3  1882 1883 1867  128 128 255
3  1879 2180 2181  128 128 255
3  1882 2182 1879  128 128 255
3  2172 2178 2173  128 128 255
3  1867 2182 1882  128 128 255
3  1876 1880 1868  128 128 255
3  1880 1877 1868  128 128 255
3  1874 1888 1893  128 128 255
3  1892 1886 1885  128 128 255
3  1869 1877 1874  128 128 255
3  1869 1868 1877  128 128 255
3  1885 1893 1892  128 128 255
3  1893 1869 1874  128 128 255
3  1868 1883 1876  128 128 255
3  1869 1893 1884  128 128 255
3  1885 1896 1897  128 128 255
3  1886 1896 1885  128 128 255
3  1885 1884 1893  128 128 255
3  1883 1868 1867  128 128 255
3  1901 1906 1897  128 128 255
3  1910 1908 1912  128 128 255
3  1919 1915 1912  128 128 255
3  1912 1908 1919  128 128 255
3  1905 1899 1910  128 128 255
3  1905 1910 1911  128 128 255
3  1907 1905 1898  128 128 255
3  1898 1897 1907  128 128 255
3  1894 1901 1897  128 128 255
3  1898 1905 1911  128 128 255
3  1912 1913 1920  128 128 255
3  1915 1913 1912  128 128 255
3  1910 1912 1911  128 128 255
3  1906 1907 1897  128 128 255
3  1894 1897 1896  128 128 255
3  1992 1990 1985  128 128 255
3  2000 1997 1991  128 128 255
3  1997 2000 1999  128 128 255
3  1990 1986 1985  128 128 255
3  1990 1992 1993  128 128 255
3  1990 1993 1991  128 128 255
3  1987 1988 1981  128 128 255
3  1972 1980 1974  128 128 255
3  1987 1981 1972  128 128 255
3  1979 1970 1960  128 128 255
3  1978 1979 1960  128 128 255
3  1971 1968 1961  128 128 255
3  1988 1986 1982  128 128 255
3  1982 1986 1989  128 128 255
3  1988 1982 1981  128 128 255
3  1981 1980 1972  128 128 255
3  1998 1997 1999  128 128 255
3  1990 1991 1997  128 128 255
3  1989 1986 1990  128 128 255
3  1979 1977 1976  128 128 255
3  1970 1979 1976  128 128 255
3  1961 1968 1967  128 128 255
3  1970 1968 1971  128 128 255
3  1970 1976 1975  128 128 255
3  1970 1975 1969  128 128 255
3  1968 1970 1969  128 128 255
3  1980 1976 1977  128 128 255
3  1974 1980 1977  128 128 255
3  1963 1961 1967  128 128 255
3  1998 1999 2001  128 128 255
3  1922 1929 1925  128 128 255
3  1934 1937 1935  128 128 255
3  1934 1938 1937  128 128 255
3  1939 1929 1927  128 128 255
3  1925 1939 1921  128 128 255
3  1921 1920 1925  128 128 255
3  1913 1924 1920  128 128 255
3  1925 1929 1939  128 128 255
3  1921 1939 1933  128 128 255
3  1940 1938 1934  128 128 255
3  1935 1954 1934  128 128 255
3  1934 1933 1940  128 128 255
3  1939 1940 1933  128 128 255
3  1926 1925 1920  128 128 255
3  1924 1926 1920  128 128 255
3  1948 1951 1941  128 128 255
3  1949 1946 1950  128 128 255
3  1959 1962 1956  128 128 255
3  1957 1965 1966  128 128 255
3  1957 1956 1962  128 128 255
3  1956 1946 1959  128 128 255
3  1950 1946 1955  128 128 255
3  1952 1950 1942  128 128 255
3  1942 1941 1952  128 128 255
3  1954 1948 1941  128 128 255
3  1942 1950 1955  128 128 255
3  1966 1965 1963  128 128 255
3  1956 1957 1966  128 128 255
3  1955 1946 1956  128 128 255
3  1966 1963 1967  128 128 255
3  1951 1952 1941  128 128 255
3  1941 1934 1954  128 128 255
3  2187 2185 2186  64 255 64
3  2188 2185 2187  64 255 64
3  2184 2185 2183  64 255 64
3  2185 2194 2183  64 255 64
3  2191 2185 2188  64 255 64
3  2191 2189 2190  64 255 64
3  2185 2191 2194  64 255 64
3  2194 2191 2193  64 255 64
3  2192 2193 2191  64 255 64
3  2189 2191 2188  64 255 64
3  2199 2196 2195  255 128 128
3  2199 2195 2198  255 128 128
3  2200 2197 2196  255 128 128
3  2200 2196 2199  255 128 128
3  2202 2199 2198  255 128 128
3  2202 2198 2201  255 128 128
3  2203 2200 2199  255 128 128
3  2203 2199 2202  255 128 128
3  2206 2207 2196  255 128 128
3  2208 2195 2207  255 128 128
3  2209 2198 2195  255 128 128
3  2208 2209 2195  255 128 128
3  2195 2196 2207  255 128 128
3  2220 2204 2197  255 128 128
3  2205 2197 2204  255 128 128
3  2219 2197 2200  255 128 128
3  2220 2197 2219  255 128 128
3  2205 2196 2197  255 128 128
3  2196 2205 2206  255 128 128
3  2209 2210 2198  255 128 128
3  2201 2198 2211  255 128 128
3  2210 2211 2198  255 128 128
3  2212 2201 2211  255 128 128
3  2202 2201 2213  255 128 128
3  2212 2213 2201  255 128 128
3  2213 2214 2202  255 128 128
3  2203 2218 2200  255 128 128
3  2219 2200 2218  255 128 128
3  2216 2203 2215  255 128 128
3  2202 2215 2203  255 128 128
3  2203 2216 2217  255 128 128
3  2218 2203 2217  255 128 128
3  2215 2202 2214  255 128 128
3  2224 2223 2225  255 128 128
3  2225 2223 2226  255 128 128
3  2221 2223 2222  255 128 128
3  2221 2232 2223  255 128 128
3  2226 2223 2229  255 128 128
3  2228 2227 2229  255 128 128
3  2232 2229 2223  255 128 128
3  2231 2229 2232  255 128 128
3  2229 2231 2230  255 128 128
3  2226 2229 2227  255 128 128
3  2233 2234 2237  255 128 0
3  2236 2233 2237  255 128 0
3  2234 2235 2238  255 128 0
3  2237 2234 2238  255 128 0
3  2236 2237 2240  255 128 0
3  2239 2236 2240  255 128 0
3  2237 2238 2241  255 128 0
3  2240 2237 2241  255 128 0
3  2234 2245 2244  255 128 0
3  2245 2233 2246  255 128 0
3  2233 2236 2247  255 128 0
3  2233 2247 2246  255 128 0
3  2245 2234 2233  255 128 0
3  2235 2242 2258  255 128 0
3  2242 2235 2243  255 128 0
3  2238 2235 2257  255 128 0
3  2257 2235 2258  255 128 0
3  2235 2234 2243  255 128 0
3  2244 2243 2234  255 128 0
3  2236 2248 2247  255 128 0
3  2249 2236 2239  255 128 0
3  2236 2249 2248  255 128 0
3  2249 2239 2250  255 128 0
3  2251 2239 2240  255 128 0
3  2239 2251 2250  255 128 0
3  2240 2252 2251  255 128 0
3  2238 2256 2241  255 128 0
3  2256 2238 2257  255 128 0
3  2253 2241 2254  255 128 0
3  2241 2253 2240  255 128 0
3  2255 2254 2241  255 128 0
3  2255 2241 2256  255 128 0
3  2252 2240 2253  255 128 0
3  2259 2261 2262  128 255 128
3  2261 2259 2260  128 255 128
3  2259 2262 2264  128 255 128
3  2259 2264 2266  128 255 128
3  2264 2265 2266  128 255 128
3  2263 2264 2262  128 255 128
3  2270 2269 2267  255 128 0
3  2268 2267 2269  255 128 0
3  2272 2270 2267  255 128 0
3  2274 2272 2267  255 128 0
3  2274 2273 2272  255 128 0
3  2270 2272 2271  255 128 0
3  2278 2280 2279  176 196 222
3  2280 2278 2281  176 196 222
3  2275 2281 2277  176 196 222
3  2277 2276 2275  176 196 222
3  2277 2281 2278  176 196 222
3  2282 2290 2292  176 196 222
3  2291 2282 2292  176 196 222
3  2294 2293 2282  176 196 222
3  2291 2295 2294  176 196 222
3  2282 2291 2294  176 196 222
3  2282 2293 2289  176 196 222
3  2282 2289 2288  176 196 222
3  2287 2290 2288  176 196 222
3  2287 2292 2290  176 196 222
3  2290 2282 2288  176 196 222
3  2283 2295 2291  176 196 222
3  2283 2291 2284  176 196 222
3  2286 2292 2287  176 196 222
3  2292 2286 2285  176 196 222
3  2285 2284 2292  176 196 222
3  2291 2292 2284  176 196 222
3  2316 2318 2317  64 0 128
3  2315 2314 2318  64 0 128
3  2317 2350 2316  64 0 128
3  2318 2319 2315  64 0 128
3  2317 2318 2314  64 0 128
3  2317 2314 2353  64 0 128
3  2314 2313 2353  64 0 128
3  2350 2352 2351  64 0 128
3  2353 2352 2317  64 0 128
3  2354 2353 2313  64 0 128
3  2352 2350 2317  64 0 128
3  2319 2318 2316  64 0 128
3  2316 2348 2320  64 0 128
3  2316 2320 2319  64 0 128
3  2322 2321 2346  64 0 128
3  2346 2344 2343  64 0 128
3  2320 2348 2321  64 0 128
3  2321 2347 2346  64 0 128
3  2350 2349 2348  64 0 128
3  2346 2345 2344  64 0 128
3  2321 2348 2347  64 0 128
3  2322 2346 2323  64 0 128
3  2350 2348 2316  64 0 128
3  2312 10207 2354  64 0 128
3  2357 2359 2358  64 0 128
3  2355 2354 10207  64 0 128
3  2313 2312 2354  64 0 128
3  2355 10207 2310  64 0 128
3  2357 2310 2359  64 0 128
3  2359 2308 2307  64 0 128
3  2356 2310 2357  64 0 128
3  2355 2310 2356  64 0 128
3  2359 2361 2360  64 0 128
3  2364 2363 2365  64 0 128
3  2363 2304 2366  64 0 128
3  2361 2307 2306  64 0 128
3  2359 2307 2361  64 0 128
3  2361 2306 2362  64 0 128
3  2305 2363 2362  64 0 128
3  2363 2305 2304  64 0 128
3  2305 2362 2306  64 0 128
3  2363 2366 2365  64 0 128
3  2324 2323 2340  64 0 128
3  2325 2340 2339  64 0 128
3  2340 2325 2324  64 0 128
3  2325 2339 2338  64 0 128
3  2340 2323 2343  64 0 128
3  2340 2343 2342  64 0 128
3  2342 2341 2340  64 0 128
3  2338 2337 2336  64 0 128
3  2326 2325 2338  64 0 128
3  2343 2323 2346  64 0 128
3  2327 2338 2336  64 0 128
3  2329 2328 2336  64 0 128
3  2336 2328 2327  64 0 128
3  2329 2336 2334  64 0 128
3  2335 2334 2336  64 0 128
3  2330 2332 2331  64 0 128
3  2333 2332 2334  64 0 128
3  2332 2330 2329  64 0 128
3  2329 2334 2332  64 0 128
3  2326 2338 2327  64 0 128
3  2367 2366 2369  64 0 128
3  2369 2368 2367  64 0 128
3  2369 2366 2303  64 0 128
3  2369 2303 2302  64 0 128
3  2371 2370 2301  64 0 128
3  2301 2300 2371  64 0 128
3  2301 2370 2302  64 0 128
3  2370 2369 2302  64 0 128
3  2372 2371 2373  64 0 128
3  2303 2366 2304  64 0 128
3  2376 2375 2377  64 0 128
3  2296 2377 2297  64 0 128
3  2377 2375 2297  64 0 128
3  2373 2300 2298  64 0 128
3  2373 2375 2374  64 0 128
3  2300 2373 2371  64 0 128
3  2299 2298 2300  64 0 128
3  2375 2298 2297  64 0 128
3  2373 2298 2375  64 0 128
3  2412 2379 2380  0 255 255
3  2379 2412 2378  0 255 255
3  2412 2380 2411  0 255 255
3  2410 2381 2382  0 255 255
3  2381 2410 2411  0 255 255
3  2380 2381 2411  0 255 255
3  2398 2399 2400  0 255 255
3  2400 2397 2398  0 255 255
3  2397 2400 2401  0 255 255
3  2396 2401 2402  0 255 255
3  2396 2402 2395  0 255 255
3  2403 2395 2402  0 255 255
3  2394 2395 2403  0 255 255
3  2397 2401 2396  0 255 255
3  2409 2410 2382  0 255 255
3  2408 2409 2383  0 255 255
3  2382 2383 2409  0 255 255
3  2385 2407 2408  0 255 255
3  2408 2383 2384  0 255 255
3  2408 2384 2385  0 255 255
3  2387 2388 2407  0 255 255
3  2386 2387 2385  0 255 255
3  2385 2387 2407  0 255 255
3  2406 2407 2388  0 255 255
3  2389 2405 2406  0 255 255
3  2393 2394 2404  0 255 255
3  2404 2394 2403  0 255 255
3  2404 2405 2392  0 255 255
3  2405 2390 2392  0 255 255
3  2404 2392 2393  0 255 255
3  2390 2391 2392  0 255 255
3  2389 2390 2405  0 255 255
3  2389 2406 2388  0 255 255
3  2444 2445 2443  64 64 255
3  2442 2444 2443  64 64 255
3  2431 2440 2444  64 64 255
3  2444 2442 2441  64 64 255
3  2444 2441 2431  64 64 255
3  2441 2442 2427  64 64 255
3  2423 2441 2427  64 64 255
3  2446 2447 2440  64 64 255
3  2431 2446 2440  64 64 255
3  2430 2431 2441  64 64 255
3  2441 2423 2413  64 64 255
3  2441 2413 2430  64 64 255
3  2425 2426 2436  64 64 255
3  2435 2425 2436  64 64 255
3  2429 2432 2434  64 64 255
3  2433 2429 2434  64 64 255
3  2423 2427 2429  64 64 255
3  2428 2423 2429  64 64 255
3  2428 2429 2433  64 64 255
3  2433 2426 2425  64 64 255
3  2433 2425 2428  64 64 255
3  2413 2423 2428  64 64 255
3  2428 2425 2424  64 64 255
3  2428 2424 2413  64 64 255
3  2415 2446 2430  64 64 255
3  2446 2415 2414  64 64 255
3  2415 2430 2416  64 64 255
3  2446 2414 2447  64 64 255
3  2416 2430 2413  64 64 255
3  2417 2416 2413  64 64 255
3  2431 2430 2446  64 64 255
3  2440 2447 2439  64 64 255
3  2440 2439 2444  64 64 255
3  2447 2414 2439  64 64 255
3  2438 2445 2439  64 64 255
3  2444 2439 2445  64 64 255
3  2438 2437 2443  64 64 255
3  2437 2427 2443  64 64 255
3  2443 2427 2442  64 64 255
3  2438 2443 2445  64 64 255
3  2424 2418 2417  64 64 255
3  2413 2424 2417  64 64 255
3  2429 2427 2432  64 64 255
3  2435 2419 2424  64 64 255
3  2424 2425 2435  64 64 255
3  2420 2419 2435  64 64 255
3  2418 2424 2419  64 64 255
3  2421 2433 2434  64 64 255
3  2433 2421 2426  64 64 255
3  2434 2432 2422  64 64 255
3  2422 2421 2434  64 64 255
3  2421 2420 2436  64 64 255
3  2435 2436 2420  64 64 255
3  2426 2421 2436  64 64 255
3  2437 2422 2432  64 64 255
3  2437 2432 2427  64 64 255
3  2459 2460 2470  64 64 255
3  2469 2459 2470  64 64 255
3  2463 2466 2468  64 64 255
3  2467 2463 2468  64 64 255
3  2457 2461 2463  64 64 255
3  2462 2457 2463  64 64 255
3  2462 2463 2467  64 64 255
3  2467 2460 2459  64 64 255
3  2467 2459 2462  64 64 255
3  2453 2457 2462  64 64 255
3  2462 2459 2458  64 64 255
3  2462 2458 2453  64 64 255
3  2477 2478 2476  64 64 255
3  2475 2477 2476  64 64 255
3  2465 2473 2477  64 64 255
3  2477 2475 2474  64 64 255
3  2477 2474 2465  64 64 255
3  2474 2475 2461  64 64 255
3  2457 2474 2461  64 64 255
3  2479 2480 2473  64 64 255
3  2465 2479 2473  64 64 255
3  2464 2465 2474  64 64 255
3  2474 2457 2453  64 64 255
3  2474 2453 2464  64 64 255
3  2449 2448 2479  64 64 255
3  2449 2479 2464  64 64 255
3  2479 2448 2480  64 64 255
3  2465 2464 2479  64 64 255
3  2450 2464 2453  64 64 255
3  2451 2450 2453  64 64 255
3  2449 2464 2450  64 64 255
3  2448 2472 2480  64 64 255
3  2473 2480 2472  64 64 255
3  2472 2471 2478  64 64 255
3  2477 2473 2472  64 64 255
3  2476 2478 2471  64 64 255
3  2475 2476 2461  64 64 255
3  2478 2477 2472  64 64 255
3  2476 2471 2456  64 64 255
3  2463 2461 2466  64 64 255
3  2469 2452 2458  64 64 255
3  2458 2459 2469  64 64 255
3  2454 2452 2469  64 64 255
3  2451 2458 2452  64 64 255
3  2451 2453 2458  64 64 255
3  2456 2468 2466  64 64 255
3  2456 2455 2468  64 64 255
3  2467 2468 2455  64 64 255
3  2476 2456 2466  64 64 255
3  2470 2455 2454  64 64 255
3  2470 2460 2455  64 64 255
3  2469 2470 2454  64 64 255
3  2455 2460 2467  64 64 255
3  2476 2466 2461  64 64 255
3  2483 2490 2488  255 128 255
3  2490 2482 2481  255 128 255
3  2482 2490 2483  255 128 255
3  2484 2483 2488  255 128 255
3  2486 2485 2487  255 128 255
3  2488 2487 2485  255 128 255
3  2489 2488 2490  255 128 255
3  2488 2485 2484  255 128 255
3  2495 2494 2493  255 128 255
3  2493 2492 2495  255 128 255
3  2492 2491 2500  255 128 255
3  2496 2495 2492  255 128 255
3  2500 2497 2492  255 128 255
3  2498 2500 2499  255 128 255
3  2500 2498 2497  255 128 255
3  2492 2497 2496  255 128 255
3  2547 2548 2550  255 128 255
3  2549 2547 2550  255 128 255
3  2546 2547 2549  255 128 255
3  2549 2537 2503  255 128 255
3  2549 2503 2546  255 128 255
3  2501 2502 2505  255 128 255
3  2504 2501 2505  255 128 255
3  2502 2503 2538  255 128 255
3  2538 2506 2505  255 128 255
3  2538 2505 2502  255 128 255
3  2503 2537 2539  255 128 255
3  2538 2503 2539  255 128 255
3  2538 2539 2542  255 128 255
3  2542 2531 2506  255 128 255
3  2542 2506 2538  255 128 255
3  2504 2505 2508  255 128 255
3  2507 2504 2508  255 128 255
3  2505 2506 2532  255 128 255
3  2532 2509 2508  255 128 255
3  2532 2508 2505  255 128 255
3  2506 2531 2536  255 128 255
3  2536 2533 2532  255 128 255
3  2536 2532 2506  255 128 255
3  2532 2533 2523  255 128 255
3  2509 2532 2523  255 128 255
3  2529 2530 2526  255 128 255
3  2525 2529 2526  255 128 255
3  2509 2523 2529  255 128 255
3  2529 2525 2524  255 128 255
3  2529 2524 2509  255 128 255
3  2512 2511 2501  255 128 255
3  2511 2546 2502  255 128 255
3  2546 2511 2510  255 128 255
3  2501 2513 2512  255 128 255
3  2546 2510 2547  255 128 255
3  2514 2501 2504  255 128 255
3  2515 2514 2504  255 128 255
3  2501 2514 2513  255 128 255
3  2503 2502 2546  255 128 255
3  2502 2501 2511  255 128 255
3  2537 2549 2544  255 128 255
3  2547 2510 2552  255 128 255
3  2547 2552 2548  255 128 255
3  2552 2551 2548  255 128 255
3  2550 2551 2545  255 128 255
3  2551 2550 2548  255 128 255
3  2550 2545 2544  255 128 255
3  2537 2544 2543  255 128 255
3  2549 2550 2544  255 128 255
3  2539 2541 2542  255 128 255
3  2543 2541 2539  255 128 255
3  2540 2534 2541  255 128 255
3  2542 2541 2531  255 128 255
3  2537 2543 2539  255 128 255
3  2515 2504 2507  255 128 255
3  2516 2515 2507  255 128 255
3  2516 2507 2517  255 128 255
3  2536 2531 2534  255 128 255
3  2533 2536 2534  255 128 255
3  2519 2518 2507  255 128 255
3  2508 2519 2507  255 128 255
3  2524 2508 2509  255 128 255
3  2508 2524 2519  255 128 255
3  2520 2519 2524  255 128 255
3  2517 2507 2518  255 128 255
3  2533 2528 2523  255 128 255
3  2523 2528 2529  255 128 255
3  2533 2534 2528  255 128 255
3  2527 2530 2528  255 128 255
3  2529 2528 2530  255 128 255
3  2540 2535 2534  255 128 255
3  2520 2525 2521  255 128 255
3  2525 2520 2524  255 128 255
3  2521 2525 2526  255 128 255
3  2526 2530 2522  255 128 255
3  2526 2522 2521  255 128 255
3  2522 2530 2527  255 128 255
3  2541 2534 2531  255 128 255
3  2592 2593 2582  255 128 255
3  2555 2592 2582  255 128 255
3  2553 2554 2557  255 128 255
3  2556 2553 2557  255 128 255
3  2554 2555 2583  255 128 255
3  2583 2558 2557  255 128 255
3  2583 2557 2554  255 128 255
3  2587 2588 2579  255 128 255
3  2573 2587 2579  255 128 255
3  2555 2582 2591  255 128 255
3  2591 2584 2583  255 128 255
3  2591 2583 2555  255 128 255
3  2583 2584 2587  255 128 255
3  2587 2573 2558  255 128 255
3  2587 2558 2583  255 128 255
3  2556 2557 2560  255 128 255
3  2559 2556 2560  255 128 255
3  2557 2558 2574  255 128 255
3  2574 2561 2560  255 128 255
3  2574 2560 2557  255 128 255
3  2573 2579 2581  255 128 255
3  2580 2573 2581  255 128 255
3  2558 2573 2580  255 128 255
3  2580 2575 2574  255 128 255
3  2580 2574 2558  255 128 255
3  2574 2575 2576  255 128 255
3  2576 2567 2561  255 128 255
3  2576 2561 2574  255 128 255
3  2561 2567 2569  255 128 255
3  2568 2561 2569  255 128 255
3  2599 2598 2553  255 128 255
3  2598 2597 2592  255 128 255
3  2592 2554 2598  255 128 255
3  2592 2597 2593  255 128 255
3  2553 2600 2599  255 128 255
3  2553 2556 2601  255 128 255
3  2553 2601 2600  255 128 255
3  2555 2554 2592  255 128 255
3  2554 2553 2598  255 128 255
3  2582 2593 2589  255 128 255
3  2594 2589 2593  255 128 255
3  2597 2596 2593  255 128 255
3  2594 2593 2596  255 128 255
3  2595 2594 2596  255 128 255
3  2594 2590 2589  255 128 255
3  2584 2591 2586  255 128 255
3  2587 2584 2586  255 128 255
3  2586 2585 2588  255 128 255
3  2586 2588 2587  255 128 255
3  2588 2585 2579  255 128 255
3  2589 2586 2591  255 128 255
3  2589 2591 2582  255 128 255
3  2602 2601 2556  255 128 255
3  2603 2556 2559  255 128 255
3  2556 2603 2602  255 128 255
3  2603 2559 2604  255 128 255
3  2575 2580 2577  255 128 255
3  2576 2575 2577  255 128 255
3  2563 2562 2559  255 128 255
3  2560 2563 2559  255 128 255
3  2568 2560 2561  255 128 255
3  2560 2568 2563  255 128 255
3  2564 2563 2568  255 128 255
3  2604 2559 2562  255 128 255
3  2577 2580 2581  255 128 255
3  2576 2577 2572  255 128 255
3  2578 2577 2581  255 128 255
3  2578 2581 2579  255 128 255
3  2570 2572 2571  255 128 255
3  2578 2579 2585  255 128 255
3  2567 2570 2569  255 128 255
3  2569 2565 2564  255 128 255
3  2569 2570 2565  255 128 255
3  2566 2565 2570  255 128 255
3  2568 2569 2564  255 128 255
3  2570 2567 2572  255 128 255
3  2572 2567 2576  255 128 255
3  2606 2613 2611  255 128 255
3  2613 2605 2614  255 128 255
3  2605 2613 2606  255 128 255
3  2607 2606 2611  255 128 255
3  2609 2608 2610  255 128 255
3  2611 2610 2608  255 128 255
3  2612 2611 2613  255 128 255
3  2611 2608 2607  255 128 255
3  2622 2621 2620  255 128 255
3  2620 2619 2622  255 128 255
3  2619 2618 2617  255 128 255
3  2623 2622 2619  255 128 255
3  2624 2619 2617  255 128 255
3  2619 2624 2623  255 128 255
3  2624 2617 2625  255 128 255
3  2625 2616 2615  255 128 255
3  2616 2625 2617  255 128 255
3  2698 2684 2659  255 64 255
3  2697 2698 2659  255 64 255
3  2683 2685 2686  255 64 255
3  2686 2681 2660  255 64 255
3  2686 2660 2683  255 64 255
3  2689 2687 2681  255 64 255
3  2686 2689 2681  255 64 255
3  2693 2691 2689  255 64 255
3  2690 2693 2689  255 64 255
3  2692 2693 2690  255 64 255
3  2688 2692 2690  255 64 255
3  2685 2688 2690  255 64 255
3  2690 2689 2686  255 64 255
3  2690 2686 2685  255 64 255
3  2696 2688 2685  255 64 255
3  2694 2696 2685  255 64 255
3  2695 2696 2694  255 64 255
3  2684 2695 2694  255 64 255
3  2659 2684 2694  255 64 255
3  2694 2685 2683  255 64 255
3  2694 2683 2659  255 64 255
3  2682 2680 2661  255 64 255
3  2679 2682 2661  255 64 255
3  2681 2682 2679  255 64 255
3  2660 2681 2679  255 64 255
3  2660 2663 2726  255 64 255
3  2683 2660 2726  255 64 255
3  2662 2659 2683  255 64 255
3  2726 2662 2683  255 64 255
3  2661 2664 2744  255 64 255
3  2679 2661 2744  255 64 255
3  2663 2660 2679  255 64 255
3  2744 2663 2679  255 64 255
3  2713 2711 2665  255 64 255
3  2706 2713 2665  255 64 255
3  2712 2662 2711  255 64 255
3  2713 2712 2711  255 64 255
3  2725 2666 2721  255 64 255
3  2721 2718 2727  255 64 255
3  2721 2727 2725  255 64 255
3  2726 2663 2725  255 64 255
3  2727 2726 2725  255 64 255
3  2662 2726 2727  255 64 255
3  2711 2662 2727  255 64 255
3  2727 2718 2734  255 64 255
3  2734 2665 2711  255 64 255
3  2734 2711 2727  255 64 255
3  2745 2743 2667  255 64 255
3  2724 2745 2667  255 64 255
3  2744 2664 2743  255 64 255
3  2745 2744 2743  255 64 255
3  2663 2744 2745  255 64 255
3  2725 2663 2745  255 64 255
3  2745 2724 2741  255 64 255
3  2741 2666 2725  255 64 255
3  2741 2725 2745  255 64 255
3  2706 2665 2735  255 64 255
3  2708 2706 2735  255 64 255
3  2709 2706 2708  255 64 255
3  2710 2709 2708  255 64 255
3  2738 2720 2737  255 64 255
3  2739 2738 2737  255 64 255
3  2723 2738 2739  255 64 255
3  2729 2723 2739  255 64 255
3  2666 2720 2738  255 64 255
3  2738 2723 2721  255 64 255
3  2738 2721 2666  255 64 255
3  2721 2723 2730  255 64 255
3  2730 2722 2718  255 64 255
3  2730 2718 2721  255 64 255
3  2730 2723 2729  255 64 255
3  2732 2730 2729  255 64 255
3  2722 2730 2732  255 64 255
3  2731 2722 2732  255 64 255
3  2736 2722 2731  255 64 255
3  2734 2718 2722  255 64 255
3  2736 2734 2722  255 64 255
3  2665 2734 2736  255 64 255
3  2735 2665 2736  255 64 255
3  2741 2724 2740  255 64 255
3  2742 2741 2740  255 64 255
3  2666 2741 2742  255 64 255
3  2720 2666 2742  255 64 255
3  2698 2678 2695  255 64 255
3  2678 2698 2699  255 64 255
3  2695 2678 2677  255 64 255
3  2677 2693 2692  255 64 255
3  2677 2692 2696  255 64 255
3  2688 2696 2692  255 64 255
3  2695 2677 2696  255 64 255
3  2695 2684 2698  255 64 255
3  2699 2697 2700  255 64 255
3  2700 2697 2712  255 64 255
3  2701 2700 2712  255 64 255
3  2659 2662 2712  255 64 255
3  2697 2659 2712  255 64 255
3  2698 2697 2699  255 64 255
3  2693 2676 2691  255 64 255
3  2676 2693 2677  255 64 255
3  2689 2691 2687  255 64 255
3  2691 2676 2675  255 64 255
3  2674 2682 2675  255 64 255
3  2682 2687 2675  255 64 255
3  2680 2674 2673  255 64 255
3  2691 2675 2687  255 64 255
3  2682 2681 2687  255 64 255
3  2661 2680 2672  255 64 255
3  2680 2682 2674  255 64 255
3  2661 2672 2671  255 64 255
3  2664 2670 2669  255 64 255
3  2671 2670 2661  255 64 255
3  2670 2664 2661  255 64 255
3  2672 2680 2673  255 64 255
3  2701 2712 2713  255 64 255
3  2702 2701 2713  255 64 255
3  2709 2702 2713  255 64 255
3  2709 2710 2703  255 64 255
3  2704 2703 2710  255 64 255
3  2709 2703 2702  255 64 255
3  2710 2708 2704  255 64 255
3  2713 2706 2709  255 64 255
3  2740 2724 2667  255 64 255
3  2669 2743 2664  255 64 255
3  2743 2669 2667  255 64 255
3  2668 2667 2669  255 64 255
3  10205 10297 10298  255 64 255
3  2299 10205 10298  255 64 255
3  10299 2297 2298  0 192 192
3  2747 10299 2298  0 192 192
3  2747 2298 2299  0 192 192
3  10298 2747 2299  0 192 192
3  10300 10203 2749  0 192 192
3  2748 10300 2749  0 192 192
3  2748 2749 2297  0 192 192
3  10299 2748 2297  0 192 192
3  2676 1219 1220  0 192 192
3  2675 2676 1220  0 192 192
3  2677 2750 2752  0 192 192
3  2676 2677 2752  0 192 192
3  2750 2751 2753  0 192 192
3  2752 2750 2753  0 192 192
3  2751 2330 2331  0 192 192
3  2753 2751 2331  0 192 192
3  2678 10212 10213  0 192 192
3  2677 2678 10213  0 192 192
3  10007 2450 2451  255 165 0
3  10010 10007 2451  255 165 0
3  2332 1218 1219  255 240 245
3  2331 2332 1219  255 240 245
3  2333 1217 2755  128 128 0
3  2754 2333 2755  128 128 0
3  2754 2755 1218  128 128 0
3  2332 2754 1218  128 128 0
3  2454 2372 2373  0 192 192
3  2452 2454 2373  0 192 192
3  2374 2756 2757  255 165 0
3  2373 2374 2757  255 165 0
3  2756 2451 2452  255 165 0
3  2757 2756 2452  255 165 0
3  1224 2374 2375  255 64 128
3  1223 1224 2375  255 64 128
3  2376 1222 1223  64 128 255
3  2375 2376 1223  64 128 255
3  1222 2376 2759  0 128 64
3  2758 1222 2759  0 128 64
3  2758 2759 10233  0 128 64
3  10009 2758 10233  0 128 64
3  10204 10008 2761  128 255 64
3  2760 10204 2761  128 255 64
3  2760 2761 10009  128 255 64
3  10233 2760 10009  128 255 64
3  2308 2668 2803  255 64 255
3  10206 2308 2803  255 64 255
3  10206 2803 10297  255 64 255
3  10205 10206 10297  255 64 255
3  10301 10209 10211  192 0 192
3  2804 10301 10211  192 0 192
3  2804 10211 10212  192 0 192
3  2678 2804 10212  192 0 192
3  2808 2805 10210  128 255 255
3  2808 10210 2807  128 255 255
3  2809 2806 2805  128 255 255
3  2809 2805 2808  128 255 255
3  2810 10302 2806  128 255 255
3  2810 2806 2809  128 255 255
3  2811 2808 2807  128 255 255
3  2811 2807 10208  128 255 255
3  2812 2809 2808  128 255 255
3  2812 2808 2811  128 255 255
3  10304 2810 2809  128 255 255
3  10304 2809 2812  128 255 255
3  116 2819 2820  176 196 222
3  117 116 2820  176 196 222
3  117 2820 2821  192 0 0
3  118 117 2821  192 0 0
3  118 2821 2822  128 128 255
3  119 118 2822  128 128 255
3  119 2822 2823  255 128 255
3  120 119 2823  255 128 255
3  120 2823 2824  255 255 64
3  121 120 2824  255 255 64
3  121 2824 2825  0 0 192
3  122 121 2825  0 0 192
3  2826 123 122  128 0 255
3  2825 2826 122  128 0 255
3  2827 124 123  64 64 255
3  2826 2827 123  64 64 255
3  2828 125 124  64 255 64
3  2827 2828 124  64 255 64
3  2829 126 125  255 128 128
3  2828 2829 125  255 128 128
3  2830 127 126  128 64 0
3  2829 2830 126  128 64 0
3  2831 128 127  192 0 192
3  2830 2831 127  192 0 192
3  2832 129 128  0 192 0
3  2831 2832 128  0 192 0
3  2833 130 129  128 255 255
3  2832 2833 129  128 255 255
3  2834 131 130  255 64 255
3  2833 2834 130  255 64 255
3  2835 132 131  128 255 128
3  2834 2835 131  128 255 128
3  132 2835 2836  255 255 128
3  133 132 2836  255 255 128
3  133 2836 2837  0 192 192
3  134 133 2837  0 192 192
3  134 2837 2838  255 64 64
3  135 134 2838  255 64 64
3  135 2838 2839  192 192 0
3  136 135 2839  192 192 0
3  136 2839 2819  176 196 222
3  116 136 2819  176 196 222
3  2841 2840 179  173 216 230
3  2841 179 181  173 216 230
3  2842 9885 2840  173 216 230
3  2842 2840 2841  173 216 230
3  2843 2841 181  173 216 230
3  2843 181 183  173 216 230
3  9886 2842 2841  173 216 230
3  9886 2841 2843  173 216 230
3  2847 2844 9887  64 128 255
3  2847 9887 2846  64 128 255
3  2848 2845 2844  64 128 255
3  2848 2844 2847  64 128 255
3  2849 10077 2845  64 128 255
3  2849 2845 2848  64 128 255
3  2850 2847 2846  64 128 255
3  2850 2846 9888  64 128 255
3  2851 2848 2847  64 128 255
3  2851 2847 2850  64 128 255
3  10076 2849 2848  64 128 255
3  10076 2848 2851  64 128 255
3  2856 2852 9897  0 128 128
3  2856 9897 2855  0 128 128
3  2857 2853 2852  0 128 128
3  2857 2852 2856  0 128 128
3  2858 2854 2853  0 128 128
3  2858 2853 2857  0 128 128
3  2859 10099 2854  0 128 128
3  2859 2854 2858  0 128 128
3  2860 2856 2855  0 128 128
3  2860 2855 9896  0 128 128
3  2861 2857 2856  0 128 128
3  2861 2856 2860  0 128 128
3  2862 2858 2857  0 128 128
3  2862 2857 2861  0 128 128
3  10098 2859 2858  0 128 128
3  10098 2858 2862  0 128 128
3  2869 2863 1387  0 128 128
3  2869 1387 1388  0 128 128
3  2870 2864 2863  0 128 128
3  2870 2863 2869  0 128 128
3  2871 2865 2864  0 128 128
3  2871 2864 2870  0 128 128
3  2872 2866 2865  0 128 128
3  2872 2865 2871  0 128 128
3  2873 2867 2866  0 128 128
3  2873 2866 2872  0 128 128
3  2874 2868 2867  0 128 128
3  2874 2867 2873  0 128 128
3  1541 1542 2868  0 128 128
3  1541 2868 2874  0 128 128
3  2907 2875 1689  0 128 128
3  2907 1689 1688  0 128 128
3  2908 2876 2875  0 128 128
3  2908 2875 2907  0 128 128
3  2909 2877 2876  0 128 128
3  2909 2876 2908  0 128 128
3  2910 2878 2877  0 128 128
3  2910 2877 2909  0 128 128
3  2911 2879 2878  0 128 128
3  2911 2878 2910  0 128 128
3  2912 2880 2879  0 128 128
3  2912 2879 2911  0 128 128
3  2913 2881 2880  0 128 128
3  2913 2880 2912  0 128 128
3  2914 2882 2881  0 128 128
3  2914 2881 2913  0 128 128
3  2915 2883 2882  0 128 128
3  2915 2882 2914  0 128 128
3  2916 2884 2883  0 128 128
3  2916 2883 2915  0 128 128
3  2917 2885 2884  0 128 128
3  2917 2884 2916  0 128 128
3  2918 2886 2885  0 128 128
3  2918 2885 2917  0 128 128
3  2919 2887 2886  0 128 128
3  2919 2886 2918  0 128 128
3  2920 2888 2887  0 128 128
3  2920 2887 2919  0 128 128
3  2921 2889 2888  0 128 128
3  2921 2888 2920  0 128 128
3  2922 2890 2889  0 128 128
3  2922 2889 2921  0 128 128
3  2923 2891 2890  0 128 128
3  2923 2890 2922  0 128 128
3  2924 2892 2891  0 128 128
3  2924 2891 2923  0 128 128
3  2925 2893 2892  0 128 128
3  2925 2892 2924  0 128 128
3  2926 2894 2893  0 128 128
3  2926 2893 2925  0 128 128
3  2927 2895 2894  0 128 128
3  2927 2894 2926  0 128 128
3  2928 2896 2895  0 128 128
3  2928 2895 2927  0 128 128
3  2929 2897 2896  0 128 128
3  2929 2896 2928  0 128 128
3  2930 2898 2897  0 128 128
3  2930 2897 2929  0 128 128
3  2931 2899 2898  0 128 128
3  2931 2898 2930  0 128 128
3  2932 2900 2899  0 128 128
3  2932 2899 2931  0 128 128
3  2933 2901 2900  0 128 128
3  2933 2900 2932  0 128 128
3  2934 2902 2901  0 128 128
3  2934 2901 2933  0 128 128
3  2935 2903 2902  0 128 128
3  2935 2902 2934  0 128 128
3  2936 2904 2903  0 128 128
3  2936 2903 2935  0 128 128
3  2937 2905 2904  0 128 128
3  2937 2904 2936  0 128 128
3  2938 2906 2905  0 128 128
3  2938 2905 2937  0 128 128
3  1540 1541 2906  0 128 128
3  1540 2906 2938  0 128 128
3  10305 2939 200  0 128 64
3  10305 200 206  0 128 64
3  1543 1555 2939  0 128 64
3  1543 2939 10305  0 128 64
3  2967 2940 10120  0 128 64
3  2967 10120 2966  0 128 64
3  2968 2941 2940  0 128 64
3  2968 2940 2967  0 128 64
3  2969 2942 2941  0 128 64
3  2969 2941 2968  0 128 64
3  2970 2943 2942  0 128 64
3  2970 2942 2969  0 128 64
3  2971 2944 2943  0 128 64
3  2971 2943 2970  0 128 64
3  2972 2945 2944  0 128 64
3  2972 2944 2971  0 128 64
3  2973 2946 2945  0 128 64
3  2973 2945 2972  0 128 64
3  2974 2947 2946  0 128 64
3  2974 2946 2973  0 128 64
3  2975 2948 2947  0 128 64
3  2975 2947 2974  0 128 64
3  2976 2949 2948  0 128 64
3  2976 2948 2975  0 128 64
3  2977 2950 2949  0 128 64
3  2977 2949 2976  0 128 64
3  2978 2951 2950  0 128 64
3  2978 2950 2977  0 128 64
3  2979 2952 2951  0 128 64
3  2979 2951 2978  0 128 64
3  2980 2953 2952  0 128 64
3  2980 2952 2979  0 128 64
3  2981 2954 2953  0 128 64
3  2981 2953 2980  0 128 64
3  2982 2955 2954  0 128 64
3  2982 2954 2981  0 128 64
3  2983 2956 2955  0 128 64
3  2983 2955 2982  0 128 64
3  2984 2957 2956  0 128 64
3  2984 2956 2983  0 128 64
3  2985 2958 2957  0 128 64
3  2985 2957 2984  0 128 64
3  2986 2959 2958  0 128 64
3  2986 2958 2985  0 128 64
3  2987 2960 2959  0 128 64
3  2987 2959 2986  0 128 64
3  2988 2961 2960  0 128 64
3  2988 2960 2987  0 128 64
3  2989 2962 2961  0 128 64
3  2989 2961 2988  0 128 64
3  2990 2963 2962  0 128 64
3  2990 2962 2989  0 128 64
3  2991 2964 2963  0 128 64
3  2991 2963 2990  0 128 64
3  2992 2965 2964  0 128 64
3  2992 2964 2991  0 128 64
3  2993 10101 2965  0 128 64
3  2993 2965 2992  0 128 64
3  2994 2967 2966  0 128 64
3  2994 2966 10119  0 128 64
3  2995 2968 2967  0 128 64
3  2995 2967 2994  0 128 64
3  2996 2969 2968  0 128 64
3  2996 2968 2995  0 128 64
3  2997 2970 2969  0 128 64
3  2997 2969 2996  0 128 64
3  2998 2971 2970  0 128 64
3  2998 2970 2997  0 128 64
3  2999 2972 2971  0 128 64
3  2999 2971 2998  0 128 64
3  3000 2973 2972  0 128 64
3  3000 2972 2999  0 128 64
3  3001 2974 2973  0 128 64
3  3001 2973 3000  0 128 64
3  3002 2975 2974  0 128 64
3  3002 2974 3001  0 128 64
3  3003 2976 2975  0 128 64
3  3003 2975 3002  0 128 64
3  3004 2977 2976  0 128 64
3  3004 2976 3003  0 128 64
3  3005 2978 2977  0 128 64
3  3005 2977 3004  0 128 64
3  3006 2979 2978  0 128 64
3  3006 2978 3005  0 128 64
3  3007 2980 2979  0 128 64
3  3007 2979 3006  0 128 64
3  3008 2981 2980  0 128 64
3  3008 2980 3007  0 128 64
3  3009 2982 2981  0 128 64
3  3009 2981 3008  0 128 64
3  3010 2983 2982  0 128 64
3  3010 2982 3009  0 128 64
3  3011 2984 2983  0 128 64
3  3011 2983 3010  0 128 64
3  3012 2985 2984  0 128 64
3  3012 2984 3011  0 128 64
3  3013 2986 2985  0 128 64
3  3013 2985 3012  0 128 64
3  3014 2987 2986  0 128 64
3  3014 2986 3013  0 128 64
3  3015 2988 2987  0 128 64
3  3015 2987 3014  0 128 64
3  3016 2989 2988  0 128 64
3  3016 2988 3015  0 128 64
3  3017 2990 2989  0 128 64
3  3017 2989 3016  0 128 64
3  3018 2991 2990  0 128 64
3  3018 2990 3017  0 128 64
3  3019 2992 2991  0 128 64
3  3019 2991 3018  0 128 64
3  10100 2993 2992  0 128 64
3  10100 2992 3019  0 128 64
3  3021 3020 185  255 64 255
3  3021 185 187  255 64 255
3  3022 9889 3020  255 64 255
3  3022 3020 3021  255 64 255
3  3023 3021 187  255 64 255
3  3023 187 189  255 64 255
3  9891 3022 3021  255 64 255
3  9891 3021 3023  255 64 255
3  3025 3024 198  255 128 64
3  3025 198 199  255 128 64
3  1391 1392 3024  255 128 64
3  1391 3024 3025  255 128 64
3  3028 3026 213  255 128 255
3  3028 213 212  255 128 255
3  3029 3027 3026  255 128 255
3  3029 3026 3028  255 128 255
3  1479 1480 3027  255 128 255
3  1479 3027 3029  255 128 255
3  3037 3030 1613  255 128 255
3  3037 1613 1612  255 128 255
3  3038 3031 3030  255 128 255
3  3038 3030 3037  255 128 255
3  3039 3032 3031  255 128 255
3  3039 3031 3038  255 128 255
3  3040 3033 3032  255 128 255
3  3040 3032 3039  255 128 255
3  3041 3034 3033  255 128 255
3  3041 3033 3040  255 128 255
3  3042 3035 3034  255 128 255
3  3042 3034 3041  255 128 255
3  3043 3036 3035  255 128 255
3  3043 3035 3042  255 128 255
3  1478 1479 3036  255 128 255
3  1478 3036 3043  255 128 255
3  3045 3044 207  255 255 0
3  3045 207 213  255 255 0
3  1480 1481 3044  255 255 0
3  1480 3044 3045  255 255 0
3  3057 3046 1395  255 255 0
3  3057 1395 1396  255 255 0
3  3058 3047 3046  255 255 0
3  3058 3046 3057  255 255 0
3  3059 3048 3047  255 255 0
3  3059 3047 3058  255 255 0
3  3060 3049 3048  255 255 0
3  3060 3048 3059  255 255 0
3  3061 3050 3049  255 255 0
3  3061 3049 3060  255 255 0
3  3062 3051 3050  255 255 0
3  3062 3050 3061  255 255 0
3  3063 3052 3051  255 255 0
3  3063 3051 3062  255 255 0
3  3064 3053 3052  255 255 0
3  3064 3052 3063  255 255 0
3  3065 3054 3053  255 255 0
3  3065 3053 3064  255 255 0
3  3066 3055 3054  255 255 0
3  3066 3054 3065  255 255 0
3  3067 3056 3055  255 255 0
3  3067 3055 3066  255 255 0
3  1481 1482 3056  255 255 0
3  1481 3056 3067  255 255 0
3  3369 3068 1631  255 255 0
3  3369 1631 1630  255 255 0
3  3370 3069 3068  255 255 0
3  3370 3068 3369  255 255 0
3  3371 3070 3069  255 255 0
3  3371 3069 3370  255 255 0
3  3372 3071 3070  255 255 0
3  3372 3070 3371  255 255 0
3  3373 3072 3071  255 255 0
3  3373 3071 3372  255 255 0
3  3374 3073 3072  255 255 0
3  3374 3072 3373  255 255 0
3  3375 3074 3073  255 255 0
3  3375 3073 3374  255 255 0
3  3376 3075 3074  255 255 0
3  3376 3074 3375  255 255 0
3  3377 3076 3075  255 255 0
3  3377 3075 3376  255 255 0
3  3378 3077 3076  255 255 0
3  3378 3076 3377  255 255 0
3  3379 3078 3077  255 255 0
3  3379 3077 3378  255 255 0
3  3380 3079 3078  255 255 0
3  3380 3078 3379  255 255 0
3  3381 3080 3079  255 255 0
3  3381 3079 3380  255 255 0
3  3382 3081 3080  255 255 0
3  3382 3080 3381  255 255 0
3  3383 3082 3081  255 255 0
3  3383 3081 3382  255 255 0
3  3384 3083 3082  255 255 0
3  3384 3082 3383  255 255 0
3  3385 3084 3083  255 255 0
3  3385 3083 3384  255 255 0
3  3386 3085 3084  255 255 0
3  3386 3084 3385  255 255 0
3  3387 3086 3085  255 255 0
3  3387 3085 3386  255 255 0
3  3388 3087 3086  255 255 0
3  3388 3086 3387  255 255 0
3  3389 3088 3087  255 255 0
3  3389 3087 3388  255 255 0
3  3390 3089 3088  255 255 0
3  3390 3088 3389  255 255 0
3  3391 3090 3089  255 255 0
3  3391 3089 3390  255 255 0
3  3392 3091 3090  255 255 0
3  3392 3090 3391  255 255 0
3  3393 3092 3091  255 255 0
3  3393 3091 3392  255 255 0
3  3394 3093 3092  255 255 0
3  3394 3092 3393  255 255 0
3  3395 3094 3093  255 255 0
3  3395 3093 3394  255 255 0
3  3396 3095 3094  255 255 0
3  3396 3094 3395  255 255 0
3  3397 3096 3095  255 255 0
3  3397 3095 3396  255 255 0
3  3398 3097 3096  255 255 0
3  3398 3096 3397  255 255 0
3  3399 3098 3097  255 255 0
3  3399 3097 3398  255 255 0
3  3400 3099 3098  255 255 0
3  3400 3098 3399  255 255 0
3  3401 3100 3099  255 255 0
3  3401 3099 3400  255 255 0
3  3402 3101 3100  255 255 0
3  3402 3100 3401  255 255 0
3  3403 3102 3101  255 255 0
3  3403 3101 3402  255 255 0
3  3404 3103 3102  255 255 0
3  3404 3102 3403  255 255 0
3  3405 3104 3103  255 255 0
3  3405 3103 3404  255 255 0
3  3406 3105 3104  255 255 0
3  3406 3104 3405  255 255 0
3  3407 3106 3105  255 255 0
3  3407 3105 3406  255 255 0
3  3408 3107 3106  255 255 0
3  3408 3106 3407  255 255 0
3  3409 3108 3107  255 255 0
3  3409 3107 3408  255 255 0
3  3410 3109 3108  255 255 0
3  3410 3108 3409  255 255 0
3  3411 3110 3109  255 255 0
3  3411 3109 3410  255 255 0
3  3412 3111 3110  255 255 0
3  3412 3110 3411  255 255 0
3  3413 3112 3111  255 255 0
3  3413 3111 3412  255 255 0
3  3414 3113 3112  255 255 0
3  3414 3112 3413  255 255 0
3  3415 3114 3113  255 255 0
3  3415 3113 3414  255 255 0
3  3416 3115 3114  255 255 0
3  3416 3114 3415  255 255 0
3  3417 3116 3115  255 255 0
3  3417 3115 3416  255 255 0
3  3418 3117 3116  255 255 0
3  3418 3116 3417  255 255 0
3  3419 3118 3117  255 255 0
3  3419 3117 3418  255 255 0
3  3420 3119 3118  255 255 0
3  3420 3118 3419  255 255 0
3  3421 3120 3119  255 255 0
3  3421 3119 3420  255 255 0
3  3422 3121 3120  255 255 0
3  3422 3120 3421  255 255 0
3  3423 3122 3121  255 255 0
3  3423 3121 3422  255 255 0
3  3424 3123 3122  255 255 0
3  3424 3122 3423  255 255 0
3  3425 3124 3123  255 255 0
3  3425 3123 3424  255 255 0
3  3426 3125 3124  255 255 0
3  3426 3124 3425  255 255 0
3  3427 3126 3125  255 255 0
3  3427 3125 3426  255 255 0
3  3428 3127 3126  255 255 0
3  3428 3126 3427  255 255 0
3  3429 3128 3127  255 255 0
3  3429 3127 3428  255 255 0
3  3430 3129 3128  255 255 0
3  3430 3128 3429  255 255 0
3  3431 3130 3129  255 255 0
3  3431 3129 3430  255 255 0
3  3432 3131 3130  255 255 0
3  3432 3130 3431  255 255 0
3  3433 3132 3131  255 255 0
3  3433 3131 3432  255 255 0
3  3434 3133 3132  255 255 0
3  3434 3132 3433  255 255 0
3  3435 3134 3133  255 255 0
3  3435 3133 3434  255 255 0
3  3436 3135 3134  255 255 0
3  3436 3134 3435  255 255 0
3  3437 3136 3135  255 255 0
3  3437 3135 3436  255 255 0
3  3438 3137 3136  255 255 0
3  3438 3136 3437  255 255 0
3  3439 3138 3137  255 255 0
3  3439 3137 3438  255 255 0
3  3440 3139 3138  255 255 0
3  3440 3138 3439  255 255 0
3  3441 3140 3139  255 255 0
3  3441 3139 3440  255 255 0
3  3442 3141 3140  255 255 0
3  3442 3140 3441  255 255 0
3  3443 3142 3141  255 255 0
3  3443 3141 3442  255 255 0
3  3444 3143 3142  255 255 0
3  3444 3142 3443  255 255 0
3  3445 3144 3143  255 255 0
3  3445 3143 3444  255 255 0
3  3446 3145 3144  255 255 0
3  3446 3144 3445  255 255 0
3  3447 3146 3145  255 255 0
3  3447 3145 3446  255 255 0
3  3448 3147 3146  255 255 0
3  3448 3146 3447  255 255 0
3  3449 3148 3147  255 255 0
3  3449 3147 3448  255 255 0
3  3450 3149 3148  255 255 0
3  3450 3148 3449  255 255 0
3  3451 3150 3149  255 255 0
3  3451 3149 3450  255 255 0
3  3452 3151 3150  255 255 0
3  3452 3150 3451  255 255 0
3  3453 3152 3151  255 255 0
3  3453 3151 3452  255 255 0
3  3454 3153 3152  255 255 0
3  3454 3152 3453  255 255 0
3  3455 3154 3153  255 255 0
3  3455 3153 3454  255 255 0
3  3456 3155 3154  255 255 0
3  3456 3154 3455  255 255 0
3  3457 3156 3155  255 255 0
3  3457 3155 3456  255 255 0
3  3458 3157 3156  255 255 0
3  3458 3156 3457  255 255 0
3  3459 3158 3157  255 255 0
3  3459 3157 3458  255 255 0
3  3460 3159 3158  255 255 0
3  3460 3158 3459  255 255 0
3  3461 3160 3159  255 255 0
3  3461 3159 3460  255 255 0
3  3462 3161 3160  255 255 0
3  3462 3160 3461  255 255 0
3  3463 3162 3161  255 255 0
3  3463 3161 3462  255 255 0
3  3464 3163 3162  255 255 0
3  3464 3162 3463  255 255 0
3  3465 3164 3163  255 255 0
3  3465 3163 3464  255 255 0
3  3466 3165 3164  255 255 0
3  3466 3164 3465  255 255 0
3  3467 3166 3165  255 255 0
3  3467 3165 3466  255 255 0
3  3468 3167 3166  255 255 0
3  3468 3166 3467  255 255 0
3  3469 3168 3167  255 255 0
3  3469 3167 3468  255 255 0
3  3470 3169 3168  255 255 0
3  3470 3168 3469  255 255 0
3  3471 3170 3169  255 255 0
3  3471 3169 3470  255 255 0
3  3472 3171 3170  255 255 0
3  3472 3170 3471  255 255 0
3  3473 3172 3171  255 255 0
3  3473 3171 3472  255 255 0
3  3474 3173 3172  255 255 0
3  3474 3172 3473  255 255 0
3  3475 3174 3173  255 255 0
3  3475 3173 3474  255 255 0
3  3476 3175 3174  255 255 0
3  3476 3174 3475  255 255 0
3  3477 3176 3175  255 255 0
3  3477 3175 3476  255 255 0
3  3478 3177 3176  255 255 0
3  3478 3176 3477  255 255 0
3  3479 3178 3177  255 255 0
3  3479 3177 3478  255 255 0
3  3480 3179 3178  255 255 0
3  3480 3178 3479  255 255 0
3  3481 3180 3179  255 255 0
3  3481 3179 3480  255 255 0
3  3482 3181 3180  255 255 0
3  3482 3180 3481  255 255 0
3  3483 3182 3181  255 255 0
3  3483 3181 3482  255 255 0
3  3484 3183 3182  255 255 0
3  3484 3182 3483  255 255 0
3  3485 3184 3183  255 255 0
3  3485 3183 3484  255 255 0
3  3486 3185 3184  255 255 0
3  3486 3184 3485  255 255 0
3  3487 3186 3185  255 255 0
3  3487 3185 3486  255 255 0
3  3488 3187 3186  255 255 0
3  3488 3186 3487  255 255 0
3  3489 3188 3187  255 255 0
3  3489 3187 3488  255 255 0
3  3490 3189 3188  255 255 0
3  3490 3188 3489  255 255 0
3  3491 3190 3189  255 255 0
3  3491 3189 3490  255 255 0
3  3492 3191 3190  255 255 0
3  3492 3190 3491  255 255 0
3  3493 3192 3191  255 255 0
3  3493 3191 3492  255 255 0
3  3494 3193 3192  255 255 0
3  3494 3192 3493  255 255 0
3  3495 3194 3193  255 255 0
3  3495 3193 3494  255 255 0
3  3496 3195 3194  255 255 0
3  3496 3194 3495  255 255 0
3  3497 3196 3195  255 255 0
3  3497 3195 3496  255 255 0
3  3498 3197 3196  255 255 0
3  3498 3196 3497  255 255 0
3  3499 3198 3197  255 255 0
3  3499 3197 3498  255 255 0
3  3500 3199 3198  255 255 0
3  3500 3198 3499  255 255 0
3  3501 3200 3199  255 255 0
3  3501 3199 3500  255 255 0
3  3502 3201 3200  255 255 0
3  3502 3200 3501  255 255 0
3  3503 3202 3201  255 255 0
3  3503 3201 3502  255 255 0
3  3504 3203 3202  255 255 0
3  3504 3202 3503  255 255 0
3  3505 3204 3203  255 255 0
3  3505 3203 3504  255 255 0
3  3506 3205 3204  255 255 0
3  3506 3204 3505  255 255 0
3  3507 3206 3205  255 255 0
3  3507 3205 3506  255 255 0
3  3508 3207 3206  255 255 0
3  3508 3206 3507  255 255 0
3  3509 3208 3207  255 255 0
3  3509 3207 3508  255 255 0
3  3510 3209 3208  255 255 0
3  3510 3208 3509  255 255 0
3  3511 3210 3209  255 255 0
3  3511 3209 3510  255 255 0
3  3512 3211 3210  255 255 0
3  3512 3210 3511  255 255 0
3  3513 3212 3211  255 255 0
3  3513 3211 3512  255 255 0
3  3514 3213 3212  255 255 0
3  3514 3212 3513  255 255 0
3  3515 3214 3213  255 255 0
3  3515 3213 3514  255 255 0
3  3516 3215 3214  255 255 0
3  3516 3214 3515  255 255 0
3  3517 3216 3215  255 255 0
3  3517 3215 3516  255 255 0
3  3518 3217 3216  255 255 0
3  3518 3216 3517  255 255 0
3  3519 3218 3217  255 255 0
3  3519 3217 3518  255 255 0
3  3520 3219 3218  255 255 0
3  3520 3218 3519  255 255 0
3  3521 3220 3219  255 255 0
3  3521 3219 3520  255 255 0
3  3522 3221 3220  255 255 0
3  3522 3220 3521  255 255 0
3  3523 3222 3221  255 255 0
3  3523 3221 3522  255 255 0
3  3524 3223 3222  255 255 0
3  3524 3222 3523  255 255 0
3  3525 3224 3223  255 255 0
3  3525 3223 3524  255 255 0
3  3526 3225 3224  255 255 0
3  3526 3224 3525  255 255 0
3  3527 3226 3225  255 255 0
3  3527 3225 3526  255 255 0
3  3528 3227 3226  255 255 0
3  3528 3226 3527  255 255 0
3  3529 3228 3227  255 255 0
3  3529 3227 3528  255 255 0
3  3530 3229 3228  255 255 0
3  3530 3228 3529  255 255 0
3  3531 3230 3229  255 255 0
3  3531 3229 3530  255 255 0
3  3532 3231 3230  255 255 0
3  3532 3230 3531  255 255 0
3  3533 3232 3231  255 255 0
3  3533 3231 3532  255 255 0
3  3534 3233 3232  255 255 0
3  3534 3232 3533  255 255 0
3  3535 3234 3233  255 255 0
3  3535 3233 3534  255 255 0
3  3536 3235 3234  255 255 0
3  3536 3234 3535  255 255 0
3  3537 3236 3235  255 255 0
3  3537 3235 3536  255 255 0
3  3538 3237 3236  255 255 0
3  3538 3236 3537  255 255 0
3  3539 3238 3237  255 255 0
3  3539 3237 3538  255 255 0
3  3540 3239 3238  255 255 0
3  3540 3238 3539  255 255 0
3  3541 3240 3239  255 255 0
3  3541 3239 3540  255 255 0
3  3542 3241 3240  255 255 0
3  3542 3240 3541  255 255 0
3  3543 3242 3241  255 255 0
3  3543 3241 3542  255 255 0
3  3544 3243 3242  255 255 0
3  3544 3242 3543  255 255 0
3  3545 3244 3243  255 255 0
3  3545 3243 3544  255 255 0
3  3546 3245 3244  255 255 0
3  3546 3244 3545  255 255 0
3  3547 3246 3245  255 255 0
3  3547 3245 3546  255 255 0
3  3548 3247 3246  255 255 0
3  3548 3246 3547  255 255 0
3  3549 3248 3247  255 255 0
3  3549 3247 3548  255 255 0
3  3550 3249 3248  255 255 0
3  3550 3248 3549  255 255 0
3  3551 3250 3249  255 255 0
3  3551 3249 3550  255 255 0
3  3552 3251 3250  255 255 0
3  3552 3250 3551  255 255 0
3  3553 3252 3251  255 255 0
3  3553 3251 3552  255 255 0
3  3554 3253 3252  255 255 0
3  3554 3252 3553  255 255 0
3  3555 3254 3253  255 255 0
3  3555 3253 3554  255 255 0
3  3556 3255 3254  255 255 0
3  3556 3254 3555  255 255 0
3  3557 3256 3255  255 255 0
3  3557 3255 3556  255 255 0
3  3558 3257 3256  255 255 0
3  3558 3256 3557  255 255 0
3  3559 3258 3257  255 255 0
3  3559 3257 3558  255 255 0
3  3560 3259 3258  255 255 0
3  3560 3258 3559  255 255 0
3  3561 3260 3259  255 255 0
3  3561 3259 3560  255 255 0
3  3562 3261 3260  255 255 0
3  3562 3260 3561  255 255 0
3  3563 3262 3261  255 255 0
3  3563 3261 3562  255 255 0
3  3564 3263 3262  255 255 0
3  3564 3262 3563  255 255 0
3  3565 3264 3263  255 255 0
3  3565 3263 3564  255 255 0
3  3566 3265 3264  255 255 0
3  3566 3264 3565  255 255 0
3  3567 3266 3265  255 255 0
3  3567 3265 3566  255 255 0
3  3568 3267 3266  255 255 0
3  3568 3266 3567  255 255 0
3  3569 3268 3267  255 255 0
3  3569 3267 3568  255 255 0
3  3570 3269 3268  255 255 0
3  3570 3268 3569  255 255 0
3  3571 3270 3269  255 255 0
3  3571 3269 3570  255 255 0
3  3572 3271 3270  255 255 0
3  3572 3270 3571  255 255 0
3  3573 3272 3271  255 255 0
3  3573 3271 3572  255 255 0
3  3574 3273 3272  255 255 0
3  3574 3272 3573  255 255 0
3  3575 3274 3273  255 255 0
3  3575 3273 3574  255 255 0
3  3576 3275 3274  255 255 0
3  3576 3274 3575  255 255 0
3  3577 3276 3275  255 255 0
3  3577 3275 3576  255 255 0
3  3578 3277 3276  255 255 0
3  3578 3276 3577  255 255 0
3  3579 3278 3277  255 255 0
3  3579 3277 3578  255 255 0
3  3580 3279 3278  255 255 0
3  3580 3278 3579  255 255 0
3  3581 3280 3279  255 255 0
3  3581 3279 3580  255 255 0
3  3582 3281 3280  255 255 0
3  3582 3280 3581  255 255 0
3  3583 3282 3281  255 255 0
3  3583 3281 3582  255 255 0
3  3584 3283 3282  255 255 0
3  3584 3282 3583  255 255 0
3  3585 3284 3283  255 255 0
3  3585 3283 3584  255 255 0
3  3586 3285 3284  255 255 0
3  3586 3284 3585  255 255 0
3  3587 3286 3285  255 255 0
3  3587 3285 3586  255 255 0
3  3588 3287 3286  255 255 0
3  3588 3286 3587  255 255 0
3  3589 3288 3287  255 255 0
3  3589 3287 3588  255 255 0
3  3590 3289 3288  255 255 0
3  3590 3288 3589  255 255 0
3  3591 3290 3289  255 255 0
3  3591 3289 3590  255 255 0
3  3592 3291 3290  255 255 0
3  3592 3290 3591  255 255 0
3  3593 3292 3291  255 255 0
3  3593 3291 3592  255 255 0
3  3594 3293 3292  255 255 0
3  3594 3292 3593  255 255 0
3  3595 3294 3293  255 255 0
3  3595 3293 3594  255 255 0
3  3596 3295 3294  255 255 0
3  3596 3294 3595  255 255 0
3  3597 3296 3295  255 255 0
3  3597 3295 3596  255 255 0
3  3598 3297 3296  255 255 0
3  3598 3296 3597  255 255 0
3  3599 3298 3297  255 255 0
3  3599 3297 3598  255 255 0
3  3600 3299 3298  255 255 0
3  3600 3298 3599  255 255 0
3  3601 3300 3299  255 255 0
3  3601 3299 3600  255 255 0
3  3602 3301 3300  255 255 0
3  3602 3300 3601  255 255 0
3  3603 3302 3301  255 255 0
3  3603 3301 3602  255 255 0
3  3604 3303 3302  255 255 0
3  3604 3302 3603  255 255 0
3  3605 3304 3303  255 255 0
3  3605 3303 3604  255 255 0
3  3606 3305 3304  255 255 0
3  3606 3304 3605  255 255 0
3  3607 3306 3305  255 255 0
3  3607 3305 3606  255 255 0
3  3608 3307 3306  255 255 0
3  3608 3306 3607  255 255 0
3  3609 3308 3307  255 255 0
3  3609 3307 3608  255 255 0
3  3610 3309 3308  255 255 0
3  3610 3308 3609  255 255 0
3  3611 3310 3309  255 255 0
3  3611 3309 3610  255 255 0
3  3612 3311 3310  255 255 0
3  3612 3310 3611  255 255 0
3  3613 3312 3311  255 255 0
3  3613 3311 3612  255 255 0
3  3614 3313 3312  255 255 0
3  3614 3312 3613  255 255 0
3  3615 3314 3313  255 255 0
3  3615 3313 3614  255 255 0
3  3616 3315 3314  255 255 0
3  3616 3314 3615  255 255 0
3  3617 3316 3315  255 255 0
3  3617 3315 3616  255 255 0
3  3618 3317 3316  255 255 0
3  3618 3316 3617  255 255 0
3  3619 3318 3317  255 255 0
3  3619 3317 3618  255 255 0
3  3620 3319 3318  255 255 0
3  3620 3318 3619  255 255 0
3  3621 3320 3319  255 255 0
3  3621 3319 3620  255 255 0
3  3622 3321 3320  255 255 0
3  3622 3320 3621  255 255 0
3  3623 3322 3321  255 255 0
3  3623 3321 3622  255 255 0
3  3624 3323 3322  255 255 0
3  3624 3322 3623  255 255 0
3  3625 3324 3323  255 255 0
3  3625 3323 3624  255 255 0
3  3626 3325 3324  255 255 0
3  3626 3324 3625  255 255 0
3  3627 3326 3325  255 255 0
3  3627 3325 3626  255 255 0
3  3628 3327 3326  255 255 0
3  3628 3326 3627  255 255 0
3  3629 3328 3327  255 255 0
3  3629 3327 3628  255 255 0
3  3630 3329 3328  255 255 0
3  3630 3328 3629  255 255 0
3  3631 3330 3329  255 255 0
3  3631 3329 3630  255 255 0
3  3632 3331 3330  255 255 0
3  3632 3330 3631  255 255 0
3  3633 3332 3331  255 255 0
3  3633 3331 3632  255 255 0
3  3634 3333 3332  255 255 0
3  3634 3332 3633  255 255 0
3  3635 3334 3333  255 255 0
3  3635 3333 3634  255 255 0
3  3636 3335 3334  255 255 0
3  3636 3334 3635  255 255 0
3  3637 3336 3335  255 255 0
3  3637 3335 3636  255 255 0
3  3638 3337 3336  255 255 0
3  3638 3336 3637  255 255 0
3  3639 3338 3337  255 255 0
3  3639 3337 3638  255 255 0
3  3640 3339 3338  255 255 0
3  3640 3338 3639  255 255 0
3  3641 3340 3339  255 255 0
3  3641 3339 3640  255 255 0
3  3642 3341 3340  255 255 0
3  3642 3340 3641  255 255 0
3  3643 3342 3341  255 255 0
3  3643 3341 3642  255 255 0
3  3644 3343 3342  255 255 0
3  3644 3342 3643  255 255 0
3  3645 3344 3343  255 255 0
3  3645 3343 3644  255 255 0
3  3646 3345 3344  255 255 0
3  3646 3344 3645  255 255 0
3  3647 3346 3345  255 255 0
3  3647 3345 3646  255 255 0
3  3648 3347 3346  255 255 0
3  3648 3346 3647  255 255 0
3  3649 3348 3347  255 255 0
3  3649 3347 3648  255 255 0
3  3650 3349 3348  255 255 0
3  3650 3348 3649  255 255 0
3  3651 3350 3349  255 255 0
3  3651 3349 3650  255 255 0
3  3652 3351 3350  255 255 0
3  3652 3350 3651  255 255 0
3  3653 3352 3351  255 255 0
3  3653 3351 3652  255 255 0
3  3654 3353 3352  255 255 0
3  3654 3352 3653  255 255 0
3  3655 3354 3353  255 255 0
3  3655 3353 3654  255 255 0
3  3656 3355 3354  255 255 0
3  3656 3354 3655  255 255 0
3  3657 3356 3355  255 255 0
3  3657 3355 3656  255 255 0
3  3658 3357 3356  255 255 0
3  3658 3356 3657  255 255 0
3  3659 3358 3357  255 255 0
3  3659 3357 3658  255 255 0
3  3660 3359 3358  255 255 0
3  3660 3358 3659  255 255 0
3  3661 3360 3359  255 255 0
3  3661 3359 3660  255 255 0
3  3662 3361 3360  255 255 0
3  3662 3360 3661  255 255 0
3  3663 3362 3361  255 255 0
3  3663 3361 3662  255 255 0
3  3664 3363 3362  255 255 0
3  3664 3362 3663  255 255 0
3  3665 3364 3363  255 255 0
3  3665 3363 3664  255 255 0
3  3666 3365 3364  255 255 0
3  3666 3364 3665  255 255 0
3  3667 3366 3365  255 255 0
3  3667 3365 3666  255 255 0
3  3668 3367 3366  255 255 0
3  3668 3366 3667  255 255 0
3  3669 3368 3367  255 255 0
3  3669 3367 3668  255 255 0
3  1482 1483 3368  255 255 0
3  1482 3368 3669  255 255 0
3  948 3670 3671  192 0 0
3  947 948 3671  192 0 0
3  3670 607 608  192 0 0
3  3671 3670 608  192 0 0
3  947 3671 3672  192 0 0
3  943 947 3672  192 0 0
3  3671 608 609  192 0 0
3  3672 3671 609  192 0 0
3  935 612 617  192 0 0
3  934 935 617  192 0 0
3  1046 3673 3674  192 0 0
3  1043 1046 3674  192 0 0
3  3673 780 781  192 0 0
3  3674 3673 781  192 0 0
3  1035 9971 9951  192 0 0
3  1034 1035 9951  192 0 0
3  949 3675 3784  192 0 0
3  948 949 3784  192 0 0
3  3675 3676 3785  192 0 0
3  3784 3675 3785  192 0 0
3  3676 3677 3786  192 0 0
3  3785 3676 3786  192 0 0
3  3677 3678 3787  192 0 0
3  3786 3677 3787  192 0 0
3  3678 3679 3788  192 0 0
3  3787 3678 3788  192 0 0
3  3679 3680 3789  192 0 0
3  3788 3679 3789  192 0 0
3  3680 3681 3790  192 0 0
3  3789 3680 3790  192 0 0
3  3681 3682 3791  192 0 0
3  3790 3681 3791  192 0 0
3  3682 3683 3792  192 0 0
3  3791 3682 3792  192 0 0
3  3683 3684 3793  192 0 0
3  3792 3683 3793  192 0 0
3  3684 3685 3794  192 0 0
3  3793 3684 3794  192 0 0
3  3685 3686 3795  192 0 0
3  3794 3685 3795  192 0 0
3  3686 3687 3796  192 0 0
3  3795 3686 3796  192 0 0
3  3687 3688 3797  192 0 0
3  3796 3687 3797  192 0 0
3  3688 3689 3798  192 0 0
3  3797 3688 3798  192 0 0
3  3689 3690 3799  192 0 0
3  3798 3689 3799  192 0 0
3  3690 3691 3800  192 0 0
3  3799 3690 3800  192 0 0
3  3691 3692 3801  192 0 0
3  3800 3691 3801  192 0 0
3  3692 3693 3802  192 0 0
3  3801 3692 3802  192 0 0
3  3693 3694 3803  192 0 0
3  3802 3693 3803  192 0 0
3  3694 3695 3804  192 0 0
3  3803 3694 3804  192 0 0
3  3695 3696 3805  192 0 0
3  3804 3695 3805  192 0 0
3  3696 3697 3806  192 0 0
3  3805 3696 3806  192 0 0
3  3697 3698 3807  192 0 0
3  3806 3697 3807  192 0 0
3  3698 3699 3808  192 0 0
3  3807 3698 3808  192 0 0
3  3699 3700 3809  192 0 0
3  3808 3699 3809  192 0 0
3  3700 3701 3810  192 0 0
3  3809 3700 3810  192 0 0
3  3701 3702 3811  192 0 0
3  3810 3701 3811  192 0 0
3  3702 3703 3812  192 0 0
3  3811 3702 3812  192 0 0
3  3703 3704 3813  192 0 0
3  3812 3703 3813  192 0 0
3  3704 3705 3814  192 0 0
3  3813 3704 3814  192 0 0
3  3705 3706 3815  192 0 0
3  3814 3705 3815  192 0 0
3  3706 3707 3816  192 0 0
3  3815 3706 3816  192 0 0
3  3707 3708 3817  192 0 0
3  3816 3707 3817  192 0 0
3  3708 3709 3818  192 0 0
3  3817 3708 3818  192 0 0
3  3709 3710 3819  192 0 0
3  3818 3709 3819  192 0 0
3  3710 3711 3820  192 0 0
3  3819 3710 3820  192 0 0
3  3711 3712 3821  192 0 0
3  3820 3711 3821  192 0 0
3  3712 3713 3822  192 0 0
3  3821 3712 3822  192 0 0
3  3713 3714 3823  192 0 0
3  3822 3713 3823  192 0 0
3  3714 3715 3824  192 0 0
3  3823 3714 3824  192 0 0
3  3715 3716 3825  192 0 0
3  3824 3715 3825  192 0 0
3  3716 3717 3826  192 0 0
3  3825 3716 3826  192 0 0
3  3717 3718 3827  192 0 0
3  3826 3717 3827  192 0 0
3  3718 3719 3828  192 0 0
3  3827 3718 3828  192 0 0
3  3719 3720 3829  192 0 0
3  3828 3719 3829  192 0 0
3  3720 3721 3830  192 0 0
3  3829 3720 3830  192 0 0
3  3721 3722 3831  192 0 0
3  3830 3721 3831  192 0 0
3  3722 3723 3832  192 0 0
3  3831 3722 3832  192 0 0
3  3723 3724 3833  192 0 0
3  3832 3723 3833  192 0 0
3  3724 3725 3834  192 0 0
3  3833 3724 3834  192 0 0
3  3725 3726 3835  192 0 0
3  3834 3725 3835  192 0 0
3  3726 3727 3836  192 0 0
3  3835 3726 3836  192 0 0
3  3727 3728 3837  192 0 0
3  3836 3727 3837  192 0 0
3  3728 3729 3838  192 0 0
3  3837 3728 3838  192 0 0
3  3729 3730 3839  192 0 0
3  3838 3729 3839  192 0 0
3  3730 3731 3840  192 0 0
3  3839 3730 3840  192 0 0
3  3731 3732 3841  192 0 0
3  3840 3731 3841  192 0 0
3  3732 3733 3842  192 0 0
3  3841 3732 3842  192 0 0
3  3733 3734 3843  192 0 0
3  3842 3733 3843  192 0 0
3  3734 3735 3844  192 0 0
3  3843 3734 3844  192 0 0
3  3735 3736 3845  192 0 0
3  3844 3735 3845  192 0 0
3  3736 3737 3846  192 0 0
3  3845 3736 3846  192 0 0
3  3737 3738 3847  192 0 0
3  3846 3737 3847  192 0 0
3  3738 3739 3848  192 0 0
3  3847 3738 3848  192 0 0
3  3739 3740 3849  192 0 0
3  3848 3739 3849  192 0 0
3  3740 3741 3850  192 0 0
3  3849 3740 3850  192 0 0
3  3741 3742 3851  192 0 0
3  3850 3741 3851  192 0 0
3  3742 3743 3852  192 0 0
3  3851 3742 3852  192 0 0
3  3743 3744 3853  192 0 0
3  3852 3743 3853  192 0 0
3  3744 3745 3854  192 0 0
3  3853 3744 3854  192 0 0
3  3745 3746 3855  192 0 0
3  3854 3745 3855  192 0 0
3  3746 3747 3856  192 0 0
3  3855 3746 3856  192 0 0
3  3747 3748 3857  192 0 0
3  3856 3747 3857  192 0 0
3  3748 3749 3858  192 0 0
3  3857 3748 3858  192 0 0
3  3749 3750 3859  192 0 0
3  3858 3749 3859  192 0 0
3  3750 3751 3860  192 0 0
3  3859 3750 3860  192 0 0
3  3751 3752 3861  192 0 0
3  3860 3751 3861  192 0 0
3  3752 3753 3862  192 0 0
3  3861 3752 3862  192 0 0
3  3753 3754 3863  192 0 0
3  3862 3753 3863  192 0 0
3  3754 3755 3864  192 0 0
3  3863 3754 3864  192 0 0
3  3755 3756 3865  192 0 0
3  3864 3755 3865  192 0 0
3  3756 3757 3866  192 0 0
3  3865 3756 3866  192 0 0
3  3757 3758 3867  192 0 0
3  3866 3757 3867  192 0 0
3  3758 3759 3868  192 0 0
3  3867 3758 3868  192 0 0
3  3759 3760 3869  192 0 0
3  3868 3759 3869  192 0 0
3  3760 3761 3870  192 0 0
3  3869 3760 3870  192 0 0
3  3761 3762 3871  192 0 0
3  3870 3761 3871  192 0 0
3  3762 3763 3872  192 0 0
3  3871 3762 3872  192 0 0
3  3763 3764 3873  192 0 0
3  3872 3763 3873  192 0 0
3  3764 3765 3874  192 0 0
3  3873 3764 3874  192 0 0
3  3765 3766 3875  192 0 0
3  3874 3765 3875  192 0 0
3  3766 3767 3876  192 0 0
3  3875 3766 3876  192 0 0
3  3767 3768 3877  192 0 0
3  3876 3767 3877  192 0 0
3  3768 3769 3878  192 0 0
3  3877 3768 3878  192 0 0
3  3769 3770 3879  192 0 0
3  3878 3769 3879  192 0 0
3  3770 3771 3880  192 0 0
3  3879 3770 3880  192 0 0
3  3771 3772 3881  192 0 0
3  3880 3771 3881  192 0 0
3  3772 3773 3882  192 0 0
3  3881 3772 3882  192 0 0
3  3773 3774 3883  192 0 0
3  3882 3773 3883  192 0 0
3  3774 3775 3884  192 0 0
3  3883 3774 3884  192 0 0
3  3775 3776 3885  192 0 0
3  3884 3775 3885  192 0 0
3  3776 3777 3886  192 0 0
3  3885 3776 3886  192 0 0
3  3777 3778 3887  192 0 0
3  3886 3777 3887  192 0 0
3  3778 3779 3888  192 0 0
3  3887 3778 3888  192 0 0
3  3779 3780 3889  192 0 0
3  3888 3779 3889  192 0 0
3  3780 3781 3890  192 0 0
3  3889 3780 3890  192 0 0
3  3781 3782 3891  192 0 0
3  3890 3781 3891  192 0 0
3  3782 3783 3892  192 0 0
3  3891 3782 3892  192 0 0
3  3783 1258 1226  192 0 0
3  3892 3783 1226  192 0 0
3  1034 3893 3910  192 0 0
3  1029 1034 3910  192 0 0
3  3893 3894 3911  192 0 0
3  3910 3893 3911  192 0 0
3  3894 3895 3912  192 0 0
3  3911 3894 3912  192 0 0
3  3895 3896 3913  192 0 0
3  3912 3895 3913  192 0 0
3  3896 3897 3914  192 0 0
3  3913 3896 3914  192 0 0
3  3897 3898 3915  192 0 0
3  3914 3897 3915  192 0 0
3  3898 3899 3916  192 0 0
3  3915 3898 3916  192 0 0
3  3899 3900 3917  192 0 0
3  3916 3899 3917  192 0 0
3  3900 3901 3918  192 0 0
3  3917 3900 3918  192 0 0
3  3901 3902 3919  192 0 0
3  3918 3901 3919  192 0 0
3  3902 3903 3920  192 0 0
3  3919 3902 3920  192 0 0
3  3903 3904 3921  192 0 0
3  3920 3903 3921  192 0 0
3  3904 3905 3922  192 0 0
3  3921 3904 3922  192 0 0
3  3905 3906 3923  192 0 0
3  3922 3905 3923  192 0 0
3  3906 3907 3924  192 0 0
3  3923 3906 3924  192 0 0
3  3907 3908 3925  192 0 0
3  3924 3907 3925  192 0 0
3  3908 3909 3926  192 0 0
3  3925 3908 3926  192 0 0
3  3909 1277 1278  192 0 0
3  3926 3909 1278  192 0 0
3  1000 3927 3941  192 0 0
3  999 1000 3941  192 0 0
3  3927 3928 3942  192 0 0
3  3941 3927 3942  192 0 0
3  3928 3929 3943  192 0 0
3  3942 3928 3943  192 0 0
3  3929 3930 3944  192 0 0
3  3943 3929 3944  192 0 0
3  3930 3931 3945  192 0 0
3  3944 3930 3945  192 0 0
3  3931 3932 3946  192 0 0
3  3945 3931 3946  192 0 0
3  3932 3933 3947  192 0 0
3  3946 3932 3947  192 0 0
3  3933 3934 3948  192 0 0
3  3947 3933 3948  192 0 0
3  3934 3935 3949  192 0 0
3  3948 3934 3949  192 0 0
3  3935 3936 3950  192 0 0
3  3949 3935 3950  192 0 0
3  3936 3937 3951  192 0 0
3  3950 3936 3951  192 0 0
3  3937 3938 3952  192 0 0
3  3951 3937 3952  192 0 0
3  3938 3939 3953  192 0 0
3  3952 3938 3953  192 0 0
3  3939 3940 3954  192 0 0
3  3953 3939 3954  192 0 0
3  3940 2545 2551  192 0 0
3  3954 3940 2551  192 0 0
3  1012 3955 3971  192 0 0
3  1005 1012 3971  192 0 0
3  3955 3956 3972  192 0 0
3  3971 3955 3972  192 0 0
3  3956 3957 3973  192 0 0
3  3972 3956 3973  192 0 0
3  3957 3958 3974  192 0 0
3  3973 3957 3974  192 0 0
3  3958 3959 3975  192 0 0
3  3974 3958 3975  192 0 0
3  3959 3960 3976  192 0 0
3  3975 3959 3976  192 0 0
3  3960 3961 3977  192 0 0
3  3976 3960 3977  192 0 0
3  3961 3962 3978  192 0 0
3  3977 3961 3978  192 0 0
3  3962 3963 3979  192 0 0
3  3978 3962 3979  192 0 0
3  3963 3964 3980  192 0 0
3  3979 3963 3980  192 0 0
3  3964 3965 3981  192 0 0
3  3980 3964 3981  192 0 0
3  3965 3966 3982  192 0 0
3  3981 3965 3982  192 0 0
3  3966 3967 3983  192 0 0
3  3982 3966 3983  192 0 0
3  3967 3968 3984  192 0 0
3  3983 3967 3984  192 0 0
3  3968 3969 3985  192 0 0
3  3984 3968 3985  192 0 0
3  3969 3970 3986  192 0 0
3  3985 3969 3986  192 0 0
3  3970 2535 2540  192 0 0
3  3986 3970 2540  192 0 0
3  1023 3987 4001  192 0 0
3  1017 1023 4001  192 0 0
3  3987 3988 4002  192 0 0
3  4001 3987 4002  192 0 0
3  3988 3989 4003  192 0 0
3  4002 3988 4003  192 0 0
3  3989 3990 4004  192 0 0
3  4003 3989 4004  192 0 0
3  3990 3991 4005  192 0 0
3  4004 3990 4005  192 0 0
3  3991 3992 4006  192 0 0
3  4005 3991 4006  192 0 0
3  3992 3993 4007  192 0 0
3  4006 3992 4007  192 0 0
3  3993 3994 4008  192 0 0
3  4007 3993 4008  192 0 0
3  3994 3995 4009  192 0 0
3  4008 3994 4009  192 0 0
3  3995 3996 4010  192 0 0
3  4009 3995 4010  192 0 0
3  3996 3997 4011  192 0 0
3  4010 3996 4011  192 0 0
3  3997 3998 4012  192 0 0
3  4011 3997 4012  192 0 0
3  3998 3999 4013  192 0 0
3  4012 3998 4013  192 0 0
3  3999 4000 4014  192 0 0
3  4013 3999 4014  192 0 0
3  4000 2522 2527  192 0 0
3  4014 4000 2527  192 0 0
3  943 4015 4019  255 165 0
3  942 943 4019  255 165 0
3  4015 4016 4020  255 165 0
3  4019 4015 4020  255 165 0
3  4016 10306 4021  255 165 0
3  4020 4016 4021  255 165 0
3  10306 4017 4022  255 165 0
3  4021 10306 4022  255 165 0
3  4017 4018 4023  255 165 0
3  4022 4017 4023  255 165 0
3  4018 609 610  255 165 0
3  4023 4018 610  255 165 0
3  942 10317 4024  255 64 128
3  936 942 4024  255 64 128
3  10317 610 611  255 64 128
3  4024 10317 611  255 64 128
3  1042 782 787  255 64 128
3  1036 1042 787  255 64 128
3  997 4025 4030  255 64 128
3  996 997 4030  255 64 128
3  4025 4026 4031  255 64 128
3  4030 4025 4031  255 64 128
3  4026 4027 4032  255 64 128
3  4031 4026 4032  255 64 128
3  4027 4028 4033  255 64 128
3  4032 4027 4033  255 64 128
3  4028 4029 4034  255 64 128
3  4033 4028 4034  255 64 128
3  4029 1256 1257  255 64 128
3  4034 4029 1257  255 64 128
3  1028 4035 4039  255 64 128
3  1027 1028 4039  255 64 128
3  4035 4036 4040  255 64 128
3  4039 4035 4040  255 64 128
3  4036 4037 4041  255 64 128
3  4040 4036 4041  255 64 128
3  4037 4038 4042  255 64 128
3  4041 4037 4042  255 64 128
3  4038 1279 1280  255 64 128
3  4042 4038 1280  255 64 128
3  4096 4043 9984  255 64 128
3  4096 9984 4095  255 64 128
3  4097 4044 4043  255 64 128
3  4097 4043 4096  255 64 128
3  4098 4045 4044  255 64 128
3  4098 4044 4097  255 64 128
3  4099 4046 4045  255 64 128
3  4099 4045 4098  255 64 128
3  4100 4047 4046  255 64 128
3  4100 4046 4099  255 64 128
3  4101 4048 4047  255 64 128
3  4101 4047 4100  255 64 128
3  4102 4049 4048  255 64 128
3  4102 4048 4101  255 64 128
3  4103 4050 4049  255 64 128
3  4103 4049 4102  255 64 128
3  4104 4051 4050  255 64 128
3  4104 4050 4103  255 64 128
3  4105 4052 4051  255 64 128
3  4105 4051 4104  255 64 128
3  4106 4053 4052  255 64 128
3  4106 4052 4105  255 64 128
3  4107 4054 4053  255 64 128
3  4107 4053 4106  255 64 128
3  4108 4055 4054  255 64 128
3  4108 4054 4107  255 64 128
3  4109 4056 4055  255 64 128
3  4109 4055 4108  255 64 128
3  4110 4057 4056  255 64 128
3  4110 4056 4109  255 64 128
3  4111 4058 4057  255 64 128
3  4111 4057 4110  255 64 128
3  4112 4059 4058  255 64 128
3  4112 4058 4111  255 64 128
3  4113 4060 4059  255 64 128
3  4113 4059 4112  255 64 128
3  4114 4061 4060  255 64 128
3  4114 4060 4113  255 64 128
3  4115 4062 4061  255 64 128
3  4115 4061 4114  255 64 128
3  4116 4063 4062  255 64 128
3  4116 4062 4115  255 64 128
3  4117 4064 4063  255 64 128
3  4117 4063 4116  255 64 128
3  4118 4065 4064  255 64 128
3  4118 4064 4117  255 64 128
3  4119 4066 4065  255 64 128
3  4119 4065 4118  255 64 128
3  4120 4067 4066  255 64 128
3  4120 4066 4119  255 64 128
3  4121 4068 4067  255 64 128
3  4121 4067 4120  255 64 128
3  4122 4069 4068  255 64 128
3  4122 4068 4121  255 64 128
3  4123 4070 4069  255 64 128
3  4123 4069 4122  255 64 128
3  4124 4071 4070  255 64 128
3  4124 4070 4123  255 64 128
3  4125 4072 4071  255 64 128
3  4125 4071 4124  255 64 128
3  4126 4073 4072  255 64 128
3  4126 4072 4125  255 64 128
3  4127 4074 4073  255 64 128
3  4127 4073 4126  255 64 128
3  4128 4075 4074  255 64 128
3  4128 4074 4127  255 64 128
3  4129 4076 4075  255 64 128
3  4129 4075 4128  255 64 128
3  4130 4077 4076  255 64 128
3  4130 4076 4129  255 64 128
3  4131 4078 4077  255 64 128
3  4131 4077 4130  255 64 128
3  4132 4079 4078  255 64 128
3  4132 4078 4131  255 64 128
3  4133 4080 4079  255 64 128
3  4133 4079 4132  255 64 128
3  4134 4081 4080  255 64 128
3  4134 4080 4133  255 64 128
3  4135 4082 4081  255 64 128
3  4135 4081 4134  255 64 128
3  4136 4083 4082  255 64 128
3  4136 4082 4135  255 64 128
3  4137 4084 4083  255 64 128
3  4137 4083 4136  255 64 128
3  4138 4085 4084  255 64 128
3  4138 4084 4137  255 64 128
3  4139 4086 4085  255 64 128
3  4139 4085 4138  255 64 128
3  4140 4087 4086  255 64 128
3  4140 4086 4139  255 64 128
3  4141 4088 4087  255 64 128
3  4141 4087 4140  255 64 128
3  4142 4089 4088  255 64 128
3  4142 4088 4141  255 64 128
3  4143 4090 4089  255 64 128
3  4143 4089 4142  255 64 128
3  4144 4091 4090  255 64 128
3  4144 4090 4143  255 64 128
3  4145 4092 4091  255 64 128
3  4145 4091 4144  255 64 128
3  4146 4093 4092  255 64 128
3  4146 4092 4145  255 64 128
3  4147 4094 4093  255 64 128
3  4147 4093 4146  255 64 128
3  4148 10260 4094  255 64 128
3  4148 4094 4147  255 64 128
3  4149 4096 4095  255 64 128
3  4149 4095 9983  255 64 128
3  4150 4097 4096  255 64 128
3  4150 4096 4149  255 64 128
3  4151 4098 4097  255 64 128
3  4151 4097 4150  255 64 128
3  4152 4099 4098  255 64 128
3  4152 4098 4151  255 64 128
3  4153 4100 4099  255 64 128
3  4153 4099 4152  255 64 128
3  4154 4101 4100  255 64 128
3  4154 4100 4153  255 64 128
3  4155 4102 4101  255 64 128
3  4155 4101 4154  255 64 128
3  4156 4103 4102  255 64 128
3  4156 4102 4155  255 64 128
3  4157 4104 4103  255 64 128
3  4157 4103 4156  255 64 128
3  4158 4105 4104  255 64 128
3  4158 4104 4157  255 64 128
3  4159 4106 4105  255 64 128
3  4159 4105 4158  255 64 128
3  4160 4107 4106  255 64 128
3  4160 4106 4159  255 64 128
3  4161 4108 4107  255 64 128
3  4161 4107 4160  255 64 128
3  4162 4109 4108  255 64 128
3  4162 4108 4161  255 64 128
3  4163 4110 4109  255 64 128
3  4163 4109 4162  255 64 128
3  4164 4111 4110  255 64 128
3  4164 4110 4163  255 64 128
3  4165 4112 4111  255 64 128
3  4165 4111 4164  255 64 128
3  4166 4113 4112  255 64 128
3  4166 4112 4165  255 64 128
3  4167 4114 4113  255 64 128
3  4167 4113 4166  255 64 128
3  4168 4115 4114  255 64 128
3  4168 4114 4167  255 64 128
3  4169 4116 4115  255 64 128
3  4169 4115 4168  255 64 128
3  4170 4117 4116  255 64 128
3  4170 4116 4169  255 64 128
3  4171 4118 4117  255 64 128
3  4171 4117 4170  255 64 128
3  4172 4119 4118  255 64 128
3  4172 4118 4171  255 64 128
3  4173 4120 4119  255 64 128
3  4173 4119 4172  255 64 128
3  4174 4121 4120  255 64 128
3  4174 4120 4173  255 64 128
3  4175 4122 4121  255 64 128
3  4175 4121 4174  255 64 128
3  4176 4123 4122  255 64 128
3  4176 4122 4175  255 64 128
3  4177 4124 4123  255 64 128
3  4177 4123 4176  255 64 128
3  4178 4125 4124  255 64 128
3  4178 4124 4177  255 64 128
3  4179 4126 4125  255 64 128
3  4179 4125 4178  255 64 128
3  4180 4127 4126  255 64 128
3  4180 4126 4179  255 64 128
3  4181 4128 4127  255 64 128
3  4181 4127 4180  255 64 128
3  4182 4129 4128  255 64 128
3  4182 4128 4181  255 64 128
3  4183 4130 4129  255 64 128
3  4183 4129 4182  255 64 128
3  4184 4131 4130  255 64 128
3  4184 4130 4183  255 64 128
3  4185 4132 4131  255 64 128
3  4185 4131 4184  255 64 128
3  4186 4133 4132  255 64 128
3  4186 4132 4185  255 64 128
3  4187 4134 4133  255 64 128
3  4187 4133 4186  255 64 128
3  4188 4135 4134  255 64 128
3  4188 4134 4187  255 64 128
3  4189 4136 4135  255 64 128
3  4189 4135 4188  255 64 128
3  4190 4137 4136  255 64 128
3  4190 4136 4189  255 64 128
3  4191 4138 4137  255 64 128
3  4191 4137 4190  255 64 128
3  4192 4139 4138  255 64 128
3  4192 4138 4191  255 64 128
3  4193 4140 4139  255 64 128
3  4193 4139 4192  255 64 128
3  4194 4141 4140  255 64 128
3  4194 4140 4193  255 64 128
3  4195 4142 4141  255 64 128
3  4195 4141 4194  255 64 128
3  4196 4143 4142  255 64 128
3  4196 4142 4195  255 64 128
3  4197 4144 4143  255 64 128
3  4197 4143 4196  255 64 128
3  4198 4145 4144  255 64 128
3  4198 4144 4197  255 64 128
3  4199 4146 4145  255 64 128
3  4199 4145 4198  255 64 128
3  4200 4147 4146  255 64 128
3  4200 4146 4199  255 64 128
3  10251 4148 4147  255 64 128
3  10251 4147 4200  255 64 128
3  1004 4201 4211  255 64 128
3  1001 1004 4211  255 64 128
3  4201 4202 4212  255 64 128
3  4211 4201 4212  255 64 128
3  4202 4203 4213  255 64 128
3  4212 4202 4213  255 64 128
3  4203 4204 4214  255 64 128
3  4213 4203 4214  255 64 128
3  4204 4205 4215  255 64 128
3  4214 4204 4215  255 64 128
3  4205 4206 4216  255 64 128
3  4215 4205 4216  255 64 128
3  4206 4207 4217  255 64 128
3  4216 4206 4217  255 64 128
3  4207 4208 4218  255 64 128
3  4217 4207 4218  255 64 128
3  4208 4209 4219  255 64 128
3  4218 4208 4219  255 64 128
3  4209 4210 4220  255 64 128
3  4219 4209 4220  255 64 128
3  4210 10258 10259  255 64 128
3  4220 4210 10259  255 64 128
3  1016 4221 4232  255 64 128
3  1013 1016 4232  255 64 128
3  4221 4222 4233  255 64 128
3  4232 4221 4233  255 64 128
3  4222 4223 4234  255 64 128
3  4233 4222 4234  255 64 128
3  4223 4224 4235  255 64 128
3  4234 4223 4235  255 64 128
3  4224 4225 4236  255 64 128
3  4235 4224 4236  255 64 128
3  4225 4226 4237  255 64 128
3  4236 4225 4237  255 64 128
3  4226 4227 4238  255 64 128
3  4237 4226 4238  255 64 128
3  4227 4228 4239  255 64 128
3  4238 4227 4239  255 64 128
3  4228 4229 4240  255 64 128
3  4239 4228 4240  255 64 128
3  4229 4230 4241  255 64 128
3  4240 4229 4241  255 64 128
3  4230 4231 4242  255 64 128
3  4241 4230 4242  255 64 128
3  4231 2528 2534  255 64 128
3  4242 4231 2534  255 64 128
3  1027 4243 4267  255 64 128
3  1024 1027 4267  255 64 128
3  4243 4244 4268  255 64 128
3  4267 4243 4268  255 64 128
3  4244 4245 4269  255 64 128
3  4268 4244 4269  255 64 128
3  4245 4246 4270  255 64 128
3  4269 4245 4270  255 64 128
3  4246 4247 4271  255 64 128
3  4270 4246 4271  255 64 128
3  4247 4248 4272  255 64 128
3  4271 4247 4272  255 64 128
3  4248 4249 4273  255 64 128
3  4272 4248 4273  255 64 128
3  4249 4250 4274  255 64 128
3  4273 4249 4274  255 64 128
3  4250 4251 4275  255 64 128
3  4274 4250 4275  255 64 128
3  4251 4252 4276  255 64 128
3  4275 4251 4276  255 64 128
3  4252 4253 4277  255 64 128
3  4276 4252 4277  255 64 128
3  4253 4254 4278  255 64 128
3  4277 4253 4278  255 64 128
3  4254 4255 4279  255 64 128
3  4278 4254 4279  255 64 128
3  4255 4256 4280  255 64 128
3  4279 4255 4280  255 64 128
3  4256 4257 4281  255 64 128
3  4280 4256 4281  255 64 128
3  4257 4258 4282  255 64 128
3  4281 4257 4282  255 64 128
3  4258 4259 4283  255 64 128
3  4282 4258 4283  255 64 128
3  4259 4260 4284  255 64 128
3  4283 4259 4284  255 64 128
3  4260 4261 4285  255 64 128
3  4284 4260 4285  255 64 128
3  4261 4262 4286  255 64 128
3  4285 4261 4286  255 64 128
3  4262 4263 4287  255 64 128
3  4286 4262 4287  255 64 128
3  4263 4264 4288  255 64 128
3  4287 4263 4288  255 64 128
3  4264 4265 4289  255 64 128
3  4288 4264 4289  255 64 128
3  4265 4266 4290  255 64 128
3  4289 4265 4290  255 64 128
3  4266 2520 2521  255 64 128
3  4290 4266 2521  255 64 128
3  612 4291 4296  192 0 0
3  611 612 4296  192 0 0
3  4291 4292 4297  192 0 0
3  4296 4291 4297  192 0 0
3  4292 4293 10318  192 0 0
3  4297 4292 10318  192 0 0
3  4293 4294 4298  192 0 0
3  10318 4293 4298  192 0 0
3  4294 4295 4299  192 0 0
3  4298 4294 4299  192 0 0
3  4295 935 936  192 0 0
3  4299 4295 936  192 0 0
3  618 4300 4301  128 255 255
3  617 618 4301  128 255 255
3  4300 933 934  128 255 255
3  4301 4300 934  128 255 255
3  619 926 933  255 0 255
3  618 619 933  255 0 255
3  632 909 917  255 0 255
3  630 632 917  255 0 255
3  641 895 903  255 0 255
3  639 641 903  255 0 255
3  4304 4302 9949  255 0 255
3  4304 9949 4303  255 0 255
3  4305 9979 4302  255 0 255
3  4305 4302 4304  255 0 255
3  4306 4304 4303  255 0 255
3  4306 4303 9948  255 0 255
3  9980 4305 4304  255 0 255
3  9980 4304 4306  255 0 255
3  926 4307 4312  255 64 64
3  925 926 4312  255 64 64
3  4307 4308 4313  255 64 64
3  4312 4307 4313  255 64 64
3  4308 4309 4314  255 64 64
3  4313 4308 4314  255 64 64
3  4309 4310 4315  255 64 64
3  4314 4309 4315  255 64 64
3  4310 4311 4316  255 64 64
3  4315 4310 4316  255 64 64
3  4311 619 620  255 64 64
3  4316 4311 620  255 64 64
3  629 4317 10340  255 20 147
3  620 629 10340  255 20 147
3  4317 918 925  255 20 147
3  10340 4317 925  255 20 147
3  638 4318 4319  255 20 147
3  633 638 4319  255 20 147
3  4318 904 908  255 20 147
3  4319 4318 908  255 20 147
3  647 4320 4321  255 20 147
3  642 647 4321  255 20 147
3  4320 886 894  255 20 147
3  4321 4320 894  255 20 147
3  630 4322 4327  224 255 255
3  629 630 4327  224 255 255
3  4322 4323 4328  224 255 255
3  4327 4322 4328  224 255 255
3  4323 4324 10341  224 255 255
3  4328 4323 10341  224 255 255
3  4324 4325 4329  224 255 255
3  10341 4324 4329  224 255 255
3  4325 4326 4330  224 255 255
3  4329 4325 4330  224 255 255
3  4326 917 918  224 255 255
3  4330 4326 918  224 255 255
3  909 4331 4336  128 64 255
3  908 909 4336  128 64 255
3  4331 4332 4337  128 64 255
3  4336 4331 4337  128 64 255
3  4332 4333 10342  128 64 255
3  4337 4332 10342  128 64 255
3  4333 4334 4338  128 64 255
3  10342 4333 4338  128 64 255
3  4334 4335 4339  128 64 255
3  4338 4334 4339  128 64 255
3  4335 632 633  128 64 255
3  4339 4335 633  128 64 255
3  4351 4340 9947  72 61 139
3  4351 9947 4350  72 61 139
3  4352 4341 4340  72 61 139
3  4352 4340 4351  72 61 139
3  4353 4342 4341  72 61 139
3  4353 4341 4352  72 61 139
3  4354 4343 4342  72 61 139
3  4354 4342 4353  72 61 139
3  4355 4344 4343  72 61 139
3  4355 4343 4354  72 61 139
3  4356 4345 4344  72 61 139
3  4356 4344 4355  72 61 139
3  4357 4346 4345  72 61 139
3  4357 4345 4356  72 61 139
3  4358 4347 4346  72 61 139
3  4358 4346 4357  72 61 139
3  4359 4348 4347  72 61 139
3  4359 4347 4358  72 61 139
3  4360 4349 4348  72 61 139
3  4360 4348 4359  72 61 139
3  4361 9981 4349  72 61 139
3  4361 4349 4360  72 61 139
3  4362 4351 4350  72 61 139
3  4362 4350 9946  72 61 139
3  4363 4352 4351  72 61 139
3  4363 4351 4362  72 61 139
3  4364 4353 4352  72 61 139
3  4364 4352 4363  72 61 139
3  4365 4354 4353  72 61 139
3  4365 4353 4364  72 61 139
3  4366 4355 4354  72 61 139
3  4366 4354 4365  72 61 139
3  4367 4356 4355  72 61 139
3  4367 4355 4366  72 61 139
3  4368 4357 4356  72 61 139
3  4368 4356 4367  72 61 139
3  4369 4358 4357  72 61 139
3  4369 4357 4368  72 61 139
3  4370 4359 4358  72 61 139
3  4370 4358 4369  72 61 139
3  4371 4360 4359  72 61 139
3  4371 4359 4370  72 61 139
3  9982 4361 4360  72 61 139
3  9982 4360 4371  72 61 139
3  895 4372 4377  0 0 255
3  894 895 4377  0 0 255
3  4372 4373 4378  0 0 255
3  4377 4372 4378  0 0 255
3  4373 4374 10344  0 0 255
3  4378 4373 10344  0 0 255
3  4374 4375 4379  0 0 255
3  10344 4374 4379  0 0 255
3  4375 4376 4380  0 0 255
3  4379 4375 4380  0 0 255
3  4376 641 642  0 0 255
3  4380 4376 642  0 0 255
3  648 4381 4385  0 255 0
3  647 648 4385  0 255 0
3  4381 4382 4386  0 255 0
3  4385 4381 4386  0 255 0
3  4382 10339 10343  0 255 0
3  4386 4382 10343  0 255 0
3  10339 4383 4387  0 255 0
3  10343 10339 4387  0 255 0
3  4383 4384 4388  0 255 0
3  4387 4383 4388  0 255 0
3  4384 885 886  0 255 0
3  4388 4384 886  0 255 0
3  878 4389 4393  192 192 0
3  877 878 4393  192 192 0
3  4389 4390 4394  192 192 0
3  4393 4389 4394  192 192 0
3  4390 10338 4395  192 192 0
3  4394 4390 4395  192 192 0
3  10338 4391 4396  192 192 0
3  4395 10338 4396  192 192 0
3  4391 4392 4397  192 192 0
3  4396 4391 4397  192 192 0
3  4392 651 652  192 192 0
3  4397 4392 652  192 192 0
3  658 4398 10345  255 20 147
3  652 658 10345  255 20 147
3  4398 866 877  255 20 147
3  10345 4398 877  255 20 147
3  659 4399 4404  0 0 192
3  658 659 4404  0 0 192
3  4399 4400 4405  0 0 192
3  4404 4399 4405  0 0 192
3  4400 4401 10346  0 0 192
3  4405 4400 10346  0 0 192
3  4401 4402 4406  0 0 192
3  10346 4401 4406  0 0 192
3  4402 4403 4407  0 0 192
3  4406 4402 4407  0 0 192
3  4403 865 866  0 0 192
3  4407 4403 866  0 0 192
3  661 4408 10347  255 0 255
3  659 661 10347  255 0 255
3  4408 864 865  255 0 255
3  10347 4408 865  255 0 255
3  662 4409 4408  128 255 64
3  661 662 4408  128 255 64
3  4409 1214 864  128 255 64
3  4408 4409 864  128 255 64
3  663 1211 1214  255 64 128
3  662 663 1214  255 64 128
3  10006 10005 9938  255 64 128
3  10006 9938 9950  255 64 128
3  710 4410 4411  255 64 128
3  709 710 4411  255 64 128
3  4410 1142 1145  255 64 128
3  4411 4410 1145  255 64 128
3  709 4411 4412  255 64 128
3  708 709 4412  255 64 128
3  4411 1145 1146  255 64 128
3  4412 4411 1146  255 64 128
3  726 4413 4414  255 64 128
3  720 726 4414  255 64 128
3  4413 1132 1133  255 64 128
3  4414 4413 1133  255 64 128
3  1240 4415 4443  255 64 128
3  1239 1240 4443  255 64 128
3  4415 4416 4444  255 64 128
3  4443 4415 4444  255 64 128
3  4416 4417 4445  255 64 128
3  4444 4416 4445  255 64 128
3  4417 4418 4446  255 64 128
3  4445 4417 4446  255 64 128
3  4418 4419 4447  255 64 128
3  4446 4418 4447  255 64 128
3  4419 4420 4448  255 64 128
3  4447 4419 4448  255 64 128
3  4420 4421 4449  255 64 128
3  4448 4420 4449  255 64 128
3  4421 4422 4450  255 64 128
3  4449 4421 4450  255 64 128
3  4422 4423 4451  255 64 128
3  4450 4422 4451  255 64 128
3  4423 4424 4452  255 64 128
3  4451 4423 4452  255 64 128
3  4424 4425 4453  255 64 128
3  4452 4424 4453  255 64 128
3  4425 4426 4454  255 64 128
3  4453 4425 4454  255 64 128
3  4426 4427 4455  255 64 128
3  4454 4426 4455  255 64 128
3  4427 4428 4456  255 64 128
3  4455 4427 4456  255 64 128
3  4428 4429 4457  255 64 128
3  4456 4428 4457  255 64 128
3  4429 4430 4458  255 64 128
3  4457 4429 4458  255 64 128
3  4430 4431 4459  255 64 128
3  4458 4430 4459  255 64 128
3  4431 4432 4460  255 64 128
3  4459 4431 4460  255 64 128
3  4432 4433 4461  255 64 128
3  4460 4432 4461  255 64 128
3  4433 4434 4462  255 64 128
3  4461 4433 4462  255 64 128
3  4434 4435 4463  255 64 128
3  4462 4434 4463  255 64 128
3  4435 4436 4464  255 64 128
3  4463 4435 4464  255 64 128
3  4436 4437 4465  255 64 128
3  4464 4436 4465  255 64 128
3  4437 4438 4466  255 64 128
3  4465 4437 4466  255 64 128
3  4438 4439 4467  255 64 128
3  4466 4438 4467  255 64 128
3  4439 4440 4468  255 64 128
3  4467 4439 4468  255 64 128
3  4440 4441 4469  255 64 128
3  4468 4440 4469  255 64 128
3  4441 4442 4470  255 64 128
3  4469 4441 4470  255 64 128
3  4442 1191 1197  255 64 128
3  4470 4442 1197  255 64 128
3  1266 4471 4480  255 64 128
3  1296 1266 4480  255 64 128
3  4471 4472 4481  255 64 128
3  4480 4471 4481  255 64 128
3  4472 4473 4482  255 64 128
3  4481 4472 4482  255 64 128
3  4473 4474 4483  255 64 128
3  4482 4473 4483  255 64 128
3  4474 4475 4484  255 64 128
3  4483 4474 4484  255 64 128
3  4475 4476 4485  255 64 128
3  4484 4475 4485  255 64 128
3  4476 4477 4486  255 64 128
3  4485 4476 4486  255 64 128
3  4477 4478 4487  255 64 128
3  4486 4477 4487  255 64 128
3  4478 4479 4488  255 64 128
3  4487 4478 4488  255 64 128
3  4479 1146 1147  255 64 128
3  4488 4479 1147  255 64 128
3  10271 4489 4500  255 64 128
3  10270 10271 4500  255 64 128
3  4489 4490 4501  255 64 128
3  4500 4489 4501  255 64 128
3  4490 4491 4502  255 64 128
3  4501 4490 4502  255 64 128
3  4491 4492 4503  255 64 128
3  4502 4491 4503  255 64 128
3  4492 4493 4504  255 64 128
3  4503 4492 4504  255 64 128
3  4493 4494 4505  255 64 128
3  4504 4493 4505  255 64 128
3  4494 4495 4506  255 64 128
3  4505 4494 4506  255 64 128
3  4495 4496 4507  255 64 128
3  4506 4495 4507  255 64 128
3  4496 4497 4508  255 64 128
3  4507 4496 4508  255 64 128
3  4497 4498 4509  255 64 128
3  4508 4497 4509  255 64 128
3  4498 4499 4510  255 64 128
3  4509 4498 4510  255 64 128
3  4499 1156 1163  255 64 128
3  4510 4499 1163  255 64 128
3  4534 4511 10269  255 64 128
3  4534 10269 4533  255 64 128
3  4535 4512 4511  255 64 128
3  4535 4511 4534  255 64 128
3  4536 4513 4512  255 64 128
3  4536 4512 4535  255 64 128
3  4537 4514 4513  255 64 128
3  4537 4513 4536  255 64 128
3  4538 4515 4514  255 64 128
3  4538 4514 4537  255 64 128
3  4539 4516 4515  255 64 128
3  4539 4515 4538  255 64 128
3  4540 4517 4516  255 64 128
3  4540 4516 4539  255 64 128
3  4541 4518 4517  255 64 128
3  4541 4517 4540  255 64 128
3  4542 4519 4518  255 64 128
3  4542 4518 4541  255 64 128
3  4543 4520 4519  255 64 128
3  4543 4519 4542  255 64 128
3  4544 4521 4520  255 64 128
3  4544 4520 4543  255 64 128
3  4545 4522 4521  255 64 128
3  4545 4521 4544  255 64 128
3  4546 4523 4522  255 64 128
3  4546 4522 4545  255 64 128
3  4547 4524 4523  255 64 128
3  4547 4523 4546  255 64 128
3  4548 4525 4524  255 64 128
3  4548 4524 4547  255 64 128
3  4549 4526 4525  255 64 128
3  4549 4525 4548  255 64 128
3  4550 4527 4526  255 64 128
3  4550 4526 4549  255 64 128
3  4551 4528 4527  255 64 128
3  4551 4527 4550  255 64 128
3  4552 4529 4528  255 64 128
3  4552 4528 4551  255 64 128
3  4553 4530 4529  255 64 128
3  4553 4529 4552  255 64 128
3  4554 4531 4530  255 64 128
3  4554 4530 4553  255 64 128
3  4555 4532 4531  255 64 128
3  4555 4531 4554  255 64 128
3  4556 10001 4532  255 64 128
3  4556 4532 4555  255 64 128
3  4557 4534 4533  255 64 128
3  4557 4533 10268  255 64 128
3  4558 4535 4534  255 64 128
3  4558 4534 4557  255 64 128
3  4559 4536 4535  255 64 128
3  4559 4535 4558  255 64 128
3  4560 4537 4536  255 64 128
3  4560 4536 4559  255 64 128
3  4561 4538 4537  255 64 128
3  4561 4537 4560  255 64 128
3  4562 4539 4538  255 64 128
3  4562 4538 4561  255 64 128
3  4563 4540 4539  255 64 128
3  4563 4539 4562  255 64 128
3  4564 4541 4540  255 64 128
3  4564 4540 4563  255 64 128
3  4565 4542 4541  255 64 128
3  4565 4541 4564  255 64 128
3  4566 4543 4542  255 64 128
3  4566 4542 4565  255 64 128
3  4567 4544 4543  255 64 128
3  4567 4543 4566  255 64 128
3  4568 4545 4544  255 64 128
3  4568 4544 4567  255 64 128
3  4569 4546 4545  255 64 128
3  4569 4545 4568  255 64 128
3  4570 4547 4546  255 64 128
3  4570 4546 4569  255 64 128
3  4571 4548 4547  255 64 128
3  4571 4547 4570  255 64 128
3  4572 4549 4548  255 64 128
3  4572 4548 4571  255 64 128
3  4573 4550 4549  255 64 128
3  4573 4549 4572  255 64 128
3  4574 4551 4550  255 64 128
3  4574 4550 4573  255 64 128
3  4575 4552 4551  255 64 128
3  4575 4551 4574  255 64 128
3  4576 4553 4552  255 64 128
3  4576 4552 4575  255 64 128
3  4577 4554 4553  255 64 128
3  4577 4553 4576  255 64 128
3  4578 4555 4554  255 64 128
3  4578 4554 4577  255 64 128
3  10002 4556 4555  255 64 128
3  10002 4555 4578  255 64 128
3  10267 4579 4590  255 64 128
3  10266 10267 4590  255 64 128
3  4579 4580 4591  255 64 128
3  4590 4579 4591  255 64 128
3  4580 4581 4592  255 64 128
3  4591 4580 4592  255 64 128
3  4581 4582 4593  255 64 128
3  4592 4581 4593  255 64 128
3  4582 4583 4594  255 64 128
3  4593 4582 4594  255 64 128
3  4583 4584 4595  255 64 128
3  4594 4583 4595  255 64 128
3  4584 4585 4596  255 64 128
3  4595 4584 4596  255 64 128
3  4585 4586 4597  255 64 128
3  4596 4585 4597  255 64 128
3  4586 4587 4598  255 64 128
3  4597 4586 4598  255 64 128
3  4587 4588 4599  255 64 128
3  4598 4587 4599  255 64 128
3  4588 4589 4600  255 64 128
3  4599 4588 4600  255 64 128
3  4589 1179 1185  255 64 128
3  4600 4589 1185  255 64 128
3  664 4601 4607  0 192 192
3  663 664 4607  0 192 192
3  4601 4602 4608  0 192 192
3  4607 4601 4608  0 192 192
3  4602 4603 4609  0 192 192
3  4608 4602 4609  0 192 192
3  4603 4604 4610  0 192 192
3  4609 4603 4610  0 192 192
3  4604 4605 4611  0 192 192
3  4610 4604 4611  0 192 192
3  4605 4606 4612  0 192 192
3  4611 4605 4612  0 192 192
3  4606 1210 1211  0 192 192
3  4612 4606 1211  0 192 192
3  4615 4613 2179  0 192 192
3  4615 2179 2180  0 192 192
3  4616 4614 4613  0 192 192
3  4616 4613 4615  0 192 192
3  576 575 4614  0 192 192
3  576 4614 4616  0 192 192
3  673 1206 1210  128 128 255
3  664 673 1210  128 128 255
3  719 4617 4618  128 128 255
3  711 719 4618  128 128 255
3  4617 1134 1141  128 128 255
3  4618 4617 1141  128 128 255
3  1242 4619 4624  128 128 255
3  1241 1242 4624  128 128 255
3  4619 4620 4625  128 128 255
3  4624 4619 4625  128 128 255
3  4620 4621 4626  128 128 255
3  4625 4620 4626  128 128 255
3  4621 4622 4627  128 128 255
3  4626 4621 4627  128 128 255
3  4622 4623 4628  128 128 255
3  4627 4622 4628  128 128 255
3  4623 1189 1190  128 128 255
3  4628 4623 1190  128 128 255
3  4642 4629 10040  128 128 255
3  4642 10040 4641  128 128 255
3  4643 4630 4629  128 128 255
3  4643 4629 4642  128 128 255
3  4644 4631 4630  128 128 255
3  4644 4630 4643  128 128 255
3  4645 4632 4631  128 128 255
3  4645 4631 4644  128 128 255
3  4646 4633 4632  128 128 255
3  4646 4632 4645  128 128 255
3  4647 4634 4633  128 128 255
3  4647 4633 4646  128 128 255
3  4648 4635 4634  128 128 255
3  4648 4634 4647  128 128 255
3  4649 4636 4635  128 128 255
3  4649 4635 4648  128 128 255
3  4650 4637 4636  128 128 255
3  4650 4636 4649  128 128 255
3  4651 4638 4637  128 128 255
3  4651 4637 4650  128 128 255
3  4652 4639 4638  128 128 255
3  4652 4638 4651  128 128 255
3  4653 4640 4639  128 128 255
3  4653 4639 4652  128 128 255
3  4654 9998 4640  128 128 255
3  4654 4640 4653  128 128 255
3  4655 4642 4641  128 128 255
3  4655 4641 10039  128 128 255
3  4656 4643 4642  128 128 255
3  4656 4642 4655  128 128 255
3  4657 4644 4643  128 128 255
3  4657 4643 4656  128 128 255
3  4658 4645 4644  128 128 255
3  4658 4644 4657  128 128 255
3  4659 4646 4645  128 128 255
3  4659 4645 4658  128 128 255
3  4660 4647 4646  128 128 255
3  4660 4646 4659  128 128 255
3  4661 4648 4647  128 128 255
3  4661 4647 4660  128 128 255
3  4662 4649 4648  128 128 255
3  4662 4648 4661  128 128 255
3  4663 4650 4649  128 128 255
3  4663 4649 4662  128 128 255
3  4664 4651 4650  128 128 255
3  4664 4650 4663  128 128 255
3  4665 4652 4651  128 128 255
3  4665 4651 4664  128 128 255
3  4666 4653 4652  128 128 255
3  4666 4652 4665  128 128 255
3  10000 4654 4653  128 128 255
3  10000 4653 4666  128 128 255
3  2597 4667 4703  128 128 255
3  2596 2597 4703  128 128 255
3  4667 4668 4704  128 128 255
3  4703 4667 4704  128 128 255
3  4668 4669 4705  128 128 255
3  4704 4668 4705  128 128 255
3  4669 4670 4706  128 128 255
3  4705 4669 4706  128 128 255
3  4670 4671 4707  128 128 255
3  4706 4670 4707  128 128 255
3  4671 4672 4708  128 128 255
3  4707 4671 4708  128 128 255
3  4672 4673 4709  128 128 255
3  4708 4672 4709  128 128 255
3  4673 4674 4710  128 128 255
3  4709 4673 4710  128 128 255
3  4674 4675 4711  128 128 255
3  4710 4674 4711  128 128 255
3  4675 4676 4712  128 128 255
3  4711 4675 4712  128 128 255
3  4676 4677 4713  128 128 255
3  4712 4676 4713  128 128 255
3  4677 4678 4714  128 128 255
3  4713 4677 4714  128 128 255
3  4678 4679 4715  128 128 255
3  4714 4678 4715  128 128 255
3  4679 4680 4716  128 128 255
3  4715 4679 4716  128 128 255
3  4680 4681 4717  128 128 255
3  4716 4680 4717  128 128 255
3  4681 4682 4718  128 128 255
3  4717 4681 4718  128 128 255
3  4682 4683 4719  128 128 255
3  4718 4682 4719  128 128 255
3  4683 4684 4720  128 128 255
3  4719 4683 4720  128 128 255
3  4684 4685 4721  128 128 255
3  4720 4684 4721  128 128 255
3  4685 4686 4722  128 128 255
3  4721 4685 4722  128 128 255
3  4686 4687 4723  128 128 255
3  4722 4686 4723  128 128 255
3  4687 4688 4724  128 128 255
3  4723 4687 4724  128 128 255
3  4688 4689 4725  128 128 255
3  4724 4688 4725  128 128 255
3  4689 4690 4726  128 128 255
3  4725 4689 4726  128 128 255
3  4690 4691 4727  128 128 255
3  4726 4690 4727  128 128 255
3  4691 4692 4728  128 128 255
3  4727 4691 4728  128 128 255
3  4692 4693 4729  128 128 255
3  4728 4692 4729  128 128 255
3  4693 4694 4730  128 128 255
3  4729 4693 4730  128 128 255
3  4694 4695 4731  128 128 255
3  4730 4694 4731  128 128 255
3  4695 4696 4732  128 128 255
3  4731 4695 4732  128 128 255
3  4696 4697 4733  128 128 255
3  4732 4696 4733  128 128 255
3  4697 4698 4734  128 128 255
3  4733 4697 4734  128 128 255
3  4698 4699 4735  128 128 255
3  4734 4698 4735  128 128 255
3  4699 4700 4736  128 128 255
3  4735 4699 4736  128 128 255
3  4700 4701 4737  128 128 255
3  4736 4700 4737  128 128 255
3  4701 4702 4738  128 128 255
3  4737 4701 4738  128 128 255
3  4702 1154 1155  128 128 255
3  4738 4702 1155  128 128 255
3  2589 4739 4753  128 128 255
3  2586 2589 4753  128 128 255
3  4739 4740 4754  128 128 255
3  4753 4739 4754  128 128 255
3  4740 4741 4755  128 128 255
3  4754 4740 4755  128 128 255
3  4741 4742 4756  128 128 255
3  4755 4741 4756  128 128 255
3  4742 4743 4757  128 128 255
3  4756 4742 4757  128 128 255
3  4743 4744 4758  128 128 255
3  4757 4743 4758  128 128 255
3  4744 4745 4759  128 128 255
3  4758 4744 4759  128 128 255
3  4745 4746 4760  128 128 255
3  4759 4745 4760  128 128 255
3  4746 4747 4761  128 128 255
3  4760 4746 4761  128 128 255
3  4747 4748 4762  128 128 255
3  4761 4747 4762  128 128 255
3  4748 4749 4763  128 128 255
3  4762 4748 4763  128 128 255
3  4749 4750 4764  128 128 255
3  4763 4749 4764  128 128 255
3  4750 4751 4765  128 128 255
3  4764 4750 4765  128 128 255
3  4751 4752 4766  128 128 255
3  4765 4751 4766  128 128 255
3  4752 1164 1167  128 128 255
3  4766 4752 1167  128 128 255
3  2577 4767 4781  128 128 255
3  2572 2577 4781  128 128 255
3  4767 4768 4782  128 128 255
3  4781 4767 4782  128 128 255
3  4768 4769 4783  128 128 255
3  4782 4768 4783  128 128 255
3  4769 4770 4784  128 128 255
3  4783 4769 4784  128 128 255
3  4770 4771 4785  128 128 255
3  4784 4770 4785  128 128 255
3  4771 4772 4786  128 128 255
3  4785 4771 4786  128 128 255
3  4772 4773 4787  128 128 255
3  4786 4772 4787  128 128 255
3  4773 4774 4788  128 128 255
3  4787 4773 4788  128 128 255
3  4774 4775 4789  128 128 255
3  4788 4774 4789  128 128 255
3  4775 4776 4790  128 128 255
3  4789 4775 4790  128 128 255
3  4776 4777 4791  128 128 255
3  4790 4776 4791  128 128 255
3  4777 4778 4792  128 128 255
3  4791 4777 4792  128 128 255
3  4778 4779 4793  128 128 255
3  4792 4778 4793  128 128 255
3  4779 4780 4794  128 128 255
3  4793 4779 4794  128 128 255
3  4780 1175 1178  128 128 255
3  4794 4780 1178  128 128 255
3  4858 4795 10265  128 128 255
3  4858 10265 4857  128 128 255
3  4859 4796 4795  128 128 255
3  4859 4795 4858  128 128 255
3  4860 4797 4796  128 128 255
3  4860 4796 4859  128 128 255
3  4861 4798 4797  128 128 255
3  4861 4797 4860  128 128 255
3  4862 4799 4798  128 128 255
3  4862 4798 4861  128 128 255
3  4863 4800 4799  128 128 255
3  4863 4799 4862  128 128 255
3  4864 4801 4800  128 128 255
3  4864 4800 4863  128 128 255
3  4865 4802 4801  128 128 255
3  4865 4801 4864  128 128 255
3  4866 4803 4802  128 128 255
3  4866 4802 4865  128 128 255
3  4867 4804 4803  128 128 255
3  4867 4803 4866  128 128 255
3  4868 4805 4804  128 128 255
3  4868 4804 4867  128 128 255
3  4869 4806 4805  128 128 255
3  4869 4805 4868  128 128 255
3  4870 4807 4806  128 128 255
3  4870 4806 4869  128 128 255
3  4871 4808 4807  128 128 255
3  4871 4807 4870  128 128 255
3  4872 4809 4808  128 128 255
3  4872 4808 4871  128 128 255
3  4873 4810 4809  128 128 255
3  4873 4809 4872  128 128 255
3  4874 4811 4810  128 128 255
3  4874 4810 4873  128 128 255
3  4875 4812 4811  128 128 255
3  4875 4811 4874  128 128 255
3  4876 4813 4812  128 128 255
3  4876 4812 4875  128 128 255
3  4877 4814 4813  128 128 255
3  4877 4813 4876  128 128 255
3  4878 4815 4814  128 128 255
3  4878 4814 4877  128 128 255
3  4879 4816 4815  128 128 255
3  4879 4815 4878  128 128 255
3  4880 4817 4816  128 128 255
3  4880 4816 4879  128 128 255
3  4881 4818 4817  128 128 255
3  4881 4817 4880  128 128 255
3  4882 4819 4818  128 128 255
3  4882 4818 4881  128 128 255
3  4883 4820 4819  128 128 255
3  4883 4819 4882  128 128 255
3  4884 4821 4820  128 128 255
3  4884 4820 4883  128 128 255
3  4885 4822 4821  128 128 255
3  4885 4821 4884  128 128 255
3  4886 4823 4822  128 128 255
3  4886 4822 4885  128 128 255
3  4887 4824 4823  128 128 255
3  4887 4823 4886  128 128 255
3  4888 4825 4824  128 128 255
3  4888 4824 4887  128 128 255
3  4889 4826 4825  128 128 255
3  4889 4825 4888  128 128 255
3  4890 4827 4826  128 128 255
3  4890 4826 4889  128 128 255
3  4891 4828 4827  128 128 255
3  4891 4827 4890  128 128 255
3  4892 4829 4828  128 128 255
3  4892 4828 4891  128 128 255
3  4893 4830 4829  128 128 255
3  4893 4829 4892  128 128 255
3  4894 4831 4830  128 128 255
3  4894 4830 4893  128 128 255
3  4895 4832 4831  128 128 255
3  4895 4831 4894  128 128 255
3  4896 4833 4832  128 128 255
3  4896 4832 4895  128 128 255
3  4897 4834 4833  128 128 255
3  4897 4833 4896  128 128 255
3  4898 4835 4834  128 128 255
3  4898 4834 4897  128 128 255
3  4899 4836 4835  128 128 255
3  4899 4835 4898  128 128 255
3  4900 4837 4836  128 128 255
3  4900 4836 4899  128 128 255
3  4901 4838 4837  128 128 255
3  4901 4837 4900  128 128 255
3  4902 4839 4838  128 128 255
3  4902 4838 4901  128 128 255
3  4903 4840 4839  128 128 255
3  4903 4839 4902  128 128 255
3  4904 4841 4840  128 128 255
3  4904 4840 4903  128 128 255
3  4905 4842 4841  128 128 255
3  4905 4841 4904  128 128 255
3  4906 4843 4842  128 128 255
3  4906 4842 4905  128 128 255
3  4907 4844 4843  128 128 255
3  4907 4843 4906  128 128 255
3  4908 4845 4844  128 128 255
3  4908 4844 4907  128 128 255
3  4909 4846 4845  128 128 255
3  4909 4845 4908  128 128 255
3  4910 4847 4846  128 128 255
3  4910 4846 4909  128 128 255
3  4911 4848 4847  128 128 255
3  4911 4847 4910  128 128 255
3  4912 4849 4848  128 128 255
3  4912 4848 4911  128 128 255
3  4913 4850 4849  128 128 255
3  4913 4849 4912  128 128 255
3  4914 4851 4850  128 128 255
3  4914 4850 4913  128 128 255
3  4915 4852 4851  128 128 255
3  4915 4851 4914  128 128 255
3  4916 4853 4852  128 128 255
3  4916 4852 4915  128 128 255
3  4917 4854 4853  128 128 255
3  4917 4853 4916  128 128 255
3  4918 4855 4854  128 128 255
3  4918 4854 4917  128 128 255
3  4919 4856 4855  128 128 255
3  4919 4855 4918  128 128 255
3  4920 10003 4856  128 128 255
3  4920 4856 4919  128 128 255
3  4921 4858 4857  128 128 255
3  4921 4857 10263  128 128 255
3  4922 4859 4858  128 128 255
3  4922 4858 4921  128 128 255
3  4923 4860 4859  128 128 255
3  4923 4859 4922  128 128 255
3  4924 4861 4860  128 128 255
3  4924 4860 4923  128 128 255
3  4925 4862 4861  128 128 255
3  4925 4861 4924  128 128 255
3  4926 4863 4862  128 128 255
3  4926 4862 4925  128 128 255
3  4927 4864 4863  128 128 255
3  4927 4863 4926  128 128 255
3  4928 4865 4864  128 128 255
3  4928 4864 4927  128 128 255
3  4929 4866 4865  128 128 255
3  4929 4865 4928  128 128 255
3  4930 4867 4866  128 128 255
3  4930 4866 4929  128 128 255
3  4931 4868 4867  128 128 255
3  4931 4867 4930  128 128 255
3  4932 4869 4868  128 128 255
3  4932 4868 4931  128 128 255
3  4933 4870 4869  128 128 255
3  4933 4869 4932  128 128 255
3  4934 4871 4870  128 128 255
3  4934 4870 4933  128 128 255
3  4935 4872 4871  128 128 255
3  4935 4871 4934  128 128 255
3  4936 4873 4872  128 128 255
3  4936 4872 4935  128 128 255
3  4937 4874 4873  128 128 255
3  4937 4873 4936  128 128 255
3  4938 4875 4874  128 128 255
3  4938 4874 4937  128 128 255
3  4939 4876 4875  128 128 255
3  4939 4875 4938  128 128 255
3  4940 4877 4876  128 128 255
3  4940 4876 4939  128 128 255
3  4941 4878 4877  128 128 255
3  4941 4877 4940  128 128 255
3  4942 4879 4878  128 128 255
3  4942 4878 4941  128 128 255
3  4943 4880 4879  128 128 255
3  4943 4879 4942  128 128 255
3  4944 4881 4880  128 128 255
3  4944 4880 4943  128 128 255
3  4945 4882 4881  128 128 255
3  4945 4881 4944  128 128 255
3  4946 4883 4882  128 128 255
3  4946 4882 4945  128 128 255
3  4947 4884 4883  128 128 255
3  4947 4883 4946  128 128 255
3  4948 4885 4884  128 128 255
3  4948 4884 4947  128 128 255
3  4949 4886 4885  128 128 255
3  4949 4885 4948  128 128 255
3  4950 4887 4886  128 128 255
3  4950 4886 4949  128 128 255
3  4951 4888 4887  128 128 255
3  4951 4887 4950  128 128 255
3  4952 4889 4888  128 128 255
3  4952 4888 4951  128 128 255
3  4953 4890 4889  128 128 255
3  4953 4889 4952  128 128 255
3  4954 4891 4890  128 128 255
3  4954 4890 4953  128 128 255
3  4955 4892 4891  128 128 255
3  4955 4891 4954  128 128 255
3  4956 4893 4892  128 128 255
3  4956 4892 4955  128 128 255
3  4957 4894 4893  128 128 255
3  4957 4893 4956  128 128 255
3  4958 4895 4894  128 128 255
3  4958 4894 4957  128 128 255
3  4959 4896 4895  128 128 255
3  4959 4895 4958  128 128 255
3  4960 4897 4896  128 128 255
3  4960 4896 4959  128 128 255
3  4961 4898 4897  128 128 255
3  4961 4897 4960  128 128 255
3  4962 4899 4898  128 128 255
3  4962 4898 4961  128 128 255
3  4963 4900 4899  128 128 255
3  4963 4899 4962  128 128 255
3  4964 4901 4900  128 128 255
3  4964 4900 4963  128 128 255
3  4965 4902 4901  128 128 255
3  4965 4901 4964  128 128 255
3  4966 4903 4902  128 128 255
3  4966 4902 4965  128 128 255
3  4967 4904 4903  128 128 255
3  4967 4903 4966  128 128 255
3  4968 4905 4904  128 128 255
3  4968 4904 4967  128 128 255
3  4969 4906 4905  128 128 255
3  4969 4905 4968  128 128 255
3  4970 4907 4906  128 128 255
3  4970 4906 4969  128 128 255
3  4971 4908 4907  128 128 255
3  4971 4907 4970  128 128 255
3  4972 4909 4908  128 128 255
3  4972 4908 4971  128 128 255
3  4973 4910 4909  128 128 255
3  4973 4909 4972  128 128 255
3  4974 4911 4910  128 128 255
3  4974 4910 4973  128 128 255
3  4975 4912 4911  128 128 255
3  4975 4911 4974  128 128 255
3  4976 4913 4912  128 128 255
3  4976 4912 4975  128 128 255
3  4977 4914 4913  128 128 255
3  4977 4913 4976  128 128 255
3  4978 4915 4914  128 128 255
3  4978 4914 4977  128 128 255
3  4979 4916 4915  128 128 255
3  4979 4915 4978  128 128 255
3  4980 4917 4916  128 128 255
3  4980 4916 4979  128 128 255
3  4981 4918 4917  128 128 255
3  4981 4917 4980  128 128 255
3  4982 4919 4918  128 128 255
3  4982 4918 4981  128 128 255
3  10004 4920 4919  128 128 255
3  10004 4919 4982  128 128 255
3  1206 4983 4989  50 205 50
3  1199 1206 4989  50 205 50
3  4983 4984 4990  50 205 50
3  4989 4983 4990  50 205 50
3  4984 4985 4991  50 205 50
3  4990 4984 4991  50 205 50
3  4985 4986 4992  50 205 50
3  4991 4985 4992  50 205 50
3  4986 4987 4993  50 205 50
3  4992 4986 4993  50 205 50
3  4987 4988 4994  50 205 50
3  4993 4987 4994  50 205 50
3  4988 673 674  50 205 50
3  4994 4988 674  50 205 50
3  4997 4995 571  50 205 50
3  4997 571 570  50 205 50
3  4998 4996 4995  50 205 50
3  4998 4995 4997  50 205 50
3  2174 2175 4996  50 205 50
3  2174 4996 4998  50 205 50
3  711 4999 5005  0 128 128
3  710 711 5005  0 128 128
3  4999 5000 5006  0 128 128
3  5005 4999 5006  0 128 128
3  5000 5001 5007  0 128 128
3  5006 5000 5007  0 128 128
3  5001 5002 5008  0 128 128
3  5007 5001 5008  0 128 128
3  5002 5003 5009  0 128 128
3  5008 5002 5009  0 128 128
3  5003 5004 5010  0 128 128
3  5009 5003 5010  0 128 128
3  5004 1141 1142  0 128 128
3  5010 5004 1142  0 128 128
3  5013 5011 2118  0 128 128
3  5013 2118 2119  0 128 128
3  5014 5012 5011  0 128 128
3  5014 5011 5013  0 128 128
3  515 514 5012  0 128 128
3  515 5012 5014  0 128 128
3  1134 5015 5021  255 128 0
3  1133 1134 5021  255 128 0
3  5015 5016 5022  255 128 0
3  5021 5015 5022  255 128 0
3  5016 5017 5023  255 128 0
3  5022 5016 5023  255 128 0
3  5017 5018 5024  255 128 0
3  5023 5017 5024  255 128 0
3  5018 5019 5025  255 128 0
3  5024 5018 5025  255 128 0
3  5019 5020 5026  255 128 0
3  5025 5019 5026  255 128 0
3  5020 719 720  255 128 0
3  5026 5020 720  255 128 0
3  5029 5027 436  255 128 0
3  5029 436 435  255 128 0
3  5030 5028 5027  255 128 0
3  5030 5027 5029  255 128 0
3  2039 2040 5028  255 128 0
3  2039 5028 5030  255 128 0
3  5033 5031 508  255 128 0
3  5033 508 507  255 128 0
3  5034 5032 5031  255 128 0
3  5034 5031 5033  255 128 0
3  2111 2112 5032  255 128 0
3  2111 5032 5034  255 128 0
3  5038 5035 9996  192 0 0
3  5038 9996 5037  192 0 0
3  5039 5036 5035  192 0 0
3  5039 5035 5038  192 0 0
3  5040 9961 5036  192 0 0
3  5040 5036 5039  192 0 0
3  5041 5038 5037  192 0 0
3  5041 5037 9995  192 0 0
3  5042 5039 5038  192 0 0
3  5042 5038 5041  192 0 0
3  9962 5040 5039  192 0 0
3  9962 5039 5042  192 0 0
3  1131 727 728  0 128 128
3  1124 1131 728  0 128 128
3  1111 741 745  0 128 128
3  1104 1111 745  0 128 128
3  1091 753 756  0 128 128
3  1082 1091 756  0 128 128
3  1069 764 767  0 128 128
3  1064 1069 767  0 128 128
3  1048 5043 5044  0 128 128
3  1047 1048 5044  0 128 128
3  5043 776 779  0 128 128
3  5044 5043 779  0 128 128
3  729 5045 5052  0 0 192
3  728 729 5052  0 0 192
3  5045 5046 5053  0 0 192
3  5052 5045 5053  0 0 192
3  5046 5047 5054  0 0 192
3  5053 5046 5054  0 0 192
3  5047 5048 5055  0 0 192
3  5054 5047 5055  0 0 192
3  5048 5049 5056  0 0 192
3  5055 5048 5056  0 0 192
3  5049 5050 5057  0 0 192
3  5056 5049 5057  0 0 192
3  5050 5051 5058  0 0 192
3  5057 5050 5058  0 0 192
3  5051 1123 1124  0 0 192
3  5058 5051 1124  0 0 192
3  5062 5059 2102  0 0 192
3  5062 2102 2103  0 0 192
3  5063 5060 5059  0 0 192
3  5063 5059 5062  0 0 192
3  5064 5061 5060  0 0 192
3  5064 5060 5063  0 0 192
3  499 498 5061  0 0 192
3  499 5061 5064  0 0 192
3  5068 5065 9994  255 128 128
3  5068 9994 5067  255 128 128
3  5069 5066 5065  255 128 128
3  5069 5065 5068  255 128 128
3  5070 9963 5066  255 128 128
3  5070 5066 5069  255 128 128
3  5071 5068 5067  255 128 128
3  5071 5067 9992  255 128 128
3  5072 5069 5068  255 128 128
3  5072 5068 5071  255 128 128
3  9964 5070 5069  255 128 128
3  9964 5069 5072  255 128 128
3  5076 5073 9990  255 128 128
3  5076 9990 5075  255 128 128
3  5077 5074 5073  255 128 128
3  5077 5073 5076  255 128 128
3  5078 9967 5074  255 128 128
3  5078 5074 5077  255 128 128
3  5079 5076 5075  255 128 128
3  5079 5075 9989  255 128 128
3  5080 5077 5076  255 128 128
3  5080 5076 5079  255 128 128
3  9968 5078 5077  255 128 128
3  9968 5077 5080  255 128 128
3  1081 5081 5082  255 128 128
3  1070 1081 5082  255 128 128
3  5081 757 763  255 128 128
3  5082 5081 763  255 128 128
3  1063 5083 5084  255 128 128
3  1049 1063 5084  255 128 128
3  5083 768 775  255 128 128
3  5084 5083 775  255 128 128
3  5098 5085 9993  192 192 0
3  5098 9993 5097  192 192 0
3  5099 5086 5085  192 192 0
3  5099 5085 5098  192 192 0
3  5100 5087 5086  192 192 0
3  5100 5086 5099  192 192 0
3  5101 5088 5087  192 192 0
3  5101 5087 5100  192 192 0
3  5102 10359 5088  192 192 0
3  5102 5088 5101  192 192 0
3  5103 5089 10359  192 192 0
3  5103 10359 5102  192 192 0
3  5104 5090 5089  192 192 0
3  5104 5089 5103  192 192 0
3  5105 5091 5090  192 192 0
3  5105 5090 5104  192 192 0
3  5106 5092 5091  192 192 0
3  5106 5091 5105  192 192 0
3  5107 10360 5092  192 192 0
3  5107 5092 5106  192 192 0
3  5108 5093 10360  192 192 0
3  5108 10360 5107  192 192 0
3  5109 5094 5093  192 192 0
3  5109 5093 5108  192 192 0
3  5110 5095 5094  192 192 0
3  5110 5094 5109  192 192 0
3  5111 5096 5095  192 192 0
3  5111 5095 5110  192 192 0
3  5112 9965 5096  192 192 0
3  5112 5096 5111  192 192 0
3  5113 5098 5097  192 192 0
3  5113 5097 9991  192 192 0
3  5114 5099 5098  192 192 0
3  5114 5098 5113  192 192 0
3  5115 5100 5099  192 192 0
3  5115 5099 5114  192 192 0
3  5116 5101 5100  192 192 0
3  5116 5100 5115  192 192 0
3  5117 5102 5101  192 192 0
3  5117 5101 5116  192 192 0
3  5118 5103 5102  192 192 0
3  5118 5102 5117  192 192 0
3  5119 5104 5103  192 192 0
3  5119 5103 5118  192 192 0
3  5120 5105 5104  192 192 0
3  5120 5104 5119  192 192 0
3  5121 5106 5105  192 192 0
3  5121 5105 5120  192 192 0
3  5122 5107 5106  192 192 0
3  5122 5106 5121  192 192 0
3  5123 5108 5107  192 192 0
3  5123 5107 5122  192 192 0
3  5124 5109 5108  192 192 0
3  5124 5108 5123  192 192 0
3  5125 5110 5109  192 192 0
3  5125 5109 5124  192 192 0
3  5126 5111 5110  192 192 0
3  5126 5110 5125  192 192 0
3  9966 5112 5111  192 192 0
3  9966 5111 5126  192 192 0
3  5138 5127 9903  192 192 0
3  5138 9903 5137  192 192 0
3  5139 5128 5127  192 192 0
3  5139 5127 5138  192 192 0
3  5140 5129 5128  192 192 0
3  5140 5128 5139  192 192 0
3  5141 5130 5129  192 192 0
3  5141 5129 5140  192 192 0
3  5142 5131 5130  192 192 0
3  5142 5130 5141  192 192 0
3  5143 5132 5131  192 192 0
3  5143 5131 5142  192 192 0
3  5144 5133 5132  192 192 0
3  5144 5132 5143  192 192 0
3  5145 5134 5133  192 192 0
3  5145 5133 5144  192 192 0
3  5146 5135 5134  192 192 0
3  5146 5134 5145  192 192 0
3  5147 5136 5135  192 192 0
3  5147 5135 5146  192 192 0
3  5148 10141 5136  192 192 0
3  5148 5136 5147  192 192 0
3  5149 5138 5137  192 192 0
3  5149 5137 9902  192 192 0
3  5150 5139 5138  192 192 0
3  5150 5138 5149  192 192 0
3  5151 5140 5139  192 192 0
3  5151 5139 5150  192 192 0
3  5152 5141 5140  192 192 0
3  5152 5140 5151  192 192 0
3  5153 5142 5141  192 192 0
3  5153 5141 5152  192 192 0
3  5154 5143 5142  192 192 0
3  5154 5142 5153  192 192 0
3  5155 5144 5143  192 192 0
3  5155 5143 5154  192 192 0
3  5156 5145 5144  192 192 0
3  5156 5144 5155  192 192 0
3  5157 5146 5145  192 192 0
3  5157 5145 5156  192 192 0
3  5158 5147 5146  192 192 0
3  5158 5146 5157  192 192 0
3  10140 5148 5147  192 192 0
3  10140 5147 5158  192 192 0
3  5162 5159 490  192 192 0
3  5162 490 489  192 192 0
3  5163 5160 5159  192 192 0
3  5163 5159 5162  192 192 0
3  5164 5161 5160  192 192 0
3  5164 5160 5163  192 192 0
3  2093 2094 5161  192 192 0
3  2093 5161 5164  192 192 0
3  746 5165 5172  0 255 0
3  745 746 5172  0 255 0
3  5165 5166 5173  0 255 0
3  5172 5165 5173  0 255 0
3  5166 5167 5174  0 255 0
3  5173 5166 5174  0 255 0
3  5167 5168 5175  0 255 0
3  5174 5167 5175  0 255 0
3  5168 5169 5176  0 255 0
3  5175 5168 5176  0 255 0
3  5169 5170 5177  0 255 0
3  5176 5169 5177  0 255 0
3  5170 5171 5178  0 255 0
3  5177 5170 5178  0 255 0
3  5171 1103 1104  0 255 0
3  5178 5171 1104  0 255 0
3  5181 5179 2084  0 255 0
3  5181 2084 2085  0 255 0
3  5182 5180 5179  0 255 0
3  5182 5179 5181  0 255 0
3  481 480 5180  0 255 0
3  481 5180 5182  0 255 0
3  1092 5183 5190  0 0 255
3  1091 1092 5190  0 0 255
3  5183 5184 5191  0 0 255
3  5190 5183 5191  0 0 255
3  5184 5185 5192  0 0 255
3  5191 5184 5192  0 0 255
3  5185 5186 5193  0 0 255
3  5192 5185 5193  0 0 255
3  5186 5187 5194  0 0 255
3  5193 5186 5194  0 0 255
3  5187 5188 5195  0 0 255
3  5194 5187 5195  0 0 255
3  5188 5189 5196  0 0 255
3  5195 5188 5196  0 0 255
3  5189 752 753  0 0 255
3  5196 5189 753  0 0 255
3  5199 5197 476  0 0 255
3  5199 476 475  0 0 255
3  5200 5198 5197  0 0 255
3  5200 5197 5199  0 0 255
3  2079 2080 5198  0 0 255
3  2079 5198 5200  0 0 255
3  757 5201 5207  72 61 139
3  756 757 5207  72 61 139
3  5201 5202 5208  72 61 139
3  5207 5201 5208  72 61 139
3  5202 5203 5209  72 61 139
3  5208 5202 5209  72 61 139
3  5203 10361 5210  72 61 139
3  5209 5203 5210  72 61 139
3  10361 5204 5211  72 61 139
3  5210 10361 5211  72 61 139
3  5204 5205 5212  72 61 139
3  5211 5204 5212  72 61 139
3  5205 5206 5213  72 61 139
3  5212 5205 5213  72 61 139
3  5206 1081 1082  72 61 139
3  5213 5206 1082  72 61 139
3  5220 5214 10168  72 61 139
3  5220 10168 5219  72 61 139
3  5221 5215 5214  72 61 139
3  5221 5214 5220  72 61 139
3  5222 5216 5215  72 61 139
3  5222 5215 5221  72 61 139
3  5223 5217 5216  72 61 139
3  5223 5216 5222  72 61 139
3  5224 5218 5217  72 61 139
3  5224 5217 5223  72 61 139
3  5225 9930 5218  72 61 139
3  5225 5218 5224  72 61 139
3  5226 5220 5219  72 61 139
3  5226 5219 10169  72 61 139
3  5227 5221 5220  72 61 139
3  5227 5220 5226  72 61 139
3  5228 5222 5221  72 61 139
3  5228 5221 5227  72 61 139
3  5229 5223 5222  72 61 139
3  5229 5222 5228  72 61 139
3  5230 5224 5223  72 61 139
3  5230 5223 5229  72 61 139
3  9931 5225 5224  72 61 139
3  9931 5224 5230  72 61 139
3  1070 5231 5237  128 64 255
3  1069 1070 5237  128 64 255
3  5231 5232 5238  128 64 255
3  5237 5231 5238  128 64 255
3  5232 5233 5239  128 64 255
3  5238 5232 5239  128 64 255
3  5233 10362 5240  128 64 255
3  5239 5233 5240  128 64 255
3  10362 5234 5241  128 64 255
3  5240 10362 5241  128 64 255
3  5234 5235 5242  128 64 255
3  5241 5234 5242  128 64 255
3  5235 5236 5243  128 64 255
3  5242 5235 5243  128 64 255
3  5236 763 764  128 64 255
3  5243 5236 764  128 64 255
3  5246 5244 458  128 64 255
3  5246 458 457  128 64 255
3  5247 5245 5244  128 64 255
3  5247 5244 5246  128 64 255
3  2061 2062 5245  128 64 255
3  2061 5245 5247  128 64 255
3  768 5248 5254  224 255 255
3  767 768 5254  224 255 255
3  5248 5249 5255  224 255 255
3  5254 5248 5255  224 255 255
3  5249 5250 5256  224 255 255
3  5255 5249 5256  224 255 255
3  5250 10363 5257  224 255 255
3  5256 5250 5257  224 255 255
3  10363 5251 5258  224 255 255
3  5257 10363 5258  224 255 255
3  5251 5252 5259  224 255 255
3  5258 5251 5259  224 255 255
3  5252 5253 5260  224 255 255
3  5259 5252 5260  224 255 255
3  5253 1063 1064  224 255 255
3  5260 5253 1064  224 255 255
3  5263 5261 2053  224 255 255
3  5263 2053 2054  224 255 255
3  5264 5262 5261  224 255 255
3  5264 5261 5263  224 255 255
3  450 449 5262  224 255 255
3  450 5262 5264  224 255 255
3  1049 5265 5271  255 64 64
3  1048 1049 5271  255 64 64
3  5265 5266 5272  255 64 64
3  5271 5265 5272  255 64 64
3  5266 5267 5273  255 64 64
3  5272 5266 5273  255 64 64
3  5267 10364 10358  255 64 64
3  5273 5267 10358  255 64 64
3  10364 5268 5274  255 64 64
3  10358 10364 5274  255 64 64
3  5268 5269 5275  255 64 64
3  5274 5268 5275  255 64 64
3  5269 5270 5276  255 64 64
3  5275 5269 5276  255 64 64
3  5270 775 776  255 64 64
3  5276 5270 776  255 64 64
3  5283 5277 9925  255 64 64
3  5283 9925 5282  255 64 64
3  5284 5278 5277  255 64 64
3  5284 5277 5283  255 64 64
3  5285 5279 5278  255 64 64
3  5285 5278 5284  255 64 64
3  5286 5280 5279  255 64 64
3  5286 5279 5285  255 64 64
3  5287 5281 5280  255 64 64
3  5287 5280 5286  255 64 64
3  5288 10163 5281  255 64 64
3  5288 5281 5287  255 64 64
3  5289 5283 5282  255 64 64
3  5289 5282 9924  255 64 64
3  5290 5284 5283  255 64 64
3  5290 5283 5289  255 64 64
3  5291 5285 5284  255 64 64
3  5291 5284 5290  255 64 64
3  5292 5286 5285  255 64 64
3  5292 5285 5291  255 64 64
3  5293 5287 5286  255 64 64
3  5293 5286 5292  255 64 64
3  10162 5288 5287  255 64 64
3  10162 5287 5293  255 64 64
3  1047 779 780  255 228 196
3  1046 1047 780  255 228 196
3  5305 5294 9988  255 128 0
3  5305 9988 5304  255 128 0
3  5306 5295 5294  255 128 0
3  5306 5294 5305  255 128 0
3  5307 5296 5295  255 128 0
3  5307 5295 5306  255 128 0
3  5308 5297 5296  255 128 0
3  5308 5296 5307  255 128 0
3  5309 5298 5297  255 128 0
3  5309 5297 5308  255 128 0
3  5310 10307 5298  255 128 0
3  5310 5298 5309  255 128 0
3  5311 5299 10307  255 128 0
3  5311 10307 5310  255 128 0
3  5312 5300 5299  255 128 0
3  5312 5299 5311  255 128 0
3  5313 5301 5300  255 128 0
3  5313 5300 5312  255 128 0
3  5314 5302 5301  255 128 0
3  5314 5301 5313  255 128 0
3  5315 5303 5302  255 128 0
3  5315 5302 5314  255 128 0
3  5316 9969 5303  255 128 0
3  5316 5303 5315  255 128 0
3  5317 5305 5304  255 128 0
3  5317 5304 9987  255 128 0
3  5318 5306 5305  255 128 0
3  5318 5305 5317  255 128 0
3  5319 5307 5306  255 128 0
3  5319 5306 5318  255 128 0
3  5320 5308 5307  255 128 0
3  5320 5307 5319  255 128 0
3  5321 5309 5308  255 128 0
3  5321 5308 5320  255 128 0
3  5322 5310 5309  255 128 0
3  5322 5309 5321  255 128 0
3  5323 5311 5310  255 128 0
3  5323 5310 5322  255 128 0
3  5324 5312 5311  255 128 0
3  5324 5311 5323  255 128 0
3  5325 5313 5312  255 128 0
3  5325 5312 5324  255 128 0
3  5326 5314 5313  255 128 0
3  5326 5313 5325  255 128 0
3  5327 5315 5314  255 128 0
3  5327 5314 5326  255 128 0
3  9970 5316 5315  255 128 0
3  9970 5315 5327  255 128 0
3  788 5328 5333  0 255 255
3  787 788 5333  0 255 255
3  5328 5329 5334  0 255 255
3  5333 5328 5334  0 255 255
3  5329 5330 5335  0 255 255
3  5334 5329 5335  0 255 255
3  5330 5331 5336  0 255 255
3  5335 5330 5336  0 255 255
3  5331 5332 5337  0 255 255
3  5336 5331 5337  0 255 255
3  5332 1035 1036  0 255 255
3  5337 5332 1036  0 255 255
3  10020 10019 10196  255 64 128
3  10020 10196 10198  255 64 128
3  2489 5338 5342  255 64 128
3  2488 2489 5342  255 64 128
3  5338 5339 5343  255 64 128
3  5342 5338 5343  255 64 128
3  5339 5340 5344  255 64 128
3  5343 5339 5344  255 64 128
3  5340 5341 5345  255 64 128
3  5344 5340 5345  255 64 128
3  5341 1251 1252  255 64 128
3  5345 5341 1252  255 64 128
3  2492 5346 5350  255 64 128
3  2491 2492 5350  255 64 128
3  5346 5347 5351  255 64 128
3  5350 5346 5351  255 64 128
3  5347 5348 5352  255 64 128
3  5351 5347 5352  255 64 128
3  5348 5349 5353  255 64 128
3  5352 5348 5353  255 64 128
3  5349 1246 1247  255 64 128
3  5353 5349 1247  255 64 128
3  1254 5354 5358  0 192 192
3  1253 1254 5358  0 192 192
3  5354 5355 5359  0 192 192
3  5358 5354 5359  0 192 192
3  5355 5356 5360  0 192 192
3  5359 5355 5360  0 192 192
3  5356 5357 5361  0 192 192
3  5360 5356 5361  0 192 192
3  5357 10249 5362  0 192 192
3  5361 5357 5362  0 192 192
3  1253 5358 5345  0 192 192
3  1252 1253 5345  0 192 192
3  5358 5359 5344  0 192 192
3  5345 5358 5344  0 192 192
3  5359 5360 5343  0 192 192
3  5344 5359 5343  0 192 192
3  5360 5361 5342  0 192 192
3  5343 5360 5342  0 192 192
3  5361 5362 2488  0 192 192
3  5342 5361 2488  0 192 192
3  5378 5363 10030  0 192 192
3  5378 10030 5377  0 192 192
3  5379 5364 5363  0 192 192
3  5379 5363 5378  0 192 192
3  5380 5365 5364  0 192 192
3  5380 5364 5379  0 192 192
3  5381 5366 5365  0 192 192
3  5381 5365 5380  0 192 192
3  5382 5367 5366  0 192 192
3  5382 5366 5381  0 192 192
3  5383 5368 5367  0 192 192
3  5383 5367 5382  0 192 192
3  5384 5369 5368  0 192 192
3  5384 5368 5383  0 192 192
3  5385 5370 5369  0 192 192
3  5385 5369 5384  0 192 192
3  5386 5371 5370  0 192 192
3  5386 5370 5385  0 192 192
3  5387 5372 5371  0 192 192
3  5387 5371 5386  0 192 192
3  5388 5373 5372  0 192 192
3  5388 5372 5387  0 192 192
3  5389 5374 5373  0 192 192
3  5389 5373 5388  0 192 192
3  5390 5375 5374  0 192 192
3  5390 5374 5389  0 192 192
3  5391 5376 5375  0 192 192
3  5391 5375 5390  0 192 192
3  5392 10227 5376  0 192 192
3  5392 5376 5391  0 192 192
3  5393 5378 5377  0 192 192
3  5393 5377 10029  0 192 192
3  5394 5379 5378  0 192 192
3  5394 5378 5393  0 192 192
3  5395 5380 5379  0 192 192
3  5395 5379 5394  0 192 192
3  5396 5381 5380  0 192 192
3  5396 5380 5395  0 192 192
3  5397 5382 5381  0 192 192
3  5397 5381 5396  0 192 192
3  5398 5383 5382  0 192 192
3  5398 5382 5397  0 192 192
3  5399 5384 5383  0 192 192
3  5399 5383 5398  0 192 192
3  5400 5385 5384  0 192 192
3  5400 5384 5399  0 192 192
3  5401 5386 5385  0 192 192
3  5401 5385 5400  0 192 192
3  5402 5387 5386  0 192 192
3  5402 5386 5401  0 192 192
3  5403 5388 5387  0 192 192
3  5403 5387 5402  0 192 192
3  5404 5389 5388  0 192 192
3  5404 5388 5403  0 192 192
3  5405 5390 5389  0 192 192
3  5405 5389 5404  0 192 192
3  5406 5391 5390  0 192 192
3  5406 5390 5405  0 192 192
3  10228 5392 5391  0 192 192
3  10228 5391 5406  0 192 192
3  10230 10229 10255  0 192 192
3  10230 10255 10253  0 192 192
3  5422 5407 10022  0 192 192
3  5422 10022 5421  0 192 192
3  5423 5408 5407  0 192 192
3  5423 5407 5422  0 192 192
3  5424 5409 5408  0 192 192
3  5424 5408 5423  0 192 192
3  5425 5410 5409  0 192 192
3  5425 5409 5424  0 192 192
3  5426 5411 5410  0 192 192
3  5426 5410 5425  0 192 192
3  5427 5412 5411  0 192 192
3  5427 5411 5426  0 192 192
3  5428 5413 5412  0 192 192
3  5428 5412 5427  0 192 192
3  5429 5414 5413  0 192 192
3  5429 5413 5428  0 192 192
3  5430 5415 5414  0 192 192
3  5430 5414 5429  0 192 192
3  5431 5416 5415  0 192 192
3  5431 5415 5430  0 192 192
3  5432 5417 5416  0 192 192
3  5432 5416 5431  0 192 192
3  5433 5418 5417  0 192 192
3  5433 5417 5432  0 192 192
3  5434 5419 5418  0 192 192
3  5434 5418 5433  0 192 192
3  5435 5420 5419  0 192 192
3  5435 5419 5434  0 192 192
3  5436 10231 5420  0 192 192
3  5436 5420 5435  0 192 192
3  5437 5422 5421  0 192 192
3  5437 5421 10021  0 192 192
3  5438 5423 5422  0 192 192
3  5438 5422 5437  0 192 192
3  5439 5424 5423  0 192 192
3  5439 5423 5438  0 192 192
3  5440 5425 5424  0 192 192
3  5440 5424 5439  0 192 192
3  5441 5426 5425  0 192 192
3  5441 5425 5440  0 192 192
3  5442 5427 5426  0 192 192
3  5442 5426 5441  0 192 192
3  5443 5428 5427  0 192 192
3  5443 5427 5442  0 192 192
3  5444 5429 5428  0 192 192
3  5444 5428 5443  0 192 192
3  5445 5430 5429  0 192 192
3  5445 5429 5444  0 192 192
3  5446 5431 5430  0 192 192
3  5446 5430 5445  0 192 192
3  5447 5432 5431  0 192 192
3  5447 5431 5446  0 192 192
3  5448 5433 5432  0 192 192
3  5448 5432 5447  0 192 192
3  5449 5434 5433  0 192 192
3  5449 5433 5448  0 192 192
3  5450 5435 5434  0 192 192
3  5450 5434 5449  0 192 192
3  10232 5436 5435  0 192 192
3  10232 5435 5450  0 192 192
3  10032 5451 5452  0 192 192
3  10031 10032 5452  0 192 192
3  5451 2619 2620  0 192 192
3  5452 5451 2620  0 192 192
3  2280 2489 2490  255 64 128
3  2279 2280 2490  255 64 128
3  2284 2617 2618  255 64 128
3  2283 2284 2618  255 64 128
3  2481 2278 2279  255 20 147
3  2490 2481 2279  255 20 147
3  2500 2276 2277  255 20 147
3  2499 2500 2277  255 20 147
3  2471 2277 2278  255 20 147
3  2456 2471 2278  255 20 147
3  2493 5453 5455  245 222 179
3  2492 2493 5455  245 222 179
3  5453 5454 5456  245 222 179
3  5455 5453 5456  245 222 179
3  5454 10017 10018  245 222 179
3  5456 5454 10018  245 222 179
3  2611 5457 5458  245 222 179
3  2610 2611 5458  245 222 179
3  5457 10037 10038  245 222 179
3  5458 5457 10038  245 222 179
3  2342 5459 5466  245 222 179
3  2341 2342 5466  245 222 179
3  5459 5460 5467  245 222 179
3  5466 5459 5467  245 222 179
3  5460 5461 5468  245 222 179
3  5467 5460 5468  245 222 179
3  5461 5462 5469  245 222 179
3  5468 5461 5469  245 222 179
3  5462 5463 5470  245 222 179
3  5469 5462 5470  245 222 179
3  5463 5464 5471  245 222 179
3  5470 5463 5471  245 222 179
3  5464 5465 5472  245 222 179
3  5471 5464 5472  245 222 179
3  5465 1243 1244  245 222 179
3  5472 5465 1244  245 222 179
3  2344 5473 5474  245 222 179
3  2343 2344 5474  245 222 179
3  5473 10273 10275  245 222 179
3  5474 5473 10275  245 222 179
3  2343 5474 5475  245 222 179
3  2342 2343 5475  245 222 179
3  5474 10275 10261  245 222 179
3  5475 5474 10261  245 222 179
3  2345 5476 5483  245 222 179
3  2344 2345 5483  245 222 179
3  5476 5477 5484  245 222 179
3  5483 5476 5484  245 222 179
3  5477 5478 5485  245 222 179
3  5484 5477 5485  245 222 179
3  5478 5479 5486  245 222 179
3  5485 5478 5486  245 222 179
3  5479 5480 5487  245 222 179
3  5486 5479 5487  245 222 179
3  5480 5481 5488  245 222 179
3  5487 5480 5488  245 222 179
3  5481 5482 5489  245 222 179
3  5488 5481 5489  245 222 179
3  5482 1292 1293  245 222 179
3  5489 5482 1293  245 222 179
3  10250 10197 5491  128 128 255
3  5490 10250 5491  128 128 255
3  5490 5491 2276  128 128 255
3  2500 5490 2276  128 128 255
3  2613 2289 2293  128 128 255
3  2612 2613 2293  128 128 255
3  9945 5492 5493  64 255 128
3  9943 9945 5493  64 255 128
3  5492 1226 1227  64 255 128
3  5493 5492 1227  64 255 128
3  587 5494 5496  64 255 128
3  586 587 5496  64 255 128
3  5494 5495 5497  64 255 128
3  5496 5494 5497  64 255 128
3  5495 10014 5498  64 255 128
3  5497 5495 5498  64 255 128
3  586 5496 5499  64 255 128
3  585 586 5499  64 255 128
3  5496 5497 5500  64 255 128
3  5499 5496 5500  64 255 128
3  5497 5498 10016  64 255 128
3  5500 5497 10016  64 255 128
3  10012 10011 9944  64 64 255
3  10012 9944 9942  64 64 255
3  9942 9941 10013  64 255 255
3  9942 10013 10012  64 255 255
3  9940 9939 10015  255 64 64
3  9940 10015 5501  255 64 64
3  9941 9940 5501  255 64 64
3  9941 5501 10013  255 64 64
3  1241 5502 5520  255 228 196
3  1240 1241 5520  255 228 196
3  5502 5503 5521  255 228 196
3  5520 5502 5521  255 228 196
3  5503 5504 5522  255 228 196
3  5521 5503 5522  255 228 196
3  5504 5505 5523  255 228 196
3  5522 5504 5523  255 228 196
3  5505 5506 5524  255 228 196
3  5523 5505 5524  255 228 196
3  5506 5507 5525  255 228 196
3  5524 5506 5525  255 228 196
3  5507 5508 5526  255 228 196
3  5525 5507 5526  255 228 196
3  5508 5509 5527  255 228 196
3  5526 5508 5527  255 228 196
3  5509 5510 5528  255 228 196
3  5527 5509 5528  255 228 196
3  5510 10357 5529  255 228 196
3  5528 5510 5529  255 228 196
3  10357 5511 5530  255 228 196
3  5529 10357 5530  255 228 196
3  5511 5512 5531  255 228 196
3  5530 5511 5531  255 228 196
3  5512 5513 5532  255 228 196
3  5531 5512 5532  255 228 196
3  5513 5514 5533  255 228 196
3  5532 5513 5533  255 228 196
3  5514 5515 5534  255 228 196
3  5533 5514 5534  255 228 196
3  5515 5516 5535  255 228 196
3  5534 5515 5535  255 228 196
3  5516 5517 5536  255 228 196
3  5535 5516 5536  255 228 196
3  5517 5518 5537  255 228 196
3  5536 5517 5537  255 228 196
3  5518 5519 5538  255 228 196
3  5537 5518 5538  255 228 196
3  5519 1190 1191  255 228 196
3  5538 5519 1191  255 228 196
3  5541 5539 2167  255 255 0
3  5541 2167 2168  255 255 0
3  5542 5540 5539  255 255 0
3  5542 5539 5541  255 255 0
3  564 563 5540  255 255 0
3  564 5540 5542  255 255 0
3  1258 5543 5559  255 228 196
3  1257 1258 5559  255 228 196
3  5543 5544 5560  255 228 196
3  5559 5543 5560  255 228 196
3  5544 5545 10323  255 228 196
3  5560 5544 10323  255 228 196
3  5545 5546 5561  255 228 196
3  10323 5545 5561  255 228 196
3  5546 5547 5562  255 228 196
3  5561 5546 5562  255 228 196
3  5547 5548 10322  255 228 196
3  5562 5547 10322  255 228 196
3  5548 5549 5563  255 228 196
3  10322 5548 5563  255 228 196
3  5549 5550 5564  255 228 196
3  5563 5549 5564  255 228 196
3  5550 10308 10321  255 228 196
3  5564 5550 10321  255 228 196
3  10308 5551 5565  255 228 196
3  10321 10308 5565  255 228 196
3  5551 5552 5566  255 228 196
3  5565 5551 5566  255 228 196
3  5552 5553 10320  255 228 196
3  5566 5552 10320  255 228 196
3  5553 5554 5567  255 228 196
3  10320 5553 5567  255 228 196
3  5554 5555 5568  255 228 196
3  5567 5554 5568  255 228 196
3  5555 5556 10319  255 228 196
3  5568 5555 10319  255 228 196
3  5556 5557 5569  255 228 196
3  10319 5556 5569  255 228 196
3  5557 5558 5570  255 228 196
3  5569 5557 5570  255 228 196
3  5558 949 996  255 228 196
3  5570 5558 996  255 228 196
3  5572 9879 9972  64 255 128
3  5572 9972 5571  64 255 128
3  9880 5572 5571  64 255 128
3  9880 5571 9978  64 255 128
3  1267 5573 5574  255 0 255
3  1266 1267 5574  255 0 255
3  5573 9958 9960  255 0 255
3  5574 5573 9960  255 0 255
3  1277 5575 5576  255 0 255
3  1276 1277 5576  255 0 255
3  5575 9952 9953  255 0 255
3  5576 5575 9953  255 0 255
3  9959 9957 10024  255 64 64
3  9959 10024 10023  255 64 64
3  5577 10024 9957  64 255 128
3  5577 9957 9956  64 255 128
3  10025 5577 9956  64 255 128
3  10025 9956 9955  64 255 128
3  10026 10025 9955  64 64 255
3  10026 9955 9954  64 64 255
3  5613 5578 9986  64 64 255
3  5613 9986 5612  64 64 255
3  5614 5579 5578  64 64 255
3  5614 5578 5613  64 64 255
3  5615 5580 5579  64 64 255
3  5615 5579 5614  64 64 255
3  5616 5581 5580  64 64 255
3  5616 5580 5615  64 64 255
3  5617 5582 5581  64 64 255
3  5617 5581 5616  64 64 255
3  5618 5583 5582  64 64 255
3  5618 5582 5617  64 64 255
3  5619 5584 5583  64 64 255
3  5619 5583 5618  64 64 255
3  5620 5585 5584  64 64 255
3  5620 5584 5619  64 64 255
3  5621 5586 5585  64 64 255
3  5621 5585 5620  64 64 255
3  5622 5587 5586  64 64 255
3  5622 5586 5621  64 64 255
3  5623 5588 5587  64 64 255
3  5623 5587 5622  64 64 255
3  5624 5589 5588  64 64 255
3  5624 5588 5623  64 64 255
3  5625 5590 5589  64 64 255
3  5625 5589 5624  64 64 255
3  5626 5591 5590  64 64 255
3  5626 5590 5625  64 64 255
3  5627 5592 5591  64 64 255
3  5627 5591 5626  64 64 255
3  5628 5593 5592  64 64 255
3  5628 5592 5627  64 64 255
3  5629 5594 5593  64 64 255
3  5629 5593 5628  64 64 255
3  5630 5595 5594  64 64 255
3  5630 5594 5629  64 64 255
3  5631 5596 5595  64 64 255
3  5631 5595 5630  64 64 255
3  5632 5597 5596  64 64 255
3  5632 5596 5631  64 64 255
3  5633 5598 5597  64 64 255
3  5633 5597 5632  64 64 255
3  5634 5599 5598  64 64 255
3  5634 5598 5633  64 64 255
3  5635 5600 5599  64 64 255
3  5635 5599 5634  64 64 255
3  5636 5601 5600  64 64 255
3  5636 5600 5635  64 64 255
3  5637 5602 5601  64 64 255
3  5637 5601 5636  64 64 255
3  5638 5603 5602  64 64 255
3  5638 5602 5637  64 64 255
3  5639 5604 5603  64 64 255
3  5639 5603 5638  64 64 255
3  5640 5605 5604  64 64 255
3  5640 5604 5639  64 64 255
3  5641 5606 5605  64 64 255
3  5641 5605 5640  64 64 255
3  5642 5607 5606  64 64 255
3  5642 5606 5641  64 64 255
3  5643 5608 5607  64 64 255
3  5643 5607 5642  64 64 255
3  5644 5609 5608  64 64 255
3  5644 5608 5643  64 64 255
3  5645 5610 5609  64 64 255
3  5645 5609 5644  64 64 255
3  5646 5611 5610  64 64 255
3  5646 5610 5645  64 64 255
3  5647 10027 5611  64 64 255
3  5647 5611 5646  64 64 255
3  5648 5613 5612  64 64 255
3  5648 5612 9985  64 64 255
3  5649 5614 5613  64 64 255
3  5649 5613 5648  64 64 255
3  5650 5615 5614  64 64 255
3  5650 5614 5649  64 64 255
3  5651 5616 5615  64 64 255
3  5651 5615 5650  64 64 255
3  5652 5617 5616  64 64 255
3  5652 5616 5651  64 64 255
3  5653 5618 5617  64 64 255
3  5653 5617 5652  64 64 255
3  10324 5619 5618  64 64 255
3  10324 5618 5653  64 64 255
3  5654 5620 5619  64 64 255
3  5654 5619 10324  64 64 255
3  5655 5621 5620  64 64 255
3  5655 5620 5654  64 64 255
3  5656 5622 5621  64 64 255
3  5656 5621 5655  64 64 255
3  5657 5623 5622  64 64 255
3  5657 5622 5656  64 64 255
3  5658 5624 5623  64 64 255
3  5658 5623 5657  64 64 255
3  5659 5625 5624  64 64 255
3  5659 5624 5658  64 64 255
3  10325 5626 5625  64 64 255
3  10325 5625 5659  64 64 255
3  5660 5627 5626  64 64 255
3  5660 5626 10325  64 64 255
3  5661 5628 5627  64 64 255
3  5661 5627 5660  64 64 255
3  5662 5629 5628  64 64 255
3  5662 5628 5661  64 64 255
3  5663 5630 5629  64 64 255
3  5663 5629 5662  64 64 255
3  5664 5631 5630  64 64 255
3  5664 5630 5663  64 64 255
3  5665 5632 5631  64 64 255
3  5665 5631 5664  64 64 255
3  10326 5633 5632  64 64 255
3  10326 5632 5665  64 64 255
3  5666 5634 5633  64 64 255
3  5666 5633 10326  64 64 255
3  5667 5635 5634  64 64 255
3  5667 5634 5666  64 64 255
3  5668 5636 5635  64 64 255
3  5668 5635 5667  64 64 255
3  5669 5637 5636  64 64 255
3  5669 5636 5668  64 64 255
3  5670 5638 5637  64 64 255
3  5670 5637 5669  64 64 255
3  5671 5639 5638  64 64 255
3  5671 5638 5670  64 64 255
3  10327 5640 5639  64 64 255
3  10327 5639 5671  64 64 255
3  5672 5641 5640  64 64 255
3  5672 5640 10327  64 64 255
3  5673 5642 5641  64 64 255
3  5673 5641 5672  64 64 255
3  5674 5643 5642  64 64 255
3  5674 5642 5673  64 64 255
3  5675 5644 5643  64 64 255
3  5675 5643 5674  64 64 255
3  5676 5645 5644  64 64 255
3  5676 5644 5675  64 64 255
3  5677 5646 5645  64 64 255
3  5677 5645 5676  64 64 255
3  10028 5647 5646  64 64 255
3  10028 5646 5677  64 64 255
3  5718 5678 9999  255 128 128
3  5718 9999 5717  255 128 128
3  5719 5679 5678  255 128 128
3  5719 5678 5718  255 128 128
3  5720 5680 5679  255 128 128
3  5720 5679 5719  255 128 128
3  5721 5681 5680  255 128 128
3  5721 5680 5720  255 128 128
3  5722 5682 5681  255 128 128
3  5722 5681 5721  255 128 128
3  5723 5683 5682  255 128 128
3  5723 5682 5722  255 128 128
3  5724 5684 5683  255 128 128
3  5724 5683 5723  255 128 128
3  5725 5685 5684  255 128 128
3  5725 5684 5724  255 128 128
3  5726 5686 5685  255 128 128
3  5726 5685 5725  255 128 128
3  5727 5687 5686  255 128 128
3  5727 5686 5726  255 128 128
3  5728 5688 5687  255 128 128
3  5728 5687 5727  255 128 128
3  5729 5689 5688  255 128 128
3  5729 5688 5728  255 128 128
3  5730 5690 5689  255 128 128
3  5730 5689 5729  255 128 128
3  5731 5691 5690  255 128 128
3  5731 5690 5730  255 128 128
3  5732 5692 5691  255 128 128
3  5732 5691 5731  255 128 128
3  5733 5693 5692  255 128 128
3  5733 5692 5732  255 128 128
3  5734 5694 5693  255 128 128
3  5734 5693 5733  255 128 128
3  5735 5695 5694  255 128 128
3  5735 5694 5734  255 128 128
3  5736 5696 5695  255 128 128
3  5736 5695 5735  255 128 128
3  5737 5697 5696  255 128 128
3  5737 5696 5736  255 128 128
3  5738 5698 5697  255 128 128
3  5738 5697 5737  255 128 128
3  5739 5699 5698  255 128 128
3  5739 5698 5738  255 128 128
3  5740 5700 5699  255 128 128
3  5740 5699 5739  255 128 128
3  5741 5701 5700  255 128 128
3  5741 5700 5740  255 128 128
3  5742 5702 5701  255 128 128
3  5742 5701 5741  255 128 128
3  5743 5703 5702  255 128 128
3  5743 5702 5742  255 128 128
3  5744 5704 5703  255 128 128
3  5744 5703 5743  255 128 128
3  5745 5705 5704  255 128 128
3  5745 5704 5744  255 128 128
3  5746 5706 5705  255 128 128
3  5746 5705 5745  255 128 128
3  5747 5707 5706  255 128 128
3  5747 5706 5746  255 128 128
3  5748 5708 5707  255 128 128
3  5748 5707 5747  255 128 128
3  5749 5709 5708  255 128 128
3  5749 5708 5748  255 128 128
3  5750 5710 5709  255 128 128
3  5750 5709 5749  255 128 128
3  5751 5711 5710  255 128 128
3  5751 5710 5750  255 128 128
3  5752 5712 5711  255 128 128
3  5752 5711 5751  255 128 128
3  5753 5713 5712  255 128 128
3  5753 5712 5752  255 128 128
3  5754 5714 5713  255 128 128
3  5754 5713 5753  255 128 128
3  5755 5715 5714  255 128 128
3  5755 5714 5754  255 128 128
3  5756 5716 5715  255 128 128
3  5756 5715 5755  255 128 128
3  5757 10041 5716  255 128 128
3  5757 5716 5756  255 128 128
3  5758 5718 5717  255 128 128
3  5758 5717 9997  255 128 128
3  5759 5719 5718  255 128 128
3  5759 5718 5758  255 128 128
3  5760 5720 5719  255 128 128
3  5760 5719 5759  255 128 128
3  10356 5721 5720  255 128 128
3  10356 5720 5760  255 128 128
3  5761 5722 5721  255 128 128
3  5761 5721 10356  255 128 128
3  5762 5723 5722  255 128 128
3  5762 5722 5761  255 128 128
3  5763 5724 5723  255 128 128
3  5763 5723 5762  255 128 128
3  10355 5725 5724  255 128 128
3  10355 5724 5763  255 128 128
3  5764 5726 5725  255 128 128
3  5764 5725 10355  255 128 128
3  5765 5727 5726  255 128 128
3  5765 5726 5764  255 128 128
3  5766 5728 5727  255 128 128
3  5766 5727 5765  255 128 128
3  10354 5729 5728  255 128 128
3  10354 5728 5766  255 128 128
3  5767 5730 5729  255 128 128
3  5767 5729 10354  255 128 128
3  5768 5731 5730  255 128 128
3  5768 5730 5767  255 128 128
3  5769 5732 5731  255 128 128
3  5769 5731 5768  255 128 128
3  10353 5733 5732  255 128 128
3  10353 5732 5769  255 128 128
3  5770 5734 5733  255 128 128
3  5770 5733 10353  255 128 128
3  5771 5735 5734  255 128 128
3  5771 5734 5770  255 128 128
3  5772 5736 5735  255 128 128
3  5772 5735 5771  255 128 128
3  10352 5737 5736  255 128 128
3  10352 5736 5772  255 128 128
3  5773 5738 5737  255 128 128
3  5773 5737 10352  255 128 128
3  5774 5739 5738  255 128 128
3  5774 5738 5773  255 128 128
3  5775 5740 5739  255 128 128
3  5775 5739 5774  255 128 128
3  10351 5741 5740  255 128 128
3  10351 5740 5775  255 128 128
3  5776 5742 5741  255 128 128
3  5776 5741 10351  255 128 128
3  5777 5743 5742  255 128 128
3  5777 5742 5776  255 128 128
3  5778 5744 5743  255 128 128
3  5778 5743 5777  255 128 128
3  10350 5745 5744  255 128 128
3  10350 5744 5778  255 128 128
3  5779 5746 5745  255 128 128
3  5779 5745 10350  255 128 128
3  5780 5747 5746  255 128 128
3  5780 5746 5779  255 128 128
3  5781 5748 5747  255 128 128
3  5781 5747 5780  255 128 128
3  10349 5749 5748  255 128 128
3  10349 5748 5781  255 128 128
3  5782 5750 5749  255 128 128
3  5782 5749 10349  255 128 128
3  5783 5751 5750  255 128 128
3  5783 5750 5782  255 128 128
3  5784 5752 5751  255 128 128
3  5784 5751 5783  255 128 128
3  10348 5753 5752  255 128 128
3  10348 5752 5784  255 128 128
3  5785 5754 5753  255 128 128
3  5785 5753 10348  255 128 128
3  5786 5755 5754  255 128 128
3  5786 5754 5785  255 128 128
3  5787 5756 5755  255 128 128
3  5787 5755 5786  255 128 128
3  10042 5757 5756  255 128 128
3  10042 5756 5787  255 128 128
3  5790 5788 421  255 128 128
3  5790 421 420  255 128 128
3  5791 5789 5788  255 128 128
3  5791 5788 5790  255 128 128
3  2024 2025 5789  255 128 128
3  2024 5789 5791  255 128 128
3  5794 5792 521  255 128 128
3  5794 521 520  255 128 128
3  5795 5793 5792  255 128 128
3  5795 5792 5794  255 128 128
3  2124 2125 5793  255 128 128
3  2124 5793 5795  255 128 128
3  999 5796 5871  128 128 0
3  998 999 5871  128 128 0
3  5796 5797 5872  128 128 0
3  5871 5796 5872  128 128 0
3  5797 5798 5873  128 128 0
3  5872 5797 5873  128 128 0
3  5798 5799 5874  128 128 0
3  5873 5798 5874  128 128 0
3  5799 5800 5875  128 128 0
3  5874 5799 5875  128 128 0
3  5800 5801 5876  128 128 0
3  5875 5800 5876  128 128 0
3  5801 5802 5877  128 128 0
3  5876 5801 5877  128 128 0
3  5802 5803 5878  128 128 0
3  5877 5802 5878  128 128 0
3  5803 5804 5879  128 128 0
3  5878 5803 5879  128 128 0
3  5804 5805 5880  128 128 0
3  5879 5804 5880  128 128 0
3  5805 5806 5881  128 128 0
3  5880 5805 5881  128 128 0
3  5806 5807 5882  128 128 0
3  5881 5806 5882  128 128 0
3  5807 5808 5883  128 128 0
3  5882 5807 5883  128 128 0
3  5808 5809 5884  128 128 0
3  5883 5808 5884  128 128 0
3  5809 5810 5885  128 128 0
3  5884 5809 5885  128 128 0
3  5810 5811 5886  128 128 0
3  5885 5810 5886  128 128 0
3  5811 5812 5887  128 128 0
3  5886 5811 5887  128 128 0
3  5812 5813 5888  128 128 0
3  5887 5812 5888  128 128 0
3  5813 5814 5889  128 128 0
3  5888 5813 5889  128 128 0
3  5814 5815 5890  128 128 0
3  5889 5814 5890  128 128 0
3  5815 5816 5891  128 128 0
3  5890 5815 5891  128 128 0
3  5816 5817 5892  128 128 0
3  5891 5816 5892  128 128 0
3  5817 5818 5893  128 128 0
3  5892 5817 5893  128 128 0
3  5818 5819 5894  128 128 0
3  5893 5818 5894  128 128 0
3  5819 5820 5895  128 128 0
3  5894 5819 5895  128 128 0
3  5820 10311 5896  128 128 0
3  5895 5820 5896  128 128 0
3  10311 5821 5897  128 128 0
3  5896 10311 5897  128 128 0
3  5821 5822 5898  128 128 0
3  5897 5821 5898  128 128 0
3  5822 5823 5899  128 128 0
3  5898 5822 5899  128 128 0
3  5823 5824 5900  128 128 0
3  5899 5823 5900  128 128 0
3  5824 5825 5901  128 128 0
3  5900 5824 5901  128 128 0
3  5825 5826 5902  128 128 0
3  5901 5825 5902  128 128 0
3  5826 5827 5903  128 128 0
3  5902 5826 5903  128 128 0
3  5827 5828 5904  128 128 0
3  5903 5827 5904  128 128 0
3  5828 5829 5905  128 128 0
3  5904 5828 5905  128 128 0
3  5829 5830 5906  128 128 0
3  5905 5829 5906  128 128 0
3  5830 5831 5907  128 128 0
3  5906 5830 5907  128 128 0
3  5831 5832 5908  128 128 0
3  5907 5831 5908  128 128 0
3  5832 5833 5909  128 128 0
3  5908 5832 5909  128 128 0
3  5833 5834 5910  128 128 0
3  5909 5833 5910  128 128 0
3  5834 5835 5911  128 128 0
3  5910 5834 5911  128 128 0
3  5835 5836 5912  128 128 0
3  5911 5835 5912  128 128 0
3  5836 5837 5913  128 128 0
3  5912 5836 5913  128 128 0
3  5837 5838 5914  128 128 0
3  5913 5837 5914  128 128 0
3  5838 5839 5915  128 128 0
3  5914 5838 5915  128 128 0
3  5839 5840 5916  128 128 0
3  5915 5839 5916  128 128 0
3  5840 5841 5917  128 128 0
3  5916 5840 5917  128 128 0
3  5841 5842 5918  128 128 0
3  5917 5841 5918  128 128 0
3  5842 5843 5919  128 128 0
3  5918 5842 5919  128 128 0
3  5843 5844 5920  128 128 0
3  5919 5843 5920  128 128 0
3  5844 5845 5921  128 128 0
3  5920 5844 5921  128 128 0
3  5845 10312 5922  128 128 0
3  5921 5845 5922  128 128 0
3  10312 5846 5923  128 128 0
3  5922 10312 5923  128 128 0
3  5846 5847 5924  128 128 0
3  5923 5846 5924  128 128 0
3  5847 5848 5925  128 128 0
3  5924 5847 5925  128 128 0
3  5848 5849 5926  128 128 0
3  5925 5848 5926  128 128 0
3  5849 5850 5927  128 128 0
3  5926 5849 5927  128 128 0
3  5850 5851 5928  128 128 0
3  5927 5850 5928  128 128 0
3  5851 5852 5929  128 128 0
3  5928 5851 5929  128 128 0
3  5852 5853 5930  128 128 0
3  5929 5852 5930  128 128 0
3  5853 5854 5931  128 128 0
3  5930 5853 5931  128 128 0
3  5854 5855 5932  128 128 0
3  5931 5854 5932  128 128 0
3  5855 5856 5933  128 128 0
3  5932 5855 5933  128 128 0
3  5856 5857 5934  128 128 0
3  5933 5856 5934  128 128 0
3  5857 5858 5935  128 128 0
3  5934 5857 5935  128 128 0
3  5858 5859 5936  128 128 0
3  5935 5858 5936  128 128 0
3  5859 5860 5937  128 128 0
3  5936 5859 5937  128 128 0
3  5860 5861 5938  128 128 0
3  5937 5860 5938  128 128 0
3  5861 5862 5939  128 128 0
3  5938 5861 5939  128 128 0
3  5862 5863 5940  128 128 0
3  5939 5862 5940  128 128 0
3  5863 5864 5941  128 128 0
3  5940 5863 5941  128 128 0
3  5864 5865 5942  128 128 0
3  5941 5864 5942  128 128 0
3  5865 5866 5943  128 128 0
3  5942 5865 5943  128 128 0
3  5866 5867 5944  128 128 0
3  5943 5866 5944  128 128 0
3  5867 5868 5945  128 128 0
3  5944 5867 5945  128 128 0
3  5868 5869 5946  128 128 0
3  5945 5868 5946  128 128 0
3  5869 5870 5947  128 128 0
3  5946 5869 5947  128 128 0
3  5870 2551 2552  128 128 0
3  5947 5870 2552  128 128 0
3  2545 5948 6023  255 0 0
3  2544 2545 6023  255 0 0
3  5948 5949 6024  255 0 0
3  6023 5948 6024  255 0 0
3  5949 5950 6025  255 0 0
3  6024 5949 6025  255 0 0
3  5950 5951 6026  255 0 0
3  6025 5950 6026  255 0 0
3  5951 5952 6027  255 0 0
3  6026 5951 6027  255 0 0
3  5952 5953 6028  255 0 0
3  6027 5952 6028  255 0 0
3  5953 5954 6029  255 0 0
3  6028 5953 6029  255 0 0
3  5954 5955 6030  255 0 0
3  6029 5954 6030  255 0 0
3  5955 5956 6031  255 0 0
3  6030 5955 6031  255 0 0
3  5956 5957 6032  255 0 0
3  6031 5956 6032  255 0 0
3  5957 5958 6033  255 0 0
3  6032 5957 6033  255 0 0
3  5958 5959 6034  255 0 0
3  6033 5958 6034  255 0 0
3  5959 5960 6035  255 0 0
3  6034 5959 6035  255 0 0
3  5960 5961 6036  255 0 0
3  6035 5960 6036  255 0 0
3  5961 5962 6037  255 0 0
3  6036 5961 6037  255 0 0
3  5962 5963 6038  255 0 0
3  6037 5962 6038  255 0 0
3  5963 5964 6039  255 0 0
3  6038 5963 6039  255 0 0
3  5964 5965 6040  255 0 0
3  6039 5964 6040  255 0 0
3  5965 5966 6041  255 0 0
3  6040 5965 6041  255 0 0
3  5966 5967 6042  255 0 0
3  6041 5966 6042  255 0 0
3  5967 5968 6043  255 0 0
3  6042 5967 6043  255 0 0
3  5968 5969 6044  255 0 0
3  6043 5968 6044  255 0 0
3  5969 5970 6045  255 0 0
3  6044 5969 6045  255 0 0
3  5970 5971 6046  255 0 0
3  6045 5970 6046  255 0 0
3  5971 5972 6047  255 0 0
3  6046 5971 6047  255 0 0
3  5972 10310 6048  255 0 0
3  6047 5972 6048  255 0 0
3  10310 5973 6049  255 0 0
3  6048 10310 6049  255 0 0
3  5973 5974 6050  255 0 0
3  6049 5973 6050  255 0 0
3  5974 5975 6051  255 0 0
3  6050 5974 6051  255 0 0
3  5975 5976 6052  255 0 0
3  6051 5975 6052  255 0 0
3  5976 5977 6053  255 0 0
3  6052 5976 6053  255 0 0
3  5977 5978 6054  255 0 0
3  6053 5977 6054  255 0 0
3  5978 5979 6055  255 0 0
3  6054 5978 6055  255 0 0
3  5979 5980 6056  255 0 0
3  6055 5979 6056  255 0 0
3  5980 5981 6057  255 0 0
3  6056 5980 6057  255 0 0
3  5981 5982 6058  255 0 0
3  6057 5981 6058  255 0 0
3  5982 5983 6059  255 0 0
3  6058 5982 6059  255 0 0
3  5983 5984 6060  255 0 0
3  6059 5983 6060  255 0 0
3  5984 5985 6061  255 0 0
3  6060 5984 6061  255 0 0
3  5985 5986 6062  255 0 0
3  6061 5985 6062  255 0 0
3  5986 5987 6063  255 0 0
3  6062 5986 6063  255 0 0
3  5987 5988 6064  255 0 0
3  6063 5987 6064  255 0 0
3  5988 5989 6065  255 0 0
3  6064 5988 6065  255 0 0
3  5989 5990 6066  255 0 0
3  6065 5989 6066  255 0 0
3  5990 5991 6067  255 0 0
3  6066 5990 6067  255 0 0
3  5991 5992 6068  255 0 0
3  6067 5991 6068  255 0 0
3  5992 5993 6069  255 0 0
3  6068 5992 6069  255 0 0
3  5993 5994 6070  255 0 0
3  6069 5993 6070  255 0 0
3  5994 5995 6071  255 0 0
3  6070 5994 6071  255 0 0
3  5995 5996 6072  255 0 0
3  6071 5995 6072  255 0 0
3  5996 5997 6073  255 0 0
3  6072 5996 6073  255 0 0
3  5997 10309 6074  255 0 0
3  6073 5997 6074  255 0 0
3  10309 5998 6075  255 0 0
3  6074 10309 6075  255 0 0
3  5998 5999 6076  255 0 0
3  6075 5998 6076  255 0 0
3  5999 6000 6077  255 0 0
3  6076 5999 6077  255 0 0
3  6000 6001 6078  255 0 0
3  6077 6000 6078  255 0 0
3  6001 6002 6079  255 0 0
3  6078 6001 6079  255 0 0
3  6002 6003 6080  255 0 0
3  6079 6002 6080  255 0 0
3  6003 6004 6081  255 0 0
3  6080 6003 6081  255 0 0
3  6004 6005 6082  255 0 0
3  6081 6004 6082  255 0 0
3  6005 6006 6083  255 0 0
3  6082 6005 6083  255 0 0
3  6006 6007 6084  255 0 0
3  6083 6006 6084  255 0 0
3  6007 6008 6085  255 0 0
3  6084 6007 6085  255 0 0
3  6008 6009 6086  255 0 0
3  6085 6008 6086  255 0 0
3  6009 6010 6087  255 0 0
3  6086 6009 6087  255 0 0
3  6010 6011 6088  255 0 0
3  6087 6010 6088  255 0 0
3  6011 6012 6089  255 0 0
3  6088 6011 6089  255 0 0
3  6012 6013 6090  255 0 0
3  6089 6012 6090  255 0 0
3  6013 6014 6091  255 0 0
3  6090 6013 6091  255 0 0
3  6014 6015 6092  255 0 0
3  6091 6014 6092  255 0 0
3  6015 6016 6093  255 0 0
3  6092 6015 6093  255 0 0
3  6016 6017 6094  255 0 0
3  6093 6016 6094  255 0 0
3  6017 6018 6095  255 0 0
3  6094 6017 6095  255 0 0
3  6018 6019 6096  255 0 0
3  6095 6018 6096  255 0 0
3  6019 6020 6097  255 0 0
3  6096 6019 6097  255 0 0
3  6020 6021 6098  255 0 0
3  6097 6020 6098  255 0 0
3  6021 6022 6099  255 0 0
3  6098 6021 6099  255 0 0
3  6022 1000 1001  255 0 0
3  6099 6022 1001  255 0 0
3  1005 6100 6177  255 255 64
3  1004 1005 6177  255 255 64
3  6100 6101 6178  255 255 64
3  6177 6100 6178  255 255 64
3  6101 6102 6179  255 255 64
3  6178 6101 6179  255 255 64
3  6102 6103 6180  255 255 64
3  6179 6102 6180  255 255 64
3  6103 6104 6181  255 255 64
3  6180 6103 6181  255 255 64
3  6104 6105 6182  255 255 64
3  6181 6104 6182  255 255 64
3  6105 6106 6183  255 255 64
3  6182 6105 6183  255 255 64
3  6106 6107 6184  255 255 64
3  6183 6106 6184  255 255 64
3  6107 6108 6185  255 255 64
3  6184 6107 6185  255 255 64
3  6108 6109 6186  255 255 64
3  6185 6108 6186  255 255 64
3  6109 6110 6187  255 255 64
3  6186 6109 6187  255 255 64
3  6110 6111 6188  255 255 64
3  6187 6110 6188  255 255 64
3  6111 6112 6189  255 255 64
3  6188 6111 6189  255 255 64
3  6112 6113 6190  255 255 64
3  6189 6112 6190  255 255 64
3  6113 6114 6191  255 255 64
3  6190 6113 6191  255 255 64
3  6114 6115 6192  255 255 64
3  6191 6114 6192  255 255 64
3  6115 6116 6193  255 255 64
3  6192 6115 6193  255 255 64
3  6116 6117 6194  255 255 64
3  6193 6116 6194  255 255 64
3  6117 6118 6195  255 255 64
3  6194 6117 6195  255 255 64
3  6118 6119 6196  255 255 64
3  6195 6118 6196  255 255 64
3  6119 6120 6197  255 255 64
3  6196 6119 6197  255 255 64
3  6120 6121 6198  255 255 64
3  6197 6120 6198  255 255 64
3  6121 6122 6199  255 255 64
3  6198 6121 6199  255 255 64
3  6122 6123 6200  255 255 64
3  6199 6122 6200  255 255 64
3  6123 6124 6201  255 255 64
3  6200 6123 6201  255 255 64
3  6124 6125 6202  255 255 64
3  6201 6124 6202  255 255 64
3  6125 6126 6203  255 255 64
3  6202 6125 6203  255 255 64
3  6126 6127 6204  255 255 64
3  6203 6126 6204  255 255 64
3  6127 6128 6205  255 255 64
3  6204 6127 6205  255 255 64
3  6128 6129 6206  255 255 64
3  6205 6128 6206  255 255 64
3  6129 6130 6207  255 255 64
3  6206 6129 6207  255 255 64
3  6130 6131 6208  255 255 64
3  6207 6130 6208  255 255 64
3  6131 6132 6209  255 255 64
3  6208 6131 6209  255 255 64
3  6132 6133 6210  255 255 64
3  6209 6132 6210  255 255 64
3  6133 6134 6211  255 255 64
3  6210 6133 6211  255 255 64
3  6134 6135 6212  255 255 64
3  6211 6134 6212  255 255 64
3  6135 6136 6213  255 255 64
3  6212 6135 6213  255 255 64
3  6136 6137 6214  255 255 64
3  6213 6136 6214  255 255 64
3  6137 6138 6215  255 255 64
3  6214 6137 6215  255 255 64
3  6138 6139 6216  255 255 64
3  6215 6138 6216  255 255 64
3  6139 6140 6217  255 255 64
3  6216 6139 6217  255 255 64
3  6140 6141 6218  255 255 64
3  6217 6140 6218  255 255 64
3  6141 6142 6219  255 255 64
3  6218 6141 6219  255 255 64
3  6142 6143 6220  255 255 64
3  6219 6142 6220  255 255 64
3  6143 6144 6221  255 255 64
3  6220 6143 6221  255 255 64
3  6144 6145 6222  255 255 64
3  6221 6144 6222  255 255 64
3  6145 6146 6223  255 255 64
3  6222 6145 6223  255 255 64
3  6146 6147 6224  255 255 64
3  6223 6146 6224  255 255 64
3  6147 6148 6225  255 255 64
3  6224 6147 6225  255 255 64
3  6148 6149 6226  255 255 64
3  6225 6148 6226  255 255 64
3  6149 6150 6227  255 255 64
3  6226 6149 6227  255 255 64
3  6150 6151 6228  255 255 64
3  6227 6150 6228  255 255 64
3  6151 6152 6229  255 255 64
3  6228 6151 6229  255 255 64
3  6152 6153 6230  255 255 64
3  6229 6152 6230  255 255 64
3  6153 6154 6231  255 255 64
3  6230 6153 6231  255 255 64
3  6154 6155 6232  255 255 64
3  6231 6154 6232  255 255 64
3  6155 6156 6233  255 255 64
3  6232 6155 6233  255 255 64
3  6156 6157 6234  255 255 64
3  6233 6156 6234  255 255 64
3  6157 6158 6235  255 255 64
3  6234 6157 6235  255 255 64
3  6158 6159 6236  255 255 64
3  6235 6158 6236  255 255 64
3  6159 6160 6237  255 255 64
3  6236 6159 6237  255 255 64
3  6160 6161 6238  255 255 64
3  6237 6160 6238  255 255 64
3  6161 6162 6239  255 255 64
3  6238 6161 6239  255 255 64
3  6162 6163 6240  255 255 64
3  6239 6162 6240  255 255 64
3  6163 6164 6241  255 255 64
3  6240 6163 6241  255 255 64
3  6164 6165 6242  255 255 64
3  6241 6164 6242  255 255 64
3  6165 6166 6243  255 255 64
3  6242 6165 6243  255 255 64
3  6166 6167 6244  255 255 64
3  6243 6166 6244  255 255 64
3  6167 6168 6245  255 255 64
3  6244 6167 6245  255 255 64
3  6168 6169 6246  255 255 64
3  6245 6168 6246  255 255 64
3  6169 6170 6247  255 255 64
3  6246 6169 6247  255 255 64
3  6170 6171 6248  255 255 64
3  6247 6170 6248  255 255 64
3  6171 6172 6249  255 255 64
3  6248 6171 6249  255 255 64
3  6172 6173 6250  255 255 64
3  6249 6172 6250  255 255 64
3  6173 6174 6251  255 255 64
3  6250 6173 6251  255 255 64
3  6174 6175 6252  255 255 64
3  6251 6174 6252  255 255 64
3  6175 6176 6253  255 255 64
3  6252 6175 6253  255 255 64
3  6176 2540 2541  255 255 64
3  6253 6176 2541  255 255 64
3  2535 6254 6331  192 0 192
3  2534 2535 6331  192 0 192
3  6254 6255 6332  192 0 192
3  6331 6254 6332  192 0 192
3  6255 6256 6333  192 0 192
3  6332 6255 6333  192 0 192
3  6256 6257 6334  192 0 192
3  6333 6256 6334  192 0 192
3  6257 6258 6335  192 0 192
3  6334 6257 6335  192 0 192
3  6258 6259 6336  192 0 192
3  6335 6258 6336  192 0 192
3  6259 6260 6337  192 0 192
3  6336 6259 6337  192 0 192
3  6260 6261 6338  192 0 192
3  6337 6260 6338  192 0 192
3  6261 6262 6339  192 0 192
3  6338 6261 6339  192 0 192
3  6262 6263 6340  192 0 192
3  6339 6262 6340  192 0 192
3  6263 6264 6341  192 0 192
3  6340 6263 6341  192 0 192
3  6264 6265 6342  192 0 192
3  6341 6264 6342  192 0 192
3  6265 6266 10337  192 0 192
3  6342 6265 10337  192 0 192
3  6266 6267 6343  192 0 192
3  10337 6266 6343  192 0 192
3  6267 6268 6344  192 0 192
3  6343 6267 6344  192 0 192
3  6268 6269 6345  192 0 192
3  6344 6268 6345  192 0 192
3  6269 6270 6346  192 0 192
3  6345 6269 6346  192 0 192
3  6270 6271 6347  192 0 192
3  6346 6270 6347  192 0 192
3  6271 6272 6348  192 0 192
3  6347 6271 6348  192 0 192
3  6272 6273 6349  192 0 192
3  6348 6272 6349  192 0 192
3  6273 6274 6350  192 0 192
3  6349 6273 6350  192 0 192
3  6274 6275 6351  192 0 192
3  6350 6274 6351  192 0 192
3  6275 6276 6352  192 0 192
3  6351 6275 6352  192 0 192
3  6276 6277 6353  192 0 192
3  6352 6276 6353  192 0 192
3  6277 6278 6354  192 0 192
3  6353 6277 6354  192 0 192
3  6278 6279 10336  192 0 192
3  6354 6278 10336  192 0 192
3  6279 6280 6355  192 0 192
3  10336 6279 6355  192 0 192
3  6280 6281 6356  192 0 192
3  6355 6280 6356  192 0 192
3  6281 6282 6357  192 0 192
3  6356 6281 6357  192 0 192
3  6282 6283 6358  192 0 192
3  6357 6282 6358  192 0 192
3  6283 6284 6359  192 0 192
3  6358 6283 6359  192 0 192
3  6284 6285 6360  192 0 192
3  6359 6284 6360  192 0 192
3  6285 6286 6361  192 0 192
3  6360 6285 6361  192 0 192
3  6286 6287 6362  192 0 192
3  6361 6286 6362  192 0 192
3  6287 6288 6363  192 0 192
3  6362 6287 6363  192 0 192
3  6288 6289 6364  192 0 192
3  6363 6288 6364  192 0 192
3  6289 6290 6365  192 0 192
3  6364 6289 6365  192 0 192
3  6290 6291 6366  192 0 192
3  6365 6290 6366  192 0 192
3  6291 6292 10335  192 0 192
3  6366 6291 10335  192 0 192
3  6292 6293 6367  192 0 192
3  10335 6292 6367  192 0 192
3  6293 6294 6368  192 0 192
3  6367 6293 6368  192 0 192
3  6294 6295 6369  192 0 192
3  6368 6294 6369  192 0 192
3  6295 6296 6370  192 0 192
3  6369 6295 6370  192 0 192
3  6296 6297 6371  192 0 192
3  6370 6296 6371  192 0 192
3  6297 6298 6372  192 0 192
3  6371 6297 6372  192 0 192
3  6298 6299 6373  192 0 192
3  6372 6298 6373  192 0 192
3  6299 6300 6374  192 0 192
3  6373 6299 6374  192 0 192
3  6300 6301 6375  192 0 192
3  6374 6300 6375  192 0 192
3  6301 6302 6376  192 0 192
3  6375 6301 6376  192 0 192
3  6302 6303 6377  192 0 192
3  6376 6302 6377  192 0 192
3  6303 6304 6378  192 0 192
3  6377 6303 6378  192 0 192
3  6304 6305 10334  192 0 192
3  6378 6304 10334  192 0 192
3  6305 6306 6379  192 0 192
3  10334 6305 6379  192 0 192
3  6306 6307 6380  192 0 192
3  6379 6306 6380  192 0 192
3  6307 6308 6381  192 0 192
3  6380 6307 6381  192 0 192
3  6308 6309 6382  192 0 192
3  6381 6308 6382  192 0 192
3  6309 6310 6383  192 0 192
3  6382 6309 6383  192 0 192
3  6310 6311 6384  192 0 192
3  6383 6310 6384  192 0 192
3  6311 6312 6385  192 0 192
3  6384 6311 6385  192 0 192
3  6312 6313 6386  192 0 192
3  6385 6312 6386  192 0 192
3  6313 6314 6387  192 0 192
3  6386 6313 6387  192 0 192
3  6314 6315 6388  192 0 192
3  6387 6314 6388  192 0 192
3  6315 6316 6389  192 0 192
3  6388 6315 6389  192 0 192
3  6316 6317 6390  192 0 192
3  6389 6316 6390  192 0 192
3  6317 6318 10333  192 0 192
3  6390 6317 10333  192 0 192
3  6318 6319 6391  192 0 192
3  10333 6318 6391  192 0 192
3  6319 6320 6392  192 0 192
3  6391 6319 6392  192 0 192
3  6320 6321 6393  192 0 192
3  6392 6320 6393  192 0 192
3  6321 6322 6394  192 0 192
3  6393 6321 6394  192 0 192
3  6322 6323 6395  192 0 192
3  6394 6322 6395  192 0 192
3  6323 6324 6396  192 0 192
3  6395 6323 6396  192 0 192
3  6324 6325 6397  192 0 192
3  6396 6324 6397  192 0 192
3  6325 6326 6398  192 0 192
3  6397 6325 6398  192 0 192
3  6326 6327 6399  192 0 192
3  6398 6326 6399  192 0 192
3  6327 6328 6400  192 0 192
3  6399 6327 6400  192 0 192
3  6328 6329 6401  192 0 192
3  6400 6328 6401  192 0 192
3  6329 6330 6402  192 0 192
3  6401 6329 6402  192 0 192
3  6330 1012 1013  192 0 192
3  6402 6330 1013  192 0 192
3  1017 6403 6478  245 222 179
3  1016 1017 6478  245 222 179
3  6403 6404 6479  245 222 179
3  6478 6403 6479  245 222 179
3  6404 6405 6480  245 222 179
3  6479 6404 6480  245 222 179
3  6405 6406 6481  245 222 179
3  6480 6405 6481  245 222 179
3  6406 6407 6482  245 222 179
3  6481 6406 6482  245 222 179
3  6407 6408 6483  245 222 179
3  6482 6407 6483  245 222 179
3  6408 6409 6484  245 222 179
3  6483 6408 6484  245 222 179
3  6409 6410 6485  245 222 179
3  6484 6409 6485  245 222 179
3  6410 6411 6486  245 222 179
3  6485 6410 6486  245 222 179
3  6411 6412 6487  245 222 179
3  6486 6411 6487  245 222 179
3  6412 6413 6488  245 222 179
3  6487 6412 6488  245 222 179
3  6413 6414 6489  245 222 179
3  6488 6413 6489  245 222 179
3  6414 6415 10328  245 222 179
3  6489 6414 10328  245 222 179
3  6415 6416 6490  245 222 179
3  10328 6415 6490  245 222 179
3  6416 6417 6491  245 222 179
3  6490 6416 6491  245 222 179
3  6417 6418 6492  245 222 179
3  6491 6417 6492  245 222 179
3  6418 6419 6493  245 222 179
3  6492 6418 6493  245 222 179
3  6419 6420 6494  245 222 179
3  6493 6419 6494  245 222 179
3  6420 6421 6495  245 222 179
3  6494 6420 6495  245 222 179
3  6421 6422 6496  245 222 179
3  6495 6421 6496  245 222 179
3  6422 6423 6497  245 222 179
3  6496 6422 6497  245 222 179
3  6423 6424 6498  245 222 179
3  6497 6423 6498  245 222 179
3  6424 6425 6499  245 222 179
3  6498 6424 6499  245 222 179
3  6425 6426 6500  245 222 179
3  6499 6425 6500  245 222 179
3  6426 6427 6501  245 222 179
3  6500 6426 6501  245 222 179
3  6427 10315 10329  245 222 179
3  6501 6427 10329  245 222 179
3  10315 6428 6502  245 222 179
3  10329 10315 6502  245 222 179
3  6428 6429 6503  245 222 179
3  6502 6428 6503  245 222 179
3  6429 6430 6504  245 222 179
3  6503 6429 6504  245 222 179
3  6430 6431 6505  245 222 179
3  6504 6430 6505  245 222 179
3  6431 6432 6506  245 222 179
3  6505 6431 6506  245 222 179
3  6432 6433 6507  245 222 179
3  6506 6432 6507  245 222 179
3  6433 6434 6508  245 222 179
3  6507 6433 6508  245 222 179
3  6434 6435 6509  245 222 179
3  6508 6434 6509  245 222 179
3  6435 6436 6510  245 222 179
3  6509 6435 6510  245 222 179
3  6436 6437 6511  245 222 179
3  6510 6436 6511  245 222 179
3  6437 6438 6512  245 222 179
3  6511 6437 6512  245 222 179
3  6438 6439 6513  245 222 179
3  6512 6438 6513  245 222 179
3  6439 6440 10330  245 222 179
3  6513 6439 10330  245 222 179
3  6440 6441 6514  245 222 179
3  10330 6440 6514  245 222 179
3  6441 6442 6515  245 222 179
3  6514 6441 6515  245 222 179
3  6442 6443 6516  245 222 179
3  6515 6442 6516  245 222 179
3  6443 6444 6517  245 222 179
3  6516 6443 6517  245 222 179
3  6444 6445 6518  245 222 179
3  6517 6444 6518  245 222 179
3  6445 6446 6519  245 222 179
3  6518 6445 6519  245 222 179
3  6446 6447 6520  245 222 179
3  6519 6446 6520  245 222 179
3  6447 6448 6521  245 222 179
3  6520 6447 6521  245 222 179
3  6448 6449 6522  245 222 179
3  6521 6448 6522  245 222 179
3  6449 6450 6523  245 222 179
3  6522 6449 6523  245 222 179
3  6450 6451 6524  245 222 179
3  6523 6450 6524  245 222 179
3  6451 6452 6525  245 222 179
3  6524 6451 6525  245 222 179
3  6452 10316 10331  245 222 179
3  6525 6452 10331  245 222 179
3  10316 6453 6526  245 222 179
3  10331 10316 6526  245 222 179
3  6453 6454 6527  245 222 179
3  6526 6453 6527  245 222 179
3  6454 6455 6528  245 222 179
3  6527 6454 6528  245 222 179
3  6455 6456 6529  245 222 179
3  6528 6455 6529  245 222 179
3  6456 6457 6530  245 222 179
3  6529 6456 6530  245 222 179
3  6457 6458 6531  245 222 179
3  6530 6457 6531  245 222 179
3  6458 6459 6532  245 222 179
3  6531 6458 6532  245 222 179
3  6459 6460 6533  245 222 179
3  6532 6459 6533  245 222 179
3  6460 6461 6534  245 222 179
3  6533 6460 6534  245 222 179
3  6461 6462 6535  245 222 179
3  6534 6461 6535  245 222 179
3  6462 6463 6536  245 222 179
3  6535 6462 6536  245 222 179
3  6463 6464 6537  245 222 179
3  6536 6463 6537  245 222 179
3  6464 6465 10332  245 222 179
3  6537 6464 10332  245 222 179
3  6465 6466 6538  245 222 179
3  10332 6465 6538  245 222 179
3  6466 6467 6539  245 222 179
3  6538 6466 6539  245 222 179
3  6467 6468 6540  245 222 179
3  6539 6467 6540  245 222 179
3  6468 6469 6541  245 222 179
3  6540 6468 6541  245 222 179
3  6469 6470 6542  245 222 179
3  6541 6469 6542  245 222 179
3  6470 6471 6543  245 222 179
3  6542 6470 6543  245 222 179
3  6471 6472 6544  245 222 179
3  6543 6471 6544  245 222 179
3  6472 6473 6545  245 222 179
3  6544 6472 6545  245 222 179
3  6473 6474 6546  245 222 179
3  6545 6473 6546  245 222 179
3  6474 6475 6547  245 222 179
3  6546 6474 6547  245 222 179
3  6475 6476 6548  245 222 179
3  6547 6475 6548  245 222 179
3  6476 6477 6549  245 222 179
3  6548 6476 6549  245 222 179
3  6477 2527 2528  245 222 179
3  6549 6477 2528  245 222 179
3  2522 6550 6625  0 255 0
3  2521 2522 6625  0 255 0
3  6550 6551 6626  0 255 0
3  6625 6550 6626  0 255 0
3  6551 6552 6627  0 255 0
3  6626 6551 6627  0 255 0
3  6552 6553 6628  0 255 0
3  6627 6552 6628  0 255 0
3  6553 6554 6629  0 255 0
3  6628 6553 6629  0 255 0
3  6554 6555 6630  0 255 0
3  6629 6554 6630  0 255 0
3  6555 6556 6631  0 255 0
3  6630 6555 6631  0 255 0
3  6556 6557 6632  0 255 0
3  6631 6556 6632  0 255 0
3  6557 6558 6633  0 255 0
3  6632 6557 6633  0 255 0
3  6558 6559 6634  0 255 0
3  6633 6558 6634  0 255 0
3  6559 6560 6635  0 255 0
3  6634 6559 6635  0 255 0
3  6560 6561 6636  0 255 0
3  6635 6560 6636  0 255 0
3  6561 6562 6637  0 255 0
3  6636 6561 6637  0 255 0
3  6562 6563 6638  0 255 0
3  6637 6562 6638  0 255 0
3  6563 6564 6639  0 255 0
3  6638 6563 6639  0 255 0
3  6564 6565 6640  0 255 0
3  6639 6564 6640  0 255 0
3  6565 6566 6641  0 255 0
3  6640 6565 6641  0 255 0
3  6566 6567 6642  0 255 0
3  6641 6566 6642  0 255 0
3  6567 6568 6643  0 255 0
3  6642 6567 6643  0 255 0
3  6568 6569 6644  0 255 0
3  6643 6568 6644  0 255 0
3  6569 6570 6645  0 255 0
3  6644 6569 6645  0 255 0
3  6570 6571 6646  0 255 0
3  6645 6570 6646  0 255 0
3  6571 6572 6647  0 255 0
3  6646 6571 6647  0 255 0
3  6572 6573 6648  0 255 0
3  6647 6572 6648  0 255 0
3  6573 6574 6649  0 255 0
3  6648 6573 6649  0 255 0
3  6574 10314 6650  0 255 0
3  6649 6574 6650  0 255 0
3  10314 6575 6651  0 255 0
3  6650 10314 6651  0 255 0
3  6575 6576 6652  0 255 0
3  6651 6575 6652  0 255 0
3  6576 6577 6653  0 255 0
3  6652 6576 6653  0 255 0
3  6577 6578 6654  0 255 0
3  6653 6577 6654  0 255 0
3  6578 6579 6655  0 255 0
3  6654 6578 6655  0 255 0
3  6579 6580 6656  0 255 0
3  6655 6579 6656  0 255 0
3  6580 6581 6657  0 255 0
3  6656 6580 6657  0 255 0
3  6581 6582 6658  0 255 0
3  6657 6581 6658  0 255 0
3  6582 6583 6659  0 255 0
3  6658 6582 6659  0 255 0
3  6583 6584 6660  0 255 0
3  6659 6583 6660  0 255 0
3  6584 6585 6661  0 255 0
3  6660 6584 6661  0 255 0
3  6585 6586 6662  0 255 0
3  6661 6585 6662  0 255 0
3  6586 6587 6663  0 255 0
3  6662 6586 6663  0 255 0
3  6587 6588 6664  0 255 0
3  6663 6587 6664  0 255 0
3  6588 6589 6665  0 255 0
3  6664 6588 6665  0 255 0
3  6589 6590 6666  0 255 0
3  6665 6589 6666  0 255 0
3  6590 6591 6667  0 255 0
3  6666 6590 6667  0 255 0
3  6591 6592 6668  0 255 0
3  6667 6591 6668  0 255 0
3  6592 6593 6669  0 255 0
3  6668 6592 6669  0 255 0
3  6593 6594 6670  0 255 0
3  6669 6593 6670  0 255 0
3  6594 6595 6671  0 255 0
3  6670 6594 6671  0 255 0
3  6595 6596 6672  0 255 0
3  6671 6595 6672  0 255 0
3  6596 6597 6673  0 255 0
3  6672 6596 6673  0 255 0
3  6597 6598 6674  0 255 0
3  6673 6597 6674  0 255 0
3  6598 6599 6675  0 255 0
3  6674 6598 6675  0 255 0
3  6599 10313 6676  0 255 0
3  6675 6599 6676  0 255 0
3  10313 6600 6677  0 255 0
3  6676 10313 6677  0 255 0
3  6600 6601 6678  0 255 0
3  6677 6600 6678  0 255 0
3  6601 6602 6679  0 255 0
3  6678 6601 6679  0 255 0
3  6602 6603 6680  0 255 0
3  6679 6602 6680  0 255 0
3  6603 6604 6681  0 255 0
3  6680 6603 6681  0 255 0
3  6604 6605 6682  0 255 0
3  6681 6604 6682  0 255 0
3  6605 6606 6683  0 255 0
3  6682 6605 6683  0 255 0
3  6606 6607 6684  0 255 0
3  6683 6606 6684  0 255 0
3  6607 6608 6685  0 255 0
3  6684 6607 6685  0 255 0
3  6608 6609 6686  0 255 0
3  6685 6608 6686  0 255 0
3  6609 6610 6687  0 255 0
3  6686 6609 6687  0 255 0
3  6610 6611 6688  0 255 0
3  6687 6610 6688  0 255 0
3  6611 6612 6689  0 255 0
3  6688 6611 6689  0 255 0
3  6612 6613 6690  0 255 0
3  6689 6612 6690  0 255 0
3  6613 6614 6691  0 255 0
3  6690 6613 6691  0 255 0
3  6614 6615 6692  0 255 0
3  6691 6614 6692  0 255 0
3  6615 6616 6693  0 255 0
3  6692 6615 6693  0 255 0
3  6616 6617 6694  0 255 0
3  6693 6616 6694  0 255 0
3  6617 6618 6695  0 255 0
3  6694 6617 6695  0 255 0
3  6618 6619 6696  0 255 0
3  6695 6618 6696  0 255 0
3  6619 6620 6697  0 255 0
3  6696 6619 6697  0 255 0
3  6620 6621 6698  0 255 0
3  6697 6620 6698  0 255 0
3  6621 6622 6699  0 255 0
3  6698 6621 6699  0 255 0
3  6622 6623 6700  0 255 0
3  6699 6622 6700  0 255 0
3  6623 6624 6701  0 255 0
3  6700 6623 6701  0 255 0
3  6624 1023 1024  0 255 0
3  6701 6624 1024  0 255 0
3  10257 6702 6706  176 196 222
3  10256 10257 6706  176 196 222
3  6702 6703 6707  176 196 222
3  6706 6702 6707  176 196 222
3  6703 6704 6708  176 196 222
3  6707 6703 6708  176 196 222
3  6704 6705 6709  176 196 222
3  6708 6704 6709  176 196 222
3  6705 1280 1281  176 196 222
3  6709 6705 1281  176 196 222
3  10274 6710 6714  176 196 222
3  10272 10274 6714  176 196 222
3  6710 6711 6715  176 196 222
3  6714 6710 6715  176 196 222
3  6711 6712 6716  176 196 222
3  6715 6711 6716  176 196 222
3  6712 6713 6717  176 196 222
3  6716 6712 6717  176 196 222
3  6713 1293 1294  176 196 222
3  6717 6713 1294  176 196 222
3  1256 6718 6722  240 128 128
3  1255 1256 6722  240 128 128
3  6718 6719 6723  240 128 128
3  6722 6718 6723  240 128 128
3  6719 6720 6724  240 128 128
3  6723 6719 6724  240 128 128
3  6720 6721 6725  240 128 128
3  6724 6720 6725  240 128 128
3  6721 10252 10254  240 128 128
3  6725 6721 10254  240 128 128
3  1243 6726 6730  240 128 128
3  1242 1243 6730  240 128 128
3  6726 6727 6731  240 128 128
3  6730 6726 6731  240 128 128
3  6727 6728 6732  240 128 128
3  6731 6727 6732  240 128 128
3  6728 6729 6733  240 128 128
3  6732 6728 6733  240 128 128
3  6729 10262 10264  240 128 128
3  6733 6729 10264  240 128 128
3  2596 6734 6822  64 255 64
3  2595 2596 6822  64 255 64
3  6734 6735 6823  64 255 64
3  6822 6734 6823  64 255 64
3  6735 6736 6824  64 255 64
3  6823 6735 6824  64 255 64
3  6736 6737 6825  64 255 64
3  6824 6736 6825  64 255 64
3  6737 6738 6826  64 255 64
3  6825 6737 6826  64 255 64
3  6738 6739 6827  64 255 64
3  6826 6738 6827  64 255 64
3  6739 6740 6828  64 255 64
3  6827 6739 6828  64 255 64
3  6740 6741 6829  64 255 64
3  6828 6740 6829  64 255 64
3  6741 6742 6830  64 255 64
3  6829 6741 6830  64 255 64
3  6742 6743 6831  64 255 64
3  6830 6742 6831  64 255 64
3  6743 6744 6832  64 255 64
3  6831 6743 6832  64 255 64
3  6744 6745 6833  64 255 64
3  6832 6744 6833  64 255 64
3  6745 6746 6834  64 255 64
3  6833 6745 6834  64 255 64
3  6746 6747 6835  64 255 64
3  6834 6746 6835  64 255 64
3  6747 6748 6836  64 255 64
3  6835 6747 6836  64 255 64
3  6748 6749 6837  64 255 64
3  6836 6748 6837  64 255 64
3  6749 6750 6838  64 255 64
3  6837 6749 6838  64 255 64
3  6750 6751 6839  64 255 64
3  6838 6750 6839  64 255 64
3  6751 6752 6840  64 255 64
3  6839 6751 6840  64 255 64
3  6752 6753 6841  64 255 64
3  6840 6752 6841  64 255 64
3  6753 6754 6842  64 255 64
3  6841 6753 6842  64 255 64
3  6754 6755 6843  64 255 64
3  6842 6754 6843  64 255 64
3  6755 6756 6844  64 255 64
3  6843 6755 6844  64 255 64
3  6756 6757 6845  64 255 64
3  6844 6756 6845  64 255 64
3  6757 6758 6846  64 255 64
3  6845 6757 6846  64 255 64
3  6758 6759 6847  64 255 64
3  6846 6758 6847  64 255 64
3  6759 6760 6848  64 255 64
3  6847 6759 6848  64 255 64
3  6760 6761 6849  64 255 64
3  6848 6760 6849  64 255 64
3  6761 6762 6850  64 255 64
3  6849 6761 6850  64 255 64
3  6762 6763 6851  64 255 64
3  6850 6762 6851  64 255 64
3  6763 6764 6852  64 255 64
3  6851 6763 6852  64 255 64
3  6764 6765 6853  64 255 64
3  6852 6764 6853  64 255 64
3  6765 6766 6854  64 255 64
3  6853 6765 6854  64 255 64
3  6766 6767 6855  64 255 64
3  6854 6766 6855  64 255 64
3  6767 6768 6856  64 255 64
3  6855 6767 6856  64 255 64
3  6768 6769 6857  64 255 64
3  6856 6768 6857  64 255 64
3  6769 6770 6858  64 255 64
3  6857 6769 6858  64 255 64
3  6770 6771 6859  64 255 64
3  6858 6770 6859  64 255 64
3  6771 6772 6860  64 255 64
3  6859 6771 6860  64 255 64
3  6772 6773 6861  64 255 64
3  6860 6772 6861  64 255 64
3  6773 6774 6862  64 255 64
3  6861 6773 6862  64 255 64
3  6774 6775 6863  64 255 64
3  6862 6774 6863  64 255 64
3  6775 6776 6864  64 255 64
3  6863 6775 6864  64 255 64
3  6776 6777 6865  64 255 64
3  6864 6776 6865  64 255 64
3  6777 6778 6866  64 255 64
3  6865 6777 6866  64 255 64
3  6778 6779 6867  64 255 64
3  6866 6778 6867  64 255 64
3  6779 6780 6868  64 255 64
3  6867 6779 6868  64 255 64
3  6780 6781 6869  64 255 64
3  6868 6780 6869  64 255 64
3  6781 6782 6870  64 255 64
3  6869 6781 6870  64 255 64
3  6782 6783 6871  64 255 64
3  6870 6782 6871  64 255 64
3  6783 6784 6872  64 255 64
3  6871 6783 6872  64 255 64
3  6784 6785 6873  64 255 64
3  6872 6784 6873  64 255 64
3  6785 6786 6874  64 255 64
3  6873 6785 6874  64 255 64
3  6786 6787 6875  64 255 64
3  6874 6786 6875  64 255 64
3  6787 6788 6876  64 255 64
3  6875 6787 6876  64 255 64
3  6788 6789 6877  64 255 64
3  6876 6788 6877  64 255 64
3  6789 6790 6878  64 255 64
3  6877 6789 6878  64 255 64
3  6790 6791 6879  64 255 64
3  6878 6790 6879  64 255 64
3  6791 6792 6880  64 255 64
3  6879 6791 6880  64 255 64
3  6792 6793 6881  64 255 64
3  6880 6792 6881  64 255 64
3  6793 6794 6882  64 255 64
3  6881 6793 6882  64 255 64
3  6794 6795 6883  64 255 64
3  6882 6794 6883  64 255 64
3  6795 6796 6884  64 255 64
3  6883 6795 6884  64 255 64
3  6796 6797 6885  64 255 64
3  6884 6796 6885  64 255 64
3  6797 6798 6886  64 255 64
3  6885 6797 6886  64 255 64
3  6798 6799 6887  64 255 64
3  6886 6798 6887  64 255 64
3  6799 6800 6888  64 255 64
3  6887 6799 6888  64 255 64
3  6800 6801 6889  64 255 64
3  6888 6800 6889  64 255 64
3  6801 6802 6890  64 255 64
3  6889 6801 6890  64 255 64
3  6802 6803 6891  64 255 64
3  6890 6802 6891  64 255 64
3  6803 6804 6892  64 255 64
3  6891 6803 6892  64 255 64
3  6804 6805 6893  64 255 64
3  6892 6804 6893  64 255 64
3  6805 6806 6894  64 255 64
3  6893 6805 6894  64 255 64
3  6806 6807 6895  64 255 64
3  6894 6806 6895  64 255 64
3  6807 6808 6896  64 255 64
3  6895 6807 6896  64 255 64
3  6808 6809 6897  64 255 64
3  6896 6808 6897  64 255 64
3  6809 6810 6898  64 255 64
3  6897 6809 6898  64 255 64
3  6810 6811 6899  64 255 64
3  6898 6810 6899  64 255 64
3  6811 6812 6900  64 255 64
3  6899 6811 6900  64 255 64
3  6812 6813 6901  64 255 64
3  6900 6812 6901  64 255 64
3  6813 6814 6902  64 255 64
3  6901 6813 6902  64 255 64
3  6814 6815 6903  64 255 64
3  6902 6814 6903  64 255 64
3  6815 6816 6904  64 255 64
3  6903 6815 6904  64 255 64
3  6816 6817 6905  64 255 64
3  6904 6816 6905  64 255 64
3  6817 6818 6906  64 255 64
3  6905 6817 6906  64 255 64
3  6818 6819 6907  64 255 64
3  6906 6818 6907  64 255 64
3  6819 6820 6908  64 255 64
3  6907 6819 6908  64 255 64
3  6820 6821 6909  64 255 64
3  6908 6820 6909  64 255 64
3  6821 1155 1156  64 255 64
3  6909 6821 1156  64 255 64
3  6912 6910 2132  64 255 64
3  6912 2132 2133  64 255 64
3  6913 6911 6910  64 255 64
3  6913 6910 6912  64 255 64
3  529 528 6911  64 255 64
3  529 6911 6913  64 255 64
3  1164 6914 7002  245 222 179
3  1163 1164 7002  245 222 179
3  6914 6915 7003  245 222 179
3  7002 6914 7003  245 222 179
3  6915 6916 7004  245 222 179
3  7003 6915 7004  245 222 179
3  6916 6917 7005  245 222 179
3  7004 6916 7005  245 222 179
3  6917 6918 7006  245 222 179
3  7005 6917 7006  245 222 179
3  6918 6919 7007  245 222 179
3  7006 6918 7007  245 222 179
3  6919 6920 7008  245 222 179
3  7007 6919 7008  245 222 179
3  6920 6921 7009  245 222 179
3  7008 6920 7009  245 222 179
3  6921 6922 7010  245 222 179
3  7009 6921 7010  245 222 179
3  6922 6923 7011  245 222 179
3  7010 6922 7011  245 222 179
3  6923 6924 7012  245 222 179
3  7011 6923 7012  245 222 179
3  6924 6925 7013  245 222 179
3  7012 6924 7013  245 222 179
3  6925 6926 7014  245 222 179
3  7013 6925 7014  245 222 179
3  6926 6927 7015  245 222 179
3  7014 6926 7015  245 222 179
3  6927 6928 7016  245 222 179
3  7015 6927 7016  245 222 179
3  6928 6929 7017  245 222 179
3  7016 6928 7017  245 222 179
3  6929 6930 7018  245 222 179
3  7017 6929 7018  245 222 179
3  6930 6931 7019  245 222 179
3  7018 6930 7019  245 222 179
3  6931 6932 7020  245 222 179
3  7019 6931 7020  245 222 179
3  6932 6933 7021  245 222 179
3  7020 6932 7021  245 222 179
3  6933 6934 7022  245 222 179
3  7021 6933 7022  245 222 179
3  6934 6935 7023  245 222 179
3  7022 6934 7023  245 222 179
3  6935 6936 7024  245 222 179
3  7023 6935 7024  245 222 179
3  6936 6937 7025  245 222 179
3  7024 6936 7025  245 222 179
3  6937 6938 7026  245 222 179
3  7025 6937 7026  245 222 179
3  6938 6939 7027  245 222 179
3  7026 6938 7027  245 222 179
3  6939 6940 7028  245 222 179
3  7027 6939 7028  245 222 179
3  6940 6941 7029  245 222 179
3  7028 6940 7029  245 222 179
3  6941 6942 7030  245 222 179
3  7029 6941 7030  245 222 179
3  6942 6943 7031  245 222 179
3  7030 6942 7031  245 222 179
3  6943 6944 7032  245 222 179
3  7031 6943 7032  245 222 179
3  6944 6945 7033  245 222 179
3  7032 6944 7033  245 222 179
3  6945 6946 7034  245 222 179
3  7033 6945 7034  245 222 179
3  6946 6947 7035  245 222 179
3  7034 6946 7035  245 222 179
3  6947 6948 7036  245 222 179
3  7035 6947 7036  245 222 179
3  6948 6949 7037  245 222 179
3  7036 6948 7037  245 222 179
3  6949 6950 7038  245 222 179
3  7037 6949 7038  245 222 179
3  6950 6951 7039  245 222 179
3  7038 6950 7039  245 222 179
3  6951 6952 7040  245 222 179
3  7039 6951 7040  245 222 179
3  6952 6953 7041  245 222 179
3  7040 6952 7041  245 222 179
3  6953 6954 7042  245 222 179
3  7041 6953 7042  245 222 179
3  6954 6955 7043  245 222 179
3  7042 6954 7043  245 222 179
3  6955 6956 7044  245 222 179
3  7043 6955 7044  245 222 179
3  6956 6957 7045  245 222 179
3  7044 6956 7045  245 222 179
3  6957 6958 7046  245 222 179
3  7045 6957 7046  245 222 179
3  6958 6959 7047  245 222 179
3  7046 6958 7047  245 222 179
3  6959 6960 7048  245 222 179
3  7047 6959 7048  245 222 179
3  6960 6961 7049  245 222 179
3  7048 6960 7049  245 222 179
3  6961 6962 7050  245 222 179
3  7049 6961 7050  245 222 179
3  6962 6963 7051  245 222 179
3  7050 6962 7051  245 222 179
3  6963 6964 7052  245 222 179
3  7051 6963 7052  245 222 179
3  6964 6965 7053  245 222 179
3  7052 6964 7053  245 222 179
3  6965 6966 7054  245 222 179
3  7053 6965 7054  245 222 179
3  6966 6967 7055  245 222 179
3  7054 6966 7055  245 222 179
3  6967 6968 7056  245 222 179
3  7055 6967 7056  245 222 179
3  6968 6969 7057  245 222 179
3  7056 6968 7057  245 222 179
3  6969 6970 7058  245 222 179
3  7057 6969 7058  245 222 179
3  6970 6971 7059  245 222 179
3  7058 6970 7059  245 222 179
3  6971 6972 7060  245 222 179
3  7059 6971 7060  245 222 179
3  6972 6973 7061  245 222 179
3  7060 6972 7061  245 222 179
3  6973 6974 7062  245 222 179
3  7061 6973 7062  245 222 179
3  6974 6975 7063  245 222 179
3  7062 6974 7063  245 222 179
3  6975 6976 7064  245 222 179
3  7063 6975 7064  245 222 179
3  6976 6977 7065  245 222 179
3  7064 6976 7065  245 222 179
3  6977 6978 7066  245 222 179
3  7065 6977 7066  245 222 179
3  6978 6979 7067  245 222 179
3  7066 6978 7067  245 222 179
3  6979 6980 7068  245 222 179
3  7067 6979 7068  245 222 179
3  6980 6981 7069  245 222 179
3  7068 6980 7069  245 222 179
3  6981 6982 7070  245 222 179
3  7069 6981 7070  245 222 179
3  6982 6983 7071  245 222 179
3  7070 6982 7071  245 222 179
3  6983 6984 7072  245 222 179
3  7071 6983 7072  245 222 179
3  6984 6985 7073  245 222 179
3  7072 6984 7073  245 222 179
3  6985 6986 7074  245 222 179
3  7073 6985 7074  245 222 179
3  6986 6987 7075  245 222 179
3  7074 6986 7075  245 222 179
3  6987 6988 7076  245 222 179
3  7075 6987 7076  245 222 179
3  6988 6989 7077  245 222 179
3  7076 6988 7077  245 222 179
3  6989 6990 7078  245 222 179
3  7077 6989 7078  245 222 179
3  6990 6991 7079  245 222 179
3  7078 6990 7079  245 222 179
3  6991 6992 7080  245 222 179
3  7079 6991 7080  245 222 179
3  6992 6993 7081  245 222 179
3  7080 6992 7081  245 222 179
3  6993 6994 7082  245 222 179
3  7081 6993 7082  245 222 179
3  6994 6995 7083  245 222 179
3  7082 6994 7083  245 222 179
3  6995 6996 7084  245 222 179
3  7083 6995 7084  245 222 179
3  6996 6997 7085  245 222 179
3  7084 6996 7085  245 222 179
3  6997 6998 7086  245 222 179
3  7085 6997 7086  245 222 179
3  6998 6999 7087  245 222 179
3  7086 6998 7087  245 222 179
3  6999 7000 7088  245 222 179
3  7087 6999 7088  245 222 179
3  7000 7001 7089  245 222 179
3  7088 7000 7089  245 222 179
3  7001 2589 2590  245 222 179
3  7089 7001 2590  245 222 179
3  7092 7090 537  245 222 179
3  7092 537 536  245 222 179
3  7093 7091 7090  245 222 179
3  7093 7090 7092  245 222 179
3  2140 2141 7091  245 222 179
3  2140 7091 7093  245 222 179
3  2586 7094 7182  192 192 0
3  2585 2586 7182  192 192 0
3  7094 7095 7183  192 192 0
3  7182 7094 7183  192 192 0
3  7095 7096 7184  192 192 0
3  7183 7095 7184  192 192 0
3  7096 7097 7185  192 192 0
3  7184 7096 7185  192 192 0
3  7097 7098 7186  192 192 0
3  7185 7097 7186  192 192 0
3  7098 7099 7187  192 192 0
3  7186 7098 7187  192 192 0
3  7099 7100 7188  192 192 0
3  7187 7099 7188  192 192 0
3  7100 7101 7189  192 192 0
3  7188 7100 7189  192 192 0
3  7101 7102 7190  192 192 0
3  7189 7101 7190  192 192 0
3  7102 7103 7191  192 192 0
3  7190 7102 7191  192 192 0
3  7103 7104 7192  192 192 0
3  7191 7103 7192  192 192 0
3  7104 7105 7193  192 192 0
3  7192 7104 7193  192 192 0
3  7105 7106 7194  192 192 0
3  7193 7105 7194  192 192 0
3  7106 7107 7195  192 192 0
3  7194 7106 7195  192 192 0
3  7107 7108 7196  192 192 0
3  7195 7107 7196  192 192 0
3  7108 7109 7197  192 192 0
3  7196 7108 7197  192 192 0
3  7109 7110 7198  192 192 0
3  7197 7109 7198  192 192 0
3  7110 7111 7199  192 192 0
3  7198 7110 7199  192 192 0
3  7111 7112 7200  192 192 0
3  7199 7111 7200  192 192 0
3  7112 7113 7201  192 192 0
3  7200 7112 7201  192 192 0
3  7113 7114 7202  192 192 0
3  7201 7113 7202  192 192 0
3  7114 7115 7203  192 192 0
3  7202 7114 7203  192 192 0
3  7115 7116 7204  192 192 0
3  7203 7115 7204  192 192 0
3  7116 7117 7205  192 192 0
3  7204 7116 7205  192 192 0
3  7117 7118 7206  192 192 0
3  7205 7117 7206  192 192 0
3  7118 7119 7207  192 192 0
3  7206 7118 7207  192 192 0
3  7119 7120 7208  192 192 0
3  7207 7119 7208  192 192 0
3  7120 7121 7209  192 192 0
3  7208 7120 7209  192 192 0
3  7121 7122 7210  192 192 0
3  7209 7121 7210  192 192 0
3  7122 7123 7211  192 192 0
3  7210 7122 7211  192 192 0
3  7123 7124 7212  192 192 0
3  7211 7123 7212  192 192 0
3  7124 7125 7213  192 192 0
3  7212 7124 7213  192 192 0
3  7125 7126 7214  192 192 0
3  7213 7125 7214  192 192 0
3  7126 7127 7215  192 192 0
3  7214 7126 7215  192 192 0
3  7127 7128 7216  192 192 0
3  7215 7127 7216  192 192 0
3  7128 7129 7217  192 192 0
3  7216 7128 7217  192 192 0
3  7129 7130 7218  192 192 0
3  7217 7129 7218  192 192 0
3  7130 7131 7219  192 192 0
3  7218 7130 7219  192 192 0
3  7131 7132 7220  192 192 0
3  7219 7131 7220  192 192 0
3  7132 7133 7221  192 192 0
3  7220 7132 7221  192 192 0
3  7133 7134 7222  192 192 0
3  7221 7133 7222  192 192 0
3  7134 7135 7223  192 192 0
3  7222 7134 7223  192 192 0
3  7135 7136 7224  192 192 0
3  7223 7135 7224  192 192 0
3  7136 7137 7225  192 192 0
3  7224 7136 7225  192 192 0
3  7137 7138 7226  192 192 0
3  7225 7137 7226  192 192 0
3  7138 7139 7227  192 192 0
3  7226 7138 7227  192 192 0
3  7139 7140 7228  192 192 0
3  7227 7139 7228  192 192 0
3  7140 7141 7229  192 192 0
3  7228 7140 7229  192 192 0
3  7141 7142 7230  192 192 0
3  7229 7141 7230  192 192 0
3  7142 7143 7231  192 192 0
3  7230 7142 7231  192 192 0
3  7143 7144 7232  192 192 0
3  7231 7143 7232  192 192 0
3  7144 7145 7233  192 192 0
3  7232 7144 7233  192 192 0
3  7145 7146 7234  192 192 0
3  7233 7145 7234  192 192 0
3  7146 7147 7235  192 192 0
3  7234 7146 7235  192 192 0
3  7147 7148 7236  192 192 0
3  7235 7147 7236  192 192 0
3  7148 7149 7237  192 192 0
3  7236 7148 7237  192 192 0
3  7149 7150 7238  192 192 0
3  7237 7149 7238  192 192 0
3  7150 7151 7239  192 192 0
3  7238 7150 7239  192 192 0
3  7151 7152 7240  192 192 0
3  7239 7151 7240  192 192 0
3  7152 7153 7241  192 192 0
3  7240 7152 7241  192 192 0
3  7153 7154 7242  192 192 0
3  7241 7153 7242  192 192 0
3  7154 7155 7243  192 192 0
3  7242 7154 7243  192 192 0
3  7155 7156 7244  192 192 0
3  7243 7155 7244  192 192 0
3  7156 7157 7245  192 192 0
3  7244 7156 7245  192 192 0
3  7157 7158 7246  192 192 0
3  7245 7157 7246  192 192 0
3  7158 7159 7247  192 192 0
3  7246 7158 7247  192 192 0
3  7159 7160 7248  192 192 0
3  7247 7159 7248  192 192 0
3  7160 7161 7249  192 192 0
3  7248 7160 7249  192 192 0
3  7161 7162 7250  192 192 0
3  7249 7161 7250  192 192 0
3  7162 7163 7251  192 192 0
3  7250 7162 7251  192 192 0
3  7163 7164 7252  192 192 0
3  7251 7163 7252  192 192 0
3  7164 7165 7253  192 192 0
3  7252 7164 7253  192 192 0
3  7165 7166 7254  192 192 0
3  7253 7165 7254  192 192 0
3  7166 7167 7255  192 192 0
3  7254 7166 7255  192 192 0
3  7167 7168 7256  192 192 0
3  7255 7167 7256  192 192 0
3  7168 7169 7257  192 192 0
3  7256 7168 7257  192 192 0
3  7169 7170 7258  192 192 0
3  7257 7169 7258  192 192 0
3  7170 7171 7259  192 192 0
3  7258 7170 7259  192 192 0
3  7171 7172 7260  192 192 0
3  7259 7171 7260  192 192 0
3  7172 7173 7261  192 192 0
3  7260 7172 7261  192 192 0
3  7173 7174 7262  192 192 0
3  7261 7173 7262  192 192 0
3  7174 7175 7263  192 192 0
3  7262 7174 7263  192 192 0
3  7175 7176 7264  192 192 0
3  7263 7175 7264  192 192 0
3  7176 7177 7265  192 192 0
3  7264 7176 7265  192 192 0
3  7177 7178 7266  192 192 0
3  7265 7177 7266  192 192 0
3  7178 7179 7267  192 192 0
3  7266 7178 7267  192 192 0
3  7179 7180 7268  192 192 0
3  7267 7179 7268  192 192 0
3  7180 7181 7269  192 192 0
3  7268 7180 7269  192 192 0
3  7181 1167 1168  192 192 0
3  7269 7181 1168  192 192 0
3  7272 7270 2144  192 192 0
3  7272 2144 2145  192 192 0
3  7273 7271 7270  192 192 0
3  7273 7270 7272  192 192 0
3  541 540 7271  192 192 0
3  541 7271 7273  192 192 0
3  1175 7274 7362  255 20 147
3  1174 1175 7362  255 20 147
3  7274 7275 7363  255 20 147
3  7362 7274 7363  255 20 147
3  7275 7276 7364  255 20 147
3  7363 7275 7364  255 20 147
3  7276 7277 7365  255 20 147
3  7364 7276 7365  255 20 147
3  7277 7278 7366  255 20 147
3  7365 7277 7366  255 20 147
3  7278 7279 7367  255 20 147
3  7366 7278 7367  255 20 147
3  7279 7280 7368  255 20 147
3  7367 7279 7368  255 20 147
3  7280 7281 7369  255 20 147
3  7368 7280 7369  255 20 147
3  7281 7282 7370  255 20 147
3  7369 7281 7370  255 20 147
3  7282 7283 7371  255 20 147
3  7370 7282 7371  255 20 147
3  7283 7284 7372  255 20 147
3  7371 7283 7372  255 20 147
3  7284 7285 7373  255 20 147
3  7372 7284 7373  255 20 147
3  7285 7286 7374  255 20 147
3  7373 7285 7374  255 20 147
3  7286 7287 7375  255 20 147
3  7374 7286 7375  255 20 147
3  7287 7288 7376  255 20 147
3  7375 7287 7376  255 20 147
3  7288 7289 7377  255 20 147
3  7376 7288 7377  255 20 147
3  7289 7290 7378  255 20 147
3  7377 7289 7378  255 20 147
3  7290 7291 7379  255 20 147
3  7378 7290 7379  255 20 147
3  7291 7292 7380  255 20 147
3  7379 7291 7380  255 20 147
3  7292 7293 7381  255 20 147
3  7380 7292 7381  255 20 147
3  7293 7294 7382  255 20 147
3  7381 7293 7382  255 20 147
3  7294 7295 7383  255 20 147
3  7382 7294 7383  255 20 147
3  7295 7296 7384  255 20 147
3  7383 7295 7384  255 20 147
3  7296 7297 7385  255 20 147
3  7384 7296 7385  255 20 147
3  7297 7298 7386  255 20 147
3  7385 7297 7386  255 20 147
3  7298 7299 7387  255 20 147
3  7386 7298 7387  255 20 147
3  7299 7300 7388  255 20 147
3  7387 7299 7388  255 20 147
3  7300 7301 7389  255 20 147
3  7388 7300 7389  255 20 147
3  7301 7302 7390  255 20 147
3  7389 7301 7390  255 20 147
3  7302 7303 7391  255 20 147
3  7390 7302 7391  255 20 147
3  7303 7304 7392  255 20 147
3  7391 7303 7392  255 20 147
3  7304 7305 7393  255 20 147
3  7392 7304 7393  255 20 147
3  7305 7306 7394  255 20 147
3  7393 7305 7394  255 20 147
3  7306 7307 7395  255 20 147
3  7394 7306 7395  255 20 147
3  7307 7308 7396  255 20 147
3  7395 7307 7396  255 20 147
3  7308 7309 7397  255 20 147
3  7396 7308 7397  255 20 147
3  7309 7310 7398  255 20 147
3  7397 7309 7398  255 20 147
3  7310 7311 7399  255 20 147
3  7398 7310 7399  255 20 147
3  7311 7312 7400  255 20 147
3  7399 7311 7400  255 20 147
3  7312 7313 7401  255 20 147
3  7400 7312 7401  255 20 147
3  7313 7314 7402  255 20 147
3  7401 7313 7402  255 20 147
3  7314 7315 7403  255 20 147
3  7402 7314 7403  255 20 147
3  7315 7316 7404  255 20 147
3  7403 7315 7404  255 20 147
3  7316 7317 7405  255 20 147
3  7404 7316 7405  255 20 147
3  7317 7318 7406  255 20 147
3  7405 7317 7406  255 20 147
3  7318 7319 7407  255 20 147
3  7406 7318 7407  255 20 147
3  7319 7320 7408  255 20 147
3  7407 7319 7408  255 20 147
3  7320 7321 7409  255 20 147
3  7408 7320 7409  255 20 147
3  7321 7322 7410  255 20 147
3  7409 7321 7410  255 20 147
3  7322 7323 7411  255 20 147
3  7410 7322 7411  255 20 147
3  7323 7324 7412  255 20 147
3  7411 7323 7412  255 20 147
3  7324 7325 7413  255 20 147
3  7412 7324 7413  255 20 147
3  7325 7326 7414  255 20 147
3  7413 7325 7414  255 20 147
3  7326 7327 7415  255 20 147
3  7414 7326 7415  255 20 147
3  7327 7328 7416  255 20 147
3  7415 7327 7416  255 20 147
3  7328 7329 7417  255 20 147
3  7416 7328 7417  255 20 147
3  7329 7330 7418  255 20 147
3  7417 7329 7418  255 20 147
3  7330 7331 7419  255 20 147
3  7418 7330 7419  255 20 147
3  7331 7332 7420  255 20 147
3  7419 7331 7420  255 20 147
3  7332 7333 7421  255 20 147
3  7420 7332 7421  255 20 147
3  7333 7334 7422  255 20 147
3  7421 7333 7422  255 20 147
3  7334 7335 7423  255 20 147
3  7422 7334 7423  255 20 147
3  7335 7336 7424  255 20 147
3  7423 7335 7424  255 20 147
3  7336 7337 7425  255 20 147
3  7424 7336 7425  255 20 147
3  7337 7338 7426  255 20 147
3  7425 7337 7426  255 20 147
3  7338 7339 7427  255 20 147
3  7426 7338 7427  255 20 147
3  7339 7340 7428  255 20 147
3  7427 7339 7428  255 20 147
3  7340 7341 7429  255 20 147
3  7428 7340 7429  255 20 147
3  7341 7342 7430  255 20 147
3  7429 7341 7430  255 20 147
3  7342 7343 7431  255 20 147
3  7430 7342 7431  255 20 147
3  7343 7344 7432  255 20 147
3  7431 7343 7432  255 20 147
3  7344 7345 7433  255 20 147
3  7432 7344 7433  255 20 147
3  7345 7346 7434  255 20 147
3  7433 7345 7434  255 20 147
3  7346 7347 7435  255 20 147
3  7434 7346 7435  255 20 147
3  7347 7348 7436  255 20 147
3  7435 7347 7436  255 20 147
3  7348 7349 7437  255 20 147
3  7436 7348 7437  255 20 147
3  7349 7350 7438  255 20 147
3  7437 7349 7438  255 20 147
3  7350 7351 7439  255 20 147
3  7438 7350 7439  255 20 147
3  7351 7352 7440  255 20 147
3  7439 7351 7440  255 20 147
3  7352 7353 7441  255 20 147
3  7440 7352 7441  255 20 147
3  7353 7354 7442  255 20 147
3  7441 7353 7442  255 20 147
3  7354 7355 7443  255 20 147
3  7442 7354 7443  255 20 147
3  7355 7356 7444  255 20 147
3  7443 7355 7444  255 20 147
3  7356 7357 7445  255 20 147
3  7444 7356 7445  255 20 147
3  7357 7358 7446  255 20 147
3  7445 7357 7446  255 20 147
3  7358 7359 7447  255 20 147
3  7446 7358 7447  255 20 147
3  7359 7360 7448  255 20 147
3  7447 7359 7448  255 20 147
3  7360 7361 7449  255 20 147
3  7448 7360 7449  255 20 147
3  7361 2577 2578  255 20 147
3  7449 7361 2578  255 20 147
3  7456 7450 9937  255 20 147
3  7456 9937 7455  255 20 147
3  7457 7451 7450  255 20 147
3  7457 7450 7456  255 20 147
3  7458 7452 7451  255 20 147
3  7458 7451 7457  255 20 147
3  7459 7453 7452  255 20 147
3  7459 7452 7458  255 20 147
3  7460 7454 7453  255 20 147
3  7460 7453 7459  255 20 147
3  7461 10175 7454  255 20 147
3  7461 7454 7460  255 20 147
3  7462 7456 7455  255 20 147
3  7462 7455 9936  255 20 147
3  7463 7457 7456  255 20 147
3  7463 7456 7462  255 20 147
3  7464 7458 7457  255 20 147
3  7464 7457 7463  255 20 147
3  7465 7459 7458  255 20 147
3  7465 7458 7464  255 20 147
3  7466 7460 7459  255 20 147
3  7466 7459 7465  255 20 147
3  10174 7461 7460  255 20 147
3  10174 7460 7466  255 20 147
3  2572 7467 7555  255 0 255
3  2571 2572 7555  255 0 255
3  7467 7468 7556  255 0 255
3  7555 7467 7556  255 0 255
3  7468 7469 7557  255 0 255
3  7556 7468 7557  255 0 255
3  7469 7470 7558  255 0 255
3  7557 7469 7558  255 0 255
3  7470 7471 7559  255 0 255
3  7558 7470 7559  255 0 255
3  7471 7472 7560  255 0 255
3  7559 7471 7560  255 0 255
3  7472 7473 7561  255 0 255
3  7560 7472 7561  255 0 255
3  7473 7474 7562  255 0 255
3  7561 7473 7562  255 0 255
3  7474 7475 7563  255 0 255
3  7562 7474 7563  255 0 255
3  7475 7476 7564  255 0 255
3  7563 7475 7564  255 0 255
3  7476 7477 7565  255 0 255
3  7564 7476 7565  255 0 255
3  7477 7478 7566  255 0 255
3  7565 7477 7566  255 0 255
3  7478 7479 7567  255 0 255
3  7566 7478 7567  255 0 255
3  7479 7480 7568  255 0 255
3  7567 7479 7568  255 0 255
3  7480 7481 7569  255 0 255
3  7568 7480 7569  255 0 255
3  7481 7482 7570  255 0 255
3  7569 7481 7570  255 0 255
3  7482 7483 7571  255 0 255
3  7570 7482 7571  255 0 255
3  7483 7484 7572  255 0 255
3  7571 7483 7572  255 0 255
3  7484 7485 7573  255 0 255
3  7572 7484 7573  255 0 255
3  7485 7486 7574  255 0 255
3  7573 7485 7574  255 0 255
3  7486 7487 7575  255 0 255
3  7574 7486 7575  255 0 255
3  7487 7488 7576  255 0 255
3  7575 7487 7576  255 0 255
3  7488 7489 7577  255 0 255
3  7576 7488 7577  255 0 255
3  7489 7490 7578  255 0 255
3  7577 7489 7578  255 0 255
3  7490 7491 7579  255 0 255
3  7578 7490 7579  255 0 255
3  7491 7492 7580  255 0 255
3  7579 7491 7580  255 0 255
3  7492 7493 7581  255 0 255
3  7580 7492 7581  255 0 255
3  7493 7494 7582  255 0 255
3  7581 7493 7582  255 0 255
3  7494 7495 7583  255 0 255
3  7582 7494 7583  255 0 255
3  7495 7496 7584  255 0 255
3  7583 7495 7584  255 0 255
3  7496 7497 7585  255 0 255
3  7584 7496 7585  255 0 255
3  7497 7498 7586  255 0 255
3  7585 7497 7586  255 0 255
3  7498 7499 7587  255 0 255
3  7586 7498 7587  255 0 255
3  7499 7500 7588  255 0 255
3  7587 7499 7588  255 0 255
3  7500 7501 7589  255 0 255
3  7588 7500 7589  255 0 255
3  7501 7502 7590  255 0 255
3  7589 7501 7590  255 0 255
3  7502 7503 7591  255 0 255
3  7590 7502 7591  255 0 255
3  7503 7504 7592  255 0 255
3  7591 7503 7592  255 0 255
3  7504 7505 7593  255 0 255
3  7592 7504 7593  255 0 255
3  7505 7506 7594  255 0 255
3  7593 7505 7594  255 0 255
3  7506 7507 7595  255 0 255
3  7594 7506 7595  255 0 255
3  7507 7508 7596  255 0 255
3  7595 7507 7596  255 0 255
3  7508 7509 7597  255 0 255
3  7596 7508 7597  255 0 255
3  7509 7510 7598  255 0 255
3  7597 7509 7598  255 0 255
3  7510 7511 7599  255 0 255
3  7598 7510 7599  255 0 255
3  7511 7512 7600  255 0 255
3  7599 7511 7600  255 0 255
3  7512 7513 7601  255 0 255
3  7600 7512 7601  255 0 255
3  7513 7514 7602  255 0 255
3  7601 7513 7602  255 0 255
3  7514 7515 7603  255 0 255
3  7602 7514 7603  255 0 255
3  7515 7516 7604  255 0 255
3  7603 7515 7604  255 0 255
3  7516 7517 7605  255 0 255
3  7604 7516 7605  255 0 255
3  7517 7518 7606  255 0 255
3  7605 7517 7606  255 0 255
3  7518 7519 7607  255 0 255
3  7606 7518 7607  255 0 255
3  7519 7520 7608  255 0 255
3  7607 7519 7608  255 0 255
3  7520 7521 7609  255 0 255
3  7608 7520 7609  255 0 255
3  7521 7522 7610  255 0 255
3  7609 7521 7610  255 0 255
3  7522 7523 7611  255 0 255
3  7610 7522 7611  255 0 255
3  7523 7524 7612  255 0 255
3  7611 7523 7612  255 0 255
3  7524 7525 7613  255 0 255
3  7612 7524 7613  255 0 255
3  7525 7526 7614  255 0 255
3  7613 7525 7614  255 0 255
3  7526 7527 7615  255 0 255
3  7614 7526 7615  255 0 255
3  7527 7528 7616  255 0 255
3  7615 7527 7616  255 0 255
3  7528 7529 7617  255 0 255
3  7616 7528 7617  255 0 255
3  7529 7530 7618  255 0 255
3  7617 7529 7618  255 0 255
3  7530 7531 7619  255 0 255
3  7618 7530 7619  255 0 255
3  7531 7532 7620  255 0 255
3  7619 7531 7620  255 0 255
3  7532 7533 7621  255 0 255
3  7620 7532 7621  255 0 255
3  7533 7534 7622  255 0 255
3  7621 7533 7622  255 0 255
3  7534 7535 7623  255 0 255
3  7622 7534 7623  255 0 255
3  7535 7536 7624  255 0 255
3  7623 7535 7624  255 0 255
3  7536 7537 7625  255 0 255
3  7624 7536 7625  255 0 255
3  7537 7538 7626  255 0 255
3  7625 7537 7626  255 0 255
3  7538 7539 7627  255 0 255
3  7626 7538 7627  255 0 255
3  7539 7540 7628  255 0 255
3  7627 7539 7628  255 0 255
3  7540 7541 7629  255 0 255
3  7628 7540 7629  255 0 255
3  7541 7542 7630  255 0 255
3  7629 7541 7630  255 0 255
3  7542 7543 7631  255 0 255
3  7630 7542 7631  255 0 255
3  7543 7544 7632  255 0 255
3  7631 7543 7632  255 0 255
3  7544 7545 7633  255 0 255
3  7632 7544 7633  255 0 255
3  7545 7546 7634  255 0 255
3  7633 7545 7634  255 0 255
3  7546 7547 7635  255 0 255
3  7634 7546 7635  255 0 255
3  7547 7548 7636  255 0 255
3  7635 7547 7636  255 0 255
3  7548 7549 7637  255 0 255
3  7636 7548 7637  255 0 255
3  7549 7550 7638  255 0 255
3  7637 7549 7638  255 0 255
3  7550 7551 7639  255 0 255
3  7638 7550 7639  255 0 255
3  7551 7552 7640  255 0 255
3  7639 7551 7640  255 0 255
3  7552 7553 7641  255 0 255
3  7640 7552 7641  255 0 255
3  7553 7554 7642  255 0 255
3  7641 7553 7642  255 0 255
3  7554 1178 1179  255 0 255
3  7642 7554 1179  255 0 255
3  7645 7643 2155  255 0 255
3  7645 2155 2156  255 0 255
3  7646 7644 7643  255 0 255
3  7646 7643 7645  255 0 255
3  552 551 7644  255 0 255
3  552 7644 7646  255 0 255
3  1186 7647 7735  128 128 0
3  1185 1186 7735  128 128 0
3  7647 7648 7736  128 128 0
3  7735 7647 7736  128 128 0
3  7648 7649 7737  128 128 0
3  7736 7648 7737  128 128 0
3  7649 7650 7738  128 128 0
3  7737 7649 7738  128 128 0
3  7650 7651 7739  128 128 0
3  7738 7650 7739  128 128 0
3  7651 7652 7740  128 128 0
3  7739 7651 7740  128 128 0
3  7652 7653 7741  128 128 0
3  7740 7652 7741  128 128 0
3  7653 7654 7742  128 128 0
3  7741 7653 7742  128 128 0
3  7654 7655 7743  128 128 0
3  7742 7654 7743  128 128 0
3  7655 7656 7744  128 128 0
3  7743 7655 7744  128 128 0
3  7656 7657 7745  128 128 0
3  7744 7656 7745  128 128 0
3  7657 7658 7746  128 128 0
3  7745 7657 7746  128 128 0
3  7658 7659 7747  128 128 0
3  7746 7658 7747  128 128 0
3  7659 7660 7748  128 128 0
3  7747 7659 7748  128 128 0
3  7660 7661 7749  128 128 0
3  7748 7660 7749  128 128 0
3  7661 7662 7750  128 128 0
3  7749 7661 7750  128 128 0
3  7662 7663 7751  128 128 0
3  7750 7662 7751  128 128 0
3  7663 7664 7752  128 128 0
3  7751 7663 7752  128 128 0
3  7664 7665 7753  128 128 0
3  7752 7664 7753  128 128 0
3  7665 7666 7754  128 128 0
3  7753 7665 7754  128 128 0
3  7666 7667 7755  128 128 0
3  7754 7666 7755  128 128 0
3  7667 7668 7756  128 128 0
3  7755 7667 7756  128 128 0
3  7668 7669 7757  128 128 0
3  7756 7668 7757  128 128 0
3  7669 7670 7758  128 128 0
3  7757 7669 7758  128 128 0
3  7670 7671 7759  128 128 0
3  7758 7670 7759  128 128 0
3  7671 7672 7760  128 128 0
3  7759 7671 7760  128 128 0
3  7672 7673 7761  128 128 0
3  7760 7672 7761  128 128 0
3  7673 7674 7762  128 128 0
3  7761 7673 7762  128 128 0
3  7674 7675 7763  128 128 0
3  7762 7674 7763  128 128 0
3  7675 7676 7764  128 128 0
3  7763 7675 7764  128 128 0
3  7676 7677 7765  128 128 0
3  7764 7676 7765  128 128 0
3  7677 7678 7766  128 128 0
3  7765 7677 7766  128 128 0
3  7678 7679 7767  128 128 0
3  7766 7678 7767  128 128 0
3  7679 7680 7768  128 128 0
3  7767 7679 7768  128 128 0
3  7680 7681 7769  128 128 0
3  7768 7680 7769  128 128 0
3  7681 7682 7770  128 128 0
3  7769 7681 7770  128 128 0
3  7682 7683 7771  128 128 0
3  7770 7682 7771  128 128 0
3  7683 7684 7772  128 128 0
3  7771 7683 7772  128 128 0
3  7684 7685 7773  128 128 0
3  7772 7684 7773  128 128 0
3  7685 7686 7774  128 128 0
3  7773 7685 7774  128 128 0
3  7686 7687 7775  128 128 0
3  7774 7686 7775  128 128 0
3  7687 7688 7776  128 128 0
3  7775 7687 7776  128 128 0
3  7688 7689 7777  128 128 0
3  7776 7688 7777  128 128 0
3  7689 7690 7778  128 128 0
3  7777 7689 7778  128 128 0
3  7690 7691 7779  128 128 0
3  7778 7690 7779  128 128 0
3  7691 7692 7780  128 128 0
3  7779 7691 7780  128 128 0
3  7692 7693 7781  128 128 0
3  7780 7692 7781  128 128 0
3  7693 7694 7782  128 128 0
3  7781 7693 7782  128 128 0
3  7694 7695 7783  128 128 0
3  7782 7694 7783  128 128 0
3  7695 7696 7784  128 128 0
3  7783 7695 7784  128 128 0
3  7696 7697 7785  128 128 0
3  7784 7696 7785  128 128 0
3  7697 7698 7786  128 128 0
3  7785 7697 7786  128 128 0
3  7698 7699 7787  128 128 0
3  7786 7698 7787  128 128 0
3  7699 7700 7788  128 128 0
3  7787 7699 7788  128 128 0
3  7700 7701 7789  128 128 0
3  7788 7700 7789  128 128 0
3  7701 7702 7790  128 128 0
3  7789 7701 7790  128 128 0
3  7702 7703 7791  128 128 0
3  7790 7702 7791  128 128 0
3  7703 7704 7792  128 128 0
3  7791 7703 7792  128 128 0
3  7704 7705 7793  128 128 0
3  7792 7704 7793  128 128 0
3  7705 7706 7794  128 128 0
3  7793 7705 7794  128 128 0
3  7706 7707 7795  128 128 0
3  7794 7706 7795  128 128 0
3  7707 7708 7796  128 128 0
3  7795 7707 7796  128 128 0
3  7708 7709 7797  128 128 0
3  7796 7708 7797  128 128 0
3  7709 7710 7798  128 128 0
3  7797 7709 7798  128 128 0
3  7710 7711 7799  128 128 0
3  7798 7710 7799  128 128 0
3  7711 7712 7800  128 128 0
3  7799 7711 7800  128 128 0
3  7712 7713 7801  128 128 0
3  7800 7712 7801  128 128 0
3  7713 7714 7802  128 128 0
3  7801 7713 7802  128 128 0
3  7714 7715 7803  128 128 0
3  7802 7714 7803  128 128 0
3  7715 7716 7804  128 128 0
3  7803 7715 7804  128 128 0
3  7716 7717 7805  128 128 0
3  7804 7716 7805  128 128 0
3  7717 7718 7806  128 128 0
3  7805 7717 7806  128 128 0
3  7718 7719 7807  128 128 0
3  7806 7718 7807  128 128 0
3  7719 7720 7808  128 128 0
3  7807 7719 7808  128 128 0
3  7720 7721 7809  128 128 0
3  7808 7720 7809  128 128 0
3  7721 7722 7810  128 128 0
3  7809 7721 7810  128 128 0
3  7722 7723 7811  128 128 0
3  7810 7722 7811  128 128 0
3  7723 7724 7812  128 128 0
3  7811 7723 7812  128 128 0
3  7724 7725 7813  128 128 0
3  7812 7724 7813  128 128 0
3  7725 7726 7814  128 128 0
3  7813 7725 7814  128 128 0
3  7726 7727 7815  128 128 0
3  7814 7726 7815  128 128 0
3  7727 7728 7816  128 128 0
3  7815 7727 7816  128 128 0
3  7728 7729 7817  128 128 0
3  7816 7728 7817  128 128 0
3  7729 7730 7818  128 128 0
3  7817 7729 7818  128 128 0
3  7730 7731 7819  128 128 0
3  7818 7730 7819  128 128 0
3  7731 7732 7820  128 128 0
3  7819 7731 7820  128 128 0
3  7732 7733 7821  128 128 0
3  7820 7732 7821  128 128 0
3  7733 7734 7822  128 128 0
3  7821 7733 7822  128 128 0
3  7734 2565 2566  128 128 0
3  7822 7734 2566  128 128 0
3  7825 7823 559  128 128 0
3  7825 559 558  128 128 0
3  7826 7824 7823  128 128 0
3  7826 7823 7825  128 128 0
3  2162 2163 7824  128 128 0
3  2162 7824 7826  128 128 0
3  2314 1308 1307  128 255 255
3  2313 2314 1307  128 255 255
3  2313 1307 1303  128 255 255
3  2312 2313 1303  128 255 255
3  2418 1318 1319  255 128 0
3  2417 2418 1319  255 128 0
3  2417 1319 1314  255 128 0
3  2416 2417 1314  255 128 0
3  2419 7827 7828  255 128 0
3  2418 2419 7828  255 128 0
3  7827 2350 2351  255 128 0
3  7828 7827 2351  255 128 0
3  2416 7829 7830  255 128 0
3  2415 2416 7830  255 128 0
3  7829 2358 2359  255 128 0
3  7830 7829 2359  255 128 0
3  7834 7831 10062  0 255 255
3  7834 10062 7833  0 255 255
3  7835 7832 7831  0 255 255
3  7835 7831 7834  0 255 255
3  7836 10054 7832  0 255 255
3  7836 7832 7835  0 255 255
3  7837 7834 7833  0 255 255
3  7837 7833 10063  0 255 255
3  7838 7835 7834  0 255 255
3  7838 7834 7837  0 255 255
3  10052 7836 7835  0 255 255
3  10052 7835 7838  0 255 255
3  7840 7839 1373  0 0 255
3  7840 1373 1374  0 0 255
3  1333 1332 7839  0 0 255
3  1333 7839 7840  0 0 255
3  7842 7841 1568  128 64 255
3  7842 1568 1569  128 64 255
3  1347 1345 7841  128 64 255
3  1347 7841 7842  128 64 255
3  7853 7843 1567  128 64 255
3  7853 1567 1568  128 64 255
3  7854 7844 7843  128 64 255
3  7854 7843 7853  128 64 255
3  7855 7845 7844  128 64 255
3  7855 7844 7854  128 64 255
3  7856 7846 7845  128 64 255
3  7856 7845 7855  128 64 255
3  7857 7847 7846  128 64 255
3  7857 7846 7856  128 64 255
3  7858 7848 7847  128 64 255
3  7858 7847 7857  128 64 255
3  7859 7849 7848  128 64 255
3  7859 7848 7858  128 64 255
3  7860 7850 7849  128 64 255
3  7860 7849 7859  128 64 255
3  7861 7851 7850  128 64 255
3  7861 7850 7860  128 64 255
3  7862 7852 7851  128 64 255
3  7862 7851 7861  128 64 255
3  1716 1715 7852  128 64 255
3  1716 7852 7862  128 64 255
3  7866 7863 10107  255 228 196
3  7866 10107 7865  255 228 196
3  7867 10366 7863  255 228 196
3  7867 7863 7866  255 228 196
3  7868 7864 10366  255 228 196
3  7868 10366 7867  255 228 196
3  7869 10069 7864  255 228 196
3  7869 7864 7868  255 228 196
3  7870 7866 7865  255 228 196
3  7870 7865 10108  255 228 196
3  7871 7867 7866  255 228 196
3  7871 7866 7870  255 228 196
3  7872 7868 7867  255 228 196
3  7872 7867 7871  255 228 196
3  10070 7869 7868  255 228 196
3  10070 7868 7872  255 228 196
3  7887 7873 10109  255 228 196
3  7887 10109 7886  255 228 196
3  7888 7874 7873  255 228 196
3  7888 7873 7887  255 228 196
3  7889 7875 7874  255 228 196
3  7889 7874 7888  255 228 196
3  7890 7876 7875  255 228 196
3  7890 7875 7889  255 228 196
3  7891 7877 7876  255 228 196
3  7891 7876 7890  255 228 196
3  7892 7878 7877  255 228 196
3  7892 7877 7891  255 228 196
3  7893 7879 7878  255 228 196
3  7893 7878 7892  255 228 196
3  7894 7880 7879  255 228 196
3  7894 7879 7893  255 228 196
3  7895 7881 7880  255 228 196
3  7895 7880 7894  255 228 196
3  7896 7882 7881  255 228 196
3  7896 7881 7895  255 228 196
3  7897 7883 7882  255 228 196
3  7897 7882 7896  255 228 196
3  7898 7884 7883  255 228 196
3  7898 7883 7897  255 228 196
3  7899 7885 7884  255 228 196
3  7899 7884 7898  255 228 196
3  7900 10075 7885  255 228 196
3  7900 7885 7899  255 228 196
3  7901 7887 7886  255 228 196
3  7901 7886 10110  255 228 196
3  7902 7888 7887  255 228 196
3  7902 7887 7901  255 228 196
3  7903 7889 7888  255 228 196
3  7903 7888 7902  255 228 196
3  7904 7890 7889  255 228 196
3  7904 7889 7903  255 228 196
3  7905 7891 7890  255 228 196
3  7905 7890 7904  255 228 196
3  7906 7892 7891  255 228 196
3  7906 7891 7905  255 228 196
3  7907 7893 7892  255 228 196
3  7907 7892 7906  255 228 196
3  7908 7894 7893  255 228 196
3  7908 7893 7907  255 228 196
3  7909 7895 7894  255 228 196
3  7909 7894 7908  255 228 196
3  7910 7896 7895  255 228 196
3  7910 7895 7909  255 228 196
3  7911 7897 7896  255 228 196
3  7911 7896 7910  255 228 196
3  7912 7898 7897  255 228 196
3  7912 7897 7911  255 228 196
3  7913 7899 7898  255 228 196
3  7913 7898 7912  255 228 196
3  10074 7900 7899  255 228 196
3  10074 7899 7913  255 228 196
3  7966 7914 10111  255 228 196
3  7966 10111 7965  255 228 196
3  7967 7915 7914  255 228 196
3  7967 7914 7966  255 228 196
3  7968 7916 7915  255 228 196
3  7968 7915 7967  255 228 196
3  7969 7917 7916  255 228 196
3  7969 7916 7968  255 228 196
3  7970 7918 7917  255 228 196
3  7970 7917 7969  255 228 196
3  7971 7919 7918  255 228 196
3  7971 7918 7970  255 228 196
3  7972 7920 7919  255 228 196
3  7972 7919 7971  255 228 196
3  7973 7921 7920  255 228 196
3  7973 7920 7972  255 228 196
3  7974 7922 7921  255 228 196
3  7974 7921 7973  255 228 196
3  7975 7923 7922  255 228 196
3  7975 7922 7974  255 228 196
3  7976 7924 7923  255 228 196
3  7976 7923 7975  255 228 196
3  7977 7925 7924  255 228 196
3  7977 7924 7976  255 228 196
3  7978 7926 7925  255 228 196
3  7978 7925 7977  255 228 196
3  7979 7927 7926  255 228 196
3  7979 7926 7978  255 228 196
3  7980 7928 7927  255 228 196
3  7980 7927 7979  255 228 196
3  7981 7929 7928  255 228 196
3  7981 7928 7980  255 228 196
3  7982 7930 7929  255 228 196
3  7982 7929 7981  255 228 196
3  7983 7931 7930  255 228 196
3  7983 7930 7982  255 228 196
3  7984 7932 7931  255 228 196
3  7984 7931 7983  255 228 196
3  7985 7933 7932  255 228 196
3  7985 7932 7984  255 228 196
3  7986 7934 7933  255 228 196
3  7986 7933 7985  255 228 196
3  7987 7935 7934  255 228 196
3  7987 7934 7986  255 228 196
3  7988 7936 7935  255 228 196
3  7988 7935 7987  255 228 196
3  7989 7937 7936  255 228 196
3  7989 7936 7988  255 228 196
3  7990 7938 7937  255 228 196
3  7990 7937 7989  255 228 196
3  7991 7939 7938  255 228 196
3  7991 7938 7990  255 228 196
3  7992 7940 7939  255 228 196
3  7992 7939 7991  255 228 196
3  7993 7941 7940  255 228 196
3  7993 7940 7992  255 228 196
3  7994 7942 7941  255 228 196
3  7994 7941 7993  255 228 196
3  7995 7943 7942  255 228 196
3  7995 7942 7994  255 228 196
3  7996 7944 7943  255 228 196
3  7996 7943 7995  255 228 196
3  7997 7945 7944  255 228 196
3  7997 7944 7996  255 228 196
3  7998 7946 7945  255 228 196
3  7998 7945 7997  255 228 196
3  7999 7947 7946  255 228 196
3  7999 7946 7998  255 228 196
3  8000 7948 7947  255 228 196
3  8000 7947 7999  255 228 196
3  8001 7949 7948  255 228 196
3  8001 7948 8000  255 228 196
3  8002 7950 7949  255 228 196
3  8002 7949 8001  255 228 196
3  8003 7951 7950  255 228 196
3  8003 7950 8002  255 228 196
3  8004 7952 7951  255 228 196
3  8004 7951 8003  255 228 196
3  8005 7953 7952  255 228 196
3  8005 7952 8004  255 228 196
3  8006 7954 7953  255 228 196
3  8006 7953 8005  255 228 196
3  8007 7955 7954  255 228 196
3  8007 7954 8006  255 228 196
3  8008 7956 7955  255 228 196
3  8008 7955 8007  255 228 196
3  8009 7957 7956  255 228 196
3  8009 7956 8008  255 228 196
3  8010 7958 7957  255 228 196
3  8010 7957 8009  255 228 196
3  8011 7959 7958  255 228 196
3  8011 7958 8010  255 228 196
3  8012 7960 7959  255 228 196
3  8012 7959 8011  255 228 196
3  8013 7961 7960  255 228 196
3  8013 7960 8012  255 228 196
3  8014 7962 7961  255 228 196
3  8014 7961 8013  255 228 196
3  8015 7963 7962  255 228 196
3  8015 7962 8014  255 228 196
3  8016 7964 7963  255 228 196
3  8016 7963 8015  255 228 196
3  8017 10127 7964  255 228 196
3  8017 7964 8016  255 228 196
3  8018 7966 7965  255 228 196
3  8018 7965 10112  255 228 196
3  8019 7967 7966  255 228 196
3  8019 7966 8018  255 228 196
3  8020 7968 7967  255 228 196
3  8020 7967 8019  255 228 196
3  8021 7969 7968  255 228 196
3  8021 7968 8020  255 228 196
3  8022 7970 7969  255 228 196
3  8022 7969 8021  255 228 196
3  8023 7971 7970  255 228 196
3  8023 7970 8022  255 228 196
3  8024 7972 7971  255 228 196
3  8024 7971 8023  255 228 196
3  8025 7973 7972  255 228 196
3  8025 7972 8024  255 228 196
3  8026 7974 7973  255 228 196
3  8026 7973 8025  255 228 196
3  8027 7975 7974  255 228 196
3  8027 7974 8026  255 228 196
3  8028 7976 7975  255 228 196
3  8028 7975 8027  255 228 196
3  8029 7977 7976  255 228 196
3  8029 7976 8028  255 228 196
3  8030 7978 7977  255 228 196
3  8030 7977 8029  255 228 196
3  8031 7979 7978  255 228 196
3  8031 7978 8030  255 228 196
3  8032 7980 7979  255 228 196
3  8032 7979 8031  255 228 196
3  8033 7981 7980  255 228 196
3  8033 7980 8032  255 228 196
3  8034 7982 7981  255 228 196
3  8034 7981 8033  255 228 196
3  8035 7983 7982  255 228 196
3  8035 7982 8034  255 228 196
3  8036 7984 7983  255 228 196
3  8036 7983 8035  255 228 196
3  8037 7985 7984  255 228 196
3  8037 7984 8036  255 228 196
3  8038 7986 7985  255 228 196
3  8038 7985 8037  255 228 196
3  8039 7987 7986  255 228 196
3  8039 7986 8038  255 228 196
3  8040 7988 7987  255 228 196
3  8040 7987 8039  255 228 196
3  8041 7989 7988  255 228 196
3  8041 7988 8040  255 228 196
3  8042 7990 7989  255 228 196
3  8042 7989 8041  255 228 196
3  8043 7991 7990  255 228 196
3  8043 7990 8042  255 228 196
3  8044 7992 7991  255 228 196
3  8044 7991 8043  255 228 196
3  8045 7993 7992  255 228 196
3  8045 7992 8044  255 228 196
3  8046 7994 7993  255 228 196
3  8046 7993 8045  255 228 196
3  8047 7995 7994  255 228 196
3  8047 7994 8046  255 228 196
3  8048 7996 7995  255 228 196
3  8048 7995 8047  255 228 196
3  8049 7997 7996  255 228 196
3  8049 7996 8048  255 228 196
3  8050 7998 7997  255 228 196
3  8050 7997 8049  255 228 196
3  8051 7999 7998  255 228 196
3  8051 7998 8050  255 228 196
3  8052 8000 7999  255 228 196
3  8052 7999 8051  255 228 196
3  8053 8001 8000  255 228 196
3  8053 8000 8052  255 228 196
3  8054 8002 8001  255 228 196
3  8054 8001 8053  255 228 196
3  8055 8003 8002  255 228 196
3  8055 8002 8054  255 228 196
3  8056 8004 8003  255 228 196
3  8056 8003 8055  255 228 196
3  8057 8005 8004  255 228 196
3  8057 8004 8056  255 228 196
3  8058 8006 8005  255 228 196
3  8058 8005 8057  255 228 196
3  8059 8007 8006  255 228 196
3  8059 8006 8058  255 228 196
3  8060 8008 8007  255 228 196
3  8060 8007 8059  255 228 196
3  8061 8009 8008  255 228 196
3  8061 8008 8060  255 228 196
3  8062 8010 8009  255 228 196
3  8062 8009 8061  255 228 196
3  8063 8011 8010  255 228 196
3  8063 8010 8062  255 228 196
3  8064 8012 8011  255 228 196
3  8064 8011 8063  255 228 196
3  8065 8013 8012  255 228 196
3  8065 8012 8064  255 228 196
3  8066 8014 8013  255 228 196
3  8066 8013 8065  255 228 196
3  8067 8015 8014  255 228 196
3  8067 8014 8066  255 228 196
3  8068 8016 8015  255 228 196
3  8068 8015 8067  255 228 196
3  10128 8017 8016  255 228 196
3  10128 8016 8068  255 228 196
3  8070 8069 1339  0 0 192
3  8070 1339 1338  0 0 192
3  10058 10059 8069  0 0 192
3  10058 8069 8070  0 0 192
3  8072 8071 1364  64 255 255
3  8072 1364 1365  64 255 255
3  1340 1341 8071  64 255 255
3  1340 8071 8072  64 255 255
3  8074 8073 1442  0 128 64
3  8074 1442 1443  0 128 64
3  1363 1359 8073  0 128 64
3  1363 8073 8074  0 128 64
3  8085 8075 1441  128 0 128
3  8085 1441 1442  128 0 128
3  8086 8076 8075  128 0 128
3  8086 8075 8085  128 0 128
3  8087 8077 8076  128 0 128
3  8087 8076 8086  128 0 128
3  8088 8078 8077  128 0 128
3  8088 8077 8087  128 0 128
3  8089 8079 8078  128 0 128
3  8089 8078 8088  128 0 128
3  8090 8080 8079  128 0 128
3  8090 8079 8089  128 0 128
3  8091 8081 8080  128 0 128
3  8091 8080 8090  128 0 128
3  8092 8082 8081  128 0 128
3  8092 8081 8091  128 0 128
3  8093 8083 8082  128 0 128
3  8093 8082 8092  128 0 128
3  8094 8084 8083  128 0 128
3  8094 8083 8093  128 0 128
3  1369 1370 8084  128 0 128
3  1369 8084 8094  128 0 128
3  8158 8095 1440  128 0 128
3  8158 1440 1441  128 0 128
3  8159 8096 8095  128 0 128
3  8159 8095 8158  128 0 128
3  8160 8097 8096  128 0 128
3  8160 8096 8159  128 0 128
3  8161 8098 8097  128 0 128
3  8161 8097 8160  128 0 128
3  8162 8099 8098  128 0 128
3  8162 8098 8161  128 0 128
3  8163 8100 8099  128 0 128
3  8163 8099 8162  128 0 128
3  8164 8101 8100  128 0 128
3  8164 8100 8163  128 0 128
3  8165 8102 8101  128 0 128
3  8165 8101 8164  128 0 128
3  8166 8103 8102  128 0 128
3  8166 8102 8165  128 0 128
3  8167 8104 8103  128 0 128
3  8167 8103 8166  128 0 128
3  8168 8105 8104  128 0 128
3  8168 8104 8167  128 0 128
3  8169 8106 8105  128 0 128
3  8169 8105 8168  128 0 128
3  8170 8107 8106  128 0 128
3  8170 8106 8169  128 0 128
3  8171 8108 8107  128 0 128
3  8171 8107 8170  128 0 128
3  8172 8109 8108  128 0 128
3  8172 8108 8171  128 0 128
3  8173 8110 8109  128 0 128
3  8173 8109 8172  128 0 128
3  8174 8111 8110  128 0 128
3  8174 8110 8173  128 0 128
3  8175 8112 8111  128 0 128
3  8175 8111 8174  128 0 128
3  8176 8113 8112  128 0 128
3  8176 8112 8175  128 0 128
3  8177 8114 8113  128 0 128
3  8177 8113 8176  128 0 128
3  8178 8115 8114  128 0 128
3  8178 8114 8177  128 0 128
3  8179 8116 8115  128 0 128
3  8179 8115 8178  128 0 128
3  8180 8117 8116  128 0 128
3  8180 8116 8179  128 0 128
3  8181 8118 8117  128 0 128
3  8181 8117 8180  128 0 128
3  8182 8119 8118  128 0 128
3  8182 8118 8181  128 0 128
3  8183 8120 8119  128 0 128
3  8183 8119 8182  128 0 128
3  8184 8121 8120  128 0 128
3  8184 8120 8183  128 0 128
3  8185 8122 8121  128 0 128
3  8185 8121 8184  128 0 128
3  8186 8123 8122  128 0 128
3  8186 8122 8185  128 0 128
3  8187 8124 8123  128 0 128
3  8187 8123 8186  128 0 128
3  8188 8125 8124  128 0 128
3  8188 8124 8187  128 0 128
3  8189 8126 8125  128 0 128
3  8189 8125 8188  128 0 128
3  8190 8127 8126  128 0 128
3  8190 8126 8189  128 0 128
3  8191 8128 8127  128 0 128
3  8191 8127 8190  128 0 128
3  8192 8129 8128  128 0 128
3  8192 8128 8191  128 0 128
3  8193 8130 8129  128 0 128
3  8193 8129 8192  128 0 128
3  8194 8131 8130  128 0 128
3  8194 8130 8193  128 0 128
3  8195 8132 8131  128 0 128
3  8195 8131 8194  128 0 128
3  8196 8133 8132  128 0 128
3  8196 8132 8195  128 0 128
3  8197 8134 8133  128 0 128
3  8197 8133 8196  128 0 128
3  8198 8135 8134  128 0 128
3  8198 8134 8197  128 0 128
3  8199 8136 8135  128 0 128
3  8199 8135 8198  128 0 128
3  8200 8137 8136  128 0 128
3  8200 8136 8199  128 0 128
3  8201 8138 8137  128 0 128
3  8201 8137 8200  128 0 128
3  8202 8139 8138  128 0 128
3  8202 8138 8201  128 0 128
3  8203 8140 8139  128 0 128
3  8203 8139 8202  128 0 128
3  8204 8141 8140  128 0 128
3  8204 8140 8203  128 0 128
3  8205 8142 8141  128 0 128
3  8205 8141 8204  128 0 128
3  8206 8143 8142  128 0 128
3  8206 8142 8205  128 0 128
3  8207 8144 8143  128 0 128
3  8207 8143 8206  128 0 128
3  8208 8145 8144  128 0 128
3  8208 8144 8207  128 0 128
3  8209 8146 8145  128 0 128
3  8209 8145 8208  128 0 128
3  8210 8147 8146  128 0 128
3  8210 8146 8209  128 0 128
3  8211 8148 8147  128 0 128
3  8211 8147 8210  128 0 128
3  8212 8149 8148  128 0 128
3  8212 8148 8211  128 0 128
3  8213 8150 8149  128 0 128
3  8213 8149 8212  128 0 128
3  8214 8151 8150  128 0 128
3  8214 8150 8213  128 0 128
3  8215 8152 8151  128 0 128
3  8215 8151 8214  128 0 128
3  8216 8153 8152  128 0 128
3  8216 8152 8215  128 0 128
3  8217 8154 8153  128 0 128
3  8217 8153 8216  128 0 128
3  8218 8155 8154  128 0 128
3  8218 8154 8217  128 0 128
3  8219 8156 8155  128 0 128
3  8219 8155 8218  128 0 128
3  8220 8157 8156  128 0 128
3  8220 8156 8219  128 0 128
3  1747 1746 8157  128 0 128
3  1747 8157 8220  128 0 128
3  8221 8074 1443  0 128 64
3  8221 1443 1466  0 128 64
3  1353 1363 8074  0 128 64
3  1353 8074 8221  0 128 64
3  8236 8222 1466  0 128 64
3  8236 1466 1467  0 128 64
3  8237 8223 8222  0 128 64
3  8237 8222 8236  0 128 64
3  8238 8224 8223  0 128 64
3  8238 8223 8237  0 128 64
3  8239 8225 8224  0 128 64
3  8239 8224 8238  0 128 64
3  8240 8226 8225  0 128 64
3  8240 8225 8239  0 128 64
3  8241 8227 8226  0 128 64
3  8241 8226 8240  0 128 64
3  8242 8228 8227  0 128 64
3  8242 8227 8241  0 128 64
3  8243 8229 8228  0 128 64
3  8243 8228 8242  0 128 64
3  8244 8230 8229  0 128 64
3  8244 8229 8243  0 128 64
3  8245 8231 8230  0 128 64
3  8245 8230 8244  0 128 64
3  8246 8232 8231  0 128 64
3  8246 8231 8245  0 128 64
3  8247 8233 8232  0 128 64
3  8247 8232 8246  0 128 64
3  8248 8234 8233  0 128 64
3  8248 8233 8247  0 128 64
3  8249 8235 8234  0 128 64
3  8249 8234 8248  0 128 64
3  1608 1599 8235  0 128 64
3  1608 8235 8249  0 128 64
3  8252 8250 1357  255 128 64
3  8252 1357 1356  255 128 64
3  8253 8251 8250  255 128 64
3  8253 8250 8252  255 128 64
3  1366 1367 8251  255 128 64
3  1366 8251 8253  255 128 64
3  8258 8254 1358  64 255 255
3  8258 1358 1357  64 255 255
3  8259 8255 8254  64 255 255
3  8259 8254 8258  64 255 255
3  8260 8256 8255  64 255 255
3  8260 8255 8259  64 255 255
3  8261 8257 8256  64 255 255
3  8261 8256 8260  64 255 255
3  1367 1368 8257  64 255 255
3  1367 8257 8261  64 255 255
3  8273 8262 1359  255 64 64
3  8273 1359 1358  255 64 64
3  8274 8263 8262  255 64 64
3  8274 8262 8273  255 64 64
3  8275 8264 8263  255 64 64
3  8275 8263 8274  255 64 64
3  8276 8265 8264  255 64 64
3  8276 8264 8275  255 64 64
3  8277 8266 8265  255 64 64
3  8277 8265 8276  255 64 64
3  8278 8267 8266  255 64 64
3  8278 8266 8277  255 64 64
3  8279 8268 8267  255 64 64
3  8279 8267 8278  255 64 64
3  8280 8269 8268  255 64 64
3  8280 8268 8279  255 64 64
3  8281 8270 8269  255 64 64
3  8281 8269 8280  255 64 64
3  8282 8271 8270  255 64 64
3  8282 8270 8281  255 64 64
3  8283 8272 8271  255 64 64
3  8283 8271 8282  255 64 64
3  1368 1369 8272  255 64 64
3  1368 8272 8283  255 64 64
3  8296 8284 1349  255 255 128
3  8296 1349 1348  255 255 128
3  8297 8285 8284  255 255 128
3  8297 8284 8296  255 255 128
3  8298 8286 8285  255 255 128
3  8298 8285 8297  255 255 128
3  8299 8287 8286  255 255 128
3  8299 8286 8298  255 255 128
3  8300 8288 8287  255 255 128
3  8300 8287 8299  255 255 128
3  8301 8289 8288  255 255 128
3  8301 8288 8300  255 255 128
3  8302 8290 8289  255 255 128
3  8302 8289 8301  255 255 128
3  8303 8291 8290  255 255 128
3  8303 8290 8302  255 255 128
3  8304 8292 8291  255 255 128
3  8304 8291 8303  255 255 128
3  8305 8293 8292  255 255 128
3  8305 8292 8304  255 255 128
3  8306 8294 8293  255 255 128
3  8306 8293 8305  255 255 128
3  8307 8295 8294  255 255 128
3  8307 8294 8306  255 255 128
3  1378 1379 8295  255 255 128
3  1378 8295 8307  255 255 128
3  8313 8308 1342  0 0 255
3  8313 1342 1349  0 0 255
3  8314 8309 8308  0 0 255
3  8314 8308 8313  0 0 255
3  8315 8310 8309  0 0 255
3  8315 8309 8314  0 0 255
3  8316 8311 8310  0 0 255
3  8316 8310 8315  0 0 255
3  8317 8312 8311  0 0 255
3  8317 8311 8316  0 0 255
3  1379 1380 8312  0 0 255
3  1379 8312 8317  0 0 255
3  10374 8318 1343  255 255 128
3  10374 1343 1342  255 255 128
3  10375 8319 8318  255 255 128
3  10375 8318 10374  255 255 128
3  1380 1381 8319  255 255 128
3  1380 8319 10375  255 255 128
3  8325 8320 10078  255 165 0
3  8325 10078 8324  255 165 0
3  8326 8321 8320  255 165 0
3  8326 8320 8325  255 165 0
3  8327 8322 8321  255 165 0
3  8327 8321 8326  255 165 0
3  8328 8323 8322  255 165 0
3  8328 8322 8327  255 165 0
3  8329 9895 8323  255 165 0
3  8329 8323 8328  255 165 0
3  8330 8325 8324  255 165 0
3  8330 8324 1385  255 165 0
3  8331 8326 8325  255 165 0
3  8331 8325 8330  255 165 0
3  8332 8327 8326  255 165 0
3  8332 8326 8331  255 165 0
3  8333 8328 8327  255 165 0
3  8333 8327 8332  255 165 0
3  203 8329 8328  255 165 0
3  203 8328 8333  255 165 0
3  8334 8330 1385  128 255 64
3  8334 1385 1386  128 255 64
3  8335 8331 8330  128 255 64
3  8335 8330 8334  128 255 64
3  8336 8332 8331  128 255 64
3  8336 8331 8335  128 255 64
3  8337 8333 8332  128 255 64
3  8337 8332 8336  128 255 64
3  204 203 8333  128 255 64
3  204 8333 8337  128 255 64
3  8344 8338 1386  128 255 64
3  8344 1386 1387  128 255 64
3  8345 8339 8338  128 255 64
3  8345 8338 8344  128 255 64
3  8346 8340 8339  128 255 64
3  8346 8339 8345  128 255 64
3  8347 8341 8340  128 255 64
3  8347 8340 8346  128 255 64
3  8348 8342 8341  128 255 64
3  8348 8341 8347  128 255 64
3  8349 8343 8342  128 255 64
3  8349 8342 8348  128 255 64
3  205 204 8343  128 255 64
3  205 8343 8349  128 255 64
3  8361 8350 10081  255 128 255
3  8361 10081 8360  255 128 255
3  8362 8351 8350  255 128 255
3  8362 8350 8361  255 128 255
3  8363 8352 8351  255 128 255
3  8363 8351 8362  255 128 255
3  8364 8353 8352  255 128 255
3  8364 8352 8363  255 128 255
3  8365 8354 8353  255 128 255
3  8365 8353 8364  255 128 255
3  8366 8355 8354  255 128 255
3  8366 8354 8365  255 128 255
3  8367 8356 8355  255 128 255
3  8367 8355 8366  255 128 255
3  8368 8357 8356  255 128 255
3  8368 8356 8367  255 128 255
3  8369 8358 8357  255 128 255
3  8369 8357 8368  255 128 255
3  8370 8359 8358  255 128 255
3  8370 8358 8369  255 128 255
3  8371 9898 8359  255 128 255
3  8371 8359 8370  255 128 255
3  8372 8361 8360  255 128 255
3  8372 8360 10082  255 128 255
3  8373 8362 8361  255 128 255
3  8373 8361 8372  255 128 255
3  8374 8363 8362  255 128 255
3  8374 8362 8373  255 128 255
3  8375 8364 8363  255 128 255
3  8375 8363 8374  255 128 255
3  8376 8365 8364  255 128 255
3  8376 8364 8375  255 128 255
3  8377 8366 8365  255 128 255
3  8377 8365 8376  255 128 255
3  8378 8367 8366  255 128 255
3  8378 8366 8377  255 128 255
3  8379 8368 8367  255 128 255
3  8379 8367 8378  255 128 255
3  8380 8369 8368  255 128 255
3  8380 8368 8379  255 128 255
3  8381 8370 8369  255 128 255
3  8381 8369 8380  255 128 255
3  9899 8371 8370  255 128 255
3  9899 8370 8381  255 128 255
3  8385 8382 1397  224 255 255
3  8385 1397 1398  224 255 255
3  8386 8383 8382  224 255 255
3  8386 8382 8385  224 255 255
3  8387 8384 8383  224 255 255
3  8387 8383 8386  224 255 255
3  209 208 8384  224 255 255
3  209 8384 8387  224 255 255
3  8390 8388 1398  255 128 0
3  8390 1398 1399  255 128 0
3  8391 8389 8388  255 128 0
3  8391 8388 8390  255 128 0
3  210 209 8389  255 128 0
3  210 8389 8391  255 128 0
3  1592 8392 8393  0 192 192
3  1593 1592 8393  0 192 192
3  8392 10057 10056  0 192 192
3  8393 8392 10056  0 192 192
3  1329 1594 1593  255 255 0
3  1326 1329 1593  255 255 0
3  1340 8394 8395  255 255 0
3  1338 1340 8395  255 255 0
3  8394 1595 1594  255 255 0
3  8395 8394 1594  255 255 0
3  1366 8396 8398  255 255 0
3  1365 1366 8398  255 255 0
3  8396 8397 8399  255 255 0
3  8398 8396 8399  255 255 0
3  8397 1596 1595  255 255 0
3  8399 8397 1595  255 255 0
3  1596 8400 8408  64 128 255
3  1597 1596 8408  64 128 255
3  8400 8401 8409  64 128 255
3  8408 8400 8409  64 128 255
3  8401 8402 8410  64 128 255
3  8409 8401 8410  64 128 255
3  8402 8403 8411  64 128 255
3  8410 8402 8411  64 128 255
3  8403 8404 8412  64 128 255
3  8411 8403 8412  64 128 255
3  8404 8405 8413  64 128 255
3  8412 8404 8413  64 128 255
3  8405 8406 8414  64 128 255
3  8413 8405 8414  64 128 255
3  8406 8407 8415  64 128 255
3  8414 8406 8415  64 128 255
3  8407 1356 1354  64 128 255
3  8415 8407 1354  64 128 255
3  1353 8416 8433  64 255 255
3  1354 1353 8433  64 255 255
3  8416 8417 10383  64 255 255
3  8433 8416 10383  64 255 255
3  8417 8418 8434  64 255 255
3  10383 8417 8434  64 255 255
3  8418 8419 10382  64 255 255
3  8434 8418 10382  64 255 255
3  8419 8420 8435  64 255 255
3  10382 8419 8435  64 255 255
3  8420 8421 10381  64 255 255
3  8435 8420 10381  64 255 255
3  8421 8422 8436  64 255 255
3  10381 8421 8436  64 255 255
3  8422 8423 10380  64 255 255
3  8436 8422 10380  64 255 255
3  8423 8424 8437  64 255 255
3  10380 8423 8437  64 255 255
3  8424 8425 10379  64 255 255
3  8437 8424 10379  64 255 255
3  8425 8426 8438  64 255 255
3  10379 8425 8438  64 255 255
3  8426 8427 10378  64 255 255
3  8438 8426 10378  64 255 255
3  8427 8428 8439  64 255 255
3  10378 8427 8439  64 255 255
3  8428 8429 10377  64 255 255
3  8439 8428 10377  64 255 255
3  8429 8430 8440  64 255 255
3  10377 8429 8440  64 255 255
3  8430 8431 10376  64 255 255
3  8440 8430 10376  64 255 255
3  8431 8432 8441  64 255 255
3  10376 8431 8441  64 255 255
3  8432 1599 1597  64 255 255
3  8441 8432 1597  64 255 255
3  1608 10373 8442  0 192 0
3  1609 1608 8442  0 192 0
3  10373 10372 8443  0 192 0
3  8442 10373 8443  0 192 0
3  10372 10371 8444  0 192 0
3  8443 10372 8444  0 192 0
3  10371 10370 8445  0 192 0
3  8444 10371 8445  0 192 0
3  10370 10088 10089  0 192 0
3  8445 10370 10089  0 192 0
3  1609 8442 8446  0 255 0
3  1610 1609 8446  0 255 0
3  8442 8443 8447  0 255 0
3  8446 8442 8447  0 255 0
3  8443 8444 8448  0 255 0
3  8447 8443 8448  0 255 0
3  8444 8445 8449  0 255 0
3  8448 8444 8449  0 255 0
3  8445 10089 10090  0 255 0
3  8449 8445 10090  0 255 0
3  1610 8446 8450  255 128 0
3  1611 1610 8450  255 128 0
3  8446 8447 8451  255 128 0
3  8450 8446 8451  255 128 0
3  8447 8448 8452  255 128 0
3  8451 8447 8452  255 128 0
3  8448 8449 8453  255 128 0
3  8452 8448 8453  255 128 0
3  8449 10090 10091  255 128 0
3  8453 8449 10091  255 128 0
3  10092 8454 8453  128 0 128
3  10091 10092 8453  128 0 128
3  8454 8455 8452  128 0 128
3  8453 8454 8452  128 0 128
3  8455 8456 8451  128 0 128
3  8452 8455 8451  128 0 128
3  8456 8457 8450  128 0 128
3  8451 8456 8450  128 0 128
3  8457 1612 1611  128 0 128
3  8450 8457 1611  128 0 128
3  1613 8458 8467  255 255 0
3  1614 1613 8467  255 255 0
3  8458 8459 8468  255 255 0
3  8467 8458 8468  255 255 0
3  8459 8460 8469  255 255 0
3  8468 8459 8469  255 255 0
3  8460 8461 8470  255 255 0
3  8469 8460 8470  255 255 0
3  8461 8462 8471  255 255 0
3  8470 8461 8471  255 255 0
3  8462 8463 8472  255 255 0
3  8471 8462 8472  255 255 0
3  8463 8464 8473  255 255 0
3  8472 8463 8473  255 255 0
3  8464 8465 8474  255 255 0
3  8473 8464 8474  255 255 0
3  8465 8466 8475  255 255 0
3  8474 8465 8475  255 255 0
3  8466 212 211  255 255 0
3  8475 8466 211  255 255 0
3  1614 8467 8476  64 255 64
3  1621 1614 8476  64 255 64
3  8467 8468 8477  64 255 64
3  8476 8467 8477  64 255 64
3  8468 8469 8478  64 255 64
3  8477 8468 8478  64 255 64
3  8469 8470 8479  64 255 64
3  8478 8469 8479  64 255 64
3  8470 8471 8480  64 255 64
3  8479 8470 8480  64 255 64
3  8471 8472 8481  64 255 64
3  8480 8471 8481  64 255 64
3  8472 8473 8482  64 255 64
3  8481 8472 8482  64 255 64
3  8473 8474 8483  64 255 64
3  8482 8473 8483  64 255 64
3  8474 8475 8484  64 255 64
3  8483 8474 8484  64 255 64
3  8475 211 210  64 255 64
3  8484 8475 210  64 255 64
3  1621 8485 8487  0 255 0
3  1622 1621 8487  0 255 0
3  8485 8486 8488  0 255 0
3  8487 8485 8488  0 255 0
3  8486 1399 1391  0 255 0
3  8488 8486 1391  0 255 0
3  1622 8489 8490  0 255 0
3  1623 1622 8490  0 255 0
3  8489 9894 9892  0 255 0
3  8490 8489 9892  0 255 0
3  1623 8491 8492  0 255 0
3  1624 1623 8492  0 255 0
3  8491 189 188  0 255 0
3  8492 8491 188  0 255 0
3  184 8493 8492  224 255 255
3  188 184 8492  224 255 255
3  8493 1625 1624  224 255 255
3  8492 8493 1624  224 255 255
3  185 8494 8493  64 0 128
3  184 185 8493  64 0 128
3  8494 1626 1625  64 0 128
3  8493 8494 1625  64 0 128
3  9893 8495 8496  64 0 128
3  9890 9893 8496  64 0 128
3  8495 1627 1626  64 0 128
3  8496 8495 1626  64 0 128
3  1393 8497 8499  64 0 128
3  1392 1393 8499  64 0 128
3  8497 8498 8500  64 0 128
3  8499 8497 8500  64 0 128
3  8498 1628 1627  64 0 128
3  8500 8498 1627  64 0 128
3  1394 8501 8497  0 0 192
3  1393 1394 8497  0 0 192
3  8501 8502 8498  0 0 192
3  8497 8501 8498  0 0 192
3  8502 1629 1628  0 0 192
3  8498 8502 1628  0 0 192
3  8518 8503 10080  0 192 0
3  8518 10080 8517  0 192 0
3  8519 8504 8503  0 192 0
3  8519 8503 8518  0 192 0
3  8520 8505 8504  0 192 0
3  8520 8504 8519  0 192 0
3  8521 8506 8505  0 192 0
3  8521 8505 8520  0 192 0
3  8522 8507 8506  0 192 0
3  8522 8506 8521  0 192 0
3  8523 8508 8507  0 192 0
3  8523 8507 8522  0 192 0
3  8524 8509 8508  0 192 0
3  8524 8508 8523  0 192 0
3  8525 8510 8509  0 192 0
3  8525 8509 8524  0 192 0
3  8526 8511 8510  0 192 0
3  8526 8510 8525  0 192 0
3  8527 8512 8511  0 192 0
3  8527 8511 8526  0 192 0
3  8528 8513 8512  0 192 0
3  8528 8512 8527  0 192 0
3  8529 8514 8513  0 192 0
3  8529 8513 8528  0 192 0
3  8530 8515 8514  0 192 0
3  8530 8514 8529  0 192 0
3  8531 8516 8515  0 192 0
3  8531 8515 8530  0 192 0
3  8532 10114 8516  0 192 0
3  8532 8516 8531  0 192 0
3  8533 8518 8517  0 192 0
3  8533 8517 10079  0 192 0
3  8534 8519 8518  0 192 0
3  8534 8518 8533  0 192 0
3  8535 8520 8519  0 192 0
3  8535 8519 8534  0 192 0
3  8536 8521 8520  0 192 0
3  8536 8520 8535  0 192 0
3  10384 8522 8521  0 192 0
3  10384 8521 8536  0 192 0
3  8537 8523 8522  0 192 0
3  8537 8522 10384  0 192 0
3  8538 8524 8523  0 192 0
3  8538 8523 8537  0 192 0
3  8539 8525 8524  0 192 0
3  8539 8524 8538  0 192 0
3  8540 8526 8525  0 192 0
3  8540 8525 8539  0 192 0
3  10385 8527 8526  0 192 0
3  10385 8526 8540  0 192 0
3  8541 8528 8527  0 192 0
3  8541 8527 10385  0 192 0
3  8542 8529 8528  0 192 0
3  8542 8528 8541  0 192 0
3  8543 8530 8529  0 192 0
3  8543 8529 8542  0 192 0
3  8544 8531 8530  0 192 0
3  8544 8530 8543  0 192 0
3  10113 8532 8531  0 192 0
3  10113 8531 8544  0 192 0
3  10094 8545 8549  255 64 64
3  10093 10094 8549  255 64 64
3  8545 8546 8550  255 64 64
3  8549 8545 8550  255 64 64
3  8546 8547 8551  255 64 64
3  8550 8546 8551  255 64 64
3  8547 8548 8552  255 64 64
3  8551 8547 8552  255 64 64
3  8548 1685 1631  255 64 64
3  8552 8548 1631  255 64 64
3  1536 8553 8562  64 0 128
3  1535 1536 8562  64 0 128
3  8553 8554 8563  64 0 128
3  8562 8553 8563  64 0 128
3  8554 8555 8564  64 0 128
3  8563 8554 8564  64 0 128
3  8555 8556 8565  64 0 128
3  8564 8555 8565  64 0 128
3  8556 8557 8566  64 0 128
3  8565 8556 8566  64 0 128
3  8557 8558 8567  64 0 128
3  8566 8557 8567  64 0 128
3  8558 8559 8568  64 0 128
3  8567 8558 8568  64 0 128
3  8559 8560 8569  64 0 128
3  8568 8559 8569  64 0 128
3  8560 8561 8570  64 0 128
3  8569 8560 8570  64 0 128
3  8561 10116 8571  64 0 128
3  8570 8561 8571  64 0 128
3  1535 8562 8572  64 0 128
3  1534 1535 8572  64 0 128
3  8562 8563 10386  64 0 128
3  8572 8562 10386  64 0 128
3  8563 8564 8573  64 0 128
3  10386 8563 8573  64 0 128
3  8564 8565 10387  64 0 128
3  8573 8564 10387  64 0 128
3  8565 8566 8574  64 0 128
3  10387 8565 8574  64 0 128
3  8566 8567 10388  64 0 128
3  8574 8566 10388  64 0 128
3  8567 8568 8575  64 0 128
3  10388 8567 8575  64 0 128
3  8568 8569 10389  64 0 128
3  8575 8568 10389  64 0 128
3  8569 8570 8576  64 0 128
3  10389 8569 8576  64 0 128
3  8570 8571 10115  64 0 128
3  8576 8570 10115  64 0 128
3  10096 8577 10390  128 0 128
3  10095 10096 10390  128 0 128
3  8577 8578 10391  128 0 128
3  10390 8577 10391  128 0 128
3  8578 8579 10392  128 0 128
3  10391 8578 10392  128 0 128
3  8579 8580 10393  128 0 128
3  10392 8579 10393  128 0 128
3  8580 1687 1686  128 0 128
3  10393 8580 1686  128 0 128
3  10097 8581 8577  128 255 255
3  10096 10097 8577  128 255 255
3  8581 8582 8578  128 255 255
3  8577 8581 8578  128 255 255
3  8582 8583 8579  128 255 255
3  8578 8582 8579  128 255 255
3  8583 8584 8580  128 255 255
3  8579 8583 8580  128 255 255
3  8584 1688 1687  128 255 255
3  8580 8584 1687  128 255 255
3  1689 8585 8594  64 255 128
3  1700 1689 8594  64 255 128
3  8585 8586 8595  64 255 128
3  8594 8585 8595  64 255 128
3  8586 8587 8596  64 255 128
3  8595 8586 8596  64 255 128
3  8587 8588 8597  64 255 128
3  8596 8587 8597  64 255 128
3  8588 8589 8598  64 255 128
3  8597 8588 8598  64 255 128
3  8589 8590 8599  64 255 128
3  8598 8589 8599  64 255 128
3  8590 8591 8600  64 255 128
3  8599 8590 8600  64 255 128
3  8591 8592 8601  64 255 128
3  8600 8591 8601  64 255 128
3  8592 8593 8602  64 255 128
3  8601 8592 8602  64 255 128
3  8593 1388 1389  64 255 128
3  8602 8593 1389  64 255 128
3  1390 8603 8605  128 64 0
3  1389 1390 8605  128 64 0
3  8603 8604 8606  128 64 0
3  8605 8603 8606  128 64 0
3  8604 1701 1700  128 64 0
3  8606 8604 1700  128 64 0
3  1382 8607 8610  128 255 64
3  1390 1382 8610  128 255 64
3  8607 8608 8611  128 255 64
3  8610 8607 8611  128 255 64
3  8608 8609 8612  128 255 64
3  8611 8608 8612  128 255 64
3  8609 1702 1701  128 255 64
3  8612 8609 1701  128 255 64
3  191 8613 8614  128 255 64
3  193 191 8614  128 255 64
3  8613 1703 1702  128 255 64
3  8614 8613 1702  128 255 64
3  182 8615 8616  128 255 64
3  183 182 8616  128 255 64
3  8615 1704 1703  128 255 64
3  8616 8615 1703  128 255 64
3  9882 8617 8615  255 64 128
3  182 9882 8615  255 64 128
3  8617 1705 1704  255 64 128
3  8615 8617 1704  255 64 128
3  8621 8618 10117  123 104 238
3  8621 10117 8620  123 104 238
3  8622 8619 8618  123 104 238
3  8622 8618 8621  123 104 238
3  8623 9883 8619  123 104 238
3  8623 8619 8622  123 104 238
3  8624 8621 8620  123 104 238
3  8624 8620 10118  123 104 238
3  8625 8622 8621  123 104 238
3  8625 8621 8624  123 104 238
3  9884 8623 8622  123 104 238
3  9884 8622 8625  123 104 238
3  1706 8626 8627  123 104 238
3  1707 1706 8627  123 104 238
3  8626 190 192  123 104 238
3  8627 8626 192  123 104 238
3  1707 8628 8630  123 104 238
3  1708 1707 8630  123 104 238
3  8628 8629 8631  123 104 238
3  8630 8628 8631  123 104 238
3  8629 1383 1384  123 104 238
3  8631 8629 1384  123 104 238
3  201 8632 8643  255 240 245
3  202 201 8643  255 240 245
3  8632 8633 8644  255 240 245
3  8643 8632 8644  255 240 245
3  8633 8634 8645  255 240 245
3  8644 8633 8645  255 240 245
3  8634 8635 8646  255 240 245
3  8645 8634 8646  255 240 245
3  8635 8636 8647  255 240 245
3  8646 8635 8647  255 240 245
3  8636 8637 8648  255 240 245
3  8647 8636 8648  255 240 245
3  8637 8638 8649  255 240 245
3  8648 8637 8649  255 240 245
3  8638 8639 8650  255 240 245
3  8649 8638 8650  255 240 245
3  8639 8640 8651  255 240 245
3  8650 8639 8651  255 240 245
3  8640 8641 8652  255 240 245
3  8651 8640 8652  255 240 245
3  8641 8642 8653  255 240 245
3  8652 8641 8653  255 240 245
3  8642 1709 1708  255 240 245
3  8653 8642 1708  255 240 245
3  1709 8654 8664  245 222 179
3  1710 1709 8664  245 222 179
3  8654 8655 8665  245 222 179
3  8664 8654 8665  245 222 179
3  8655 8656 8666  245 222 179
3  8665 8655 8666  245 222 179
3  8656 8657 8667  245 222 179
3  8666 8656 8667  245 222 179
3  8657 8658 8668  245 222 179
3  8667 8657 8668  245 222 179
3  8658 8659 8669  245 222 179
3  8668 8658 8669  245 222 179
3  8659 8660 8670  245 222 179
3  8669 8659 8670  245 222 179
3  8660 8661 8671  245 222 179
3  8670 8660 8671  245 222 179
3  8661 8662 8672  245 222 179
3  8671 8661 8672  245 222 179
3  8662 8663 8673  245 222 179
3  8672 8662 8673  245 222 179
3  8663 201 200  245 222 179
3  8673 8663 200  245 222 179
3  10103 8674 8678  72 61 139
3  10102 10103 8678  72 61 139
3  8674 8675 8679  72 61 139
3  8678 8674 8679  72 61 139
3  8675 8676 8680  72 61 139
3  8679 8675 8680  72 61 139
3  8676 8677 8681  72 61 139
3  8680 8676 8681  72 61 139
3  8677 1712 1711  72 61 139
3  8681 8677 1711  72 61 139
3  10104 8682 8674  0 0 255
3  10103 10104 8674  0 0 255
3  8682 8683 8675  0 0 255
3  8674 8682 8675  0 0 255
3  8683 8684 8676  0 0 255
3  8675 8683 8676  0 0 255
3  8684 8685 8677  0 0 255
3  8676 8684 8677  0 0 255
3  8685 1713 1712  0 0 255
3  8677 8685 1712  0 0 255
3  10105 8686 8682  0 255 255
3  10104 10105 8682  0 255 255
3  8686 8687 8683  0 255 255
3  8682 8686 8683  0 255 255
3  8687 8688 8684  0 255 255
3  8683 8687 8684  0 255 255
3  8688 8689 8685  0 255 255
3  8684 8688 8685  0 255 255
3  8689 1714 1713  0 255 255
3  8685 8689 1713  0 255 255
3  1714 8689 8690  128 0 255
3  1715 1714 8690  128 0 255
3  8689 8688 8691  128 0 255
3  8690 8689 8691  128 0 255
3  8688 8687 8692  128 0 255
3  8691 8688 8692  128 0 255
3  8687 8686 8693  128 0 255
3  8692 8687 8693  128 0 255
3  8686 10105 10106  128 0 255
3  8693 8686 10106  128 0 255
3  8738 8694 10067  64 128 255
3  8738 10067 8737  64 128 255
3  8739 8695 8694  64 128 255
3  8739 8694 8738  64 128 255
3  8740 8696 8695  64 128 255
3  8740 8695 8739  64 128 255
3  8741 8697 8696  64 128 255
3  8741 8696 8740  64 128 255
3  8742 8698 8697  64 128 255
3  8742 8697 8741  64 128 255
3  8743 8699 8698  64 128 255
3  8743 8698 8742  64 128 255
3  8744 8700 8699  64 128 255
3  8744 8699 8743  64 128 255
3  8745 8701 8700  64 128 255
3  8745 8700 8744  64 128 255
3  8746 8702 8701  64 128 255
3  8746 8701 8745  64 128 255
3  8747 8703 8702  64 128 255
3  8747 8702 8746  64 128 255
3  8748 8704 8703  64 128 255
3  8748 8703 8747  64 128 255
3  8749 8705 8704  64 128 255
3  8749 8704 8748  64 128 255
3  8750 8706 8705  64 128 255
3  8750 8705 8749  64 128 255
3  8751 8707 8706  64 128 255
3  8751 8706 8750  64 128 255
3  8752 8708 8707  64 128 255
3  8752 8707 8751  64 128 255
3  8753 8709 8708  64 128 255
3  8753 8708 8752  64 128 255
3  8754 8710 8709  64 128 255
3  8754 8709 8753  64 128 255
3  8755 8711 8710  64 128 255
3  8755 8710 8754  64 128 255
3  8756 8712 8711  64 128 255
3  8756 8711 8755  64 128 255
3  8757 8713 8712  64 128 255
3  8757 8712 8756  64 128 255
3  8758 8714 8713  64 128 255
3  8758 8713 8757  64 128 255
3  8759 8715 8714  64 128 255
3  8759 8714 8758  64 128 255
3  8760 8716 8715  64 128 255
3  8760 8715 8759  64 128 255
3  8761 8717 8716  64 128 255
3  8761 8716 8760  64 128 255
3  8762 8718 8717  64 128 255
3  8762 8717 8761  64 128 255
3  8763 8719 8718  64 128 255
3  8763 8718 8762  64 128 255
3  8764 8720 8719  64 128 255
3  8764 8719 8763  64 128 255
3  8765 8721 8720  64 128 255
3  8765 8720 8764  64 128 255
3  8766 8722 8721  64 128 255
3  8766 8721 8765  64 128 255
3  8767 8723 8722  64 128 255
3  8767 8722 8766  64 128 255
3  8768 8724 8723  64 128 255
3  8768 8723 8767  64 128 255
3  8769 8725 8724  64 128 255
3  8769 8724 8768  64 128 255
3  8770 8726 8725  64 128 255
3  8770 8725 8769  64 128 255
3  8771 8727 8726  64 128 255
3  8771 8726 8770  64 128 255
3  8772 8728 8727  64 128 255
3  8772 8727 8771  64 128 255
3  8773 8729 8728  64 128 255
3  8773 8728 8772  64 128 255
3  8774 8730 8729  64 128 255
3  8774 8729 8773  64 128 255
3  8775 8731 8730  64 128 255
3  8775 8730 8774  64 128 255
3  8776 8732 8731  64 128 255
3  8776 8731 8775  64 128 255
3  8777 8733 8732  64 128 255
3  8777 8732 8776  64 128 255
3  8778 8734 8733  64 128 255
3  8778 8733 8777  64 128 255
3  8779 8735 8734  64 128 255
3  8779 8734 8778  64 128 255
3  8780 8736 8735  64 128 255
3  8780 8735 8779  64 128 255
3  8781 10122 8736  64 128 255
3  8781 8736 8780  64 128 255
3  8782 8738 8737  64 128 255
3  8782 8737 10068  64 128 255
3  8783 8739 8738  64 128 255
3  8783 8738 8782  64 128 255
3  8784 8740 8739  64 128 255
3  8784 8739 8783  64 128 255
3  8785 8741 8740  64 128 255
3  8785 8740 8784  64 128 255
3  8786 8742 8741  64 128 255
3  8786 8741 8785  64 128 255
3  8787 8743 8742  64 128 255
3  8787 8742 8786  64 128 255
3  8788 8744 8743  64 128 255
3  8788 8743 8787  64 128 255
3  8789 8745 8744  64 128 255
3  8789 8744 8788  64 128 255
3  8790 8746 8745  64 128 255
3  8790 8745 8789  64 128 255
3  8791 8747 8746  64 128 255
3  8791 8746 8790  64 128 255
3  8792 8748 8747  64 128 255
3  8792 8747 8791  64 128 255
3  8793 8749 8748  64 128 255
3  8793 8748 8792  64 128 255
3  8794 8750 8749  64 128 255
3  8794 8749 8793  64 128 255
3  8795 8751 8750  64 128 255
3  8795 8750 8794  64 128 255
3  8796 8752 8751  64 128 255
3  8796 8751 8795  64 128 255
3  8797 8753 8752  64 128 255
3  8797 8752 8796  64 128 255
3  8798 8754 8753  64 128 255
3  8798 8753 8797  64 128 255
3  8799 8755 8754  64 128 255
3  8799 8754 8798  64 128 255
3  8800 8756 8755  64 128 255
3  8800 8755 8799  64 128 255
3  8801 8757 8756  64 128 255
3  8801 8756 8800  64 128 255
3  8802 8758 8757  64 128 255
3  8802 8757 8801  64 128 255
3  8803 8759 8758  64 128 255
3  8803 8758 8802  64 128 255
3  8804 8760 8759  64 128 255
3  8804 8759 8803  64 128 255
3  8805 8761 8760  64 128 255
3  8805 8760 8804  64 128 255
3  8806 8762 8761  64 128 255
3  8806 8761 8805  64 128 255
3  8807 8763 8762  64 128 255
3  8807 8762 8806  64 128 255
3  8808 8764 8763  64 128 255
3  8808 8763 8807  64 128 255
3  8809 8765 8764  64 128 255
3  8809 8764 8808  64 128 255
3  8810 8766 8765  64 128 255
3  8810 8765 8809  64 128 255
3  8811 8767 8766  64 128 255
3  8811 8766 8810  64 128 255
3  8812 8768 8767  64 128 255
3  8812 8767 8811  64 128 255
3  8813 8769 8768  64 128 255
3  8813 8768 8812  64 128 255
3  8814 8770 8769  64 128 255
3  8814 8769 8813  64 128 255
3  8815 8771 8770  64 128 255
3  8815 8770 8814  64 128 255
3  8816 8772 8771  64 128 255
3  8816 8771 8815  64 128 255
3  8817 8773 8772  64 128 255
3  8817 8772 8816  64 128 255
3  8818 8774 8773  64 128 255
3  8818 8773 8817  64 128 255
3  8819 8775 8774  64 128 255
3  8819 8774 8818  64 128 255
3  8820 8776 8775  64 128 255
3  8820 8775 8819  64 128 255
3  8821 8777 8776  64 128 255
3  8821 8776 8820  64 128 255
3  8822 8778 8777  64 128 255
3  8822 8777 8821  64 128 255
3  8823 8779 8778  64 128 255
3  8823 8778 8822  64 128 255
3  8824 8780 8779  64 128 255
3  8824 8779 8823  64 128 255
3  10121 8781 8780  64 128 255
3  10121 8780 8824  64 128 255
3  1343 8825 8834  192 0 192
3  1344 1343 8834  192 0 192
3  8825 8826 8835  192 0 192
3  8834 8825 8835  192 0 192
3  8826 8827 8836  192 0 192
3  8835 8826 8836  192 0 192
3  8827 8828 8837  192 0 192
3  8836 8827 8837  192 0 192
3  8828 8829 10394  192 0 192
3  8837 8828 10394  192 0 192
3  8829 8830 8838  192 0 192
3  10394 8829 8838  192 0 192
3  8830 8831 8839  192 0 192
3  8838 8830 8839  192 0 192
3  8831 8832 8840  192 0 192
3  8839 8831 8840  192 0 192
3  8832 8833 8841  192 0 192
3  8840 8832 8841  192 0 192
3  8833 1728 1719  192 0 192
3  8841 8833 1719  192 0 192
3  1373 8842 8845  64 128 255
3  1381 1373 8845  64 128 255
3  8842 8843 8846  64 128 255
3  8845 8842 8846  64 128 255
3  8843 8844 8847  64 128 255
3  8846 8843 8847  64 128 255
3  8844 1729 1728  64 128 255
3  8847 8844 1728  64 128 255
3  1336 8848 8851  64 128 255
3  1334 1336 8851  64 128 255
3  8848 8849 8852  64 128 255
3  8851 8848 8852  64 128 255
3  8849 8850 8853  64 128 255
3  8852 8849 8853  64 128 255
3  8850 10124 8854  64 128 255
3  8853 8850 8854  64 128 255
3  1334 8851 8855  64 128 255
3  1332 1334 8855  64 128 255
3  8851 8852 8856  64 128 255
3  8855 8851 8856  64 128 255
3  8852 8853 8857  64 128 255
3  8856 8852 8857  64 128 255
3  8853 8854 10123  64 128 255
3  8857 8853 10123  64 128 255
3  10055 10050 8858  64 128 255
3  8859 10055 8858  64 128 255
3  8859 8858 1731  64 128 255
3  1730 8859 1731  64 128 255
3  10125 8860 8863  224 255 255
3  8862 10125 8863  224 255 255
3  8860 8861 8864  224 255 255
3  8863 8860 8864  224 255 255
3  8861 10051 8865  224 255 255
3  8864 8861 8865  224 255 255
3  8862 8863 8866  224 255 255
3  1732 8862 8866  224 255 255
3  8863 8864 8867  224 255 255
3  8866 8863 8867  224 255 255
3  8864 8865 10049  224 255 255
3  8867 8864 10049  224 255 255
3  1733 1732 8866  255 255 128
3  8868 1733 8866  255 255 128
3  8869 8867 10049  255 255 128
3  10053 8869 10049  255 255 128
3  8868 8866 8867  255 255 128
3  8869 8868 8867  255 255 128
3  1733 8870 8871  255 255 128
3  1734 1733 8871  255 255 128
3  8870 10064 10061  255 255 128
3  8871 8870 10061  255 255 128
3  1734 8872 8877  255 255 128
3  1735 1734 8877  255 255 128
3  8872 8873 8878  255 255 128
3  8877 8872 8878  255 255 128
3  8873 8874 8879  255 255 128
3  8878 8873 8879  255 255 128
3  8874 8875 8880  255 255 128
3  8879 8874 8880  255 255 128
3  8875 8876 8881  255 255 128
3  8880 8875 8881  255 255 128
3  8876 1374 1375  255 255 128
3  8881 8876 1375  255 255 128
3  1735 8877 8883  255 228 196
3  8882 1735 8883  255 228 196
3  8877 8878 8884  255 228 196
3  8883 8877 8884  255 228 196
3  8878 8879 8885  255 228 196
3  8884 8878 8885  255 228 196
3  8879 8880 8886  255 228 196
3  8885 8879 8886  255 228 196
3  8880 8881 8887  255 228 196
3  8886 8880 8887  255 228 196
3  8881 1375 8888  255 228 196
3  8887 8881 8888  255 228 196
3  8882 8883 8889  255 228 196
3  10126 8882 8889  255 228 196
3  8883 8884 8890  255 228 196
3  8889 8883 8890  255 228 196
3  8884 8885 8891  255 228 196
3  8890 8884 8891  255 228 196
3  8885 8886 8892  255 228 196
3  8891 8885 8892  255 228 196
3  8886 8887 8893  255 228 196
3  8892 8886 8893  255 228 196
3  8887 8888 10073  255 228 196
3  8893 8887 10073  255 228 196
3  1736 8894 8902  0 192 0
3  1737 1736 8902  0 192 0
3  8894 8895 8903  0 192 0
3  8902 8894 8903  0 192 0
3  8895 8896 8904  0 192 0
3  8903 8895 8904  0 192 0
3  8896 8897 8905  0 192 0
3  8904 8896 8905  0 192 0
3  8897 10395 8906  0 192 0
3  8905 8897 8906  0 192 0
3  10395 8898 8907  0 192 0
3  8906 10395 8907  0 192 0
3  8898 8899 8908  0 192 0
3  8907 8898 8908  0 192 0
3  8899 8900 8909  0 192 0
3  8908 8899 8909  0 192 0
3  8900 8901 8910  0 192 0
3  8909 8900 8910  0 192 0
3  8901 1376 1377  0 192 0
3  8910 8901 1377  0 192 0
3  1741 8911 8923  255 228 196
3  1742 1741 8923  255 228 196
3  8911 8912 8924  255 228 196
3  8923 8911 8924  255 228 196
3  8912 8913 8925  255 228 196
3  8924 8912 8925  255 228 196
3  8913 10369 8926  255 228 196
3  8925 8913 8926  255 228 196
3  10369 8914 8927  255 228 196
3  8926 10369 8927  255 228 196
3  8914 8915 8928  255 228 196
3  8927 8914 8928  255 228 196
3  8915 8916 8929  255 228 196
3  8928 8915 8929  255 228 196
3  8916 10368 8930  255 228 196
3  8929 8916 8930  255 228 196
3  10368 8917 8931  255 228 196
3  8930 10368 8931  255 228 196
3  8917 8918 8932  255 228 196
3  8931 8917 8932  255 228 196
3  8918 8919 8933  255 228 196
3  8932 8918 8933  255 228 196
3  8919 10367 8934  255 228 196
3  8933 8919 8934  255 228 196
3  10367 8920 8935  255 228 196
3  8934 10367 8935  255 228 196
3  8920 8921 8936  255 228 196
3  8935 8920 8936  255 228 196
3  8921 8922 8937  255 228 196
3  8936 8921 8937  255 228 196
3  8922 1572 1432  255 228 196
3  8937 8922 1432  255 228 196
3  1742 8938 8942  255 240 245
3  1743 1742 8942  255 240 245
3  8938 8939 8943  255 240 245
3  8942 8938 8943  255 240 245
3  8939 8940 8944  255 240 245
3  8943 8939 8944  255 240 245
3  8940 8941 8945  255 240 245
3  8944 8940 8945  255 240 245
3  8941 10083 10084  255 240 245
3  8945 8941 10084  255 240 245
3  1743 8942 8946  255 255 0
3  1744 1743 8946  255 255 0
3  8942 8943 8947  255 255 0
3  8946 8942 8947  255 255 0
3  8943 8944 8948  255 255 0
3  8947 8943 8948  255 255 0
3  8944 8945 8949  255 255 0
3  8948 8944 8949  255 255 0
3  8945 10084 10085  255 255 0
3  8949 8945 10085  255 255 0
3  1744 8946 8950  255 0 255
3  1745 1744 8950  255 0 255
3  8946 8947 8951  255 0 255
3  8950 8946 8951  255 0 255
3  8947 8948 8952  255 0 255
3  8951 8947 8952  255 0 255
3  8948 8949 8953  255 0 255
3  8952 8948 8953  255 0 255
3  8949 10085 10086  255 0 255
3  8953 8949 10086  255 0 255
3  1745 8950 8954  123 104 238
3  1746 1745 8954  123 104 238
3  8950 8951 8955  123 104 238
3  8954 8950 8955  123 104 238
3  8951 8952 8956  123 104 238
3  8955 8951 8956  123 104 238
3  8952 8953 8957  123 104 238
3  8956 8952 8957  123 104 238
3  8953 10086 10087  123 104 238
3  8957 8953 10087  123 104 238
3  8982 8958 10072  0 192 0
3  8982 10072 8981  0 192 0
3  8983 8959 8958  0 192 0
3  8983 8958 8982  0 192 0
3  8984 8960 8959  0 192 0
3  8984 8959 8983  0 192 0
3  8985 8961 8960  0 192 0
3  8985 8960 8984  0 192 0
3  8986 8962 8961  0 192 0
3  8986 8961 8985  0 192 0
3  8987 8963 8962  0 192 0
3  8987 8962 8986  0 192 0
3  8988 8964 8963  0 192 0
3  8988 8963 8987  0 192 0
3  8989 8965 8964  0 192 0
3  8989 8964 8988  0 192 0
3  8990 8966 8965  0 192 0
3  8990 8965 8989  0 192 0
3  8991 8967 8966  0 192 0
3  8991 8966 8990  0 192 0
3  8992 8968 8967  0 192 0
3  8992 8967 8991  0 192 0
3  8993 8969 8968  0 192 0
3  8993 8968 8992  0 192 0
3  8994 8970 8969  0 192 0
3  8994 8969 8993  0 192 0
3  8995 8971 8970  0 192 0
3  8995 8970 8994  0 192 0
3  8996 8972 8971  0 192 0
3  8996 8971 8995  0 192 0
3  8997 8973 8972  0 192 0
3  8997 8972 8996  0 192 0
3  8998 8974 8973  0 192 0
3  8998 8973 8997  0 192 0
3  8999 8975 8974  0 192 0
3  8999 8974 8998  0 192 0
3  9000 8976 8975  0 192 0
3  9000 8975 8999  0 192 0
3  9001 8977 8976  0 192 0
3  9001 8976 9000  0 192 0
3  9002 8978 8977  0 192 0
3  9002 8977 9001  0 192 0
3  9003 8979 8978  0 192 0
3  9003 8978 9002  0 192 0
3  9004 8980 8979  0 192 0
3  9004 8979 9003  0 192 0
3  9005 10130 8980  0 192 0
3  9005 8980 9004  0 192 0
3  9006 8982 8981  0 192 0
3  9006 8981 10071  0 192 0
3  9007 8983 8982  0 192 0
3  9007 8982 9006  0 192 0
3  9008 8984 8983  0 192 0
3  9008 8983 9007  0 192 0
3  9009 8985 8984  0 192 0
3  9009 8984 9008  0 192 0
3  9010 8986 8985  0 192 0
3  9010 8985 9009  0 192 0
3  9011 8987 8986  0 192 0
3  9011 8986 9010  0 192 0
3  9012 8988 8987  0 192 0
3  9012 8987 9011  0 192 0
3  9013 8989 8988  0 192 0
3  9013 8988 9012  0 192 0
3  9014 8990 8989  0 192 0
3  9014 8989 9013  0 192 0
3  9015 8991 8990  0 192 0
3  9015 8990 9014  0 192 0
3  9016 8992 8991  0 192 0
3  9016 8991 9015  0 192 0
3  9017 8993 8992  0 192 0
3  9017 8992 9016  0 192 0
3  9018 8994 8993  0 192 0
3  9018 8993 9017  0 192 0
3  9019 8995 8994  0 192 0
3  9019 8994 9018  0 192 0
3  9020 8996 8995  0 192 0
3  9020 8995 9019  0 192 0
3  9021 8997 8996  0 192 0
3  9021 8996 9020  0 192 0
3  9022 8998 8997  0 192 0
3  9022 8997 9021  0 192 0
3  9023 8999 8998  0 192 0
3  9023 8998 9022  0 192 0
3  9024 9000 8999  0 192 0
3  9024 8999 9023  0 192 0
3  9025 9001 9000  0 192 0
3  9025 9000 9024  0 192 0
3  9026 9002 9001  0 192 0
3  9026 9001 9025  0 192 0
3  9027 9003 9002  0 192 0
3  9027 9002 9026  0 192 0
3  9028 9004 9003  0 192 0
3  9028 9003 9027  0 192 0
3  10129 9005 9004  0 192 0
3  10129 9004 9028  0 192 0
3  1763 10397 9029  255 228 196
3  1764 1763 9029  255 228 196
3  10397 10396 9030  255 228 196
3  9029 10397 9030  255 228 196
3  10396 1371 1372  255 228 196
3  9030 10396 1372  255 228 196
3  1764 9031 9035  128 255 64
3  1765 1764 9035  128 255 64
3  9031 9032 9036  128 255 64
3  9035 9031 9036  128 255 64
3  9032 9033 9037  128 255 64
3  9036 9032 9037  128 255 64
3  9033 9034 9038  128 255 64
3  9037 9033 9038  128 255 64
3  9034 1372 1364  128 255 64
3  9038 9034 1364  128 255 64
3  9043 9039 10131  128 255 64
3  9043 10131 9042  128 255 64
3  9044 9040 9039  128 255 64
3  9044 9039 9043  128 255 64
3  9045 9041 9040  128 255 64
3  9045 9040 9044  128 255 64
3  9046 10066 9041  128 255 64
3  9046 9041 9045  128 255 64
3  9047 9043 9042  128 255 64
3  9047 9042 10132  128 255 64
3  9048 9044 9043  128 255 64
3  9048 9043 9047  128 255 64
3  9049 9045 9044  128 255 64
3  9049 9044 9048  128 255 64
3  10065 9046 9045  128 255 64
3  10065 9045 9049  128 255 64
3  10133 9050 9052  128 255 64
3  9051 10133 9052  128 255 64
3  9050 10060 9053  128 255 64
3  9052 9050 9053  128 255 64
3  9051 9052 8392  128 255 64
3  1592 9051 8392  128 255 64
3  9052 9053 10057  128 255 64
3  8392 9052 10057  128 255 64
3  9055 1769 101  50 205 50
3  9055 101 9054  50 205 50
3  1767 9055 9054  50 205 50
3  1767 9054 99  50 205 50
3  102 101 1769  255 128 128
3  102 1769 1770  255 128 128
3  9057 102 1770  192 0 0
3  9057 1770 9056  192 0 0
3  100 9057 9056  192 0 0
3  100 9056 1768  192 0 0
3  1768 1767 99  240 128 128
3  1768 99 100  240 128 128
3  1780 2390 9059  255 165 0
3  9058 1780 9059  255 165 0
3  9058 9059 10234  255 165 0
3  10134 9058 10234  255 165 0
3  10134 10234 9061  123 104 238
3  9060 10134 9061  123 104 238
3  9060 9061 2386  123 104 238
3  1784 9060 2386  123 104 238
3  1784 2386 2385  0 128 64
3  1785 1784 2385  0 128 64
3  1785 2385 2384  123 104 238
3  1789 1785 2384  123 104 238
3  1789 2384 2379  245 222 179
3  1793 1789 2379  245 222 179
3  2378 1794 1793  255 165 0
3  2379 2378 1793  255 165 0
3  2398 1808 1807  255 165 0
3  2399 2398 1807  255 165 0
3  1794 810 807  0 128 64
3  1798 1794 807  0 128 64
3  2412 811 810  0 128 64
3  2378 2412 810  0 128 64
3  806 1799 1798  176 196 222
3  807 806 1798  176 196 222
3  9976 10135 1799  255 128 128
3  806 9976 1799  255 128 128
3  9064 9062 9975  176 196 222
3  9064 9975 9063  176 196 222
3  9065 10137 9062  176 196 222
3  9065 9062 9064  176 196 222
3  9066 9064 9063  176 196 222
3  9066 9063 9977  176 196 222
3  10136 9065 9064  176 196 222
3  10136 9064 9066  176 196 222
3  796 1807 1803  128 128 0
3  797 796 1803  128 128 0
3  9068 10236 9973  128 128 0
3  9068 9973 9067  128 128 0
3  10235 9068 9067  128 128 0
3  10235 9067 9974  128 128 0
3  2393 1812 1808  224 255 255
3  2398 2393 1808  224 255 255
3  1812 2393 2392  123 104 238
3  1813 1812 2392  123 104 238
3  2391 1817 1813  255 0 0
3  2392 2391 1813  255 0 0
3  1817 2391 2390  245 222 179
3  1780 1817 2390  245 222 179
3  263 1867 1868  72 61 139
3  264 263 1868  72 61 139
3  281 1885 1897  72 61 139
3  293 281 1897  72 61 139
3  308 1912 1920  72 61 139
3  316 308 1920  72 61 139
3  330 1934 1941  72 61 139
3  337 330 1941  72 61 139
3  352 1956 1966  72 61 139
3  362 352 1966  72 61 139
3  9080 9069 9900  0 0 192
3  9080 9900 9079  0 0 192
3  9081 9070 9069  0 0 192
3  9081 9069 9080  0 0 192
3  9082 9071 9070  0 0 192
3  9082 9070 9081  0 0 192
3  9083 9072 9071  0 0 192
3  9083 9071 9082  0 0 192
3  9084 9073 9072  0 0 192
3  9084 9072 9083  0 0 192
3  9085 9074 9073  0 0 192
3  9085 9073 9084  0 0 192
3  9086 9075 9074  0 0 192
3  9086 9074 9085  0 0 192
3  9087 9076 9075  0 0 192
3  9087 9075 9086  0 0 192
3  9088 9077 9076  0 0 192
3  9088 9076 9087  0 0 192
3  9089 9078 9077  0 0 192
3  9089 9077 9088  0 0 192
3  9090 10138 9078  0 0 192
3  9090 9078 9089  0 0 192
3  9091 9080 9079  0 0 192
3  9091 9079 9901  0 0 192
3  9092 9081 9080  0 0 192
3  9092 9080 9091  0 0 192
3  9093 9082 9081  0 0 192
3  9093 9081 9092  0 0 192
3  9094 9083 9082  0 0 192
3  9094 9082 9093  0 0 192
3  9095 9084 9083  0 0 192
3  9095 9083 9094  0 0 192
3  9096 9085 9084  0 0 192
3  9096 9084 9095  0 0 192
3  9097 9086 9085  0 0 192
3  9097 9085 9096  0 0 192
3  9098 9087 9086  0 0 192
3  9098 9086 9097  0 0 192
3  9099 9088 9087  0 0 192
3  9099 9087 9098  0 0 192
3  9100 9089 9088  0 0 192
3  9100 9088 9099  0 0 192
3  10139 9090 9089  0 0 192
3  10139 9089 9100  0 0 192
3  265 1869 1884  72 61 139
3  280 265 1884  72 61 139
3  294 1898 1911  72 61 139
3  307 294 1911  72 61 139
3  317 1921 1933  72 61 139
3  329 317 1933  72 61 139
3  338 1942 1955  72 61 139
3  351 338 1955  72 61 139
3  293 9101 9106  0 255 0
3  294 293 9106  0 255 0
3  9101 9102 9107  0 255 0
3  9106 9101 9107  0 255 0
3  9102 9103 9108  0 255 0
3  9107 9102 9108  0 255 0
3  9103 9104 9109  0 255 0
3  9108 9103 9109  0 255 0
3  9104 9105 9110  0 255 0
3  9109 9104 9110  0 255 0
3  9105 1897 1898  0 255 0
3  9110 9105 1898  0 255 0
3  1912 9111 9116  0 0 255
3  1911 1912 9116  0 0 255
3  9111 9112 9117  0 0 255
3  9116 9111 9117  0 0 255
3  9112 9113 9118  0 0 255
3  9117 9112 9118  0 0 255
3  9113 9114 9119  0 0 255
3  9118 9113 9119  0 0 255
3  9114 9115 9120  0 0 255
3  9119 9114 9120  0 0 255
3  9115 308 307  0 0 255
3  9120 9115 307  0 0 255
3  316 9121 9126  72 61 139
3  317 316 9126  72 61 139
3  9121 9122 9127  72 61 139
3  9126 9121 9127  72 61 139
3  9122 9123 9128  72 61 139
3  9127 9122 9128  72 61 139
3  9123 9124 9129  72 61 139
3  9128 9123 9129  72 61 139
3  9124 9125 9130  72 61 139
3  9129 9124 9130  72 61 139
3  9125 1920 1921  72 61 139
3  9130 9125 1921  72 61 139
3  1934 9131 9136  128 64 255
3  1933 1934 9136  128 64 255
3  9131 9132 9137  128 64 255
3  9136 9131 9137  128 64 255
3  9132 9133 9138  128 64 255
3  9137 9132 9138  128 64 255
3  9133 9134 9139  128 64 255
3  9138 9133 9139  128 64 255
3  9134 9135 9140  128 64 255
3  9139 9134 9140  128 64 255
3  9135 330 329  128 64 255
3  9140 9135 329  128 64 255
3  337 9141 9146  224 255 255
3  338 337 9146  224 255 255
3  9141 9142 9147  224 255 255
3  9146 9141 9147  224 255 255
3  9142 9143 9148  224 255 255
3  9147 9142 9148  224 255 255
3  9143 9144 9149  224 255 255
3  9148 9143 9149  224 255 255
3  9144 9145 9150  224 255 255
3  9149 9144 9150  224 255 255
3  9145 1941 1942  224 255 255
3  9150 9145 1942  224 255 255
3  9162 9151 10143  255 64 64
3  9162 10143 9161  255 64 64
3  9163 9152 9151  255 64 64
3  9163 9151 9162  255 64 64
3  9164 9153 9152  255 64 64
3  9164 9152 9163  255 64 64
3  9165 9154 9153  255 64 64
3  9165 9153 9164  255 64 64
3  9166 9155 9154  255 64 64
3  9166 9154 9165  255 64 64
3  9167 9156 9155  255 64 64
3  9167 9155 9166  255 64 64
3  9168 9157 9156  255 64 64
3  9168 9156 9167  255 64 64
3  9169 9158 9157  255 64 64
3  9169 9157 9168  255 64 64
3  9170 9159 9158  255 64 64
3  9170 9158 9169  255 64 64
3  9171 9160 9159  255 64 64
3  9171 9159 9170  255 64 64
3  9172 9905 9160  255 64 64
3  9172 9160 9171  255 64 64
3  9173 9162 9161  255 64 64
3  9173 9161 10142  255 64 64
3  9174 9163 9162  255 64 64
3  9174 9162 9173  255 64 64
3  9175 9164 9163  255 64 64
3  9175 9163 9174  255 64 64
3  9176 9165 9164  255 64 64
3  9176 9164 9175  255 64 64
3  9177 9166 9165  255 64 64
3  9177 9165 9176  255 64 64
3  9178 9167 9166  255 64 64
3  9178 9166 9177  255 64 64
3  9179 9168 9167  255 64 64
3  9179 9167 9178  255 64 64
3  9180 9169 9168  255 64 64
3  9180 9168 9179  255 64 64
3  9181 9170 9169  255 64 64
3  9181 9169 9180  255 64 64
3  9182 9171 9170  255 64 64
3  9182 9170 9181  255 64 64
3  9904 9172 9171  255 64 64
3  9904 9171 9182  255 64 64
3  362 1966 1967  64 0 128
3  363 362 1967  64 0 128
3  1968 364 363  255 128 255
3  1967 1968 363  255 128 255
3  9910 9911 10149  255 128 255
3  9910 10149 10148  255 128 255
3  1997 393 386  255 128 255
3  1990 1997 386  255 128 255
3  2008 404 398  255 128 255
3  2002 2008 398  255 128 255
3  9184 9917 10155  255 128 255
3  9184 10155 9183  255 128 255
3  9915 9184 9183  255 128 255
3  9915 9183 10153  255 128 255
3  9920 9921 10159  255 128 255
3  9920 10159 10158  255 128 255
3  2042 438 436  255 128 255
3  2040 2042 436  255 128 255
3  9191 9185 9906  0 192 192
3  9191 9906 9190  0 192 192
3  9192 9186 9185  0 192 192
3  9192 9185 9191  0 192 192
3  9193 9187 9186  0 192 192
3  9193 9186 9192  0 192 192
3  9194 9188 9187  0 192 192
3  9194 9187 9193  0 192 192
3  9195 9189 9188  0 192 192
3  9195 9188 9194  0 192 192
3  9196 10144 9189  0 192 192
3  9196 9189 9195  0 192 192
3  9197 9191 9190  0 192 192
3  9197 9190 9907  0 192 192
3  9198 9192 9191  0 192 192
3  9198 9191 9197  0 192 192
3  9199 9193 9192  0 192 192
3  9199 9192 9198  0 192 192
3  9200 9194 9193  0 192 192
3  9200 9193 9199  0 192 192
3  9201 9195 9194  0 192 192
3  9201 9194 9200  0 192 192
3  10145 9196 9195  0 192 192
3  10145 9195 9201  0 192 192
3  9204 9202 10147  128 128 255
3  9204 10147 9203  128 128 255
3  9205 9909 9202  128 128 255
3  9205 9202 9204  128 128 255
3  10398 9204 9203  128 128 255
3  10398 9203 10146  128 128 255
3  9908 9205 9204  128 128 255
3  9908 9204 10398  128 128 255
3  1989 385 378  128 128 255
3  1982 1989 378  128 128 255
3  2001 397 394  128 128 255
3  1998 2001 394  128 128 255
3  2012 408 405  128 128 255
3  2009 2012 405  128 128 255
3  2024 420 416  128 128 255
3  2020 2024 416  128 128 255
3  2039 435 429  128 128 255
3  2033 2039 429  128 128 255
3  1976 9206 9208  255 165 0
3  1975 1976 9208  255 165 0
3  9206 9207 9209  255 165 0
3  9208 9206 9209  255 165 0
3  9207 372 371  255 165 0
3  9209 9207 371  255 165 0
3  377 9210 9212  255 255 0
3  378 377 9212  255 255 0
3  9210 9211 9213  255 255 0
3  9212 9210 9213  255 255 0
3  9211 1981 1982  255 255 0
3  9213 9211 1982  255 255 0
3  9220 9214 10151  128 128 0
3  9220 10151 9219  128 128 0
3  9221 9215 9214  128 128 0
3  9221 9214 9220  128 128 0
3  9222 9216 9215  128 128 0
3  9222 9215 9221  128 128 0
3  9223 9217 9216  128 128 0
3  9223 9216 9222  128 128 0
3  9224 9218 9217  128 128 0
3  9224 9217 9223  128 128 0
3  9225 9913 9218  128 128 0
3  9225 9218 9224  128 128 0
3  9226 9220 9219  128 128 0
3  9226 9219 10150  128 128 0
3  9227 9221 9220  128 128 0
3  9227 9220 9226  128 128 0
3  9228 9222 9221  128 128 0
3  9228 9221 9227  128 128 0
3  9229 9223 9222  128 128 0
3  9229 9222 9228  128 128 0
3  9230 9224 9223  128 128 0
3  9230 9223 9229  128 128 0
3  9912 9225 9224  128 128 0
3  9912 9224 9230  128 128 0
3  393 9231 9233  255 0 255
3  394 393 9233  255 0 255
3  9231 9232 9234  255 0 255
3  9233 9231 9234  255 0 255
3  9232 1997 1998  255 0 255
3  9234 9232 1998  255 0 255
3  2002 9235 9237  255 20 147
3  2001 2002 9237  255 20 147
3  9235 9236 9238  255 20 147
3  9237 9235 9238  255 20 147
3  9236 398 397  255 20 147
3  9238 9236 397  255 20 147
3  404 9239 9241  192 192 0
3  405 404 9241  192 192 0
3  9239 9240 9242  192 192 0
3  9241 9239 9242  192 192 0
3  9240 2008 2009  192 192 0
3  9242 9240 2009  192 192 0
3  9249 9243 10154  245 222 179
3  9249 10154 9248  245 222 179
3  9250 9244 9243  245 222 179
3  9250 9243 9249  245 222 179
3  9251 9245 9244  245 222 179
3  9251 9244 9250  245 222 179
3  9252 9246 9245  245 222 179
3  9252 9245 9251  245 222 179
3  9253 9247 9246  245 222 179
3  9253 9246 9252  245 222 179
3  9254 9916 9247  245 222 179
3  9254 9247 9253  245 222 179
3  9255 9249 9248  245 222 179
3  9255 9248 10152  245 222 179
3  9256 9250 9249  245 222 179
3  9256 9249 9255  245 222 179
3  9257 9251 9250  245 222 179
3  9257 9250 9256  245 222 179
3  9258 9252 9251  245 222 179
3  9258 9251 9257  245 222 179
3  9259 9253 9252  245 222 179
3  9259 9252 9258  245 222 179
3  9914 9254 9253  245 222 179
3  9914 9253 9259  245 222 179
3  9266 9260 9918  64 255 64
3  9266 9918 9265  64 255 64
3  9267 9261 9260  64 255 64
3  9267 9260 9266  64 255 64
3  9268 9262 9261  64 255 64
3  9268 9261 9267  64 255 64
3  9269 9263 9262  64 255 64
3  9269 9262 9268  64 255 64
3  9270 9264 9263  64 255 64
3  9270 9263 9269  64 255 64
3  9271 10156 9264  64 255 64
3  9271 9264 9270  64 255 64
3  9272 9266 9265  64 255 64
3  9272 9265 9919  64 255 64
3  9273 9267 9266  64 255 64
3  9273 9266 9272  64 255 64
3  9274 9268 9267  64 255 64
3  9274 9267 9273  64 255 64
3  9275 9269 9268  64 255 64
3  9275 9268 9274  64 255 64
3  9276 9270 9269  64 255 64
3  9276 9269 9275  64 255 64
3  10157 9271 9270  64 255 64
3  10157 9270 9276  64 255 64
3  428 9277 9279  0 255 255
3  429 428 9279  0 255 255
3  9277 9278 9280  0 255 255
3  9279 9277 9280  0 255 255
3  9278 2032 2033  0 255 255
3  9280 9278 2033  0 255 255
3  9283 9281 10161  192 192 0
3  9283 10161 9282  192 192 0
3  9284 9923 9281  192 192 0
3  9284 9281 9283  192 192 0
3  9285 9283 9282  192 192 0
3  9285 9282 10160  192 192 0
3  9922 9284 9283  192 192 0
3  9922 9283 9285  192 192 0
3  2044 440 439  128 128 255
3  2043 2044 439  128 128 255
3  9287 9929 10167  128 128 255
3  9287 10167 9286  128 128 255
3  9928 9287 9286  128 128 255
3  9928 9286 10166  128 128 255
3  2079 475 467  128 128 255
3  2071 2079 467  128 128 255
3  2093 489 481  128 128 255
3  2085 2093 481  128 128 255
3  2109 505 499  128 128 255
3  2103 2109 499  128 128 255
3  9289 9927 10165  0 128 128
3  9289 10165 9288  0 128 128
3  9926 9289 9288  0 128 128
3  9926 9288 10164  0 128 128
3  2070 466 458  0 128 128
3  2062 2070 458  0 128 128
3  2084 480 476  0 128 128
3  2080 2084 476  0 128 128
3  2102 498 490  0 128 128
3  2094 2102 490  0 128 128
3  2110 506 505  0 128 64
3  2109 2110 505  0 128 64
3  9292 9290 9932  255 255 64
3  9292 9932 9291  255 255 64
3  9293 10170 9290  255 255 64
3  9293 9290 9292  255 255 64
3  9294 9292 9291  255 255 64
3  9294 9291 9933  255 255 64
3  10171 9293 9292  255 255 64
3  10171 9292 9294  255 255 64
3  10173 10172 9934  255 255 64
3  10173 9934 9935  255 255 64
3  529 2133 2140  255 255 64
3  536 529 2140  255 255 64
3  541 2145 2151  255 255 64
3  547 541 2151  255 255 64
3  552 2156 2162  255 255 64
3  558 552 2162  255 255 64
3  564 2168 2173  255 255 64
3  569 564 2173  255 255 64
3  569 2173 2174  255 255 64
3  570 569 2174  255 255 64
3  576 2180 2182  255 255 64
3  578 576 2182  255 255 64
3  508 2112 2118  255 240 245
3  514 508 2118  255 240 245
3  521 2125 2132  255 240 245
3  528 521 2132  255 240 245
3  537 2141 2144  255 240 245
3  540 537 2144  255 240 245
3  548 2152 2155  255 240 245
3  551 548 2155  255 240 245
3  559 2163 2167  255 240 245
3  563 559 2167  255 240 245
3  571 2175 2179  255 240 245
3  575 571 2179  255 240 245
3  578 2182 1867  255 64 128
3  263 578 1867  255 64 128
3  2606 2420 2421  128 255 128
3  2605 2606 2421  128 255 128
3  9301 9295 10276  128 128 0
3  9301 10276 9300  128 128 0
3  9302 9296 9295  128 128 0
3  9302 9295 9301  128 128 0
3  9303 9297 9296  128 128 0
3  9303 9296 9302  128 128 0
3  9304 9298 9297  128 128 0
3  9304 9297 9303  128 128 0
3  9305 9299 9298  128 128 0
3  9305 9298 9304  128 128 0
3  9306 10242 9299  128 128 0
3  9306 9299 9305  128 128 0
3  9307 9301 9300  128 128 0
3  9307 9300 10280  128 128 0
3  9308 9302 9301  128 128 0
3  9308 9301 9307  128 128 0
3  9309 9303 9302  128 128 0
3  9309 9302 9308  128 128 0
3  9310 9304 9303  128 128 0
3  9310 9303 9309  128 128 0
3  9311 9305 9304  128 128 0
3  9311 9304 9310  128 128 0
3  10243 9306 9305  128 128 0
3  10243 9305 9311  128 128 0
3  2288 2422 2437  255 255 128
3  2287 2288 2437  255 255 128
3  2287 2437 2438  255 255 128
3  2286 2287 2438  255 255 128
3  9314 9312 10201  255 255 128
3  9314 10201 9313  255 255 128
3  9315 10279 9312  255 255 128
3  9315 9312 9314  255 255 128
3  9316 9314 9313  255 255 128
3  9316 9313 10200  255 255 128
3  10281 9315 9314  255 255 128
3  10281 9314 9316  255 255 128
3  2286 9317 9318  255 255 128
3  2285 2286 9318  255 255 128
3  9317 2615 2616  255 255 128
3  9318 9317 2616  255 255 128
3  2285 2616 2617  255 255 128
3  2284 2285 2617  255 255 128
3  2439 9319 9321  255 64 255
3  2438 2439 9321  255 64 255
3  9319 9320 9322  255 64 255
3  9321 9319 9322  255 64 255
3  9320 2625 2615  255 64 255
3  9322 9320 2615  255 64 255
3  2625 2439 2414  128 255 128
3  2624 2625 2414  128 255 128
3  1290 9323 9327  128 128 0
3  1289 1290 9327  128 128 0
3  9323 9324 9328  128 128 0
3  9327 9323 9328  128 128 0
3  9324 9325 9329  128 128 0
3  9328 9324 9329  128 128 0
3  9325 9326 9330  128 128 0
3  9329 9325 9330  128 128 0
3  9326 2611 2612  128 128 0
3  9330 9326 2612  128 128 0
3  10199 10202 10036  128 128 0
3  10199 10036 10034  128 128 0
3  9341 9331 10035  128 128 0
3  9341 10035 9340  128 128 0
3  9342 9332 9331  128 128 0
3  9342 9331 9341  128 128 0
3  9343 9333 9332  128 128 0
3  9343 9332 9342  128 128 0
3  9344 9334 9333  128 128 0
3  9344 9333 9343  128 128 0
3  9345 9335 9334  128 128 0
3  9345 9334 9344  128 128 0
3  9346 9336 9335  128 128 0
3  9346 9335 9345  128 128 0
3  9347 9337 9336  128 128 0
3  9347 9336 9346  128 128 0
3  9348 9338 9337  128 128 0
3  9348 9337 9347  128 128 0
3  9349 9339 9338  128 128 0
3  9349 9338 9348  128 128 0
3  9350 10282 9339  128 128 0
3  9350 9339 9349  128 128 0
3  9351 9341 9340  128 128 0
3  9351 9340 10033  128 128 0
3  9352 9342 9341  128 128 0
3  9352 9341 9351  128 128 0
3  9353 9343 9342  128 128 0
3  9353 9342 9352  128 128 0
3  9354 9344 9343  128 128 0
3  9354 9343 9353  128 128 0
3  10365 9345 9344  128 128 0
3  10365 9344 9354  128 128 0
3  9355 9346 9345  128 128 0
3  9355 9345 10365  128 128 0
3  9356 9347 9346  128 128 0
3  9356 9346 9355  128 128 0
3  9357 9348 9347  128 128 0
3  9357 9347 9356  128 128 0
3  9358 9349 9348  128 128 0
3  9358 9348 9357  128 128 0
3  10283 9350 9349  128 128 0
3  10283 9349 9358  128 128 0
3  2222 9359 9365  255 128 64
3  2221 2222 9365  255 128 64
3  9359 9360 9366  255 128 64
3  9365 9359 9366  255 128 64
3  9360 9361 9367  255 128 64
3  9366 9360 9367  255 128 64
3  9361 9362 9368  255 128 64
3  9367 9361 9368  255 128 64
3  9362 9363 9369  255 128 64
3  9368 9362 9369  255 128 64
3  9363 9364 9370  255 128 64
3  9369 9363 9370  255 128 64
3  9364 2184 2183  255 128 64
3  9370 9364 2183  255 128 64
3  2223 9371 9359  128 64 255
3  2222 2223 9359  128 64 255
3  9371 9372 9360  128 64 255
3  9359 9371 9360  128 64 255
3  9372 9373 9361  128 64 255
3  9360 9372 9361  128 64 255
3  9373 9374 9362  128 64 255
3  9361 9373 9362  128 64 255
3  9374 9375 9363  128 64 255
3  9362 9374 9363  128 64 255
3  9375 9376 9364  128 64 255
3  9363 9375 9364  128 64 255
3  9376 2185 2184  128 64 255
3  9364 9376 2184  128 64 255
3  2224 9377 9371  64 255 128
3  2223 2224 9371  64 255 128
3  9377 9378 9372  64 255 128
3  9371 9377 9372  64 255 128
3  9378 9379 9373  64 255 128
3  9372 9378 9373  64 255 128
3  9379 9380 9374  64 255 128
3  9373 9379 9374  64 255 128
3  9380 9381 9375  64 255 128
3  9374 9380 9375  64 255 128
3  9381 9382 9376  64 255 128
3  9375 9381 9376  64 255 128
3  9382 2186 2185  64 255 128
3  9376 9382 2185  64 255 128
3  2186 9382 9383  255 128 64
3  2187 2186 9383  255 128 64
3  9382 9381 9384  255 128 64
3  9383 9382 9384  255 128 64
3  9381 9380 9385  255 128 64
3  9384 9381 9385  255 128 64
3  9380 9379 9386  255 128 64
3  9385 9380 9386  255 128 64
3  9379 9378 9387  255 128 64
3  9386 9379 9387  255 128 64
3  9378 9377 9388  255 128 64
3  9387 9378 9388  255 128 64
3  9377 2224 2225  255 128 64
3  9388 9377 2225  255 128 64
3  2187 9383 9389  128 255 64
3  2188 2187 9389  128 255 64
3  9383 9384 9390  128 255 64
3  9389 9383 9390  128 255 64
3  9384 9385 9391  128 255 64
3  9390 9384 9391  128 255 64
3  9385 9386 9392  128 255 64
3  9391 9385 9392  128 255 64
3  9386 9387 9393  128 255 64
3  9392 9386 9393  128 255 64
3  9387 9388 9394  128 255 64
3  9393 9387 9394  128 255 64
3  9388 2225 2226  128 255 64
3  9394 9388 2226  128 255 64
3  2188 9389 9395  128 0 255
3  2189 2188 9395  128 0 255
3  9389 9390 9396  128 0 255
3  9395 9389 9396  128 0 255
3  9390 9391 9397  128 0 255
3  9396 9390 9397  128 0 255
3  9391 9392 9398  128 0 255
3  9397 9391 9398  128 0 255
3  9392 9393 9399  128 0 255
3  9398 9392 9399  128 0 255
3  9393 9394 9400  128 0 255
3  9399 9393 9400  128 0 255
3  9394 2226 2227  128 0 255
3  9400 9394 2227  128 0 255
3  9414 9401 10177  64 255 255
3  9414 10177 9413  64 255 255
3  9415 9402 9401  64 255 255
3  9415 9401 9414  64 255 255
3  9416 9403 9402  64 255 255
3  9416 9402 9415  64 255 255
3  9417 9404 9403  64 255 255
3  9417 9403 9416  64 255 255
3  9418 9405 9404  64 255 255
3  9418 9404 9417  64 255 255
3  9419 9406 9405  64 255 255
3  9419 9405 9418  64 255 255
3  9420 9407 9406  64 255 255
3  9420 9406 9419  64 255 255
3  9421 9408 9407  64 255 255
3  9421 9407 9420  64 255 255
3  9422 9409 9408  64 255 255
3  9422 9408 9421  64 255 255
3  9423 9410 9409  64 255 255
3  9423 9409 9422  64 255 255
3  9424 9411 9410  64 255 255
3  9424 9410 9423  64 255 255
3  9425 9412 9411  64 255 255
3  9425 9411 9424  64 255 255
3  9426 10185 9412  64 255 255
3  9426 9412 9425  64 255 255
3  9427 9414 9413  64 255 255
3  9427 9413 10178  64 255 255
3  9428 9415 9414  64 255 255
3  9428 9414 9427  64 255 255
3  9429 9416 9415  64 255 255
3  9429 9415 9428  64 255 255
3  9430 9417 9416  64 255 255
3  9430 9416 9429  64 255 255
3  9431 9418 9417  64 255 255
3  9431 9417 9430  64 255 255
3  9432 9419 9418  64 255 255
3  9432 9418 9431  64 255 255
3  9433 9420 9419  64 255 255
3  9433 9419 9432  64 255 255
3  9434 9421 9420  64 255 255
3  9434 9420 9433  64 255 255
3  9435 9422 9421  64 255 255
3  9435 9421 9434  64 255 255
3  9436 9423 9422  64 255 255
3  9436 9422 9435  64 255 255
3  9437 9424 9423  64 255 255
3  9437 9423 9436  64 255 255
3  9438 9425 9424  64 255 255
3  9438 9424 9437  64 255 255
3  10186 9426 9425  64 255 255
3  10186 9425 9438  64 255 255
3  2190 9439 9445  128 255 128
3  2191 2190 9445  128 255 128
3  9439 9440 9446  128 255 128
3  9445 9439 9446  128 255 128
3  9440 9441 9447  128 255 128
3  9446 9440 9447  128 255 128
3  9441 9442 9448  128 255 128
3  9447 9441 9448  128 255 128
3  9442 9443 9449  128 255 128
3  9448 9442 9449  128 255 128
3  9443 9444 9450  128 255 128
3  9449 9443 9450  128 255 128
3  9444 2228 2229  128 255 128
3  9450 9444 2229  128 255 128
3  9464 9451 10179  64 255 128
3  9464 10179 9463  64 255 128
3  9465 9452 9451  64 255 128
3  9465 9451 9464  64 255 128
3  9466 9453 9452  64 255 128
3  9466 9452 9465  64 255 128
3  9467 9454 9453  64 255 128
3  9467 9453 9466  64 255 128
3  9468 9455 9454  64 255 128
3  9468 9454 9467  64 255 128
3  9469 9456 9455  64 255 128
3  9469 9455 9468  64 255 128
3  9470 9457 9456  64 255 128
3  9470 9456 9469  64 255 128
3  9471 9458 9457  64 255 128
3  9471 9457 9470  64 255 128
3  9472 9459 9458  64 255 128
3  9472 9458 9471  64 255 128
3  9473 9460 9459  64 255 128
3  9473 9459 9472  64 255 128
3  9474 9461 9460  64 255 128
3  9474 9460 9473  64 255 128
3  9475 9462 9461  64 255 128
3  9475 9461 9474  64 255 128
3  9476 10187 9462  64 255 128
3  9476 9462 9475  64 255 128
3  9477 9464 9463  64 255 128
3  9477 9463 10180  64 255 128
3  9478 9465 9464  64 255 128
3  9478 9464 9477  64 255 128
3  9479 9466 9465  64 255 128
3  9479 9465 9478  64 255 128
3  9480 9467 9466  64 255 128
3  9480 9466 9479  64 255 128
3  9481 9468 9467  64 255 128
3  9481 9467 9480  64 255 128
3  9482 9469 9468  64 255 128
3  9482 9468 9481  64 255 128
3  9483 9470 9469  64 255 128
3  9483 9469 9482  64 255 128
3  9484 9471 9470  64 255 128
3  9484 9470 9483  64 255 128
3  9485 9472 9471  64 255 128
3  9485 9471 9484  64 255 128
3  9486 9473 9472  64 255 128
3  9486 9472 9485  64 255 128
3  9487 9474 9473  64 255 128
3  9487 9473 9486  64 255 128
3  9488 9475 9474  64 255 128
3  9488 9474 9487  64 255 128
3  10188 9476 9475  64 255 128
3  10188 9475 9488  64 255 128
3  2231 9489 9495  240 128 128
3  2230 2231 9495  240 128 128
3  9489 9490 9496  240 128 128
3  9495 9489 9496  240 128 128
3  9490 9491 9497  240 128 128
3  9496 9490 9497  240 128 128
3  9491 9492 9498  240 128 128
3  9497 9491 9498  240 128 128
3  9492 9493 9499  240 128 128
3  9498 9492 9499  240 128 128
3  9493 9494 9500  240 128 128
3  9499 9493 9500  240 128 128
3  9494 2193 2192  240 128 128
3  9500 9494 2192  240 128 128
3  2232 9501 9489  0 128 64
3  2231 2232 9489  0 128 64
3  9501 9502 9490  0 128 64
3  9489 9501 9490  0 128 64
3  9502 9503 9491  0 128 64
3  9490 9502 9491  0 128 64
3  9503 9504 9492  0 128 64
3  9491 9503 9492  0 128 64
3  9504 9505 9493  0 128 64
3  9492 9504 9493  0 128 64
3  9505 9506 9494  0 128 64
3  9493 9505 9494  0 128 64
3  9506 2194 2193  0 128 64
3  9494 9506 2193  0 128 64
3  9515 9507 10184  255 128 64
3  9515 10184 9514  255 128 64
3  9516 10399 9507  255 128 64
3  9516 9507 9515  255 128 64
3  9517 9508 10399  255 128 64
3  9517 10399 9516  255 128 64
3  9518 10400 9508  255 128 64
3  9518 9508 9517  255 128 64
3  9519 9509 10400  255 128 64
3  9519 10400 9518  255 128 64
3  9520 10401 9509  255 128 64
3  9520 9509 9519  255 128 64
3  9521 9510 10401  255 128 64
3  9521 10401 9520  255 128 64
3  9522 10402 9510  255 128 64
3  9522 9510 9521  255 128 64
3  9523 9511 10402  255 128 64
3  9523 10402 9522  255 128 64
3  9524 10403 9511  255 128 64
3  9524 9511 9523  255 128 64
3  9525 9512 10403  255 128 64
3  9525 10403 9524  255 128 64
3  9526 10404 9512  255 128 64
3  9526 9512 9525  255 128 64
3  9527 9513 10404  255 128 64
3  9527 10404 9526  255 128 64
3  9528 10176 9513  255 128 64
3  9528 9513 9527  255 128 64
3  9529 9515 9514  255 128 64
3  9529 9514 10189  255 128 64
3  10405 9516 9515  255 128 64
3  10405 9515 9529  255 128 64
3  9530 9517 9516  255 128 64
3  9530 9516 10405  255 128 64
3  10406 9518 9517  255 128 64
3  10406 9517 9530  255 128 64
3  9531 9519 9518  255 128 64
3  9531 9518 10406  255 128 64
3  10407 9520 9519  255 128 64
3  10407 9519 9531  255 128 64
3  9532 9521 9520  255 128 64
3  9532 9520 10407  255 128 64
3  10408 9522 9521  255 128 64
3  10408 9521 9532  255 128 64
3  9533 9523 9522  255 128 64
3  9533 9522 10408  255 128 64
3  10409 9524 9523  255 128 64
3  10409 9523 9533  255 128 64
3  9534 9525 9524  255 128 64
3  9534 9524 10409  255 128 64
3  10410 9526 9525  255 128 64
3  10410 9525 9534  255 128 64
3  9535 9527 9526  255 128 64
3  9535 9526 10410  255 128 64
3  10181 9528 9527  255 128 64
3  10181 9527 9535  255 128 64
3  2243 9536 9544  72 61 139
3  2242 2243 9544  72 61 139
3  9536 9537 9545  72 61 139
3  9544 9536 9545  72 61 139
3  9537 9538 9546  72 61 139
3  9545 9537 9546  72 61 139
3  9538 9539 9547  72 61 139
3  9546 9538 9547  72 61 139
3  9539 9540 9548  72 61 139
3  9547 9539 9548  72 61 139
3  9540 9541 9549  72 61 139
3  9548 9540 9549  72 61 139
3  9541 9542 9550  72 61 139
3  9549 9541 9550  72 61 139
3  9542 9543 9551  72 61 139
3  9550 9542 9551  72 61 139
3  9543 2205 2204  72 61 139
3  9551 9543 2204  72 61 139
3  2244 9552 9536  72 61 139
3  2243 2244 9536  72 61 139
3  9552 9553 9537  72 61 139
3  9536 9552 9537  72 61 139
3  9553 9554 9538  72 61 139
3  9537 9553 9538  72 61 139
3  9554 9555 9539  72 61 139
3  9538 9554 9539  72 61 139
3  9555 9556 9540  72 61 139
3  9539 9555 9540  72 61 139
3  9556 9557 9541  72 61 139
3  9540 9556 9541  72 61 139
3  9557 9558 9542  72 61 139
3  9541 9557 9542  72 61 139
3  9558 9559 9543  72 61 139
3  9542 9558 9543  72 61 139
3  9559 2206 2205  72 61 139
3  9543 9559 2205  72 61 139
3  2245 9560 9552  128 0 128
3  2244 2245 9552  128 0 128
3  9560 9561 9553  128 0 128
3  9552 9560 9553  128 0 128
3  9561 9562 9554  128 0 128
3  9553 9561 9554  128 0 128
3  9562 9563 9555  128 0 128
3  9554 9562 9555  128 0 128
3  9563 9564 9556  128 0 128
3  9555 9563 9556  128 0 128
3  9564 9565 9557  128 0 128
3  9556 9564 9557  128 0 128
3  9565 9566 9558  128 0 128
3  9557 9565 9558  128 0 128
3  9566 9567 9559  128 0 128
3  9558 9566 9559  128 0 128
3  9567 2207 2206  128 0 128
3  9559 9567 2206  128 0 128
3  2246 9568 9560  128 0 128
3  2245 2246 9560  128 0 128
3  9568 9569 9561  128 0 128
3  9560 9568 9561  128 0 128
3  9569 9570 9562  128 0 128
3  9561 9569 9562  128 0 128
3  9570 9571 9563  128 0 128
3  9562 9570 9563  128 0 128
3  9571 9572 9564  128 0 128
3  9563 9571 9564  128 0 128
3  9572 9573 9565  128 0 128
3  9564 9572 9565  128 0 128
3  9573 9574 9566  128 0 128
3  9565 9573 9566  128 0 128
3  9574 9575 9567  128 0 128
3  9566 9574 9567  128 0 128
3  9575 2208 2207  128 0 128
3  9567 9575 2207  128 0 128
3  2208 9575 9576  128 0 128
3  2209 2208 9576  128 0 128
3  9575 9574 9577  128 0 128
3  9576 9575 9577  128 0 128
3  9574 9573 9578  128 0 128
3  9577 9574 9578  128 0 128
3  9573 9572 9579  128 0 128
3  9578 9573 9579  128 0 128
3  9572 9571 9580  128 0 128
3  9579 9572 9580  128 0 128
3  9571 9570 9581  128 0 128
3  9580 9571 9581  128 0 128
3  9570 9569 9582  128 0 128
3  9581 9570 9582  128 0 128
3  9569 9568 9583  128 0 128
3  9582 9569 9583  128 0 128
3  9568 2246 2247  128 0 128
3  9583 9568 2247  128 0 128
3  2209 9576 9584  50 205 50
3  2210 2209 9584  50 205 50
3  9576 9577 9585  50 205 50
3  9584 9576 9585  50 205 50
3  9577 9578 9586  50 205 50
3  9585 9577 9586  50 205 50
3  9578 9579 9587  50 205 50
3  9586 9578 9587  50 205 50
3  9579 9580 9588  50 205 50
3  9587 9579 9588  50 205 50
3  9580 9581 9589  50 205 50
3  9588 9580 9589  50 205 50
3  9581 9582 9590  50 205 50
3  9589 9581 9590  50 205 50
3  9582 9583 9591  50 205 50
3  9590 9582 9591  50 205 50
3  9583 2247 2248  50 205 50
3  9591 9583 2248  50 205 50
3  2210 9584 9592  50 205 50
3  2211 2210 9592  50 205 50
3  9584 9585 9593  50 205 50
3  9592 9584 9593  50 205 50
3  9585 9586 9594  50 205 50
3  9593 9585 9594  50 205 50
3  9586 9587 9595  50 205 50
3  9594 9586 9595  50 205 50
3  9587 9588 9596  50 205 50
3  9595 9587 9596  50 205 50
3  9588 9589 9597  50 205 50
3  9596 9588 9597  50 205 50
3  9589 9590 9598  50 205 50
3  9597 9589 9598  50 205 50
3  9590 9591 9599  50 205 50
3  9598 9590 9599  50 205 50
3  9591 2248 2249  50 205 50
3  9599 9591 2249  50 205 50
3  9617 9600 10182  173 216 230
3  9617 10182 9616  173 216 230
3  9618 9601 9600  173 216 230
3  9618 9600 9617  173 216 230
3  9619 9602 9601  173 216 230
3  9619 9601 9618  173 216 230
3  9620 9603 9602  173 216 230
3  9620 9602 9619  173 216 230
3  9621 9604 9603  173 216 230
3  9621 9603 9620  173 216 230
3  9622 9605 9604  173 216 230
3  9622 9604 9621  173 216 230
3  9623 9606 9605  173 216 230
3  9623 9605 9622  173 216 230
3  9624 9607 9606  173 216 230
3  9624 9606 9623  173 216 230
3  9625 9608 9607  173 216 230
3  9625 9607 9624  173 216 230
3  9626 9609 9608  173 216 230
3  9626 9608 9625  173 216 230
3  9627 9610 9609  173 216 230
3  9627 9609 9626  173 216 230
3  9628 9611 9610  173 216 230
3  9628 9610 9627  173 216 230
3  9629 9612 9611  173 216 230
3  9629 9611 9628  173 216 230
3  9630 9613 9612  173 216 230
3  9630 9612 9629  173 216 230
3  9631 9614 9613  173 216 230
3  9631 9613 9630  173 216 230
3  9632 9615 9614  173 216 230
3  9632 9614 9631  173 216 230
3  9633 10190 9615  173 216 230
3  9633 9615 9632  173 216 230
3  9634 9617 9616  173 216 230
3  9634 9616 10183  173 216 230
3  9635 9618 9617  173 216 230
3  9635 9617 9634  173 216 230
3  9636 9619 9618  173 216 230
3  9636 9618 9635  173 216 230
3  9637 9620 9619  173 216 230
3  9637 9619 9636  173 216 230
3  9638 9621 9620  173 216 230
3  9638 9620 9637  173 216 230
3  9639 9622 9621  173 216 230
3  9639 9621 9638  173 216 230
3  9640 9623 9622  173 216 230
3  9640 9622 9639  173 216 230
3  9641 9624 9623  173 216 230
3  9641 9623 9640  173 216 230
3  9642 9625 9624  173 216 230
3  9642 9624 9641  173 216 230
3  9643 9626 9625  173 216 230
3  9643 9625 9642  173 216 230
3  9644 9627 9626  173 216 230
3  9644 9626 9643  173 216 230
3  9645 9628 9627  173 216 230
3  9645 9627 9644  173 216 230
3  9646 9629 9628  173 216 230
3  9646 9628 9645  173 216 230
3  9647 9630 9629  173 216 230
3  9647 9629 9646  173 216 230
3  9648 9631 9630  173 216 230
3  9648 9630 9647  173 216 230
3  9649 9632 9631  173 216 230
3  9649 9631 9648  173 216 230
3  10191 9633 9632  173 216 230
3  10191 9632 9649  173 216 230
3  2212 9650 9658  128 64 0
3  2213 2212 9658  128 64 0
3  9650 9651 9659  128 64 0
3  9658 9650 9659  128 64 0
3  9651 9652 9660  128 64 0
3  9659 9651 9660  128 64 0
3  9652 9653 9661  128 64 0
3  9660 9652 9661  128 64 0
3  9653 9654 9662  128 64 0
3  9661 9653 9662  128 64 0
3  9654 9655 9663  128 64 0
3  9662 9654 9663  128 64 0
3  9655 9656 9664  128 64 0
3  9663 9655 9664  128 64 0
3  9656 9657 9665  128 64 0
3  9664 9656 9665  128 64 0
3  9657 2250 2251  128 64 0
3  9665 9657 2251  128 64 0
3  2213 9658 9666  128 64 0
3  2214 2213 9666  128 64 0
3  9658 9659 9667  128 64 0
3  9666 9658 9667  128 64 0
3  9659 9660 9668  128 64 0
3  9667 9659 9668  128 64 0
3  9660 9661 9669  128 64 0
3  9668 9660 9669  128 64 0
3  9661 9662 9670  128 64 0
3  9669 9661 9670  128 64 0
3  9662 9663 9671  128 64 0
3  9670 9662 9671  128 64 0
3  9663 9664 9672  128 64 0
3  9671 9663 9672  128 64 0
3  9664 9665 9673  128 64 0
3  9672 9664 9673  128 64 0
3  9665 2251 2252  128 64 0
3  9673 9665 2252  128 64 0
3  2214 9666 9674  128 128 0
3  2215 2214 9674  128 128 0
3  9666 9667 9675  128 128 0
3  9674 9666 9675  128 128 0
3  9667 9668 9676  128 128 0
3  9675 9667 9676  128 128 0
3  9668 9669 9677  128 128 0
3  9676 9668 9677  128 128 0
3  9669 9670 9678  128 128 0
3  9677 9669 9678  128 128 0
3  9670 9671 9679  128 128 0
3  9678 9670 9679  128 128 0
3  9671 9672 9680  128 128 0
3  9679 9671 9680  128 128 0
3  9672 9673 9681  128 128 0
3  9680 9672 9681  128 128 0
3  9673 2252 2253  128 128 0
3  9681 9673 2253  128 128 0
3  2215 9674 9682  128 128 0
3  2216 2215 9682  128 128 0
3  9674 9675 9683  128 128 0
3  9682 9674 9683  128 128 0
3  9675 9676 9684  128 128 0
3  9683 9675 9684  128 128 0
3  9676 9677 9685  128 128 0
3  9684 9676 9685  128 128 0
3  9677 9678 9686  128 128 0
3  9685 9677 9686  128 128 0
3  9678 9679 9687  128 128 0
3  9686 9678 9687  128 128 0
3  9679 9680 9688  128 128 0
3  9687 9679 9688  128 128 0
3  9680 9681 9689  128 128 0
3  9688 9680 9689  128 128 0
3  9681 2253 2254  128 128 0
3  9689 9681 2254  128 128 0
3  2255 9690 9689  0 128 128
3  2254 2255 9689  0 128 128
3  9690 9691 9688  0 128 128
3  9689 9690 9688  0 128 128
3  9691 9692 9687  0 128 128
3  9688 9691 9687  0 128 128
3  9692 9693 9686  0 128 128
3  9687 9692 9686  0 128 128
3  9693 9694 9685  0 128 128
3  9686 9693 9685  0 128 128
3  9694 9695 9684  0 128 128
3  9685 9694 9684  0 128 128
3  9695 9696 9683  0 128 128
3  9684 9695 9683  0 128 128
3  9696 9697 9682  0 128 128
3  9683 9696 9682  0 128 128
3  9697 2217 2216  0 128 128
3  9682 9697 2216  0 128 128
3  2256 9698 9690  0 128 128
3  2255 2256 9690  0 128 128
3  9698 9699 9691  0 128 128
3  9690 9698 9691  0 128 128
3  9699 9700 9692  0 128 128
3  9691 9699 9692  0 128 128
3  9700 9701 9693  0 128 128
3  9692 9700 9693  0 128 128
3  9701 9702 9694  0 128 128
3  9693 9701 9694  0 128 128
3  9702 9703 9695  0 128 128
3  9694 9702 9695  0 128 128
3  9703 9704 9696  0 128 128
3  9695 9703 9696  0 128 128
3  9704 9705 9697  0 128 128
3  9696 9704 9697  0 128 128
3  9705 2218 2217  0 128 128
3  9697 9705 2217  0 128 128
3  2257 9706 9698  255 20 147
3  2256 2257 9698  255 20 147
3  9706 9707 9699  255 20 147
3  9698 9706 9699  255 20 147
3  9707 9708 9700  255 20 147
3  9699 9707 9700  255 20 147
3  9708 9709 9701  255 20 147
3  9700 9708 9701  255 20 147
3  9709 9710 9702  255 20 147
3  9701 9709 9702  255 20 147
3  9710 9711 9703  255 20 147
3  9702 9710 9703  255 20 147
3  9711 9712 9704  255 20 147
3  9703 9711 9704  255 20 147
3  9712 9713 9705  255 20 147
3  9704 9712 9705  255 20 147
3  9713 2219 2218  255 20 147
3  9705 9713 2218  255 20 147
3  2258 9714 9706  255 20 147
3  2257 2258 9706  255 20 147
3  9714 9715 9707  255 20 147
3  9706 9714 9707  255 20 147
3  9715 9716 9708  255 20 147
3  9707 9715 9708  255 20 147
3  9716 9717 9709  255 20 147
3  9708 9716 9709  255 20 147
3  9717 9718 9710  255 20 147
3  9709 9717 9710  255 20 147
3  9718 9719 9711  255 20 147
3  9710 9718 9711  255 20 147
3  9719 9720 9712  255 20 147
3  9711 9719 9712  255 20 147
3  9720 9721 9713  255 20 147
3  9712 9720 9713  255 20 147
3  9721 2220 2219  255 20 147
3  9713 9721 2219  255 20 147
3  2242 9722 9731  0 0 192
3  2258 2242 9731  0 0 192
3  9722 9723 9732  0 0 192
3  9731 9722 9732  0 0 192
3  9723 9724 9733  0 0 192
3  9732 9723 9733  0 0 192
3  9724 9725 9734  0 0 192
3  9733 9724 9734  0 0 192
3  9725 9726 9735  0 0 192
3  9734 9725 9735  0 0 192
3  9726 9727 9736  0 0 192
3  9735 9726 9736  0 0 192
3  9727 9728 9737  0 0 192
3  9736 9727 9737  0 0 192
3  9728 9729 9738  0 0 192
3  9737 9728 9738  0 0 192
3  9729 9730 9739  0 0 192
3  9738 9729 9739  0 0 192
3  9730 2204 2220  0 0 192
3  9739 9730 2220  0 0 192
3  9743 9740 2267  240 128 128
3  9743 2267 2268  240 128 128
3  9744 9741 9740  240 128 128
3  9744 9740 9743  240 128 128
3  9745 9742 9741  240 128 128
3  9745 9741 9744  240 128 128
3  2260 2259 9742  240 128 128
3  2260 9742 9745  240 128 128
3  9745 9746 2261  173 216 230
3  9745 2261 2260  173 216 230
3  9744 9747 9746  173 216 230
3  9744 9746 9745  173 216 230
3  9743 9748 9747  173 216 230
3  9743 9747 9744  173 216 230
3  2268 2269 9748  173 216 230
3  2268 9748 9743  173 216 230
3  9746 9749 2262  255 20 147
3  9746 2262 2261  255 20 147
3  9747 9750 9749  255 20 147
3  9747 9749 9746  255 20 147
3  9748 9751 9750  255 20 147
3  9748 9750 9747  255 20 147
3  2269 2270 9751  255 20 147
3  2269 9751 9748  255 20 147
3  9749 9752 2263  173 216 230
3  9749 2263 2262  173 216 230
3  9750 9753 9752  173 216 230
3  9750 9752 9749  173 216 230
3  9751 9754 9753  173 216 230
3  9751 9753 9750  173 216 230
3  2270 2271 9754  173 216 230
3  2270 9754 9751  173 216 230
3  9763 9755 10193  128 255 64
3  9763 10193 9762  128 255 64
3  9764 9756 9755  128 255 64
3  9764 9755 9763  128 255 64
3  9765 9757 9756  128 255 64
3  9765 9756 9764  128 255 64
3  9766 9758 9757  128 255 64
3  9766 9757 9765  128 255 64
3  9767 9759 9758  128 255 64
3  9767 9758 9766  128 255 64
3  9768 9760 9759  128 255 64
3  9768 9759 9767  128 255 64
3  9769 9761 9760  128 255 64
3  9769 9760 9768  128 255 64
3  9770 10195 9761  128 255 64
3  9770 9761 9769  128 255 64
3  9771 9763 9762  128 255 64
3  9771 9762 10192  128 255 64
3  10411 9764 9763  128 255 64
3  10411 9763 9771  128 255 64
3  9772 9765 9764  128 255 64
3  9772 9764 10411  128 255 64
3  10412 9766 9765  128 255 64
3  10412 9765 9772  128 255 64
3  9773 9767 9766  128 255 64
3  9773 9766 10412  128 255 64
3  10413 9768 9767  128 255 64
3  10413 9767 9773  128 255 64
3  9774 9769 9768  128 255 64
3  9774 9768 10413  128 255 64
3  10194 9770 9769  128 255 64
3  10194 9769 9774  128 255 64
3  9775 10416 2272  128 64 255
3  9775 2272 2273  128 64 255
3  9776 10415 10416  128 64 255
3  9776 10416 9775  128 64 255
3  9777 10414 10415  128 64 255
3  9777 10415 9776  128 64 255
3  2265 2264 10414  128 64 255
3  2265 10414 9777  128 64 255
3  9778 9775 2273  50 205 50
3  9778 2273 2274  50 205 50
3  9779 9776 9775  50 205 50
3  9779 9775 9778  50 205 50
3  9780 9777 9776  50 205 50
3  9780 9776 9779  50 205 50
3  2266 2265 9777  50 205 50
3  2266 9777 9780  50 205 50
3  9740 9778 2274  72 61 139
3  9740 2274 2267  72 61 139
3  9741 9779 9778  72 61 139
3  9741 9778 9740  72 61 139
3  9742 9780 9779  72 61 139
3  9742 9779 9741  72 61 139
3  2259 2266 9780  72 61 139
3  2259 9780 9742  72 61 139
3  2334 1216 1217  64 128 255
3  2333 2334 1217  64 128 255
3  2335 1215 1216  128 128 255
3  2334 2335 1216  128 128 255
3  2336 9781 9782  255 165 0
3  2335 2336 9782  255 165 0
3  9781 2449 2450  255 165 0
3  9782 9781 2450  255 165 0
3  10214 9783 9785  245 222 179
3  9784 10214 9785  245 222 179
3  9783 10244 9786  245 222 179
3  9785 9783 9786  245 222 179
3  9784 9785 9781  245 222 179
3  2336 9784 9781  245 222 179
3  9785 9786 2449  245 222 179
3  9781 9785 2449  245 222 179
3  2350 2419 2420  245 222 179
3  2349 2350 2420  245 222 179
3  2338 9787 9789  64 64 255
3  2337 2338 9789  64 64 255
3  9787 9788 9790  64 64 255
3  9789 9787 9790  64 64 255
3  9788 2496 2497  64 64 255
3  9790 9788 2497  64 64 255
3  2372 9791 9793  64 64 255
3  2371 2372 9793  64 64 255
3  9791 9792 9794  64 64 255
3  9793 9791 9794  64 64 255
3  9792 2483 2484  64 64 255
3  9794 9792 2484  64 64 255
3  2455 2482 2483  64 64 255
3  2454 2455 2483  64 64 255
3  2448 2497 2498  64 64 255
3  2472 2448 2498  64 64 255
3  2340 9795 9796  64 255 64
3  2339 2340 9796  64 255 64
3  9795 2494 2495  64 255 64
3  9796 9795 2495  64 255 64
3  2339 9796 9797  64 255 64
3  2338 2339 9797  64 255 64
3  9796 2495 2496  64 255 64
3  9797 9796 2496  64 255 64
3  10278 10277 10216  64 255 64
3  10278 10216 10215  64 255 64
3  2494 9798 9800  50 205 50
3  2493 2494 9800  50 205 50
3  9798 9799 9801  50 205 50
3  9800 9798 9801  50 205 50
3  9799 2340 2341  50 205 50
3  9801 9799 2341  50 205 50
3  2487 9802 9804  50 205 50
3  2486 2487 9804  50 205 50
3  9802 9803 9805  50 205 50
3  9804 9802 9805  50 205 50
3  9803 2368 2369  50 205 50
3  9805 9803 2369  50 205 50
3  2346 9806 9808  255 0 0
3  2345 2346 9808  255 0 0
3  9806 9807 9809  255 0 0
3  9808 9806 9809  255 0 0
3  9807 2609 2610  255 0 0
3  9809 9807 2610  255 0 0
3  2364 9810 9812  255 0 0
3  2363 2364 9812  255 0 0
3  9810 9811 9813  255 0 0
3  9812 9810 9813  255 0 0
3  9811 2620 2621  255 0 0
3  9813 9811 2621  255 0 0
3  2607 9814 9816  128 255 128
3  2606 2607 9816  128 255 128
3  9814 9815 9817  128 255 128
3  9816 9814 9817  128 255 128
3  9815 2348 2349  128 255 128
3  9817 9815 2349  128 255 128
3  9824 9818 10287  128 255 128
3  9824 10287 9823  128 255 128
3  9825 9819 9818  128 255 128
3  9825 9818 9824  128 255 128
3  9826 9820 9819  128 255 128
3  9826 9819 9825  128 255 128
3  9827 9821 9820  128 255 128
3  9827 9820 9826  128 255 128
3  9828 9822 9821  128 255 128
3  9828 9821 9827  128 255 128
3  9829 10223 9822  128 255 128
3  9829 9822 9828  128 255 128
3  9830 9824 9823  128 255 128
3  9830 9823 10285  128 255 128
3  9831 9825 9824  128 255 128
3  9831 9824 9830  128 255 128
3  9832 9826 9825  128 255 128
3  9832 9825 9831  128 255 128
3  9833 9827 9826  128 255 128
3  9833 9826 9832  128 255 128
3  9834 9828 9827  128 255 128
3  9834 9827 9833  128 255 128
3  10224 9829 9828  128 255 128
3  10224 9828 9834  128 255 128
3  9836 10047 10219  128 128 255
3  9836 10219 9835  128 128 255
3  9837 9836 9835  128 128 255
3  9837 9835 10218  128 128 255
3  9839 9837 10218  128 128 255
3  9839 10218 9838  128 128 255
3  10048 9839 9838  128 128 255
3  10048 9838 10217  128 128 255
3  9841 10219 10047  173 216 230
3  9841 10047 9840  173 216 230
3  9843 9841 9840  173 216 230
3  9843 9840 9842  173 216 230
3  9845 9843 9842  173 216 230
3  9845 9842 9844  173 216 230
3  9847 9845 9844  173 216 230
3  9847 9844 9846  173 216 230
3  9849 9847 9846  173 216 230
3  9849 9846 9848  173 216 230
3  9851 9849 9848  173 216 230
3  9851 9848 9850  173 216 230
3  10220 9851 9850  173 216 230
3  10220 9850 10046  173 216 230
3  9853 10220 10046  255 64 128
3  9853 10046 9852  255 64 128
3  10221 9853 9852  255 64 128
3  10221 9852 9854  255 64 128
3  9856 10221 9854  255 64 128
3  9856 9854 9855  255 64 128
3  10222 9856 9855  255 64 128
3  10222 9855 10045  255 64 128
3  2415 2359 2360  0 192 192
3  2414 2415 2360  0 192 192
3  10226 10225 10286  128 255 128
3  10226 10286 10284  128 255 128
3  2486 9857 9858  128 255 128
3  2485 2486 9858  128 255 128
3  9857 2369 2370  128 255 128
3  9858 9857 2370  128 255 128
3  2485 9858 9859  128 255 128
3  2484 2485 9859  128 255 128
3  9858 2370 2371  128 255 128
3  9859 9858 2371  128 255 128
3  10238 105 103  128 128 0
3  10237 10238 103  128 128 0
3  105 10238 10239  255 0 255
3  106 105 10239  255 0 255
3  106 10239 10240  240 128 128
3  9860 106 10240  240 128 128
3  9860 10240 10241  240 128 128
3  9881 9860 10241  240 128 128
3  2770 9861 10246  240 128 128
3  2770 10246 2771  240 128 128
3  2769 2802 9861  240 128 128
3  2769 9861 2770  240 128 128
3  2768 2801 2802  240 128 128
3  2768 2802 2769  240 128 128
3  2767 2800 2801  240 128 128
3  2767 2801 2768  240 128 128
3  2766 2773 2800  240 128 128
3  2766 2800 2767  240 128 128
3  2765 2772 2773  240 128 128
3  2765 2773 2766  240 128 128
3  2764 10247 2772  240 128 128
3  2764 2772 2765  240 128 128
3  2763 2770 2771  240 128 128
3  2763 2771 10245  240 128 128
3  2762 2769 2770  240 128 128
3  2762 2770 2763  240 128 128
3  2631 2768 2769  240 128 128
3  2631 2769 2762  240 128 128
3  2630 2767 2768  240 128 128
3  2630 2768 2631  240 128 128
3  2629 2766 2767  240 128 128
3  2629 2767 2630  240 128 128
3  2628 2765 2766  240 128 128
3  2628 2766 2629  240 128 128
3  10248 2764 2765  240 128 128
3  10248 2765 2628  240 128 128
3  2499 2627 97  255 0 0
3  2498 2499 97  255 0 0
3  2627 2626 96  255 0 0
3  97 2627 96  255 0 0

