OFF
2570 3290 0

-1.72237 8.41211 93.567
-1.0867 9.56201 93.567
-0.37715 10.8456 93.567
-6.25371 5.40314 93.567
-0.69776 9.43148 100.879
-0.560241 9.68026 100.879
1.33084 13.1014 100.879
-0.0114789 10.673 100.879
-0.347854 10.0645 100.879
-9.24819 -6.03686 100.879
-9.1195 -5.80403 100.879
-11.0287 -9.25791 93.567
-5.76052 0.272598 100.879
0.584777 11.7517 93.567
-8.44225 -4.57885 100.879
-10.0405 -7.47027 93.567
-3.4902 4.37975 93.567
0.0841614 10.846 93.567
-6.26791 -0.645321 93.567
-11.0287 -9.25791 100.879
-9.88758 -7.19355 100.879
-0.568696 9.66496 93.567
-9.51741 -6.52389 100.879
-1.15357 8.6069 93.567
-2.96021 5.33856 93.567
-2.27484 6.57843 93.567
-1.76443 7.50179 93.567
-5.43601 12.877 93.567
-6.56249 10.8392 93.567
-8.03155 8.18166 93.567
-9.34763 5.80085 93.567
-11.8708 1.23646 93.567
-10.7222 3.31419 93.567
-14.6056 -3.71099 93.567
-13.413 -1.55349 93.567
0.506467 -15.6343 93.567
-6.96065 -7.30136 105.86
-2.22907 1.25826 100.879
-6.96065 -7.30136 100.879
18.1081 -12.7204 105.86
14.6851 -18.9126 105.86
23.0595 -3.76317 100.879
14.6851 -18.9126 100.879
19.7052 -1.90896 105.86
18.6447 -1.32272 105.86
10.2707 -16.4723 105.86
17.4712 -3.44574 105.86
11.1514 -14.879 105.86
17.8677 -2.72844 105.86
19.7052 -1.90896 109.361
10.9983 -15.156 109.361
10.2707 -16.4723 109.361
17.4134 -3.55035 109.361
17.8158 -2.82224 109.361
11.3308 -17.0583 109.361
12.7945 -17.8674 109.361
18.6447 -1.32272 109.361
10.0961 -22.7488 44.6192
24.0596 2.51115 44.6192
10.0961 -22.7488 77.3216
10.2967 -22.3859 77.3216
10.6091 -21.8208 77.3216
23.8308 2.09723 77.3216
24.0596 2.51115 77.3216
2.36863 -6.4809 114.32
2.42173 -6.1343 114.32
2.2998 -6.93021 114.32
2.2998 -6.93021 134.022
6.90807 0.629729 114.32
6.90807 0.629729 134.022
7.03725 0.297476 114.32
7.06068 0.237211 114.32
7.45745 -0.783259 114.32
8.55058 -3.59472 114.32
8.96174 -4.65219 114.32
9.00671 -4.76784 114.32
9.07478 -4.94291 114.32
9.28448 -5.48226 114.32
9.35528 -5.66435 114.32
10.5912 -8.84302 114.32
10.9556 -9.78018 114.32
11.0048 -9.9067 114.32
11.0048 -9.9067 134.022
11.0003 -9.89521 134.022
10.8954 -9.62535 134.022
9.76002 -6.70533 134.022
9.5248 -6.10035 134.022
9.46189 -5.93855 134.022
9.10498 -5.0206 134.022
9.088 -4.97692 134.022
8.14329 -2.54719 134.022
7.28604 -0.342391 134.022
9.09263 -10.8645 114.32
9.09263 -10.8645 134.022
9.09388 -10.8677 134.022
9.34262 -11.4953 134.022
9.37869 -11.5863 134.022
8.97143 -10.8532 114.32
10.4891 -10.9949 114.32
8.97143 -10.8532 120.822
8.97143 -10.8532 126.685
8.97143 -10.8532 134.022
10.4891 -10.9949 134.022
10.4891 -10.9949 126.685
10.4891 -10.9949 120.822
13.1073 -3.32343 114.32
13.1073 -3.32343 134.022
13.3158 -3.81066 114.32
13.3405 -3.86853 114.32
13.378 -3.95603 114.32
13.4929 -4.2248 114.32
13.5317 -4.31527 114.32
13.8134 -4.97373 114.32
13.9153 -5.21196 114.32
13.9153 -5.21196 134.022
13.7872 -4.91255 134.022
13.7381 -4.79775 134.022
2.73128 -7.44032 114.32
2.97293 -7.72601 114.32
1.99176 -6.56602 114.32
1.99176 -6.56602 120.822
1.99176 -6.56602 127
1.99176 -6.56602 134.022
2.1306 -6.73017 134.022
2.20474 -6.81782 134.022
2.44678 -7.10397 134.022
2.51002 -7.17874 134.022
2.56289 -7.24124 134.022
2.67495 -7.37372 134.022
2.82646 -7.55284 134.022
2.89687 -7.63608 134.022
2.90747 -7.64862 134.022
2.9094 -7.65091 134.022
2.97293 -7.72601 134.022
2.97293 -7.72601 127
2.97293 -7.72601 120.822
4.81429 -6.84004 155.325
3.15162 -7.54509 148.129
2.60608 -7.77642 134.022
2.89303 -7.65474 134.022
2.99979 -7.60947 134.022
13.1073 -3.32343 148.129
13.1073 -3.32343 155.325
13.0627 -3.34236 155.325
12.8599 -3.42836 155.325
10.8412 -4.28437 155.325
8.20449 -5.40244 155.325
6.3417 -6.19235 155.325
3.42059 -7.43104 155.325
3.15162 -7.54509 155.325
2.9516 -7.62991 148.129
2.90747 -7.64862 148.129
2.60608 -7.77642 148.129
1.45235 -6.68554 127
1.18385 -7.13765 127
0.983829 -7.47446 114.32
0.6444 -8.046 114.32
1.45235 -6.68554 114.32
1.45235 -6.68554 120.822
1.45235 -6.68554 134.022
1.18385 -7.13765 134.022
0.6444 -8.046 127
0.6444 -8.046 120.822
2.64491 -4.67747 127
2.64491 -4.67747 134.022
2.64491 -4.67747 120.822
2.64491 -4.67747 114.32
3.09504 -3.91952 114.32
4.90528 -0.871371 114.32
4.90528 -0.871371 120.822
4.90528 -0.871371 127
4.90528 -0.871371 134.022
6.46836 1.76061 120.822
6.43906 1.71128 127
6.04089 1.04082 134.022
5.84787 0.715795 114.32
5.84787 0.715795 134.022
6.46836 1.76061 114.32
6.46836 1.76061 127
6.43906 1.71128 134.022
9.82265 -12.7066 114.32
10.5571 -12.4156 114.32
9.82265 -12.7066 120.822
9.82265 -12.7066 126.685
10.5571 -12.4156 126.685
10.5571 -12.4156 120.822
8.50486 -10.5792 134.022
8.6704 -10.5132 148.129
8.91476 -10.4157 148.129
10.0759 -9.95233 134.022
8.03707 -10.7659 134.022
8.03707 -10.7659 155.325
8.2617 -10.6762 155.325
8.4496 -10.6013 155.325
8.6704 -10.5132 155.325
8.91476 -10.4157 155.325
9.22241 -10.2929 155.325
10.0759 -9.95233 155.325
10.0759 -9.95233 148.129
11.7904 -9.26823 134.022
11.5411 -9.36768 134.022
10.3643 -9.83727 134.022
11.7904 -9.26823 155.325
11.5517 -9.36346 155.325
15.1798 -3.13642 114.32
15.1798 -3.13642 134.022
15.1096 -3.25674 114.32
14.9732 -3.49031 114.32
14.947 -3.53517 114.32
14.9059 -3.60562 114.32
14.7665 -3.84427 114.32
14.7146 -3.93314 114.32
14.3574 -4.54489 114.32
14.0975 -4.98992 114.32
13.9375 -5.26391 114.32
13.9375 -5.26391 134.022
14.2517 -4.72588 134.022
14.4699 -4.35218 134.022
14.87 -3.66709 134.022
13.4196 -6.15084 114.32
13.4196 -6.15084 134.022
11.4265 -9.56392 114.32
11.4265 -9.56392 134.022
10.5087 -11.1357 114.32
10.5303 -11.0988 114.32
9.72915 -12.4707 114.32
9.72915 -12.4707 134.022
10.0054 -11.9976 134.022
10.0926 -11.8483 134.022
10.5303 -11.0988 134.022
10.5303 -11.0988 126.685
10.5303 -11.0988 120.822
4.07271 -8.471 155.325
3.61393 -7.86826 155.325
12.0539 -1.61166 155.325
11.925 -2.21082 155.325
2.97127 -4.51292 155.325
7.64029 -10.4084 155.325
4.81719 -1.24289 155.325
8.8015 -0.105474 155.325
13.2097 -5.7512 155.325
7.33261 -10.335 155.325
6.09719 -10.0405 155.325
4.73723 -9.22383 155.325
3.96484 -8.66183 155.325
3.51791 -7.65112 155.325
3.04591 -6.58373 155.325
3.01894 -6.33843 155.325
2.89186 -5.18276 155.325
2.80806 -4.42066 155.325
3.08729 -3.93257 155.325
3.22329 -3.25223 155.325
4.64827 -1.1474 155.325
4.71795 -1.18679 155.325
5.29556 -0.906321 155.325
5.75425 -0.583602 155.325
5.75508 -0.583016 155.325
5.81602 -0.563745 155.325
6.29495 -0.412282 155.325
7.20171 -0.125516 155.325
7.26759 -0.104683 155.325
8.63928 -0.10539 155.325
8.80946 -0.0913921 155.325
10.3659 -0.585435 155.325
11.1319 -0.828564 155.325
11.8949 -1.40797 155.325
12.1756 -1.76751 155.325
12.1544 -2.14711 155.325
12.6221 -2.76264 155.325
12.9385 -3.64849 155.325
13.1556 -4.25658 155.325
13.1823 -4.99426 155.325
13.1978 -5.42223 155.325
13.2405 -5.74264 155.325
12.9266 -6.874 155.325
12.8625 -7.10485 155.325
11.9391 -8.68619 155.325
11.4149 -9.1157 155.325
11.2918 -9.21656 155.325
10.6958 -9.70499 155.325
10.3643 -9.83727 155.325
8.87613 -10.3182 155.325
8.60109 -10.3382 155.325
7.88465 -10.3905 155.325
2.72224 -6.40417 134.022
6.00535 0.318432 134.022
6.56297 0.371074 134.022
13.7593 -3.15133 134.022
14.194 -3.36164 134.022
14.1561 -4.59359 134.022
13.5631 -4.8832 134.022
10.767 -10.0765 134.022
10.5049 -11.0347 134.022
4.35294 -9.35751 134.022
3.61393 -7.86826 134.022
3.51791 -7.65112 134.022
2.16258 -7.82595 134.022
7.59726 0.112197 134.022
10.3659 -0.585435 134.022
13.3932 -4.92202 134.022
13.4827 -5.17267 134.022
2.19721 -7.59989 134.022
2.36086 -6.53165 134.022
2.36837 -6.48258 134.022
2.62363 -5.87721 134.022
2.59314 -5.71423 134.022
2.53427 -5.39965 134.022
2.75794 -3.93959 134.022
2.78124 -3.78755 134.022
2.89188 -3.06529 134.022
3.34509 -2.49215 134.022
3.38543 -2.44114 134.022
4.22141 -1.38393 134.022
4.7629 -0.978083 134.022
5.49478 -0.429533 134.022
5.72557 -0.25656 134.022
5.9365 -0.0984655 134.022
5.7353 -0.123987 134.022
5.97799 0.307795 134.022
5.95225 0.452414 134.022
6.05182 0.439152 134.022
6.93205 0.647707 134.022
7.48365 0.404384 134.022
7.54759 0.239935 134.022
8.02346 0.166259 134.022
8.06306 0.171282 134.022
9.46349 -0.0152369 134.022
9.57913 -0.0306395 134.022
11.1319 -0.828564 134.022
11.8949 -1.40797 134.022
12.0539 -1.61166 134.022
12.7643 -2.5217 134.022
13.3198 -3.23332 134.022
13.6443 -3.09572 134.022
14.1941 -3.36163 134.022
14.3574 -4.07658 134.022
14.2311 -4.40075 134.022
14.2286 -4.40731 134.022
13.5351 -5.13049 134.022
13.4849 -5.17395 134.022
13.5274 -5.19917 134.022
13.5252 -5.21834 134.022
13.4207 -6.14122 134.022
13.3662 -6.62216 134.022
12.8536 -7.9387 134.022
12.0215 -9.08043 134.022
10.7837 -10.0864 134.022
10.7322 -10.1282 134.022
10.2719 -10.4468 134.022
10.2885 -10.4888 134.022
9.2407 -11.5357 134.022
9.07507 -11.4749 134.022
9.04754 -11.4648 134.022
8.83037 -10.9168 134.022
8.79875 -10.837 134.022
8.42821 -10.8024 134.022
8.24379 -10.7852 134.022
7.17017 -10.6849 134.022
6.8371 -10.6538 134.022
5.51077 -10.1671 134.022
4.9328 -9.76297 134.022
3.7264 -8.6168 134.022
2.99391 -7.75081 134.022
3.16856 -7.69913 134.022
2.17622 -7.83549 134.022
9.66097 -3.98099 161.823
10.0772 -5.47969 161.823
8.30691 -3.21556 161.823
6.80819 -3.63176 161.823
6.35556 -4.4325 161.823
6.04277 -4.98584 161.823
6.45898 -6.48453 161.823
7.81306 -7.25 161.823
8.27678 -7.12121 161.823
9.31176 -6.83376 161.823
-14.1453 -8.87334 77.3216
-14.1453 -8.87334 93.567
-11.9491 -10.0875 77.3216
-11.9491 -10.0875 93.567
17.7424 -2.95509 114.32
17.8834 -3.57244 114.32
17.3315 -3.69852 114.32
11.6622 -13.9549 114.32
11.7775 -14.2456 114.32
11.4241 -14.3856 114.32
-13.2772 29.9233 -141.034
-12.4639 29.4737 -141.034
-16.1452 24.7351 -141.034
-18.6915 20.1289 -141.034
-17.8782 19.6793 -141.034
-27.4097 4.35763 -141.034
-26.5963 3.90802 -141.034
-29.9068 -0.159755 -141.034
-30.108 -0.523765 -141.034
-32.1318 -4.18471 -141.034
-33.1112 -5.95647 -141.034
-32.2979 -6.40605 -141.034
-51.086 23.0706 -221.937
-49.7767 22.3468 -221.937
-51.086 23.0706 -215.144
-51.086 23.0706 -205.726
-49.7767 22.3468 -205.726
-64.2825 38.822 -221.937
-46.1961 28.824 -221.937
-66.5921 40.0988 -221.937
-66.5921 40.0988 -215.144
-64.2825 38.822 -215.144
-46.1961 28.824 -215.144
-4.96438 -13.9489 44.6192
-7.18268 -12.7226 44.6192
-4.96438 -13.9489 77.3216
-4.96438 -13.9489 93.567
-6.02279 -13.3638 93.567
-7.18268 -12.7226 93.567
-7.18268 -12.7226 77.3216
5.74334 10.6622 93.567
2.5531 5.6994 93.567
8.16912 9.80952 93.567
-6.6159 -11.6972 93.567
7.11065 10.3946 93.567
5.95006 11.0362 93.567
5.40097 10.8515 93.567
1.29483 3.42306 93.567
-5.52908 -8.92207 93.567
-6.0393 -9.84511 93.567
-6.9584 -11.5079 93.567
-6.84975 -12.1203 93.567
-5.68982 -12.7615 93.567
-4.63139 -13.3466 93.567
-4.39751 -12.9235 93.567
-3.31136 -10.9586 93.567
-2.59905 -9.67007 93.567
-2.0722 -8.71699 93.567
4.69859 3.53133 93.567
5.49248 4.96748 93.567
6.25654 6.34967 93.567
7.96241 9.43558 93.567
4.22834 5.65865 111.561
5.48925 4.96163 111.561
3.79365 5.89894 111.561
3.27032 6.18823 111.561
2.86265 5.45069 111.561
1.10048 2.26271 111.561
0.153117 0.548811 111.561
-1.91064 -3.18478 111.561
-2.62547 -4.47801 111.561
-4.05407 -7.06251 111.561
-2.96531 -7.66437 111.561
-1.83555 -8.28889 111.561
-4.68531 -8.20451 105.86
-2.46684 -9.43089 105.86
-5.02778 -8.01519 105.86
3.50984 7.43024 105.86
3.85223 7.24097 105.86
6.07116 6.0143 105.86
5.23872 4.50843 105.86
-1.91053 -8.42454 105.86
-39.6538 5.22876 -196.621
-25.8924 30.123 -196.621
-39.6538 5.22876 -196.012
-33.6927 16.0123 -196.012
-32.3181 18.499 -196.012
-31.1946 20.5314 -196.012
-25.8924 30.123 -196.012
42.2657 -40.5323 -196.621
42.2657 -40.5323 -195.554
45.0557 -35.4851 -196.621
48.7169 -28.862 -196.621
56.2296 -15.2714 -196.621
56.2296 -15.2714 -195.554
53.3386 -20.5012 -195.554
44.9641 -35.6509 -195.554
7.77314 -20.9907 77.3216
7.77314 -20.9907 93.567
9.96631 -22.2032 77.3216
9.96631 -22.2032 93.567
8.83306 -21.5767 93.567
14.282 -24.5891 77.3216
14.282 -24.5891 93.567
2.15983 -6.52878 114.32
2.19721 -7.59989 114.32
2.47466 -5.78875 114.32
2.1364 -5.53371 114.32
2.03242 -5.7088 114.32
-13.5787 -7.84832 93.567
-11.3824 -9.0624 93.567
-13.2772 29.9233 -196.621
-13.2772 29.9233 -196.012
5.68736 19.44 -196.621
19.4199 0.0796772 93.567
18.2265 -2.07935 111.561
19.2869 -2.66557 111.561
17.7832 -2.88118 111.561
17.377 -3.61609 111.561
-45.2112 52.7942 -196.621
-35.8165 47.6009 -196.621
21.306 3.49198 -221.937
8.56706 10.5294 -221.937
29.4939 4.36441 -126.346
8.63242 -21.9397 -126.346
25.7481 -31.4013 -126.346
8.63242 -21.9397 -106.91
8.63242 -21.9397 44.6192
20.5129 2.05718 -126.346
21.1195 3.15454 -126.346
-4.39654 -6.8732 111.561
-5.17792 -8.2868 105.86
-5.81733 -9.44355 100.879
-7.52518 -12.5332 44.6192
4.05864 8.42308 100.879
-5.64165 -9.12573 44.6192
6.00522 11.9446 44.6192
6.00522 11.9446 77.3216
6.00522 11.9446 93.567
5.60769 11.2255 93.567
5.40097 10.8515 100.879
4.05864 8.42308 105.86
3.50984 7.43024 111.561
3.34616 7.13413 111.561
3.32167 7.08983 111.561
2.92793 6.3775 111.561
-0.18931 0.738105 111.561
-5.02778 -8.01519 111.561
-5.81733 -9.44355 105.86
-6.9584 -11.5079 100.879
-7.19225 -11.9309 93.567
-7.52518 -12.5332 93.567
-7.52518 -12.5332 77.3216
-9.69929 21.172 -106.91
-9.69929 21.172 44.6192
-9.69929 21.172 -126.346
-6.72778 19.5294 -126.346
7.73956 11.5323 -126.346
7.73956 11.5323 -106.91
7.73956 11.5323 44.6192
6.57892 12.1739 44.6192
6.23655 12.3631 44.6192
5.83088 12.5874 44.6192
-7.84819 20.1487 44.6192
-8.08154 19.7266 44.6192
1.9345 14.1934 77.3216
-0.615892 15.6023 77.3216
5.59948 12.1688 44.6192
5.59948 12.1688 77.3216
-8.08154 19.7266 77.3216
-4.28212 17.6277 77.3216
-3.15431 17.0047 77.3216
-2.62229 16.7107 77.3216
-0.615892 15.6023 93.567
1.9345 14.1934 93.567
2.58768 13.8326 77.3216
8.51726 10.5569 44.6192
8.52982 10.55 44.6192
-3.67929 -11.6242 44.6192
-26.5963 3.90802 -126.346
-21.7577 12.6612 -126.346
-29.0935 -0.609376 -126.346
8.34031 -19.9646 93.567
8.10635 -20.3879 93.567
8.34031 -19.9646 100.879
9.48129 -17.9005 100.879
9.48129 -17.9005 105.86
10.1208 -16.7436 105.86
10.2707 -16.4723 111.561
10.9021 -15.3301 111.561
18.6447 -1.32272 111.561
18.6883 -1.24386 111.561
18.8082 -1.02695 111.561
18.8082 -1.02695 109.361
18.8082 -1.02695 105.86
19.3571 -0.0337813 105.86
19.3571 -0.0337813 100.879
20.6995 2.39479 100.879
20.6995 2.39479 93.567
20.9061 2.76856 93.567
21.306 3.49198 93.567
21.306 3.49198 77.3216
21.306 3.49198 44.6192
21.306 3.49198 -106.91
21.306 3.49198 -126.346
21.5352 3.90655 -126.346
23.3692 7.22457 -126.346
24.4028 9.09442 -126.346
24.4028 9.09442 -141.034
24.4028 9.09442 -196.621
26.612 13.0911 -196.621
28.5646 16.6237 -196.621
2.46502 -30.5938 -196.621
4.56975 -26.7861 -196.621
28.5646 16.6237 -221.937
26.612 13.0911 -221.937
2.46502 -30.5938 -221.937
4.56975 -26.7861 -221.937
24.4028 9.09442 -221.937
21.5352 3.90655 -221.937
17.3315 -3.69852 120.822
17.7424 -2.95509 120.822
18.2265 -2.07935 114.32
11.4241 -14.3856 120.822
11.6622 -13.9549 120.822
10.9021 -15.3301 114.32
17.998 -2.49257 114.32
4.56975 -26.7861 -126.346
5.5491 -25.0143 -126.346
16.616 -4.99292 114.32
13.1604 -11.2445 114.32
7.57249 -21.3537 -126.346
4.56975 -26.7861 -141.034
0.375433 -34.3741 -196.621
0.375433 -34.3741 -221.937
-1.28444 -7.29194 114.32
-1.89412 -8.39484 111.561
-2.61695 -9.70245 105.86
-3.2564 -10.8592 100.879
-4.96438 -13.9489 -126.346
15.828 23.6643 -221.937
-8.16822 -19.7447 -196.621
11.6659 16.1352 -196.621
8.79804 10.9472 -126.346
6.62001 7.00718 100.879
-12.3628 -27.3326 -221.937
-12.3628 -27.3326 -196.621
-10.2731 -23.5523 -221.937
-8.16822 -19.7447 -221.937
8.79804 10.9472 -221.937
11.6659 16.1352 -221.937
13.8752 20.1319 -221.937
15.828 23.6643 -196.621
13.8752 20.1319 -196.621
11.6659 16.1352 -141.034
11.6659 16.1352 -126.346
10.6323 14.2654 -126.346
8.79804 10.9472 -106.91
8.79804 10.9472 77.3216
8.79804 10.9472 44.6192
8.79804 10.9472 93.567
8.56706 10.5294 93.567
7.96241 9.43558 100.879
6.62001 7.00718 105.86
6.07116 6.0143 111.561
5.9075 5.71825 111.561
5.48925 4.96163 114.32
5.33339 4.67969 114.32
4.90309 3.90127 114.32
4.71805 3.56653 114.32
3.59723 1.53898 114.32
1.83307 -1.65237 114.32
0.396882 -4.25044 114.32
-0.536404 -5.93875 114.32
-1.18446 -7.11108 114.32
-1.83555 -8.28889 114.32
-2.46684 -9.43089 111.561
-3.2564 -10.8592 105.86
-4.39751 -12.9235 100.879
-4.96438 -13.9489 -106.91
-5.16523 -14.3123 -126.346
-7.18881 -17.9729 -126.346
-8.16822 -19.7447 -126.346
-8.16822 -19.7447 -141.034
-10.2731 -23.5523 -196.621
14.7695 24.2494 -196.621
-13.4212 -26.7475 -196.621
29.6256 16.0371 -196.621
1.43501 -34.9599 -196.621
2.59314 -5.71423 127
2.53427 -5.39965 127
14.3975 -4.69256 134.022
14.0902 -4.76278 134.022
9.0105 -10.6573 148.129
9.66747 -10.5476 148.129
9.26154 -10.8803 148.129
9.09263 -10.8645 148.129
1.52701 -6.669 127
1.52701 -6.669 120.822
8.7784 -4.98004 212.859
8.41638 -5.47216 212.859
8.7784 -4.98004 197.161
8.38182 -5.78636 212.859
8.6583 -5.81768 212.859
8.6583 -5.81768 197.161
8.40178 -5.60484 212.859
8.87281 -5.39906 212.859
8.87281 -5.39906 197.161
8.47619 -4.92829 212.859
8.77281 -4.95995 212.859
8.77281 -4.95995 197.161
7.88713 -6.12912 197.161
7.88713 -6.12912 212.859
7.7781 -5.87732 212.859
7.93244 -6.13001 197.161
7.93244 -6.13001 212.859
8.09217 -5.91287 212.859
7.54524 -5.50782 212.859
7.48741 -6.00431 212.859
7.94544 -5.80421 212.859
7.48077 -6.00721 212.859
7.48077 -6.00721 197.161
8.23288 -6.13591 197.161
8.23288 -6.13591 212.859
7.77032 -6.41242 197.161
8.97143 -10.8532 148.129
8.79875 -10.837 148.129
6.56297 0.371074 148.129
6.90807 0.629729 148.129
7.03297 0.308476 148.129
7.0239 0.309684 148.129
7.27613 -10.4349 155.325
6.81052 -10.4689 155.325
-53.6359 58.0818 -221.937
-55.9455 59.3586 -221.937
-55.9455 59.3586 -196.621
-53.6359 58.0818 -196.621
-0.0744296 -6.81656 114.32
-0.158717 -6.20283 114.32
-1.16331 -7.2651 120.822
-0.273147 -7.06786 120.822
-1.05466 -8.05618 120.822
-1.05466 -8.05618 114.32
-1.16331 -7.2651 114.32
-0.273147 -7.06786 114.32
2.59314 -5.71423 120.822
2.53427 -5.39965 120.822
2.8064 -4.40554 155.325
2.59314 -5.71423 114.32
2.59314 -5.71423 155.325
5.41723 -0.689864 155.325
5.54635 -0.46015 155.325
-43.9945 54.995 -221.937
-45.2112 52.7942 -221.937
-43.9945 54.995 -196.621
5.49478 -0.429533 127
5.25295 -0.285939 127
5.49478 -0.429533 120.822
5.25295 -0.285939 120.822
10.5049 -11.0347 120.822
9.2407 -11.5357 120.822
9.37869 -11.5863 120.822
1.13152 -6.75663 127
8.79875 -10.837 120.822
13.5631 -4.8832 148.129
13.5351 -5.13049 148.129
13.5274 -5.19917 148.129
13.4849 -5.17395 148.129
13.4827 -5.17267 148.129
13.3932 -4.92202 148.129
6.55536 -0.0199645 148.129
7.13222 0.0532084 148.129
19.7052 -1.90896 111.561
-1.43142 -5.31292 114.32
-2.96531 -7.66437 114.32
5.72557 -0.25656 148.129
5.72557 -0.25656 155.325
5.81602 -0.563745 148.129
5.9365 -0.0984655 148.129
6.11697 0.0367981 148.129
6.15937 -0.0701945 148.129
6.29495 -0.412282 148.129
5.49478 -0.429533 148.129
21.1689 -2.71809 109.361
21.1689 -2.71809 105.86
7.17017 -10.6849 155.325
7.17017 -10.6849 114.32
7.14379 -10.669 155.325
7.94278 -7.21397 197.161
8.10996 -6.88773 197.161
6.65946 -6.59786 197.161
7.04459 -5.39678 197.161
2.99391 -7.75081 127
3.7264 -8.6168 127
2.99391 -7.75081 148.129
3.7264 -8.6168 148.129
2.99391 -7.75081 120.822
3.7264 -8.6168 120.822
4.02394 -8.79547 155.325
12.5663 -8.17219 155.325
3.68969 0.642306 114.32
4.91717 1.11956 114.32
-48.6287 27.5155 -221.937
-48.6287 27.5155 -215.144
-39.116 37.4326 -196.621
-36.2478 42.6211 -196.621
-39.116 37.4326 -221.937
-36.2478 42.6211 -221.937
10.5049 -11.0347 126.685
9.07507 -11.4749 126.685
9.2407 -11.5357 126.685
5.7353 -0.123987 148.129
5.97799 0.307795 148.129
6.00535 0.318432 148.129
3.61393 -7.86826 127
3.16856 -7.69913 127
3.51791 -7.65112 127
2.84973 -7.08548 148.129
3.13685 -7.41077 148.129
3.16856 -7.69913 148.129
2.97293 -7.72601 148.129
2.96863 -7.72093 148.129
-1.42022 -8.51848 111.561
-1.42022 -8.51848 114.32
-1.6937 -8.3673 114.32
-1.6937 -8.3673 111.561
15.6011 -3.04017 126.685
16.0787 -2.93106 126.685
15.6591 -3.2939 126.685
13.3198 -3.23332 148.129
13.6443 -3.09572 148.129
13.7593 -3.15133 148.129
13.7233 -3.46918 148.129
13.6955 -3.71458 148.129
13.5371 -3.51171 148.129
8.42821 -10.8024 120.822
6.11346 1.00881 134.022
5.85918 0.687238 134.022
13.2425 -3.57902 148.129
13.219 -3.5844 148.129
13.5351 -5.13049 148.129
13.6008 -4.55071 148.129
13.6296 -4.54414 148.129
13.7872 -4.91255 148.129
13.8465 -5.38866 134.022
13.5351 -5.13049 155.325
13.8465 -5.38866 114.32
13.5274 -5.19917 114.32
2.15983 -6.52878 134.022
10.0357 -5.55304 197.161
8.70896 -4.73012 197.161
0.517885 9.58594 100.879
1.68644 9.73441 100.879
19.8687 -1.61321 109.361
7.54759 0.239935 148.129
7.59726 0.112197 148.129
51.4626 -0.646053 -221.937
53.4154 2.8864 -221.937
53.4154 2.8864 -196.621
51.4626 -0.646053 -196.621
9.07507 -11.4749 120.822
-35.216 -9.76415 -221.937
-33.1112 -5.95647 -221.937
2.1364 -5.53371 127
2.42173 -6.1343 127
2.03242 -5.7088 127
1.22196 -7.41515 127
1.20374 -7.4117 127
8.42821 -10.8024 148.129
14.2286 -4.40731 148.129
14.1561 -4.59359 148.129
13.6501 -4.1154 148.129
1.71655 -6.24067 127
2.15983 -6.52878 127
2.15983 -6.52878 120.822
1.71655 -6.24067 134.022
2.03242 -5.7088 134.022
16.0787 -2.93106 120.822
15.6011 -3.04017 120.822
23.7295 2.69362 77.3216
23.7295 2.69362 93.567
23.5006 2.27962 93.567
3.47903 0.767395 114.32
4.5 0.161153 114.32
3.29505 -0.433524 114.32
4.29645 -0.306501 114.32
3.63672 -1.82216 114.32
3.01041 -2.29158 114.32
2.84973 -7.08548 155.325
3.13685 -7.41077 155.325
3.16856 -7.69913 155.325
1.13152 -6.75663 120.822
14.1941 -3.36163 148.129
14.194 -3.36164 148.129
6.93205 0.647707 148.129
7.48365 0.404384 148.129
9.75058 -10.926 148.129
9.27133 -11.3154 148.129
10.9524 -12.1638 126.685
10.985 -12.246 126.685
-62.0543 0.136361 -205.726
-47.0529 -8.15627 -205.726
13.6074 -4.49235 148.129
-37.3057 -13.5444 -221.937
-37.3057 -13.5444 -196.621
-35.216 -9.76415 -196.621
8.34314 -6.13808 212.859
8.34314 -6.13808 197.161
1.22809 -7.35574 134.022
27.3142 -44.3302 -221.937
29.4191 -40.5225 -221.937
3.85358 3.21236 114.32
1.12154 2.15013 114.32
9.04754 -11.4648 126.685
8.83037 -10.9168 126.685
-4.83544 -8.47612 105.86
-5.58401 -8.06233 105.86
2.5312 -5.41973 114.32
2.39159 -5.10402 114.32
8.83037 -10.9168 120.822
9.04754 -11.4648 120.822
23.1004 1.55561 93.567
22.8938 1.18188 93.567
22.8938 1.18188 100.879
23.1004 1.55561 100.879
1.22196 -7.41515 120.822
1.20374 -7.4117 120.822
61.8341 -41.1885 -196.621
61.8341 -41.1885 -195.554
59.0557 -43.4409 -195.554
59.0557 -43.4409 -196.621
15.6294 5.19745 100.879
15.6294 5.19745 93.567
15.836 5.57128 93.567
15.836 5.57128 100.879
5.95225 0.452414 148.129
6.05182 0.439152 148.129
67.4144 -28.2821 -221.937
68.288 -21.9369 -221.937
67.4144 -28.2821 -196.621
68.288 -21.9369 -196.621
61.0259 -17.9227 -221.937
58.1349 -23.1525 -221.937
6.55536 -0.0199645 155.325
3.27032 6.18823 114.32
3.79365 5.89894 114.32
5.25295 -0.285939 134.022
5.31767 -0.176961 134.022
5.7456 0.543602 114.32
25.8937 5.82907 44.6192
20.8345 2.639 44.6192
8.40178 -5.60484 221.837
27.3142 -44.3302 -196.621
25.2245 -48.1105 -196.621
17.1442 -26.1714 77.3216
13.5631 -4.8832 155.325
17.1442 -26.1714 93.567
13.3932 -4.92202 155.325
16.6562 -25.9016 93.567
28.1028 -0.262761 77.3216
30.1913 -1.41651 77.3216
-11.0678 33.9201 -196.621
28.1028 -0.262761 93.567
-9.11512 37.4526 -196.621
-9.11512 37.4526 -221.937
30.1913 -1.41651 93.567
-11.0678 33.9201 -221.937
5.59086 -18.4448 93.567
-15.0123 -3.48616 93.567
3.03608 -17.5851 93.567
-14.6056 -3.71099 100.879
10.1878 -0.111711 134.022
-5.84277 13.1019 93.567
-5.84277 13.1019 100.879
-5.43601 12.877 100.879
16.0887 -0.89763 111.561
8.2126 3.4562 111.561
8.09857 3.51923 111.561
5.50155 -5.94329 161.823
-45.5415 25.8089 -196.012
-45.5415 25.8089 -196.621
-44.418 27.8412 -196.621
-44.418 27.8412 -196.012
0.306507 -9.47299 111.561
23.2229 -3.4675 105.86
0.887655 -9.79425 111.561
23.2229 -3.4675 100.879
1.78505 -10.2903 111.561
23.0595 -3.76317 105.86
6.99138 -13.1683 111.561
25.4623 -5.09146 100.879
25.1907 -4.55531 100.879
24.647 -9.88312 105.86
24.647 -9.88312 100.879
25.4623 -5.09146 105.86
26.8666 -5.86774 100.879
8.63086 4.21281 105.86
0.10625 -11.2078 105.86
0.256334 -10.9363 105.86
-1.91064 -3.18478 114.32
0.170171 -4.42036 114.32
8.79448 4.5088 105.86
1.10048 2.26271 114.32
2.08278 -2.98684 114.32
13.0723 7.09904 93.567
12.8657 6.72516 93.567
12.8657 6.72516 100.879
13.0723 7.09904 100.879
-9.38938 -5.95881 105.86
-9.38938 -5.95881 100.879
-9.48013 -5.55391 100.879
-9.48013 -5.55391 105.86
14.6557 -4.30975 114.32
11.1319 -0.828564 114.32
9.68933 -4.08311 197.161
8.58786 -4.29421 197.161
4.72425 3.55088 114.32
9.07507 -11.4749 148.129
5.14771 3.71552 114.32
9.2407 -11.5357 148.129
5.15382 2.46699 114.32
10.5049 -11.0347 148.129
5.32056 2.04629 114.32
5.58495 1.37919 114.32
10.4891 -10.9949 148.129
4.9328 -9.76297 155.325
5.65086 1.21287 114.32
4.9328 -9.76297 114.32
5.85918 0.687238 114.32
2.42173 -6.1343 134.022
5.49375 0.119519 114.32
5.31767 -0.176961 114.32
5.25295 -0.285939 114.32
5.7539 -0.583391 155.325
5.49478 -0.429533 114.32
5.49478 -0.429533 155.325
4.7629 -0.978083 114.32
4.22141 -1.38393 114.32
3.38543 -2.44114 114.32
3.34509 -2.49215 114.32
2.72224 -6.40417 155.325
2.89188 -3.06529 114.32
2.78124 -3.78755 114.32
2.75794 -3.93959 114.32
2.53427 -5.39965 114.32
2.53427 -5.39965 155.325
2.1364 -5.53371 134.022
-15.602 -5.51349 93.567
-15.602 -5.51349 100.879
-14.9247 -7.10428 100.879
-14.9247 -7.10428 93.567
-13.5787 -7.84832 100.879
-12.4376 -5.78393 100.879
-4.41143 6.18045 100.879
-4.41143 6.18045 105.86
0.720873 3.34329 105.86
8.16912 9.80952 100.879
2.94039 7.35844 105.86
2.94039 7.35844 111.561
3.29232 7.1639 111.561
7.09632 -5.23545 212.859
14.0814 -24.9519 77.3216
14.0814 -24.9519 93.567
-7.60006 -8.45807 100.879
-7.22992 -7.78847 100.879
-7.22992 -7.78847 105.86
-7.60006 -8.45807 105.86
2.62363 -5.87721 114.32
17.2236 -24.8751 100.879
1.52701 -6.669 114.32
18.7344 -22.1421 100.879
1.13152 -6.75663 114.32
21.017 -25.39 100.879
-0.0468038 -7.01771 114.32
21.017 -25.39 93.567
18.9203 -25.813 93.567
18.9203 -25.813 100.879
-1.25276 -8.30671 114.32
3.68855 6.94486 111.561
0.104607 -8.12018 114.32
4.36785 6.56935 111.561
8.63086 4.21281 111.561
0.945662 -8.0046 114.32
1.20374 -7.4117 114.32
1.22196 -7.41515 114.32
2.16258 -7.82595 114.32
28.331 0.150044 77.3216
28.331 0.150044 93.567
2.17622 -7.83549 114.32
2.99391 -7.75081 114.32
3.7264 -8.6168 114.32
4.35294 -9.35751 114.32
30.4192 -1.00423 77.3216
5.51077 -10.1671 114.32
30.4192 -1.00423 93.567
6.8371 -10.6538 114.32
8.24379 -10.7852 114.32
8.42821 -10.8024 114.32
8.79875 -10.837 114.32
30.523 -1.06163 77.3216
8.83037 -10.9168 114.32
30.7181 -1.70756 77.3216
30.7181 -1.70756 93.567
9.04754 -11.4648 114.32
9.07507 -11.4749 114.32
9.2407 -11.5357 114.32
9.37869 -11.5863 114.32
32.2994 -2.04356 77.3216
32.4964 -2.68998 77.3216
32.4964 -2.68998 93.567
10.2415 -13.7636 114.32
10.6151 -14.7062 114.32
34.32 -3.16048 77.3216
34.0926 -3.57176 77.3216
11.4039 -13.303 114.32
34.0926 -3.57176 93.567
11.2647 -12.9518 114.32
27.4373 0.644055 77.3216
10.985 -12.246 114.32
27.2089 0.231009 77.3216
37.8208 -5.63132 77.3216
10.9524 -12.1638 114.32
38.0476 -5.22101 77.3216
14.5352 -19.1838 100.879
10.5049 -11.0347 114.32
14.5352 -19.1838 105.86
10.5856 -11.004 114.32
10.98 -10.3286 114.32
11.0345 -10.2353 114.32
15.0148 -3.77711 134.022
15.4955 -3.0643 134.022
10.7837 -10.0864 114.32
15.6011 -3.04017 134.022
15.6591 -3.2939 134.022
15.0603 -3.81165 134.022
12.0215 -9.08043 114.32
12.8536 -7.9387 114.32
-6.81049 -7.0297 105.86
13.3662 -6.62216 114.32
13.4207 -6.14122 114.32
13.5252 -5.21834 114.32
13.6501 -4.1154 155.325
13.7593 -3.15133 114.32
14.1941 -3.36163 114.32
-1.21894 -5.4615 114.32
13.9665 -5.33174 114.32
15.471 -4.1235 114.32
15.8299 -4.04152 114.32
16.9419 -3.78751 114.32
10.7837 -10.0864 155.325
-7.93134 -12.3087 44.6192
-21.61 -4.74654 44.6192
-7.93134 -12.3087 77.3216
15.6011 -3.04017 114.32
-10.9425 -10.644 77.3216
-5.16523 -14.3123 -106.91
-16.2029 -7.73583 77.3216
-17.8113 -6.84661 77.3216
-21.61 -4.74654 77.3216
-0.788823 9.41991 105.86
-0.788823 9.41991 100.879
-0.220022 9.49218 100.879
-0.220022 9.49218 105.86
1.72738 8.41562 100.879
3.6529 8.64738 100.879
1.72738 8.41562 105.86
-5.23089 -8.38262 100.879
1.56367 8.11947 105.86
2.6124 5.80669 100.879
13.3198 -3.23332 114.32
13.6443 -3.09572 114.32
-10.5662 -4.95353 100.879
9.16631 -20.9739 93.567
9.16631 -20.9739 100.879
10.63 -21.783 93.567
13.5252 -5.21834 155.325
-5.72752 3.79964 100.879
13.6317 -5.9402 114.32
-2.19193 10.1955 100.879
1.93982 8.79995 100.879
5.74845 -3.92605 161.823
2.27617 9.40842 100.879
5.83088 12.5874 77.3216
6.32065 0.917413 134.022
6.89466 0.664201 134.022
-6.22343 -9.21906 100.879
6.54734 1.5575 114.32
6.46836 1.76061 134.022
-56.1123 53.6019 -196.621
-58.9806 48.4131 -196.621
-58.9806 48.4131 -221.937
-56.1123 53.6019 -221.937
-47.4207 48.7973 -221.937
-47.4207 48.7973 -196.621
-53.9028 57.5989 -221.937
-14.3463 -9.23693 77.3216
14.2655 -19.6716 100.879
14.2655 -19.6716 105.86
27.4952 -1.36169 100.879
27.4952 -1.36169 93.567
27.7018 -0.988043 93.567
27.7018 -0.988043 100.879
29.5835 -2.51602 93.567
29.79 -2.14239 93.567
29.79 -2.14239 100.879
29.5835 -2.51602 100.879
-12.15 -10.451 77.3216
25.321 0.328035 93.567
25.1144 -0.0456589 93.567
-7.14651 -11.8482 77.3216
25.1144 -0.0456589 100.879
-6.53245 -10.7373 77.3216
-6.19157 -10.1206 77.3216
-1.63247 -1.87272 77.3216
-0.791812 -0.351881 77.3216
31.0618 -2.84546 93.567
31.2387 -3.431 93.567
1.11087 3.09026 77.3216
31.2387 -3.431 100.879
-5.47484 -9.63287 105.86
16.4556 -26.2644 93.567
16.4556 -26.2644 77.3216
0.104607 -8.12018 127
-0.0468038 -7.01771 127
1.21723 -7.38069 127
0.945662 -8.0046 127
-4.05407 -7.06251 114.32
-3.85384 -8.66415 111.561
1.33084 13.1014 93.567
-1.21918 14.511 93.567
-6.05503 12.7179 93.567
-9.75436 6.02569 93.567
4.7629 -0.978083 155.325
-12.2775 1.4613 93.567
2.75794 -3.93959 155.325
-14.593 -2.7275 93.567
-13.8125 -8.27128 93.567
-6.05503 12.7179 100.879
-5.50632 13.7105 93.567
12.9504 -2.76013 114.32
12.4769 -1.84991 114.32
12.7643 -2.5217 114.32
8.10635 -20.3879 100.879
8.42821 -10.8024 155.325
8.03113 -10.5015 155.325
8.3763 -10.7631 155.325
4.99527 11.0757 93.567
1.53759 13.4754 93.567
-1.01241 14.885 93.567
-2.71611 15.3384 93.567
8.74506 -10.7015 155.325
-4.43925 14.6802 93.567
8.79875 -10.837 155.325
-5.09957 13.4857 93.567
-6.96924 11.0641 93.567
3.17808 -7.7857 155.325
-8.43829 8.4065 93.567
2.99391 -7.75081 155.325
-11.1289 3.53903 93.567
16.7132 -2.78612 120.822
17.6546 -2.57102 120.822
17.8834 -3.57244 120.822
16.9419 -3.78751 120.822
-13.8197 -1.32866 93.567
7.26759 -0.104683 161.823
-14.9759 -4.38078 93.567
8.8015 -0.105474 161.823
-11.6162 -9.48539 93.567
-8.74118 -10.5224 93.567
17.004 -20.1945 100.879
16.4503 -20.2424 100.879
-7.36455 -11.2834 93.567
17.004 -20.1945 105.86
18.0726 -21.7763 100.879
21.8579 -23.8689 100.879
21.8579 -23.8689 93.567
22.1277 -23.3807 93.567
22.1277 -23.3807 100.879
18.3423 -21.2882 100.879
8.02346 0.166259 155.325
8.02346 0.166259 114.32
8.06558 0.147683 155.325
12.0539 -1.61166 114.32
7.13222 0.0532084 155.325
8.06306 0.171282 114.32
8.06306 0.171282 155.325
-6.6159 -11.6972 100.879
-6.84975 -12.1203 100.879
-9.9329 20.7494 -106.91
-23.461 -3.72325 -106.91
-23.6621 -4.08708 -106.91
-6.22366 -13.7272 -106.91
16.0887 -0.89763 114.32
18.6886 -2.33481 114.32
19.2869 -2.66557 114.32
-4.91428 -13.8583 -106.91
-4.81828 -13.6847 -106.91
-4.75533 -13.5708 -106.91
-4.70877 -13.4865 -106.91
-50.0034 25.0289 -221.937
-4.11037 -12.404 -106.91
-50.0034 25.0289 -215.144
-3.94506 -12.105 -106.91
-3.70885 -11.6777 -106.91
-48.6941 24.3051 -221.937
-3.18148 -10.7237 -106.91
-48.6941 24.3051 -215.144
8.56706 10.5294 -106.91
-50.0034 25.0289 -205.726
-48.6941 24.3051 -205.726
-47.3195 26.7918 -215.144
1.22196 -7.41515 134.022
1.2963 -7.95641 134.022
1.2963 -7.95641 114.32
8.77052 -7.79125 161.823
58.1349 -23.1525 -195.554
49.7602 -38.3023 -195.554
6.54734 1.5575 134.022
-56.2125 58.8756 -193.243
-58.4219 54.8787 -193.243
-56.1123 53.6019 -193.243
-53.9028 57.5989 -193.243
-56.1123 53.6019 -196.012
-53.9028 57.5989 -196.012
-1.25276 -8.30671 120.822
-0.0468038 -7.01771 120.822
0.104607 -8.12018 120.822
7.14736 -5.21315 212.859
8.34714 -6.1017 212.859
7.93217 -4.87023 212.859
-56.1661 13.8813 -205.726
9.0105 -10.6573 155.325
10.2719 -10.4468 155.325
-46.9161 23.3222 -196.621
-46.9161 23.3222 -196.012
21.9668 2.18226 93.567
21.9668 2.18226 100.879
23.4305 1.37312 93.567
9.36667 -2.92127 161.823
-4.63139 -13.3466 100.879
-1.90825 -14.8519 93.567
-7.59841 -11.7064 93.567
-6.56249 10.8392 100.879
-6.96924 11.0641 100.879
5.58495 1.37919 127
5.32056 2.04629 127
5.15382 2.46699 127
6.05717 2.81819 127
5.15382 2.46699 120.822
5.32056 2.04629 120.822
5.58495 1.37919 120.822
6.05717 2.81819 120.822
-5.16523 -14.3123 44.6192
-5.16523 -14.3123 77.3216
9.22241 -10.2929 161.823
7.64029 -10.4084 161.823
14.4044 -3.31357 134.022
14.5974 -3.46011 134.022
5.58495 1.37919 134.022
5.65086 1.21287 134.022
10.767 -10.0765 155.325
16.7132 -2.78612 126.685
16.9419 -3.78751 126.685
15.8299 -4.04152 126.685
42.2657 -40.5323 -221.937
25.7481 -31.4013 -221.937
20.9061 2.76856 100.879
-7.38355 -13.086 77.3216
-7.38355 -13.086 44.6192
-8.13223 -12.6721 44.6192
-4.80259 -6.64873 111.561
-4.80259 -6.64873 105.86
10.2415 -13.7636 120.822
11.4039 -13.303 120.822
11.7775 -14.2456 120.822
10.6151 -14.7062 120.822
23.772 -2.47425 105.86
23.772 -2.47425 100.879
23.4359 -3.08223 100.879
23.4359 -3.08223 105.86
2.16642 14.613 77.3216
2.16642 14.613 93.567
15.454 -20.3287 100.879
34.9706 -30.4799 -141.034
34.304 -30.1115 -141.034
34.304 -30.1115 -126.346
34.9706 -30.4799 -126.346
-14.9759 -4.38078 100.879
10.5571 -12.4156 134.022
9.82265 -12.7066 134.022
6.57892 12.1739 93.567
6.34763 11.7555 93.567
6.57892 12.1739 77.3216
-4.43925 14.6802 100.879
-2.71611 15.3384 100.879
14.2577 -6.01227 114.32
14.6557 -4.30975 134.022
15.471 -4.1235 134.022
22.5958 3.32025 -106.91
39.7119 -6.14094 -106.91
1.71655 -6.24067 114.32
21.5352 3.90655 -106.91
21.2524 3.39501 -106.91
11.2647 -12.9518 126.685
21.1393 3.1904 -106.91
11.4039 -13.303 126.685
10.2415 -13.7636 126.685
21.0833 3.08898 -106.91
21.0182 2.97132 -106.91
20.985 2.91128 -106.91
20.4561 1.9543 -106.91
20.2114 1.51176 -106.91
19.9032 0.954146 -106.91
19.4371 0.110898 -106.91
11.2647 -12.9518 120.822
7.77314 -20.9907 -106.91
7.57249 -21.3537 -106.91
25.7481 -31.4013 -106.91
25.9485 -31.0388 -106.91
39.4853 -6.55083 -106.91
10.8512 -15.302 114.32
-56.2125 58.8756 -196.621
-58.4219 54.8787 -196.621
-58.4219 54.8787 -196.012
-56.2125 58.8756 -196.012
-38.0259 43.604 -196.012
-35.8165 47.6009 -196.012
32.9135 -3.86908 93.567
-7.38355 -13.086 93.567
15.8299 -4.04152 134.022
24.8365 -3.85647 100.879
4.90528 -0.871371 155.325
2.8001 -4.41615 155.325
2.64491 -4.67747 155.325
-31.3185 -4.63429 -126.346
-12.4639 29.4737 -196.621
-14.4588 25.8648 -196.621
-24.0309 8.54892 -196.621
-31.6511 -5.23614 -196.621
10.5413 -18.4864 105.86
-32.2979 -6.40605 -196.621
10.5413 -18.4864 100.879
-32.2979 -6.40605 -126.346
9.4003 -20.5506 100.879
-29.2947 -0.973363 -126.346
15.8299 -4.04152 120.822
-21.7577 12.6612 -141.034
-17.8782 19.6793 -126.346
-15.3319 24.2855 -126.346
-12.4639 29.4737 -126.346
1.53759 13.4754 100.879
-1.21918 14.511 100.879
-1.01241 14.885 100.879
10.3715 -6.53944 161.823
13.2097 -5.7512 161.823
13.1556 -4.25658 161.823
4.72425 3.55088 120.822
5.14771 3.71552 120.822
5.94311 3.11153 120.822
-13.2772 29.9233 -126.346
5.68736 19.44 -141.034
5.68736 19.44 -126.346
-4.98023 25.3369 -126.346
6.05717 2.81819 114.32
-6.83132 26.3602 -126.346
-33.1112 -5.95647 -196.621
-25.2341 8.29321 -196.621
-15.3394 26.1928 -196.621
0.506467 -15.6343 100.879
0.272563 -16.0574 93.567
0.272563 -16.0574 100.879
-22.571 13.1108 -141.034
6.99138 -13.1683 114.32
1.78505 -10.2903 114.32
2.16079 -7.83761 134.022
-11.3558 -6.38194 100.879
-12.497 -8.44629 100.879
-16.1171 -6.44518 93.567
15.2196 5.42399 100.879
15.2196 5.42399 93.567
16.0223 -20.0058 -141.034
15.4262 5.79783 93.567
16.0223 -20.0058 -126.346
25.705 -25.3581 -126.346
13.446 6.89248 93.567
13.2393 6.51862 93.567
13.2393 6.51862 100.879
-12.15 -10.451 93.567
54.3816 -47.2301 -196.621
59.0557 -43.4409 -221.937
54.3816 -47.2301 -221.937
47.0619 -43.1837 -221.937
49.7602 -38.3023 -221.937
14.8494 -23.5627 93.567
20.6405 -40.641 -141.034
14.6153 -23.9861 93.567
14.6153 -23.9861 100.879
14.8494 -23.5627 100.879
24.71 -4.28959 -141.034
42.9914 -14.3959 -141.034
10.4709 -30.0482 -141.034
8.36607 -33.8559 -141.034
18.9764 -39.7211 -141.034
17.2236 -24.8751 93.567
27.3142 -44.3302 -141.034
16.9896 -25.2985 100.879
29.4191 -40.5225 -141.034
16.9896 -25.2985 93.567
30.3985 -38.7508 -141.034
32.4218 -35.0906 -141.034
34.4537 -29.8408 -141.034
18.1877 -25.9609 93.567
20.4177 -0.620034 100.879
20.4177 -0.620034 105.86
-8.03155 8.18166 100.879
24.71 -4.28959 -196.621
-8.43829 8.4065 100.879
43.6581 -14.7644 -196.621
43.6581 -14.7644 -141.034
24.71 -4.28959 -126.346
25.5582 -4.75846 -126.346
42.9914 -14.3959 -126.346
-9.75436 6.02569 100.879
19.0447 -20.0177 105.86
19.0447 -20.0177 109.361
17.004 -20.1945 109.361
21.8814 -1.42917 100.879
21.8814 -1.42917 105.86
8.51037 -4.61759 212.859
5.59948 12.1688 93.567
4.81719 -1.24289 161.823
5.75508 -0.583016 161.823
8.11734 0.164053 155.325
4.95052 -0.837461 155.325
5.03795 -1.36768 161.823
10.5336 -21.177 93.567
7.34941 -2.67431 161.823
6.15937 -0.0701945 155.325
61.8341 -41.1885 -221.937
31.9161 -5.67349 93.567
66.8989 -32.026 -221.937
66.8989 -32.026 -196.621
-14.3463 -9.23693 93.567
23.2239 0.999398 93.567
-16.2029 -7.73583 93.567
18.7856 -1.06784 93.567
18.0497 -2.39915 93.567
-15.9046 -8.37546 77.3216
17.6742 -3.07847 93.567
11.689 -13.9065 93.567
10.845 -15.4333 93.567
9.84804 -17.237 93.567
-18.0124 -7.2103 77.3216
-17.8113 -6.84661 93.567
13.4836 -5.17507 155.325
10.2996 -21.6003 93.567
13.4849 -5.17395 155.325
13.4827 -5.17267 155.325
13.5274 -5.19917 155.325
10.7322 -10.1282 155.325
11.3317 -9.2391 155.325
11.136 -9.52934 155.325
13.4207 -6.14122 155.325
11.5456 -9.36001 155.325
11.5411 -9.36768 155.325
11.4265 -9.56392 155.325
13.4196 -6.15084 155.325
13.219 -3.5844 155.325
13.6074 -4.49235 155.325
0.945662 -8.0046 120.822
-7.93134 -12.3087 93.567
1.20374 -7.4117 134.022
1.21723 -7.38069 134.022
1.52701 -6.669 134.022
63.8934 -12.7354 -221.937
61.0259 -17.9227 -196.621
63.8934 -12.7354 -196.621
2.97127 -4.51292 161.823
3.22329 -3.25223 161.823
8.22974 9.28781 93.567
8.43643 9.66175 93.567
8.22974 9.28781 100.879
3.27001 -17.1619 93.567
3.27001 -17.1619 100.879
3.03608 -17.5851 100.879
5.59086 -18.4448 100.879
5.35692 -18.868 93.567
5.35692 -18.868 100.879
-1.90825 -14.8519 100.879
14.0879 -20.447 100.879
12.3749 -18.6265 105.86
12.6446 -18.1387 105.86
12.005 -19.2956 100.879
12.005 -19.2956 105.86
17.7028 -22.4452 100.879
49.2534 -4.6426 -221.937
9.06533 10.7995 77.3216
9.06533 10.7995 93.567
8.8344 10.3817 93.567
8.8344 10.3817 77.3216
14.4044 -3.31357 114.32
20.1131 -27.0252 93.567
33.3153 -3.14233 93.567
32.707 -4.24266 93.567
21.9563 -14.7506 105.86
21.9563 -14.7506 100.879
8.63086 4.21281 109.361
-11.8708 1.23646 100.879
-12.2775 1.4613 100.879
-8.13223 -12.6721 77.3216
3.85223 7.24097 111.561
47.0619 -43.1837 -196.621
44.0592 -48.6155 -196.621
44.0592 -48.6155 -221.937
-56.1661 13.8813 -221.937
-67.8631 32.3448 -215.144
-72.9428 23.1555 -215.144
15.8253 6.51973 77.3216
15.8253 6.51973 93.567
16.0552 6.93571 93.567
16.0552 6.93571 77.3216
14.075 8.03032 77.3216
14.075 8.03032 93.567
13.8447 7.61383 93.567
13.8447 7.61383 77.3216
-2.56149 12.0826 100.879
11.9622 -15.9161 111.561
11.9622 -15.9161 114.32
8.29168 -12.1116 114.32
6.10957 -10.5858 114.32
5.89939 -14.0558 111.561
24.2778 -2.7539 100.879
21.5453 -2.03719 105.86
27.2431 -5.18672 100.879
10.864 -21.3597 93.567
16.5165 -26.2981 77.3216
16.5165 -26.2981 93.567
22.2775 -23.1097 93.567
27.1162 -14.3565 93.567
19.159 -27.2853 77.3216
30.8153 -7.66474 93.567
18.6214 -27.4616 77.3216
31.0285 -7.27914 93.567
19.159 -27.2853 93.567
19.5791 -27.9911 77.3216
19.7796 -27.6284 77.3216
19.7796 -27.6284 93.567
-10.9856 -5.71224 100.879
-5.85331 -8.54949 105.86
10.864 -21.3597 100.879
68.6047 -28.9401 -196.621
68.6047 -28.9401 -221.937
53.3386 -20.5012 -221.937
-0.0604992 -16.66 -106.91
-0.0604992 -16.66 -126.346
-0.261266 -17.0232 -126.346
-0.261266 -17.0232 -106.91
-10.7222 3.31419 100.879
-11.1289 3.53903 100.879
66.1026 -8.73888 -221.937
66.1026 -8.73888 -196.621
12.2402 -15.4132 111.561
-2.62547 -4.47801 114.32
16.1695 -8.30507 111.561
0.20807 -6.4593 114.32
17.5911 -5.73338 111.561
-2.2406 -9.55596 111.561
6.89466 0.664201 114.32
11.2918 -9.21656 161.823
11.9391 -8.68619 161.823
12.8625 -7.10485 161.823
13.2405 -5.74264 161.823
10.5034 -16.0513 100.879
11.3692 -14.485 100.879
17.5534 -3.29693 100.879
17.9414 -2.59503 100.879
18.7018 -1.21946 100.879
-52.8769 12.539 -196.621
-52.8769 12.539 -196.012
4.19488 -8.25487 161.823
6.7533 -7.54432 161.823
26.3392 -6.82189 100.879
18.4922 -21.0172 100.879
16.5618 -24.5093 100.879
26.116 -7.22557 100.879
46.3858 -9.83006 -221.937
23.3309 -12.2639 100.879
-3.55045 16.288 93.567
-3.75725 15.9139 93.567
27.5791 -4.57882 100.879
13.8957 -20.3407 100.879
22.2775 -23.1097 100.879
27.1162 -14.3565 100.879
4.22834 5.65865 114.32
8.09857 3.51923 114.32
3.18997 -4.63655 161.823
2.16079 -7.83761 114.32
1.13152 -6.75663 134.022
8.63242 -21.9397 77.3216
1.02627 -5.42459 114.32
1.71451 -6.23825 114.32
2.78124 -3.78755 155.325
4.73723 -9.22383 161.823
4.07271 -8.471 161.823
-4.68531 -8.20451 111.561
-11.1434 -11.0075 77.3216
22.5958 3.32025 77.3216
13.6296 -4.54414 155.325
21.5352 3.90655 77.3216
9.06533 10.7995 -126.346
20.7443 2.47585 77.3216
9.06533 10.7995 -106.91
8.8344 10.3817 -106.91
19.5592 0.331751 77.3216
8.8344 10.3817 -126.346
18.9718 -0.731 77.3216
18.2902 -1.96396 77.3216
17.9425 -2.5931 77.3216
12.3994 -12.6212 77.3216
4.64827 -1.1474 161.823
11.604 -14.0602 77.3216
10.6628 -15.7629 77.3216
9.23953 -18.3378 77.3216
7.57249 -21.3537 77.3216
9.76567 -22.5662 77.3216
6.09719 -10.0405 161.823
13.6743 -24.2532 77.3216
3.92342 -8.73511 155.325
-10.7164 -5.22527 100.879
20.5568 -28.058 77.3216
24.2844 -30.1188 77.3216
-14.1863 -2.95233 100.879
-6.22343 -9.21906 105.86
-19.5429 41.6094 -196.621
-33.8638 51.1334 -196.621
-19.5429 41.6094 -221.937
-33.8638 51.1334 -221.937
14.2286 -4.40731 155.325
13.6008 -4.55071 155.325
38.0476 -5.22101 44.6192
37.8208 -5.63132 44.6192
39.4853 -6.55083 44.6192
39.7119 -6.14094 44.6192
12.6221 -2.76264 161.823
13.5189 -5.27394 155.325
3.04591 -6.58373 161.823
3.96484 -8.66183 161.823
20.3563 -28.4207 77.3216
20.5568 -28.058 93.567
13.4738 -24.616 77.3216
24.084 -30.4814 77.3216
49.7602 -38.3023 -196.621
47.0619 -43.1837 -195.554
-35.0316 49.0208 -221.937
-35.0316 49.0208 -196.621
-35.0316 49.0208 -198.375
58.1349 -23.1525 -196.621
61.0259 -17.9227 -195.554
-53.9028 57.5989 -196.621
-38.0259 43.604 -196.621
-47.3195 26.7918 -221.937
-33.8638 51.1334 -196.621
-33.8638 51.1334 -221.937
-35.8165 47.6009 -221.937
-38.0259 43.604 -221.937
-39.116 37.4326 -196.012
-40.8941 38.4154 -221.937
8.4926 -6.14102 212.859
7.56334 -6.12275 212.859
-46.1961 28.824 -205.726
7.04459 -5.39678 212.859
-46.1961 28.824 -196.621
8.52044 -4.61319 212.859
8.70896 -4.73012 212.859
-40.8941 38.4154 -196.621
8.88708 -5.37123 212.859
24.2844 -30.1188 44.6192
24.084 -30.4814 44.6192
25.7481 -31.4013 44.6192
25.9485 -31.0388 44.6192
-54.8565 13.1573 -221.937
-57.8598 7.72432 -221.937
-0.0604992 -16.66 93.567
-59.9646 3.91662 -221.937
-0.0604992 -16.66 77.3216
-0.261266 -17.0232 77.3216
-60.5286 2.89636 -221.937
-0.261266 -17.0232 93.567
-60.5286 2.89636 -205.726
-59.9646 3.91662 -205.726
-57.8598 7.72432 -205.726
8.52044 -4.61319 197.161
-54.8565 13.1573 -205.726
7.09632 -5.23545 197.161
-4.67808 16.9114 93.567
8.56706 10.5294 -126.346
5.202 11.4497 93.567
12.7643 -2.5217 155.325
11.2909 9.02466 -106.91
13.8447 7.61383 -126.346
13.1834 -3.5012 155.325
15.8253 6.51973 -106.91
18.8987 4.82188 -126.346
-14.593 -2.7275 100.879
21.306 3.49198 -183.534
11.2909 9.02466 -126.346
-2.19193 10.1955 105.86
15.8253 6.51973 -126.346
8.56706 10.5294 -214.277
8.56706 10.5294 -196.621
10.9637 -0.215041 114.32
8.07343 3.48743 114.32
11.082 -9.09796 161.823
7.33261 -10.335 161.823
8.24379 -10.7852 155.325
26.3392 -6.82189 105.86
26.3392 -6.82189 109.361
25.4623 -5.09146 109.361
18.2925 3.72534 100.879
18.2925 3.72534 93.567
18.4991 4.09913 93.567
-67.7154 38.0667 -215.144
-65.4058 36.79 -215.144
-65.4058 36.79 -221.937
-67.7154 38.0667 -221.937
10.8925 8.30404 93.567
12.1544 -2.14711 161.823
-2.92167 17.4255 77.3216
-3.15431 17.0047 93.567
15.8253 6.51973 44.6192
16.0552 6.93571 44.6192
14.075 8.03032 44.6192
8.8344 10.3817 44.6192
9.06533 10.7995 44.6192
8.56706 10.5294 -127.303
7.08846 2.24181 114.32
2.50223 -18.5509 -106.91
2.50223 -18.5509 -126.346
2.70296 -18.1877 -126.346
2.70296 -18.1877 -106.91
21.306 3.49198 -199.884
21.306 3.49198 -140.674
5.94311 3.11153 114.32
21.306 3.49198 -196.621
6.85805 2.41677 114.32
21.306 3.49198 -134.879
10.6184 -4.52221 161.823
11.925 -2.21082 161.823
11.1319 -0.828564 161.823
8.80946 -0.0913921 161.823
-2.2413 -15.4544 -126.346
-2.2413 -15.4544 -106.91
12.93 -5.82888 161.823
-4.96438 -13.9489 -128.563
-4.96438 -13.9489 -132.168
7.77314 -20.9907 -214.143
-0.0604992 -16.66 44.6192
7.77314 -20.9907 -196.621
-0.261266 -17.0232 44.6192
7.77314 -20.9907 -126.346
19.1282 5.23706 77.3216
19.1282 5.23706 93.567
7.77314 -20.9907 -221.937
18.8987 4.82188 93.567
18.8987 4.82188 77.3216
-4.96438 -13.9489 -200.001
-4.96438 -13.9489 -196.621
-4.96438 -13.9489 -183.35
5.02376 -19.4708 -106.91
5.02376 -19.4708 -126.346
25.512 1.70826 -126.346
12.7945 -17.8674 111.561
39.7119 -6.14094 -126.346
11.3308 -17.0583 111.561
27.4373 0.644055 -126.346
11.3308 -17.0583 105.86
12.1756 -1.76751 161.823
10.4709 -30.0482 -196.621
30.305 5.83177 -196.621
11.8949 -1.40797 161.823
30.305 5.83177 -126.346
25.5441 -2.7808 -126.346
-2.44211 -15.8176 -126.346
13.4738 -24.616 -126.346
-0.533225 -12.3645 105.86
-0.533225 -12.3645 100.879
18.8987 4.82188 -106.91
19.1282 5.23706 -126.346
7.57249 -21.3537 93.567
-25.6858 -7.74796 44.6192
-26.6652 -9.51971 44.6192
-24.8142 -10.5429 44.6192
-23.8348 -8.77117 44.6192
18.6536 4.95726 -196.621
29.4191 -40.5225 -196.621
19.33 4.58361 -196.621
-25.6858 -7.74796 -106.91
35.6408 -29.2675 -196.621
-26.6652 -9.51971 -106.91
19.8545 4.29385 -196.621
-24.8142 -10.5429 -106.91
47.3662 -8.05643 -196.621
49.2534 -4.6426 -196.621
49.2534 -4.6426 -141.034
6.35556 -4.4325 197.161
6.04277 -4.98584 197.161
48.2197 -6.51252 -141.034
6.45898 -6.48453 197.161
7.81306 -7.25 197.161
46.3858 -9.83006 -141.034
8.27678 -7.12121 197.161
35.1202 -30.2092 -141.034
8.06726 1.49855 114.32
-1.67434 -14.4288 93.567
19.8687 -1.61321 111.561
21.3324 -2.42237 111.561
21.3324 -2.42237 109.361
19.8687 -1.61321 105.86
21.3324 -2.42237 105.86
-7.28134 -1.6438 93.567
4.13371 5.04093 114.32
-4.26206 3.81793 93.567
-3.686 4.86001 93.567
4.58483 -1.11154 155.325
-2.94107 6.20755 93.567
4.22141 -1.38393 155.325
-2.38631 7.21107 93.567
-29.0935 -0.609376 -106.91
-29.2947 -0.973363 -106.91
39.8816 -1.90332 44.6192
0.166933 11.8298 93.567
0.977763 13.2965 93.567
-5.09957 13.4857 100.879
1.18453 13.6706 93.567
29.2714 3.96192 44.6192
1.18453 13.6706 100.879
0.977763 13.2965 100.879
-0.36462 10.8682 100.879
45.7191 -9.46155 -126.346
22.5958 3.32025 44.6192
46.3858 -9.83006 -126.346
-0.701016 10.2597 100.879
48.2197 -6.51252 -126.346
21.5352 3.90655 44.6192
47.553 -6.14399 -126.346
-0.913405 9.8755 100.879
5.68736 19.44 44.6192
-1.07715 9.57929 100.879
4.6538 17.5703 44.6192
7.66516 15.9056 44.6192
-2.79823 6.46593 100.879
8.69874 17.7754 44.6192
19.8397 0.83918 44.6192
-6.91747 -0.985582 100.879
19.3466 -0.0529283 44.6192
5.68736 19.44 -106.91
-9.40261 -5.48108 100.879
8.69874 17.7754 -106.91
18.7745 -1.08791 44.6192
-9.45319 -5.57259 100.879
7.68897 -3.38717 197.161
18.4826 -1.61603 44.6192
-9.46938 -5.60187 100.879
13.8295 -10.034 44.6192
-9.60179 -5.8414 100.879
13.1319 -11.296 44.6192
11.2909 9.02466 77.3216
-9.87102 -6.32841 100.879
11.2909 9.02466 93.567
12.3031 -12.7955 44.6192
11.5215 9.4418 93.567
-10.2412 -6.99807 100.879
11.5215 9.4418 77.3216
11.0497 -15.0631 44.6192
-11.3824 -9.0624 100.879
7.77314 -20.9907 44.6192
7.57249 -21.3537 44.6192
21.5352 3.90655 93.567
8.07264 -26.4093 44.6192
11.4503 -28.2764 44.6192
22.0606 -34.1417 44.6192
11.8949 -1.40797 114.32
12.4153 -2.07465 155.325
12.7945 -17.8674 105.86
9.34338 5.50173 100.879
9.34338 5.50173 105.86
3.6529 8.64738 105.86
13.6743 -24.2532 93.567
21.0812 -35.9134 44.6192
22.7453 -36.8333 44.6192
23.7247 -35.0616 44.6192
21.0812 -35.9134 -106.91
22.7453 -36.8333 -106.91
23.7247 -35.0616 -106.91
-21.8111 -5.11032 77.3216
27.2089 0.231009 93.567
16.0552 6.93571 -106.91
14.075 8.03032 -106.91
13.8447 7.61383 44.6192
13.8447 7.61383 -106.91
11.5215 9.4418 -106.91
11.5215 9.4418 -126.346
19.1282 5.23706 44.6192
18.8987 4.82188 44.6192
60.2301 -44.0901 -221.937
60.2301 -44.0901 -196.621
44.9641 -35.6509 -221.937
-6.83132 26.3602 44.6192
-7.86487 24.4905 44.6192
-6.01378 23.4672 44.6192
-4.98023 25.3369 44.6192
-4.98023 25.3369 -106.91
-6.83132 26.3602 -106.91
-7.86487 24.4905 -106.91
3.10408 7.65455 105.86
5.49375 0.119519 134.022
4.99527 11.0757 100.879
5.7456 0.543602 134.022
-4.88489 16.5373 93.567
-10.1558 -16.3328 44.6192
-11.1352 -18.1045 44.6192
-9.22664 -19.1596 44.6192
-8.24724 -17.3878 44.6192
-1.67434 -14.4288 100.879
-6.22722 14.109 93.567
-11.1352 -18.1045 -106.91
-9.22664 -19.1596 -106.91
-8.24724 -17.3878 -106.91
17.6332 -9.11422 109.361
23.3309 -12.2639 109.361
31.7553 -34.7221 -126.346
5.02376 -19.4708 77.3216
32.4218 -35.0906 -126.346
5.02376 -19.4708 44.6192
4.82307 -19.8339 44.6192
4.82307 -19.8339 77.3216
-2.2413 -15.4544 44.6192
-2.44211 -15.8176 44.6192
25.8937 5.82907 77.3216
-2.44211 -15.8176 77.3216
-2.2413 -15.4544 77.3216
-32.1318 -4.18471 -126.346
24.4299 6.63821 44.6192
-11.6162 -9.48539 100.879
-30.108 -0.523765 -126.346
10.6858 7.93014 93.567
21.1243 -27.0313 93.567
10.6858 7.93014 100.879
9.66097 -3.98099 197.161
8.30691 -3.21556 197.161
6.80819 -3.63176 197.161
-8.97502 -10.9454 93.567
9.31176 -6.83376 197.161
-8.74118 -10.5224 100.879
10.0772 -5.47969 197.161
-23.6621 -4.08708 44.6192
-13.8125 -8.27128 100.879
-21.8111 -5.11032 44.6192
-16.3509 -6.8681 93.567
8.07264 -26.4093 77.3216
-17.4786 -6.24469 93.567
6.60893 -25.6002 44.6192
10.2719 -10.4468 148.129
10.2885 -10.4888 148.129
-52.2868 60.5223 -221.937
-54.4903 61.991 -221.937
-54.4903 61.991 -196.621
-52.2868 60.5223 -196.621
2.2998 -6.93021 148.129
2.36086 -6.53165 148.129
13.6955 -3.71458 155.325
8.67295 -10.9879 114.32
-10.9425 -10.644 93.567
13.3662 -6.62216 155.325
13.7934 -2.84964 114.32
23.3309 -12.2639 105.86
10.985 -12.246 120.822
27.03 -5.57215 100.879
10.9524 -12.1638 120.822
30.8153 -7.66474 100.879
23.2239 0.999398 100.879
78.525 -10.994 -221.937
24.4299 6.63821 -106.91
78.525 -10.994 -196.621
76.5723 -14.5264 -196.621
76.5723 -14.5264 -221.937
13.9665 -5.33174 134.022
9.57383 14.8505 44.6192
10.6074 16.7203 44.6192
13.4731 -5.67802 155.325
14.6851 -18.9126 109.361
50.3348 -61.9911 -221.937
3.88459 -8.80381 155.325
52.4244 -58.2108 -221.937
67.4144 -28.2821 -195.554
52.4244 -58.2108 -196.621
66.8989 -32.026 -195.554
50.3348 -61.9911 -196.621
7.13661 -10.6817 155.325
11.2909 9.02466 44.6192
-13.167 -14.6682 44.6192
11.5215 9.4418 44.6192
-14.1464 -16.44 44.6192
-14.1464 -16.44 -106.91
2.17622 -7.83549 127
2.16258 -7.82595 127
3.10046 7.648 111.561
12.2402 -15.4132 114.32
2.16258 -7.82595 120.822
2.17622 -7.83549 120.822
17.6332 -9.11422 111.561
-7.36455 -11.2834 100.879
-17.2448 -5.82178 93.567
29.732 -38.3824 -126.346
30.3985 -38.7508 -126.346
26.116 -7.22557 105.86
41.5458 -2.82329 44.6192
12.4944 -8.43158 155.325
41.5458 -2.82329 -106.91
3.7264 -8.6168 155.325
2.36837 -6.48258 148.129
2.72224 -6.40417 148.129
4.35294 -9.35751 155.325
-16.1452 24.7351 -126.346
2.03242 -5.7088 120.822
2.42173 -6.1343 120.822
2.1364 -5.53371 120.822
-9.34763 5.80085 100.879
40.9153 -0.0334293 44.6192
42.5795 -0.953397 44.6192
0.256334 -10.9363 111.561
5.74334 10.6622 100.879
-5.43386 -7.79071 111.561
-5.43386 -7.79071 105.86
5.95006 11.0362 100.879
74.3631 -18.5229 -221.937
74.3631 -18.5229 -196.621
8.83037 -10.9168 148.129
9.04754 -11.4648 148.129
2.50223 -18.5509 44.6192
2.70296 -18.1877 44.6192
7.54524 -5.50782 221.837
7.60275 -5.01417 221.837
7.93217 -4.87023 221.837
8.47619 -4.92829 221.837
-6.77593 13.1164 93.567
7.94544 -5.80421 221.837
25.2245 -48.1105 -221.937
42.5795 -0.953397 -106.91
40.9153 -0.0334293 -106.91
3.10408 7.65455 111.561
8.79448 4.5088 111.561
8.25801 -11.1751 114.32
-10.5662 -4.95353 105.86
-5.72752 3.79964 105.86
13.746 -6.71431 114.32
2.78124 -3.78755 127
2.75794 -3.93959 127
2.89188 -3.06529 127
3.34509 -2.49215 127
34.4537 -29.8408 -126.346
3.38543 -2.44114 127
32.5143 9.82839 -196.621
-2.02818 10.4918 100.879
2.89188 -3.06529 120.822
2.78124 -3.78755 120.822
2.75794 -3.93959 120.822
20.6405 -40.641 -196.621
3.38543 -2.44114 120.822
-5.64828 12.493 100.879
3.34509 -2.49215 120.822
2.78124 -3.78755 148.129
2.75794 -3.93959 148.129
3.34509 -2.49215 148.129
3.38543 -2.44114 148.129
2.89188 -3.06529 148.129
58.0634 -11.954 -196.621
59.0971 -10.0841 -196.621
44.7888 3.04318 -196.621
25.4636 8.50803 -196.621
5.62953 -27.3719 -196.621
3.38543 -2.44114 155.325
8.36607 -33.8559 -196.621
18.9764 -39.7211 -196.621
7.52302 -10.9055 114.32
39.263 -45.9642 -196.621
40.2424 -44.1924 -196.621
5.63466 3.90485 120.822
22.5958 3.32025 -126.346
5.63466 3.90485 114.32
5.15109 5.14857 114.32
25.4636 8.50803 -126.346
14.3574 -4.07658 148.129
14.2311 -4.40075 148.129
24.4299 6.63821 -126.346
20.8781 2.71774 -126.346
6.60893 -25.6002 -126.346
5.62953 -27.3719 -126.346
10.4709 -30.0482 -126.346
21.0812 -35.9134 -126.346
22.7453 -36.8333 -126.346
23.7247 -35.0616 -126.346
41.5458 -2.82329 -126.346
42.5795 -0.953397 -126.346
40.9153 -0.0334293 -126.346
10.4709 -30.0482 44.6192
10.6074 16.7203 -106.91
9.57383 14.8505 -106.91
18.4922 -21.0172 105.86
30.305 5.83177 44.6192
10.1878 -0.111711 114.32
8.89528 0.0604403 155.325
18.9764 -39.7211 -126.346
20.6405 -40.641 -126.346
4.82307 -19.8339 -106.91
-2.44211 -15.8176 -106.91
32.5143 9.82839 -141.034
30.305 5.83177 -141.034
32.5143 9.82839 -126.346
37.8208 -5.63132 93.567
24.2844 -30.1188 93.567
23.0547 -23.5393 93.567
-78.0511 13.9146 -205.726
-78.0511 13.9146 -221.937
-75.9463 17.7223 -221.937
-75.9463 17.7223 -205.726
8.56706 10.5294 44.6192
-26.6652 -9.51971 -126.346
-7.84819 20.1487 77.3216
-24.8142 -10.5429 -126.346
2.81951 14.252 77.3216
-33.1112 -5.95647 -126.346
4.6538 17.5703 77.3216
8.36607 -33.8559 -126.346
2.54782 -0.359389 44.6192
3.82343 1.94817 44.6192
3.18825 0.799132 44.6192
5.24156 4.51357 44.6192
-29.9068 -0.159755 -126.346
-3.12552 -10.6224 44.6192
-4.52368 -13.1517 44.6192
-2.71593 -9.8815 44.6192
5.51077 -10.1671 155.325
6.8371 -10.6538 155.325
12.8536 -7.9387 155.325
11.4503 -28.2764 77.3216
22.0606 -34.1417 77.3216
8.69874 17.7754 -126.346
7.66516 15.9056 77.3216
-26.9191 -14.3506 -196.621
-14.1464 -16.44 -196.621
-6.01378 23.4672 77.3216
10.6074 16.7203 -196.621
7.89668 23.4368 -196.621
-2.77086 29.3337 -196.621
-4.62196 30.3569 -196.621
-56.2125 58.8756 -221.937
-23.0243 35.3114 -196.621
-25.6858 -7.74796 -126.346
-23.6621 -4.08708 -126.346
-39.8551 4.86449 -196.621
-41.8789 1.20344 -196.621
-42.8584 -0.568324 -196.621
27.8934 -14.7861 93.567
71.4958 -23.7101 -221.937
-28.7701 -13.3274 -196.621
71.4958 -23.7101 -196.621
-16.2512 -20.2477 -196.621
-6.22366 -13.7272 44.6192
-9.22664 -19.1596 -196.621
-4.26186 -12.6781 -126.346
7.73956 11.5323 77.3216
-6.22366 -13.7272 -126.346
59.0971 -10.0841 -221.937
61.3063 -6.08755 -221.937
-7.86487 24.4905 -126.346
-10.1558 -16.3328 77.3216
-11.1352 -18.1045 -126.346
-14.1464 -16.44 -126.346
-23.8348 -8.77117 77.3216
-13.167 -14.6682 77.3216
-9.22664 -19.1596 -126.346
-8.24724 -17.3878 -126.346
-6.22366 -13.7272 77.3216
29.4191 -40.5225 -126.346
-4.86001 -13.7601 -126.346
-4.67497 -13.4254 -126.346
-58.4219 54.8787 -221.937
9.57383 14.8505 -126.346
10.6074 16.7203 -126.346
10.4709 -30.0482 -106.91
5.62953 -27.3719 -106.91
6.60893 -25.6002 -106.91
54.5292 -54.4032 -221.937
54.5292 -54.4032 -196.621
-47.3195 26.7918 -205.726
-10.4753 6.42423 93.567
29.2714 3.96192 77.3216
39.8816 -1.90332 77.3216
37.1582 -49.7718 -196.621
35.0685 -53.5521 -196.621
35.0685 -53.5521 -221.937
37.1582 -49.7718 -221.937
12.0215 -9.08043 155.325
-62.0543 0.136361 -221.937
-62.0543 0.136361 -196.621
-59.9646 3.91662 -196.621
7.89668 23.4368 -141.034
-2.77086 29.3337 -141.034
-4.62196 30.3569 -141.034
-39.8551 4.86449 -196.012
-2.77086 29.3337 -126.346
-35.216 -9.76415 -126.346
-28.7701 -13.3274 -126.346
-9.9329 20.7494 44.6192
-23.461 -3.72325 44.6192
-8.08154 19.7266 93.567
-21.61 -4.74654 93.567
-4.28212 17.6277 93.567
-26.9191 -14.3506 -126.346
-4.62196 30.3569 -126.346
-11.0678 33.9201 -126.346
27.3142 -44.3302 -126.346
-72.9428 23.1555 -221.937
-72.9428 23.1555 -205.726
49.2534 -4.6426 -126.346
51.4626 -0.646053 -126.346
44.7888 3.04318 -126.346
10.2967 -22.3859 93.567
23.8308 2.09723 93.567
-42.8584 -0.568324 -221.937
-44.9632 -4.37601 -221.937
-26.9191 -14.3506 -141.034
-28.7701 -13.3274 -141.034
56.2296 -15.2714 -221.937
-57.8598 7.72432 -196.621
-54.8565 13.1573 -196.621
-3.11022 11.0899 100.879
-6.80946 4.39774 100.879
2.89188 -3.06529 155.325
-11.648 -4.3555 100.879
4.05748 4.54339 114.32
-9.06071 0.325074 93.567
4.82307 -19.8339 -126.346
-8.19866 1.88459 93.567
10.3578 -10.4324 134.022
-2.43267 12.3157 93.567
16.0552 6.93571 -126.346
-7.0839 3.90127 93.567
-67.8631 32.3448 -221.937
14.2311 -4.40075 155.325
-64.2825 38.822 -205.726
10.5336 -21.177 100.879
10.2996 -21.6003 100.879
-4.30882 8.92158 93.567
-66.5921 40.0988 -205.726
-3.24693 10.8426 93.567
17.9501 3.91464 93.567
-15.0123 -3.48616 100.879
-66.5921 40.0988 -196.621
-5.26012 7.20061 93.567
19.3631 -1.33374 111.561
-15.3826 -4.15596 93.567
-44.9632 -4.37601 -196.621
-47.0529 -8.15627 -196.621
8.59329 4.14486 111.561
-47.0529 -8.15627 -221.937
8.85474 4.47549 111.561
9.66747 -10.5476 155.325
7.48365 0.404384 114.32
7.54759 0.239935 114.32
4.42245 6.92574 111.561
17.5911 -5.73338 114.32
39.263 -45.9642 -221.937
6.93205 0.647707 114.32
18.1567 4.28844 93.567
7.99003 0.181008 114.32
3.50834 6.61883 111.561
16.7132 -2.78612 114.32
8.78782 0.263216 114.32
-15.3319 24.2855 -106.91
9.46349 -0.0152369 155.325
9.46349 -0.0152369 114.32
7.25944 0.893086 114.32
27.9049 -5.55254 100.879
14.075 8.03032 -126.346
1.93982 8.79995 105.86
-48.6941 24.3051 -196.621
2.27617 9.40842 105.86
57.5318 -48.9715 -221.937
57.5318 -48.9715 -196.621
-47.3195 26.7918 -196.621
3.31656 8.03894 105.86
-1.81582 10.8759 100.879
17.6546 -2.57102 114.32
-1.47942 11.4845 100.879
-23.0243 35.3114 -221.937
-20.8149 39.3082 -221.937
-61.2903 49.6898 -221.937
-61.2903 49.6898 -205.726
-61.2903 49.6898 -196.621
17.9501 3.91464 100.879
18.1567 4.28844 100.879
-0.383615 16.0226 77.3216
-0.383615 16.0226 93.567
7.50843 11.1142 93.567
7.73956 11.5323 93.567
9.57913 -0.0306395 120.822
10.1878 -0.111711 120.822
-35.216 -9.76415 -141.034
11.1319 -0.828564 120.822
10.3659 -0.585435 120.822
-2.62229 16.7107 93.567
-2.09283 16.9674 77.3216
9.57913 -0.0306395 148.129
10.1878 -0.111711 148.129
11.1319 -0.828564 148.129
10.3659 -0.585435 148.129
25.4636 8.50803 -141.034
10.6074 16.7203 -141.034
3.34509 -2.49215 155.325
-4.04931 18.0488 77.3216
-2.52041 -9.5278 100.879
-1.97603 -8.54303 100.879
5.01988 4.11255 100.879
5.8367 5.59017 100.879
-9.22664 -19.1596 -141.034
11.0345 -10.2353 134.022
10.98 -10.3286 134.022
-11.3315 -22.9673 -196.621
2.58768 13.8326 93.567
-25.8924 30.123 -141.034
-39.6538 5.22876 -141.034
21.7602 1.80852 100.879
18.4429 -1.21117 111.561
8.6421 4.20659 111.561
28.9217 -2.1502 100.879
2.80806 -4.42066 161.823
58.0634 -11.954 -141.034
31.9161 -5.67349 100.879
-11.0678 33.9201 -141.034
7.59726 0.112197 155.325
24.0596 2.51115 93.567
7.59726 0.112197 114.32
5.62953 -27.3719 -141.034
9.57913 -0.0306395 155.325
-1.97188 1.72352 105.86
-0.655817 4.10433 105.86
2.19721 -7.59989 127
10.8925 8.30404 100.879
2.16079 -7.83761 127
-20.8149 39.3082 -196.621
7.56334 -6.12275 197.161
-16.1452 24.7351 -221.937
-13.2772 29.9233 -221.937
-0.13707 13.9128 100.879
16.0787 -2.93106 114.32
45.7191 -9.46155 -106.91
31.7553 -34.7221 -106.91
15.4955 -3.0643 114.32
21.306 3.49198 -130.338
61.3063 -6.08755 -196.621
63.259 -2.55508 -196.621
63.259 -2.55508 -221.937
13.284 -7.34821 114.32
0.306507 -9.47299 114.32
8.79448 4.5088 109.361
-15.314 -2.32892 93.567
43.6581 -14.7644 -126.346
12.8168 20.717 -196.621
44.7888 3.04318 -141.034
9.57913 -0.0306395 114.32
-0.216619 -10.6748 111.561
-23.0243 35.3114 -141.034
-0.595207 0.962486 105.86
14.0453 -0.625478 114.32
-78.6152 12.8943 -205.726
-78.6152 12.8943 -221.937
-23.0243 35.3114 -196.012
-5.16523 -14.3123 93.567
27.6729 12.5047 -196.621
3.5247 -31.1796 -196.621
-41.8789 1.20344 -196.012
-39.8551 4.86449 -141.034
46.7415 6.57564 -196.621
10.5856 -11.004 134.022
19.1282 5.23706 -106.91
-4.96438 -13.9489 -138.984
22.3668 2.90596 93.567
-4.96438 -13.9489 -221.937
7.60275 -5.01417 212.859
5.02376 -19.4708 93.567
2.19721 -7.59989 120.822
-2.66926 33.8894 -196.621
7.32022 -4.53717 197.161
9.29471 -6.8385 197.161
8.28953 -3.22039 197.161
-4.62196 30.3569 -221.937
10.6173 -11.0069 114.32
15.5761 -4.20332 114.32
6.23655 12.3631 77.3216
6.23655 12.3631 93.567
-54.6549 13.522 -196.621
14.4766 -11.3675 114.32
-41.8789 1.20344 -141.034
-2.2413 -15.4544 93.567
-42.8584 -0.568324 -141.034
13.8957 -20.3407 105.86
2.50223 -18.5509 77.3216
-30.8597 -17.1077 -196.621
18.5508 -44.4213 -196.621
2.70296 -18.1877 77.3216
-0.595207 0.962486 111.561
-28.7701 -13.3274 -221.937
-18.8622 42.8407 -196.621
1.57447 -11.6649 111.561
-18.8622 42.8407 -221.937
2.86265 5.45069 114.32
-8.40417 -12.5218 44.6192
25.4636 8.50803 44.6192
10.9524 -12.1638 134.022
-39.8551 4.86449 -221.937
-14.1464 -16.44 -141.034
-16.2512 -20.2477 -141.034
-2.44211 -15.8176 93.567
30.305 5.83177 -106.91
25.4636 8.50803 -106.91
10.985 -12.246 134.022
-16.2512 -20.2477 -126.346
33.4843 -4.67229 93.567
2.97293 -7.72601 155.325
59.0971 -10.0841 -141.034
36.4237 -4.32335 44.6192
-18.6915 20.1289 -126.346
8.63242 -21.9397 93.567
31.0285 -7.27914 100.879
-6.22366 -13.7272 93.567
-25.8924 30.123 -221.937
20.3471 -26.6017 93.567
9.76567 -22.5662 93.567
5.62953 -27.3719 44.6192
-16.1036 -3.75738 93.567
20.6405 -40.641 -221.937
40.2424 -44.1924 -141.034
42.2657 -40.5323 -141.034
56.2296 -15.2714 -141.034
4.4486 4.24639 114.32
51.4626 -0.646053 -141.034
18.916 -3.33656 114.32
-2.66926 33.8894 -221.937
46.7415 6.57564 -221.937
1.80144 -10.1833 114.32
-13.413 -1.55349 100.879
22.5958 3.32025 93.567
2.70296 -18.1877 93.567
2.0012 -8.87935 114.32
-13.8197 -1.32866 100.879
4.82307 -19.8339 93.567
2.16258 -7.82595 148.129
44.7888 3.04318 -221.937
2.50223 -18.5509 93.567
2.19721 -7.59989 148.129
8.08946 0.137146 155.325
10.3643 -9.83727 148.129
-27.4097 4.35763 -126.346
18.5508 -44.4213 -221.937
2.17622 -7.83549 148.129
10.767 -10.0765 148.129
7.89668 23.4368 -126.346
8.88708 -5.37123 197.161
-43.2584 56.3266 -221.937
10.7322 -10.1282 148.129
2.52214 6.60182 105.86
-30.8597 -17.1077 -221.937
-43.2584 56.3266 -196.621
2.52214 6.60182 111.561
11.6234 -9.40397 155.325
2.69412 -4.35624 155.325
8.14348 -4.37939 197.161
39.263 -45.9642 -141.034
39.7119 -6.14094 -221.937
7.32022 -4.53717 212.859
8.14348 -4.37939 212.859
-6.83132 26.3602 -221.937
42.5795 -0.953397 -221.937
3.20119 -7.99587 155.325
1.2963 -7.95641 127
22.7453 -36.8333 -221.937
-67.8631 32.3448 -205.726
23.0595 -3.76317 109.361
-26.6652 -9.51971 -221.937
8.4926 -6.14102 197.161
2.47466 -5.78875 134.022
-9.69929 21.172 -221.937
10.6958 -9.70499 161.823
6  2565 623 2464 497 624 2568  255 0 0
4  2565 837 836 2488  255 0 0
4  2558 2429 2428 2568  255 0 0
4  2558 625 626 2472  255 0 0
4  2558 2568 624 625  255 0 0
7  2565 2568 2428 2512 2496 2305 837  255 0 0
4  2559 593 594 2555  255 16 0
4  2559 1570 831 2534  255 16 0
5  2562 885 2348 1339 1340  255 16 0
4  2562 592 591 2517  255 16 0
7  2562 1340 2555 594 496 1837 592  255 16 0
4  2559 2555 1660 1570  255 16 0
4  2558 2472 941 2429  255 0 0
7  2555 1340 1339 1981 1627 2309 1660  255 16 0
4  2565 2488 622 623  255 0 0
4  2562 2517 884 885  255 16 0
4  2548 2488 836 878  255 0 0
4  2540 2517 591 609  255 16 0
4  2548 620 622 2488  255 0 0
5  2540 609 608 663 2485  255 16 0
5  2548 2484 661 621 620  255 0 0
4  2524 2472 626 615  255 0 0
4  2524 939 941 2472  255 0 0
4  2524 2468 938 939  255 0 0
4  2540 2122 884 2517  255 16 0
4  2540 2485 928 2122  255 16 0
4  2528 855 856 2463  255 33 0
4  2528 1952 1683 1681  255 33 0
4  476 473 558 1147  255 49 0
4  476 475 2514 2509  255 66 0
4  2528 1681 854 855  255 33 0
6  476 1147 1530 1149 2303 475  255 49 0
4  2528 2463 575 1952  255 33 0
4  468 1550 1732 469  255 83 0
4  2160 1869 1481 2554  255 99 0
5  2160 2161 464 1586 1587  255 16 0
4  2160 2554 2518 2161  255 99 0
5  464 2161 2518 2519 465  255 99 0
4  2559 2534 590 593  255 16 0
4  2525 2534 831 832  255 16 0
4  2525 832 833 2459  255 16 0
4  2155 588 607 2419  255 116 0
4  2155 2419 1475 1852  255 116 0
4  476 2509 1863 473  255 66 0
4  2154 1853 2192 2393  255 116 0
4  2154 2393 583 584  255 116 0
4  2525 589 590 2534  255 16 0
5  2525 2459 662 586 589  255 16 0
5  2524 615 627 660 2468  255 0 0
6  2520 469 470 471 465 2519  255 99 0
4  1484 2007 1361 1358  255 133 0
4  1884 1493 2443 1915  255 149 0
7  2520 2519 1484 1358 1886 1493 1884  255 99 0
9  2512 781 1741 403 1735 1279 398 1755 2496  255 0 0
4  2512 2428 2429 2371  255 0 0
5  2237 2310 2311 2235 2236  255 0 0
4  457 1652 1653 459  255 166 0
4  2305 1756 1758 2306  255 0 0
4  2305 2496 1755 1756  255 0 0
5  457 2235 2311 2477 1652  255 0 0
4  2509 1673 1698 1863  255 66 0
4  2244 2225 2497 2401  255 182 0
4  2511 1403 413 412  255 199 0
4  2511 2454 1328 2258  255 199 0
4  2244 2401 658 616  255 182 0
4  2511 2258 1342 1403  255 199 0
4  2381 635 636 2380  255 216 0
4  2381 1365 1367 2246  255 216 0
4  2227 617 629 2394  255 182 0
4  2381 2246 633 635  255 216 0
4  2227 2394 1435 488  255 182 0
4  2548 878 879 2484  255 0 0
4  2142 1469 1479 927  255 232 0
4  2240 2308 2307 2224  255 249 0
4  2142 2158 1477 1469  255 232 0
4  2244 616 659 2404  255 0 0
4  2155 1852 2157 2456  255 16 0
4  2237 2481 395 1440  243 255 0
5  2237 2236 2457 2479 2481  243 255 0
4  457 459 2285 2235  243 255 0
5  2152 1551 1550 468 2151  255 16 0
4  2152 2506 1878 1877  255 99 0
4  2152 2151 2413 2506  255 99 0
5  468 469 2520 2413 2151  255 99 0
5  2160 1587 2269 2070 2274  255 16 0
4  458 779 780 2232  255 0 0
4  2232 486 487 2453  243 255 0
4  458 463 1740 779  255 166 0
4  2232 2453 463 458  243 255 0
4  2235 2285 2457 2236  243 255 0
4  2309 916 1549 2248  255 16 0
4  2348 1588 1466 1339  255 16 0
4  2348 885 884 2277  255 16 0
4  2309 1627 917 916  255 16 0
8  2142 2485 663 608 587 2456 2157 2158  255 16 0
8  2484 2240 2224 2242 2404 659 621 661  255 0 0
4  1749 779 956 1746  255 0 0
5  1749 1164 1163 1168 1734  227 255 0
4  1741 1165 402 403  227 255 0
4  1741 781 782 1739  255 0 0
5  1755 1589 2298 2199 1756  210 255 0
4  2477 2362 1308 1652  255 0 0
5  1749 1746 2334 2375 1164  227 255 0
4  1755 398 397 1589  210 255 0
10  2477 2311 1767 401 1284 2270 1744 1746 2366 2362  255 0 0
4  2373 1165 1166 2262  227 255 0
4  2373 404 402 1165  227 255 0
5  2373 2374 2330 405 404  227 255 0
4  2375 2334 2330 2374  227 255 0
4  2153 2445 2191 2137  255 149 0
4  2230 2229 2283 2284  194 255 0
4  2154 584 585 2455  255 16 0
4  2227 488 2228 2444  255 0 0
7  2459 2153 2137 2455 585 586 662  255 16 0
8  2230 2468 660 627 628 2444 2228 2229  255 0 0
4  2240 880 2384 2308  255 249 0
4  2237 1440 880 2338  255 0 0
4  2230 2284 2415 936  194 255 0
4  1339 1466 1467 1981  255 16 0
4  1847 1374 2093 2177  177 255 0
7  2005 2433 2432 1913 1496 2135 1360  160 255 0
4  500 1392 2433 2005  160 255 0
4  1913 2432 1374 1847  160 255 0
4  2509 2514 1699 1673  255 66 0
4  2153 834 2522 2445  255 149 0
4  2152 1877 834 2436  255 16 0
4  2436 1635 1551 2152  255 16 0
4  2463 1310 574 575  255 49 0
4  1767 1305 400 401  210 255 0
4  2274 927 1869 2160  255 16 0
5  2232 780 1734 495 2426  255 0 0
4  2426 936 486 2232  255 0 0
4  2239 913 912 1626  255 16 0
5  2241 915 1550 1551 2111  255 16 0
5  2364 1465 1466 1588 2268  255 16 0
4  2365 1463 905 1980  255 16 0
4  2241 1625 914 915  255 16 0
4  2364 1979 1464 1465  255 16 0
4  2365 1980 1979 2364  255 16 0
4  2241 2239 1626 1625  255 16 0
4  2436 834 833 2437  255 16 0
4  2153 2459 833 834  255 16 0
4  1884 1915 1917 1881  255 149 0
4  2285 2458 2479 2457  243 255 0
4  2456 587 588 2155  255 16 0
4  2455 2137 1853 2154  255 16 0
4  2453 2448 2406 463  243 255 0
4  2453 487 385 2448  243 255 0
4  385 1434 2098 387  144 255 0
4  385 387 2406 2448  243 255 0
4  2445 2302 2193 2191  255 149 0
4  2393 2166 582 583  255 116 0
4  2393 2192 1855 2166  255 116 0
4  2444 628 617 2227  255 0 0
4  2229 2228 2282 2283  194 255 0
5  2394 2264 2222 1436 1435  255 182 0
4  2283 2286 2295 2284  194 255 0
4  2283 2282 2543 2286  194 255 0
4  2158 2157 1476 1477  255 232 0
4  1374 1717 2091 2093  177 255 0
4  1393 1754 1716 1394  127 255 0
4  1392 1753 1754 1393  127 255 0
4  1392 500 2176 1968  110 255 0
4  1374 1394 1716 1717  127 255 0
6  2432 2433 1392 1393 1394 1374  160 255 0
4  2240 2484 879 880  255 0 0
4  2468 2230 936 938  255 0 0
5  2426 495 1729 1709 1708  255 0 0
4  1869 927 1479 1481  255 232 0
4  2485 2142 927 928  255 16 0
4  927 2274 2275 928  255 16 0
4  2274 2070 2072 2275  255 16 0
4  2371 782 781 2512  255 0 0
4  2371 2429 941 2372  255 0 0
6  2463 856 2304 1312 896 1310  255 49 0
4  2338 880 879 2339  255 0 0
4  2338 2281 2310 2237  255 0 0
4  1469 2188 2297 1479  255 133 0
4  1479 2297 2259 1481  255 133 0
4  2419 2172 2173 1475  255 116 0
4  2401 2256 657 658  255 182 0
4  2419 607 602 2172  255 116 0
4  1881 1917 2300 1878  255 149 0
4  834 1877 1878 2522  255 149 0
4  1878 2300 2301 2522  255 149 0
4  2522 2301 2302 2445  255 149 0
4  1483 2089 2007 1484  255 133 0
4  2519 2518 1483 1484  255 99 0
4  1477 2187 2188 1469  255 133 0
4  1477 1476 2208 2187  255 133 0
5  936 2426 1708 2489 938  255 0 0
5  936 2415 385 487 486  194 255 0
4  2284 2295 2296 2415  194 255 0
4  2415 2296 1434 385  194 255 0
4  2413 2520 1884 1881  255 99 0
7  463 2406 2407 459 460 461 462  243 255 0
4  459 2407 2458 2285  243 255 0
4  387 2098 2508 388  144 255 0
4  392 390 2539 2213  94 255 0
7  387 388 1446 390 392 2407 2406  243 255 0
4  2404 2242 2225 2244  255 0 0
4  2224 2307 2498 2242  255 249 0
4  2307 2294 2503 2498  255 249 0
5  2401 2497 2253 2252 2256  255 182 0
4  2257 2002 1266 2247  77 255 0
4  2247 1266 1130 655  60 255 0
4  499 501 2267 2171  110 255 0
4  2171 2267 2266 2172  110 255 0
4  499 606 1391 501  160 255 0
4  2247 655 656 2257  255 182 0
4  499 2171 603 606  255 116 0
5  2082 1602 600 384 383  44 255 0
6  2082 2478 2347 1640 1638 1636  44 255 0
5  2082 383 382 605 2478  44 255 0
4  1504 513 514 1771  27 255 0
12  1545 2047 378 376 1519 1528 2035 2033 1211 1242 2026 1316  27 255 0
4  1545 526 527 1127  27 255 0
13  1504 1771 1222 1908 1223 1662 1769 2293 1803 2387 548 549 2405  27 255 0
4  1545 1316 525 526  27 255 0
5  1739 1167 1166 1165 1741  227 255 0
5  1739 782 2371 2372 1738  255 0 0
4  1734 780 779 1749  255 0 0
7  1734 1168 1163 1397 1398 1297 1400  11 255 0
4  2394 629 630 2264  255 182 0
4  1440 395 2384 880  255 249 0
4  395 2206 2287 2384  255 249 0
4  2308 2288 2294 2307  255 249 0
4  2384 2287 2288 2308  255 249 0
6  412 413 526 525 426 427  255 216 0
4  412 411 2454 2511  255 199 0
4  2380 1366 1365 2381  255 216 0
4  2380 636 417 419  255 216 0
6  2380 419 420 514 513 1366  255 216 0
4  412 427 428 411  255 216 0
4  2262 1166 1169 2231  227 255 0
4  1397 1163 1164 2375  227 255 0
5  2262 1397 2375 2374 2373  227 255 0
4  393 2019 2016 394  94 255 0
5  2372 941 939 2491 1710  255 0 0
4  2264 2181 1932 2222  0 255 5
4  2263 2182 2181 2264  0 255 5
4  1437 1986 1987 1439  0 255 5
4  1437 1436 1930 1986  0 255 5
5  2268 1588 2348 2277 2068  255 16 0
5  2269 1587 1586 1463 2365  255 16 0
4  2269 2365 2364 2268  255 16 0
4  2169 2057 1373 2163  177 255 0
4  532 533 2182 2263  0 255 5
4  2163 1373 1376 580  160 255 0
4  532 618 632 533  60 255 0
4  2263 631 618 532  255 182 0
4  2169 2163 580 581  255 116 0
4  530 528 2355 1423  60 255 0
7  1423 2355 1902 556 554 555 1422  60 255 0
4  1264 2290 2030 1265  0 255 22
4  528 530 2250 1988  0 255 5
4  528 529 2289 1263  0 255 22
4  1264 1263 2289 2290  0 255 22
5  528 1263 1264 1902 2355  60 255 0
4  2166 2501 2057 2169  177 255 0
4  2179 2124 2500 1855  177 255 0
4  2166 1855 2500 2501  177 255 0
4  1481 2259 2089 1483  255 133 0
4  2277 884 2122 2276  255 16 0
5  2306 1758 1761 2279 2341  255 0 0
4  2306 836 837 2305  255 0 0
4  2341 2279 875 876  255 0 0
4  2341 878 836 2306  255 0 0
4  2339 2280 2281 2338  255 0 0
5  2339 879 878 2341 876  255 0 0
4  2339 876 875 2280  255 0 0
4  1744 2270 1285 407  255 0 0
5  1746 1744 2326 2330 2334  227 255 0
4  404 1799 1798 402  0 255 38
5  403 402 1798 777 1735  0 255 38
4  404 405 1796 1799  0 255 38
4  1744 407 406 2326  227 255 0
4  2330 2326 406 405  227 255 0
4  2298 1589 397 2324  210 255 0
4  2299 2563 400 1305  210 255 0
4  2298 2324 1590 1591  210 255 0
4  2299 1591 1590 2563  210 255 0
4  398 1279 1274 397  0 255 55
4  401 400 1283 1284  0 255 55
4  2563 1590 399 400  210 255 0
4  2324 397 399 1590  210 255 0
4  2191 2192 1853 2137  255 149 0
4  2518 2554 1481 1483  255 99 0
4  2172 2266 2265 2173  110 255 0
4  2174 1966 1967 2175  110 255 0
4  2174 2173 2265 1966  110 255 0
4  2174 2187 2208 2173  255 133 0
4  2178 2123 2124 2179  177 255 0
5  2302 2178 2179 1855 2193  255 149 0
6  2521 1895 1668 2165 642 643  0 255 72
5  2521 644 645 886 2316  0 255 72
6  2492 919 920 1895 2521 2316  0 255 72
5  2492 2316 886 887 977  0 255 72
4  1003 175 176 812  0 255 88
4  2314 1676 2146 2150  0 255 105
4  1016 862 861 1014  44 255 0
4  1016 1017 1675 1674  44 255 0
6  2314 2395 2156 251 1209 1676  0 255 105
13  1003 923 1012 1013 1014 861 860 858 776 997 998 1001 175  44 255 0
4  1016 2139 2140 1017  0 255 121
4  2314 2150 2148 2395  0 255 105
4  1003 812 1992 923  0 255 88
4  1016 1014 2145 2139  0 255 121
4  98 1099 734 104  0 255 138
5  2526 2530 1068 1070 1604  44 255 0
7  2526 1448 2440 1057 1288 1671 2530  44 255 0
5  2526 1604 1603 1447 1448  44 255 0
4  393 394 2479 2458  243 255 0
5  2347 2523 1269 491 1640  44 255 0
4  2347 2478 605 604  44 255 0
3  2521 643 644  0 255 72
5  2347 604 381 380 2523  44 255 0
7  1810 1887 2358 2349 68 1642 1161  44 255 0
8  1810 1819 1817 2164 642 641 1669 1786  44 255 0
4  1810 1161 177 1819  44 255 0
4  1852 1475 1476 2157  255 232 0
4  2506 2413 1881 1878  255 99 0
13  1528 2292 2291 2293 1769 1993 1999 2120 2271 2442 2516 2087 2035  27 255 0
4  1528 1519 1131 1132  27 255 0
4  2256 2001 2002 2257  77 255 0
4  2204 1875 2078 2253  77 255 0
4  2256 2252 2000 2001  77 255 0
4  2264 630 631 2263  255 182 0
4  2166 2169 581 582  255 116 0
4  2498 2497 2225 2242  255 249 0
4  464 465 1727 1586  255 83 0
4  2491 939 938 2489  255 0 0
4  2491 1737 1711 1710  255 0 0
4  2489 1736 1737 2491  255 0 0
5  2372 1710 1711 1728 1738  255 0 0
4  2489 1708 1709 1736  255 0 0
4  394 2016 2206 395  94 255 0
4  394 395 2481 2479  243 255 0
11  98 1101 2473 605 382 1089 1091 1093 1096 224 1099  44 255 0
6  98 104 103 102 2460 1101  0 255 88
6  2474 1121 1122 1123 381 604  44 255 0
9  2474 604 605 2473 1110 1111 2439 2130 1370  44 255 0
6  2473 1101 1102 1103 221 1110  44 255 0
5  2474 1370 1120 987 1121  44 255 0
4  1756 2199 2198 1758  210 255 0
4  1767 2311 2310 1765  255 0 0
5  1767 1765 2200 2299 1305  210 255 0
4  2248 1570 1660 2309  255 16 0
4  2248 1549 1634 2249  255 16 0
4  2257 656 657 2256  255 182 0
4  2171 2172 602 603  255 116 0
4  1758 2198 2452 1761  210 255 0
4  1765 2310 2281 1764  255 0 0
4  2253 2078 2000 2252  77 255 0
4  2254 1867 2032 1969  0 255 155
4  2255 2075 1867 2254  0 255 155
4  1875 1866 2077 2078  77 255 0
4  1875 2204 2202 1873  77 255 0
4  2078 2077 1995 2000  77 255 0
4  1765 1764 2197 2200  210 255 0
13  2304 1970 937 940 1077 1084 1577 1402 1190 1178 1175 1182 1312  255 49 0
4  2304 856 855 2417  255 33 0
4  2303 1962 1701 60  255 49 0
12  2303 1149 1470 1482 1486 1576 1621 1618 931 933 478 1962  255 49 0
5  1090 1577 1084 1083 1088  255 49 0
8  1090 2194 2195 1723 2021 2196 2238 2504  255 49 0
5  1723 1621 1576 2513 2021  255 49 0
4  1723 2195 1705 1704  255 49 0
5  1090 2504 1578 1402 1577  255 49 0
4  2302 2301 2300 2178  255 149 0
5  2299 2200 2199 2298 1591  210 255 0
4  2175 1967 1968 2176  110 255 0
4  2175 2259 2297 2188  255 133 0
4  1439 1987 1988 2250  0 255 5
5  2296 2295 1439 1424 1434  194 255 0
4  2204 2253 2503 2294  255 249 0
4  1504 2405 550 543  27 255 0
4  2293 2291 544 545  27 255 0
4  2292 1528 1132 1133  27 255 0
4  2292 1133 544 2291  27 255 0
4  1133 1126 539 544  0 255 171
4  539 1126 2290 2289  0 255 22
5  2206 1417 2202 2288 2287  255 249 0
4  2286 2543 1436 1437  194 255 0
4  2221 1955 1954 2220  0 255 188
4  2220 1954 1953 2034  0 255 188
4  2265 2180 1963 1966  110 255 0
4  1966 1963 1964 1967  110 255 0
4  1435 2282 2228 488  194 255 0
5  1764 2281 2280 875 1763  255 0 0
4  2279 1761 1763 875  255 0 0
5  2278 2092 2219 344 345  0 255 205
7  2278 202 203 1538 276 774 2092  0 255 205
4  1110 345 344 1111  0 255 221
5  1110 221 222 199 345  0 255 221
4  2278 345 199 202  0 255 205
4  2276 2122 928 2275  255 16 0
4  2276 2066 2068 2277  255 16 0
4  2275 2072 2066 2276  255 16 0
4  2272 1909 1904 2273  0 255 188
4  2273 1904 1714 1097  0 255 188
9  2273 1097 1087 1082 1074 1067 1061 1092 2272  0 255 188
6  2085 1846 1848 1601 1636 1638  0 255 238
5  2085 1890 1891 758 2003  0 255 238
4  2085 2003 55 1846  0 255 238
6  2271 2120 1205 1229 1231 1206  27 255 0
7  2271 1206 1233 1208 1238 1210 2442  27 255 0
4  2270 1284 1281 1285  255 0 0
4  1735 1285 1281 1279  255 0 0
4  1798 1797 778 777  0 255 38
4  1735 777 778 1285  0 255 38
4  2070 2269 2268 2068  255 16 0
4  2258 2243 1343 1342  255 199 0
4  2255 2251 1994 2075  0 255 155
4  2255 1680 1584 2251  0 255 155
4  2267 2036 2515 2266  110 255 0
4  2266 2515 2180 2265  110 255 0
4  1738 728 1167 1739  227 255 0
4  495 494 729 1729  227 255 0
4  2231 1169 708 709  227 255 0
7  1396 1733 494 495 1401 1298 1399  11 255 0
4  1396 1397 2262 2231  227 255 0
5  2176 2088 2089 2259 2175  255 133 0
4  1673 502 1951 1698  0 255 255
4  2258 1328 1327 2243  255 199 0
8  1680 2255 2254 1969 1527 1522 1170 1181  0 255 155
4  2251 1584 1344 1994  0 255 155
4  563 564 1601 1848  0 255 238
4  2105 960 962 2490  0 238 255
4  2107 1345 505 522  0 221 255
4  563 1605 964 564  0 238 255
4  2105 2447 958 960  0 205 255
4  1266 2243 1327 1130  0 255 22
4  501 502 2036 2267  110 255 0
4  501 1391 1951 502  127 255 0
4  2249 831 1570 2248  255 16 0
5  2249 1634 2060 2056 2438  255 16 0
4  2246 534 634 633  255 216 0
5  1681 1914 58 63 854  0 255 255
4  1681 1683 1918 1914  0 255 255
4  533 534 2062 2182  0 255 5
4  1373 1914 1918 1376  127 255 0
4  533 632 634 534  0 255 22
4  2243 1266 2002 1997  77 255 0
5  502 1673 1699 59 57  0 255 255
5  2110 1549 916 913 2239  255 16 0
4  2111 1551 1635 2059  255 16 0
4  2241 2111 2110 2239  255 16 0
4  2238 2196 1612 1613  255 49 0
7  2238 1613 1615 1617 1514 1578 2504  255 49 0
4  392 2213 2019 393  94 255 0
4  2234 1265 1871 2233  77 255 0
4  2233 1871 1873 2202  77 255 0
4  1419 1903 1265 2234  60 255 0
4  1419 2234 2233 1409  255 182 0
4  1736 2549 2545 1737  0 188 255
5  1737 2545 727 1728 1711  0 188 255
5  1736 1709 1729 729 2549  0 188 255
4  1738 1728 727 728  227 255 0
4  1396 710 711 1733  227 255 0
4  1396 2231 709 710  227 255 0
5  1169 728 727 2039 708  227 255 0
5  1733 711 2042 729 494  227 255 0
4  2042 711 710 2041  227 255 0
4  2042 2039 727 729  227 255 0
4  1436 2222 1932 1930  0 255 5
4  2226 1984 1923 2207  0 171 255
4  2207 1923 1924 2223  0 171 255
4  1986 1985 1982 1987  0 255 5
4  1930 1921 1985 1986  0 255 5
4  1725 1752 1955 2221  0 255 188
10  1725 2221 2220 1724 1036 1196 1610 1616 1619 1722  0 255 188
6  2219 2092 774 275 1541 2048  0 255 205
5  2218 2073 760 357 358  0 255 205
7  2218 2217 1000 242 707 762 2073  0 255 205
7  2097 2067 1702 773 243 242 1000  0 255 205
5  1900 2156 2149 311 312  0 255 105
5  1900 1898 252 251 2156  0 255 105
5  265 264 2391 328 329  0 255 105
4  265 1854 1823 264  0 155 255
5  265 234 266 1851 1854  0 155 255
4  1390 1843 2008 1950  0 138 255
4  1950 2008 2006 472  0 138 255
4  1950 1951 1391 1390  127 255 0
4  534 2246 1367 535  255 216 0
4  1914 1373 2057 2017  177 255 0
4  578 1861 1777 579  0 138 255
4  577 1978 1861 578  0 138 255
4  1376 1918 577 578  127 255 0
10  473 2466 2529 1757 2480 1315 1444 944 1561 558  0 138 255
4  575 1838 1839 576  0 138 255
13  575 574 1795 2350 908 1456 1459 979 1800 1943 1598 1593 1838  0 138 255
4  1773 1687 1689 1780  0 138 255
4  2074 1807 1687 1773  0 138 255
4  1975 1972 1806 2076  0 121 255
4  2076 1806 1596 1947  0 121 255
4  1975 2076 2074 1773  0 121 255
4  2500 2184 2494 2501  177 255 0
4  2124 2103 2184 2500  177 255 0
4  2272 2013 924 1909  0 255 188
4  2098 1423 1422 2508  144 255 0
4  556 2213 2539 554  94 255 0
4  2016 1409 1417 2206  94 255 0
4  1409 2233 2202 1417  255 182 0
6  2552 1408 164 307 2147 1209  0 255 105
6  2552 1209 251 250 722 1407  0 255 105
5  2551 202 199 222 1540  0 255 205
4  2551 1540 1539 203  0 255 205
3  2552 1407 1408  0 255 105
3  2551 203 202  0 255 205
4  1436 2543 2282 1435  194 255 0
4  1070 761 1071 2159  44 255 0
7  2530 1671 1060 1063 1066 1002 1068  44 255 0
4  1070 358 357 761  0 255 88
4  2217 2218 358 359  0 255 205
4  1070 1068 359 358  0 255 88
4  1475 2173 2208 1476  255 133 0
4  2177 2093 2123 2178  177 255 0
5  2178 2300 1917 1919 2177  255 149 0
3  1111 1113 2439  44 255 0
4  2219 2048 343 344  0 255 205
4  1111 344 343 1113  0 255 221
5  1954 2180 2515 2036 1953  110 255 0
4  1958 40 1100 1566  0 105 255
4  2177 1919 1913 1847  255 149 0
4  266 1957 267 235  0 255 105
4  266 235 1822 1851  0 155 255
5  2186 2356 2420 263 262  0 255 105
5  2186 262 2537 1256 1507  0 255 105
4  2203 538 1984 2226  0 171 255
9  2207 2205 1355 2378 2388 1802 2396 2203 2226  0 171 255
4  2205 2207 2223 1157  0 171 255
4  1157 2223 1924 537  0 171 255
4  2503 2253 2497 2498  255 249 0
4  2501 2494 2017 2057  177 255 0
5  2184 1909 924 2017 2494  177 255 0
4  2272 1092 63 2013  0 255 188
8  1667 1661 968 1659 1656 970 2052 2054  0 88 255
5  1666 1657 1580 1661 1667  0 88 255
4  2487 2550 520 521  0 221 255
4  2487 1345 1346 2449  0 221 255
5  2487 2449 1030 2547 2550  0 221 255
4  2487 521 505 1345  0 221 255
4  2480 1757 1762 2499  0 72 255
4  2480 411 428 1315  0 138 255
4  1943 1573 1574 1941  0 138 255
6  1943 1800 1555 417 636 1573  0 138 255
4  1060 480 2467 2083  0 55 255
5  1060 1671 1288 1059 480  44 255 0
4  2217 359 360 1000  0 255 205
4  2097 1000 360 293  0 255 205
4  1060 2083 2084 1063  0 55 255
4  1068 1002 360 359  0 255 88
4  973 972 612 450  0 38 255
4  45 562 972 973  0 38 255
7  973 2105 2490 1605 563 51 45  0 238 255
4  2200 2197 2198 2199  210 255 0
7  2196 2021 2513 1049 1250 1251 1612  255 49 0
5  567 566 2409 2410 2342  0 238 255
4  2126 1056 640 639  0 205 255
4  976 971 1581 2441  0 205 255
4  976 1960 570 569  0 38 255
4  569 44 971 976  0 38 255
4  2126 2342 2410 1056  0 238 255
4  569 568 56 44  0 22 255
5  567 2342 2126 2441 568  0 238 255
4  2182 2062 2063 2181  0 255 5
6  2062 534 535 536 537 1924  0 255 5
4  1968 1965 1753 1392  110 255 0
5  1889 747 565 566 2336  0 255 238
5  2125 2081 1033 1032 1989  0 221 255
3  567 2336 566  0 255 238
5  2125 517 518 1034 2081  0 221 255
4  729 727 2545 2549  0 188 255
4  1997 2002 2001 1996  77 255 0
5  2243 1997 1994 1344 1343  77 255 0
4  1978 577 576 1839  0 138 255
4  1977 1805 1971 2461  0 5 255
4  2461 1971 2322 1862  0 5 255
4  1861 1978 1977 2461  0 5 255
4  2295 2286 1437 1439  194 255 0
4  2202 2204 2294 2288  255 249 0
4  392 393 2458 2407  243 255 0
4  2194 1090 1088 1095  255 49 0
4  2195 2194 1095 1705  255 49 0
4  1705 1751 1752 1725  0 255 188
4  1095 1715 1751 1705  0 255 188
4  1716 1754 1751 1715  127 255 0
4  2193 1855 2192 2191  255 149 0
4  2190 1631 1630 1857  0 72 255
4  2011 408 410 2015  0 138 255
4  2012 1833 1631 2190  0 72 255
4  1826 654 408 2011  0 138 255
4  2011 2012 2190 1826  0 72 255
4  2189 1811 2114 2009  11 0 255
4  1843 1390 1834 1844  0 138 255
4  2009 2114 2483 2010  11 0 255
4  2009 2008 1843 2189  11 0 255
4  2174 2175 2188 2187  255 133 0
4  2185 988 2385 2383  27 0 255
5  2185 1887 1810 1786 1785  44 255 0
6  2185 2446 2357 2354 2358 1887  44 255 0
6  2186 1507 1260 325 326 2356  0 255 105
4  2185 2383 2382 2446  27 0 255
4  1764 1763 2451 2197  210 255 0
4  2197 2451 2452 2198  210 255 0
4  2452 2451 1763 1761  210 255 0
5  2449 1346 2108 1112 2421  44 0 255
4  2449 2421 2422 1030  44 0 255
6  1991 1139 1156 827 7 6  60 0 255
4  2108 891 36 1112  44 0 255
4  2108 1346 1345 2107  0 221 255
4  500 2005 2088 2176  255 133 0
4  1724 2220 2034 59  0 255 188
5  2442 1210 943 2337 2516  27 255 0
4  1097 1714 1715 1095  0 255 188
4  2438 2056 2058 2437  255 16 0
4  2438 832 831 2249  255 16 0
5  2437 2058 2059 1635 2436  255 16 0
4  2437 833 832 2438  255 16 0
5  407 1285 778 1797 406  0 255 38
5  1424 1439 2250 530 1423  255 182 0
4  1921 1930 1932 1926  0 255 5
4  1921 1923 1984 1985  0 255 5
4  2103 2124 2123 2104  177 255 0
4  2103 1904 1909 2184  177 255 0
3  2183 1247 1498  77 0 255
4  1657 1244 1247 2183  77 0 255
4  1657 1666 1252 1253  0 88 255
4  2050 1661 1580 1579  77 0 255
5  2183 1498 1579 1580 1657  77 0 255
4  2181 2063 1926 1932  0 255 5
4  1955 1963 2180 1954  110 255 0
4  1866 1875 1873 1865  77 255 0
4  2075 2077 1866 1867  77 255 0
4  2022 2424 982 981  94 0 255
5  2022 1959 619 637 1556  94 0 255
10  572 571 1959 2022 981 1461 1453 906 2376 1793  94 0 255
4  572 1341 1311 2408  0 88 255
7  1638 1640 491 747 1889 1890 2085  0 255 238
4  1636 1601 1602 2082  44 255 0
3  2081 1034 1033  0 221 255
4  2000 1995 1996 2001  77 255 0
4  1994 1995 2077 2075  77 255 0
4  2072 2070 2068 2066  255 16 0
4  1965 1968 1967 1964  110 255 0
4  1753 1965 1955 1752  110 255 0
4  2063 2062 1924 1926  0 255 5
4  1958 55 2065 40  0 22 255
5  2050 1579 1498 1499 2004  0 22 255
4  1893 1607 1354 959  0 105 255
4  1893 959 963 759  0 105 255
6  2050 2004 1791 1790 2090 967  0 22 255
5  2055 1501 1487 2408 898  0 88 255
8  2055 1185 1173 2411 1664 1606 1352 1501  0 88 255
5  2054 2052 1608 2359 2510  0 88 255
7  2049 1215 1956 988 2185 1785 2450  44 255 0
4  2049 1575 1118 1117  44 255 0
4  1113 1152 2130 2439  44 255 0
6  2049 1117 1145 1214 1216 1215  44 255 0
5  1113 219 1114 1115 1152  44 255 0
4  2048 1541 220 343  0 255 205
4  2045 1116 846 808  0 255 205
4  1113 343 220 219  0 255 221
4  544 539 538 2203  0 171 255
4  368 2025 1879 369  110 0 255
5  371 1882 765 1883 372  110 0 255
5  374 2027 824 2029 366  110 0 255
4  370 1880 1882 371  110 0 255
6  367 2024 2471 1935 2025 368  110 0 255
5  372 1883 763 1885 373  110 0 255
5  366 2029 989 2023 365  110 0 255
4  365 2023 2024 367  110 0 255
4  370 369 1879 1880  110 0 255
5  374 373 1885 2470 2027  110 0 255
4  1871 1864 1865 1873  77 255 0
4  1265 2030 1864 1871  77 255 0
4  2032 1867 1864 2030  77 255 0
4  1446 388 389 1421  127 0 255
4  1421 391 390 1446  127 0 255
4  1421 389 1422 555  255 182 0
4  555 554 391 1421  255 182 0
6  1957 1772 142 143 268 267  0 255 105
4  235 267 1801 1822  0 155 255
4  1609 1149 1530 1510  255 49 0
7  1624 1567 1665 1564 1569 1658 1472  0 88 255
4  1609 1468 1470 1149  255 49 0
4  1624 1472 1468 1609  0 88 255
4  1914 2017 924 58  177 255 0
4  2013 63 58 924  0 255 188
4  1913 1915 2443 1496  255 149 0
4  2007 2005 1360 1361  255 133 0
4  1997 1996 1995 1994  77 255 0
4  1993 1769 1662 1663  27 255 0
4  1221 1771 514 421  27 255 0
6  1993 1663 1226 1228 1213 1999  27 255 0
4  1221 1203 1222 1771  27 255 0
4  1991 6 1203 1221  60 0 255
4  1989 1032 1142 1140  44 0 255
4  1989 1140 2361 2367  44 0 255
7  2102 2313 2315 1706 2527 1582 1632  144 0 255
4  2102 1497 1491 1489  144 0 255
6  2144 2312 2313 2102 1489 1317  144 0 255
4  2144 1212 948 949  144 0 255
4  2144 1317 1318 1212  144 0 255
5  2138 2312 1600 2370 2368  160 0 255
4  2138 1920 1922 1153  160 0 255
6  1151 2313 2312 2138 1153 1028  160 0 255
5  2129 2421 1112 986 2128  177 0 255
4  2129 1029 2422 2421  177 0 255
4  1151 1028 1029 2129  177 0 255
4  1485 1474 1493 1886  255 232 0
4  1485 1359 1360 2135  194 0 255
4  1886 1358 1359 1485  255 232 0
4  2135 1496 1474 1485  194 0 255
4  1706 1778 2531 2527  144 0 255
5  1706 2315 1027 1362 945  144 0 255
4  1146 2315 2313 1151  160 0 255
5  1146 985 1937 1939 1703  160 0 255
4  2128 986 985 1146  177 0 255
4  2129 2128 1146 1151  177 0 255
5  1989 2367 1961 516 452  44 0 255
4  976 454 638 1960  0 38 255
5  2126 639 454 976 2441  0 205 255
4  2125 1989 452 517  0 221 255
7  1079 1603 1604 1070 2159 2127 1078  44 255 0
4  1096 1093 2051 2053  210 0 255
4  1096 2053 231 224  210 0 255
10  1079 1080 1081 225 180 1085 1086 1395 1447 1603  44 255 0
4  1079 835 735 1080  0 255 138
4  1126 1133 1969 2032  0 255 155
4  2093 2091 2104 2123  177 255 0
4  1988 1983 529 528  0 255 5
4  1983 1988 1987 1982  0 255 5
4  1984 538 529 1983  0 255 5
4  559 560 1416 1418  0 88 255
4  559 1217 558 557  0 88 255
7  1998 1860 560 559 1560 1558 1443  94 0 255
4  1998 1563 1315 1888  94 0 255
4  1998 1443 1445 1563  94 0 255
5  2120 1999 1213 947 1205  27 255 0
4  1811 2189 2318 1812  11 0 255
4  1814 1628 1831 2115  0 138 255
4  2115 1831 1759 2486  0 138 255
4  2115 2114 1811 1814  11 0 255
4  556 1902 1903 1419  60 255 0
4  1628 1814 1813 1629  0 138 255
4  1833 2012 2014 1760  0 72 255
4  1833 1831 1628 1631  0 72 255
4  2060 1634 1549 2110  255 16 0
4  2111 2059 2060 2110  255 16 0
4  2108 451 506 891  44 0 255
4  2108 2107 522 451  0 221 255
6  2105 973 450 651 1641 2447  0 205 255
4  2104 2091 1904 2103  177 255 0
4  30 1206 1497 2102  144 0 255
4  30 32 1233 1206  27 255 0
4  30 2102 1632 32  144 0 255
4  2020 1800 2424 2022  94 0 255
4  573 574 1341 572  0 88 255
4  573 1794 1795 574  0 138 255
4  573 572 1793 1794  94 0 255
4  1434 1424 1423 2098  144 255 0
5  1066 1063 118 1064 1065  44 255 0
4  1066 293 360 1002  0 255 88
6  2097 293 361 770 2094 2067  0 255 205
6  1066 1065 772 768 361 293  0 255 88
6  2004 1499 1500 2065 55 2003  0 22 255
4  2091 1717 1714 1904  177 255 0
4  1808 634 632 1686  0 255 22
4  1807 2074 1941 1574  0 138 255
4  1686 632 618 1684  0 255 22
4  1687 1807 1808 1686  0 255 22
4  1991 515 509 1139  60 0 255
4  2005 2007 2089 2088  255 133 0
4  2086 1160 507 524  60 0 255
6  2087 2516 2337 1240 1022 1452  27 255 0
4  1246 1316 2026 1243  27 255 0
6  2086 2028 19 20 1038 1160  60 0 255
4  2087 1452 2033 2035  27 255 0
4  2086 1246 1243 2028  60 0 255
4  472 2006 2466 473  0 138 255
4  472 1698 1951 1950  0 255 255
4  1918 1683 576 577  0 255 255
4  1947 1596 1597 1945  0 121 255
4  2076 1947 1941 2074  0 121 255
3  2073 762 760  0 255 205
3  2067 2094 1702  0 255 205
4  571 572 2408 1487  0 88 255
4  1960 1959 571 570  0 38 255
6  2064 1719 1150 341 342 1537  0 255 205
4  2064 1537 274 273  0 255 205
6  2064 273 240 272 1529 1719  0 255 205
4  2060 2059 2058 2056  255 16 0
4  1859 972 562 561  0 38 255
4  1860 1998 653 613  94 0 255
4  561 560 1860 1859  0 38 255
4  2052 966 1405 1608  0 88 255
4  2052 970 965 966  0 88 255
4  2050 967 968 1661  77 0 255
4  2047 1545 1127 1129  27 255 0
4  2047 1129 377 378  27 255 0
4  2040 709 708 2039  227 255 0
4  2041 710 709 2040  227 255 0
4  2042 2041 2040 2039  227 255 0
4  2036 502 57 1953  110 255 0
4  57 59 2034 1953  0 255 188
5  2029 824 825 990 989  110 0 255
7  2027 2470 2544 676 685 825 824  110 0 255
7  1885 764 2566 679 682 2544 2470  110 0 255
6  1879 2025 1935 2469 1768 766  110 0 255
5  2024 2023 989 990 2471  110 0 255
4  2020 1554 1555 1800  0 138 255
4  2022 1556 1554 2020  94 0 255
4  1991 1221 421 515  60 0 255
4  2019 1419 1409 2016  94 255 0
4  2015 410 411 2480  0 138 255
4  2015 2014 2012 2011  0 72 255
4  2010 2483 2535 2532  11 0 255
4  2010 2006 2008 2009  11 0 255
6  2004 2003 758 2564 1792 1791  0 22 255
4  579 1777 1862 580  227 0 255
9  580 1862 2322 2360 1976 1684 618 631 581  227 0 255
4  580 1376 578 579  160 255 0
4  1985 1984 1983 1982  0 255 5
3  1979 1513 1464  255 16 0
4  1980 902 1513 1979  255 16 0
4  1981 1467 917 1627  255 16 0
3  1980 905 902  255 16 0
5  561 562 45 1850 1414  0 105 255
4  1835 1595 1805 1977  0 5 255
4  1978 1839 1835 1977  0 5 255
4  1780 1689 1684 1976  227 0 255
4  1976 2360 1972 1975  0 121 255
4  1976 1975 1773 1780  0 121 255
4  1973 1804 1592 1599  0 138 255
4  1974 1776 1804 1973  0 138 255
4  1974 1973 1806 1972  0 121 255
4  1776 1974 1774 1782  0 138 255
4  1971 1805 1804 1776  0 5 255
4  1970 2304 62 1094  255 49 0
4  1970 1094 934 937  255 49 0
4  1129 1680 1181 377  0 255 155
4  1969 1133 1132 1527  0 255 155
4  1965 1964 1963 1955  110 255 0
3  1898 1207 252  0 255 105
4  1962 478 477 1701  255 49 0
4  1961 2367 2361 2363  44 0 255
4  1961 1139 509 516  44 0 255
4  1960 638 619 1959  0 38 255
6  1958 1566 1565 1568 1414 1850  0 105 255
4  1956 1215 1216 1257  44 255 0
5  1956 329 328 2385 988  27 0 255
4  265 329 330 234  0 255 105
6  266 234 330 331 1772 1957  0 255 105
4  1956 1257 330 329  27 0 255
4  606 2318 1844 1834  243 0 255
4  1390 1391 606 1834  160 255 0
4  1683 1952 575 576  255 33 0
4  1945 1597 1598 1943  0 121 255
4  1947 1945 1943 1941  0 121 255
5  1935 2471 990 2553 2469  110 0 255
4  766 1745 695 696  110 0 255
4  766 1768 1035 1745  110 0 255
4  1926 1924 1923 1921  0 255 5
4  1919 1917 1915 1913  255 149 0
5  1907 1600 2312 2144 949  144 0 255
3  1663 1224 1226  27 255 0
5  1907 1368 1369 1426 1600  144 0 255
4  1907 1228 1226 1368  144 0 255
4  1264 1265 1903 1902  60 255 0
7  1012 923 1005 1006 1007 168 1011  44 255 0
6  1012 312 311 2136 2143 1013  0 255 121
5  1900 312 313 1207 1898  0 255 105
4  1012 1011 313 312  0 255 121
3  1895 920 1668  0 255 72
4  1893 759 43 1892  0 105 255
4  1892 43 49 828  0 22 255
5  1892 1488 1502 1607 1893  0 105 255
4  1891 1890 1889 828  0 255 238
4  557 558 1561 942  0 138 255
4  1888 1315 428 429  0 138 255
4  559 557 942 1560  94 0 255
3  1885 763 764  110 0 255
8  1883 765 766 696 2427 699 764 763  110 0 255
5  1882 1880 1879 766 765  110 0 255
4  1867 1866 1865 1864  77 255 0
4  473 1863 1698 472  255 66 0
4  1777 1861 2461 1862  0 5 255
5  1707 1623 891 506 523  44 0 255
4  1859 652 612 972  0 38 255
4  1707 523 507 1160  44 0 255
4  1860 613 652 1859  0 38 255
8  1857 1630 1812 2318 606 603 656 655  243 0 255
4  1857 655 614 1825  243 0 255
4  1825 614 654 1826  0 138 255
4  1826 2190 1857 1825  0 72 255
4  554 2539 390 391  94 255 0
4  463 462 957 1740  255 166 0
4  459 1653 1309 460  255 166 0
4  462 461 954 957  255 166 0
4  1746 956 955 2366  255 0 0
9  1851 1822 1313 367 1511 1241 1824 1823 1854  0 155 255
4  1679 522 505 446  255 0 249
5  1679 1202 651 450 449  255 0 249
6  443 521 520 440 441 442  255 0 249
3  2352 439 440  255 0 249
4  2352 519 518 1053  255 0 249
6  1679 446 447 448 611 1202  255 0 249
6  443 444 445 446 505 521  255 0 249
4  2352 440 520 519  255 0 249
4  2492 977 442 441  0 255 72
5  443 442 977 974 444  0 255 72
3  2513 1050 1049  255 49 0
4  1666 1612 1251 1252  0 88 255
4  1827 1428 366 1821  0 155 255
4  2408 1311 899 898  0 88 255
4  2508 1422 389 388  144 255 0
4  1850 54 55 1958  0 22 255
4  1848 1846 55 54  0 255 238
4  1518 1312 1182 1183  255 49 0
4  2055 1518 1183 1185  0 88 255
4  1578 1191 1190 1402  255 49 0
3  1578 1514 1191  255 49 0
4  2054 2510 1617 1615  0 88 255
4  1667 2054 1615 1613  0 88 255
4  2499 1762 1760 2014  0 72 255
4  2480 2499 2014 2015  0 72 255
4  569 570 1488 1892  0 105 255
4  1701 1724 59 60  0 255 188
4  59 1699 474 60  0 255 255
4  441 440 919 2492  0 255 72
4  2490 962 964 1605  0 238 255
4  2486 1759 1757 2529  0 138 255
4  2486 2483 2114 2115  11 0 255
5  1889 2336 567 568 828  0 255 238
4  569 1892 828 568  0 22 255
4  2189 1843 1844 2318  11 0 255
4  1838 1593 1594 1836  0 5 255
4  1836 1594 1595 1835  0 5 255
4  1839 1838 1836 1835  0 5 255
4  1760 1759 1831 1833  0 72 255
4  1538 1535 277 276  0 255 205
3  1538 203 1539  0 255 205
4  1541 1537 342 220  0 255 205
4  1541 275 274 1537  0 255 205
8  1787 1428 1827 1429 1646 1645 1644 1643  0 155 255
4  1246 425 525 1316  27 255 0
4  1246 2086 524 425  60 0 255
4  1998 1888 429 653  94 0 255
4  563 1848 54 51  0 255 238
4  1850 45 51 54  0 22 255
4  990 825 1766 2553  110 0 255
4  2469 2556 1035 1768  110 0 255
4  2469 2553 2557 2556  110 0 255
4  825 685 684 1748  110 0 255
4  825 1748 1747 1766  110 0 255
4  2553 1766 1747 2557  110 0 255
5  764 699 697 882 2566  110 0 255
4  2544 1750 674 676  110 0 255
4  2544 682 681 1750  110 0 255
4  2532 2535 2529 2466  11 0 255
4  2532 2466 2006 2010  11 0 255
8  1289 1788 1700 1677 1678 1654 1655 372  0 155 255
6  1020 1408 1407 249 248 724  0 255 105
8  953 1654 1678 1721 1720 2412 1552 1670  0 155 255
4  1092 1094 62 63  0 255 188
4  1734 1400 1401 495  11 255 0
4  1327 408 654 1130  0 255 22
4  262 239 261 2537  0 255 105
4  1824 1241 239 262  0 155 255
5  1824 262 263 264 1823  0 155 255
4  241 706 707 242  0 255 205
4  241 242 1700 1788  0 155 255
4  1822 1821 365 1313  0 155 255
4  68 2349 321 69  27 0 255
4  68 69 1159 1642  0 255 88
4  1161 1642 1159 1292  0 255 88
4  175 1001 1334 176  255 0 232
4  1819 177 1438 1817  44 255 0
4  177 172 1326 1438  255 0 232
4  1817 1438 1326 1433  255 0 232
6  1001 998 1325 1319 1333 1334  255 0 232
4  998 997 1324 1325  255 0 232
4  1812 1630 1629 1813  243 0 255
4  1814 1811 1812 1813  11 0 255
7  1543 1713 930 932 270 269 1542  0 255 205
7  1543 1116 2045 2325 1712 1682 1713  0 255 205
7  1827 1821 1822 1801 1718 1430 1429  0 155 255
4  568 2441 1581 56  0 238 255
5  1542 269 144 143 1775  0 255 205
4  1787 1289 374 1428  0 155 255
12  2450 1267 597 601 2369 2353 2431 1128 2434 204 1575 2049  44 255 0
5  2450 1785 1786 1669 1267  44 255 0
6  1269 2523 380 379 601 1268  44 255 0
4  1496 2443 1493 1474  255 149 0
4  1333 1319 173 179  255 0 232
4  179 173 178 1162  0 255 88
4  224 231 734 1099  0 255 138
4  1518 897 896 1312  255 49 0
4  1518 2055 898 897  0 88 255
4  2370 1600 1426 2430  160 0 255
4  2370 1912 1916 2368  160 0 255
4  2430 1911 1912 2370  160 0 255
5  2430 1426 1427 1910 1911  160 0 255
4  2427 696 695 1743  110 0 255
5  2427 686 689 697 699  110 0 255
4  2566 1742 678 679  110 0 255
4  2427 1743 687 686  110 0 255
4  2566 882 881 1742  110 0 255
4  2424 1800 979 982  94 0 255
4  538 539 2289 529  0 255 22
4  1126 2032 2030 2290  0 255 22
4  1571 633 634 1808  0 255 22
4  1807 1574 1571 1808  0 255 22
4  2529 2535 2483 2486  11 0 255
4  2417 855 854 63  255 33 0
4  2417 63 62 2304  255 33 0
4  1228 27 947 1213  27 255 0
4  1907 949 27 1228  144 0 255
3  1268 601 597  44 255 0
4  1575 204 205 1331  255 0 216
6  1121 1372 1404 1338 1420 1122  255 0 199
6  2434 1128 853 801 1107 1105  255 0 199
4  2434 1105 205 204  255 0 199
4  2431 2353 1234 852  255 0 199
4  2431 852 853 1128  255 0 199
4  1122 1420 1237 1123  255 0 199
4  1108 803 1338 1404  255 0 199
4  1621 1723 1704 1620  255 49 0
4  2513 1576 1486 1050  255 49 0
4  2505 1232 769 795  0 255 205
4  2505 865 1230 1232  0 255 205
4  118 135 771 1064  0 255 88
4  2505 795 794 865  0 255 205
4  865 245 233 1230  0 255 205
4  249 236 1552 2412  0 155 255
3  249 1407 722  0 255 105
3  2560 1232 1230  0 255 205
5  2560 2094 770 769 1232  0 255 205
4  865 149 148 245  0 255 205
6  2560 1230 233 244 1702 2094  0 255 205
6  2412 1720 246 247 248 249  0 155 255
5  2411 1173 1176 1179 1180  0 88 255
5  2411 1180 2359 1608 1664  0 88 255
5  1418 1416 1567 1624 2327  0 88 255
4  1418 1148 1217 559  0 88 255
4  1418 2327 2328 1148  0 88 255
4  2405 549 540 550  27 255 0
4  2205 550 540 1355  0 171 255
4  544 2203 2396 545  0 171 255
4  550 2205 1157 543  0 171 255
4  545 546 1803 2293  27 255 0
4  2396 1802 546 545  0 171 255
4  1599 1592 1593 1598  0 138 255
4  1973 1599 1596 1806  0 121 255
4  1805 1595 1592 1804  0 5 255
4  546 547 2387 1803  27 255 0
4  1802 2388 547 546  0 171 255
3  1775 143 142  0 255 205
4  267 268 1718 1801  0 155 255
5  419 417 1031 2109 420  255 0 182
4  1799 1796 1797 1798  0 255 38
4  406 1797 1796 405  0 255 38
4  1794 2332 2350 1795  0 138 255
4  1793 2376 2332 1794  94 0 255
4  758 759 963 2564  0 22 255
4  1792 2564 963 969  0 22 255
4  1792 969 1790 1791  0 22 255
4  1511 368 1155 1509  0 155 255
4  1307 197 198 2037  255 0 166
4  1789 191 192 1220  255 0 166
5  1789 1218 843 355 356  255 0 166
6  1307 2343 1306 195 196 197  255 0 166
3  1789 1220 1218  255 0 166
7  1788 1289 1787 1643 2569 1329 1330  0 155 255
4  997 995 1323 1324  255 0 232
4  1014 1013 2143 2145  0 255 121
8  997 776 775 857 645 644 991 995  44 255 0
4  2395 2148 2149 2156  0 255 105
7  191 760 762 706 237 1219 192  0 255 205
4  191 1789 356 190  255 0 166
6  197 196 1329 2569 279 280  0 155 255
4  547 541 548 2387  27 255 0
4  2388 2378 541 547  0 171 255
4  2379 1356 549 548  255 0 149
4  2378 1355 1356 2379  255 0 149
4  548 541 2378 2379  255 0 149
4  60 474 475 2303  255 49 0
4  195 194 282 281  0 255 205
3  195 281 196  0 255 205
4  195 1306 668 188  255 0 166
4  380 381 595 1236  255 0 199
3  2369 601 379  44 255 0
4  2369 1235 1234 2353  255 0 199
4  380 1236 596 379  255 0 199
4  2369 379 596 1235  255 0 199
4  461 460 1309 954  255 166 0
4  2366 955 1308 2362  255 0 0
4  2360 2322 1782 1774  227 0 255
4  1774 1974 1972 2360  0 121 255
4  2322 1971 1776 1782  0 5 255
4  1123 1237 595 381  255 0 199
4  1585 517 452 453  255 0 249
4  1585 2346 1055 1053  255 0 249
5  2352 1053 1055 437 439  255 0 249
4  1585 1053 518 517  255 0 249
5  2346 1585 453 454 639  255 0 249
4  2346 639 640 1055  255 0 249
3  2340 1056 2410  0 238 255
3  2340 951 952  0 205 255
5  2340 2410 2409 950 951  0 238 255
5  2340 952 438 640 1056  0 205 255
3  566 565 2409  0 238 255
4  950 2409 565 490  0 238 255
5  1267 1669 952 951 950  44 255 0
3  193 192 1219  0 255 205
5  193 194 1225 1220 192  255 0 166
3  241 237 706  0 255 205
5  193 1219 283 282 194  0 255 205
4  1788 1330 237 241  0 155 255
4  2325 2168 844 1712  0 255 205
4  2045 808 2168 2325  0 255 205
4  278 1535 1536 279  0 255 205
4  279 1536 1335 280  0 255 205
4  2569 1643 278 279  0 155 255
5  1032 2547 1030 2422 1142  44 0 255
4  1781 1029 1028 1153  177 0 255
5  1781 1134 1142 2422 1029  177 0 255
5  1781 1153 1922 1135 1134  177 0 255
4  1778 1706 945 2333  144 0 255
4  1778 1210 1238 2531  144 0 255
4  1216 1214 1144 105  44 255 0
4  1216 331 330 1257  27 0 255
5  1775 142 141 814 1542  0 255 205
4  1216 105 106 331  27 0 255
5  1772 331 106 141 142  0 255 105
4  1762 1757 1759 1760  0 72 255
4  1754 1753 1752 1751  127 255 0
5  1750 681 680 675 674  110 0 255
5  1748 684 683 1503 1747  110 0 255
6  1035 1302 692 693 695 1745  110 0 255
5  1743 695 693 688 687  110 0 255
5  1742 881 1303 677 678  110 0 255
4  957 956 779 1740  255 166 0
4  1568 1565 1172 2482  0 105 255
4  1568 1567 1416 1414  0 105 255
4  465 471 1291 1727  255 83 0
4  469 1732 1290 470  255 83 0
4  471 470 1290 1291  255 83 0
3  1625 1516 914  255 16 0
4  1550 915 914 1731  255 16 0
4  1731 914 2069 1290  255 83 0
6  1290 2069 2071 903 904 1291  255 83 0
4  1290 1732 1550 1731  255 83 0
4  1726 905 1463 1586  255 16 0
4  1291 904 905 1726  255 83 0
4  1727 1291 1726 1586  255 83 0
4  1705 1725 1722 1704  0 255 188
4  1724 1701 477 1036  0 255 188
4  1722 1619 1620 1704  0 255 188
4  1721 1678 232 244  0 155 255
4  244 232 243 773  0 255 205
5  246 864 863 1015 247  0 255 105
4  246 148 149 864  0 255 105
7  1721 244 233 245 148 246 1720  0 155 255
3  268 143 144  0 255 105
5  1719 1529 1531 1533 1150  0 255 205
6  269 270 1430 1718 268 144  0 155 255
4  1717 1716 1715 1714  127 255 0
4  1713 816 739 930  0 255 205
4  1713 1682 817 816  0 255 205
4  1712 844 817 1682  0 255 205
4  1707 1041 1040 1623  44 0 255
4  1160 1038 1041 1707  44 0 255
5  1362 1027 1026 1024 1023  144 0 255
6  1450 1027 2315 1146 1703 1622  160 0 255
4  1450 1946 1949 1451  160 0 255
4  1450 1622 1942 1946  160 0 255
4  891 1623 1040 36  44 0 255
4  1703 1939 1942 1622  160 0 255
3  1702 244 773  0 255 205
4  1700 242 243 1677  0 155 255
4  1080 735 736 1081  0 255 138
7  1155 1670 1552 1553 1694 1505 1509  0 155 255
5  252 253 238 1505 1694  0 155 255
4  1694 1553 251 252  0 155 255
4  1689 1687 1686 1684  0 255 22
4  113 821 819 114  27 0 255
4  1584 1680 1129 1127  0 255 155
4  449 451 522 1679  255 0 249
4  449 450 612 890  255 0 182
4  1678 1677 243 232  0 155 255
8  1016 1674 1639 713 648 647 978 862  44 255 0
4  1676 1209 2147 2146  0 255 105
8  1017 1018 166 893 482 483 1375 1675  44 255 0
4  1017 2140 2141 1018  0 255 121
9  1675 1044 157 1046 1048 719 712 1639 1674  44 255 0
4  1675 1375 119 1044  44 255 0
4  1057 1058 1059 1288  44 255 0
6  1057 2440 798 1052 1054 156  44 255 0
4  1052 717 716 1299  255 0 133
3  1052 798 799  44 255 0
4  1057 1544 901 1058  0 55 255
4  1052 1299 1301 1054  255 0 133
4  1057 156 162 1544  0 55 255
4  1044 673 158 157  0 55 255
4  719 1048 1300 715  255 0 133
4  1548 159 153 672  0 55 255
5  1548 883 1547 160 159  0 55 255
4  1547 1546 842 1199  0 55 255
4  1046 157 158 866  255 0 133
3  1672 159 160  255 0 133
4  1672 737 153 159  255 0 133
4  1046 866 1300 1048  255 0 133
4  1547 1199 154 160  0 55 255
4  1672 160 154 737  255 0 133
4  1054 1301 162 156  255 0 133
4  119 1375 483 479  44 255 0
4  1548 672 121 122  0 55 255
4  119 120 673 1044  0 55 255
4  1058 901 900 1059  0 55 255
4  480 1059 900 2467  0 55 255
4  370 953 1670 1155  0 155 255
4  437 1055 640 438  255 0 249
4  1669 641 438 952  44 255 0
5  1668 437 438 641 2165  0 255 72
4  1667 1613 1612 1666  0 88 255
4  1664 1608 1405 1606  0 88 255
4  1502 1351 1354 1607  0 105 255
4  1501 1352 1351 1502  0 105 255
5  1662 1223 1204 1224 1663  27 255 0
5  1658 1043 1480 1471 1472  0 88 255
5  1658 1569 1248 1045 1043  0 88 255
4  1657 1253 1245 1244  0 88 255
4  1655 1654 953 371  0 155 255
4  1653 1652 1308 1309  255 166 0
4  275 276 1644 1645  0 155 255
4  1646 1429 240 273  0 155 255
5  1646 273 274 275 1645  0 155 255
3  276 275 774  0 255 205
3  278 277 1535  0 255 205
5  1644 276 277 278 1643  0 155 255
5  1641 651 611 800 797  0 205 255
4  1641 797 958 2447  0 205 255
4  445 444 974 1637  0 255 72
5  1637 974 975 1119 748  0 255 72
4  1637 1201 446 445  0 255 72
3  1639 712 713  44 255 0
6  1637 748 649 610 749 1201  0 255 72
4  1632 1582 1583 1633  144 0 255
4  1633 1583 1208 1233  144 0 255
4  1633 1233 32 1632  144 0 255
4  1631 1628 1629 1630  0 72 255
4  1626 1515 1516 1625  255 16 0
3  1626 912 1515  255 16 0
4  1624 1609 1510 2327  0 88 255
4  1620 1614 1618 1621  255 49 0
4  1619 1616 1614 1620  0 255 188
4  1616 1610 929 1614  0 255 188
4  1614 929 931 1618  255 49 0
4  1611 1195 933 931  255 0 116
4  1610 1196 1195 1611  255 0 116
4  931 929 1610 1611  255 0 116
3  367 368 1511  0 155 255
4  1405 1353 1352 1606  0 88 255
5  964 1447 1395 600 564  44 255 0
4  1602 1601 564 600  44 255 0
4  1426 1369 1224 1204  144 0 255
4  1599 1598 1597 1596  0 121 255
4  1595 1594 1593 1592  0 5 255
4  1466 1465 1464 1467  255 16 0
5  453 452 516 638 454  255 0 182
4  1127 527 508 1125  0 255 171
4  1584 1127 1125 1344  0 255 155
4  1582 2527 34 31  144 0 255
4  31 34 1238 1208  27 255 0
4  1583 1582 31 1208  144 0 255
4  44 56 1581 971  0 238 255
4  1575 1331 334 1118  255 0 216
4  1572 635 633 1571  0 255 22
4  1573 636 635 1572  0 255 22
4  1574 1573 1572 1571  0 255 22
4  1569 1564 1357 1248  0 88 255
4  1568 2482 1665 1567  0 105 255
4  1253 1248 1357 1245  0 88 255
4  1566 1100 1172 1565  0 105 255
5  1248 1253 1252 1249 1045  0 88 255
4  1564 1665 1171 1357  0 88 255
4  1357 1171 1098 1245  0 88 255
4  1563 1445 1444 1315  94 0 255
4  1561 944 1559 1562  94 0 255
4  1562 1559 1558 1560  94 0 255
4  1562 1560 942 1561  94 0 255
4  1557 35 1443 1558  94 0 255
4  944 1444 35 1557  0 138 255
4  1559 944 1557 1558  94 0 255
4  1556 637 436 1554  94 0 255
4  1554 436 417 1555  0 138 255
4  236 249 722 250  0 255 105
5  1553 1552 236 250 251  0 155 255
4  122 121 847 850  0 255 88
4  301 2536 2533 296  0 255 105
4  67 2043 2536 301  0 255 105
4  1546 1286 841 842  0 55 255
8  301 1286 1546 1547 883 123 124 67  0 55 255
4  122 123 883 1548  0 55 255
4  901 842 841 900  0 55 255
4  866 737 1198 1300  255 0 133
4  1544 1200 842 901  0 55 255
4  1300 1198 1197 1301  255 0 133
4  1301 1197 161 162  255 0 133
4  1544 162 161 1200  0 55 255
4  1543 877 846 1116  0 255 205
4  1543 1542 814 877  0 255 205
4  1539 1536 1535 1538  0 255 205
6  1540 1124 1534 1335 1536 1539  0 255 205
4  221 81 82 222  27 0 255
5  1540 222 82 346 1124  0 255 205
4  219 220 342 1114  27 0 255
5  1534 1124 346 347 2546  0 255 205
4  1114 342 341 1115  27 0 255
4  1534 2546 2542 1335  0 255 205
4  1533 820 740 741  0 255 205
4  1532 1529 272 271  0 255 205
6  1532 932 930 820 1533 1531  0 255 205
4  822 1115 341 340  27 0 255
5  1533 741 340 341 1150  0 255 205
3  1532 1531 1529  0 255 205
4  1532 271 270 932  0 255 205
4  1132 1131 1522 1527  0 255 155
4  1131 375 1170 1522  0 255 155
4  1519 376 375 1131  27 255 0
4  376 378 1462 1517  255 0 99
4  1517 1462 1181 1170  255 0 99
4  376 1517 1170 375  255 0 99
6  1467 1464 1513 1515 912 917  255 16 0
4  917 912 913 916  255 16 0
4  1515 1513 902 1516  255 16 0
4  1516 902 903 2071  255 83 0
4  1512 258 756 755  0 255 105
4  1260 1507 1256 1254  0 255 105
5  1258 259 258 1512 918  0 255 105
6  1258 2416 1254 1256 260 259  0 255 105
6  1511 1509 1505 1506 1239 1241  0 155 255
4  1508 1010 726 725  0 255 105
6  1508 1406 171 314 757 1010  0 255 105
6  1508 725 254 238 253 1406  0 255 105
7  259 260 1239 1506 256 257 258  0 155 255
6  256 1008 726 1010 751 257  0 255 105
3  256 255 1008  0 255 105
6  1506 1505 238 254 255 256  0 155 255
4  543 512 513 1504  27 255 0
5  881 698 690 691 1303  110 0 255
3  1503 683 1304  110 0 255
4  1488 1487 1501 1502  0 105 255
4  1247 40 2065 1500  0 22 255
4  1500 1499 1498 1247  0 22 255
4  1212 1318 1229 1205  144 0 255
4  1497 1206 1231 1491  144 0 255
4  29 28 1317 1489  144 0 255
4  1231 1229 28 29  27 255 0
4  1491 1231 29 1489  144 0 255
4  1488 570 571 1487  0 105 255
5  1051 1043 1045 1249 1047  0 88 255
4  1050 1478 1043 1051  0 88 255
4  1486 1482 1478 1050  255 49 0
4  1482 1470 1471 1480  0 88 255
4  1482 1480 1043 1478  0 88 255
4  1472 1471 1470 1468  0 88 255
4  1462 378 377 1181  255 0 99
4  1460 1454 1453 1461  94 0 255
4  1460 980 979 1459  0 138 255
4  1461 981 980 1460  94 0 255
4  1459 1456 1454 1460  0 138 255
4  1456 908 907 1454  0 138 255
4  1454 907 906 1453  94 0 255
5  1452 1025 484 1211 2033  27 255 0
4  1240 2337 943 33  27 255 0
3  1452 1022 1025  27 255 0
4  1362 1023 1022 1240  144 0 255
4  1451 1026 1027 1450  160 0 255
5  1451 1949 2018 2031 1026  160 0 255
4  1449 2425 2561 1287  0 55 255
4  296 2080 2425 1449  0 55 255
4  296 2533 2541 364  0 255 105
5  1449 1287 1286 301 296  0 55 255
4  1448 1447 964 962  44 255 0
4  1445 1443 35 1444  94 0 255
4  993 643 642 2164  44 255 0
4  991 644 643 993  44 255 0
4  991 1431 1323 995  255 0 232
4  993 1432 1431 991  255 0 232
4  1323 1321 1320 1324  255 0 232
4  1326 1322 1321 1323  255 0 232
5  1323 1431 1432 1433 1326  255 0 232
6  1430 270 271 272 240 1429  0 155 255
3  1428 374 366  0 155 255
4  1223 1908 1910 1427  160 0 255
4  1427 1426 1204 1223  160 0 255
4  1425 1910 1908 1222  255 0 83
4  6 1911 1910 1425  255 0 83
4  6 1425 1222 1203  255 0 83
4  118 1063 2084 135  0 55 255
4  1420 1338 1337 1237  255 0 199
4  1234 1336 802 852  255 0 199
4  1237 1337 1336 1234  255 0 199
4  852 802 801 853  255 0 199
4  561 1414 1416 560  0 105 255
4  253 252 1207 1406  0 255 105
8  166 1018 2141 2132 307 164 163 165  0 255 121
4  166 1019 892 893  44 255 0
4  168 1009 732 169  0 255 88
4  1408 1020 306 164  0 255 105
4  1406 1207 313 171  0 255 105
6  168 169 170 171 313 1011  0 255 121
4  166 165 721 1019  0 255 88
4  966 961 1353 1405  0 88 255
4  1372 1109 1108 1404  255 0 199
4  414 527 526 413  255 216 0
4  413 1403 1342 414  255 199 0
4  1401 1400 1297 1298  11 255 0
4  1399 1298 1296 1293  11 255 0
4  1398 1294 1295 1297  11 255 0
4  1398 1399 1293 1294  11 255 0
4  1399 1398 1397 1396  11 255 0
4  1395 1086 384 600  44 255 0
5  1081 736 96 226 225  0 255 138
6  225 226 1364 183 182 180  210 0 255
4  1091 1089 1348 1389  255 0 66
3  1091 181 1093  44 255 0
4  1091 1389 185 181  255 0 66
4  180 182 1347 1085  255 0 66
4  1086 1085 1347 1350  255 0 66
4  383 1349 599 382  255 0 66
4  1086 1350 598 384  255 0 66
4  383 384 598 1349  255 0 66
4  1363 184 183 1364  210 0 255
4  1089 382 599 1348  255 0 66
4  182 183 1381 1347  255 0 66
4  1389 1378 184 185  255 0 66
4  1347 1381 1380 1348  255 0 66
4  1348 1380 1378 1389  255 0 66
5  1381 183 184 1378 1380  255 0 66
5  96 736 735 785 350  0 255 138
4  350 785 784 351  0 255 138
5  350 994 996 292 95  255 0 166
4  229 230 873 2495  210 0 255
6  292 783 734 231 230 229  0 255 138
4  292 996 999 102  255 0 166
3  96 350 95  0 255 138
5  228 96 95 292 229  0 255 138
4  1372 1121 987 1371  255 0 199
4  336 2168 2167 335  0 255 205
4  337 844 2168 336  0 255 205
4  335 2167 868 288  0 255 205
4  1371 217 218 1104  255 0 199
6  1332 218 217 337 336 335  255 0 216
7  1370 2130 1152 821 113 214 1120  44 255 0
4  113 114 215 214  255 0 216
5  133 134 2079 364 138  0 55 255
4  133 795 769 362  0 255 205
4  364 2541 152 138  0 255 105
4  364 2079 2080 296  0 55 255
4  133 138 152 795  0 255 205
4  1224 1369 1368 1226  144 0 255
4  1365 2476 2475 1367  255 216 0
4  1367 2475 536 535  255 216 0
4  1366 513 2476 1365  255 216 0
4  1364 226 227 1363  210 0 255
4  1362 1240 33 945  144 0 255
4  1361 1360 1359 1358  255 133 0
4  221 1103 1106 81  44 255 0
4  1101 2460 2403 1102  0 255 88
4  1245 1098 42 1244  0 88 255
4  540 549 1356 1355  255 0 149
4  1354 1351 1352 1353  0 105 255
5  1350 1347 1348 599 598  255 0 66
3  1349 598 599  255 0 66
5  1344 1125 508 409 1343  0 255 22
4  409 508 527 414  255 216 0
4  414 1342 1343 409  255 199 0
4  1311 1341 574 1310  0 88 255
5  1338 803 802 1336 1337  255 0 199
4  280 1335 2542 2538  0 255 205
4  280 2538 198 197  0 255 205
4  1334 1333 179 174  255 0 232
4  1332 1331 205 218  255 0 216
4  1104 218 205 1105  255 0 199
3  237 283 1219  0 255 205
7  1330 1329 196 281 282 283 237  0 155 255
4  1328 410 408 1327  255 199 0
4  172 178 1322 1326  255 0 232
4  1324 1320 1319 1325  255 0 232
6  173 1319 1320 1321 1322 178  255 0 232
4  1318 1317 28 1229  144 0 255
5  427 426 1262 1314 428  255 0 182
5  653 1261 524 507 613  255 0 182
4  1314 1262 1261 653  255 0 182
4  428 1314 653 429  255 0 182
3  365 367 1313  0 155 255
4  1311 1310 896 899  0 88 255
4  1309 1308 955 954  255 166 0
4  1307 2037 669 2343  255 0 166
4  1306 2343 669 668  255 0 166
5  683 675 680 926 2119  110 0 255
4  1304 2118 2117 2465  110 0 255
4  683 2119 2118 1304  110 0 255
3  1302 2465 692  110 0 255
5  1303 691 694 680 677  110 0 255
5  1301 1299 716 715 1300  255 0 133
4  1298 1297 1295 1296  11 255 0
4  1296 1295 1294 1293  11 255 0
4  1158 811 1292 1159  0 255 88
4  374 1289 372 373  0 155 255
4  1287 2561 841 1286  0 55 255
4  1079 1078 895 835  0 255 138
4  1284 1283 1276 1281  0 255 55
4  1283 400 399 1276  0 255 55
4  1281 1276 1274 1279  0 255 55
4  1276 399 397 1274  0 255 55
4  490 565 747 491  0 255 238
5  1269 1268 597 490 491  44 255 0
4  1267 950 490 597  44 255 0
4  288 868 867 334  0 255 205
4  418 425 524 1261  255 0 182
4  426 525 425 418  255 216 0
4  1262 426 418 1261  255 0 182
4  1259 2357 326 325  27 0 255
6  1259 2351 2344 2349 2358 2354  44 255 0
5  1259 1255 2418 2345 2351  44 255 0
4  1260 1254 324 325  0 255 105
4  1259 325 324 1255  27 0 255
4  1258 746 830 2416  0 255 105
5  1254 2416 830 297 324  0 255 105
4  1256 2537 261 260  0 255 105
4  1255 324 297 2418  27 0 255
4  1251 1250 1249 1252  0 88 255
4  1250 1049 1047 1249  0 88 255
4  1244 42 40 1247  77 0 255
5  1241 1239 260 261 239  0 155 255
5  1237 1234 1235 596 595  255 0 199
3  1236 595 596  255 0 199
4  1064 771 772 1065  0 255 88
4  1227 1218 1220 1225  255 0 166
4  1073 1072 810 738  0 255 88
5  1073 97 1075 2046 1072  44 255 0
4  1073 738 99 97  0 255 88
4  1227 701 843 1218  255 0 166
5  1227 1225 194 187 701  255 0 166
5  1072 1071 356 355 810  0 255 88
4  1217 1148 1147 558  0 88 255
3  1214 1145 1144  44 255 0
4  1117 287 333 1145  255 0 216
4  1212 1205 947 948  144 0 255
4  694 692 2116 2121  110 0 255
5  694 691 690 687 688  110 0 255
4  694 2121 926 680  110 0 255
3  1202 611 651  255 0 249
6  1052 799 650 610 718 717  44 255 0
3  800 611 448  0 205 255
4  446 1201 749 447  0 255 72
4  799 800 448 650  44 255 0
4  737 866 158 153  255 0 133
5  1200 161 154 1199 842  0 55 255
5  737 154 161 1197 1198  255 0 133
4  1195 1037 478 933  255 0 116
4  1196 1036 1037 1195  255 0 116
4  1194 523 506 890  255 0 182
5  1194 652 613 507 523  255 0 182
4  449 890 506 451  255 0 182
4  1194 890 612 652  255 0 182
4  1102 2403 2402 1103  0 255 88
4  1191 1177 1178 1190  255 49 0
4  1193 1180 1177 1191  0 88 255
4  1183 1174 1173 1185  0 88 255
4  1182 1175 1174 1183  255 49 0
4  1179 1176 1175 1178  0 88 255
5  1180 1193 2414 2510 2359  0 88 255
4  1180 1179 1178 1177  0 88 255
4  1176 1173 1174 1175  0 88 255
4  351 992 994 350  255 0 166
4  351 784 888 352  0 255 138
4  102 103 783 292  0 255 138
4  102 999 2038 349  255 0 166
4  1172 1100 1098 1171  0 105 255
4  1166 1167 728 1169  227 255 0
6  172 177 1161 1292 1162 178  0 255 88
4  286 702 911 320  0 255 105
4  320 911 910 319  0 255 105
4  69 703 702 286  0 255 105
5  286 320 1158 1159 69  0 255 88
4  543 542 511 512  0 255 171
4  543 1157 537 542  0 171 255
4  368 369 370 1155  0 155 255
4  1115 822 821 1152  44 255 0
4  1148 2328 1530 1147  0 88 255
4  1145 333 332 1144  255 0 216
4  1140 1137 1136 1138  177 0 255
6  1138 1136 5 8 826 1154  60 0 255
4  1142 1134 1137 1140  177 0 255
5  1135 1922 1920 5 4  255 0 83
3  1136 4 5  60 0 255
5  1137 1134 1135 4 1136  177 0 255
4  1130 654 614 655  60 255 0
4  803 1108 1107 801  255 0 199
4  1106 346 82 81  0 255 88
4  1103 2402 346 1106  0 255 88
4  1119 648 649 748  0 255 72
4  862 859 860 861  44 255 0
6  862 978 646 645 857 859  44 255 0
4  1119 975 647 648  0 255 72
4  1118 334 287 1117  255 0 216
5  38 9 984 983 36  177 0 255
4  36 983 986 1112  177 0 255
5  1109 1104 1105 1107 1108  255 0 199
4  40 42 1098 1100  0 105 255
4  1097 1095 1088 1087  0 255 188
4  1094 1092 1061 934  0 255 188
4  1088 1083 1082 1087  0 255 188
4  1084 1077 1076 1083  255 49 0
4  1083 1076 1074 1082  0 255 188
4  1076 935 1067 1074  0 255 188
4  1077 940 935 1076  255 49 0
4  1069 1062 1061 1067  255 0 49
4  940 937 1062 1069  255 0 49
4  935 940 1069 1067  255 0 49
4  937 934 1061 1062  255 0 49
4  1051 1047 1049 1050  0 88 255
4  1038 20 22 1039  60 0 255
4  1039 22 9 38  60 0 255
4  1041 1038 1039 1040  44 0 255
4  478 1037 1036 477  255 0 116
8  1302 1035 2556 2557 1747 1503 1304 2465  110 0 255
5  1034 519 520 2550 1033  0 221 255
4  1033 2550 2547 1032  0 221 255
3  1034 518 519  0 221 255
4  2531 1238 34 2527  144 0 255
4  542 537 536 511  0 255 22
4  512 511 536 2475  255 216 0
4  334 867 806 287  0 255 205
5  335 288 334 1331 1332  255 0 216
4  2514 475 474 1699  255 66 0
4  1372 1371 1104 1109  255 0 199
4  637 2106 2109 1031  255 0 182
4  637 1031 417 436  255 0 182
4  184 1363 2502 874  210 0 255
4  185 184 874 2051  210 0 255
4  181 185 2051 1093  210 0 255
4  2495 873 874 2502  210 0 255
5  1363 227 228 2495 2502  210 0 255
4  340 741 742 339  0 255 205
4  339 742 743 300  0 255 205
4  300 743 744 299  0 255 205
6  300 299 290 338 340 339  27 0 255
3  2495 228 229  210 0 255
4  2053 873 230 231  210 0 255
4  1172 1171 1665 2482  0 105 255
4  513 512 2475 2476  255 216 0
4  484 1025 1024 1026  144 0 255
4  1024 1025 1022 1023  144 0 255
4  119 479 849 120  0 255 88
5  482 893 892 481 65  44 255 0
6  65 481 2567 1004 839 2100  0 255 88
4  482 2101 2099 483  0 255 88
4  482 65 2100 2101  0 255 88
4  483 2099 849 479  0 255 88
4  2083 2080 2079 2084  0 55 255
4  2467 2423 2080 2083  0 55 255
4  900 841 2423 2467  0 55 255
4  2043 67 302 2044  0 255 105
6  2541 2533 2536 2043 151 152  0 255 105
4  795 152 151 796  0 255 205
4  692 694 688 693  110 0 255
4  2465 2117 2116 692  110 0 255
3  372 1655 371  0 155 255
4  36 1040 1039 38  44 0 255
4  349 2038 2037 348  255 0 166
5  102 349 2320 2403 2460  0 255 88
4  319 910 788 285  0 255 105
5  319 812 811 1158 320  0 255 88
4  1021 838 839 1004  0 255 88
4  303 2095 2044 302  0 255 105
4  851 840 838 1021  0 255 88
5  823 851 1021 1004 303  0 255 88
5  1019 723 1042 481 892  44 255 0
4  1020 724 305 306  0 255 105
4  1019 721 720 723  0 255 88
4  1015 724 248 247  0 255 105
4  1015 863 792 2096  0 255 105
6  1015 2096 284 304 305 724  0 255 105
4  255 254 725 1008  0 255 105
3  1008 725 726  0 255 105
3  1009 168 1007  44 255 0
4  1010 757 750 751  0 255 105
4  306 665 163 164  0 255 88
4  284 2096 2095 303  0 255 105
4  306 305 664 665  0 255 88
5  284 303 1004 2567 304  0 255 88
4  992 351 352 2113  255 0 166
6  994 992 872 871 999 996  255 0 166
4  2454 411 410 1328  255 199 0
4  226 96 228 227  0 255 138
4  873 2053 2051 874  210 0 255
4  797 798 2440 958  44 255 0
5  2440 1448 962 960 958  44 255 0
4  2213 556 1419 2019  94 255 0
5  2561 2425 2080 2423 841  0 55 255
4  264 263 2392 2391  0 255 105
5  2420 2356 326 327 2389  0 255 105
5  2446 2382 327 326 2357  27 0 255
4  263 2420 2389 2392  0 255 105
4  2418 297 323 2345  27 0 255
4  1144 332 106 105  255 0 216
5  811 174 179 1162 1292  0 255 88
4  844 337 289 845  0 255 205
3  999 871 2038  255 0 166
4  2510 2414 1514 1617  0 88 255
4  2414 1193 1191 1514  0 88 255
5  2403 2320 347 346 2402  0 255 88
4  961 966 965 41  0 88 255
4  1354 1353 961 959  0 105 255
3  984 1939 1937  255 0 83
5  984 9 22 1942 1939  255 0 83
5  986 983 984 1937 985  177 0 255
4  982 979 980 981  94 0 255
3  978 647 646  44 255 0
6  977 887 646 647 975 974  0 255 72
3  970 1656 965  0 88 255
4  969 963 41 965  77 0 255
4  967 2090 1659 968  77 0 255
4  963 959 961 41  0 105 255
4  957 954 955 956  255 166 0
3  371 953 370  0 155 255
4  949 948 947 27  144 0 255
4  946 2390 2389 327  0 255 105
4  327 2382 2386 298  27 0 255
4  328 2391 2390 946  0 255 105
4  298 2386 2385 328  27 0 255
4  327 298 328 946  0 255 105
4  2392 2389 2390 2391  0 255 105
4  2386 2382 2383 2385  27 0 255
4  2376 906 909 2377  94 0 255
4  2377 909 908 2350  94 0 255
4  2377 2350 2332 2376  94 0 255
3  176 1334 174  255 0 232
4  1961 2363 1156 1139  44 0 255
4  2138 2368 1916 1920  160 0 255
4  1154 826 827 1156  60 0 255
4  2363 2361 1154 1156  44 0 255
4  1140 1138 1154 2361  44 0 255
3  2357 1259 2354  44 255 0
3  2351 2345 2344  44 255 0
4  2349 2344 322 321  27 0 255
4  2345 323 322 2344  27 0 255
4  348 2037 198 189  255 0 166
4  1210 1778 2333 943  144 0 255
4  943 2333 945 33  144 0 255
4  2328 2327 1510 1530  0 88 255
6  1042 723 720 664 305 304  0 255 88
4  2567 481 1042 304  0 255 88
4  189 198 2538 201  0 255 205
4  201 2538 2542 291  0 255 205
4  291 2542 2546 347  0 255 205
7  348 189 201 291 347 2320 349  0 255 88
4  930 739 740 820  0 255 205
4  290 739 815 338  0 255 205
4  299 744 739 290  0 255 205
5  2168 808 807 868 2167  0 255 205
3  2165 641 642  0 255 72
4  1817 1433 2162 2164  255 0 232
4  1432 993 2164 2162  255 0 232
3  1433 1432 2162  255 0 232
3  1821 366 365  0 155 255
4  758 1891 828 49  0 255 238
5  1071 1072 2046 2127 2159  44 255 0
5  1071 761 357 190 356  0 255 88
4  309 2150 2146 308  0 255 105
4  309 2133 2134 310  0 255 121
4  307 2132 2131 308  0 255 121
4  310 2134 2136 311  0 255 121
4  310 2148 2150 309  0 255 105
4  308 2146 2147 307  0 255 105
4  308 2131 2133 309  0 255 121
4  311 2149 2148 310  0 255 105
4  2143 2136 2134 2145  0 255 121
4  2145 2134 2133 2139  0 255 121
4  2139 2133 2131 2140  0 255 121
4  2140 2131 2132 2141  0 255 121
4  2127 2046 1075 1078  44 255 0
4  97 99 894 1075  0 255 138
4  1075 894 895 1078  0 255 138
4  101 700 2112 353  255 0 166
5  101 100 99 738 354  0 255 88
4  353 2112 2113 352  255 0 166
4  353 889 100 101  0 255 138
4  352 888 889 353  0 255 138
6  2121 2116 2117 2118 2119 926  110 0 255
4  703 69 321 869  0 255 105
4  700 101 354 701  255 0 166
6  2113 2112 700 671 872 992  255 0 166
4  415 421 514 420  255 216 0
4  2106 515 421 415  255 0 182
5  2106 637 619 509 515  255 0 182
4  2109 2106 415 420  255 0 182
5  124 823 303 302 67  0 255 88
4  2100 839 838 2101  0 255 88
4  2101 838 840 2099  0 255 88
4  2099 840 848 849  0 255 88
4  849 848 121 120  0 255 88
4  792 2044 2095 2096  0 255 105
4  1258 918 745 746  0 255 105
4  1512 755 745 918  0 255 105
4  2090 1790 1656 1659  77 0 255
4  969 965 1656 1790  77 0 255
4  287 806 805 333  0 255 205
4  333 805 804 332  0 255 205
4  332 804 141 106  0 255 205
4  135 134 767 771  0 255 88
4  2084 2079 134 135  0 55 255
4  134 133 363 790  0 255 88
4  2071 2069 914 1516  255 83 0
4  1120 214 215 2061  255 0 199
5  1371 987 1120 2061 666  255 0 199
4  2061 215 216 666  255 0 199
4  1371 666 216 217  255 0 199
5  337 217 216 667 289  255 0 216
4  114 667 216 215  255 0 216
4  437 1668 920 439  0 255 72
3  796 151 150  0 255 205
5  792 150 151 2043 2044  0 255 105
5  871 670 669 2037 2038  255 0 166
4  355 843 701 354  255 0 166
4  354 738 810 355  0 255 88
4  2031 2018 1242 1211  160 0 255
4  2031 1211 484 1026  160 0 255
5  2026 1242 485 11 1243  27 255 0
4  1243 11 19 2028  60 0 255
4  1949 19 11 485  255 0 83
4  1242 2018 1949 485  160 0 255
4  923 1992 1990 1005  0 255 88
4  1006 1005 1990 922  0 255 88
6  1006 922 921 731 733 1007  0 255 88
4  1007 733 732 1009  0 255 88
4  317 786 753 316  0 255 105
4  318 787 786 317  0 255 105
4  317 922 1990 318  0 255 88
4  285 788 787 318  0 255 105
6  318 1990 1992 812 319 285  0 255 88
4  314 730 731 921  0 255 88
4  316 753 750 315  0 255 105
4  314 315 750 757  0 255 105
6  314 921 922 317 316 315  0 255 88
4  115 818 845 289  0 255 205
4  114 115 289 667  255 0 216
4  362 769 770 361  0 255 205
4  362 767 789 294  0 255 88
4  294 789 791 295  0 255 88
4  295 791 790 363  0 255 88
5  133 362 294 295 363  0 255 205
4  439 920 919 440  0 255 72
5  788 910 911 702 754  0 255 105
4  909 906 907 908  94 0 255
4  905 904 903 902  255 83 0
4  899 896 897 898  0 88 255
4  835 784 785 735  0 255 138
4  99 100 889 894  0 255 138
4  894 889 888 895  0 255 138
4  895 888 784 835  0 255 138
4  771 767 768 772  0 255 88
4  886 645 646 887  0 255 72
4  882 697 698 881  110 0 255
4  877 814 813 846  0 255 205
4  872 671 670 871  255 0 166
4  323 829 870 322  0 255 105
4  322 870 869 321  0 255 105
4  829 323 297 830  0 255 105
5  704 703 869 870 829  0 255 105
4  868 807 806 867  0 255 205
4  673 672 153 158  0 55 255
4  865 794 137 149  0 255 205
4  864 149 137 793  0 255 105
4  864 793 792 863  0 255 105
5  859 857 775 858 860  44 255 0
3  858 775 776  44 255 0
4  850 847 840 851  0 255 88
4  122 850 851 823  0 255 88
4  120 121 672 673  0 55 255
4  121 848 840 847  0 255 88
4  846 813 809 808  0 255 205
5  755 754 702 705 745  0 255 105
4  818 817 844 845  0 255 205
4  734 783 103 104  0 255 138
4  171 170 730 314  0 255 88
4  746 704 829 830  0 255 105
4  826 8 7 827  60 0 255
4  123 122 823 124  0 255 88
4  822 340 819 821  27 0 255
4  818 115 338 815  0 255 205
5  819 340 338 115 114  27 0 255
5  818 815 739 816 817  0 255 205
5  814 141 804 809 813  0 255 205
4  812 176 174 811  0 255 88
6  809 804 805 806 807 808  0 255 205
3  803 801 802  255 0 199
4  800 799 798 797  44 255 0
5  796 150 137 794 795  0 255 205
4  793 137 150 792  0 255 105
4  767 362 361 768  0 255 88
5  791 789 767 134 790  0 255 88
5  753 786 787 788 754  0 255 105
4  195 188 187 194  0 255 205
4  760 191 190 357  0 255 205
3  762 707 706  0 255 205
4  759 758 49 43  0 22 255
4  258 257 752 756  0 255 105
6  756 752 750 753 754 755  0 255 105
4  752 257 751 750  0 255 105
4  749 650 448 447  0 255 72
3  749 610 650  0 255 72
6  719 718 649 648 713 712  44 255 0
3  718 610 649  44 255 0
4  746 745 705 704  0 255 105
6  744 743 742 741 740 739  0 255 205
4  733 731 730 732  0 255 88
4  732 730 170 169  0 255 88
4  165 163 665 721  0 255 88
4  721 665 664 720  0 255 88
4  719 715 714 718  255 0 133
4  716 717 718 714  255 0 133
3  716 714 715  255 0 133
4  705 702 703 704  0 255 105
6  701 187 188 668 671 700  255 0 166
4  697 689 690 698  110 0 255
4  689 686 687 690  110 0 255
4  685 676 674 684  110 0 255
4  684 674 675 683  110 0 255
4  682 679 678 681  110 0 255
4  681 678 677 680  110 0 255
4  671 668 669 670  255 0 166
4  638 516 509 619  255 0 182
4  630 582 581 631  227 0 255
4  656 603 602 657  243 0 255
4  657 602 607 658  243 0 255
4  629 583 582 630  227 0 255
4  627 586 585 628  255 0 33
4  659 587 608 621  255 0 16
4  617 584 583 629  227 0 255
4  621 608 609 620  255 0 16
4  658 607 588 616  243 0 255
4  628 585 584 617  255 0 33
4  616 588 587 659  255 0 16
4  623 592 1837 2464  255 0 16
4  615 589 586 627  255 0 33
4  620 609 591 622  255 0 16
4  625 593 590 626  255 0 33
4  622 591 592 623  255 0 16
4  626 590 589 615  255 0 33
4  624 594 593 625  255 0 33
4  624 497 496 594  255 0 33
8  659 621 620 622 623 2464 1840 616  255 0 16
8  621 659 616 1840 2464 623 622 620  255 0 0
6  658 616 614 655 656 657  243 0 255
6  616 658 657 656 655 614  255 182 0
3  654 614 1270  0 138 255
3  614 654 1270  60 255 0
4  408 654 1270 2215  0 138 255
4  654 408 2215 1270  0 255 22
6  410 408 2215 429 428 411  0 138 255
6  408 410 411 428 429 2215  255 216 0
3  653 429 613  94 0 255
3  429 653 613  255 0 182
3  652 613 612  0 38 255
3  613 652 612  255 0 182
4  450 612 613 2397  0 38 255
4  612 450 2397 613  255 0 182
3  651 450 611  0 205 255
3  450 651 611  255 0 249
4  448 611 450 456  0 205 255
4  611 448 456 450  255 0 249
3  650 448 610  44 255 0
3  448 650 610  0 255 72
12  649 610 448 438 641 642 643 644 645 646 647 648  44 255 0
12  610 649 648 647 646 645 644 643 642 641 438 448  0 255 72
5  640 438 455 454 639  0 205 255
5  438 640 639 454 455  255 0 249
4  638 454 2400 619  0 38 255
4  454 638 619 2400  255 0 182
4  637 619 435 436  94 0 255
4  619 637 436 435  255 0 182
5  417 436 2212 2201 636  0 138 255
5  436 417 636 2201 2212  255 216 0
5  635 636 2201 634 633  0 255 22
5  636 635 633 634 2201  255 216 0
4  618 632 1282 1770  0 255 22
4  632 618 1770 1282  60 255 0
7  631 618 1809 1784 617 629 630  227 0 255
7  618 631 630 629 617 1784 1809  255 182 0
6  628 617 1784 1783 615 627  255 0 33
6  617 628 627 615 1783 1784  255 0 0
6  626 615 1783 497 624 625  255 0 33
6  615 626 625 624 497 1783  255 0 0
3  614 616 1828  243 0 255
3  616 614 1828  255 182 0
3  616 1828 1829  255 182 0
4  454 2400 2399 455  255 0 182
3  616 1829 1828  243 0 255
3  616 1829 2462  255 182 0
4  619 435 434 2400  255 0 182
3  616 2462 1829  243 0 255
3  616 2462 1842  255 182 0
4  436 2212 2210 435  255 216 0
3  616 1842 2462  243 0 255
3  616 1842 1841  255 182 0
3  618 1809 1770  255 182 0
3  616 1841 1842  243 0 255
3  616 1841 1840  255 0 0
3  616 1840 1841  255 0 16
4  429 2215 553 430  0 138 255
3  614 1270 1271  60 255 0
4  613 430 431 2397  94 0 255
3  614 1271 1270  0 138 255
3  614 1271 1272  60 255 0
3  613 430 429  255 0 182
4  450 2397 2398 456  0 38 255
3  614 1272 1271  0 138 255
3  614 1272 1273  60 255 0
4  448 456 455 438  0 205 255
3  614 1273 1272  0 138 255
3  614 1273 1275  60 255 0
3  614 1275 1273  0 138 255
4  614 1275 1277 2260  60 255 0
4  438 455 456 448  255 0 249
3  613 429 430  94 0 255
9  585 586 589 590 593 594 496 1815 584  255 0 33
9  586 585 584 1815 496 594 593 590 589  255 16 0
6  583 584 579 580 581 582  227 0 255
6  584 583 582 581 580 579  255 116 0
3  578 579 1377  0 138 255
3  579 578 1377  160 255 0
4  577 578 1377 925  0 138 255
4  578 577 925 1377  127 255 0
4  576 577 925 1685  0 138 255
4  577 576 1685 925  0 255 255
5  575 576 1685 573 574  0 138 255
5  576 575 574 573 1685  255 49 0
3  572 573 571  94 0 255
3  573 572 571  0 88 255
3  570 571 569  0 38 255
3  571 570 569  0 105 255
4  44 569 571 1651  0 38 255
4  569 44 1651 571  0 105 255
4  56 44 48 53  0 238 255
4  44 56 53 48  0 22 255
5  568 56 565 566 567  0 238 255
5  56 568 567 566 565  0 255 238
3  490 565 56  0 238 255
3  565 490 56  0 255 238
4  563 564 50 51  0 238 255
4  564 563 51 50  0 255 238
4  45 51 50 47  0 238 255
5  562 45 1647 560 561  0 38 255
5  45 562 561 560 1647  0 105 255
4  559 560 1526 557  94 0 255
4  560 559 557 1526  0 88 255
5  558 557 1697 472 473  0 138 255
5  557 558 473 472 1697  255 49 0
4  1950 472 1697 1948  0 138 255
4  472 1950 1948 1697  0 255 255
4  1390 1950 1948 1388  0 138 255
4  1950 1390 1388 1948  127 255 0
4  1834 1390 1388 503  0 138 255
4  1390 1834 503 1388  160 255 0
7  606 1834 1832 588 607 602 603  243 0 255
7  1834 606 603 602 607 588 1832  255 116 0
6  587 588 1832 1830 609 608  255 0 16
6  588 587 608 609 1830 1832  255 16 0
5  591 609 1830 1837 592  255 0 16
5  609 591 592 1837 1830  255 16 0
3  579 584 2435  227 0 255
3  584 579 2435  255 116 0
3  584 2435 1820  255 116 0
4  45 1647 1648 47  0 105 255
3  584 1820 2435  227 0 255
3  584 1820 1816  255 116 0
4  560 1526 1525 1647  0 88 255
3  584 1816 1820  227 0 255
3  584 1816 1779  255 116 0
4  557 1697 1696 1526  255 49 0
4  1834 1779 1818 1832  0 138 255
3  584 1779 1816  227 0 255
3  584 1779 1818  255 116 0
4  1834 1779 1816 503  255 116 0
3  584 1818 1779  227 0 255
3  584 1818 1815  255 16 0
3  584 1815 1818  255 0 33
4  573 1685 1688 489  0 138 255
3  579 1377 1379  160 255 0
4  571 489 1520 1651  94 0 255
3  579 1379 1377  0 138 255
3  579 1379 1382  160 255 0
3  571 489 573  0 88 255
4  44 1651 1650 48  0 38 255
3  579 1382 1379  0 138 255
3  579 1382 1383  160 255 0
3  579 1383 1382  0 138 255
3  579 1383 1384  160 255 0
3  579 1384 1383  0 138 255
3  579 1384 1385  160 255 0
3  579 1385 1384  0 138 255
4  579 1385 1386 504  160 255 0
4  564 50 52 493  0 255 238
3  571 573 489  94 0 255
4  490 56 53 492  0 238 255
4  56 490 492 53  0 255 238
3  2260 1828 614  255 182 0
4  2260 1277 1278 2261  60 255 0
4  2260 1828 1829 2261  0 138 255
4  2260 1277 1275 614  0 138 255
4  2245 1280 1282 1770  60 255 0
4  2245 2462 1829 2261  255 182 0
4  2245 1280 1278 2261  0 138 255
5  2245 2462 1842 1809 1770  0 138 255
4  2261 1278 1280 2245  60 255 0
4  2261 1829 1828 2260  255 182 0
4  2261 1278 1277 2260  0 138 255
4  2261 1829 2462 2245  0 138 255
3  2260 614 1828  0 138 255
5  2245 1770 1809 1842 2462  255 182 0
3  618 1770 1809  227 0 255
4  2245 1770 1282 1280  0 138 255
7  1437 1439 532 2263 2264 2222 1436  0 255 5
7  1439 1437 1436 2222 2264 2263 532  255 182 0
4  618 532 2245 1770  60 255 0
4  532 618 1770 2245  255 182 0
8  2261 2245 532 531 2247 655 614 2260  60 255 0
8  2245 2261 2260 614 655 2247 531 532  255 182 0
9  2257 2247 2234 2233 2202 2204 2253 2252 2256  77 255 0
9  2247 2257 2256 2252 2253 2204 2202 2233 2234  255 182 0
8  1419 2234 530 1423 1422 555 554 556  60 255 0
8  2234 1419 556 554 555 1422 1423 530  255 182 0
4  2250 530 531 1439  0 255 5
4  530 2250 1439 531  255 182 0
3  532 1439 531  0 255 5
3  1439 532 531  255 182 0
4  2247 531 530 2234  60 255 0
4  2234 530 531 2247  255 182 0
6  616 1841 1784 617 2225 2244  255 182 0
6  617 1784 1841 616 2244 2225  255 0 0
3  2242 2225 2224  255 249 0
3  2225 2242 2224  255 0 0
6  2240 2224 2225 1415 1440 880  255 249 0
6  2224 2240 880 1440 1415 2225  255 0 0
6  2237 1440 1441 457 2235 2236  243 255 0
6  1440 2237 2236 2235 457 1441  255 0 0
6  1652 457 458 956 955 1308  255 166 0
6  457 1652 1308 955 956 458  255 0 0
3  779 956 458  255 166 0
3  956 779 458  255 0 0
4  2232 458 1442 486  243 255 0
4  458 2232 486 1442  255 0 0
7  936 486 1410 488 2228 2229 2230  194 255 0
7  486 936 2230 2229 2228 488 1410  255 0 0
5  2227 488 1410 1411 617  255 182 0
5  488 2227 617 1411 1410  255 0 0
4  2225 617 1413 1415  255 182 0
4  617 2225 1415 1413  255 0 0
4  1440 1413 1412 1441  127 0 255
3  617 1413 1412  255 0 0
3  1440 1413 1415  255 0 0
4  457 1441 1442 458  243 255 0
3  617 1412 1413  255 182 0
3  617 1412 1411  255 0 0
3  617 1411 1412  255 182 0
4  458 1442 1441 457  255 0 0
4  486 1410 1411 1442  255 0 0
4  2212 1280 1278 2210  0 255 22
4  2212 1280 1282 2201  0 138 255
4  2212 436 435 2210  0 138 255
4  2210 1278 1277 2211  0 255 22
4  2210 1278 1280 2212  0 138 255
4  2210 435 434 2211  0 138 255
4  2211 1277 1275 2209  0 255 22
4  2211 434 435 2210  255 216 0
4  2211 1277 1278 2210  0 138 255
4  2211 434 433 2209  0 138 255
4  2209 433 434 2211  255 216 0
4  2209 1275 1273 2216  0 255 22
4  2209 433 432 2216  0 138 255
4  2209 1275 1277 2211  0 138 255
4  2216 1273 1272 2214  0 255 22
4  2216 432 433 2209  255 216 0
4  2216 1273 1275 2209  0 138 255
4  2216 432 431 2214  0 138 255
4  553 1271 1270 2215  0 255 22
4  553 430 431 2214  255 216 0
4  553 1271 1272 2214  0 138 255
4  2214 1272 1271 553  0 255 22
4  2214 431 432 2216  255 216 0
4  2214 1272 1273 2216  0 138 255
4  2214 431 430 553  0 138 255
4  2215 429 430 553  255 216 0
4  2215 1270 1271 553  0 138 255
4  2212 2201 1282 1280  0 255 22
12  2212 2201 552 409 408 2215 553 2214 2216 2209 2211 2210  255 216 0
3  634 2201 552  0 255 22
12  2212 2210 2211 2209 2216 2214 553 2215 408 409 552 2201  0 255 22
5  1327 408 409 1343 2243  255 199 0
5  408 1327 2243 1343 409  0 255 22
3  1125 508 510  0 255 171
5  409 508 510 551 552  0 255 22
3  1344 1125 2493  0 255 155
3  1125 1344 2493  0 255 22
4  1994 1344 2493 2075  0 255 155
4  1344 1994 2075 2493  77 255 0
4  1867 2075 2493 2032  0 255 155
4  2075 1867 2032 2493  77 255 0
4  1126 2032 2493 1125  0 255 155
4  2032 1126 1125 2493  0 255 22
6  539 1126 1125 510 511 542  0 255 171
6  1126 539 542 511 510 1125  0 255 22
4  538 539 542 537  0 171 255
4  539 538 537 542  0 255 22
5  1984 538 537 1924 1923  0 171 255
5  538 1984 1923 1924 537  0 255 5
5  536 511 634 534 535  255 216 0
5  511 536 535 534 634  0 255 22
5  409 552 551 510 508  255 216 0
3  634 552 2201  255 216 0
3  634 552 551  0 255 22
3  634 551 552  255 216 0
4  634 551 510 511  0 255 22
3  1125 510 508  0 255 22
4  634 511 510 551  255 216 0
3  1440 1415 1413  127 0 255
8  2202 1417 396 1415 2225 2497 2253 2204  255 249 0
4  2206 1417 396 395  94 255 0
8  2202 2204 2253 2497 2225 1415 396 1417  255 182 0
4  1440 1415 396 395  255 249 0
4  1440 395 396 1415  127 0 255
4  2206 395 396 1417  255 249 0
8  1343 2243 1266 1265 2030 2032 2493 1344  0 255 22
8  2243 1343 1344 2493 2032 2030 1265 1266  77 255 0
4  2234 1265 1266 2247  60 255 0
4  1265 2234 2247 1266  77 255 0
5  550 543 542 539 540  0 171 255
5  543 550 540 539 542  0 255 171
4  549 540 541 548  255 0 149
4  540 549 548 541  27 255 0
7  547 541 540 539 544 545 546  0 171 255
7  541 547 546 545 544 539 540  0 255 171
8  538 529 528 533 534 535 536 537  0 255 22
8  529 538 537 536 535 534 533 528  0 255 5
5  532 533 528 530 531  60 255 0
5  533 532 531 530 528  0 255 5
3  527 508 1184  255 216 0
3  508 527 1184  0 255 171
5  526 527 1184 425 525  255 216 0
5  527 526 525 425 1184  27 255 0
3  524 425 507  255 0 182
3  425 524 507  60 0 255
3  523 507 506  255 0 182
3  507 523 506  44 0 255
4  451 506 507 1141  255 0 182
4  506 451 1141 507  44 0 255
3  522 451 505  255 0 249
3  451 522 505  0 221 255
8  521 505 451 452 517 518 519 520  255 0 249
8  505 521 520 519 518 517 452 451  0 221 255
4  516 452 1143 509  255 0 182
4  452 516 509 1143  44 0 255
4  515 509 416 421  255 0 182
4  509 515 421 416  60 0 255
5  514 421 1192 512 513  255 216 0
5  421 514 513 512 1192  27 255 0
5  511 512 1192 508 510  255 216 0
5  512 511 510 508 1192  0 255 171
4  425 1184 1186 424  255 216 0
3  508 1184 1186  0 255 171
4  507 424 423 1141  255 0 182
3  508 1186 1184  255 216 0
3  508 1186 1187  0 255 171
3  507 424 425  60 0 255
4  451 1141 1143 452  255 0 182
3  508 1187 1186  255 216 0
3  508 1187 1188  0 255 171
3  508 1188 1187  255 216 0
3  508 1188 1189  0 255 171
4  452 1143 1141 451  44 0 255
3  508 1189 1188  255 216 0
3  508 1189 1192  0 255 171
4  509 416 422 1143  60 0 255
3  508 1192 1189  255 216 0
4  421 1192 1189 416  27 255 0
3  507 425 424  255 0 182
3  504 2435 579  255 116 0
4  504 1386 1387 2170  160 255 0
4  504 2435 1820 2170  0 138 255
4  504 1386 1385 579  0 138 255
4  503 1816 1820 2170  255 116 0
4  503 1388 1387 2170  0 138 255
4  503 1816 1779 1834  0 138 255
4  2170 1387 1388 503  160 255 0
4  2170 1820 2435 504  255 116 0
4  2170 1387 1386 504  0 138 255
4  2170 1820 1816 503  0 138 255
3  504 579 2435  0 138 255
3  1855 2166 498  177 255 0
3  2166 1855 498  255 116 0
6  2179 1855 498 1847 2177 2178  177 255 0
6  1855 2179 2178 2177 1847 498  255 149 0
3  1913 1847 1496  160 255 0
3  1847 1913 1496  255 149 0
5  2135 1496 1495 1458 1360  160 255 0
5  1496 2135 1360 1458 1495  194 0 255
4  2005 1360 1458 500  160 255 0
4  1360 2005 500 1458  255 133 0
6  2176 500 1858 2173 2174 2175  110 255 0
6  500 2176 2175 2174 2173 1858  255 133 0
5  2172 2173 1858 499 2171  110 255 0
5  2173 2172 2171 499 1858  255 116 0
9  606 499 2163 580 579 504 2170 503 1834  160 255 0
9  499 606 1834 503 2170 504 579 580 2163  255 116 0
4  2169 2163 1845 2166  177 255 0
4  2163 2169 2166 1845  255 116 0
3  1847 498 1849  177 255 0
4  2166 498 1849 1845  255 116 0
4  500 1458 1457 1858  160 255 0
4  2166 1845 1849 498  177 255 0
5  1496 1847 1849 1856 1495  160 255 0
5  1847 1496 1495 1856 1849  255 149 0
7  2163 499 1858 1457 1494 1856 1845  160 255 0
7  499 2163 1845 1856 1494 1457 1858  255 116 0
5  1516 914 1726 905 902  255 83 0
5  914 1516 902 905 1726  255 16 0
3  1586 1726 464  255 83 0
3  1726 1586 464  255 16 0
4  2161 464 1869 2160  255 99 0
4  464 2161 2160 1869  255 16 0
3  927 1869 2142  255 232 0
3  1869 927 2142  255 16 0
6  2158 2142 1869 1872 1852 2157  255 232 0
6  2142 2158 2157 1852 1872 1869  255 16 0
9  2155 1852 1490 1853 2154 584 1818 1832 588  255 116 0
9  1852 2155 588 1832 1818 584 2154 1853 1490  255 16 0
4  2137 1853 1876 1877  255 149 0
4  1853 2137 1877 1876  255 16 0
4  2153 2137 1877 834  255 149 0
4  2137 2153 834 1877  255 16 0
4  2152 1877 468 2151  255 99 0
4  1877 2152 2151 468  255 16 0
3  1550 468 1731  255 83 0
3  468 1550 1731  255 16 0
4  914 1731 468 467  255 83 0
4  1731 914 467 468  255 16 0
4  1726 914 466 464  255 83 0
4  914 1726 464 466  255 16 0
4  1869 466 467 1872  255 99 0
3  914 466 467  255 16 0
3  1869 466 464  255 16 0
4  1852 1872 1492 1490  255 232 0
3  914 467 466  255 83 0
3  1869 464 466  255 99 0
5  468 1876 1492 1872 467  255 99 0
4  1853 1876 1492 1490  255 16 0
3  468 1876 1877  255 16 0
3  468 1877 1876  255 99 0
4  1936 1384 1383 1933  127 255 0
4  1936 1692 1693 1938  0 255 255
4  1936 1384 1385 1938  0 138 255
4  1936 1692 1691 1933  0 138 255
4  1940 1386 1385 1938  127 255 0
4  1940 1695 1696 1944  0 255 255
4  1940 1386 1387 1944  0 138 255
4  1940 1695 1693 1938  0 138 255
4  1938 1693 1695 1940  0 255 255
4  1938 1385 1384 1936  127 255 0
4  1938 1693 1692 1936  0 138 255
4  1938 1385 1386 1940  0 138 255
4  1944 1387 1386 1940  127 255 0
4  1944 1696 1697 1948  0 255 255
4  1944 1387 1388 1948  0 138 255
4  1944 1696 1695 1940  0 138 255
4  1948 1388 1387 1944  127 255 0
4  1948 1697 1696 1944  0 138 255
4  1929 1382 1379 1927  127 255 0
4  1929 1690 1691 1933  0 255 255
4  1929 1382 1383 1933  0 138 255
4  1929 1690 1688 1927  0 138 255
4  1927 1379 1377 925  127 255 0
4  1927 1688 1690 1929  0 255 255
4  1927 1379 1382 1929  0 138 255
4  1927 1688 1685 925  0 138 255
4  925 1685 1688 1927  0 255 255
4  925 1377 1379 1927  0 138 255
4  1933 1383 1382 1929  127 255 0
4  1933 1691 1692 1936  0 255 255
4  1933 1383 1384 1936  0 138 255
4  1933 1691 1690 1929  0 138 255
3  1714 1904 2507  0 255 188
3  1904 1714 2507  177 255 0
6  1715 1714 2507 57 1752 1751  0 255 188
6  1714 1715 1751 1752 57 2507  127 255 0
5  1955 1752 57 1953 1954  0 255 188
5  1752 1955 1954 1953 57  110 255 0
14  502 57 58 925 1927 1929 1933 1936 1938 1940 1944 1948 1950 1951  0 255 255
14  57 502 1951 1950 1948 1944 1940 1938 1936 1933 1929 1927 925 58  127 255 0
5  577 925 58 1914 1918  0 255 255
5  925 577 1918 1914 58  127 255 0
4  924 58 1904 1909  0 255 188
4  58 924 1909 1904  177 255 0
3  57 2507 58  0 255 188
3  1904 2507 58  177 255 0
3  1904 58 2507  0 255 188
4  1872 467 466 1869  255 16 0
4  1872 1852 1490 1492  255 16 0
4  1876 1853 1490 1492  255 149 0
5  1876 468 467 1872 1492  255 16 0
9  1483 1481 1869 1872 1492 1493 1886 1358 1484  255 99 0
9  1481 1483 1484 1358 1886 1493 1492 1872 1869  255 232 0
7  1884 1493 1492 1876 1877 1878 1881  255 99 0
7  1493 1884 1881 1878 1877 1876 1492  255 149 0
4  500 1858 1457 1458  255 133 0
5  1392 500 1858 499 501  160 255 0
5  500 1392 501 499 1858  110 255 0
6  1753 1392 501 502 57 1752  127 255 0
6  1392 1753 1752 57 502 501  110 255 0
3  498 1847 1849  255 149 0
3  1856 1495 1494  255 149 0
3  1856 1845 1849  255 116 0
3  1856 1494 1495  160 255 0
3  1856 1849 1845  160 255 0
9  2192 1853 1490 1473 1494 1856 1849 498 1855  255 116 0
9  1853 2192 1855 498 1849 1856 1494 1473 1490  255 149 0
5  1858 1457 1455 1475 2173  255 116 0
5  1858 2173 1475 1455 1457  255 133 0
5  1852 1475 1455 1473 1490  255 116 0
5  1475 1852 1490 1473 1455  255 232 0
3  2507 57 58  127 255 0
6  1373 2163 1845 1849 1847 1374  160 255 0
6  2163 1373 1374 1847 1849 1845  177 255 0
7  1914 1373 1374 1717 1714 2507 58  127 255 0
7  1373 1914 58 2507 1714 1717 1374  177 255 0
4  1837 496 497 2464  0 138 255
4  1837 496 1815 1830  255 16 0
4  1841 1784 1809 1842  0 138 255
4  1841 1784 1783 1840  255 0 0
4  1840 1783 1784 1841  0 138 255
4  1840 1783 497 2464  255 0 0
4  1832 1818 1815 1830  0 138 255
4  1832 1818 1779 1834  255 116 0
4  1842 1809 1784 1841  255 182 0
4  1830 1815 496 1837  0 138 255
4  1830 1815 1818 1832  255 16 0
4  2464 497 1783 1840  0 138 255
8  1825 614 1828 1829 2462 1842 1841 1832  243 0 255
8  614 1825 1832 1841 1842 2462 1829 1828  0 138 255
10  1826 1825 1629 1628 1831 1759 1757 2480 2015 2011  0 72 255
10  1825 1826 2011 2015 2480 1757 1759 1831 1628 1629  0 138 255
6  1813 1629 1825 1832 1834 1844  243 0 255
6  1629 1813 1844 1834 1832 1825  0 138 255
10  1814 1813 1844 1843 2008 2006 2466 2529 2486 2115  11 0 255
10  1813 1814 2115 2486 2529 2466 2006 2008 1843 1844  0 138 255
6  1830 1832 1841 1840 2464 1837  255 0 16
6  1832 1830 1837 2464 1840 1841  0 138 255
4  1815 496 1874 1818  255 0 33
4  496 1815 1818 1874  0 138 255
5  1779 1818 1874 1782 1777  227 0 255
5  1818 1779 1777 1782 1874  0 138 255
6  1816 1779 1777 579 2435 1820  227 0 255
6  1779 1816 1820 2435 579 1777  0 138 255
9  1861 1777 1776 1804 1592 1593 1838 1839 1978  0 5 255
9  1777 1861 1978 1839 1838 1593 1592 1804 1776  0 138 255
3  1782 1776 1777  0 5 255
3  1776 1782 1777  0 138 255
4  1774 1782 1874 1870  227 0 255
4  1782 1774 1870 1874  0 138 255
9  1974 1774 1773 2074 1941 1943 1598 1599 1973  0 121 255
9  1774 1974 1973 1599 1598 1943 1941 2074 1773  0 138 255
3  1780 1773 1774  0 121 255
3  1773 1780 1774  0 138 255
6  1689 1780 1868 1784 1809 1770  227 0 255
6  1780 1689 1770 1809 1784 1868  0 138 255
9  1687 1689 1770 1282 2201 636 1573 1574 1807  0 255 22
9  1689 1687 1807 1574 1573 636 2201 1282 1770  0 138 255
5  1783 1784 1868 496 497  255 0 33
5  1784 1783 497 496 1868  0 138 255
3  496 1874 1870  0 138 255
4  1774 1870 1868 1780  227 0 255
3  496 1870 1874  255 0 33
3  496 1870 1868  0 138 255
3  496 1868 1870  255 0 33
4  1780 1868 1870 1774  0 138 255
5  401 1284 1281 1279 398  0 255 55
5  1284 401 398 1279 1281  255 0 0
10  1767 401 398 1755 1756 1758 1761 1763 1764 1765  210 255 0
10  401 1767 1765 1764 1763 1761 1758 1756 1755 398  255 0 0
4  1709 1736 1730 1729  0 188 255
4  1736 1709 1729 1730  255 0 0
8  495 1729 1730 407 1744 1746 1749 1734  227 255 0
8  1729 495 1734 1749 1746 1744 407 1730  255 0 0
3  1285 407 1735  0 255 38
3  407 1285 1735  255 0 0
3  403 1735 407  0 255 38
3  1735 403 407  255 0 0
7  1741 403 407 1730 1728 1738 1739  227 255 0
7  403 1741 1739 1738 1728 1730 407  255 0 0
5  1711 1728 1730 1736 1737  0 188 255
5  1728 1711 1737 1736 1730  255 0 0
8  1734 495 494 1733 1396 1397 1163 1168  11 255 0
8  495 1734 1168 1163 1397 1396 1733 494  227 255 0
5  1730 1728 727 729 1729  0 188 255
5  1728 1730 1729 729 727  227 255 0
4  1697 557 1526 1696  0 138 255
4  1693 1524 1525 1695  255 49 0
4  1693 1524 1523 1692  0 138 255
4  1692 1523 1524 1693  255 49 0
4  1692 1523 1521 1691  0 138 255
4  1690 1520 1521 1691  255 49 0
4  1690 1520 489 1688  0 138 255
4  1688 489 1520 1690  255 49 0
4  1685 573 489 1688  255 49 0
4  1695 1525 1526 1696  255 49 0
4  1695 1525 1524 1693  0 138 255
4  1691 1521 1523 1692  255 49 0
4  1691 1521 1520 1690  0 138 255
4  1696 1526 1525 1695  0 138 255
6  1705 1095 929 1614 1620 1704  255 49 0
6  1095 1705 1704 1620 1614 929  0 255 188
5  1610 929 477 1036 1196  255 0 116
5  929 1610 1196 1036 477  0 255 188
5  1701 477 1095 61 60  255 49 0
5  477 1701 60 61 1095  0 255 188
3  474 60 61  255 49 0
3  60 474 61  0 255 255
3  1699 474 1673  255 66 0
3  474 1699 1673  0 255 255
4  1698 1673 474 472  255 66 0
4  1673 1698 472 474  0 255 255
14  1697 472 474 61 62 576 1685 1688 1690 1691 1692 1693 1695 1696  255 49 0
14  472 1697 1696 1695 1693 1692 1691 1690 1688 1685 576 62 61 474  0 255 255
6  1683 576 62 63 854 1681  255 33 0
6  576 1683 1681 854 63 62  0 255 255
9  1094 62 61 1095 1088 1083 1076 935 934  255 49 0
9  62 1094 934 935 1076 1083 1088 1095 61  0 255 188
4  1061 934 935 1067  255 0 49
4  934 1061 1067 935  0 255 188
3  929 1095 477  255 49 0
3  1095 929 477  0 255 188
4  1651 1520 489 571  0 88 255
4  1651 44 48 1650  0 105 255
4  1651 1520 1521 1650  94 0 255
4  1648 1524 1523 1649  0 88 255
4  1648 1524 1525 1647  94 0 255
4  1648 47 46 1649  0 38 255
4  1649 1523 1521 1650  0 88 255
4  1649 46 47 1648  0 105 255
4  1649 1523 1524 1648  94 0 255
4  1649 46 48 1650  0 38 255
4  1650 1521 1520 1651  0 88 255
4  1650 48 46 1649  0 105 255
4  1650 1521 1523 1649  94 0 255
4  1647 1525 1524 1648  0 88 255
4  1647 1525 1526 560  94 0 255
4  1647 45 47 1648  0 38 255
7  1416 560 42 1098 1171 1665 1567  0 88 255
7  560 1416 1567 1665 1171 1098 42  0 105 255
4  1244 42 1580 1657  0 88 255
4  42 1244 1657 1580  77 0 255
8  1661 1580 42 41 965 1656 1659 968  0 88 255
8  1580 1661 968 1659 1656 965 41 42  77 0 255
13  961 41 560 1647 1648 1649 1650 1651 571 1487 1501 1352 1353  0 88 255
13  41 961 1353 1352 1501 1487 571 1651 1650 1649 1648 1647 560  0 105 255
3  42 560 41  0 88 255
3  560 42 41  0 105 255
4  493 52 53 492  0 255 238
4  493 52 50 564  0 238 255
4  492 53 52 493  0 238 255
9  1640 491 490 492 493 564 1601 1636 1638  44 255 0
9  491 1640 1638 1636 1601 564 493 492 490  0 255 238
10  1617 1514 1478 1050 1049 1250 1251 1612 1613 1615  0 88 255
10  1514 1617 1615 1613 1612 1251 1250 1049 1050 1478  255 49 0
3  1482 1478 1470  0 88 255
3  1478 1482 1470  255 49 0
3  1468 1470 1478  0 88 255
3  1470 1468 1478  255 49 0
4  1609 1468 1514 1510  0 88 255
4  1468 1609 1510 1514  255 49 0
3  1530 1510 1147  0 88 255
3  1510 1530 1147  255 49 0
4  558 1147 1510 557  0 88 255
4  1147 558 557 1510  255 49 0
15  1526 557 1510 1514 1174 1183 1518 897 573 489 1520 1521 1523 1524 1525  0 88 255
15  557 1526 1525 1524 1523 1521 1520 489 573 897 1518 1183 1174 1514 1510  255 49 0
5  574 573 897 896 1310  0 88 255
5  573 574 1310 896 897  255 49 0
3  1175 1174 1177  0 88 255
3  1174 1175 1177  255 49 0
3  1178 1175 1177  0 88 255
3  1175 1178 1177  255 49 0
3  1191 1177 1514  0 88 255
3  1177 1191 1514  255 49 0
3  1478 1514 1468  0 88 255
3  1514 1478 1468  255 49 0
3  1174 1514 1177  0 88 255
3  1514 1174 1177  255 49 0
4  1494 1457 1455 1473  194 0 255
4  1494 1457 1458 1495  160 255 0
4  1495 1458 1457 1494  194 0 255
4  1494 1473 1455 1457  255 116 0
4  1474 1493 1492 1490  255 149 0
4  1493 1474 1490 1492  255 232 0
5  1496 1474 1473 1494 1495  255 149 0
5  1474 1496 1495 1494 1473  194 0 255
3  1490 1473 1474  255 149 0
3  1490 1474 1473  255 232 0
5  1485 1474 1473 1455 1359  194 0 255
5  1474 1485 1359 1455 1473  255 232 0
7  1358 1359 1469 1479 1481 1483 1484  255 133 0
7  1359 1358 1484 1483 1481 1479 1469  255 232 0
6  1477 1469 1359 1455 1475 1476  255 133 0
6  1469 1477 1476 1475 1455 1359  255 232 0
5  1360 1359 1455 1457 1458  194 0 255
5  1359 1360 1458 1457 1455  255 133 0
4  1441 1412 1411 1442  127 0 255
4  1441 1412 1413 1440  255 0 0
4  1442 1411 1410 486  127 0 255
4  1442 1411 1412 1441  255 0 0
14  394 395 1440 1441 1442 486 487 385 387 388 1446 390 392 393  127 0 255
14  395 394 393 392 390 1446 388 387 385 487 486 1442 1441 1440  243 255 0
4  1424 1434 385 386  144 255 0
4  1434 1424 386 385  194 255 0
8  1439 1424 386 1410 488 1435 1436 1437  255 182 0
8  1424 1439 1437 1436 1435 488 1410 386  194 255 0
5  486 1410 386 385 487  127 0 255
5  486 487 385 386 1410  194 255 0
5  1424 386 389 1422 1423  144 255 0
3  1410 386 389  255 182 0
5  1424 1423 1422 389 386  255 182 0
4  1421 389 1410 391  127 0 255
4  389 1421 391 1410  255 182 0
5  554 391 1409 1419 556  94 255 0
5  391 554 556 1419 1409  255 182 0
4  1417 1409 391 396  94 255 0
4  1409 1417 396 391  255 182 0
7  1415 396 391 1410 1411 1412 1413  127 0 255
7  1415 1413 1412 1411 1410 391 396  255 182 0
3  1410 389 386  127 0 255
19  1394 1374 1373 1376 578 1377 1379 1382 1383 1384 1385 1386 1387 1388 1390 1391 501 1392 1393  127 255 0
19  1374 1394 1393 1392 501 1391 1390 1388 1387 1386 1385 1384 1383 1382 1379 1377 578 1376 1373  160 255 0
18  1282 632 533 528 1263 1264 1265 1266 1130 654 1270 1271 1272 1273 1275 1277 1278 1280  0 255 22
18  632 1282 1280 1278 1277 1275 1273 1272 1271 1270 654 1130 1266 1265 1264 1263 528 533  60 255 0
4  424 1186 1184 425  27 255 0
4  424 507 1141 423  60 0 255
4  424 1186 1187 423  255 216 0
4  423 1141 1143 422  60 0 255
4  423 1187 1186 424  27 255 0
4  423 1187 1188 422  255 216 0
4  422 1188 1187 423  27 255 0
4  422 1143 1141 423  255 0 182
4  422 1188 1189 416  255 216 0
4  416 1189 1188 422  27 255 0
4  416 509 1143 422  255 0 182
4  416 1189 1192 421  255 216 0
10  416 421 15 11 1243 1246 425 424 423 422  60 0 255
10  421 416 422 423 424 425 1246 1243 11 15  27 255 0
3  485 11 15  255 0 83
3  1242 485 1211  160 0 255
3  485 1242 1211  27 255 0
4  484 1211 485 1894  160 0 255
4  1211 484 1894 485  27 255 0
6  1025 484 2317 33 1240 1022  144 0 255
6  484 1025 1022 1240 33 2317  27 255 0
4  943 33 34 1210  144 0 255
4  33 943 1210 34  27 255 0
3  1238 1210 34  144 0 255
3  1210 1238 34  27 255 0
4  31 34 2319 2323  144 0 255
4  34 31 2323 2319  27 255 0
3  1208 31 32  144 0 255
3  31 1208 32  27 255 0
3  1233 1208 32  144 0 255
3  1208 1233 32  27 255 0
4  30 32 3 2335  144 0 255
4  32 30 2335 3  27 255 0
3  1206 30 29  144 0 255
3  30 1206 29  27 255 0
3  1231 1206 29  144 0 255
3  1206 1231 29  27 255 0
4  28 29 2329 2331  144 0 255
4  29 28 2331 2329  27 255 0
4  1229 28 27 1205  144 0 255
4  28 1229 1205 27  27 255 0
3  947 1205 27  144 0 255
3  1205 947 27  27 255 0
6  1228 27 2321 1204 1224 1226  144 0 255
6  27 1228 1226 1224 1204 2321  27 255 0
4  1223 1204 1906 1908  160 0 255
4  1204 1223 1908 1906  27 255 0
4  1222 1908 1906 1203  255 0 83
4  1222 1203 1906 1908  27 255 0
4  1221 1203 13 421  60 0 255
4  1203 1221 421 13  27 255 0
4  485 15 18 1894  255 0 83
3  421 15 18  27 255 0
3  485 15 11  27 255 0
4  484 1894 1896 2317  160 0 255
3  421 18 15  60 0 255
3  421 18 16  27 255 0
4  33 2317 2319 34  144 0 255
3  421 16 18  60 0 255
3  421 16 24  27 255 0
3  421 24 16  60 0 255
3  421 24 25  27 255 0
4  34 2319 2317 33  27 255 0
4  31 2323 3 32  144 0 255
3  421 25 24  60 0 255
3  421 25 26  27 255 0
3  421 26 25  60 0 255
3  421 26 23  27 255 0
4  32 3 2323 31  27 255 0
4  30 2335 2329 29  144 0 255
3  421 23 26  60 0 255
3  421 23 21  27 255 0
3  421 21 23  60 0 255
3  421 21 17  27 255 0
4  29 2329 2335 30  27 255 0
4  28 2331 2321 27  144 0 255
3  421 17 21  60 0 255
3  421 17 13  27 255 0
3  421 13 17  60 0 255
4  27 2321 2331 28  27 255 0
4  1203 1906 1905 13  255 0 83
4  1204 1906 1905 2321  27 255 0
11  1192 512 377 1129 1127 527 1184 1186 1187 1188 1189  27 255 0
11  512 1192 1189 1188 1187 1186 1184 527 1127 1129 377  0 255 171
3  1181 377 1170  255 0 99
3  377 1181 1170  0 255 155
3  375 1170 377  255 0 99
3  1170 375 377  0 255 155
13  1131 375 512 543 550 540 541 547 546 545 544 1133 1132  27 255 0
13  375 1131 1132 1133 544 545 546 547 541 540 550 543 512  0 255 171
3  377 512 375  27 255 0
3  512 377 375  0 255 171
4  985 1146 1928 1931  160 0 255
4  1146 985 1931 1928  177 0 255
5  984 1937 1934 10 9  255 0 83
3  985 1937 1934  177 0 255
3  38 9 10  60 0 255
5  984 9 10 1934 1937  177 0 255
6  1039 38 1141 507 1160 1038  60 0 255
6  38 1039 1038 1160 507 1141  44 0 255
4  1143 1141 38 37  60 0 255
4  1141 1143 37 38  44 0 255
5  509 1143 37 1138 1139  60 0 255
5  1143 509 1139 1138 37  44 0 255
4  1156 1139 1138 1154  60 0 255
4  1139 1156 1154 1138  44 0 255
4  1136 1138 12 4  60 0 255
4  1138 1136 4 12  177 0 255
5  1135 4 12 1928 1925  255 0 83
6  1153 1922 1925 1146 1151 1028  160 0 255
3  1135 1922 1925  177 0 255
6  1153 1028 1151 1146 1925 1922  177 0 255
3  1146 1928 1925  177 0 255
4  1138 12 14 37  177 0 255
3  1135 1925 1922  255 0 83
3  1146 1925 1928  160 0 255
5  1135 1925 1928 12 4  177 0 255
4  38 10 14 37  60 0 255
3  985 1934 1937  160 0 255
3  985 1934 1931  177 0 255
3  38 10 9  177 0 255
3  985 1931 1934  160 0 255
9  1133 1126 1125 1127 1129 377 375 1131 1132  0 255 155
9  1126 1133 1132 1131 375 377 1129 1127 1125  0 255 171
6  381 379 987 1121 1122 1123  255 0 199
6  379 381 1123 1122 1121 987  44 255 0
4  1120 987 213 214  255 0 199
4  987 1120 214 213  44 255 0
3  113 214 213  255 0 216
3  821 113 822  27 0 255
3  113 821 822  44 255 0
7  1115 822 80 81 221 219 1114  27 0 255
7  822 1115 1114 219 221 81 80  44 255 0
5  1113 219 221 1110 1111  0 255 221
5  219 1113 1111 1110 221  44 255 0
3  1106 81 80  0 255 88
5  1103 1106 98 1101 1102  0 255 88
5  1106 1103 1102 1101 98  44 255 0
10  1099 98 92 97 1078 1079 1080 1081 225 223  0 255 138
10  98 1099 223 225 1081 1080 1079 1078 97 92  44 255 0
3  224 1099 223  0 255 138
3  1099 224 223  44 255 0
5  1096 224 223 181 1093  210 0 255
5  224 1096 1093 181 223  44 255 0
6  1091 181 1086 384 382 1089  255 0 66
6  181 1091 1089 382 384 1086  44 255 0
4  1085 1086 181 180  255 0 66
4  1086 1085 180 181  44 255 0
4  225 180 181 223  210 0 255
4  180 225 223 181  44 255 0
3  1075 1078 97  0 255 138
3  1078 1075 97  44 255 0
14  1073 97 79 78 118 1064 1065 1066 1002 1068 1070 761 1071 1072  0 255 88
14  97 1073 1072 1071 761 1070 1068 1002 1066 1065 1064 118 78 79  44 255 0
5  1063 118 117 480 1060  0 55 255
5  118 1063 1060 480 117  44 255 0
7  1059 480 117 66 119 1044 1058  0 55 255
7  480 1059 1058 1044 119 66 117  44 255 0
4  1057 1058 155 156  0 55 255
4  1058 1057 156 155  44 255 0
5  1054 156 155 717 1052  255 0 133
5  1054 1052 717 155 156  44 255 0
7  718 717 155 157 1046 1048 719  255 0 133
7  717 718 719 1048 1046 157 155  44 255 0
4  1044 157 155 1058  0 55 255
4  479 119 66 64  0 255 88
4  119 479 64 66  44 255 0
4  483 479 65 482  0 255 88
4  479 483 482 65  44 255 0
3  481 65 1042  0 255 88
3  65 481 1042  44 255 0
7  723 1042 74 73 167 166 1019  0 255 88
7  1042 723 1019 166 167 73 74  44 255 0
3  1018 166 167  0 255 121
3  166 1018 167  44 255 0
9  1017 1018 167 168 1011 1012 1013 1014 1016  0 255 121
9  1018 1017 1016 1014 1013 1012 1011 168 167  44 255 0
5  1009 168 167 73 72  0 255 88
5  168 1009 72 73 167  44 255 0
7  1007 1009 72 71 923 1005 1006  0 255 88
7  1009 1007 1006 1005 923 71 72  44 255 0
4  1003 923 71 70  0 255 88
4  923 1003 70 71  44 255 0
4  175 1003 70 68  0 255 88
4  1003 175 68 70  44 255 0
11  1001 175 177 1438 1817 2164 993 991 995 997 998  255 0 232
11  175 1001 998 997 995 991 993 2164 1817 1438 177  44 255 0
5  1161 177 175 68 1642  0 255 88
5  177 1161 1642 68 175  44 255 0
3  2349 68 2344  27 0 255
3  68 2349 2344  44 255 0
5  2345 2344 68 70 2418  27 0 255
5  2344 2345 2418 70 68  44 255 0
7  1255 2418 988 2185 2446 2357 1259  27 0 255
7  2418 1255 1259 2357 2446 2185 988  44 255 0
6  1956 988 2418 71 72 1257  27 0 255
6  988 1956 1257 72 71 2418  44 255 0
5  1216 1257 72 73 105  27 0 255
5  1257 1216 105 73 72  44 255 0
5  1144 105 1118 1117 1145  255 0 216
5  105 1144 1145 1117 1118  44 255 0
4  1575 1118 206 204  255 0 216
4  1118 1575 204 206  44 255 0
8  2434 204 206 379 2369 2353 2431 1128  255 0 199
8  2434 1128 2431 2353 2369 379 206 204  44 255 0
4  987 379 211 212  255 0 199
4  379 987 212 211  44 255 0
4  118 78 77 117  0 255 88
3  379 211 210  44 255 0
3  379 210 211  255 0 199
3  379 210 209  44 255 0
3  479 64 65  0 255 88
3  379 209 210  255 0 199
3  379 209 208  44 255 0
4  65 75 74 1042  0 255 88
3  379 208 209  255 0 199
3  379 208 207  44 255 0
4  65 75 76 64  44 255 0
3  379 207 208  255 0 199
3  379 207 206  44 255 0
4  1042 74 75 65  44 255 0
3  379 206 207  255 0 199
5  1118 206 207 107 105  44 255 0
4  113 213 212 112  255 0 216
3  987 213 212  44 255 0
3  113 213 214  44 255 0
5  822 112 111 78 79  27 0 255
3  987 212 213  255 0 199
3  822 112 113  44 255 0
3  822 113 112  27 0 255
6  1106 80 79 97 92 98  0 255 88
3  822 80 79  44 255 0
3  1106 80 81  44 255 0
3  822 79 80  27 0 255
5  822 79 78 111 112  44 255 0
6  97 79 80 1106 98 92  44 255 0
4  1058 155 157 1044  44 255 0
3  479 65 64  44 255 0
4  105 73 74 107  27 0 255
3  2418 71 70  44 255 0
3  2418 70 71  27 0 255
5  1118 105 107 207 206  255 0 216
4  46 52 53 48  0 238 255
4  46 52 50 47  0 22 255
4  47 50 52 46  0 238 255
4  47 50 51 45  0 22 255
4  48 53 52 46  0 22 255
4  455 2399 2400 454  0 38 255
4  455 2399 2398 456  255 0 182
4  456 2398 2399 455  0 38 255
4  456 2398 2397 450  255 0 182
6  47 45 973 971 48 46  0 38 255
6  45 47 46 48 971 973  0 238 255
3  44 48 971  0 38 255
3  48 44 971  0 238 255
3  976 971 454  0 38 255
3  971 976 454  0 205 255
6  455 454 971 973 450 456  0 38 255
6  454 455 456 450 973 971  0 205 255
9  492 490 950 951 960 962 964 564 493  44 255 0
9  490 492 493 564 964 962 960 951 950  0 238 255
8  958 960 951 952 438 448 800 797  44 255 0
8  960 958 797 800 448 438 952 951  0 205 255
4  432 2398 2397 431  94 0 255
4  432 2398 2399 433  255 0 182
4  433 2399 2398 432  94 0 255
4  433 2399 2400 434  255 0 182
4  434 2400 2399 433  94 0 255
4  435 619 2400 434  94 0 255
4  431 2397 2398 432  255 0 182
4  430 613 2397 431  255 0 182
10  489 573 1557 942 1526 1525 1524 1523 1521 1520  94 0 255
10  573 489 1520 1521 1523 1524 1525 1526 942 1557  0 138 255
3  557 1526 942  94 0 255
3  1526 557 942  0 138 255
3  1561 942 944  94 0 255
3  942 1561 944  0 138 255
3  1557 944 942  94 0 255
3  944 1557 942  0 138 255
3  35 1557 573  94 0 255
3  1557 35 573  0 138 255
3  1444 35 1315  94 0 255
3  35 1444 1315  0 138 255
3  1888 1315 35  94 0 255
3  1315 1888 35  0 138 255
18  429 1888 573 1794 2332 907 1454 1460 980 2020 1554 436 435 434 433 432 431 430  94 0 255
18  1888 429 430 431 432 433 434 435 436 1554 2020 980 1460 1454 907 2332 1794 573  0 138 255
4  1800 2020 980 979  94 0 255
4  2020 1800 979 980  0 138 255
4  908 907 2332 2350  94 0 255
4  907 908 2350 2332  0 138 255
3  35 573 1888  94 0 255
3  573 35 1888  0 138 255
4  1862 2322 1782 1777  0 5 255
4  2322 1862 1777 1782  227 0 255
4  2360 1976 1780 1774  0 121 255
4  1976 2360 1774 1780  227 0 255
4  1684 618 1770 1689  0 255 22
4  618 1684 1689 1770  227 0 255
4  1844 1813 1812 2318  11 0 255
4  1813 1844 2318 1812  243 0 255
4  1629 1825 1857 1630  0 72 255
4  1825 1629 1630 1857  243 0 255
6  2304 62 576 575 2463 856  255 33 0
6  62 2304 856 2463 575 576  255 49 0
4  940 935 934 937  255 0 49
4  935 940 937 934  255 49 0
5  933 478 477 929 931  255 0 116
5  478 933 931 929 477  255 49 0
5  476 473 472 474 475  255 66 0
5  473 476 475 474 472  255 49 0
8  471 465 464 466 467 468 469 470  255 83 0
8  465 471 470 469 468 467 466 464  255 99 0
7  463 458 457 459 460 461 462  255 166 0
7  458 463 462 461 460 459 457  243 255 0
8  456 450 449 451 452 453 454 455  255 0 182
8  450 456 455 454 453 452 451 449  255 0 249
12  448 438 437 439 440 441 442 443 444 445 446 447  0 255 72
12  438 448 447 446 445 444 443 442 441 440 439 437  255 0 249
13  436 417 418 426 427 428 429 430 431 432 433 434 435  255 0 182
13  417 436 435 434 433 432 431 430 429 428 427 426 418  255 216 0
8  425 418 417 415 416 422 423 424  255 0 182
8  418 425 424 423 422 416 415 417  255 216 0
3  421 416 415  255 0 182
3  416 421 415  255 216 0
4  420 415 417 419  255 0 182
4  415 420 419 417  255 216 0
7  414 409 408 410 411 412 413  255 199 0
7  409 414 413 412 411 410 408  255 216 0
6  407 403 402 404 405 406  227 255 0
6  403 407 406 405 404 402  0 255 38
5  401 398 397 399 400  0 255 55
5  398 401 400 399 397  210 255 0
7  396 391 390 392 393 394 395  94 255 0
7  391 396 395 394 393 392 390  127 0 255
5  389 386 385 387 388  144 255 0
5  386 389 388 387 385  127 0 255
3  384 383 382  255 0 66
3  383 384 382  44 255 0
3  381 380 379  255 0 199
3  380 381 379  44 255 0
4  378 376 375 377  255 0 99
4  376 378 377 375  27 255 0
10  374 366 365 367 368 369 370 371 372 373  110 0 255
10  366 374 373 372 371 370 369 368 367 365  0 155 255
4  364 296 139 138  0 55 255
4  296 364 138 139  0 255 105
4  133 138 139 132  0 55 255
6  363 133 132 86 85 295  0 255 88
6  133 363 295 85 86 132  0 255 205
9  294 295 186 190 357 358 359 360 293  0 255 88
9  295 294 293 360 359 358 357 190 186  0 255 205
4  362 294 293 361  0 255 88
4  294 362 361 293  0 255 205
6  356 190 186 101 354 355  0 255 88
6  356 355 354 101 186 190  255 0 166
7  353 101 94 95 350 351 352  0 255 138
7  101 353 352 351 350 95 94  255 0 166
3  292 95 94  0 255 138
4  102 292 94 93  0 255 138
4  292 102 93 94  255 0 166
7  349 102 93 101 186 189 348  0 255 88
7  102 349 348 189 186 101 93  255 0 166
3  201 189 295  0 255 88
3  189 201 295  0 255 205
4  291 201 84 83  0 255 88
4  201 291 83 84  0 255 205
5  347 291 83 82 346  0 255 88
5  291 347 346 82 83  0 255 205
3  222 82 83  27 0 255
6  345 199 200 220 343 344  0 255 221
3  222 199 200  0 255 205
6  345 344 343 220 200 199  0 255 205
8  342 220 85 86 300 339 340 341  27 0 255
8  220 342 341 340 339 300 86 85  0 255 205
4  299 300 86 87  27 0 255
4  300 299 87 86  0 255 205
6  290 299 87 88 106 116  27 0 255
6  299 290 116 106 88 87  0 255 205
4  338 290 116 115  27 0 255
4  290 338 115 116  0 255 205
3  289 115 116  255 0 216
3  115 289 116  0 255 205
8  337 289 116 106 287 288 335 336  255 0 216
8  289 337 336 335 288 287 106 116  0 255 205
3  334 288 287  255 0 216
3  288 334 287  0 255 205
4  333 287 106 332  255 0 216
4  287 333 332 106  0 255 205
8  331 106 89 90 298 328 329 330  27 0 255
8  106 331 330 329 328 298 90 89  0 255 105
8  327 298 90 91 297 324 325 326  27 0 255
8  298 327 326 325 324 297 91 90  0 255 105
6  323 297 91 69 321 322  27 0 255
6  297 323 322 321 69 91  0 255 105
5  286 69 91 127 126  0 255 88
5  69 286 126 127 91  0 255 105
4  320 286 285 319  0 255 88
4  286 320 319 285  0 255 105
11  318 285 286 126 125 284 171 314 315 316 317  0 255 88
11  285 318 317 316 315 314 171 284 125 126 286  0 255 105
9  313 171 164 307 308 309 310 311 312  0 255 121
9  171 313 312 311 310 309 308 307 164  0 255 105
6  306 164 171 284 304 305  0 255 88
6  164 306 305 304 284 171  0 255 105
5  303 284 125 67 302  0 255 88
5  284 303 302 67 125  0 255 105
4  301 67 125 296  0 55 255
4  67 301 296 125  0 255 105
4  296 139 131 130  0 255 105
4  296 130 131 139  0 55 255
3  296 130 129  0 255 105
3  296 129 130  0 55 255
3  296 129 128  0 255 105
3  106 89 88  0 255 105
3  296 128 129  0 55 255
3  296 128 127  0 255 105
3  296 127 128  0 55 255
3  296 127 126  0 255 105
3  296 126 127  0 55 255
3  296 126 125  0 255 105
3  296 125 126  0 55 255
3  295 186 189  0 255 205
3  295 189 186  0 255 88
4  201 295 85 84  0 255 88
4  295 201 84 85  0 255 205
4  220 85 84 200  0 255 205
3  101 94 93  255 0 166
3  292 94 95  255 0 166
4  222 83 84 200  27 0 255
3  222 83 82  0 255 205
15  283 237 240 273 274 275 276 277 278 279 280 197 196 281 282  0 255 205
15  237 283 282 281 196 197 280 279 278 277 276 275 274 273 240  0 155 255
8  272 240 237 145 144 269 270 271  0 255 205
8  240 272 271 270 269 144 145 237  0 155 255
5  268 144 145 235 267  0 255 105
5  268 267 235 145 144  0 155 255
3  266 235 234  0 255 105
3  235 266 234  0 155 255
9  265 234 235 145 146 239 262 263 264  0 255 105
9  234 265 264 263 262 239 146 145 235  0 155 255
12  261 239 146 147 238 254 255 256 257 258 259 260  0 255 105
12  239 261 260 259 258 257 256 255 254 238 147 146  0 155 255
8  253 238 147 136 236 250 251 252  0 255 105
8  238 253 252 251 250 236 136 147  0 155 255
7  249 236 136 148 246 247 248  0 255 105
7  236 249 248 247 246 148 136  0 155 255
9  245 148 136 237 241 242 243 232 233  0 255 205
9  245 233 232 243 242 241 237 136 148  0 155 255
3  244 233 232  0 255 205
3  233 244 232  0 155 255
3  237 145 146  0 155 255
3  237 146 145  0 255 205
3  237 146 147  0 155 255
3  237 147 146  0 255 205
3  237 147 136  0 155 255
3  237 136 147  0 255 205
4  211 111 112 212  255 0 216
4  211 111 110 210  44 255 0
4  210 110 111 211  255 0 216
4  210 110 109 209  44 255 0
4  207 107 108 208  255 0 216
4  208 108 109 209  255 0 216
4  208 108 107 207  44 255 0
4  209 109 110 210  255 0 216
4  209 109 108 208  44 255 0
4  213 113 112 212  44 255 0
4  212 112 111 211  44 255 0
4  220 200 84 85  27 0 255
3  222 200 199  0 255 221
4  222 200 84 83  0 255 205
9  231 224 223 225 226 227 228 229 230  0 255 138
9  224 231 230 229 228 227 226 225 223  210 0 255
5  222 200 220 219 221  27 0 255
5  220 200 222 221 219  0 255 221
15  218 205 204 206 207 208 209 210 211 212 213 214 215 216 217  255 0 216
15  205 218 217 216 215 214 213 212 211 210 209 208 207 206 204  255 0 199
6  198 189 188 195 196 197  0 255 205
6  189 198 197 196 195 188  255 0 166
4  187 188 189 186  0 255 205
4  188 187 186 189  255 0 166
7  194 187 186 190 191 192 193  0 255 205
7  187 194 193 192 191 190 186  255 0 166
6  185 181 180 182 183 184  210 0 255
6  181 185 184 183 182 180  255 0 66
6  174 176 175 177 172 173  0 255 88
6  176 174 173 172 177 175  255 0 232
3  179 174 173  0 255 88
3  174 179 173  255 0 232
3  178 173 172  0 255 88
3  173 178 172  255 0 232
9  171 164 163 165 166 167 168 169 170  0 255 88
9  164 171 170 169 168 167 166 165 163  0 255 121
8  162 156 155 157 158 153 154 161  0 55 255
8  156 162 161 154 153 158 157 155  255 0 133
4  160 154 153 159  0 55 255
4  154 160 159 153  255 0 133
3  140 87 88  0 255 205
3  140 130 131  0 255 105
5  140 87 86 132 131  0 255 88
5  140 130 129 89 88  0 255 88
4  138 133 132 139  0 255 205
3  139 132 131  0 255 205
5  140 131 132 86 87  0 255 205
3  140 131 130  0 255 88
3  139 131 132  0 55 255
5  140 88 89 129 130  0 255 105
3  106 88 89  27 0 255
3  140 88 87  0 255 88
5  152 138 137 150 151  0 255 205
5  138 152 151 150 137  0 255 105
4  149 137 136 148  0 255 205
4  137 149 148 136  0 255 105
15  147 136 137 138 139 131 140 88 106 141 142 143 144 145 146  0 255 205
15  136 147 146 145 144 143 142 141 106 88 140 131 139 138 137  0 255 105
5  117 77 76 64 66  0 255 88
4  117 77 78 118  44 255 0
4  129 89 90 128  0 255 105
4  128 90 89 129  0 255 88
4  128 90 91 127  0 255 105
4  127 91 90 128  0 255 88
5  117 66 64 76 77  44 255 0
15  135 118 117 66 67 125 126 127 128 129 130 131 132 133 134  0 255 88
15  118 135 134 133 132 131 130 129 128 127 126 125 67 66 117  0 55 255
8  124 67 66 119 120 121 122 123  0 255 88
8  67 124 123 122 121 120 119 66  0 55 255
4  110 77 78 111  27 0 255
4  110 77 76 109  44 255 0
4  107 74 75 108  27 0 255
4  107 74 73 105  44 255 0
4  108 75 76 109  27 0 255
4  108 75 74 107  44 255 0
4  111 78 77 110  44 255 0
4  109 76 77 110  27 0 255
4  109 76 75 108  44 255 0
12  116 106 105 107 108 109 110 111 112 113 114 115  27 0 255
12  106 116 115 114 113 112 111 110 109 108 107 105  255 0 216
3  101 93 94  0 255 138
6  104 98 92 93 102 103  0 255 88
6  98 104 103 102 93 92  0 255 138
6  101 93 92 97 99 100  0 255 88
6  101 100 99 97 92 93  0 255 138
4  75 65 64 76  0 255 88
24  91 69 68 70 71 72 73 74 75 76 77 78 79 80 81 82 83 84 85 86 87 88 89 90  0 255 88
24  69 91 90 89 88 87 86 85 84 83 82 81 80 79 78 77 76 75 74 73 72 71 70 68  27 0 255
7  63 58 57 59 60 61 62  0 255 255
7  58 63 62 61 60 59 57  0 255 188
6  54 51 49 758 2003 55  0 22 255
6  51 54 55 2003 758 49  0 255 238
4  828 49 56 568  0 22 255
4  49 828 568 56  0 255 238
6  53 56 49 51 50 52  0 22 255
6  56 53 52 50 51 49  0 255 238
10  1498 1247 39 963 969 1790 2090 967 2050 1579  77 0 255
10  1247 1498 1579 2050 967 2090 1790 969 963 39  0 22 255
4  759 963 39 43  0 105 255
4  963 759 43 39  0 22 255
3  1892 43 569  0 105 255
3  43 1892 569  0 22 255
3  44 569 43  0 105 255
3  569 44 43  0 22 255
10  48 44 43 39 40 1958 1850 45 47 46  0 105 255
10  44 48 46 47 45 1850 1958 40 39 43  0 22 255
3  1247 40 39  77 0 255
3  40 1247 39  0 22 255
5  963 41 42 40 39  0 105 255
5  41 963 39 40 42  77 0 255
3  1056 2126 1581  0 205 255
3  2126 1056 1581  0 238 255
7  2340 1056 1581 973 2105 960 951  0 205 255
7  1056 2340 951 960 2105 973 1581  0 238 255
3  971 973 1581  0 205 255
3  973 971 1581  0 238 255
3  2441 1581 2126  0 205 255
3  1581 2441 2126  0 238 255
9  452 451 2108 1346 2449 1030 2547 1032 1989  44 0 255
9  451 452 1989 1032 2547 1030 2449 1346 2108  0 221 255
4  37 14 10 38  177 0 255
4  37 14 12 1138  60 0 255
9  36 38 37 1138 1140 1142 2422 2421 1112  44 0 255
9  38 36 1112 2421 2422 1142 1140 1138 37  177 0 255
4  540 1355 2378 541  255 0 149
4  1355 540 541 2378  0 171 255
15  1860 613 2397 2398 2399 2400 619 1959 571 1651 1650 1649 1648 1647 560  94 0 255
15  613 1860 560 1647 1648 1649 1650 1651 571 1959 619 2400 2399 2398 2397  0 38 255
4  26 1901 1899 25  255 0 83
4  26 1901 0 23  27 255 0
4  25 1899 1897 24  255 0 83
4  25 1899 1901 26  27 255 0
4  24 1897 1896 16  255 0 83
4  24 1897 1899 25  27 255 0
4  23 0 1901 26  255 0 83
4  23 0 1 21  27 255 0
4  21 1 0 23  255 0 83
4  21 1 2 17  27 255 0
4  20 1946 1942 22  255 0 83
4  19 1949 1946 20  255 0 83
4  18 1894 1896 16  27 255 0
4  17 2 1 21  255 0 83
4  17 2 1905 13  27 255 0
4  16 1896 1894 18  255 0 83
4  16 1896 1897 24  27 255 0
4  15 485 1894 18  27 255 0
4  14 1931 1928 12  255 0 83
4  14 1931 1934 10  177 0 255
4  5 1920 1916 8  255 0 83
4  13 1905 2 17  255 0 83
4  13 1905 1906 1203  27 255 0
4  12 1928 1931 14  177 0 255
4  10 1934 1931 14  255 0 83
4  8 1916 1912 7  255 0 83
4  7 1912 1911 6  255 0 83
24  19 11 15 18 16 24 25 26 23 21 17 13 1203 6 7 8 5 4 12 14 10 9 22 20  60 0 255
24  11 19 20 22 9 10 14 12 4 5 8 7 6 1203 13 17 21 23 26 25 24 16 18 15  255 0 83
4  2335 0 1 2329  160 0 255
4  2335 0 1901 3  27 255 0
4  3 1901 0 2335  160 0 255
4  3 1901 1899 2323  27 255 0
4  2319 1897 1899 2323  160 0 255
4  2319 1897 1896 2317  27 255 0
4  2321 1905 1906 1204  160 0 255
4  2321 1905 2 2331  27 255 0
4  2317 1896 1897 2319  160 0 255
4  2317 1896 1894 484  27 255 0
4  2331 2 1905 2321  160 0 255
4  2331 2 1 2329  27 255 0
4  2329 1 2 2331  160 0 255
4  2329 1 0 2335  27 255 0
4  2323 1899 1901 3  160 0 255
4  2323 1899 1897 2319  27 255 0
17  1026 484 2317 2319 2323 3 2335 2329 2331 2321 1204 1426 1600 2312 2313 2315 1027  160 0 255
17  484 1026 1027 2315 2313 2312 1600 1426 1204 2321 2331 2329 2335 3 2323 2319 2317  144 0 255
27  1949 485 1894 1896 1897 1899 1901 0 1 2 1905 1906 1908 1910 1911 1912 1916 1920 1922 1925 1928 1931 1934 1937 1939 1942 1946  255 0 83
27  485 1949 1946 1942 1939 1937 1934 1931 1928 1925 1922 1920 1916 1912 1911 1910 1908 1906 1905 2 1 0 1901 1899 1897 1896 1894  160 0 255
7  1818 584 617 1784 1868 1870 1874  227 0 255
7  584 1818 1874 1870 1868 1784 617  255 0 33
4  588 1832 1841 616  243 0 255
4  1832 588 616 1841  255 0 16

