COFF
4057 6979 0

49.125 25.125 -88.404
21.8125 32.875 -88.404
20.5 28.0625 -88.404
-47.1875 -22.5 -88.404
-31.4375 -25.9375 -88.404
-31.0625 -24.5625 -88.404
-48 -18.5 -88.404
-27.625 -2.8125 -88.404
-24.3125 -0.1875 -88.404
-21.625 1.9375 -88.404
-18.5 4.3125 -88.404
-16.1875 6.0625 -88.404
-12.875 8.6875 -88.404
-0.0625 -32.9375 -88.404
11.0625 5.9375 -88.404
14.4375 29.9375 -88.404
41.8125 -2.625 -88.404
49.3125 25.125 -88.404
41.8125 -2.625 -93.523
49.3125 25.125 -93.523
49.125 25.125 -93.523
21.8125 32.875 -93.523
20.5 28.0625 -93.523
14.4375 29.9375 -93.523
-12.875 8.6875 -93.523
-16.1875 6.0625 -93.523
-18.5 4.3125 -93.523
-21.625 1.9375 -93.523
-24.3125 -0.1875 -93.523
-27.625 -2.8125 -93.523
-48 -18.5 -93.523
-47.1875 -22.5 -93.523
-31.4375 -25.9375 -93.523
-31.0625 -24.5625 -93.523
-0.0625 -32.9375 -93.523
11.0625 5.9375 -93.523
41.8125 -2.625 -74.281
44.5625 7.6875 -74.281
16.9375 15.5 -74.281
13.9375 5.125 -74.281
16.9375 15.5 -79.973
13.9375 5.125 -79.973
41.8125 -2.625 -79.973
44.5625 7.6875 -79.973
-16.1875 6.0625 -79.973
-18.625 4.25 -79.973
-19.0625 2.375 -79.973
-19.875 2.625 -79.973
-20.1875 1.5 -79.973
-21.625 1.9375 -79.973
-24.3125 -0.1875 -79.973
-24.6875 -1.75 -79.973
-25.5 -1.5 -79.973
-26 -3.3125 -79.973
-47.1875 -22.5 -79.973
-31.4375 -25.9375 -79.973
-31.0625 -24.5625 -79.973
-48 -18.5 -79.973
-27.625 -2.8125 -79.973
41.8125 -2.625 -79.973
49.3125 25.125 -79.973
49.125 25.125 -79.973
11.0625 5.9375 -79.973
21.8125 32.875 -79.973
20.5 28.0625 -79.973
14.4375 29.9375 -79.973
-12.875 8.6875 -79.973
-0.0625 -32.9375 -79.973
-13.4375 6.6875 -79.973
-14.1875 6.9375 -79.973
-14.625 5.5625 -79.973
41.8125 -2.625 -88.404
49.3125 25.125 -88.404
49.125 25.125 -88.404
21.8125 32.875 -88.404
20.5 28.0625 -88.404
14.4375 29.9375 -88.404
-12.875 8.6875 -88.404
-13.4375 6.6875 -88.404
-14.1875 6.9375 -88.404
-14.625 5.5625 -88.404
-16.1875 6.0625 -88.404
-18.625 4.25 -88.404
-19.0625 2.375 -88.404
-19.875 2.625 -88.404
-20.1875 1.5 -88.404
-21.625 1.9375 -88.404
-24.3125 -0.1875 -88.404
-24.6875 -1.75 -88.404
-25.5 -1.5 -88.404
-26 -3.3125 -88.404
-27.625 -2.8125 -88.404
-48 -18.5 -88.404
-47.1875 -22.5 -88.404
-31.4375 -25.9375 -88.404
-31.0625 -24.5625 -88.404
-0.0625 -32.9375 -88.404
11.0625 5.9375 -88.404
14.5 29.375 -78.8768
20.375 27.5625 -78.8768
20.5 28.0625 -78.8768
14.4375 29.9375 -78.8768
-12.875 8.6875 -78.8768
-13.4375 6.6875 -78.8768
-12.9375 6.5625 -78.8768
-12.4375 8.375 -78.8768
14.5 29.375 -79.973
20.375 27.5625 -79.973
20.5 28.0625 -79.973
14.4375 29.9375 -79.973
-12.875 8.6875 -79.973
-13.4375 6.6875 -79.973
-12.9375 6.5625 -79.973
-12.4375 8.375 -79.973
-19.0625 2.375 -78.877
-18.625 2.25 -78.877
-18.1875 3.9375 -78.877
-16.125 5.5 -78.877
-14.6875 5.125 -78.877
-14.625 5.5625 -78.877
-16.1875 6.0625 -78.877
-18.625 4.25 -78.877
-19.0625 2.375 -79.973
-18.625 2.25 -79.973
-18.1875 3.9375 -79.973
-16.125 5.5 -79.973
-14.6875 5.125 -79.973
-14.625 5.5625 -79.973
-16.1875 6.0625 -79.973
-18.625 4.25 -79.973
-21.5 1.375 -78.877
-20.375 1.0625 -78.877
-20.1875 1.5 -78.877
-21.625 1.9375 -78.877
-24.3125 -0.1875 -78.877
-24.6875 -1.75 -78.877
-24.1875 -1.875 -78.877
-23.8125 -0.4375 -78.877
-21.5 1.375 -79.973
-20.375 1.0625 -79.973
-20.1875 1.5 -79.973
-21.625 1.9375 -79.973
-24.3125 -0.1875 -79.973
-24.6875 -1.75 -79.973
-24.1875 -1.875 -79.973
-23.8125 -0.4375 -79.973
-27.625 -2.8125 -78.877
-48 -18.5 -78.877
-47 -18.4375 -78.877
-27.5625 -3.375 -78.877
-26.125 -3.75 -78.877
-26 -3.3125 -78.877
-27.625 -2.8125 -79.973
-48 -18.5 -79.973
-47 -18.4375 -79.973
-27.5625 -3.375 -79.973
-26.125 -3.75 -79.973
-26 -3.3125 -79.973
-46.1875 -22.1875 -78.877
-47.1875 -22.5 -78.877
-31.4375 -25.9375 -78.877
-31.0625 -24.5625 -78.877
-31.5625 -24.4375 -78.877
-31.8125 -25.375 -78.877
-46.1875 -22.1875 -79.973
-47.1875 -22.5 -79.973
-31.4375 -25.9375 -79.973
-31.0625 -24.5625 -79.973
-31.5625 -24.4375 -79.973
-31.8125 -25.375 -79.973
13.9375 5.125 -78.877
14.125 5.5625 -78.877
10.75 6.5625 -78.877
10.1875 4.875 -78.877
10.75 4.6875 -78.877
11.0625 5.9375 -78.877
14.125 5.5625 -79.973
10.75 6.5625 -79.973
10.1875 4.875 -79.973
10.75 4.6875 -79.973
11.0625 5.9375 -79.973
44.125 7.75 -78.877
44.5625 7.6875 -78.877
47.875 19.75 -78.877
47.375 19.8125 -78.877
47.875 19.75 -79.973
47.375 19.8125 -79.973
44.125 7.75 -79.973
40.9375 -2.4375 -72.324
41.6875 0.5625 -72.324
15.6875 7.75 -72.324
14.8125 4.875 -72.324
15.6875 7.75 -74.281
14.8125 4.875 -74.281
40.9375 -2.4375 -74.281
41.6875 0.5625 -74.281
-9.4375 -8.3125 72.754
-9.0625 -8.9375 72.754
-10.5 -9.75 74.4524
-10.875 -9.125 74.4524
-9.4375 -8.3125 79.3987
-10.875 -9.125 78.4129
-10.5 -9.75 78.4129
-9.0625 -8.9375 79.3987
-24.6875 -17.1875 61.077
-5.8125 -22.5625 61.077
-0.4375 -3.75 61.077
-19.25 1.5625 61.077
-24.6875 -17.1875 54.665
-19.25 1.5625 54.665
-0.4375 -3.75 54.665
-5.8125 -22.5625 54.665
-14.6875 -7.375 72.754
-14.125 -6.9375 72.754
-13.3125 -8.5 74.4524
-13.875 -8.8125 74.4524
-14.6875 -7.375 79.3987
-13.875 -8.8125 78.4129
-13.3125 -8.5 78.4129
-14.125 -6.9375 79.3987
-14.875 -11.75 76.6108
-13.8125 -8.1875 76.5972
-10.1875 -9.1875 76.5972
-11.25 -12.8125 76.6108
-14.875 -11.75 78.2488
-11.25 -12.8125 78.2488
-10.1875 -9.1875 78.2352
-13.8125 -8.1875 78.2352
41.5625 23.5625 -77.486
41.5625 23.5625 -77.7541
41.625 23.8125 -77.7541
41.6875 24.125 -77.7541
41.5625 23.5625 -77.2179
41.6875 24.125 -77.486
41.6875 24.125 -77.2179
41.625 23.8125 -77.2179
34.75 25.5 -77.2179
34.75 25.5 -77.486
28 27.4375 -77.2179
28 27.4375 -77.486
28 27.4375 -77.7541
34.75 25.5 -77.7541
34.9375 26.0625 -77.7541
28.1875 28 -77.7541
28.1875 28 -77.486
34.9375 26.0625 -77.486
28.1875 28 -77.2179
34.9375 26.0625 -77.2179
28.125 27.75 -77.7541
34.8125 25.8125 -77.7541
28.125 27.75 -77.2179
28.125 27.75 -77.486
34.8125 25.8125 -77.2179
-14.875 -11.75 74.366
-11.25 -12.8125 74.366
-10.1875 -9.1875 74.366
-13.8125 -8.1875 74.366
-10.375 -13.6875 72.754
-11 -14 72.754
-11.8125 -12.5 74.4524
-11.1875 -12.1875 74.4524
-10.375 -13.6875 79.3987
-11.1875 -12.1875 78.4129
-11.8125 -12.5 78.4129
-11 -14 79.3987
22.25 32.25 -80.0203
20.9375 27.4375 -80.0203
20.375 27.5625 -80.0203
21.8125 32.9375 -80.0203
26.5625 31.5 -80.0203
26.5 31.0625 -80.0203
20.9375 27.4375 -78.6056
20.375 27.5625 -78.6056
26.5625 31.5 -78.6056
26.5 31.0625 -78.6056
21.8125 32.9375 -78.6056
48.6875 24.6875 -79.973
44.375 25.9375 -79.973
44.5 26.5 -79.973
49.3125 25.0625 -79.973
47.3125 19.9375 -79.973
47.875 19.75 -78.6045
47.3125 19.9375 -78.6045
49.3125 25.0625 -78.6045
44.5 26.5 -78.6045
44.375 25.9375 -78.6045
48.6875 24.6875 -78.6045
22.25 32.25 -78.6056
48 20.125 -78.082
47.9375 20 -78.3369
48 20.125 -78.2936
48 20.125 -78.3615
47.875 20 -78.478
47.3125 20.25 -78.209
48 20.125 -78.2231
23 24.25 -80.4585
23.0625 24.6875 -80.4585
23.0625 24.6875 -77.7541
23 24.25 -77.7541
22.4375 24.375 -80.4585
22.4375 24.375 -77.7541
22.5625 24.875 -77.7541
22.5625 24.875 -80.4585
21.625 19.6875 -80.4585
21.8125 20.25 -80.4585
21.8125 20.25 -77.7541
21.625 19.6875 -77.7541
21.125 19.8125 -80.4585
21.125 19.8125 -77.7541
21.3125 20.375 -77.7541
21.3125 20.375 -80.4585
20.375 15.125 -80.4585
20.5 15.6875 -80.4585
20.5 15.6875 -77.7541
20.375 15.125 -77.7541
19.875 15.25 -80.4585
19.875 15.25 -77.7541
19.9375 15.8125 -77.7541
19.9375 15.8125 -80.4585
23.0625 24.6875 -77.7541
23.0625 24.6875 -77.2179
19.3125 11.4375 -77.2179
19.3125 11.4375 -77.7541
22.5625 24.875 -77.7541
18.8125 11.5625 -77.7541
18.8125 11.5625 -77.2179
22.5625 24.875 -77.2179
-15.75 -12.625 72.754
-16.0625 -12.0625 72.754
-14.5 -11.3125 74.4524
-14.1875 -11.875 74.4524
-15.75 -12.625 79.3987
-14.1875 -11.875 78.4129
-14.5 -11.3125 78.4129
-16.0625 -12.0625 79.3987
-47.3125 -20.5 -73.9718
-45.8125 -21.375 -76.4633
-45.5625 -20.9375 -76.4633
-46.0625 -21.75 -76.4633
-46.4375 -22 -76.4633
-46.875 -22.1875 -76.4633
-47.3125 -22.25 -76.4633
-47.8125 -22.1875 -76.4633
-48.1875 -22 -76.4633
-48.625 -21.6875 -76.4633
-48.875 -21.3125 -76.4633
-49.0625 -20.875 -76.4633
-49.0625 -20.4375 -76.4633
-49 -19.9375 -76.4633
-48.875 -19.5 -76.4633
-48.5 -19.125 -76.4633
-48.1875 -18.875 -76.4633
-47.75 -18.75 -76.4633
-47.25 -18.625 -76.4633
-46.875 -18.75 -76.4633
-46.375 -18.875 -76.4633
-46.0625 -19.1875 -76.4633
-45.75 -19.625 -76.4633
-45.5625 -20 -76.4633
-45.5 -20.5 -76.4633
-12.3125 -10.5625 76.242
-12.375 -10.25 76.242
-12.3125 -10.1875 76.6105
-12.125 -10.625 76.6105
-12.625 -10.1875 76.242
-12.6875 -10.0625 76.6105
-12.875 -10.4375 76.242
-12.9375 -10.4375 76.6105
-12.75 -10.75 76.242
-12.875 -10.8125 76.6105
-12.4375 -10.8125 76.242
-12.4375 -10.875 76.6105
-12.3125 -10.1875 83.2424
-12.125 -10.625 83.2424
-12.6875 -10.0625 83.2424
-12.9375 -10.4375 83.2424
-12.875 -10.8125 83.2424
-12.4375 -10.875 83.2424
-12.375 -10.25 84.3203
-12.3125 -10.5625 84.3203
-12.625 -10.1875 84.3203
-12.875 -10.4375 84.3203
-12.75 -10.75 84.3203
-12.4375 -10.8125 84.3203
-12.375 -10.25 87.1617
-12.3125 -10.5625 87.1617
-12.625 -10.1875 87.1617
-12.875 -10.4375 87.1617
-12.75 -10.75 87.1617
-12.4375 -10.8125 87.1617
-12.375 -10.25 90.6428
-12.3125 -10.5625 90.6428
-12.625 -10.1875 90.6428
-12.875 -10.4375 90.6428
-12.75 -10.75 90.6428
-12.4375 -10.8125 90.6428
-12.375 -10.25 93.523
-12.3125 -10.5625 93.523
-12.625 -10.1875 93.523
-12.875 -10.4375 93.523
-12.75 -10.75 93.523
-12.4375 -10.8125 93.523
-45.3125 -20.9375 -93.523
-45.3125 -20.0625 -93.523
-45.3125 -20.0625 -76.3143
-45.3125 -20.9375 -76.3143
-45.625 -19.3125 -93.523
-45.625 -19.3125 -76.3143
-46.1875 -18.75 -93.523
-46.1875 -18.75 -76.3143
-47 -18.4375 -93.523
-47 -18.4375 -76.3143
-47.875 -18.5 -93.523
-47.875 -18.5 -76.3143
-48.625 -18.875 -93.523
-48.625 -18.875 -76.3143
-49.1875 -19.5 -93.523
-49.1875 -19.5 -76.3143
-49.3125 -20.4375 -93.523
-49.3125 -20.4375 -76.3143
-49.1875 -21.1875 -93.523
-49.1875 -21.1875 -76.3143
-48.6875 -21.9375 -93.523
-48.6875 -21.9375 -76.3143
-48 -22.4375 -93.523
-48 -22.4375 -76.3143
-47.1875 -22.5 -93.523
-47.1875 -22.5 -76.3143
-46.3125 -22.25 -93.523
-46.3125 -22.25 -76.3143
-45.625 -21.6875 -93.523
-45.625 -21.6875 -76.3143
40.9375 12.5 -79.973
41.25 15.4375 -79.973
41.25 15.4375 -74.289
40.9375 12.5 -74.289
40.6875 18.3125 -79.973
40.6875 18.3125 -74.289
39.3125 20.875 -79.973
39.3125 20.875 -74.289
37.125 22.875 -79.973
37.125 22.875 -74.289
34.5 24.0625 -79.973
34.5 24.0625 -74.289
31.5625 24.375 -79.973
31.5625 24.375 -74.289
28.6875 23.8125 -79.973
28.6875 23.8125 -74.289
26.125 22.5 -79.973
26.125 22.5 -74.289
24.125 20.3125 -79.973
24.125 20.3125 -74.289
22.9375 17.6875 -79.973
22.9375 17.6875 -74.289
22.5 14.6875 -79.973
22.5 14.6875 -74.289
23.0625 11.8125 -79.973
23.0625 11.8125 -74.289
24.5 9.25 -79.973
24.5 9.25 -74.289
26.6875 7.25 -79.973
26.6875 7.25 -74.289
29.3125 6.0625 -79.973
29.3125 6.0625 -74.289
32.25 5.6875 -79.973
32.25 5.6875 -74.289
35.0625 6.25 -79.973
35.0625 6.25 -74.289
37.6875 7.6875 -79.973
37.6875 7.6875 -74.289
39.625 9.8125 -79.973
39.625 9.8125 -74.289
-9.625 4.6875 46.44
-13.75 5.8125 46.44
-15.25 0.5 46.44
-19.25 1.5625 46.44
-20.875 -3.75 46.44
-24.875 -2.625 46.44
-26.375 -8 46.44
-30.4375 -6.8125 46.44
-35.1875 -23.4375 46.44
-0.0625 -32.9375 46.44
10.75 4.6875 46.44
-8.125 10.0625 46.44
-30.4375 -6.8125 -74.808
-35.1875 -23.4375 -74.808
-0.0625 -32.9375 -74.808
10.75 4.6875 -74.808
-8.125 10.0625 -74.808
-9.625 4.6875 -74.808
-13.75 5.8125 -74.808
-15.25 0.5 -74.808
-19.25 1.5625 -74.808
-20.875 -3.75 -74.808
-24.875 -2.625 -74.808
-26.375 -8 -74.808
22.4375 14.6875 -74.0277
22.8125 17.6875 -74.0277
22.375 14.6875 -73.7699
22.75 17.6875 -73.7699
22.1875 14.6875 -73.5193
22.5625 17.75 -73.5193
22 14.6875 -73.2794
22.4375 17.75 -73.2794
21.8125 14.6875 -73.0537
22.1875 17.8125 -73.0537
21.5 14.6875 -72.8458
21.875 17.9375 -72.8458
21.0625 14.6875 -72.6594
21.5 18.0625 -72.6594
23 11.8125 -74.0277
22.9375 11.8125 -73.7699
22.8125 11.75 -73.5193
22.6875 11.6875 -73.2794
22.4375 11.5625 -73.0537
22.125 11.5 -72.8458
21.6875 11.375 -72.6594
24.4375 9.25 -74.0277
24.375 9.1875 -73.7699
24.25 9.125 -73.5193
24.125 9.0625 -73.2794
23.9375 8.875 -73.0537
23.6875 8.625 -72.8458
23.375 8.375 -72.6594
26.5625 7.1875 -74.0277
26.5625 7.125 -73.7699
26.5 7.0625 -73.5193
26.4375 6.875 -73.2794
26.25 6.6875 -73.0537
26.125 6.375 -72.8458
25.875 6.0625 -72.6594
29.3125 6 -74.0277
29.3125 5.9375 -73.7699
29.25 5.75 -73.5193
29.125 5.5625 -73.2794
29.125 5.375 -73.0537
29.0625 5.0625 -72.8458
28.9375 4.625 -72.6594
32.25 5.5625 -74.0277
32.25 5.5 -73.7699
32.25 5.4375 -73.5193
32.25 5.1875 -73.2794
32.25 4.9375 -73.0537
32.25 4.625 -72.8458
32.25 4.25 -72.6594
35.125 6.25 -74.289
35.125 6.125 -74.0277
35.125 6.0625 -73.7699
35.25 6 -73.5193
35.3125 5.8125 -73.2794
35.375 5.5625 -73.0537
35.5 5.25 -72.8458
35.625 4.875 -72.6594
37.6875 7.5625 -74.0277
37.8125 7.5 -73.7699
37.875 7.4375 -73.5193
37.9375 7.25 -73.2794
38.125 7.125 -73.0537
38.375 6.875 -72.8458
38.5625 6.5625 -72.6594
39.6875 9.8125 -74.289
39.6875 9.75 -74.0277
39.8125 9.75 -73.7699
39.9375 9.6875 -73.5193
40.125 9.5625 -73.2794
40.25 9.4375 -73.0537
40.5 9.25 -72.8458
40.9375 9.0625 -72.6594
41 12.5 -74.0277
41.0625 12.5 -73.7699
41.25 12.375 -73.5193
41.375 12.375 -73.2794
41.625 12.3125 -73.0537
41.9375 12.25 -72.8458
42.375 12.0625 -72.6594
41.3125 15.4375 -74.0277
41.5 15.4375 -73.7699
41.5625 15.4375 -73.5193
41.8125 15.4375 -73.2794
42 15.4375 -73.0537
42.25 15.4375 -72.8458
42.75 15.4375 -72.6594
40.75 18.3125 -74.0277
40.9375 18.3125 -73.7699
41 18.375 -73.5193
41.125 18.5 -73.2794
41.375 18.5625 -73.0537
41.6875 18.625 -72.8458
42.125 18.8125 -72.6594
39.3125 20.875 -74.0277
39.375 20.9375 -73.7699
39.5625 21.0625 -73.5193
39.625 21.125 -73.2794
39.875 21.25 -73.0537
40.125 21.5 -72.8458
40.4375 21.75 -72.6594
37.125 22.875 -74.0277
37.25 23.0625 -73.7699
37.3125 23.125 -73.5193
37.375 23.25 -73.2794
37.5625 23.4375 -73.0537
37.6875 23.6875 -72.8458
37.9375 24.0625 -72.6594
34.5 24.125 -74.0277
34.5 24.25 -73.7699
34.5625 24.375 -73.5193
34.5625 24.5625 -73.2794
34.6875 24.8125 -73.0537
34.75 25.125 -72.8458
34.9375 25.5 -72.6594
31.5625 24.5 -74.289
31.5625 24.5625 -74.0277
31.5625 24.625 -73.7699
31.5625 24.6875 -73.5193
31.5625 24.9375 -73.2794
31.5625 25.1875 -73.0537
31.5625 25.5 -72.8458
31.5 25.9375 -72.6594
28.6875 23.9375 -74.0277
28.5625 24.0625 -73.7699
28.5625 24.125 -73.5193
28.5 24.3125 -73.2794
28.4375 24.5625 -73.0537
28.375 24.875 -72.8458
28.1875 25.25 -72.6594
26.125 22.5625 -74.0277
26 22.5625 -73.7699
25.9375 22.6875 -73.5193
25.8125 22.875 -73.2794
25.6875 23.0625 -73.0537
25.5 23.25 -72.8458
25.25 23.5625 -72.6594
24 20.3125 -74.0277
23.9375 20.375 -73.7699
23.875 20.5 -73.5193
23.6875 20.5625 -73.2794
23.5625 20.6875 -73.0537
23.25 20.875 -72.8458
22.9375 21.125 -72.6594
-19.0625 2.375 -74.8084
-19.875 2.625 -74.8084
-20.1875 1.5 -74.8084
-24.6875 -1.75 -74.8084
-25.5 -1.5 -74.8084
-26 -3.3125 -74.8084
-21.4375 -2.625 -74.8084
-27 -6.8125 -74.8084
-30.125 -5.9375 -74.8084
-35.1875 -23.4375 -74.8084
-0.0625 -32.9375 -74.8084
10.75 4.6875 -74.8084
-9.0625 10.375 -74.8084
-10.375 5.8125 -74.8084
-13.4375 6.6875 -74.8084
-14.1875 6.9375 -74.8084
-14.625 5.5625 -74.8084
-15.8125 1.4375 -74.8084
-30.125 -5.9375 -79.973
-35.1875 -23.4375 -79.973
-0.0625 -32.9375 -79.973
-9.0625 10.375 -79.973
-10.375 5.8125 -79.973
-14.1875 6.9375 -79.973
-15.8125 1.4375 -79.973
-19.875 2.625 -79.973
-21.4375 -2.625 -79.973
-25.5 -1.5 -79.973
-27 -6.8125 -79.973
-24.875 -2.625 54.665
-29.875 -20.0625 54.665
-2.9375 -27.75 54.665
5.125 0.5 54.665
-13.75 5.8125 54.665
-15.25 0.5 54.665
-20.875 -3.75 54.665
-15.25 0.5 46.44
-19.25 1.5625 46.44
-20.875 -3.75 46.44
-24.875 -2.625 46.44
-29.875 -20.0625 46.44
-2.9375 -27.75 46.44
5.125 0.5 46.44
-13.75 5.8125 46.44
22.375 32.375 -78.2231
45.0625 25.9375 -78.3615
22.375 32.375 -78.1525
22.375 32.375 -78.1566
22.375 32.375 -78.1633
22.375 32.375 -78.1722
22.375 32.375 -78.1831
22.375 32.375 -78.1955
22.375 32.3125 -78.209
22.375 32.3125 -78.2231
22.375 32.3125 -78.2371
22.375 32.375 -78.2506
22.375 32.375 -78.263
22.375 32.375 -78.2739
22.375 32.375 -78.2829
47.3125 20.3125 -78.2936
22.375 32.375 -78.2936
22.375 32.5 -78.2895
22.375 32.5 -78.2829
22.375 32.5 -78.2739
22.375 32.5 -78.263
22.375 32.5 -78.2506
22.375 32.5 -78.2371
22.375 32.5 -78.2231
22.375 32.5 -78.209
22.375 32.5 -78.1955
22.375 32.5 -78.1831
22.375 32.5 -78.1722
22.375 32.5 -78.1633
22.375 32.5 -78.1566
22.375 32.375 -78.0847
22.375 32.375 -78.082
22.375 32.375 -78.0927
22.375 32.3125 -78.1058
22.375 32.3125 -78.1233
22.375 32.3125 -78.1447
22.375 32.3125 -78.1691
22.375 32.3125 -78.1955
22.25 32.3125 -78.2231
22.375 32.3125 -78.2506
22.375 32.3125 -78.2771
22.375 32.3125 -78.3015
22.375 32.3125 -78.3228
22.375 32.3125 -78.3404
22.375 32.375 -78.3534
22.375 32.375 -78.3615
22.375 32.375 -78.3642
22.375 32.5 -78.3615
22.375 32.5 -78.3534
22.375 32.5 -78.3404
22.375 32.5625 -78.3228
22.375 32.5625 -78.3015
22.375 32.5625 -78.2771
22.375 32.5625 -78.2506
22.375 32.5625 -78.2231
22.375 32.5625 -78.1955
22.375 32.5625 -78.1691
22.375 32.5625 -78.1447
22.375 32.5625 -78.1233
22.375 32.5 -78.1058
45.125 25.9375 -78.295
22.375 32.5 -78.0847
22.25 32.375 -78.0222
22.375 32.375 -78.0182
22.25 32.375 -78.0338
22.25 32.3125 -78.0527
22.25 32.3125 -78.0782
22.25 32.25 -78.1093
22.25 32.25 -78.1447
22.25 32.25 -78.1831
22.25 32.25 -78.2231
22.25 32.25 -78.263
22.25 32.25 -78.3015
22.25 32.25 -78.3369
22.25 32.3125 -78.3679
22.25 32.3125 -78.3934
22.25 32.375 -78.4123
22.25 32.375 -78.424
22.375 32.375 -78.4279
22.375 32.5 -78.424
22.375 32.5 -78.4123
22.375 32.5625 -78.3934
22.375 32.5625 -78.3679
22.375 32.625 -78.3369
22.375 32.625 -78.3015
22.375 32.625 -78.263
22.375 32.625 -78.2231
22.375 32.625 -78.1831
22.375 32.625 -78.1447
22.375 32.625 -78.1093
22.375 32.5625 -78.0782
22.375 32.5625 -78.0527
22.375 32.5 -78.0338
22.375 32.5 -78.0222
22.25 32.375 -77.9674
22.25 32.5 -77.9624
22.25 32.3125 -77.9822
22.25 32.3125 -78.0063
22.1875 32.25 -78.0387
22.1875 32.25 -78.0782
22.1875 32.25 -78.1233
22.1875 32.25 -78.1722
22.1875 32.25 -78.2231
22.1875 32.25 -78.2739
22.1875 32.25 -78.3228
22.1875 32.25 -78.3679
22.1875 32.25 -78.4074
22.25 32.3125 -78.4399
22.25 32.3125 -78.4639
22.25 32.375 -78.4788
22.25 32.5 -78.4838
22.25 32.5 -78.4788
22.25 32.5625 -78.4639
22.375 32.5625 -78.4399
22.375 32.625 -78.4074
22.375 32.625 -78.3679
22.375 32.6875 -78.3228
22.375 32.6875 -78.2739
22.375 32.6875 -78.2231
22.375 32.6875 -78.1722
22.375 32.6875 -78.1233
22.375 32.625 -78.0782
22.375 32.625 -78.0387
22.375 32.5625 -78.0063
22.25 32.5625 -77.9822
22.25 32.5 -77.9674
22.1875 32.375 -77.9224
22.1875 32.5 -77.9165
22.1875 32.3125 -77.9398
22.1875 32.3125 -77.9682
22.1875 32.25 -78.0063
22.125 32.25 -78.0527
22.125 32.125 -78.1058
22.125 32.125 -78.1633
22.125 32.125 -78.2231
22.125 32.125 -78.2829
22.125 32.125 -78.3404
22.125 32.25 -78.3934
22.1875 32.25 -78.4399
22.1875 32.3125 -78.478
22.1875 32.3125 -78.5063
22.1875 32.375 -78.5238
22.1875 32.5 -78.5296
22.25 32.5625 -78.5238
22.25 32.5625 -78.5063
22.25 32.625 -78.478
22.25 32.625 -78.4399
22.25 32.6875 -78.3934
22.25 32.6875 -78.3404
22.25 32.6875 -78.2829
22.25 32.8125 -78.2231
22.25 32.6875 -78.1633
22.25 32.6875 -78.1058
22.25 32.6875 -78.0527
22.25 32.625 -78.0063
22.25 32.625 -77.9682
22.25 32.5625 -77.9398
22.25 32.5625 -77.9224
22.125 32.375 -77.889
22.1875 32.5 -77.8824
22.125 32.3125 -77.9084
22.125 32.3125 -77.9398
22.125 32.25 -77.9822
22.125 32.25 -78.0338
22.125 32.125 -78.0927
22 32.125 -78.1566
22 32.125 -78.2231
22 32.125 -78.2895
22.125 32.125 -78.3534
22.125 32.25 -78.4123
22.125 32.25 -78.4639
22.125 32.3125 -78.5063
22.125 32.3125 -78.5378
22.125 32.375 -78.5572
22.1875 32.5 -78.5637
22.1875 32.5625 -78.5572
22.1875 32.625 -78.5378
22.1875 32.625 -78.5063
22.1875 32.6875 -78.4639
22.25 32.6875 -78.4123
22.25 32.8125 -78.3534
22.25 32.8125 -78.2895
22.25 32.8125 -78.1566
22.25 32.8125 -78.0927
22.25 32.6875 -78.0338
22.1875 32.6875 -77.9822
22.1875 32.625 -77.9398
22.1875 32.625 -77.9084
22.1875 32.5625 -77.889
22.125 32.375 -77.8684
22.125 32.5 -77.8614
22 32.375 -77.889
22 32.3125 -77.9224
22 32.25 -77.9674
22 32.25 -78.0222
22 32.125 -78.0847
22 32.125 -78.1525
22 32.125 -78.2936
22 32.125 -78.3615
22 32.25 -78.424
22 32.25 -78.4788
22 32.3125 -78.5238
22 32.375 -78.5572
22.125 32.375 -78.5778
22.125 32.5 -78.5847
22.125 32.5625 -78.5778
22.125 32.625 -78.5572
22.125 32.6875 -78.5238
22.1875 32.6875 -78.4788
22.1875 32.8125 -78.424
22.1875 32.8125 -78.3615
22.1875 32.875 -78.2936
22.1875 32.875 -78.2231
22.1875 32.875 -78.1525
22.1875 32.8125 -78.0847
22.1875 32.8125 -78.0222
22.1875 32.6875 -77.9674
22.125 32.6875 -77.9224
22.125 32.625 -77.889
22.125 32.5625 -77.8684
22 32.5 -77.8614
22 32.5625 -77.8544
21.9375 32.375 -77.8824
21.9375 32.3125 -77.9165
21.9375 32.25 -77.9624
21.9375 32.25 -78.0182
21.9375 32.125 -78.082
21.9375 32.125 -78.1511
21.9375 32.125 -78.2231
21.9375 32.125 -78.295
21.9375 32.125 -78.3642
21.9375 32.25 -78.4279
21.9375 32.25 -78.4838
21.9375 32.3125 -78.5296
21.9375 32.375 -78.5637
22 32.5 -78.5847
22 32.5625 -78.5918
22 32.5625 -78.5847
22 32.625 -78.5637
22.125 32.6875 -78.5296
22.125 32.8125 -78.4838
22.125 32.8125 -78.4279
22.125 32.875 -78.3642
22.125 32.875 -78.295
22.125 32.875 -78.2231
22.125 32.875 -78.1511
22.125 32.875 -78.082
22.125 32.8125 -78.0182
22.125 32.8125 -77.9624
22.125 32.6875 -77.9165
22 32.625 -77.8824
22 32.5625 -77.8614
21.9375 32.5 -77.8684
21.9375 32.5625 -77.8614
21.9375 32.375 -77.889
21.875 32.3125 -77.9224
21.875 32.3125 -77.9674
21.875 32.25 -78.0222
21.875 32.25 -78.0847
21.875 32.25 -78.1525
21.875 32.125 -78.2231
21.875 32.25 -78.2936
21.875 32.25 -78.3615
21.875 32.25 -78.424
21.875 32.3125 -78.4788
21.875 32.3125 -78.5238
21.9375 32.375 -78.5572
21.9375 32.5 -78.5778
21.9375 32.5625 -78.5847
21.9375 32.625 -78.5778
21.9375 32.625 -78.5572
22 32.6875 -78.5238
22 32.8125 -78.4788
22 32.8125 -78.424
22 32.875 -78.3615
22 32.875 -78.2936
22 32.875 -78.2231
22 32.875 -78.1525
22 32.875 -78.0847
22 32.8125 -78.0222
22 32.8125 -77.9674
22 32.6875 -77.9224
21.9375 32.625 -77.889
21.9375 32.625 -77.8684
21.875 32.5 -77.889
21.875 32.5625 -77.8824
21.875 32.375 -77.9084
21.875 32.375 -77.9398
21.8125 32.3125 -77.9822
21.8125 32.3125 -78.0338
21.8125 32.25 -78.0927
21.8125 32.25 -78.1566
21.8125 32.25 -78.2231
21.8125 32.25 -78.2895
21.8125 32.25 -78.3534
21.8125 32.3125 -78.4123
21.8125 32.3125 -78.4639
21.875 32.375 -78.5063
21.875 32.375 -78.5378
21.875 32.5 -78.5572
21.875 32.5625 -78.5637
21.875 32.625 -78.5572
21.9375 32.6875 -78.5378
21.9375 32.6875 -78.5063
21.9375 32.8125 -78.4639
21.9375 32.8125 -78.4123
21.9375 32.875 -78.3534
21.9375 32.875 -78.2895
21.9375 32.875 -78.2231
21.9375 32.875 -78.1566
21.9375 32.875 -78.0927
21.9375 32.8125 -78.0338
21.9375 32.8125 -77.9822
21.9375 32.6875 -77.9398
21.9375 32.6875 -77.9084
21.875 32.625 -77.889
21.8125 32.5625 -77.9224
21.8125 32.5625 -77.9165
21.8125 32.5 -77.9398
21.8125 32.375 -77.9682
21.8125 32.375 -78.0063
21.8125 32.3125 -78.0527
21.6875 32.3125 -78.1058
21.6875 32.3125 -78.1633
21.6875 32.3125 -78.2231
21.6875 32.3125 -78.2829
21.6875 32.3125 -78.3404
21.8125 32.3125 -78.3934
21.8125 32.375 -78.4399
21.8125 32.375 -78.478
21.8125 32.5 -78.5063
21.8125 32.5625 -78.5238
21.8125 32.5625 -78.5296
21.875 32.625 -78.5238
21.875 32.6875 -78.5063
21.875 32.6875 -78.478
21.875 32.8125 -78.4399
21.875 32.8125 -78.3934
21.875 32.875 -78.3404
21.875 32.875 -78.2829
21.875 32.875 -78.2231
21.875 32.875 -78.1633
21.875 32.875 -78.1058
21.875 32.8125 -78.0527
21.875 32.8125 -78.0063
21.875 32.6875 -77.9682
21.875 32.6875 -77.9398
21.875 32.625 -77.9224
21.8125 32.5625 -77.9674
21.8125 32.5625 -77.9624
21.6875 32.5 -77.9822
21.6875 32.5 -78.0063
21.6875 32.375 -78.0387
21.6875 32.375 -78.0782
21.6875 32.375 -78.1233
21.6875 32.3125 -78.1722
21.6875 32.3125 -78.2739
21.6875 32.375 -78.3228
21.6875 32.375 -78.3679
21.6875 32.375 -78.4074
21.6875 32.5 -78.4399
21.6875 32.5 -78.4639
21.8125 32.5625 -78.4788
21.8125 32.5625 -78.4838
21.8125 32.625 -78.4788
21.8125 32.6875 -78.4639
21.8125 32.6875 -78.4399
21.8125 32.8125 -78.4074
21.8125 32.8125 -78.3679
21.875 32.8125 -78.3228
21.875 32.875 -78.2739
21.875 32.875 -78.1722
21.875 32.8125 -78.1233
21.8125 32.8125 -78.0782
21.8125 32.8125 -78.0387
21.8125 32.6875 -78.0063
21.8125 32.6875 -77.9822
21.8125 32.625 -77.9674
21.6875 32.5625 -78.0222
21.6875 32.625 -78.0182
21.6875 32.5625 -78.0338
21.6875 32.5 -78.0527
21.6875 32.5 -78.0782
21.6875 32.5 -78.1093
21.6875 32.375 -78.1447
21.6875 32.375 -78.1831
21.625 32.375 -78.2231
21.6875 32.375 -78.263
21.6875 32.375 -78.3015
21.6875 32.5 -78.3369
21.6875 32.5 -78.3679
21.6875 32.5 -78.3934
21.6875 32.5625 -78.4123
21.6875 32.5625 -78.424
21.6875 32.625 -78.4279
21.6875 32.625 -78.424
21.6875 32.6875 -78.4123
21.8125 32.6875 -78.3934
21.8125 32.6875 -78.3679
21.8125 32.8125 -78.3369
21.8125 32.8125 -78.3015
21.8125 32.8125 -78.263
21.8125 32.8125 -78.2231
21.8125 32.8125 -78.1831
21.8125 32.8125 -78.1447
21.8125 32.8125 -78.1093
21.8125 32.6875 -78.0782
21.8125 32.6875 -78.0527
21.6875 32.6875 -78.0338
21.6875 32.625 -78.0222
21.6875 32.5625 -78.0847
21.6875 32.625 -78.082
21.6875 32.5625 -78.0927
21.6875 32.5625 -78.1058
21.625 32.5625 -78.1233
21.625 32.5 -78.1447
21.625 32.5 -78.1691
21.625 32.5 -78.1955
21.625 32.5 -78.2231
21.625 32.5 -78.2506
21.625 32.5 -78.2771
21.625 32.5 -78.3015
21.625 32.5625 -78.3228
21.6875 32.5625 -78.3404
21.6875 32.5625 -78.3534
21.6875 32.5625 -78.3615
21.6875 32.625 -78.3642
49.25 24.625 -78.2506
21.6875 32.625 -78.3534
21.6875 32.6875 -78.3404
21.6875 32.6875 -78.3228
21.6875 32.6875 -78.3015
21.6875 32.6875 -78.2771
21.6875 32.6875 -78.2506
21.6875 32.6875 -78.2231
21.6875 32.6875 -78.1955
21.6875 32.6875 -78.1691
21.6875 32.6875 -78.1447
21.6875 32.6875 -78.1233
21.6875 32.6875 -78.1058
21.6875 32.625 -78.0927
21.6875 32.625 -78.0847
21.625 32.625 -78.1525
21.6875 32.625 -78.1511
21.625 32.5625 -78.1566
21.625 32.5625 -78.1633
21.625 32.5625 -78.1722
21.625 32.5625 -78.1831
21.625 32.5625 -78.1955
21.625 32.5625 -78.209
21.625 32.5625 -78.2231
21.625 32.5625 -78.2371
21.625 32.5625 -78.2506
21.625 32.5625 -78.263
21.625 32.5625 -78.2739
21.625 32.5625 -78.2829
21.625 32.5625 -78.2895
21.625 32.625 -78.2936
21.6875 32.625 -78.295
21.6875 32.625 -78.2936
21.6875 32.625 -78.2895
21.6875 32.625 -78.2829
21.6875 32.625 -78.2739
21.6875 32.6875 -78.263
49.3125 24.6875 -78.295
21.6875 32.6875 -78.209
21.6875 32.6875 -78.1831
21.6875 32.625 -78.1722
21.6875 32.625 -78.1633
21.6875 32.625 -78.1566
21.6875 32.625 -78.1525
21.625 32.625 -78.2231
21.0625 27.8125 -78.2231
49.3125 24.6875 -78.1511
47.3125 20.25 -78.1955
21.0625 27.8125 -78.1566
21.0625 27.8125 -78.1633
21.0625 27.8125 -78.1722
21.0625 27.75 -78.1831
21.0625 27.75 -78.1955
21.0625 27.75 -78.209
21.0625 27.75 -78.2231
21.0625 27.75 -78.2371
21.0625 27.75 -78.2506
21.0625 27.75 -78.263
21.0625 27.8125 -78.2739
21.0625 27.8125 -78.2829
21.0625 27.8125 -78.2895
47.875 20 -78.4399
47.9375 20 -78.3015
21.0625 27.9375 -78.2829
21.0625 27.9375 -78.2739
21.0625 27.9375 -78.263
21.0625 27.9375 -78.2506
21.0625 27.9375 -78.2371
21.0625 27.9375 -78.2231
21.0625 27.9375 -78.209
21.0625 27.9375 -78.1955
21.0625 27.9375 -78.1831
21.0625 27.9375 -78.1722
21.0625 27.9375 -78.1633
21.0625 27.8125 -78.0847
21.0625 27.8125 -78.082
21 27.8125 -78.0927
21 27.75 -78.1058
21 27.75 -78.1233
21 27.75 -78.1447
21 27.75 -78.1691
21 27.75 -78.1955
21 27.75 -78.2231
21 27.75 -78.2506
21 27.75 -78.2771
21 27.75 -78.3015
21 27.75 -78.3228
21 27.75 -78.3404
21 27.8125 -78.3534
21.0625 27.8125 -78.3615
21.0625 27.8125 -78.3642
21.0625 27.9375 -78.3615
21.0625 27.9375 -78.3534
21.0625 27.9375 -78.3404
21.0625 27.9375 -78.3228
21.0625 28 -78.3015
21.0625 28 -78.2771
21.0625 28 -78.2506
21.0625 28 -78.2231
21.0625 28 -78.1955
21.0625 28 -78.1691
21.0625 28 -78.1447
21.0625 27.9375 -78.1233
21.0625 27.9375 -78.1058
21.0625 27.9375 -78.0927
21.0625 27.9375 -78.0847
21 27.8125 -78.0222
21 27.8125 -78.0182
21 27.75 -78.0338
21 27.75 -78.0527
21 27.75 -78.0782
21 27.6875 -78.1093
21 27.6875 -78.1447
21 27.6875 -78.1831
21 27.6875 -78.2231
21 27.6875 -78.263
21 27.6875 -78.3015
21 27.6875 -78.3369
21 27.75 -78.3679
21 27.75 -78.3934
21 27.75 -78.4123
21 27.8125 -78.424
21 27.8125 -78.4279
21 27.9375 -78.424
21.0625 27.9375 -78.4123
21.0625 28 -78.3934
21.0625 28 -78.3679
21.0625 28 -78.3369
21.0625 28.0625 -78.3015
21.0625 28.0625 -78.263
21.0625 28.0625 -78.2231
21.0625 28.0625 -78.1831
21.0625 28.0625 -78.1447
21.0625 28 -78.1093
21.0625 28 -78.0782
21.0625 28 -78.0527
21.0625 27.9375 -78.0338
21 27.9375 -78.0222
21 27.8125 -77.9674
21 27.8125 -77.9624
20.9375 27.75 -77.9822
20.9375 27.75 -78.0063
20.9375 27.6875 -78.0387
20.9375 27.6875 -78.0782
20.9375 27.6875 -78.1233
20.9375 27.5625 -78.1722
20.9375 27.5625 -78.2231
20.9375 27.5625 -78.2739
20.9375 27.6875 -78.3228
20.9375 27.6875 -78.3679
20.9375 27.6875 -78.4074
20.9375 27.75 -78.4399
20.9375 27.75 -78.4639
21 27.8125 -78.4788
21 27.8125 -78.4838
21 27.9375 -78.4788
21 28 -78.4639
21 28 -78.4399
21 28.0625 -78.4074
21 28.0625 -78.3679
21.0625 28.0625 -78.3228
21.0625 28.125 -78.2739
21.0625 28.125 -78.2231
21.0625 28.125 -78.1722
21.0625 28.0625 -78.1233
21 28.0625 -78.0782
21 28.0625 -78.0387
21 28 -78.0063
21 28 -77.9822
21 27.9375 -77.9674
20.9375 27.8125 -77.9224
20.9375 27.9375 -77.9165
20.9375 27.75 -77.9398
20.8125 27.75 -77.9682
20.8125 27.6875 -78.0063
20.8125 27.6875 -78.0527
20.8125 27.5625 -78.1058
20.8125 27.5625 -78.1633
20.8125 27.5625 -78.2231
20.8125 27.5625 -78.2829
20.8125 27.5625 -78.3404
20.8125 27.6875 -78.3934
20.8125 27.6875 -78.4399
20.8125 27.75 -78.478
20.9375 27.75 -78.5063
20.9375 27.8125 -78.5238
20.9375 27.9375 -78.5296
20.9375 27.9375 -78.5238
20.9375 28 -78.5063
21 28.0625 -78.478
21 28.0625 -78.4399
21 28.125 -78.3934
21 28.125 -78.3404
21 28.125 -78.2829
21 28.125 -78.2231
21 28.125 -78.1633
21 28.125 -78.1058
21 28.125 -78.0527
21 28.0625 -78.0063
21 28.0625 -77.9682
20.9375 28 -77.9398
20.9375 27.9375 -77.9224
20.8125 27.8125 -77.889
20.8125 27.9375 -77.8824
20.8125 27.75 -77.9084
20.8125 27.75 -77.9398
20.75 27.6875 -77.9822
20.75 27.5625 -78.0338
20.75 27.5625 -78.0927
20.75 27.5625 -78.1566
20.75 27.5625 -78.2231
20.75 27.5625 -78.2895
20.75 27.5625 -78.3534
20.75 27.5625 -78.4123
20.75 27.6875 -78.4639
20.8125 27.75 -78.5063
20.8125 27.75 -78.5378
20.8125 27.8125 -78.5572
20.8125 27.9375 -78.5637
20.8125 28 -78.5572
20.9375 28 -78.5378
20.9375 28.0625 -78.5063
20.9375 28.125 -78.4639
20.9375 28.125 -78.4123
20.9375 28.25 -78.3534
20.9375 28.25 -78.2895
20.9375 28.25 -78.2231
20.9375 28.25 -78.1566
20.9375 28.25 -78.0927
20.9375 28.125 -78.0338
20.9375 28.125 -77.9822
20.9375 28.0625 -77.9398
20.9375 28 -77.9084
20.8125 28 -77.889
20.75 27.8125 -77.8684
20.75 27.9375 -77.8614
20.75 27.75 -77.889
20.75 27.75 -77.9224
20.75 27.6875 -77.9674
20.6875 27.6875 -78.0222
20.6875 27.5625 -78.0847
20.6875 27.5625 -78.1525
20.6875 27.5625 -78.2231
20.6875 27.5625 -78.2936
20.6875 27.5625 -78.3615
20.6875 27.6875 -78.424
20.75 27.6875 -78.4788
20.75 27.75 -78.5238
20.75 27.75 -78.5572
20.75 27.8125 -78.5778
20.75 27.9375 -78.5847
20.8125 28 -78.5778
20.8125 28.0625 -78.5572
20.8125 28.125 -78.5238
20.8125 28.125 -78.4788
20.8125 28.25 -78.424
20.9375 28.25 -78.3615
20.9375 28.25 -78.2936
20.9375 28.25 -78.1525
20.9375 28.25 -78.0847
20.8125 28.25 -78.0222
20.8125 28.125 -77.9674
20.8125 28.125 -77.9224
20.8125 28.0625 -77.889
20.8125 28 -77.8684
20.6875 27.9375 -77.8614
20.75 27.9375 -77.8544
20.6875 27.8125 -77.8824
20.6875 27.75 -77.9165
20.6875 27.6875 -77.9624
20.6875 27.6875 -78.0182
20.5625 27.5625 -78.082
20.5625 27.5625 -78.1511
20.5625 27.5625 -78.2231
20.5625 27.5625 -78.295
20.5625 27.5625 -78.3642
20.6875 27.6875 -78.4279
20.6875 27.6875 -78.4838
20.6875 27.75 -78.5296
20.6875 27.8125 -78.5637
20.6875 27.9375 -78.5847
20.75 27.9375 -78.5918
20.75 28 -78.5847
20.75 28.0625 -78.5637
20.75 28.125 -78.5296
20.75 28.25 -78.4838
20.8125 28.25 -78.4279
20.8125 28.25 -78.3642
20.8125 28.3125 -78.295
20.8125 28.3125 -78.2231
20.8125 28.3125 -78.1511
20.8125 28.25 -78.082
20.8125 28.25 -78.0182
20.75 28.25 -77.9624
20.75 28.125 -77.9165
20.75 28.0625 -77.8824
20.75 28 -77.8614
20.5625 27.9375 -77.8684
20.6875 28 -77.8614
20.5625 27.8125 -77.889
20.5625 27.75 -77.9224
20.5625 27.75 -77.9674
20.5625 27.6875 -78.0222
20.5625 27.6875 -78.0847
20.5 27.5625 -78.1525
20.5 27.5625 -78.2231
20.5 27.5625 -78.2936
20.5625 27.6875 -78.3615
20.5625 27.6875 -78.424
20.5625 27.75 -78.4788
20.5625 27.75 -78.5238
20.5625 27.8125 -78.5572
20.5625 27.9375 -78.5778
20.6875 28 -78.5847
20.6875 28 -78.5778
20.6875 28.0625 -78.5572
20.6875 28.125 -78.5238
20.75 28.25 -78.4788
20.75 28.25 -78.424
20.75 28.3125 -78.3615
20.75 28.3125 -78.2936
20.75 28.3125 -78.2231
20.75 28.3125 -78.1525
20.75 28.3125 -78.0847
20.75 28.25 -78.0222
20.75 28.25 -77.9674
20.6875 28.125 -77.9224
20.6875 28.0625 -77.889
20.6875 28 -77.8684
20.5625 27.9375 -77.889
20.5625 28 -77.8824
20.5 27.8125 -77.9084
20.5 27.8125 -77.9398
20.5 27.75 -77.9822
20.5 27.6875 -78.0338
20.5 27.6875 -78.0927
20.5 27.6875 -78.1566
20.5 27.6875 -78.2231
20.5 27.6875 -78.2895
20.5 27.6875 -78.3534
20.5 27.6875 -78.4123
20.5 27.75 -78.4639
20.5 27.8125 -78.5063
20.5 27.8125 -78.5378
20.5625 27.9375 -78.5572
20.5625 28 -78.5637
20.5625 28.0625 -78.5572
20.5625 28.0625 -78.5378
20.6875 28.125 -78.5063
20.6875 28.25 -78.4639
20.6875 28.25 -78.4123
20.6875 28.3125 -78.3534
20.6875 28.3125 -78.2895
20.6875 28.3125 -78.2231
20.6875 28.3125 -78.1566
20.6875 28.3125 -78.0927
20.6875 28.25 -78.0338
20.6875 28.25 -77.9822
20.6875 28.125 -77.9398
20.5625 28.0625 -77.9084
20.5625 28.0625 -77.889
20.5 27.9375 -77.9224
20.5 28 -77.9165
20.5 27.9375 -77.9398
20.5 27.8125 -77.9682
20.4375 27.75 -78.0063
20.4375 27.75 -78.0527
20.4375 27.75 -78.1058
20.4375 27.6875 -78.1633
20.4375 27.6875 -78.2231
20.4375 27.6875 -78.2829
20.4375 27.75 -78.3404
20.4375 27.75 -78.3934
20.4375 27.75 -78.4399
20.5 27.8125 -78.478
20.5 27.9375 -78.5063
20.5 27.9375 -78.5238
20.5 28 -78.5296
20.5 28.0625 -78.5238
20.5 28.125 -78.5063
20.5625 28.125 -78.478
20.5625 28.25 -78.4399
20.5625 28.25 -78.3934
20.5625 28.25 -78.3404
20.5625 28.3125 -78.2829
20.5625 28.3125 -78.2231
20.5625 28.3125 -78.1633
20.5625 28.25 -78.1058
20.5625 28.25 -78.0527
20.5625 28.25 -78.0063
20.5625 28.125 -77.9682
20.5 28.125 -77.9398
20.5 28.0625 -77.9224
20.4375 28 -77.9674
20.4375 28 -77.9624
20.4375 27.9375 -77.9822
20.4375 27.9375 -78.0063
20.4375 27.8125 -78.0387
20.4375 27.8125 -78.0782
20.4375 27.75 -78.1233
20.4375 27.75 -78.1722
20.4375 27.75 -78.2231
20.4375 27.75 -78.2739
20.4375 27.75 -78.3228
20.4375 27.8125 -78.3679
20.4375 27.8125 -78.4074
20.4375 27.9375 -78.4399
20.4375 27.9375 -78.4639
20.4375 28 -78.4788
20.4375 28 -78.4838
20.5 28.0625 -78.4788
20.5 28.0625 -78.4639
20.5 28.125 -78.4399
20.5 28.125 -78.4074
20.5 28.25 -78.3679
20.5 28.25 -78.3228
20.5 28.25 -78.2739
20.5 28.25 -78.2231
20.5 28.25 -78.1722
20.5 28.25 -78.1233
20.5 28.25 -78.0782
20.5 28.125 -78.0387
20.5 28.125 -78.0063
20.5 28.0625 -77.9822
20.5 28.0625 -77.9674
20.4375 28 -78.0222
20.4375 28 -78.0182
20.4375 27.9375 -78.0338
20.375 27.9375 -78.0527
20.375 27.9375 -78.0782
20.375 27.8125 -78.1093
20.375 27.8125 -78.1447
20.375 27.8125 -78.1831
20.375 27.8125 -78.2231
20.375 27.8125 -78.263
20.375 27.8125 -78.3015
20.375 27.8125 -78.3369
20.375 27.9375 -78.3679
20.375 27.9375 -78.3934
20.4375 27.9375 -78.4123
20.4375 28 -78.424
20.4375 28 -78.4279
20.4375 28.0625 -78.424
20.4375 28.0625 -78.4123
20.4375 28.125 -78.3934
20.4375 28.125 -78.3679
20.4375 28.125 -78.3369
20.5 28.25 -78.3015
20.5 28.25 -78.263
20.5 28.25 -78.1831
20.5 28.25 -78.1447
20.4375 28.125 -78.1093
20.4375 28.125 -78.0782
20.4375 28.125 -78.0527
20.4375 28.0625 -78.0338
20.4375 28.0625 -78.0222
20.375 28 -78.0847
20.375 28.0625 -78.082
20.375 28 -78.0927
20.375 28 -78.1058
20.375 27.9375 -78.1233
20.375 27.9375 -78.1447
20.375 27.9375 -78.1691
20.375 27.9375 -78.1955
20.375 27.9375 -78.2231
20.375 27.9375 -78.2506
20.375 27.9375 -78.2771
20.375 27.9375 -78.3015
20.375 27.9375 -78.3228
20.375 28 -78.3404
20.375 28 -78.3534
20.375 28 -78.3615
20.375 28.0625 -78.3642
20.4375 28.0625 -78.3615
20.4375 28.0625 -78.3534
20.4375 28.0625 -78.3404
20.4375 28.125 -78.3228
20.4375 28.125 -78.3015
20.4375 28.125 -78.2771
20.4375 28.125 -78.2506
20.4375 28.125 -78.2231
20.4375 28.125 -78.1955
20.4375 28.125 -78.1691
20.4375 28.125 -78.1447
20.4375 28.125 -78.1233
20.4375 28.0625 -78.1058
20.4375 28.0625 -78.0927
20.4375 28.0625 -78.0847
20.375 28 -78.1525
20.375 28.0625 -78.1511
20.375 28 -78.1566
20.375 28 -78.1633
20.375 28 -78.1722
20.375 28 -78.1831
20.375 28 -78.1955
20.375 28 -78.209
20.375 28 -78.2231
20.375 28 -78.2371
20.375 28 -78.2506
20.375 28 -78.263
20.375 28 -78.2739
20.375 28 -78.2829
20.375 28 -78.2895
20.375 28 -78.2936
20.375 28.0625 -78.295
20.375 28.0625 -78.2936
20.375 28.0625 -78.2895
20.375 28.0625 -78.2829
20.375 28.0625 -78.2739
20.375 28.0625 -78.263
20.375 28.0625 -78.2506
20.375 28.0625 -78.2371
20.375 28.0625 -78.2231
20.375 28.0625 -78.209
20.375 28.0625 -78.1955
20.375 28.0625 -78.1831
20.375 28.0625 -78.1722
20.375 28.0625 -78.1633
20.375 28.0625 -78.1566
20.375 28.0625 -78.1525
48 20.125 -78.1525
48 20.0625 -78.1566
48 20.0625 -78.1633
48 20.0625 -78.1722
48 20.0625 -78.1831
48 20.0625 -78.1955
48 20.0625 -78.209
48 20.0625 -78.2231
48 20.0625 -78.2371
48 20.0625 -78.2506
48 20.0625 -78.263
48 20.0625 -78.2739
48 20.0625 -78.2829
48 20.0625 -78.2895
48 20.125 -78.2895
48 20.125 -78.2829
48 20.125 -78.2739
48 20.25 -78.263
48 20.25 -78.2506
48 20.25 -78.2371
48 20.25 -78.2231
48 20.25 -78.209
48 20.25 -78.1955
48 20.25 -78.1831
48 20.125 -78.1722
48 20.125 -78.1633
48 20.125 -78.1566
48 20.125 -78.0847
21.0625 27.8125 -78.295
48 20.0625 -78.0927
48 20.0625 -78.1058
48 20.0625 -78.1233
47.9375 20 -78.1447
47.9375 20 -78.1691
47.9375 20 -78.1955
47.9375 20 -78.2231
47.9375 20 -78.2506
47.9375 20 -78.2771
48 20.0625 -78.3228
48 20.0625 -78.3404
48 20.0625 -78.3534
48 20.125 -78.3642
48 20.25 -78.3534
48 20.25 -78.3404
48 20.25 -78.3228
48 20.25 -78.3015
48 20.25 -78.2771
48 20.3125 -78.2506
48 20.3125 -78.2231
48 20.3125 -78.1955
48 20.25 -78.1691
48 20.25 -78.1447
48 20.25 -78.1233
48 20.25 -78.1058
48 20.25 -78.0927
47.9375 20.125 -78.0222
47.9375 20.125 -78.0182
47.9375 20.0625 -78.0338
47.9375 20.0625 -78.0527
47.9375 20 -78.0782
47.9375 20 -78.1093
47.9375 20 -78.1831
47.9375 20 -78.263
22.375 32.375 -78.295
47.9375 20 -78.3679
47.9375 20.0625 -78.3934
47.9375 20.0625 -78.4123
47.9375 20.125 -78.424
47.9375 20.125 -78.4279
48 20.125 -78.424
48 20.25 -78.4123
48 20.25 -78.3934
48 20.3125 -78.3679
48 20.3125 -78.3369
48 20.3125 -78.3015
48 20.3125 -78.263
48 20.3125 -78.1831
48 20.3125 -78.1447
48 20.3125 -78.1093
48 20.3125 -78.0782
48 20.25 -78.0527
48 20.25 -78.0338
48 20.125 -78.0222
47.9375 20.125 -77.9674
47.9375 20.125 -77.9624
47.9375 20.0625 -77.9822
47.875 20 -78.0063
47.875 20 -78.0387
47.875 20 -78.0782
47.875 19.9375 -78.1233
47.875 19.9375 -78.1722
47.875 19.9375 -78.2231
47.875 19.9375 -78.2739
47.875 19.9375 -78.3228
47.875 20 -78.3679
47.875 20 -78.4074
47.9375 20.0625 -78.4639
47.9375 20.125 -78.4788
47.9375 20.125 -78.4838
47.9375 20.25 -78.4788
47.9375 20.25 -78.4639
47.9375 20.3125 -78.4399
48 20.3125 -78.4074
48 20.375 -78.3679
48 20.375 -78.3228
48 20.375 -78.2739
48 20.375 -78.2231
48 20.375 -78.1722
48 20.375 -78.1233
48 20.375 -78.0782
48 20.3125 -78.0387
47.9375 20.3125 -78.0063
47.9375 20.25 -77.9822
47.9375 20.25 -77.9674
47.875 20.125 -77.9224
47.875 20.125 -77.9165
47.875 20.0625 -77.9398
47.875 20 -77.9682
47.8125 19.9375 -78.0527
47.8125 19.9375 -78.1058
47.8125 19.9375 -78.1633
47.8125 19.9375 -78.2231
47.8125 19.9375 -78.2829
47.8125 19.9375 -78.3404
47.8125 19.9375 -78.3934
47.875 20.0625 -78.5063
47.875 20.125 -78.5238
47.875 20.125 -78.5296
47.875 20.25 -78.5238
47.9375 20.3125 -78.5063
47.9375 20.3125 -78.478
47.9375 20.375 -78.4399
47.9375 20.375 -78.3934
47.9375 20.5 -78.3404
47.9375 20.5 -78.2829
47.9375 20.5 -78.2231
47.9375 20.5 -78.1633
47.9375 20.5 -78.1058
47.9375 20.375 -78.0527
47.9375 20.375 -78.0063
47.9375 20.3125 -77.9682
47.9375 20.3125 -77.9398
47.875 20.25 -77.9224
47.8125 20.125 -77.889
47.8125 20.25 -77.8824
47.8125 20.0625 -77.9084
47.8125 20 -77.9398
47.8125 20 -77.9822
47.8125 19.9375 -78.0338
47.6875 19.9375 -78.0927
47.6875 19.9375 -78.1566
47.6875 19.8125 -78.2231
47.6875 19.9375 -78.2895
47.6875 19.9375 -78.3534
47.8125 19.9375 -78.4123
47.8125 20 -78.4639
47.8125 20 -78.5063
47.8125 20.0625 -78.5378
47.8125 20.125 -78.5572
47.8125 20.25 -78.5637
47.875 20.25 -78.5572
47.875 20.3125 -78.5378
47.875 20.375 -78.5063
47.875 20.375 -78.4639
47.875 20.5 -78.4123
47.9375 20.5 -78.3534
47.9375 20.5625 -78.2895
47.9375 20.5625 -78.2231
47.9375 20.5625 -78.1566
47.9375 20.5 -78.0927
47.875 20.5 -78.0338
47.875 20.375 -77.9822
47.875 20.375 -77.9398
47.875 20.3125 -77.9084
47.875 20.25 -77.889
47.6875 20.125 -77.8684
47.8125 20.25 -77.8614
47.6875 20.0625 -77.889
47.6875 20 -77.9224
47.6875 20 -77.9674
47.6875 19.9375 -78.0222
47.6875 19.9375 -78.0847
47.625 19.9375 -78.1525
47.625 19.8125 -78.2231
47.625 19.9375 -78.2936
47.6875 19.9375 -78.3615
47.6875 19.9375 -78.424
47.6875 20 -78.4788
47.6875 20 -78.5238
47.6875 20.0625 -78.5572
47.6875 20.125 -78.5778
47.8125 20.25 -78.5847
47.8125 20.3125 -78.5778
47.8125 20.3125 -78.5572
47.8125 20.375 -78.5238
47.875 20.5 -78.4788
47.875 20.5 -78.424
47.875 20.5625 -78.3615
47.875 20.5625 -78.2936
47.875 20.5625 -78.2231
47.875 20.5625 -78.1525
47.875 20.5625 -78.0847
47.875 20.5 -78.0222
47.875 20.5 -77.9674
47.8125 20.375 -77.9224
47.8125 20.3125 -77.889
47.8125 20.3125 -77.8684
47.6875 20.125 -77.8614
47.6875 20.25 -77.8544
47.625 20.0625 -77.8824
47.625 20.0625 -77.9165
47.625 20 -77.9624
47.625 19.9375 -78.0182
47.625 19.9375 -78.082
47.625 19.9375 -78.1511
47.625 19.9375 -78.2231
47.625 19.9375 -78.295
47.625 19.9375 -78.3642
47.625 19.9375 -78.4279
47.625 20 -78.4838
47.625 20.0625 -78.5296
47.625 20.0625 -78.5637
47.6875 20.125 -78.5847
47.6875 20.25 -78.5918
47.6875 20.3125 -78.5847
47.6875 20.375 -78.5637
47.6875 20.375 -78.5296
47.8125 20.5 -78.4838
47.8125 20.5625 -78.4279
47.8125 20.5625 -78.3642
47.8125 20.5625 -78.295
47.8125 20.5625 -78.2231
47.8125 20.5625 -78.1511
47.8125 20.5625 -78.082
47.8125 20.5625 -78.0182
47.8125 20.5 -77.9624
47.6875 20.375 -77.9165
47.6875 20.375 -77.8824
47.6875 20.3125 -77.8614
47.625 20.125 -77.8684
47.625 20.25 -77.8614
47.5625 20.125 -77.889
47.5625 20.0625 -77.9224
47.5625 20 -77.9674
47.5625 20 -78.0222
47.5625 19.9375 -78.0847
47.5625 19.9375 -78.1525
47.5625 19.9375 -78.2231
47.5625 19.9375 -78.2936
47.5625 19.9375 -78.3615
47.5625 20 -78.424
47.5625 20 -78.4788
47.5625 20.0625 -78.5238
47.5625 20.125 -78.5572
47.625 20.125 -78.5778
47.625 20.25 -78.5847
47.625 20.3125 -78.5778
47.625 20.375 -78.5572
47.6875 20.5 -78.5238
47.6875 20.5 -78.4788
47.6875 20.5625 -78.424
47.6875 20.5625 -78.3615
47.6875 20.625 -78.2936
47.6875 20.625 -78.2231
47.6875 20.625 -78.1525
47.6875 20.5625 -78.0847
47.6875 20.5625 -78.0222
47.6875 20.5 -77.9674
47.6875 20.5 -77.9224
47.625 20.375 -77.889
47.625 20.3125 -77.8684
47.5625 20.25 -77.889
47.5625 20.3125 -77.8824
47.5625 20.125 -77.9084
47.5 20.0625 -77.9398
47.5 20.0625 -77.9822
47.5 20 -78.0338
47.5 20 -78.0927
47.5 20 -78.1566
47.5 19.9375 -78.2231
47.5 20 -78.2895
47.5 20 -78.3534
47.5 20 -78.4123
47.5 20.0625 -78.4639
47.5 20.0625 -78.5063
47.5625 20.125 -78.5378
47.5625 20.25 -78.5572
47.5625 20.3125 -78.5637
47.5625 20.3125 -78.5572
47.625 20.375 -78.5378
47.625 20.5 -78.5063
47.625 20.5 -78.4639
47.625 20.5625 -78.4123
47.625 20.5625 -78.3534
47.625 20.625 -78.2895
47.625 20.625 -78.2231
47.625 20.625 -78.1566
47.625 20.5625 -78.0927
47.625 20.5625 -78.0338
47.625 20.5 -77.9822
47.625 20.5 -77.9398
47.625 20.375 -77.9084
47.5625 20.3125 -77.889
47.5 20.25 -77.9224
47.5 20.3125 -77.9165
47.5 20.125 -77.9398
47.5 20.125 -77.9682
47.5 20.0625 -78.0063
47.375 20.0625 -78.0527
47.375 20 -78.1058
47.375 20 -78.1633
47.375 20 -78.2231
47.375 20 -78.2829
47.375 20 -78.3404
47.375 20.0625 -78.3934
47.5 20.0625 -78.4399
47.5 20.125 -78.478
47.5 20.125 -78.5063
47.5 20.25 -78.5238
47.5 20.3125 -78.5296
47.5625 20.3125 -78.5238
47.5625 20.375 -78.5063
47.5625 20.5 -78.478
47.5625 20.5 -78.4399
47.5625 20.5625 -78.3934
47.5625 20.5625 -78.3404
47.5625 20.5625 -78.2829
47.5625 20.5625 -78.2231
47.5625 20.5625 -78.1633
47.5625 20.5625 -78.1058
47.5625 20.5625 -78.0527
47.5625 20.5 -78.0063
47.5625 20.5 -77.9682
47.5625 20.375 -77.9398
47.5625 20.3125 -77.9224
47.375 20.25 -77.9674
47.5 20.3125 -77.9624
47.375 20.25 -77.9822
47.375 20.125 -78.0063
47.375 20.125 -78.0387
47.375 20.0625 -78.0782
47.375 20.0625 -78.1233
47.375 20.0625 -78.1722
47.375 20.0625 -78.2231
47.375 20.0625 -78.2739
47.375 20.0625 -78.3228
47.375 20.0625 -78.3679
47.375 20.125 -78.4074
47.375 20.125 -78.4399
47.375 20.25 -78.4639
47.375 20.25 -78.4788
47.5 20.3125 -78.4838
47.5 20.375 -78.4788
47.5 20.375 -78.4639
47.5 20.5 -78.4399
47.5 20.5 -78.4074
47.5 20.5625 -78.3679
47.5 20.5625 -78.3228
47.5625 20.5625 -78.2739
47.5625 20.5625 -78.1722
47.5 20.5625 -78.1233
47.5 20.5625 -78.0782
47.5 20.5 -78.0387
47.5 20.5 -78.0063
47.5 20.375 -77.9822
47.5 20.375 -77.9674
47.375 20.3125 -78.0222
47.375 20.3125 -78.0182
47.375 20.25 -78.0338
47.375 20.25 -78.0527
47.375 20.125 -78.0782
47.375 20.125 -78.1093
47.3125 20.125 -78.1447
47.3125 20.125 -78.1831
47.3125 20.125 -78.2231
47.3125 20.125 -78.263
47.3125 20.125 -78.3015
47.375 20.125 -78.3369
47.375 20.125 -78.3679
47.375 20.25 -78.3934
47.375 20.25 -78.4123
47.375 20.3125 -78.424
47.375 20.3125 -78.4279
47.375 20.375 -78.424
47.375 20.375 -78.4123
47.375 20.375 -78.3934
47.5 20.5 -78.3679
47.5 20.5 -78.3369
47.5 20.5 -78.3015
47.5 20.5625 -78.263
47.5 20.5625 -78.2231
47.5 20.5625 -78.1831
47.5 20.5 -78.1447
47.5 20.5 -78.1093
47.5 20.5 -78.0782
47.375 20.375 -78.0527
47.375 20.375 -78.0338
47.375 20.375 -78.0222
47.375 20.3125 -78.0847
47.375 20.3125 -78.082
47.375 20.3125 -78.0927
47.3125 20.25 -78.1058
47.3125 20.25 -78.1233
47.3125 20.25 -78.1447
47.3125 20.25 -78.1691
47.3125 20.25 -78.2231
47.3125 20.25 -78.2506
47.3125 20.25 -78.2771
47.3125 20.25 -78.3015
47.3125 20.25 -78.3228
47.3125 20.25 -78.3404
47.375 20.3125 -78.3534
47.375 20.3125 -78.3615
47.375 20.3125 -78.3642
47.375 20.375 -78.3615
47.375 20.375 -78.3228
47.375 20.5 -78.3015
47.375 20.5 -78.2771
47.375 20.5 -78.2506
47.375 20.5 -78.2231
47.375 20.5 -78.1955
47.375 20.5 -78.1691
47.375 20.5 -78.1447
47.375 20.375 -78.1233
47.375 20.375 -78.1058
47.375 20.375 -78.0927
47.375 20.375 -78.0847
47.3125 20.3125 -78.1525
47.3125 20.3125 -78.1511
47.3125 20.3125 -78.1566
47.3125 20.3125 -78.1633
47.3125 20.3125 -78.1722
47.3125 20.3125 -78.1831
47.3125 20.25 -78.2371
47.3125 20.3125 -78.263
47.3125 20.3125 -78.2739
47.3125 20.3125 -78.2829
47.3125 20.3125 -78.2895
47.3125 20.3125 -78.295
47.375 20.375 -78.2895
47.375 20.375 -78.2829
47.375 20.375 -78.2739
47.375 20.375 -78.263
47.375 20.375 -78.2506
47.375 20.375 -78.2371
47.375 20.375 -78.2231
47.375 20.375 -78.209
47.375 20.375 -78.1955
47.375 20.375 -78.1831
47.375 20.375 -78.1722
47.375 20.375 -78.1633
47.375 20.375 -78.1566
47.3125 20.3125 -78.2231
49.3125 24.6875 -78.2231
49.3125 24.6875 -78.1566
49.3125 24.6875 -78.1633
49.3125 24.6875 -78.1722
49.3125 24.625 -78.1831
49.25 24.625 -78.1955
49.25 24.625 -78.209
49.25 24.625 -78.2231
49.25 24.625 -78.2371
49.3125 24.625 -78.263
49.3125 24.6875 -78.2739
49.3125 24.6875 -78.2829
49.3125 24.6875 -78.2895
49.3125 24.8125 -78.2829
49.3125 24.8125 -78.2739
49.3125 24.8125 -78.263
49.3125 24.8125 -78.2506
49.3125 24.8125 -78.2371
49.3125 24.8125 -78.2231
49.3125 24.8125 -78.209
49.3125 24.8125 -78.1955
49.3125 24.8125 -78.1831
49.3125 24.8125 -78.1722
49.3125 24.8125 -78.1633
49.25 24.6875 -78.0847
49.25 24.6875 -78.082
49.25 24.6875 -78.0927
49.25 24.625 -78.1058
49.25 24.625 -78.1233
49.25 24.625 -78.1447
49.25 24.625 -78.1691
49.25 24.625 -78.3015
49.25 24.625 -78.3228
49.25 24.625 -78.3404
49.25 24.6875 -78.3534
49.25 24.6875 -78.3615
49.25 24.6875 -78.3642
49.3125 24.8125 -78.3615
49.3125 24.8125 -78.3534
49.3125 24.8125 -78.3404
49.3125 24.8125 -78.3228
49.3125 24.875 -78.3015
49.3125 24.875 -78.2771
49.3125 24.875 -78.2506
49.3125 24.875 -78.2231
49.3125 24.875 -78.1955
49.3125 24.875 -78.1691
49.3125 24.875 -78.1447
49.3125 24.8125 -78.1233
49.3125 24.8125 -78.1058
49.3125 24.8125 -78.0927
49.3125 24.8125 -78.0847
49.25 24.6875 -78.0222
49.25 24.6875 -78.0182
49.25 24.625 -78.0338
49.25 24.625 -78.0527
49.25 24.625 -78.0782
49.125 24.5625 -78.1093
49.125 24.5625 -78.1447
49.125 24.5625 -78.1831
49.125 24.5625 -78.2231
49.125 24.5625 -78.263
49.125 24.5625 -78.3015
49.125 24.5625 -78.3369
49.25 24.625 -78.3679
49.25 24.625 -78.3934
49.25 24.625 -78.4123
49.25 24.6875 -78.424
49.25 24.6875 -78.4279
49.25 24.8125 -78.424
49.25 24.8125 -78.4123
49.25 24.875 -78.3934
49.3125 24.875 -78.3679
49.3125 24.875 -78.3369
49.3125 24.9375 -78.3015
49.3125 24.9375 -78.263
49.3125 24.9375 -78.2231
49.3125 24.9375 -78.1831
49.3125 24.9375 -78.1447
49.3125 24.875 -78.1093
49.3125 24.875 -78.0782
49.25 24.875 -78.0527
49.25 24.8125 -78.0338
49.25 24.8125 -78.0222
49.125 24.6875 -77.9674
49.25 24.8125 -77.9624
49.125 24.625 -77.9822
49.125 24.625 -78.0063
49.125 24.5625 -78.0387
49.125 24.5625 -78.0782
49.125 24.5625 -78.1233
49.125 24.5 -78.1722
49.125 24.5 -78.2231
49.125 24.5 -78.2739
49.125 24.5625 -78.3228
49.125 24.5625 -78.3679
49.125 24.5625 -78.4074
49.125 24.625 -78.4399
49.125 24.625 -78.4639
49.125 24.6875 -78.4788
49.25 24.8125 -78.4838
49.25 24.8125 -78.4788
49.25 24.875 -78.4639
49.25 24.875 -78.4399
49.25 24.9375 -78.4074
49.25 24.9375 -78.3679
49.25 24.9375 -78.3228
49.25 25.0625 -78.2739
49.25 25.0625 -78.2231
49.25 25.0625 -78.1722
49.25 24.9375 -78.1233
49.25 24.9375 -78.0782
49.25 24.9375 -78.0387
49.25 24.875 -78.0063
49.25 24.875 -77.9822
49.25 24.8125 -77.9674
49.125 24.6875 -77.9224
49.125 24.8125 -77.9165
49.0625 24.625 -77.9398
49.0625 24.625 -77.9682
49.0625 24.5625 -78.0063
49.0625 24.5625 -78.0527
49.0625 24.5 -78.1058
49.0625 24.5 -78.1633
49.0625 24.5 -78.2231
49.0625 24.5 -78.2829
49.0625 24.5 -78.3404
49.0625 24.5625 -78.3934
49.0625 24.5625 -78.4399
49.0625 24.625 -78.478
49.0625 24.625 -78.5063
49.125 24.6875 -78.5238
49.125 24.8125 -78.5296
49.125 24.8125 -78.5238
49.125 24.875 -78.5063
49.125 24.9375 -78.478
49.25 24.9375 -78.4399
49.25 25.0625 -78.3934
49.25 25.0625 -78.3404
49.25 25.0625 -78.2829
49.25 25.0625 -78.1633
49.25 25.0625 -78.1058
49.25 25.0625 -78.0527
49.25 24.9375 -78.0063
49.125 24.9375 -77.9682
49.125 24.875 -77.9398
49.125 24.8125 -77.9224
49.0625 24.6875 -77.889
49.0625 24.8125 -77.8824
49.0625 24.625 -77.9084
49 24.625 -77.9398
49 24.5625 -77.9822
49 24.5625 -78.0338
49 24.5 -78.0927
49 24.5 -78.1566
49 24.5 -78.2231
49 24.5 -78.2895
49 24.5 -78.3534
49 24.5625 -78.4123
49 24.5625 -78.4639
49 24.625 -78.5063
49.0625 24.625 -78.5378
49.0625 24.6875 -78.5572
49.0625 24.8125 -78.5637
49.0625 24.875 -78.5572
49.125 24.875 -78.5378
49.125 24.9375 -78.5063
49.125 25.0625 -78.4639
49.125 25.0625 -78.4123
49.125 25.125 -78.3534
49.125 25.125 -78.2895
49.125 25.125 -78.2231
49.125 25.125 -78.1566
49.125 25.125 -78.0927
49.125 25.0625 -78.0338
49.125 25.0625 -77.9822
49.125 24.9375 -77.9398
49.125 24.875 -77.9084
49.0625 24.875 -77.889
49 24.6875 -77.8684
49 24.8125 -77.8614
49 24.625 -77.889
49 24.625 -77.9224
48.9375 24.5625 -77.9674
48.9375 24.5625 -78.0222
48.9375 24.5 -78.0847
48.9375 24.5 -78.1525
48.9375 24.5 -78.2231
48.9375 24.5 -78.2936
48.9375 24.5 -78.3615
48.9375 24.5625 -78.424
48.9375 24.5625 -78.4788
49 24.625 -78.5238
49 24.625 -78.5572
49 24.6875 -78.5778
49 24.8125 -78.5847
49 24.875 -78.5778
49.0625 24.9375 -78.5572
49.0625 25.0625 -78.5238
49.0625 25.0625 -78.4788
49.0625 25.125 -78.424
49.0625 25.125 -78.3615
49.0625 25.125 -78.2936
49.0625 25.1875 -78.2231
49.0625 25.125 -78.1525
49.0625 25.125 -78.0847
49.0625 25.125 -78.0222
49.0625 25.0625 -77.9674
49.0625 25.0625 -77.9224
49.0625 24.9375 -77.889
49 24.875 -77.8684
48.9375 24.8125 -77.8614
48.9375 24.8125 -77.8544
48.9375 24.6875 -77.8824
48.9375 24.625 -77.9165
48.8125 24.5625 -77.9624
48.8125 24.5625 -78.0182
48.8125 24.5 -78.082
48.8125 24.5 -78.1511
48.8125 24.5 -78.2231
48.8125 24.5 -78.295
48.8125 24.5 -78.3642
48.8125 24.5625 -78.4279
48.8125 24.5625 -78.4838
48.9375 24.625 -78.5296
48.9375 24.6875 -78.5637
48.9375 24.8125 -78.5847
48.9375 24.8125 -78.5918
49 24.875 -78.5847
49 24.9375 -78.5637
49 25.0625 -78.5296
49 25.125 -78.4838
49 25.125 -78.4279
49.0625 25.1875 -78.3642
49.0625 25.1875 -78.295
49.0625 25.1875 -78.1511
49.0625 25.1875 -78.082
49 25.125 -78.0182
49 25.125 -77.9624
49 25.0625 -77.9165
49 24.9375 -77.8824
49 24.875 -77.8614
48.8125 24.8125 -77.8684
48.9375 24.875 -77.8614
48.8125 24.6875 -77.889
48.8125 24.625 -77.9224
48.8125 24.625 -77.9674
48.75 24.5625 -78.0222
48.75 24.5625 -78.0847
48.75 24.5 -78.1525
48.75 24.5 -78.2231
48.75 24.5 -78.2936
48.75 24.5625 -78.3615
48.75 24.5625 -78.424
48.8125 24.625 -78.4788
48.8125 24.625 -78.5238
48.8125 24.6875 -78.5572
48.8125 24.8125 -78.5778
48.9375 24.875 -78.5847
48.9375 24.9375 -78.5778
48.9375 24.9375 -78.5572
48.9375 25.0625 -78.5238
48.9375 25.125 -78.4788
49 25.125 -78.424
49 25.1875 -78.3615
49 25.1875 -78.2936
49 25.1875 -78.2231
49 25.1875 -78.1525
49 25.1875 -78.0847
49 25.125 -78.0222
48.9375 25.125 -77.9674
48.9375 25.0625 -77.9224
48.9375 24.9375 -77.889
48.9375 24.9375 -77.8684
48.75 24.8125 -77.889
48.8125 24.875 -77.8824
48.75 24.6875 -77.9084
48.75 24.6875 -77.9398
48.75 24.625 -77.9822
48.75 24.5625 -78.0338
48.75 24.5625 -78.0927
48.75 24.5625 -78.1566
48.75 24.5625 -78.2231
48.75 24.5625 -78.2895
48.75 24.5625 -78.3534
48.75 24.5625 -78.4123
48.75 24.625 -78.4639
48.75 24.6875 -78.5063
48.75 24.6875 -78.5378
48.75 24.8125 -78.5572
48.8125 24.875 -78.5637
48.8125 24.9375 -78.5572
48.8125 24.9375 -78.5378
48.8125 25.0625 -78.5063
48.9375 25.125 -78.4639
48.9375 25.125 -78.4123
48.9375 25.1875 -78.3534
48.9375 25.1875 -78.2895
48.9375 25.1875 -78.2231
48.9375 25.1875 -78.1566
48.9375 25.1875 -78.0927
48.9375 25.125 -78.0338
48.9375 25.125 -77.9822
48.8125 25.0625 -77.9398
48.8125 24.9375 -77.9084
48.8125 24.9375 -77.889
48.75 24.8125 -77.9224
48.75 24.875 -77.9165
48.75 24.8125 -77.9398
48.6875 24.6875 -77.9682
48.6875 24.6875 -78.0063
48.6875 24.625 -78.0527
48.6875 24.625 -78.1058
48.6875 24.5625 -78.1633
48.6875 24.5625 -78.2231
48.6875 24.5625 -78.2829
48.6875 24.625 -78.3404
48.6875 24.625 -78.3934
48.6875 24.6875 -78.4399
48.6875 24.6875 -78.478
48.75 24.8125 -78.5063
48.75 24.8125 -78.5238
48.75 24.875 -78.5296
48.75 24.9375 -78.5238
48.75 25.0625 -78.5063
48.75 25.0625 -78.478
48.8125 25.125 -78.4399
48.8125 25.125 -78.3934
48.8125 25.1875 -78.3404
48.8125 25.1875 -78.2829
48.8125 25.1875 -78.2231
48.8125 25.1875 -78.1633
48.8125 25.1875 -78.1058
48.8125 25.125 -78.0527
48.8125 25.125 -78.0063
48.75 25.0625 -77.9682
48.75 25.0625 -77.9398
48.75 24.9375 -77.9224
48.6875 24.875 -77.9674
48.6875 24.875 -77.9624
48.6875 24.8125 -77.9822
48.6875 24.8125 -78.0063
48.6875 24.6875 -78.0387
48.5625 24.6875 -78.0782
48.5625 24.625 -78.1233
48.5625 24.625 -78.1722
48.5625 24.625 -78.2231
48.5625 24.625 -78.2739
48.5625 24.625 -78.3228
48.5625 24.6875 -78.3679
48.6875 24.6875 -78.4074
48.6875 24.8125 -78.4399
48.6875 24.8125 -78.4639
48.6875 24.875 -78.4788
48.6875 24.875 -78.4838
48.6875 24.9375 -78.4788
48.75 25.0625 -78.4639
48.75 25.0625 -78.4399
48.75 25.125 -78.4074
48.75 25.125 -78.3679
48.75 25.125 -78.3228
48.75 25.125 -78.2739
48.75 25.125 -78.2231
48.75 25.125 -78.1722
48.75 25.125 -78.1233
48.75 25.125 -78.0782
48.75 25.125 -78.0387
48.75 25.0625 -78.0063
48.75 25.0625 -77.9822
48.6875 24.9375 -77.9674
48.6875 24.875 -78.0222
48.6875 24.875 -78.0182
48.5625 24.875 -78.0338
48.5625 24.8125 -78.0527
48.5625 24.8125 -78.0782
48.5625 24.6875 -78.1093
48.5625 24.6875 -78.1447
48.5625 24.6875 -78.1831
48.5625 24.6875 -78.2231
48.5625 24.6875 -78.263
48.5625 24.6875 -78.3015
48.5625 24.6875 -78.3369
48.5625 24.8125 -78.3679
48.5625 24.8125 -78.3934
48.5625 24.875 -78.4123
48.6875 24.875 -78.424
48.6875 24.875 -78.4279
48.6875 24.9375 -78.424
48.6875 24.9375 -78.4123
48.6875 25.0625 -78.3934
48.6875 25.0625 -78.3679
48.6875 25.125 -78.3369
48.6875 25.125 -78.3015
48.6875 25.125 -78.263
48.6875 25.125 -78.2231
48.6875 25.125 -78.1831
48.6875 25.125 -78.1447
48.6875 25.125 -78.1093
48.6875 25.0625 -78.0782
48.6875 25.0625 -78.0527
48.6875 24.9375 -78.0338
48.6875 24.9375 -78.0222
48.5625 24.875 -78.0847
48.5625 24.9375 -78.082
48.5625 24.875 -78.0927
48.5625 24.875 -78.1058
48.5625 24.8125 -78.1233
48.5625 24.8125 -78.1447
48.5625 24.8125 -78.1691
48.5625 24.8125 -78.1955
48.5625 24.8125 -78.2231
48.5625 24.8125 -78.2506
48.5625 24.8125 -78.2771
48.5625 24.8125 -78.3015
48.5625 24.8125 -78.3228
48.5625 24.875 -78.3404
48.5625 24.875 -78.3534
48.5625 24.875 -78.3615
48.5625 24.9375 -78.3642
48.5625 24.9375 -78.3615
48.5625 24.9375 -78.3534
48.6875 25.0625 -78.3404
48.6875 25.0625 -78.3228
48.6875 25.0625 -78.3015
48.6875 25.0625 -78.2771
48.6875 25.0625 -78.2506
48.6875 25.0625 -78.2231
48.6875 25.0625 -78.1955
48.6875 25.0625 -78.1691
48.6875 25.0625 -78.1447
48.6875 25.0625 -78.1233
48.6875 25.0625 -78.1058
48.5625 24.9375 -78.0927
48.5625 24.9375 -78.0847
48.5625 24.875 -78.1525
48.5625 24.9375 -78.1511
48.5625 24.875 -78.1566
48.5625 24.875 -78.1633
48.5625 24.875 -78.1722
48.5625 24.875 -78.1831
48.5625 24.875 -78.1955
48.5625 24.875 -78.209
48.5625 24.875 -78.2231
48.5625 24.875 -78.2371
48.5625 24.875 -78.2506
48.5625 24.875 -78.263
48.5625 24.875 -78.2739
48.5625 24.875 -78.2829
48.5625 24.875 -78.2895
48.5625 24.875 -78.2936
48.5625 24.9375 -78.295
45.125 25.9375 -78.1525
48.5625 24.9375 -78.2829
48.5625 24.9375 -78.2739
48.5625 24.9375 -78.263
48.5625 24.9375 -78.2506
48.5625 24.9375 -78.2371
48.5625 25.0625 -78.2231
48.5625 24.9375 -78.209
48.5625 24.9375 -78.1955
48.5625 24.9375 -78.1831
48.5625 24.9375 -78.1722
48.5625 24.9375 -78.1633
48.5625 24.9375 -78.1566
45.125 25.9375 -78.2936
48.5625 24.9375 -78.2231
26.5625 31.1875 -78.2231
26.5625 31.1875 -78.1511
26.5625 31.1875 -78.1525
26.5625 31.1875 -78.1566
26.5 31.1875 -78.1633
26.5 31.1875 -78.1722
26.5 31.1875 -78.1831
26.5 31.1875 -78.1955
26.5 31.125 -78.209
26.5 31.125 -78.2231
26.5 31.125 -78.2371
26.5 31.1875 -78.2506
26.5 31.1875 -78.263
26.5 31.1875 -78.2739
26.5 31.1875 -78.2829
26.5625 31.1875 -78.2895
26.5625 31.1875 -78.2936
26.5625 31.1875 -78.295
26.5625 31.25 -78.2936
26.5625 31.25 -78.2895
26.5625 31.25 -78.2829
26.5625 31.25 -78.2739
26.5625 31.25 -78.263
26.5625 31.25 -78.2506
26.5625 31.25 -78.2371
26.5625 31.25 -78.2231
26.5625 31.25 -78.209
26.5625 31.25 -78.1955
26.5625 31.25 -78.1831
26.5625 31.25 -78.1722
26.5625 31.25 -78.1633
26.5625 31.25 -78.1566
26.5625 31.25 -78.1525
26.5 31.1875 -78.0847
26.5 31.1875 -78.082
26.5 31.1875 -78.0927
26.5 31.125 -78.1058
26.5 31.125 -78.1233
26.5 31.125 -78.1447
26.5 31.125 -78.1691
26.5 31.125 -78.1955
26.5 31.125 -78.2506
26.5 31.125 -78.2771
26.5 31.125 -78.3015
26.5 31.125 -78.3228
26.5 31.125 -78.3404
26.5 31.1875 -78.3534
26.5 31.1875 -78.3615
26.5 31.1875 -78.3642
26.5 31.25 -78.3615
26.5625 31.25 -78.3534
26.5625 31.25 -78.3404
26.5625 31.375 -78.3228
26.5625 31.375 -78.3015
26.5625 31.375 -78.2771
26.5625 31.375 -78.2506
26.5625 31.375 -78.2231
26.5625 31.375 -78.1955
26.5625 31.375 -78.1691
26.5625 31.375 -78.1447
26.5625 31.375 -78.1233
26.5625 31.25 -78.1058
26.5625 31.25 -78.0927
26.5 31.25 -78.0847
26.5 31.1875 -78.0222
26.5 31.25 -78.0182
26.5 31.1875 -78.0338
26.5 31.125 -78.0527
26.4375 31.125 -78.0782
26.4375 31.0625 -78.1093
26.4375 31.0625 -78.1447
26.4375 31.0625 -78.1831
26.4375 31.0625 -78.2231
26.4375 31.0625 -78.263
26.4375 31.0625 -78.3015
26.4375 31.0625 -78.3369
26.4375 31.125 -78.3679
26.5 31.125 -78.3934
26.5 31.1875 -78.4123
26.5 31.1875 -78.424
26.5 31.25 -78.4279
26.5 31.25 -78.424
26.5 31.25 -78.4123
26.5 31.375 -78.3934
26.5 31.375 -78.3679
26.5625 31.4375 -78.3369
26.5625 31.4375 -78.3015
26.5625 31.4375 -78.263
26.5625 31.4375 -78.2231
26.5625 31.4375 -78.1831
26.5625 31.4375 -78.1447
26.5625 31.4375 -78.1093
26.5 31.375 -78.0782
26.5 31.375 -78.0527
26.5 31.25 -78.0338
26.5 31.25 -78.0222
26.4375 31.1875 -77.9674
26.4375 31.25 -77.9624
26.4375 31.125 -77.9822
26.4375 31.125 -78.0063
26.4375 31.0625 -78.0387
26.4375 31.0625 -78.0782
26.4375 31.0625 -78.1233
26.4375 31.0625 -78.1722
26.4375 31.0625 -78.2739
26.4375 31.0625 -78.3228
26.4375 31.0625 -78.3679
26.4375 31.0625 -78.4074
26.4375 31.125 -78.4399
26.4375 31.125 -78.4639
26.4375 31.1875 -78.4788
26.4375 31.25 -78.4838
26.5 31.25 -78.4788
26.5 31.375 -78.4639
26.5 31.375 -78.4399
26.5 31.4375 -78.4074
26.5 31.4375 -78.3679
26.5 31.5 -78.3228
26.5 31.5 -78.2739
26.5 31.5 -78.2231
26.5 31.5 -78.1722
26.5 31.5 -78.1233
26.5 31.4375 -78.0782
26.5 31.4375 -78.0387
26.5 31.375 -78.0063
26.5 31.375 -77.9822
26.5 31.25 -77.9674
26.4375 31.1875 -77.9224
26.4375 31.25 -77.9165
26.375 31.125 -77.9398
26.375 31.125 -77.9682
26.375 31.0625 -78.0063
26.375 31.0625 -78.0527
26.375 30.9375 -78.1058
26.375 30.9375 -78.1633
26.375 30.9375 -78.2231
26.375 30.9375 -78.2829
26.375 30.9375 -78.3404
26.375 31.0625 -78.3934
26.375 31.0625 -78.4399
26.375 31.125 -78.478
26.375 31.125 -78.5063
26.4375 31.1875 -78.5238
26.4375 31.25 -78.5296
26.4375 31.375 -78.5238
26.4375 31.375 -78.5063
26.4375 31.4375 -78.478
26.4375 31.4375 -78.4399
26.5 31.5 -78.3934
26.5 31.5 -78.3404
26.5 31.5 -78.2829
26.5 31.5625 -78.2231
26.5 31.5 -78.1633
26.5 31.5 -78.1058
26.5 31.5 -78.0527
26.4375 31.4375 -78.0063
26.4375 31.4375 -77.9682
26.4375 31.375 -77.9398
26.4375 31.375 -77.9224
26.375 31.1875 -77.889
26.375 31.25 -77.8824
26.375 31.1875 -77.9084
26.25 31.125 -77.9398
26.25 31.0625 -77.9822
26.25 31.0625 -78.0338
26.25 30.9375 -78.0927
26.25 30.9375 -78.1566
26.25 30.9375 -78.2231
26.25 30.9375 -78.2895
26.25 30.9375 -78.3534
26.25 31.0625 -78.4123
26.25 31.0625 -78.4639
26.25 31.125 -78.5063
26.375 31.1875 -78.5378
26.375 31.1875 -78.5572
26.375 31.25 -78.5637
26.375 31.375 -78.5572
26.375 31.4375 -78.5378
26.4375 31.4375 -78.5063
26.4375 31.5 -78.4639
26.4375 31.5 -78.4123
26.4375 31.5625 -78.3534
26.4375 31.5625 -78.2895
26.4375 31.5625 -78.2231
26.4375 31.5625 -78.1566
26.4375 31.5625 -78.0927
26.4375 31.5 -78.0338
26.4375 31.5 -77.9822
26.4375 31.4375 -77.9398
26.375 31.4375 -77.9084
26.375 31.375 -77.889
26.25 31.1875 -77.8684
26.25 31.25 -77.8614
26.25 31.1875 -77.889
26.1875 31.125 -77.9224
26.1875 31.0625 -77.9674
26.1875 31.0625 -78.0222
26.1875 30.9375 -78.0847
26.1875 30.9375 -78.1525
26.1875 30.9375 -78.2231
26.1875 30.9375 -78.2936
26.1875 30.9375 -78.3615
26.1875 31.0625 -78.424
26.1875 31.0625 -78.4788
26.1875 31.125 -78.5238
26.25 31.1875 -78.5572
26.25 31.1875 -78.5778
26.25 31.25 -78.5847
26.25 31.375 -78.5778
26.375 31.4375 -78.5572
26.375 31.5 -78.5238
26.375 31.5 -78.4788
26.375 31.5625 -78.424
26.375 31.5625 -78.3615
26.375 31.6875 -78.2936
26.375 31.6875 -78.2231
26.375 31.6875 -78.1525
26.375 31.5625 -78.0847
26.375 31.5625 -78.0222
26.375 31.5 -77.9674
26.375 31.5 -77.9224
26.375 31.4375 -77.889
26.25 31.375 -77.8684
26.1875 31.25 -77.8614
26.1875 31.375 -77.8544
26.1875 31.1875 -77.8824
26.1875 31.125 -77.9165
26.125 31.0625 -77.9624
26.125 31.0625 -78.0182
26.125 30.9375 -78.082
26.125 30.9375 -78.1511
26.125 30.9375 -78.2231
26.125 30.9375 -78.295
26.125 30.9375 -78.3642
26.125 31.0625 -78.4279
26.125 31.0625 -78.4838
26.1875 31.125 -78.5296
26.1875 31.1875 -78.5637
26.1875 31.25 -78.5847
26.1875 31.375 -78.5918
26.25 31.375 -78.5847
26.25 31.4375 -78.5637
26.25 31.5 -78.5296
26.25 31.5625 -78.4838
26.25 31.5625 -78.4279
26.25 31.6875 -78.3642
26.375 31.6875 -78.295
26.375 31.6875 -78.1511
26.25 31.6875 -78.082
26.25 31.5625 -78.0182
26.25 31.5625 -77.9624
26.25 31.5 -77.9165
26.25 31.4375 -77.8824
26.25 31.375 -77.8614
26.125 31.25 -77.8684
26.125 31.375 -77.8614
26.125 31.1875 -77.889
26.125 31.125 -77.9224
26.125 31.125 -77.9674
26 31.0625 -78.0222
26 31.0625 -78.0847
26 31.0625 -78.1525
26 30.9375 -78.2231
26 31.0625 -78.2936
26 31.0625 -78.3615
26 31.0625 -78.424
26.125 31.125 -78.4788
26.125 31.125 -78.5238
26.125 31.1875 -78.5572
26.125 31.25 -78.5778
26.125 31.375 -78.5847
26.1875 31.4375 -78.5778
26.1875 31.4375 -78.5572
26.1875 31.5 -78.5238
26.1875 31.5625 -78.4788
26.1875 31.5625 -78.424
26.25 31.6875 -78.3615
26.25 31.6875 -78.2936
26.25 31.6875 -78.2231
26.25 31.6875 -78.1525
26.25 31.6875 -78.0847
26.1875 31.5625 -78.0222
26.1875 31.5625 -77.9674
26.1875 31.5 -77.9224
26.1875 31.4375 -77.889
26.1875 31.4375 -77.8684
26 31.25 -77.889
26.125 31.375 -77.8824
26 31.1875 -77.9084
26 31.1875 -77.9398
26 31.125 -77.9822
26 31.125 -78.0338
26 31.0625 -78.0927
25.9375 31.0625 -78.1566
25.9375 31.0625 -78.2231
25.9375 31.0625 -78.2895
26 31.0625 -78.3534
26 31.125 -78.4123
26 31.125 -78.4639
26 31.1875 -78.5063
26 31.1875 -78.5378
26 31.25 -78.5572
26.125 31.375 -78.5637
26.125 31.4375 -78.5572
26.125 31.5 -78.5378
26.125 31.5 -78.5063
26.125 31.5625 -78.4639
26.1875 31.5625 -78.4123
26.1875 31.6875 -78.3534
26.1875 31.6875 -78.2895
26.1875 31.6875 -78.2231
26.1875 31.6875 -78.1566
26.1875 31.6875 -78.0927
26.1875 31.5625 -78.0338
26.125 31.5625 -77.9822
26.125 31.5 -77.9398
26.125 31.5 -77.9084
26.125 31.4375 -77.889
26 31.375 -77.9224
26 31.375 -77.9165
25.9375 31.25 -77.9398
25.9375 31.1875 -77.9682
25.9375 31.1875 -78.0063
25.9375 31.125 -78.0527
25.9375 31.125 -78.1058
25.9375 31.125 -78.1633
25.9375 31.125 -78.2231
25.9375 31.125 -78.2829
25.9375 31.125 -78.3404
25.9375 31.125 -78.3934
25.9375 31.1875 -78.4399
25.9375 31.1875 -78.478
25.9375 31.25 -78.5063
26 31.375 -78.5238
26 31.375 -78.5296
26 31.4375 -78.5238
26 31.5 -78.5063
26 31.5 -78.478
26.125 31.5625 -78.4399
26.125 31.5625 -78.3934
26.125 31.6875 -78.3404
26.125 31.6875 -78.2829
26.125 31.6875 -78.2231
26.125 31.6875 -78.1633
26.125 31.6875 -78.1058
26.125 31.5625 -78.0527
26.125 31.5625 -78.0063
26 31.5 -77.9682
26 31.5 -77.9398
26 31.4375 -77.9224
25.9375 31.375 -77.9674
25.9375 31.375 -77.9624
25.9375 31.25 -77.9822
25.9375 31.25 -78.0063
25.9375 31.1875 -78.0387
25.875 31.1875 -78.0782
25.875 31.1875 -78.1233
25.875 31.125 -78.1722
25.875 31.125 -78.2231
25.875 31.125 -78.2739
25.875 31.1875 -78.3228
25.875 31.1875 -78.3679
25.9375 31.1875 -78.4074
25.9375 31.25 -78.4399
25.9375 31.25 -78.4639
25.9375 31.375 -78.4788
25.9375 31.375 -78.4838
25.9375 31.4375 -78.4788
25.9375 31.5 -78.4639
26 31.5 -78.4399
26 31.5625 -78.4074
26 31.5625 -78.3679
26 31.5625 -78.3228
26 31.6875 -78.2739
26 31.6875 -78.2231
26 31.6875 -78.1722
26 31.5625 -78.1233
26 31.5625 -78.0782
26 31.5625 -78.0387
26 31.5 -78.0063
25.9375 31.5 -77.9822
25.9375 31.4375 -77.9674
25.875 31.375 -78.0222
25.9375 31.4375 -78.0182
25.875 31.375 -78.0338
25.875 31.25 -78.0527
25.875 31.25 -78.0782
25.875 31.25 -78.1093
25.875 31.1875 -78.1447
25.875 31.1875 -78.1831
25.875 31.1875 -78.2231
25.875 31.1875 -78.263
25.875 31.1875 -78.3015
25.875 31.25 -78.3369
25.875 31.25 -78.3679
25.875 31.25 -78.3934
25.875 31.375 -78.4123
25.875 31.375 -78.424
25.9375 31.4375 -78.4279
25.9375 31.4375 -78.424
25.9375 31.5 -78.4123
25.9375 31.5 -78.3934
25.9375 31.5 -78.3679
25.9375 31.5625 -78.3369
25.9375 31.5625 -78.3015
25.9375 31.5625 -78.263
25.9375 31.5625 -78.2231
25.9375 31.5625 -78.1831
25.9375 31.5625 -78.1447
25.9375 31.5625 -78.1093
25.9375 31.5 -78.0782
25.9375 31.5 -78.0527
25.9375 31.5 -78.0338
25.9375 31.4375 -78.0222
25.875 31.375 -78.0847
25.875 31.4375 -78.082
25.875 31.375 -78.1058
25.875 31.375 -78.1233
25.875 31.25 -78.1447
25.875 31.25 -78.1691
25.875 31.25 -78.1955
25.875 31.25 -78.2231
25.875 31.25 -78.2506
25.875 31.25 -78.2771
25.875 31.25 -78.3015
25.875 31.375 -78.3228
25.875 31.375 -78.3404
25.875 31.375 -78.3534
25.875 31.375 -78.3615
25.875 31.4375 -78.3642
25.875 31.4375 -78.3615
25.875 31.4375 -78.3534
25.875 31.5 -78.3404
25.9375 31.5 -78.3228
25.9375 31.5 -78.3015
25.9375 31.5 -78.2771
25.9375 31.5 -78.2506
25.9375 31.5 -78.2231
25.9375 31.5 -78.1955
25.9375 31.5 -78.1691
25.9375 31.5 -78.1447
25.9375 31.5 -78.1233
25.875 31.5 -78.1058
25.875 31.4375 -78.0927
25.875 31.4375 -78.0847
25.875 31.4375 -78.1525
25.875 31.375 -78.1566
25.875 31.375 -78.1633
25.875 31.375 -78.1722
25.875 31.375 -78.1831
25.875 31.375 -78.1955
25.875 31.375 -78.209
25.875 31.375 -78.2231
25.875 31.375 -78.2371
25.875 31.375 -78.2506
25.875 31.375 -78.263
25.875 31.375 -78.2739
25.875 31.375 -78.2829
25.875 31.375 -78.2895
25.875 31.4375 -78.2936
25.875 31.4375 -78.295
25.875 31.4375 -78.2829
25.875 31.4375 -78.2739
25.875 31.5 -78.263
25.875 31.5 -78.2506
25.875 31.5 -78.2371
25.875 31.5 -78.2231
25.875 31.5 -78.209
25.875 31.5 -78.1955
25.875 31.5 -78.1831
25.875 31.4375 -78.1722
25.875 31.4375 -78.1633
25.875 31.4375 -78.1566
25.875 31.4375 -78.2231
45.125 25.9375 -78.2231
45.125 25.9375 -78.1511
45.0625 25.9375 -78.1566
45.0625 25.9375 -78.1633
45.0625 25.8125 -78.1722
45.0625 25.8125 -78.1831
45.0625 25.8125 -78.1955
45.0625 25.8125 -78.209
45.0625 25.8125 -78.2231
45.0625 25.8125 -78.2371
45.0625 25.8125 -78.2506
45.0625 25.8125 -78.263
45.0625 25.8125 -78.2739
45.0625 25.9375 -78.2829
45.0625 25.9375 -78.2895
45.125 25.9375 -78.2895
45.125 26 -78.2829
45.125 26 -78.2739
45.125 26 -78.263
45.125 26 -78.2506
45.125 26 -78.2371
45.125 26 -78.2231
45.125 26 -78.209
45.125 26 -78.1955
45.125 26 -78.1831
45.125 26 -78.1722
45.125 26 -78.1633
45.125 25.9375 -78.1566
45.0625 25.9375 -78.0847
45.0625 25.9375 -78.082
45.0625 25.8125 -78.0927
45.0625 25.8125 -78.1058
45.0625 25.8125 -78.1233
45.0625 25.8125 -78.1447
45.0625 25.8125 -78.1691
45.0625 25.75 -78.1955
45.0625 25.75 -78.2231
45.0625 25.75 -78.2506
45.0625 25.8125 -78.2771
45.0625 25.8125 -78.3015
45.0625 25.8125 -78.3228
45.0625 25.8125 -78.3404
45.0625 25.8125 -78.3534
45.0625 25.9375 -78.3642
45.0625 26 -78.3534
45.125 26 -78.3404
45.125 26 -78.3228
45.125 26.0625 -78.3015
45.125 26.0625 -78.2771
45.125 26.0625 -78.2506
45.125 26.0625 -78.2231
45.125 26.0625 -78.1955
45.125 26.0625 -78.1691
45.125 26.0625 -78.1447
45.125 26 -78.1233
45.125 26 -78.1058
45.0625 26 -78.0927
45.0625 25.9375 -78.0222
45.0625 25.9375 -78.0182
45.0625 25.8125 -78.0338
45.0625 25.8125 -78.0527
45 25.8125 -78.0782
45 25.75 -78.1093
45 25.75 -78.1447
45 25.75 -78.1831
45 25.75 -78.2231
45 25.75 -78.263
45 25.75 -78.3015
45 25.75 -78.3369
45 25.8125 -78.3679
45.0625 25.8125 -78.3934
45.0625 25.8125 -78.4123
45.0625 25.9375 -78.424
45.0625 25.9375 -78.4279
45.0625 26 -78.424
45.0625 26 -78.4123
45.0625 26.0625 -78.3934
45.0625 26.0625 -78.3679
45.0625 26.0625 -78.3369
45.125 26.125 -78.3015
45.125 26.125 -78.263
45.125 26.125 -78.2231
45.125 26.125 -78.1831
45.125 26.125 -78.1447
45.0625 26.0625 -78.1093
45.0625 26.0625 -78.0782
45.0625 26.0625 -78.0527
45.0625 26 -78.0338
45.0625 26 -78.0222
45 25.9375 -77.9674
45 25.9375 -77.9624
45 25.8125 -77.9822
45 25.8125 -78.0063
45 25.75 -78.0387
45 25.75 -78.0782
45 25.75 -78.1233
44.9375 25.6875 -78.1722
44.9375 25.6875 -78.2231
44.9375 25.6875 -78.2739
45 25.75 -78.3228
45 25.75 -78.3679
45 25.75 -78.4074
45 25.8125 -78.4399
45 25.8125 -78.4639
45 25.9375 -78.4788
45 25.9375 -78.4838
45.0625 26 -78.4788
45.0625 26.0625 -78.4639
45.0625 26.0625 -78.4399
45.0625 26.125 -78.4074
45.0625 26.125 -78.3679
45.0625 26.125 -78.3228
45.0625 26.125 -78.2739
45.0625 26.25 -78.2231
45.0625 26.125 -78.1722
45.0625 26.125 -78.1233
45.0625 26.125 -78.0782
45.0625 26.125 -78.0387
45.0625 26.0625 -78.0063
45.0625 26.0625 -77.9822
45.0625 26 -77.9674
44.9375 25.9375 -77.9224
45 26 -77.9165
44.9375 25.8125 -77.9398
44.9375 25.8125 -77.9682
44.9375 25.75 -78.0063
44.9375 25.75 -78.0527
44.9375 25.6875 -78.1058
44.9375 25.6875 -78.1633
44.9375 25.6875 -78.2829
44.9375 25.6875 -78.3404
44.9375 25.75 -78.3934
44.9375 25.75 -78.4399
44.9375 25.8125 -78.478
44.9375 25.8125 -78.5063
44.9375 25.9375 -78.5238
45 26 -78.5296
45 26 -78.5238
45 26.0625 -78.5063
45 26.125 -78.478
45 26.125 -78.4399
45.0625 26.25 -78.3934
45.0625 26.25 -78.3404
45.0625 26.25 -78.2829
45.0625 26.25 -78.1633
45.0625 26.25 -78.1058
45.0625 26.25 -78.0527
45 26.125 -78.0063
45 26.125 -77.9682
45 26.0625 -77.9398
45 26 -77.9224
44.9375 25.9375 -77.889
44.9375 26 -77.8824
44.8125 25.8125 -77.9084
44.8125 25.8125 -77.9398
44.8125 25.75 -77.9822
44.8125 25.6875 -78.0338
44.8125 25.6875 -78.0927
44.8125 25.6875 -78.1566
44.8125 25.6875 -78.2231
44.8125 25.6875 -78.2895
44.8125 25.6875 -78.3534
44.8125 25.6875 -78.4123
44.8125 25.75 -78.4639
44.8125 25.8125 -78.5063
44.8125 25.8125 -78.5378
44.9375 25.9375 -78.5572
44.9375 26 -78.5637
44.9375 26.0625 -78.5572
44.9375 26.0625 -78.5378
45 26.125 -78.5063
45 26.25 -78.4639
45 26.25 -78.4123
45 26.3125 -78.3534
45 26.3125 -78.2895
45 26.3125 -78.2231
45 26.3125 -78.1566
45 26.3125 -78.0927
45 26.25 -78.0338
45 26.25 -77.9822
45 26.125 -77.9398
44.9375 26.0625 -77.9084
44.9375 26.0625 -77.889
44.8125 25.9375 -77.8684
44.8125 26 -77.8614
44.8125 25.8125 -77.889
44.75 25.8125 -77.9224
44.75 25.75 -77.9674
44.75 25.6875 -78.0222
44.75 25.6875 -78.0847
44.75 25.6875 -78.1525
44.75 25.6875 -78.2231
44.75 25.6875 -78.2936
44.75 25.6875 -78.3615
44.75 25.6875 -78.424
44.75 25.75 -78.4788
44.75 25.8125 -78.5238
44.8125 25.8125 -78.5572
44.8125 25.9375 -78.5778
44.8125 26 -78.5847
44.8125 26.0625 -78.5778
44.9375 26.125 -78.5572
44.9375 26.125 -78.5238
44.9375 26.25 -78.4788
44.9375 26.3125 -78.424
44.9375 26.3125 -78.3615
44.9375 26.3125 -78.2936
44.9375 26.3125 -78.2231
44.9375 26.3125 -78.1525
44.9375 26.3125 -78.0847
44.9375 26.3125 -78.0222
44.9375 26.25 -77.9674
44.9375 26.125 -77.9224
44.9375 26.125 -77.889
44.8125 26.0625 -77.8684
44.75 25.9375 -77.8614
44.75 26 -77.8544
44.75 25.9375 -77.8824
44.75 25.8125 -77.9165
44.6875 25.75 -77.9624
44.6875 25.75 -78.0182
44.6875 25.6875 -78.082
44.6875 25.6875 -78.1511
44.6875 25.6875 -78.2231
44.6875 25.6875 -78.295
44.6875 25.6875 -78.3642
44.6875 25.75 -78.4279
44.6875 25.75 -78.4838
44.75 25.8125 -78.5296
44.75 25.9375 -78.5637
44.75 25.9375 -78.5847
44.75 26 -78.5918
44.75 26.0625 -78.5847
44.8125 26.125 -78.5637
44.8125 26.25 -78.5296
44.8125 26.25 -78.4838
44.8125 26.3125 -78.4279
44.8125 26.3125 -78.3642
44.8125 26.375 -78.295
44.8125 26.375 -78.2231
44.8125 26.375 -78.1511
44.8125 26.3125 -78.082
44.8125 26.3125 -78.0182
44.8125 26.25 -77.9624
44.8125 26.25 -77.9165
44.8125 26.125 -77.8824
44.75 26.0625 -77.8614
44.6875 26 -77.8684
44.6875 26.0625 -77.8614
44.6875 25.9375 -77.889
44.6875 25.8125 -77.9224
44.5625 25.75 -77.9674
44.5625 25.75 -78.0222
44.5625 25.75 -78.0847
44.5625 25.6875 -78.1525
44.5625 25.6875 -78.2231
44.5625 25.6875 -78.2936
44.5625 25.75 -78.3615
44.5625 25.75 -78.424
44.5625 25.75 -78.4788
44.6875 25.8125 -78.5238
44.6875 25.9375 -78.5572
44.6875 26 -78.5778
44.6875 26.0625 -78.5847
44.75 26.0625 -78.5778
44.75 26.125 -78.5572
44.75 26.25 -78.5238
44.75 26.3125 -78.4788
44.75 26.3125 -78.424
44.75 26.375 -78.3615
44.8125 26.375 -78.2936
44.8125 26.375 -78.1525
44.75 26.375 -78.0847
44.75 26.3125 -78.0222
44.75 26.3125 -77.9674
44.75 26.25 -77.9224
44.75 26.125 -77.889
44.75 26.0625 -77.8684
44.5625 26 -77.889
44.6875 26.0625 -77.8824
44.5625 25.9375 -77.9084
44.5625 25.9375 -77.9398
44.5625 25.8125 -77.9822
44.5625 25.75 -78.0338
44.5 25.75 -78.0927
44.5 25.75 -78.1566
44.5 25.75 -78.2231
44.5 25.75 -78.2895
44.5 25.75 -78.3534
44.5625 25.75 -78.4123
44.5625 25.8125 -78.4639
44.5625 25.9375 -78.5063
44.5625 25.9375 -78.5378
44.5625 26 -78.5572
44.6875 26.0625 -78.5637
44.6875 26.125 -78.5572
44.6875 26.125 -78.5378
44.6875 26.25 -78.5063
44.6875 26.3125 -78.4639
44.6875 26.3125 -78.4123
44.75 26.375 -78.3534
44.75 26.375 -78.2895
44.75 26.375 -78.2231
44.75 26.375 -78.1566
44.75 26.375 -78.0927
44.6875 26.3125 -78.0338
44.6875 26.3125 -77.9822
44.6875 26.25 -77.9398
44.6875 26.125 -77.9084
44.6875 26.125 -77.889
44.5625 26 -77.9224
44.5625 26.0625 -77.9165
44.5 26 -77.9398
44.5 25.9375 -77.9682
44.5 25.8125 -78.0063
44.5 25.8125 -78.0527
44.5 25.8125 -78.1058
44.5 25.75 -78.1633
44.5 25.75 -78.2829
44.5 25.8125 -78.3404
44.5 25.8125 -78.3934
44.5 25.8125 -78.4399
44.5 25.9375 -78.478
44.5 26 -78.5063
44.5625 26 -78.5238
44.5625 26.0625 -78.5296
44.5625 26.125 -78.5238
44.5625 26.125 -78.5063
44.5625 26.25 -78.478
44.5625 26.3125 -78.4399
44.6875 26.3125 -78.3934
44.6875 26.3125 -78.3404
44.6875 26.375 -78.2829
44.6875 26.375 -78.2231
44.6875 26.375 -78.1633
44.6875 26.3125 -78.1058
44.6875 26.3125 -78.0527
44.5625 26.3125 -78.0063
44.5625 26.25 -77.9682
44.5625 26.125 -77.9398
44.5625 26.125 -77.9224
44.5 26.0625 -77.9674
44.5 26.0625 -77.9624
44.5 26 -77.9822
44.5 25.9375 -78.0063
44.4375 25.9375 -78.0387
44.4375 25.9375 -78.0782
44.4375 25.8125 -78.1233
44.4375 25.8125 -78.1722
44.4375 25.8125 -78.2231
44.4375 25.8125 -78.2739
44.4375 25.8125 -78.3228
44.4375 25.9375 -78.3679
44.4375 25.9375 -78.4074
44.5 25.9375 -78.4399
44.5 26 -78.4639
44.5 26.0625 -78.4788
44.5 26.0625 -78.4838
44.5 26.125 -78.4788
44.5 26.125 -78.4639
44.5625 26.25 -78.4399
44.5625 26.25 -78.4074
44.5625 26.3125 -78.3679
44.5625 26.3125 -78.3228
44.5625 26.3125 -78.2739
44.5625 26.3125 -78.2231
44.5625 26.3125 -78.1722
44.5625 26.3125 -78.1233
44.5625 26.3125 -78.0782
44.5625 26.25 -78.0387
44.5625 26.25 -78.0063
44.5 26.125 -77.9822
44.5 26.125 -77.9674
44.4375 26.0625 -78.0222
44.5 26.0625 -78.0182
44.4375 26 -78.0338
44.4375 26 -78.0527
44.4375 26 -78.0782
44.4375 25.9375 -78.1093
44.4375 25.9375 -78.1447
44.4375 25.9375 -78.1831
44.4375 25.9375 -78.2231
44.4375 25.9375 -78.263
44.4375 25.9375 -78.3015
44.4375 25.9375 -78.3369
44.4375 26 -78.3679
44.4375 26 -78.3934
44.4375 26 -78.4123
44.4375 26.0625 -78.424
44.5 26.0625 -78.4279
44.5 26.125 -78.424
44.5 26.125 -78.4123
44.5 26.25 -78.3934
44.5 26.25 -78.3679
44.5 26.25 -78.3369
44.5 26.3125 -78.3015
44.5 26.3125 -78.263
44.5 26.3125 -78.2231
44.5 26.3125 -78.1831
44.5 26.3125 -78.1447
44.5 26.25 -78.1093
44.5 26.25 -78.0782
44.5 26.25 -78.0527
44.5 26.125 -78.0338
44.5 26.125 -78.0222
44.4375 26.0625 -78.0847
44.4375 26.0625 -78.082
44.4375 26.0625 -78.0927
44.4375 26.0625 -78.1058
44.4375 26 -78.1233
44.4375 26 -78.1447
44.4375 26 -78.1691
44.4375 26 -78.1955
44.4375 26 -78.2231
44.4375 26 -78.2506
44.4375 26 -78.2771
44.4375 26 -78.3015
44.4375 26 -78.3228
44.4375 26.0625 -78.3404
44.4375 26.0625 -78.3534
44.4375 26.0625 -78.3615
44.4375 26.0625 -78.3642
44.4375 26.125 -78.3615
44.4375 26.125 -78.3534
44.4375 26.125 -78.3404
44.4375 26.25 -78.3228
44.5 26.25 -78.3015
44.5 26.25 -78.2771
44.5 26.25 -78.2506
44.5 26.25 -78.2231
44.5 26.25 -78.1955
44.5 26.25 -78.1691
44.5 26.25 -78.1447
44.4375 26.25 -78.1233
44.4375 26.125 -78.1058
44.4375 26.125 -78.0927
44.4375 26.125 -78.0847
44.4375 26.0625 -78.1525
44.4375 26.125 -78.1511
44.4375 26.0625 -78.1566
44.4375 26.0625 -78.1633
44.4375 26.0625 -78.1722
44.4375 26.0625 -78.1831
44.4375 26.0625 -78.1955
44.4375 26.0625 -78.209
44.4375 26.0625 -78.2231
44.4375 26.0625 -78.2371
44.4375 26.0625 -78.2506
44.4375 26.0625 -78.263
44.4375 26.0625 -78.2739
44.4375 26.0625 -78.2829
44.4375 26.0625 -78.2895
44.4375 26.0625 -78.2936
44.4375 26.125 -78.295
44.4375 26.125 -78.2936
44.4375 26.125 -78.2739
44.4375 26.125 -78.263
44.4375 26.125 -78.2506
44.4375 26.125 -78.2371
44.4375 26.125 -78.2231
44.4375 26.125 -78.209
44.4375 26.125 -78.1955
44.4375 26.125 -78.1831
44.4375 26.125 -78.1722
44.4375 26.125 -78.1633
49.3125 24.6875 -78.2936
49.25 24.625 -78.2771
41.0625 23.75 -80.4585
41.5625 23.5625 -80.4585
41.5625 23.5625 -77.7541
41.0625 23.75 -77.7541
41.125 24.25 -80.4585
41.125 24.25 -77.7541
41.6875 24.125 -77.7541
41.6875 24.125 -80.4585
36.75 24.9375 -80.4585
37.3125 24.8125 -80.4585
37.3125 24.8125 -77.7541
36.75 24.9375 -77.7541
36.9375 25.5 -80.4585
36.9375 25.5 -77.7541
37.5 25.375 -77.7541
37.5 25.375 -80.4585
32.4375 26.25 -80.4585
32.9375 26.0625 -80.4585
32.9375 26.0625 -77.7541
32.4375 26.25 -77.7541
32.5625 26.6875 -80.4585
32.5625 26.6875 -77.7541
33.0625 26.5625 -77.7541
33.0625 26.5625 -80.4585
28 27.4375 -80.4585
28.5 27.375 -80.4585
28.5 27.375 -77.7541
28 27.4375 -77.7541
28.1875 28 -80.4585
28.1875 28 -77.7541
28.6875 27.8125 -77.7541
28.6875 27.8125 -80.4585
44.6875 18 -80.4585
44.8125 18.5625 -80.4585
44.8125 18.5625 -77.7541
44.6875 18 -77.7541
44.125 18.125 -80.4585
44.125 18.125 -77.7541
44.25 18.6875 -77.7541
44.25 18.6875 -80.4585
43.375 13.5 -80.4585
43.5625 14 -80.4585
43.5625 14 -77.7541
43.375 13.5 -77.7541
42.8125 13.6875 -80.4585
42.8125 13.6875 -77.7541
43 14.125 -77.7541
43 14.125 -80.4585
42 8.9375 -80.4585
42.1875 9.4375 -80.4585
42.1875 9.4375 -77.7541
42 8.9375 -77.7541
41.5625 9.125 -80.4585
41.5625 9.125 -77.7541
41.6875 9.5625 -77.7541
41.6875 9.5625 -80.4585
28 27.4375 -77.7539
28.5 27.375 -77.7539
27.8125 24.6875 -77.7539
27.3125 24.875 -77.7539
27.3125 24.875 -77.2179
27.8125 24.6875 -77.2179
28.5 27.375 -77.2179
32.4375 26.25 -77.7539
32.9375 26.0625 -77.7539
32.1875 23.4375 -77.7539
31.6875 23.5625 -77.7539
32.4375 26.25 -77.2179
31.6875 23.5625 -77.2179
32.1875 23.4375 -77.2179
32.9375 26.0625 -77.2179
36.75 24.9375 -77.7539
37.3125 24.8125 -77.7539
36.5625 22.25 -77.7539
36 22.375 -77.7539
36.75 24.9375 -77.2179
36 22.375 -77.2179
36.5625 22.25 -77.2179
37.3125 24.8125 -77.2179
41.0625 23.75 -77.7539
41.5625 23.5625 -77.7539
40.8125 21.0625 -77.7539
40.25 21.125 -77.7539
41.0625 23.75 -77.2179
40.25 21.125 -77.2179
40.8125 21.0625 -77.2179
40.25 14.375 -77.7539
40.4375 14.875 -77.7539
43 14.125 -77.7539
42.8125 13.6875 -77.7539
40.25 14.375 -77.2179
42.8125 13.6875 -77.2179
43 14.125 -77.2179
40.4375 14.875 -77.2179
38.9375 9.8125 -77.7461
39.0625 10.3125 -77.7461
41.6875 9.5625 -77.7461
41.5625 9.125 -77.7461
38.9375 9.8125 -77.2101
41.5625 9.125 -77.2101
41.6875 9.5625 -77.2101
39.0625 10.3125 -77.2101
41.5625 18.875 -77.7539
41.6875 19.4375 -77.7539
44.25 18.6875 -77.7539
44.125 18.125 -77.7539
41.5625 18.875 -77.2179
44.125 18.125 -77.2179
44.25 18.6875 -77.2179
41.6875 19.4375 -77.2179
23 24.25 -77.7539
23.0625 24.6875 -77.7539
25.6875 24 -77.7539
25.5625 23.4375 -77.7539
23 24.25 -77.2179
25.5625 23.4375 -77.2179
25.6875 24 -77.2179
21.625 19.6875 -77.7539
21.8125 20.25 -77.7539
24.4375 19.4375 -77.7539
24.25 18.9375 -77.7539
21.625 19.6875 -77.2179
24.25 18.9375 -77.2179
24.4375 19.4375 -77.2179
21.8125 20.25 -77.2179
20.375 15.125 -77.7461
20.5 15.6875 -77.7461
23.0625 14.875 -77.7461
23 14.375 -77.7461
20.375 15.125 -77.2101
23 14.375 -77.2101
23.0625 14.875 -77.2101
20.5 15.6875 -77.2101
33.375 14.625 -70.4605
33.375 15.125 -70.4605
33.375 15.125 -70.1424
33.375 14.625 -70.1424
33.3125 15.5625 -70.4605
33.3125 15.5625 -70.1424
33.0625 16 -70.4605
33.0625 16 -70.1424
32.75 16.375 -70.4605
32.75 16.375 -70.1424
32.25 16.5625 -70.4605
32.25 16.5625 -70.1424
31.8125 16.625 -70.4605
31.8125 16.625 -70.1424
31.3125 16.5625 -70.4605
31.3125 16.5625 -70.1424
30.9375 16.3125 -70.4605
30.9375 16.3125 -70.1424
30.5625 15.9375 -70.4605
30.5625 15.9375 -70.1424
30.375 15.5 -70.4605
30.375 15.5 -70.1424
30.25 15.0625 -70.4605
30.25 15.0625 -70.1424
30.4375 14.5625 -70.4605
30.4375 14.5625 -70.1424
30.5625 14.0625 -70.4605
30.5625 14.0625 -70.1424
31 13.75 -70.4605
31 13.75 -70.1424
31.375 13.5625 -70.4605
31.375 13.5625 -70.1424
31.9375 13.5 -70.4605
31.9375 13.5 -70.1424
32.4375 13.5625 -70.4605
32.4375 13.5625 -70.1424
32.8125 13.8125 -70.4605
32.8125 13.8125 -70.1424
33.125 14.125 -70.4605
33.125 14.125 -70.1424
31.875 15.0625 -70.2031
32.6875 18 -70.4332
32.125 18.0625 -70.4332
31.5 18.0625 -70.4332
30.9375 17.9375 -70.4332
30.375 17.6875 -70.4332
29.875 17.375 -70.4332
29.5 16.9375 -70.4332
29.125 16.5 -70.4332
28.9375 15.9375 -70.4332
28.8125 15.375 -70.4332
28.8125 14.6875 -70.4332
29 14.125 -70.4332
29.25 13.5625 -70.4332
29.5625 13.125 -70.4332
29.9375 12.6875 -70.4332
30.4375 12.375 -70.4332
31 12.125 -70.4332
31.5625 12.0625 -70.4332
32.1875 12.0625 -70.4332
32.75 12.25 -70.4332
33.3125 12.375 -70.4332
33.8125 12.8125 -70.4332
34.1875 13.1875 -70.4332
34.5 13.6875 -70.4332
34.75 14.25 -70.4332
34.8125 14.8125 -70.4332
34.8125 15.4375 -70.4332
34.6875 16 -70.4332
34.5 16.5625 -70.4332
34.125 17.0625 -70.4332
33.6875 17.4375 -70.4332
33.25 17.75 -70.4332
32.375 20.9375 -71.1148
33.5 20.8125 -71.1148
31.125 20.9375 -71.1148
30 20.6875 -71.1148
29 20.25 -71.1148
28 19.5625 -71.1148
27.25 18.6875 -71.1148
26.5625 17.75 -71.1148
26.125 16.6875 -71.1148
25.9375 15.5 -71.1148
25.9375 14.375 -71.1148
26.1875 13.25 -71.1148
26.6875 12.125 -71.1148
27.3125 11.25 -71.1148
28.1875 10.375 -71.1148
29.125 9.8125 -71.1148
30.1875 9.375 -71.1148
31.3125 9.1875 -71.1148
32.5 9.1875 -71.1148
33.625 9.4375 -71.1148
34.6875 9.9375 -71.1148
35.625 10.5625 -71.1148
36.5 11.375 -71.1148
37.0625 12.375 -71.1148
37.5625 13.4375 -71.1148
37.6875 14.5625 -71.1148
37.6875 15.75 -71.1148
37.5 16.875 -71.1148
37 17.9375 -71.1148
36.375 18.875 -71.1148
35.5625 19.6875 -71.1148
34.5 20.3125 -71.1148
32.5 23.5625 -72.2217
34.1875 23.375 -72.2217
30.8125 23.5625 -72.2217
29.25 23.25 -72.2217
27.625 22.5625 -72.2217
26.25 21.5625 -72.2217
25.0625 20.375 -72.2217
24.1875 19.0625 -72.2217
23.5625 17.4375 -72.2217
23.3125 15.75 -72.2217
23.3125 14.0625 -72.2217
23.625 12.5 -72.2217
24.375 10.875 -72.2217
25.3125 9.5 -72.2217
26.5 8.3125 -72.2217
27.875 7.4375 -72.2217
29.5 6.8125 -72.2217
31.125 6.5 -72.2217
32.8125 6.5625 -72.2217
34.4375 6.875 -72.2217
36 7.5625 -72.2217
37.375 8.5625 -72.2217
38.5625 9.75 -72.2217
39.5 11.125 -72.2217
40.125 12.6875 -72.2217
40.4375 14.375 -72.2217
40.375 16.0625 -72.2217
40 17.6875 -72.2217
39.3125 19.25 -72.2217
38.375 20.625 -72.2217
37.125 21.8125 -72.2217
35.8125 22.6875 -72.2217
34.25 23.5 -72.3539
32.5625 23.8125 -72.3539
30.8125 23.8125 -72.3539
29.125 23.4375 -72.3539
27.5625 22.8125 -72.3539
26.125 21.75 -72.3539
24.9375 20.5625 -72.3539
24 19.125 -72.3539
23.375 17.5 -72.3539
23.0625 15.75 -72.3539
23.0625 14.0625 -72.3539
23.5 12.375 -72.3539
24.125 10.8125 -72.3539
25.125 9.375 -72.3539
26.375 8.125 -72.3539
27.8125 7.25 -72.3539
29.375 6.625 -72.3539
31.125 6.3125 -72.3539
32.8125 6.3125 -72.3539
34.5 6.6875 -72.3539
36.125 7.375 -72.3539
37.5625 8.375 -72.3539
38.75 9.5625 -72.3539
39.625 11.0625 -72.3539
40.25 12.625 -72.3539
40.5625 14.3125 -72.3539
40.5625 16.0625 -72.3539
40.1875 17.75 -72.3539
39.5625 19.375 -72.3539
38.5 20.8125 -72.3539
37.3125 22 -72.3539
35.875 22.875 -72.3539
31.875 15.0625 -69.5206
31.9375 15.5625 -69.5872
31.875 15.5625 -69.5872
31.8125 15.5625 -69.5872
31.625 15.5625 -69.5872
31.5625 15.5 -69.5872
31.5 15.5 -69.5872
31.375 15.4375 -69.5872
31.3125 15.375 -69.5872
31.3125 15.1875 -69.5872
31.3125 15.125 -69.5872
31.3125 15.0625 -69.5872
31.3125 14.875 -69.5872
31.375 14.8125 -69.5872
31.375 14.6875 -69.5872
31.5 14.625 -69.5872
31.5625 14.625 -69.5872
31.6875 14.5625 -69.5872
31.8125 14.5625 -69.5872
31.875 14.5625 -69.5872
32 14.5625 -69.5872
32.125 14.625 -69.5872
32.1875 14.625 -69.5872
32.25 14.6875 -69.5872
32.375 14.8125 -69.5872
32.375 14.9375 -69.5872
32.375 15.0625 -69.5872
32.375 15.125 -69.5872
32.375 15.1875 -69.5872
32.25 15.375 -69.5872
32.25 15.4375 -69.5872
32.1875 15.5 -69.5872
32.125 15.5 -69.5872
31.9375 16.0625 -69.7843
32.125 16.0625 -69.7843
31.6875 16.0625 -69.7843
31.5 16.0625 -69.7843
31.3125 16 -69.7843
31.125 15.8125 -69.7843
31 15.75 -69.7843
30.9375 15.5 -69.7843
30.8125 15.375 -69.7843
30.75 15.1875 -69.7843
30.75 14.9375 -69.7843
30.8125 14.8125 -69.7843
30.9375 14.5625 -69.7843
31 14.375 -69.7843
31.125 14.25 -69.7843
31.375 14.125 -69.7843
31.5625 14.0625 -69.7843
31.8125 14 -69.7843
31.9375 14 -69.7843
32.1875 14.0625 -69.7843
32.375 14.125 -69.7843
32.5 14.25 -69.7843
32.6875 14.375 -69.7843
32.75 14.5625 -69.7843
32.8125 14.8125 -69.7843
32.9375 14.9375 -69.7843
32.9375 15.1875 -69.7843
32.8125 15.375 -69.7843
32.75 15.5625 -69.7843
32.6875 15.75 -69.7843
32.5 15.9375 -69.7843
32.375 16 -69.7843
31.9375 16.5625 -70.1043
32.25 16.5625 -70.1043
31.625 16.5625 -70.1043
31.3125 16.5625 -70.1043
31.0625 16.375 -70.1043
30.8125 16.25 -70.1043
30.5625 16 -70.1043
30.4375 15.75 -70.1043
30.375 15.5 -70.1043
30.25 15.1875 -70.1043
30.25 14.875 -70.1043
30.375 14.625 -70.1043
30.5 14.3125 -70.1043
30.6875 14.0625 -70.1043
30.9375 13.9375 -70.1043
31.125 13.75 -70.1043
31.375 13.5625 -70.1043
31.6875 13.5625 -70.1043
32 13.5625 -70.1043
32.375 13.5625 -70.1043
32.5625 13.75 -70.1043
32.8125 13.9375 -70.1043
33.0625 14.125 -70.1043
33.25 14.375 -70.1043
33.3125 14.625 -70.1043
33.375 14.9375 -70.1043
33.375 15.1875 -70.1043
33.3125 15.5 -70.1043
33.125 15.8125 -70.1043
33 16.0625 -70.1043
32.8125 16.25 -70.1043
32.5 16.375 -70.1043
32.25 16.5625 -70.1425
31.9375 16.625 -70.1425
31.625 16.625 -70.1425
31.3125 16.5625 -70.1425
31.0625 16.5 -70.1425
30.8125 16.25 -70.1425
30.5625 16.0625 -70.1425
30.4375 15.75 -70.1425
30.25 15.5 -70.1425
30.25 15.1875 -70.1425
30.25 14.875 -70.1425
30.375 14.625 -70.1425
30.4375 14.3125 -70.1425
30.5625 14.0625 -70.1425
30.8125 13.8125 -70.1425
31.125 13.6875 -70.1425
31.375 13.5625 -70.1425
31.6875 13.5 -70.1425
32 13.5 -70.1425
32.375 13.5625 -70.1425
32.5625 13.6875 -70.1425
32.9375 13.9375 -70.1425
33.0625 14.0625 -70.1425
33.25 14.3125 -70.1425
33.375 14.625 -70.1425
33.375 14.9375 -70.1425
33.375 15.25 -70.1425
33.3125 15.5 -70.1425
33.25 15.8125 -70.1425
33.0625 16.0625 -70.1425
32.8125 16.3125 -70.1425
32.5625 16.5 -70.1425
44.8125 18.5625 -77.7541
44.8125 18.5625 -77.2179
41.0625 5.5 -77.2179
41.0625 5.5 -77.7541
44.25 18.6875 -77.7541
40.5625 5.6875 -77.7541
40.5625 5.6875 -77.2179
49.3125 24.6875 -78.1525
21.6875 32.6875 -78.2371
21.0625 27.8125 -78.1525
21.0625 27.8125 -78.2936
13.9375 5.125 -79.973
44.5625 7.6875 -79.973
-13.4375 6.6875 -79.973
-19.0625 2.375 -79.973
-14.625 5.5625 -79.973
-20.1875 1.5 -79.973
-24.6875 -1.75 -79.973
-26 -3.3125 -79.973
10.75 4.6875 -79.973
47.875 19.75 -79.973
-24.6875 -17.1875 61.077
-24.6875 -17.1875 61.077
-5.8125 -22.5625 61.077
-5.8125 -22.5625 61.077
-0.4375 -3.75 61.077
-0.4375 -3.75 61.077
-19.25 1.5625 61.077
-19.25 1.5625 61.077
-19.25 1.5625 54.665
41.5625 23.5625 -77.2179
28 27.4375 -77.2179
48 20.125 -78.2231
23.0625 24.6875 -77.2179
41.25 15.4375 -74.289
41.25 15.4375 -74.289
40.9375 12.5 -74.289
40.6875 18.3125 -74.289
40.6875 18.3125 -74.289
39.3125 20.875 -74.289
39.3125 20.875 -74.289
37.125 22.875 -74.289
37.125 22.875 -74.289
34.5 24.0625 -74.289
28.6875 23.8125 -74.289
26.125 22.5 -74.289
26.125 22.5 -74.289
24.125 20.3125 -74.289
24.125 20.3125 -74.289
22.9375 17.6875 -74.289
22.9375 17.6875 -74.289
22.5 14.6875 -74.289
22.5 14.6875 -74.289
23.0625 11.8125 -74.289
23.0625 11.8125 -74.289
24.5 9.25 -74.289
24.5 9.25 -74.289
26.6875 7.25 -74.289
26.6875 7.25 -74.289
29.3125 6.0625 -74.289
29.3125 6.0625 -74.289
29.3125 6.0625 -74.289
32.25 5.6875 -74.289
37.6875 7.6875 -74.289
22.375 32.375 -78.2231
45.0625 25.9375 -78.3615
47.3125 20.3125 -78.2936
22.375 32.5 -78.3534
22 32.125 -78.2231
21.6875 32.3125 -78.2231
21.875 32.875 -78.2231
21.6875 32.625 -78.4279
21.6875 32.5625 -78.1058
49.25 24.625 -78.2506
21.6875 32.6875 -78.2506
21.6875 32.6875 -78.2231
21.6875 32.6875 -78.1955
21.0625 27.8125 -78.2231
47.3125 20.25 -78.1955
21.0625 27.8125 -78.2895
47.9375 20 -78.3015
21.0625 27.9375 -78.0927
20.9375 28.25 -78.2231
20.9375 28.25 -78.0847
20.5 28.25 -78.2231
20.375 27.9375 -78.0527
20.375 28.0625 -78.2231
48 20.125 -78.0847
47.9375 20 -78.2231
48 20.3125 -78.2231
48 20.25 -78.1233
47.9375 20.125 -78.0222
47.9375 20.125 -78.0182
47.5625 20.5625 -78.2231
47.3125 20.25 -78.2231
47.3125 20.3125 -78.2231
49.3125 24.6875 -78.2231
49.25 24.625 -78.2231
49.25 24.6875 -78.0847
49.25 24.6875 -78.082
49.25 24.625 -78.3015
49.25 25.0625 -78.2231
48.6875 24.875 -78.0222
48.5625 24.9375 -78.3642
45.125 25.9375 -78.2936
45.125 25.9375 -78.2936
48.5625 24.9375 -78.2231
26.5625 31.1875 -78.2231
26.5 31.125 -78.2231
26.5625 31.25 -78.1566
26.5 31.1875 -78.3615
26.5625 31.25 -78.0927
26.5 31.25 -78.0847
26.4375 31.0625 -78.2231
26.5 31.25 -78.4279
26.5 31.25 -78.424
26.5 31.25 -78.0222
26.375 31.6875 -78.2231
26 31.0625 -78.0847
25.9375 31.375 -78.4838
25.9375 31.5 -78.3934
25.875 31.375 -78.3534
25.875 31.4375 -78.2231
45.125 25.9375 -78.2231
45.0625 25.9375 -78.0847
44.9375 25.6875 -78.2231
44.8125 26.375 -78.2231
44.5625 25.75 -78.0222
44.5 25.75 -78.0927
44.5 25.75 -78.2231
44.4375 26.0625 -78.0222
44.4375 26.0625 -78.3615
44.4375 26.0625 -78.3642
44.4375 26.125 -78.295
44.4375 26.125 -78.2231
44.25 18.6875 -77.2179
3  0 1 2  128 255 128
3  3 4 5  128 255 128
3  6 3 5  128 255 128
3  7 6 5  128 255 128
3  8 7 5  128 255 128
3  9 8 5  128 255 128
3  10 9 5  128 255 128
3  11 10 5  128 255 128
3  12 11 5  128 255 128
3  12 5 13  128 255 128
3  12 13 14  128 255 128
3  15 12 14  128 255 128
3  2 15 14  128 255 128
3  0 2 14  128 255 128
3  0 14 16  128 255 128
3  0 16 17  128 255 128
3  18 19 17  0 192 0
3  17 16 18  0 192 0
3  19 20 0  100 100 100
3  0 17 19  100 100 100
3  20 21 1  64 255 255
3  1 0 20  64 255 255
3  21 22 2  50 205 50
3  2 1 21  50 205 50
3  22 23 15  0 0 255
3  15 2 22  0 0 255
3  23 24 12  128 255 255
3  12 15 23  128 255 255
3  24 25 11  128 255 255
3  11 12 24  128 255 255
3  25 26 10  128 255 255
3  10 11 25  128 255 255
3  26 27 9  128 255 255
3  9 10 26  128 255 255
3  27 28 8  128 255 255
3  8 9 27  128 255 255
3  28 29 7  128 255 255
3  7 8 28  128 255 255
3  29 30 6  128 255 255
3  6 7 29  128 255 255
3  30 31 3  128 128 255
3  3 6 30  128 128 255
3  31 32 4  128 64 255
3  4 3 31  128 64 255
3  32 33 5  0 0 192
3  5 4 32  0 0 192
3  33 34 13  0 128 128
3  13 5 33  0 128 128
3  34 35 14  128 255 64
3  14 13 34  128 255 64
3  35 18 16  128 0 128
3  16 14 35  128 0 128
3  36 37 38  255 0 255
3  38 39 36  255 0 255
3  40 41 39  50 205 50
3  39 38 40  50 205 50
3  41 42 36  128 0 128
3  36 39 41  128 0 128
3  42 43 37  0 192 0
3  37 36 42  0 192 0
3  43 40 38  255 64 128
3  38 37 43  255 64 128
3  44 45 46  255 128 0
3  46 47 48  255 128 0
3  48 49 50  255 128 0
3  48 50 51  255 128 0
3  51 52 53  255 128 0
3  48 51 53  255 128 0
3  46 48 53  255 128 0
3  54 55 56  255 128 0
3  57 54 56  255 128 0
3  58 57 56  255 128 0
3  53 58 56  255 128 0
3  46 53 56  255 128 0
3  44 46 56  255 128 0
3  59 60 61  255 128 0
3  62 59 61  255 128 0
3  61 63 64  255 128 0
3  62 61 64  255 128 0
3  62 64 65  255 128 0
3  62 65 66  255 128 0
3  67 62 66  255 128 0
3  67 66 68  255 128 0
3  56 67 68  255 128 0
3  68 69 70  255 128 0
3  56 68 70  255 128 0
3  44 56 70  255 128 0
3  71 72 60  0 192 0
3  60 59 71  0 192 0
3  72 73 61  100 100 100
3  61 60 72  100 100 100
3  73 74 63  64 255 255
3  63 61 73  64 255 255
3  74 75 64  50 205 50
3  64 63 74  50 205 50
3  75 76 65  0 0 255
3  65 64 75  0 0 255
3  76 77 66  128 255 255
3  66 65 76  128 255 255
3  77 78 68  255 64 64
3  68 66 77  255 64 64
3  78 79 69  192 0 192
3  69 68 78  192 0 192
3  79 80 70  255 64 64
3  70 69 79  255 64 64
3  80 81 44  128 64 0
3  44 70 80  128 64 0
3  81 82 45  128 255 255
3  45 44 81  128 255 255
3  82 83 46  255 128 64
3  46 45 82  255 128 64
3  83 84 47  192 0 0
3  47 46 83  192 0 0
3  84 85 48  0 192 192
3  48 47 84  0 192 192
3  85 86 49  72 61 139
3  49 48 85  72 61 139
3  86 87 50  128 255 255
3  50 49 86  128 255 255
3  87 88 51  176 196 222
3  51 50 87  176 196 222
3  88 89 52  192 192 0
3  52 51 88  192 192 0
3  89 90 53  176 196 222
3  53 52 89  176 196 222
3  90 91 58  255 64 255
3  58 53 90  255 64 255
3  91 92 57  128 255 255
3  57 58 91  128 255 255
3  92 93 54  128 128 255
3  54 57 92  128 128 255
3  93 94 55  128 64 255
3  55 54 93  128 64 255
3  94 95 56  0 0 192
3  56 55 94  0 0 192
3  95 96 67  0 128 128
3  67 56 95  0 128 128
3  96 97 62  128 255 64
3  62 67 96  128 255 64
3  97 71 59  128 0 128
3  59 62 97  128 0 128
3  98 99 100  64 255 64
3  98 100 101  64 255 64
3  98 101 102  64 255 64
3  103 104 105  64 255 64
3  102 103 105  64 255 64
3  98 102 105  64 255 64
3  106 107 99  255 64 64
3  99 98 106  255 64 64
3  107 108 100  50 205 50
3  100 99 107  50 205 50
3  108 109 101  255 64 64
3  101 100 108  255 64 64
3  109 110 102  128 255 255
3  102 101 109  128 255 255
3  110 111 103  255 64 64
3  103 102 110  255 64 64
3  111 112 104  192 0 192
3  104 103 111  192 0 192
3  112 113 105  100 100 100
3  105 104 112  100 100 100
3  113 106 98  128 255 255
3  98 105 113  128 255 255
3  114 115 116  64 255 64
3  117 118 119  64 255 64
3  117 119 120  64 255 64
3  116 117 120  64 255 64
3  116 120 121  64 255 64
3  114 116 121  64 255 64
3  122 123 115  192 0 0
3  115 114 122  192 0 0
3  123 124 116  255 128 64
3  116 115 123  255 128 64
3  124 125 117  128 255 255
3  117 116 124  128 255 255
3  125 126 118  128 64 0
3  118 117 125  128 64 0
3  126 127 119  0 255 255
3  119 118 126  0 255 255
3  127 128 120  128 64 0
3  120 119 127  128 64 0
3  128 129 121  128 255 255
3  121 120 128  128 255 255
3  129 122 114  255 128 64
3  114 121 129  255 128 64
3  130 131 132  64 255 64
3  130 132 133  64 255 64
3  130 133 134  64 255 64
3  135 136 137  64 255 64
3  134 135 137  64 255 64
3  130 134 137  64 255 64
3  138 139 131  72 61 139
3  131 130 138  72 61 139
3  139 140 132  0 192 192
3  132 131 139  0 192 192
3  140 141 133  72 61 139
3  133 132 140  72 61 139
3  141 142 134  128 255 255
3  134 133 141  128 255 255
3  142 143 135  176 196 222
3  135 134 142  176 196 222
3  143 144 136  192 192 0
3  136 135 143  192 192 0
3  144 145 137  100 100 100
3  137 136 144  100 100 100
3  145 138 130  128 255 255
3  130 137 145  128 255 255
3  146 147 148  64 255 64
3  146 148 149  64 255 64
3  149 150 151  64 255 64
3  146 149 151  64 255 64
3  152 153 147  128 255 255
3  147 146 152  128 255 255
3  153 154 148  192 192 0
3  148 147 153  192 192 0
3  154 155 149  128 255 255
3  149 148 154  128 255 255
3  155 156 150  255 64 255
3  150 149 155  255 64 255
3  156 157 151  176 196 222
3  151 150 156  176 196 222
3  157 152 146  255 64 255
3  146 151 157  255 64 255
3  158 159 160  176 196 222
3  161 162 163  176 196 222
3  160 161 163  176 196 222
3  158 160 163  176 196 222
3  164 165 159  255 240 245
3  159 158 164  255 240 245
3  165 166 160  128 64 255
3  160 159 165  128 64 255
3  166 167 161  176 196 222
3  161 160 166  176 196 222
3  167 168 162  0 128 128
3  162 161 167  0 128 128
3  168 169 163  0 0 192
3  163 162 168  0 0 192
3  169 164 158  128 64 255
3  158 163 169  128 64 255
3  170 171 172  176 196 222
3  173 174 175  176 196 222
3  172 173 175  176 196 222
3  170 172 175  176 196 222
3  3932 176 171  255 255 0
3  171 170 3932  255 255 0
3  176 177 172  128 0 128
3  172 171 176  128 0 128
3  177 178 173  100 100 100
3  173 172 177  100 100 100
3  178 179 174  0 0 192
3  174 173 178  0 0 192
3  179 180 175  100 100 100
3  175 174 179  100 100 100
3  180 3932 170  128 0 128
3  170 175 180  128 0 128
3  181 182 183  64 255 64
3  183 184 181  64 255 64
3  185 186 184  100 100 100
3  184 183 185  100 100 100
3  186 187 181  0 192 0
3  181 184 186  0 192 0
3  187 3933 182  100 100 100
3  182 181 187  100 100 100
3  3933 185 183  0 192 0
3  183 182 3933  0 192 0
3  188 189 190  255 165 0
3  190 191 188  255 165 0
3  192 193 191  255 255 0
3  191 190 192  255 255 0
3  193 194 188  128 0 128
3  188 191 193  128 0 128
3  194 195 189  128 0 255
3  189 188 194  128 0 255
3  195 192 190  255 64 255
3  190 189 195  255 64 255
3  196 197 198  100 100 100
3  198 199 196  100 100 100
3  200 201 202  100 100 100
3  202 203 200  100 100 100
3  196 199 201  255 228 196
3  201 200 196  255 228 196
3  199 198 202  100 100 100
3  202 201 199  100 100 100
3  198 197 203  255 228 196
3  203 202 198  255 228 196
3  197 196 200  255 255 64
3  200 203 197  255 255 64
3  3588 3589 3590  0 0 255
3  3586 3587 3584  0 128 64
3  208 209 210  255 255 128
3  210 211 208  255 255 128
3  204 208 211  255 128 255
3  211 205 204  255 128 255
3  205 211 210  128 64 255
3  210 206 205  128 64 255
3  206 210 209  72 61 139
3  209 207 206  72 61 139
3  207 209 208  255 128 64
3  208 204 207  255 128 64
3  212 213 214  100 100 100
3  214 215 212  100 100 100
3  216 217 218  100 100 100
3  218 219 216  100 100 100
3  212 215 217  173 216 230
3  217 216 212  173 216 230
3  215 214 218  100 100 100
3  218 217 215  100 100 100
3  214 213 219  173 216 230
3  219 218 214  173 216 230
3  213 212 216  64 64 255
3  216 219 213  64 64 255
3  220 221 222  255 128 255
3  222 223 220  255 128 255
3  224 225 226  224 255 255
3  226 227 224  224 255 255
3  220 223 225  128 255 64
3  225 224 220  128 255 64
3  223 222 226  64 255 128
3  226 225 223  64 255 128
3  222 221 227  64 128 255
3  227 226 222  64 128 255
3  221 220 224  128 255 128
3  224 227 221  128 255 128
3  228 229 230  100 100 100
3  228 230 231  100 100 100
3  232 228 231  100 100 100
3  232 231 233  100 100 100
3  233 234 235  100 100 100
3  232 233 235  100 100 100
3  228 232 236  255 255 0
3  236 237 228  255 255 0
3  236 238 239  255 255 0
3  239 237 236  255 255 0
3  239 240 241  255 255 0
3  241 237 239  255 255 0
3  241 229 228  255 255 0
3  228 237 241  255 255 0
3  242 243 244  255 255 0
3  244 245 242  255 255 0
3  244 246 247  255 255 0
3  247 245 244  255 255 0
3  247 234 233  255 255 0
3  233 245 247  255 255 0
3  233 231 242  255 255 0
3  242 245 233  255 255 0
3  241 240 248  255 0 0
3  248 249 241  255 0 0
3  248 243 242  255 0 0
3  242 249 248  255 0 0
3  242 231 230  255 0 0
3  230 249 242  255 0 0
3  230 229 241  255 0 0
3  241 249 230  255 0 0
3  239 238 250  100 100 100
3  250 251 239  100 100 100
3  250 246 244  100 100 100
3  244 251 250  100 100 100
3  244 243 248  100 100 100
3  248 251 244  100 100 100
3  248 240 239  100 100 100
3  239 251 248  100 100 100
3  236 232 235  255 0 0
3  235 252 236  255 0 0
3  235 234 247  255 0 0
3  247 252 235  255 0 0
3  247 246 250  255 0 0
3  250 252 247  255 0 0
3  250 238 236  255 0 0
3  236 252 250  255 0 0
3  253 254 255  64 0 128
3  255 256 253  64 0 128
3  3942 3948 3946  128 128 255
3  3946 3944 3942  128 128 255
3  253 3943 3945  128 255 128
3  3945 254 253  128 255 128
3  254 3945 3947  128 255 255
3  3947 255 254  128 255 255
3  255 3947 3949  255 128 255
3  3949 256 255  255 128 255
3  256 3949 3943  255 255 128
3  3943 253 256  255 255 128
3  257 258 259  100 100 100
3  259 260 257  100 100 100
3  261 262 263  100 100 100
3  263 264 261  100 100 100
3  257 260 262  173 216 230
3  262 261 257  173 216 230
3  260 259 263  100 100 100
3  263 262 260  100 100 100
3  259 258 264  173 216 230
3  264 263 259  173 216 230
3  258 257 261  0 192 0
3  261 264 258  0 192 0
3  265 266 267  255 128 0
3  265 267 268  255 128 0
3  265 268 269  255 128 0
3  265 269 270  255 128 0
3  266 271 272  100 100 100
3  272 267 266  100 100 100
3  270 269 273  100 100 100
3  273 274 270  100 100 100
3  269 268 275  64 255 255
3  275 273 269  64 255 255
3  268 267 272  50 205 50
3  272 275 268  50 205 50
3  276 277 278  255 128 0
3  276 278 279  255 128 0
3  276 279 3941  255 128 0
3  276 3941 280  255 128 0
3  280 3941 281  0 0 255
3  281 282 280  0 0 255
3  3941 279 283  0 192 0
3  283 281 3941  0 192 0
3  279 278 284  64 255 255
3  284 283 279  64 255 255
3  277 285 284  100 100 100
3  284 278 277  100 100 100
3  286 282 281  176 196 222
3  286 281 283  176 196 222
3  286 283 284  176 196 222
3  286 284 285  176 196 222
3  287 274 273  255 20 147
3  287 273 275  255 20 147
3  287 275 272  255 20 147
3  287 272 271  255 20 147
3  270 274 287  64 255 255
3  287 265 270  64 255 255
3  266 265 287  50 205 50
3  287 271 266  50 205 50
3  277 276 286  64 255 255
3  286 285 277  64 255 255
3  280 282 286  0 192 0
3  286 276 280  0 192 0
3  3584 3585 3586  0 128 64
3  3580 3583 3577  100 100 100
3  3577 3576 3580  100 100 100
3  3583 3582 3578  255 64 64
3  3578 3577 3583  255 64 64
3  3582 3581 3579  0 0 192
3  3579 3578 3582  0 0 192
3  3581 3580 3576  255 64 64
3  3576 3579 3581  255 64 64
3  3582 3583 3580  0 0 255
3  3580 3581 3582  0 0 255
3  3578 3579 3576  100 100 100
3  295 296 297  128 255 64
3  297 298 295  128 255 64
3  299 300 301  192 192 0
3  301 302 299  192 192 0
3  295 298 300  255 128 128
3  300 299 295  255 128 128
3  298 297 301  255 240 245
3  301 300 298  255 240 245
3  297 296 302  255 128 0
3  302 301 297  255 128 0
3  296 295 299  255 128 0
3  299 302 296  255 128 0
3  303 304 305  192 192 0
3  305 306 303  192 192 0
3  307 308 309  192 192 0
3  309 310 307  192 192 0
3  303 306 308  100 100 100
3  308 307 303  100 100 100
3  306 305 309  100 100 100
3  309 308 306  100 100 100
3  305 304 310  100 100 100
3  310 309 305  100 100 100
3  304 303 307  255 128 0
3  307 310 304  255 128 0
3  311 312 313  192 192 0
3  313 314 311  192 192 0
3  315 316 317  100 100 100
3  317 318 315  100 100 100
3  311 314 316  100 100 100
3  316 315 311  100 100 100
3  314 313 317  255 0 0
3  317 316 314  255 0 0
3  313 312 318  100 100 100
3  318 317 313  100 100 100
3  312 311 315  255 128 0
3  315 318 312  255 128 0
3  3921 3922 3923  0 0 192
3  3923 3924 3921  0 0 192
3  3925 3926 3927  0 0 192
3  3927 3598 3925  0 0 192
3  3921 3924 3926  255 0 0
3  3926 3925 3921  255 0 0
3  3924 3923 3927  100 100 100
3  3927 3926 3924  100 100 100
3  3923 3922 3598  0 0 255
3  3598 3927 3923  0 0 255
3  3922 3921 3925  255 128 128
3  3925 3598 3922  255 128 128
3  319 320 321  192 192 0
3  321 322 319  192 192 0
3  323 324 325  192 192 0
3  325 326 323  192 192 0
3  319 322 324  255 0 0
3  324 323 319  255 0 0
3  322 321 325  100 100 100
3  325 324 322  100 100 100
3  321 320 326  0 0 255
3  326 325 321  0 0 255
3  320 319 323  255 128 0
3  323 326 320  255 128 0
3  327 328 329  100 100 100
3  329 330 327  100 100 100
3  331 332 333  100 100 100
3  333 334 331  100 100 100
3  327 330 332  64 128 255
3  332 331 327  64 128 255
3  330 329 333  100 100 100
3  333 332 330  100 100 100
3  329 328 334  64 128 255
3  334 333 329  64 128 255
3  328 327 331  255 255 128
3  331 334 328  255 255 128
3  336 337 335  100 100 100
3  338 336 335  100 100 100
3  339 338 335  100 100 100
3  340 339 335  100 100 100
3  341 340 335  100 100 100
3  342 341 335  100 100 100
3  343 342 335  100 100 100
3  344 343 335  100 100 100
3  345 344 335  100 100 100
3  346 345 335  100 100 100
3  347 346 335  100 100 100
3  348 347 335  100 100 100
3  349 348 335  100 100 100
3  350 349 335  100 100 100
3  351 350 335  100 100 100
3  352 351 335  100 100 100
3  353 352 335  100 100 100
3  354 353 335  100 100 100
3  355 354 335  100 100 100
3  356 355 335  100 100 100
3  357 356 335  100 100 100
3  358 357 335  100 100 100
3  359 358 335  100 100 100
3  337 359 335  100 100 100
3  336 338 339  0 0 255
3  339 340 341  0 0 255
3  341 342 343  0 0 255
3  339 341 343  0 0 255
3  343 344 345  0 0 255
3  345 346 347  0 0 255
3  343 345 347  0 0 255
3  347 348 349  0 0 255
3  349 350 351  0 0 255
3  347 349 351  0 0 255
3  343 347 351  0 0 255
3  351 352 353  0 0 255
3  3576 3577 3578  100 100 100
3  351 353 355  0 0 255
3  355 356 357  0 0 255
3  357 358 359  0 0 255
3  355 357 359  0 0 255
3  351 355 359  0 0 255
3  343 351 359  0 0 255
3  339 343 359  0 0 255
3  336 339 359  0 0 255
3  337 336 359  0 0 255
3  360 361 362  100 100 100
3  362 363 360  100 100 100
3  361 364 365  100 100 100
3  365 362 361  100 100 100
3  364 366 367  100 100 100
3  367 365 364  100 100 100
3  366 368 369  100 100 100
3  369 367 366  64 255 128
3  368 370 371  100 100 100
3  371 369 368  100 100 100
3  370 360 363  100 100 100
3  363 371 370  255 228 196
3  363 362 372  100 100 100
3  372 373 363  100 100 100
3  362 365 374  245 222 179
3  374 372 362  245 222 179
3  365 367 375  123 104 238
3  375 374 365  123 104 238
3  367 369 376  64 255 128
3  376 375 367  64 255 128
3  369 371 377  245 222 179
3  377 376 369  245 222 179
3  371 363 373  255 228 196
3  373 377 371  255 228 196
3  373 372 378  100 100 100
3  378 379 373  64 255 128
3  372 374 380  245 222 179
3  380 378 372  245 222 179
3  374 375 381  123 104 238
3  381 380 374  100 100 100
3  375 376 382  64 255 128
3  382 381 375  64 255 128
3  376 377 383  245 222 179
3  383 382 376  245 222 179
3  377 373 379  255 228 196
3  379 383 377  123 104 238
3  379 378 384  64 255 128
3  384 385 379  64 255 128
3  378 380 386  245 222 179
3  386 384 378  245 222 179
3  380 381 387  100 100 100
3  387 386 380  100 100 100
3  381 382 388  64 255 128
3  388 387 381  64 255 128
3  382 383 389  245 222 179
3  389 388 382  245 222 179
3  383 379 385  123 104 238
3  385 389 383  123 104 238
3  385 384 390  64 255 128
3  390 391 385  64 255 128
3  384 386 392  245 222 179
3  392 390 384  245 222 179
3  386 387 393  100 100 100
3  393 392 386  100 100 100
3  387 388 394  64 255 128
3  394 393 387  64 255 128
3  388 389 395  245 222 179
3  395 394 388  245 222 179
3  389 385 391  123 104 238
3  391 395 389  123 104 238
3  391 390 396  64 255 128
3  396 397 391  64 255 128
3  390 392 398  245 222 179
3  398 396 390  245 222 179
3  392 393 399  100 100 100
3  399 398 392  100 100 100
3  393 394 400  64 255 128
3  400 399 393  64 255 128
3  394 395 401  245 222 179
3  401 400 394  245 222 179
3  395 391 397  123 104 238
3  397 401 395  123 104 238
3  368 366 364  255 128 255
3  364 361 360  255 128 255
3  368 364 360  255 128 255
3  370 368 360  255 128 255
3  396 398 399  100 100 100
3  399 400 401  100 100 100
3  396 399 401  100 100 100
3  397 396 401  100 100 100
3  402 403 404  128 128 255
3  404 405 402  128 128 255
3  403 406 407  192 0 0
3  407 404 403  192 0 0
3  406 408 409  0 192 0
3  409 407 406  0 192 0
3  408 410 411  192 0 192
3  411 409 408  192 0 192
3  410 412 413  192 192 0
3  413 411 410  192 192 0
3  412 414 415  255 128 128
3  415 413 412  255 128 128
3  414 416 417  128 0 255
3  417 415 414  128 0 255
3  416 418 419  64 255 128
3  419 417 416  64 255 128
3  418 420 421  255 165 0
3  421 419 418  255 165 0
3  420 422 423  0 0 255
3  423 421 420  0 0 255
3  422 424 425  255 0 255
3  425 423 422  255 0 255
3  424 426 427  255 128 0
3  427 425 424  255 128 0
3  426 428 429  255 240 245
3  429 427 426  255 240 245
3  428 430 431  255 255 64
3  431 429 428  255 255 64
3  430 402 405  0 192 192
3  405 431 430  0 192 192
3  428 426 424  0 255 255
3  424 422 420  0 255 255
3  428 424 420  0 255 255
3  420 418 416  0 255 255
3  416 414 412  0 255 255
3  420 416 412  0 255 255
3  412 410 408  0 255 255
3  408 406 403  0 255 255
3  412 408 403  0 255 255
3  420 412 403  0 255 255
3  428 420 403  0 255 255
3  428 403 402  0 255 255
3  430 428 402  0 255 255
3  404 407 409  0 0 255
3  409 411 413  0 0 255
3  404 409 413  0 0 255
3  413 415 417  0 0 255
3  417 419 421  0 0 255
3  413 417 421  0 0 255
3  421 423 425  0 0 255
3  425 427 429  0 0 255
3  421 425 429  0 0 255
3  413 421 429  0 0 255
3  404 413 429  0 0 255
3  404 429 431  0 0 255
3  405 404 431  0 0 255
3  432 433 434  240 128 128
3  434 435 432  240 128 128
3  433 436 437  50 205 50
3  437 434 433  50 205 50
3  436 438 439  173 216 230
3  439 437 436  173 216 230
3  438 440 441  255 255 0
3  441 439 438  255 255 0
3  440 442 443  0 255 0
3  443 441 440  0 255 0
3  442 444 445  255 228 196
3  445 443 442  255 228 196
3  444 446 447  64 128 255
3  447 445 444  64 128 255
3  446 448 449  128 64 0
3  449 447 446  128 64 0
3  448 450 451  72 61 139
3  451 449 448  72 61 139
3  450 452 453  255 0 0
3  453 451 450  255 0 0
3  452 454 455  128 255 64
3  455 453 452  128 255 64
3  454 456 457  0 255 255
3  457 455 454  0 255 255
3  456 458 459  245 222 179
3  459 457 456  245 222 179
3  458 460 461  224 255 255
3  461 459 458  224 255 255
3  460 462 463  123 104 238
3  463 461 460  123 104 238
3  462 464 465  64 0 128
3  465 463 462  64 0 128
3  464 466 467  255 20 147
3  467 465 464  255 20 147
3  466 468 469  64 64 255
3  469 467 466  64 64 255
3  468 470 471  0 128 64
3  471 469 468  0 128 64
3  470 432 435  255 64 128
3  435 471 470  255 64 128
3  468 466 464  255 128 0
3  464 462 460  255 128 0
3  460 458 456  255 128 0
3  464 460 456  255 128 0
3  456 454 452  255 128 0
3  452 450 448  255 128 0
3  456 452 448  255 128 0
3  448 446 444  255 128 0
3  444 442 440  255 128 0
3  448 444 440  255 128 0
3  440 438 436  255 128 0
3  436 433 432  255 128 0
3  440 436 432  255 128 0
3  448 440 432  255 128 0
3  456 448 432  255 128 0
3  464 456 432  255 128 0
3  468 464 432  255 128 0
3  470 468 432  255 128 0
3  3573 3951 3570  0 192 192
3  3570 3569 3573  0 192 192
3  3951 3575 3571  0 128 128
3  3571 3570 3951  0 128 128
3  3575 3574 3572  100 100 100
3  3572 3571 3575  100 100 100
3  3574 3573 3569  0 128 128
3  3569 3572 3574  0 128 128
3  3575 3951 3573  100 100 100
3  3573 3574 3575  100 100 100
3  3571 3572 3569  0 128 64
3  467 469 471  255 0 255
3  3980 467 471  255 0 255
3  3569 3570 3571  0 128 64
3  3565 3568 3562  0 192 192
3  3562 3561 3565  0 192 192
3  3568 3567 3563  64 255 255
3  3563 3562 3568  64 255 255
3  472 473 474  255 128 128
3  474 475 476  255 128 128
3  476 477 478  255 128 128
3  479 480 481  255 128 128
3  478 479 481  255 128 128
3  478 481 482  255 128 128
3  476 478 482  255 128 128
3  474 476 482  255 128 128
3  472 474 482  255 128 128
3  472 482 483  255 128 128
3  484 485 480  0 255 0
3  480 479 484  0 255 0
3  485 486 481  0 128 128
3  481 480 485  0 128 128
3  486 487 482  128 255 64
3  482 481 486  128 255 64
3  487 488 483  0 0 192
3  483 482 487  0 0 192
3  488 489 472  255 0 255
3  472 483 488  255 0 255
3  489 490 473  128 64 0
3  473 472 489  128 64 0
3  490 491 474  0 255 255
3  474 473 490  0 255 255
3  491 492 475  72 61 139
3  475 474 491  72 61 139
3  492 493 476  255 128 64
3  476 475 492  255 128 64
3  493 494 477  192 192 0
3  477 476 493  192 192 0
3  494 495 478  176 196 222
3  478 477 494  176 196 222
3  495 484 479  255 0 0
3  479 478 495  255 0 0
3  3970 3972 496  100 100 100
3  496 497 3970  100 100 100
3  497 496 498  100 100 100
3  498 499 497  100 100 100
3  499 498 500  100 100 100
3  500 501 499  100 100 100
3  501 500 502  100 100 100
3  502 503 501  100 100 100
3  503 502 504  100 100 100
3  504 505 503  100 100 100
3  505 504 506  100 100 100
3  506 507 505  100 100 100
3  507 506 508  100 100 100
3  508 509 507  100 100 100
3  3972 3974 510  100 100 100
3  510 496 3972  100 100 100
3  496 510 511  100 100 100
3  511 498 496  100 100 100
3  498 511 512  100 100 100
3  512 500 498  100 100 100
3  500 512 513  100 100 100
3  513 502 500  100 100 100
3  502 513 514  100 100 100
3  514 504 502  100 100 100
3  504 514 515  100 100 100
3  515 506 504  100 100 100
3  506 515 516  255 64 128
3  516 508 506  255 64 128
3  3974 3976 517  100 100 100
3  517 510 3974  100 100 100
3  510 517 518  100 100 100
3  518 511 510  100 100 100
3  511 518 519  100 100 100
3  519 512 511  100 100 100
3  512 519 520  100 100 100
3  520 513 512  100 100 100
3  513 520 521  100 100 100
3  521 514 513  100 100 100
3  514 521 522  100 100 100
3  522 515 514  100 100 100
3  515 522 523  255 64 128
3  523 516 515  255 64 128
3  3976 3978 524  100 100 100
3  524 517 3976  224 255 255
3  517 524 525  224 255 255
3  525 518 517  100 100 100
3  518 525 526  100 100 100
3  526 519 518  100 100 100
3  519 526 527  100 100 100
3  527 520 519  100 100 100
3  520 527 528  100 100 100
3  528 521 520  100 100 100
3  521 528 529  100 100 100
3  529 522 521  100 100 100
3  522 529 530  255 64 128
3  530 523 522  255 64 128
3  3978 3981 531  100 100 100
3  531 524 3978  100 100 100
3  524 531 532  100 100 100
3  532 525 524  100 100 100
3  525 532 533  100 100 100
3  533 526 525  100 100 100
3  526 533 534  100 100 100
3  534 527 526  100 100 100
3  527 534 535  100 100 100
3  535 528 527  100 100 100
3  528 535 536  100 100 100
3  536 529 528  100 100 100
3  529 536 537  100 100 100
3  537 530 529  100 100 100
3  3981 3983 538  100 100 100
3  538 531 3981  100 100 100
3  531 538 539  100 100 100
3  539 532 531  100 100 100
3  532 539 540  100 100 100
3  540 533 532  100 100 100
3  533 540 541  100 100 100
3  541 534 533  100 100 100
3  534 541 542  100 100 100
3  542 535 534  100 100 100
3  535 542 543  100 100 100
3  543 536 535  100 100 100
3  536 543 544  255 165 0
3  544 537 536  255 165 0
3  3983 545 546  100 100 100
3  546 538 3983  100 100 100
3  538 546 547  100 100 100
3  547 539 538  100 100 100
3  539 547 548  100 100 100
3  548 540 539  100 100 100
3  540 548 549  100 100 100
3  549 541 540  100 100 100
3  541 549 550  100 100 100
3  550 542 541  100 100 100
3  542 550 551  255 165 0
3  551 543 542  255 165 0
3  543 551 552  255 165 0
3  552 544 543  255 165 0
3  545 3984 553  100 100 100
3  553 546 545  100 100 100
3  546 553 554  100 100 100
3  554 547 546  100 100 100
3  547 554 555  100 100 100
3  555 548 547  100 100 100
3  548 555 556  100 100 100
3  556 549 548  100 100 100
3  549 556 557  100 100 100
3  557 550 549  100 100 100
3  550 557 558  100 100 100
3  558 551 550  100 100 100
3  551 558 559  255 165 0
3  559 552 551  255 165 0
3  3984 560 561  100 100 100
3  561 553 3984  100 100 100
3  553 561 562  100 100 100
3  562 554 553  100 100 100
3  554 562 563  100 100 100
3  563 555 554  100 100 100
3  555 563 564  100 100 100
3  564 556 555  100 100 100
3  556 564 565  100 100 100
3  565 557 556  100 100 100
3  557 565 566  100 100 100
3  566 558 557  100 100 100
3  558 566 567  100 100 100
3  567 559 558  100 100 100
3  560 3957 568  100 100 100
3  568 561 560  100 100 100
3  561 568 569  100 100 100
3  569 562 561  100 100 100
3  562 569 570  100 100 100
3  570 563 562  100 100 100
3  563 570 571  100 100 100
3  571 564 563  100 100 100
3  564 571 572  100 100 100
3  572 565 564  100 100 100
3  565 572 573  100 100 100
3  573 566 565  100 100 100
3  566 573 574  100 100 100
3  574 567 566  100 100 100
3  3957 3955 575  100 100 100
3  575 568 3957  100 100 100
3  568 575 576  100 100 100
3  576 569 568  100 100 100
3  569 576 577  100 100 100
3  577 570 569  100 100 100
3  570 577 578  100 100 100
3  578 571 570  100 100 100
3  571 578 579  100 100 100
3  579 572 571  100 100 100
3  572 579 580  100 100 100
3  580 573 572  100 100 100
3  573 580 581  100 100 100
3  581 574 573  100 100 100
3  3955 3958 582  100 100 100
3  582 575 3955  100 100 100
3  575 582 583  100 100 100
3  583 576 575  100 100 100
3  576 583 584  100 100 100
3  584 577 576  100 100 100
3  577 584 585  100 100 100
3  585 578 577  100 100 100
3  578 585 586  100 100 100
3  586 579 578  100 100 100
3  579 586 587  100 100 100
3  587 580 579  100 100 100
3  580 587 588  128 64 255
3  588 581 580  128 64 255
3  3958 3960 589  173 216 230
3  589 582 3958  100 100 100
3  582 589 590  100 100 100
3  590 583 582  100 100 100
3  583 590 591  100 100 100
3  591 584 583  100 100 100
3  584 591 592  100 100 100
3  592 585 584  100 100 100
3  585 592 593  100 100 100
3  593 586 585  100 100 100
3  586 593 594  100 100 100
3  594 587 586  100 100 100
3  587 594 595  128 64 255
3  595 588 587  128 64 255
3  3960 3962 596  255 255 0
3  596 589 3960  255 255 0
3  589 596 597  100 100 100
3  597 590 589  100 100 100
3  590 597 598  100 100 100
3  598 591 590  100 100 100
3  591 598 599  100 100 100
3  599 592 591  100 100 100
3  592 599 600  100 100 100
3  600 593 592  100 100 100
3  593 600 601  100 100 100
3  601 594 593  100 100 100
3  594 601 602  128 64 255
3  602 595 594  128 64 255
3  3962 3964 603  100 100 100
3  603 596 3962  0 255 0
3  596 603 604  100 100 100
3  604 597 596  100 100 100
3  597 604 605  100 100 100
3  605 598 597  100 100 100
3  598 605 606  100 100 100
3  606 599 598  100 100 100
3  599 606 607  100 100 100
3  607 600 599  100 100 100
3  600 607 608  100 100 100
3  608 601 600  100 100 100
3  601 608 609  100 100 100
3  609 602 601  100 100 100
3  3964 610 611  100 100 100
3  611 603 3964  100 100 100
3  603 611 612  100 100 100
3  612 604 603  100 100 100
3  604 612 613  100 100 100
3  613 605 604  100 100 100
3  605 613 614  100 100 100
3  614 606 605  100 100 100
3  606 614 615  100 100 100
3  615 607 606  100 100 100
3  607 615 616  100 100 100
3  616 608 607  100 100 100
3  608 616 617  255 64 128
3  617 609 608  255 64 128
3  610 3965 618  100 100 100
3  618 611 610  100 100 100
3  611 618 619  100 100 100
3  619 612 611  100 100 100
3  612 619 620  100 100 100
3  620 613 612  100 100 100
3  613 620 621  100 100 100
3  621 614 613  100 100 100
3  614 621 622  100 100 100
3  622 615 614  100 100 100
3  615 622 623  100 100 100
3  623 616 615  100 100 100
3  616 623 624  255 64 128
3  624 617 616  255 64 128
3  3965 3966 625  100 100 100
3  625 618 3965  100 100 100
3  618 625 626  100 100 100
3  626 619 618  100 100 100
3  619 626 627  100 100 100
3  627 620 619  100 100 100
3  620 627 628  100 100 100
3  628 621 620  100 100 100
3  621 628 629  100 100 100
3  629 622 621  100 100 100
3  622 629 630  100 100 100
3  630 623 622  100 100 100
3  623 630 631  255 64 128
3  631 624 623  255 64 128
3  3966 3968 632  100 100 100
3  632 625 3966  72 61 139
3  625 632 633  100 100 100
3  633 626 625  100 100 100
3  626 633 634  100 100 100
3  634 627 626  100 100 100
3  627 634 635  100 100 100
3  635 628 627  100 100 100
3  628 635 636  100 100 100
3  636 629 628  100 100 100
3  629 636 637  240 128 128
3  637 630 629  100 100 100
3  630 637 638  240 128 128
3  638 631 630  240 128 128
3  3968 3970 497  100 100 100
3  497 632 3968  100 100 100
3  632 497 499  100 100 100
3  499 633 632  100 100 100
3  633 499 501  100 100 100
3  501 634 633  100 100 100
3  634 501 503  100 100 100
3  503 635 634  100 100 100
3  635 503 505  100 100 100
3  505 636 635  100 100 100
3  636 505 507  100 100 100
3  507 637 636  240 128 128
3  637 507 509  240 128 128
3  509 638 637  240 128 128
3  3969 3967 3965  255 0 255
3  3965 610 3964  255 0 255
3  3964 3963 3961  255 0 255
3  3965 3964 3961  255 0 255
3  3961 3959 3956  255 0 255
3  3956 3957 560  255 0 255
3  3961 3956 560  255 0 255
3  560 3984 545  255 0 255
3  545 3983 3982  255 0 255
3  560 545 3982  255 0 255
3  3982 3979 3977  255 0 255
3  3977 3975 3973  255 0 255
3  3982 3977 3973  255 0 255
3  560 3982 3973  255 0 255
3  3961 560 3973  255 0 255
3  3965 3961 3973  255 0 255
3  3969 3965 3973  255 0 255
3  3971 3969 3973  255 0 255
3  516 523 530  128 0 255
3  530 537 544  128 0 255
3  544 552 559  128 0 255
3  530 544 559  128 0 255
3  559 567 574  128 0 255
3  574 581 588  128 0 255
3  559 574 588  128 0 255
3  588 595 602  128 0 255
3  602 609 617  128 0 255
3  588 602 617  128 0 255
3  617 624 631  128 0 255
3  631 638 509  128 0 255
3  617 631 509  128 0 255
3  588 617 509  128 0 255
3  559 588 509  128 0 255
3  530 559 509  128 0 255
3  516 530 509  128 0 255
3  508 516 509  128 0 255
3  639 640 641  255 0 255
3  642 643 644  255 0 255
3  645 642 644  255 0 255
3  645 644 646  255 0 255
3  647 648 649  255 0 255
3  646 647 649  255 0 255
3  646 649 650  255 0 255
3  645 646 650  255 0 255
3  650 651 652  255 0 255
3  653 654 655  255 0 255
3  652 653 655  255 0 255
3  652 655 656  255 0 255
3  650 652 656  255 0 255
3  645 650 656  255 0 255
3  641 645 656  255 0 255
3  639 641 656  255 0 255
3  657 658 648  0 255 0
3  648 647 657  0 255 0
3  658 659 649  0 128 128
3  649 648 658  0 128 128
3  659 3940 650  128 255 64
3  650 649 659  128 255 64
3  3940 660 651  0 0 192
3  651 650 3940  0 0 192
3  660 661 652  128 255 128
3  652 651 660  128 255 128
3  661 3934 653  192 0 192
3  653 652 661  192 0 192
3  3934 662 654  192 0 192
3  654 653 3934  192 0 192
3  662 3936 655  255 64 64
3  655 654 662  255 64 64
3  3936 663 656  255 64 64
3  656 655 3936  255 64 64
3  663 3935 639  192 0 0
3  639 656 663  192 0 0
3  3935 664 640  192 0 0
3  640 639 3935  192 0 0
3  664 3937 641  0 192 192
3  641 640 664  0 192 192
3  3937 665 645  0 192 192
3  645 641 3937  0 192 192
3  665 3938 642  192 192 0
3  642 645 665  192 192 0
3  3938 666 643  192 192 0
3  643 642 3938  192 192 0
3  666 3939 644  0 0 192
3  644 643 666  0 0 192
3  3939 667 646  0 0 192
3  646 644 3939  0 0 192
3  667 657 647  255 0 0
3  647 646 667  255 0 0
3  668 669 670  255 255 128
3  671 672 673  255 255 128
3  673 3950 674  255 255 128
3  671 673 674  255 255 128
3  670 671 674  255 255 128
3  668 670 674  255 255 128
3  675 676 3950  72 61 139
3  3950 673 675  72 61 139
3  676 677 674  255 128 64
3  674 3950 676  255 128 64
3  677 678 668  192 192 0
3  668 674 677  192 192 0
3  678 679 669  176 196 222
3  669 668 678  176 196 222
3  679 680 670  64 255 64
3  670 669 679  64 255 64
3  680 681 671  192 0 0
3  671 670 680  192 0 0
3  681 682 672  128 64 0
3  672 671 681  128 64 0
3  682 675 673  0 255 255
3  673 672 682  0 255 255
3  3903 3889 3904  0 255 0
3  3889 3905 3904  0 255 0
3  3889 3906 3905  0 255 0
3  3889 3907 3906  0 255 0
3  3889 3908 3907  0 255 0
3  3889 3909 3908  0 255 0
3  683 690 691  100 100 100
3  683 691 692  100 100 100
3  683 692 693  100 100 100
3  683 693 694  100 100 100
3  3889 3910 3909  0 255 0
3  3889 3912 3910  0 255 0
3  3912 3911 3910  0 255 0
3  3889 3913 3912  0 255 0
3  3889 3914 3913  0 255 0
3  3889 3915 3914  0 255 0
3  3889 3916 3915  0 255 0
3  3985 699 700  100 100 100
3  3985 700 701  100 100 100
3  3985 701 702  100 100 100
3  3985 702 703  100 100 100
3  3985 703 704  100 100 100
3  3985 704 705  100 100 100
3  3985 705 706  100 100 100
3  3985 706 707  100 100 100
3  3985 707 708  100 100 100
3  3985 708 709  100 100 100
3  3985 709 710  100 100 100
3  3985 710 711  100 100 100
3  3985 711 712  100 100 100
3  3985 712 685  100 100 100
3  3889 3917 3916  0 255 0
3  3889 3918 3917  0 255 0
3  3889 3919 3918  0 255 0
3  3889 3920 3919  0 255 0
3  3903 3900 3889  0 255 0
3  716 687 686  100 100 100
3  686 715 716  100 100 100
3  717 688 687  100 100 100
3  687 716 717  100 100 100
3  718 689 688  100 100 100
3  688 717 718  100 100 100
3  719 690 689  100 100 100
3  689 718 719  100 100 100
3  720 691 690  100 100 100
3  690 719 720  100 100 100
3  721 692 691  100 100 100
3  691 720 721  100 100 100
3  3900 3891 3889  0 255 0
3  692 721 722  100 100 100
3  723 694 693  100 100 100
3  3891 3890 3889  0 255 0
3  724 695 694  100 100 100
3  694 723 724  100 100 100
3  725 696 695  100 100 100
3  695 724 725  100 100 100
3  726 697 696  100 100 100
3  696 725 726  100 100 100
3  3900 3899 3891  0 255 0
3  697 726 727  100 100 100
3  3899 3898 3891  0 255 0
3  3898 3892 3891  0 255 0
3  3898 3897 3892  0 255 0
3  3897 3893 3892  0 255 0
3  730 699 1693  100 100 100
3  1693 729 730  100 100 100
3  731 700 699  100 100 100
3  699 730 731  100 100 100
3  3897 3896 3893  0 255 0
3  3896 3894 3893  0 255 0
3  733 702 701  100 100 100
3  701 732 733  100 100 100
3  734 703 702  100 100 100
3  702 733 734  100 100 100
3  735 704 703  100 100 100
3  703 734 735  100 100 100
3  736 705 704  100 100 100
3  704 735 736  100 100 100
3  737 706 705  100 100 100
3  705 736 737  100 100 100
3  738 707 706  100 100 100
3  706 737 738  100 100 100
3  739 708 707  100 100 100
3  707 738 739  100 100 100
3  740 709 708  100 100 100
3  708 739 740  100 100 100
3  741 710 709  100 100 100
3  709 740 741  100 100 100
3  3896 3895 3894  0 255 0
3  710 741 742  100 100 100
3  3903 3902 3900  0 255 0
3  3902 3901 3900  0 255 0
3  744 685 712  100 100 100
3  3888 3920 3889  128 0 128
3  3889 3858 3888  100 100 100
3  685 744 714  100 100 100
3  745 713 714  100 100 100
3  714 746 745  100 100 100
3  747 715 713  100 100 100
3  713 745 747  100 100 100
3  748 716 715  100 100 100
3  715 747 748  100 100 100
3  749 717 716  100 100 100
3  716 748 749  100 100 100
3  750 718 717  100 100 100
3  717 749 750  100 100 100
3  751 719 718  100 100 100
3  718 750 751  100 100 100
3  752 720 719  100 100 100
3  719 751 752  100 100 100
3  753 721 720  100 100 100
3  720 752 753  100 100 100
3  754 722 721  100 100 100
3  721 753 754  100 100 100
3  755 723 722  100 100 100
3  722 754 755  100 100 100
3  756 724 723  100 100 100
3  723 755 756  100 100 100
3  757 725 724  100 100 100
3  724 756 757  100 100 100
3  758 726 725  100 100 100
3  725 757 758  100 100 100
3  759 727 726  100 100 100
3  726 758 759  100 100 100
3  760 728 727  100 100 100
3  727 759 760  100 100 100
3  3888 3887 3919  100 100 100
3  728 760 761  100 100 100
3  762 730 729  100 100 100
3  729 761 762  100 100 100
3  3919 3920 3888  128 0 128
3  3887 3886 3918  100 100 100
3  764 732 3988  100 100 100
3  3988 763 764  100 100 100
3  765 733 732  100 100 100
3  732 764 765  100 100 100
3  766 734 733  100 100 100
3  733 765 766  100 100 100
3  767 735 734  100 100 100
3  734 766 767  100 100 100
3  768 736 735  100 100 100
3  735 767 768  100 100 100
3  769 737 736  100 100 100
3  736 768 769  100 100 100
3  770 738 737  100 100 100
3  737 769 770  100 100 100
3  771 739 738  100 100 100
3  738 770 771  100 100 100
3  772 740 739  100 100 100
3  739 771 772  100 100 100
3  3918 3919 3887  100 100 100
3  740 772 773  100 100 100
3  774 742 741  100 100 100
3  3886 3885 3917  64 255 255
3  3917 3918 3886  100 100 100
3  742 774 775  100 100 100
3  3885 3884 3916  100 100 100
3  3916 3917 3885  64 255 255
3  746 714 744  100 100 100
3  744 776 746  100 100 100
3  777 745 746  100 100 100
3  746 778 777  100 100 100
3  779 747 745  100 100 100
3  745 777 779  100 100 100
3  780 748 747  100 100 100
3  747 779 780  100 100 100
3  781 749 748  100 100 100
3  748 780 781  100 100 100
3  782 750 749  100 100 100
3  749 781 782  100 100 100
3  783 751 750  100 100 100
3  750 782 783  100 100 100
3  784 752 751  100 100 100
3  751 783 784  100 100 100
3  785 753 752  100 100 100
3  752 784 785  100 100 100
3  786 754 753  100 100 100
3  753 785 786  100 100 100
3  787 755 754  100 100 100
3  754 786 787  100 100 100
3  788 756 755  100 100 100
3  755 787 788  100 100 100
3  789 757 756  100 100 100
3  756 788 789  100 100 100
3  3884 3883 3915  100 100 100
3  757 789 790  100 100 100
3  791 759 758  100 100 100
3  3915 3916 3884  100 100 100
3  3883 3882 3914  100 100 100
3  759 791 792  100 100 100
3  793 761 760  100 100 100
3  760 792 793  100 100 100
3  794 762 761  100 100 100
3  761 793 794  100 100 100
3  795 763 762  100 100 100
3  762 794 795  100 100 100
3  796 764 763  100 100 100
3  763 795 796  100 100 100
3  797 765 764  100 100 100
3  764 796 797  100 100 100
3  798 766 765  100 100 100
3  765 797 798  100 100 100
3  799 767 766  100 100 100
3  766 798 799  100 100 100
3  800 768 767  100 100 100
3  767 799 800  100 100 100
3  801 769 768  100 100 100
3  768 800 801  100 100 100
3  802 770 769  100 100 100
3  769 801 802  100 100 100
3  803 771 770  100 100 100
3  770 802 803  100 100 100
3  3914 3915 3883  100 100 100
3  771 803 804  100 100 100
3  805 773 772  100 100 100
3  3882 3881 3913  100 100 100
3  3913 3914 3882  100 100 100
3  773 805 806  100 100 100
3  807 775 774  100 100 100
3  774 806 807  100 100 100
3  808 776 775  100 100 100
3  775 807 808  100 100 100
3  778 746 776  100 100 100
3  776 808 778  100 100 100
3  809 777 778  100 100 100
3  778 810 809  100 100 100
3  811 779 777  100 100 100
3  777 809 811  100 100 100
3  812 780 779  100 100 100
3  779 811 812  100 100 100
3  813 781 780  100 100 100
3  780 812 813  100 100 100
3  814 782 781  100 100 100
3  781 813 814  100 100 100
3  815 783 782  100 100 100
3  782 814 815  100 100 100
3  816 784 783  100 100 100
3  783 815 816  100 100 100
3  817 785 784  100 100 100
3  784 816 817  100 100 100
3  818 786 785  100 100 100
3  785 817 818  100 100 100
3  819 787 786  100 100 100
3  786 818 819  100 100 100
3  820 788 787  100 100 100
3  787 819 820  100 100 100
3  3881 3880 3912  100 100 100
3  788 820 821  100 100 100
3  822 790 789  100 100 100
3  789 821 822  100 100 100
3  823 791 790  100 100 100
3  790 822 823  100 100 100
3  824 792 791  100 100 100
3  791 823 824  100 100 100
3  825 793 792  100 100 100
3  792 824 825  100 100 100
3  826 794 793  100 100 100
3  793 825 826  100 100 100
3  827 795 794  100 100 100
3  794 826 827  100 100 100
3  828 796 795  100 100 100
3  795 827 828  100 100 100
3  829 797 796  100 100 100
3  796 828 829  100 100 100
3  830 798 797  100 100 100
3  797 829 830  100 100 100
3  831 799 798  100 100 100
3  798 830 831  100 100 100
3  832 800 799  100 100 100
3  799 831 832  100 100 100
3  833 801 800  100 100 100
3  800 832 833  100 100 100
3  834 802 801  100 100 100
3  801 833 834  100 100 100
3  835 803 802  100 100 100
3  802 834 835  100 100 100
3  836 804 803  100 100 100
3  803 835 836  100 100 100
3  837 805 804  100 100 100
3  804 836 837  100 100 100
3  838 806 805  100 100 100
3  805 837 838  100 100 100
3  839 807 806  100 100 100
3  806 838 839  100 100 100
3  840 808 807  100 100 100
3  3912 3913 3881  100 100 100
3  810 778 808  100 100 100
3  808 840 810  100 100 100
3  841 809 810  100 100 100
3  810 842 841  100 100 100
3  843 811 809  100 100 100
3  809 841 843  100 100 100
3  844 812 811  100 100 100
3  811 843 844  100 100 100
3  845 813 812  100 100 100
3  812 844 845  100 100 100
3  846 814 813  100 100 100
3  813 845 846  100 100 100
3  847 815 814  100 100 100
3  814 846 847  100 100 100
3  848 816 815  100 100 100
3  815 847 848  100 100 100
3  849 817 816  100 100 100
3  816 848 849  100 100 100
3  850 818 817  100 100 100
3  817 849 850  100 100 100
3  3880 3879 3911  100 100 100
3  818 850 851  100 100 100
3  852 820 819  100 100 100
3  819 851 852  100 100 100
3  853 821 820  100 100 100
3  3911 3912 3880  100 100 100
3  854 822 821  100 100 100
3  821 853 854  100 100 100
3  855 823 822  100 100 100
3  822 854 855  100 100 100
3  856 824 823  100 100 100
3  823 855 856  100 100 100
3  857 825 824  100 100 100
3  824 856 857  100 100 100
3  858 826 825  100 100 100
3  825 857 858  100 100 100
3  859 827 826  100 100 100
3  826 858 859  100 100 100
3  860 828 827  100 100 100
3  827 859 860  100 100 100
3  861 829 828  100 100 100
3  828 860 861  100 100 100
3  862 830 829  100 100 100
3  829 861 862  100 100 100
3  863 831 830  100 100 100
3  830 862 863  100 100 100
3  864 832 831  100 100 100
3  831 863 864  100 100 100
3  832 864 833  100 100 100
3  865 834 833  100 100 100
3  866 835 834  100 100 100
3  834 865 866  100 100 100
3  3879 3878 3910  100 100 100
3  835 866 867  100 100 100
3  868 837 836  100 100 100
3  836 867 868  100 100 100
3  869 838 837  100 100 100
3  837 868 869  100 100 100
3  870 839 838  100 100 100
3  838 869 870  100 100 100
3  871 840 839  100 100 100
3  839 870 871  100 100 100
3  842 810 840  100 100 100
3  840 871 842  100 100 100
3  872 841 842  100 100 100
3  842 873 872  100 100 100
3  874 843 841  100 100 100
3  841 872 874  100 100 100
3  875 844 843  100 100 100
3  843 874 875  100 100 100
3  876 845 844  100 100 100
3  844 875 876  100 100 100
3  877 846 845  100 100 100
3  845 876 877  100 100 100
3  878 847 846  100 100 100
3  846 877 878  100 100 100
3  879 848 847  100 100 100
3  847 878 879  100 100 100
3  3910 3911 3879  100 100 100
3  3878 3877 3909  100 100 100
3  881 851 850  100 100 100
3  3909 3910 3878  100 100 100
3  882 852 851  100 100 100
3  851 881 882  100 100 100
3  883 853 852  100 100 100
3  852 882 883  100 100 100
3  884 854 853  100 100 100
3  853 883 884  100 100 100
3  885 855 854  100 100 100
3  854 884 885  100 100 100
3  886 856 855  100 100 100
3  855 885 886  100 100 100
3  887 857 856  100 100 100
3  856 886 887  100 100 100
3  888 858 857  100 100 100
3  857 887 888  100 100 100
3  889 859 858  100 100 100
3  858 888 889  100 100 100
3  890 860 859  100 100 100
3  859 889 890  100 100 100
3  891 861 860  100 100 100
3  860 890 891  100 100 100
3  892 862 861  100 100 100
3  861 891 892  100 100 100
3  893 863 862  100 100 100
3  862 892 893  100 100 100
3  894 864 863  100 100 100
3  863 893 894  100 100 100
3  895 833 864  100 100 100
3  864 894 895  100 100 100
3  896 865 833  100 100 100
3  833 895 896  100 100 100
3  897 866 865  100 100 100
3  865 896 897  100 100 100
3  898 867 866  100 100 100
3  866 897 898  100 100 100
3  899 868 867  100 100 100
3  867 898 899  100 100 100
3  900 869 868  100 100 100
3  868 899 900  100 100 100
3  901 870 869  100 100 100
3  869 900 901  100 100 100
3  902 871 870  100 100 100
3  870 901 902  100 100 100
3  873 842 871  100 100 100
3  871 902 873  100 100 100
3  903 872 873  100 100 100
3  873 904 903  100 100 100
3  905 874 872  100 100 100
3  872 903 905  100 100 100
3  906 875 874  100 100 100
3  874 905 906  100 100 100
3  907 876 875  100 100 100
3  875 906 907  100 100 100
3  908 877 876  100 100 100
3  876 907 908  100 100 100
3  909 878 877  100 100 100
3  877 908 909  100 100 100
3  910 879 878  100 100 100
3  878 909 910  100 100 100
3  911 3989 879  100 100 100
3  879 910 911  100 100 100
3  912 880 3989  100 100 100
3  3989 911 912  100 100 100
3  913 881 880  100 100 100
3  880 912 913  100 100 100
3  914 882 881  100 100 100
3  881 913 914  100 100 100
3  915 883 882  100 100 100
3  882 914 915  100 100 100
3  916 884 883  100 100 100
3  883 915 916  100 100 100
3  917 885 884  100 100 100
3  884 916 917  100 100 100
3  918 886 885  100 100 100
3  885 917 918  100 100 100
3  919 887 886  100 100 100
3  886 918 919  100 100 100
3  920 888 887  0 128 64
3  887 919 920  100 100 100
3  921 889 888  100 100 100
3  888 920 921  100 100 100
3  922 890 889  100 100 100
3  889 921 922  100 100 100
3  923 891 890  100 100 100
3  890 922 923  100 100 100
3  924 892 891  100 100 100
3  891 923 924  100 100 100
3  925 893 892  100 100 100
3  892 924 925  100 100 100
3  926 894 893  100 100 100
3  893 925 926  100 100 100
3  927 895 894  100 100 100
3  894 926 927  100 100 100
3  928 896 895  100 100 100
3  895 927 928  100 100 100
3  929 897 896  100 100 100
3  896 928 929  100 100 100
3  930 898 897  100 100 100
3  897 929 930  100 100 100
3  931 899 898  100 100 100
3  898 930 931  100 100 100
3  932 900 899  100 100 100
3  899 931 932  100 100 100
3  933 901 900  100 100 100
3  900 932 933  100 100 100
3  934 902 901  100 100 100
3  901 933 934  100 100 100
3  904 873 902  100 100 100
3  902 934 904  100 100 100
3  935 903 904  100 100 100
3  904 936 935  100 100 100
3  937 905 903  100 100 100
3  903 935 937  100 100 100
3  938 906 905  100 100 100
3  905 937 938  100 100 100
3  939 907 906  100 100 100
3  906 938 939  100 100 100
3  940 908 907  100 100 100
3  907 939 940  100 100 100
3  941 909 908  100 100 100
3  908 940 941  100 100 100
3  942 910 909  100 100 100
3  909 941 942  100 100 100
3  943 911 910  100 100 100
3  910 942 943  100 100 100
3  944 912 911  100 100 100
3  911 943 944  100 100 100
3  945 913 912  100 100 100
3  912 944 945  100 100 100
3  946 914 913  100 100 100
3  913 945 946  100 100 100
3  947 915 914  100 100 100
3  914 946 947  100 100 100
3  948 916 915  100 100 100
3  915 947 948  100 100 100
3  949 917 916  100 100 100
3  916 948 949  100 100 100
3  950 918 917  100 100 100
3  917 949 950  100 100 100
3  951 919 918  100 100 100
3  918 950 951  100 100 100
3  952 920 919  100 100 100
3  919 951 952  255 20 147
3  953 921 920  100 100 100
3  920 952 953  100 100 100
3  954 922 921  100 100 100
3  921 953 954  100 100 100
3  955 923 922  100 100 100
3  922 954 955  100 100 100
3  956 924 923  100 100 100
3  923 955 956  100 100 100
3  957 925 924  100 100 100
3  924 956 957  100 100 100
3  958 926 925  100 100 100
3  925 957 958  100 100 100
3  959 927 926  100 100 100
3  926 958 959  100 100 100
3  960 928 927  100 100 100
3  927 959 960  100 100 100
3  961 929 928  100 100 100
3  928 960 961  100 100 100
3  962 930 929  100 100 100
3  929 961 962  100 100 100
3  963 931 930  100 100 100
3  930 962 963  100 100 100
3  964 932 931  100 100 100
3  931 963 964  100 100 100
3  965 933 932  100 100 100
3  932 964 965  100 100 100
3  966 934 933  100 100 100
3  933 965 966  100 100 100
3  936 904 934  100 100 100
3  934 966 936  255 240 245
3  967 935 936  100 100 100
3  936 968 967  100 100 100
3  969 937 935  100 100 100
3  935 967 969  100 100 100
3  970 938 937  100 100 100
3  937 969 970  100 100 100
3  971 939 938  100 100 100
3  938 970 971  100 100 100
3  972 940 939  100 100 100
3  939 971 972  100 100 100
3  973 941 940  100 100 100
3  940 972 973  100 100 100
3  974 942 941  100 100 100
3  941 973 974  100 100 100
3  975 943 942  100 100 100
3  942 974 975  100 100 100
3  976 944 943  100 100 100
3  943 975 976  100 100 100
3  977 945 944  100 100 100
3  944 976 977  100 100 100
3  978 946 945  100 100 100
3  945 977 978  100 100 100
3  979 947 946  100 100 100
3  946 978 979  100 100 100
3  980 948 947  100 100 100
3  947 979 980  100 100 100
3  981 949 948  100 100 100
3  948 980 981  100 100 100
3  982 950 949  100 100 100
3  949 981 982  100 100 100
3  983 951 950  100 100 100
3  950 982 983  100 100 100
3  984 952 951  100 100 100
3  951 983 984  100 100 100
3  985 953 952  100 100 100
3  952 984 985  100 100 100
3  986 954 953  100 100 100
3  953 985 986  100 100 100
3  987 955 954  100 100 100
3  954 986 987  100 100 100
3  988 956 955  100 100 100
3  955 987 988  100 100 100
3  989 957 956  100 100 100
3  956 988 989  100 100 100
3  990 958 957  100 100 100
3  957 989 990  100 100 100
3  991 959 958  100 100 100
3  958 990 991  100 100 100
3  992 960 959  100 100 100
3  959 991 992  100 100 100
3  993 961 960  100 100 100
3  960 992 993  100 100 100
3  994 962 961  100 100 100
3  961 993 994  100 100 100
3  995 963 962  100 100 100
3  962 994 995  100 100 100
3  996 964 963  100 100 100
3  963 995 996  100 100 100
3  997 965 964  100 100 100
3  964 996 997  100 100 100
3  998 966 965  100 100 100
3  965 997 998  100 100 100
3  968 936 966  100 100 100
3  966 998 968  100 100 100
3  999 967 968  100 100 100
3  968 1000 999  100 100 100
3  1001 969 967  100 100 100
3  967 999 1001  100 100 100
3  1002 970 969  100 100 100
3  969 1001 1002  100 100 100
3  1003 971 970  100 100 100
3  970 1002 1003  100 100 100
3  3877 3876 3908  100 100 100
3  971 1003 1004  100 100 100
3  1005 973 972  100 100 100
3  972 1004 1005  100 100 100
3  1006 974 973  100 100 100
3  973 1005 1006  100 100 100
3  1007 975 974  100 100 100
3  974 1006 1007  100 100 100
3  1008 976 975  100 100 100
3  975 1007 1008  100 100 100
3  1009 977 976  100 100 100
3  976 1008 1009  100 100 100
3  1010 978 977  100 100 100
3  977 1009 1010  100 100 100
3  1011 979 978  100 100 100
3  978 1010 1011  100 100 100
3  1012 980 979  100 100 100
3  979 1011 1012  100 100 100
3  1013 981 980  100 100 100
3  980 1012 1013  100 100 100
3  1014 982 981  100 100 100
3  981 1013 1014  100 100 100
3  1015 983 982  100 100 100
3  982 1014 1015  100 100 100
3  1016 984 983  100 100 100
3  983 1015 1016  100 100 100
3  1017 985 984  100 100 100
3  984 1016 1017  100 100 100
3  1018 986 985  100 100 100
3  985 1017 1018  100 100 100
3  1019 987 986  100 100 100
3  986 1018 1019  100 100 100
3  1020 988 987  100 100 100
3  987 1019 1020  100 100 100
3  1021 989 988  100 100 100
3  988 1020 1021  100 100 100
3  1022 990 989  100 100 100
3  989 1021 1022  100 100 100
3  1023 991 990  100 100 100
3  990 1022 1023  100 100 100
3  1024 992 991  100 100 100
3  991 1023 1024  100 100 100
3  1025 993 992  100 100 100
3  992 1024 1025  100 100 100
3  1026 994 993  100 100 100
3  993 1025 1026  100 100 100
3  1027 995 994  100 100 100
3  994 1026 1027  100 100 100
3  1028 996 995  100 100 100
3  995 1027 1028  100 100 100
3  1029 997 996  100 100 100
3  996 1028 1029  100 100 100
3  1030 998 997  100 100 100
3  997 1029 1030  100 100 100
3  1000 968 998  100 100 100
3  998 1030 1000  100 100 100
3  3908 3909 3877  100 100 100
3  3876 3875 3907  100 100 100
3  1033 1001 999  100 100 100
3  999 1031 1033  100 100 100
3  1034 1002 1001  100 100 100
3  1001 1033 1034  100 100 100
3  1035 1003 1002  100 100 100
3  1002 1034 1035  100 100 100
3  1036 1004 1003  100 100 100
3  1003 1035 1036  100 100 100
3  1037 1005 1004  100 100 100
3  1004 1036 1037  100 100 100
3  3907 3908 3876  100 100 100
3  1005 1037 1038  100 100 100
3  3875 3874 3906  100 100 100
3  3906 3907 3875  100 100 100
3  1040 1009 1008  100 100 100
3  1008 1039 1040  100 100 100
3  1041 1010 1009  100 100 100
3  1009 1040 1041  100 100 100
3  1042 1011 1010  100 100 100
3  1010 1041 1042  100 100 100
3  1043 1012 1011  100 100 100
3  1011 1042 1043  100 100 100
3  1044 1013 1012  100 100 100
3  1012 1043 1044  100 100 100
3  1045 1014 1013  100 100 100
3  1013 1044 1045  100 100 100
3  3874 3873 3905  100 100 100
3  3905 3906 3874  100 100 100
3  1047 1016 1015  100 100 100
3  1015 1046 1047  100 100 100
3  1048 1017 1016  100 100 100
3  1016 1047 1048  100 100 100
3  1049 1018 1017  100 100 100
3  1017 1048 1049  100 100 100
3  1050 1019 1018  100 100 100
3  1018 1049 1050  100 100 100
3  1051 1020 1019  100 100 100
3  1019 1050 1051  100 100 100
3  1052 1021 1020  100 100 100
3  1020 1051 1052  100 100 100
3  3873 3872 3904  100 100 100
3  1021 1052 1053  100 100 100
3  3904 3905 3873  100 100 100
3  3872 3871 3903  255 64 255
3  1055 1025 1024  100 100 100
3  1024 1054 1055  100 100 100
3  1056 1026 1025  100 100 100
3  1025 1055 1056  100 100 100
3  1057 1027 1026  100 100 100
3  1026 1056 1057  100 100 100
3  1058 1028 1027  100 100 100
3  1027 1057 1058  100 100 100
3  1059 1029 1028  100 100 100
3  1028 1058 1059  100 100 100
3  1060 1030 1029  100 100 100
3  1029 1059 1060  100 100 100
3  1032 1000 1030  100 100 100
3  1030 1060 1032  100 100 100
3  1061 1031 1032  100 100 100
3  1032 1062 1061  100 100 100
3  1063 1033 1031  100 100 100
3  1031 1061 1063  100 100 100
3  3903 3904 3872  100 100 100
3  1033 1063 1064  100 100 100
3  1065 1035 1034  100 100 100
3  3871 3870 3902  100 100 100
3  1066 1036 1035  100 100 100
3  1035 1065 1066  100 100 100
3  3902 3903 3871  255 64 255
3  1036 1066 1067  100 100 100
3  1068 1038 1037  100 100 100
3  3870 3869 3901  100 100 100
3  1069 3990 1038  100 100 100
3  1038 1068 1069  100 100 100
3  1070 1039 3990  100 100 100
3  3990 1069 1070  100 100 100
3  1071 1040 1039  100 100 100
3  1039 1070 1071  100 100 100
3  1072 1041 1040  100 100 100
3  1040 1071 1072  100 100 100
3  1073 1042 1041  100 100 100
3  1041 1072 1073  100 100 100
3  1074 1043 1042  100 100 100
3  1042 1073 1074  100 100 100
3  1075 1044 1043  100 100 100
3  1043 1074 1075  100 100 100
3  1076 1045 1044  100 100 100
3  1044 1075 1076  100 100 100
3  3567 3566 3564  100 100 100
3  1045 1076 1077  100 100 100
3  1078 1047 1046  100 100 100
3  1046 3992 1078  100 100 100
3  1079 1048 1047  100 100 100
3  1047 1078 1079  100 100 100
3  3901 3902 3870  128 128 0
3  1048 1079 1080  100 100 100
3  1081 1050 1049  100 100 100
3  3869 3868 3900  100 100 100
3  3900 3901 3869  100 100 100
3  1050 1081 1082  100 100 100
3  1083 1052 1051  100 100 100
3  3868 3867 3899  100 100 100
3  1084 1053 1052  100 100 100
3  1052 1083 1084  100 100 100
3  1085 3991 1053  100 100 100
3  1053 1084 1085  100 100 100
3  1086 1054 3991  100 100 100
3  3991 1085 1086  100 100 100
3  1087 1055 1054  100 100 100
3  1054 1086 1087  100 100 100
3  1088 1056 1055  100 100 100
3  1055 1087 1088  100 100 100
3  1089 1057 1056  100 100 100
3  1056 1088 1089  100 100 100
3  1090 1058 1057  100 100 100
3  1057 1089 1090  100 100 100
3  1091 1059 1058  100 100 100
3  1058 1090 1091  100 100 100
3  1092 1060 1059  100 100 100
3  1059 1091 1092  100 100 100
3  1062 1032 1060  100 100 100
3  1060 1092 1062  100 100 100
3  1093 1061 1062  100 100 100
3  1062 1094 1093  100 100 100
3  3899 3900 3868  100 100 100
3  3867 3866 3898  100 100 100
3  1096 1064 1063  100 100 100
3  3898 3899 3867  100 100 100
3  1097 1065 1064  100 100 100
3  1064 1096 1097  100 100 100
3  1098 1066 1065  100 100 100
3  1065 1097 1098  100 100 100
3  1099 1067 1066  100 100 100
3  1066 1098 1099  100 100 100
3  1100 1068 1067  100 100 100
3  1067 1099 1100  100 100 100
3  1101 1069 1068  100 100 100
3  1068 1100 1101  100 100 100
3  1102 1070 1069  100 100 100
3  1069 1101 1102  100 100 100
3  1103 1071 1070  100 100 100
3  1070 1102 1103  100 100 100
3  1104 1072 1071  100 100 100
3  1071 1103 1104  100 100 100
3  1105 1073 1072  100 100 100
3  1072 1104 1105  100 100 100
3  1106 1074 1073  100 100 100
3  1073 1105 1106  100 100 100
3  1107 1075 1074  100 100 100
3  1074 1106 1107  100 100 100
3  3866 3865 3897  64 64 255
3  3897 3898 3866  100 100 100
3  1109 1077 1076  100 100 100
3  1076 1108 1109  100 100 100
3  3865 3864 3896  100 100 100
3  3896 3897 3865  64 64 255
3  1111 1079 1078  100 100 100
3  3864 3863 3895  100 100 100
3  1112 1080 1079  100 100 100
3  1079 1111 1112  100 100 100
3  1113 1081 1080  100 100 100
3  1080 1112 1113  100 100 100
3  1114 1082 1081  100 100 100
3  1081 1113 1114  100 100 100
3  1115 1083 1082  100 100 100
3  1082 1114 1115  100 100 100
3  1116 1084 1083  100 100 100
3  1083 1115 1116  100 100 100
3  1117 1085 1084  100 100 100
3  1084 1116 1117  100 100 100
3  1118 1086 1085  100 100 100
3  1085 1117 1118  100 100 100
3  1119 1087 1086  100 100 100
3  1086 1118 1119  100 100 100
3  1120 1088 1087  100 100 100
3  1087 1119 1120  100 100 100
3  1121 1089 1088  100 100 100
3  1088 1120 1121  100 100 100
3  1122 1090 1089  100 100 100
3  1089 1121 1122  100 100 100
3  1123 1091 1090  100 100 100
3  1090 1122 1123  100 100 100
3  1124 1092 1091  100 100 100
3  1091 1123 1124  100 100 100
3  3895 3896 3864  100 100 100
3  3863 3862 3894  100 100 100
3  1125 1093 1094  100 100 100
3  1094 1126 1125  100 100 100
3  1127 1095 1093  100 100 100
3  1093 1125 1127  100 100 100
3  1128 3993 1095  100 100 100
3  1095 1127 1128  100 100 100
3  3564 3563 3567  100 100 100
3  3993 1128 1129  100 100 100
3  1130 1098 1097  100 100 100
3  3894 3895 3863  100 100 100
3  1131 1099 1098  100 100 100
3  1098 1130 1131  100 100 100
3  1132 1100 1099  100 100 100
3  1099 1131 1132  100 100 100
3  1133 1101 1100  100 100 100
3  1100 1132 1133  100 100 100
3  1134 1102 1101  100 100 100
3  1101 1133 1134  100 100 100
3  1135 1103 1102  100 100 100
3  1102 1134 1135  100 100 100
3  1136 1104 1103  100 100 100
3  1103 1135 1136  100 100 100
3  1137 1105 1104  100 100 100
3  1104 1136 1137  100 100 100
3  3566 3565 3561  64 255 255
3  3862 3861 3893  64 255 64
3  1139 1107 1106  100 100 100
3  1106 1138 1139  100 100 100
3  1140 1108 1107  100 100 100
3  1107 1139 1140  100 100 100
3  1141 1109 1108  100 100 100
3  1108 1140 1141  100 100 100
3  3893 3894 3862  100 100 100
3  3861 3860 3892  100 100 100
3  3892 3893 3861  64 255 64
3  3860 3859 3891  100 100 100
3  1144 1112 1111  100 100 100
3  3891 3892 3860  100 100 100
3  1145 1113 1112  100 100 100
3  1112 1144 1145  100 100 100
3  3859 3857 3890  100 100 100
3  1113 1145 1146  100 100 100
3  3890 3891 3859  100 100 100
3  3857 3858 3889  100 100 100
3  3889 3890 3857  100 100 100
3  3856 3888 3858  100 100 100
3  3858 3826 3856  100 100 100
3  3855 3887 3888  100 100 100
3  3888 3856 3855  100 100 100
3  3854 3886 3887  100 100 100
3  1150 1121 1120  100 100 100
3  1120 1149 1150  100 100 100
3  1151 1122 1121  100 100 100
3  1121 1150 1151  100 100 100
3  1152 1123 1122  100 100 100
3  1122 1151 1152  100 100 100
3  3887 3855 3854  100 100 100
3  3853 3885 3886  100 100 100
3  3886 3854 3853  100 100 100
3  3852 3884 3885  100 100 100
3  1154 1125 1126  100 100 100
3  1154 1127 1125  100 100 100
3  1154 1128 1127  100 100 100
3  1154 1129 1128  100 100 100
3  1154 1130 1129  100 100 100
3  1154 1131 1130  100 100 100
3  1154 1132 1131  100 100 100
3  1154 1133 1132  100 100 100
3  1154 1134 1133  100 100 100
3  1154 1135 1134  100 100 100
3  1154 1136 1135  100 100 100
3  1154 1137 1136  100 100 100
3  1154 1138 1137  100 100 100
3  1154 1139 1138  100 100 100
3  1154 1140 1139  100 100 100
3  1154 1141 1140  100 100 100
3  1154 1142 1141  100 100 100
3  1154 1143 1142  100 100 100
3  1154 1144 1143  100 100 100
3  1154 1145 1144  100 100 100
3  1154 1146 1145  100 100 100
3  1154 3995 1146  100 100 100
3  1154 3929 3995  100 100 100
3  1154 3996 3929  100 100 100
3  1154 1148 3996  100 100 100
3  1154 3997 1148  100 100 100
3  1154 1149 3997  100 100 100
3  1154 1150 1149  100 100 100
3  1154 1151 1150  100 100 100
3  1154 1152 1151  100 100 100
3  1154 1153 1152  100 100 100
3  1154 1126 1153  100 100 100
3  3885 3853 3852  100 100 100
3  3851 3883 3884  100 100 100
3  3884 3852 3851  100 100 100
3  3850 3882 3883  100 100 100
3  1155 1160 1161  100 100 100
3  1155 1161 1162  100 100 100
3  1155 1162 1163  100 100 100
3  1155 1163 1164  100 100 100
3  1155 1164 1165  100 100 100
3  1155 1165 1166  100 100 100
3  1155 1166 1167  100 100 100
3  1155 1167 1168  100 100 100
3  3883 3851 3850  100 100 100
3  3849 3881 3882  100 100 100
3  3882 3850 3849  100 100 100
3  3848 3880 3881  100 100 100
3  3881 3849 3848  100 100 100
3  3847 3879 3880  100 100 100
3  3998 1170 1173  100 100 100
3  3998 1173 1174  100 100 100
3  3998 1174 1175  100 100 100
3  3998 1175 1176  100 100 100
3  3998 1176 1177  100 100 100
3  3998 1177 1178  100 100 100
3  3998 1178 1179  100 100 100
3  3998 1179 1180  100 100 100
3  3998 1180 1181  100 100 100
3  3998 1181 1182  100 100 100
3  3998 1182 1183  100 100 100
3  3998 1183 1158  100 100 100
3  3880 3848 3847  100 100 100
3  3846 3878 3879  100 100 100
3  3879 3847 3846  100 100 100
3  3845 3877 3878  100 100 100
3  1186 1158 3930  100 100 100
3  3930 1184 1186  100 100 100
3  1187 1159 1158  100 100 100
3  1158 1186 1187  100 100 100
3  1188 1160 1159  100 100 100
3  1159 1187 1188  100 100 100
3  1189 1161 1160  100 100 100
3  1160 1188 1189  100 100 100
3  1190 1162 1161  100 100 100
3  1161 1189 1190  100 100 100
3  1191 1163 1162  100 100 100
3  1162 1190 1191  100 100 100
3  1192 1164 1163  100 100 100
3  1163 1191 1192  100 100 100
3  1193 1165 1164  100 100 100
3  1164 1192 1193  100 100 100
3  1194 1166 1165  100 100 100
3  1165 1193 1194  100 100 100
3  1195 1167 1166  100 100 100
3  1166 1194 1195  100 100 100
3  1196 1168 1167  100 100 100
3  1167 1195 1196  100 100 100
3  1197 1169 1168  100 100 100
3  1168 1196 1197  100 100 100
3  1198 4000 1169  100 100 100
3  1169 1197 1198  100 100 100
3  3878 3846 3845  100 100 100
3  4000 1198 1199  100 100 100
3  3844 3876 3877  100 100 100
3  3877 3845 3844  100 100 100
3  1201 3931 1658  100 100 100
3  1658 1200 1201  100 100 100
3  1202 1170 3931  100 100 100
3  3931 1201 1202  100 100 100
3  1203 1173 1170  100 100 100
3  1170 1202 1203  100 100 100
3  3843 3875 3876  100 100 100
3  3876 3844 3843  100 100 100
3  1205 1175 1174  100 100 100
3  1174 1204 1205  100 100 100
3  1206 1176 1175  100 100 100
3  1175 1205 1206  100 100 100
3  1207 1177 1176  100 100 100
3  1176 1206 1207  100 100 100
3  1208 1178 1177  100 100 100
3  1177 1207 1208  100 100 100
3  1209 1179 1178  100 100 100
3  1178 1208 1209  100 100 100
3  1210 1180 1179  100 100 100
3  1179 1209 1210  100 100 100
3  1211 1181 1180  100 100 100
3  1180 1210 1211  100 100 100
3  3842 3874 3875  100 100 100
3  1181 1211 1212  100 100 100
3  3875 3843 3842  100 100 100
3  3841 3873 3874  100 100 100
3  1214 1158 1183  100 100 100
3  3874 3842 3841  100 100 100
3  1215 3930 1158  100 100 100
3  1158 1214 1215  100 100 100
3  3840 3872 3873  100 100 100
3  3930 1215 1185  100 100 100
3  1216 1184 1185  100 100 100
3  1185 1217 1216  100 100 100
3  1218 1186 1184  100 100 100
3  1184 1216 1218  100 100 100
3  1219 1187 1186  100 100 100
3  1186 1218 1219  100 100 100
3  3873 3841 3840  100 100 100
3  3839 3871 3872  100 100 100
3  1221 1189 1188  100 100 100
3  1188 1220 1221  100 100 100
3  1222 1190 1189  100 100 100
3  1189 1221 1222  100 100 100
3  1223 1191 1190  100 100 100
3  1190 1222 1223  100 100 100
3  1224 1192 1191  100 100 100
3  1191 1223 1224  100 100 100
3  1225 1193 1192  100 100 100
3  1192 1224 1225  100 100 100
3  1226 1194 1193  100 100 100
3  1193 1225 1226  100 100 100
3  1227 1195 1194  100 100 100
3  1194 1226 1227  100 100 100
3  3872 3840 3839  100 100 100
3  1195 1227 1228  100 100 100
3  3838 3870 3871  100 100 100
3  3871 3839 3838  100 100 100
3  1230 1198 1197  100 100 100
3  3837 3869 3870  100 100 100
3  1231 1199 1198  100 100 100
3  1198 1230 1231  100 100 100
3  1232 1200 1199  100 100 100
3  1199 1231 1232  100 100 100
3  1233 1201 1200  100 100 100
3  1200 1232 1233  100 100 100
3  3870 3838 3837  100 100 100
3  1201 1233 1234  100 100 100
3  1235 1203 1202  100 100 100
3  1202 1234 1235  100 100 100
3  1236 1204 1203  100 100 100
3  1203 1235 1236  100 100 100
3  1237 1205 1204  100 100 100
3  1204 1236 1237  100 100 100
3  1238 1206 1205  100 100 100
3  1205 1237 1238  100 100 100
3  1239 1207 1206  100 100 100
3  1206 1238 1239  100 100 100
3  1240 1208 1207  100 100 100
3  1207 1239 1240  100 100 100
3  1241 1209 1208  100 100 100
3  1208 1240 1241  100 100 100
3  1242 1210 1209  100 100 100
3  1209 1241 1242  100 100 100
3  3836 3868 3869  100 100 100
3  1210 1242 1243  100 100 100
3  1244 1212 1211  100 100 100
3  3869 3837 3836  100 100 100
3  1245 1213 1212  100 100 100
3  1212 1244 1245  100 100 100
3  3835 3867 3868  100 100 100
3  1213 1245 1246  100 100 100
3  3561 3564 3566  64 255 255
3  4002 1246 1247  100 100 100
3  1217 1185 1215  100 100 100
3  1215 1247 1217  100 100 100
3  3868 3836 3835  100 100 100
3  3834 3866 3867  100 100 100
3  1250 1218 1216  100 100 100
3  1216 1248 1250  100 100 100
3  1251 1219 1218  100 100 100
3  1218 1250 1251  100 100 100
3  1252 1220 1219  100 100 100
3  1219 1251 1252  100 100 100
3  1253 1221 1220  100 100 100
3  1220 1252 1253  100 100 100
3  1254 1222 1221  100 100 100
3  1221 1253 1254  100 100 100
3  1255 1223 1222  100 100 100
3  1222 1254 1255  100 100 100
3  1256 1224 1223  100 100 100
3  1223 1255 1256  100 100 100
3  1257 1225 1224  100 100 100
3  1224 1256 1257  100 100 100
3  1258 1226 1225  100 100 100
3  1225 1257 1258  100 100 100
3  1259 1227 1226  100 100 100
3  1226 1258 1259  100 100 100
3  1260 1228 1227  100 100 100
3  1227 1259 1260  100 100 100
3  1261 1229 1228  100 100 100
3  1228 1260 1261  100 100 100
3  1262 1230 1229  100 100 100
3  1229 1261 1262  100 100 100
3  1263 1231 1230  100 100 100
3  1230 1262 1263  100 100 100
3  3867 3835 3834  100 100 100
3  3833 3865 3866  100 100 100
3  1265 1233 1232  100 100 100
3  1232 1264 1265  100 100 100
3  1266 1234 1233  100 100 100
3  1233 1265 1266  100 100 100
3  1267 1235 1234  100 100 100
3  1234 1266 1267  100 100 100
3  1268 1236 1235  100 100 100
3  1235 1267 1268  100 100 100
3  1269 1237 1236  100 100 100
3  1236 1268 1269  100 100 100
3  1270 1238 1237  100 100 100
3  1237 1269 1270  100 100 100
3  1271 1239 1238  100 100 100
3  1238 1270 1271  100 100 100
3  1272 1240 1239  100 100 100
3  1239 1271 1272  100 100 100
3  1273 1241 1240  100 100 100
3  1240 1272 1273  100 100 100
3  3866 3834 3833  100 100 100
3  1241 1273 1274  100 100 100
3  1275 1243 1242  100 100 100
3  1242 1274 1275  100 100 100
3  1276 1244 1243  100 100 100
3  1243 1275 1276  100 100 100
3  1277 1245 1244  100 100 100
3  1244 1276 1277  100 100 100
3  1278 1246 1245  100 100 100
3  1245 1277 1278  100 100 100
3  1279 1247 1246  100 100 100
3  1246 1278 1279  100 100 100
3  1249 1217 1247  100 100 100
3  1247 1279 1249  100 100 100
3  1280 1248 1249  100 100 100
3  1249 1281 1280  100 100 100
3  1282 1250 1248  100 100 100
3  1248 1280 1282  100 100 100
3  1283 1251 1250  100 100 100
3  1250 1282 1283  100 100 100
3  1284 1252 1251  100 100 100
3  1251 1283 1284  100 100 100
3  1285 1253 1252  100 100 100
3  1252 1284 1285  100 100 100
3  1286 1254 1253  100 100 100
3  1253 1285 1286  100 100 100
3  1287 1255 1254  100 100 100
3  1254 1286 1287  100 100 100
3  1288 1256 1255  100 100 100
3  1255 1287 1288  100 100 100
3  1289 1257 1256  100 100 100
3  1256 1288 1289  100 100 100
3  1290 1258 1257  100 100 100
3  1257 1289 1290  100 100 100
3  1291 1259 1258  100 100 100
3  1258 1290 1291  100 100 100
3  1292 1260 1259  100 100 100
3  1259 1291 1292  100 100 100
3  1293 1261 1260  100 100 100
3  1260 1292 1293  100 100 100
3  3832 3864 3865  100 100 100
3  1261 1293 1294  100 100 100
3  1295 1263 1262  100 100 100
3  1262 1294 1295  100 100 100
3  3567 3568 3565  255 240 245
3  1263 1295 1296  100 100 100
3  1297 1265 1264  100 100 100
3  1264 1296 1297  100 100 100
3  1298 1266 1265  100 100 100
3  1265 1297 1298  100 100 100
3  1299 1267 1266  100 100 100
3  1266 1298 1299  100 100 100
3  1300 1268 1267  100 100 100
3  1267 1299 1300  100 100 100
3  1301 1269 1268  100 100 100
3  1268 1300 1301  100 100 100
3  1302 1270 1269  100 100 100
3  1269 1301 1302  100 100 100
3  1303 1271 1270  100 100 100
3  1270 1302 1303  100 100 100
3  1304 1272 1271  100 100 100
3  1271 1303 1304  100 100 100
3  1305 1273 1272  100 100 100
3  1272 1304 1305  100 100 100
3  1306 1274 1273  100 100 100
3  1273 1305 1306  100 100 100
3  1307 1275 1274  100 100 100
3  1274 1306 1307  100 100 100
3  3865 3833 3832  100 100 100
3  1275 1307 1308  100 100 100
3  1309 1277 1276  100 100 100
3  3831 3863 3864  100 100 100
3  1310 1278 1277  100 100 100
3  1277 1309 1310  100 100 100
3  1311 1279 1278  100 100 100
3  1278 1310 1311  100 100 100
3  1281 1249 1279  100 100 100
3  1279 1311 1281  100 100 100
3  1312 1280 1281  100 100 100
3  1281 1313 1312  100 100 100
3  1314 1282 1280  100 100 100
3  1280 1312 1314  100 100 100
3  1315 1283 1282  100 100 100
3  1282 1314 1315  100 100 100
3  1316 1284 1283  100 100 100
3  1283 1315 1316  100 100 100
3  1317 1285 1284  100 100 100
3  1284 1316 1317  100 100 100
3  1318 1286 1285  100 100 100
3  1285 1317 1318  100 100 100
3  1319 1287 1286  100 100 100
3  1286 1318 1319  100 100 100
3  1320 1288 1287  100 100 100
3  1287 1319 1320  100 100 100
3  1321 1289 1288  100 100 100
3  1288 1320 1321  100 100 100
3  1322 1290 1289  100 100 100
3  1289 1321 1322  100 100 100
3  1323 1291 1290  100 100 100
3  1290 1322 1323  100 100 100
3  1324 1292 1291  100 100 100
3  1291 1323 1324  100 100 100
3  1325 1293 1292  100 100 100
3  1292 1324 1325  100 100 100
3  1326 1294 1293  100 100 100
3  3864 3832 3831  100 100 100
3  1327 1295 1294  100 100 100
3  1294 1326 1327  100 100 100
3  1328 1296 1295  100 100 100
3  1295 1327 1328  100 100 100
3  1329 1297 1296  100 100 100
3  1296 1328 1329  100 100 100
3  1330 1298 1297  100 100 100
3  1297 1329 1330  100 100 100
3  1331 1299 1298  100 100 100
3  1298 1330 1331  100 100 100
3  1332 1300 1299  100 100 100
3  1299 1331 1332  100 100 100
3  1333 1301 1300  100 100 100
3  1300 1332 1333  100 100 100
3  1334 1302 1301  100 100 100
3  1301 1333 1334  100 100 100
3  1335 1303 1302  100 100 100
3  1302 1334 1335  100 100 100
3  1336 1304 1303  100 100 100
3  1303 1335 1336  100 100 100
3  1337 1305 1304  100 100 100
3  1304 1336 1337  100 100 100
3  1338 1306 1305  100 100 100
3  1305 1337 1338  100 100 100
3  1339 1307 1306  100 100 100
3  1306 1338 1339  100 100 100
3  1340 1308 1307  100 100 100
3  1307 1339 1340  100 100 100
3  1341 1309 1308  100 100 100
3  1308 1340 1341  100 100 100
3  1342 1310 1309  100 100 100
3  1309 1341 1342  100 100 100
3  1343 1311 1310  100 100 100
3  1310 1342 1343  100 100 100
3  1313 1281 1311  100 100 100
3  1311 1343 1313  100 100 100
3  1344 1312 1313  100 100 100
3  1313 1345 1344  100 100 100
3  1346 1314 1312  100 100 100
3  1312 1344 1346  100 100 100
3  1347 1315 1314  100 100 100
3  1314 1346 1347  100 100 100
3  1348 1316 1315  100 100 100
3  1315 1347 1348  100 100 100
3  1349 1317 1316  100 100 100
3  1316 1348 1349  100 100 100
3  1350 1318 1317  100 100 100
3  1317 1349 1350  100 100 100
3  1351 1319 1318  100 100 100
3  1318 1350 1351  100 100 100
3  1352 1320 1319  100 100 100
3  1319 1351 1352  100 100 100
3  1353 1321 1320  100 100 100
3  1320 1352 1353  100 100 100
3  1354 1322 1321  100 100 100
3  1321 1353 1354  100 100 100
3  1355 1323 1322  100 100 100
3  1322 1354 1355  100 100 100
3  1356 1324 1323  100 100 100
3  1323 1355 1356  100 100 100
3  1357 1325 1324  100 100 100
3  1324 1356 1357  100 100 100
3  1358 1326 1325  100 100 100
3  1325 1357 1358  100 100 100
3  1359 1327 1326  100 100 100
3  1326 1358 1359  100 100 100
3  1360 1328 1327  100 100 100
3  1327 1359 1360  100 100 100
3  1361 1329 1328  100 100 100
3  1328 1360 1361  100 100 100
3  1362 1330 1329  0 128 64
3  1329 1361 1362  100 100 100
3  1363 1331 1330  100 100 100
3  1330 1362 1363  100 100 100
3  1364 1332 1331  100 100 100
3  1331 1363 1364  100 100 100
3  1365 1333 1332  100 100 100
3  1332 1364 1365  100 100 100
3  1366 1334 1333  100 100 100
3  1333 1365 1366  100 100 100
3  3830 3862 3863  100 100 100
3  3863 3831 3830  100 100 100
3  3829 3861 3862  100 100 100
3  3862 3830 3829  100 100 100
3  3828 3860 3861  100 100 100
3  3861 3829 3828  100 100 100
3  1370 1339 1338  100 100 100
3  1338 1369 1370  100 100 100
3  1371 1340 1339  100 100 100
3  1339 1370 1371  100 100 100
3  1372 1341 1340  100 100 100
3  1340 1371 1372  100 100 100
3  1373 1342 1341  100 100 100
3  1341 1372 1373  100 100 100
3  1374 1343 1342  100 100 100
3  1342 1373 1374  100 100 100
3  1345 1313 1343  100 100 100
3  1343 1374 1345  100 100 100
3  1375 1344 1345  100 100 100
3  1345 1376 1375  100 100 100
3  1377 1346 1344  100 100 100
3  1344 1375 1377  100 100 100
3  1378 1347 1346  100 100 100
3  1346 1377 1378  100 100 100
3  1379 1348 1347  100 100 100
3  1347 1378 1379  100 100 100
3  1380 1349 1348  100 100 100
3  1348 1379 1380  100 100 100
3  1381 1350 1349  100 100 100
3  1349 1380 1381  100 100 100
3  1382 1351 1350  100 100 100
3  1350 1381 1382  100 100 100
3  1383 1352 1351  100 100 100
3  1351 1382 1383  100 100 100
3  1384 1353 1352  100 100 100
3  1352 1383 1384  100 100 100
3  1385 1354 1353  100 100 100
3  1353 1384 1385  100 100 100
3  1386 1355 1354  100 100 100
3  1354 1385 1386  100 100 100
3  1387 1356 1355  100 100 100
3  3827 3859 3860  100 100 100
3  1388 1357 1356  100 100 100
3  1356 1387 1388  100 100 100
3  1389 1358 1357  100 100 100
3  1357 1388 1389  100 100 100
3  1390 1359 1358  100 100 100
3  1358 1389 1390  100 100 100
3  1391 1360 1359  100 100 100
3  1359 1390 1391  100 100 100
3  1392 1361 1360  0 128 64
3  1360 1391 1392  100 100 100
3  1393 1362 1361  100 100 100
3  1361 1392 1393  100 100 100
3  1394 1363 1362  100 100 100
3  1362 1393 1394  100 100 100
3  1395 1364 1363  100 100 100
3  1363 1394 1395  100 100 100
3  1396 1365 1364  100 100 100
3  1364 1395 1396  100 100 100
3  1397 1366 1365  100 100 100
3  3860 3828 3827  100 100 100
3  1398 1367 1366  100 100 100
3  1366 1397 1398  100 100 100
3  1399 4003 1367  100 100 100
3  1367 1398 1399  100 100 100
3  1400 1368 4003  100 100 100
3  4003 1399 1400  100 100 100
3  1401 4004 1368  100 100 100
3  1368 1400 1401  100 100 100
3  3565 3566 3567  255 240 245
3  4004 1401 1402  100 100 100
3  1403 1371 1370  100 100 100
3  3563 3564 3561  0 128 64
3  1404 1372 1371  100 100 100
3  1371 1403 1404  100 100 100
3  1405 1373 1372  100 100 100
3  1372 1404 1405  100 100 100
3  1406 1374 1373  100 100 100
3  1373 1405 1406  100 100 100
3  1376 1345 1374  100 100 100
3  1374 1406 1376  100 100 100
3  1407 1375 1376  100 100 100
3  1376 1408 1407  100 100 100
3  1409 1377 1375  100 100 100
3  1375 1407 1409  100 100 100
3  1410 1378 1377  100 100 100
3  1377 1409 1410  100 100 100
3  1411 1379 1378  100 100 100
3  1378 1410 1411  100 100 100
3  1412 1380 1379  100 100 100
3  1379 1411 1412  100 100 100
3  1413 1381 1380  100 100 100
3  1380 1412 1413  100 100 100
3  1414 1382 1381  100 100 100
3  1381 1413 1414  100 100 100
3  1415 1383 1382  100 100 100
3  1382 1414 1415  100 100 100
3  1416 1384 1383  100 100 100
3  1383 1415 1416  100 100 100
3  1417 1385 1384  100 100 100
3  1384 1416 1417  100 100 100
3  1418 1386 1385  100 100 100
3  1385 1417 1418  100 100 100
3  1419 1387 1386  100 100 100
3  1386 1418 1419  100 100 100
3  1420 1388 1387  100 100 100
3  1387 1419 1420  100 100 100
3  1421 1389 1388  100 100 100
3  1388 1420 1421  100 100 100
3  1422 1390 1389  100 100 100
3  1389 1421 1422  100 100 100
3  1423 1391 1390  100 100 100
3  1390 1422 1423  100 100 100
3  1424 1392 1391  100 100 100
3  1391 1423 1424  100 100 100
3  1425 1393 1392  100 100 100
3  1392 1424 1425  100 100 100
3  1426 1394 1393  100 100 100
3  1393 1425 1426  100 100 100
3  1427 1395 1394  100 100 100
3  1394 1426 1427  100 100 100
3  1428 1396 1395  100 100 100
3  3825 3857 3859  100 100 100
3  1429 1397 1396  100 100 100
3  1396 1428 1429  100 100 100
3  1430 1398 1397  100 100 100
3  1397 1429 1430  100 100 100
3  1431 1399 1398  100 100 100
3  1398 1430 1431  100 100 100
3  1432 1400 1399  100 100 100
3  1399 1431 1432  100 100 100
3  1433 1401 1400  100 100 100
3  1400 1432 1433  100 100 100
3  1434 1402 1401  100 100 100
3  1401 1433 1434  100 100 100
3  1435 1403 1402  100 100 100
3  1402 1434 1435  100 100 100
3  1436 1404 1403  100 100 100
3  1403 1435 1436  100 100 100
3  1437 1405 1404  100 100 100
3  1404 1436 1437  100 100 100
3  1438 1406 1405  100 100 100
3  1405 1437 1438  100 100 100
3  1408 1376 1406  100 100 100
3  1406 1438 1408  100 100 100
3  1439 1407 1408  100 100 100
3  1408 1440 1439  100 100 100
3  1441 1409 1407  100 100 100
3  1407 1439 1441  100 100 100
3  1442 1410 1409  100 100 100
3  1409 1441 1442  100 100 100
3  1443 1411 1410  100 100 100
3  1410 1442 1443  100 100 100
3  1444 1412 1411  100 100 100
3  1411 1443 1444  100 100 100
3  1445 1413 1412  100 100 100
3  1412 1444 1445  100 100 100
3  1446 1414 1413  100 100 100
3  1413 1445 1446  100 100 100
3  1447 1415 1414  100 100 100
3  1414 1446 1447  100 100 100
3  1448 1416 1415  100 100 100
3  1415 1447 1448  100 100 100
3  1449 1417 1416  100 100 100
3  1416 1448 1449  100 100 100
3  1450 1418 1417  100 100 100
3  1417 1449 1450  100 100 100
3  1451 1419 1418  100 100 100
3  1418 1450 1451  100 100 100
3  1452 1420 1419  100 100 100
3  1419 1451 1452  100 100 100
3  1453 1421 1420  100 100 100
3  1420 1452 1453  100 100 100
3  1454 1422 1421  100 100 100
3  1421 1453 1454  100 100 100
3  1455 1423 1422  100 100 100
3  1422 1454 1455  100 100 100
3  1456 1424 1423  100 100 100
3  1423 1455 1456  100 100 100
3  1457 1425 1424  100 100 100
3  1424 1456 1457  100 100 100
3  1458 1426 1425  100 100 100
3  1425 1457 1458  100 100 100
3  1459 1427 1426  100 100 100
3  1426 1458 1459  100 100 100
3  1460 1428 1427  100 100 100
3  1427 1459 1460  100 100 100
3  1461 1429 1428  100 100 100
3  1428 1460 1461  100 100 100
3  1462 1430 1429  100 100 100
3  1429 1461 1462  100 100 100
3  1463 1431 1430  100 100 100
3  1430 1462 1463  100 100 100
3  1464 1432 1431  100 100 100
3  1431 1463 1464  100 100 100
3  1465 1433 1432  100 100 100
3  1432 1464 1465  100 100 100
3  1466 1434 1433  100 100 100
3  1433 1465 1466  100 100 100
3  1467 1435 1434  100 100 100
3  1434 1466 1467  100 100 100
3  1468 1436 1435  100 100 100
3  1435 1467 1468  100 100 100
3  1469 1437 1436  100 100 100
3  1436 1468 1469  100 100 100
3  1470 1438 1437  100 100 100
3  1437 1469 1470  100 100 100
3  1440 1408 1438  100 100 100
3  1438 1470 1440  255 240 245
3  1471 1439 1440  100 100 100
3  1440 1472 1471  100 100 100
3  1473 1441 1439  100 100 100
3  1439 1471 1473  100 100 100
3  3859 3827 3825  100 100 100
3  1441 1473 1474  100 100 100
3  1475 1443 1442  100 100 100
3  1442 1474 1475  100 100 100
3  1476 1444 1443  100 100 100
3  1443 1475 1476  100 100 100
3  1477 1445 1444  100 100 100
3  1444 1476 1477  100 100 100
3  1478 1446 1445  100 100 100
3  1445 1477 1478  100 100 100
3  1479 1447 1446  100 100 100
3  1446 1478 1479  100 100 100
3  1480 1448 1447  100 100 100
3  1447 1479 1480  100 100 100
3  1481 1449 1448  100 100 100
3  1448 1480 1481  100 100 100
3  1482 1450 1449  100 100 100
3  1449 1481 1482  100 100 100
3  1483 1451 1450  100 100 100
3  1450 1482 1483  100 100 100
3  1484 1452 1451  100 100 100
3  1451 1483 1484  100 100 100
3  1485 1453 1452  100 100 100
3  1452 1484 1485  100 100 100
3  1486 1454 1453  100 100 100
3  1453 1485 1486  100 100 100
3  1487 1455 1454  100 100 100
3  1454 1486 1487  100 100 100
3  1488 1456 1455  100 100 100
3  1455 1487 1488  100 100 100
3  1489 1457 1456  100 100 100
3  1456 1488 1489  100 100 100
3  1490 1458 1457  100 100 100
3  1457 1489 1490  100 100 100
3  1491 1459 1458  100 100 100
3  1458 1490 1491  100 100 100
3  1492 1460 1459  100 100 100
3  1459 1491 1492  100 100 100
3  1493 1461 1460  100 100 100
3  1460 1492 1493  100 100 100
3  1494 1462 1461  100 100 100
3  1461 1493 1494  100 100 100
3  1495 1463 1462  100 100 100
3  1462 1494 1495  100 100 100
3  1496 1464 1463  100 100 100
3  1463 1495 1496  100 100 100
3  1497 1465 1464  100 100 100
3  1464 1496 1497  100 100 100
3  1498 1466 1465  100 100 100
3  1465 1497 1498  100 100 100
3  1499 1467 1466  100 100 100
3  1466 1498 1499  100 100 100
3  1500 1468 1467  100 100 100
3  1467 1499 1500  100 100 100
3  1501 1469 1468  100 100 100
3  1468 1500 1501  100 100 100
3  1502 1470 1469  100 100 100
3  1469 1501 1502  100 100 100
3  1472 1440 1470  100 100 100
3  1470 1502 1472  100 100 100
3  1503 1471 1472  100 100 100
3  1472 1504 1503  100 100 100
3  1505 1473 1471  100 100 100
3  1471 1503 1505  100 100 100
3  1506 1474 1473  100 100 100
3  1473 1505 1506  100 100 100
3  1507 1475 1474  100 100 100
3  1474 1506 1507  100 100 100
3  1508 1476 1475  100 100 100
3  1475 1507 1508  100 100 100
3  3826 3858 3857  100 100 100
3  1476 1508 1509  100 100 100
3  1510 1478 1477  100 100 100
3  3857 3825 3826  100 100 100
3  1511 1479 1478  100 100 100
3  1478 1510 1511  100 100 100
3  1512 1480 1479  100 100 100
3  1479 1511 1512  100 100 100
3  1513 1481 1480  100 100 100
3  1480 1512 1513  100 100 100
3  1514 1482 1481  100 100 100
3  1481 1513 1514  100 100 100
3  1515 1483 1482  100 100 100
3  1482 1514 1515  100 100 100
3  1516 1484 1483  100 100 100
3  1483 1515 1516  100 100 100
3  1517 1485 1484  100 100 100
3  1484 1516 1517  100 100 100
3  1518 1486 1485  100 100 100
3  1485 1517 1518  100 100 100
3  1519 1487 1486  100 100 100
3  1486 1518 1519  100 100 100
3  1520 1488 1487  100 100 100
3  1487 1519 1520  100 100 100
3  1521 1489 1488  100 100 100
3  3824 3856 3826  128 0 128
3  1522 1490 1489  100 100 100
3  1489 1521 1522  100 100 100
3  1523 1491 1490  100 100 100
3  1490 1522 1523  100 100 100
3  1524 1492 1491  100 100 100
3  1491 1523 1524  100 100 100
3  1525 1493 1492  100 100 100
3  1492 1524 1525  100 100 100
3  1526 1494 1493  100 100 100
3  1493 1525 1526  100 100 100
3  1527 1495 1494  100 100 100
3  1494 1526 1527  100 100 100
3  1528 1496 1495  100 100 100
3  1495 1527 1528  100 100 100
3  1529 1497 1496  100 100 100
3  1496 1528 1529  100 100 100
3  1530 1498 1497  100 100 100
3  1497 1529 1530  100 100 100
3  1531 1499 1498  100 100 100
3  1498 1530 1531  100 100 100
3  1532 1500 1499  100 100 100
3  1499 1531 1532  100 100 100
3  1533 1501 1500  100 100 100
3  1500 1532 1533  100 100 100
3  1534 1502 1501  100 100 100
3  1501 1533 1534  100 100 100
3  1504 1472 1502  100 100 100
3  1502 1534 1504  100 100 100
3  3826 3793 3824  128 0 128
3  3823 3855 3856  128 0 128
3  1537 1505 1503  100 100 100
3  1503 1535 1537  100 100 100
3  3561 3562 3563  0 128 64
3  1505 1537 1538  100 100 100
3  1539 1507 1506  100 100 100
3  1506 4006 1539  100 100 100
3  1540 1508 1507  100 100 100
3  1507 1539 1540  100 100 100
3  1541 1509 1508  100 100 100
3  1508 1540 1541  100 100 100
3  1542 1510 1509  100 100 100
3  1509 1541 1542  100 100 100
3  1543 1511 1510  100 100 100
3  1510 1542 1543  100 100 100
3  1544 1512 1511  100 100 100
3  1511 1543 1544  100 100 100
3  1545 1513 1512  100 100 100
3  1512 1544 1545  100 100 100
3  1546 1514 1513  100 100 100
3  1513 1545 1546  100 100 100
3  1547 1515 1514  100 100 100
3  1514 1546 1547  100 100 100
3  1548 1516 1515  100 100 100
3  1515 1547 1548  100 100 100
3  3856 3824 3823  128 0 128
3  1516 1548 1549  100 100 100
3  1550 1518 1517  100 100 100
3  1517 1549 1550  100 100 100
3  3822 3854 3855  64 255 255
3  3855 3823 3822  64 255 255
3  1552 1520 1519  100 100 100
3  1519 1551 1552  100 100 100
3  1553 1521 1520  100 100 100
3  1520 1552 1553  100 100 100
3  1554 1522 1521  100 100 100
3  1521 1553 1554  100 100 100
3  1555 1523 1522  100 100 100
3  1522 1554 1555  100 100 100
3  1556 1524 1523  100 100 100
3  1523 1555 1556  100 100 100
3  3821 3853 3854  64 255 255
3  1524 1556 1557  100 100 100
3  3854 3822 3821  64 255 255
3  3820 3852 3853  64 255 255
3  3853 3821 3820  64 255 255
3  3819 3851 3852  64 255 255
3  3852 3820 3819  64 255 255
3  3818 3850 3851  64 255 255
3  1561 1530 1529  100 100 100
3  1529 1560 1561  100 100 100
3  1562 1531 1530  100 100 100
3  1530 1561 1562  100 100 100
3  1563 1532 1531  100 100 100
3  1531 1562 1563  100 100 100
3  1564 1533 1532  100 100 100
3  1532 1563 1564  100 100 100
3  1565 1534 1533  100 100 100
3  1533 1564 1565  100 100 100
3  1536 1504 1534  100 100 100
3  1534 1565 1536  100 100 100
3  1566 1535 1536  100 100 100
3  1536 1567 1566  100 100 100
3  1568 1537 1535  100 100 100
3  1535 1566 1568  100 100 100
3  1569 1538 1537  100 100 100
3  1537 1568 1569  100 100 100
3  3851 3819 3818  64 255 255
3  1538 1569 1570  100 100 100
3  1571 1540 1539  100 100 100
3  3817 3849 3850  100 100 100
3  1572 1541 1540  100 100 100
3  1540 1571 1572  100 100 100
3  1573 1542 1541  100 100 100
3  1541 1572 1573  100 100 100
3  1574 1543 1542  100 100 100
3  1542 1573 1574  100 100 100
3  1575 1544 1543  100 100 100
3  1543 1574 1575  100 100 100
3  1576 1545 1544  100 100 100
3  1544 1575 1576  100 100 100
3  1577 1546 1545  100 100 100
3  1545 1576 1577  100 100 100
3  1578 1547 1546  100 100 100
3  1546 1577 1578  100 100 100
3  1579 1548 1547  100 100 100
3  1547 1578 1579  100 100 100
3  1580 1549 1548  100 100 100
3  1548 1579 1580  100 100 100
3  1581 1550 1549  100 100 100
3  1549 1580 1581  100 100 100
3  1582 1551 1550  100 100 100
3  1550 1581 1582  100 100 100
3  1583 1552 1551  100 100 100
3  1551 1582 1583  100 100 100
3  3850 3818 3817  64 255 255
3  3816 3848 3849  100 100 100
3  1585 1554 1553  100 100 100
3  3849 3817 3816  100 100 100
3  3815 3847 3848  100 100 100
3  1554 1585 1586  100 100 100
3  3848 3816 3815  255 255 64
3  3814 3846 3847  0 128 128
3  1588 1557 1556  100 100 100
3  3847 3815 3814  0 128 128
3  1589 1558 1557  100 100 100
3  1557 1588 1589  100 100 100
3  1590 4005 1558  100 100 100
3  1558 1589 1590  100 100 100
3  1591 1559 4005  100 100 100
3  4005 1590 1591  100 100 100
3  1592 1560 1559  100 100 100
3  1559 1591 1592  100 100 100
3  1593 1561 1560  100 100 100
3  1560 1592 1593  100 100 100
3  3813 3845 3846  0 128 128
3  3846 3814 3813  100 100 100
3  1595 1563 1562  100 100 100
3  1562 1594 1595  100 100 100
3  1596 1564 1563  100 100 100
3  1563 1595 1596  100 100 100
3  3812 3844 3845  255 128 64
3  3845 3813 3812  255 128 64
3  1567 1536 1565  100 100 100
3  1565 1597 1567  100 100 100
3  1598 1566 1567  100 100 100
3  1567 1599 1598  100 100 100
3  3811 3843 3844  255 128 64
3  3844 3812 3811  255 128 64
3  3810 3842 3843  255 128 64
3  3843 3811 3810  255 128 64
3  1602 1570 1569  100 100 100
3  3809 3841 3842  255 128 64
3  1603 1571 1570  100 100 100
3  1570 1602 1603  100 100 100
3  1604 1572 1571  100 100 100
3  1571 1603 1604  100 100 100
3  1605 1573 1572  100 100 100
3  1572 1604 1605  100 100 100
3  1606 1574 1573  100 100 100
3  1573 1605 1606  100 100 100
3  1607 1575 1574  100 100 100
3  1574 1606 1607  100 100 100
3  1608 1576 1575  100 100 100
3  1575 1607 1608  100 100 100
3  1609 1577 1576  100 100 100
3  1576 1608 1609  100 100 100
3  1610 1578 1577  100 100 100
3  1577 1609 1610  100 100 100
3  1611 1579 1578  100 100 100
3  1578 1610 1611  100 100 100
3  3842 3810 3809  255 128 64
3  3808 3840 3841  255 128 64
3  3841 3809 3808  255 128 64
3  3807 3839 3840  255 128 64
3  1614 1582 1581  100 100 100
3  1581 1613 1614  100 100 100
3  1615 1583 1582  100 100 100
3  3840 3808 3807  255 128 64
3  1616 1584 1583  100 100 100
3  1583 1615 1616  100 100 100
3  1617 1585 1584  100 100 100
3  1584 1616 1617  100 100 100
3  1618 1586 1585  100 100 100
3  1585 1617 1618  100 100 100
3  1619 1587 1586  100 100 100
3  1586 1618 1619  100 100 100
3  1620 1588 1587  100 100 100
3  1587 1619 1620  100 100 100
3  1621 1589 1588  100 100 100
3  1588 1620 1621  100 100 100
3  1622 1590 1589  100 100 100
3  1589 1621 1622  100 100 100
3  1623 1591 1590  100 100 100
3  1590 1622 1623  100 100 100
3  1624 1592 1591  100 100 100
3  1591 1623 1624  100 100 100
3  1625 1593 1592  100 100 100
3  1592 1624 1625  100 100 100
3  1626 1594 1593  100 100 100
3  1593 1625 1626  100 100 100
3  1627 1595 1594  100 100 100
3  1594 1626 1627  100 100 100
3  1628 1596 1595  100 100 100
3  1595 1627 1628  100 100 100
3  1629 1597 1596  100 100 100
3  1596 1628 1629  100 100 100
3  1599 1567 1597  100 100 100
3  1597 1629 1599  100 100 100
3  4007 1598 1599  100 100 100
3  4007 1600 1598  100 100 100
3  4007 1601 1600  100 100 100
3  4007 1602 1601  100 100 100
3  4007 1603 1602  100 100 100
3  4007 1604 1603  100 100 100
3  4007 1605 1604  100 100 100
3  4007 1606 1605  100 100 100
3  4007 1607 1606  100 100 100
3  4007 1608 1607  100 100 100
3  4007 1609 1608  100 100 100
3  4007 1610 1609  100 100 100
3  4007 1611 1610  100 100 100
3  4007 1612 1611  100 100 100
3  4007 1613 1612  100 100 100
3  4007 1614 1613  100 100 100
3  3806 3838 3839  255 64 255
3  3839 3807 3806  255 128 64
3  3805 3837 3838  128 128 0
3  3838 3806 3805  100 100 100
3  3804 3836 3837  128 128 0
3  3837 3805 3804  128 128 0
3  3803 3835 3836  128 128 0
3  3836 3804 3803  128 128 0
3  3802 3834 3835  128 128 0
3  3835 3803 3802  128 128 0
3  3801 3833 3834  128 128 0
3  3834 3802 3801  128 128 0
3  3800 3832 3833  100 100 100
3  3833 3801 3800  128 128 0
3  3799 3831 3832  100 100 100
3  294 1630 1631  100 100 100
3  294 1631 1632  100 100 100
3  294 1632 1633  100 100 100
3  294 1633 1634  100 100 100
3  294 1634 1635  100 100 100
3  294 1635 1636  100 100 100
3  294 1636 1637  100 100 100
3  294 1637 1638  100 100 100
3  294 1638 1639  100 100 100
3  294 1639 1640  100 100 100
3  294 1640 1641  100 100 100
3  294 1641 1642  100 100 100
3  294 1642 1643  100 100 100
3  294 1643 290  100 100 100
3  3832 3800 3799  100 100 100
3  3798 3830 3831  64 255 64
3  3831 3799 3798  64 255 64
3  3797 3829 3830  64 64 255
3  3830 3798 3797  100 100 100
3  3953 1646 1647  100 100 100
3  3953 1647 1648  100 100 100
3  3953 1648 1649  100 100 100
3  3953 1649 1650  100 100 100
3  3953 1650 1651  100 100 100
3  3953 1651 1652  100 100 100
3  3953 1652 1653  100 100 100
3  3953 1653 1654  100 100 100
3  3796 3828 3829  128 0 128
3  3829 3797 3796  64 64 255
3  3795 3827 3828  128 0 128
3  3828 3796 3795  128 0 128
3  3794 3825 3827  128 0 128
3  3827 3795 3794  128 0 128
3  1659 1631 1630  100 100 100
3  1630 1657 1659  100 100 100
3  3793 3826 3825  128 0 128
3  3825 3794 3793  128 0 128
3  3792 3824 3793  100 100 100
3  3792 3823 3824  100 100 100
3  1662 1634 1633  100 100 100
3  1633 1661 1662  100 100 100
3  1663 1635 1634  100 100 100
3  1634 1662 1663  100 100 100
3  1664 1636 1635  100 100 100
3  1635 1663 1664  100 100 100
3  1665 1637 1636  100 100 100
3  1636 1664 1665  100 100 100
3  1666 1638 1637  100 100 100
3  1637 1665 1666  100 100 100
3  1667 1639 1638  100 100 100
3  1638 1666 1667  100 100 100
3  1172 1640 1639  100 100 100
3  1639 1667 1172  100 100 100
3  3792 3822 3823  100 100 100
3  1640 1172 1668  100 100 100
3  3792 3821 3822  100 100 100
3  3792 3820 3821  100 100 100
3  3792 3819 3820  100 100 100
3  3792 3818 3819  100 100 100
3  291 290 1643  100 100 100
3  1643 1670 291  100 100 100
3  3792 3817 3818  100 100 100
3  3792 3816 3817  100 100 100
3  3792 3815 3816  100 100 100
3  3792 3814 3815  100 100 100
3  1672 1644 290  100 100 100
3  290 291 1672  100 100 100
3  1673 1645 1644  100 100 100
3  1644 1672 1673  100 100 100
3  1674 1646 1645  100 100 100
3  1645 1673 1674  100 100 100
3  1675 1647 1646  100 100 100
3  1646 1674 1675  100 100 100
3  3792 3813 3814  100 100 100
3  3792 3812 3813  100 100 100
3  1677 1649 1648  100 100 100
3  1648 1676 1677  100 100 100
3  1678 1650 1649  100 100 100
3  1649 1677 1678  100 100 100
3  1679 1651 1650  100 100 100
3  1650 1678 1679  100 100 100
3  3792 3811 3812  100 100 100
3  1651 1679 1680  100 100 100
3  3792 3810 3811  100 100 100
3  3792 3809 3810  100 100 100
3  1682 1654 1653  100 100 100
3  3792 3808 3809  100 100 100
3  1683 1655 1654  100 100 100
3  1654 1682 1683  100 100 100
3  1684 1656 1655  100 100 100
3  1655 1683 1684  100 100 100
3  3792 3807 3808  100 100 100
3  1656 1684 4008  100 100 100
3  3792 3806 3807  100 100 100
3  3792 3805 3806  100 100 100
3  3557 3560 3554  0 192 192
3  288 1686 1685  100 100 100
3  1687 1659 1657  100 100 100
3  1657 4012 1687  100 100 100
3  1688 1660 1659  100 100 100
3  1659 1687 1688  100 100 100
3  1689 1661 1660  100 100 100
3  1660 1688 1689  100 100 100
3  1690 1662 1661  100 100 100
3  1661 1689 1690  100 100 100
3  3792 3804 3805  100 100 100
3  3792 3803 3804  100 100 100
3  3792 3802 3803  100 100 100
3  3792 3801 3802  100 100 100
3  3792 3800 3801  100 100 100
3  3792 3799 3800  100 100 100
3  3792 3798 3799  100 100 100
3  3792 3797 3798  100 100 100
3  1694 1668 1172  100 100 100
3  3792 3796 3797  100 100 100
3  1695 1669 1668  100 100 100
3  1668 1694 1695  100 100 100
3  1696 1670 1669  100 100 100
3  1669 1695 1696  100 100 100
3  1697 291 1670  100 100 100
3  1670 1696 1697  100 100 100
3  1698 1671 291  100 100 100
3  291 1697 1698  100 100 100
3  3792 3795 3796  100 100 100
3  1671 1698 1699  100 100 100
3  1700 1672 291  100 100 100
3  291 1699 1700  100 100 100
3  3792 3794 3795  100 100 100
3  3792 3793 3794  100 100 100
3  1702 1674 1673  100 100 100
3  1673 1701 1702  100 100 100
3  1703 1675 1674  100 100 100
3  1674 1702 1703  100 100 100
3  1704 1676 1675  100 100 100
3  1675 1703 1704  100 100 100
3  1705 1677 1676  100 100 100
3  1676 1704 1705  100 100 100
3  3774 3760 3775  128 0 255
3  3760 3776 3775  128 0 255
3  1707 1680 1679  100 100 100
3  3760 3777 3776  128 0 255
3  1708 1681 1680  100 100 100
3  1680 1707 1708  100 100 100
3  1709 4011 1681  100 100 100
3  1681 1708 1709  100 100 100
3  3760 3778 3777  128 0 255
3  4011 1709 1710  100 100 100
3  3760 3779 3778  128 0 255
3  3760 3780 3779  128 0 255
3  1712 4008 1684  100 100 100
3  1684 1711 1712  100 100 100
3  3554 3553 3557  0 192 192
3  4008 1712 4013  100 100 100
3  3760 3781 3780  128 0 255
3  3760 3783 3781  128 0 255
3  1715 1687 4012  100 100 100
3  4012 1713 1715  100 100 100
3  1716 1688 1687  100 100 100
3  1687 1715 1716  100 100 100
3  1717 1689 1688  100 100 100
3  1688 1716 1717  100 100 100
3  1718 1690 1689  100 100 100
3  1689 1717 1718  100 100 100
3  1719 1662 1690  100 100 100
3  1690 1718 1719  100 100 100
3  1720 1691 1662  100 100 100
3  1662 1719 1720  100 100 100
3  1721 4009 1691  100 100 100
3  1691 1720 1721  100 100 100
3  1722 1692 4009  100 100 100
3  4009 1721 1722  100 100 100
3  1723 4001 1692  100 100 100
3  1692 1722 1723  100 100 100
3  1724 289 4001  100 100 100
3  4001 1723 1724  100 100 100
3  1725 1694 289  100 100 100
3  289 1724 1725  100 100 100
3  1171 1695 1694  100 100 100
3  1694 1725 1171  100 100 100
3  3783 3782 3781  128 0 255
3  1695 1171 1726  100 100 100
3  1727 1697 1696  100 100 100
3  1696 1726 1727  100 100 100
3  3760 3784 3783  128 0 255
3  3760 3785 3784  128 0 255
3  1729 1699 1698  100 100 100
3  1698 1728 1729  100 100 100
3  1730 1700 1699  100 100 100
3  1699 1729 1730  100 100 100
3  1731 1701 1700  100 100 100
3  1700 1730 1731  100 100 100
3  1732 1702 1701  100 100 100
3  1701 1731 1732  100 100 100
3  1733 1703 1702  100 100 100
3  1702 1732 1733  100 100 100
3  1734 1704 1703  100 100 100
3  1703 1733 1734  100 100 100
3  1735 1705 1704  100 100 100
3  1704 1734 1735  100 100 100
3  1736 4010 1705  100 100 100
3  1705 1735 1736  100 100 100
3  1737 1706 4010  100 100 100
3  4010 1736 1737  100 100 100
3  1738 1707 1706  100 100 100
3  1706 1737 1738  100 100 100
3  1739 1708 1707  100 100 100
3  1707 1738 1739  100 100 100
3  3760 3786 3785  128 0 255
3  1708 1739 1740  100 100 100
3  1741 1710 1709  100 100 100
3  1709 1740 1741  100 100 100
3  1742 1711 1710  100 100 100
3  1710 1741 1742  100 100 100
3  1743 1712 1711  100 100 100
3  1711 1742 1743  100 100 100
3  1714 4013 1712  100 100 100
3  1712 1743 1714  100 100 100
3  1744 1713 1714  100 100 100
3  1714 1745 1744  100 100 100
3  1746 1715 1713  100 100 100
3  1713 1744 1746  100 100 100
3  1747 1716 1715  100 100 100
3  1715 1746 1747  100 100 100
3  1748 1718 1717  100 100 100
3  1717 1716 1748  100 100 100
3  1749 1719 1718  100 100 100
3  1718 1748 1749  100 100 100
3  1750 1720 1719  100 100 100
3  1719 1749 1750  100 100 100
3  1751 1721 1720  100 100 100
3  1720 1750 1751  100 100 100
3  1752 1722 1721  100 100 100
3  1721 1751 1752  100 100 100
3  1753 1723 1722  100 100 100
3  1722 1752 1753  100 100 100
3  1754 1724 1723  100 100 100
3  1723 1753 1754  100 100 100
3  3760 3787 3786  128 0 255
3  1724 1754 1171  100 100 100
3  3760 3788 3787  128 0 255
3  3760 3789 3788  128 0 255
3  1755 1726 1171  100 100 100
3  1171 292 1755  100 100 100
3  1756 1727 1726  100 100 100
3  1726 1755 1756  100 100 100
3  1757 1728 1727  100 100 100
3  1727 1756 1757  100 100 100
3  1758 1729 1728  100 100 100
3  1728 1757 1758  100 100 100
3  1759 1730 1729  100 100 100
3  1729 1758 1759  100 100 100
3  1760 1731 1730  100 100 100
3  1730 1759 1760  100 100 100
3  1761 1732 1731  100 100 100
3  1731 1760 1761  100 100 100
3  1762 1733 1732  100 100 100
3  1732 1761 1762  100 100 100
3  1763 1734 1733  100 100 100
3  1733 1762 1763  100 100 100
3  1764 1735 1734  100 100 100
3  1734 1763 1764  100 100 100
3  1765 1736 1735  100 100 100
3  1735 1764 1765  100 100 100
3  1766 1737 1736  100 100 100
3  1736 1765 1766  100 100 100
3  1767 1738 1737  100 100 100
3  1737 1766 1767  100 100 100
3  1768 1739 1738  100 100 100
3  1738 1767 1768  100 100 100
3  1769 1740 1739  100 100 100
3  1739 1768 1769  100 100 100
3  1770 1741 1740  100 100 100
3  1740 1769 1770  100 100 100
3  1771 1742 1741  100 100 100
3  3760 3790 3789  128 0 255
3  1772 1743 1742  100 100 100
3  1742 1771 1772  100 100 100
3  1745 1714 1743  100 100 100
3  1743 1772 1745  100 100 100
3  1773 1744 1745  100 100 100
3  1745 1774 1773  100 100 100
3  1775 1746 1744  100 100 100
3  1744 1773 1775  100 100 100
3  1776 1747 1746  100 100 100
3  1746 1775 1776  100 100 100
3  1777 1716 1747  100 100 100
3  1747 1776 1777  100 100 100
3  1778 1748 1716  100 100 100
3  1716 1777 1778  100 100 100
3  1779 1749 1748  100 100 100
3  1748 1778 1779  100 100 100
3  1780 1750 1749  100 100 100
3  1749 1779 1780  100 100 100
3  1781 1751 1750  100 100 100
3  1750 1780 1781  100 100 100
3  1782 1752 1751  100 100 100
3  1751 1781 1782  100 100 100
3  1783 1753 1752  100 100 100
3  1752 1782 1783  100 100 100
3  3760 3791 3790  128 0 255
3  1753 1783 1784  100 100 100
3  1785 1171 1754  100 100 100
3  1754 1784 1785  100 100 100
3  1786 292 1171  100 100 100
3  1171 1785 1786  100 100 100
3  1787 1755 292  100 100 100
3  292 1786 1787  100 100 100
3  1788 1756 1755  100 100 100
3  1755 1787 1788  100 100 100
3  1789 1757 1756  100 100 100
3  1756 1788 1789  100 100 100
3  1790 1758 1757  100 100 100
3  1757 1789 1790  176 196 222
3  1791 1759 1758  100 100 100
3  1758 1790 1791  100 100 100
3  1792 1760 1759  100 100 100
3  1759 1791 1792  100 100 100
3  1793 1761 1760  100 100 100
3  1760 1792 1793  100 100 100
3  1794 1762 1761  100 100 100
3  1761 1793 1794  100 100 100
3  1795 1763 1762  100 100 100
3  1762 1794 1795  100 100 100
3  1796 1764 1763  100 100 100
3  1763 1795 1796  100 100 100
3  1797 1765 1764  100 100 100
3  1764 1796 1797  100 100 100
3  1798 1766 1765  100 100 100
3  1765 1797 1798  100 100 100
3  3774 3771 3760  128 0 255
3  1766 1798 1799  100 100 100
3  1800 1768 1767  100 100 100
3  1767 1799 1800  100 100 100
3  1801 1769 1768  100 100 100
3  1768 1800 1801  100 100 100
3  1802 1770 1769  100 100 100
3  1769 1801 1802  100 100 100
3  1803 1771 1770  100 100 100
3  1770 1802 1803  100 100 100
3  1804 1772 1771  100 100 100
3  1771 1803 1804  100 100 100
3  1774 1745 1772  100 100 100
3  1772 1804 1774  100 100 100
3  1805 1773 1774  100 100 100
3  1774 1806 1805  100 100 100
3  1807 1775 1773  100 100 100
3  1773 1805 1807  100 100 100
3  1808 1776 1775  100 100 100
3  1775 1807 1808  100 100 100
3  1809 1777 1776  100 100 100
3  1776 1808 1809  100 100 100
3  1810 1778 1777  100 100 100
3  1777 1809 1810  100 100 100
3  1811 1779 1778  100 100 100
3  1778 1810 1811  100 100 100
3  1812 1780 1779  100 100 100
3  1779 1811 1812  100 100 100
3  1813 1781 1780  100 100 100
3  1780 1812 1813  100 100 100
3  1814 1782 1781  100 100 100
3  1781 1813 1814  100 100 100
3  3771 3762 3760  128 0 255
3  1782 1814 1815  100 100 100
3  1816 1784 1783  100 100 100
3  3762 3761 3760  128 0 255
3  1817 1785 1784  100 100 100
3  1784 1816 1817  100 100 100
3  1818 1786 1785  100 100 100
3  1785 1817 1818  100 100 100
3  1819 1787 1786  100 100 100
3  1786 1818 1819  100 100 100
3  1820 1788 1787  100 100 100
3  1787 1819 1820  100 100 100
3  1821 1789 1788  100 100 100
3  1788 1820 1821  100 100 100
3  1822 1790 1789  176 196 222
3  1789 1821 1822  100 100 100
3  1823 1791 1790  100 100 100
3  1790 1822 1823  100 100 100
3  1824 1792 1791  100 100 100
3  1791 1823 1824  100 100 100
3  1825 1793 1792  100 100 100
3  1792 1824 1825  100 100 100
3  1826 1794 1793  100 100 100
3  1793 1825 1826  100 100 100
3  1827 1795 1794  100 100 100
3  1794 1826 1827  100 100 100
3  1828 1796 1795  100 100 100
3  1795 1827 1828  100 100 100
3  1829 1797 1796  100 100 100
3  1796 1828 1829  100 100 100
3  1830 1798 1797  100 100 100
3  1797 1829 1830  100 100 100
3  1831 1799 1798  100 100 100
3  1798 1830 1831  100 100 100
3  1832 1800 1799  100 100 100
3  1799 1831 1832  100 100 100
3  1833 1801 1800  100 100 100
3  3771 3770 3762  128 0 255
3  1834 1802 1801  100 100 100
3  1801 1833 1834  100 100 100
3  1835 1803 1802  100 100 100
3  1802 1834 1835  100 100 100
3  1836 1804 1803  100 100 100
3  1803 1835 1836  100 100 100
3  1806 1774 1804  100 100 100
3  1804 1836 1806  100 100 100
3  1837 1805 1806  100 100 100
3  1806 1838 1837  100 100 100
3  1839 1807 1805  100 100 100
3  1805 1837 1839  100 100 100
3  1840 1808 1807  100 100 100
3  1807 1839 1840  100 100 100
3  1841 1809 1808  100 100 100
3  1808 1840 1841  100 100 100
3  1842 1810 1809  100 100 100
3  1809 1841 1842  100 100 100
3  1843 1811 1810  100 100 100
3  1810 1842 1843  100 100 100
3  1844 1812 1811  100 100 100
3  1811 1843 1844  100 100 100
3  1845 1813 1812  100 100 100
3  3770 3769 3762  128 0 255
3  3560 3559 3555  128 0 128
3  1813 1845 1846  100 100 100
3  1847 1815 1814  100 100 100
3  3769 3763 3762  128 0 255
3  1848 1816 1815  100 100 100
3  1815 1847 1848  100 100 100
3  1849 1817 1816  100 100 100
3  1816 1848 1849  100 100 100
3  1850 1818 1817  100 100 100
3  1817 1849 1850  100 100 100
3  1851 1819 1818  100 100 100
3  1818 1850 1851  100 100 100
3  1852 1820 1819  100 100 100
3  1819 1851 1852  100 100 100
3  1853 1821 1820  176 196 222
3  1820 1852 1853  100 100 100
3  1854 1822 1821  100 100 100
3  1821 1853 1854  100 100 100
3  1855 1823 1822  0 0 255
3  1822 1854 1855  100 100 100
3  1856 1824 1823  100 100 100
3  1823 1855 1856  0 0 255
3  1857 1825 1824  100 100 100
3  1824 1856 1857  100 100 100
3  1858 1826 1825  100 100 100
3  1825 1857 1858  100 100 100
3  1859 1827 1826  100 100 100
3  1826 1858 1859  100 100 100
3  1860 1828 1827  100 100 100
3  1827 1859 1860  100 100 100
3  1861 1829 1828  100 100 100
3  1828 1860 1861  100 100 100
3  1862 1830 1829  100 100 100
3  1829 1861 1862  100 100 100
3  1863 1831 1830  100 100 100
3  1830 1862 1863  100 100 100
3  1864 1832 1831  100 100 100
3  1831 1863 1864  100 100 100
3  1865 1833 1832  100 100 100
3  1832 1864 1865  100 100 100
3  1866 1834 1833  100 100 100
3  1833 1865 1866  100 100 100
3  1867 1835 1834  100 100 100
3  1834 1866 1867  100 100 100
3  1868 1836 1835  100 100 100
3  1835 1867 1868  100 100 100
3  1838 1806 1836  100 100 100
3  1836 1868 1838  100 100 100
3  1869 1837 1838  100 100 100
3  1838 1870 1869  100 100 100
3  1871 1839 1837  100 100 100
3  1837 1869 1871  100 100 100
3  1872 1840 1839  100 100 100
3  1839 1871 1872  100 100 100
3  1873 1841 1840  100 100 100
3  1840 1872 1873  100 100 100
3  1874 1842 1841  100 100 100
3  1841 1873 1874  100 100 100
3  1875 1843 1842  100 100 100
3  1842 1874 1875  100 100 100
3  1876 1844 1843  100 100 100
3  1843 1875 1876  100 100 100
3  1877 1845 1844  100 100 100
3  1844 1876 1877  100 100 100
3  1878 1846 1845  100 100 100
3  1845 1877 1878  100 100 100
3  1879 1847 1846  100 100 100
3  1846 1878 1879  100 100 100
3  1880 1848 1847  100 100 100
3  1847 1879 1880  100 100 100
3  1881 1849 1848  100 100 100
3  1848 1880 1881  100 100 100
3  1882 1850 1849  100 100 100
3  1849 1881 1882  100 100 100
3  1883 1851 1850  100 100 100
3  1850 1882 1883  100 100 100
3  1884 1852 1851  100 100 100
3  1851 1883 1884  100 100 100
3  1885 1853 1852  100 100 100
3  1852 1884 1885  100 100 100
3  1886 1854 1853  100 100 100
3  1853 1885 1886  100 100 100
3  1887 1855 1854  100 100 100
3  1854 1886 1887  100 100 100
3  1888 1856 1855  100 100 100
3  1855 1887 1888  100 100 100
3  1889 1857 1856  100 100 100
3  1856 1888 1889  100 100 100
3  1890 1858 1857  100 100 100
3  1857 1889 1890  100 100 100
3  1891 1859 1858  100 100 100
3  1858 1890 1891  100 100 100
3  1892 1860 1859  100 100 100
3  1859 1891 1892  100 100 100
3  1893 1861 1860  100 100 100
3  1860 1892 1893  100 100 100
3  1894 1862 1861  100 100 100
3  1861 1893 1894  100 100 100
3  1895 1863 1862  100 100 100
3  1862 1894 1895  100 100 100
3  1896 1864 1863  100 100 100
3  1863 1895 1896  100 100 100
3  1897 1865 1864  100 100 100
3  1864 1896 1897  100 100 100
3  1898 1866 1865  100 100 100
3  1865 1897 1898  100 100 100
3  1899 1867 1866  100 100 100
3  1866 1898 1899  100 100 100
3  1900 1868 1867  100 100 100
3  1867 1899 1900  100 100 100
3  1870 1838 1868  100 100 100
3  1868 1900 1870  100 100 100
3  1901 1869 1870  100 100 100
3  1870 1902 1901  100 100 100
3  3555 3554 3560  128 0 128
3  1869 1901 1903  100 100 100
3  1904 1872 1871  100 100 100
3  1871 1903 1904  100 100 100
3  1905 1873 1872  100 100 100
3  1872 1904 1905  100 100 100
3  1906 1874 1873  100 100 100
3  1873 1905 1906  100 100 100
3  1907 1875 1874  100 100 100
3  1874 1906 1907  100 100 100
3  1908 1876 1875  100 100 100
3  1875 1907 1908  100 100 100
3  1909 1877 1876  100 100 100
3  1876 1908 1909  100 100 100
3  1910 1878 1877  100 100 100
3  1877 1909 1910  100 100 100
3  1911 1879 1878  100 100 100
3  1878 1910 1911  100 100 100
3  1912 1880 1879  100 100 100
3  1879 1911 1912  100 100 100
3  1913 1881 1880  100 100 100
3  1880 1912 1913  100 100 100
3  1914 1882 1881  100 100 100
3  1881 1913 1914  100 100 100
3  1915 1883 1882  100 100 100
3  1882 1914 1915  100 100 100
3  1916 1884 1883  100 100 100
3  1883 1915 1916  100 100 100
3  1917 1885 1884  100 100 100
3  1884 1916 1917  100 100 100
3  1918 1886 1885  100 100 100
3  1885 1917 1918  100 100 100
3  1919 1887 1886  100 100 100
3  1886 1918 1919  100 100 100
3  1920 1888 1887  100 100 100
3  1887 1919 1920  100 100 100
3  1921 1889 1888  100 100 100
3  1888 1920 1921  100 100 100
3  1922 1890 1889  100 100 100
3  1889 1921 1922  100 100 100
3  1923 1891 1890  100 100 100
3  1890 1922 1923  100 100 100
3  1924 1892 1891  100 100 100
3  1891 1923 1924  100 100 100
3  1925 1893 1892  100 100 100
3  1892 1924 1925  100 100 100
3  1926 1894 1893  100 100 100
3  1893 1925 1926  100 100 100
3  1927 1895 1894  100 100 100
3  1894 1926 1927  100 100 100
3  1928 1896 1895  100 100 100
3  1895 1927 1928  100 100 100
3  1929 1897 1896  100 100 100
3  1896 1928 1929  100 100 100
3  1930 1898 1897  100 100 100
3  1897 1929 1930  100 100 100
3  1931 1899 1898  100 100 100
3  1898 1930 1931  100 100 100
3  1932 1900 1899  100 100 100
3  1899 1931 1932  100 100 100
3  1902 1870 1900  100 100 100
3  1900 1932 1902  100 100 100
3  1933 1901 1902  100 100 100
3  1902 1934 1933  100 100 100
3  1935 1903 1901  100 100 100
3  1901 1933 1935  100 100 100
3  1936 1904 1903  100 100 100
3  1903 1935 1936  100 100 100
3  3769 3768 3763  128 0 255
3  1904 1936 1937  100 100 100
3  1938 1906 1905  100 100 100
3  1905 1937 1938  100 100 100
3  1939 1907 1906  100 100 100
3  1906 1938 1939  100 100 100
3  1940 1908 1907  100 100 100
3  1907 1939 1940  100 100 100
3  1941 1909 1908  100 100 100
3  1908 1940 1941  100 100 100
3  1942 1910 1909  100 100 100
3  1909 1941 1942  0 0 255
3  1943 1911 1910  100 100 100
3  1910 1942 1943  100 100 100
3  1944 1912 1911  100 100 100
3  1911 1943 1944  100 100 100
3  1945 1913 1912  100 100 100
3  1912 1944 1945  100 100 100
3  1946 1914 1913  100 100 100
3  1913 1945 1946  100 100 100
3  1947 1915 1914  100 100 100
3  1914 1946 1947  100 100 100
3  1948 1916 1915  100 100 100
3  1915 1947 1948  100 100 100
3  1949 1917 1916  100 100 100
3  1916 1948 1949  100 100 100
3  3768 3764 3763  128 0 255
3  1917 1949 1950  100 100 100
3  1951 1919 1918  100 100 100
3  1918 1950 1951  100 100 100
3  1952 1920 1919  100 100 100
3  1919 1951 1952  100 100 100
3  1953 1921 1920  100 100 100
3  1920 1952 1953  100 100 100
3  1954 1922 1921  100 100 100
3  1921 1953 1954  100 100 100
3  1955 1923 1922  100 100 100
3  1922 1954 1955  100 100 100
3  1956 1924 1923  100 100 100
3  1923 1955 1956  100 100 100
3  1957 1925 1924  100 100 100
3  1924 1956 1957  100 100 100
3  1958 1926 1925  100 100 100
3  1925 1957 1958  100 100 100
3  1959 1927 1926  100 100 100
3  1926 1958 1959  100 100 100
3  1960 1928 1927  100 100 100
3  1927 1959 1960  100 100 100
3  1961 1929 1928  100 100 100
3  1928 1960 1961  100 100 100
3  1962 1930 1929  100 100 100
3  1929 1961 1962  100 100 100
3  1963 1931 1930  100 100 100
3  1930 1962 1963  100 100 100
3  1964 1932 1931  100 100 100
3  1931 1963 1964  100 100 100
3  1934 1902 1932  100 100 100
3  1932 1964 1934  100 100 100
3  1965 1933 1934  100 100 100
3  1934 1966 1965  100 100 100
3  1967 1935 1933  100 100 100
3  1933 1965 1967  100 100 100
3  1968 1936 1935  100 100 100
3  1935 1967 1968  100 100 100
3  1969 1937 1936  100 100 100
3  1936 1968 1969  100 100 100
3  1970 1938 1937  100 100 100
3  1937 1969 1970  100 100 100
3  1971 1939 1938  100 100 100
3  3768 3767 3764  128 0 255
3  1972 1940 1939  100 100 100
3  1939 1971 1972  100 100 100
3  1973 1941 1940  100 100 100
3  1940 1972 1973  100 100 100
3  1974 1942 1941  100 100 100
3  1941 1973 1974  100 100 100
3  1975 1943 1942  100 100 100
3  1942 1974 1975  100 100 100
3  1976 1944 1943  100 100 100
3  1943 1975 1976  100 100 100
3  1977 1945 1944  100 100 100
3  1944 1976 1977  100 100 100
3  1978 1946 1945  100 100 100
3  1945 1977 1978  0 0 255
3  1979 1947 1946  100 100 100
3  1946 1978 1979  100 100 100
3  1980 1948 1947  100 100 100
3  1947 1979 1980  100 100 100
3  1981 1949 1948  100 100 100
3  1948 1980 1981  100 100 100
3  1982 1950 1949  100 100 100
3  1949 1981 1982  100 100 100
3  1983 1951 1950  100 100 100
3  1950 1982 1983  100 100 100
3  1984 1952 1951  100 100 100
3  1951 1983 1984  100 100 100
3  1985 1953 1952  100 100 100
3  1952 1984 1985  100 100 100
3  1986 1954 1953  100 100 100
3  1953 1985 1986  100 100 100
3  1987 1955 1954  100 100 100
3  1954 1986 1987  100 100 100
3  3767 3765 3764  128 0 255
3  1955 1987 1988  100 100 100
3  3767 3766 3765  128 0 255
3  3774 3773 3771  128 0 255
3  1990 1959 1958  100 100 100
3  1958 1989 1990  100 100 100
3  1991 1960 1959  100 100 100
3  1959 1990 1991  100 100 100
3  1992 1961 1960  100 100 100
3  1960 1991 1992  100 100 100
3  1993 1962 1961  100 100 100
3  1961 1992 1993  100 100 100
3  1994 1963 1962  100 100 100
3  1962 1993 1994  100 100 100
3  1995 1964 1963  100 100 100
3  1963 1994 1995  100 100 100
3  1966 1934 1964  100 100 100
3  1964 1995 1966  100 100 100
3  1996 1965 1966  100 100 100
3  1966 1997 1996  100 100 100
3  3773 3772 3771  128 0 255
3  1965 1996 1998  100 100 100
3  1999 1968 1967  100 100 100
3  3759 3791 3760  128 0 128
3  3760 3729 3759  100 100 100
3  1968 1999 2000  100 100 100
3  2001 1970 1969  100 100 100
3  3759 3758 3790  128 0 128
3  2002 1971 1970  100 100 100
3  1970 2001 2002  100 100 100
3  2003 1972 1971  100 100 100
3  1971 2002 2003  100 100 100
3  2004 1973 1972  100 100 100
3  1972 2003 2004  100 100 100
3  2005 1974 1973  100 100 100
3  1973 2004 2005  100 100 100
3  2006 1975 1974  100 100 100
3  1974 2005 2006  100 100 100
3  2007 1976 1975  100 100 100
3  1975 2006 2007  100 100 100
3  2008 1977 1976  100 100 100
3  1976 2007 2008  100 100 100
3  2009 1978 1977  100 100 100
3  1977 2008 2009  100 100 100
3  2010 1979 1978  100 100 100
3  1978 2009 2010  100 100 100
3  2011 1980 1979  100 100 100
3  1979 2010 2011  100 100 100
3  2012 1981 1980  100 100 100
3  1980 2011 2012  100 100 100
3  2013 1982 1981  100 100 100
3  1981 2012 2013  100 100 100
3  2014 1983 1982  100 100 100
3  1982 2013 2014  100 100 100
3  2015 1984 1983  100 100 100
3  1983 2014 2015  100 100 100
3  3790 3791 3759  128 0 128
3  1984 2015 2016  100 100 100
3  2017 1986 1985  100 100 100
3  3758 3757 3789  64 255 255
3  2018 1987 1986  100 100 100
3  1986 2017 2018  100 100 100
3  2019 1988 1987  100 100 100
3  1987 2018 2019  100 100 100
3  2020 4014 1988  100 100 100
3  1988 2019 2020  100 100 100
3  2021 1989 4014  100 100 100
3  4014 2020 2021  100 100 100
3  2022 1990 1989  100 100 100
3  1989 2021 2022  100 100 100
3  2023 1991 1990  100 100 100
3  1990 2022 2023  100 100 100
3  2024 1992 1991  100 100 100
3  1991 2023 2024  100 100 100
3  2025 1993 1992  100 100 100
3  1992 2024 2025  100 100 100
3  2026 1994 1993  100 100 100
3  1993 2025 2026  100 100 100
3  2027 1995 1994  100 100 100
3  1994 2026 2027  100 100 100
3  1997 1966 1995  100 100 100
3  1995 2027 1997  100 100 100
3  3789 3790 3758  64 255 255
3  3757 3756 3788  64 255 255
3  2030 1998 1996  100 100 100
3  3788 3789 3757  64 255 255
3  2031 1999 1998  100 100 100
3  1998 2030 2031  100 100 100
3  2032 2000 1999  100 100 100
3  1999 2031 2032  100 100 100
3  2033 2001 2000  100 100 100
3  2000 2032 2033  100 100 100
3  2034 2002 2001  100 100 100
3  2001 2033 2034  100 100 100
3  1157 2003 2002  100 100 100
3  2002 2034 1157  100 100 100
3  2035 2004 2003  100 100 100
3  2003 1157 2035  100 100 100
3  2036 2005 2004  100 100 100
3  2004 2035 2036  100 100 100
3  2037 2006 2005  100 100 100
3  2005 2036 2037  100 100 100
3  2038 2007 2006  100 100 100
3  2006 2037 2038  100 100 100
3  2039 2008 2007  100 100 100
3  2007 2038 2039  100 100 100
3  2040 2009 2008  100 100 100
3  2008 2039 2040  100 100 100
3  2041 2010 2009  100 100 100
3  2009 2040 2041  100 100 100
3  2042 2011 2010  100 100 100
3  2010 2041 2042  100 100 100
3  3756 3755 3787  100 100 100
3  3787 3788 3756  64 255 255
3  2044 2013 2012  100 100 100
3  2012 2043 2044  100 100 100
3  3755 3754 3786  100 100 100
3  3786 3787 3755  100 100 100
3  3754 3753 3785  100 100 100
3  3785 3786 3754  100 100 100
3  2045 2016 2015  100 100 100
3  3753 3752 3784  100 100 100
3  2046 2017 2016  100 100 100
3  2016 2045 2046  100 100 100
3  2047 2018 2017  100 100 100
3  2017 2046 2047  100 100 100
3  2048 2019 2018  100 100 100
3  2018 2047 2048  100 100 100
3  2049 2020 2019  100 100 100
3  2019 2048 2049  100 100 100
3  2050 2021 2020  100 100 100
3  2020 2049 2050  100 100 100
3  2051 2022 2021  100 100 100
3  2021 2050 2051  100 100 100
3  2052 2023 2022  100 100 100
3  2022 2051 2052  100 100 100
3  2053 2024 2023  100 100 100
3  2023 2052 2053  100 100 100
3  2054 2025 2024  100 100 100
3  2024 2053 2054  100 100 100
3  3784 3785 3753  100 100 100
3  3752 3751 3783  100 100 100
3  3783 3784 3752  100 100 100
3  3751 3750 3782  255 255 64
3  2029 1997 2027  100 100 100
3  2027 2056 2029  100 100 100
3  2057 2028 2029  100 100 100
3  2029 2058 2057  100 100 100
3  2059 2030 2028  100 100 100
3  2028 2057 2059  100 100 100
3  2060 2031 2030  100 100 100
3  2030 2059 2060  100 100 100
3  2061 2032 2031  100 100 100
3  2031 2060 2061  100 100 100
3  2062 2033 2032  100 100 100
3  2032 2061 2062  100 100 100
3  3782 3783 3751  100 100 100
3  2033 2062 3999  100 100 100
3  3750 3749 3781  0 128 128
3  3781 3782 3750  0 128 128
3  3749 3748 3780  0 128 128
3  3780 3781 3749  0 128 128
3  2064 2038 2037  100 100 100
3  2037 2036 2064  100 100 100
3  2065 2039 2038  100 100 100
3  2038 2064 2065  100 100 100
3  2066 2040 2039  100 100 100
3  2039 2065 2066  100 100 100
3  2067 2041 2040  100 100 100
3  2040 2066 2067  100 100 100
3  698 2042 2041  100 100 100
3  2041 2067 698  100 100 100
3  3559 3558 3556  100 100 100
3  2042 698 2068  100 100 100
3  3987 2044 2043  100 100 100
3  3556 3555 3559  100 100 100
3  3748 3747 3779  100 100 100
3  2044 3987 2069  100 100 100
3  3779 3780 3748  100 100 100
3  3747 3746 3778  100 100 100
3  3778 3779 3747  100 100 100
3  3746 3745 3777  100 100 100
3  2072 2046 2045  100 100 100
3  3777 3778 3746  100 100 100
3  2073 2047 2046  100 100 100
3  2046 2072 2073  100 100 100
3  2074 2048 2047  100 100 100
3  2047 2073 2074  100 100 100
3  2075 2049 2048  100 100 100
3  2048 2074 2075  100 100 100
3  2076 2050 2049  100 100 100
3  2049 2075 2076  100 100 100
3  2077 2051 2050  100 100 100
3  2050 2076 2077  100 100 100
3  2078 2052 2051  100 100 100
3  2051 2077 2078  100 100 100
3  2079 2053 2052  100 100 100
3  2052 2078 2079  100 100 100
3  3745 3744 3776  100 100 100
3  3776 3777 3745  100 100 100
3  3744 3743 3775  100 100 100
3  3775 3776 3744  100 100 100
3  2057 2056 2055  100 100 100
3  2055 2081 2057  100 100 100
3  2058 2029 2056  100 100 100
3  2056 2057 2058  100 100 100
3  3743 3742 3774  255 64 255
3  3774 3775 3743  100 100 100
3  3742 3741 3773  255 64 255
3  3773 3774 3742  255 64 255
3  3741 3740 3772  255 64 255
3  2082 3999 2062  100 100 100
3  2082 293 3999  100 100 100
3  2082 4015 293  100 100 100
3  2082 2063 4015  100 100 100
3  2082 2036 2063  100 100 100
3  2082 2064 2036  100 100 100
3  3772 3773 3741  255 64 255
3  3740 3739 3771  128 128 0
3  3771 3772 3740  100 100 100
3  3739 3738 3770  128 128 0
3  3770 3771 3739  128 128 0
3  3738 3737 3769  128 128 0
3  4016 2069 3987  100 100 100
3  4016 2070 2069  100 100 100
3  4016 2071 2070  100 100 100
3  4016 2072 2071  100 100 100
3  4016 2073 2072  100 100 100
3  4016 2074 2073  100 100 100
3  4016 2075 2074  100 100 100
3  4016 2076 2075  100 100 100
3  4016 2077 2076  100 100 100
3  4016 2078 2077  100 100 100
3  4016 2079 2078  100 100 100
3  4016 2080 2079  100 100 100
3  4016 2081 2080  100 100 100
3  4016 2057 2081  100 100 100
3  3769 3770 3738  128 128 0
3  3737 3736 3768  128 128 0
3  3768 3769 3737  128 128 0
3  3736 3735 3767  128 128 0
3  3767 3768 3736  128 128 0
3  2083 2086 2087  100 100 100
3  2083 2087 2088  100 100 100
3  2083 2088 2089  100 100 100
3  2083 2089 2090  100 100 100
3  2083 2090 2091  100 100 100
3  2083 2091 1110  100 100 100
3  2083 1110 2092  100 100 100
3  2083 2092 2093  100 100 100
3  3735 3734 3766  64 64 255
3  3766 3767 3735  64 64 255
3  3734 3733 3765  64 64 255
3  3765 3766 3734  64 64 255
3  3733 3732 3764  64 64 255
3  3764 3765 3733  64 64 255
3  4017 2095 2096  100 100 100
3  4017 2096 2097  100 100 100
3  4017 2097 2098  100 100 100
3  4017 2098 2099  100 100 100
3  4017 2099 2100  100 100 100
3  4017 2100 2101  100 100 100
3  4017 2101 2102  100 100 100
3  4017 2102 2103  100 100 100
3  4017 2103 2104  100 100 100
3  4017 2104 2105  100 100 100
3  4017 2105 2106  100 100 100
3  4017 2106 2084  100 100 100
3  3732 3731 3763  100 100 100
3  3763 3764 3732  100 100 100
3  3558 3557 3553  128 0 128
3  1156 2108 2107  100 100 100
3  2109 2084 3928  100 100 100
3  3928 4019 2109  100 100 100
3  2110 2085 2084  100 100 100
3  2084 2109 2110  100 100 100
3  2111 2086 2085  100 100 100
3  2085 2110 2111  100 100 100
3  2112 2087 2086  100 100 100
3  2086 2111 2112  100 100 100
3  2113 2088 2087  100 100 100
3  2087 2112 2113  100 100 100
3  3731 3730 3762  64 255 64
3  3762 3763 3731  100 100 100
3  3730 3728 3761  64 255 64
3  3761 3762 3730  64 255 64
3  2114 2092 1110  100 100 100
3  3728 3729 3760  100 100 100
3  2115 2093 2092  100 100 100
3  2092 2114 2115  100 100 100
3  2116 2094 2093  100 100 100
3  2093 2115 2116  100 100 100
3  2117 2095 2094  100 100 100
3  2094 2116 2117  100 100 100
3  2118 3488 2095  100 100 100
3  2095 2117 2118  100 100 100
3  2119 1147 3488  100 100 100
3  3488 2118 2119  100 100 100
3  2120 3488 1147  100 100 100
3  1147 2119 2120  100 100 100
3  2121 2095 3488  100 100 100
3  3488 2120 2121  100 100 100
3  2122 2096 2095  100 100 100
3  2095 2121 2122  100 100 100
3  3760 3761 3728  64 255 64
3  3727 3759 3729  128 0 128
3  2124 2098 2097  100 100 100
3  2097 2123 2124  100 100 100
3  2125 2099 2098  100 100 100
3  2098 2124 2125  100 100 100
3  2126 2100 2099  100 100 100
3  2099 2125 2126  100 100 100
3  2127 2101 2100  100 100 100
3  2100 2126 2127  100 100 100
3  2128 2102 2101  100 100 100
3  2101 2127 2128  100 100 100
3  2129 2103 2102  100 100 100
3  2102 2128 2129  100 100 100
3  2130 2104 2103  100 100 100
3  2103 2129 2130  100 100 100
3  3729 3697 3727  128 0 128
3  2104 2130 2131  100 100 100
3  3726 3758 3759  64 255 255
3  3759 3727 3726  64 255 255
3  2133 2084 2106  100 100 100
3  3725 3757 3758  64 255 255
3  2134 3928 2084  100 100 100
3  2084 2133 2134  100 100 100
3  3553 3556 3558  128 0 128
3  3928 2134 4020  100 100 100
3  3758 3726 3725  64 255 255
3  3724 3756 3757  64 255 255
3  2137 2109 4019  100 100 100
3  4019 2135 2137  100 100 100
3  2138 2110 2109  100 100 100
3  2109 2137 2138  100 100 100
3  3757 3725 3724  64 255 255
3  3723 3755 3756  64 255 255
3  2140 2112 2111  100 100 100
3  2111 2139 2140  100 100 100
3  2141 2113 2112  100 100 100
3  2112 2140 2141  100 100 100
3  2142 2088 2113  100 100 100
3  2113 2141 2142  100 100 100
3  2143 4018 2088  100 100 100
3  2088 2142 2143  100 100 100
3  2144 3994 4018  100 100 100
3  4018 2143 2144  100 100 100
3  2145 3489 3994  100 100 100
3  3994 2144 2145  100 100 100
3  2146 4021 3489  100 100 100
3  3489 2145 2146  100 100 100
3  3756 3724 3723  64 255 255
3  4021 2146 2147  100 100 100
3  3722 3754 3755  64 255 255
3  3755 3723 3722  64 255 255
3  2149 2117 2116  100 100 100
3  3721 3753 3754  255 255 64
3  3754 3722 3721  255 255 64
3  2117 2149 2150  100 100 100
3  3720 3752 3753  255 255 64
3  3753 3721 3720  255 255 64
3  2152 2120 2119  100 100 100
3  2119 2151 2152  100 100 100
3  2153 2121 2120  100 100 100
3  2120 2152 2153  100 100 100
3  2154 2122 2121  100 100 100
3  2121 2153 2154  100 100 100
3  2155 2123 2122  100 100 100
3  2122 2154 2155  100 100 100
3  2156 2124 2123  100 100 100
3  2123 2155 2156  100 100 100
3  2157 2125 2124  100 100 100
3  2124 2156 2157  100 100 100
3  2158 2126 2125  100 100 100
3  2125 2157 2158  100 100 100
3  2159 2127 2126  100 100 100
3  2126 2158 2159  100 100 100
3  2160 2128 2127  100 100 100
3  2127 2159 2160  100 100 100
3  2161 2129 2128  100 100 100
3  2128 2160 2161  100 100 100
3  3719 3751 3752  255 255 64
3  2129 2161 2162  100 100 100
3  2163 2131 2130  100 100 100
3  3752 3720 3719  255 255 64
3  2164 2132 2131  100 100 100
3  2131 2163 2164  100 100 100
3  2165 2133 2132  100 100 100
3  2132 2164 2165  100 100 100
3  2166 2134 2133  100 100 100
3  2133 2165 2166  100 100 100
3  2136 4020 2134  100 100 100
3  2134 2166 2136  100 100 100
3  2167 2135 2136  100 100 100
3  2136 2168 2167  100 100 100
3  2169 2137 2135  100 100 100
3  2135 2167 2169  100 100 100
3  2170 2138 2137  100 100 100
3  2137 2169 2170  100 100 100
3  2171 2139 2138  100 100 100
3  2138 2170 2171  100 100 100
3  2172 2140 2139  100 100 100
3  2139 2171 2172  100 100 100
3  3718 3750 3751  255 255 64
3  3751 3719 3718  255 255 64
3  2174 2142 2141  100 100 100
3  2141 2173 2174  100 100 100
3  2175 2143 2142  100 100 100
3  2142 2174 2175  100 100 100
3  2176 2144 2143  100 100 100
3  2143 2175 2176  100 100 100
3  3717 3749 3750  255 255 64
3  2144 2176 2177  100 100 100
3  3750 3718 3717  255 255 64
3  3716 3748 3749  0 128 128
3  2179 2147 2146  100 100 100
3  3749 3717 3716  0 128 128
3  2180 2148 2147  100 100 100
3  2147 2179 2180  100 100 100
3  2181 2149 2148  100 100 100
3  2148 2180 2181  100 100 100
3  2182 2150 2149  100 100 100
3  2149 2181 2182  100 100 100
3  3559 3560 3557  255 240 245
3  2150 2182 2183  100 100 100
3  2184 2152 2151  100 100 100
3  2151 2183 2184  100 100 100
3  2185 2153 2152  100 100 100
3  2152 2184 2185  100 100 100
3  2186 2154 2153  100 100 100
3  2153 2185 2186  100 100 100
3  2187 2155 2154  100 100 100
3  2154 2186 2187  100 100 100
3  2188 2156 2155  100 100 100
3  2155 2187 2188  100 100 100
3  2189 2157 2156  100 100 100
3  2156 2188 2189  100 100 100
3  2190 2158 2157  100 100 100
3  2157 2189 2190  100 100 100
3  2191 2159 2158  100 100 100
3  2158 2190 2191  100 100 100
3  2192 2160 2159  100 100 100
3  2159 2191 2192  100 100 100
3  2193 2161 2160  100 100 100
3  2160 2192 2193  100 100 100
3  2194 2162 2161  100 100 100
3  2161 2193 2194  100 100 100
3  2195 2163 2162  100 100 100
3  2162 2194 2195  100 100 100
3  2196 2164 2163  100 100 100
3  2163 2195 2196  100 100 100
3  2197 2165 2164  100 100 100
3  3715 3747 3748  0 128 128
3  3748 3716 3715  0 128 128
3  2165 2197 2198  100 100 100
3  2168 2136 2166  100 100 100
3  3714 3746 3747  0 128 128
3  2199 2167 2168  100 100 100
3  2168 2200 2199  100 100 100
3  2201 2169 2167  100 100 100
3  2167 2199 2201  100 100 100
3  2202 2170 2169  100 100 100
3  2169 2201 2202  100 100 100
3  2203 2171 2170  100 100 100
3  2170 2202 2203  100 100 100
3  2204 2172 2171  100 100 100
3  2171 2203 2204  100 100 100
3  2205 2173 2172  100 100 100
3  2172 2204 2205  100 100 100
3  2206 2174 2173  100 100 100
3  2173 2205 2206  100 100 100
3  2207 2175 2174  100 100 100
3  2174 2206 2207  100 100 100
3  2208 2176 2175  100 100 100
3  2175 2207 2208  100 100 100
3  2209 2177 2176  100 100 100
3  2176 2208 2209  100 100 100
3  2210 2178 2177  100 100 100
3  2177 2209 2210  100 100 100
3  2211 2179 2178  100 100 100
3  2178 2210 2211  100 100 100
3  2212 2180 2179  100 100 100
3  2179 2211 2212  100 100 100
3  2213 2181 2180  100 100 100
3  2180 2212 2213  100 100 100
3  2214 2182 2181  100 100 100
3  2181 2213 2214  100 100 100
3  2215 2183 2182  100 100 100
3  2182 2214 2215  100 100 100
3  2216 2184 2183  100 100 100
3  2183 2215 2216  100 100 100
3  2217 2185 2184  100 100 100
3  2184 2216 2217  100 100 100
3  2218 2186 2185  100 100 100
3  2185 2217 2218  100 100 100
3  2219 2187 2186  100 100 100
3  2186 2218 2219  100 100 100
3  2220 2188 2187  100 100 100
3  2187 2219 2220  100 100 100
3  2221 2189 2188  100 100 100
3  2188 2220 2221  100 100 100
3  2222 2190 2189  100 100 100
3  2189 2221 2222  100 100 100
3  3747 3715 3714  0 128 128
3  3713 3745 3746  255 128 64
3  2224 2193 2192  100 100 100
3  3746 3714 3713  255 128 64
3  2225 2194 2193  100 100 100
3  2193 2224 2225  100 100 100
3  3712 3744 3745  255 128 64
3  2194 2225 2226  100 100 100
3  2227 2196 2195  100 100 100
3  2195 2226 2227  100 100 100
3  2228 2197 2196  100 100 100
3  2196 2227 2228  100 100 100
3  2229 2198 2197  100 100 100
3  2197 2228 2229  100 100 100
3  2200 2168 2198  100 100 100
3  2198 2229 2200  100 100 100
3  2230 2199 2200  100 100 100
3  2200 2231 2230  100 100 100
3  2232 2201 2199  100 100 100
3  2199 2230 2232  100 100 100
3  2233 2202 2201  100 100 100
3  2201 2232 2233  100 100 100
3  2234 2203 2202  100 100 100
3  2202 2233 2234  100 100 100
3  2235 2204 2203  100 100 100
3  2203 2234 2235  100 100 100
3  2236 2205 2204  100 100 100
3  2204 2235 2236  100 100 100
3  2237 2206 2205  100 100 100
3  2205 2236 2237  100 100 100
3  2238 2207 2206  100 100 100
3  2206 2237 2238  100 100 100
3  2239 2208 2207  100 100 100
3  2207 2238 2239  100 100 100
3  2240 2209 2208  100 100 100
3  2208 2239 2240  100 100 100
3  2241 2210 2209  100 100 100
3  2209 2240 2241  100 100 100
3  2242 2211 2210  100 100 100
3  2210 2241 2242  100 100 100
3  2243 2212 2211  100 100 100
3  2211 2242 2243  100 100 100
3  3745 3713 3712  255 128 64
3  2212 2243 2244  100 100 100
3  2245 2214 2213  100 100 100
3  2213 2244 2245  100 100 100
3  2246 2215 2214  100 100 100
3  2214 2245 2246  100 100 100
3  2247 2216 2215  100 100 100
3  2215 2246 2247  100 100 100
3  2248 2217 2216  100 100 100
3  2216 2247 2248  100 100 100
3  2249 2218 2217  100 100 100
3  2217 2248 2249  100 100 100
3  2250 2219 2218  100 100 100
3  2218 2249 2250  100 100 100
3  2251 2220 2219  100 100 100
3  2219 2250 2251  100 100 100
3  2252 2221 2220  100 100 100
3  2220 2251 2252  100 100 100
3  2253 2222 2221  100 100 100
3  2221 2252 2253  100 100 100
3  2254 4022 2222  100 100 100
3  2222 2253 2254  100 100 100
3  2255 2223 4022  100 100 100
3  4022 2254 2255  100 100 100
3  2256 2224 2223  100 100 100
3  2223 2255 2256  100 100 100
3  2257 2225 2224  100 100 100
3  2224 2256 2257  100 100 100
3  2258 2226 2225  100 100 100
3  2225 2257 2258  100 100 100
3  2259 2227 2226  100 100 100
3  2226 2258 2259  100 100 100
3  2260 2228 2227  100 100 100
3  2227 2259 2260  100 100 100
3  2261 2229 2228  100 100 100
3  2228 2260 2261  100 100 100
3  2231 2200 2229  100 100 100
3  2229 2261 2231  100 100 100
3  2262 2230 2231  100 100 100
3  2231 2263 2262  100 100 100
3  2264 2232 2230  100 100 100
3  2230 2262 2264  100 100 100
3  2265 2233 2232  100 100 100
3  2232 2264 2265  100 100 100
3  2266 2234 2233  100 100 100
3  2233 2265 2266  100 100 100
3  2267 2235 2234  100 100 100
3  2234 2266 2267  100 100 100
3  2268 2236 2235  100 100 100
3  2235 2267 2268  100 100 100
3  2269 2237 2236  100 100 100
3  2236 2268 2269  100 100 100
3  2270 2238 2237  100 100 100
3  2237 2269 2270  100 100 100
3  2271 2239 2238  100 100 100
3  2238 2270 2271  100 100 100
3  2272 2240 2239  100 100 100
3  2239 2271 2272  100 100 100
3  2273 2241 2240  100 100 100
3  2240 2272 2273  100 100 100
3  2274 2242 2241  100 100 100
3  2241 2273 2274  100 100 100
3  2275 2243 2242  100 100 100
3  2242 2274 2275  100 100 100
3  2276 2244 2243  100 100 100
3  3711 3743 3744  255 64 255
3  2277 2245 2244  100 100 100
3  2244 2276 2277  100 100 100
3  2278 2246 2245  100 100 100
3  2245 2277 2278  100 100 100
3  2279 2247 2246  100 100 100
3  2246 2278 2279  100 100 100
3  2280 2248 2247  100 100 100
3  2247 2279 2280  100 100 100
3  2281 2249 2248  100 100 100
3  2248 2280 2281  100 100 100
3  2282 2250 2249  100 100 100
3  2249 2281 2282  100 100 100
3  2283 2251 2250  100 100 100
3  2250 2282 2283  100 100 100
3  2284 2252 2251  100 100 100
3  2251 2283 2284  100 100 100
3  2285 2253 2252  100 100 100
3  2252 2284 2285  100 100 100
3  2286 2254 2253  100 100 100
3  2253 2285 2286  100 100 100
3  2287 2255 2254  100 100 100
3  2254 2286 2287  100 100 100
3  2288 2256 2255  100 100 100
3  2255 2287 2288  100 100 100
3  2289 2257 2256  100 100 100
3  2256 2288 2289  100 100 100
3  2290 2258 2257  100 100 100
3  2257 2289 2290  100 100 100
3  2291 2259 2258  100 100 100
3  2258 2290 2291  100 100 100
3  2292 2260 2259  100 100 100
3  2259 2291 2292  100 100 100
3  2293 2261 2260  100 100 100
3  2260 2292 2293  100 100 100
3  2263 2231 2261  100 100 100
3  2261 2293 2263  100 100 100
3  2294 2262 2263  100 100 100
3  2263 2295 2294  100 100 100
3  2296 2264 2262  100 100 100
3  2262 2294 2296  100 100 100
3  2297 2265 2264  100 100 100
3  2264 2296 2297  100 100 100
3  2298 2266 2265  100 100 100
3  2265 2297 2298  100 100 100
3  2299 2267 2266  100 100 100
3  2266 2298 2299  100 100 100
3  2300 2268 2267  100 100 100
3  2267 2299 2300  100 100 100
3  2301 2269 2268  100 100 100
3  2268 2300 2301  100 100 100
3  2302 2270 2269  100 100 100
3  2269 2301 2302  100 100 100
3  2303 2271 2270  100 100 100
3  2270 2302 2303  100 100 100
3  2304 2272 2271  100 100 100
3  2271 2303 2304  100 100 100
3  2305 2273 2272  100 100 100
3  2272 2304 2305  100 100 100
3  2306 2274 2273  100 100 100
3  2273 2305 2306  100 100 100
3  2307 2275 2274  100 100 100
3  2274 2306 2307  100 100 100
3  2308 2276 2275  100 100 100
3  2275 2307 2308  100 100 100
3  2309 2277 2276  100 100 100
3  2276 2308 2309  255 0 0
3  2310 2278 2277  176 196 222
3  2277 2309 2310  100 100 100
3  2311 2279 2278  100 100 100
3  2278 2310 2311  176 196 222
3  2312 2280 2279  100 100 100
3  2279 2311 2312  100 100 100
3  2313 2281 2280  100 100 100
3  2280 2312 2313  100 100 100
3  2314 2282 2281  100 100 100
3  2281 2313 2314  100 100 100
3  2315 2283 2282  100 100 100
3  2282 2314 2315  100 100 100
3  2316 2284 2283  100 100 100
3  2283 2315 2316  100 100 100
3  2317 2285 2284  100 100 100
3  2284 2316 2317  100 100 100
3  2285 2317 2286  100 100 100
3  2318 2287 2286  100 100 100
3  2319 2288 2287  100 100 100
3  2287 2318 2319  100 100 100
3  2320 2289 2288  100 100 100
3  2288 2319 2320  100 100 100
3  2321 2290 2289  100 100 100
3  2289 2320 2321  100 100 100
3  2322 2291 2290  100 100 100
3  2290 2321 2322  100 100 100
3  2323 2292 2291  100 100 100
3  2291 2322 2323  100 100 100
3  2324 2293 2292  100 100 100
3  2292 2323 2324  100 100 100
3  2295 2263 2293  100 100 100
3  2293 2324 2295  100 100 100
3  2325 2294 2295  100 100 100
3  2295 2326 2325  100 100 100
3  2327 2296 2294  100 100 100
3  2294 2325 2327  100 100 100
3  2328 2297 2296  100 100 100
3  2296 2327 2328  100 100 100
3  2329 2298 2297  100 100 100
3  2297 2328 2329  100 100 100
3  2330 2299 2298  100 100 100
3  2298 2329 2330  100 100 100
3  2331 2300 2299  100 100 100
3  2299 2330 2331  100 100 100
3  2332 2301 2300  100 100 100
3  2300 2331 2332  100 100 100
3  2333 2302 2301  100 100 100
3  2301 2332 2333  100 100 100
3  2334 2303 2302  100 100 100
3  2302 2333 2334  100 100 100
3  2335 2304 2303  100 100 100
3  2303 2334 2335  100 100 100
3  2336 2305 2304  100 100 100
3  2304 2335 2336  100 100 100
3  2337 2306 2305  100 100 100
3  2305 2336 2337  100 100 100
3  2338 2307 2306  100 100 100
3  2306 2337 2338  100 100 100
3  2339 2308 2307  100 100 100
3  2307 2338 2339  100 100 100
3  2340 2309 2308  255 0 0
3  2308 2339 2340  255 0 0
3  2341 2310 2309  100 100 100
3  2309 2340 2341  255 0 0
3  2342 2311 2310  100 100 100
3  2310 2341 2342  100 100 100
3  2343 2312 2311  100 100 100
3  2311 2342 2343  100 100 100
3  2344 2313 2312  100 100 100
3  2312 2343 2344  100 100 100
3  2345 2314 2313  100 100 100
3  2313 2344 2345  100 100 100
3  3744 3712 3711  255 64 255
3  2314 2345 2346  100 100 100
3  2347 2316 2315  100 100 100
3  2315 2346 2347  100 100 100
3  2348 2317 2316  100 100 100
3  2316 2347 2348  100 100 100
3  2349 2286 2317  100 100 100
3  2317 2348 2349  100 100 100
3  2350 2318 2286  100 100 100
3  2286 2349 2350  100 100 100
3  2351 2319 2318  100 100 100
3  2318 2350 2351  100 100 100
3  2352 2320 2319  100 100 100
3  2319 2351 2352  100 100 100
3  2353 2321 2320  100 100 100
3  2320 2352 2353  100 100 100
3  2354 2322 2321  100 100 100
3  2321 2353 2354  100 100 100
3  2355 2323 2322  100 100 100
3  2322 2354 2355  100 100 100
3  2356 2324 2323  100 100 100
3  2323 2355 2356  100 100 100
3  2326 2295 2324  100 100 100
3  2324 2356 2326  100 100 100
3  2357 2325 2326  100 100 100
3  2326 2358 2357  100 100 100
3  2359 2327 2325  100 100 100
3  2325 2357 2359  100 100 100
3  2360 2328 2327  100 100 100
3  2327 2359 2360  100 100 100
3  2361 2329 2328  100 100 100
3  2328 2360 2361  100 100 100
3  2362 2330 2329  100 100 100
3  2329 2361 2362  100 100 100
3  3710 3742 3743  255 64 255
3  3743 3711 3710  255 64 255
3  2364 2332 2331  100 100 100
3  3709 3741 3742  255 64 255
3  2365 2333 2332  100 100 100
3  2332 2364 2365  100 100 100
3  2366 2334 2333  100 100 100
3  2333 2365 2366  100 100 100
3  2367 2335 2334  100 100 100
3  2334 2366 2367  100 100 100
3  3742 3710 3709  255 64 255
3  3708 3740 3741  255 64 255
3  2369 2337 2336  100 100 100
3  2336 2368 2369  100 100 100
3  2370 2338 2337  100 100 100
3  2337 2369 2370  100 100 100
3  2371 2339 2338  100 100 100
3  2338 2370 2371  100 100 100
3  2372 2340 2339  100 100 100
3  2339 2371 2372  100 100 100
3  2373 2341 2340  100 100 100
3  2340 2372 2373  100 100 100
3  2374 2342 2341  100 100 100
3  2341 2373 2374  100 100 100
3  2375 2343 2342  100 100 100
3  2342 2374 2375  100 100 100
3  2376 2344 2343  100 100 100
3  2343 2375 2376  100 100 100
3  2377 2345 2344  100 100 100
3  2344 2376 2377  100 100 100
3  2378 2346 2345  100 100 100
3  3741 3709 3708  255 64 255
3  2379 2347 2346  100 100 100
3  2346 2378 2379  100 100 100
3  2380 2348 2347  100 100 100
3  2347 2379 2380  100 100 100
3  2381 2349 2348  100 100 100
3  2348 2380 2381  100 100 100
3  2382 2350 2349  100 100 100
3  2349 2381 2382  100 100 100
3  2383 2351 2350  100 100 100
3  2350 2382 2383  100 100 100
3  2384 2352 2351  100 100 100
3  2351 2383 2384  100 100 100
3  2385 2353 2352  100 100 100
3  2352 2384 2385  100 100 100
3  2386 2354 2353  100 100 100
3  2353 2385 2386  100 100 100
3  2387 2355 2354  100 100 100
3  2354 2386 2387  100 100 100
3  2388 2356 2355  100 100 100
3  2355 2387 2388  100 100 100
3  2358 2326 2356  100 100 100
3  2356 2388 2358  100 100 100
3  2389 2357 2358  100 100 100
3  2358 2390 2389  100 100 100
3  2391 2359 2357  100 100 100
3  3707 3739 3740  255 64 255
3  2392 2360 2359  100 100 100
3  2359 2391 2392  100 100 100
3  2393 2361 2360  100 100 100
3  2360 2392 2393  100 100 100
3  2394 2362 2361  100 100 100
3  2361 2393 2394  100 100 100
3  2395 2363 2362  100 100 100
3  2362 2394 2395  100 100 100
3  2396 2364 2363  100 100 100
3  2363 2395 2396  100 100 100
3  2397 2365 2364  100 100 100
3  2364 2396 2397  100 100 100
3  2398 2366 2365  100 100 100
3  2365 2397 2398  100 100 100
3  2399 2367 2366  100 100 100
3  2366 2398 2399  100 100 100
3  2400 2368 2367  100 100 100
3  2367 2399 2400  100 100 100
3  2401 2369 2368  100 100 100
3  2368 2400 2401  100 100 100
3  2402 2370 2369  100 100 100
3  2369 2401 2402  100 100 100
3  2403 2371 2370  100 100 100
3  2370 2402 2403  100 100 100
3  2404 2372 2371  100 100 100
3  2371 2403 2404  100 100 100
3  2405 2373 2372  100 100 100
3  2372 2404 2405  100 100 100
3  2406 2374 2373  100 100 100
3  2373 2405 2406  100 100 100
3  2407 2375 2374  100 100 100
3  2374 2406 2407  100 100 100
3  2408 2376 2375  100 100 100
3  2375 2407 2408  100 100 100
3  2409 2377 2376  100 100 100
3  2376 2408 2409  100 100 100
3  2410 2378 2377  100 100 100
3  2377 2409 2410  100 100 100
3  2411 2379 2378  100 100 100
3  2378 2410 2411  100 100 100
3  2412 2380 2379  100 100 100
3  2379 2411 2412  100 100 100
3  2413 2381 2380  100 100 100
3  2380 2412 2413  100 100 100
3  2414 2382 2381  100 100 100
3  2381 2413 2414  100 100 100
3  2415 2383 2382  100 100 100
3  2382 2414 2415  100 100 100
3  2416 2384 2383  100 100 100
3  2383 2415 2416  100 100 100
3  2417 2385 2384  100 100 100
3  2384 2416 2417  100 100 100
3  2418 2386 2385  100 100 100
3  2385 2417 2418  100 100 100
3  2419 2387 2386  100 100 100
3  2386 2418 2419  100 100 100
3  2420 2388 2387  100 100 100
3  2387 2419 2420  100 100 100
3  2390 2358 2388  100 100 100
3  2388 2420 2390  100 100 100
3  2421 2389 2390  100 100 100
3  2390 2422 2421  100 100 100
3  2423 2391 2389  100 100 100
3  2389 2421 2423  100 100 100
3  2424 2392 2391  100 100 100
3  2391 2423 2424  100 100 100
3  3740 3708 3707  255 64 255
3  2392 2424 2425  100 100 100
3  2426 2394 2393  100 100 100
3  2393 2425 2426  100 100 100
3  2427 2395 2394  100 100 100
3  2394 2426 2427  100 100 100
3  2428 2396 2395  100 100 100
3  2395 2427 2428  100 100 100
3  2429 2397 2396  100 100 100
3  2396 2428 2429  100 100 100
3  2430 2398 2397  100 100 100
3  2397 2429 2430  100 100 100
3  2431 2399 2398  100 100 100
3  2398 2430 2431  100 100 100
3  2432 2400 2399  100 100 100
3  2399 2431 2432  100 100 100
3  2433 2401 2400  100 100 100
3  2400 2432 2433  100 100 100
3  2434 2402 2401  100 100 100
3  2401 2433 2434  100 100 100
3  2435 2403 2402  100 100 100
3  2402 2434 2435  100 100 100
3  2436 2404 2403  100 100 100
3  2403 2435 2436  100 100 100
3  2437 2405 2404  100 100 100
3  2404 2436 2437  100 100 100
3  2438 2406 2405  100 100 100
3  2405 2437 2438  100 100 100
3  2439 2407 2406  100 100 100
3  2406 2438 2439  100 100 100
3  3706 3738 3739  128 128 0
3  3739 3707 3706  128 128 0
3  2441 2409 2408  100 100 100
3  2408 2440 2441  100 100 100
3  2442 2410 2409  100 100 100
3  2409 2441 2442  100 100 100
3  2443 2411 2410  100 100 100
3  2410 2442 2443  100 100 100
3  2444 2412 2411  100 100 100
3  2411 2443 2444  100 100 100
3  2445 2413 2412  100 100 100
3  2412 2444 2445  100 100 100
3  2446 2414 2413  100 100 100
3  2413 2445 2446  100 100 100
3  2447 2415 2414  100 100 100
3  2414 2446 2447  100 100 100
3  2448 2416 2415  100 100 100
3  2415 2447 2448  100 100 100
3  2449 2417 2416  100 100 100
3  2416 2448 2449  100 100 100
3  2450 2418 2417  100 100 100
3  2417 2449 2450  100 100 100
3  3705 3737 3738  128 128 0
3  3738 3706 3705  128 128 0
3  2452 2420 2419  100 100 100
3  2419 2451 2452  100 100 100
3  2422 2390 2420  100 100 100
3  2420 2452 2422  100 100 100
3  3704 3736 3737  64 64 255
3  3737 3705 3704  64 64 255
3  2455 2423 2421  100 100 100
3  2421 2453 2455  100 100 100
3  2456 2424 2423  100 100 100
3  2423 2455 2456  100 100 100
3  2457 2425 2424  100 100 100
3  2424 2456 2457  100 100 100
3  2458 2426 2425  100 100 100
3  2425 2457 2458  100 100 100
3  2459 2427 2426  100 100 100
3  3703 3735 3736  64 64 255
3  2460 2428 2427  100 100 100
3  2427 2459 2460  100 100 100
3  2461 2429 2428  100 100 100
3  2428 2460 2461  100 100 100
3  2462 2430 2429  100 100 100
3  2429 2461 2462  100 100 100
3  2463 2431 2430  100 100 100
3  2430 2462 2463  100 100 100
3  2464 2432 2431  100 100 100
3  2431 2463 2464  100 100 100
3  2465 2433 2432  100 100 100
3  2432 2464 2465  100 100 100
3  2466 2434 2433  100 100 100
3  2433 2465 2466  100 100 100
3  2467 2435 2434  100 100 100
3  2434 2466 2467  100 100 100
3  2468 2436 2435  100 100 100
3  2435 2467 2468  100 100 100
3  3736 3704 3703  64 64 255
3  3702 3734 3735  64 64 255
3  2470 2438 2437  100 100 100
3  2437 2469 2470  100 100 100
3  2471 2439 2438  100 100 100
3  3735 3703 3702  64 64 255
3  2472 2440 2439  100 100 100
3  2439 2471 2472  100 100 100
3  2473 2441 2440  100 100 100
3  2440 2472 2473  100 100 100
3  2474 2442 2441  100 100 100
3  2441 2473 2474  100 100 100
3  2475 2443 2442  100 100 100
3  2442 2474 2475  100 100 100
3  2476 2444 2443  100 100 100
3  2443 2475 2476  100 100 100
3  2477 2445 2444  100 100 100
3  2444 2476 2477  100 100 100
3  2478 2446 2445  100 100 100
3  2445 2477 2478  100 100 100
3  2479 2447 2446  100 100 100
3  2446 2478 2479  100 100 100
3  2480 2448 2447  100 100 100
3  2447 2479 2480  100 100 100
3  2481 2449 2448  100 100 100
3  2448 2480 2481  100 100 100
3  2482 2450 2449  100 100 100
3  2449 2481 2482  100 100 100
3  2483 2451 2450  100 100 100
3  2450 2482 2483  100 100 100
3  2484 2452 2451  100 100 100
3  2451 2483 2484  100 100 100
3  2454 2422 2452  100 100 100
3  2452 2484 2454  100 100 100
3  2485 4023 2454  100 100 100
3  2454 2486 2485  100 100 100
3  3557 3558 3559  255 240 245
3  4023 2485 2487  100 100 100
3  2488 2456 2455  100 100 100
3  3701 3733 3734  64 64 255
3  3734 3702 3701  64 64 255
3  2456 2488 2489  100 100 100
3  2490 2458 2457  100 100 100
3  3700 3732 3733  64 64 255
3  2491 2459 2458  100 100 100
3  2458 2490 2491  100 100 100
3  2492 2460 2459  100 100 100
3  2459 2491 2492  100 100 100
3  2493 2461 2460  100 100 100
3  2460 2492 2493  100 100 100
3  2494 2462 2461  100 100 100
3  2461 2493 2494  100 100 100
3  2495 2463 2462  100 100 100
3  2462 2494 2495  100 100 100
3  2496 2464 2463  100 100 100
3  2463 2495 2496  100 100 100
3  2497 2465 2464  100 100 100
3  2464 2496 2497  100 100 100
3  2498 2466 2465  100 100 100
3  2465 2497 2498  100 100 100
3  2499 2467 2466  100 100 100
3  2466 2498 2499  100 100 100
3  2500 2468 2467  100 100 100
3  3733 3701 3700  64 64 255
3  3555 3556 3553  0 128 64
3  2468 2500 2501  100 100 100
3  2502 2470 2469  100 100 100
3  2469 4024 2502  100 100 100
3  2503 2471 2470  100 100 100
3  2470 2502 2503  100 100 100
3  2504 2472 2471  100 100 100
3  2471 2503 2504  100 100 100
3  3699 3731 3732  64 255 64
3  3732 3700 3699  64 255 64
3  2506 2474 2473  100 100 100
3  3698 3730 3731  64 255 64
3  2507 2475 2474  100 100 100
3  2474 2506 2507  100 100 100
3  2508 2476 2475  100 100 100
3  2475 2507 2508  100 100 100
3  2509 2477 2476  100 100 100
3  2476 2508 2509  100 100 100
3  2510 2478 2477  100 100 100
3  2477 2509 2510  100 100 100
3  2511 2479 2478  100 100 100
3  2478 2510 2511  100 100 100
3  2512 2480 2479  100 100 100
3  2479 2511 2512  100 100 100
3  2513 2481 2480  100 100 100
3  2480 2512 2513  100 100 100
3  3731 3699 3698  64 255 64
3  3696 3728 3730  64 255 64
3  2515 2483 2482  100 100 100
3  2482 2514 2515  100 100 100
3  2516 2484 2483  100 100 100
3  2483 2515 2516  100 100 100
3  2486 2454 2484  100 100 100
3  2484 2516 2486  100 100 100
3  2517 2485 2486  100 100 100
3  2486 2518 2517  100 100 100
3  3730 3698 3696  64 255 64
3  3697 3729 3728  64 255 64
3  3728 3696 3697  64 255 64
3  3695 3727 3697  128 0 128
3  2521 2489 2488  100 100 100
3  3697 3664 3695  128 0 128
3  2522 2490 2489  100 100 100
3  2489 2521 2522  100 100 100
3  2523 2491 2490  100 100 100
3  2490 2522 2523  100 100 100
3  2524 2492 2491  100 100 100
3  2491 2523 2524  100 100 100
3  2525 2493 2492  100 100 100
3  2492 2524 2525  100 100 100
3  2526 2494 2493  100 100 100
3  2493 2525 2526  100 100 100
3  2527 2495 2494  100 100 100
3  2494 2526 2527  100 100 100
3  2528 2496 2495  100 100 100
3  2495 2527 2528  100 100 100
3  2529 2497 2496  100 100 100
3  2496 2528 2529  100 100 100
3  2530 2498 2497  100 100 100
3  2497 2529 2530  100 100 100
3  3694 3726 3727  128 0 128
3  3727 3695 3694  128 0 128
3  3693 3725 3726  64 255 255
3  3726 3694 3693  128 0 128
3  2533 2501 2500  100 100 100
3  2500 2532 2533  100 100 100
3  3692 3724 3725  64 255 255
3  3725 3693 3692  64 255 255
3  3691 3723 3724  64 255 255
3  3724 3692 3691  0 255 0
3  2535 2504 2503  100 100 100
3  3690 3722 3723  255 255 64
3  2536 2505 2504  100 100 100
3  2504 2535 2536  100 100 100
3  2537 2506 2505  100 100 100
3  2505 2536 2537  100 100 100
3  2538 2507 2506  100 100 100
3  2506 2537 2538  100 100 100
3  2539 2508 2507  100 100 100
3  2507 2538 2539  100 100 100
3  2540 2509 2508  100 100 100
3  2508 2539 2540  100 100 100
3  2541 2510 2509  100 100 100
3  2509 2540 2541  176 196 222
3  2542 2511 2510  100 100 100
3  2510 2541 2542  100 100 100
3  2543 2512 2511  100 100 100
3  2511 2542 2543  100 100 100
3  2544 2513 2512  100 100 100
3  2512 2543 2544  100 100 100
3  2545 2514 2513  100 100 100
3  2513 2544 2545  100 100 100
3  2546 2515 2514  100 100 100
3  2514 2545 2546  100 100 100
3  3723 3691 3690  0 255 0
3  3689 3721 3722  255 255 64
3  3722 3690 3689  255 255 64
3  3688 3720 3721  255 255 64
3  2548 2517 2518  100 100 100
3  2548 2519 2517  100 100 100
3  2548 2520 2519  100 100 100
3  2548 2521 2520  100 100 100
3  2548 2522 2521  100 100 100
3  2548 2523 2522  100 100 100
3  2548 2524 2523  100 100 100
3  2548 2525 2524  100 100 100
3  2548 2526 2525  100 100 100
3  2548 2527 2526  100 100 100
3  2548 2528 2527  100 100 100
3  2548 2529 2528  100 100 100
3  2548 2530 2529  100 100 100
3  2548 2531 2530  100 100 100
3  2548 2532 2531  100 100 100
3  2548 2533 2532  100 100 100
3  3721 3689 3688  255 255 64
3  3687 3719 3720  255 255 64
3  3720 3688 3687  255 255 64
3  3686 3718 3719  255 255 64
3  3719 3687 3686  255 255 64
3  3685 3717 3718  255 255 64
3  3718 3686 3685  255 255 64
3  4027 2540 2539  100 100 100
3  4027 2541 2540  100 100 100
3  3684 3716 3717  0 128 128
3  3717 3685 3684  255 255 64
3  3683 3715 3716  0 128 128
3  3716 3684 3683  255 128 64
3  3682 3714 3715  255 128 64
3  3715 3683 3682  255 128 64
3  3681 3713 3714  255 128 64
3  3714 3682 3681  255 128 64
3  3680 3712 3713  255 128 64
3  2549 2552 2553  100 100 100
3  2549 2553 2554  100 100 100
3  2549 2554 2555  100 100 100
3  2549 2555 2556  100 100 100
3  2549 2556 2557  100 100 100
3  2549 2557 2558  100 100 100
3  2549 2558 2559  100 100 100
3  2549 2559 2560  100 100 100
3  2549 2560 2561  100 100 100
3  2549 2561 2562  100 100 100
3  2549 2562 2563  100 100 100
3  2549 2563 2564  100 100 100
3  3713 3681 3680  255 128 64
3  3679 3711 3712  255 128 64
3  4028 2566 2567  100 100 100
3  4028 2567 2568  100 100 100
3  4028 2568 2569  100 100 100
3  4028 2569 2570  100 100 100
3  4028 2570 2571  100 100 100
3  4028 2571 2572  100 100 100
3  4028 2572 2573  100 100 100
3  4028 2573 2574  100 100 100
3  4028 2574 2575  100 100 100
3  4028 2575 2576  100 100 100
3  4028 2576 2577  100 100 100
3  4028 2577 2578  100 100 100
3  4028 2578 2579  100 100 100
3  4028 2579 2580  100 100 100
3  4028 2580 2581  100 100 100
3  4028 2581 2550  100 100 100
3  2582 2551 2550  100 100 100
3  2550 2583 2582  100 100 100
3  2584 2552 2551  100 100 100
3  2551 2582 2584  100 100 100
3  2585 2553 2552  100 100 100
3  2552 2584 2585  100 100 100
3  2586 2554 2553  100 100 100
3  2553 2585 2586  100 100 100
3  2587 2555 2554  100 100 100
3  2554 2586 2587  100 100 100
3  2588 2556 2555  100 100 100
3  2555 2587 2588  100 100 100
3  2589 2557 2556  100 100 100
3  2556 2588 2589  100 100 100
3  3712 3680 3679  255 128 64
3  3678 3710 3711  255 128 64
3  2591 2560 2559  100 100 100
3  3711 3679 3678  255 128 64
3  2592 2561 2560  100 100 100
3  2560 2591 2592  100 100 100
3  2593 2562 2561  100 100 100
3  2561 2592 2593  100 100 100
3  2594 2563 2562  100 100 100
3  2562 2593 2594  100 100 100
3  2595 2564 2563  100 100 100
3  2563 2594 2595  100 100 100
3  2596 2565 2564  100 100 100
3  2564 2595 2596  100 100 100
3  2597 2566 2565  100 100 100
3  2565 2596 2597  100 100 100
3  2598 2567 2566  100 100 100
3  2566 2597 2598  100 100 100
3  3677 3709 3710  255 64 255
3  2567 2598 2599  100 100 100
3  3710 3678 3677  255 64 255
3  3676 3708 3709  255 64 255
3  2601 2570 2569  100 100 100
3  2569 2600 2601  100 100 100
3  2602 2571 2570  100 100 100
3  2570 2601 2602  100 100 100
3  2603 2572 2571  100 100 100
3  2571 2602 2603  100 100 100
3  2604 2573 2572  100 100 100
3  2572 2603 2604  100 100 100
3  2605 2574 2573  100 100 100
3  2573 2604 2605  100 100 100
3  2606 2575 2574  100 100 100
3  2574 2605 2606  100 100 100
3  2607 2576 2575  100 100 100
3  2575 2606 2607  100 100 100
3  2608 2577 2576  100 100 100
3  2576 2607 2608  100 100 100
3  2609 2578 2577  100 100 100
3  2577 2608 2609  100 100 100
3  3709 3677 3676  255 64 255
3  2578 2609 2610  100 100 100
3  3675 3707 3708  128 128 0
3  3708 3676 3675  128 128 0
3  3553 3554 3555  0 128 64
3  4030 2611 2612  100 100 100
3  2583 2550 2581  100 100 100
3  2581 4033 2583  100 100 100
3  3674 3706 3707  128 128 0
3  2583 2614 2613  100 100 100
3  3707 3675 3674  128 128 0
3  3673 3705 3706  128 128 0
3  2616 2585 2584  100 100 100
3  2584 2615 2616  100 100 100
3  2617 2586 2585  100 100 100
3  2585 2616 2617  100 100 100
3  2618 2587 2586  100 100 100
3  2586 2617 2618  100 100 100
3  2619 2588 2587  100 100 100
3  2587 2618 2619  100 100 100
3  2620 2589 2588  100 100 100
3  2588 2619 2620  100 100 100
3  2621 4029 2589  100 100 100
3  2589 2620 2621  100 100 100
3  2622 2590 4029  100 100 100
3  4029 2621 2622  100 100 100
3  2623 2591 2590  100 100 100
3  2590 2622 2623  100 100 100
3  2624 2592 2591  100 100 100
3  2591 2623 2624  100 100 100
3  2625 2593 2592  100 100 100
3  2592 2624 2625  100 100 100
3  3706 3674 3673  128 128 0
3  2593 2625 2626  100 100 100
3  2627 2595 2594  100 100 100
3  2594 2626 2627  100 100 100
3  3672 3704 3705  64 64 255
3  3705 3673 3672  64 64 255
3  3952 3552 3547  100 100 100
3  4031 2628 2629  100 100 100
3  2630 2598 2597  100 100 100
3  2597 4035 2630  100 100 100
3  2631 2599 2598  100 100 100
3  3671 3703 3704  64 64 255
3  2632 2600 2599  100 100 100
3  2599 2631 2632  100 100 100
3  2633 2601 2600  100 100 100
3  2600 2632 2633  100 100 100
3  2634 2602 2601  100 100 100
3  2601 2633 2634  100 100 100
3  2635 2603 2602  100 100 100
3  2602 2634 2635  100 100 100
3  2636 2604 2603  100 100 100
3  2603 2635 2636  100 100 100
3  2637 2605 2604  100 100 100
3  2604 2636 2637  100 100 100
3  2638 2606 2605  100 100 100
3  2605 2637 2638  100 100 100
3  2639 2607 2606  100 100 100
3  2606 2638 2639  100 100 100
3  2640 2608 2607  100 100 100
3  2607 2639 2640  100 100 100
3  2641 2609 2608  100 100 100
3  2608 2640 2641  100 100 100
3  2642 2610 2609  100 100 100
3  2609 2641 2642  100 100 100
3  2643 4032 2610  100 100 100
3  2610 2642 2643  100 100 100
3  3547 3546 3952  100 100 100
3  4032 2643 2644  100 100 100
3  2614 2583 4033  100 100 100
3  3704 3672 3671  64 64 255
3  2645 2613 2614  100 100 100
3  2614 2646 2645  100 100 100
3  2647 2615 2613  100 100 100
3  2613 2645 2647  100 100 100
3  2648 2616 2615  100 100 100
3  2615 2647 2648  100 100 100
3  2649 2617 2616  100 100 100
3  2616 2648 2649  100 100 100
3  2650 2618 2617  100 100 100
3  2617 2649 2650  100 100 100
3  3670 3702 3703  64 64 255
3  3703 3671 3670  64 64 255
3  3669 3701 3702  64 64 255
3  3702 3670 3669  64 64 255
3  3668 3700 3701  64 64 255
3  3701 3669 3668  64 64 255
3  3667 3699 3700  64 255 64
3  3700 3668 3667  64 255 64
3  3666 3698 3699  64 255 64
3  3699 3667 3666  64 255 64
3  2656 2625 2624  100 100 100
3  3665 3696 3698  64 255 64
3  2657 2626 2625  100 100 100
3  2625 2656 2657  100 100 100
3  2658 2627 2626  100 100 100
3  2626 2657 2658  100 100 100
3  2659 2628 2627  100 100 100
3  2627 2658 2659  100 100 100
3  2660 2629 2628  100 100 100
3  2628 2659 2660  100 100 100
3  3698 3666 3665  64 255 64
3  2629 2660 2661  100 100 100
3  2662 2631 4036  100 100 100
3  4036 2661 2662  100 100 100
3  2663 2632 2631  100 100 100
3  2631 2662 2663  100 100 100
3  2664 2633 2632  100 100 100
3  2632 2663 2664  100 100 100
3  2665 2634 2633  100 100 100
3  2633 2664 2665  100 100 100
3  2666 2635 2634  100 100 100
3  2634 2665 2666  100 100 100
3  2667 2636 2635  100 100 100
3  2635 2666 2667  100 100 100
3  2668 2637 2636  100 100 100
3  2636 2667 2668  100 100 100
3  2669 2638 2637  100 100 100
3  2637 2668 2669  100 100 100
3  2670 2639 2638  100 100 100
3  2638 2669 2670  100 100 100
3  2671 2640 2639  100 100 100
3  2639 2670 2671  100 100 100
3  2672 2641 2640  100 100 100
3  2640 2671 2672  100 100 100
3  3664 3697 3696  64 255 64
3  2641 2672 2673  100 100 100
3  2674 2643 2642  100 100 100
3  3696 3665 3664  64 255 64
3  3663 3695 3664  0 255 0
3  2643 2674 2675  100 100 100
3  3552 3551 3548  100 100 100
3  4037 2675 2646  100 100 100
3  2676 2645 2646  100 100 100
3  2646 2677 2676  100 100 100
3  2678 2647 2645  100 100 100
3  2645 2676 2678  100 100 100
3  2679 2648 2647  100 100 100
3  2647 2678 2679  100 100 100
3  2680 2649 2648  100 100 100
3  2648 2679 2680  100 100 100
3  2681 2650 2649  100 100 100
3  2649 2680 2681  100 100 100
3  2682 2651 2650  100 100 100
3  2650 2681 2682  100 100 100
3  2683 2652 2651  100 100 100
3  2651 2682 2683  100 100 100
3  2684 4034 2652  100 100 100
3  2652 2683 2684  100 100 100
3  2685 2653 4034  100 100 100
3  4034 2684 2685  100 100 100
3  2686 2654 2653  100 100 100
3  2653 2685 2686  100 100 100
3  2687 2655 2654  100 100 100
3  2654 2686 2687  100 100 100
3  2688 2656 2655  100 100 100
3  2655 2687 2688  100 100 100
3  2689 2657 2656  100 100 100
3  2656 2688 2689  100 100 100
3  2690 2658 2657  100 100 100
3  2657 2689 2690  100 100 100
3  2691 2659 2658  100 100 100
3  2658 2690 2691  100 100 100
3  2692 2660 2659  100 100 100
3  2659 2691 2692  100 100 100
3  2693 2661 2660  100 100 100
3  2660 2692 2693  100 100 100
3  2694 2662 2661  100 100 100
3  2661 2693 2694  100 100 100
3  2695 2663 2662  100 100 100
3  2662 2694 2695  100 100 100
3  2696 2664 2663  100 100 100
3  2663 2695 2696  100 100 100
3  2697 2665 2664  100 100 100
3  2664 2696 2697  100 100 100
3  2698 2666 2665  100 100 100
3  2665 2697 2698  100 100 100
3  3663 3694 3695  0 255 0
3  3663 3693 3694  0 255 0
3  2700 2668 2667  100 100 100
3  2667 2699 2700  100 100 100
3  3663 3692 3693  0 255 0
3  2668 2700 2701  100 100 100
3  3663 3691 3692  0 255 0
3  3663 3690 3691  0 255 0
3  2703 2671 2670  100 100 100
3  3663 3689 3690  0 255 0
3  2704 2672 2671  100 100 100
3  2671 2703 2704  100 100 100
3  2705 2673 2672  100 100 100
3  2672 2704 2705  100 100 100
3  2706 2674 2673  100 100 100
3  2673 2705 2706  100 100 100
3  2707 2675 2674  100 100 100
3  2674 2706 2707  100 100 100
3  2677 2646 2675  100 100 100
3  2675 2707 2677  100 100 100
3  2708 2676 2677  100 100 100
3  2677 2709 2708  100 100 100
3  2710 2678 2676  100 100 100
3  2676 2708 2710  100 100 100
3  2711 2679 2678  100 100 100
3  2678 2710 2711  100 100 100
3  2712 2680 2679  100 100 100
3  2679 2711 2712  100 100 100
3  2713 2681 2680  100 100 100
3  2680 2712 2713  100 100 100
3  2714 2682 2681  100 100 100
3  2681 2713 2714  100 100 100
3  2715 2683 2682  100 100 100
3  2682 2714 2715  100 100 100
3  2716 2684 2683  100 100 100
3  2683 2715 2716  100 100 100
3  2717 2685 2684  100 100 100
3  2684 2716 2717  100 100 100
3  2718 2686 2685  100 100 100
3  2685 2717 2718  100 100 100
3  2719 2687 2686  100 100 100
3  2686 2718 2719  100 100 100
3  2720 2688 2687  100 100 100
3  2687 2719 2720  100 100 100
3  2721 2689 2688  100 100 100
3  2688 2720 2721  100 100 100
3  2722 2690 2689  100 100 100
3  2689 2721 2722  100 100 100
3  2723 2691 2690  100 100 100
3  2690 2722 2723  100 100 100
3  2724 2692 2691  100 100 100
3  2691 2723 2724  100 100 100
3  2725 2693 2692  100 100 100
3  2692 2724 2725  100 100 100
3  2726 2694 2693  100 100 100
3  2693 2725 2726  100 100 100
3  2727 2695 2694  100 100 100
3  2694 2726 2727  100 100 100
3  2728 2696 2695  100 100 100
3  2695 2727 2728  100 100 100
3  2729 2697 2696  100 100 100
3  2696 2728 2729  100 100 100
3  2730 2698 2697  100 100 100
3  2697 2729 2730  100 100 100
3  2731 2699 2698  100 100 100
3  2698 2730 2731  100 100 100
3  2732 2700 2699  100 100 100
3  2699 2731 2732  100 100 100
3  2733 2701 2700  100 100 100
3  2700 2732 2733  100 100 100
3  2734 2702 2701  100 100 100
3  2701 2733 2734  100 100 100
3  2735 2703 2702  100 100 100
3  2702 2734 2735  100 100 100
3  2736 2704 2703  100 100 100
3  2703 2735 2736  100 100 100
3  3663 3688 3689  0 255 0
3  2704 2736 2737  100 100 100
3  2738 2706 2705  100 100 100
3  2705 2737 2738  100 100 100
3  2739 2707 2706  100 100 100
3  2706 2738 2739  100 100 100
3  2709 2677 2707  100 100 100
3  2707 2739 2709  100 100 100
3  2740 2708 2709  100 100 100
3  2709 2741 2740  100 100 100
3  2742 2710 2708  100 100 100
3  2708 2740 2742  100 100 100
3  2743 2711 2710  100 100 100
3  2710 2742 2743  100 100 100
3  2744 2712 2711  100 100 100
3  2711 2743 2744  100 100 100
3  2745 2713 2712  100 100 100
3  2712 2744 2745  100 100 100
3  2746 2714 2713  100 100 100
3  2713 2745 2746  100 100 100
3  2747 2715 2714  100 100 100
3  2714 2746 2747  100 100 100
3  2748 2716 2715  100 100 100
3  2715 2747 2748  100 100 100
3  2749 2717 2716  100 100 100
3  2716 2748 2749  100 100 100
3  2750 2718 2717  100 100 100
3  2717 2749 2750  100 100 100
3  2751 2719 2718  100 100 100
3  2718 2750 2751  100 100 100
3  2752 2720 2719  100 100 100
3  2719 2751 2752  100 100 100
3  2753 2721 2720  100 100 100
3  2720 2752 2753  100 100 100
3  2754 2722 2721  100 100 100
3  2721 2753 2754  100 100 100
3  2755 2723 2722  100 100 100
3  2722 2754 2755  100 100 100
3  2756 2724 2723  100 100 100
3  2723 2755 2756  100 100 100
3  2757 2725 2724  100 100 100
3  2724 2756 2757  100 100 100
3  2758 2726 2725  100 100 100
3  2725 2757 2758  100 100 100
3  2759 2727 2726  100 100 100
3  2726 2758 2759  100 100 100
3  2760 2728 2727  100 100 100
3  2727 2759 2760  100 100 100
3  2761 2729 2728  100 100 100
3  2728 2760 2761  100 100 100
3  2762 2730 2729  100 100 100
3  2729 2761 2762  100 100 100
3  2763 2731 2730  100 100 100
3  2730 2762 2763  100 100 100
3  2764 2732 2731  100 100 100
3  2731 2763 2764  100 100 100
3  2765 2733 2732  100 100 100
3  2732 2764 2765  100 100 100
3  2766 2734 2733  100 100 100
3  2733 2765 2766  100 100 100
3  2767 2735 2734  100 100 100
3  2734 2766 2767  100 100 100
3  2768 2736 2735  100 100 100
3  2735 2767 2768  100 100 100
3  2769 2737 2736  100 100 100
3  2736 2768 2769  100 100 100
3  2770 2738 2737  100 100 100
3  2737 2769 2770  100 100 100
3  2771 2739 2738  100 100 100
3  2738 2770 2771  100 100 100
3  2741 2709 2739  100 100 100
3  2739 2771 2741  100 100 100
3  2772 2740 2741  100 100 100
3  2741 2773 2772  100 100 100
3  2774 2742 2740  100 100 100
3  2740 2772 2774  100 100 100
3  2775 2743 2742  100 100 100
3  2742 2774 2775  100 100 100
3  2776 2744 2743  100 100 100
3  2743 2775 2776  100 100 100
3  2777 2745 2744  100 100 100
3  2744 2776 2777  100 100 100
3  2778 2746 2745  100 100 100
3  2745 2777 2778  100 100 100
3  2779 2747 2746  100 100 100
3  2746 2778 2779  100 100 100
3  2780 2748 2747  100 100 100
3  2747 2779 2780  100 100 100
3  2781 2749 2748  100 100 100
3  2748 2780 2781  100 100 100
3  2782 2750 2749  100 100 100
3  2749 2781 2782  100 100 100
3  2783 2751 2750  100 100 100
3  2750 2782 2783  100 100 100
3  2784 2752 2751  100 100 100
3  2751 2783 2784  100 100 100
3  2785 2753 2752  100 100 100
3  2752 2784 2785  100 100 100
3  2786 2754 2753  100 100 100
3  2753 2785 2786  100 100 100
3  2787 2755 2754  100 100 100
3  2754 2786 2787  100 100 100
3  2788 2756 2755  100 100 100
3  2755 2787 2788  100 100 100
3  2789 2757 2756  100 100 100
3  2756 2788 2789  0 128 64
3  2790 2758 2757  100 100 100
3  2757 2789 2790  100 100 100
3  2791 2759 2758  100 100 100
3  2758 2790 2791  100 100 100
3  2792 2760 2759  100 100 100
3  2759 2791 2792  100 100 100
3  2793 2761 2760  100 100 100
3  2760 2792 2793  100 100 100
3  2794 2762 2761  100 100 100
3  2761 2793 2794  100 100 100
3  2795 2763 2762  100 100 100
3  2762 2794 2795  100 100 100
3  3663 3687 3688  0 255 0
3  3663 3686 3687  0 255 0
3  2797 2766 2765  100 100 100
3  3548 3547 3552  100 100 100
3  2798 2767 2766  100 100 100
3  2766 2797 2798  100 100 100
3  2799 2768 2767  100 100 100
3  2767 2798 2799  100 100 100
3  2800 2769 2768  100 100 100
3  2768 2799 2800  100 100 100
3  2801 2770 2769  100 100 100
3  2769 2800 2801  100 100 100
3  2802 2771 2770  100 100 100
3  2770 2801 2802  100 100 100
3  2773 2741 2771  100 100 100
3  3551 3550 3549  100 100 100
3  2803 2772 2773  100 100 100
3  2773 2804 2803  100 100 100
3  2805 2774 2772  100 100 100
3  2772 2803 2805  100 100 100
3  2806 2775 2774  100 100 100
3  2774 2805 2806  100 100 100
3  2807 2776 2775  100 100 100
3  2775 2806 2807  100 100 100
3  2808 2777 2776  100 100 100
3  2776 2807 2808  100 100 100
3  2809 2778 2777  100 100 100
3  2777 2808 2809  100 100 100
3  2810 2779 2778  100 100 100
3  2778 2809 2810  100 100 100
3  2811 2780 2779  100 100 100
3  2779 2810 2811  100 100 100
3  2812 2781 2780  100 100 100
3  2780 2811 2812  100 100 100
3  2813 2782 2781  100 100 100
3  2781 2812 2813  100 100 100
3  2814 2783 2782  100 100 100
3  2782 2813 2814  100 100 100
3  2815 2784 2783  100 100 100
3  2783 2814 2815  100 100 100
3  2816 2785 2784  100 100 100
3  2784 2815 2816  100 100 100
3  2817 2786 2785  100 100 100
3  2785 2816 2817  100 100 100
3  2818 2787 2786  100 100 100
3  2786 2817 2818  100 100 100
3  2819 2788 2787  100 100 100
3  2787 2818 2819  100 100 100
3  2820 2789 2788  100 100 100
3  2788 2819 2820  100 100 100
3  2821 2790 2789  100 100 100
3  2789 2820 2821  100 100 100
3  2822 2791 2790  100 100 100
3  2790 2821 2822  100 100 100
3  2823 2792 2791  100 100 100
3  2791 2822 2823  100 100 100
3  2824 2793 2792  100 100 100
3  2792 2823 2824  100 100 100
3  2825 2794 2793  100 100 100
3  2793 2824 2825  100 100 100
3  2826 2795 2794  100 100 100
3  3663 3685 3686  0 255 0
3  2827 4038 2795  100 100 100
3  2795 2826 2827  100 100 100
3  2828 2796 4038  100 100 100
3  4038 2827 2828  100 100 100
3  2829 2797 2796  100 100 100
3  2796 2828 2829  100 100 100
3  2830 2798 2797  100 100 100
3  2797 2829 2830  100 100 100
3  2831 2799 2798  100 100 100
3  2798 2830 2831  100 100 100
3  2832 2800 2799  100 100 100
3  2799 2831 2832  100 100 100
3  2833 2801 2800  100 100 100
3  2800 2832 2833  100 100 100
3  2834 2802 2801  100 100 100
3  2801 2833 2834  100 100 100
3  2804 2773 2802  100 100 100
3  2802 2834 2804  0 128 64
3  2835 2803 2804  100 100 100
3  2804 2836 2835  100 100 100
3  2837 2805 2803  100 100 100
3  2803 2835 2837  100 100 100
3  2838 2806 2805  100 100 100
3  2805 2837 2838  100 100 100
3  2839 2807 2806  100 100 100
3  2806 2838 2839  100 100 100
3  2840 2808 2807  100 100 100
3  2807 2839 2840  100 100 100
3  3663 3684 3685  0 255 0
3  2808 2840 2841  100 100 100
3  3549 3548 3551  100 100 100
3  4039 2841 2842  100 100 100
3  2843 2811 2810  100 100 100
3  2810 2842 2843  100 100 100
3  2844 2812 2811  100 100 100
3  2811 2843 2844  100 100 100
3  3663 3683 3684  0 255 0
3  2812 2844 2845  100 100 100
3  2846 2814 2813  100 100 100
3  2813 2845 2846  100 100 100
3  2847 2815 2814  100 100 100
3  2814 2846 2847  100 100 100
3  2848 2816 2815  100 100 100
3  2815 2847 2848  100 100 100
3  2849 2817 2816  100 100 100
3  2816 2848 2849  100 100 100
3  2850 2818 2817  100 100 100
3  2817 2849 2850  100 100 100
3  2851 2819 2818  100 100 100
3  2818 2850 2851  100 100 100
3  2852 2820 2819  100 100 100
3  2819 2851 2852  100 100 100
3  2853 2821 2820  100 100 100
3  2820 2852 2853  100 100 100
3  2854 2822 2821  100 100 100
3  2821 2853 2854  100 100 100
3  2855 2823 2822  100 100 100
3  2822 2854 2855  100 100 100
3  3663 3682 3683  0 255 0
3  2823 2855 2856  100 100 100
3  2857 2825 2824  100 100 100
3  2824 2856 2857  100 100 100
3  2858 2826 2825  100 100 100
3  2825 2857 2858  100 100 100
3  2859 2827 2826  100 100 100
3  2826 2858 2859  100 100 100
3  2860 2828 2827  100 100 100
3  2827 2859 2860  100 100 100
3  2861 2829 2828  100 100 100
3  2828 2860 2861  100 100 100
3  2862 2830 2829  100 100 100
3  2829 2861 2862  100 100 100
3  2863 2831 2830  100 100 100
3  2830 2862 2863  100 100 100
3  2864 2832 2831  100 100 100
3  2831 2863 2864  100 100 100
3  2865 2833 2832  100 100 100
3  2832 2864 2865  100 100 100
3  2866 2834 2833  100 100 100
3  2833 2865 2866  100 100 100
3  2836 2804 2834  100 100 100
3  2834 2866 2836  100 100 100
3  2867 2835 2836  100 100 100
3  2836 2868 2867  100 100 100
3  2869 2837 2835  100 100 100
3  2835 2867 2869  100 100 100
3  2870 2838 2837  100 100 100
3  2837 2869 2870  100 100 100
3  2871 2839 2838  100 100 100
3  2838 2870 2871  100 100 100
3  2872 2840 2839  100 100 100
3  2839 2871 2872  100 100 100
3  2873 2841 2840  100 100 100
3  2840 2872 2873  100 100 100
3  2874 2842 2841  100 100 100
3  2841 2873 2874  100 100 100
3  2875 2843 2842  100 100 100
3  2842 2874 2875  100 100 100
3  2876 2844 2843  100 100 100
3  2843 2875 2876  100 100 100
3  2877 2845 2844  100 100 100
3  2844 2876 2877  100 100 100
3  2878 2846 2845  100 100 100
3  2845 2877 2878  100 100 100
3  2879 2847 2846  100 100 100
3  2846 2878 2879  100 100 100
3  2880 2848 2847  100 100 100
3  2847 2879 2880  100 100 100
3  2881 2849 2848  100 100 100
3  2848 2880 2881  100 100 100
3  2882 2850 2849  100 100 100
3  2849 2881 2882  100 100 100
3  2883 2851 2850  100 100 100
3  2850 2882 2883  100 100 100
3  2884 2852 2851  100 100 100
3  2851 2883 2884  100 100 100
3  2885 2853 2852  100 100 100
3  2852 2884 2885  100 100 100
3  2886 2854 2853  100 100 100
3  2853 2885 2886  100 100 100
3  2887 2855 2854  100 100 100
3  2854 2886 2887  100 100 100
3  2888 2856 2855  100 100 100
3  3663 3681 3682  0 255 0
3  2889 2857 2856  100 100 100
3  2856 2888 2889  100 100 100
3  2890 2858 2857  100 100 100
3  2857 2889 2890  100 100 100
3  2891 2859 2858  100 100 100
3  2858 2890 2891  100 100 100
3  2892 2860 2859  100 100 100
3  2859 2891 2892  100 100 100
3  2893 2861 2860  100 100 100
3  2860 2892 2893  100 100 100
3  2894 2862 2861  100 100 100
3  2861 2893 2894  100 100 100
3  2895 2863 2862  100 100 100
3  2862 2894 2895  100 100 100
3  2896 2864 2863  100 100 100
3  2863 2895 2896  100 100 100
3  2897 2865 2864  100 100 100
3  2864 2896 2897  100 100 100
3  2898 2866 2865  100 100 100
3  2865 2897 2898  100 100 100
3  2868 2836 2866  100 100 100
3  2866 2898 2868  100 100 100
3  2899 2867 2868  100 100 100
3  2868 2900 2899  100 100 100
3  2901 2869 2867  100 100 100
3  2867 2899 2901  100 100 100
3  2902 2870 2869  100 100 100
3  3663 3680 3681  128 128 0
3  3663 3679 3680  128 128 0
3  2870 2902 2903  100 100 100
3  2904 2872 2871  100 100 100
3  2871 2903 2904  100 100 100
3  2905 2873 2872  100 100 100
3  2872 2904 2905  100 100 100
3  2906 2874 2873  100 100 100
3  2873 2905 2906  100 100 100
3  2907 2875 2874  100 100 100
3  2874 2906 2907  100 100 100
3  2908 2876 2875  100 100 100
3  2875 2907 2908  100 100 100
3  2909 2877 2876  100 100 100
3  2876 2908 2909  100 100 100
3  2910 2878 2877  100 100 100
3  2877 2909 2910  100 100 100
3  2911 2879 2878  100 100 100
3  2878 2910 2911  100 100 100
3  2912 2880 2879  100 100 100
3  2879 2911 2912  100 100 100
3  2913 2881 2880  100 100 100
3  2880 2912 2913  100 100 100
3  2914 2882 2881  100 100 100
3  2881 2913 2914  100 100 100
3  2915 2883 2882  100 100 100
3  2882 2914 2915  100 100 100
3  2916 2884 2883  100 100 100
3  2883 2915 2916  100 100 100
3  2917 2885 2884  100 100 100
3  2884 2916 2917  100 100 100
3  3663 3678 3679  128 128 0
3  2885 2917 2918  100 100 100
3  2919 2887 2886  100 100 100
3  2886 2918 2919  100 100 100
3  2920 2888 2887  100 100 100
3  2887 2919 2920  100 100 100
3  2921 2889 2888  100 100 100
3  2888 2920 2921  100 100 100
3  2922 2890 2889  100 100 100
3  2889 2921 2922  100 100 100
3  2923 2891 2890  100 100 100
3  2890 2922 2923  100 100 100
3  2924 2892 2891  100 100 100
3  2891 2923 2924  100 100 100
3  2925 2893 2892  100 100 100
3  2892 2924 2925  100 100 100
3  2926 2894 2893  100 100 100
3  2893 2925 2926  100 100 100
3  2927 2895 2894  100 100 100
3  2894 2926 2927  100 100 100
3  2928 2896 2895  100 100 100
3  2895 2927 2928  100 100 100
3  2929 2897 2896  100 100 100
3  2896 2928 2929  100 100 100
3  2930 2898 2897  100 100 100
3  2897 2929 2930  100 100 100
3  2900 2868 2898  100 100 100
3  2898 2930 2900  100 100 100
3  2931 2899 2900  100 100 100
3  2900 2932 2931  100 100 100
3  2933 2901 2899  100 100 100
3  2899 2931 2933  100 100 100
3  2934 2902 2901  100 100 100
3  2901 2933 2934  100 100 100
3  2935 2903 2902  100 100 100
3  2902 2934 2935  100 100 100
3  2936 2904 2903  100 100 100
3  2903 2935 2936  100 100 100
3  3663 3677 3678  128 128 0
3  2904 2936 2937  100 100 100
3  2938 2906 2905  100 100 100
3  3663 3676 3677  128 128 0
3  2939 2907 2906  100 100 100
3  2906 2938 2939  100 100 100
3  2940 2908 2907  100 100 100
3  2907 2939 2940  100 100 100
3  2941 2909 2908  100 100 100
3  2908 2940 2941  100 100 100
3  2942 2910 2909  100 100 100
3  2909 2941 2942  100 100 100
3  2943 2911 2910  100 100 100
3  2910 2942 2943  100 100 100
3  2944 2912 2911  100 100 100
3  2911 2943 2944  100 100 100
3  2945 2913 2912  100 100 100
3  2912 2944 2945  100 100 100
3  2946 2914 2913  100 100 100
3  2913 2945 2946  100 100 100
3  3550 3952 3546  100 100 100
3  2914 2946 2947  100 100 100
3  3546 3549 3550  100 100 100
3  4040 2947 2948  100 100 100
3  2949 2917 2916  100 100 100
3  2916 2948 2949  100 100 100
3  2950 2918 2917  100 100 100
3  3663 3675 3676  128 128 0
3  2951 2919 2918  100 100 100
3  2918 2950 2951  100 100 100
3  2952 2920 2919  100 100 100
3  2919 2951 2952  100 100 100
3  2953 2921 2920  100 100 100
3  2920 2952 2953  100 100 100
3  2954 2922 2921  100 100 100
3  2921 2953 2954  100 100 100
3  2955 2923 2922  100 100 100
3  2922 2954 2955  100 100 100
3  2956 2924 2923  100 100 100
3  2923 2955 2956  100 100 100
3  2957 2925 2924  100 100 100
3  2924 2956 2957  100 100 100
3  2958 2926 2925  100 100 100
3  2925 2957 2958  100 100 100
3  2959 2927 2926  100 100 100
3  2926 2958 2959  100 100 100
3  2960 2928 2927  100 100 100
3  2927 2959 2960  100 100 100
3  2961 2929 2928  100 100 100
3  2928 2960 2961  100 100 100
3  2962 2930 2929  100 100 100
3  2929 2961 2962  100 100 100
3  2932 2900 2930  100 100 100
3  3663 3674 3675  128 128 0
3  2963 2931 2932  100 100 100
3  2932 2964 2963  100 100 100
3  3663 3673 3674  128 128 0
3  3663 3672 3673  128 128 0
3  2965 2934 2933  100 100 100
3  3663 3671 3672  128 128 0
3  2966 2935 2934  100 100 100
3  2934 2965 2966  100 100 100
3  3663 3670 3671  128 128 0
3  2935 2966 2967  100 100 100
3  2968 2937 2936  100 100 100
3  3663 3669 3670  128 128 0
3  2969 2938 2937  100 100 100
3  2937 2968 2969  100 100 100
3  2970 2939 2938  100 100 100
3  2938 2969 2970  100 100 100
3  2971 2940 2939  100 100 100
3  2939 2970 2971  100 100 100
3  2972 2941 2940  100 100 100
3  2940 2971 2972  100 100 100
3  2973 2942 2941  100 100 100
3  2941 2972 2973  100 100 100
3  2974 2943 2942  100 100 100
3  2942 2973 2974  100 100 100
3  2975 2944 2943  100 100 100
3  2943 2974 2975  100 100 100
3  2976 2945 2944  100 100 100
3  2944 2975 2976  100 100 100
3  3663 3668 3669  0 255 0
3  3663 3667 3668  0 255 0
3  2978 2947 2946  100 100 100
3  2946 2977 2978  100 100 100
3  2979 2948 2947  100 100 100
3  2947 2978 2979  100 100 100
3  2980 2949 2948  100 100 100
3  2948 2979 2980  100 100 100
3  2981 4041 2949  100 100 100
3  2949 2980 2981  100 100 100
3  3663 3666 3667  0 255 0
3  4041 2981 2982  100 100 100
3  2983 2952 2951  100 100 100
3  3663 3665 3666  0 255 0
3  2984 2953 2952  100 100 100
3  2952 2983 2984  100 100 100
3  2985 2954 2953  100 100 100
3  2953 2984 2985  100 100 100
3  2986 2955 2954  100 100 100
3  2954 2985 2986  100 100 100
3  2987 2956 2955  100 100 100
3  2955 2986 2987  100 100 100
3  2988 2957 2956  100 100 100
3  2956 2987 2988  100 100 100
3  2989 2958 2957  100 100 100
3  2957 2988 2989  100 100 100
3  2990 2959 2958  100 100 100
3  2958 2989 2990  100 100 100
3  2991 2960 2959  100 100 100
3  2959 2990 2991  100 100 100
3  2992 2961 2960  100 100 100
3  2960 2991 2992  100 100 100
3  2993 2962 2961  100 100 100
3  2961 2992 2993  100 100 100
3  2964 2932 2962  100 100 100
3  2962 2993 2964  100 100 100
3  2994 2963 2964  100 100 100
3  3663 3664 3665  0 255 0
3  3626 3625 3662  0 255 0
3  2963 2994 2995  100 100 100
3  3625 3630 3662  0 255 0
3  3630 3638 3662  0 255 0
3  3638 3646 3662  0 255 0
3  3646 3654 3662  0 255 0
3  2998 2967 2966  100 100 100
3  3654 3658 3662  0 255 0
3  2999 2968 2967  100 100 100
3  2967 2998 2999  100 100 100
3  3000 2969 2968  100 100 100
3  2968 2999 3000  100 100 100
3  3001 2970 2969  100 100 100
3  2969 3000 3001  100 100 100
3  3002 2971 2970  100 100 100
3  2970 3001 3002  100 100 100
3  3003 2972 2971  100 100 100
3  2971 3002 3003  100 100 100
3  3004 2973 2972  100 100 100
3  2972 3003 3004  100 100 100
3  3005 2974 2973  100 100 100
3  2973 3004 3005  100 100 100
3  3658 3660 3662  0 255 0
3  3654 3656 3658  0 255 0
3  3551 3552 3952  255 240 245
3  3650 3652 3654  0 255 0
3  3008 2977 4042  100 100 100
3  4042 3007 3008  100 100 100
3  3009 2978 2977  100 100 100
3  2977 3008 3009  100 100 100
3  3646 3648 3650  0 255 0
3  3638 3642 3646  0 255 0
3  3642 3644 3646  0 255 0
3  3638 3640 3642  0 255 0
3  3010 2981 2980  100 100 100
3  3630 3634 3638  0 255 0
3  3011 2982 2981  100 100 100
3  2981 3010 3011  100 100 100
3  3012 2983 2982  100 100 100
3  2982 3011 3012  100 100 100
3  3013 2984 2983  100 100 100
3  2983 3012 3013  100 100 100
3  3014 2985 2984  100 100 100
3  2984 3013 3014  100 100 100
3  3015 2986 2985  100 100 100
3  2985 3014 3015  100 100 100
3  3016 2987 2986  100 100 100
3  2986 3015 3016  100 100 100
3  3017 2988 2987  100 100 100
3  2987 3016 3017  100 100 100
3  3018 2989 2988  100 100 100
3  2988 3017 3018  100 100 100
3  3019 2990 2989  100 100 100
3  2989 3018 3019  100 100 100
3  3020 2991 2990  100 100 100
3  2990 3019 3020  100 100 100
3  3021 2992 2991  100 100 100
3  2991 3020 3021  100 100 100
3  3634 3636 3638  0 255 0
3  3630 3632 3634  0 255 0
3  3625 3628 3630  0 255 0
3  3661 3659 3623  0 255 0
3  3659 3655 3623  0 255 0
3  3022 2995 2994  100 100 100
3  3022 2996 2995  100 100 100
3  3022 2997 2996  100 100 100
3  3022 2998 2997  100 100 100
3  3022 2999 2998  100 100 100
3  3022 3000 2999  100 100 100
3  3022 3001 3000  100 100 100
3  3022 3002 3001  100 100 100
3  3022 3003 3002  100 100 100
3  3022 3004 3003  100 100 100
3  3022 3005 3004  100 100 100
3  3022 3006 3005  100 100 100
3  3022 3007 3006  100 100 100
3  3022 3008 3007  100 100 100
3  3655 3647 3623  0 255 0
3  3647 3639 3623  0 255 0
3  3639 3631 3623  0 255 0
3  3631 3627 3623  0 255 0
3  3627 3624 3623  0 255 0
3  4043 3012 3011  100 100 100
3  4043 3013 3012  100 100 100
3  4043 3014 3013  100 100 100
3  4043 3015 3014  100 100 100
3  4043 3016 3015  100 100 100
3  4043 3017 3016  100 100 100
3  4043 3018 3017  100 100 100
3  4043 3019 3018  100 100 100
3  3631 3629 3627  0 255 0
3  3639 3635 3631  0 255 0
3  3635 3633 3631  0 255 0
3  3639 3637 3635  0 255 0
3  3647 3643 3639  0 255 0
3  3023 2534 3025  100 100 100
3  3023 3025 3026  100 100 100
3  3023 3026 3027  100 100 100
3  3023 3027 3028  100 100 100
3  3023 3028 3029  100 100 100
3  3023 3029 3030  100 100 100
3  3023 3030 3031  100 100 100
3  3023 3031 3032  100 100 100
3  3023 3032 3033  100 100 100
3  3023 3033 3034  100 100 100
3  3023 3034 3035  100 100 100
3  3023 3035 3036  100 100 100
3  3023 3036 3037  100 100 100
3  3023 3037 2547  100 100 100
3  3643 3641 3639  0 255 0
3  3647 3645 3643  0 255 0
3  3655 3651 3647  0 255 0
3  4044 3038 3039  100 100 100
3  4044 3039 3040  100 100 100
3  4044 3040 3041  100 100 100
3  4044 3041 3042  100 100 100
3  4044 3042 3043  100 100 100
3  4044 3043 3044  100 100 100
3  4044 3044 3045  100 100 100
3  4044 3045 3046  100 100 100
3  4044 3046 3047  100 100 100
3  4044 3047 3048  100 100 100
3  4044 3048 3049  100 100 100
3  4044 3049 3050  100 100 100
3  3651 3649 3647  0 255 0
3  3655 3653 3651  0 255 0
3  3952 3550 3551  255 240 245
3  3024 3052 3051  100 100 100
3  3053 3025 2534  100 100 100
3  2534 4045 3053  100 100 100
3  3054 3026 3025  100 100 100
3  3025 3053 3054  100 100 100
3  3055 3027 3026  100 100 100
3  3026 3054 3055  100 100 100
3  3659 3657 3655  0 255 0
3  3626 3662 3661  100 100 100
3  3661 3623 3626  100 100 100
3  3662 3660 3659  100 100 100
3  3058 3030 3029  100 100 100
3  3029 3057 3058  100 100 100
3  3059 3031 3030  100 100 100
3  3030 3058 3059  100 100 100
3  3060 3032 3031  100 100 100
3  3031 3059 3060  100 100 100
3  3659 3661 3662  100 100 100
3  3032 3060 3061  100 100 100
3  3660 3658 3657  100 100 100
3  3657 3659 3660  100 100 100
3  3658 3656 3655  100 100 100
3  3655 3657 3658  100 100 100
3  3064 3036 3035  100 100 100
3  3656 3654 3653  100 100 100
3  3065 3037 3036  100 100 100
3  3036 3064 3065  100 100 100
3  684 2547 3037  100 100 100
3  3037 3065 684  100 100 100
3  3548 3549 3546  0 128 64
3  3546 3547 3548  0 128 64
3  3986 4025 743  100 100 100
3  743 3066 3986  100 100 100
3  3067 3038 4026  100 100 100
3  4026 3986 3067  100 100 100
3  3068 3039 3038  100 100 100
3  3038 3067 3068  100 100 100
3  3653 3655 3656  100 100 100
3  3654 3652 3651  100 100 100
3  3070 3041 3040  100 100 100
3  3040 3069 3070  100 100 100
3  3071 3042 3041  100 100 100
3  3041 3070 3071  100 100 100
3  3072 3043 3042  100 100 100
3  3042 3071 3072  100 100 100
3  3073 3044 3043  100 100 100
3  3043 3072 3073  100 100 100
3  3074 3045 3044  100 100 100
3  3044 3073 3074  100 100 100
3  3075 3046 3045  100 100 100
3  3045 3074 3075  100 100 100
3  3076 3047 3046  100 100 100
3  3046 3075 3076  100 100 100
3  3651 3653 3654  100 100 100
3  3047 3076 3077  100 100 100
3  3652 3650 3649  100 100 100
3  3649 3651 3652  100 100 100
3  3079 3050 3049  100 100 100
3  3049 3078 3079  100 100 100
3  4045 2534 3050  100 100 100
3  3050 3079 4045  100 100 100
3  3542 3545 3539  255 128 0
3  3539 3538 3542  255 128 0
3  3650 3648 3647  100 100 100
3  3647 3649 3650  100 100 100
3  3082 3053 4045  100 100 100
3  4045 3080 3082  100 100 100
3  3648 3646 3645  100 100 100
3  3645 3647 3648  100 100 100
3  3084 3055 3054  100 100 100
3  3054 3083 3084  100 100 100
3  3085 3056 3055  100 100 100
3  3055 3084 3085  100 100 100
3  3086 3057 3056  100 100 100
3  3056 3085 3086  100 100 100
3  3087 3058 3057  100 100 100
3  3057 3086 3087  100 100 100
3  3088 3059 3058  100 100 100
3  3058 3087 3088  100 100 100
3  3089 3060 3059  100 100 100
3  3059 3088 3089  100 100 100
3  3090 3061 3060  100 100 100
3  3060 3089 3090  100 100 100
3  3091 3062 3061  100 100 100
3  3061 3090 3091  100 100 100
3  3092 3063 3062  100 100 100
3  3062 3091 3092  100 100 100
3  3646 3644 3643  100 100 100
3  3063 3092 3093  100 100 100
3  3643 3645 3646  100 100 100
3  3644 3642 3641  100 100 100
3  3095 684 3065  100 100 100
3  3065 3094 3095  100 100 100
3  3641 3643 3644  100 100 100
3  3642 3640 3639  100 100 100
3  3097 3986 3066  100 100 100
3  3066 3096 3097  100 100 100
3  3098 3067 3986  100 100 100
3  3986 3097 3098  100 100 100
3  3099 3068 3067  100 100 100
3  3067 3098 3099  100 100 100
3  3100 3069 3068  100 100 100
3  3068 3099 3100  100 100 100
3  3101 3070 3069  100 100 100
3  3069 3100 3101  100 100 100
3  3102 3071 3070  100 100 100
3  3070 3101 3102  100 100 100
3  3103 3072 3071  100 100 100
3  3071 3102 3103  100 100 100
3  3104 3073 3072  100 100 100
3  3072 3103 3104  100 100 100
3  3105 3074 3073  100 100 100
3  3073 3104 3105  100 100 100
3  3106 3075 3074  100 100 100
3  3074 3105 3106  100 100 100
3  3107 3076 3075  100 100 100
3  3075 3106 3107  100 100 100
3  3108 3077 3076  100 100 100
3  3076 3107 3108  100 100 100
3  3109 3078 3077  100 100 100
3  3077 3108 3109  100 100 100
3  3110 3079 3078  100 100 100
3  3078 3109 3110  100 100 100
3  3111 4045 3079  100 100 100
3  3639 3641 3642  100 100 100
3  3640 3638 3637  100 100 100
3  4045 3111 3081  100 100 100
3  3112 3080 3081  100 100 100
3  3081 3113 3112  100 100 100
3  3114 3082 3080  100 100 100
3  3080 3112 3114  100 100 100
3  3115 3083 3082  100 100 100
3  3082 3114 3115  100 100 100
3  3116 3084 3083  100 100 100
3  3083 3115 3116  100 100 100
3  3117 3085 3084  100 100 100
3  3084 3116 3117  100 100 100
3  3637 3639 3640  100 100 100
3  3638 3636 3635  100 100 100
3  3119 3087 3086  100 100 100
3  3086 3118 3119  100 100 100
3  3120 3088 3087  100 100 100
3  3087 3119 3120  100 100 100
3  3121 3089 3088  100 100 100
3  3088 3120 3121  100 100 100
3  3635 3637 3638  100 100 100
3  3089 3121 3122  100 100 100
3  3636 3634 3633  100 100 100
3  3633 3635 3636  100 100 100
3  3124 3092 3091  100 100 100
3  3634 3632 3631  100 100 100
3  3125 3093 3092  100 100 100
3  3092 3124 3125  100 100 100
3  3126 3094 3093  100 100 100
3  3093 3125 3126  100 100 100
3  3127 3095 3094  100 100 100
3  3094 3126 3127  100 100 100
3  3128 3096 3095  100 100 100
3  3095 3127 3128  100 100 100
3  3129 3097 3096  100 100 100
3  3096 3128 3129  100 100 100
3  3130 3098 3097  100 100 100
3  3097 3129 3130  100 100 100
3  3131 3099 3098  100 100 100
3  3098 3130 3131  100 100 100
3  3132 3100 3099  100 100 100
3  3099 3131 3132  100 100 100
3  3133 3101 3100  100 100 100
3  3100 3132 3133  100 100 100
3  3134 3102 3101  100 100 100
3  3101 3133 3134  100 100 100
3  3135 3103 3102  100 100 100
3  3102 3134 3135  100 100 100
3  3136 3104 3103  100 100 100
3  3103 3135 3136  100 100 100
3  3137 3105 3104  100 100 100
3  3104 3136 3137  100 100 100
3  3138 3106 3105  100 100 100
3  3105 3137 3138  100 100 100
3  3139 3107 3106  100 100 100
3  3106 3138 3139  100 100 100
3  3140 3108 3107  100 100 100
3  3107 3139 3140  100 100 100
3  3631 3633 3634  100 100 100
3  3108 3140 3141  100 100 100
3  3142 3110 3109  100 100 100
3  3632 3630 3629  100 100 100
3  3629 3631 3632  100 100 100
3  3110 3142 3143  100 100 100
3  3113 3081 3111  100 100 100
3  3111 3143 3113  100 100 100
3  3144 3112 3113  100 100 100
3  3113 3145 3144  100 100 100
3  3146 3114 3112  100 100 100
3  3112 3144 3146  100 100 100
3  3147 3115 3114  100 100 100
3  3114 3146 3147  100 100 100
3  3148 3116 3115  100 100 100
3  3115 3147 3148  100 100 100
3  3149 3117 3116  100 100 100
3  3116 3148 3149  100 100 100
3  3150 3118 3117  100 100 100
3  3117 3149 3150  100 100 100
3  3151 3119 3118  100 100 100
3  3118 3150 3151  100 100 100
3  3630 3628 3627  100 100 100
3  3627 3629 3630  100 100 100
3  3153 3122 3121  100 100 100
3  3628 3625 3624  100 100 100
3  3154 3123 3122  100 100 100
3  3122 3153 3154  100 100 100
3  3155 3124 3123  100 100 100
3  3123 3154 3155  100 100 100
3  3156 3125 3124  100 100 100
3  3124 3155 3156  100 100 100
3  3157 3126 3125  100 100 100
3  3125 3156 3157  100 100 100
3  3158 3127 3126  100 100 100
3  3126 3157 3158  100 100 100
3  3545 3544 3540  192 0 192
3  3127 3158 3159  100 100 100
3  3160 3129 3128  100 100 100
3  3128 3159 3160  100 100 100
3  3161 3130 3129  100 100 100
3  3129 3160 3161  100 100 100
3  3162 3131 3130  100 100 100
3  3130 3161 3162  100 100 100
3  3163 3132 3131  100 100 100
3  3131 3162 3163  100 100 100
3  3164 3133 3132  100 100 100
3  3132 3163 3164  100 100 100
3  3165 3134 3133  100 100 100
3  3133 3164 3165  100 100 100
3  3166 3135 3134  100 100 100
3  3134 3165 3166  100 100 100
3  3135 3166 3136  100 100 100
3  3167 3137 3136  100 100 100
3  3168 3138 3137  100 100 100
3  3137 3167 3168  100 100 100
3  3169 3139 3138  100 100 100
3  3138 3168 3169  100 100 100
3  3170 3140 3139  100 100 100
3  3139 3169 3170  100 100 100
3  3171 3141 3140  100 100 100
3  3140 3170 3171  100 100 100
3  3172 3142 3141  100 100 100
3  3141 3171 3172  100 100 100
3  3173 3143 3142  100 100 100
3  3142 3172 3173  100 100 100
3  3145 3113 3143  100 100 100
3  3143 3173 3145  100 100 100
3  3174 3144 3145  100 100 100
3  3145 3175 3174  100 100 100
3  3176 3146 3144  240 128 128
3  3144 3174 3176  100 100 100
3  3177 3147 3146  100 100 100
3  3146 3176 3177  100 100 100
3  3178 3148 3147  100 100 100
3  3147 3177 3178  100 100 100
3  3179 3149 3148  100 100 100
3  3148 3178 3179  100 100 100
3  3180 3150 3149  100 100 100
3  3149 3179 3180  100 100 100
3  3181 3151 3150  100 100 100
3  3150 3180 3181  100 100 100
3  3182 4046 3151  100 100 100
3  3151 3181 3182  100 100 100
3  3183 3152 4046  100 100 100
3  4046 3182 3183  100 100 100
3  3184 3153 3152  100 100 100
3  3152 3183 3184  100 100 100
3  3185 3154 3153  100 100 100
3  3153 3184 3185  100 100 100
3  3186 3155 3154  100 100 100
3  3154 3185 3186  100 100 100
3  3187 3156 3155  100 100 100
3  3155 3186 3187  100 100 100
3  3188 3157 3156  100 100 100
3  3156 3187 3188  100 100 100
3  3189 3158 3157  100 100 100
3  3157 3188 3189  100 100 100
3  3190 3159 3158  100 100 100
3  3158 3189 3190  100 100 100
3  3191 3160 3159  100 100 100
3  3159 3190 3191  100 100 100
3  3192 3161 3160  100 100 100
3  3160 3191 3192  100 100 100
3  3193 3162 3161  100 100 100
3  3161 3192 3193  100 100 100
3  3194 3163 3162  100 100 100
3  3162 3193 3194  100 100 100
3  3195 3164 3163  100 100 100
3  3163 3194 3195  100 100 100
3  3196 3165 3164  100 100 100
3  3164 3195 3196  100 100 100
3  3197 3166 3165  100 100 100
3  3165 3196 3197  100 100 100
3  3198 3136 3166  100 100 100
3  3166 3197 3198  100 100 100
3  3199 3167 3136  100 100 100
3  3136 3198 3199  100 100 100
3  3200 3168 3167  100 100 100
3  3167 3199 3200  100 100 100
3  3201 3169 3168  100 100 100
3  3168 3200 3201  100 100 100
3  3202 3170 3169  100 100 100
3  3169 3201 3202  100 100 100
3  3624 3627 3628  100 100 100
3  3170 3202 3203  100 100 100
3  3204 3172 3171  100 100 100
3  3171 3203 3204  100 100 100
3  3205 3173 3172  100 100 100
3  3172 3204 3205  100 100 100
3  3175 3145 3173  100 100 100
3  3173 3205 3175  100 100 100
3  3206 3174 3175  100 100 100
3  3175 3207 3206  100 100 100
3  3208 3176 3174  100 100 100
3  3174 3206 3208  100 100 100
3  3209 3177 3176  100 100 100
3  3176 3208 3209  100 100 100
3  3210 3178 3177  100 100 100
3  3177 3209 3210  100 100 100
3  3211 3179 3178  100 100 100
3  3178 3210 3211  100 100 100
3  3212 3180 3179  100 100 100
3  3179 3211 3212  100 100 100
3  3213 3181 3180  100 100 100
3  3180 3212 3213  100 100 100
3  3214 3182 3181  100 100 100
3  3181 3213 3214  100 100 100
3  3215 3183 3182  100 100 100
3  3182 3214 3215  100 100 100
3  3216 3184 3183  100 100 100
3  3183 3215 3216  100 100 100
3  3217 3185 3184  100 100 100
3  3184 3216 3217  100 100 100
3  3218 3186 3185  100 100 100
3  3185 3217 3218  100 100 100
3  3219 3187 3186  100 100 100
3  3186 3218 3219  100 100 100
3  3625 3626 3623  100 100 100
3  3187 3219 3220  100 100 100
3  3221 3189 3188  100 100 100
3  3188 3220 3221  100 100 100
3  3222 3190 3189  100 100 100
3  3189 3221 3222  100 100 100
3  3223 3191 3190  100 100 100
3  3190 3222 3223  100 100 100
3  3224 3192 3191  100 100 100
3  3191 3223 3224  100 100 100
3  3225 3193 3192  100 100 100
3  3192 3224 3225  100 100 100
3  3226 3194 3193  100 100 100
3  3193 3225 3226  100 100 100
3  3227 3195 3194  100 100 100
3  3194 3226 3227  100 100 100
3  3228 3196 3195  100 100 100
3  3195 3227 3228  100 100 100
3  3229 3197 3196  100 100 100
3  3196 3228 3229  100 100 100
3  3230 3198 3197  100 100 100
3  3197 3229 3230  100 100 100
3  3231 3199 3198  100 100 100
3  3198 3230 3231  100 100 100
3  3232 3200 3199  100 100 100
3  3199 3231 3232  100 100 100
3  3233 3201 3200  100 100 100
3  3200 3232 3233  100 100 100
3  3234 3202 3201  100 100 100
3  3201 3233 3234  100 100 100
3  3235 3203 3202  100 100 100
3  3202 3234 3235  100 100 100
3  3236 3204 3203  100 100 100
3  3203 3235 3236  100 100 100
3  3237 3205 3204  100 100 100
3  3204 3236 3237  240 128 128
3  3207 3175 3205  100 100 100
3  3205 3237 3207  100 100 100
3  3238 3206 3207  100 100 100
3  3207 3239 3238  100 100 100
3  3240 3208 3206  100 100 100
3  3206 3238 3240  100 100 100
3  3241 3209 3208  100 100 100
3  3208 3240 3241  100 100 100
3  3242 3210 3209  100 100 100
3  3209 3241 3242  100 100 100
3  3243 3211 3210  100 100 100
3  3210 3242 3243  100 100 100
3  3244 3212 3211  100 100 100
3  3211 3243 3244  100 100 100
3  3245 3213 3212  100 100 100
3  3212 3244 3245  100 100 100
3  3246 3214 3213  100 100 100
3  3213 3245 3246  100 100 100
3  3247 3215 3214  100 100 100
3  3214 3246 3247  100 100 100
3  3248 3216 3215  100 100 100
3  3215 3247 3248  100 100 100
3  3249 3217 3216  100 100 100
3  3216 3248 3249  100 100 100
3  3250 3218 3217  100 100 100
3  3217 3249 3250  100 100 100
3  3251 3219 3218  100 100 100
3  3218 3250 3251  100 100 100
3  3252 3220 3219  100 100 100
3  3219 3251 3252  100 100 100
3  3253 3221 3220  100 100 100
3  3220 3252 3253  100 100 100
3  3254 3222 3221  100 100 100
3  3221 3253 3254  100 100 100
3  3255 3223 3222  100 100 100
3  3222 3254 3255  100 100 100
3  3256 3224 3223  100 100 100
3  3223 3255 3256  100 100 100
3  3257 3225 3224  100 100 100
3  3224 3256 3257  100 100 100
3  3258 3226 3225  100 100 100
3  3225 3257 3258  100 100 100
3  3259 3227 3226  100 100 100
3  3226 3258 3259  100 100 100
3  3260 3228 3227  100 100 100
3  3227 3259 3260  100 100 100
3  3261 3229 3228  100 100 100
3  3228 3260 3261  100 100 100
3  3262 3230 3229  100 100 100
3  3229 3261 3262  100 100 100
3  3263 3231 3230  100 100 100
3  3230 3262 3263  100 100 100
3  3264 3232 3231  100 100 100
3  3231 3263 3264  100 100 100
3  3265 3233 3232  100 100 100
3  3232 3264 3265  100 100 100
3  3266 3234 3233  100 100 100
3  3233 3265 3266  100 100 100
3  3267 3235 3234  100 100 100
3  3234 3266 3267  100 100 100
3  3268 3236 3235  100 100 100
3  3235 3267 3268  100 100 100
3  3269 3237 3236  100 100 100
3  3236 3268 3269  100 100 100
3  3239 3207 3237  100 100 100
3  3237 3269 3239  100 100 100
3  3270 3238 3239  100 100 100
3  3239 3271 3270  100 100 100
3  3272 3240 3238  100 100 100
3  3238 3270 3272  100 100 100
3  3273 3241 3240  100 100 100
3  3240 3272 3273  100 100 100
3  3274 3242 3241  100 100 100
3  3241 3273 3274  100 100 100
3  3275 3243 3242  100 100 100
3  3242 3274 3275  100 100 100
3  3276 3244 3243  100 100 100
3  3243 3275 3276  100 100 100
3  3277 3245 3244  100 100 100
3  3244 3276 3277  100 100 100
3  3278 3246 3245  100 100 100
3  3245 3277 3278  100 100 100
3  3279 3247 3246  100 100 100
3  3246 3278 3279  100 100 100
3  3280 3248 3247  100 100 100
3  3247 3279 3280  100 100 100
3  3281 3249 3248  100 100 100
3  3248 3280 3281  100 100 100
3  3282 3250 3249  100 100 100
3  3249 3281 3282  100 100 100
3  3283 3251 3250  100 100 100
3  3250 3282 3283  100 100 100
3  3284 3252 3251  100 100 100
3  3251 3283 3284  100 100 100
3  3285 3253 3252  100 100 100
3  3252 3284 3285  100 100 100
3  3286 3254 3253  100 100 100
3  3253 3285 3286  100 100 100
3  3287 3255 3254  100 100 100
3  3254 3286 3287  100 100 100
3  3288 3256 3255  100 100 100
3  3255 3287 3288  100 100 100
3  3289 3257 3256  100 100 100
3  3256 3288 3289  100 100 100
3  3290 3258 3257  100 100 100
3  3257 3289 3290  100 100 100
3  3291 3259 3258  100 100 100
3  3258 3290 3291  100 100 100
3  3292 3260 3259  100 100 100
3  3259 3291 3292  100 100 100
3  3293 3261 3260  100 100 100
3  3260 3292 3293  100 100 100
3  3623 3624 3625  100 100 100
3  3619 3622 3616  192 192 0
3  3295 3264 3263  100 100 100
3  3263 3294 3295  100 100 100
3  3296 3265 3264  100 100 100
3  3264 3295 3296  100 100 100
3  3297 3266 3265  100 100 100
3  3265 3296 3297  100 100 100
3  3298 3267 3266  100 100 100
3  3266 3297 3298  100 100 100
3  3299 3268 3267  100 100 100
3  3267 3298 3299  100 100 100
3  3300 3269 3268  100 100 100
3  3268 3299 3300  100 100 100
3  3271 3239 3269  100 100 100
3  3269 3300 3271  100 100 100
3  3301 3270 3271  100 100 100
3  3271 3302 3301  100 100 100
3  3303 3272 3270  100 100 100
3  3270 3301 3303  100 100 100
3  3304 3273 3272  100 100 100
3  3272 3303 3304  100 100 100
3  3305 3274 3273  100 100 100
3  3273 3304 3305  100 100 100
3  3616 3615 3619  192 192 0
3  3274 3305 3306  100 100 100
3  3540 3539 3545  192 0 192
3  4048 3306 3307  100 100 100
3  3308 3277 3276  100 100 100
3  3276 4049 3308  100 100 100
3  3309 3278 3277  100 100 100
3  3277 3308 3309  100 100 100
3  3310 3279 3278  100 100 100
3  3278 3309 3310  100 100 100
3  3311 3280 3279  100 100 100
3  3279 3310 3311  100 100 100
3  3622 3621 3617  100 100 100
3  3280 3311 3312  100 100 100
3  3313 3282 3281  100 100 100
3  3281 3312 3313  100 100 100
3  3314 3283 3282  100 100 100
3  3282 3313 3314  100 100 100
3  3315 3284 3283  100 100 100
3  3283 3314 3315  100 100 100
3  3316 3285 3284  100 100 100
3  3284 3315 3316  100 100 100
3  3317 3286 3285  100 100 100
3  3285 3316 3317  100 100 100
3  3318 3287 3286  100 100 100
3  3286 3317 3318  100 100 100
3  3319 3288 3287  100 100 100
3  3287 3318 3319  100 100 100
3  3320 3289 3288  100 100 100
3  3288 3319 3320  100 100 100
3  3321 3290 3289  100 100 100
3  3289 3320 3321  100 100 100
3  3322 3291 3290  100 100 100
3  3290 3321 3322  100 100 100
3  3323 3292 3291  100 100 100
3  3291 3322 3323  100 100 100
3  3324 3293 3292  100 100 100
3  3617 3616 3622  100 100 100
3  3325 4047 3293  100 100 100
3  3293 3324 3325  100 100 100
3  3326 3294 4047  100 100 100
3  4047 3325 3326  100 100 100
3  3327 3295 3294  100 100 100
3  3294 3326 3327  100 100 100
3  3328 3296 3295  100 100 100
3  3295 3327 3328  100 100 100
3  3329 3297 3296  100 100 100
3  3296 3328 3329  100 100 100
3  3330 3298 3297  100 100 100
3  3297 3329 3330  100 100 100
3  3331 3299 3298  100 100 100
3  3298 3330 3331  100 100 100
3  3332 3300 3299  100 100 100
3  3299 3331 3332  100 100 100
3  3302 3271 3300  100 100 100
3  3300 3332 3302  100 100 100
3  3333 3301 3302  100 100 100
3  3302 3334 3333  100 100 100
3  3335 3303 3301  100 100 100
3  3301 3333 3335  100 100 100
3  3336 3304 3303  100 100 100
3  3303 3335 3336  100 100 100
3  3337 3305 3304  100 100 100
3  3304 3336 3337  100 100 100
3  3338 3306 3305  100 100 100
3  3305 3337 3338  100 100 100
3  3339 3307 3306  100 100 100
3  3306 3338 3339  100 100 100
3  3621 3620 3618  100 100 100
3  3307 3339 3340  100 100 100
3  3618 3617 3621  100 100 100
3  3620 3619 3615  192 0 192
3  3342 3311 3310  100 100 100
3  3310 3341 3342  100 100 100
3  3343 3312 3311  100 100 100
3  3311 3342 3343  100 100 100
3  3344 3313 3312  100 100 100
3  3312 3343 3344  100 100 100
3  3345 3314 3313  100 100 100
3  3313 3344 3345  100 100 100
3  3346 3315 3314  100 100 100
3  3314 3345 3346  100 100 100
3  3347 3316 3315  100 100 100
3  3315 3346 3347  100 100 100
3  3348 3317 3316  100 100 100
3  3316 3347 3348  100 100 100
3  3349 3318 3317  100 100 100
3  3317 3348 3349  100 100 100
3  3350 3319 3318  100 100 100
3  3318 3349 3350  100 100 100
3  3351 3320 3319  100 100 100
3  3319 3350 3351  100 100 100
3  3352 3321 3320  100 100 100
3  3320 3351 3352  100 100 100
3  3615 3618 3620  192 0 192
3  3321 3352 3353  100 100 100
3  3354 3323 3322  100 100 100
3  3621 3622 3619  0 0 255
3  3355 3324 3323  100 100 100
3  3323 3354 3355  100 100 100
3  3356 3325 3324  100 100 100
3  3324 3355 3356  100 100 100
3  3357 3326 3325  100 100 100
3  3325 3356 3357  100 100 100
3  3358 3327 3326  100 100 100
3  3326 3357 3358  100 100 100
3  3359 3328 3327  100 100 100
3  3327 3358 3359  100 100 100
3  3360 3329 3328  100 100 100
3  3328 3359 3360  100 100 100
3  3361 3330 3329  100 100 100
3  3329 3360 3361  100 100 100
3  3362 3331 3330  100 100 100
3  3330 3361 3362  100 100 100
3  3363 3332 3331  100 100 100
3  3331 3362 3363  100 100 100
3  3334 3302 3332  100 100 100
3  3332 3363 3334  100 100 100
3  3364 3333 3334  100 100 100
3  3334 3365 3364  100 100 100
3  3366 3335 3333  100 100 100
3  3333 3364 3366  100 100 100
3  3367 3336 3335  100 100 100
3  3335 3366 3367  100 100 100
3  3368 3337 3336  100 100 100
3  3336 3367 3368  100 100 100
3  3369 3338 3337  100 100 100
3  3337 3368 3369  100 100 100
3  3370 3339 3338  100 100 100
3  3338 3369 3370  100 100 100
3  3371 3340 3339  100 100 100
3  3339 3370 3371  100 100 100
3  3372 4050 3340  100 100 100
3  3340 3371 3372  100 100 100
3  3373 3341 4050  100 100 100
3  4050 3372 3373  100 100 100
3  3374 3342 3341  100 100 100
3  3341 3373 3374  100 100 100
3  3375 3343 3342  100 100 100
3  3342 3374 3375  100 100 100
3  3376 3344 3343  100 100 100
3  3343 3375 3376  100 100 100
3  3377 3345 3344  100 100 100
3  3344 3376 3377  100 100 100
3  3378 3346 3345  100 100 100
3  3345 3377 3378  100 100 100
3  3379 3347 3346  100 100 100
3  3346 3378 3379  100 100 100
3  3380 3348 3347  100 100 100
3  3347 3379 3380  100 100 100
3  3381 3349 3348  100 100 100
3  3348 3380 3381  100 100 100
3  3382 3350 3349  100 100 100
3  3349 3381 3382  100 100 100
3  3383 3351 3350  100 100 100
3  3350 3382 3383  100 100 100
3  3384 3352 3351  100 100 100
3  3619 3620 3621  0 0 255
3  3385 3353 3352  100 100 100
3  3352 3384 3385  100 100 100
3  3386 3354 3353  100 100 100
3  3353 3385 3386  100 100 100
3  3387 3355 3354  100 100 100
3  3354 3386 3387  100 100 100
3  3388 3356 3355  100 100 100
3  3355 3387 3388  100 100 100
3  3389 3357 3356  100 100 100
3  3356 3388 3389  100 100 100
3  3390 3358 3357  100 100 100
3  3357 3389 3390  100 100 100
3  3391 3359 3358  100 100 100
3  3358 3390 3391  100 100 100
3  3392 3360 3359  100 100 100
3  3359 3391 3392  100 100 100
3  3393 3361 3360  100 100 100
3  3360 3392 3393  100 100 100
3  3394 3362 3361  100 100 100
3  3361 3393 3394  100 100 100
3  3395 3363 3362  100 100 100
3  3362 3394 3395  100 100 100
3  3365 3334 3363  100 100 100
3  3363 3395 3365  100 100 100
3  3544 3543 3541  0 128 64
3  3365 3397 3396  100 100 100
3  3398 3366 3364  100 100 100
3  3364 4051 3398  100 100 100
3  3399 3367 3366  100 100 100
3  3366 3398 3399  100 100 100
3  3400 3368 3367  100 100 100
3  3367 3399 3400  100 100 100
3  3617 3618 3615  255 0 0
3  3368 3400 3401  100 100 100
3  3402 3370 3369  100 100 100
3  3615 3616 3617  255 0 0
3  3403 3371 3370  100 100 100
3  3370 3402 3403  100 100 100
3  3404 3372 3371  100 100 100
3  3371 3403 3404  100 100 100
3  3405 3373 3372  100 100 100
3  3372 3404 3405  100 100 100
3  3406 3374 3373  100 100 100
3  3373 3405 3406  100 100 100
3  3407 3375 3374  100 100 100
3  3374 3406 3407  100 100 100
3  3408 3376 3375  100 100 100
3  3375 3407 3408  100 100 100
3  3409 3377 3376  100 100 100
3  3376 3408 3409  100 100 100
3  3410 3378 3377  100 100 100
3  3377 3409 3410  100 100 100
3  3411 3379 3378  100 100 100
3  3378 3410 3411  100 100 100
3  3611 3614 3608  192 192 0
3  3379 3411 3412  100 100 100
3  3413 3381 3380  100 100 100
3  3380 3412 3413  100 100 100
3  3608 3607 3611  192 192 0
3  3614 3613 3609  255 64 64
3  3415 3383 3382  100 100 100
3  3382 3414 3415  100 100 100
3  3416 3384 3383  100 100 100
3  3383 3415 3416  100 100 100
3  3417 3385 3384  100 100 100
3  3384 3416 3417  100 100 100
3  3418 3386 3385  100 100 100
3  3385 3417 3418  100 100 100
3  3419 3387 3386  100 100 100
3  3386 3418 3419  100 100 100
3  3420 3388 3387  100 100 100
3  3387 3419 3420  100 100 100
3  3421 3389 3388  100 100 100
3  3388 3420 3421  100 100 100
3  3422 3390 3389  100 100 100
3  3389 3421 3422  100 100 100
3  3423 3391 3390  100 100 100
3  3390 3422 3423  100 100 100
3  3424 3392 3391  100 100 100
3  3391 3423 3424  100 100 100
3  3425 3393 3392  100 100 100
3  3392 3424 3425  100 100 100
3  3426 3394 3393  100 100 100
3  3393 3425 3426  100 100 100
3  3609 3608 3614  255 64 64
3  3613 3612 3610  100 100 100
3  3397 3365 3395  100 100 100
3  3395 3427 3397  100 100 100
3  3541 3540 3544  0 128 64
3  3397 3429 3428  100 100 100
3  3430 3398 4051  100 100 100
3  3610 3609 3613  100 100 100
3  3431 3399 3398  100 100 100
3  3398 3430 3431  100 100 100
3  3612 3611 3607  100 100 100
3  3399 3431 3432  100 100 100
3  3433 3401 3400  100 100 100
3  3607 3610 3612  100 100 100
3  3434 3402 3401  100 100 100
3  3401 3433 3434  100 100 100
3  3435 3403 3402  100 100 100
3  3402 3434 3435  100 100 100
3  3436 3404 3403  100 100 100
3  3403 3435 3436  100 100 100
3  3437 3405 3404  100 100 100
3  3404 3436 3437  100 100 100
3  3438 3406 3405  100 100 100
3  3405 3437 3438  100 100 100
3  3439 3407 3406  100 100 100
3  3406 3438 3439  100 100 100
3  3440 3408 3407  100 100 100
3  3407 3439 3440  100 100 100
3  3441 3409 3408  100 100 100
3  3408 3440 3441  100 100 100
3  3442 3410 3409  100 100 100
3  3409 3441 3442  100 100 100
3  3443 3411 3410  100 100 100
3  3410 3442 3443  100 100 100
3  3444 3412 3411  100 100 100
3  3613 3614 3611  255 240 245
3  3445 3413 3412  100 100 100
3  3412 3444 3445  100 100 100
3  3446 3414 3413  100 100 100
3  3413 3445 3446  100 100 100
3  3447 3415 3414  100 100 100
3  3414 3446 3447  100 100 100
3  3448 3416 3415  100 100 100
3  3415 3447 3448  100 100 100
3  3611 3612 3613  255 240 245
3  3416 3448 3449  100 100 100
3  3450 3418 3417  100 100 100
3  3609 3610 3607  100 100 100
3  3451 3419 3418  100 100 100
3  3418 3450 3451  100 100 100
3  3452 3420 3419  100 100 100
3  3419 3451 3452  100 100 100
3  3453 3421 3420  100 100 100
3  3420 3452 3453  100 100 100
3  3454 3422 3421  100 100 100
3  3421 3453 3454  100 100 100
3  3455 3423 3422  100 100 100
3  3422 3454 3455  100 100 100
3  3456 3424 3423  100 100 100
3  3423 3455 3456  100 100 100
3  3457 3425 3424  100 100 100
3  3424 3456 3457  100 100 100
3  3458 3426 3425  100 100 100
3  3425 3457 3458  100 100 100
3  3459 3427 3426  100 100 100
3  3426 3458 3459  100 100 100
3  3429 3397 3427  100 100 100
3  3427 3459 3429  100 100 100
3  3607 3608 3609  100 100 100
3  3429 3461 3460  100 100 100
3  3604 3954 3601  128 255 64
3  3601 3600 3604  128 255 64
3  3954 3606 3602  255 128 0
3  3602 3601 3954  255 128 0
3  3464 3432 3431  100 100 100
3  3606 3605 3603  100 100 100
3  3465 3433 3432  100 100 100
3  3432 3464 3465  100 100 100
3  3466 3434 3433  100 100 100
3  3433 3465 3466  100 100 100
3  3467 3435 3434  100 100 100
3  3434 3466 3467  100 100 100
3  3468 3436 3435  100 100 100
3  3435 3467 3468  100 100 100
3  3469 3437 3436  100 100 100
3  3436 3468 3469  100 100 100
3  3470 3438 3437  100 100 100
3  3437 3469 3470  100 100 100
3  3471 3439 3438  100 100 100
3  3438 3470 3471  100 100 100
3  3472 3440 3439  100 100 100
3  3439 3471 3472  100 100 100
3  3473 3441 3440  100 100 100
3  3440 3472 3473  100 100 100
3  3603 3602 3606  100 100 100
3  3605 3604 3600  255 128 0
3  3600 3603 3605  255 128 0
3  3606 3954 3604  255 240 245
3  3543 3542 3538  100 100 100
3  4052 3475 3476  100 100 100
3  3538 3541 3543  100 100 100
3  4053 4054 3477  100 100 100
3  3604 3605 3606  255 240 245
3  3602 3603 3600  255 240 245
3  3600 3601 3602  255 240 245
3  3596 3599 3593  240 128 128
3  3478 3448 3447  100 100 100
3  3593 3592 3596  240 128 128
3  3479 3449 3448  100 100 100
3  3448 3478 3479  100 100 100
3  3480 3450 3449  100 100 100
3  3449 3479 3480  100 100 100
3  3481 3451 3450  100 100 100
3  3450 3480 3481  100 100 100
3  3482 3452 3451  100 100 100
3  3451 3481 3482  100 100 100
3  3483 3453 3452  100 100 100
3  3452 3482 3483  100 100 100
3  3484 3454 3453  100 100 100
3  3453 3483 3484  100 100 100
3  3485 3455 3454  100 100 100
3  3454 3484 3485  100 100 100
3  3486 3456 3455  240 128 128
3  3455 3485 3486  100 100 100
3  3487 3457 3456  100 100 100
3  3456 3486 3487  100 100 100
3  3599 4056 3594  255 128 128
3  3594 3593 3599  255 128 128
3  4056 3597 3595  0 0 192
3  3595 3594 4056  0 0 192
3  3461 3429 3459  100 100 100
3  3597 3596 3592  255 128 128
3  4055 3460 3461  100 100 100
3  4055 3462 3460  100 100 100
3  4055 3463 3462  100 100 100
3  4055 3464 3463  100 100 100
3  4055 3465 3464  100 100 100
3  4055 3466 3465  100 100 100
3  4055 3467 3466  100 100 100
3  4055 3468 3467  100 100 100
3  4055 3469 3468  100 100 100
3  4055 3470 3469  100 100 100
3  4055 3471 3470  100 100 100
3  4055 3472 3471  100 100 100
3  4055 3473 3472  100 100 100
3  4055 3474 3473  100 100 100
3  4055 3475 3474  100 100 100
3  4055 3476 3475  100 100 100
3  3592 3595 3597  255 128 128
3  4056 3599 3596  100 100 100
3  3596 3597 4056  100 100 100
3  3594 3595 3592  100 100 100
3  3592 3593 3594  100 100 100
3  3588 3591 3585  100 100 100
3  3585 3584 3588  100 100 100
3  3591 3590 3586  192 0 192
3  3586 3585 3591  192 0 192
3  3590 3589 3587  0 0 192
3  3587 3586 3590  0 0 192
3  3589 3588 3584  192 0 192
3  3584 3587 3589  192 0 192
3  3590 3591 3588  0 0 255
3  3490 3491 3492  0 192 192
3  3492 3493 3490  0 192 192
3  3494 3495 3496  255 255 0
3  3496 3497 3494  255 255 0
3  3490 3493 3495  100 100 100
3  3495 3494 3490  100 100 100
3  3493 3492 3496  100 100 100
3  3496 3495 3493  100 100 100
3  3492 3491 3497  0 128 128
3  3497 3496 3492  0 128 128
3  3491 3490 3494  255 128 0
3  3494 3497 3491  255 128 0
3  3498 3499 3500  100 100 100
3  3500 3501 3498  100 100 100
3  3502 3503 3504  0 192 192
3  3504 3505 3502  0 192 192
3  3498 3501 3503  64 255 255
3  3503 3502 3498  64 255 255
3  3501 3500 3504  0 128 64
3  3504 3503 3501  0 128 64
3  3500 3499 3505  64 255 255
3  3505 3504 3500  64 255 255
3  3499 3498 3502  255 128 0
3  3502 3505 3499  255 128 0
3  3506 3507 3508  0 192 192
3  3508 3509 3506  0 192 192
3  3510 3511 3512  0 192 192
3  3512 3513 3510  0 192 192
3  3506 3509 3511  128 0 128
3  3511 3510 3506  128 0 128
3  3509 3508 3512  0 128 64
3  3512 3511 3509  0 128 64
3  3508 3507 3513  128 0 128
3  3513 3512 3508  128 0 128
3  3507 3506 3510  255 128 0
3  3510 3513 3507  255 128 0
3  3514 3515 3516  100 100 100
3  3516 3517 3514  100 100 100
3  3518 3519 3520  0 192 192
3  3520 3521 3518  0 192 192
3  3514 3517 3519  100 100 100
3  3519 3518 3514  100 100 100
3  3517 3516 3520  0 128 64
3  3520 3519 3517  0 128 64
3  3516 3515 3521  100 100 100
3  3521 3520 3516  100 100 100
3  3515 3514 3518  255 128 0
3  3518 3521 3515  255 128 0
3  3522 3523 3524  128 128 0
3  3524 3525 3522  128 128 0
3  3526 3527 3528  0 0 192
3  3528 3529 3526  0 0 192
3  3522 3525 3527  100 100 100
3  3527 3526 3522  100 100 100
3  3525 3524 3528  100 100 100
3  3528 3527 3525  100 100 100
3  3524 3523 3529  255 128 128
3  3529 3528 3524  255 128 128
3  3523 3522 3526  255 128 0
3  3526 3529 3523  255 128 0
3  3530 3531 3532  128 128 0
3  3532 3533 3530  128 128 0
3  3534 3535 3536  100 100 100
3  3536 3537 3534  100 100 100
3  3530 3533 3535  255 64 64
3  3535 3534 3530  255 64 64
3  3533 3532 3536  100 100 100
3  3536 3535 3533  100 100 100
3  3532 3531 3537  255 64 64
3  3537 3536 3532  255 64 64
3  3531 3530 3534  255 128 0
3  3534 3537 3531  255 128 0
3  3538 3539 3540  128 128 0
3  3540 3541 3538  128 128 0
3  3542 3543 3544  0 0 192
3  3544 3545 3542  0 0 192

