OFF
4075 6979 0
834422.375 815760.8125 8.818995476 
834395.0625 815768.5625 8.818995476 
834393.75 815763.75 8.818995476 
834326.0625 815713.1875 8.81899929 
834341.8125 815709.75 8.81899929 
834342.1875 815711.125 8.81899929 
834325.25 815717.1875 8.81899929 
834345.625 815732.875 8.81899929 
834348.9375 815735.5 8.81899929 
834351.625 815737.625 8.81899929 
834354.75 815740 8.818995476 
834357.0625 815741.75 8.818995476 
834360.375 815744.375 8.818995476 
834373.1875 815702.75 8.81899929 
834384.3125 815741.625 8.81899929 
834387.6875 815765.625 8.818995476 
834415.0625 815733.0625 8.818995476 
834422.5625 815760.8125 8.818995476 
834415.0625 815733.0625 3.699999809 
834422.5625 815760.8125 3.699999809 
834422.375 815760.8125 3.699999809 
834395.0625 815768.5625 3.699999809 
834393.75 815763.75 3.699999809 
834387.6875 815765.625 3.699999809 
834360.375 815744.375 3.699999809 
834357.0625 815741.75 3.699999809 
834354.75 815740 3.699999809 
834351.625 815737.625 3.699999809 
834348.9375 815735.5 3.699999809 
834345.625 815732.875 3.699999809 
834325.25 815717.1875 3.699999809 
834326.0625 815713.1875 3.699999809 
834341.8125 815709.75 3.699999809 
834342.1875 815711.125 3.699999809 
834373.1875 815702.75 3.699999809 
834384.3125 815741.625 3.699999809 
834415.0625 815733.0625 22.94199944 
834417.8125 815743.375 22.94199944 
834390.1875 815751.1875 22.94199944 
834387.1875 815740.8125 22.94199944 
834390.1875 815751.1875 17.25 
834387.1875 815740.8125 17.25 
834415.0625 815733.0625 17.25 
834417.8125 815743.375 17.25 
834357.0625 815741.75 17.25000381 
834354.625 815739.9375 17.25000381 
834354.1875 815738.0625 17.25000381 
834353.375 815738.3125 17.25000381 
834353.0625 815737.1875 17.25000381 
834351.625 815737.625 17.25000381 
834348.9375 815735.5 17.25000381 
834348.5625 815733.9375 17.25000381 
834347.75 815734.1875 17.25000381 
834347.25 815732.375 17.25000381 
834326.0625 815713.1875 17.25000381 
834341.8125 815709.75 17.25000381 
834342.1875 815711.125 17.25000381 
834325.25 815717.1875 17.25000381 
834345.625 815732.875 17.25000381 
834415.0625 815733.0625 17.25000381 
834422.5625 815760.8125 17.25000381 
834422.375 815760.8125 17.25000381 
834384.3125 815741.625 17.25000381 
834395.0625 815768.5625 17.25000381 
834393.75 815763.75 17.25000381 
834387.6875 815765.625 17.25000381 
834360.375 815744.375 17.25000381 
834373.1875 815702.75 17.25000381 
834359.8125 815742.375 17.25000381 
834359.0625 815742.625 17.25000381 
834358.625 815741.25 17.25000381 
834415.0625 815733.0625 8.819000244 
834422.5625 815760.8125 8.819000244 
834422.375 815760.8125 8.819000244 
834395.0625 815768.5625 8.819000244 
834393.75 815763.75 8.819000244 
834387.6875 815765.625 8.819000244 
834360.375 815744.375 8.819000244 
834359.8125 815742.375 8.819000244 
834359.0625 815742.625 8.819000244 
834358.625 815741.25 8.819000244 
834357.0625 815741.75 8.819000244 
834354.625 815739.9375 8.819000244 
834354.1875 815738.0625 8.819000244 
834353.375 815738.3125 8.819000244 
834353.0625 815737.1875 8.819000244 
834351.625 815737.625 8.819000244 
834348.9375 815735.5 8.819000244 
834348.5625 815733.9375 8.819000244 
834347.75 815734.1875 8.819000244 
834347.25 815732.375 8.819000244 
834345.625 815732.875 8.819000244 
834325.25 815717.1875 8.819000244 
834326.0625 815713.1875 8.819000244 
834341.8125 815709.75 8.819000244 
834342.1875 815711.125 8.819000244 
834373.1875 815702.75 8.819000244 
834384.3125 815741.625 8.819000244 
834387.75 815765.0625 18.3461647 
834393.625 815763.25 18.3461647 
834393.75 815763.75 18.3461647 
834387.6875 815765.625 18.3461647 
834360.375 815744.375 18.3461647 
834359.8125 815742.375 18.3461647 
834360.3125 815742.25 18.34617805 
834360.8125 815744.0625 18.3461647 
834387.75 815765.0625 17.25 
834393.625 815763.25 17.25 
834393.75 815763.75 17.25 
834387.6875 815765.625 17.25 
834360.375 815744.375 17.25 
834359.8125 815742.375 17.25 
834360.3125 815742.25 17.25 
834360.8125 815744.0625 17.25 
834354.1875 815738.0625 18.34600067 
834354.625 815737.9375 18.34600067 
834355.0625 815739.625 18.34600067 
834357.125 815741.1875 18.34600067 
834358.5625 815740.8125 18.34600067 
834358.625 815741.25 18.34600067 
834357.0625 815741.75 18.34600067 
834354.625 815739.9375 18.34600067 
834354.1875 815738.0625 17.25 
834354.625 815737.9375 17.25 
834355.0625 815739.625 17.25 
834357.125 815741.1875 17.25 
834358.5625 815740.8125 17.25 
834358.625 815741.25 17.25 
834357.0625 815741.75 17.25 
834354.625 815739.9375 17.25 
834351.75 815737.0625 18.34599876 
834352.875 815736.75 18.34599876 
834353.0625 815737.1875 18.34599876 
834351.625 815737.625 18.34599876 
834348.9375 815735.5 18.34599876 
834348.5625 815733.9375 18.34599876 
834349.0625 815733.8125 18.34599876 
834349.4375 815735.25 18.34599876 
834351.75 815737.0625 17.25 
834352.875 815736.75 17.25 
834353.0625 815737.1875 17.25 
834351.625 815737.625 17.25 
834348.9375 815735.5 17.25 
834348.5625 815733.9375 17.25 
834349.0625 815733.8125 17.25 
834349.4375 815735.25 17.25 
834345.625 815732.875 18.34600067 
834325.25 815717.1875 18.34600067 
834326.25 815717.25 18.34600067 
834345.6875 815732.3125 18.34600067 
834347.125 815731.9375 18.34600067 
834347.25 815732.375 18.34600067 
834345.625 815732.875 17.25 
834325.25 815717.1875 17.25 
834326.25 815717.25 17.25 
834345.6875 815732.3125 17.25 
834347.125 815731.9375 17.25 
834347.25 815732.375 17.25 
834327.0625 815713.5 18.34600067 
834326.0625 815713.1875 18.34600067 
834341.8125 815709.75 18.34600067 
834342.1875 815711.125 18.34600067 
834341.6875 815711.25 18.34600067 
834341.4375 815710.3125 18.34600067 
834327.0625 815713.5 17.25 
834326.0625 815713.1875 17.25 
834341.8125 815709.75 17.25 
834342.1875 815711.125 17.25 
834341.6875 815711.25 17.25 
834341.4375 815710.3125 17.25 
834387.1875 815740.8125 18.34599876 
834387.375 815741.25 18.34599876 
834384 815742.25 18.34599876 
834383.4375 815740.5625 18.34599876 
834384 815740.375 18.34599876 
834384.3125 815741.625 18.34599876 
834387.375 815741.25 17.25 
834384 815742.25 17.25 
834383.4375 815740.5625 17.25 
834384 815740.375 17.25 
834384.3125 815741.625 17.25 
834417.375 815743.4375 18.34600067 
834417.8125 815743.375 18.34600067 
834421.125 815755.4375 18.34600067 
834420.625 815755.5 18.34600067 
834421.125 815755.4375 17.25 
834420.625 815755.5 17.25 
834417.375 815743.4375 17.25 
834414.1875 815733.25 24.89899826 
834414.9375 815736.25 24.89899826 
834388.9375 815743.4375 24.89899826 
834388.0625 815740.5625 24.89899826 
834388.9375 815743.4375 22.94199944 
834388.0625 815740.5625 22.94199944 
834414.1875 815733.25 22.94199944 
834414.9375 815736.25 22.94199944 
834363.8125 815727.375 169.9770203 
834364.1875 815726.75 169.9770203 
834362.75 815725.9375 171.6753845 
834362.375 815726.5625 171.6753845 
834363.8125 815727.375 176.6216583 
834362.375 815726.5625 175.635849 
834362.75 815725.9375 175.635849 
834364.1875 815726.75 176.6216583 
834348.5625 815718.5 158.3000031 
834367.4375 815713.125 158.3000031 
834372.8125 815731.9375 158.3000031 
834354 815737.25 158.3000031 
834348.5625 815718.5 151.8879852 
834354 815737.25 151.8879852 
834372.8125 815731.9375 151.8879852 
834367.4375 815713.125 151.8879852 
834358.5625 815728.3125 169.9770203 
834359.125 815728.75 169.9770203 
834359.9375 815727.1875 171.6753845 
834359.375 815726.875 171.6753845 
834358.5625 815728.3125 176.6216583 
834359.375 815726.875 175.635849 
834359.9375 815727.1875 175.635849 
834359.125 815728.75 176.6216583 
834358.375 815723.9375 173.8338013 
834359.4375 815727.5 173.8201904 
834363.0625 815726.5 173.8201904 
834362 815722.875 173.8338013 
834358.375 815723.9375 175.471817 
834362 815722.875 175.471817 
834363.0625 815726.5 175.4582062 
834359.4375 815727.5 175.4582062 
834414.8125 815759.25 19.73701096 
834414.8125 815759.25 19.46891975 
834414.875 815759.5 19.46891975 
834414.9375 815759.8125 19.46891975 
834414.8125 815759.25 20.00510025 
834414.9375 815759.8125 19.73701096 
834414.9375 815759.8125 20.00510025 
834414.875 815759.5 20.00510025 
834408 815761.1875 20.00510025 
834408 815761.1875 19.73701096 
834401.25 815763.125 20.00510025 
834401.25 815763.125 19.73701096 
834401.25 815763.125 19.46891975 
834408 815761.1875 19.46891975 
834408.1875 815761.75 19.46891975 
834401.4375 815763.6875 19.46891975 
834401.4375 815763.6875 19.73701096 
834408.1875 815761.75 19.73701096 
834401.4375 815763.6875 20.00510025 
834408.1875 815761.75 20.00510025 
834401.375 815763.4375 19.46891975 
834408.0625 815761.5 19.46891975 
834401.375 815763.4375 20.00510025 
834401.375 815763.4375 19.73701096 
834408.0625 815761.5 20.00510025 
834358.375 815723.9375 171.5889587 
834362 815722.875 171.5889587 
834363.0625 815726.5 171.5889587 
834359.4375 815727.5 171.5889587 
834362.875 815722 169.9770203 
834362.25 815721.6875 169.9770203 
834361.4375 815723.1875 171.6753845 
834362.0625 815723.5 171.6753845 
834362.875 815722 176.6216583 
834362.0625 815723.5 175.635849 
834361.4375 815723.1875 175.635849 
834362.25 815721.6875 176.6216583 
834395.5 815767.9375 17.20269394 
834394.1875 815763.125 17.20269394 
834393.625 815763.25 17.20269394 
834395.0625 815768.625 17.20269394 
834399.8125 815767.1875 17.20269394 
834399.75 815766.75 17.20269394 
834394.1875 815763.125 18.61736107 
834393.625 815763.25 18.61736107 
834399.8125 815767.1875 18.61736107 
834399.75 815766.75 18.61736107 
834395.0625 815768.625 18.61736107 
834421.9375 815760.375 17.25 
834417.625 815761.625 17.25 
834417.75 815762.1875 17.25 
834422.5625 815760.75 17.25 
834420.5625 815755.625 17.25 
834421.125 815755.4375 18.6185112 
834420.5625 815755.625 18.6185112 
834422.5625 815760.75 18.6185112 
834417.75 815762.1875 18.6185112 
834417.625 815761.625 18.6185112 
834421.9375 815760.375 18.6185112 
834395.5 815767.9375 18.61736107 
834421.25 815755.8125 19.14102173 
834421.1875 815755.6875 18.88611603 
834421.25 815755.8125 18.92937088 
834421.25 815755.8125 18.86153221 
834421.25 815755.8125 18.86153221 
834421.125 815755.6875 18.74501228 
834420.5625 815755.9375 19.01395416 
834421.25 815755.8125 18.9999218 
834396.25 815759.9375 16.76446915 
834396.3125 815760.375 16.76446915 
834396.3125 815760.375 19.46892166 
834396.25 815759.9375 19.46892166 
834395.6875 815760.0625 16.76446915 
834395.6875 815760.0625 19.46892166 
834395.8125 815760.5625 19.46892166 
834395.8125 815760.5625 16.76446915 
834394.875 815755.375 16.76446915 
834395.0625 815755.9375 16.76446915 
834395.0625 815755.9375 19.46892166 
834394.875 815755.375 19.46892166 
834394.375 815755.5 16.76446915 
834394.375 815755.5 19.46892166 
834394.5625 815756.0625 19.46892166 
834394.5625 815756.0625 16.76446915 
834393.625 815750.8125 16.76446915 
834393.75 815751.375 16.76446915 
834393.75 815751.375 19.46892166 
834393.625 815750.8125 19.46892166 
834393.125 815750.9375 16.76446915 
834393.125 815750.9375 19.46892166 
834393.1875 815751.5 19.46892166 
834393.1875 815751.5 16.76446915 
834396.3125 815760.375 19.46891975 
834396.3125 815760.375 20.00510025 
834392.5625 815747.125 20.00510025 
834392.5625 815747.125 19.46891975 
834395.8125 815760.5625 19.46891975 
834392.0625 815747.25 19.46891975 
834392.0625 815747.25 20.00510025 
834395.8125 815760.5625 20.00510025 
834357.5 815723.0625 169.9770203 
834357.1875 815723.625 169.9770203 
834358.75 815724.375 171.6753845 
834359.0625 815723.8125 171.6753845 
834357.5 815723.0625 176.6216583 
834359.0625 815723.8125 175.635849 
834358.75 815724.375 175.635849 
834357.1875 815723.625 176.6216583 
834325.9375 815715.1875 23.25121117 
834327.4375 815714.3125 20.75969696 
834327.6875 815714.75 20.75969696 
834327.1875 815713.9375 20.75969696 
834326.8125 815713.6875 20.75969696 
834326.375 815713.5 20.75969696 
834325.9375 815713.4375 20.75969696 
834325.4375 815713.5 20.75969696 
834325.0625 815713.6875 20.75969696 
834324.625 815714 20.75969696 
834324.375 815714.375 20.75969696 
834324.1875 815714.8125 20.75969696 
834324.1875 815715.25 20.75969696 
834324.25 815715.75 20.75969696 
834324.375 815716.1875 20.75969696 
834324.75 815716.5625 20.75969696 
834325.0625 815716.8125 20.75969696 
834325.5 815716.9375 20.75969696 
834326 815717.0625 20.75969696 
834326.375 815716.9375 20.75969696 
834326.875 815716.8125 20.75969696 
834327.1875 815716.5 20.75969696 
834327.5 815716.0625 20.75969696 
834327.6875 815715.6875 20.75969696 
834327.75 815715.1875 20.75969696 
834360.9375 815725.125 173.4650421 
834360.875 815725.4375 173.4650421 
834360.9375 815725.5 173.8334656 
834361.125 815725.0625 173.8334656 
834360.625 815725.5 173.4650421 
834360.5625 815725.625 173.8334656 
834360.375 815725.25 173.4650421 
834360.3125 815725.25 173.8334656 
834360.5 815724.9375 173.4650421 
834360.375 815724.875 173.8334656 
834360.8125 815724.875 173.4650421 
834360.8125 815724.8125 173.8334656 
834360.9375 815725.5 180.4653473 
834361.125 815725.0625 180.4653473 
834360.5625 815725.625 180.4653473 
834360.3125 815725.25 180.4653473 
834360.375 815724.875 180.4653473 
834360.8125 815724.8125 180.4653473 
834360.875 815725.4375 181.5432892 
834360.9375 815725.125 181.5432892 
834360.625 815725.5 181.5432892 
834360.375 815725.25 181.5432892 
834360.5 815724.9375 181.5432892 
834360.8125 815724.875 181.5432892 
834360.875 815725.4375 184.3846893 
834360.9375 815725.125 184.3846893 
834360.625 815725.5 184.3846893 
834360.375 815725.25 184.3846893 
834360.5 815724.9375 184.3846893 
834360.8125 815724.875 184.3846893 
834360.875 815725.4375 187.8658295 
834360.9375 815725.125 187.8658295 
834360.625 815725.5 187.8658295 
834360.375 815725.25 187.8658295 
834360.5 815724.9375 187.8658295 
834360.8125 815724.875 187.8658295 
834360.875 815725.4375 190.7459869 
834360.9375 815725.125 190.7459869 
834360.625 815725.5 190.7459869 
834360.375 815725.25 190.7459869 
834360.5 815724.9375 190.7459869 
834360.8125 815724.875 190.7459869 
834327.9375 815714.75 3.699999571 
834327.9375 815715.625 3.699999571 
834327.9375 815715.625 20.90867615 
834327.9375 815714.75 20.90867615 
834327.625 815716.375 3.699999571 
834327.625 815716.375 20.90867615 
834327.0625 815716.9375 3.699999571 
834327.0625 815716.9375 20.90867615 
834326.25 815717.25 3.699999571 
834326.25 815717.25 20.90867615 
834325.375 815717.1875 3.699999571 
834325.375 815717.1875 20.90867615 
834324.625 815716.8125 3.70001936 
834324.625 815716.8125 20.90867615 
834324.0625 815716.1875 3.70001936 
834324.0625 815716.1875 20.90867615 
834323.9375 815715.25 3.70001936 
834323.9375 815715.25 20.90867615 
834324.0625 815714.5 3.70001936 
834324.0625 815714.5 20.90867615 
834324.5625 815713.75 3.70001936 
834324.5625 815713.75 20.90867615 
834325.25 815713.25 3.70001936 
834325.25 815713.25 20.90867615 
834326.0625 815713.1875 3.699999571 
834326.0625 815713.1875 20.90867615 
834326.9375 815713.4375 3.699999571 
834326.9375 815713.4375 20.90867615 
834327.625 815714 3.699999571 
834327.625 815714 20.90867615 
834414.1875 815748.1875 17.25 
834414.5 815751.125 17.25 
834414.5 815751.125 22.93403435 
834414.1875 815748.1875 22.93403435 
834413.9375 815754 17.25 
834413.9375 815754 22.93403435 
834412.5625 815756.5625 17.25 
834412.5625 815756.5625 22.93403435 
834410.375 815758.5625 17.25 
834410.375 815758.5625 22.93403435 
834407.75 815759.75 17.25 
834407.75 815759.75 22.93403435 
834404.8125 815760.0625 17.25 
834404.8125 815760.0625 22.93403435 
834401.9375 815759.5 17.25 
834401.9375 815759.5 22.93403435 
834399.375 815758.1875 17.25 
834399.375 815758.1875 22.93403435 
834397.375 815756 17.25 
834397.375 815756 22.93403435 
834396.1875 815753.375 17.25 
834396.1875 815753.375 22.93403435 
834395.75 815750.375 17.25 
834395.75 815750.375 22.93403435 
834396.3125 815747.5 17.25 
834396.3125 815747.5 22.93403435 
834397.75 815744.9375 17.25 
834397.75 815744.9375 22.93403435 
834399.9375 815742.9375 17.25 
834399.9375 815742.9375 22.93403435 
834402.5625 815741.75 17.25 
834402.5625 815741.75 22.93403435 
834405.5 815741.375 17.25 
834405.5 815741.375 22.93403435 
834408.3125 815741.9375 17.25 
834408.3125 815741.9375 22.93403435 
834410.9375 815743.375 17.25 
834410.9375 815743.375 22.93403435 
834412.875 815745.5 17.25 
834412.875 815745.5 22.93403435 
834363.625 815740.375 143.6629944 
834359.5 815741.5 143.6629944 
834358 815736.1875 143.6629944 
834354 815737.25 143.6629944 
834352.375 815731.9375 143.6629944 
834348.375 815733.0625 143.6629944 
834346.875 815727.6875 143.6629944 
834342.8125 815728.875 143.6629944 
834338.0625 815712.25 143.6629944 
834373.1875 815702.75 143.6629944 
834384 815740.375 143.6629944 
834365.125 815745.75 143.6629944 
834342.8125 815728.875 22.41499901 
834338.0625 815712.25 22.41499901 
834373.1875 815702.75 22.41499901 
834384 815740.375 22.41499901 
834365.125 815745.75 22.41499901 
834363.625 815740.375 22.41499901 
834359.5 815741.5 22.41499901 
834358 815736.1875 22.41499901 
834354 815737.25 22.41499901 
834352.375 815731.9375 22.41499901 
834348.375 815733.0625 22.41499901 
834346.875 815727.6875 22.41499901 
834395.6875 815750.375 23.19534111 
834396.0625 815753.375 23.19534111 
834395.625 815750.375 23.45308304 
834396 815753.375 23.45308304 
834395.4375 815750.375 23.70370102 
834395.8125 815753.4375 23.70370102 
834395.25 815750.375 23.94362831 
834395.6875 815753.4375 23.94362831 
834395.0625 815750.375 24.16930199 
834395.4375 815753.5 24.16930199 
834394.75 815750.375 24.37715721 
834395.125 815753.625 24.37715721 
834394.3125 815750.375 24.56363487 
834394.75 815753.75 24.56363487 
834396.25 815747.5 23.19534111 
834396.1875 815747.5 23.45308304 
834396.0625 815747.4375 23.70370102 
834395.9375 815747.375 23.94362831 
834395.6875 815747.25 24.16930199 
834395.375 815747.1875 24.37715721 
834394.9375 815747.0625 24.56363487 
834397.6875 815744.9375 23.19534111 
834397.625 815744.875 23.45308304 
834397.5 815744.8125 23.70370102 
834397.375 815744.75 23.94362831 
834397.1875 815744.5625 24.16930199 
834396.9375 815744.3125 24.37715721 
834396.625 815744.0625 24.56363487 
834399.8125 815742.875 23.19534111 
834399.8125 815742.8125 23.45308304 
834399.75 815742.75 23.70370102 
834399.6875 815742.5625 23.94362831 
834399.5 815742.375 24.16930199 
834399.375 815742.0625 24.37715721 
834399.125 815741.75 24.56363487 
834402.5625 815741.6875 23.19534111 
834402.5625 815741.625 23.45308304 
834402.5 815741.4375 23.70370102 
834402.375 815741.25 23.94362831 
834402.375 815741.0625 24.16930199 
834402.3125 815740.75 24.37715721 
834402.1875 815740.3125 24.56363487 
834405.5 815741.25 23.19534111 
834405.5 815741.1875 23.45308304 
834405.5 815741.125 23.70370102 
834405.5 815740.875 23.94362831 
834405.5 815740.625 24.16930199 
834405.5 815740.3125 24.37715721 
834405.5 815739.9375 24.56363487 
834408.375 815741.9375 22.93403435 
834408.375 815741.8125 23.19534111 
834408.375 815741.75 23.45308304 
834408.5 815741.6875 23.70370102 
834408.5625 815741.5 23.94362831 
834408.625 815741.25 24.16930199 
834408.75 815740.9375 24.37715721 
834408.875 815740.5625 24.56363487 
834410.9375 815743.25 23.19534111 
834411.0625 815743.1875 23.45308304 
834411.125 815743.125 23.70370102 
834411.1875 815742.9375 23.94362831 
834411.375 815742.8125 24.16930199 
834411.625 815742.5625 24.37715721 
834411.8125 815742.25 24.56363487 
834412.9375 815745.5 22.93403435 
834412.9375 815745.4375 23.19534111 
834413.0625 815745.4375 23.45308304 
834413.1875 815745.375 23.70370102 
834413.375 815745.25 23.94362831 
834413.5 815745.125 24.16930199 
834413.75 815744.9375 24.37715721 
834414.1875 815744.75 24.56363487 
834414.25 815748.1875 23.19534111 
834414.3125 815748.1875 23.45308304 
834414.5 815748.0625 23.70370102 
834414.625 815748.0625 23.94362831 
834414.875 815748 24.16930199 
834415.1875 815747.9375 24.37715721 
834415.625 815747.75 24.56363487 
834414.5625 815751.125 23.19534111 
834414.75 815751.125 23.45308304 
834414.8125 815751.125 23.70370102 
834415.0625 815751.125 23.94362831 
834415.25 815751.125 24.16930199 
834415.5 815751.125 24.37715721 
834416 815751.125 24.56363487 
834414 815754 23.19534111 
834414.1875 815754 23.45308304 
834414.25 815754.0625 23.70370102 
834414.375 815754.1875 23.94362831 
834414.625 815754.25 24.16930199 
834414.9375 815754.3125 24.37715721 
834415.375 815754.5 24.56363487 
834412.5625 815756.5625 23.19534111 
834412.625 815756.625 23.45308304 
834412.8125 815756.75 23.70370102 
834412.875 815756.8125 23.94362831 
834413.125 815756.9375 24.16930199 
834413.375 815757.1875 24.37715721 
834413.6875 815757.4375 24.56363487 
834410.375 815758.5625 23.19534111 
834410.5 815758.75 23.45308304 
834410.5625 815758.8125 23.70370102 
834410.625 815758.9375 23.94362831 
834410.8125 815759.125 24.16930199 
834410.9375 815759.375 24.37715721 
834411.1875 815759.75 24.56363487 
834407.75 815759.8125 23.19534111 
834407.75 815759.9375 23.45308304 
834407.8125 815760.0625 23.70370102 
834407.8125 815760.25 23.94362831 
834407.9375 815760.5 24.16930199 
834408 815760.8125 24.37715721 
834408.1875 815761.1875 24.56363487 
834404.8125 815760.1875 22.93403435 
834404.8125 815760.25 23.19534111 
834404.8125 815760.3125 23.45308304 
834404.8125 815760.375 23.70370102 
834404.8125 815760.625 23.94362831 
834404.8125 815760.875 24.16930199 
834404.8125 815761.1875 24.37715721 
834404.75 815761.625 24.56363487 
834401.9375 815759.625 23.19534111 
834401.8125 815759.75 23.45308304 
834401.8125 815759.8125 23.70370102 
834401.75 815760 23.94362831 
834401.6875 815760.25 24.16930199 
834401.625 815760.5625 24.37715721 
834401.4375 815760.9375 24.56363487 
834399.375 815758.25 23.19534111 
834399.25 815758.25 23.45308304 
834399.1875 815758.375 23.70370102 
834399.0625 815758.5625 23.94362831 
834398.9375 815758.75 24.16930199 
834398.75 815758.9375 24.37715721 
834398.5 815759.25 24.56363487 
834397.25 815756 23.19534111 
834397.1875 815756.0625 23.45308304 
834397.125 815756.1875 23.70370102 
834396.9375 815756.25 23.94362831 
834396.8125 815756.375 24.16930199 
834396.5 815756.5625 24.37715721 
834396.1875 815756.8125 24.56363487 
834354.1875 815738.0625 22.41461182 
834353.375 815738.3125 22.41461182 
834353.0625 815737.1875 22.41461182 
834348.5625 815733.9375 22.41461182 
834347.75 815734.1875 22.41461182 
834347.25 815732.375 22.41461182 
834351.8125 815733.0625 22.41461182 
834346.25 815728.875 22.41461182 
834343.125 815729.75 22.41461182 
834338.0625 815712.25 22.41461182 
834373.1875 815702.75 22.41461182 
834384 815740.375 22.41461182 
834364.1875 815746.0625 22.41461182 
834362.875 815741.5 22.41461182 
834359.8125 815742.375 22.41461182 
834359.0625 815742.625 22.41461182 
834358.625 815741.25 22.41461182 
834357.4375 815737.125 22.41461182 
834343.125 815729.75 17.25 
834338.0625 815712.25 17.25 
834373.1875 815702.75 17.25 
834364.1875 815746.0625 17.25 
834362.875 815741.5 17.25 
834359.0625 815742.625 17.25 
834357.4375 815737.125 17.25 
834353.375 815738.3125 17.25 
834351.8125 815733.0625 17.25 
834347.75 815734.1875 17.25 
834346.25 815728.875 17.25 
834348.375 815733.0625 151.8879852 
834343.375 815715.625 151.8879852 
834370.3125 815707.9375 151.8879852 
834378.375 815736.1875 151.8879852 
834359.5 815741.5 151.8879852 
834358 815736.1875 151.8879852 
834352.375 815731.9375 151.8879852 
834358 815736.1875 143.6629791 
834354 815737.25 143.6629791 
834352.375 815731.9375 143.6629791 
834348.375 815733.0625 143.6629791 
834343.375 815715.625 143.6629791 
834370.3125 815707.9375 143.6629791 
834378.375 815736.1875 143.6629791 
834359.5 815741.5 143.6629791 
834395.625 815768.0625 18.9999218 
834418.3125 815761.625 18.86153221 
834395.625 815768.0625 19.07047272 
834395.625 815768.0625 19.06637955 
834395.625 815768.0625 19.05973053 
834395.625 815768.0625 19.05078506 
834395.625 815768.0625 19.03988647 
834395.625 815768.0625 19.02744865 
834395.625 815768 19.01395416 
834395.625 815768 18.9999218 
834395.625 815768 18.98588753 
834395.625 815768.0625 18.97239304 
834395.625 815768.0625 18.95995712 
834395.625 815768.0625 18.94905663 
834395.625 815768.0625 18.94011116 
834420.5625 815756 18.92937088 
834395.625 815768.0625 18.92937088 
834418.3125 815761.625 18.86153221 
834395.625 815768.1875 18.93346596 
834395.625 815768.1875 18.94011116 
834395.625 815768.1875 18.94905663 
834395.625 815768.1875 18.95995712 
834395.625 815768.1875 18.97239304 
834395.625 815768.1875 18.98588753 
834395.625 815768.1875 18.9999218 
834395.625 815768.1875 19.01395416 
834395.625 815768.1875 19.02744865 
834395.625 815768.1875 19.03988647 
834395.625 815768.1875 19.05078506 
834395.625 815768.1875 19.05973053 
834395.625 815768.1875 19.06637955 
834395.625 815768.0625 19.13831139 
834395.625 815768.0625 19.14102173 
834395.625 815768.0625 19.13028336 
834395.625 815768 19.11724281 
834395.625 815768 19.09969521 
834395.625 815768 19.07831383 
834395.625 815768 19.05391884 
834395.625 815768 19.02744865 
834395.5 815768 18.9999218 
834395.625 815768 18.97239304 
834395.625 815768 18.94592476 
834395.625 815768 18.92152977 
834395.625 815768 18.90014839 
834395.625 815768 18.88260078 
834395.625 815768.0625 18.86956215 
834395.625 815768.0625 18.86153221 
834395.625 815768.0625 18.85881996 
834395.625 815768.1875 18.86153221 
834395.625 815768.1875 18.86956215 
834395.625 815768.1875 18.88260078 
834395.625 815768.25 18.90014839 
834395.625 815768.25 18.92152977 
834395.625 815768.25 18.94592476 
834395.625 815768.25 18.97239304 
834395.625 815768.25 18.9999218 
834395.625 815768.25 19.02744865 
834395.625 815768.25 19.05391884 
834395.625 815768.25 19.07831383 
834395.625 815768.25 19.09969521 
834395.625 815768.1875 19.11724281 
834418.375 815761.625 18.92798996 
834395.625 815768.1875 19.13831139 
834395.5 815768.0625 19.20083237 
834395.625 815768.0625 19.20476913 
834395.5 815768.0625 19.18917465 
834395.5 815768 19.17024612 
834395.5 815768 19.14476967 
834395.5 815767.9375 19.11372948 
834395.5 815767.9375 19.07831383 
834395.5 815767.9375 19.03988647 
834395.5 815767.9375 18.9999218 
834395.5 815767.9375 18.95995712 
834395.5 815767.9375 18.92152977 
834395.5 815767.9375 18.88611603 
834395.5 815768 18.85507202 
834395.5 815768 18.82959747 
834395.5 815768.0625 18.81066895 
834395.5 815768.0625 18.79901123 
834395.625 815768.0625 18.79507446 
834395.625 815768.1875 18.79901123 
834395.625 815768.1875 18.81066895 
834395.625 815768.25 18.82959747 
834395.625 815768.25 18.85507202 
834395.625 815768.3125 18.88611603 
834395.625 815768.3125 18.92152977 
834395.625 815768.3125 18.95995712 
834395.625 815768.3125 18.9999218 
834395.625 815768.3125 19.03988647 
834395.625 815768.3125 19.07831383 
834395.625 815768.3125 19.11372948 
834395.625 815768.25 19.14476967 
834395.625 815768.25 19.17024612 
834395.625 815768.1875 19.18917465 
834395.625 815768.1875 19.20083237 
834395.5 815768.0625 19.2556324 
834395.5 815768.1875 19.26064301 
834395.5 815768 19.24079704 
834395.5 815768 19.21670341 
834395.4375 815767.9375 19.18427849 
834395.4375 815767.9375 19.14476967 
834395.4375 815767.9375 19.09969521 
834395.4375 815767.9375 19.05078506 
834395.4375 815767.9375 18.9999218 
834395.4375 815767.9375 18.94905663 
834395.4375 815767.9375 18.90014839 
834395.4375 815767.9375 18.85507202 
834395.4375 815767.9375 18.8155632 
834395.5 815768 18.78314018 
834395.5 815768 18.75904655 
834395.5 815768.0625 18.74420929 
834395.5 815768.1875 18.73920059 
834395.5 815768.1875 18.74420929 
834395.5 815768.25 18.75904655 
834395.625 815768.25 18.78314018 
834395.625 815768.3125 18.8155632 
834395.625 815768.3125 18.85507202 
834395.625 815768.375 18.90014839 
834395.625 815768.375 18.94905663 
834395.625 815768.375 18.9999218 
834395.625 815768.375 19.05078506 
834395.625 815768.375 19.09969521 
834395.625 815768.3125 19.14476967 
834395.625 815768.3125 19.18427849 
834395.625 815768.25 19.21670341 
834395.5 815768.25 19.24079704 
834395.5 815768.1875 19.2556324 
834395.4375 815768.0625 19.30060577 
834395.4375 815768.1875 19.30649757 
834395.4375 815768 19.28316116 
834395.4375 815768 19.25482941 
834395.4375 815767.9375 19.21670341 
834395.375 815767.9375 19.17024612 
834395.375 815767.8125 19.11724281 
834395.375 815767.8125 19.05973053 
834395.375 815767.8125 18.9999218 
834395.375 815767.8125 18.94011116 
834395.375 815767.8125 18.88260078 
834395.375 815767.9375 18.82959747 
834395.4375 815767.9375 18.78314018 
834395.4375 815768 18.74501228 
834395.4375 815768 18.71668243 
834395.4375 815768.0625 18.69923592 
834395.4375 815768.1875 18.69334602 
834395.5 815768.25 18.69923592 
834395.5 815768.25 18.71668243 
834395.5 815768.3125 18.74501228 
834395.5 815768.3125 18.78314018 
834395.5 815768.375 18.82959747 
834395.5 815768.375 18.88260078 
834395.5 815768.375 18.94011116 
834395.5 815768.5 18.9999218 
834395.5 815768.375 19.05973053 
834395.5 815768.375 19.11724281 
834395.5 815768.375 19.17024612 
834395.5 815768.3125 19.21670341 
834395.5 815768.3125 19.25482941 
834395.5 815768.25 19.28316116 
834395.5 815768.25 19.30060577 
834395.375 815768.0625 19.33402634 
834395.4375 815768.1875 19.34057045 
834395.375 815768 19.31464005 
834395.375 815768 19.28316116 
834395.375 815767.9375 19.24079704 
834395.375 815767.9375 19.18917465 
834395.375 815767.8125 19.13028336 
834395.25 815767.8125 19.06637955 
834395.25 815767.8125 18.9999218 
834395.25 815767.8125 18.93346405 
834395.375 815767.8125 18.86956215 
834395.375 815767.9375 18.81066895 
834395.375 815767.9375 18.75904655 
834395.375 815768 18.71668243 
834395.375 815768 18.68520355 
834395.375 815768.0625 18.66581917 
834395.4375 815768.1875 18.65927315 
834395.4375 815768.25 18.66581917 
834395.4375 815768.3125 18.68520355 
834395.4375 815768.3125 18.71668243 
834395.4375 815768.375 18.75904655 
834395.5 815768.375 18.81066895 
834395.5 815768.5 18.86956215 
834395.5 815768.5 18.93346596 
834395.5 815768.5 19.06637955 
834395.5 815768.5 19.13028336 
834395.5 815768.375 19.18917465 
834395.4375 815768.375 19.24079704 
834395.4375 815768.3125 19.28316116 
834395.4375 815768.3125 19.31464005 
834395.4375 815768.25 19.33402634 
834395.375 815768.0625 19.35460472 
834395.375 815768.1875 19.36155319 
834395.25 815768.0625 19.33402634 
834395.25 815768 19.30060577 
834395.25 815767.9375 19.2556324 
834395.25 815767.9375 19.20083237 
834395.25 815767.8125 19.13831139 
834395.25 815767.8125 19.07047272 
834395.25 815767.8125 18.92937088 
834395.25 815767.8125 18.86153221 
834395.25 815767.9375 18.79901123 
834395.25 815767.9375 18.74420929 
834395.25 815768 18.69923592 
834395.25 815768.0625 18.66581917 
834395.375 815768.0625 18.64524078 
834395.375 815768.1875 18.63829231 
834395.375 815768.25 18.64524078 
834395.375 815768.3125 18.66581917 
834395.375 815768.375 18.69923592 
834395.4375 815768.375 18.74420929 
834395.4375 815768.5 18.79901123 
834395.4375 815768.5 18.86153221 
834395.4375 815768.5625 18.92937088 
834395.4375 815768.5625 18.9999218 
834395.4375 815768.5625 19.07047272 
834395.4375 815768.5 19.13831329 
834395.4375 815768.5 19.20083237 
834395.4375 815768.375 19.2556324 
834395.375 815768.375 19.30060577 
834395.375 815768.3125 19.33402634 
834395.375 815768.25 19.35460472 
834395.25 815768.1875 19.36155319 
834395.25 815768.25 19.36863708 
834395.1875 815768.0625 19.34057045 
834395.1875 815768 19.30649757 
834395.1875 815767.9375 19.26064301 
834395.1875 815767.9375 19.20476913 
834395.1875 815767.8125 19.14102173 
834395.1875 815767.8125 19.07185555 
834395.1875 815767.8125 18.9999218 
834395.1875 815767.8125 18.92798996 
834395.1875 815767.8125 18.85881996 
834395.1875 815767.9375 18.79507446 
834395.1875 815767.9375 18.73920059 
834395.1875 815768 18.69334602 
834395.1875 815768.0625 18.65927315 
834395.25 815768.1875 18.63829231 
834395.25 815768.25 18.63120651 
834395.25 815768.25 18.63829231 
834395.25 815768.3125 18.65927315 
834395.375 815768.375 18.69334602 
834395.375 815768.5 18.73920059 
834395.375 815768.5 18.79507446 
834395.375 815768.5625 18.85881996 
834395.375 815768.5625 18.92798996 
834395.375 815768.5625 18.9999218 
834395.375 815768.5625 19.07185555 
834395.375 815768.5625 19.14102173 
834395.375 815768.5 19.20476913 
834395.375 815768.5 19.26064301 
834395.375 815768.375 19.30649757 
834395.25 815768.3125 19.34057045 
834395.25 815768.25 19.36155319 
834395.1875 815768.1875 19.35460472 
834395.1875 815768.25 19.36155319 
834395.1875 815768.0625 19.33402634 
834395.125 815768 19.30060577 
834395.125 815768 19.2556324 
834395.125 815767.9375 19.20083237 
834395.125 815767.9375 19.13831139 
834395.125 815767.9375 19.07047272 
834395.125 815767.8125 18.9999218 
834395.125 815767.9375 18.92937088 
834395.125 815767.9375 18.86153221 
834395.125 815767.9375 18.79901123 
834395.125 815768 18.74420929 
834395.125 815768 18.69923592 
834395.1875 815768.0625 18.66581917 
834395.1875 815768.1875 18.64524078 
834395.1875 815768.25 18.63829231 
834395.1875 815768.3125 18.64524078 
834395.1875 815768.3125 18.66581917 
834395.25 815768.375 18.69923592 
834395.25 815768.5 18.74420929 
834395.25 815768.5 18.79901123 
834395.25 815768.5625 18.86153221 
834395.25 815768.5625 18.92937088 
834395.25 815768.5625 18.9999218 
834395.25 815768.5625 19.07047272 
834395.25 815768.5625 19.13831329 
834395.25 815768.5 19.20083237 
834395.25 815768.5 19.2556324 
834395.25 815768.375 19.30060577 
834395.1875 815768.3125 19.33402634 
834395.1875 815768.3125 19.35460472 
834395.125 815768.1875 19.33402634 
834395.125 815768.25 19.34057045 
834395.125 815768.0625 19.31464005 
834395.125 815768.0625 19.28316116 
834395.0625 815768 19.24079704 
834395.0625 815768 19.18917465 
834395.0625 815767.9375 19.13028336 
834395.0625 815767.9375 19.06637955 
834395.0625 815767.9375 18.9999218 
834395.0625 815767.9375 18.93346405 
834395.0625 815767.9375 18.86956215 
834395.0625 815768 18.81066895 
834395.0625 815768 18.75904655 
834395.125 815768.0625 18.71668243 
834395.125 815768.0625 18.68520355 
834395.125 815768.1875 18.66581917 
834395.125 815768.25 18.65927315 
834395.125 815768.3125 18.66581917 
834395.1875 815768.375 18.68520355 
834395.1875 815768.375 18.71668243 
834395.1875 815768.5 18.75904655 
834395.1875 815768.5 18.81066895 
834395.1875 815768.5625 18.86956215 
834395.1875 815768.5625 18.93346596 
834395.1875 815768.5625 18.9999218 
834395.1875 815768.5625 19.06637955 
834395.1875 815768.5625 19.13028336 
834395.1875 815768.5 19.18917656 
834395.1875 815768.5 19.24079704 
834395.1875 815768.375 19.28316116 
834395.1875 815768.375 19.31464005 
834395.125 815768.3125 19.33402634 
834395.0625 815768.25 19.30060577 
834395.0625 815768.25 19.30649757 
834395.0625 815768.1875 19.28316116 
834395.0625 815768.0625 19.25482941 
834395.0625 815768.0625 19.21670341 
834395.0625 815768 19.17024612 
834394.9375 815768 19.11724281 
834394.9375 815768 19.05973053 
834394.9375 815768 18.9999218 
834394.9375 815768 18.94011116 
834394.9375 815768 18.88260078 
834395.0625 815768 18.82959747 
834395.0625 815768.0625 18.78314018 
834395.0625 815768.0625 18.74501228 
834395.0625 815768.1875 18.71668243 
834395.0625 815768.25 18.69923592 
834395.0625 815768.25 18.69334602 
834395.125 815768.3125 18.69923592 
834395.125 815768.375 18.71668243 
834395.125 815768.375 18.74501228 
834395.125 815768.5 18.78314018 
834395.125 815768.5 18.82959747 
834395.125 815768.5625 18.88260078 
834395.125 815768.5625 18.94011116 
834395.125 815768.5625 18.9999218 
834395.125 815768.5625 19.05973053 
834395.125 815768.5625 19.11724281 
834395.125 815768.5 19.17024612 
834395.125 815768.5 19.21670341 
834395.125 815768.375 19.25482941 
834395.125 815768.375 19.28316116 
834395.125 815768.3125 19.30060577 
834395.0625 815768.25 19.2556324 
834395.0625 815768.25 19.26064301 
834394.9375 815768.1875 19.24079704 
834394.9375 815768.1875 19.21670341 
834394.9375 815768.0625 19.18427849 
834394.9375 815768.0625 19.14476967 
834394.9375 815768.0625 19.09969521 
834394.9375 815768 19.05078506 
834394.9375 815768 18.94905663 
834394.9375 815768.0625 18.90014839 
834394.9375 815768.0625 18.85507202 
834394.9375 815768.0625 18.8155632 
834394.9375 815768.1875 18.78314018 
834394.9375 815768.1875 18.75904655 
834395.0625 815768.25 18.74420929 
834395.0625 815768.25 18.73920059 
834395.0625 815768.3125 18.74420929 
834395.0625 815768.375 18.75904655 
834395.0625 815768.375 18.78314018 
834395.0625 815768.5 18.8155632 
834395.0625 815768.5 18.85507202 
834395.125 815768.5 18.90014839 
834395.125 815768.5625 18.94905663 
834395.125 815768.5625 19.05078506 
834395.125 815768.5 19.09969521 
834395.0625 815768.5 19.14476967 
834395.0625 815768.5 19.18427849 
834395.0625 815768.375 19.21670341 
834395.0625 815768.375 19.24079704 
834395.0625 815768.3125 19.2556324 
834394.9375 815768.25 19.20083237 
834394.9375 815768.3125 19.20476913 
834394.9375 815768.25 19.18917465 
834394.9375 815768.1875 19.17024612 
834394.9375 815768.1875 19.14476967 
834394.9375 815768.1875 19.11372948 
834394.9375 815768.0625 19.07831383 
834394.9375 815768.0625 19.03988647 
834394.875 815768.0625 18.9999218 
834394.9375 815768.0625 18.95995712 
834394.9375 815768.0625 18.92152977 
834394.9375 815768.1875 18.88611603 
834394.9375 815768.1875 18.85507202 
834394.9375 815768.1875 18.82959747 
834394.9375 815768.25 18.81066895 
834394.9375 815768.25 18.79901123 
834394.9375 815768.3125 18.79507446 
834394.9375 815768.3125 18.79901123 
834394.9375 815768.375 18.81066895 
834395.0625 815768.375 18.82959747 
834395.0625 815768.375 18.85507202 
834395.0625 815768.5 18.88611603 
834395.0625 815768.5 18.92152977 
834395.0625 815768.5 18.95995712 
834395.0625 815768.5 18.9999218 
834395.0625 815768.5 19.03988647 
834395.0625 815768.5 19.07831383 
834395.0625 815768.5 19.11372948 
834395.0625 815768.375 19.14476967 
834395.0625 815768.375 19.17024612 
834394.9375 815768.375 19.18917465 
834394.9375 815768.3125 19.20083237 
834394.9375 815768.25 19.13831139 
834394.9375 815768.3125 19.14102173 
834394.9375 815768.25 19.13028336 
834394.9375 815768.25 19.11724281 
834394.875 815768.25 19.09969521 
834394.875 815768.1875 19.07831383 
834394.875 815768.1875 19.05391884 
834394.875 815768.1875 19.02744865 
834394.875 815768.1875 18.9999218 
834394.875 815768.1875 18.97239304 
834394.875 815768.1875 18.94592476 
834394.875 815768.1875 18.92152977 
834394.875 815768.25 18.90014839 
834394.9375 815768.25 18.88260078 
834394.9375 815768.25 18.86956215 
834394.9375 815768.25 18.86153221 
834394.9375 815768.3125 18.85881996 
834422.5 815760.3125 18.97239304 
834394.9375 815768.3125 18.86956215 
834394.9375 815768.375 18.88260078 
834394.9375 815768.375 18.90014839 
834394.9375 815768.375 18.92152977 
834394.9375 815768.375 18.94592476 
834394.9375 815768.375 18.97239304 
834394.9375 815768.375 18.9999218 
834394.9375 815768.375 19.02744865 
834394.9375 815768.375 19.05391884 
834394.9375 815768.375 19.07831383 
834394.9375 815768.375 19.09969521 
834394.9375 815768.375 19.11724281 
834394.9375 815768.3125 19.13028336 
834394.9375 815768.3125 19.13831139 
834394.875 815768.3125 19.07047272 
834394.9375 815768.3125 19.07185555 
834394.875 815768.25 19.06637955 
834394.875 815768.25 19.05973053 
834394.875 815768.25 19.05078506 
834394.875 815768.25 19.03988647 
834394.875 815768.25 19.02744865 
834394.875 815768.25 19.01395416 
834394.875 815768.25 18.9999218 
834394.875 815768.25 18.98588753 
834394.875 815768.25 18.97239304 
834394.875 815768.25 18.95995712 
834394.875 815768.25 18.94905663 
834394.875 815768.25 18.94011116 
834394.875 815768.25 18.93346596 
834394.875 815768.3125 18.92937088 
834394.9375 815768.3125 18.92798996 
834394.9375 815768.3125 18.92937088 
834394.9375 815768.3125 18.93346596 
834394.9375 815768.3125 18.94011116 
834394.9375 815768.3125 18.94905663 
834394.9375 815768.375 18.95995712 
834422.5625 815760.375 18.92798996 
834394.9375 815768.375 19.01395416 
834394.9375 815768.375 19.03988647 
834394.9375 815768.3125 19.05078506 
834394.9375 815768.3125 19.05973053 
834394.9375 815768.3125 19.06637955 
834394.9375 815768.3125 19.07047272 
834394.875 815768.3125 18.9999218 
834394.3125 815763.5 18.9999218 
834422.5625 815760.375 19.07185555 
834420.5625 815755.9375 19.02744865 
834394.3125 815763.5 19.06637955 
834394.3125 815763.5 19.05973053 
834394.3125 815763.5 19.05078506 
834394.3125 815763.4375 19.03988647 
834394.3125 815763.4375 19.02744865 
834394.3125 815763.4375 19.01395416 
834394.3125 815763.4375 18.9999218 
834394.3125 815763.4375 18.98588753 
834394.3125 815763.4375 18.97239304 
834394.3125 815763.4375 18.95995712 
834394.3125 815763.5 18.94905663 
834394.3125 815763.5 18.94011116 
834394.3125 815763.5 18.93346596 
834421.125 815755.6875 18.78314018 
834421.1875 815755.6875 18.92152977 
834394.3125 815763.625 18.94011116 
834394.3125 815763.625 18.94905663 
834394.3125 815763.625 18.95995712 
834394.3125 815763.625 18.97239304 
834394.3125 815763.625 18.98588753 
834394.3125 815763.625 18.9999218 
834394.3125 815763.625 19.01395416 
834394.3125 815763.625 19.02744865 
834394.3125 815763.625 19.03988647 
834394.3125 815763.625 19.05078506 
834394.3125 815763.625 19.05973053 
834394.3125 815763.5 19.13831139 
834394.3125 815763.5 19.14102173 
834394.25 815763.5 19.13028336 
834394.25 815763.4375 19.11724281 
834394.25 815763.4375 19.09969521 
834394.25 815763.4375 19.07831383 
834394.25 815763.4375 19.05391884 
834394.25 815763.4375 19.02744865 
834394.25 815763.4375 18.9999218 
834394.25 815763.4375 18.97239304 
834394.25 815763.4375 18.94592476 
834394.25 815763.4375 18.92152977 
834394.25 815763.4375 18.90014839 
834394.25 815763.4375 18.88260078 
834394.25 815763.5 18.86956215 
834394.3125 815763.5 18.86153221 
834394.3125 815763.5 18.85881996 
834394.3125 815763.625 18.86153221 
834394.3125 815763.625 18.86956215 
834394.3125 815763.625 18.88260078 
834394.3125 815763.625 18.90014839 
834394.3125 815763.6875 18.92152977 
834394.3125 815763.6875 18.94592476 
834394.3125 815763.6875 18.97239304 
834394.3125 815763.6875 18.9999218 
834394.3125 815763.6875 19.02744865 
834394.3125 815763.6875 19.05391884 
834394.3125 815763.6875 19.07831383 
834394.3125 815763.625 19.09969521 
834394.3125 815763.625 19.11724281 
834394.3125 815763.625 19.13028336 
834394.3125 815763.625 19.13831139 
834394.25 815763.5 19.20083237 
834394.25 815763.5 19.20476913 
834394.25 815763.4375 19.18917465 
834394.25 815763.4375 19.17024612 
834394.25 815763.4375 19.14476967 
834394.25 815763.375 19.11372948 
834394.25 815763.375 19.07831383 
834394.25 815763.375 19.03988647 
834394.25 815763.375 18.9999218 
834394.25 815763.375 18.95995712 
834394.25 815763.375 18.92152977 
834394.25 815763.375 18.88611603 
834394.25 815763.4375 18.85507202 
834394.25 815763.4375 18.82959747 
834394.25 815763.4375 18.81066895 
834394.25 815763.5 18.79901123 
834394.25 815763.5 18.79507446 
834394.25 815763.625 18.79901123 
834394.3125 815763.625 18.81066895 
834394.3125 815763.6875 18.82959747 
834394.3125 815763.6875 18.85507202 
834394.3125 815763.6875 18.88611603 
834394.3125 815763.75 18.92152977 
834394.3125 815763.75 18.95995712 
834394.3125 815763.75 18.9999218 
834394.3125 815763.75 19.03988647 
834394.3125 815763.75 19.07831383 
834394.3125 815763.6875 19.11372948 
834394.3125 815763.6875 19.14476967 
834394.3125 815763.6875 19.17024612 
834394.3125 815763.625 19.18917465 
834394.25 815763.625 19.20083237 
834394.25 815763.5 19.2556324 
834394.25 815763.5 19.26064301 
834394.1875 815763.4375 19.24079704 
834394.1875 815763.4375 19.21670341 
834394.1875 815763.375 19.18427849 
834394.1875 815763.375 19.14476967 
834394.1875 815763.375 19.09969521 
834394.1875 815763.25 19.05078506 
834394.1875 815763.25 18.9999218 
834394.1875 815763.25 18.94905663 
834394.1875 815763.375 18.90014839 
834394.1875 815763.375 18.85507202 
834394.1875 815763.375 18.8155632 
834394.1875 815763.4375 18.78314018 
834394.1875 815763.4375 18.75904655 
834394.25 815763.5 18.74420929 
834394.25 815763.5 18.73920059 
834394.25 815763.625 18.74420929 
834394.25 815763.6875 18.75904655 
834394.25 815763.6875 18.78314018 
834394.25 815763.75 18.8155632 
834394.25 815763.75 18.85507202 
834394.3125 815763.75 18.90014839 
834394.3125 815763.8125 18.94905663 
834394.3125 815763.8125 18.9999218 
834394.3125 815763.8125 19.05078506 
834394.3125 815763.75 19.09969521 
834394.25 815763.75 19.14476967 
834394.25 815763.75 19.18427849 
834394.25 815763.6875 19.21670341 
834394.25 815763.6875 19.24079704 
834394.25 815763.625 19.2556324 
834394.1875 815763.5 19.30060577 
834394.1875 815763.625 19.30649757 
834394.1875 815763.4375 19.28316116 
834394.0625 815763.4375 19.25482941 
834394.0625 815763.375 19.21670341 
834394.0625 815763.375 19.17024612 
834394.0625 815763.25 19.11724281 
834394.0625 815763.25 19.05973053 
834394.0625 815763.25 18.9999218 
834394.0625 815763.25 18.94011116 
834394.0625 815763.25 18.88260078 
834394.0625 815763.375 18.82959747 
834394.0625 815763.375 18.78314018 
834394.0625 815763.4375 18.74501228 
834394.1875 815763.4375 18.71668243 
834394.1875 815763.5 18.69923592 
834394.1875 815763.625 18.69334602 
834394.1875 815763.625 18.69923592 
834394.1875 815763.6875 18.71668243 
834394.25 815763.75 18.74501228 
834394.25 815763.75 18.78314018 
834394.25 815763.8125 18.82959747 
834394.25 815763.8125 18.88260078 
834394.25 815763.8125 18.94011116 
834394.25 815763.8125 18.9999218 
834394.25 815763.8125 19.05973053 
834394.25 815763.8125 19.11724281 
834394.25 815763.8125 19.17024612 
834394.25 815763.75 19.21670341 
834394.25 815763.75 19.25482941 
834394.1875 815763.6875 19.28316116 
834394.1875 815763.625 19.30060577 
834394.0625 815763.5 19.33402634 
834394.0625 815763.625 19.34057045 
834394.0625 815763.4375 19.31464005 
834394.0625 815763.4375 19.28316116 
834394 815763.375 19.24079704 
834394 815763.25 19.18917465 
834394 815763.25 19.13028336 
834394 815763.25 19.06637955 
834394 815763.25 18.9999218 
834394 815763.25 18.93346405 
834394 815763.25 18.86956215 
834394 815763.25 18.81066895 
834394 815763.375 18.75904655 
834394.0625 815763.4375 18.71668243 
834394.0625 815763.4375 18.68520355 
834394.0625 815763.5 18.66581917 
834394.0625 815763.625 18.65927315 
834394.0625 815763.6875 18.66581917 
834394.1875 815763.6875 18.68520355 
834394.1875 815763.75 18.71668243 
834394.1875 815763.8125 18.75904655 
834394.1875 815763.8125 18.81066895 
834394.1875 815763.9375 18.86956215 
834394.1875 815763.9375 18.93346596 
834394.1875 815763.9375 18.9999218 
834394.1875 815763.9375 19.06637955 
834394.1875 815763.9375 19.13028336 
834394.1875 815763.8125 19.18917465 
834394.1875 815763.8125 19.24079704 
834394.1875 815763.75 19.28316116 
834394.1875 815763.6875 19.31464005 
834394.0625 815763.6875 19.33402634 
834394 815763.5 19.35460472 
834394 815763.625 19.36155319 
834394 815763.4375 19.33402634 
834394 815763.4375 19.30060577 
834394 815763.375 19.2556324 
834393.9375 815763.375 19.20083237 
834393.9375 815763.25 19.13831139 
834393.9375 815763.25 19.07047272 
834393.9375 815763.25 18.9999218 
834393.9375 815763.25 18.92937088 
834393.9375 815763.25 18.86153221 
834393.9375 815763.375 18.79901123 
834394 815763.375 18.74420929 
834394 815763.4375 18.69923592 
834394 815763.4375 18.66581917 
834394 815763.5 18.64524078 
834394 815763.625 18.63829231 
834394.0625 815763.6875 18.64524078 
834394.0625 815763.75 18.66581917 
834394.0625 815763.8125 18.69923592 
834394.0625 815763.8125 18.74420929 
834394.0625 815763.9375 18.79901123 
834394.1875 815763.9375 18.86153221 
834394.1875 815763.9375 18.92937088 
834394.1875 815763.9375 19.07047272 
834394.1875 815763.9375 19.13831329 
834394.0625 815763.9375 19.20083237 
834394.0625 815763.8125 19.2556324 
834394.0625 815763.8125 19.30060577 
834394.0625 815763.75 19.33402634 
834394.0625 815763.6875 19.35460472 
834393.9375 815763.625 19.36155319 
834394 815763.625 19.36863708 
834393.9375 815763.5 19.34057045 
834393.9375 815763.4375 19.30649757 
834393.9375 815763.375 19.26064301 
834393.9375 815763.375 19.20476913 
834393.8125 815763.25 19.14102173 
834393.8125 815763.25 19.07185555 
834393.8125 815763.25 18.9999218 
834393.8125 815763.25 18.92798996 
834393.8125 815763.25 18.85881996 
834393.9375 815763.375 18.79507446 
834393.9375 815763.375 18.73920059 
834393.9375 815763.4375 18.69334602 
834393.9375 815763.5 18.65927315 
834393.9375 815763.625 18.63829231 
834394 815763.625 18.63120651 
834394 815763.6875 18.63829231 
834394 815763.75 18.65927315 
834394 815763.8125 18.69334602 
834394 815763.9375 18.73920059 
834394.0625 815763.9375 18.79507446 
834394.0625 815763.9375 18.85881996 
834394.0625 815764 18.92798996 
834394.0625 815764 18.9999218 
834394.0625 815764 19.07185555 
834394.0625 815763.9375 19.14102173 
834394.0625 815763.9375 19.20476913 
834394 815763.9375 19.26064301 
834394 815763.8125 19.30649757 
834394 815763.75 19.34057045 
834394 815763.6875 19.36155319 
834393.8125 815763.625 19.35460472 
834393.9375 815763.6875 19.36155319 
834393.8125 815763.5 19.33402634 
834393.8125 815763.4375 19.30060577 
834393.8125 815763.4375 19.2556324 
834393.8125 815763.375 19.20083237 
834393.8125 815763.375 19.13831139 
834393.75 815763.25 19.07047272 
834393.75 815763.25 18.9999218 
834393.75 815763.25 18.92937088 
834393.8125 815763.375 18.86153221 
834393.8125 815763.375 18.79901123 
834393.8125 815763.4375 18.74420929 
834393.8125 815763.4375 18.69923592 
834393.8125 815763.5 18.66581917 
834393.8125 815763.625 18.64524078 
834393.9375 815763.6875 18.63829231 
834393.9375 815763.6875 18.64524078 
834393.9375 815763.75 18.66581917 
834393.9375 815763.8125 18.69923592 
834394 815763.9375 18.74420929 
834394 815763.9375 18.79901123 
834394 815764 18.86153221 
834394 815764 18.92937088 
834394 815764 18.9999218 
834394 815764 19.07047272 
834394 815764 19.13831329 
834394 815763.9375 19.20083237 
834394 815763.9375 19.2556324 
834393.9375 815763.8125 19.30060577 
834393.9375 815763.75 19.33402634 
834393.9375 815763.6875 19.35460472 
834393.8125 815763.625 19.33402634 
834393.8125 815763.6875 19.34057045 
834393.75 815763.5 19.31464005 
834393.75 815763.5 19.28316116 
834393.75 815763.4375 19.24079704 
834393.75 815763.375 19.18917465 
834393.75 815763.375 19.13028336 
834393.75 815763.375 19.06637955 
834393.75 815763.375 18.9999218 
834393.75 815763.375 18.93346405 
834393.75 815763.375 18.86956215 
834393.75 815763.375 18.81066895 
834393.75 815763.4375 18.75904655 
834393.75 815763.5 18.71668243 
834393.75 815763.5 18.68520355 
834393.8125 815763.625 18.66581917 
834393.8125 815763.6875 18.65927315 
834393.8125 815763.75 18.66581917 
834393.8125 815763.75 18.68520355 
834393.9375 815763.8125 18.71668243 
834393.9375 815763.9375 18.75904655 
834393.9375 815763.9375 18.81066895 
834393.9375 815764 18.86956215 
834393.9375 815764 18.93346596 
834393.9375 815764 18.9999218 
834393.9375 815764 19.06637955 
834393.9375 815764 19.13028336 
834393.9375 815763.9375 19.18917656 
834393.9375 815763.9375 19.24079704 
834393.9375 815763.8125 19.28316116 
834393.8125 815763.75 19.31464005 
834393.8125 815763.75 19.33402634 
834393.75 815763.625 19.30060577 
834393.75 815763.6875 19.30649757 
834393.75 815763.625 19.28316116 
834393.75 815763.5 19.25482941 
834393.6875 815763.4375 19.21670341 
834393.6875 815763.4375 19.17024612 
834393.6875 815763.4375 19.11724281 
834393.6875 815763.375 19.05973053 
834393.6875 815763.375 18.9999218 
834393.6875 815763.375 18.94011116 
834393.6875 815763.4375 18.88260078 
834393.6875 815763.4375 18.82959747 
834393.6875 815763.4375 18.78314018 
834393.75 815763.5 18.74501228 
834393.75 815763.625 18.71668243 
834393.75 815763.625 18.69923592 
834393.75 815763.6875 18.69334602 
834393.75 815763.75 18.69923592 
834393.75 815763.8125 18.71668243 
834393.8125 815763.8125 18.74501228 
834393.8125 815763.9375 18.78314018 
834393.8125 815763.9375 18.82959747 
834393.8125 815763.9375 18.88260078 
834393.8125 815764 18.94011116 
834393.8125 815764 18.9999218 
834393.8125 815764 19.05973053 
834393.8125 815763.9375 19.11724281 
834393.8125 815763.9375 19.17024612 
834393.8125 815763.9375 19.21670341 
834393.8125 815763.8125 19.25482941 
834393.75 815763.8125 19.28316116 
834393.75 815763.75 19.30060577 
834393.6875 815763.6875 19.2556324 
834393.6875 815763.6875 19.26064301 
834393.6875 815763.625 19.24079704 
834393.6875 815763.625 19.21670341 
834393.6875 815763.5 19.18427849 
834393.6875 815763.5 19.14476967 
834393.6875 815763.4375 19.09969521 
834393.6875 815763.4375 19.05078506 
834393.6875 815763.4375 18.9999218 
834393.6875 815763.4375 18.94905663 
834393.6875 815763.4375 18.90014839 
834393.6875 815763.5 18.85507202 
834393.6875 815763.5 18.8155632 
834393.6875 815763.625 18.78314018 
834393.6875 815763.625 18.75904655 
834393.6875 815763.6875 18.74420929 
834393.6875 815763.6875 18.73920059 
834393.75 815763.75 18.74420929 
834393.75 815763.75 18.75904655 
834393.75 815763.8125 18.78314018 
834393.75 815763.8125 18.8155632 
834393.75 815763.9375 18.85507202 
834393.75 815763.9375 18.90014839 
834393.75 815763.9375 18.94905663 
834393.75 815763.9375 18.9999218 
834393.75 815763.9375 19.05078506 
834393.75 815763.9375 19.09969521 
834393.75 815763.9375 19.14476967 
834393.75 815763.8125 19.18427849 
834393.75 815763.8125 19.21670341 
834393.75 815763.75 19.24079704 
834393.75 815763.75 19.2556324 
834393.6875 815763.6875 19.20083237 
834393.6875 815763.6875 19.20476913 
834393.6875 815763.625 19.18917465 
834393.625 815763.625 19.17024612 
834393.625 815763.625 19.14476967 
834393.625 815763.5 19.11372948 
834393.625 815763.5 19.07831383 
834393.625 815763.5 19.03988647 
834393.625 815763.5 18.9999218 
834393.625 815763.5 18.95995712 
834393.625 815763.5 18.92152977 
834393.625 815763.5 18.88611603 
834393.625 815763.625 18.85507202 
834393.625 815763.625 18.82959747 
834393.6875 815763.625 18.81066895 
834393.6875 815763.6875 18.79901123 
834393.6875 815763.6875 18.79507446 
834393.6875 815763.75 18.79901123 
834393.6875 815763.75 18.81066895 
834393.6875 815763.8125 18.82959747 
834393.6875 815763.8125 18.85507202 
834393.6875 815763.8125 18.88611603 
834393.75 815763.9375 18.92152977 
834393.75 815763.9375 18.95995712 
834393.75 815763.9375 19.03988647 
834393.75 815763.9375 19.07831383 
834393.6875 815763.8125 19.11372948 
834393.6875 815763.8125 19.14476967 
834393.6875 815763.8125 19.17024612 
834393.6875 815763.75 19.18917465 
834393.6875 815763.75 19.20083237 
834393.625 815763.6875 19.13831139 
834393.625 815763.75 19.14102173 
834393.625 815763.6875 19.13028336 
834393.625 815763.6875 19.11724281 
834393.625 815763.625 19.09969521 
834393.625 815763.625 19.07831383 
834393.625 815763.625 19.05391884 
834393.625 815763.625 19.02744865 
834393.625 815763.625 18.9999218 
834393.625 815763.625 18.97239304 
834393.625 815763.625 18.94592476 
834393.625 815763.625 18.92152977 
834393.625 815763.625 18.90014839 
834393.625 815763.6875 18.88260078 
834393.625 815763.6875 18.86956215 
834393.625 815763.6875 18.86153221 
834393.625 815763.75 18.85881996 
834393.6875 815763.75 18.86153221 
834393.6875 815763.75 18.86956215 
834393.6875 815763.75 18.88260078 
834393.6875 815763.8125 18.90014839 
834393.6875 815763.8125 18.92152977 
834393.6875 815763.8125 18.94592476 
834393.6875 815763.8125 18.97239304 
834393.6875 815763.8125 18.9999218 
834393.6875 815763.8125 19.02744865 
834393.6875 815763.8125 19.05391884 
834393.6875 815763.8125 19.07831383 
834393.6875 815763.8125 19.09969521 
834393.6875 815763.75 19.11724281 
834393.6875 815763.75 19.13028336 
834393.6875 815763.75 19.13831139 
834393.625 815763.6875 19.07047272 
834393.625 815763.75 19.07185555 
834393.625 815763.6875 19.06637955 
834393.625 815763.6875 19.05973053 
834393.625 815763.6875 19.05078506 
834393.625 815763.6875 19.03988647 
834393.625 815763.6875 19.02744865 
834393.625 815763.6875 19.01395416 
834393.625 815763.6875 18.9999218 
834393.625 815763.6875 18.98588753 
834393.625 815763.6875 18.97239304 
834393.625 815763.6875 18.95995712 
834393.625 815763.6875 18.94905663 
834393.625 815763.6875 18.94011116 
834393.625 815763.6875 18.93346596 
834393.625 815763.6875 18.92937088 
834393.625 815763.75 18.92798996 
834393.625 815763.75 18.92937088 
834393.625 815763.75 18.93346596 
834393.625 815763.75 18.94011116 
834393.625 815763.75 18.94905663 
834393.625 815763.75 18.95995712 
834393.625 815763.75 18.97239304 
834393.625 815763.75 18.98588753 
834393.625 815763.75 18.9999218 
834393.625 815763.75 19.01395416 
834393.625 815763.75 19.02744865 
834393.625 815763.75 19.03988647 
834393.625 815763.75 19.05078506 
834393.625 815763.75 19.05973053 
834393.625 815763.75 19.06637955 
834393.625 815763.75 19.07047272 
834421.25 815755.8125 18.9999218 
834421.25 815755.8125 18.86153221 
834421.25 815755.8125 19.07047272 
834421.25 815755.75 19.06637955 
834421.25 815755.75 19.05973053 
834421.25 815755.75 19.05078506 
834421.25 815755.75 19.03988647 
834421.25 815755.75 19.02744865 
834421.25 815755.75 19.01395416 
834421.25 815755.75 18.9999218 
834421.25 815755.75 18.98588753 
834421.25 815755.75 18.97239304 
834421.25 815755.75 18.95995712 
834421.25 815755.75 18.94905663 
834421.25 815755.75 18.94011116 
834421.25 815755.75 18.93346596 
834421.25 815755.8125 18.92937088 
834421.25 815755.8125 18.86153221 
834421.25 815755.8125 18.93346596 
834421.25 815755.8125 18.94011116 
834421.25 815755.8125 18.94905663 
834421.25 815755.9375 18.95995712 
834421.25 815755.9375 18.97239304 
834421.25 815755.9375 18.98588753 
834421.25 815755.9375 18.9999218 
834421.25 815755.9375 19.01395416 
834421.25 815755.9375 19.02744865 
834421.25 815755.9375 19.03988647 
834421.25 815755.8125 19.05078506 
834421.25 815755.8125 19.05973053 
834421.25 815755.8125 19.06637955 
834421.25 815755.8125 19.13831139 
834394.3125 815763.5 18.92798996 
834421.25 815755.75 19.13028336 
834421.25 815755.75 19.11724281 
834421.25 815755.75 19.09969521 
834421.1875 815755.6875 19.07831383 
834421.1875 815755.6875 19.05391884 
834421.1875 815755.6875 19.02744865 
834421.1875 815755.6875 18.9999218 
834421.1875 815755.6875 18.97239304 
834421.1875 815755.6875 18.94592476 
834421.1875 815755.6875 18.92152977 
834421.25 815755.75 18.90014839 
834421.25 815755.75 18.88260078 
834421.25 815755.75 18.86956215 
834394.9375 815768.375 18.97239304 
834421.25 815755.8125 18.85881996 
834421.25 815755.9375 18.86956215 
834421.25 815755.9375 18.88260078 
834421.25 815755.9375 18.90014839 
834421.25 815755.9375 18.92152977 
834421.25 815755.9375 18.94592476 
834421.25 815756 18.97239304 
834421.25 815756 18.9999218 
834421.25 815756 19.02744865 
834421.25 815755.9375 19.05391884 
834421.25 815755.9375 19.07831383 
834421.25 815755.9375 19.09969521 
834421.25 815755.9375 19.11724281 
834421.25 815755.9375 19.13028336 
834421.1875 815755.8125 19.20083237 
834421.1875 815755.8125 19.20476913 
834421.1875 815755.75 19.18917465 
834421.1875 815755.75 19.17024612 
834421.1875 815755.6875 19.14476967 
834421.1875 815755.6875 19.11372948 
834421.1875 815755.6875 19.03988647 
834421.1875 815755.6875 18.95995712 
834395.625 815768.0625 18.92798996 
834421.1875 815755.6875 18.85507202 
834421.1875 815755.75 18.82959747 
834421.1875 815755.75 18.81066895 
834421.1875 815755.8125 18.79901123 
834421.1875 815755.8125 18.79507446 
834421.25 815755.8125 18.79901123 
834421.25 815755.9375 18.81066895 
834421.25 815755.9375 18.82959747 
834421.25 815756 18.85507202 
834421.25 815756 18.88611603 
834421.25 815756 18.92152977 
834421.25 815756 18.95995712 
834421.25 815756 19.03988647 
834421.25 815756 19.07831383 
834421.25 815756 19.11372948 
834421.25 815756 19.14476967 
834421.25 815755.9375 19.17024612 
834421.25 815755.9375 19.18917465 
834421.25 815755.8125 19.20083237 
834421.1875 815755.8125 19.2556324 
834421.1875 815755.8125 19.26064301 
834421.1875 815755.75 19.24079704 
834421.125 815755.6875 19.21670341 
834421.125 815755.6875 19.18427849 
834421.125 815755.6875 19.14476967 
834421.125 815755.625 19.09969521 
834421.125 815755.625 19.05078506 
834421.125 815755.625 18.9999218 
834421.125 815755.625 18.94905663 
834421.125 815755.625 18.90014839 
834421.125 815755.6875 18.85507202 
834421.125 815755.6875 18.8155632 
834421.125 815755.6875 18.78314018 
834421.1875 815755.75 18.75904655 
834421.1875 815755.8125 18.74420929 
834421.1875 815755.8125 18.73920059 
834421.1875 815755.9375 18.74420929 
834421.1875 815755.9375 18.75904655 
834421.1875 815756 18.78314018 
834421.25 815756 18.8155632 
834421.25 815756.0625 18.85507202 
834421.25 815756.0625 18.90014839 
834421.25 815756.0625 18.94905663 
834421.25 815756.0625 18.9999218 
834421.25 815756.0625 19.05078506 
834421.25 815756.0625 19.09969521 
834421.25 815756.0625 19.14476967 
834421.25 815756 19.18427849 
834421.1875 815756 19.21670341 
834421.1875 815755.9375 19.24079704 
834421.1875 815755.9375 19.2556324 
834421.125 815755.8125 19.30060577 
834421.125 815755.8125 19.30649757 
834421.125 815755.75 19.28316116 
834421.125 815755.6875 19.25482941 
834421.0625 815755.625 19.17024612 
834421.0625 815755.625 19.11724281 
834421.0625 815755.625 19.05973053 
834421.0625 815755.625 18.9999218 
834421.0625 815755.625 18.94011116 
834421.0625 815755.625 18.88260078 
834421.0625 815755.625 18.82959747 
834421.125 815755.4375 17.25 
834421.125 815755.75 18.71668243 
834421.125 815755.8125 18.69923592 
834421.125 815755.8125 18.69334602 
834421.125 815755.9375 18.69923592 
834421.1875 815756 18.71668243 
834421.1875 815756 18.74501228 
834421.1875 815756.0625 18.78314018 
834421.1875 815756.0625 18.82959747 
834421.1875 815756.1875 18.88260078 
834421.1875 815756.1875 18.94011116 
834421.1875 815756.1875 18.9999218 
834421.1875 815756.1875 19.05973053 
834421.1875 815756.1875 19.11724281 
834421.1875 815756.0625 19.17024612 
834421.1875 815756.0625 19.21670341 
834421.1875 815756 19.25482941 
834421.1875 815756 19.28316116 
834421.125 815755.9375 19.30060577 
834421.0625 815755.8125 19.33402634 
834421.0625 815755.9375 19.34057045 
834421.0625 815755.75 19.31464005 
834421.0625 815755.6875 19.28316116 
834421.0625 815755.6875 19.24079704 
834421.0625 815755.625 19.18917465 
834420.9375 815755.625 19.13028336 
834420.9375 815755.625 19.06637955 
834420.9375 815755.5 18.9999218 
834420.9375 815755.625 18.93346405 
834420.9375 815755.625 18.86956215 
834421.0625 815755.625 18.81066895 
834421.0625 815755.6875 18.75904655 
834421.0625 815755.6875 18.71668243 
834421.0625 815755.75 18.68520355 
834421.0625 815755.8125 18.66581917 
834421.0625 815755.9375 18.65927315 
834421.125 815755.9375 18.66581917 
834421.125 815756 18.68520355 
834421.125 815756.0625 18.71668243 
834421.125 815756.0625 18.75904655 
834421.125 815756.1875 18.81066895 
834421.1875 815756.1875 18.86956215 
834421.1875 815756.25 18.93346596 
834421.1875 815756.25 18.9999218 
834421.1875 815756.25 19.06637955 
834421.1875 815756.1875 19.13028336 
834421.125 815756.1875 19.18917465 
834421.125 815756.0625 19.24079704 
834421.125 815756.0625 19.28316116 
834421.125 815756 19.31464005 
834421.125 815755.9375 19.33402634 
834420.9375 815755.8125 19.35460472 
834421.0625 815755.9375 19.36155319 
834420.9375 815755.75 19.33402634 
834420.9375 815755.6875 19.30060577 
834420.9375 815755.6875 19.2556324 
834420.9375 815755.625 19.20083237 
834420.9375 815755.625 19.13831139 
834420.875 815755.625 19.07047272 
834420.875 815755.5 18.9999218 
834420.875 815755.625 18.92937088 
834420.9375 815755.625 18.86153221 
834420.9375 815755.625 18.79901123 
834420.9375 815755.6875 18.74420929 
834420.9375 815755.6875 18.69923592 
834420.9375 815755.75 18.66581917 
834420.9375 815755.8125 18.64524078 
834421.0625 815755.9375 18.63829231 
834421.0625 815756 18.64524078 
834421.0625 815756 18.66581917 
834421.0625 815756.0625 18.69923592 
834421.125 815756.1875 18.74420929 
834421.125 815756.1875 18.79901123 
834421.125 815756.25 18.86153221 
834421.125 815756.25 18.92937088 
834421.125 815756.25 18.9999218 
834421.125 815756.25 19.07047272 
834421.125 815756.25 19.13831329 
834421.125 815756.1875 19.20083237 
834421.125 815756.1875 19.2556324 
834421.0625 815756.0625 19.30060577 
834421.0625 815756 19.33402634 
834421.0625 815756 19.35460472 
834420.9375 815755.8125 19.36155319 
834420.9375 815755.9375 19.36863708 
834420.875 815755.75 19.34057045 
834420.875 815755.75 19.30649757 
834420.875 815755.6875 19.26064301 
834420.875 815755.625 19.20476913 
834420.875 815755.625 19.14102173 
834420.875 815755.625 19.07185555 
834420.875 815755.625 18.9999218 
834420.875 815755.625 18.92798996 
834420.875 815755.625 18.85881996 
834420.875 815755.625 18.79507446 
834420.875 815755.6875 18.73920059 
834420.875 815755.75 18.69334602 
834420.875 815755.75 18.65927315 
834420.9375 815755.8125 18.63829231 
834420.9375 815755.9375 18.63120651 
834420.9375 815756 18.63829231 
834420.9375 815756.0625 18.65927315 
834420.9375 815756.0625 18.69334602 
834421.0625 815756.1875 18.73920059 
834421.0625 815756.25 18.79507446 
834421.0625 815756.25 18.85881996 
834421.0625 815756.25 18.92798996 
834421.0625 815756.25 18.9999218 
834421.0625 815756.25 19.07185555 
834421.0625 815756.25 19.14102173 
834421.0625 815756.25 19.20476913 
834421.0625 815756.1875 19.26064301 
834420.9375 815756.0625 19.30649757 
834420.9375 815756.0625 19.34057045 
834420.9375 815756 19.36155319 
834420.875 815755.8125 19.35460472 
834420.875 815755.9375 19.36155319 
834420.8125 815755.8125 19.33402634 
834420.8125 815755.75 19.30060577 
834420.8125 815755.6875 19.2556324 
834420.8125 815755.6875 19.20083237 
834420.8125 815755.625 19.13831139 
834420.8125 815755.625 19.07047272 
834420.8125 815755.625 18.9999218 
834420.8125 815755.625 18.92937088 
834420.8125 815755.625 18.86153221 
834420.8125 815755.6875 18.79901123 
834420.8125 815755.6875 18.74420929 
834420.8125 815755.75 18.69923592 
834420.8125 815755.8125 18.66581917 
834420.875 815755.8125 18.64524078 
834420.875 815755.9375 18.63829231 
834420.875 815756 18.64524078 
834420.875 815756.0625 18.66581917 
834420.9375 815756.1875 18.69923592 
834420.9375 815756.1875 18.74420929 
834420.9375 815756.25 18.79901123 
834420.9375 815756.25 18.86153221 
834420.9375 815756.3125 18.92937088 
834420.9375 815756.3125 18.9999218 
834420.9375 815756.3125 19.07047272 
834420.9375 815756.25 19.13831329 
834420.9375 815756.25 19.20083237 
834420.9375 815756.1875 19.2556324 
834420.9375 815756.1875 19.30060577 
834420.875 815756.0625 19.33402634 
834420.875 815756 19.35460472 
834420.8125 815755.9375 19.33402634 
834420.8125 815756 19.34057045 
834420.8125 815755.8125 19.31464005 
834420.75 815755.75 19.28316116 
834420.75 815755.75 19.24079704 
834420.75 815755.6875 19.18917465 
834420.75 815755.6875 19.13028336 
834420.75 815755.6875 19.06637955 
834420.75 815755.625 18.9999218 
834420.75 815755.6875 18.93346405 
834420.75 815755.6875 18.86956215 
834420.75 815755.6875 18.81066895 
834420.75 815755.75 18.75904655 
834420.75 815755.75 18.71668243 
834420.8125 815755.8125 18.68520355 
834420.8125 815755.9375 18.66581917 
834420.8125 815756 18.65927315 
834420.8125 815756 18.66581917 
834420.875 815756.0625 18.68520355 
834420.875 815756.1875 18.71668243 
834420.875 815756.1875 18.75904655 
834420.875 815756.25 18.81066895 
834420.875 815756.25 18.86956215 
834420.875 815756.3125 18.93346596 
834420.875 815756.3125 18.9999218 
834420.875 815756.3125 19.06637955 
834420.875 815756.25 19.13028336 
834420.875 815756.25 19.18917656 
834420.875 815756.1875 19.24079704 
834420.875 815756.1875 19.28316116 
834420.875 815756.0625 19.31464005 
834420.8125 815756 19.33402634 
834420.75 815755.9375 19.30060577 
834420.75 815756 19.30649757 
834420.75 815755.8125 19.28316116 
834420.75 815755.8125 19.25482941 
834420.75 815755.75 19.21670341 
834420.625 815755.75 19.17024612 
834420.625 815755.6875 19.11724281 
834420.625 815755.6875 19.05973053 
834420.625 815755.6875 18.9999218 
834420.625 815755.6875 18.94011116 
834420.625 815755.6875 18.88260078 
834420.625 815755.75 18.82959747 
834420.75 815755.75 18.78314018 
834420.75 815755.8125 18.74501228 
834420.75 815755.8125 18.71668243 
834420.75 815755.9375 18.69923592 
834420.75 815756 18.69334602 
834420.8125 815756 18.69923592 
834420.8125 815756.0625 18.71668243 
834420.8125 815756.1875 18.74501228 
834420.8125 815756.1875 18.78314018 
834420.8125 815756.25 18.82959747 
834420.8125 815756.25 18.88260078 
834420.8125 815756.25 18.94011116 
834420.8125 815756.25 18.9999218 
834420.8125 815756.25 19.05973053 
834420.8125 815756.25 19.11724281 
834420.8125 815756.25 19.17024612 
834420.8125 815756.1875 19.21670341 
834420.8125 815756.1875 19.25482941 
834420.8125 815756.0625 19.28316116 
834420.8125 815756 19.30060577 
834420.625 815755.9375 19.2556324 
834420.75 815756 19.26064301 
834420.625 815755.9375 19.24079704 
834420.625 815755.8125 19.21670341 
834420.625 815755.8125 19.18427849 
834420.625 815755.75 19.14476967 
834420.625 815755.75 19.09969521 
834420.625 815755.75 19.05078506 
834420.625 815755.75 18.9999218 
834420.625 815755.75 18.94905663 
834420.625 815755.75 18.90014839 
834420.625 815755.75 18.85507202 
834420.625 815755.8125 18.8155632 
834420.625 815755.8125 18.78314018 
834420.625 815755.9375 18.75904655 
834420.625 815755.9375 18.74420929 
834420.75 815756 18.73920059 
834420.75 815756.0625 18.74420929 
834420.75 815756.0625 18.75904655 
834420.75 815756.1875 18.78314018 
834420.75 815756.1875 18.8155632 
834420.75 815756.25 18.85507202 
834420.75 815756.25 18.90014839 
834420.8125 815756.25 18.94905663 
834420.8125 815756.25 19.05078506 
834420.75 815756.25 19.09969521 
834420.75 815756.25 19.14476967 
834420.75 815756.1875 19.18427849 
834420.75 815756.1875 19.21670341 
834420.75 815756.0625 19.24079704 
834420.75 815756.0625 19.2556324 
834420.625 815756 19.20083237 
834420.625 815756 19.20476913 
834420.625 815755.9375 19.18917465 
834420.625 815755.9375 19.17024612 
834420.625 815755.8125 19.14476967 
834420.625 815755.8125 19.11372948 
834420.5625 815755.8125 19.07831383 
834420.5625 815755.8125 19.03988647 
834420.5625 815755.8125 18.9999218 
834420.5625 815755.8125 18.95995712 
834420.5625 815755.8125 18.92152977 
834420.625 815755.8125 18.88611603 
834420.625 815755.8125 18.85507202 
834420.625 815755.9375 18.82959747 
834420.625 815755.9375 18.81066895 
834420.625 815756 18.79901123 
834420.625 815756 18.79507446 
834420.625 815756.0625 18.79901123 
834420.625 815756.0625 18.81066895 
834420.625 815756.0625 18.82959747 
834420.75 815756.1875 18.85507202 
834420.75 815756.1875 18.88611603 
834420.75 815756.1875 18.92152977 
834420.75 815756.25 18.95995712 
834420.75 815756.25 18.9999218 
834420.75 815756.25 19.03988647 
834420.75 815756.1875 19.07831383 
834420.75 815756.1875 19.11372948 
834420.75 815756.1875 19.14476967 
834420.625 815756.0625 19.17024612 
834420.625 815756.0625 19.18917465 
834420.625 815756.0625 19.20083237 
834420.625 815756 19.13831139 
834420.625 815756 19.14102173 
834420.625 815756 19.13028336 
834420.5625 815755.9375 19.11724281 
834420.5625 815755.9375 19.09969521 
834420.5625 815755.9375 19.07831383 
834420.5625 815755.9375 19.05391884 
834420.5625 815755.9375 19.02744865 
834420.5625 815755.9375 18.9999218 
834420.5625 815755.9375 18.97239304 
834420.5625 815755.9375 18.94592476 
834420.5625 815755.9375 18.92152977 
834420.5625 815755.9375 18.90014839 
834420.5625 815755.9375 18.88260078 
834420.625 815756 18.86956215 
834420.625 815756 18.86153221 
834420.625 815756 18.85881996 
834420.625 815756.0625 18.86153221 
834384 815740.375 17.25 
834347.25 815732.375 17.25 
834420.625 815756.0625 18.90014839 
834420.625 815756.1875 18.92152977 
834420.625 815756.1875 18.94592476 
834420.625 815756.1875 18.97239304 
834420.625 815756.1875 18.9999218 
834420.625 815756.1875 19.02744865 
834420.625 815756.1875 19.05391884 
834420.625 815756.1875 19.07831383 
834420.625 815756.0625 19.09969521 
834420.625 815756.0625 19.11724281 
834420.625 815756.0625 19.13028336 
834420.625 815756.0625 19.13831139 
834420.5625 815756 19.07047272 
834420.5625 815756 19.07185555 
834420.5625 815756 19.06637955 
834420.5625 815756 19.05973053 
834420.5625 815756 19.05078506 
834420.5625 815756 19.03988647 
834348.5625 815733.9375 17.25 
834420.5625 815755.9375 18.98588753 
834420.5625 815756 18.95995712 
834420.5625 815756 18.94905663 
834420.5625 815756 18.94011116 
834420.5625 815756 18.93346596 
834420.5625 815756 18.92937088 
834420.5625 815756 18.92798996 
834420.625 815756.0625 18.93346596 
834420.625 815756.0625 18.94011116 
834420.625 815756.0625 18.94905663 
834420.625 815756.0625 18.95995712 
834420.625 815756.0625 18.97239304 
834420.625 815756.0625 18.98588753 
834420.625 815756.0625 18.9999218 
834420.625 815756.0625 19.01395416 
834420.625 815756.0625 19.02744865 
834420.625 815756.0625 19.03988647 
834420.625 815756.0625 19.05078506 
834420.625 815756.0625 19.05973053 
834420.625 815756.0625 19.06637955 
834420.5625 815756 18.9999218 
834422.5625 815760.375 18.9999218 
834353.0625 815737.1875 17.25 
834358.625 815741.25 17.25 
834422.5625 815760.375 19.06637955 
834422.5625 815760.375 19.05973053 
834422.5625 815760.375 19.05078506 
834422.5625 815760.3125 19.03988647 
834422.5 815760.3125 19.02744865 
834422.5 815760.3125 19.01395416 
834422.5 815760.3125 18.9999218 
834422.5 815760.3125 18.98588753 
834422.5 815760.3125 18.97239304 
834422.5625 815760.3125 18.95995712 
834422.5625 815760.375 18.94905663 
834422.5625 815760.375 18.94011116 
834422.5625 815760.375 18.93346596 
834354.1875 815738.0625 17.25 
834359.8125 815742.375 17.25 
834422.5625 815760.5 18.94011116 
834422.5625 815760.5 18.94905663 
834422.5625 815760.5 18.95995712 
834422.5625 815760.5 18.97239304 
834422.5625 815760.5 18.98588753 
834422.5625 815760.5 18.9999218 
834422.5625 815760.5 19.01395416 
834422.5625 815760.5 19.02744865 
834422.5625 815760.5 19.03988647 
834422.5625 815760.5 19.05078506 
834422.5625 815760.5 19.05973053 
834422.5 815760.375 19.13831139 
834422.5 815760.375 19.14102173 
834422.5 815760.375 19.13028336 
834422.5 815760.3125 19.11724281 
834422.5 815760.3125 19.09969521 
834422.5 815760.3125 19.07831383 
834422.5 815760.3125 19.05391884 
834417.8125 815743.375 17.25 
834422.5 815760.3125 18.92152977 
834422.5 815760.3125 18.90014839 
834422.5 815760.3125 18.88260078 
834422.5 815760.375 18.86956215 
834422.5 815760.375 18.86153221 
834422.5 815760.375 18.85881996 
834422.5625 815760.5 18.86153221 
834422.5625 815760.5 18.86956215 
834422.5625 815760.5 18.88260078 
834422.5625 815760.5 18.90014839 
834422.5625 815760.5625 18.92152977 
834422.5625 815760.5625 18.94592476 
834422.5625 815760.5625 18.97239304 
834422.5625 815760.5625 18.9999218 
834422.5625 815760.5625 19.02744865 
834422.5625 815760.5625 19.05391884 
834422.5625 815760.5625 19.07831383 
834422.5625 815760.5 19.09969521 
834422.5625 815760.5 19.11724281 
834422.5625 815760.5 19.13028336 
834422.5625 815760.5 19.13831139 
834422.5 815760.375 19.20083237 
834422.5 815760.375 19.20476913 
834422.5 815760.3125 19.18917465 
834422.5 815760.3125 19.17024612 
834422.5 815760.3125 19.14476967 
834422.375 815760.25 19.11372948 
834422.375 815760.25 19.07831383 
834422.375 815760.25 19.03988647 
834422.375 815760.25 18.9999218 
834422.375 815760.25 18.95995712 
834422.375 815760.25 18.92152977 
834422.375 815760.25 18.88611603 
834422.5 815760.3125 18.85507202 
834422.5 815760.3125 18.82959747 
834422.5 815760.3125 18.81066895 
834422.5 815760.375 18.79901123 
834422.5 815760.375 18.79507446 
834422.5 815760.5 18.79901123 
834422.5 815760.5 18.81066895 
834422.5 815760.5625 18.82959747 
834422.5625 815760.5625 18.85507202 
834422.5625 815760.5625 18.88611603 
834422.5625 815760.625 18.92152977 
834422.5625 815760.625 18.95995712 
834422.5625 815760.625 18.9999218 
834422.5625 815760.625 19.03988647 
834422.5625 815760.625 19.07831383 
834422.5625 815760.5625 19.11372948 
834422.5625 815760.5625 19.14476967 
834422.5 815760.5625 19.17024612 
834422.5 815760.5 19.18917465 
834422.5 815760.5 19.20083237 
834422.375 815760.375 19.2556324 
834422.5 815760.5 19.26064301 
834422.375 815760.3125 19.24079704 
834422.375 815760.3125 19.21670341 
834422.375 815760.25 19.18427849 
834422.375 815760.25 19.14476967 
834422.375 815760.25 19.09969521 
834422.375 815760.1875 19.05078506 
834422.375 815760.1875 18.9999218 
834422.375 815760.1875 18.94905663 
834422.375 815760.25 18.90014839 
834422.375 815760.25 18.85507202 
834422.375 815760.25 18.8155632 
834422.375 815760.3125 18.78314018 
834422.375 815760.3125 18.75904655 
834422.375 815760.375 18.74420929 
834422.5 815760.5 18.73920059 
834422.5 815760.5 18.74420929 
834422.5 815760.5625 18.75904655 
834422.5 815760.5625 18.78314018 
834422.5 815760.625 18.8155632 
834422.5 815760.625 18.85507202 
834422.5 815760.625 18.90014839 
834422.5 815760.75 18.94905663 
834422.5 815760.75 18.9999218 
834422.5 815760.75 19.05078506 
834422.5 815760.625 19.09969521 
834422.5 815760.625 19.14476967 
834422.5 815760.625 19.18427849 
834422.5 815760.5625 19.21670341 
834422.5 815760.5625 19.24079704 
834422.5 815760.5 19.2556324 
834422.375 815760.375 19.30060577 
834422.375 815760.5 19.30649757 
834422.3125 815760.3125 19.28316116 
834422.3125 815760.3125 19.25482941 
834422.3125 815760.25 19.21670341 
834422.3125 815760.25 19.17024612 
834422.3125 815760.1875 19.11724281 
834422.3125 815760.1875 19.05973053 
834422.3125 815760.1875 18.9999218 
834422.3125 815760.1875 18.94011116 
834422.3125 815760.1875 18.88260078 
834422.3125 815760.25 18.82959747 
834422.3125 815760.25 18.78314018 
834422.3125 815760.3125 18.74501228 
834422.3125 815760.3125 18.71668243 
834422.375 815760.375 18.69923592 
834422.375 815760.5 18.69334602 
834422.375 815760.5 18.69923592 
834422.375 815760.5625 18.71668243 
834422.375 815760.625 18.74501228 
834422.5 815760.625 18.78314018 
834422.5 815760.75 18.82959747 
834422.5 815760.75 18.88260078 
834422.5 815760.75 18.94011116 
834422.5 815760.75 19.05973053 
834422.5 815760.75 19.11724281 
834422.5 815760.75 19.17024612 
834422.5 815760.625 19.21670341 
834422.375 815760.625 19.25482941 
834422.375 815760.5625 19.28316116 
834422.375 815760.5 19.30060577 
834422.3125 815760.375 19.33402634 
834422.3125 815760.5 19.34057045 
834422.3125 815760.3125 19.31464005 
834422.25 815760.3125 19.28316116 
834422.25 815760.25 19.24079704 
834422.25 815760.25 19.18917465 
834422.25 815760.1875 19.13028336 
834422.25 815760.1875 19.06637955 
834422.25 815760.1875 18.9999218 
834422.25 815760.1875 18.93346405 
834422.25 815760.1875 18.86956215 
834422.25 815760.25 18.81066895 
834422.25 815760.25 18.75904655 
834422.25 815760.3125 18.71668243 
834422.3125 815760.3125 18.68520355 
834422.3125 815760.375 18.66581917 
834422.3125 815760.5 18.65927315 
834422.3125 815760.5625 18.66581917 
834422.375 815760.5625 18.68520355 
834422.375 815760.625 18.71668243 
834422.375 815760.75 18.75904655 
834422.375 815760.75 18.81066895 
834422.375 815760.8125 18.86956215 
834422.375 815760.8125 18.93346596 
834422.375 815760.8125 18.9999218 
834422.375 815760.8125 19.06637955 
834422.375 815760.8125 19.13028336 
834422.375 815760.75 19.18917465 
834422.375 815760.75 19.24079704 
834422.375 815760.625 19.28316116 
834422.375 815760.5625 19.31464005 
834422.3125 815760.5625 19.33402634 
834422.25 815760.375 19.35460472 
834422.25 815760.5 19.36155319 
834422.25 815760.3125 19.33402634 
834422.25 815760.3125 19.30060577 
834422.1875 815760.25 19.2556324 
834422.1875 815760.25 19.20083237 
834422.1875 815760.1875 19.13831139 
834422.1875 815760.1875 19.07047272 
834422.1875 815760.1875 18.9999218 
834422.1875 815760.1875 18.92937088 
834422.1875 815760.1875 18.86153221 
834422.1875 815760.25 18.79901123 
834422.1875 815760.25 18.74420929 
834422.25 815760.3125 18.69923592 
834422.25 815760.3125 18.66581917 
834422.25 815760.375 18.64524078 
834422.25 815760.5 18.63829231 
834422.25 815760.5625 18.64524078 
834422.3125 815760.625 18.66581917 
834422.3125 815760.75 18.69923592 
834422.3125 815760.75 18.74420929 
834422.3125 815760.8125 18.79901123 
834422.3125 815760.8125 18.86153221 
834422.3125 815760.8125 18.92937088 
834422.3125 815760.875 18.9999218 
834422.3125 815760.8125 19.07047272 
834422.3125 815760.8125 19.13831329 
834422.3125 815760.8125 19.20083237 
834422.3125 815760.75 19.2556324 
834422.3125 815760.75 19.30060577 
834422.3125 815760.625 19.33402634 
834422.25 815760.5625 19.35460472 
834422.1875 815760.5 19.36155319 
834422.1875 815760.5 19.36863708 
834422.1875 815760.375 19.34057045 
834422.1875 815760.3125 19.30649757 
834422.0625 815760.25 19.26064301 
834422.0625 815760.25 19.20476913 
834422.0625 815760.1875 19.14102173 
834422.0625 815760.1875 19.07185555 
834422.0625 815760.1875 18.9999218 
834422.0625 815760.1875 18.92798996 
834422.0625 815760.1875 18.85881996 
834422.0625 815760.25 18.79507446 
834422.0625 815760.25 18.73920059 
834422.1875 815760.3125 18.69334602 
834422.1875 815760.375 18.65927315 
834422.1875 815760.5 18.63829231 
834422.1875 815760.5 18.63120651 
834422.25 815760.5625 18.63829231 
834422.25 815760.625 18.65927315 
834422.25 815760.75 18.69334602 
834422.25 815760.8125 18.73920059 
834422.25 815760.8125 18.79507446 
834422.3125 815760.875 18.85881996 
834422.3125 815760.875 18.92798996 
834422.3125 815760.875 19.07185555 
834422.3125 815760.875 19.14102173 
834422.25 815760.8125 19.20476913 
834422.25 815760.8125 19.26064301 
834422.25 815760.75 19.30649757 
834422.25 815760.625 19.34057045 
834422.25 815760.5625 19.36155319 
834422.0625 815760.5 19.35460472 
834422.1875 815760.5625 19.36155319 
834422.0625 815760.375 19.33402634 
834422.0625 815760.3125 19.30060577 
834422.0625 815760.3125 19.2556324 
834422 815760.25 19.20083237 
834422 815760.25 19.13831139 
834422 815760.1875 19.07047272 
834422 815760.1875 18.9999218 
834422 815760.1875 18.92937088 
834422 815760.25 18.86153221 
834422 815760.25 18.79901123 
834422.0625 815760.3125 18.74420929 
834422.0625 815760.3125 18.69923592 
834422.0625 815760.375 18.66581917 
834422.0625 815760.5 18.64524078 
834422.1875 815760.5625 18.63829231 
834422.1875 815760.625 18.64524078 
834422.1875 815760.625 18.66581917 
834422.1875 815760.75 18.69923592 
834422.1875 815760.8125 18.74420929 
834422.25 815760.8125 18.79901123 
834422.25 815760.875 18.86153221 
834422.25 815760.875 18.92937088 
834422.25 815760.875 18.9999218 
834422.25 815760.875 19.07047272 
834422.25 815760.875 19.13831329 
834422.25 815760.8125 19.20083237 
834422.1875 815760.8125 19.2556324 
834422.1875 815760.75 19.30060577 
834422.1875 815760.625 19.33402634 
834422.1875 815760.625 19.35460472 
834422 815760.5 19.33402634 
834422.0625 815760.5625 19.34057045 
834422 815760.375 19.31464005 
834422 815760.375 19.28316116 
834422 815760.3125 19.24079704 
834422 815760.25 19.18917465 
834422 815760.25 19.13028336 
834422 815760.25 19.06637955 
834422 815760.25 18.9999218 
834422 815760.25 18.93346405 
834422 815760.25 18.86956215 
834422 815760.25 18.81066895 
834422 815760.3125 18.75904655 
834422 815760.375 18.71668243 
834422 815760.375 18.68520355 
834422 815760.5 18.66581917 
834422.0625 815760.5625 18.65927315 
834422.0625 815760.625 18.66581917 
834422.0625 815760.625 18.68520355 
834422.0625 815760.75 18.71668243 
834422.1875 815760.8125 18.75904655 
834422.1875 815760.8125 18.81066895 
834422.1875 815760.875 18.86956215 
834422.1875 815760.875 18.93346596 
834422.1875 815760.875 18.9999218 
834422.1875 815760.875 19.06637955 
834422.1875 815760.875 19.13028336 
834422.1875 815760.8125 19.18917656 
834422.1875 815760.8125 19.24079704 
834422.0625 815760.75 19.28316116 
834422.0625 815760.625 19.31464005 
834422.0625 815760.625 19.33402634 
834422 815760.5 19.30060577 
834422 815760.5625 19.30649757 
834422 815760.5 19.28316116 
834421.9375 815760.375 19.25482941 
834421.9375 815760.375 19.21670341 
834421.9375 815760.3125 19.17024612 
834421.9375 815760.3125 19.11724281 
834421.9375 815760.25 19.05973053 
834421.9375 815760.25 18.9999218 
834421.9375 815760.25 18.94011116 
834421.9375 815760.3125 18.88260078 
834421.9375 815760.3125 18.82959747 
834421.9375 815760.375 18.78314018 
834421.9375 815760.375 18.74501228 
834422 815760.5 18.71668243 
834422 815760.5 18.69923592 
834422 815760.5625 18.69334602 
834422 815760.625 18.69923592 
834422 815760.75 18.71668243 
834422 815760.75 18.74501228 
834422.0625 815760.8125 18.78314018 
834422.0625 815760.8125 18.82959747 
834422.0625 815760.875 18.88260078 
834422.0625 815760.875 18.94011116 
834422.0625 815760.875 18.9999218 
834422.0625 815760.875 19.05973053 
834422.0625 815760.875 19.11724281 
834422.0625 815760.8125 19.17024612 
834422.0625 815760.8125 19.21670341 
834422 815760.75 19.25482941 
834422 815760.75 19.28316116 
834422 815760.625 19.30060577 
834421.9375 815760.5625 19.2556324 
834421.9375 815760.5625 19.26064301 
834421.9375 815760.5 19.24079704 
834421.9375 815760.5 19.21670341 
834421.9375 815760.375 19.18427849 
834421.8125 815760.375 19.14476967 
834421.8125 815760.3125 19.09969521 
834421.8125 815760.3125 19.05078506 
834421.8125 815760.3125 18.9999218 
834421.8125 815760.3125 18.94905663 
834421.8125 815760.3125 18.90014839 
834421.8125 815760.375 18.85507202 
834421.9375 815760.375 18.8155632 
834421.9375 815760.5 18.78314018 
834421.9375 815760.5 18.75904655 
834421.9375 815760.5625 18.74420929 
834421.9375 815760.5625 18.73920059 
834421.9375 815760.625 18.74420929 
834422 815760.75 18.75904655 
834422 815760.75 18.78314018 
834422 815760.8125 18.8155632 
834422 815760.8125 18.85507202 
834422 815760.8125 18.90014839 
834422 815760.8125 18.94905663 
834422 815760.8125 18.9999218 
834422 815760.8125 19.05078506 
834422 815760.8125 19.09969521 
834422 815760.8125 19.14476967 
834422 815760.8125 19.18427849 
834422 815760.75 19.21670341 
834422 815760.75 19.24079704 
834421.9375 815760.625 19.2556324 
834421.9375 815760.5625 19.20083237 
834421.9375 815760.5625 19.20476913 
834421.8125 815760.5625 19.18917465 
834421.8125 815760.5 19.17024612 
834421.8125 815760.5 19.14476967 
834421.8125 815760.375 19.11372948 
834421.8125 815760.375 19.07831383 
834421.8125 815760.375 19.03988647 
834421.8125 815760.375 18.9999218 
834421.8125 815760.375 18.95995712 
834421.8125 815760.375 18.92152977 
834421.8125 815760.375 18.88611603 
834421.8125 815760.5 18.85507202 
834421.8125 815760.5 18.82959747 
834421.8125 815760.5625 18.81066895 
834421.9375 815760.5625 18.79901123 
834421.9375 815760.5625 18.79507446 
834421.9375 815760.625 18.79901123 
834421.9375 815760.625 18.81066895 
834421.9375 815760.75 18.82959747 
834421.9375 815760.75 18.85507202 
834421.9375 815760.8125 18.88611603 
834421.9375 815760.8125 18.92152977 
834421.9375 815760.8125 18.95995712 
834421.9375 815760.8125 18.9999218 
834421.9375 815760.8125 19.03988647 
834421.9375 815760.8125 19.07831383 
834421.9375 815760.8125 19.11372948 
834421.9375 815760.75 19.14476967 
834421.9375 815760.75 19.17024612 
834421.9375 815760.625 19.18917465 
834421.9375 815760.625 19.20083237 
834421.8125 815760.5625 19.13831139 
834421.8125 815760.625 19.14102173 
834421.8125 815760.5625 19.13028336 
834421.8125 815760.5625 19.11724281 
834421.8125 815760.5 19.09969521 
834421.8125 815760.5 19.07831383 
834421.8125 815760.5 19.05391884 
834421.8125 815760.5 19.02744865 
834421.8125 815760.5 18.9999218 
834421.8125 815760.5 18.97239304 
834421.8125 815760.5 18.94592476 
834421.8125 815760.5 18.92152977 
834421.8125 815760.5 18.90014839 
834421.8125 815760.5625 18.88260078 
834421.8125 815760.5625 18.86956215 
834421.8125 815760.5625 18.86153221 
834421.8125 815760.625 18.85881996 
834421.8125 815760.625 18.86153221 
834421.8125 815760.625 18.86956215 
834421.9375 815760.75 18.88260078 
834421.9375 815760.75 18.90014839 
834421.9375 815760.75 18.92152977 
834421.9375 815760.75 18.94592476 
834421.9375 815760.75 18.97239304 
834421.9375 815760.75 18.9999218 
834421.9375 815760.75 19.02744865 
834421.9375 815760.75 19.05391884 
834421.9375 815760.75 19.07831383 
834421.9375 815760.75 19.09969521 
834421.9375 815760.75 19.11724281 
834421.8125 815760.625 19.13028336 
834421.8125 815760.625 19.13831139 
834421.8125 815760.5625 19.07047272 
834421.8125 815760.625 19.07185555 
834421.8125 815760.5625 19.06637955 
834421.8125 815760.5625 19.05973053 
834421.8125 815760.5625 19.05078506 
834421.8125 815760.5625 19.03988647 
834421.8125 815760.5625 19.02744865 
834421.8125 815760.5625 19.01395416 
834421.8125 815760.5625 18.9999218 
834421.8125 815760.5625 18.98588753 
834421.8125 815760.5625 18.97239304 
834421.8125 815760.5625 18.95995712 
834421.8125 815760.5625 18.94905663 
834421.8125 815760.5625 18.94011116 
834421.8125 815760.5625 18.93346596 
834421.8125 815760.5625 18.92937088 
834421.8125 815760.625 18.92798996 
834387.1875 815740.8125 17.25 
834418.375 815761.625 19.07047272 
834421.8125 815760.625 18.94011116 
834421.8125 815760.625 18.94905663 
834421.8125 815760.625 18.95995712 
834421.8125 815760.625 18.97239304 
834421.8125 815760.625 18.98588753 
834421.8125 815760.75 18.9999218 
834421.8125 815760.625 19.01395416 
834421.8125 815760.625 19.02744865 
834421.8125 815760.625 19.03988647 
834421.8125 815760.625 19.05078506 
834421.8125 815760.625 19.05973053 
834421.8125 815760.625 19.06637955 
834418.375 815761.625 18.92937088 
834421.8125 815760.625 18.9999218 
834399.8125 815766.875 18.9999218 
834399.8125 815766.875 19.07185555 
834399.8125 815766.875 19.07047272 
834399.8125 815766.875 19.06637955 
834399.75 815766.875 19.05973053 
834399.75 815766.875 19.05078506 
834399.75 815766.875 19.03988647 
834399.75 815766.875 19.02744865 
834399.75 815766.8125 19.01395416 
834399.75 815766.8125 18.9999218 
834399.75 815766.8125 18.98588753 
834399.75 815766.875 18.97239304 
834399.75 815766.875 18.95995712 
834399.75 815766.875 18.94905663 
834399.75 815766.875 18.94011116 
834399.8125 815766.875 18.93346596 
834399.8125 815766.875 18.92937088 
834399.8125 815766.875 18.92798996 
834399.8125 815766.9375 18.92937088 
834399.8125 815766.9375 18.93346596 
834399.8125 815766.9375 18.94011116 
834399.8125 815766.9375 18.94905663 
834399.8125 815766.9375 18.95995712 
834399.8125 815766.9375 18.97239304 
834399.8125 815766.9375 18.98588753 
834399.8125 815766.9375 18.9999218 
834399.8125 815766.9375 19.01395416 
834399.8125 815766.9375 19.02744865 
834399.8125 815766.9375 19.03988647 
834399.8125 815766.9375 19.05078506 
834399.8125 815766.9375 19.05973053 
834399.8125 815766.9375 19.06637955 
834399.8125 815766.9375 19.07047272 
834399.75 815766.875 19.13831139 
834399.75 815766.875 19.14102173 
834399.75 815766.875 19.13028336 
834399.75 815766.8125 19.11724281 
834399.75 815766.8125 19.09969521 
834399.75 815766.8125 19.07831383 
834399.75 815766.8125 19.05391884 
834399.75 815766.8125 19.02744865 
834399.75 815766.8125 18.97239304 
834399.75 815766.8125 18.94592476 
834399.75 815766.8125 18.92152977 
834399.75 815766.8125 18.90014839 
834399.75 815766.8125 18.88260078 
834399.75 815766.875 18.86956215 
834399.75 815766.875 18.86153221 
834399.75 815766.875 18.85881996 
834399.75 815766.9375 18.86153221 
834399.8125 815766.9375 18.86956215 
834399.8125 815766.9375 18.88260078 
834399.8125 815767.0625 18.90014839 
834399.8125 815767.0625 18.92152977 
834399.8125 815767.0625 18.94592476 
834399.8125 815767.0625 18.97239304 
834399.8125 815767.0625 18.9999218 
834399.8125 815767.0625 19.02744865 
834399.8125 815767.0625 19.05391884 
834399.8125 815767.0625 19.07831383 
834399.8125 815767.0625 19.09969521 
834399.8125 815766.9375 19.11724281 
834399.8125 815766.9375 19.13028336 
834399.75 815766.9375 19.13831139 
834399.75 815766.875 19.20083237 
834399.75 815766.9375 19.20476913 
834399.75 815766.875 19.18917465 
834399.75 815766.8125 19.17024612 
834399.6875 815766.8125 19.14476967 
834399.6875 815766.75 19.11372948 
834399.6875 815766.75 19.07831383 
834399.6875 815766.75 19.03988647 
834399.6875 815766.75 18.9999218 
834399.6875 815766.75 18.95995712 
834399.6875 815766.75 18.92152977 
834399.6875 815766.75 18.88611603 
834399.6875 815766.8125 18.85507202 
834399.75 815766.8125 18.82959747 
834399.75 815766.875 18.81066895 
834399.75 815766.875 18.79901123 
834399.75 815766.9375 18.79507446 
834399.75 815766.9375 18.79901123 
834399.75 815766.9375 18.81066895 
834399.75 815767.0625 18.82959747 
834399.75 815767.0625 18.85507202 
834399.8125 815767.125 18.88611603 
834399.8125 815767.125 18.92152977 
834399.8125 815767.125 18.95995712 
834399.8125 815767.125 18.9999218 
834399.8125 815767.125 19.03988647 
834399.8125 815767.125 19.07831383 
834399.8125 815767.125 19.11372948 
834399.75 815767.0625 19.14476967 
834399.75 815767.0625 19.17024612 
834399.75 815766.9375 19.18917465 
834399.75 815766.9375 19.20083237 
834399.6875 815766.875 19.2556324 
834399.6875 815766.9375 19.26064301 
834399.6875 815766.8125 19.24079704 
834399.6875 815766.8125 19.21670341 
834399.6875 815766.75 19.18427849 
834399.6875 815766.75 19.14476967 
834399.6875 815766.75 19.09969521 
834399.6875 815766.75 19.05078506 
834399.6875 815766.75 18.94905663 
834399.6875 815766.75 18.90014839 
834399.6875 815766.75 18.85507202 
834399.6875 815766.75 18.8155632 
834399.6875 815766.8125 18.78314018 
834399.6875 815766.8125 18.75904655 
834399.6875 815766.875 18.74420929 
834399.6875 815766.9375 18.73920059 
834399.75 815766.9375 18.74420929 
834399.75 815767.0625 18.75904655 
834399.75 815767.0625 18.78314018 
834399.75 815767.125 18.8155632 
834399.75 815767.125 18.85507202 
834399.75 815767.1875 18.90014839 
834399.75 815767.1875 18.94905663 
834399.75 815767.1875 18.9999218 
834399.75 815767.1875 19.05078506 
834399.75 815767.1875 19.09969521 
834399.75 815767.125 19.14476967 
834399.75 815767.125 19.18427849 
834399.75 815767.0625 19.21670341 
834399.75 815767.0625 19.24079704 
834399.75 815766.9375 19.2556324 
834399.6875 815766.875 19.30060577 
834399.6875 815766.9375 19.30649757 
834399.625 815766.8125 19.28316116 
834399.625 815766.8125 19.25482941 
834399.625 815766.75 19.21670341 
834399.625 815766.75 19.17024612 
834399.625 815766.625 19.11724281 
834399.625 815766.625 19.05973053 
834399.625 815766.625 18.9999218 
834399.625 815766.625 18.94011116 
834399.625 815766.625 18.88260078 
834399.625 815766.75 18.82959747 
834399.625 815766.75 18.78314018 
834399.625 815766.8125 18.74501228 
834399.625 815766.8125 18.71668243 
834399.6875 815766.875 18.69923592 
834399.6875 815766.9375 18.69334602 
834399.6875 815767.0625 18.69923592 
834399.6875 815767.0625 18.71668243 
834399.6875 815767.125 18.74501228 
834399.6875 815767.125 18.78314018 
834399.75 815767.1875 18.82959747 
834399.75 815767.1875 18.88260078 
834399.75 815767.1875 18.94011116 
834399.75 815767.25 18.9999218 
834399.75 815767.1875 19.05973053 
834399.75 815767.1875 19.11724281 
834399.75 815767.1875 19.17024612 
834399.6875 815767.125 19.21670341 
834399.6875 815767.125 19.25482941 
834399.6875 815767.0625 19.28316116 
834399.6875 815767.0625 19.30060577 
834399.625 815766.875 19.33402634 
834399.625 815766.9375 19.34057045 
834399.625 815766.875 19.31464005 
834399.5 815766.8125 19.28316116 
834399.5 815766.75 19.24079704 
834399.5 815766.75 19.18917465 
834399.5 815766.625 19.13028336 
834399.5 815766.625 19.06637955 
834399.5 815766.625 18.9999218 
834399.5 815766.625 18.93346405 
834399.5 815766.625 18.86956215 
834399.5 815766.75 18.81066895 
834399.5 815766.75 18.75904655 
834399.5 815766.8125 18.71668243 
834399.625 815766.875 18.68520355 
834399.625 815766.875 18.66581917 
834399.625 815766.9375 18.65927315 
834399.625 815767.0625 18.66581917 
834399.625 815767.125 18.68520355 
834399.6875 815767.125 18.71668243 
834399.6875 815767.1875 18.75904655 
834399.6875 815767.1875 18.81066895 
834399.6875 815767.25 18.86956215 
834399.6875 815767.25 18.93346596 
834399.6875 815767.25 18.9999218 
834399.6875 815767.25 19.06637955 
834399.6875 815767.25 19.13028336 
834399.6875 815767.1875 19.18917465 
834399.6875 815767.1875 19.24079704 
834399.6875 815767.125 19.28316116 
834399.625 815767.125 19.31464005 
834399.625 815767.0625 19.33402634 
834399.5 815766.875 19.35460472 
834399.5 815766.9375 19.36155319 
834399.5 815766.875 19.33402634 
834399.4375 815766.8125 19.30060577 
834399.4375 815766.75 19.2556324 
834399.4375 815766.75 19.20083237 
834399.4375 815766.625 19.13831139 
834399.4375 815766.625 19.07047272 
834399.4375 815766.625 18.9999218 
834399.4375 815766.625 18.92937088 
834399.4375 815766.625 18.86153221 
834399.4375 815766.75 18.79901123 
834399.4375 815766.75 18.74420929 
834399.4375 815766.8125 18.69923592 
834399.5 815766.875 18.66581917 
834399.5 815766.875 18.64524078 
834399.5 815766.9375 18.63829231 
834399.5 815767.0625 18.64524078 
834399.625 815767.125 18.66581917 
834399.625 815767.1875 18.69923592 
834399.625 815767.1875 18.74420929 
834399.625 815767.25 18.79901123 
834399.625 815767.25 18.86153221 
834399.625 815767.375 18.92937088 
834399.625 815767.375 18.9999218 
834399.625 815767.375 19.07047272 
834399.625 815767.25 19.13831329 
834399.625 815767.25 19.20083237 
834399.625 815767.1875 19.2556324 
834399.625 815767.1875 19.30060577 
834399.625 815767.125 19.33402634 
834399.5 815767.0625 19.35460472 
834399.4375 815766.9375 19.36155319 
834399.4375 815767.0625 19.36863708 
834399.4375 815766.875 19.34057045 
834399.4375 815766.8125 19.30649757 
834399.375 815766.75 19.26064301 
834399.375 815766.75 19.20476913 
834399.375 815766.625 19.14102173 
834399.375 815766.625 19.07185555 
834399.375 815766.625 18.9999218 
834399.375 815766.625 18.92798996 
834399.375 815766.625 18.85881996 
834399.375 815766.75 18.79507446 
834399.375 815766.75 18.73920059 
834399.4375 815766.8125 18.69334602 
834399.4375 815766.875 18.65927315 
834399.4375 815766.9375 18.63829231 
834399.4375 815767.0625 18.63120651 
834399.5 815767.0625 18.63829231 
834399.5 815767.125 18.65927315 
834399.5 815767.1875 18.69334602 
834399.5 815767.25 18.73920059 
834399.5 815767.25 18.79507446 
834399.5 815767.375 18.85881996 
834399.625 815767.375 18.92798996 
834399.625 815767.375 19.07185555 
834399.5 815767.375 19.14102173 
834399.5 815767.25 19.20476913 
834399.5 815767.25 19.26064301 
834399.5 815767.1875 19.30649757 
834399.5 815767.125 19.34057045 
834399.5 815767.0625 19.36155319 
834399.375 815766.9375 19.35460472 
834399.375 815767.0625 19.36155319 
834399.375 815766.875 19.33402634 
834399.375 815766.8125 19.30060577 
834399.375 815766.8125 19.2556324 
834399.25 815766.75 19.20083237 
834399.25 815766.75 19.13831139 
834399.25 815766.75 19.07047272 
834399.25 815766.625 18.9999218 
834399.25 815766.75 18.92937088 
834399.25 815766.75 18.86153221 
834399.25 815766.75 18.79901123 
834399.375 815766.8125 18.74420929 
834399.375 815766.8125 18.69923592 
834399.375 815766.875 18.66581917 
834399.375 815766.9375 18.64524078 
834399.375 815767.0625 18.63829231 
834399.4375 815767.125 18.64524078 
834399.4375 815767.125 18.66581917 
834399.4375 815767.1875 18.69923592 
834399.4375 815767.25 18.74420929 
834399.4375 815767.25 18.79901123 
834399.5 815767.375 18.86153221 
834399.5 815767.375 18.92937088 
834399.5 815767.375 18.9999218 
834399.5 815767.375 19.07047272 
834399.5 815767.375 19.13831329 
834399.4375 815767.25 19.20083237 
834399.4375 815767.25 19.2556324 
834399.4375 815767.1875 19.30060577 
834399.4375 815767.125 19.33402634 
834399.4375 815767.125 19.35460472 
834399.25 815766.9375 19.33402634 
834399.375 815767.0625 19.34057045 
834399.25 815766.875 19.31464005 
834399.25 815766.875 19.28316116 
834399.25 815766.8125 19.24079704 
834399.25 815766.8125 19.18917465 
834399.25 815766.75 19.13028336 
834399.1875 815766.75 19.06637955 
834399.1875 815766.75 18.9999218 
834399.1875 815766.75 18.93346405 
834399.25 815766.75 18.86956215 
834399.25 815766.8125 18.81066895 
834399.25 815766.8125 18.75904655 
834399.25 815766.875 18.71668243 
834399.25 815766.875 18.68520355 
834399.25 815766.9375 18.66581917 
834399.375 815767.0625 18.65927315 
834399.375 815767.125 18.66581917 
834399.375 815767.1875 18.68520355 
834399.375 815767.1875 18.71668243 
834399.375 815767.25 18.75904655 
834399.4375 815767.25 18.81066895 
834399.4375 815767.375 18.86956215 
834399.4375 815767.375 18.93346596 
834399.4375 815767.375 18.9999218 
834399.4375 815767.375 19.06637955 
834399.4375 815767.375 19.13028336 
834399.4375 815767.25 19.18917656 
834399.375 815767.25 19.24079704 
834399.375 815767.1875 19.28316116 
834399.375 815767.1875 19.31464005 
834399.375 815767.125 19.33402634 
834399.25 815767.0625 19.30060577 
834399.25 815767.0625 19.30649757 
834399.1875 815766.9375 19.28316116 
834399.1875 815766.875 19.25482941 
834399.1875 815766.875 19.21670341 
834399.1875 815766.8125 19.17024612 
834399.1875 815766.8125 19.11724281 
834399.1875 815766.8125 19.05973053 
834399.1875 815766.8125 18.9999218 
834399.1875 815766.8125 18.94011116 
834399.1875 815766.8125 18.88260078 
834399.1875 815766.8125 18.82959747 
834399.1875 815766.875 18.78314018 
834399.1875 815766.875 18.74501228 
834399.1875 815766.9375 18.71668243 
834399.25 815767.0625 18.69923592 
834399.25 815767.0625 18.69334602 
834399.25 815767.125 18.69923592 
834399.25 815767.1875 18.71668243 
834399.25 815767.1875 18.74501228 
834399.375 815767.25 18.78314018 
834399.375 815767.25 18.82959747 
834399.375 815767.375 18.88260078 
834399.375 815767.375 18.94011116 
834399.375 815767.375 18.9999218 
834399.375 815767.375 19.05973053 
834399.375 815767.375 19.11724281 
834399.375 815767.25 19.17024612 
834399.375 815767.25 19.21670341 
834399.25 815767.1875 19.25482941 
834399.25 815767.1875 19.28316116 
834399.25 815767.125 19.30060577 
834399.1875 815767.0625 19.2556324 
834399.1875 815767.0625 19.26064301 
834399.1875 815766.9375 19.24079704 
834399.1875 815766.9375 19.21670341 
834399.1875 815766.875 19.18427849 
834399.125 815766.875 19.14476967 
834399.125 815766.875 19.09969521 
834399.125 815766.8125 19.05078506 
834399.125 815766.8125 18.9999218 
834399.125 815766.8125 18.94905663 
834399.125 815766.875 18.90014839 
834399.125 815766.875 18.85507202 
834399.1875 815766.875 18.8155632 
834399.1875 815766.9375 18.78314018 
834399.1875 815766.9375 18.75904655 
834399.1875 815767.0625 18.74420929 
834399.1875 815767.0625 18.73920059 
834399.1875 815767.125 18.74420929 
834399.1875 815767.1875 18.75904655 
834399.25 815767.1875 18.78314018 
834399.25 815767.25 18.8155632 
834399.25 815767.25 18.85507202 
834399.25 815767.25 18.90014839 
834399.25 815767.375 18.94905663 
834399.25 815767.375 18.9999218 
834399.25 815767.375 19.05078506 
834399.25 815767.25 19.09969521 
834399.25 815767.25 19.14476967 
834399.25 815767.25 19.18427849 
834399.25 815767.1875 19.21670341 
834399.1875 815767.1875 19.24079704 
834399.1875 815767.125 19.2556324 
834399.125 815767.0625 19.20083237 
834399.1875 815767.125 19.20476913 
834399.125 815767.0625 19.18917465 
834399.125 815766.9375 19.17024612 
834399.125 815766.9375 19.14476967 
834399.125 815766.9375 19.11372948 
834399.125 815766.875 19.07831383 
834399.125 815766.875 19.03988647 
834399.125 815766.875 18.9999218 
834399.125 815766.875 18.95995712 
834399.125 815766.875 18.92152977 
834399.125 815766.9375 18.88611603 
834399.125 815766.9375 18.85507202 
834399.125 815766.9375 18.82959747 
834399.125 815767.0625 18.81066895 
834399.125 815767.0625 18.79901123 
834399.1875 815767.125 18.79507446 
834399.1875 815767.125 18.79901123 
834399.1875 815767.1875 18.81066895 
834399.1875 815767.1875 18.82959747 
834399.1875 815767.1875 18.85507202 
834399.1875 815767.25 18.88611603 
834399.1875 815767.25 18.92152977 
834399.1875 815767.25 18.95995712 
834399.1875 815767.25 18.9999218 
834399.1875 815767.25 19.03988647 
834399.1875 815767.25 19.07831383 
834399.1875 815767.25 19.11372948 
834399.1875 815767.1875 19.14476967 
834399.1875 815767.1875 19.17024612 
834399.1875 815767.1875 19.18917465 
834399.1875 815767.125 19.20083237 
834399.125 815767.0625 19.13831139 
834399.125 815767.125 19.14102173 
834418.375 815761.625 18.92798996 
834399.125 815767.0625 19.11724281 
834399.125 815767.0625 19.09969521 
834399.125 815766.9375 19.07831383 
834399.125 815766.9375 19.05391884 
834399.125 815766.9375 19.02744865 
834399.125 815766.9375 18.9999218 
834399.125 815766.9375 18.97239304 
834399.125 815766.9375 18.94592476 
834399.125 815766.9375 18.92152977 
834399.125 815767.0625 18.90014839 
834399.125 815767.0625 18.88260078 
834399.125 815767.0625 18.86956215 
834399.125 815767.0625 18.86153221 
834399.125 815767.125 18.85881996 
834399.125 815767.125 18.86153221 
834399.125 815767.125 18.86956215 
834399.125 815767.1875 18.88260078 
834399.1875 815767.1875 18.90014839 
834399.1875 815767.1875 18.92152977 
834399.1875 815767.1875 18.94592476 
834399.1875 815767.1875 18.97239304 
834399.1875 815767.1875 18.9999218 
834399.1875 815767.1875 19.02744865 
834399.1875 815767.1875 19.05391884 
834399.1875 815767.1875 19.07831383 
834399.1875 815767.1875 19.09969521 
834399.125 815767.1875 19.11724281 
834399.125 815767.125 19.13028336 
834399.125 815767.125 19.13831139 
834399.125 815767.125 19.07047272 
834418.3125 815761.625 18.86153221 
834399.125 815767.0625 19.06637955 
834399.125 815767.0625 19.05973053 
834399.125 815767.0625 19.05078506 
834399.125 815767.0625 19.03988647 
834399.125 815767.0625 19.02744865 
834399.125 815767.0625 19.01395416 
834399.125 815767.0625 18.9999218 
834399.125 815767.0625 18.98588753 
834399.125 815767.0625 18.97239304 
834399.125 815767.0625 18.95995712 
834399.125 815767.0625 18.94905663 
834399.125 815767.0625 18.94011116 
834399.125 815767.0625 18.93346596 
834399.125 815767.125 18.92937088 
834399.125 815767.125 18.92798996 
834418.375 815761.625 18.92937088 
834399.125 815767.125 18.94011116 
834399.125 815767.125 18.94905663 
834399.125 815767.1875 18.95995712 
834399.125 815767.1875 18.97239304 
834399.125 815767.1875 18.98588753 
834399.125 815767.1875 18.9999218 
834399.125 815767.1875 19.01395416 
834399.125 815767.1875 19.02744865 
834399.125 815767.1875 19.03988647 
834399.125 815767.125 19.05078506 
834399.125 815767.125 19.05973053 
834399.125 815767.125 19.06637955 
834399.125 815767.125 18.9999218 
834418.375 815761.625 18.9999218 
834418.375 815761.625 19.07185555 
834418.375 815761.625 19.07047272 
834418.3125 815761.625 19.06637955 
834418.3125 815761.625 19.05973053 
834418.3125 815761.5 19.05078506 
834418.3125 815761.5 19.03988647 
834418.3125 815761.5 19.02744865 
834418.3125 815761.5 19.01395416 
834418.3125 815761.5 18.9999218 
834418.3125 815761.5 18.98588753 
834418.3125 815761.5 18.97239304 
834418.3125 815761.5 18.95995712 
834418.3125 815761.5 18.94905663 
834418.3125 815761.625 18.94011116 
834418.3125 815761.625 18.93346596 
834418.375 815761.625 18.92937088 
834418.375 815761.625 18.9999218 
834418.375 815761.625 18.93346596 
834418.375 815761.6875 18.94011116 
834418.375 815761.6875 18.94905663 
834418.375 815761.6875 18.95995712 
834418.375 815761.6875 18.97239304 
834418.375 815761.6875 18.98588753 
834418.375 815761.6875 18.9999218 
834418.375 815761.6875 19.01395416 
834418.375 815761.6875 19.02744865 
834418.375 815761.6875 19.03988647 
834418.375 815761.6875 19.05078506 
834418.375 815761.6875 19.05973053 
834418.375 815761.625 19.06637955 
834418.3125 815761.625 19.13831139 
834418.3125 815761.625 19.14102173 
834418.3125 815761.5 19.13028336 
834418.3125 815761.5 19.11724281 
834418.3125 815761.5 19.09969521 
834418.3125 815761.5 19.07831383 
834418.3125 815761.5 19.05391884 
834418.3125 815761.4375 19.02744865 
834418.3125 815761.4375 18.9999218 
834418.3125 815761.4375 18.97239304 
834418.3125 815761.5 18.94592476 
834418.3125 815761.5 18.92152977 
834418.3125 815761.5 18.90014839 
834418.3125 815761.5 18.88260078 
834418.3125 815761.5 18.86956215 
834418.3125 815761.625 18.86153221 
834418.3125 815761.625 18.85881996 
834418.3125 815761.6875 18.86956215 
834418.375 815761.6875 18.88260078 
834418.375 815761.6875 18.90014839 
834418.375 815761.75 18.92152977 
834418.375 815761.75 18.94592476 
834418.375 815761.75 18.97239304 
834418.375 815761.75 18.9999218 
834418.375 815761.75 19.02744865 
834418.375 815761.75 19.05391884 
834418.375 815761.75 19.07831383 
834418.375 815761.6875 19.09969521 
834418.375 815761.6875 19.11724281 
834418.3125 815761.6875 19.13028336 
834418.3125 815761.625 19.20083237 
834418.3125 815761.625 19.20476913 
834418.3125 815761.5 19.18917465 
834418.3125 815761.5 19.17024612 
834418.25 815761.5 19.14476967 
834418.25 815761.4375 19.11372948 
834418.25 815761.4375 19.07831383 
834418.25 815761.4375 19.03988647 
834418.25 815761.4375 18.9999218 
834418.25 815761.4375 18.95995712 
834418.25 815761.4375 18.92152977 
834418.25 815761.4375 18.88611603 
834418.25 815761.5 18.85507202 
834418.3125 815761.5 18.82959747 
834418.3125 815761.5 18.81066895 
834418.3125 815761.625 18.79901123 
834418.3125 815761.625 18.79507446 
834418.3125 815761.6875 18.79901123 
834418.3125 815761.6875 18.81066895 
834418.3125 815761.75 18.82959747 
834418.3125 815761.75 18.85507202 
834418.3125 815761.75 18.88611603 
834418.375 815761.8125 18.92152977 
834418.375 815761.8125 18.95995712 
834418.375 815761.8125 18.9999218 
834418.375 815761.8125 19.03988647 
834418.375 815761.8125 19.07831383 
834418.3125 815761.75 19.11372948 
834418.3125 815761.75 19.14476967 
834418.3125 815761.75 19.17024612 
834418.3125 815761.6875 19.18917465 
834418.3125 815761.6875 19.20083237 
834418.25 815761.625 19.2556324 
834418.25 815761.625 19.26064301 
834418.25 815761.5 19.24079704 
834418.25 815761.5 19.21670341 
834418.25 815761.4375 19.18427849 
834418.25 815761.4375 19.14476967 
834418.25 815761.4375 19.09969521 
834418.1875 815761.375 19.05078506 
834418.1875 815761.375 18.9999218 
834418.1875 815761.375 18.94905663 
834418.25 815761.4375 18.90014839 
834418.25 815761.4375 18.85507202 
834418.25 815761.4375 18.8155632 
834418.25 815761.5 18.78314018 
834418.25 815761.5 18.75904655 
834418.25 815761.625 18.74420929 
834418.25 815761.625 18.73920059 
834418.3125 815761.6875 18.74420929 
834418.3125 815761.75 18.75904655 
834418.3125 815761.75 18.78314018 
834418.3125 815761.8125 18.8155632 
834418.3125 815761.8125 18.85507202 
834418.3125 815761.8125 18.90014839 
834418.3125 815761.8125 18.94905663 
834418.3125 815761.9375 18.9999218 
834418.3125 815761.8125 19.05078506 
834418.3125 815761.8125 19.09969521 
834418.3125 815761.8125 19.14476967 
834418.3125 815761.8125 19.18427849 
834418.3125 815761.75 19.21670341 
834418.3125 815761.75 19.24079704 
834418.3125 815761.6875 19.2556324 
834418.1875 815761.625 19.30060577 
834418.25 815761.6875 19.30649757 
834418.1875 815761.5 19.28316116 
834418.1875 815761.5 19.25482941 
834418.1875 815761.4375 19.21670341 
834418.1875 815761.4375 19.17024612 
834418.1875 815761.375 19.11724281 
834418.1875 815761.375 19.05973053 
834418.1875 815761.375 18.94011116 
834418.1875 815761.375 18.88260078 
834418.1875 815761.4375 18.82959747 
834418.1875 815761.4375 18.78314018 
834418.1875 815761.5 18.74501228 
834418.1875 815761.5 18.71668243 
834418.1875 815761.625 18.69923592 
834418.25 815761.6875 18.69334602 
834418.25 815761.6875 18.69923592 
834418.25 815761.75 18.71668243 
834418.25 815761.8125 18.74501228 
834418.25 815761.8125 18.78314018 
834418.3125 815761.9375 18.82959747 
834418.3125 815761.9375 18.88260078 
834418.3125 815761.9375 18.94011116 
834418.3125 815761.9375 19.05973053 
834418.3125 815761.9375 19.11724281 
834418.3125 815761.9375 19.17024612 
834418.25 815761.8125 19.21670341 
834418.25 815761.8125 19.25482941 
834418.25 815761.75 19.28316116 
834418.25 815761.6875 19.30060577 
834418.1875 815761.625 19.33402634 
834418.1875 815761.6875 19.34057045 
834418.0625 815761.5 19.31464005 
834418.0625 815761.5 19.28316116 
834418.0625 815761.4375 19.24079704 
834418.0625 815761.375 19.18917465 
834418.0625 815761.375 19.13028336 
834418.0625 815761.375 19.06637955 
834418.0625 815761.375 18.9999218 
834418.0625 815761.375 18.93346405 
834418.0625 815761.375 18.86956215 
834418.0625 815761.375 18.81066895 
834418.0625 815761.4375 18.75904655 
834418.0625 815761.5 18.71668243 
834418.0625 815761.5 18.68520355 
834418.1875 815761.625 18.66581917 
834418.1875 815761.6875 18.65927315 
834418.1875 815761.75 18.66581917 
834418.1875 815761.75 18.68520355 
834418.25 815761.8125 18.71668243 
834418.25 815761.9375 18.75904655 
834418.25 815761.9375 18.81066895 
834418.25 815762 18.86956215 
834418.25 815762 18.93346596 
834418.25 815762 18.9999218 
834418.25 815762 19.06637955 
834418.25 815762 19.13028336 
834418.25 815761.9375 19.18917465 
834418.25 815761.9375 19.24079704 
834418.25 815761.8125 19.28316116 
834418.1875 815761.75 19.31464005 
834418.1875 815761.75 19.33402634 
834418.0625 815761.625 19.35460472 
834418.0625 815761.6875 19.36155319 
834418.0625 815761.5 19.33402634 
834418 815761.5 19.30060577 
834418 815761.4375 19.2556324 
834418 815761.375 19.20083237 
834418 815761.375 19.13831139 
834418 815761.375 19.07047272 
834418 815761.375 18.9999218 
834418 815761.375 18.92937088 
834418 815761.375 18.86153221 
834418 815761.375 18.79901123 
834418 815761.4375 18.74420929 
834418 815761.5 18.69923592 
834418.0625 815761.5 18.66581917 
834418.0625 815761.625 18.64524078 
834418.0625 815761.6875 18.63829231 
834418.0625 815761.75 18.64524078 
834418.1875 815761.8125 18.66581917 
834418.1875 815761.8125 18.69923592 
834418.1875 815761.9375 18.74420929 
834418.1875 815762 18.79901123 
834418.1875 815762 18.86153221 
834418.1875 815762 18.92937088 
834418.1875 815762 18.9999218 
834418.1875 815762 19.07047272 
834418.1875 815762 19.13831329 
834418.1875 815762 19.20083237 
834418.1875 815761.9375 19.2556324 
834418.1875 815761.8125 19.30060577 
834418.1875 815761.8125 19.33402634 
834418.0625 815761.75 19.35460472 
834418 815761.625 19.36155319 
834418 815761.6875 19.36863708 
834418 815761.625 19.34057045 
834418 815761.5 19.30649757 
834417.9375 815761.4375 19.26064301 
834417.9375 815761.4375 19.20476913 
834417.9375 815761.375 19.14102173 
834417.9375 815761.375 19.07185555 
834417.9375 815761.375 18.9999218 
834417.9375 815761.375 18.92798996 
834417.9375 815761.375 18.85881996 
834417.9375 815761.4375 18.79507446 
834417.9375 815761.4375 18.73920059 
834418 815761.5 18.69334602 
834418 815761.625 18.65927315 
834418 815761.625 18.63829231 
834418 815761.6875 18.63120651 
834418 815761.75 18.63829231 
834418.0625 815761.8125 18.65927315 
834418.0625 815761.9375 18.69334602 
834418.0625 815761.9375 18.73920059 
834418.0625 815762 18.79507446 
834418.0625 815762 18.85881996 
834418.0625 815762.0625 18.92798996 
834418.0625 815762.0625 18.9999218 
834418.0625 815762.0625 19.07185555 
834418.0625 815762 19.14102173 
834418.0625 815762 19.20476913 
834418.0625 815761.9375 19.26064301 
834418.0625 815761.9375 19.30649757 
834418.0625 815761.8125 19.34057045 
834418 815761.75 19.36155319 
834417.9375 815761.6875 19.35460472 
834417.9375 815761.75 19.36155319 
834417.9375 815761.625 19.33402634 
834417.9375 815761.5 19.30060577 
834417.8125 815761.4375 19.2556324 
834417.8125 815761.4375 19.20083237 
834417.8125 815761.4375 19.13831139 
834417.8125 815761.375 19.07047272 
834417.8125 815761.375 18.9999218 
834417.8125 815761.375 18.92937088 
834417.8125 815761.4375 18.86153221 
834417.8125 815761.4375 18.79901123 
834417.8125 815761.4375 18.74420929 
834417.9375 815761.5 18.69923592 
834417.9375 815761.625 18.66581917 
834417.9375 815761.6875 18.64524078 
834417.9375 815761.75 18.63829231 
834418 815761.75 18.64524078 
834418 815761.8125 18.66581917 
834418 815761.9375 18.69923592 
834418 815762 18.74420929 
834418 815762 18.79901123 
834418 815762.0625 18.86153221 
834418.0625 815762.0625 18.92937088 
834418.0625 815762.0625 19.07047272 
834418 815762.0625 19.13831329 
834418 815762 19.20083237 
834418 815762 19.2556324 
834418 815761.9375 19.30060577 
834418 815761.8125 19.33402634 
834418 815761.75 19.35460472 
834417.8125 815761.6875 19.33402634 
834417.9375 815761.75 19.34057045 
834417.8125 815761.625 19.31464005 
834417.8125 815761.625 19.28316116 
834417.8125 815761.5 19.24079704 
834417.8125 815761.4375 19.18917465 
834417.75 815761.4375 19.13028336 
834417.75 815761.4375 19.06637955 
834417.75 815761.4375 18.9999218 
834417.75 815761.4375 18.93346405 
834417.75 815761.4375 18.86956215 
834417.8125 815761.4375 18.81066895 
834417.8125 815761.5 18.75904655 
834417.8125 815761.625 18.71668243 
834417.8125 815761.625 18.68520355 
834417.8125 815761.6875 18.66581917 
834417.9375 815761.75 18.65927315 
834417.9375 815761.8125 18.66581917 
834417.9375 815761.8125 18.68520355 
834417.9375 815761.9375 18.71668243 
834417.9375 815762 18.75904655 
834417.9375 815762 18.81066895 
834418 815762.0625 18.86956215 
834418 815762.0625 18.93346596 
834418 815762.0625 18.9999218 
834418 815762.0625 19.06637955 
834418 815762.0625 19.13028336 
834417.9375 815762 19.18917656 
834417.9375 815762 19.24079704 
834417.9375 815761.9375 19.28316116 
834417.9375 815761.8125 19.31464005 
834417.9375 815761.8125 19.33402634 
834417.8125 815761.6875 19.30060577 
834417.8125 815761.75 19.30649757 
834417.75 815761.6875 19.28316116 
834417.75 815761.625 19.25482941 
834417.75 815761.5 19.21670341 
834417.75 815761.5 19.17024612 
834417.75 815761.5 19.11724281 
834417.75 815761.4375 19.05973053 
834417.75 815761.4375 18.94011116 
834417.75 815761.5 18.88260078 
834417.75 815761.5 18.82959747 
834417.75 815761.5 18.78314018 
834417.75 815761.625 18.74501228 
834417.75 815761.6875 18.71668243 
834417.8125 815761.6875 18.69923592 
834417.8125 815761.75 18.69334602 
834417.8125 815761.8125 18.69923592 
834417.8125 815761.8125 18.71668243 
834417.8125 815761.9375 18.74501228 
834417.8125 815762 18.78314018 
834417.9375 815762 18.82959747 
834417.9375 815762 18.88260078 
834417.9375 815762.0625 18.94011116 
834417.9375 815762.0625 18.9999218 
834417.9375 815762.0625 19.05973053 
834417.9375 815762 19.11724281 
834417.9375 815762 19.17024612 
834417.8125 815762 19.21670341 
834417.8125 815761.9375 19.25482941 
834417.8125 815761.8125 19.28316116 
834417.8125 815761.8125 19.30060577 
834417.75 815761.75 19.2556324 
834417.75 815761.75 19.26064301 
834417.75 815761.6875 19.24079704 
834417.75 815761.625 19.21670341 
834417.6875 815761.625 19.18427849 
834417.6875 815761.625 19.14476967 
834417.6875 815761.5 19.09969521 
834417.6875 815761.5 19.05078506 
834417.6875 815761.5 18.9999218 
834417.6875 815761.5 18.94905663 
834417.6875 815761.5 18.90014839 
834417.6875 815761.625 18.85507202 
834417.6875 815761.625 18.8155632 
834417.75 815761.625 18.78314018 
834417.75 815761.6875 18.75904655 
834417.75 815761.75 18.74420929 
834417.75 815761.75 18.73920059 
834417.75 815761.8125 18.74420929 
834417.75 815761.8125 18.75904655 
834417.8125 815761.9375 18.78314018 
834417.8125 815761.9375 18.8155632 
834417.8125 815762 18.85507202 
834417.8125 815762 18.90014839 
834417.8125 815762 18.94905663 
834417.8125 815762 18.9999218 
834417.8125 815762 19.05078506 
834417.8125 815762 19.09969521 
834417.8125 815762 19.14476967 
834417.8125 815761.9375 19.18427849 
834417.8125 815761.9375 19.21670341 
834417.75 815761.8125 19.24079704 
834417.75 815761.8125 19.2556324 
834417.6875 815761.75 19.20083237 
834417.75 815761.75 19.20476913 
834417.6875 815761.6875 19.18917465 
834417.6875 815761.6875 19.17024612 
834417.6875 815761.6875 19.14476967 
834417.6875 815761.625 19.11372948 
834417.6875 815761.625 19.07831383 
834417.6875 815761.625 19.03988647 
834417.6875 815761.625 18.9999218 
834417.6875 815761.625 18.95995712 
834417.6875 815761.625 18.92152977 
834417.6875 815761.625 18.88611603 
834417.6875 815761.6875 18.85507202 
834417.6875 815761.6875 18.82959747 
834417.6875 815761.6875 18.81066895 
834417.6875 815761.75 18.79901123 
834417.75 815761.75 18.79507446 
834417.75 815761.8125 18.79901123 
834417.75 815761.8125 18.81066895 
834417.75 815761.9375 18.82959747 
834417.75 815761.9375 18.85507202 
834417.75 815761.9375 18.88611603 
834417.75 815762 18.92152977 
834417.75 815762 18.95995712 
834417.75 815762 18.9999218 
834417.75 815762 19.03988647 
834417.75 815762 19.07831383 
834417.75 815761.9375 19.11372948 
834417.75 815761.9375 19.14476967 
834417.75 815761.9375 19.17024612 
834417.75 815761.8125 19.18917465 
834417.75 815761.8125 19.20083237 
834417.6875 815761.75 19.13831139 
834417.6875 815761.75 19.14102173 
834417.6875 815761.75 19.13028336 
834417.6875 815761.75 19.11724281 
834417.6875 815761.6875 19.09969521 
834417.6875 815761.6875 19.07831383 
834417.6875 815761.6875 19.05391884 
834417.6875 815761.6875 19.02744865 
834417.6875 815761.6875 18.9999218 
834417.6875 815761.6875 18.97239304 
834417.6875 815761.6875 18.94592476 
834417.6875 815761.6875 18.92152977 
834417.6875 815761.6875 18.90014839 
834417.6875 815761.75 18.88260078 
834417.6875 815761.75 18.86956215 
834417.6875 815761.75 18.86153221 
834417.6875 815761.75 18.85881996 
834417.6875 815761.8125 18.86153221 
834417.6875 815761.8125 18.86956215 
834417.6875 815761.8125 18.88260078 
834417.6875 815761.9375 18.90014839 
834417.75 815761.9375 18.92152977 
834417.75 815761.9375 18.94592476 
834417.75 815761.9375 18.97239304 
834417.75 815761.9375 18.9999218 
834417.75 815761.9375 19.02744865 
834417.75 815761.9375 19.05391884 
834417.75 815761.9375 19.07831383 
834417.6875 815761.9375 19.09969521 
834417.6875 815761.8125 19.11724281 
834417.6875 815761.8125 19.13028336 
834417.6875 815761.8125 19.13831139 
834417.6875 815761.75 19.07047272 
834417.6875 815761.8125 19.07185555 
834417.6875 815761.75 19.06637955 
834417.6875 815761.75 19.05973053 
834417.6875 815761.75 19.05078506 
834417.6875 815761.75 19.03988647 
834417.6875 815761.75 19.02744865 
834417.6875 815761.75 19.01395416 
834417.6875 815761.75 18.9999218 
834417.6875 815761.75 18.98588753 
834417.6875 815761.75 18.97239304 
834417.6875 815761.75 18.95995712 
834417.6875 815761.75 18.94905663 
834417.6875 815761.75 18.94011116 
834417.6875 815761.75 18.93346596 
834417.6875 815761.75 18.92937088 
834417.6875 815761.8125 18.92798996 
834417.6875 815761.8125 18.92937088 
834394.3125 815763.5 18.92798996 
834422.5625 815760.375 18.92798996 
834417.6875 815761.8125 18.94905663 
834417.6875 815761.8125 18.95995712 
834417.6875 815761.8125 18.97239304 
834417.6875 815761.8125 18.98588753 
834417.6875 815761.8125 18.9999218 
834417.6875 815761.8125 19.01395416 
834417.6875 815761.8125 19.02744865 
834417.6875 815761.8125 19.03988647 
834417.6875 815761.8125 19.05078506 
834417.6875 815761.8125 19.05973053 
834422.5625 815760.375 18.92937088 
834422.5 815760.3125 18.94592476 
834414.3125 815759.4375 16.76446915 
834414.8125 815759.25 16.76446915 
834414.8125 815759.25 19.46892166 
834414.3125 815759.4375 19.46892166 
834414.375 815759.9375 16.76446915 
834414.375 815759.9375 19.46892166 
834414.9375 815759.8125 19.46892166 
834414.9375 815759.8125 16.76446915 
834410 815760.625 16.76446915 
834410.5625 815760.5 16.76446915 
834410.5625 815760.5 19.46892166 
834410 815760.625 19.46892166 
834410.1875 815761.1875 16.76446915 
834410.1875 815761.1875 19.46892166 
834410.75 815761.0625 19.46892166 
834410.75 815761.0625 16.76446915 
834405.6875 815761.9375 16.76446915 
834406.1875 815761.75 16.76446915 
834406.1875 815761.75 19.46892166 
834405.6875 815761.9375 19.46892166 
834405.8125 815762.375 16.76446915 
834405.8125 815762.375 19.46892166 
834406.3125 815762.25 19.46892166 
834406.3125 815762.25 16.76446915 
834401.25 815763.125 16.76446915 
834401.75 815763.0625 16.76446915 
834401.75 815763.0625 19.46892166 
834401.25 815763.125 19.46892166 
834401.4375 815763.6875 16.76446915 
834401.4375 815763.6875 19.46892166 
834401.9375 815763.5 19.46892166 
834401.9375 815763.5 16.76446915 
834417.9375 815753.6875 16.76446915 
834418.0625 815754.25 16.76446915 
834418.0625 815754.25 19.46892166 
834417.9375 815753.6875 19.46892166 
834417.375 815753.8125 16.76446915 
834417.375 815753.8125 19.46892166 
834417.5 815754.375 19.46892166 
834417.5 815754.375 16.76446915 
834416.625 815749.1875 16.76446915 
834416.8125 815749.6875 16.76446915 
834416.8125 815749.6875 19.46892166 
834416.625 815749.1875 19.46892166 
834416.0625 815749.375 16.76446915 
834416.0625 815749.375 19.46892166 
834416.25 815749.8125 19.46892166 
834416.25 815749.8125 16.76446915 
834415.25 815744.625 16.76446915 
834415.4375 815745.125 16.76446915 
834415.4375 815745.125 19.46892166 
834415.25 815744.625 19.46892166 
834414.8125 815744.8125 16.76446915 
834414.8125 815744.8125 19.46892166 
834414.9375 815745.25 19.46892166 
834414.9375 815745.25 16.76446915 
834401.25 815763.125 19.46910095 
834401.75 815763.0625 19.46910095 
834401.0625 815760.375 19.46910095 
834400.5625 815760.5625 19.46910095 
834401.25 815763.125 20.00510025 
834400.5625 815760.5625 20.00510025 
834401.0625 815760.375 20.00510025 
834401.75 815763.0625 20.00510025 
834405.6875 815761.9375 19.46910095 
834406.1875 815761.75 19.46910095 
834405.4375 815759.125 19.46910095 
834404.9375 815759.25 19.46910095 
834405.6875 815761.9375 20.00510025 
834404.9375 815759.25 20.00510025 
834405.4375 815759.125 20.00510025 
834406.1875 815761.75 20.00510025 
834410 815760.625 19.46910095 
834410.5625 815760.5 19.46910095 
834409.8125 815757.9375 19.46910095 
834409.25 815758.0625 19.46910095 
834410 815760.625 20.00510025 
834409.25 815758.0625 20.00510025 
834409.8125 815757.9375 20.00510025 
834410.5625 815760.5 20.00510025 
834414.3125 815759.4375 19.46910095 
834414.8125 815759.25 19.46910095 
834414.0625 815756.75 19.46910095 
834413.5 815756.8125 19.46910095 
834414.3125 815759.4375 20.00510025 
834413.5 815756.8125 20.00510025 
834414.0625 815756.75 20.00510025 
834414.8125 815759.25 20.00510025 
834413.5 815750.0625 19.46910286 
834413.6875 815750.5625 19.46910095 
834416.25 815749.8125 19.46909904 
834416.0625 815749.375 19.46910095 
834413.5 815750.0625 20.00510025 
834416.0625 815749.375 20.00510025 
834416.25 815749.8125 20.00510025 
834413.6875 815750.5625 20.00510025 
834412.1875 815745.5 19.47691536 
834412.3125 815746 19.47691345 
834414.9375 815745.25 19.47691154 
834414.8125 815744.8125 19.47691345 
834412.1875 815745.5 20.01291275 
834414.8125 815744.8125 20.01291275 
834414.9375 815745.25 20.01291275 
834412.3125 815746 20.01291275 
834414.8125 815754.5625 19.46910286 
834414.9375 815755.125 19.46910095 
834417.5 815754.375 19.46909904 
834417.375 815753.8125 19.46910095 
834414.8125 815754.5625 20.00510025 
834417.375 815753.8125 20.00510025 
834417.5 815754.375 20.00510025 
834414.9375 815755.125 20.00510025 
834396.25 815759.9375 19.46910286 
834396.3125 815760.375 19.46910095 
834398.9375 815759.6875 19.46909904 
834398.8125 815759.125 19.46910095 
834396.25 815759.9375 20.00510025 
834398.8125 815759.125 20.00510025 
834398.9375 815759.6875 20.00510025 
834396.3125 815760.375 20.00510025 
834394.875 815755.375 19.46910286 
834395.0625 815755.9375 19.46910095 
834397.6875 815755.125 19.46909904 
834397.5 815754.625 19.46910095 
834394.875 815755.375 20.00510025 
834397.5 815754.625 20.00510025 
834397.6875 815755.125 20.00510025 
834395.0625 815755.9375 20.00510025 
834393.625 815750.8125 19.47691536 
834393.75 815751.375 19.47691345 
834396.3125 815750.5625 19.47691154 
834396.25 815750.0625 19.47691345 
834393.625 815750.8125 20.01291275 
834396.25 815750.0625 20.01291275 
834396.3125 815750.5625 20.01291275 
834393.75 815751.375 20.01291275 
834406.625 815750.3125 26.76252174 
834406.625 815750.8125 26.76252174 
834406.625 815750.8125 27.08063698 
834406.625 815750.3125 27.08063698 
834406.5625 815751.25 26.76252174 
834406.5625 815751.25 27.08063698 
834406.3125 815751.6875 26.76252174 
834406.3125 815751.6875 27.08063698 
834406 815752.0625 26.76252174 
834406 815752.0625 27.08063698 
834405.5 815752.25 26.76252174 
834405.5 815752.25 27.08063698 
834405.0625 815752.3125 26.76252174 
834405.0625 815752.3125 27.08063698 
834404.5625 815752.25 26.76252174 
834404.5625 815752.25 27.08063698 
834404.1875 815752 26.76252174 
834404.1875 815752 27.08063698 
834403.8125 815751.625 26.76252174 
834403.8125 815751.625 27.08063698 
834403.625 815751.1875 26.76252174 
834403.625 815751.1875 27.08063698 
834403.5 815750.75 26.76252174 
834403.5 815750.75 27.08063698 
834403.6875 815750.25 26.76252174 
834403.6875 815750.25 27.08063698 
834403.8125 815749.75 26.76252174 
834403.8125 815749.75 27.08063698 
834404.25 815749.4375 26.76252174 
834404.25 815749.4375 27.08063698 
834404.625 815749.25 26.76252174 
834404.625 815749.25 27.08063698 
834405.1875 815749.1875 26.76252174 
834405.1875 815749.1875 27.08063698 
834405.6875 815749.25 26.76252174 
834405.6875 815749.25 27.08063698 
834406.0625 815749.5 26.76252174 
834406.0625 815749.5 27.08063698 
834406.375 815749.8125 26.76252174 
834406.375 815749.8125 27.08063698 
834405.125 815750.75 27.01989746 
834405.9375 815753.6875 26.78975296 
834405.375 815753.75 26.78975296 
834404.75 815753.75 26.78975296 
834404.1875 815753.625 26.78975296 
834403.625 815753.375 26.78975296 
834403.125 815753.0625 26.78975296 
834402.75 815752.625 26.78975296 
834402.375 815752.1875 26.78975296 
834402.1875 815751.625 26.78975296 
834402.0625 815751.0625 26.78975296 
834402.0625 815750.375 26.78975296 
834402.25 815749.8125 26.78975296 
834402.5 815749.25 26.78975296 
834402.8125 815748.8125 26.78975296 
834403.1875 815748.375 26.78975296 
834403.6875 815748.0625 26.78975296 
834404.25 815747.8125 26.78975296 
834404.8125 815747.75 26.78975296 
834405.4375 815747.75 26.78975296 
834406 815747.9375 26.78975296 
834406.5625 815748.0625 26.78975296 
834407.0625 815748.5 26.78975296 
834407.4375 815748.875 26.78975296 
834407.75 815749.375 26.78975296 
834408 815749.9375 26.78975296 
834408.0625 815750.5 26.78975296 
834408.0625 815751.125 26.78975296 
834407.9375 815751.6875 26.78975296 
834407.75 815752.25 26.78975296 
834407.375 815752.75 26.78975296 
834406.9375 815753.125 26.78975296 
834406.5 815753.4375 26.78975296 
834405.625 815756.625 26.10815811 
834406.75 815756.5 26.10815811 
834404.375 815756.625 26.10815811 
834403.25 815756.375 26.10815811 
834402.25 815755.9375 26.10815811 
834401.25 815755.25 26.10815811 
834400.5 815754.375 26.10815811 
834399.8125 815753.4375 26.10815811 
834399.375 815752.375 26.10815811 
834399.1875 815751.1875 26.10815811 
834399.1875 815750.0625 26.10815811 
834399.4375 815748.9375 26.10815811 
834399.9375 815747.8125 26.10815811 
834400.5625 815746.9375 26.10815811 
834401.4375 815746.0625 26.10815811 
834402.375 815745.5 26.10815811 
834403.4375 815745.0625 26.10815811 
834404.5625 815744.875 26.10815811 
834405.75 815744.875 26.10815811 
834406.875 815745.125 26.10815811 
834407.9375 815745.625 26.10815811 
834408.875 815746.25 26.10815811 
834409.75 815747.0625 26.10815811 
834410.3125 815748.0625 26.10815811 
834410.8125 815749.125 26.10815811 
834410.9375 815750.25 26.10815811 
834410.9375 815751.4375 26.10815811 
834410.75 815752.5625 26.10815811 
834410.25 815753.625 26.10815811 
834409.625 815754.5625 26.10815811 
834408.8125 815755.375 26.10815811 
834407.75 815756 26.10815811 
834405.75 815759.25 25.00131798 
834407.4375 815759.0625 25.00131798 
834404.0625 815759.25 25.00131798 
834402.5 815758.9375 25.00131798 
834400.875 815758.25 25.00131798 
834399.5 815757.25 25.00131798 
834398.3125 815756.0625 25.00131798 
834397.4375 815754.75 25.00131798 
834396.8125 815753.125 25.00131798 
834396.5625 815751.4375 25.00131798 
834396.5625 815749.75 25.00131798 
834396.875 815748.1875 25.00131798 
834397.625 815746.5625 25.00131798 
834398.5625 815745.1875 25.00131798 
834399.75 815744 25.00131798 
834401.125 815743.125 25.00131798 
834402.75 815742.5 25.00131798 
834404.375 815742.1875 25.00131798 
834406.0625 815742.25 25.00131798 
834407.6875 815742.5625 25.00131798 
834409.25 815743.25 25.00131798 
834410.625 815744.25 25.00131798 
834411.8125 815745.4375 25.00131798 
834412.75 815746.8125 25.00131798 
834413.375 815748.375 25.00131798 
834413.6875 815750.0625 25.00131798 
834413.625 815751.75 25.00131798 
834413.25 815753.375 25.00131798 
834412.5625 815754.9375 25.00131798 
834411.625 815756.3125 25.00131798 
834410.375 815757.5 25.00131798 
834409.0625 815758.375 25.00131798 
834407.5 815759.1875 24.86914253 
834405.8125 815759.5 24.86914253 
834404.0625 815759.5 24.86914253 
834402.375 815759.125 24.86914253 
834400.8125 815758.5 24.86914253 
834399.375 815757.4375 24.86914253 
834398.1875 815756.25 24.86914253 
834397.25 815754.8125 24.86914253 
834396.625 815753.1875 24.86914253 
834396.3125 815751.4375 24.86914253 
834396.3125 815749.75 24.86914253 
834396.75 815748.0625 24.86914253 
834397.375 815746.5 24.86914253 
834398.375 815745.0625 24.86914253 
834399.625 815743.8125 24.86914253 
834401.0625 815742.9375 24.86914253 
834402.625 815742.3125 24.86914253 
834404.375 815742 24.86914253 
834406.0625 815742 24.86914253 
834407.75 815742.375 24.86914253 
834409.375 815743.0625 24.86914253 
834410.8125 815744.0625 24.86914253 
834412 815745.25 24.86914253 
834412.875 815746.75 24.86914253 
834413.5 815748.3125 24.86914253 
834413.8125 815750 24.86914253 
834413.8125 815751.75 24.86914253 
834413.4375 815753.4375 24.86914253 
834412.8125 815755.0625 24.86914253 
834411.75 815756.5 24.86914253 
834410.5625 815757.6875 24.86914253 
834409.125 815758.5625 24.86914253 
834405.125 815750.75 27.70238304 
834405.1875 815751.25 27.63583183 
834405.125 815751.25 27.63583183 
834405.0625 815751.25 27.63583183 
834404.875 815751.25 27.63583183 
834404.8125 815751.1875 27.63583183 
834404.75 815751.1875 27.63583183 
834404.625 815751.125 27.63583183 
834404.5625 815751.0625 27.63583183 
834404.5625 815750.875 27.63583183 
834404.5625 815750.8125 27.63583183 
834404.5625 815750.75 27.63583183 
834404.5625 815750.5625 27.63583183 
834404.625 815750.5 27.63583183 
834404.625 815750.375 27.63583183 
834404.75 815750.3125 27.63583183 
834404.8125 815750.3125 27.63583183 
834404.9375 815750.25 27.63583183 
834405.0625 815750.25 27.63583183 
834405.125 815750.25 27.63583183 
834405.25 815750.25 27.63583183 
834405.375 815750.3125 27.63583183 
834405.4375 815750.3125 27.63583183 
834405.5 815750.375 27.63583183 
834405.625 815750.5 27.63583183 
834405.625 815750.625 27.63583183 
834405.625 815750.75 27.63583183 
834405.625 815750.8125 27.63583183 
834405.625 815750.875 27.63583183 
834405.5 815751.0625 27.63583183 
834405.5 815751.125 27.63583183 
834405.4375 815751.1875 27.63583183 
834405.375 815751.1875 27.63583183 
834405.1875 815751.75 27.43873978 
834405.375 815751.75 27.43873978 
834404.9375 815751.75 27.43873978 
834404.75 815751.75 27.43873978 
834404.5625 815751.6875 27.43873978 
834404.375 815751.5 27.43873978 
834404.25 815751.4375 27.43873978 
834404.1875 815751.1875 27.43873978 
834404.0625 815751.0625 27.43873978 
834404 815750.875 27.43873978 
834404 815750.625 27.43873978 
834404.0625 815750.5 27.43873978 
834404.1875 815750.25 27.43873978 
834404.25 815750.0625 27.43873978 
834404.375 815749.9375 27.43873978 
834404.625 815749.8125 27.43873978 
834404.8125 815749.75 27.43873978 
834405.0625 815749.6875 27.43873978 
834405.1875 815749.6875 27.43873978 
834405.4375 815749.75 27.43873978 
834405.625 815749.8125 27.43873978 
834405.75 815749.9375 27.43873978 
834405.9375 815750.0625 27.43873978 
834406 815750.25 27.43873978 
834406.0625 815750.5 27.43873978 
834406.1875 815750.625 27.43873978 
834406.1875 815750.875 27.43873978 
834406.0625 815751.0625 27.43873978 
834406 815751.25 27.43873978 
834405.9375 815751.4375 27.43873978 
834405.75 815751.625 27.43873978 
834405.625 815751.6875 27.43873978 
834405.1875 815752.25 27.11867905 
834405.5 815752.25 27.11867905 
834404.875 815752.25 27.11867905 
834404.5625 815752.25 27.11867905 
834404.3125 815752.0625 27.11867905 
834404.0625 815751.9375 27.11867905 
834403.8125 815751.6875 27.11867905 
834403.6875 815751.4375 27.11867905 
834403.625 815751.1875 27.11867905 
834403.5 815750.875 27.11867905 
834403.5 815750.5625 27.11867905 
834403.625 815750.3125 27.11867905 
834403.75 815750 27.11867905 
834403.9375 815749.75 27.11867905 
834404.1875 815749.625 27.11867905 
834404.375 815749.4375 27.11867905 
834404.625 815749.25 27.11867905 
834404.9375 815749.25 27.11867905 
834405.25 815749.25 27.11867905 
834405.625 815749.25 27.11867905 
834405.8125 815749.4375 27.11867905 
834406.0625 815749.625 27.11867905 
834406.3125 815749.8125 27.11867905 
834406.5 815750.0625 27.11867905 
834406.5625 815750.3125 27.11867905 
834406.625 815750.625 27.11867905 
834406.625 815750.875 27.11867905 
834406.5625 815751.1875 27.11867905 
834406.375 815751.5 27.11867905 
834406.25 815751.75 27.11867905 
834406.0625 815751.9375 27.11867905 
834405.75 815752.0625 27.11867905 
834405.5 815752.25 27.08045769 
834405.1875 815752.3125 27.08045769 
834404.875 815752.3125 27.08045769 
834404.5625 815752.25 27.08045769 
834404.3125 815752.1875 27.08045769 
834404.0625 815751.9375 27.08045769 
834403.8125 815751.75 27.08045769 
834403.6875 815751.4375 27.08045769 
834403.5 815751.1875 27.08045769 
834403.5 815750.875 27.08045769 
834403.5 815750.5625 27.08045769 
834403.625 815750.3125 27.08045769 
834403.6875 815750 27.08045769 
834403.8125 815749.75 27.08045769 
834404.0625 815749.5 27.08045769 
834404.375 815749.375 27.08045769 
834404.625 815749.25 27.08045769 
834404.9375 815749.1875 27.08045769 
834405.25 815749.1875 27.08045769 
834405.625 815749.25 27.08045769 
834405.8125 815749.375 27.08045769 
834406.1875 815749.625 27.08045769 
834406.3125 815749.75 27.08045769 
834406.5 815750 27.08045769 
834406.625 815750.3125 27.08045769 
834406.625 815750.625 27.08045769 
834406.625 815750.9375 27.08045769 
834406.5625 815751.1875 27.08045769 
834406.5 815751.5 27.08045769 
834406.3125 815751.75 27.08045769 
834406.0625 815752 27.08045769 
834405.8125 815752.1875 27.08045769 
834348.5625 815718.5 158.3000031 
834354 815737.25 158.3000031 
834372.8125 815731.9375 158.3000031 
834367.4375 815713.125 158.3000031 
834421.125 815755.4375 17.25 
834418.0625 815754.25 19.46891975 
834418.0625 815754.25 20.00510025 
834414.3125 815741.1875 20.00510025 
834414.3125 815741.1875 19.46891975 
834417.5 815754.375 19.46891975 
834413.8125 815741.375 19.46891975 
834413.8125 815741.375 20.00510025 
834417.5 815754.375 20.00510025 
834396.1875 815753.375 22.93403435 
834395.75 815750.375 22.93403435 
834396.3125 815747.5 22.93403435 
834397.75 815744.9375 22.93403435 
834399.9375 815742.9375 22.93403435 
834402.5625 815741.75 22.93403435 
834405.5 815741.375 22.93403435 
834410.9375 815743.375 22.93403435 
834414.1875 815748.1875 22.93403435 
834414.5 815751.125 22.93403435 
834413.9375 815754 22.93403435 
834412.5625 815756.5625 22.93403435 
834410.375 815758.5625 22.93403435 
834407.75 815759.75 22.93403435 
834401.9375 815759.5 22.93403435 
834399.375 815758.1875 22.93403435 
834397.375 815756 22.93403435 
834354 815737.25 151.8879852 
834395.625 815768.0625 18.9999218 
834422.5625 815760.375 19.07047272 
834395.625 815768.0625 18.92937088 
834395.625 815768.0625 18.92798996 
834422.5625 815760.375 18.9999218 
834420.5625 815756 19.07047272 
834394.9375 815768.375 18.98588753 
834394.3125 815763.5 18.9999218 
834394.3125 815763.5 19.07047272 
834394.3125 815763.5 18.92937088 
834402.5625 815741.75 22.93403435 
834395.625 815768.1875 18.93346596 
834395.625 815768.1875 18.86153221 
834395.625 815768.1875 18.86956215 
834395.25 815767.8125 18.9999218 
834394.9375 815768 18.9999218 
834395.125 815768.5625 18.9999218 
834394.9375 815768.3125 18.79507446 
834394.9375 815768.25 19.11724281 
834394.9375 815768.375 18.9999218 
834394.9375 815768.375 19.02744865 
834394.3125 815763.5 18.93346596 
834394.3125 815763.625 18.86153221 
834394.3125 815763.625 19.13028336 
834394.1875 815763.9375 18.9999218 
834394.1875 815763.9375 19.13831329 
834393.75 815763.9375 18.9999218 
834393.625 815763.625 19.17024612 
834393.625 815763.75 18.9999218 
834421.25 815755.8125 19.13831139 
834421.1875 815755.6875 18.9999218 
834421.25 815755.75 18.90014839 
834421.25 815755.75 18.86956215 
834421.25 815756 18.9999218 
834421.25 815755.9375 19.09969521 
834421.1875 815755.8125 19.20476913 
834421.1875 815755.8125 19.20083237 
834421.1875 815755.6875 18.92152977 
834421.1875 815755.8125 18.79507446 
834421.125 815755.6875 18.78314018 
834421.1875 815755.75 18.75904655 
834421.0625 815755.625 18.82959747 
834420.8125 815756.25 18.9999218 
834420.5625 815755.9375 19.02744865 
834420.5625 815755.9375 18.9999218 
834420.5625 815756 19.03988647 
834420.5625 815756 18.92937088 
834420.625 815756.0625 18.93346596 
834420.625 815756.0625 19.06637955 
834420.5625 815756 18.9999218 
834422.5 815760.3125 18.9999218 
834422.5 815760.375 19.14102173 
834422.5 815760.375 19.13831139 
834422.5 815760.3125 18.92152977 
834422.5 815760.3125 18.97239304 
834422.5 815760.375 18.85881996 
834422.5 815760.75 18.9999218 
834421.9375 815760.5625 19.20083237 
834421.8125 815760.625 18.85881996 
834421.8125 815760.625 18.9999218 
834399.8125 815766.875 18.9999218 
834399.75 815766.8125 18.9999218 
834399.8125 815766.9375 19.06637955 
834399.75 815766.875 18.86153221 
834399.8125 815766.9375 19.13028336 
834399.75 815766.9375 19.13831139 
834399.6875 815766.75 18.9999218 
834399.75 815766.9375 18.79507446 
834399.75 815766.9375 18.79901123 
834399.75 815766.9375 19.20083237 
834399.625 815767.375 18.9999218 
834399.25 815766.75 19.13831139 
834399.1875 815767.0625 18.73920059 
834399.1875 815767.1875 18.82959747 
834399.125 815767.0625 18.86956215 
834399.125 815767.125 18.9999218 
834418.3125 815761.625 19.13831139 
834418.3125 815761.625 19.13831139 
834418.3125 815761.5 18.86956215 
834418.1875 815761.375 18.9999218 
834418.0625 815762.0625 18.9999218 
834417.8125 815761.4375 19.20083237 
834417.75 815761.4375 19.13028336 
834417.75 815761.4375 18.9999218 
834417.6875 815761.75 19.20083237 
834417.6875 815761.75 18.86153221 
834417.6875 815761.75 18.85881996 
834417.6875 815761.8125 18.92798996 
834417.6875 815761.8125 18.9999218 
3 0 1 2
3 3 4 5
3 6 3 5
3 7 6 5
3 8 7 5
3 9 8 5
3 10 9 5
3 11 10 5
3 12 11 5
3 12 5 13
3 12 13 14
3 15 12 14
3 2 15 14
3 0 2 14
3 0 14 16
3 0 16 17
3 18 19 17
3 17 16 18
3 19 20 0
3 0 17 19
3 20 21 1
3 1 0 20
3 21 22 2
3 2 1 21
3 22 23 15
3 15 2 22
3 23 24 12
3 12 15 23
3 24 25 11
3 11 12 24
3 25 26 10
3 10 11 25
3 26 27 9
3 9 10 26
3 27 28 8
3 8 9 27
3 28 29 7
3 7 8 28
3 29 30 6
3 6 7 29
3 30 31 3
3 3 6 30
3 31 32 4
3 4 3 31
3 32 33 5
3 5 4 32
3 33 34 13
3 13 5 33
3 34 35 14
3 14 13 34
3 35 18 16
3 16 14 35
3 36 37 38
3 38 39 36
3 40 41 39
3 39 38 40
3 41 42 36
3 36 39 41
3 42 43 37
3 37 36 42
3 43 40 38
3 38 37 43
3 44 45 46
3 46 47 48
3 48 49 50
3 48 50 51
3 51 52 53
3 48 51 53
3 46 48 53
3 54 55 56
3 57 54 56
3 58 57 56
3 53 58 56
3 46 53 56
3 44 46 56
3 59 60 61
3 62 59 61
3 61 63 64
3 62 61 64
3 62 64 65
3 62 65 66
3 67 62 66
3 67 66 68
3 56 67 68
3 68 69 70
3 56 68 70
3 44 56 70
3 71 72 60
3 60 59 71
3 72 73 61
3 61 60 72
3 73 74 63
3 63 61 73
3 74 75 64
3 64 63 74
3 75 76 65
3 65 64 75
3 76 77 66
3 66 65 76
3 77 78 68
3 68 66 77
3 78 79 69
3 69 68 78
3 79 80 70
3 70 69 79
3 80 81 44
3 44 70 80
3 81 82 45
3 45 44 81
3 82 83 46
3 46 45 82
3 83 84 47
3 47 46 83
3 84 85 48
3 48 47 84
3 85 86 49
3 49 48 85
3 86 87 50
3 50 49 86
3 87 88 51
3 51 50 87
3 88 89 52
3 52 51 88
3 89 90 53
3 53 52 89
3 90 91 58
3 58 53 90
3 91 92 57
3 57 58 91
3 92 93 54
3 54 57 92
3 93 94 55
3 55 54 93
3 94 95 56
3 56 55 94
3 95 96 67
3 67 56 95
3 96 97 62
3 62 67 96
3 97 71 59
3 59 62 97
3 98 99 100
3 98 100 101
3 98 101 102
3 103 104 105
3 102 103 105
3 98 102 105
3 106 107 99
3 99 98 106
3 107 108 100
3 100 99 107
3 108 109 101
3 101 100 108
3 109 110 102
3 102 101 109
3 110 111 103
3 103 102 110
3 111 112 104
3 104 103 111
3 112 113 105
3 105 104 112
3 113 106 98
3 98 105 113
3 114 115 116
3 117 118 119
3 117 119 120
3 116 117 120
3 116 120 121
3 114 116 121
3 2114 123 115
3 115 114 2114
3 123 124 116
3 116 115 123
3 124 125 117
3 117 116 124
3 125 126 118
3 118 117 125
3 126 127 119
3 119 118 126
3 127 128 120
3 120 119 127
3 128 129 121
3 121 120 128
3 129 2114 114
3 114 121 129
3 130 131 132
3 130 132 133
3 130 133 134
3 135 136 137
3 134 135 137
3 130 134 137
3 138 139 131
3 131 130 138
3 139 140 132
3 132 131 139
3 140 141 133
3 133 132 140
3 141 142 134
3 134 133 141
3 142 143 135
3 135 134 142
3 143 144 136
3 136 135 143
3 144 145 137
3 137 136 144
3 145 138 130
3 130 137 145
3 146 147 148
3 146 148 149
3 149 150 151
3 146 149 151
3 152 153 147
3 147 146 152
3 153 154 148
3 148 147 153
3 154 155 149
3 149 148 154
3 155 156 150
3 150 149 155
3 156 157 151
3 151 150 156
3 157 152 146
3 146 151 157
3 158 159 160
3 161 162 163
3 160 161 163
3 158 160 163
3 164 165 159
3 159 158 164
3 165 166 160
3 160 159 165
3 166 167 161
3 161 160 166
3 167 168 162
3 162 161 167
3 168 169 163
3 163 162 168
3 169 164 158
3 158 163 169
3 170 171 172
3 173 174 175
3 172 173 175
3 170 172 175
3 2555 176 171
3 171 170 2555
3 176 177 172
3 172 171 176
3 177 178 173
3 173 172 177
3 178 179 174
3 174 173 178
3 179 180 175
3 175 174 179
3 180 2555 170
3 170 175 180
3 181 182 183
3 183 184 181
3 1764 186 184
3 184 183 1764
3 186 187 181
3 181 184 186
3 187 2134 182
3 182 181 187
3 2134 1764 183
3 183 182 2134
3 188 189 190
3 190 191 188
3 192 193 191
3 191 190 192
3 193 194 188
3 188 191 193
3 194 195 189
3 189 188 194
3 195 192 190
3 190 189 195
3 196 197 198
3 198 199 196
3 200 201 202
3 202 203 200
3 196 199 201
3 201 200 196
3 199 198 202
3 202 201 199
3 198 197 203
3 203 202 198
3 197 196 200
3 200 203 197
3 3621 3622 3623
3 3619 3620 3617
3 208 209 210
3 210 211 208
3 204 208 211
3 211 205 204
3 205 211 210
3 210 206 205
3 206 210 209
3 209 207 206
3 207 209 208
3 208 204 207
3 212 213 214
3 214 215 212
3 216 217 218
3 218 219 216
3 212 215 217
3 217 216 212
3 215 214 218
3 218 217 215
3 214 213 219
3 219 218 214
3 213 212 216
3 216 219 213
3 220 221 222
3 222 223 220
3 224 225 226
3 226 227 224
3 220 223 225
3 225 224 220
3 223 222 226
3 226 225 223
3 222 221 227
3 227 226 222
3 221 220 224
3 224 227 221
3 228 229 230
3 228 230 231
3 232 228 231
3 232 231 233
3 233 234 235
3 232 233 235
3 228 232 236
3 236 237 228
3 236 238 239
3 239 237 236
3 239 240 241
3 241 237 239
3 241 229 228
3 228 237 241
3 242 243 244
3 244 245 242
3 244 246 247
3 247 245 244
3 247 234 233
3 233 245 247
3 233 231 242
3 242 245 233
3 241 240 248
3 248 249 241
3 248 243 242
3 242 249 248
3 242 231 230
3 230 249 242
3 230 229 241
3 241 249 230
3 239 238 250
3 250 251 239
3 250 246 244
3 244 251 250
3 244 243 248
3 248 251 244
3 248 240 239
3 239 251 248
3 236 232 235
3 235 252 236
3 235 234 247
3 247 252 235
3 247 246 250
3 250 252 247
3 250 238 236
3 236 252 250
3 253 254 255
3 255 256 253
3 3955 3956 3957
3 3957 3958 3955
3 253 3955 3958
3 3958 254 253
3 254 3958 3957
3 3957 255 254
3 255 3957 3956
3 3956 256 255
3 256 3956 3955
3 3955 253 256
3 257 258 259
3 259 260 257
3 261 262 263
3 263 264 261
3 257 260 262
3 262 261 257
3 260 259 263
3 263 262 260
3 259 258 264
3 264 263 259
3 258 257 261
3 261 264 258
3 265 266 267
3 265 267 268
3 265 268 269
3 265 269 270
3 266 271 272
3 272 267 266
3 270 269 273
3 273 274 270
3 269 268 275
3 275 273 269
3 268 267 272
3 272 275 268
3 276 277 278
3 276 278 279
3 276 279 185
3 276 185 280
3 280 185 281
3 281 282 280
3 185 279 283
3 283 281 3959
3 279 278 284
3 284 283 279
3 277 285 284
3 284 278 277
3 286 282 281
3 286 281 283
3 286 283 284
3 286 284 285
3 287 274 273
3 287 273 275
3 287 275 272
3 287 272 271
3 270 274 287
3 287 265 270
3 266 265 287
3 287 271 266
3 277 276 286
3 286 285 277
3 280 282 286
3 286 276 280
3 3617 3618 3619
3 3613 3616 3610
3 3610 3609 3613
3 3616 3615 3611
3 3611 3610 3616
3 3615 3614 3612
3 3612 3611 3615
3 3614 3613 3609
3 3609 3612 3614
3 3615 3616 3613
3 3613 3614 3615
3 3611 3612 3609
3 296 297 298
3 298 299 296
3 300 301 302
3 302 303 300
3 296 299 301
3 301 300 296
3 299 298 302
3 302 301 299
3 298 297 303
3 303 302 298
3 297 296 300
3 300 303 297
3 304 305 306
3 306 307 304
3 308 309 310
3 310 311 308
3 304 307 309
3 309 308 304
3 307 306 310
3 310 309 307
3 306 305 311
3 311 310 306
3 305 304 308
3 308 311 305
3 312 313 314
3 314 315 312
3 316 317 318
3 318 319 316
3 312 315 317
3 317 316 312
3 315 314 318
3 318 317 315
3 314 313 319
3 319 318 314
3 313 312 316
3 316 319 313
3 3960 3961 3962
3 3962 3963 3960
3 3964 3965 3966
3 3966 3967 3964
3 3960 3963 3965
3 3965 3964 3960
3 3963 3962 3966
3 3966 3965 3963
3 3962 3961 3967
3 3967 3966 3962
3 3961 3960 3964
3 3964 3967 3961
3 320 321 322
3 322 323 320
3 324 325 326
3 326 327 324
3 320 323 325
3 325 324 320
3 323 322 326
3 326 325 323
3 322 321 327
3 327 326 322
3 321 320 324
3 324 327 321
3 328 329 330
3 330 331 328
3 332 333 334
3 334 335 332
3 328 331 333
3 333 332 328
3 331 330 334
3 334 333 331
3 330 329 335
3 335 334 330
3 329 328 332
3 332 335 329
3 337 338 336
3 339 337 336
3 340 339 336
3 341 340 336
3 342 341 336
3 343 342 336
3 344 343 336
3 345 344 336
3 346 345 336
3 347 346 336
3 348 347 336
3 349 348 336
3 350 349 336
3 351 350 336
3 352 351 336
3 353 352 336
3 354 353 336
3 355 354 336
3 356 355 336
3 357 356 336
3 358 357 336
3 359 358 336
3 360 359 336
3 338 360 336
3 337 339 340
3 340 341 342
3 342 343 344
3 340 342 344
3 344 345 346
3 346 347 348
3 344 346 348
3 348 349 350
3 350 351 352
3 348 350 352
3 344 348 352
3 352 353 354
3 3609 3610 3611
3 352 354 356
3 356 357 358
3 358 359 360
3 356 358 360
3 352 356 360
3 344 352 360
3 340 344 360
3 337 340 360
3 338 337 360
3 361 362 363
3 363 364 361
3 362 365 366
3 366 363 362
3 365 367 368
3 368 366 365
3 367 369 370
3 370 368 367
3 369 371 372
3 372 370 369
3 371 361 364
3 364 372 371
3 364 363 373
3 373 374 364
3 363 366 375
3 375 373 363
3 366 368 376
3 376 375 366
3 368 370 377
3 377 376 368
3 370 372 378
3 378 377 370
3 372 364 374
3 374 378 372
3 374 373 379
3 379 380 374
3 373 375 381
3 381 379 373
3 375 376 382
3 382 381 375
3 376 377 383
3 383 382 376
3 377 378 384
3 384 383 377
3 378 374 380
3 380 384 378
3 380 379 385
3 385 386 380
3 379 381 387
3 387 385 379
3 381 382 388
3 388 387 381
3 382 383 389
3 389 388 382
3 383 384 390
3 390 389 383
3 384 380 386
3 386 390 384
3 386 385 391
3 391 392 386
3 385 387 393
3 393 391 385
3 387 388 394
3 394 393 387
3 388 389 395
3 395 394 388
3 389 390 396
3 396 395 389
3 390 386 392
3 392 396 390
3 392 391 397
3 397 398 392
3 391 393 399
3 399 397 391
3 393 394 400
3 400 399 393
3 394 395 401
3 401 400 394
3 395 396 402
3 402 401 395
3 396 392 398
3 398 402 396
3 369 367 365
3 365 362 361
3 369 365 361
3 371 369 361
3 397 399 400
3 400 401 402
3 397 400 402
3 398 397 402
3 403 404 405
3 405 406 403
3 404 407 408
3 408 405 404
3 407 409 410
3 410 408 407
3 409 411 412
3 412 410 409
3 411 413 414
3 414 412 411
3 413 415 416
3 416 414 413
3 415 417 418
3 418 416 415
3 417 419 420
3 420 418 417
3 419 421 422
3 422 420 419
3 421 423 424
3 424 422 421
3 423 425 426
3 426 424 423
3 425 427 428
3 428 426 425
3 427 429 430
3 430 428 427
3 429 431 432
3 432 430 429
3 431 403 406
3 406 432 431
3 429 427 425
3 425 423 421
3 429 425 421
3 421 419 417
3 417 415 413
3 421 417 413
3 413 411 409
3 409 407 404
3 413 409 404
3 421 413 404
3 429 421 404
3 429 404 403
3 431 429 403
3 405 408 410
3 410 412 414
3 405 410 414
3 414 416 418
3 418 420 422
3 414 418 422
3 422 424 426
3 426 428 430
3 422 426 430
3 414 422 430
3 405 414 430
3 405 430 432
3 406 405 432
3 433 434 435
3 435 436 433
3 434 437 438
3 438 435 434
3 437 439 440
3 440 438 437
3 439 441 442
3 442 440 439
3 441 443 444
3 444 442 441
3 443 445 446
3 446 444 443
3 445 447 448
3 448 446 445
3 447 449 450
3 450 448 447
3 449 451 452
3 452 450 449
3 451 453 454
3 454 452 451
3 453 455 456
3 456 454 453
3 455 457 458
3 458 456 455
3 457 459 460
3 460 458 457
3 459 461 462
3 462 460 459
3 461 463 464
3 464 462 461
3 463 465 466
3 466 464 463
3 465 467 468
3 468 466 465
3 467 469 470
3 470 468 467
3 469 471 472
3 472 470 469
3 471 433 436
3 436 472 471
3 469 467 465
3 465 463 461
3 461 459 457
3 465 461 457
3 457 455 453
3 453 451 449
3 457 453 449
3 449 447 445
3 445 443 441
3 449 445 441
3 441 439 437
3 437 434 433
3 441 437 433
3 449 441 433
3 457 449 433
3 465 457 433
3 469 465 433
3 471 469 433
3 3605 3608 3602
3 3602 3601 3605
3 3608 3607 3603
3 3603 3602 3608
3 3607 3606 3604
3 3604 3603 3607
3 3606 3605 3601
3 3601 3604 3606
3 3607 3608 3605
3 3605 3606 3607
3 3603 3604 3601
3 468 470 472
3 3996 468 472
3 3601 3602 3603
3 3597 3600 3594
3 3594 3593 3597
3 3600 3599 3595
3 3595 3594 3600
3 473 474 475
3 475 476 477
3 477 478 479
3 480 481 482
3 479 480 482
3 479 482 483
3 477 479 483
3 475 477 483
3 473 475 483
3 473 483 484
3 485 486 481
3 481 480 485
3 486 487 482
3 482 481 486
3 487 488 483
3 483 482 487
3 488 489 484
3 484 483 488
3 489 490 473
3 473 484 489
3 490 491 474
3 474 473 490
3 491 492 475
3 475 474 491
3 492 493 476
3 476 475 492
3 493 494 477
3 477 476 493
3 494 495 478
3 478 477 494
3 495 496 479
3 479 478 495
3 496 485 480
3 480 479 496
3 3968 3969 497
3 497 498 3968
3 498 497 499
3 499 500 498
3 500 499 501
3 501 502 500
3 502 501 503
3 503 504 502
3 504 503 505
3 505 506 504
3 506 505 507
3 507 508 506
3 508 507 509
3 509 510 508
3 3969 3970 511
3 511 497 3969
3 497 511 512
3 512 499 497
3 499 512 513
3 513 501 499
3 501 513 514
3 514 503 501
3 503 514 515
3 515 505 503
3 505 515 516
3 516 507 505
3 507 516 517
3 517 509 507
3 3970 3971 518
3 518 511 3970
3 511 518 519
3 519 512 511
3 512 519 520
3 520 513 512
3 513 520 521
3 521 514 513
3 514 521 522
3 522 515 514
3 515 522 523
3 523 516 515
3 516 523 524
3 524 517 516
3 3971 3972 525
3 525 518 3971
3 518 525 526
3 526 519 518
3 519 526 527
3 527 520 519
3 520 527 528
3 528 521 520
3 521 528 529
3 529 522 521
3 522 529 530
3 530 523 522
3 523 530 531
3 531 524 523
3 3972 3973 532
3 532 525 3972
3 525 532 533
3 533 526 525
3 526 533 534
3 534 527 526
3 527 534 535
3 535 528 527
3 528 535 536
3 536 529 528
3 529 536 537
3 537 530 529
3 530 537 538
3 538 531 530
3 3973 3974 539
3 539 532 3973
3 532 539 540
3 540 533 532
3 533 540 541
3 541 534 533
3 534 541 542
3 542 535 534
3 535 542 543
3 543 536 535
3 536 543 544
3 544 537 536
3 537 544 545
3 545 538 537
3 3974 546 547
3 547 539 3974
3 539 547 548
3 548 540 539
3 540 548 549
3 549 541 540
3 541 549 550
3 550 542 541
3 542 550 551
3 551 543 542
3 543 551 552
3 552 544 543
3 544 552 553
3 553 545 544
3 546 3975 554
3 554 547 546
3 547 554 555
3 555 548 547
3 548 555 556
3 556 549 548
3 549 556 557
3 557 550 549
3 550 557 558
3 558 551 550
3 551 558 559
3 559 552 551
3 552 559 560
3 560 553 552
3 3975 561 562
3 562 554 3975
3 554 562 563
3 563 555 554
3 555 563 564
3 564 556 555
3 556 564 565
3 565 557 556
3 557 565 566
3 566 558 557
3 558 566 567
3 567 559 558
3 559 567 568
3 568 560 559
3 561 3976 569
3 569 562 561
3 562 569 570
3 570 563 562
3 563 570 571
3 571 564 563
3 564 571 572
3 572 565 564
3 565 572 573
3 573 566 565
3 566 573 574
3 574 567 566
3 567 574 575
3 575 568 567
3 3976 3977 576
3 576 569 3976
3 569 576 577
3 577 570 569
3 570 577 578
3 578 571 570
3 571 578 579
3 579 572 571
3 572 579 580
3 580 573 572
3 573 580 581
3 581 574 573
3 574 581 582
3 582 575 574
3 3977 3978 583
3 583 576 3977
3 576 583 584
3 584 577 576
3 577 584 585
3 585 578 577
3 578 585 586
3 586 579 578
3 579 586 587
3 587 580 579
3 580 587 588
3 588 581 580
3 581 588 589
3 589 582 581
3 3978 3979 590
3 590 583 3978
3 583 590 591
3 591 584 583
3 584 591 592
3 592 585 584
3 585 592 593
3 593 586 585
3 586 593 594
3 594 587 586
3 587 594 595
3 595 588 587
3 588 595 596
3 596 589 588
3 3979 3980 597
3 597 590 3979
3 590 597 598
3 598 591 590
3 591 598 599
3 599 592 591
3 592 599 600
3 600 593 592
3 593 600 601
3 601 594 593
3 594 601 602
3 602 595 594
3 595 602 603
3 603 596 595
3 3980 3981 604
3 604 597 3980
3 597 604 605
3 605 598 597
3 598 605 606
3 606 599 598
3 599 606 607
3 607 600 599
3 600 607 608
3 608 601 600
3 601 608 609
3 609 602 601
3 602 609 610
3 610 603 602
3 3981 611 612
3 612 604 3981
3 604 612 613
3 613 605 604
3 605 613 614
3 614 606 605
3 606 614 615
3 615 607 606
3 607 615 616
3 616 608 607
3 608 616 617
3 617 609 608
3 609 617 618
3 618 610 609
3 611 3982 619
3 619 612 611
3 612 619 620
3 620 613 612
3 613 620 621
3 621 614 613
3 614 621 622
3 622 615 614
3 615 622 623
3 623 616 615
3 616 623 624
3 624 617 616
3 617 624 625
3 625 618 617
3 3982 3983 626
3 626 619 3982
3 619 626 627
3 627 620 619
3 620 627 628
3 628 621 620
3 621 628 629
3 629 622 621
3 622 629 630
3 630 623 622
3 623 630 631
3 631 624 623
3 624 631 632
3 632 625 624
3 3983 3984 633
3 633 626 3983
3 626 633 634
3 634 627 626
3 627 634 635
3 635 628 627
3 628 635 636
3 636 629 628
3 629 636 637
3 637 630 629
3 630 637 638
3 638 631 630
3 631 638 639
3 639 632 631
3 3984 3968 498
3 498 633 3984
3 633 498 500
3 500 634 633
3 634 500 502
3 502 635 634
3 635 502 504
3 504 636 635
3 636 504 506
3 506 637 636
3 637 506 508
3 508 638 637
3 638 508 510
3 510 639 638
3 3984 3983 3982
3 3982 611 3981
3 3981 3980 3979
3 3982 3981 3979
3 3979 3978 3977
3 3977 3976 561
3 3979 3977 561
3 561 3975 546
3 546 3974 3973
3 561 546 3973
3 3973 3972 3971
3 3971 3970 3969
3 3973 3971 3969
3 561 3973 3969
3 3979 561 3969
3 3982 3979 3969
3 3984 3982 3969
3 3968 3984 3969
3 517 524 531
3 531 538 545
3 545 553 560
3 531 545 560
3 560 568 575
3 575 582 589
3 560 575 589
3 589 596 603
3 603 610 618
3 589 603 618
3 618 625 632
3 632 639 510
3 618 632 510
3 589 618 510
3 560 589 510
3 531 560 510
3 517 531 510
3 509 517 510
3 640 641 642
3 643 644 645
3 646 643 645
3 646 645 647
3 648 649 650
3 647 648 650
3 647 650 651
3 646 647 651
3 651 652 653
3 654 655 656
3 653 654 656
3 653 656 657
3 651 653 657
3 646 651 657
3 642 646 657
3 640 642 657
3 658 659 649
3 649 648 658
3 659 660 650
3 650 649 659
3 660 2056 651
3 651 650 660
3 2056 661 652
3 652 651 2056
3 661 662 653
3 653 652 661
3 662 2115 654
3 654 653 662
3 2115 663 655
3 655 654 2115
3 663 2100 656
3 656 655 663
3 2100 664 657
3 657 656 2100
3 664 122 640
3 640 657 664
3 122 665 641
3 641 640 122
3 665 2099 642
3 642 641 665
3 2099 666 646
3 646 642 2099
3 666 2076 643
3 643 646 666
3 2076 667 644
3 644 643 2076
3 667 2057 645
3 645 644 667
3 2057 668 647
3 647 645 2057
3 668 658 648
3 648 647 668
3 669 670 671
3 672 673 674
3 674 3985 675
3 672 674 675
3 671 672 675
3 669 671 675
3 676 677 3985
3 3985 674 676
3 677 678 675
3 675 3985 677
3 678 679 669
3 669 675 678
3 679 680 670
3 670 669 679
3 680 681 671
3 671 670 680
3 681 682 672
3 672 671 681
3 682 683 673
3 673 672 682
3 683 676 674
3 674 673 683
3 3937 3923 3938
3 3923 3939 3938
3 3923 3940 3939
3 3923 3941 3940
3 3923 3942 3941
3 3923 3943 3942
3 684 691 692
3 684 692 693
3 684 693 694
3 684 694 695
3 3923 3944 3943
3 3923 3946 3944
3 3946 3945 3944
3 3923 3947 3946
3 3923 3948 3947
3 3923 3949 3948
3 3923 3950 3949
3 3986 700 702
3 3986 702 703
3 3986 703 704
3 3986 704 705
3 3986 705 706
3 3986 706 707
3 3986 707 708
3 3986 708 709
3 3986 709 710
3 3986 710 711
3 3986 711 712
3 3986 712 713
3 3986 713 714
3 3986 714 686
3 3923 3951 3950
3 3923 3952 3951
3 3923 3953 3952
3 3923 3954 3953
3 3937 3934 3923
3 718 688 687
3 687 717 718
3 719 689 688
3 688 718 719
3 720 690 689
3 689 719 720
3 721 691 690
3 690 720 721
3 722 692 691
3 691 721 722
3 723 693 692
3 692 722 723
3 3934 3925 3923
3 693 723 724
3 725 695 694
3 3925 3924 3923
3 726 696 695
3 695 725 726
3 727 697 696
3 696 726 727
3 728 698 697
3 697 727 728
3 3934 3933 3925
3 698 728 729
3 3933 3932 3925
3 3932 3926 3925
3 3932 3931 3926
3 3931 3927 3926
3 732 3988 1701
3 3989 731 3998
3 3999 3997 3988
3 3988 732 3999
3 3931 3930 3927
3 3930 3928 3927
3 735 704 703
3 703 734 735
3 736 705 704
3 704 735 736
3 737 706 705
3 705 736 737
3 738 707 706
3 706 737 738
3 739 708 707
3 707 738 739
3 740 709 708
3 708 739 740
3 741 710 709
3 709 740 741
3 742 711 710
3 710 741 742
3 743 712 711
3 711 742 743
3 3930 3929 3928
3 712 743 744
3 3937 3936 3934
3 3936 3935 3934
3 746 686 714
3 3922 3954 3923
3 3923 3892 3922
3 686 746 716
3 747 715 716
3 716 748 747
3 749 717 715
3 715 747 749
3 750 718 717
3 717 749 750
3 751 719 718
3 718 750 751
3 752 720 719
3 719 751 752
3 753 721 720
3 720 752 753
3 754 722 721
3 721 753 754
3 755 723 722
3 722 754 755
3 756 724 723
3 723 755 756
3 757 725 724
3 724 756 757
3 758 726 725
3 725 757 758
3 759 727 726
3 726 758 759
3 760 728 727
3 727 759 760
3 761 729 728
3 728 760 761
3 762 730 729
3 729 761 762
3 3922 3921 3953
3 730 762 763
3 764 3998 731
3 731 763 764
3 3953 3954 3922
3 3921 3920 3952
3 766 734 733
3 733 765 766
3 767 735 734
3 734 766 767
3 768 736 735
3 735 767 768
3 769 737 736
3 736 768 769
3 770 738 737
3 737 769 770
3 771 739 738
3 738 770 771
3 772 740 739
3 739 771 772
3 773 741 740
3 740 772 773
3 774 742 741
3 741 773 774
3 3952 3953 3921
3 742 774 775
3 776 744 743
3 3920 3919 3951
3 3951 3952 3920
3 744 776 777
3 3919 3918 3950
3 3950 3951 3919
3 748 716 746
3 746 778 748
3 779 747 748
3 748 780 779
3 781 749 747
3 747 779 781
3 782 750 749
3 749 781 782
3 783 751 750
3 750 782 783
3 784 752 751
3 751 783 784
3 785 753 752
3 752 784 785
3 786 754 753
3 753 785 786
3 787 755 754
3 754 786 787
3 788 756 755
3 755 787 788
3 789 757 756
3 756 788 789
3 790 758 757
3 757 789 790
3 791 759 758
3 758 790 791
3 3918 3917 3949
3 759 791 792
3 793 761 760
3 3949 3950 3918
3 3917 3916 3948
3 761 793 794
3 795 763 762
3 762 794 795
3 796 764 763
3 763 795 796
3 797 765 764
3 764 796 797
3 798 766 765
3 765 797 798
3 799 767 766
3 766 798 799
3 800 768 767
3 767 799 800
3 801 769 768
3 768 800 801
3 802 770 769
3 769 801 802
3 803 771 770
3 770 802 803
3 804 772 771
3 771 803 804
3 805 773 772
3 772 804 805
3 3948 3949 3917
3 773 805 806
3 807 775 774
3 3916 3915 3947
3 3947 3948 3916
3 775 807 808
3 809 777 776
3 776 808 809
3 810 778 777
3 777 809 810
3 780 748 778
3 778 810 780
3 811 779 780
3 780 812 811
3 813 781 779
3 779 811 813
3 814 782 781
3 781 813 814
3 815 783 782
3 782 814 815
3 816 784 783
3 783 815 816
3 817 785 784
3 784 816 817
3 818 786 785
3 785 817 818
3 819 787 786
3 786 818 819
3 820 788 787
3 787 819 820
3 821 789 788
3 788 820 821
3 822 790 789
3 789 821 822
3 3915 3914 3946
3 790 822 823
3 824 792 791
3 791 823 824
3 825 793 792
3 792 824 825
3 826 794 793
3 793 825 826
3 827 795 794
3 794 826 827
3 828 796 795
3 795 827 828
3 829 797 796
3 796 828 829
3 830 798 797
3 797 829 830
3 831 799 798
3 798 830 831
3 832 800 799
3 799 831 832
3 833 801 800
3 800 832 833
3 834 802 801
3 801 833 834
3 835 803 802
3 802 834 835
3 836 804 803
3 803 835 836
3 837 805 804
3 804 836 837
3 838 806 805
3 805 837 838
3 839 807 806
3 806 838 839
3 840 808 807
3 807 839 840
3 841 809 808
3 808 840 841
3 842 810 809
3 3946 3947 3915
3 812 780 810
3 810 842 812
3 843 811 812
3 812 844 843
3 845 813 811
3 811 843 845
3 846 814 813
3 813 845 846
3 847 815 814
3 814 846 847
3 848 816 815
3 815 847 848
3 849 817 816
3 816 848 849
3 850 818 817
3 817 849 850
3 851 819 818
3 818 850 851
3 852 820 819
3 819 851 852
3 3914 3913 3945
3 820 852 853
3 854 822 821
3 821 853 854
3 855 823 822
3 3945 3946 3914
3 856 824 823
3 823 855 856
3 857 825 824
3 824 856 857
3 858 826 825
3 825 857 858
3 859 827 826
3 826 858 859
3 860 828 827
3 827 859 860
3 861 829 828
3 828 860 861
3 862 830 829
3 829 861 862
3 863 831 830
3 830 862 863
3 864 832 831
3 831 863 864
3 865 833 832
3 832 864 865
3 866 834 833
3 833 865 866
3 834 866 835
3 867 836 835
3 868 837 836
3 836 867 868
3 3913 3912 3944
3 837 868 869
3 870 839 838
3 838 869 870
3 871 840 839
3 839 870 871
3 872 841 840
3 840 871 872
3 873 842 841
3 841 872 873
3 844 812 842
3 842 873 844
3 874 843 844
3 844 875 874
3 876 845 843
3 843 874 876
3 877 846 845
3 845 876 877
3 878 847 846
3 846 877 878
3 879 848 847
3 847 878 879
3 880 849 848
3 848 879 880
3 881 850 849
3 849 880 881
3 3944 3945 3913
3 3912 3911 3943
3 883 853 852
3 3943 3944 3912
3 884 854 853
3 853 883 884
3 885 855 854
3 854 884 885
3 886 856 855
3 855 885 886
3 887 857 856
3 856 886 887
3 888 858 857
3 857 887 888
3 889 859 858
3 858 888 889
3 890 860 859
3 859 889 890
3 891 861 860
3 860 890 891
3 892 862 861
3 861 891 892
3 893 863 862
3 862 892 893
3 894 864 863
3 863 893 894
3 895 865 864
3 864 894 895
3 896 866 865
3 865 895 896
3 897 835 866
3 866 896 897
3 898 867 835
3 835 897 898
3 899 868 867
3 867 898 899
3 900 869 868
3 868 899 900
3 901 870 869
3 869 900 901
3 902 871 870
3 870 901 902
3 903 872 871
3 871 902 903
3 904 873 872
3 872 903 904
3 875 844 873
3 873 904 875
3 905 874 875
3 875 906 905
3 907 876 874
3 874 905 907
3 908 877 876
3 876 907 908
3 909 878 877
3 877 908 909
3 910 879 878
3 878 909 910
3 911 880 879
3 879 910 911
3 912 881 880
3 880 911 912
3 913 4000 881
3 881 912 913
3 914 882 4000
3 4000 913 914
3 915 883 882
3 882 914 915
3 916 884 883
3 883 915 916
3 917 885 884
3 884 916 917
3 918 886 885
3 885 917 918
3 919 887 886
3 886 918 919
3 920 888 887
3 887 919 920
3 921 889 888
3 888 920 921
3 922 890 889
3 889 921 922
3 923 891 890
3 890 922 923
3 924 892 891
3 891 923 924
3 925 893 892
3 892 924 925
3 926 894 893
3 893 925 926
3 927 895 894
3 894 926 927
3 928 896 895
3 895 927 928
3 929 897 896
3 896 928 929
3 930 898 897
3 897 929 930
3 931 899 898
3 898 930 931
3 932 900 899
3 899 931 932
3 933 901 900
3 900 932 933
3 934 902 901
3 901 933 934
3 935 903 902
3 902 934 935
3 936 904 903
3 903 935 936
3 906 875 904
3 904 936 906
3 937 905 906
3 906 938 937
3 939 907 905
3 905 937 939
3 940 908 907
3 907 939 940
3 941 909 908
3 908 940 941
3 942 910 909
3 909 941 942
3 943 911 910
3 910 942 943
3 944 912 911
3 911 943 944
3 945 913 912
3 912 944 945
3 946 914 913
3 913 945 946
3 947 915 914
3 914 946 947
3 948 916 915
3 915 947 948
3 949 917 916
3 916 948 949
3 950 918 917
3 917 949 950
3 951 919 918
3 918 950 951
3 952 920 919
3 919 951 952
3 953 921 920
3 920 952 953
3 954 922 921
3 921 953 954
3 955 923 922
3 922 954 955
3 956 924 923
3 923 955 956
3 957 925 924
3 924 956 957
3 958 926 925
3 925 957 958
3 959 927 926
3 926 958 959
3 960 928 927
3 927 959 960
3 961 929 928
3 928 960 961
3 962 930 929
3 929 961 962
3 963 931 930
3 930 962 963
3 964 932 931
3 931 963 964
3 965 933 932
3 932 964 965
3 966 934 933
3 933 965 966
3 967 935 934
3 934 966 967
3 968 936 935
3 935 967 968
3 938 906 936
3 936 968 938
3 969 937 938
3 938 970 969
3 971 939 937
3 937 969 971
3 972 940 939
3 939 971 972
3 973 941 940
3 940 972 973
3 974 942 941
3 941 973 974
3 975 943 942
3 942 974 975
3 976 944 943
3 943 975 976
3 977 945 944
3 944 976 977
3 978 946 945
3 945 977 978
3 979 947 946
3 946 978 979
3 980 948 947
3 947 979 980
3 981 949 948
3 948 980 981
3 982 950 949
3 949 981 982
3 983 951 950
3 950 982 983
3 984 952 951
3 951 983 984
3 985 953 952
3 952 984 985
3 986 954 953
3 953 985 986
3 987 955 954
3 954 986 987
3 988 956 955
3 955 987 988
3 989 957 956
3 956 988 989
3 990 958 957
3 957 989 990
3 991 959 958
3 958 990 991
3 992 960 959
3 959 991 992
3 993 961 960
3 960 992 993
3 994 962 961
3 961 993 994
3 995 963 962
3 962 994 995
3 996 964 963
3 963 995 996
3 997 965 964
3 964 996 997
3 998 966 965
3 965 997 998
3 999 967 966
3 966 998 999
3 1000 968 967
3 967 999 1000
3 970 938 968
3 968 1000 970
3 1001 969 970
3 970 1002 1001
3 1003 971 969
3 969 1001 1003
3 1004 972 971
3 971 1003 1004
3 1005 973 972
3 972 1004 1005
3 3911 3910 3942
3 973 1005 1006
3 1007 975 974
3 974 1006 1007
3 1008 976 975
3 975 1007 1008
3 1009 977 976
3 976 1008 1009
3 1010 978 977
3 977 1009 1010
3 1011 979 978
3 978 1010 1011
3 1012 980 979
3 979 1011 1012
3 1013 981 980
3 980 1012 1013
3 1014 982 981
3 981 1013 1014
3 1015 983 982
3 982 1014 1015
3 1016 984 983
3 983 1015 1016
3 1017 985 984
3 984 1016 1017
3 1018 986 985
3 985 1017 1018
3 1019 987 986
3 986 1018 1019
3 1020 988 987
3 987 1019 1020
3 1021 989 988
3 988 1020 1021
3 1022 990 989
3 989 1021 1022
3 1023 991 990
3 990 1022 1023
3 1024 992 991
3 991 1023 1024
3 1025 993 992
3 992 1024 1025
3 1026 994 993
3 993 1025 1026
3 1027 995 994
3 994 1026 1027
3 1028 996 995
3 995 1027 1028
3 1029 997 996
3 996 1028 1029
3 1030 998 997
3 997 1029 1030
3 1031 999 998
3 998 1030 1031
3 1032 1000 999
3 999 1031 1032
3 1002 970 1000
3 1000 1032 1002
3 3942 3943 3911
3 3910 3909 3941
3 1035 1003 1001
3 1001 1033 1035
3 1036 1004 1003
3 1003 1035 1036
3 1037 1005 1004
3 1004 1036 1037
3 1038 1006 1005
3 1005 1037 1038
3 1039 1007 1006
3 1006 1038 1039
3 3941 3942 3910
3 1007 1039 1040
3 3909 3908 3940
3 3940 3941 3909
3 1042 1011 1010
3 1010 1041 1042
3 1043 1012 1011
3 1011 1042 1043
3 1044 1013 1012
3 1012 1043 1044
3 1045 1014 1013
3 1013 1044 1045
3 1046 1015 1014
3 1014 1045 1046
3 1047 1016 1015
3 1015 1046 1047
3 3908 3907 3939
3 3939 3940 3908
3 1049 1018 1017
3 1017 1048 1049
3 1050 1019 1018
3 1018 1049 1050
3 1051 1020 1019
3 1019 1050 1051
3 1052 1021 1020
3 1020 1051 1052
3 1053 1022 1021
3 1021 1052 1053
3 1054 1023 1022
3 1022 1053 1054
3 3907 3906 3938
3 1023 1054 1055
3 3938 3939 3907
3 3906 3905 3937
3 1057 1027 1026
3 1026 1056 1057
3 1058 1028 1027
3 1027 1057 1058
3 1059 1029 1028
3 1028 1058 1059
3 1060 1030 1029
3 1029 1059 1060
3 1061 1031 1030
3 1030 1060 1061
3 1062 1032 1031
3 1031 1061 1062
3 1034 1002 1032
3 1032 1062 1034
3 1063 1033 1034
3 1034 1064 1063
3 1065 1035 1033
3 1033 1063 1065
3 3937 3938 3906
3 1035 1065 1066
3 1067 1037 1036
3 3905 3904 3936
3 1068 1038 1037
3 1037 1067 1068
3 3936 3937 3905
3 1038 1068 1069
3 1070 1040 1039
3 3904 3903 3935
3 1071 4001 1040
3 1040 1070 1071
3 1072 1041 4001
3 4001 1071 1072
3 1073 1042 1041
3 1041 1072 1073
3 1074 1043 1042
3 1042 1073 1074
3 1075 1044 1043
3 1043 1074 1075
3 1076 1045 1044
3 1044 1075 1076
3 1077 1046 1045
3 1045 1076 1077
3 1078 1047 1046
3 1046 1077 1078
3 3599 3598 3596
3 1047 1078 1079
3 1080 1049 1048
3 1048 4003 1080
3 1081 1050 1049
3 1049 1080 1081
3 3935 3936 3904
3 1050 1081 1082
3 1083 1052 1051
3 3903 3902 3934
3 3934 3935 3903
3 1052 1083 1084
3 1085 1054 1053
3 3902 3901 3933
3 1086 1055 1054
3 1054 1085 1086
3 1087 4002 1055
3 1055 1086 1087
3 1088 1056 4002
3 4002 1087 1088
3 1089 1057 1056
3 1056 1088 1089
3 1090 1058 1057
3 1057 1089 1090
3 1091 1059 1058
3 1058 1090 1091
3 1092 1060 1059
3 1059 1091 1092
3 1093 1061 1060
3 1060 1092 1093
3 1094 1062 1061
3 1061 1093 1094
3 1064 1034 1062
3 1062 1094 1064
3 1095 1063 1064
3 1064 1096 1095
3 3933 3934 3902
3 3901 3900 3932
3 1098 1066 1065
3 3932 3933 3901
3 1099 1067 1066
3 1066 1098 1099
3 1100 1068 1067
3 1067 1099 1100
3 1101 1069 1068
3 1068 1100 1101
3 1102 1070 1069
3 1069 1101 1102
3 1103 1071 1070
3 1070 1102 1103
3 1104 1072 1071
3 1071 1103 1104
3 1105 1073 1072
3 1072 1104 1105
3 1106 1074 1073
3 1073 1105 1106
3 1107 1075 1074
3 1074 1106 1107
3 1108 1076 1075
3 1075 1107 1108
3 1109 1077 1076
3 1076 1108 1109
3 3900 3899 3931
3 3931 3932 3900
3 1111 1079 1078
3 1078 1110 1111
3 3899 3898 3930
3 3930 3931 3899
3 1113 1081 1080
3 3898 3897 3929
3 1114 1082 1081
3 1081 1113 1114
3 1115 1083 1082
3 1082 1114 1115
3 1116 1084 1083
3 1083 1115 1116
3 1117 1085 1084
3 1084 1116 1117
3 1118 1086 1085
3 1085 1117 1118
3 1119 1087 1086
3 1086 1118 1119
3 1120 1088 1087
3 1087 1119 1120
3 1121 1089 1088
3 1088 1120 1121
3 1122 1090 1089
3 1089 1121 1122
3 1123 1091 1090
3 1090 1122 1123
3 1124 1092 1091
3 1091 1123 1124
3 1125 1093 1092
3 1092 1124 1125
3 1126 1094 1093
3 1093 1125 1126
3 3929 3930 3898
3 3897 3896 3928
3 1127 1095 1096
3 1096 1128 1127
3 1129 1097 1095
3 1095 1127 1129
3 1130 4004 1097
3 1097 1129 1130
3 3596 3595 3599
3 4004 1130 1131
3 1132 1100 1099
3 3928 3929 3897
3 1133 1101 1100
3 1100 1132 1133
3 1134 1102 1101
3 1101 1133 1134
3 1135 1103 1102
3 1102 1134 1135
3 1136 1104 1103
3 1103 1135 1136
3 1137 1105 1104
3 1104 1136 1137
3 1138 1106 1105
3 1105 1137 1138
3 1139 1107 1106
3 1106 1138 1139
3 3598 3597 3593
3 3896 3895 3927
3 1141 1109 1108
3 1108 1140 1141
3 1142 1110 1109
3 1109 1141 1142
3 1143 1111 1110
3 1110 1142 1143
3 3927 3928 3896
3 3895 3894 3926
3 3926 3927 3895
3 3894 3893 3925
3 1146 1114 1113
3 3925 3926 3894
3 1147 1115 1114
3 1114 1146 1147
3 3893 3891 3924
3 1115 1147 1148
3 3924 3925 3893
3 3891 3892 3923
3 3923 3924 3891
3 3890 3922 3892
3 3892 3860 3890
3 3889 3921 3922
3 3922 3890 3889
3 3888 3920 3921
3 1152 1123 1122
3 1122 1151 1152
3 1153 1124 1123
3 1123 1152 1153
3 1154 1125 1124
3 1124 1153 1154
3 3921 3889 3888
3 3887 3919 3920
3 3920 3888 3887
3 3886 3918 3919
3 1156 1127 1128
3 1156 1129 1127
3 1156 1130 1129
3 1156 1131 1130
3 1156 1132 1131
3 1156 1133 1132
3 1156 1134 1133
3 1156 1135 1134
3 1156 1136 1135
3 1156 1137 1136
3 1156 1138 1137
3 1156 1139 1138
3 1156 1140 1139
3 1156 1141 1140
3 1156 1142 1141
3 1156 1143 1142
3 1156 1144 1143
3 1156 1145 1144
3 1156 1146 1145
3 1156 1147 1146
3 1156 1148 1147
3 1156 1678 1148
3 1156 3992 1678
3 1156 4005 3992
3 1156 1150 4005
3 1156 4006 1150
3 1156 1151 4006
3 1156 1152 1151
3 1156 1153 1152
3 1156 1154 1153
3 1156 1155 1154
3 1156 1128 1155
3 3919 3887 3886
3 3885 3917 3918
3 3918 3886 3885
3 3884 3916 3917
3 1157 1162 1163
3 1157 1163 1164
3 1157 1164 1165
3 1157 1165 1166
3 1157 1166 1167
3 1157 1167 1168
3 1157 1168 1169
3 1157 1169 1170
3 3917 3885 3884
3 3883 3915 3916
3 3916 3884 3883
3 3882 3914 3915
3 3915 3883 3882
3 3881 3913 3914
3 3993 1172 1175
3 3993 1175 1176
3 3993 1176 1177
3 3993 1177 1178
3 3993 1178 1179
3 3993 1179 1180
3 3993 1180 1181
3 3993 1181 1182
3 3993 1182 1183
3 3993 1183 1184
3 3993 1184 1185
3 3993 1185 1160
3 3914 3882 3881
3 3880 3912 3913
3 3913 3881 3880
3 3879 3911 3912
3 1188 1160 3994
3 3994 1186 1188
3 1189 1161 1160
3 1160 1188 1189
3 1190 1162 1161
3 1161 1189 1190
3 1191 1163 1162
3 1162 1190 1191
3 1192 1164 1163
3 1163 1191 1192
3 1193 1165 1164
3 1164 1192 1193
3 1194 1166 1165
3 1165 1193 1194
3 1195 1167 1166
3 1166 1194 1195
3 1196 1168 1167
3 1167 1195 1196
3 1197 1169 1168
3 1168 1196 1197
3 1198 1170 1169
3 1169 1197 1198
3 1199 1171 1170
3 1170 1198 1199
3 1200 4007 1171
3 1171 1199 1200
3 3912 3880 3879
3 4007 1200 1201
3 3878 3910 3911
3 3911 3879 3878
3 1203 3995 1664
3 3507 1202 4008
3 1204 1172 3995
3 3995 1203 1204
3 1205 1175 1172
3 1172 1204 1205
3 3877 3909 3910
3 3910 3878 3877
3 1207 1177 1176
3 1176 1206 1207
3 1208 1178 1177
3 1177 1207 1208
3 1209 1179 1178
3 1178 1208 1209
3 1210 1180 1179
3 1179 1209 1210
3 1211 1181 1180
3 1180 1210 1211
3 1212 1182 1181
3 1181 1211 1212
3 1213 1183 1182
3 1182 1212 1213
3 3876 3908 3909
3 1183 1213 1214
3 3909 3877 3876
3 3875 3907 3908
3 1216 1160 1185
3 3908 3876 3875
3 1217 3994 1160
3 1160 1216 1217
3 3874 3906 3907
3 3994 1217 1187
3 1218 1186 1187
3 1187 1219 1218
3 1220 1188 1186
3 1186 1218 1220
3 1221 1189 1188
3 1188 1220 1221
3 3907 3875 3874
3 3873 3905 3906
3 1223 1191 1190
3 1190 1222 1223
3 1224 1192 1191
3 1191 1223 1224
3 1225 1193 1192
3 1192 1224 1225
3 1226 1194 1193
3 1193 1225 1226
3 1227 1195 1194
3 1194 1226 1227
3 1228 1196 1195
3 1195 1227 1228
3 1229 1197 1196
3 1196 1228 1229
3 3906 3874 3873
3 1197 1229 1230
3 3872 3904 3905
3 3905 3873 3872
3 1232 1200 1199
3 3871 3903 3904
3 1233 1201 1200
3 1200 1232 1233
3 1234 1202 1201
3 1201 1233 1234
3 1235 4008 1202
3 1202 1234 1235
3 3904 3872 3871
3 4008 1235 1236
3 1237 1205 1204
3 1204 1236 1237
3 1238 1206 1205
3 1205 1237 1238
3 1239 1207 1206
3 1206 1238 1239
3 1240 1208 1207
3 1207 1239 1240
3 1241 1209 1208
3 1208 1240 1241
3 1242 1210 1209
3 1209 1241 1242
3 1243 1211 1210
3 1210 1242 1243
3 1244 1212 1211
3 1211 1243 1244
3 3870 3902 3903
3 1212 1244 1245
3 1246 1214 1213
3 3903 3871 3870
3 1247 1215 1214
3 1214 1246 1247
3 3869 3901 3902
3 1215 1247 1248
3 3593 3596 3598
3 4009 1248 1249
3 1219 1187 1217
3 1217 1249 1219
3 3902 3870 3869
3 3868 3900 3901
3 1252 1220 1218
3 1218 1250 1252
3 1253 1221 1220
3 1220 1252 1253
3 1254 1222 1221
3 1221 1253 1254
3 1255 1223 1222
3 1222 1254 1255
3 1256 1224 1223
3 1223 1255 1256
3 1257 1225 1224
3 1224 1256 1257
3 1258 1226 1225
3 1225 1257 1258
3 1259 1227 1226
3 1226 1258 1259
3 1260 1228 1227
3 1227 1259 1260
3 1261 1229 1228
3 1228 1260 1261
3 1262 1230 1229
3 1229 1261 1262
3 1263 1231 1230
3 1230 1262 1263
3 1264 1232 1231
3 1231 1263 1264
3 1265 1233 1232
3 1232 1264 1265
3 3901 3869 3868
3 3867 3899 3900
3 1267 1235 1234
3 1234 1266 1267
3 1268 1236 1235
3 1235 1267 1268
3 1269 1237 1236
3 1236 1268 1269
3 1270 1238 1237
3 1237 1269 1270
3 1271 1239 1238
3 1238 1270 1271
3 1272 1240 1239
3 1239 1271 1272
3 1273 1241 1240
3 1240 1272 1273
3 1274 1242 1241
3 1241 1273 1274
3 1275 1243 1242
3 1242 1274 1275
3 3900 3868 3867
3 1243 1275 1276
3 1277 1245 1244
3 1244 1276 1277
3 1278 1246 1245
3 1245 1277 1278
3 1279 1247 1246
3 1246 1278 1279
3 1280 1248 1247
3 1247 1279 1280
3 1281 1249 1248
3 1248 1280 1281
3 1251 1219 1249
3 1249 1281 1251
3 1282 1250 1251
3 1251 1283 1282
3 1284 1252 1250
3 1250 1282 1284
3 1285 1253 1252
3 1252 1284 1285
3 1286 1254 1253
3 1253 1285 1286
3 1287 1255 1254
3 1254 1286 1287
3 1288 1256 1255
3 1255 1287 1288
3 1289 1257 1256
3 1256 1288 1289
3 1290 1258 1257
3 1257 1289 1290
3 1291 1259 1258
3 1258 1290 1291
3 1292 1260 1259
3 1259 1291 1292
3 1293 1261 1260
3 1260 1292 1293
3 1294 1262 1261
3 1261 1293 1294
3 1295 1263 1262
3 1262 1294 1295
3 3866 3898 3899
3 1263 1295 1296
3 1297 1265 1264
3 1264 1296 1297
3 3599 3600 3597
3 1265 1297 1298
3 1299 1267 1266
3 1266 1298 1299
3 1300 1268 1267
3 1267 1299 1300
3 1301 1269 1268
3 1268 1300 1301
3 1302 1270 1269
3 1269 1301 1302
3 1303 1271 1270
3 1270 1302 1303
3 1304 1272 1271
3 1271 1303 1304
3 1305 1273 1272
3 1272 1304 1305
3 1306 1274 1273
3 1273 1305 1306
3 1307 1275 1274
3 1274 1306 1307
3 1308 1276 1275
3 1275 1307 1308
3 1309 1277 1276
3 1276 1308 1309
3 3899 3867 3866
3 1277 1309 1310
3 1311 1279 1278
3 3865 3897 3898
3 1312 1280 1279
3 1279 1311 1312
3 1313 1281 1280
3 1280 1312 1313
3 1283 1251 1281
3 1281 1313 1283
3 1314 1282 1283
3 1283 1315 1314
3 1316 1284 1282
3 1282 1314 1316
3 1317 1285 1284
3 1284 1316 1317
3 1318 1286 1285
3 1285 1317 1318
3 1319 1287 1286
3 1286 1318 1319
3 1320 1288 1287
3 1287 1319 1320
3 1321 1289 1288
3 1288 1320 1321
3 1322 1290 1289
3 1289 1321 1322
3 1323 1291 1290
3 1290 1322 1323
3 1324 1292 1291
3 1291 1323 1324
3 1325 1293 1292
3 1292 1324 1325
3 1326 1294 1293
3 1293 1325 1326
3 1327 1295 1294
3 1294 1326 1327
3 1328 1296 1295
3 3898 3866 3865
3 1329 1297 1296
3 1296 1328 1329
3 1330 1298 1297
3 1297 1329 1330
3 1331 1299 1298
3 1298 1330 1331
3 1332 1300 1299
3 1299 1331 1332
3 1333 1301 1300
3 1300 1332 1333
3 1334 1302 1301
3 1301 1333 1334
3 1335 1303 1302
3 1302 1334 1335
3 1336 1304 1303
3 1303 1335 1336
3 1337 1305 1304
3 1304 1336 1337
3 1338 1306 1305
3 1305 1337 1338
3 1339 1307 1306
3 1306 1338 1339
3 1340 1308 1307
3 1307 1339 1340
3 1341 1309 1308
3 1308 1340 1341
3 1342 1310 1309
3 1309 1341 1342
3 1343 1311 1310
3 1310 1342 1343
3 1344 1312 1311
3 1311 1343 1344
3 1345 1313 1312
3 1312 1344 1345
3 1315 1283 1313
3 1313 1345 1315
3 1346 1314 1315
3 1315 1347 1346
3 1348 1316 1314
3 1314 1346 1348
3 1349 1317 1316
3 1316 1348 1349
3 1350 1318 1317
3 1317 1349 1350
3 1351 1319 1318
3 1318 1350 1351
3 1352 1320 1319
3 1319 1351 1352
3 1353 1321 1320
3 1320 1352 1353
3 1354 1322 1321
3 1321 1353 1354
3 1355 1323 1322
3 1322 1354 1355
3 1356 1324 1323
3 1323 1355 1356
3 1357 1325 1324
3 1324 1356 1357
3 1358 1326 1325
3 1325 1357 1358
3 1359 1327 1326
3 1326 1358 1359
3 1360 1328 1327
3 1327 1359 1360
3 1361 1329 1328
3 1328 1360 1361
3 1362 1330 1329
3 1329 1361 1362
3 1363 1331 1330
3 1330 1362 1363
3 1364 1332 1331
3 1331 1363 1364
3 1365 1333 1332
3 1332 1364 1365
3 1366 1334 1333
3 1333 1365 1366
3 1367 1335 1334
3 1334 1366 1367
3 1368 1336 1335
3 1335 1367 1368
3 3864 3896 3897
3 3897 3865 3864
3 3863 3895 3896
3 3896 3864 3863
3 3862 3894 3895
3 3895 3863 3862
3 1372 1341 1340
3 1340 1371 1372
3 1373 1342 1341
3 1341 1372 1373
3 1374 1343 1342
3 1342 1373 1374
3 1375 1344 1343
3 1343 1374 1375
3 1376 1345 1344
3 1344 1375 1376
3 1347 1315 1345
3 1345 1376 1347
3 1377 1346 1347
3 1347 1378 1377
3 1379 1348 1346
3 1346 1377 1379
3 1380 1349 1348
3 1348 1379 1380
3 1381 1350 1349
3 1349 1380 1381
3 1382 1351 1350
3 1350 1381 1382
3 1383 1352 1351
3 1351 1382 1383
3 1384 1353 1352
3 1352 1383 1384
3 1385 1354 1353
3 1353 1384 1385
3 1386 1355 1354
3 1354 1385 1386
3 1387 1356 1355
3 1355 1386 1387
3 1388 1357 1356
3 1356 1387 1388
3 1389 1358 1357
3 3861 3893 3894
3 1390 1359 1358
3 1358 1389 1390
3 1391 1360 1359
3 1359 1390 1391
3 1392 1361 1360
3 1360 1391 1392
3 1393 1362 1361
3 1361 1392 1393
3 1394 1363 1362
3 1362 1393 1394
3 1395 1364 1363
3 1363 1394 1395
3 1396 1365 1364
3 1364 1395 1396
3 1397 1366 1365
3 1365 1396 1397
3 1398 1367 1366
3 1366 1397 1398
3 1399 1368 1367
3 3894 3862 3861
3 1400 1369 1368
3 1368 1399 1400
3 1401 4010 1369
3 1369 1400 1401
3 1402 1370 4010
3 4010 1401 1402
3 1403 4011 1370
3 1370 1402 1403
3 3597 3598 3599
3 4011 1403 1404
3 1405 1373 1372
3 3595 3596 3593
3 1406 1374 1373
3 1373 1405 1406
3 1407 1375 1374
3 1374 1406 1407
3 1408 1376 1375
3 1375 1407 1408
3 1378 1347 1376
3 1376 1408 1378
3 1409 1377 1378
3 1378 1410 1409
3 1411 1379 1377
3 1377 1409 1411
3 1412 1380 1379
3 1379 1411 1412
3 1413 1381 1380
3 1380 1412 1413
3 1414 1382 1381
3 1381 1413 1414
3 1415 1383 1382
3 1382 1414 1415
3 1416 1384 1383
3 1383 1415 1416
3 1417 1385 1384
3 1384 1416 1417
3 1418 1386 1385
3 1385 1417 1418
3 1419 1387 1386
3 1386 1418 1419
3 1420 1388 1387
3 1387 1419 1420
3 1421 1389 1388
3 1388 1420 1421
3 1422 1390 1389
3 1389 1421 1422
3 1423 1391 1390
3 1390 1422 1423
3 1424 1392 1391
3 1391 1423 1424
3 1425 1393 1392
3 1392 1424 1425
3 1426 1394 1393
3 1393 1425 1426
3 1427 1395 1394
3 1394 1426 1427
3 1428 1396 1395
3 1395 1427 1428
3 1429 1397 1396
3 1396 1428 1429
3 1430 1398 1397
3 3859 3891 3893
3 1431 1399 1398
3 1398 1430 1431
3 1432 1400 1399
3 1399 1431 1432
3 1433 1401 1400
3 1400 1432 1433
3 1434 1402 1401
3 1401 1433 1434
3 1435 1403 1402
3 1402 1434 1435
3 1436 1404 1403
3 1403 1435 1436
3 1437 1405 1404
3 1404 1436 1437
3 1438 1406 1405
3 1405 1437 1438
3 1439 1407 1406
3 1406 1438 1439
3 1440 1408 1407
3 1407 1439 1440
3 1410 1378 1408
3 1408 1440 1410
3 1441 1409 1410
3 1410 1442 1441
3 1443 1411 1409
3 1409 1441 1443
3 1444 1412 1411
3 1411 1443 1444
3 1445 1413 1412
3 1412 1444 1445
3 1446 1414 1413
3 1413 1445 1446
3 1447 1415 1414
3 1414 1446 1447
3 1448 1416 1415
3 1415 1447 1448
3 1449 1417 1416
3 1416 1448 1449
3 1450 1418 1417
3 1417 1449 1450
3 1451 1419 1418
3 1418 1450 1451
3 1452 1420 1419
3 1419 1451 1452
3 1453 1421 1420
3 1420 1452 1453
3 1454 1422 1421
3 1421 1453 1454
3 1455 1423 1422
3 1422 1454 1455
3 1456 1424 1423
3 1423 1455 1456
3 1457 1425 1424
3 1424 1456 1457
3 1458 1426 1425
3 1425 1457 1458
3 1459 1427 1426
3 1426 1458 1459
3 1460 1428 1427
3 1427 1459 1460
3 1461 1429 1428
3 1428 1460 1461
3 1462 1430 1429
3 1429 1461 1462
3 1463 1431 1430
3 1430 1462 1463
3 1464 1432 1431
3 1431 1463 1464
3 1465 1433 1432
3 1432 1464 1465
3 1466 1434 1433
3 1433 1465 1466
3 1467 1435 1434
3 1434 1466 1467
3 1468 1436 1435
3 1435 1467 1468
3 1469 1437 1436
3 1436 1468 1469
3 1470 1438 1437
3 1437 1469 1470
3 1471 1439 1438
3 1438 1470 1471
3 1472 1440 1439
3 1439 1471 1472
3 1442 1410 1440
3 1440 1472 1442
3 1473 1441 1442
3 1442 1474 1473
3 1475 1443 1441
3 1441 1473 1475
3 3893 3861 3859
3 1443 1475 1476
3 1477 1445 1444
3 1444 1476 1477
3 1478 1446 1445
3 1445 1477 1478
3 1479 1447 1446
3 1446 1478 1479
3 1480 1448 1447
3 1447 1479 1480
3 1481 1449 1448
3 1448 1480 1481
3 1482 1450 1449
3 1449 1481 1482
3 1483 1451 1450
3 1450 1482 1483
3 1484 1452 1451
3 1451 1483 1484
3 1485 1453 1452
3 1452 1484 1485
3 1486 1454 1453
3 1453 1485 1486
3 1487 1455 1454
3 1454 1486 1487
3 1488 1456 1455
3 1455 1487 1488
3 1489 1457 1456
3 1456 1488 1489
3 1490 1458 1457
3 1457 1489 1490
3 1491 1459 1458
3 1458 1490 1491
3 1492 1460 1459
3 1459 1491 1492
3 1493 1461 1460
3 1460 1492 1493
3 1494 1462 1461
3 1461 1493 1494
3 1495 1463 1462
3 1462 1494 1495
3 1496 1464 1463
3 1463 1495 1496
3 1497 1465 1464
3 1464 1496 1497
3 1498 1466 1465
3 1465 1497 1498
3 1499 1467 1466
3 1466 1498 1499
3 1500 1468 1467
3 1467 1499 1500
3 1501 1469 1468
3 1468 1500 1501
3 1502 1470 1469
3 1469 1501 1502
3 1503 1471 1470
3 1470 1502 1503
3 1504 1472 1471
3 1471 1503 1504
3 1474 1442 1472
3 1472 1504 1474
3 1505 1473 1474
3 1474 1506 1505
3 1507 1475 1473
3 1473 1505 1507
3 1508 1476 1475
3 1475 1507 1508
3 1509 1477 1476
3 1476 1508 1509
3 1510 1478 1477
3 1477 1509 1510
3 3860 3892 3891
3 1478 1510 1511
3 1512 1480 1479
3 3891 3859 3860
3 1513 1481 1480
3 1480 1512 1513
3 1514 1482 1481
3 1481 1513 1514
3 1515 1483 1482
3 1482 1514 1515
3 1516 1484 1483
3 1483 1515 1516
3 1517 1485 1484
3 1484 1516 1517
3 1518 1486 1485
3 1485 1517 1518
3 1519 1487 1486
3 1486 1518 1519
3 1520 1488 1487
3 1487 1519 1520
3 1521 1489 1488
3 1488 1520 1521
3 1522 1490 1489
3 1489 1521 1522
3 1523 1491 1490
3 3858 3890 3860
3 1524 1492 1491
3 1491 1523 1524
3 1525 1493 1492
3 1492 1524 1525
3 1526 1494 1493
3 1493 1525 1526
3 1527 1495 1494
3 1494 1526 1527
3 1528 1496 1495
3 1495 1527 1528
3 1529 1497 1496
3 1496 1528 1529
3 1530 1498 1497
3 1497 1529 1530
3 1531 1499 1498
3 1498 1530 1531
3 1532 1500 1499
3 1499 1531 1532
3 1533 1501 1500
3 1500 1532 1533
3 1534 1502 1501
3 1501 1533 1534
3 1535 1503 1502
3 1502 1534 1535
3 1536 1504 1503
3 1503 1535 1536
3 1506 1474 1504
3 1504 1536 1506
3 3860 3827 3858
3 3857 3889 3890
3 1539 1507 1505
3 1505 1537 1539
3 3593 3594 3595
3 1507 1539 1540
3 1541 1509 1508
3 1508 4013 1541
3 1542 1510 1509
3 1509 1541 1542
3 1543 1511 1510
3 1510 1542 1543
3 1544 1512 1511
3 1511 1543 1544
3 1545 1513 1512
3 1512 1544 1545
3 1546 1514 1513
3 1513 1545 1546
3 1547 1515 1514
3 1514 1546 1547
3 1548 1516 1515
3 1515 1547 1548
3 1549 1517 1516
3 1516 1548 1549
3 1550 1518 1517
3 1517 1549 1550
3 3890 3858 3857
3 1518 1550 1551
3 1552 1520 1519
3 1519 1551 1552
3 3856 3888 3889
3 3889 3857 3856
3 1554 1522 1521
3 1521 1553 1554
3 1555 1523 1522
3 1522 1554 1555
3 1556 1524 1523
3 1523 1555 1556
3 1557 1525 1524
3 1524 1556 1557
3 1558 1526 1525
3 1525 1557 1558
3 3855 3887 3888
3 1526 1558 1559
3 3888 3856 3855
3 3854 3886 3887
3 3887 3855 3854
3 3853 3885 3886
3 3886 3854 3853
3 3852 3884 3885
3 1563 1532 1531
3 1531 1562 1563
3 1564 1533 1532
3 1532 1563 1564
3 1565 1534 1533
3 1533 1564 1565
3 1566 1535 1534
3 1534 1565 1566
3 1567 1536 1535
3 1535 1566 1567
3 1538 1506 1536
3 1536 1567 1538
3 1568 1537 1538
3 1538 1569 1568
3 1570 1539 1537
3 1537 1568 1570
3 1571 1540 1539
3 1539 1570 1571
3 3885 3853 3852
3 1540 1571 1572
3 1573 1542 1541
3 3851 3883 3884
3 1574 1543 1542
3 1542 1573 1574
3 1575 1544 1543
3 1543 1574 1575
3 1576 1545 1544
3 1544 1575 1576
3 1577 1546 1545
3 1545 1576 1577
3 1578 1547 1546
3 1546 1577 1578
3 1579 1548 1547
3 1547 1578 1579
3 1580 1549 1548
3 1548 1579 1580
3 1581 1550 1549
3 1549 1580 1581
3 1582 1551 1550
3 1550 1581 1582
3 1583 1552 1551
3 1551 1582 1583
3 1584 1553 1552
3 1552 1583 1584
3 1585 1554 1553
3 1553 1584 1585
3 3884 3852 3851
3 3850 3882 3883
3 1587 1556 1555
3 3883 3851 3850
3 3849 3881 3882
3 1556 1587 1588
3 3882 3850 3849
3 3848 3880 3881
3 1590 1559 1558
3 3881 3849 3848
3 1591 1560 1559
3 1559 1590 1591
3 1592 4012 1560
3 1560 1591 1592
3 1593 1561 4012
3 4012 1592 1593
3 1594 1562 1561
3 1561 1593 1594
3 1595 1563 1562
3 1562 1594 1595
3 3847 3879 3880
3 3880 3848 3847
3 1597 1565 1564
3 1564 1596 1597
3 1598 1566 1565
3 1565 1597 1598
3 3846 3878 3879
3 3879 3847 3846
3 1569 1538 1567
3 1567 1599 1569
3 1600 1568 1569
3 1569 1601 1600
3 3845 3877 3878
3 3878 3846 3845
3 3844 3876 3877
3 3877 3845 3844
3 1604 1572 1571
3 3843 3875 3876
3 1605 1573 1572
3 1572 1604 1605
3 1606 1574 1573
3 1573 1605 1606
3 1607 1575 1574
3 1574 1606 1607
3 1608 1576 1575
3 1575 1607 1608
3 1609 1577 1576
3 1576 1608 1609
3 1610 1578 1577
3 1577 1609 1610
3 1611 1579 1578
3 1578 1610 1611
3 1612 1580 1579
3 1579 1611 1612
3 1613 1581 1580
3 1580 1612 1613
3 3876 3844 3843
3 3842 3874 3875
3 3875 3843 3842
3 3841 3873 3874
3 1616 1584 1583
3 1583 1615 1616
3 1617 1585 1584
3 3874 3842 3841
3 1618 1586 1585
3 1585 1617 1618
3 1619 1587 1586
3 1586 1618 1619
3 1620 1588 1587
3 1587 1619 1620
3 1621 1589 1588
3 1588 1620 1621
3 1622 1590 1589
3 1589 1621 1622
3 1623 1591 1590
3 1590 1622 1623
3 1624 1592 1591
3 1591 1623 1624
3 1625 1593 1592
3 1592 1624 1625
3 1626 1594 1593
3 1593 1625 1626
3 1627 1595 1594
3 1594 1626 1627
3 1628 1596 1595
3 1595 1627 1628
3 1629 1597 1596
3 1596 1628 1629
3 1630 1598 1597
3 1597 1629 1630
3 1631 1599 1598
3 1598 1630 1631
3 1601 1569 1599
3 1599 1631 1601
3 4014 1600 1601
3 4014 1602 1600
3 4014 1603 1602
3 4014 1604 1603
3 4014 1605 1604
3 4014 1606 1605
3 4014 1607 1606
3 4014 1608 1607
3 4014 1609 1608
3 4014 1610 1609
3 4014 1611 1610
3 4014 1612 1611
3 4014 1613 1612
3 4014 1614 1613
3 4014 1615 1614
3 4014 1616 1615
3 3840 3872 3873
3 3873 3841 3840
3 3839 3871 3872
3 3872 3840 3839
3 3838 3870 3871
3 3871 3839 3838
3 3837 3869 3870
3 3870 3838 3837
3 3836 3868 3869
3 3869 3837 3836
3 3835 3867 3868
3 3868 3836 3835
3 3834 3866 3867
3 3867 3835 3834
3 3833 3865 3866
3 1632 1634 1635
3 1632 1635 1636
3 1632 1636 1637
3 1632 1637 1638
3 1632 1638 1639
3 1632 1639 1640
3 1632 1640 1641
3 1632 1641 1642
3 1632 1642 1643
3 1632 1643 1644
3 1632 1644 1645
3 1632 1645 1646
3 1632 1646 1647
3 1632 1647 1648
3 3866 3834 3833
3 3832 3864 3865
3 3865 3833 3832
3 3831 3863 3864
3 3864 3832 3831
3 295 1652 1653
3 295 1653 1654
3 295 1654 1655
3 295 1655 1656
3 295 1656 1657
3 295 1657 1658
3 295 1658 1659
3 295 1659 1660
3 3830 3862 3863
3 3863 3831 3830
3 3829 3861 3862
3 3862 3830 3829
3 3828 3859 3861
3 3861 3829 3828
3 1665 1635 1634
3 1634 1663 1665
3 3827 3860 3859
3 3859 3828 3827
3 3826 3858 3827
3 3826 3857 3858
3 1668 1638 1637
3 1637 1667 1668
3 1669 1639 1638
3 1638 1668 1669
3 1670 1640 1639
3 1639 1669 1670
3 1671 1641 1640
3 1640 1670 1671
3 1672 1642 1641
3 1641 1671 1672
3 1673 1643 1642
3 1642 1672 1673
3 1674 1644 1643
3 1643 1673 1674
3 3826 3856 3857
3 1644 1674 1675
3 3826 3855 3856
3 3826 3854 3855
3 3826 3853 3854
3 3826 3852 3853
3 1649 1648 1647
3 1647 1677 1649
3 3826 3851 3852
3 3826 3850 3851
3 3826 3849 3850
3 3826 3848 3849
3 1680 1650 290
3 290 292 1680
3 1681 1651 1650
3 1650 1680 1681
3 1682 1652 1651
3 1651 1681 1682
3 1683 1653 1652
3 1652 1682 1683
3 3826 3847 3848
3 3826 3846 3847
3 1685 1655 1654
3 1654 1684 1685
3 1686 1656 1655
3 1655 1685 1686
3 1687 1657 1656
3 1656 1686 1687
3 3826 3845 3846
3 1657 1687 1688
3 3826 3844 3845
3 3826 3843 3844
3 1690 1660 1659
3 3826 3842 3843
3 1691 1661 1660
3 1660 1690 1691
3 1692 1662 1661
3 1661 1691 1692
3 3826 3841 3842
3 1662 1692 4015
3 3826 3840 3841
3 3826 3839 3840
3 3589 3592 3586
3 288 1694 1693
3 1695 1665 1663
3 1663 4022 1695
3 1696 1666 1665
3 1665 1695 1696
3 1697 1667 1666
3 1666 1696 1697
3 1698 1668 1667
3 1667 1697 1698
3 3826 3838 3839
3 3826 3837 3838
3 3826 3836 3837
3 3826 3835 3836
3 3826 3834 3835
3 3826 3833 3834
3 3826 3832 3833
3 3826 3831 3832
3 1702 4017 1174
3 3826 3830 3831
3 1703 1676 4017
3 4017 1702 1703
3 1704 4018 1676
3 1676 1703 1704
3 1705 1633 4018
3 4018 1704 1705
3 1706 1679 291
3 1633 1705 4024
3 3826 3829 3830
3 1679 1706 1707
3 1708 1680 292
3 292 1707 1708
3 3826 3828 3829
3 3826 3827 3828
3 1710 1682 1681
3 1681 1709 1710
3 1711 1683 1682
3 1682 1710 1711
3 1712 1684 1683
3 1683 1711 1712
3 1713 1685 1684
3 1684 1712 1713
3 3808 3794 3809
3 3794 3810 3809
3 1715 1688 1687
3 3794 3811 3810
3 1716 1689 1688
3 1688 1715 1716
3 1717 4020 1689
3 1689 1716 1717
3 3794 3812 3811
3 4020 1717 1718
3 3794 3813 3812
3 3794 3814 3813
3 1720 4015 1692
3 1692 1719 1720
3 3586 3585 3589
3 4015 1720 4021
3 3794 3815 3814
3 3794 3817 3815
3 1723 1695 4022
3 4022 1721 1723
3 1724 1696 1695
3 1695 1723 1724
3 1725 1697 1696
3 1696 1724 1725
3 1726 1698 1697
3 1697 1725 1726
3 1727 1668 1698
3 1698 1726 1727
3 1728 1699 1668
3 1668 1727 1728
3 1729 4016 1699
3 1699 1728 1729
3 1730 1700 4016
3 4016 1729 1730
3 1731 4023 1700
3 1700 1730 1731
3 1732 289 4023
3 4023 1731 1732
3 1733 1702 289
3 289 1732 1733
3 1734 1703 1702
3 1702 1733 1734
3 3817 3816 3815
3 1703 1734 1735
3 1736 1705 1704
3 1704 4026 1736
3 3794 3818 3817
3 3794 3819 3818
3 1738 1707 1706
3 1706 1737 1738
3 1739 1708 1707
3 1707 1738 1739
3 1740 1709 1708
3 1708 1739 1740
3 1741 1710 1709
3 1709 1740 1741
3 1742 1711 1710
3 1710 1741 1742
3 1743 1712 1711
3 1711 1742 1743
3 1744 1713 1712
3 1712 1743 1744
3 1745 4019 1713
3 1713 1744 1745
3 1746 1714 4019
3 4019 1745 1746
3 1747 1715 1714
3 1714 1746 1747
3 1748 1716 1715
3 1715 1747 1748
3 3794 3820 3819
3 1716 1748 1749
3 1750 1718 1717
3 1717 1749 1750
3 1751 1719 1718
3 1718 1750 1751
3 1752 1720 1719
3 1719 1751 1752
3 1722 4021 1720
3 1720 1752 1722
3 1753 1721 1722
3 1722 1754 1753
3 1755 1723 1721
3 1721 1753 1755
3 1756 1724 1723
3 1723 1755 1756
3 1757 1726 1725
3 1725 1724 1757
3 1758 1727 1726
3 1726 1757 1758
3 1759 1728 1727
3 1727 1758 1759
3 1760 1729 1728
3 1728 1759 1760
3 1761 1730 1729
3 1729 1760 1761
3 1762 1731 1730
3 1730 1761 1762
3 1763 1732 1731
3 1731 1762 1763
3 3794 3821 3820
3 1732 1763 4025
3 3794 3822 3821
3 3794 3823 3822
3 1765 4026 1173
3 1173 293 1765
3 1766 1736 4026
3 4026 1765 1766
3 1767 1737 1736
3 1736 1766 1767
3 1768 1738 1737
3 1737 1767 1768
3 1769 1739 1738
3 1738 1768 1769
3 1770 1740 1739
3 1739 1769 1770
3 1771 1741 1740
3 1740 1770 1771
3 1772 1742 1741
3 1741 1771 1772
3 1773 1743 1742
3 1742 1772 1773
3 1774 1744 1743
3 1743 1773 1774
3 1775 1745 1744
3 1744 1774 1775
3 1776 1746 1745
3 1745 1775 1776
3 1777 1747 1746
3 1746 1776 1777
3 1778 1748 1747
3 1747 1777 1778
3 1779 1749 1748
3 1748 1778 1779
3 1780 1750 1749
3 1749 1779 1780
3 1781 1751 1750
3 3794 3824 3823
3 1782 1752 1751
3 1751 1781 1782
3 1754 1722 1752
3 1752 1782 1754
3 1783 1753 1754
3 1754 1784 1783
3 1785 1755 1753
3 1753 1783 1785
3 1786 1756 1755
3 1755 1785 1786
3 1787 1724 1756
3 1756 1786 1787
3 1788 1757 1724
3 1724 1787 1788
3 1789 1758 1757
3 1757 1788 1789
3 1790 1759 1758
3 1758 1789 1790
3 1791 1760 1759
3 1759 1790 1791
3 1792 1761 1760
3 1760 1791 1792
3 1793 1762 1761
3 1761 1792 1793
3 3794 3825 3824
3 1762 1793 1794
3 1795 1173 4027
3 4027 1794 1795
3 1796 293 1173
3 1173 1795 1796
3 1797 1765 293
3 293 1796 1797
3 1798 1766 1765
3 1765 1797 1798
3 1799 1767 1766
3 1766 1798 1799
3 1800 1768 1767
3 1767 1799 1800
3 1801 1769 1768
3 1768 1800 1801
3 1802 1770 1769
3 1769 1801 1802
3 1803 1771 1770
3 1770 1802 1803
3 1804 1772 1771
3 1771 1803 1804
3 1805 1773 1772
3 1772 1804 1805
3 1806 1774 1773
3 1773 1805 1806
3 1807 1775 1774
3 1774 1806 1807
3 1808 1776 1775
3 1775 1807 1808
3 3808 3805 3794
3 1776 1808 1809
3 1810 1778 1777
3 1777 1809 1810
3 1811 1779 1778
3 1778 1810 1811
3 1812 1780 1779
3 1779 1811 1812
3 1813 1781 1780
3 1780 1812 1813
3 1814 1782 1781
3 1781 1813 1814
3 1784 1754 1782
3 1782 1814 1784
3 1815 1783 1784
3 1784 1816 1815
3 1817 1785 1783
3 1783 1815 1817
3 1818 1786 1785
3 1785 1817 1818
3 1819 1787 1786
3 1786 1818 1819
3 1820 1788 1787
3 1787 1819 1820
3 1821 1789 1788
3 1788 1820 1821
3 1822 1790 1789
3 1789 1821 1822
3 1823 1791 1790
3 1790 1822 1823
3 1824 1792 1791
3 1791 1823 1824
3 3805 3796 3794
3 1792 1824 1825
3 1826 1794 1793
3 3796 3795 3794
3 1827 1795 1794
3 1794 1826 1827
3 1828 1796 1795
3 1795 1827 1828
3 1829 1797 1796
3 1796 1828 1829
3 1830 1798 1797
3 1797 1829 1830
3 1831 1799 1798
3 1798 1830 1831
3 1832 1800 1799
3 1799 1831 1832
3 1833 1801 1800
3 1800 1832 1833
3 1834 1802 1801
3 1801 1833 1834
3 1835 1803 1802
3 1802 1834 1835
3 1836 1804 1803
3 1803 1835 1836
3 1837 1805 1804
3 1804 1836 1837
3 1838 1806 1805
3 1805 1837 1838
3 1839 1807 1806
3 1806 1838 1839
3 1840 1808 1807
3 1807 1839 1840
3 1841 1809 1808
3 1808 1840 1841
3 1842 1810 1809
3 1809 1841 1842
3 1843 1811 1810
3 3805 3804 3796
3 1844 1812 1811
3 1811 1843 1844
3 1845 1813 1812
3 1812 1844 1845
3 1846 1814 1813
3 1813 1845 1846
3 1816 1784 1814
3 1814 1846 1816
3 1847 1815 1816
3 1816 1848 1847
3 1849 1817 1815
3 1815 1847 1849
3 1850 1818 1817
3 1817 1849 1850
3 1851 1819 1818
3 1818 1850 1851
3 1852 1820 1819
3 1819 1851 1852
3 1853 1821 1820
3 1820 1852 1853
3 1854 1822 1821
3 1821 1853 1854
3 1855 1823 1822
3 3804 3803 3796
3 3592 3591 3587
3 1823 1855 1856
3 1857 1825 1824
3 3803 3797 3796
3 1858 1826 1825
3 1825 1857 1858
3 1859 1827 1826
3 1826 1858 1859
3 1860 1828 1827
3 1827 1859 1860
3 1861 1829 1828
3 1828 1860 1861
3 1862 1830 1829
3 1829 1861 1862
3 1863 1831 1830
3 1830 1862 1863
3 1864 1832 1831
3 1831 1863 1864
3 1865 1833 1832
3 1832 1864 1865
3 1866 1834 1833
3 1833 1865 1866
3 1867 1835 1834
3 1834 1866 1867
3 1868 1836 1835
3 1835 1867 1868
3 1869 1837 1836
3 1836 1868 1869
3 1870 1838 1837
3 1837 1869 1870
3 1871 1839 1838
3 1838 1870 1871
3 1872 1840 1839
3 1839 1871 1872
3 1873 1841 1840
3 1840 1872 1873
3 1874 1842 1841
3 1841 1873 1874
3 1875 1843 1842
3 1842 1874 1875
3 1876 1844 1843
3 1843 1875 1876
3 1877 1845 1844
3 1844 1876 1877
3 1878 1846 1845
3 1845 1877 1878
3 1848 1816 1846
3 1846 1878 1848
3 1879 1847 1848
3 1848 1880 1879
3 1881 1849 1847
3 1847 1879 1881
3 1882 1850 1849
3 1849 1881 1882
3 1883 1851 1850
3 1850 1882 1883
3 1884 1852 1851
3 1851 1883 1884
3 1885 1853 1852
3 1852 1884 1885
3 1886 1854 1853
3 1853 1885 1886
3 1887 1855 1854
3 1854 1886 1887
3 1888 1856 1855
3 1855 1887 1888
3 1889 1857 1856
3 1856 1888 1889
3 1890 1858 1857
3 1857 1889 1890
3 1891 1859 1858
3 1858 1890 1891
3 1892 1860 1859
3 1859 1891 1892
3 1893 1861 1860
3 1860 1892 1893
3 1894 1862 1861
3 1861 1893 1894
3 1895 1863 1862
3 1862 1894 1895
3 1896 1864 1863
3 1863 1895 1896
3 1897 1865 1864
3 1864 1896 1897
3 1898 1866 1865
3 1865 1897 1898
3 1899 1867 1866
3 1866 1898 1899
3 1900 1868 1867
3 1867 1899 1900
3 1901 1869 1868
3 1868 1900 1901
3 1902 1870 1869
3 1869 1901 1902
3 1903 1871 1870
3 1870 1902 1903
3 1904 1872 1871
3 1871 1903 1904
3 1905 1873 1872
3 1872 1904 1905
3 1906 1874 1873
3 1873 1905 1906
3 1907 1875 1874
3 1874 1906 1907
3 1908 1876 1875
3 1875 1907 1908
3 1909 1877 1876
3 1876 1908 1909
3 1910 1878 1877
3 1877 1909 1910
3 1880 1848 1878
3 1878 1910 1880
3 1911 1879 1880
3 1880 1912 1911
3 3587 3586 3592
3 1879 1911 1913
3 1914 1882 1881
3 1881 1913 1914
3 1915 1883 1882
3 1882 1914 1915
3 1916 1884 1883
3 1883 1915 1916
3 1917 1885 1884
3 1884 1916 1917
3 1918 1886 1885
3 1885 1917 1918
3 1919 1887 1886
3 1886 1918 1919
3 1920 1888 1887
3 1887 1919 1920
3 1921 1889 1888
3 1888 1920 1921
3 1922 1890 1889
3 1889 1921 1922
3 1923 1891 1890
3 1890 1922 1923
3 1924 1892 1891
3 1891 1923 1924
3 1925 1893 1892
3 1892 1924 1925
3 1926 1894 1893
3 1893 1925 1926
3 1927 1895 1894
3 1894 1926 1927
3 1928 1896 1895
3 1895 1927 1928
3 1929 1897 1896
3 1896 1928 1929
3 1930 1898 1897
3 1897 1929 1930
3 1931 1899 1898
3 1898 1930 1931
3 1932 1900 1899
3 1899 1931 1932
3 1933 1901 1900
3 1900 1932 1933
3 1934 1902 1901
3 1901 1933 1934
3 1935 1903 1902
3 1902 1934 1935
3 1936 1904 1903
3 1903 1935 1936
3 1937 1905 1904
3 1904 1936 1937
3 1938 1906 1905
3 1905 1937 1938
3 1939 1907 1906
3 1906 1938 1939
3 1940 1908 1907
3 1907 1939 1940
3 1941 1909 1908
3 1908 1940 1941
3 1942 1910 1909
3 1909 1941 1942
3 1912 1880 1910
3 1910 1942 1912
3 1943 1911 1912
3 1912 1944 1943
3 1945 1913 1911
3 1911 1943 1945
3 1946 1914 1913
3 1913 1945 1946
3 3803 3802 3797
3 1914 1946 1947
3 1948 1916 1915
3 1915 1947 1948
3 1949 1917 1916
3 1916 1948 1949
3 1950 1918 1917
3 1917 1949 1950
3 1951 1919 1918
3 1918 1950 1951
3 1952 1920 1919
3 1919 1951 1952
3 1953 1921 1920
3 1920 1952 1953
3 1954 1922 1921
3 1921 1953 1954
3 1955 1923 1922
3 1922 1954 1955
3 1956 1924 1923
3 1923 1955 1956
3 1957 1925 1924
3 1924 1956 1957
3 1958 1926 1925
3 1925 1957 1958
3 1959 1927 1926
3 1926 1958 1959
3 3802 3798 3797
3 1927 1959 1960
3 1961 1929 1928
3 1928 1960 1961
3 1962 1930 1929
3 1929 1961 1962
3 1963 1931 1930
3 1930 1962 1963
3 1964 1932 1931
3 1931 1963 1964
3 1965 1933 1932
3 1932 1964 1965
3 1966 1934 1933
3 1933 1965 1966
3 1967 1935 1934
3 1934 1966 1967
3 1968 1936 1935
3 1935 1967 1968
3 1969 1937 1936
3 1936 1968 1969
3 1970 1938 1937
3 1937 1969 1970
3 1971 1939 1938
3 1938 1970 1971
3 1972 1940 1939
3 1939 1971 1972
3 1973 1941 1940
3 1940 1972 1973
3 1974 1942 1941
3 1941 1973 1974
3 1944 1912 1942
3 1942 1974 1944
3 1975 1943 1944
3 1944 1976 1975
3 1977 1945 1943
3 1943 1975 1977
3 1978 1946 1945
3 1945 1977 1978
3 1979 1947 1946
3 1946 1978 1979
3 1980 1948 1947
3 1947 1979 1980
3 1981 1949 1948
3 3802 3801 3798
3 1982 1950 1949
3 1949 1981 1982
3 1983 1951 1950
3 1950 1982 1983
3 1984 1952 1951
3 1951 1983 1984
3 1985 1953 1952
3 1952 1984 1985
3 1986 1954 1953
3 1953 1985 1986
3 1987 1955 1954
3 1954 1986 1987
3 1988 1956 1955
3 1955 1987 1988
3 1989 1957 1956
3 1956 1988 1989
3 1990 1958 1957
3 1957 1989 1990
3 1991 1959 1958
3 1958 1990 1991
3 1992 1960 1959
3 1959 1991 1992
3 1993 1961 1960
3 1960 1992 1993
3 1994 1962 1961
3 1961 1993 1994
3 1995 1963 1962
3 1962 1994 1995
3 1996 1964 1963
3 1963 1995 1996
3 1997 1965 1964
3 1964 1996 1997
3 3801 3799 3798
3 1965 1997 1998
3 3801 3800 3799
3 3808 3807 3805
3 2000 1969 1968
3 1968 1999 2000
3 2001 1970 1969
3 1969 2000 2001
3 2002 1971 1970
3 1970 2001 2002
3 2003 1972 1971
3 1971 2002 2003
3 2004 1973 1972
3 1972 2003 2004
3 2005 1974 1973
3 1973 2004 2005
3 1976 1944 1974
3 1974 2005 1976
3 2006 1975 1976
3 1976 2007 2006
3 3807 3806 3805
3 1975 2006 2008
3 2009 1978 1977
3 3793 3825 3794
3 3794 3763 3793
3 1978 2009 2010
3 2011 1980 1979
3 3793 3792 3824
3 2012 1981 1980
3 1980 2011 2012
3 2013 1982 1981
3 1981 2012 2013
3 2014 1983 1982
3 1982 2013 2014
3 2015 1984 1983
3 1983 2014 2015
3 2016 1985 1984
3 1984 2015 2016
3 2017 1986 1985
3 1985 2016 2017
3 2018 1987 1986
3 1986 2017 2018
3 2019 1988 1987
3 1987 2018 2019
3 2020 1989 1988
3 1988 2019 2020
3 2021 1990 1989
3 1989 2020 2021
3 2022 1991 1990
3 1990 2021 2022
3 2023 1992 1991
3 1991 2022 2023
3 2024 1993 1992
3 1992 2023 2024
3 2025 1994 1993
3 1993 2024 2025
3 3824 3825 3793
3 1994 2025 2026
3 2027 1996 1995
3 3792 3791 3823
3 2028 1997 1996
3 1996 2027 2028
3 2029 1998 1997
3 1997 2028 2029
3 2030 4028 1998
3 1998 2029 2030
3 2031 1999 4028
3 4028 2030 2031
3 2032 2000 1999
3 1999 2031 2032
3 2033 2001 2000
3 2000 2032 2033
3 2034 2002 2001
3 2001 2033 2034
3 2035 2003 2002
3 2002 2034 2035
3 2036 2004 2003
3 2003 2035 2036
3 2037 2005 2004
3 2004 2036 2037
3 2007 1976 2005
3 2005 2037 2007
3 3823 3824 3792
3 3791 3790 3822
3 2040 2008 2006
3 3822 3823 3791
3 2041 2009 2008
3 2008 2040 2041
3 2042 2010 2009
3 2009 2041 2042
3 2043 2011 2010
3 2010 2042 2043
3 2044 2012 2011
3 2011 2043 2044
3 2045 2013 2012
3 2012 2044 2045
3 2046 2014 2013
3 2013 2045 2046
3 2047 2015 2014
3 2014 2046 2047
3 2048 2016 2015
3 2015 2047 2048
3 2049 2017 2016
3 2016 2048 2049
3 2050 2018 2017
3 2017 2049 2050
3 2051 2019 2018
3 2018 2050 2051
3 2052 2020 2019
3 2019 2051 2052
3 2053 2021 2020
3 2020 2052 2053
3 3790 3789 3821
3 3821 3822 3790
3 2055 2023 2022
3 2022 2054 2055
3 3789 3788 3820
3 3820 3821 3789
3 3788 3787 3819
3 3819 3820 3788
3 2058 2026 2025
3 3787 3786 3818
3 2059 2027 2026
3 2026 2058 2059
3 2060 2028 2027
3 2027 2059 2060
3 2061 2029 2028
3 2028 2060 2061
3 2062 2030 2029
3 2029 2061 2062
3 2063 2031 2030
3 2030 2062 2063
3 2064 2032 2031
3 2031 2063 2064
3 2065 2033 2032
3 2032 2064 2065
3 2066 2034 2033
3 2033 2065 2066
3 2067 2035 2034
3 2034 2066 2067
3 3818 3819 3787
3 3786 3785 3817
3 3817 3818 3786
3 3785 3784 3816
3 2039 2007 2037
3 2037 2069 2039
3 2070 2038 2039
3 2039 2071 2070
3 2072 2040 2038
3 2038 2070 2072
3 2073 2041 2040
3 2040 2072 2073
3 2074 2042 2041
3 2041 2073 2074
3 2075 2043 2042
3 2042 2074 2075
3 3816 3817 3785
3 2043 2075 4029
3 3784 3783 3815
3 3815 3816 3784
3 3783 3782 3814
3 3814 3815 3783
3 2078 2049 2048
3 2048 2047 2078
3 2079 2050 2049
3 2049 2078 2079
3 2080 2051 2050
3 2050 2079 2080
3 2081 2052 2051
3 2051 2080 2081
3 2082 2053 2052
3 2052 2081 2082
3 3591 3590 3588
3 2053 2082 2083
3 4032 2055 2054
3 3588 3587 3591
3 3782 3781 3813
3 2055 4032 2084
3 3813 3814 3782
3 3781 3780 3812
3 3812 3813 3781
3 3780 3779 3811
3 2087 2059 2058
3 3811 3812 3780
3 2088 2060 2059
3 2059 2087 2088
3 2089 2061 2060
3 2060 2088 2089
3 2090 2062 2061
3 2061 2089 2090
3 2091 2063 2062
3 2062 2090 2091
3 2092 2064 2063
3 2063 2091 2092
3 2093 2065 2064
3 2064 2092 2093
3 2094 2066 2065
3 2065 2093 2094
3 3779 3778 3810
3 3810 3811 3779
3 3778 3777 3809
3 3809 3810 3778
3 2070 2069 2068
3 2068 2096 2070
3 2071 2039 2069
3 2069 2070 2071
3 3777 3776 3808
3 3808 3809 3777
3 3776 3775 3807
3 3807 3808 3776
3 3775 3774 3806
3 2097 1159 4031
3 2097 294 1159
3 2097 4030 294
3 2097 2077 4030
3 2097 2047 2077
3 2097 2078 2047
3 3806 3807 3775
3 3774 3773 3805
3 3805 3806 3774
3 3773 3772 3804
3 3804 3805 3773
3 3772 3771 3803
3 4035 4033 699
3 4035 2085 4033
3 4035 2086 2085
3 4035 2087 2086
3 4035 2088 2087
3 4035 2089 2088
3 4035 2090 2089
3 4035 2091 2090
3 4035 2092 2091
3 4035 2093 2092
3 4035 2094 2093
3 4035 2095 2094
3 4035 4034 2095
3 4035 3991 4034
3 3803 3804 3772
3 3771 3770 3802
3 3802 3803 3771
3 3770 3769 3801
3 3801 3802 3770
3 2098 2103 2104
3 2098 2104 2105
3 2098 2105 2106
3 2098 2106 2107
3 2098 2107 2108
3 2098 2108 2109
3 2098 2109 2110
3 2098 2110 2111
3 3769 3768 3800
3 3800 3801 3769
3 3768 3767 3799
3 3799 3800 3768
3 3767 3766 3798
3 3798 3799 3767
3 3990 2113 2116
3 3990 2116 2117
3 3990 2117 2118
3 3990 2118 2119
3 3990 2119 2120
3 3990 2120 2121
3 3990 2121 2122
3 3990 2122 2123
3 3990 2123 2124
3 3990 2124 2125
3 3990 2125 2126
3 3990 2126 2101
3 3766 3765 3797
3 3797 3798 3766
3 3590 3589 3585
3 1158 2128 2127
3 2129 2101 3987
3 3987 4038 2129
3 2130 2102 2101
3 2101 2129 2130
3 2131 2103 2102
3 2102 2130 2131
3 2132 2104 2103
3 2103 2131 2132
3 2133 2105 2104
3 2104 2132 2133
3 3765 3764 3796
3 3796 3797 3765
3 3764 3762 3795
3 3795 3796 3764
3 2135 2110 1112
3 3762 3763 3794
3 2136 2111 2110
3 2110 2135 2136
3 2137 2112 2111
3 2111 2136 2137
3 2138 2113 2112
3 2112 2137 2138
3 2139 3519 2113
3 2113 2138 2139
3 4041 1149 3519
3 3519 2139 4041
3 2141 3519 1149
3 3508 2140 2141
3 2142 2113 3519
3 3519 2141 2142
3 2143 2116 2113
3 2113 2142 2143
3 3794 3795 3762
3 3761 3793 3763
3 2145 2118 2117
3 2117 2144 2145
3 2146 2119 2118
3 2118 2145 2146
3 2147 2120 2119
3 2119 2146 2147
3 2148 2121 2120
3 2120 2147 2148
3 2149 2122 2121
3 2121 2148 2149
3 2150 2123 2122
3 2122 2149 2150
3 2151 2124 2123
3 2123 2150 2151
3 3763 3731 3761
3 2124 2151 2152
3 3760 3792 3793
3 3793 3761 3760
3 2154 2101 2126
3 3759 3791 3792
3 2155 3987 2101
3 2101 2154 2155
3 3585 3588 3590
3 3987 2155 4037
3 3792 3760 3759
3 3758 3790 3791
3 2158 2129 4038
3 4038 2156 2158
3 2159 2130 2129
3 2129 2158 2159
3 3791 3759 3758
3 3757 3789 3790
3 2161 2132 2131
3 2131 2160 2161
3 2162 2133 2132
3 2132 2161 2162
3 2163 2105 2133
3 2133 2162 2163
3 2164 4036 2105
3 2105 2163 2164
3 2165 4040 4036
3 4036 2164 2165
3 2166 3520 4040
3 4040 2165 2166
3 2167 4039 3520
3 3520 2166 2167
3 3790 3758 3757
3 4039 2167 2168
3 3756 3788 3789
3 3789 3757 3756
3 2170 2138 2137
3 3755 3787 3788
3 3788 3756 3755
3 2138 2170 2171
3 3754 3786 3787
3 3787 3755 3754
3 2173 2141 2140
3 2140 2172 2173
3 2174 2142 2141
3 2141 2173 2174
3 2175 2143 2142
3 2142 2174 2175
3 2176 2144 2143
3 2143 2175 2176
3 2177 2145 2144
3 2144 2176 2177
3 2178 2146 2145
3 2145 2177 2178
3 2179 2147 2146
3 2146 2178 2179
3 2180 2148 2147
3 2147 2179 2180
3 2181 2149 2148
3 2148 2180 2181
3 2182 2150 2149
3 2149 2181 2182
3 3753 3785 3786
3 2150 2182 2183
3 2184 2152 2151
3 3786 3754 3753
3 2185 2153 2152
3 2152 2184 2185
3 2186 2154 2153
3 2153 2185 2186
3 2187 2155 2154
3 2154 2186 2187
3 2157 4037 2155
3 2155 2187 2157
3 2188 2156 2157
3 2157 2189 2188
3 2190 2158 2156
3 2156 2188 2190
3 2191 2159 2158
3 2158 2190 2191
3 2192 2160 2159
3 2159 2191 2192
3 2193 2161 2160
3 2160 2192 2193
3 3752 3784 3785
3 3785 3753 3752
3 2195 2163 2162
3 2162 2194 2195
3 2196 2164 2163
3 2163 2195 2196
3 2197 2165 2164
3 2164 2196 2197
3 3751 3783 3784
3 2165 2197 2198
3 3784 3752 3751
3 3750 3782 3783
3 2200 2168 2167
3 3783 3751 3750
3 2201 2169 2168
3 2168 2200 2201
3 2202 2170 2169
3 2169 2201 2202
3 2203 2171 2170
3 2170 2202 2203
3 3591 3592 3589
3 2171 2203 2204
3 2205 2173 2172
3 2172 2204 2205
3 2206 2174 2173
3 2173 2205 2206
3 2207 2175 2174
3 2174 2206 2207
3 2208 2176 2175
3 2175 2207 2208
3 2209 2177 2176
3 2176 2208 2209
3 2210 2178 2177
3 2177 2209 2210
3 2211 2179 2178
3 2178 2210 2211
3 2212 2180 2179
3 2179 2211 2212
3 2213 2181 2180
3 2180 2212 2213
3 2214 2182 2181
3 2181 2213 2214
3 2215 2183 2182
3 2182 2214 2215
3 2216 2184 2183
3 2183 2215 2216
3 2217 2185 2184
3 2184 2216 2217
3 2218 2186 2185
3 3749 3781 3782
3 3782 3750 3749
3 2186 2218 2219
3 2189 2157 2187
3 3748 3780 3781
3 2220 2188 2189
3 2189 2221 2220
3 2222 2190 2188
3 2188 2220 2222
3 2223 2191 2190
3 2190 2222 2223
3 2224 2192 2191
3 2191 2223 2224
3 2225 2193 2192
3 2192 2224 2225
3 2226 2194 2193
3 2193 2225 2226
3 2227 2195 2194
3 2194 2226 2227
3 2228 2196 2195
3 2195 2227 2228
3 2229 2197 2196
3 2196 2228 2229
3 2230 2198 2197
3 2197 2229 2230
3 2231 2199 2198
3 2198 2230 2231
3 2232 2200 2199
3 2199 2231 2232
3 2233 2201 2200
3 2200 2232 2233
3 2234 2202 2201
3 2201 2233 2234
3 2235 2203 2202
3 2202 2234 2235
3 2236 2204 2203
3 2203 2235 2236
3 2237 2205 2204
3 2204 2236 2237
3 2238 2206 2205
3 2205 2237 2238
3 2239 2207 2206
3 2206 2238 2239
3 2240 2208 2207
3 2207 2239 2240
3 2241 2209 2208
3 2208 2240 2241
3 2242 2210 2209
3 2209 2241 2242
3 2243 2211 2210
3 2210 2242 2243
3 3781 3749 3748
3 3747 3779 3780
3 2245 2214 2213
3 3780 3748 3747
3 2246 2215 2214
3 2214 2245 2246
3 3746 3778 3779
3 2215 2246 2247
3 2248 2217 2216
3 2216 2247 2248
3 2249 2218 2217
3 2217 2248 2249
3 2250 2219 2218
3 2218 2249 2250
3 2221 2189 2219
3 2219 2250 2221
3 2251 2220 2221
3 2221 2252 2251
3 2253 2222 2220
3 2220 2251 2253
3 2254 2223 2222
3 2222 2253 2254
3 2255 2224 2223
3 2223 2254 2255
3 2256 2225 2224
3 2224 2255 2256
3 2257 2226 2225
3 2225 2256 2257
3 2258 2227 2226
3 2226 2257 2258
3 2259 2228 2227
3 2227 2258 2259
3 2260 2229 2228
3 2228 2259 2260
3 2261 2230 2229
3 2229 2260 2261
3 2262 2231 2230
3 2230 2261 2262
3 2263 2232 2231
3 2231 2262 2263
3 2264 2233 2232
3 2232 2263 2264
3 3779 3747 3746
3 2233 2264 2265
3 2266 2235 2234
3 2234 2265 2266
3 2267 2236 2235
3 2235 2266 2267
3 2268 2237 2236
3 2236 2267 2268
3 2269 2238 2237
3 2237 2268 2269
3 2270 2239 2238
3 2238 2269 2270
3 2271 2240 2239
3 2239 2270 2271
3 2272 2241 2240
3 2240 2271 2272
3 2273 2242 2241
3 2241 2272 2273
3 2274 2243 2242
3 2242 2273 2274
3 2275 4042 2243
3 2243 2274 2275
3 2276 2244 4042
3 4042 2275 2276
3 2277 2245 2244
3 2244 2276 2277
3 2278 2246 2245
3 2245 2277 2278
3 2279 2247 2246
3 2246 2278 2279
3 2280 2248 2247
3 2247 2279 2280
3 2281 2249 2248
3 2248 2280 2281
3 2282 2250 2249
3 2249 2281 2282
3 2252 2221 2250
3 2250 2282 2252
3 2283 2251 2252
3 2252 2284 2283
3 2285 2253 2251
3 2251 2283 2285
3 2286 2254 2253
3 2253 2285 2286
3 2287 2255 2254
3 2254 2286 2287
3 2288 2256 2255
3 2255 2287 2288
3 2289 2257 2256
3 2256 2288 2289
3 2290 2258 2257
3 2257 2289 2290
3 2291 2259 2258
3 2258 2290 2291
3 2292 2260 2259
3 2259 2291 2292
3 2293 2261 2260
3 2260 2292 2293
3 2294 2262 2261
3 2261 2293 2294
3 2295 2263 2262
3 2262 2294 2295
3 2296 2264 2263
3 2263 2295 2296
3 2297 2265 2264
3 3745 3777 3778
3 2298 2266 2265
3 2265 2297 2298
3 2299 2267 2266
3 2266 2298 2299
3 2300 2268 2267
3 2267 2299 2300
3 2301 2269 2268
3 2268 2300 2301
3 2302 2270 2269
3 2269 2301 2302
3 2303 2271 2270
3 2270 2302 2303
3 2304 2272 2271
3 2271 2303 2304
3 2305 2273 2272
3 2272 2304 2305
3 2306 2274 2273
3 2273 2305 2306
3 2307 2275 2274
3 2274 2306 2307
3 2308 2276 2275
3 2275 2307 2308
3 2309 2277 2276
3 2276 2308 2309
3 2310 2278 2277
3 2277 2309 2310
3 2311 2279 2278
3 2278 2310 2311
3 2312 2280 2279
3 2279 2311 2312
3 2313 2281 2280
3 2280 2312 2313
3 2314 2282 2281
3 2281 2313 2314
3 2284 2252 2282
3 2282 2314 2284
3 2315 2283 2284
3 2284 2316 2315
3 2317 2285 2283
3 2283 2315 2317
3 2318 2286 2285
3 2285 2317 2318
3 2319 2287 2286
3 2286 2318 2319
3 2320 2288 2287
3 2287 2319 2320
3 2321 2289 2288
3 2288 2320 2321
3 2322 2290 2289
3 2289 2321 2322
3 2323 2291 2290
3 2290 2322 2323
3 2324 2292 2291
3 2291 2323 2324
3 2325 2293 2292
3 2292 2324 2325
3 2326 2294 2293
3 2293 2325 2326
3 2327 2295 2294
3 2294 2326 2327
3 2328 2296 2295
3 2295 2327 2328
3 2329 2297 2296
3 2296 2328 2329
3 2330 2298 2297
3 2297 2329 2330
3 2331 2299 2298
3 2298 2330 2331
3 2332 2300 2299
3 2299 2331 2332
3 2333 2301 2300
3 2300 2332 2333
3 2334 2302 2301
3 2301 2333 2334
3 2335 2303 2302
3 2302 2334 2335
3 2336 2304 2303
3 2303 2335 2336
3 2337 2305 2304
3 2304 2336 2337
3 2338 2306 2305
3 2305 2337 2338
3 2306 2338 2307
3 2339 2308 2307
3 2340 2309 2308
3 2308 2339 2340
3 2341 2310 2309
3 2309 2340 2341
3 2342 2311 2310
3 2310 2341 2342
3 2343 2312 2311
3 2311 2342 2343
3 2344 2313 2312
3 2312 2343 2344
3 2345 2314 2313
3 2313 2344 2345
3 2316 2284 2314
3 2314 2345 2316
3 2346 2315 2316
3 2316 2347 2346
3 2348 2317 2315
3 2315 2346 2348
3 2349 2318 2317
3 2317 2348 2349
3 2350 2319 2318
3 2318 2349 2350
3 2351 2320 2319
3 2319 2350 2351
3 2352 2321 2320
3 2320 2351 2352
3 2353 2322 2321
3 2321 2352 2353
3 2354 2323 2322
3 2322 2353 2354
3 2355 2324 2323
3 2323 2354 2355
3 2356 2325 2324
3 2324 2355 2356
3 2357 2326 2325
3 2325 2356 2357
3 2358 2327 2326
3 2326 2357 2358
3 2359 2328 2327
3 2327 2358 2359
3 2360 2329 2328
3 2328 2359 2360
3 2361 2330 2329
3 2329 2360 2361
3 2362 2331 2330
3 2330 2361 2362
3 2363 2332 2331
3 2331 2362 2363
3 2364 2333 2332
3 2332 2363 2364
3 2365 2334 2333
3 2333 2364 2365
3 2366 2335 2334
3 2334 2365 2366
3 3778 3746 3745
3 2335 2366 2367
3 2368 2337 2336
3 2336 2367 2368
3 2369 2338 2337
3 2337 2368 2369
3 2370 2307 2338
3 2338 2369 2370
3 2371 2339 2307
3 2307 2370 2371
3 2372 2340 2339
3 2339 2371 2372
3 2373 2341 2340
3 2340 2372 2373
3 2374 2342 2341
3 2341 2373 2374
3 2375 2343 2342
3 2342 2374 2375
3 2376 2344 2343
3 2343 2375 2376
3 2377 2345 2344
3 2344 2376 2377
3 2347 2316 2345
3 2345 2377 2347
3 2378 2346 2347
3 2347 2379 2378
3 2380 2348 2346
3 2346 2378 2380
3 2381 2349 2348
3 2348 2380 2381
3 2382 2350 2349
3 2349 2381 2382
3 2383 2351 2350
3 2350 2382 2383
3 3744 3776 3777
3 3777 3745 3744
3 2385 2353 2352
3 3743 3775 3776
3 2386 2354 2353
3 2353 2385 2386
3 2387 2355 2354
3 2354 2386 2387
3 2388 2356 2355
3 2355 2387 2388
3 3776 3744 3743
3 3742 3774 3775
3 2390 2358 2357
3 2357 2389 2390
3 2391 2359 2358
3 2358 2390 2391
3 2392 2360 2359
3 2359 2391 2392
3 2393 2361 2360
3 2360 2392 2393
3 2394 2362 2361
3 2361 2393 2394
3 2395 2363 2362
3 2362 2394 2395
3 2396 2364 2363
3 2363 2395 2396
3 2397 2365 2364
3 2364 2396 2397
3 2398 2366 2365
3 2365 2397 2398
3 2399 2367 2366
3 3775 3743 3742
3 2400 2368 2367
3 2367 2399 2400
3 2401 2369 2368
3 2368 2400 2401
3 2402 2370 2369
3 2369 2401 2402
3 2403 2371 2370
3 2370 2402 2403
3 2404 2372 2371
3 2371 2403 2404
3 2405 2373 2372
3 2372 2404 2405
3 2406 2374 2373
3 2373 2405 2406
3 2407 2375 2374
3 2374 2406 2407
3 2408 2376 2375
3 2375 2407 2408
3 2409 2377 2376
3 2376 2408 2409
3 2379 2347 2377
3 2377 2409 2379
3 2410 2378 2379
3 2379 2411 2410
3 2412 2380 2378
3 3741 3773 3774
3 2413 2381 2380
3 2380 2412 2413
3 2414 2382 2381
3 2381 2413 2414
3 2415 2383 2382
3 2382 2414 2415
3 2416 2384 2383
3 2383 2415 2416
3 2417 2385 2384
3 2384 2416 2417
3 2418 2386 2385
3 2385 2417 2418
3 2419 2387 2386
3 2386 2418 2419
3 2420 2388 2387
3 2387 2419 2420
3 2421 2389 2388
3 2388 2420 2421
3 2422 2390 2389
3 2389 2421 2422
3 2423 2391 2390
3 2390 2422 2423
3 2424 2392 2391
3 2391 2423 2424
3 2425 2393 2392
3 2392 2424 2425
3 2426 2394 2393
3 2393 2425 2426
3 2427 2395 2394
3 2394 2426 2427
3 2428 2396 2395
3 2395 2427 2428
3 2429 2397 2396
3 2396 2428 2429
3 2430 2398 2397
3 2397 2429 2430
3 2431 2399 2398
3 2398 2430 2431
3 2432 2400 2399
3 2399 2431 2432
3 2433 2401 2400
3 2400 2432 2433
3 2434 2402 2401
3 2401 2433 2434
3 2435 2403 2402
3 2402 2434 2435
3 2436 2404 2403
3 2403 2435 2436
3 2437 2405 2404
3 2404 2436 2437
3 2438 2406 2405
3 2405 2437 2438
3 2439 2407 2406
3 2406 2438 2439
3 2440 2408 2407
3 2407 2439 2440
3 2441 2409 2408
3 2408 2440 2441
3 2411 2379 2409
3 2409 2441 2411
3 2442 2410 2411
3 2411 2443 2442
3 2444 2412 2410
3 2410 2442 2444
3 2445 2413 2412
3 2412 2444 2445
3 3774 3742 3741
3 2413 2445 2446
3 2447 2415 2414
3 2414 2446 2447
3 2448 2416 2415
3 2415 2447 2448
3 2449 2417 2416
3 2416 2448 2449
3 2450 2418 2417
3 2417 2449 2450
3 2451 2419 2418
3 2418 2450 2451
3 2452 2420 2419
3 2419 2451 2452
3 2453 2421 2420
3 2420 2452 2453
3 2454 2422 2421
3 2421 2453 2454
3 2455 2423 2422
3 2422 2454 2455
3 2456 2424 2423
3 2423 2455 2456
3 2457 2425 2424
3 2424 2456 2457
3 2458 2426 2425
3 2425 2457 2458
3 2459 2427 2426
3 2426 2458 2459
3 2460 2428 2427
3 2427 2459 2460
3 3740 3772 3773
3 3773 3741 3740
3 2462 2430 2429
3 2429 2461 2462
3 2463 2431 2430
3 2430 2462 2463
3 2464 2432 2431
3 2431 2463 2464
3 2465 2433 2432
3 2432 2464 2465
3 2466 2434 2433
3 2433 2465 2466
3 2467 2435 2434
3 2434 2466 2467
3 2468 2436 2435
3 2435 2467 2468
3 2469 2437 2436
3 2436 2468 2469
3 2470 2438 2437
3 2437 2469 2470
3 2471 2439 2438
3 2438 2470 2471
3 3739 3771 3772
3 3772 3740 3739
3 2473 2441 2440
3 2440 2472 2473
3 2443 2411 2441
3 2441 2473 2443
3 3738 3770 3771
3 3771 3739 3738
3 2476 2444 2442
3 2442 2474 2476
3 2477 2445 2444
3 2444 2476 2477
3 2478 2446 2445
3 2445 2477 2478
3 2479 2447 2446
3 2446 2478 2479
3 2480 2448 2447
3 3737 3769 3770
3 2481 2449 2448
3 2448 2480 2481
3 2482 2450 2449
3 2449 2481 2482
3 2483 2451 2450
3 2450 2482 2483
3 2484 2452 2451
3 2451 2483 2484
3 2485 2453 2452
3 2452 2484 2485
3 2486 2454 2453
3 2453 2485 2486
3 2487 2455 2454
3 2454 2486 2487
3 2488 2456 2455
3 2455 2487 2488
3 2489 2457 2456
3 2456 2488 2489
3 3770 3738 3737
3 3736 3768 3769
3 2491 2459 2458
3 2458 2490 2491
3 2492 2460 2459
3 3769 3737 3736
3 2493 2461 2460
3 2460 2492 2493
3 2494 2462 2461
3 2461 2493 2494
3 2495 2463 2462
3 2462 2494 2495
3 2496 2464 2463
3 2463 2495 2496
3 2497 2465 2464
3 2464 2496 2497
3 2498 2466 2465
3 2465 2497 2498
3 2499 2467 2466
3 2466 2498 2499
3 2500 2468 2467
3 2467 2499 2500
3 2501 2469 2468
3 2468 2500 2501
3 2502 2470 2469
3 2469 2501 2502
3 2503 2471 2470
3 2470 2502 2503
3 2504 2472 2471
3 2471 2503 2504
3 2505 2473 2472
3 2472 2504 2505
3 2475 2443 2473
3 2473 2505 2475
3 2506 4043 2475
3 2475 2507 2506
3 3589 3590 3591
3 4043 2506 2508
3 2509 2477 2476
3 3735 3767 3768
3 3768 3736 3735
3 2477 2509 2510
3 2511 2479 2478
3 3734 3766 3767
3 2512 2480 2479
3 2479 2511 2512
3 2513 2481 2480
3 2480 2512 2513
3 2514 2482 2481
3 2481 2513 2514
3 2515 2483 2482
3 2482 2514 2515
3 2516 2484 2483
3 2483 2515 2516
3 2517 2485 2484
3 2484 2516 2517
3 2518 2486 2485
3 2485 2517 2518
3 2519 2487 2486
3 2486 2518 2519
3 2520 2488 2487
3 2487 2519 2520
3 2521 2489 2488
3 3767 3735 3734
3 3587 3588 3585
3 2489 2521 2522
3 2523 2491 2490
3 2490 4044 2523
3 2524 2492 2491
3 2491 2523 2524
3 2525 2493 2492
3 2492 2524 2525
3 3733 3765 3766
3 3766 3734 3733
3 2527 2495 2494
3 3732 3764 3765
3 2528 2496 2495
3 2495 2527 2528
3 2529 2497 2496
3 2496 2528 2529
3 2530 2498 2497
3 2497 2529 2530
3 2531 2499 2498
3 2498 2530 2531
3 2532 2500 2499
3 2499 2531 2532
3 2533 2501 2500
3 2500 2532 2533
3 2534 2502 2501
3 2501 2533 2534
3 3765 3733 3732
3 3730 3762 3764
3 2536 2504 2503
3 2503 2535 2536
3 2537 2505 2504
3 2504 2536 2537
3 2507 2475 2505
3 2505 2537 2507
3 2538 2506 2507
3 2507 2539 2538
3 3764 3732 3730
3 3731 3763 3762
3 3762 3730 3731
3 3729 3761 3731
3 2542 2510 2509
3 3731 3698 3729
3 2543 2511 2510
3 2510 2542 2543
3 2544 2512 2511
3 2511 2543 2544
3 2545 2513 2512
3 2512 2544 2545
3 2546 2514 2513
3 2513 2545 2546
3 2547 2515 2514
3 2514 2546 2547
3 2548 2516 2515
3 2515 2547 2548
3 2549 2517 2516
3 2516 2548 2549
3 2550 2518 2517
3 2517 2549 2550
3 2551 2519 2518
3 2518 2550 2551
3 3728 3760 3761
3 3761 3729 3728
3 3727 3759 3760
3 3760 3728 3727
3 2554 2522 2521
3 2521 2553 2554
3 3726 3758 3759
3 3759 3727 3726
3 3725 3757 3758
3 3758 3726 3725
3 2557 2525 2524
3 3724 3756 3757
3 2558 2526 2525
3 2525 2557 2558
3 2559 2527 2526
3 2526 2558 2559
3 2560 2528 2527
3 2527 2559 2560
3 2561 2529 2528
3 2528 2560 2561
3 2562 2530 2529
3 2529 2561 2562
3 2563 2531 2530
3 2530 2562 2563
3 2564 2532 2531
3 2531 2563 2564
3 2565 2533 2532
3 2532 2564 2565
3 2566 2534 2533
3 2533 2565 2566
3 2567 2535 2534
3 2534 2566 2567
3 2568 2536 2535
3 2535 2567 2568
3 3757 3725 3724
3 3723 3755 3756
3 3756 3724 3723
3 3722 3754 3755
3 2570 2538 2539
3 2570 2540 2538
3 2570 2541 2540
3 2570 2542 2541
3 2570 2543 2542
3 2570 2544 2543
3 2570 2545 2544
3 2570 2546 2545
3 2570 2547 2546
3 2570 2548 2547
3 2570 2549 2548
3 2570 2550 2549
3 2570 2551 2550
3 2570 2552 2551
3 2570 2553 2552
3 2570 2554 2553
3 3755 3723 3722
3 3721 3753 3754
3 3754 3722 3721
3 3720 3752 3753
3 3753 3721 3720
3 3719 3751 3752
3 3752 3720 3719
3 4045 2562 2561
3 4045 2563 2562
3 3718 3750 3751
3 3751 3719 3718
3 3717 3749 3750
3 3750 3718 3717
3 3716 3748 3749
3 3749 3717 3716
3 3715 3747 3748
3 3748 3716 3715
3 3714 3746 3747
3 4046 2574 2575
3 4046 2575 2576
3 4046 2576 2577
3 4046 2577 2578
3 4046 2578 2579
3 4046 2579 2580
3 4046 2580 2581
3 4046 2581 2582
3 4046 2582 2583
3 4046 2583 2584
3 4046 2584 2585
3 4046 2585 2586
3 3747 3715 3714
3 3713 3745 3746
3 2571 2588 2589
3 2571 2589 2590
3 2571 2590 2591
3 2571 2591 2592
3 2571 2592 2593
3 2571 2593 2594
3 2571 2594 2595
3 2571 2595 2596
3 2571 2596 2597
3 2571 2597 2598
3 2571 2598 2599
3 2571 2599 2600
3 2571 2600 2601
3 2571 2601 2602
3 2571 2602 2603
3 2571 2603 2572
3 2604 2573 2572
3 2572 2605 2604
3 2606 2574 2573
3 2573 2604 2606
3 2607 2575 2574
3 2574 2606 2607
3 2608 2576 2575
3 2575 2607 2608
3 2609 2577 2576
3 2576 2608 2609
3 2610 2578 2577
3 2577 2609 2610
3 2611 2579 2578
3 2578 2610 2611
3 3746 3714 3713
3 3712 3744 3745
3 2613 2582 2581
3 3745 3713 3712
3 2614 2583 2582
3 2582 2613 2614
3 2615 2584 2583
3 2583 2614 2615
3 2616 2585 2584
3 2584 2615 2616
3 2617 2586 2585
3 2585 2616 2617
3 2618 2587 2586
3 2586 2617 2618
3 2619 2588 2587
3 2587 2618 2619
3 2620 2589 2588
3 2588 2619 2620
3 3711 3743 3744
3 2589 2620 2621
3 3744 3712 3711
3 3710 3742 3743
3 2623 2592 2591
3 2591 2622 2623
3 2624 2593 2592
3 2592 2623 2624
3 2625 2594 2593
3 2593 2624 2625
3 2626 2595 2594
3 2594 2625 2626
3 2627 2596 2595
3 2595 2626 2627
3 2628 2597 2596
3 2596 2627 2628
3 2629 2598 2597
3 2597 2628 2629
3 2630 2599 2598
3 2598 2629 2630
3 2631 2600 2599
3 2599 2630 2631
3 3743 3711 3710
3 2600 2631 2632
3 3709 3741 3742
3 3742 3710 3709
3 3585 3586 3587
3 4048 2633 2634
3 2605 2572 2603
3 2603 4051 2605
3 3708 3740 3741
3 2605 2636 2635
3 3741 3709 3708
3 3707 3739 3740
3 2638 2607 2606
3 2606 2637 2638
3 2639 2608 2607
3 2607 2638 2639
3 2640 2609 2608
3 2608 2639 2640
3 2641 2610 2609
3 2609 2640 2641
3 2642 2611 2610
3 2610 2641 2642
3 2643 4047 2611
3 2611 2642 2643
3 2644 2612 4047
3 4047 2643 2644
3 2645 2613 2612
3 2612 2644 2645
3 2646 2614 2613
3 2613 2645 2646
3 2647 2615 2614
3 2614 2646 2647
3 3740 3708 3707
3 2615 2647 2648
3 2649 2617 2616
3 2616 2648 2649
3 3706 3738 3739
3 3739 3707 3706
3 3581 3584 3578
3 4049 2650 2651
3 4054 2620 2619
3 2619 4053 4054
3 2653 2621 2620
3 3705 3737 3738
3 2654 2622 2621
3 2621 2653 2654
3 2655 2623 2622
3 2622 2654 2655
3 2656 2624 2623
3 2623 2655 2656
3 2657 2625 2624
3 2624 2656 2657
3 2658 2626 2625
3 2625 2657 2658
3 2659 2627 2626
3 2626 2658 2659
3 2660 2628 2627
3 2627 2659 2660
3 2661 2629 2628
3 2628 2660 2661
3 2662 2630 2629
3 2629 2661 2662
3 2663 2631 2630
3 2630 2662 2663
3 2664 2632 2631
3 2631 2663 2664
3 2665 4050 2632
3 2632 2664 2665
3 3578 3577 3581
3 4050 2665 2666
3 2636 2605 4051
3 3738 3706 3705
3 2667 2635 2636
3 2636 2668 2667
3 2669 2637 2635
3 2635 2667 2669
3 2670 2638 2637
3 2637 2669 2670
3 2671 2639 2638
3 2638 2670 2671
3 2672 2640 2639
3 2639 2671 2672
3 3704 3736 3737
3 3737 3705 3704
3 3703 3735 3736
3 3736 3704 3703
3 3702 3734 3735
3 3735 3703 3702
3 3701 3733 3734
3 3734 3702 3701
3 3700 3732 3733
3 3733 3701 3700
3 2678 2647 2646
3 3699 3730 3732
3 2679 2648 2647
3 2647 2678 2679
3 2680 2649 2648
3 2648 2679 2680
3 2681 2650 2649
3 2649 2680 2681
3 2682 2651 2650
3 2650 2681 2682
3 3732 3700 3699
3 2651 2682 2683
3 2684 2653 2652
3 2652 2683 2684
3 2685 2654 2653
3 2653 2684 2685
3 2686 2655 2654
3 2654 2685 2686
3 2687 2656 2655
3 2655 2686 2687
3 2688 2657 2656
3 2656 2687 2688
3 2689 2658 2657
3 2657 2688 2689
3 2690 2659 2658
3 2658 2689 2690
3 2691 2660 2659
3 2659 2690 2691
3 2692 2661 2660
3 2660 2691 2692
3 2693 2662 2661
3 2661 2692 2693
3 2694 2663 2662
3 2662 2693 2694
3 3698 3731 3730
3 2663 2694 2695
3 2696 2665 2664
3 3730 3699 3698
3 3697 3729 3698
3 2665 2696 2697
3 3584 3583 3579
3 4055 2697 2668
3 2698 2667 2668
3 2668 2699 2698
3 2700 2669 2667
3 2667 2698 2700
3 2701 2670 2669
3 2669 2700 2701
3 2702 2671 2670
3 2670 2701 2702
3 2703 2672 2671
3 2671 2702 2703
3 2704 2673 2672
3 2672 2703 2704
3 2705 2674 2673
3 2673 2704 2705
3 2706 4052 2674
3 2674 2705 2706
3 2707 2675 4052
3 4052 2706 2707
3 2708 2676 2675
3 2675 2707 2708
3 2709 2677 2676
3 2676 2708 2709
3 2710 2678 2677
3 2677 2709 2710
3 2711 2679 2678
3 2678 2710 2711
3 2712 2680 2679
3 2679 2711 2712
3 2713 2681 2680
3 2680 2712 2713
3 2714 2682 2681
3 2681 2713 2714
3 2715 2683 2682
3 2682 2714 2715
3 2716 2684 2683
3 2683 2715 2716
3 2717 2685 2684
3 2684 2716 2717
3 2718 2686 2685
3 2685 2717 2718
3 2719 2687 2686
3 2686 2718 2719
3 2720 2688 2687
3 2687 2719 2720
3 3697 3728 3729
3 3697 3727 3728
3 2722 2690 2689
3 2689 2721 2722
3 3697 3726 3727
3 2690 2722 2723
3 3697 3725 3726
3 3697 3724 3725
3 2725 2693 2692
3 3697 3723 3724
3 2726 2694 2693
3 2693 2725 2726
3 2727 2695 2694
3 2694 2726 2727
3 2728 2696 2695
3 2695 2727 2728
3 2729 2697 2696
3 2696 2728 2729
3 2699 2668 2697
3 2697 2729 2699
3 2730 2698 2699
3 2699 2731 2730
3 2732 2700 2698
3 2698 2730 2732
3 2733 2701 2700
3 2700 2732 2733
3 2734 2702 2701
3 2701 2733 2734
3 2735 2703 2702
3 2702 2734 2735
3 2736 2704 2703
3 2703 2735 2736
3 2737 2705 2704
3 2704 2736 2737
3 2738 2706 2705
3 2705 2737 2738
3 2739 2707 2706
3 2706 2738 2739
3 2740 2708 2707
3 2707 2739 2740
3 2741 2709 2708
3 2708 2740 2741
3 2742 2710 2709
3 2709 2741 2742
3 2743 2711 2710
3 2710 2742 2743
3 2744 2712 2711
3 2711 2743 2744
3 2745 2713 2712
3 2712 2744 2745
3 2746 2714 2713
3 2713 2745 2746
3 2747 2715 2714
3 2714 2746 2747
3 2748 2716 2715
3 2715 2747 2748
3 2749 2717 2716
3 2716 2748 2749
3 2750 2718 2717
3 2717 2749 2750
3 2751 2719 2718
3 2718 2750 2751
3 2752 2720 2719
3 2719 2751 2752
3 2753 2721 2720
3 2720 2752 2753
3 2754 2722 2721
3 2721 2753 2754
3 2755 2723 2722
3 2722 2754 2755
3 2756 2724 2723
3 2723 2755 2756
3 2757 2725 2724
3 2724 2756 2757
3 2758 2726 2725
3 2725 2757 2758
3 3697 3722 3723
3 2726 2758 2759
3 2760 2728 2727
3 2727 2759 2760
3 2761 2729 2728
3 2728 2760 2761
3 2731 2699 2729
3 2729 2761 2731
3 2762 2730 2731
3 2731 2763 2762
3 2764 2732 2730
3 2730 2762 2764
3 2765 2733 2732
3 2732 2764 2765
3 2766 2734 2733
3 2733 2765 2766
3 2767 2735 2734
3 2734 2766 2767
3 2768 2736 2735
3 2735 2767 2768
3 2769 2737 2736
3 2736 2768 2769
3 2770 2738 2737
3 2737 2769 2770
3 2771 2739 2738
3 2738 2770 2771
3 2772 2740 2739
3 2739 2771 2772
3 2773 2741 2740
3 2740 2772 2773
3 2774 2742 2741
3 2741 2773 2774
3 2775 2743 2742
3 2742 2774 2775
3 2776 2744 2743
3 2743 2775 2776
3 2777 2745 2744
3 2744 2776 2777
3 2778 2746 2745
3 2745 2777 2778
3 2779 2747 2746
3 2746 2778 2779
3 2780 2748 2747
3 2747 2779 2780
3 2781 2749 2748
3 2748 2780 2781
3 2782 2750 2749
3 2749 2781 2782
3 2783 2751 2750
3 2750 2782 2783
3 2784 2752 2751
3 2751 2783 2784
3 2785 2753 2752
3 2752 2784 2785
3 2786 2754 2753
3 2753 2785 2786
3 2787 2755 2754
3 2754 2786 2787
3 2788 2756 2755
3 2755 2787 2788
3 2789 2757 2756
3 2756 2788 2789
3 2790 2758 2757
3 2757 2789 2790
3 2791 2759 2758
3 2758 2790 2791
3 2792 2760 2759
3 2759 2791 2792
3 2793 2761 2760
3 2760 2792 2793
3 2763 2731 2761
3 2761 2793 2763
3 2794 2762 2763
3 2763 2795 2794
3 2796 2764 2762
3 2762 2794 2796
3 2797 2765 2764
3 2764 2796 2797
3 2798 2766 2765
3 2765 2797 2798
3 2799 2767 2766
3 2766 2798 2799
3 2800 2768 2767
3 2767 2799 2800
3 2801 2769 2768
3 2768 2800 2801
3 2802 2770 2769
3 2769 2801 2802
3 2803 2771 2770
3 2770 2802 2803
3 2804 2772 2771
3 2771 2803 2804
3 2805 2773 2772
3 2772 2804 2805
3 2806 2774 2773
3 2773 2805 2806
3 2807 2775 2774
3 2774 2806 2807
3 2808 2776 2775
3 2775 2807 2808
3 2809 2777 2776
3 2776 2808 2809
3 2810 2778 2777
3 2777 2809 2810
3 2811 2779 2778
3 2778 2810 2811
3 2812 2780 2779
3 2779 2811 2812
3 2813 2781 2780
3 2780 2812 2813
3 2814 2782 2781
3 2781 2813 2814
3 2815 2783 2782
3 2782 2814 2815
3 2816 2784 2783
3 2783 2815 2816
3 2817 2785 2784
3 2784 2816 2817
3 3697 3721 3722
3 3697 3720 3721
3 2819 2788 2787
3 3579 3578 3584
3 2820 2789 2788
3 2788 2819 2820
3 2821 2790 2789
3 2789 2820 2821
3 2822 2791 2790
3 2790 2821 2822
3 2823 2792 2791
3 2791 2822 2823
3 2824 2793 2792
3 2792 2823 2824
3 2795 2763 2793
3 3583 3582 3580
3 2825 2794 2795
3 2795 2826 2825
3 2827 2796 2794
3 2794 2825 2827
3 2828 2797 2796
3 2796 2827 2828
3 2829 2798 2797
3 2797 2828 2829
3 2830 2799 2798
3 2798 2829 2830
3 2831 2800 2799
3 2799 2830 2831
3 2832 2801 2800
3 2800 2831 2832
3 2833 2802 2801
3 2801 2832 2833
3 2834 2803 2802
3 2802 2833 2834
3 2835 2804 2803
3 2803 2834 2835
3 2836 2805 2804
3 2804 2835 2836
3 2837 2806 2805
3 2805 2836 2837
3 2838 2807 2806
3 2806 2837 2838
3 2839 2808 2807
3 2807 2838 2839
3 2840 2809 2808
3 2808 2839 2840
3 2841 2810 2809
3 2809 2840 2841
3 2842 2811 2810
3 2810 2841 2842
3 2843 2812 2811
3 2811 2842 2843
3 2844 2813 2812
3 2812 2843 2844
3 2845 2814 2813
3 2813 2844 2845
3 2846 2815 2814
3 2814 2845 2846
3 2847 2816 2815
3 2815 2846 2847
3 2848 2817 2816
3 3697 3719 3720
3 2849 4056 2817
3 2817 2848 2849
3 2850 2818 4056
3 4056 2849 2850
3 2851 2819 2818
3 2818 2850 2851
3 2852 2820 2819
3 2819 2851 2852
3 2853 2821 2820
3 2820 2852 2853
3 2854 2822 2821
3 2821 2853 2854
3 2855 2823 2822
3 2822 2854 2855
3 2856 2824 2823
3 2823 2855 2856
3 2826 2795 2824
3 2824 2856 2826
3 2857 2825 2826
3 2826 2858 2857
3 2859 2827 2825
3 2825 2857 2859
3 2860 2828 2827
3 2827 2859 2860
3 2861 2829 2828
3 2828 2860 2861
3 2862 2830 2829
3 2829 2861 2862
3 3697 3718 3719
3 2830 2862 2863
3 3580 3579 3583
3 4057 2863 2864
3 2865 2833 2832
3 2832 2864 2865
3 2866 2834 2833
3 2833 2865 2866
3 3697 3717 3718
3 2834 2866 2867
3 2868 2836 2835
3 2835 2867 2868
3 2869 2837 2836
3 2836 2868 2869
3 2870 2838 2837
3 2837 2869 2870
3 2871 2839 2838
3 2838 2870 2871
3 2872 2840 2839
3 2839 2871 2872
3 2873 2841 2840
3 2840 2872 2873
3 2874 2842 2841
3 2841 2873 2874
3 2875 2843 2842
3 2842 2874 2875
3 2876 2844 2843
3 2843 2875 2876
3 2877 2845 2844
3 2844 2876 2877
3 3697 3716 3717
3 2845 2877 2878
3 2879 2847 2846
3 2846 2878 2879
3 2880 2848 2847
3 2847 2879 2880
3 2881 2849 2848
3 2848 2880 2881
3 2882 2850 2849
3 2849 2881 2882
3 2883 2851 2850
3 2850 2882 2883
3 2884 2852 2851
3 2851 2883 2884
3 2885 2853 2852
3 2852 2884 2885
3 2886 2854 2853
3 2853 2885 2886
3 2887 2855 2854
3 2854 2886 2887
3 2888 2856 2855
3 2855 2887 2888
3 2858 2826 2856
3 2856 2888 2858
3 2889 2857 2858
3 2858 2890 2889
3 2891 2859 2857
3 2857 2889 2891
3 2892 2860 2859
3 2859 2891 2892
3 2893 2861 2860
3 2860 2892 2893
3 2894 2862 2861
3 2861 2893 2894
3 2895 2863 2862
3 2862 2894 2895
3 2896 2864 2863
3 2863 2895 2896
3 2897 2865 2864
3 2864 2896 2897
3 2898 2866 2865
3 2865 2897 2898
3 2899 2867 2866
3 2866 2898 2899
3 2900 2868 2867
3 2867 2899 2900
3 2901 2869 2868
3 2868 2900 2901
3 2902 2870 2869
3 2869 2901 2902
3 2903 2871 2870
3 2870 2902 2903
3 2904 2872 2871
3 2871 2903 2904
3 2905 2873 2872
3 2872 2904 2905
3 2906 2874 2873
3 2873 2905 2906
3 2907 2875 2874
3 2874 2906 2907
3 2908 2876 2875
3 2875 2907 2908
3 2909 2877 2876
3 2876 2908 2909
3 2910 2878 2877
3 3697 3715 3716
3 2911 2879 2878
3 2878 2910 2911
3 2912 2880 2879
3 2879 2911 2912
3 2913 2881 2880
3 2880 2912 2913
3 2914 2882 2881
3 2881 2913 2914
3 2915 2883 2882
3 2882 2914 2915
3 2916 2884 2883
3 2883 2915 2916
3 2917 2885 2884
3 2884 2916 2917
3 2918 2886 2885
3 2885 2917 2918
3 2919 2887 2886
3 2886 2918 2919
3 2920 2888 2887
3 2887 2919 2920
3 2890 2858 2888
3 2888 2920 2890
3 2921 2889 2890
3 2890 2922 2921
3 2923 2891 2889
3 2889 2921 2923
3 2924 2892 2891
3 3697 3714 3715
3 3697 3713 3714
3 2892 2924 2925
3 2926 2894 2893
3 2893 2925 2926
3 2927 2895 2894
3 2894 2926 2927
3 2928 2896 2895
3 2895 2927 2928
3 2929 2897 2896
3 2896 2928 2929
3 2930 2898 2897
3 2897 2929 2930
3 2931 2899 2898
3 2898 2930 2931
3 2932 2900 2899
3 2899 2931 2932
3 2933 2901 2900
3 2900 2932 2933
3 2934 2902 2901
3 2901 2933 2934
3 2935 2903 2902
3 2902 2934 2935
3 2936 2904 2903
3 2903 2935 2936
3 2937 2905 2904
3 2904 2936 2937
3 2938 2906 2905
3 2905 2937 2938
3 2939 2907 2906
3 2906 2938 2939
3 3697 3712 3713
3 2907 2939 2940
3 2941 2909 2908
3 2908 2940 2941
3 2942 2910 2909
3 2909 2941 2942
3 2943 2911 2910
3 2910 2942 2943
3 2944 2912 2911
3 2911 2943 2944
3 2945 2913 2912
3 2912 2944 2945
3 2946 2914 2913
3 2913 2945 2946
3 2947 2915 2914
3 2914 2946 2947
3 2948 2916 2915
3 2915 2947 2948
3 2949 2917 2916
3 2916 2948 2949
3 2950 2918 2917
3 2917 2949 2950
3 2951 2919 2918
3 2918 2950 2951
3 2952 2920 2919
3 2919 2951 2952
3 2922 2890 2920
3 2920 2952 2922
3 2953 2921 2922
3 2922 2954 2953
3 2955 2923 2921
3 2921 2953 2955
3 2956 2924 2923
3 2923 2955 2956
3 2957 2925 2924
3 2924 2956 2957
3 2958 2926 2925
3 2925 2957 2958
3 3697 3711 3712
3 2926 2958 2959
3 2960 2928 2927
3 3697 3710 3711
3 2961 2929 2928
3 2928 2960 2961
3 2962 2930 2929
3 2929 2961 2962
3 2963 2931 2930
3 2930 2962 2963
3 2964 2932 2931
3 2931 2963 2964
3 2965 2933 2932
3 2932 2964 2965
3 2966 2934 2933
3 2933 2965 2966
3 2967 2935 2934
3 2934 2966 2967
3 2968 2936 2935
3 2935 2967 2968
3 3582 3581 3577
3 2936 2968 2969
3 3577 3580 3582
3 4058 2969 2970
3 2971 2939 2938
3 2938 2970 2971
3 2972 2940 2939
3 3697 3709 3710
3 2973 2941 2940
3 2940 2972 2973
3 2974 2942 2941
3 2941 2973 2974
3 2975 2943 2942
3 2942 2974 2975
3 2976 2944 2943
3 2943 2975 2976
3 2977 2945 2944
3 2944 2976 2977
3 2978 2946 2945
3 2945 2977 2978
3 2979 2947 2946
3 2946 2978 2979
3 2980 2948 2947
3 2947 2979 2980
3 2981 2949 2948
3 2948 2980 2981
3 2982 2950 2949
3 2949 2981 2982
3 2983 2951 2950
3 2950 2982 2983
3 2984 2952 2951
3 2951 2983 2984
3 2954 2922 2952
3 3697 3708 3709
3 2985 2953 2954
3 2954 2986 2985
3 3697 3707 3708
3 3697 3706 3707
3 2988 2956 2955
3 3697 3705 3706
3 2989 2957 2956
3 2956 2988 2989
3 3697 3704 3705
3 2957 2989 2990
3 2991 2959 2958
3 3697 3703 3704
3 2992 2960 2959
3 2959 2991 2992
3 2993 2961 2960
3 2960 2992 2993
3 2994 2962 2961
3 2961 2993 2994
3 2995 2963 2962
3 2962 2994 2995
3 2996 2964 2963
3 2963 2995 2996
3 2997 2965 2964
3 2964 2996 2997
3 2998 2966 2965
3 2965 2997 2998
3 4060 2967 2966
3 2966 2998 4060
3 3697 3702 3703
3 3697 3701 3702
3 3001 2969 2968
3 2968 3000 3001
3 3002 2970 2969
3 2969 3001 3002
3 3003 2971 2970
3 2970 3002 3003
3 3004 4059 2971
3 2971 3003 3004
3 3697 3700 3701
3 4059 3004 3005
3 3006 2974 2973
3 3697 3699 3700
3 3007 2975 2974
3 2974 3006 3007
3 3008 2976 2975
3 2975 3007 3008
3 3009 2977 2976
3 2976 3008 3009
3 3010 2978 2977
3 2977 3009 3010
3 3011 2979 2978
3 2978 3010 3011
3 3012 2980 2979
3 2979 3011 3012
3 3013 2981 2980
3 2980 3012 3013
3 3014 2982 2981
3 2981 3013 3014
3 3015 2983 2982
3 2982 3014 3015
3 3016 2984 2983
3 2983 3015 3016
3 2986 2954 2984
3 2984 3016 2986
3 3017 2985 2986
3 3697 3698 3699
3 3660 3659 3696
3 2985 3017 3019
3 3659 3664 3696
3 3664 3672 3696
3 3672 3680 3696
3 3680 3688 3696
3 3022 2990 2989
3 3688 3692 3696
3 3023 2991 2990
3 2990 3022 3023
3 3024 2992 2991
3 2991 3023 3024
3 3025 2993 2992
3 2992 3024 3025
3 3026 2994 2993
3 2993 3025 3026
3 3027 2995 2994
3 2994 3026 3027
3 3028 2996 2995
3 2995 3027 3028
3 3029 2997 2996
3 2996 3028 3029
3 3692 3694 3696
3 3688 3690 3692
3 3583 3584 3581
3 3684 3686 3688
3 3032 3000 2999
3 2999 3031 3032
3 3033 3001 3000
3 3000 3032 3033
3 3680 3682 3684
3 3672 3676 3680
3 3676 3678 3680
3 3672 3674 3676
3 3035 3004 3003
3 3664 3668 3672
3 3036 3005 3004
3 3004 3035 3036
3 3037 3006 3005
3 3005 3036 3037
3 3038 3007 3006
3 3006 3037 3038
3 3039 3008 3007
3 3007 3038 3039
3 3040 3009 3008
3 3008 3039 3040
3 3041 3010 3009
3 3009 3040 3041
3 3042 3011 3010
3 3010 3041 3042
3 3043 3012 3011
3 3011 3042 3043
3 3044 3013 3012
3 3012 3043 3044
3 3045 3014 3013
3 3013 3044 3045
3 3046 3015 3014
3 3014 3045 3046
3 3668 3670 3672
3 3664 3666 3668
3 3659 3662 3664
3 3695 3693 3657
3 3693 3689 3657
3 3047 3019 3017
3 3047 3020 3019
3 3047 3021 3020
3 3047 3022 3021
3 3047 3023 3022
3 3047 3024 3023
3 3047 3025 3024
3 3047 3026 3025
3 3047 3027 3026
3 3047 3028 3027
3 3047 3029 3028
3 3047 3030 3029
3 3047 3031 3030
3 3047 3032 3031
3 3689 3681 3657
3 3681 3673 3657
3 3673 3665 3657
3 3665 3661 3657
3 3661 3658 3657
3 4061 3037 3036
3 4061 3038 3037
3 4061 3039 3038
3 4061 3040 3039
3 4061 3041 3040
3 4061 3042 3041
3 4061 3043 3042
3 4061 3044 3043
3 3665 3663 3661
3 3673 3669 3665
3 3669 3667 3665
3 3673 3671 3669
3 3681 3677 3673
3 3048 3050 3051
3 3048 3051 3052
3 3048 3052 3053
3 3048 3053 3054
3 3048 3054 3055
3 3048 3055 3056
3 3048 3056 3057
3 3048 3057 3058
3 3048 3058 3059
3 3048 3059 3060
3 3048 3060 3061
3 3048 3061 3062
3 3048 3062 3063
3 3048 3063 3064
3 3677 3675 3673
3 3681 3679 3677
3 3689 3685 3681
3 3065 3066 3067
3 3065 3067 3068
3 3065 3068 3069
3 3065 3069 3070
3 3065 3070 3071
3 3065 3071 3072
3 3065 3072 3073
3 3065 3073 3074
3 3065 3074 3075
3 3065 3075 3076
3 3065 3076 3077
3 3065 3077 3078
3 3685 3683 3681
3 3689 3687 3685
3 3581 3582 3583
3 3049 3080 3079
3 3081 3051 3050
3 3050 4063 3081
3 3082 3052 3051
3 3051 3081 3082
3 3083 3053 3052
3 3052 3082 3083
3 3693 3691 3689
3 3660 3696 3695
3 3695 3657 3660
3 3696 3694 3693
3 3086 3056 3055
3 3055 3085 3086
3 3087 3057 3056
3 3056 3086 3087
3 3088 3058 3057
3 3057 3087 3088
3 3693 3695 3696
3 3058 3088 3089
3 3694 3692 3691
3 3691 3693 3694
3 3692 3690 3689
3 3689 3691 3692
3 3092 3062 3061
3 3690 3688 3687
3 3093 3063 3062
3 3062 3092 3093
3 701 3064 3063
3 3063 3093 701
3 3579 3580 3577
3 3577 3578 3579
3 3094 3034 745
3 2987 3095 3018
3 3096 3066 2569
3 2569 3018 3096
3 3097 3067 3066
3 3066 3096 3097
3 3687 3689 3690
3 3688 3686 3685
3 3099 3069 3068
3 3068 3098 3099
3 3100 3070 3069
3 3069 3099 3100
3 3101 3071 3070
3 3070 3100 3101
3 3102 3072 3071
3 3071 3101 3102
3 3103 3073 3072
3 3072 3102 3103
3 3104 3074 3073
3 3073 3103 3104
3 3105 3075 3074
3 3074 3104 3105
3 3685 3687 3688
3 3075 3105 3106
3 3686 3684 3683
3 3683 3685 3686
3 3108 3078 3077
3 3077 3107 3108
3 4062 2556 3078
3 3078 3108 4062
3 3573 3576 3570
3 3570 3569 3573
3 3684 3682 3681
3 3681 3683 3684
3 3111 3081 4063
3 4063 3109 3111
3 3682 3680 3679
3 3679 3681 3682
3 3113 3083 3082
3 3082 3112 3113
3 3114 3084 3083
3 3083 3113 3114
3 3115 3085 3084
3 3084 3114 3115
3 3116 3086 3085
3 3085 3115 3116
3 3117 3087 3086
3 3086 3116 3117
3 3118 3088 3087
3 3087 3117 3118
3 3119 3089 3088
3 3088 3118 3119
3 3120 3090 3089
3 3089 3119 3120
3 3121 3091 3090
3 3090 3120 3121
3 3680 3678 3677
3 3091 3121 3122
3 3677 3679 3680
3 3678 3676 3675
3 3124 685 4064
3 4064 3123 3124
3 3675 3677 3678
3 3676 3674 3673
3 3126 3018 3095
3 3095 3125 3126
3 3127 3096 3018
3 3018 3126 3127
3 3128 3097 3096
3 3096 3127 3128
3 3129 3098 3097
3 3097 3128 3129
3 3130 3099 3098
3 3098 3129 3130
3 3131 3100 3099
3 3099 3130 3131
3 3132 3101 3100
3 3100 3131 3132
3 3133 3102 3101
3 3101 3132 3133
3 3134 3103 3102
3 3102 3133 3134
3 3135 3104 3103
3 3103 3134 3135
3 3136 3105 3104
3 3104 3135 3136
3 3137 3106 3105
3 3105 3136 3137
3 3138 3107 3106
3 3106 3137 3138
3 3139 3108 3107
3 3107 3138 3139
3 3140 4062 3108
3 3673 3675 3676
3 3674 3672 3671
3 4062 3140 3110
3 3141 3109 3110
3 3110 3142 3141
3 3143 3111 3109
3 3109 3141 3143
3 3144 3112 3111
3 3111 3143 3144
3 3145 3113 3112
3 3112 3144 3145
3 3146 3114 3113
3 3113 3145 3146
3 3671 3673 3674
3 3672 3670 3669
3 3148 3116 3115
3 3115 3147 3148
3 3149 3117 3116
3 3116 3148 3149
3 3150 3118 3117
3 3117 3149 3150
3 3669 3671 3672
3 3118 3150 3151
3 3670 3668 3667
3 3667 3669 3670
3 3153 3121 3120
3 3668 3666 3665
3 3154 3122 3121
3 3121 3153 3154
3 3155 3123 3122
3 3122 3154 3155
3 3156 3124 3123
3 3123 3155 3156
3 3157 3125 3124
3 3124 3156 3157
3 3158 3126 3125
3 3125 3157 3158
3 3159 3127 3126
3 3126 3158 3159
3 3160 3128 3127
3 3127 3159 3160
3 3161 3129 3128
3 3128 3160 3161
3 3162 3130 3129
3 3129 3161 3162
3 3163 3131 3130
3 3130 3162 3163
3 3164 3132 3131
3 3131 3163 3164
3 3165 3133 3132
3 3132 3164 3165
3 3166 3134 3133
3 3133 3165 3166
3 3167 3135 3134
3 3134 3166 3167
3 3168 3136 3135
3 3135 3167 3168
3 3169 3137 3136
3 3136 3168 3169
3 3665 3667 3668
3 3137 3169 3170
3 3171 3139 3138
3 3666 3664 3663
3 3663 3665 3666
3 3139 3171 3172
3 3142 3110 3140
3 3140 3172 3142
3 3173 3141 3142
3 3142 3174 3173
3 3175 3143 3141
3 3141 3173 3175
3 3176 3144 3143
3 3143 3175 3176
3 3177 3145 3144
3 3144 3176 3177
3 3178 3146 3145
3 3145 3177 3178
3 3179 3147 3146
3 3146 3178 3179
3 3180 3148 3147
3 3147 3179 3180
3 3664 3662 3661
3 3661 3663 3664
3 3182 3151 3150
3 3662 3659 3658
3 3183 3152 3151
3 3151 3182 3183
3 3184 3153 3152
3 3152 3183 3184
3 3185 3154 3153
3 3153 3184 3185
3 3186 3155 3154
3 3154 3185 3186
3 3187 3156 3155
3 3155 3186 3187
3 3576 3575 3571
3 3156 3187 3188
3 3189 3158 3157
3 3157 3188 3189
3 3190 3159 3158
3 3158 3189 3190
3 3191 3160 3159
3 3159 3190 3191
3 3192 3161 3160
3 3160 3191 3192
3 3193 3162 3161
3 3161 3192 3193
3 3194 3163 3162
3 3162 3193 3194
3 3195 3164 3163
3 3163 3194 3195
3 3164 3195 3165
3 3196 3166 3165
3 3197 3167 3166
3 3166 3196 3197
3 3198 3168 3167
3 3167 3197 3198
3 3199 3169 3168
3 3168 3198 3199
3 3200 3170 3169
3 3169 3199 3200
3 3201 3171 3170
3 3170 3200 3201
3 3202 3172 3171
3 3171 3201 3202
3 3174 3142 3172
3 3172 3202 3174
3 3203 3173 3174
3 3174 3204 3203
3 3205 3175 3173
3 3173 3203 3205
3 3206 3176 3175
3 3175 3205 3206
3 3207 3177 3176
3 3176 3206 3207
3 3208 3178 3177
3 3177 3207 3208
3 3209 3179 3178
3 3178 3208 3209
3 3210 3180 3179
3 3179 3209 3210
3 3211 4065 3180
3 3180 3210 3211
3 3212 3181 4065
3 4065 3211 3212
3 3213 3182 3181
3 3181 3212 3213
3 3214 3183 3182
3 3182 3213 3214
3 3215 3184 3183
3 3183 3214 3215
3 3216 3185 3184
3 3184 3215 3216
3 3217 3186 3185
3 3185 3216 3217
3 3218 3187 3186
3 3186 3217 3218
3 3219 3188 3187
3 3187 3218 3219
3 3220 3189 3188
3 3188 3219 3220
3 3221 3190 3189
3 3189 3220 3221
3 3222 3191 3190
3 3190 3221 3222
3 3223 3192 3191
3 3191 3222 3223
3 3224 3193 3192
3 3192 3223 3224
3 3225 3194 3193
3 3193 3224 3225
3 3226 3195 3194
3 3194 3225 3226
3 3227 3165 3195
3 3195 3226 3227
3 3228 3196 3165
3 3165 3227 3228
3 3229 3197 3196
3 3196 3228 3229
3 3230 3198 3197
3 3197 3229 3230
3 3231 3199 3198
3 3198 3230 3231
3 3658 3661 3662
3 3199 3231 3232
3 3233 3201 3200
3 3200 3232 3233
3 3234 3202 3201
3 3201 3233 3234
3 3204 3174 3202
3 3202 3234 3204
3 3235 3203 3204
3 3204 3236 3235
3 3237 3205 3203
3 3203 3235 3237
3 3238 3206 3205
3 3205 3237 3238
3 3239 3207 3206
3 3206 3238 3239
3 3240 3208 3207
3 3207 3239 3240
3 3241 3209 3208
3 3208 3240 3241
3 3242 3210 3209
3 3209 3241 3242
3 3243 3211 3210
3 3210 3242 3243
3 3244 3212 3211
3 3211 3243 3244
3 3245 3213 3212
3 3212 3244 3245
3 3246 3214 3213
3 3213 3245 3246
3 3247 3215 3214
3 3214 3246 3247
3 3248 3216 3215
3 3215 3247 3248
3 3659 3660 3657
3 3216 3248 3249
3 3250 3218 3217
3 3217 3249 3250
3 3251 3219 3218
3 3218 3250 3251
3 3252 3220 3219
3 3219 3251 3252
3 3253 3221 3220
3 3220 3252 3253
3 3254 3222 3221
3 3221 3253 3254
3 3255 3223 3222
3 3222 3254 3255
3 3256 3224 3223
3 3223 3255 3256
3 3257 3225 3224
3 3224 3256 3257
3 3258 3226 3225
3 3225 3257 3258
3 3259 3227 3226
3 3226 3258 3259
3 3260 3228 3227
3 3227 3259 3260
3 3261 3229 3228
3 3228 3260 3261
3 3262 3230 3229
3 3229 3261 3262
3 3263 3231 3230
3 3230 3262 3263
3 3264 3232 3231
3 3231 3263 3264
3 3265 3233 3232
3 3232 3264 3265
3 3266 3234 3233
3 3233 3265 3266
3 3236 3204 3234
3 3234 3266 3236
3 3267 3235 3236
3 3236 3268 3267
3 3269 3237 3235
3 3235 3267 3269
3 3270 3238 3237
3 3237 3269 3270
3 3271 3239 3238
3 3238 3270 3271
3 3272 3240 3239
3 3239 3271 3272
3 3273 3241 3240
3 3240 3272 3273
3 3274 3242 3241
3 3241 3273 3274
3 3275 3243 3242
3 3242 3274 3275
3 3276 3244 3243
3 3243 3275 3276
3 3277 3245 3244
3 3244 3276 3277
3 3278 3246 3245
3 3245 3277 3278
3 3279 3247 3246
3 3246 3278 3279
3 3280 3248 3247
3 3247 3279 3280
3 3281 3249 3248
3 3248 3280 3281
3 3282 3250 3249
3 3249 3281 3282
3 3283 3251 3250
3 3250 3282 3283
3 3284 3252 3251
3 3251 3283 3284
3 3285 3253 3252
3 3252 3284 3285
3 3286 3254 3253
3 3253 3285 3286
3 3287 3255 3254
3 3254 3286 3287
3 3288 3256 3255
3 3255 3287 3288
3 3289 3257 3256
3 3256 3288 3289
3 3290 3258 3257
3 3257 3289 3290
3 3291 3259 3258
3 3258 3290 3291
3 3292 3260 3259
3 3259 3291 3292
3 3293 3261 3260
3 3260 3292 3293
3 3294 3262 3261
3 3261 3293 3294
3 3295 3263 3262
3 3262 3294 3295
3 3296 3264 3263
3 3263 3295 3296
3 3297 3265 3264
3 3264 3296 3297
3 3298 3266 3265
3 3265 3297 3298
3 3268 3236 3266
3 3266 3298 3268
3 3299 3267 3268
3 3268 3300 3299
3 3301 3269 3267
3 3267 3299 3301
3 3302 3270 3269
3 3269 3301 3302
3 3303 3271 3270
3 3270 3302 3303
3 3304 3272 3271
3 3271 3303 3304
3 3305 3273 3272
3 3272 3304 3305
3 3306 3274 3273
3 3273 3305 3306
3 3307 3275 3274
3 3274 3306 3307
3 3308 3276 3275
3 3275 3307 3308
3 3309 3277 3276
3 3276 3308 3309
3 3310 3278 3277
3 3277 3309 3310
3 3311 3279 3278
3 3278 3310 3311
3 3312 3280 3279
3 3279 3311 3312
3 3313 3281 3280
3 3280 3312 3313
3 3314 3282 3281
3 3281 3313 3314
3 3315 3283 3282
3 3282 3314 3315
3 3316 3284 3283
3 3283 3315 3316
3 3317 3285 3284
3 3284 3316 3317
3 3318 3286 3285
3 3285 3317 3318
3 3319 3287 3286
3 3286 3318 3319
3 3320 3288 3287
3 3287 3319 3320
3 3321 3289 3288
3 3288 3320 3321
3 3322 3290 3289
3 3289 3321 3322
3 3657 3658 3659
3 3653 3656 3650
3 3324 3293 3292
3 3292 3323 3324
3 3325 3294 3293
3 3293 3324 3325
3 3326 3295 3294
3 3294 3325 3326
3 3327 3296 3295
3 3295 3326 3327
3 3328 3297 3296
3 3296 3327 3328
3 3329 3298 3297
3 3297 3328 3329
3 3300 3268 3298
3 3298 3329 3300
3 3330 3299 3300
3 3300 3331 3330
3 3332 3301 3299
3 3299 3330 3332
3 3333 3302 3301
3 3301 3332 3333
3 3334 3303 3302
3 3302 3333 3334
3 3650 3649 3653
3 3303 3334 3335
3 3571 3570 3576
3 4067 3335 3336
3 3337 3306 3305
3 3305 4068 3337
3 3338 3307 3306
3 3306 3337 3338
3 3339 3308 3307
3 3307 3338 3339
3 3340 3309 3308
3 3308 3339 3340
3 3656 3655 3651
3 3309 3340 3341
3 3342 3311 3310
3 3310 3341 3342
3 3343 3312 3311
3 3311 3342 3343
3 3344 3313 3312
3 3312 3343 3344
3 3345 3314 3313
3 3313 3344 3345
3 3346 3315 3314
3 3314 3345 3346
3 3347 3316 3315
3 3315 3346 3347
3 3348 3317 3316
3 3316 3347 3348
3 3349 3318 3317
3 3317 3348 3349
3 3350 3319 3318
3 3318 3349 3350
3 3351 3320 3319
3 3319 3350 3351
3 3352 3321 3320
3 3320 3351 3352
3 3353 3322 3321
3 3651 3650 3656
3 3354 4066 3322
3 3322 3353 3354
3 3355 3323 4066
3 4066 3354 3355
3 3356 3324 3323
3 3323 3355 3356
3 3357 3325 3324
3 3324 3356 3357
3 3358 3326 3325
3 3325 3357 3358
3 3359 3327 3326
3 3326 3358 3359
3 3360 3328 3327
3 3327 3359 3360
3 3361 3329 3328
3 3328 3360 3361
3 3331 3300 3329
3 3329 3361 3331
3 3362 3330 3331
3 3331 3363 3362
3 3364 3332 3330
3 3330 3362 3364
3 3365 3333 3332
3 3332 3364 3365
3 3366 3334 3333
3 3333 3365 3366
3 3367 3335 3334
3 3334 3366 3367
3 3368 3336 3335
3 3335 3367 3368
3 3655 3654 3652
3 3336 3368 3369
3 3652 3651 3655
3 3654 3653 3649
3 3371 3340 3339
3 3339 3370 3371
3 3372 3341 3340
3 3340 3371 3372
3 3373 3342 3341
3 3341 3372 3373
3 3374 3343 3342
3 3342 3373 3374
3 3375 3344 3343
3 3343 3374 3375
3 3376 3345 3344
3 3344 3375 3376
3 3377 3346 3345
3 3345 3376 3377
3 3378 3347 3346
3 3346 3377 3378
3 3379 3348 3347
3 3347 3378 3379
3 3380 3349 3348
3 3348 3379 3380
3 3381 3350 3349
3 3349 3380 3381
3 3649 3652 3654
3 3350 3381 3382
3 3383 3352 3351
3 3655 3656 3653
3 3384 3353 3352
3 3352 3383 3384
3 3385 3354 3353
3 3353 3384 3385
3 3386 3355 3354
3 3354 3385 3386
3 3387 3356 3355
3 3355 3386 3387
3 3388 3357 3356
3 3356 3387 3388
3 3389 3358 3357
3 3357 3388 3389
3 3390 3359 3358
3 3358 3389 3390
3 3391 3360 3359
3 3359 3390 3391
3 3392 3361 3360
3 3360 3391 3392
3 3363 3331 3361
3 3361 3392 3363
3 3393 3362 3363
3 3363 3394 3393
3 3395 3364 3362
3 3362 3393 3395
3 3396 3365 3364
3 3364 3395 3396
3 3397 3366 3365
3 3365 3396 3397
3 3398 3367 3366
3 3366 3397 3398
3 3399 3368 3367
3 3367 3398 3399
3 3400 3369 3368
3 3368 3399 3400
3 3401 4069 3369
3 3369 3400 3401
3 3402 3370 4069
3 4069 3401 3402
3 3403 3371 3370
3 3370 3402 3403
3 3404 3372 3371
3 3371 3403 3404
3 3405 3373 3372
3 3372 3404 3405
3 3406 3374 3373
3 3373 3405 3406
3 3407 3375 3374
3 3374 3406 3407
3 3408 3376 3375
3 3375 3407 3408
3 3409 3377 3376
3 3376 3408 3409
3 3410 3378 3377
3 3377 3409 3410
3 3411 3379 3378
3 3378 3410 3411
3 3412 3380 3379
3 3379 3411 3412
3 3413 3381 3380
3 3653 3654 3655
3 3414 3382 3381
3 3381 3413 3414
3 3415 3383 3382
3 3382 3414 3415
3 3416 3384 3383
3 3383 3415 3416
3 3417 3385 3384
3 3384 3416 3417
3 3418 3386 3385
3 3385 3417 3418
3 3419 3387 3386
3 3386 3418 3419
3 3420 3388 3387
3 3387 3419 3420
3 3421 3389 3388
3 3388 3420 3421
3 3422 3390 3389
3 3389 3421 3422
3 3423 3391 3390
3 3390 3422 3423
3 3424 3392 3391
3 3391 3423 3424
3 3394 3363 3392
3 3392 3424 3394
3 3575 3574 3572
3 3394 3426 3425
3 3427 3395 3393
3 3393 4070 3427
3 3428 3396 3395
3 3395 3427 3428
3 3429 3397 3396
3 3396 3428 3429
3 3651 3652 3649
3 3397 3429 3430
3 3431 3399 3398
3 3649 3650 3651
3 3432 3400 3399
3 3399 3431 3432
3 3433 3401 3400
3 3400 3432 3433
3 3434 3402 3401
3 3401 3433 3434
3 3435 3403 3402
3 3402 3434 3435
3 3436 3404 3403
3 3403 3435 3436
3 3437 3405 3404
3 3404 3436 3437
3 3438 3406 3405
3 3405 3437 3438
3 3439 3407 3406
3 3406 3438 3439
3 3440 3408 3407
3 3407 3439 3440
3 3645 3648 3642
3 3408 3440 3441
3 3442 3410 3409
3 3409 3441 3442
3 3642 3641 3645
3 3648 3647 3643
3 3444 3412 3411
3 3411 3443 3444
3 3445 3413 3412
3 3412 3444 3445
3 3446 3414 3413
3 3413 3445 3446
3 3447 3415 3414
3 3414 3446 3447
3 3448 3416 3415
3 3415 3447 3448
3 3449 3417 3416
3 3416 3448 3449
3 3450 3418 3417
3 3417 3449 3450
3 3451 3419 3418
3 3418 3450 3451
3 3452 3420 3419
3 3419 3451 3452
3 3453 3421 3420
3 3420 3452 3453
3 3454 3422 3421
3 3421 3453 3454
3 3455 3423 3422
3 3422 3454 3455
3 3643 3642 3648
3 3647 3646 3644
3 3426 3394 3424
3 3424 3456 3426
3 3572 3571 3575
3 3426 3458 3457
3 3459 3427 4070
3 3644 3643 3647
3 3460 3428 3427
3 3427 3459 3460
3 3646 3645 3641
3 3428 3460 3461
3 3462 3430 3429
3 3641 3644 3646
3 3463 3431 3430
3 3430 3462 3463
3 3464 3432 3431
3 3431 3463 3464
3 3465 3433 3432
3 3432 3464 3465
3 3466 3434 3433
3 3433 3465 3466
3 3467 3435 3434
3 3434 3466 3467
3 3468 3436 3435
3 3435 3467 3468
3 3469 3437 3436
3 3436 3468 3469
3 3470 3438 3437
3 3437 3469 3470
3 3471 3439 3438
3 3438 3470 3471
3 4071 3440 3439
3 3439 3471 4071
3 3473 3441 3440
3 3647 3648 3645
3 3474 3442 3441
3 3441 3473 3474
3 3475 3443 3442
3 3442 3474 3475
3 3476 3444 3443
3 3443 3475 3476
3 3477 3445 3444
3 3444 3476 3477
3 3645 3646 3647
3 3445 3477 3478
3 3479 3447 3446
3 3643 3644 3641
3 3480 3448 3447
3 3447 3479 3480
3 3481 3449 3448
3 3448 3480 3481
3 3482 3450 3449
3 3449 3481 3482
3 3483 3451 3450
3 3450 3482 3483
3 3484 3452 3451
3 3451 3483 3484
3 3485 3453 3452
3 3452 3484 3485
3 3486 3454 3453
3 3453 3485 3486
3 3487 3455 3454
3 3454 3486 3487
3 3488 3456 3455
3 3455 3487 3488
3 3458 3426 3456
3 3456 3488 3458
3 3641 3642 3643
3 3458 3490 3489
3 3637 3640 3634
3 3634 3633 3637
3 3640 3639 3635
3 3635 3634 3640
3 3493 3461 3460
3 3639 3638 3636
3 3494 3462 3461
3 3461 3493 3494
3 3495 3463 3462
3 3462 3494 3495
3 3496 3464 3463
3 3463 3495 3496
3 3497 3465 3464
3 3464 3496 3497
3 3498 3466 3465
3 3465 3497 3498
3 3499 3467 3466
3 3466 3498 3499
3 3500 3468 3467
3 3467 3499 3500
3 3501 3469 3468
3 3468 3500 3501
3 3502 3470 3469
3 3469 3501 3502
3 3636 3635 3639
3 3638 3637 3633
3 3633 3636 3638
3 3639 3640 3637
3 3574 3573 3569
3 3472 3504 3505
3 3569 3572 3574
3 4072 4073 3506
3 3637 3638 3639
3 3635 3636 3633
3 3633 3634 3635
3 3629 3632 3626
3 3509 3477 3476
3 3626 3625 3629
3 3510 3478 3477
3 3477 3509 3510
3 3511 3479 3478
3 3478 3510 3511
3 3512 3480 3479
3 3479 3511 3512
3 3513 3481 3480
3 3480 3512 3513
3 3514 3482 3481
3 3481 3513 3514
3 3515 3483 3482
3 3482 3514 3515
3 3516 3484 3483
3 3483 3515 3516
3 3517 3485 3484
3 3484 3516 3517
3 3518 3486 3485
3 3485 3517 3518
3 3632 3631 3627
3 3627 3626 3632
3 3631 3630 3628
3 3628 3627 3631
3 3490 3458 3488
3 3630 3629 3625
3 4074 3489 3490
3 4074 3491 3489
3 4074 3492 3491
3 4074 3493 3492
3 4074 3494 3493
3 4074 3495 3494
3 4074 3496 3495
3 4074 3497 3496
3 4074 3498 3497
3 4074 3499 3498
3 4074 3500 3499
3 4074 3501 3500
3 4074 3502 3501
3 4074 3503 3502
3 4074 3504 3503
3 4074 3505 3504
3 3625 3628 3630
3 3631 3632 3629
3 3629 3630 3631
3 3627 3628 3625
3 3625 3626 3627
3 3621 3624 3618
3 3618 3617 3621
3 3624 3623 3619
3 3619 3618 3624
3 3623 3622 3620
3 3620 3619 3623
3 3622 3621 3617
3 3617 3620 3622
3 3623 3624 3621
3 3521 3522 3523
3 3523 3524 3521
3 3525 3526 3527
3 3527 3528 3525
3 3521 3524 3526
3 3526 3525 3521
3 3524 3523 3527
3 3527 3526 3524
3 3523 3522 3528
3 3528 3527 3523
3 3522 3521 3525
3 3525 3528 3522
3 3529 3530 3531
3 3531 3532 3529
3 3533 3534 3535
3 3535 3536 3533
3 3529 3532 3534
3 3534 3533 3529
3 3532 3531 3535
3 3535 3534 3532
3 3531 3530 3536
3 3536 3535 3531
3 3530 3529 3533
3 3533 3536 3530
3 3537 3538 3539
3 3539 3540 3537
3 3541 3542 3543
3 3543 3544 3541
3 3537 3540 3542
3 3542 3541 3537
3 3540 3539 3543
3 3543 3542 3540
3 3539 3538 3544
3 3544 3543 3539
3 3538 3537 3541
3 3541 3544 3538
3 3545 3546 3547
3 3547 3548 3545
3 3549 3550 3551
3 3551 3552 3549
3 3545 3548 3550
3 3550 3549 3545
3 3548 3547 3551
3 3551 3550 3548
3 3547 3546 3552
3 3552 3551 3547
3 3546 3545 3549
3 3549 3552 3546
3 3553 3554 3555
3 3555 3556 3553
3 3557 3558 3559
3 3559 3560 3557
3 3553 3556 3558
3 3558 3557 3553
3 3556 3555 3559
3 3559 3558 3556
3 3555 3554 3560
3 3560 3559 3555
3 3554 3553 3557
3 3557 3560 3554
3 3561 3562 3563
3 3563 3564 3561
3 3565 3566 3567
3 3567 3568 3565
3 3561 3564 3566
3 3566 3565 3561
3 3564 3563 3567
3 3567 3566 3564
3 3563 3562 3568
3 3568 3567 3563
3 3562 3561 3565
3 3565 3568 3562
3 3569 3570 3571
3 3571 3572 3569
3 3573 3574 3575
3 3575 3576 3573
