COFF
2433 4089 0

14.2266 -16.5156 -0.480115
13.8828 -16.0469 0.132105
39.2109 8.76562 1.52169
36.9688 7.14062 1.52169
36.8672 0.015625 1.52169
37.2109 -0.484375 1.52169
30.9531 -4.82812 1.52169
30.5938 -4.32812 1.52169
27.3594 -6.57812 1.52169
27.7344 -7.10938 1.52169
22.5938 -10.7031 1.52169
22.25 -10.2031 1.52169
19.0234 -12.4531 1.52169
19.3594 -12.9531 1.52169
10.5 -18.4219 1.52169
10.8516 -18.9219 1.52169
5.72656 -22.4844 1.52169
5.35938 -21.9531 1.52169
2.14844 -24.2656 1.52169
2.49219 -24.7344 1.52169
-2.63281 -28.3281 1.52169
-2.98438 -27.8281 1.52169
-6.21094 -30.1094 1.52169
-5.86719 -30.5781 1.52169
-12.1094 -34.9844 1.52169
-12.4609 -34.4844 1.52169
-19.2031 -32.1406 1.52169
-21.4766 -33.7344 1.52169
-24.1094 -29.9844 1.52169
28.1719 5.01562 1.52169
36.6016 12.5156 1.52169
-14.1719 -24.6094 1.57903
-11.1875 -22.5156 1.5757
-8.30469 -20.4844 1.56496
-2.82031 -16.6719 1.58905
0.0546875 -14.6406 1.57362
5.53906 -10.7969 1.57087
8.5625 -8.70312 1.59102
14.0469 -4.85938 1.58827
16.9219 -2.85938 1.59968
22.4062 0.984375 1.59693
25.2812 3.01562 1.58149
22.4375 13.2656 3.03119
20.4531 16.1406 3.05144
16.6328 21.6406 3.07115
14.6172 24.5156 3.06676
10.7969 30.0156 3.08648
9.76562 31.5156 3.10026
9.625 31.7031 3.09274
-32.8047 2.01562 3.01571
-32.6641 1.82812 3.00826
-31.6094 0.328125 3.00403
-27.7891 -5.14062 3.0082
-25.7812 -8.01562 3.01085
-21.9453 -13.4844 3.00272
-19.9219 -16.3906 3.01028
-22.4219 -28.7656 3.01223
-29.5469 -18.5781 3.01639
-30.0547 -18.8906 2.44292
-33.6406 -13.7656 2.44377
-33.1562 -13.4219 3.01601
-39.4609 -5.42188 2.45918
-38.9844 -5.07812 3.02525
-40.2891 -3.20312 3.03127
17.0312 36.8906 3.0452
34.875 11.3281 3.05264
-23.7188 -26.9219 4.14867
-24.2188 -27.2656 4.14867
-27.8047 -22.1406 4.14867
-27.3125 -21.7656 4.14867
-35.3984 -10.2031 4.14867
-35.8906 -10.5469 4.14867
18.3281 35.0156 4.14867
18.8203 35.3594 4.14867
22.3906 30.2344 4.14867
21.9062 29.9219 4.14867
24.1641 26.6406 4.14867
24.6406 27.0156 4.14867
28.2266 21.8906 4.14867
27.7422 21.5469 4.14867
30.0156 18.2656 4.14867
30.4766 18.6406 4.14867
34.0625 13.5156 4.14867
33.5781 13.1406 4.14867
-30.3516 3.39062 -4.17435
-29.3203 1.92188 -4.17435
-25.4922 -3.51562 -4.17435
-23.4922 -6.42188 -4.17435
-19.6484 -11.8906 -4.17435
-17.6172 -14.7656 -4.17435
-13.3594 -19.3906 -4.17435
-10.4922 -17.3594 -4.17435
-5 -13.5469 -4.17435
-2.125 -11.5469 -4.17435
3.36719 -7.70312 -4.17435
6.39062 -5.57812 -4.17435
11.8672 -1.73438 -4.17435
14.7422 0.265625 -4.17435
20.2188 4.10938 -4.17435
23.1016 6.10938 -4.17435
20.1719 11.7031 -4.17435
18.1797 14.5469 -4.17435
14.3516 20.0469 -4.17435
12.3359 22.9219 -4.17435
8.5 28.4219 -4.17435
7.46875 29.8906 -4.17435
40.2891 2.39062 -1.4069
-15.8828 -36.8906 -1.196
31.3448 -2.2132 1.52169
-8.45764 -30.0753 1.52169
27.4622 -6.50659 0.161948
30.256 -4.56311 0.151443
37.2393 0.273926 0.107081
19.3011 -12.2595 0.127377
21.9749 -10.395 0.121209
14.2354 -16.5095 -0.48016
10.6886 -18.2895 0.126401
5.2999 -21.996 0.183056
-3.26648 -28.0276 0.152786
-6.05432 -29.9987 0.135915
2.30704 -24.1514 0.130919
-12.7123 -34.6611 0.134327
32.4477 -3.79071 1.52169
-7.36588 -31.636 1.52169
32.3646 -1.49933 1.52169
34.9384 11.3717 1.52169
30.1751 -3.03198 1.52169
-22.745 -28.999 1.52169
-14.8384 -23.6567 1.52169
27.988 5.28009 1.52169
26.7305 -5.44324 1.52169
27.4622 -6.50659 1.52169
-9.82529 -31.0327 1.52169
-21.8032 -13.3857 1.52169
-19.7432 -16.2646 1.52169
30.256 -4.56311 1.52169
36.4781 1.38019 1.52169
37.2393 0.273926 1.52169
18.5508 -11.1691 1.52169
19.3011 -12.2595 1.52169
21.2213 -9.2998 1.52169
21.9749 -10.395 1.52169
13.1296 -14.964 1.52169
14.2354 -16.5095 1.52169
9.93774 -17.1984 1.52169
10.6886 -18.2895 1.52169
4.56046 -20.9625 1.52169
5.2999 -21.996 1.52169
-4.00311 -26.9571 1.52169
-3.26648 -28.0276 1.52169
-6.80002 -28.9149 1.52169
-6.05432 -29.9987 1.52169
-32.4683 1.96039 1.52169
-31.4031 0.471741 1.52169
-27.5224 -4.95197 1.52169
-25.4802 -7.80603 1.52169
1.55865 -23.0638 1.52169
2.30704 -24.1514 1.52169
-13.4786 -33.59 1.52169
-12.7123 -34.6611 1.52169
-16.7625 -35.6321 1.52169
-14.2032 -24.5646 1.52169
-11.2169 -22.4733 1.52169
-8.32837 -20.4506 1.52169
-2.85706 -16.6192 1.52169
0.0261536 -14.6002 1.52169
5.51212 -10.7585 1.52169
8.52475 -8.6488 1.52169
14.0105 -4.80725 1.52169
16.8793 -2.79834 1.52169
22.3651 1.04315 1.52169
25.2484 3.06226 1.52169
27.9749 4.87939 1.52169
20.2994 16.0329 1.52169
22.279 13.1563 1.52169
14.5123 24.4423 1.52169
16.5028 21.5498 1.52169
9.68423 31.4581 1.52169
10.7157 29.9593 1.52169
39.3938 3.67145 1.52169
-14.2408 -24.5108 1.52169
27.6118 5.82141 1.52169
30.1538 1.7132 5.62984
-14.8384 -23.6567 0.360176
13.7057 -4.37018 0.963017
16.6079 -2.40918 1.02431
22.1571 1.34027 1.14151
25.0734 3.31073 1.2031
27.988 5.28009 1.26466
-14.2523 -24.5989 1.52169
37.3048 11.505 1.52169
28.128 5.07874 1.52169
-23.3953 -31.0015 1.52169
27.9749 4.87939 1.60087
-20.1835 -28.7524 1.52169
-17.5134 -26.8826 1.52169
-12.0334 -27.8237 5.6251
-14.2408 -24.5108 1.45293
-8.43274 -20.3015 1.3309
-11.2881 -22.3708 1.3909
-0.174011 -14.316 1.15738
-3.02322 -16.381 1.21725
8.23029 -8.2251 0.980806
5.24997 -10.3851 1.04342
27.6118 5.82141 0.573593
25.0734 3.31073 -0.377835
26.9655 4.18097 1.59361
28.6053 3.96344 2.76641
22.279 13.1563 2.84597
20.2994 16.0329 2.87086
16.5028 21.5498 2.91861
14.5123 24.4423 2.94364
10.7157 29.9593 2.99138
9.68423 31.4581 3.00435
27.6118 5.82141 3.00729
31.7158 -0.55658 2.72729
13.3 34.2772 7.40883
21.5915 2.14832 -3.76355
-8.89508 -19.6409 -3.87923
-11.2881 -22.3708 -0.492579
-12.9514 -23.7531 1.57767
-14.8384 -23.6567 3.00982
-10.6822 -29.7874 3.11407
-13.4105 -25.8223 3.07835
-19.7432 -16.2646 2.80032
-21.8032 -13.3857 2.83652
-31.4031 0.471741 2.7626
-32.4683 1.96039 2.78132
-25.4802 -7.80603 2.6585
-27.5224 -4.95197 2.6944
-36.5591 -0.602295 7.41226
-21.0446 -33.4315 1.52169
-22.9591 -30.696 1.52169
-18.6333 -26.2208 7.40858
-22.745 -28.999 2.62825
-30.1627 -18.7363 2.44295
-35.1922 -10.4992 3.02363
-27.4733 -21.5363 3.01891
-23.4614 -27.2877 3.00816
-39.4255 -5.47272 2.45905
-33.6243 -13.789 2.44377
-23.6762 -29.6715 1.52169
31.311 8.50238 7.40138
18.2783 35.0877 3.05475
21.919 29.9034 3.03913
24.1518 26.6584 3.06542
29.9197 18.4041 3.06312
36.1919 12.2338 1.52169
36.8993 11.221 1.52169
27.7865 21.4829 3.04969
33.6224 13.0787 3.07615
38.8147 8.47845 1.52169
34.9384 11.3717 2.97897
29.3528 2.8772 4.14867
28.5727 6.51776 4.14867
17.3319 34.4482 4.14867
18.2783 35.0877 4.14867
21.919 29.9034 4.14867
20.9809 29.2236 4.14867
23.2147 26.0253 4.14867
24.1518 26.6584 4.14867
28.9806 17.7695 4.14867
29.9197 18.4041 4.14867
30.9509 0.554932 4.14867
16.0877 36.2297 4.14867
-21.4372 -28.1154 4.14867
-30.1627 -18.7363 4.14867
-28.6955 -17.745 4.14867
-35.1922 -10.4992 4.14867
-34.2245 -9.84534 4.14867
-27.4733 -21.5363 4.14867
-26.512 -20.8647 4.14867
-39.3377 -2.53979 4.14867
-15.8209 -24.3206 4.14867
-22.5028 -26.593 4.14867
-23.4614 -27.2877 4.14867
-38.0053 -4.44348 4.14867
-39.4255 -5.47272 4.14867
-32.1912 -12.7504 4.14867
-33.6243 -13.789 4.14867
-11.2389 -28.9783 4.14867
-33.7722 1.341 4.14867
-12.8318 -26.6634 4.14867
27.7865 21.4829 4.14867
26.8574 20.8095 4.14867
34.061 10.4954 4.14867
33.6224 13.0787 4.14867
32.7157 12.4216 4.14867
10.5241 32.3329 4.14867
16.1697 -1.78107 -4.17435
13.3335 -3.83661 -4.17435
-11.8145 -21.6135 -4.17435
-8.89508 -19.6409 -4.17435
-0.174011 -14.316 -4.17435
-3.02322 -16.381 -4.17435
8.23029 -8.2251 -4.17435
5.24997 -10.3851 -4.17435
24.4386 4.21167 -4.17435
21.5915 2.14832 -4.17435
20.2994 16.0329 -4.17435
22.279 13.1563 -4.17435
9.68423 31.4581 -4.17435
10.7157 29.9593 -4.17435
13.497 23.733 -4.17435
15.5403 20.8773 -4.17435
-20.7717 -12.67 -4.17435
-18.7703 -15.5787 -4.17435
-32.4683 1.96039 -4.17435
-31.4031 0.471741 -4.17435
-27.5224 -4.95197 -4.17435
-25.4802 -7.80603 -4.17435
27.988 5.28009 -1.4069
-21.8032 -13.3857 -1.4069
-19.7432 -16.2646 -1.4069
-20.7717 -12.67 -1.4069
-18.7703 -15.5787 -1.4069
-32.4683 1.96039 -1.4069
-31.4031 0.471741 -1.4069
-27.5224 -4.95197 -1.4069
-25.4802 -7.80603 -1.4069
-11.028 -21.0821 -1.4069
-8.89508 -19.6409 -1.4069
22.1571 1.34027 -1.4069
24.1868 2.71173 -1.4069
-14.2408 -24.5108 -1.4069
-10.5173 -21.8122 -1.4069
-11.2881 -22.3708 -1.4069
16.1697 -1.78107 -1.4069
13.3335 -3.83661 -1.4069
23.5755 3.58618 -1.4069
21.5915 2.14832 -1.4069
27.6118 5.82141 -1.4069
-8.43274 -20.3015 -1.4069
-0.174011 -14.316 -1.4069
-3.02322 -16.381 -1.4069
8.23029 -8.2251 -1.4069
5.24997 -10.3851 -1.4069
39.3938 3.67145 -1.4069
24.4386 4.21167 -1.4069
37.2393 0.273926 -1.4069
-14.8384 -23.6567 -1.4069
13.7057 -4.37018 -1.4069
16.6079 -2.40918 -1.4069
25.0734 3.31073 -1.4069
-11.8145 -21.6135 -1.4069
20.2994 16.0329 -1.4069
22.279 13.1563 -1.4069
14.5123 24.4423 -1.4069
16.5028 21.5498 -1.4069
9.68423 31.4581 -1.4069
10.7157 29.9593 -1.4069
13.497 23.733 -1.4069
15.5403 20.8773 -1.4069
30.1372 1.73737 5.59911
29.7938 7.40277 5.59911
30.1703 1.68915 5.59911
32.8347 9.60663 5.59911
14.8475 35.3611 5.59911
-20.1897 -27.2724 5.59911
-38.1028 -1.67871 5.59911
-17.0722 -25.166 5.59911
-12.0194 -27.8441 5.59911
-35.0108 0.477356 5.59911
-12.0474 -27.8033 5.59911
11.7591 33.1979 5.59911
-14.9511 -34.3193 -1.4069
23.057 3.21045 -4.17435
-20.7717 -12.67 -3.35651
-18.7703 -15.5787 -3.07906
-27.5224 -4.95197 -4.11108
-25.4802 -7.80603 -3.83783
-16.7625 -35.6321 -1.31622
-13.1466 -34.0541 -1.4069
16.1697 -1.78107 -3.8296
13.3335 -3.83661 -3.68763
-0.174011 -14.316 -2.95172
-3.02322 -16.381 -2.8091
8.23029 -8.2251 -3.3724
5.24997 -10.3851 -3.22322
21.5915 2.14832 -4.10099
-10.0428 -20.4164 -2.54885
-8.89508 -19.6409 -2.60142
-12.7123 -34.6611 -1.34878
-11.8145 -21.6135 -2.4677
-25.2374 -3.88586 -4.17435
-26.2194 -4.03015 -4.17435
21.054 2.91608 -4.17435
-32.4683 1.96039 1.30079
-31.4031 0.471741 0.551436
22.2155 13.2486 -1.4069
22.279 13.1563 -1.45301
19.0215 29.3846 5.59911
14.6254 32.3805 7.40828
15.2823 28.1586 5.59911
-27.5224 -4.95197 -2.1787
-25.4802 -7.80603 -3.61537
23.5844 26.2751 3.7213
24.1518 26.6584 3.80177
22.5459 26.9827 4.14867
16.2545 21.9107 2.92173
16.5028 21.5498 2.74138
15.8089 24.7739 4.14867
20.2994 16.0329 -0.0155349
13.3132 34.2864 7.39338
14.6587 32.3578 7.39458
14.6299 32.3518 7.39598
13.2882 34.2689 7.39496
25.123 17.3578 7.40394
13.441 34.0754 7.40877
13.4541 34.0845 7.3935
-38.1004 -1.68225 5.59911
-36.5541 -0.609497 7.41226
-35.0032 0.466492 5.59911
13.4293 34.0673 7.39507
16.2374 36.0155 4.14867
17.1829 36.6714 3.04636
-39.5942 -2.71857 3.84746
-39.3373 -2.54041 4.14867
-33.7625 1.32721 4.14867
-32.7929 1.99994 3.01509
9.76071 31.5222 3.09999
10.6564 32.1436 4.14867
14.9932 35.1523 5.59911
11.8953 33.0031 5.59911
33.4586 -3.08905 1.52169
27.7319 21.4434 4.14867
18.0699 34.9469 4.14867
18.0699 34.9469 3.29562
21.7607 29.7887 3.22633
21.7607 29.7887 4.14867
24.0498 26.5895 3.7873
24.0498 26.5895 3.18336
29.9109 18.3981 4.14867
29.9109 18.3981 3.07334
16.951 36.5106 3.31662
35.6647 10.3565 1.52169
16.7967 36.7263 3.31952
33.639 13.1877 4.14867
24.0498 26.5895 4.14867
27.7319 21.4434 3.11425
35.0517 11.2134 2.97684
35.0517 11.2134 1.52169
37.6253 7.61646 1.52169
30.8433 -3.99396 0.287763
30.8433 -3.99396 1.52169
27.1447 1.33087 4.14867
27.934 0.194519 5.59911
27.9671 0.146851 5.59911
28.7525 -0.983948 4.14867
27.9506 0.170654 5.62959
25.7495 3.33954 1.58486
31.27 -4.60822 1.52169
-20.8994 -27.752 -1.4069
34.2834 9.53375 -1.4069
-20.8994 -27.752 0.232171
8.1568 -8.11938 -4.17435
5.10635 -10.1805 -4.17435
-0.444977 -13.9314 -4.17435
-3.35864 -15.9001 -4.17435
34.2834 9.53375 1.39761
36.8612 11.2755 1.52169
35.6114 10.431 1.52169
-20.8994 -27.752 1.52169
37.2716 11.5527 1.52169
34.2834 9.53375 1.52169
-13.0933 -19.7735 -4.17435
-10.2465 -17.7104 -4.17435
33.2114 13.7853 4.14867
33.6509 14.1038 4.14867
32.2499 13.0884 4.14867
-19.7625 -24.607 7.40881
-21.2836 -25.7094 5.59911
-18.2368 -23.5012 5.59911
3.43274 -7.79651 -4.17435
6.42514 -5.62781 -4.17435
-4.83267 -13.7867 -4.17435
-1.99557 -11.7306 -4.17435
26.7604 9.10992 4.14867
25.8065 8.41864 3.01563
-16.054 -21.9193 3.00993
-17.014 -22.615 4.14867
31.0237 12.1997 5.59911
27.9814 9.99493 5.59911
29.4993 11.095 7.40213
-7.44894 -29.3692 1.52169
-29.666 1.68115 -4.17435
-30.714 3.14575 -4.17435
-9.73035 -26.1807 5.59911
-10.5355 -25.0554 4.14867
-8.90005 -27.3411 4.14867
-9.70129 -26.2214 5.59911
-9.71579 -26.2011 5.62536
-11.9633 -23.0599 1.57656
-6.34341 -30.9143 1.52169
-25.6404 -3.94507 -4.17435
-25.7946 -3.72955 -4.17435
-17.8039 -14.8973 -4.17435
-19.8534 -12.0328 -4.17435
-23.7431 -6.59662 -4.17435
24.504 -2.2074 5.59911
23.7196 -1.06757 4.14867
25.3169 -3.38892 4.14867
24.5364 -2.25464 5.59911
24.5203 -2.23108 5.62921
22.3398 0.937805 1.59696
-13.7843 -34.1478 -1.4069
-7.20877 -29.7049 1.52169
-8.23279 -30.3968 1.52169
27.3551 -6.35089 0.361019
27.3551 -6.35089 1.52169
33.0536 -2.50055 1.52169
13.6113 -15.6373 0.649652
-16.5118 -35.9907 -1.28196
10.3704 -17.8271 0.717715
-6.55872 -29.2656 1.07324
1.89551 -23.5533 0.895697
32.0295 -3.1925 1.52169
-13.3092 -33.8268 -1.42866
-13.3092 -33.8268 -1.4069
37.2141 0.310608 -1.4069
-13.3092 -33.8268 1.21501
30.175 -4.44556 0.301797
19.0818 -11.9409 0.534765
21.7829 -10.1159 0.478042
4.94159 -21.4952 0.831726
-3.72983 -27.3542 1.01383
37.2141 0.310608 0.153969
40.1605 2.30139 -1.4069
30.175 -4.44556 1.52169
37.2141 0.310608 1.52169
19.0818 -11.9409 1.52169
21.7829 -10.1159 1.52169
13.6113 -15.6373 1.52169
10.3704 -17.8271 1.52169
4.94159 -21.4952 1.52169
-3.72983 -27.3542 1.52169
-6.55872 -29.2656 1.52169
1.89551 -23.5533 1.52169
-13.3092 -33.8268 1.52169
-14.2889 -24.5457 -1.4069
-14.8809 -23.6854 0.359278
-14.8809 -23.6854 -1.4069
-16.0822 -21.9397 3.04337
-14.8809 -23.6854 3.0591
-14.2889 -24.5457 1.45395
-14.8809 -23.6854 1.52169
-32.5088 1.93304 2.82832
-31.4709 0.424561 2.84191
-27.6898 -5.07037 2.89141
-25.7014 -7.96008 2.91744
-21.9148 -13.4632 2.96702
-19.9074 -16.3804 2.99329
-18.6191 -18.2527 3.01016
-8.74182 -32.6073 1.52169
-9.61856 -31.3331 1.52169
-14.2889 -24.5457 1.52169
7.30563 -8.89526 -4.17435
7.30563 -8.89526 -3.32612
7.30563 -8.89526 -1.4069
12.6125 -16.3121 0.670629
12.1424 -15.6551 1.52169
9.85855 -12.4632 5.59911
9.05338 -11.3379 4.14867
10.6913 -13.627 4.14867
9.89008 -12.5072 5.59911
9.87436 -12.4853 5.62756
7.59512 -9.2998 1.52169
12.9109 -16.7292 0.13037
7.30563 -8.89526 1.00023
7.2088 -8.75995 -4.17435
5.46539 -6.32336 -4.17435
5.4202 -6.26019 -4.17435
-9.39301 -30.73 1.52169
-11.6742 -27.5419 5.59911
-12.4793 -26.4166 4.14867
-10.8441 -28.702 4.14867
-11.6453 -27.5822 5.59911
-11.6597 -27.5621 5.62514
-13.2908 -25.2826 2.68691
-10.0048 -29.8751 2.62916
-32.8056 1.99115 3.02989
-31.3502 -0.0429688 3.00431
-27.7317 -5.10004 2.94072
-26.106 -7.37213 2.91215
-8.28204 -32.2827 1.52169
-9.17563 -31.0338 1.52169
-25.6907 -7.95258 2.90485
-32.817 2.00708 3.03009
-13.9059 -24.4228 1.57873
-38.7373 -4.974 3.27778
-23.4093 -27.25 4.14867
-38.7373 -4.974 4.14867
-32.9887 -13.3284 4.14867
-22.377 -28.7503 3.05615
-29.5516 -18.3235 4.14867
-29.5516 -18.3235 3.15334
-35.0169 -10.3807 4.14867
-35.0169 -10.3807 3.22738
-27.3839 -21.4738 4.14867
-27.3839 -21.4738 3.12398
-22.377 -28.7503 1.52169
-40.0639 -3.04614 3.29575
-23.4093 -27.25 3.07013
-19.7704 -32.5383 1.52169
-21.6628 -29.7883 1.52169
-32.9887 -13.3284 3.1999
-23.2177 -30.3267 1.52169
-21.933 -29.3956 1.52169
28.2525 6.97577 4.14867
27.2928 6.28027 3.00876
34.6643 11.6226 3.05659
33.741 10.9535 4.14867
32.5147 10.0648 5.59911
29.4736 7.86072 5.59911
30.9909 8.96045 7.40151
-20.4778 -28.341 -1.4069
-20.4778 -28.341 0.991452
-11.607 -21.912 -1.4069
-10.8376 -21.3543 -1.4069
6.9805 -8.44086 -4.17435
7.91138 -7.76624 -4.17435
-2.66681 -15.4327 -4.17435
-0.495819 -13.8593 -4.17435
-20.4778 -28.341 1.52169
-14.6058 -24.0853 -1.4069
-8.75317 -19.8437 -1.4069
4.92892 -9.92773 -4.17435
-3.3429 -15.9227 -4.17435
-14.5612 -24.0529 -1.4069
-23.6494 -30.6395 1.52169
34.014 13.4781 4.14867
33.5952 14.0634 4.14867
36.053 10.6284 1.52169
36.0043 10.6965 1.52169
30.3777 18.5602 4.14867
28.0728 21.7815 4.14867
24.4404 26.858 4.14867
35.3289 11.6403 1.52169
22.1402 30.0728 4.14867
18.5117 35.1439 4.14867
38.0091 7.89459 1.52169
-38.1931 -4.17517 4.14867
-38.923 -4.70416 3.2803
10.1134 30.8344 -4.17435
-31.5322 0.652222 -1.4069
-31.5322 0.652222 -4.17435
-31.5322 0.652222 0.642281
10.1134 30.8344 -1.4069
13.8382 33.5339 7.39385
13.8257 33.5249 7.40861
13.8146 33.5168 7.39536
-29.8185 1.89423 -4.17435
17.2906 36.036 3.31024
16.5818 35.5223 4.14867
-31.5322 0.652222 2.76487
-31.5322 0.652222 1.52169
-35.4501 -2.18726 7.41203
-36.9739 -3.29163 5.59911
-33.9217 -1.07953 5.59911
-39.1368 -4.85907 3.02595
-31.7399 0.501709 3.01116
-32.6989 -0.193298 4.14867
10.1134 30.8344 2.99896
10.1134 30.8344 1.52169
-31.5958 0.60614 2.84028
-29.4755 2.14282 -4.17435
7.92148 29.2458 -4.17435
11.0813 31.5359 4.14867
17.5116 36.1962 3.04888
15.3555 34.6336 5.59911
12.3024 32.4208 5.59911
-39.4596 -3.92438 3.28757
-38.7189 -3.42395 4.14867
10.7069 29.9719 -4.17435
-31.9083 1.1778 -4.17435
-31.9083 1.1778 -1.4069
-31.9083 1.1778 0.906856
10.7069 29.9719 -1.4069
-31.9083 1.1778 1.52169
-31.9083 1.1778 2.77148
-37.4713 -2.58099 5.59911
-35.9119 -1.52728 7.41213
-34.3477 -0.470459 5.59911
-39.6824 -4.07495 3.02847
-33.0964 0.375061 4.14867
-32.1209 1.03418 3.01786
10.7069 29.9719 1.52169
10.7069 29.9719 2.99149
14.5119 32.5428 7.40833
14.5239 32.551 7.39446
14.5012 32.5356 7.39588
-30.154 2.36316 -4.17435
-29.7987 2.60321 -4.17435
11.7038 30.6455 4.14867
16.0771 33.6004 5.59911
12.9533 31.4897 5.59911
-31.9635 1.1405 2.83546
8.47198 28.4618 -4.17435
-27.24 -5.72406 2.8973
-27.0622 -5.59515 -4.0495
-27.0622 -5.59515 -4.17435
-27.0622 -5.59515 1.52169
-27.0622 -5.59515 -1.4069
-27.0622 -5.59515 -2.50247
-25.3484 -4.35309 -4.17435
-27.0622 -5.59515 2.68631
20.1459 28.6183 5.13638
19.7547 28.3348 5.59911
16.7046 26.1243 5.59911
15.7109 25.4041 4.41874
18.234 27.2327 7.39778
18.2196 27.2223 7.3987
-33.7877 -10.4694 4.14867
-34.5672 -11.0344 3.22129
-31.0455 -8.48199 7.41113
-32.5686 -9.58588 5.59911
-29.5179 -7.37488 5.59911
-34.7348 -11.1558 3.02192
18.2264 27.2272 7.40679
-27.2698 -5.74561 2.9326
-28.295 -6.48865 4.14867
15.4835 25.2394 4.14867
14.5729 24.5794 3.06699
22.2545 30.1466 4.14867
22.3856 30.2416 4.14867
-25.0598 -4.14392 -4.17435
32.9441 -3.44611 1.52169
32.5237 -2.85858 1.52169
29.5363 1.31659 5.59911
28.7312 2.44189 4.14867
30.3715 0.149353 4.14867
29.5703 1.2691 5.59911
29.5533 1.29279 5.62977
31.8226 -1.87872 1.52169
27.5415 4.10455 2.00554
31.5157 -1.44983 2.07721
8.99551 30.0242 -4.17435
8.54587 30.6526 -4.17435
9.59726 29.1832 -4.17435
9.57849 29.2095 -4.17435
21.466 12.5956 -4.17435
19.4384 15.4293 -4.17435
27.3142 4.42218 1.59612
-24.1741 -5.9942 -4.17435
16.6624 21.598 3.071
17.5908 22.2253 4.14867
-33.7998 -12.498 3.01842
-33.6361 -12.3875 3.20868
20.3968 24.1213 7.40589
-27.2072 -8.04364 4.14867
-26.141 -7.32318 2.91276
-32.8276 -11.8412 4.14867
-31.58 -10.9982 5.59911
-28.4586 -8.8891 5.59911
-30.0217 -9.94525 7.41092
-26.1401 -7.32257 2.9117
-25.9285 -7.17957 -4.17435
-25.9285 -7.17957 2.66638
20.4021 24.1249 7.39972
20.392 24.118 7.40035
-25.9285 -7.17957 -3.30003
-25.9285 -7.17957 -1.4069
24.6534 26.9974 4.14867
24.4426 26.8549 4.14867
24.3988 26.8253 4.14867
-25.9285 -7.17957 -3.89781
-25.9285 -7.17957 1.52169
21.9599 25.1774 5.59911
18.8403 23.0696 5.59911
-23.9095 -5.81543 -4.17435
33.537 10.8057 4.38996
38.7517 3.22717 -1.4069
33.8538 10.3452 4.14867
33.8538 10.3452 4.3937
32.0606 12.9512 4.37258
39.6382 1.93884 -1.4069
39.6337 1.94543 -1.4069
38.7517 3.22717 1.52169
33.8538 10.3452 1.52169
34.4374 9.49707 1.52169
34.3713 9.59314 1.52169
20.9027 29.1669 4.24117
22.2817 27.1628 4.25741
23.1121 25.956 4.26719
17.2887 34.4191 4.19861
16.547 35.4971 4.18987
16.0574 36.2085 4.1841
16.2054 35.9933 4.18585
-21.2412 -14.1711 2.82664
20.3444 15.9675 -4.17435
-20.2387 -13.4446 -3.28262
-20.2387 -13.4446 -4.17435
-21.2412 -14.1711 1.52169
-21.2412 -14.1711 -1.4069
-20.2387 -13.4446 -1.4069
27.8427 21.4018 3.05004
27.7893 21.3632 3.11317
21.4206 16.7475 4.14867
20.3444 15.9675 2.8703
26.9139 20.7286 4.14867
20.3444 15.9675 1.52169
26.7772 20.6296 4.31035
-28.6928 -19.5716 3.14171
-28.7973 -19.6474 3.0173
24.1614 18.7339 7.40434
-21.3656 -14.2613 2.97421
-22.3557 -14.9789 4.14867
-26.6272 -18.0746 5.59911
-27.8464 -18.9582 4.14867
-23.5786 -15.8652 5.59911
-25.1052 -16.9716 7.40991
24.1625 18.7346 7.40308
24.1605 18.7332 7.40321
18.2486 14.4485 -4.17435
19.4942 15.3513 -4.17435
25.6876 19.84 5.59911
22.6417 17.6324 5.59911
-19.3198 -12.7786 -4.17435
20.3444 15.9675 -0.0481968
-19.1222 -12.6354 -4.17435
20.3444 15.9675 -1.4069
22.239 13.2144 -4.17435
22.239 13.2144 -1.42399
22.239 13.2144 -1.4069
26.1648 15.8669 7.40351
22.239 13.2144 1.52169
22.239 13.2144 2.84647
-20.2799 -15.5146 2.80975
-19.2794 -14.8387 -4.17435
-19.2794 -14.8387 -3.14964
-20.2799 -15.5146 -1.4069
-20.2799 -15.5146 1.52169
-19.2794 -14.8387 -1.4069
23.3608 13.9724 4.14867
28.8199 17.6609 4.33441
-28.0257 -20.7483 3.01824
-27.9283 -20.6825 3.13135
-21.435 -16.2951 4.14867
-20.4323 -15.6176 2.98642
-27.0533 -20.0913 4.14867
-25.8058 -19.2484 5.59911
-22.6863 -17.1406 5.59911
-24.2484 -18.196 7.40973
27.7258 16.9216 5.59911
24.6104 14.8166 5.59911
21.4195 12.6606 -4.17435
20.1174 11.7808 -4.17435
-18.313 -14.1857 -4.17435
-18.1194 -14.0548 -4.17435
-21.2986 -14.0909 2.82765
-20.2946 -13.3633 -3.29038
-20.2946 -13.3633 -4.17435
-21.2986 -14.0909 1.52169
-21.2986 -14.0909 -1.4069
-20.2946 -13.3633 -1.4069
21.3641 16.8283 4.14867
20.4404 16.1589 3.0515
26.7213 20.7109 4.30969
18.192 14.5294 -4.17435
19.2942 15.3282 -4.17435
-19.3772 -12.6984 -4.17435
-19.1791 -12.5549 -4.17435
-28.7487 -19.4904 3.14246
-28.8539 -19.5667 3.01723
24.1049 18.8147 7.40436
-21.4215 -14.1801 2.97347
-22.4123 -14.8981 4.14867
-26.6838 -17.9938 5.59911
-27.9029 -18.8774 4.14867
-23.6351 -15.7843 5.59911
-25.1617 -16.8907 7.40992
24.106 18.8155 7.40303
24.1039 18.814 7.40316
25.6312 19.9208 5.59911
22.5851 17.7133 5.59911
33.4292 10.7275 4.51742
38.7812 3.24762 -1.4069
31.9141 12.8451 4.54586
39.6913 1.97577 -1.4069
39.6872 1.98157 -1.4069
38.7812 3.24762 1.52169
37.643 4.83844 1.52169
33.7544 10.2731 -1.4069
33.7544 10.2731 4.51132
33.7544 10.2731 0.444534
28.5829 17.5007 4.60839
26.492 20.4229 4.64764
26.4346 20.5031 4.64872
20.4634 28.8484 4.76081
21.0869 27.9771 4.7491
22.7218 25.6922 4.71841
33.7544 10.2731 4.14867
33.7544 10.2731 1.52169
34.3523 9.4375 1.52169
16.7419 34.0496 4.83066
15.9933 35.0958 4.84472
15.4843 35.8071 4.85427
15.6345 35.5973 4.85145
22.1624 13.3257 -4.17435
22.1624 13.3257 2.84743
22.1624 13.3257 1.52169
-19.558 -16.9106 3.01025
-20.5178 -17.6063 4.14867
-24.7887 -20.7015 5.59911
-26.0078 -21.5851 4.14867
-21.7406 -18.4925 5.59911
-23.2669 -19.5986 7.40953
25.998 16.1056 7.40358
29.6689 18.766 3.06154
29.6549 18.7559 3.07815
23.2578 14.1196 4.14867
28.7498 18.0999 4.14867
28.595 17.9877 4.33176
28.3576 17.8156 4.61262
27.5236 17.2112 5.59911
24.4789 15.0046 5.59911
-27.458 -22.6361 4.14867
-26.8749 -22.2135 4.14867
20.0882 11.8225 -4.17435
21.3598 12.744 -4.17435
22.1624 13.3257 -1.36834
22.1624 13.3257 -1.4069
37.2405 11.5317 1.52169
37.2742 11.4836 1.52169
36.5676 12.4922 1.52169
39.1893 8.74994 1.52169
-11.7553 -28.2278 1.52169
29.9554 2.00153 5.26291
29.9554 2.00153 4.14867
-11.3787 -27.9548 5.11642
-9.45731 -26.5623 5.15743
13.954 -9.59528 5.59911
24.3855 -2.03516 5.37994
9.90576 -12.5292 5.57068
11.238 -11.5637 5.59911
12.5853 -10.5872 5.62786
-11.7553 -28.2278 3.10002
29.9554 2.00153 1.52169
36.3875 6.66315 1.52169
36.9948 7.10333 1.52169
29.3567 1.56763 5.27549
27.7759 0.422058 5.3087
36.3545 6.63922 1.52169
-11.7553 -28.2278 5.10838
-18.5142 -33.1262 1.52169
29.9554 2.00153 2.74943
-11.7553 -28.2278 4.14867
24.2914 4.10504 -1.4069
24.2914 4.10504 -4.17435
24.9127 3.20215 1.19971
24.9127 3.20215 -0.564334
24.9127 3.20215 -1.4069
29.5186 -3.49158 1.52169
25.0868 2.9491 1.52169
27.1419 -0.0374756 5.32202
26.5074 0.884644 4.14867
22.9734 6.02045 -4.17435
27.2917 -0.255249 5.59911
28.105 -1.43719 4.14867
27.3245 -0.302917 5.59911
27.3082 -0.279175 5.62952
-9.7023 -30.2977 2.08165
-10.1282 -30.5924 2.08463
-7.7507 -28.9474 2.06797
-9.23532 -29.9747 2.07837
26.5659 -5.20404 1.82756
11.9167 -15.3397 1.93019
32.2213 -1.29114 1.52169
36.3504 1.5658 -1.4069
36.3504 1.5658 1.52169
31.4284 -1.83972 1.79349
30.0226 -2.81238 1.80334
31.6734 -1.67023 1.79178
32.2213 -1.29114 1.78794
-10.1282 -30.5924 1.52169
29.3646 -3.2677 1.80795
-16.9743 -35.3292 1.52169
10.5826 30.1525 -4.17435
10.5826 30.1525 -1.4069
10.5826 30.1525 1.52169
10.5826 30.1525 2.99306
9.45087 29.3878 -4.17435
8.34595 28.6412 -4.17435
17.1644 34.5997 4.19714
17.2064 34.6281 4.14867
16.6143 34.228 4.83306
-30.2816 2.54156 -4.17435
-29.9247 2.78271 -4.17435
-39.5839 -3.74377 3.28925
-38.8446 -3.24426 4.14867
-32.0359 1.3562 -4.17435
-32.0359 1.3562 -1.4069
-32.0359 1.3562 0.996646
-32.0359 1.3562 1.52169
-32.0359 1.3562 2.77372
-37.5971 -2.40131 5.59911
-36.0376 -1.34766 7.41215
-34.4734 -0.290771 5.59911
-39.8076 -3.89496 3.02905
-33.2221 0.554688 4.14867
-32.2485 1.21259 3.0201
14.3863 32.7226 7.40838
14.3985 32.7308 7.39435
14.3755 32.7153 7.39579
17.9423 35.1252 3.29801
11.5782 30.8252 4.14867
18.1536 35.268 3.0538
15.9516 33.7802 5.59911
12.8277 31.6694 5.59911
-32.0878 1.32117 2.83383
31.172 9.09161 7.18739
31.9518 7.95831 1.34837
31.9518 7.95831 -1.4069
29.6956 11.2372 7.17001
15.6075 31.7112 7.00409
18.5377 27.4528 7.0386
26.4004 16.0261 7.1312
24.4121 18.9156 7.10778
26.23 16.2737 7.12919
24.3562 18.9968 7.10712
14.1819 33.783 6.9873
14.7449 32.9648 6.99393
20.6926 24.3212 7.06398
31.4888 8.63116 -1.4069
31.4888 8.63116 0.492136
31.9518 7.95831 1.52169
31.4888 8.63116 4.14867
31.4888 8.63116 5.59911
31.4888 8.63116 7.19112
31.4888 8.63116 1.52169
34.0224 4.9491 1.52169
32.0455 7.82208 1.52169
14.8692 32.7842 6.99539
13.6656 34.5333 6.98122
13.8063 34.3289 6.98288
-7.13834 -29.8033 1.52169
-8.16342 -30.4959 1.52169
27.4237 -6.45056 0.233573
12.683 -16.4105 0.543143
27.4237 -6.45056 1.52169
13.6817 -15.7357 0.522167
-13.5082 -34.1072 -1.4069
-16.4425 -36.0899 -1.27249
30.2436 -4.54523 0.174351
10.439 -17.9268 0.590269
-6.49014 -29.3653 0.945797
1.96408 -23.653 0.76825
32.0988 -3.29169 1.52169
30.9124 -4.09338 1.52169
-13.2388 -33.9252 -1.41924
-13.2388 -33.9252 -1.4069
-13.2388 -33.9252 1.08753
19.1504 -12.0406 0.407319
21.8514 -10.2156 0.350595
5.01199 -21.5936 0.704241
-3.66125 -27.4539 0.886388
33.1222 -2.60022 1.52169
32.5941 -2.95703 1.52169
36.9073 -0.0427246 1.52169
30.2436 -4.54523 1.52169
19.1504 -12.0406 1.52169
21.8514 -10.2156 1.52169
13.6817 -15.7357 1.52169
10.439 -17.9268 1.52169
5.01199 -21.5936 1.52169
-3.66125 -27.4539 1.52169
-6.49014 -29.3653 1.52169
1.96408 -23.653 1.52169
-13.2388 -33.9252 1.52169
-9.10522 -31.1323 1.52169
-9.54999 -31.4328 1.52169
-21.9186 -27.4276 4.14867
-22.8318 -28.0894 3.06231
12.4265 -2.53632 -4.17435
15.2628 -0.480774 -4.17435
6.05814 -7.15173 -4.17435
7.00656 -6.46436 -4.17435
-4.24988 -14.6223 -4.17435
-1.40884 -12.5634 -4.17435
4.01807 -8.63025 -4.17435
27.3441 8.27502 4.14867
26.388 7.58209 3.01294
-15.5046 -22.7791 3.05094
-16.43 -23.4498 4.14867
-20.6995 -26.544 5.59911
-17.6529 -24.336 5.59911
33.7419 12.9117 3.0739
32.8333 12.2532 4.14867
32.5069 12.0167 4.53473
31.607 11.3645 5.59911
28.5652 9.15997 5.59911
-19.1785 -25.4417 7.40869
30.2732 10.3978 7.17681
30.0829 10.2599 7.40189
-12.5118 -20.6101 -4.17435
-9.66229 -18.5449 -4.17435
-22.8753 -28.1209 3.01045
32.6382 12.1119 4.37938
20.6824 3.44702 -4.17435
23.3926 5.41125 -4.17435
23.5255 5.50757 -4.17435
-15.4699 -22.754 3.00988
15.9361 -1.95044 -4.17435
15.0373 -0.644226 -4.17435
15.9361 -1.95044 -1.4069
15.9361 -1.95044 -3.81791
16.3648 -2.57349 1.01918
16.3648 -2.57349 -1.4069
21.6271 -10.2211 0.481312
21.0673 -9.40753 1.52169
18.8414 -6.17273 5.59911
18.7865 -6.09296 5.49757
19.6537 -7.35321 4.14867
18.8732 -6.21893 5.59911
18.8574 -6.19586 5.62857
18.0571 -5.03284 4.14867
16.6365 -2.96838 1.52169
20.8813 -9.13721 1.86738
21.6957 -10.3208 0.353866
21.8207 -10.5025 0.121564
14.5184 0.109924 -4.17435
13.8195 -4.29321 0.965421
13.8195 -4.29321 -1.4069
13.4482 -3.75354 -4.17435
12.5493 -2.44733 -4.17435
13.4482 -3.75354 -1.4069
13.4482 -3.75354 -3.69337
16.3252 -7.93475 5.59911
16.2986 -7.89606 5.54985
17.1372 -9.11481 4.14867
16.3567 -7.98053 5.59911
16.341 -7.9577 5.62829
15.5409 -6.79486 4.14867
14.1203 -4.73041 1.52169
18.3553 -10.8849 1.88508
11.9968 -1.64423 -4.17435
16.0883 -1.84009 -4.17435
15.1895 -0.533875 -4.17435
16.0883 -1.84009 -1.4069
16.0883 -1.84009 -3.82552
18.9954 -6.06494 5.59911
18.9388 -5.9826 5.49438
19.8077 -7.24542 4.14867
19.0272 -6.11115 5.59911
19.0113 -6.08807 5.62859
18.211 -4.92505 4.14867
16.7905 -2.8606 1.52169
21.0358 -9.03027 1.8663
16.5205 -2.46826 -1.4069
16.5205 -2.46826 1.02246
14.6726 0.217224 -4.17435
10.2991 30.5646 -4.17435
10.2991 30.5646 -1.4069
10.2991 30.5646 2.99662
10.2991 30.5646 1.52169
14.0256 33.2653 7.39401
14.0133 33.2565 7.40854
14.0023 33.2485 7.3955
17.4811 35.7697 3.30667
16.7693 35.2538 4.14867
11.269 31.2675 4.14867
17.6979 35.9268 3.05031
16.1839 34.8295 4.84114
15.5431 34.3651 5.59911
12.49 32.1525 5.59911
14.3676 33.5132 6.98949
8.10965 28.9778 -4.17435
9.18604 29.7579 -4.17435
16.7326 35.2272 4.19206
-35.2624 -2.45557 7.41199
-36.7862 -3.55988 5.59911
-33.734 -1.34784 5.59911
-31.5493 0.235413 3.00781
-32.5112 -0.461609 4.14867
-31.5462 0.237732 3.0041
-20.8994 -27.752 4.14867
-20.8994 -27.752 4.77403
-15.7737 -34.9155 -1.36572
-15.7737 -34.9155 1.52169
-21.993 -26.2234 4.7552
-21.4002 -27.0519 4.7654
-15.4252 -35.4025 -1.31909
-15.4956 -35.3041 -1.32851
-38.4409 -3.23608 4.47192
-37.9138 -3.97272 4.481
-26.5999 -19.7849 4.67585
-25.5495 -21.2529 4.69394
-27.4151 -18.6456 4.66181
-27.4724 -18.5654 4.66082
-39.0709 -2.35553 4.46107
-38.5685 -3.05768 4.46972
-14.87 -36.1784 -1.2448
-32.461 -11.5934 4.57491
-33.4437 -10.2201 4.55798
-17.5526 -32.4293 1.52169
-15.9733 -34.6366 1.52169
-37.7232 -4.23901 4.48428
-20.1527 -28.7954 -1.4069
-20.1527 -28.7954 1.52169
-39.0718 -2.35431 4.46105
-39.2785 -5.36615 2.63398
-39.2785 -5.36615 4.14867
-33.5298 -13.7206 4.14867
-20.3175 -32.9219 1.52169
-22.2101 -30.1715 1.52169
-22.4741 -29.7878 1.52169
-33.5298 -13.7206 2.5561
-22.9266 -29.1301 1.52169
-30.1052 -18.6975 4.14867
-30.1052 -18.6975 2.50971
-24.2125 -27.2614 4.14867
-27.416 -22.6057 4.14867
-33.5453 -13.698 2.55631
-29.9969 -18.855 2.50824
-27.7596 -22.1063 4.14867
-39.3134 -5.31543 2.63445
-35.7711 -10.4634 4.14867
-32.9277 -9.07275 5.59911
-33.8081 -9.71082 4.55171
-31.4046 -7.96887 7.4112
-34.9223 -10.5183 3.2261
-35.0928 -10.6419 3.02326
-27.5951 -5.20801 2.89265
-27.4265 -5.08588 -4.09826
-27.4265 -5.08588 -4.17435
-27.4265 -5.08588 1.52169
-27.4265 -5.08588 -1.4069
-27.4265 -5.08588 -2.24611
-25.9064 -3.98413 -4.17435
-25.7128 -3.84381 -4.17435
-27.4265 -5.08588 2.69271
19.5959 28.9932 5.36271
19.3961 28.8483 5.59911
16.3457 26.6376 5.59911
15.6028 26.0991 4.71656
18.1826 27.9689 7.03442
17.8757 27.7464 7.39746
17.8605 27.7354 7.39843
21.3963 30.298 4.14867
21.7801 30.576 4.14867
20.6223 29.737 4.14867
22.0276 30.7555 4.14867
20.5476 29.6829 4.23699
20.099 29.3577 4.76765
-34.1469 -9.9563 4.14867
-29.8768 -6.86169 5.59911
-27.6342 -5.23633 2.939
-28.654 -5.97546 4.14867
17.8677 27.7406 7.40694
15.1247 25.7526 4.14867
14.2156 25.0938 3.06884
-25.4149 -3.62793 -4.17435
-23.002 -25.8796 4.14867
-22.4877 -25.532 4.74668
-21.7545 -25.0367 5.59911
-20.1978 -23.9849 7.4089
-24.4774 -26.8765 4.14867
-24.4867 -26.8828 4.14867
-10.4601 -17.4053 -4.17435
-12.5559 -18.8214 -4.17435
-2.01682 -11.7004 -4.17435
-4.9198 -13.6619 -4.17435
-23.9237 -26.5024 4.14867
15.0467 -0.170959 -4.17435
14.9737 -0.220337 -4.17435
6.59946 -5.8786 -4.17435
5.62045 -6.5401 -4.17435
3.53833 -7.9469 -4.17435
-17.3852 -22.0844 4.14867
-16.4277 -21.4375 3.03885
-18.6365 -22.9299 5.59911
26.4306 7.52081 3.01274
27.4091 8.18201 4.14867
33.026 11.9772 4.14867
33.9594 12.6078 3.06982
31.7712 11.1293 5.59911
32.6951 11.7536 4.5312
28.6587 9.02625 5.59911
30.2117 10.0756 7.40183
30.405 10.2062 7.17836
32.8246 11.8411 4.38157
23.3659 5.45007 -4.17435
20.5922 3.57593 -4.17435
23.5015 5.54169 -4.17435
14.818 -0.3255 -4.17435
12.2727 -2.04529 -4.17435
12.1445 -2.13196 -4.17435
-16.4028 -21.4207 3.00996
13.7712 -4.32587 0.9644
13.7712 -4.32587 -1.4069
12.4688 -2.50568 -4.17435
12.1829 -2.10602 -4.17435
19.1749 -11.8781 0.532811
18.6287 -11.1146 1.52169
16.344 -7.92163 5.59911
16.3164 -7.88312 5.54947
17.1775 -9.08655 4.14867
16.3763 -7.9668 5.59911
16.3602 -7.94427 5.62829
18.4282 -10.8345 1.88457
19.2453 -11.9765 0.405326
19.399 -12.1912 0.127151
15.6183 -6.90747 4.29189
13.3912 -3.7948 -4.17435
13.3912 -3.7948 -1.4069
13.3912 -3.7948 -3.69052
15.5388 -6.79633 4.14867
14.0806 -4.75824 1.52169
11.9004 -1.7113 -4.17435
-30.9721 -11.8669 5.59911
-31.8237 -12.4841 4.58588
-29.4493 -10.7632 7.4108
15.0855 21.5129 -4.17435
16.0482 22.2105 -1.4069
15.0855 21.5129 -1.4069
21.3489 26.0522 5.59911
20.1162 25.1588 7.05719
-25.7397 -8.07483 3.01076
-26.6991 -8.77008 4.14867
-27.9219 -9.65631 5.59911
16.1916 22.3145 3.09475
16.0482 22.2105 2.92432
13.9174 20.6662 -4.17435
17.0789 22.9575 4.14867
22.5908 26.9522 4.13021
22.5752 26.9409 4.14867
19.8212 24.9449 7.40613
23.4975 27.6093 3.05772
23.3806 27.5247 3.19592
19.8271 24.9492 7.3992
19.816 24.9412 7.39991
22.0834 26.5845 4.7304
18.3 23.8425 5.59911
22.4813 26.8728 4.25976
16.0482 22.2105 1.52169
-32.3214 -11.7885 4.57731
-31.4425 -11.1947 5.59911
-29.8842 -10.1417 7.41089
-33.6627 -12.6948 3.0179
-33.5002 -12.585 3.20683
16.7992 21.4011 3.0703
17.7282 22.0288 4.14867
23.352 25.8287 4.14867
23.248 25.7584 4.26879
24.1893 26.3944 4.14867
24.5822 26.6599 4.14867
20.8285 24.1236 7.06558
22.0972 24.9808 5.59911
20.5341 23.9247 7.40584
-27.0698 -8.24011 4.14867
-26.0042 -7.52008 2.91348
-32.6901 -12.0377 4.14867
-28.3211 -9.08557 5.59911
-25.7889 -7.37463 -4.17435
-25.7889 -7.37463 2.66393
20.5393 23.9282 7.39984
20.5295 23.9216 7.40045
-25.7889 -7.37463 -3.39822
-25.7889 -7.37463 -1.4069
-24.0346 -6.18927 -4.17435
24.7909 26.8009 4.14867
-23.7736 -6.01294 -4.17435
22.8614 25.4971 4.71579
-26.0014 -7.51825 2.91031
-25.7889 -7.37463 -3.87913
-25.7889 -7.37463 1.52169
18.9777 22.873 5.59911
-28.2668 -17.4553 4.64714
-27.4479 -16.902 5.59911
-25.8903 -15.8495 7.41007
-23.0766 -13.9484 4.14867
-22.0882 -13.2806 3.00302
-24.3279 -14.7939 5.59911
24.5244 18.2144 7.40419
24.5251 18.2148 7.4034
24.5238 18.214 7.40348
28.244 20.7277 3.10463
28.2888 20.7579 3.05285
20.6157 15.5734 2.86688
21.7199 16.3195 4.14867
27.3408 20.1174 4.14867
27.1967 20.02 4.31529
26.086 19.2695 5.59911
26.916 19.8303 4.63968
22.9694 17.1637 5.59911
24.7771 18.3851 7.11208
20.6157 15.5734 -4.17435
20.6157 15.5734 1.52169
19.7526 14.9902 -4.17435
18.4742 14.1264 -4.17435
20.6157 15.5734 -0.245171
20.6157 15.5734 -1.4069
10.0405 -10.6467 4.14867
8.62067 -8.66235 1.59099
10.8456 -11.772 5.59911
10.8615 -11.7941 5.62767
10.8815 -11.822 5.5915
10.8773 -11.8162 5.59911
11.6785 -12.9359 4.14867
12.9078 -14.654 1.92324
7.46301 -8.09119 -4.17435
6.56421 -6.78497 -4.17435
7.77982 -8.55164 -4.17435
7.77982 -8.55164 -3.34985
7.77982 -8.55164 -1.4069
6.14966 -6.1825 -4.17435
9.48776 -11.0338 4.14867
8.06717 -8.96924 1.52169
10.2721 -12.1736 5.59911
10.2875 -12.196 5.6276
7.69644 -8.43042 -4.17435
10.3134 -12.2337 5.57938
10.3028 -12.2183 5.59911
12.9588 -16.0781 0.663356
12.4969 -15.4069 1.52169
11.0833 -13.3525 4.14867
12.2785 -15.0894 1.92765
13.0274 -16.1778 0.53591
13.2453 -16.4945 0.130966
7.77982 -8.55164 0.990271
5.98663 -5.94556 -4.17435
5.94788 -5.88928 -4.17435
5.6405 -9.41205 -4.17435
4.7417 -8.10583 -4.17435
4.28516 -7.44232 -4.17435
11.4036 -17.7875 0.127678
11.1628 -17.4376 0.575067
4.16412 -7.26642 -4.17435
8.49094 -13.5546 5.54048
8.45938 -13.5087 5.59911
8.44418 -13.4866 5.6274
5.83194 -9.69025 -4.17435
10.6535 -16.6973 1.52169
10.428 -16.3698 1.94062
5.95731 -9.87244 -4.17435
5.95731 -9.87244 -3.25863
5.95731 -9.87244 -1.4069
11.0943 -17.338 0.702513
8.42886 -13.4644 5.59911
7.64453 -12.3245 4.14867
9.2399 -14.643 4.14867
6.22397 -10.26 1.52169
5.95731 -9.87244 1.02856
4.10687 -7.18323 -4.17435
-21.6161 -29.856 1.52169
-22.8972 -30.7845 1.52169
-22.1573 -30.2482 1.52169
13.6532 -4.29492 -1.4069
13.7163 -4.24921 -1.4069
21.912 1.69049 -1.4069
23.8957 3.12817 -1.4069
-23.3283 -31.0969 1.52169
16.4051 -2.30054 -1.4069
16.4894 -2.23938 -1.4069
35.4354 11.4915 1.52169
36.2819 12.105 1.52169
36.6514 12.3727 1.52169
36.6844 12.3966 1.52169
24.6082 3.64459 -1.4069
13.765 -4.21393 -1.4069
16.2529 -2.41083 -1.4069
24.7604 3.75488 -1.4069
4.93289 -9.92487 -4.17435
4.03409 -8.61865 -4.17435
3.56125 -7.93146 -4.17435
3.45651 -7.77924 -4.17435
7.78336 -14.0674 5.52538
7.74368 -14.0097 5.59911
7.72849 -13.9877 5.62732
9.70963 -16.8668 1.94565
7.71326 -13.9655 5.59911
6.92889 -12.8256 4.14867
8.52417 -15.144 4.14867
5.53494 -10.7997 1.57087
5.10803 -10.1794 -4.17435
3.39209 -7.68561 -4.17435
5.23013 -10.3568 -4.17435
-33.8789 -9.61182 4.55049
-32.977 -9.00238 5.59911
-31.4183 -7.94922 7.4112
-27.5209 -5.31586 2.89362
-27.3464 -5.19794 -4.17435
-27.3464 -5.19794 -4.08753
-27.3464 -5.19794 -1.4069
-27.3464 -5.19794 1.52169
-27.3464 -5.19794 -2.30252
-27.3464 -5.19794 2.6913
-30.815 -7.54163 6.71192
-29.855 -6.89294 5.59911
-28.6036 -6.04742 4.14867
-27.5589 -5.34155 2.93768
14.1404 22.8337 -4.17435
15.1499 23.5157 -1.4069
14.1404 22.8337 -1.4069
12.9579 22.0347 -4.17435
15.1499 23.5157 1.52169
15.1499 23.5157 2.93562
19.3118 26.3278 7.04772
20.565 27.1746 5.59911
15.9234 24.0384 3.83349
-25.4509 -3.91718 -4.17435
-25.592 -4.01257 -4.17435
16.1949 24.2219 4.14867
19.0014 26.1182 7.40647
22.6319 28.5712 3.20998
22.771 28.6652 3.04916
19.0083 26.1228 7.39847
18.9952 26.114 7.39929
21.3039 27.6738 4.74503
17.4444 25.0661 5.59911
21.8198 28.0225 4.14867
21.7313 27.9626 4.25093
21.4183 27.7512 4.61272
-25.2904 -3.80878 -4.17435
-26.4682 -4.3913 -4.17435
-26.5539 -4.26678 -4.17435
-8.68546 -30.2347 1.52169
-30.329 1.21954 -4.17435
-30.4689 1.42285 -4.17435
-10.9077 -27.0052 5.59911
-11.692 -25.8653 4.14867
-10.0991 -28.1804 4.14867
-10.6284 -27.4111 5.13243
-10.8936 -27.0257 5.62522
-10.8795 -27.0461 5.59911
-12.9987 -23.9664 1.73233
-8.98407 -29.8008 2.07661
-24.9872 -6.54358 -4.17435
-26.1131 -4.90735 -4.17435
-24.5596 -7.16504 -4.17435
-24.8513 -6.74115 -4.17435
-7.60507 -31.8049 1.52169
-8.39713 -30.6538 1.52169
-8.82819 -30.0273 1.78693
-30.8106 1.91949 -4.17435
-30.9349 2.1001 -4.17435
-31.356 2.71198 -4.17435
-26.368 -4.53693 -4.17435
-8.4657 -30.5541 1.52169
-13.0823 -23.845 1.57781
-2.02823 -11.7543 -4.17435
-2.05048 -11.7231 -4.17435
-0.513092 -13.8718 -4.17435
-1.43549 -12.5826 -4.17435
-0.187958 -14.3262 -4.17435
-0.187958 -14.3262 -2.95102
-0.187958 -14.3262 -1.4069
-0.187958 -14.3262 1.15768
-0.462128 -13.943 -4.17435
0.0140991 -14.6086 1.52169
-2.15945 -11.5709 -4.17435
2.41217 -17.9601 5.41075
2.30811 -17.8146 5.59911
2.29288 -17.7933 5.62671
4.30533 -20.606 1.98351
2.27756 -17.772 5.59911
1.47238 -16.6467 4.14867
3.10931 -18.9344 4.14867
-26.0555 -20.5457 4.68523
-25.2779 -20.0025 5.59911
-23.7374 -18.9263 7.40963
-19.8047 -16.1787 2.8014
-18.8272 -15.4958 -4.17435
-18.8272 -15.4958 -3.08695
-19.8047 -16.1787 -1.4069
-19.8047 -16.1787 1.52169
-18.8272 -15.4958 -1.4069
22.2484 13.2008 2.84635
23.1133 13.8051 3.86137
-20.9545 -16.982 4.14867
-19.9678 -16.2927 2.99251
-22.1923 -17.8468 5.59911
22.2484 13.2008 -4.17435
22.2484 13.2008 -1.43077
22.2484 13.2008 -1.4069
22.2484 13.2008 1.52169
21.438 12.6347 -4.17435
20.1498 11.7347 -4.17435
-17.8594 -14.8196 -4.17435
-17.6717 -14.6885 -4.17435
26.3653 16.077 7.13079
27.6761 16.9928 5.59911
26.1319 15.914 7.40352
29.8365 18.5021 3.07474
29.8468 18.5093 3.06266
23.3582 13.9761 4.14867
28.9174 17.86 4.14867
28.7591 17.7494 4.33369
28.523 17.5845 4.60952
24.5942 14.8397 5.59911
-20.8662 -28.6224 1.52169
-21.2856 -28.0129 1.52169
-15.9547 -35.7603 -1.29484
-16.0233 -35.6606 -1.30434
-38.3682 -3.18695 4.55639
-37.8562 -3.93103 4.54945
-38.9825 -2.29425 4.56471
-38.4925 -3.00635 4.55807
-15.4071 -36.5561 -1.21892
-18.0157 -32.765 1.52169
-20.5494 -29.0829 1.52169
-16.4845 -34.9903 1.52169
-37.6706 -4.20087 4.54694
-20.5839 -29.0327 1.52169
-38.9835 -2.29279 4.56472
-33.8555 -9.74518 4.49525
-33.5005 -10.2612 4.49044
-21.2856 -28.0129 4.14867
-21.2856 -28.0129 4.32497
-16.2823 -35.2841 -1.34026
-16.2823 -35.2841 1.52169
-22.3426 -26.4769 4.33928
-21.765 -27.3162 4.33146
-25.8081 -21.4404 4.38623
-22.8324 -25.765 4.34592
-28.4603 -17.5861 4.42216
-27.6819 -18.7172 4.41162
-32.5448 -11.6501 4.4775
-32.4089 -11.8476 4.47566
-31.9219 -12.5553 4.46906
-26.3042 -20.7195 4.39295
-27.626 -18.7985 4.41086
-26.837 -19.9451 4.40017
-35.6636 -7.11749 4.51975
-33.9256 -9.64337 4.4962
-3.28159 -15.8782 -4.17435
-3.29614 -15.8578 -4.17435
-4.79669 -13.7607 -4.17435
-4.88446 -13.638 -4.17435
-4.20398 -14.5891 -4.17435
-2.95645 -16.3326 -4.17435
-2.95645 -16.3326 -2.81244
-2.95645 -16.3326 -1.4069
-2.95645 -16.3326 1.21584
-2.78668 -16.5699 1.52169
-4.9664 -13.5235 -4.17435
2.52548 -23.9941 0.134724
2.17801 -23.5085 0.763758
-0.356323 -19.9665 5.35166
-0.493011 -19.7755 5.59911
-0.508087 -19.7544 5.62639
1.75934 -22.9233 1.52169
1.49335 -22.5516 2.00321
2.10757 -23.41 0.891242
-0.523224 -19.7333 5.59911
-1.3284 -18.608 4.14867
0.308197 -20.8953 4.14867
-10.326 -17.768 -4.17435
-10.5389 -17.4586 -4.17435
-8.99216 -19.7065 -4.17435
-8.84967 -19.9136 -1.4069
-8.99216 -19.7065 -1.4069
-8.53287 -20.374 -1.4069
-8.99216 -19.7065 -2.59698
-8.99216 -19.7065 -3.76671
-9.74847 -18.6074 -4.17435
-8.53287 -20.374 1.33301
-8.43082 -20.5223 1.52169
-10.5695 -17.4142 -4.17435
-5.99921 -24.0562 5.23123
-6.19717 -23.7684 5.59911
-6.21152 -23.7476 5.62575
-4.284 -26.5489 2.04369
-6.22592 -23.7267 5.59911
-7.01025 -22.5868 4.14867
-5.41669 -24.9027 4.14867
-13.0912 -19.772 -4.17435
-13.3555 -19.3879 -4.17435
-12.7843 -20.2181 -4.17435
-8.76437 -26.0602 5.17221
-8.99411 -25.7263 5.59911
-9.00827 -25.7057 5.62543
-7.09149 -28.4913 2.06336
-9.02249 -25.6851 5.59911
-9.80685 -24.5452 4.14867
-8.21362 -26.8606 4.14867
-11.1982 -22.5231 1.57571
-9.49142 -30.1519 2.08017
-9.65726 -29.92 2.38041
-9.18292 -30.583 1.52169
-11.4641 -27.3948 5.59911
-12.2693 -26.2695 4.14867
-10.634 -28.5549 4.14867
-11.1711 -27.8044 5.12085
-11.4496 -27.415 5.62516
-11.4352 -27.4351 5.59911
-13.2161 -24.9462 2.44296
-21.0335 -14.0207 -1.4069
-21.0909 -13.9405 -1.4069
-19.5945 -16.0319 -1.4069
-20.0673 -15.371 -1.4069
-21.5925 -13.2396 -1.4069
-8.07254 -32.1348 1.52169
-8.89267 -30.9886 1.52169
-8.96307 -30.8902 1.52169
-13.696 -24.2755 1.5785
-19.5337 -16.1169 -1.4069
-4.82745 -13.783 -4.17435
-4.91364 -13.6577 -4.17435
-4.99316 -13.5421 -4.17435
-4.25006 -14.6221 -4.17435
-0.50061 -20.0711 5.34858
-0.635406 -19.8752 5.59911
-0.650085 -19.8538 5.62638
1.29883 -22.6862 2.00457
-0.664825 -19.8324 5.59911
-1.44919 -18.6926 4.14867
0.145081 -21.0095 4.14867
-2.83334 -16.681 1.58899
-20.8172 -26.3758 5.59911
-21.5197 -26.8849 4.76335
-19.2962 -25.2734 7.40871
-22.0363 -27.2593 4.14867
-22.9482 -27.9202 3.06388
27.2265 8.4433 4.14867
26.2708 7.75067 3.01348
-15.621 -22.6099 3.04941
-16.5477 -23.2816 4.14867
-21.8814 -27.147 4.33304
-17.7705 -24.1678 5.59911
32.3874 12.1837 4.53698
31.4894 11.5328 5.59911
28.4475 9.32825 5.59911
30.1567 10.567 7.17544
29.9653 10.4282 7.40193
15.0731 -0.364746 -4.17435
15.1453 -0.312378 -4.17435
6.44778 -6.61578 -4.17435
6.88937 -6.29578 -4.17435
4.62527 -7.93665 -4.17435
5.93866 -6.9848 -4.17435
12.4329 -2.27814 -4.17435
14.9209 -0.475037 -4.17435
12.3493 -2.33875 -4.17435
12.3091 -2.36792 -4.17435
-22.9935 -27.953 3.00999
-1.55493 -12.4157 -4.17435
-1.5271 -12.3955 -4.17435
32.5218 12.281 4.37801
3.91769 -8.44946 -4.17435
3.90009 -8.46222 -4.17435
-9.86487 -18.4382 -4.17435
-9.78003 -18.3767 -4.17435
20.5646 3.61523 -4.17435
23.2762 5.58038 -4.17435
23.4073 5.67542 -4.17435
-15.5876 -22.5858 3.00989
-4.36627 -14.4532 -4.17435
-4.32343 -14.4221 -4.17435
-12.629 -20.4415 -4.17435
-4.36731 -14.4539 -4.17435
-18.713 -26.2747 4.14867
-18.713 -26.2747 1.52169
-18.713 -26.2747 0.278347
-18.713 -26.2747 -1.4069
-18.713 -26.2747 7.31595
-13.6379 -33.3675 -1.47263
-13.6379 -33.3675 -1.4069
-13.6379 -33.3675 1.52169
-18.713 -26.2747 5.59911
-31.6722 -8.16284 7.09276
-31.3078 -8.67212 7.09903
-18.342 -26.7931 -1.4069
-23.4136 -19.705 7.23499
-20.3013 -24.0547 7.2886
-26.0804 -15.978 7.18907
-25.3366 -17.0175 7.20188
-30.2746 -10.1161 7.11683
-30.135 -10.3112 7.11923
-29.6879 -10.9362 7.12694
-36.2545 -1.75879 7.01384
-35.7779 -2.4248 7.02205
-19.8571 -24.6755 7.29625
-19.3839 -25.337 7.3044
-23.893 -19.035 7.22674
-25.2792 -17.0977 7.20286
-24.4135 -18.3076 7.21777
-18.0169 -27.2474 -1.4069
-18.0169 -27.2474 1.52169
-15.4167 -30.8813 1.52169
-13.8038 -33.1356 1.52169
-36.9034 -0.851807 7.00266
-36.3821 -1.58038 7.01164
-19.2644 -25.504 7.30646
-31.6925 -8.13452 7.09241
-35.5874 -2.6911 7.02533
-36.9079 -0.84552 7.00259
-23.627 -30.6234 1.52169
-24.0824 -29.9649 1.52169
-21.4756 -33.7338 1.52169
-23.3091 -31.0829 1.52169
-23.3752 -30.9874 1.52169
20.6721 -8.50171 2.5422
26.1188 -4.55426 2.65844
-10.0219 -30.7469 1.88712
18.032 -10.4152 2.48585
18.0953 -10.3693 2.4872
12.0468 -14.7528 2.35811
12.6603 -14.3082 2.37121
31.6889 -0.517456 1.52169
38.1334 4.15314 1.52169
38.7465 4.59747 1.52169
31.1356 -0.918457 2.76551
31.6889 -0.517456 2.77732
35.7558 2.42999 1.52169
29.5202 -2.08917 2.73103
38.1208 4.14404 1.52169
-10.0219 -30.7469 1.52169
11.6846 -15.0153 2.35038
9.51672 -16.5865 2.30412
10.2243 -16.0737 2.31922
4.19104 -20.4462 2.19045
28.8752 -2.55658 2.71727
-9.59982 -30.441 1.89613
-8.89505 -29.9302 1.91117
-7.67844 -29.0485 1.93713
20.5199 -8.61206 2.53895
31.6889 -0.517456 2.72763
1.23276 -22.5901 2.12732
1.42255 -22.4526 2.13137
-7.03101 -28.5793 1.95095
-4.26584 -26.5753 2.00996
-9.39218 -30.2905 1.90056
-3.08078 -25.7164 2.03526
-8.99866 -30.0053 1.90896
14.2266 -16.5156 -7.41226
13.8828 -16.0469 -7.41226
13.2453 -16.4945 -7.41226
39.2109 8.76562 -7.41226
39.1893 8.74994 -7.41226
36.9688 7.14062 -7.41226
36.9948 7.10333 -7.41226
36.8672 0.015625 -7.41226
36.9073 -0.0427246 -7.41226
37.2109 -0.484375 -7.41226
33.4586 -3.08905 -7.41226
30.9531 -4.82812 -7.41226
30.5938 -4.32812 -7.41226
30.256 -4.56311 -7.41226
27.3594 -6.57812 -7.41226
27.7344 -7.10938 -7.41226
22.5938 -10.7031 -7.41226
22.25 -10.2031 -7.41226
21.9749 -10.395 -7.41226
19.0234 -12.4531 -7.41226
19.3594 -12.9531 -7.41226
14.2354 -16.5095 -7.41226
10.5 -18.4219 -7.41226
10.8516 -18.9219 -7.41226
5.72656 -22.4844 -7.41226
5.35938 -21.9531 -7.41226
5.2999 -21.996 -7.41226
2.14844 -24.2656 -7.41226
2.49219 -24.7344 -7.41226
-2.63281 -28.3281 -7.41226
-2.98438 -27.8281 -7.41226
-3.26648 -28.0276 -7.41226
-6.21094 -30.1094 -7.41226
-5.86719 -30.5781 -7.41226
-6.34341 -30.9143 -7.41226
-12.1094 -34.9844 -7.41226
-12.4609 -34.4844 -7.41226
-12.7123 -34.6611 -7.41226
-19.2031 -32.1406 -7.41226
-19.7704 -32.5383 -7.41226
-21.4766 -33.7344 -7.41226
-23.3283 -31.0969 -7.41226
-24.1094 -29.9844 -7.41226
-24.0824 -29.9649 -7.41226
28.1719 5.01562 -7.41226
28.128 5.07874 -7.41226
36.6016 12.5156 -7.41226
36.6844 12.3966 -7.41226
-14.1719 -24.6094 -7.41226
-13.9059 -24.4228 -7.41226
-11.1875 -22.5156 -7.41226
-11.2169 -22.4733 -7.41226
-8.30469 -20.4844 -7.41226
-2.83334 -16.681 -7.41226
-2.82031 -16.6719 -7.41226
-2.85706 -16.6192 -7.41226
0.0546875 -14.6406 -7.41226
5.53494 -10.7997 -7.41226
5.53906 -10.7969 -7.41226
5.51212 -10.7585 -7.41226
8.5625 -8.70312 -7.41226
8.62067 -8.66235 -7.41226
14.0469 -4.85938 -7.41226
14.0105 -4.80725 -7.41226
16.9219 -2.85938 -7.41226
22.3398 0.937805 -7.41226
22.4062 0.984375 -7.41226
22.3651 1.04315 -7.41226
25.2812 3.01562 -7.41226
25.7495 3.33954 -7.41226
22.4375 13.2656 -7.41226
22.279 13.1563 -7.41226
20.4531 16.1406 -7.41226
20.4404 16.1589 -7.41226
16.6328 21.6406 -7.41226
16.5028 21.5498 -7.41226
14.6172 24.5156 -7.41226
14.5729 24.5794 -7.41226
10.7969 30.0156 -7.41226
10.7157 29.9593 -7.41226
9.76562 31.5156 -7.41226
9.76071 31.5222 -7.41226
9.625 31.7031 -7.41226
10.5241 32.3329 -7.41226
-32.8047 2.01562 -7.41226
-32.7929 1.99994 -7.41226
-32.6641 1.82812 -7.41226
-32.5088 1.93304 -7.41226
-31.6094 0.328125 -7.41226
-31.5462 0.237732 -7.41226
-27.7891 -5.14062 -7.41226
-27.7317 -5.10004 -7.41226
-25.7812 -8.01562 -7.41226
-25.7397 -8.07483 -7.41226
-21.9453 -13.4844 -7.41226
-21.9148 -13.4632 -7.41226
-19.9219 -16.3906 -7.41226
-19.558 -16.9106 -7.41226
-22.4219 -28.7656 -7.41226
-22.8753 -28.1209 -7.41226
-29.5469 -18.5781 -7.41226
-29.9969 -18.855 -7.41226
-30.0547 -18.8906 -7.41226
-30.1627 -18.7363 -7.41226
-33.6406 -13.7656 -7.41226
-33.5453 -13.698 -7.41226
-33.1562 -13.4219 -7.41226
-33.6627 -12.6948 -7.41226
-39.4609 -5.42188 -7.41226
-39.3134 -5.31543 -7.41226
-38.9844 -5.07812 -7.41226
-39.1368 -4.85907 -7.41226
-40.2891 -3.20312 -7.41226
-40.0639 -3.04614 -7.41226
17.0312 36.8906 -7.41226
17.1829 36.6714 -7.41226
34.875 11.3281 -7.41226
34.9384 11.3717 -7.41226
-23.7188 -26.9219 -7.41226
-24.2125 -27.2614 -7.41226
-24.2188 -27.2656 -7.41226
-24.4867 -26.8828 -7.41226
-27.8047 -22.1406 -7.41226
-27.7596 -22.1063 -7.41226
-27.3125 -21.7656 -7.41226
-27.4733 -21.5363 -7.41226
-35.3984 -10.2031 -7.41226
-35.7711 -10.4634 -7.41226
-35.8906 -10.5469 -7.41226
-39.4255 -5.47272 -7.41226
18.3281 35.0156 -7.41226
18.5117 35.1439 -7.41226
18.8203 35.3594 -7.41226
22.0276 30.7555 -7.41226
22.3906 30.2344 -7.41226
22.2545 30.1466 -7.41226
21.9062 29.9219 -7.41226
21.919 29.9034 -7.41226
24.1641 26.6406 -7.41226
24.3988 26.8253 -7.41226
24.6406 27.0156 -7.41226
24.6534 26.9974 -7.41226
28.2266 21.8906 -7.41226
28.0728 21.7815 -7.41226
27.7422 21.5469 -7.41226
27.7865 21.4829 -7.41226
30.0156 18.2656 -7.41226
30.3777 18.5602 -7.41226
30.4766 18.6406 -7.41226
33.6509 14.1038 -7.41226
34.0625 13.5156 -7.41226
34.014 13.4781 -7.41226
33.5781 13.1406 -7.41226
33.6224 13.0787 -7.41226
-30.3516 3.39062 -7.41226
-29.9247 2.78271 -7.41226
-29.3203 1.92188 -7.41226
-29.666 1.68115 -7.41226
-25.4922 -3.51562 -7.41226
-25.4149 -3.62793 -7.41226
-23.4922 -6.42188 -7.41226
-23.7431 -6.59662 -7.41226
-19.6484 -11.8906 -7.41226
-19.1791 -12.5549 -7.41226
-17.6172 -14.7656 -7.41226
-17.8039 -14.8973 -7.41226
-13.3594 -19.3906 -7.41226
-13.3555 -19.3879 -7.41226
-10.4922 -17.3594 -7.41226
-10.4601 -17.4053 -7.41226
-5 -13.5469 -7.41226
-4.99316 -13.5421 -7.41226
-2.125 -11.5469 -7.41226
-2.01682 -11.7004 -7.41226
3.36719 -7.70312 -7.41226
3.39209 -7.68561 -7.41226
6.39062 -5.57812 -7.41226
6.42514 -5.62781 -7.41226
11.8672 -1.73438 -7.41226
11.9004 -1.7113 -7.41226
14.7422 0.265625 -7.41226
15.0467 -0.170959 -7.41226
20.2188 4.10938 -7.41226
22.9734 6.02045 -7.41226
23.1016 6.10938 -7.41226
23.4073 5.67542 -7.41226
20.1719 11.7031 -7.41226
20.1498 11.7347 -7.41226
18.1797 14.5469 -7.41226
19.2942 15.3282 -7.41226
14.3516 20.0469 -7.41226
13.9174 20.6662 -7.41226
12.3359 22.9219 -7.41226
13.497 23.733 -7.41226
8.5 28.4219 -7.41226
8.47198 28.4618 -7.41226
7.46875 29.8906 -7.41226
8.54587 30.6526 -7.41226
40.2891 2.39062 -7.41226
40.1605 2.30139 -7.41226
-15.8828 -36.8906 -7.41226
-16.4425 -36.0899 -7.41226
32.4477 -3.79071 -7.41226
31.27 -4.60822 -7.41226
-7.36588 -31.636 -7.41226
-7.60507 -31.8049 -7.41226
-14.2032 -24.5646 -7.41226
-11.2881 -22.3708 -7.41226
-8.32837 -20.4506 -7.41226
-3.02322 -16.381 -7.41226
0.0261536 -14.6002 -7.41226
5.24997 -10.3851 -7.41226
8.52475 -8.6488 -7.41226
13.7057 -4.37018 -7.41226
16.8793 -2.79834 -7.41226
22.1571 1.34027 -7.41226
25.2484 3.06226 -7.41226
37.3048 11.505 -7.41226
27.988 5.28009 -7.41226
-23.3953 -31.0015 -7.41226
-23.6494 -30.6395 -7.41226
26.9655 4.18097 -7.41226
27.3142 4.42218 -7.41226
13.3 34.2772 -7.41226
13.3132 34.2864 -7.41226
-12.9514 -23.7531 -7.41226
-11.9633 -23.0599 -7.41226
-21.0446 -33.4315 -7.41226
-21.4756 -33.7338 -7.41226
-23.6762 -29.6715 -7.41226
-22.9266 -29.1301 -7.41226
-36.5591 -0.602295 -7.41226
-35.0108 0.477356 -7.41226
36.1919 12.2338 -7.41226
36.5676 12.4922 -7.41226
38.8147 8.47845 -7.41226
38.0091 7.89459 -7.41226
16.0877 36.2297 -7.41226
16.7967 36.7263 -7.41226
-39.3377 -2.53979 -7.41226
-39.0718 -2.35431 -7.41226
-33.7722 1.341 -7.41226
-32.817 2.00708 -7.41226
11.7591 33.1979 -7.41226
14.8475 35.3611 -7.41226
15.4843 35.8071 -7.41226
-38.1028 -1.67871 -7.41226
-36.9079 -0.84552 -7.41226
13.2882 34.2689 -7.41226
-25.2374 -3.88586 -7.41226
-25.0598 -4.14392 -7.41226
-26.2194 -4.03015 -7.41226
-25.7946 -3.72955 -7.41226
21.054 2.91608 -7.41226
20.6824 3.44702 -7.41226
13.6656 34.5333 -7.41226
17.5116 36.1962 -7.41226
-39.5942 -2.71857 -7.41226
32.9441 -3.44611 -7.41226
21.466 12.5956 -7.41226
9.59726 29.1832 -7.41226
15.5403 20.8773 -7.41226
9.68423 31.4581 -7.41226
14.5123 24.4423 -7.41226
27.9749 4.87939 -7.41226
20.2994 16.0329 -7.41226
35.3289 11.6403 -7.41226
33.639 13.1877 -7.41226
37.6253 7.61646 -7.41226
25.0734 3.31073 -7.41226
-11.8145 -21.6135 -7.41226
-12.5118 -20.6101 -7.41226
-14.8384 -23.6567 -7.41226
-14.5612 -24.0529 -7.41226
8.1568 -8.11938 -7.41226
8.23029 -8.2251 -7.41226
5.10635 -10.1805 -7.41226
4.92892 -9.92773 -7.41226
-0.444977 -13.9314 -7.41226
-0.174011 -14.316 -7.41226
-3.35864 -15.9001 -7.41226
-4.24988 -14.6223 -7.41226
21.912 1.69049 -7.41226
13.6532 -4.29492 -7.41226
-8.89508 -19.6409 -7.41226
-8.75317 -19.8437 -7.41226
-22.745 -28.999 -7.41226
27.6118 5.82141 -7.41226
37.2716 11.5527 -7.41226
16.6079 -2.40918 -7.41226
-13.0933 -19.7735 -7.41226
-10.2465 -17.7104 -7.41226
-9.78003 -18.3767 -7.41226
3.43274 -7.79651 -7.41226
6.59946 -5.8786 -7.41226
-4.83267 -13.7867 -7.41226
-4.9198 -13.6619 -7.41226
-1.99557 -11.7306 -7.41226
-1.5271 -12.3955 -7.41226
25.8065 8.41864 -7.41226
-16.054 -21.9193 -7.41226
-15.5876 -22.5858 -7.41226
-23.4614 -27.2877 -7.41226
-30.329 1.21954 -7.41226
-30.714 3.14575 -7.41226
-11.1982 -22.5231 -7.41226
-18.7703 -15.5787 -7.41226
-19.8534 -12.0328 -7.41226
-24.5596 -7.16504 -7.41226
27.4622 -6.50659 -7.41226
-16.5118 -35.9907 -7.41226
-16.7625 -35.6321 -7.41226
39.6913 1.97577 -7.41226
-32.4683 1.96039 -7.41226
-31.4709 0.424561 -7.41226
-27.6898 -5.07037 -7.41226
-27.5224 -4.95197 -7.41226
-25.7014 -7.96008 -7.41226
-21.8032 -13.3857 -7.41226
-19.9074 -16.3804 -7.41226
-18.6191 -18.2527 -7.41226
-16.4028 -21.4207 -7.41226
-8.74182 -32.6073 -7.41226
12.9109 -16.7292 -7.41226
11.4036 -17.7875 -7.41226
5.4202 -6.26019 -7.41226
5.94788 -5.88928 -7.41226
-31.3502 -0.0429688 -7.41226
-8.28204 -32.2827 -7.41226
-21.5925 -13.2396 -7.41226
-25.6907 -7.95258 -7.41226
-19.7432 -16.2646 -7.41226
-13.696 -24.2755 -7.41226
-20.3175 -32.9219 -7.41226
27.2928 6.28027 -7.41226
26.4306 7.52081 -7.41226
34.6643 11.6226 -7.41226
13.3335 -3.83661 -7.41226
12.4265 -2.53632 -7.41226
-11.607 -21.912 -7.41226
7.91138 -7.76624 -7.41226
-0.495819 -13.8593 -7.41226
16.1697 -1.78107 -7.41226
16.4894 -2.23938 -7.41226
-8.43274 -20.3015 -7.41226
4.01807 -8.63025 -7.41226
-3.3429 -15.9227 -7.41226
-14.2408 -24.5108 -7.41226
24.4386 4.21167 -7.41226
24.7604 3.75488 -7.41226
21.5915 2.14832 -7.41226
24.4404 26.858 -7.41226
22.1402 30.0728 -7.41226
-39.6824 -4.07495 -7.41226
-29.4755 2.14282 -7.41226
7.92148 29.2458 -7.41226
17.6979 35.9268 -7.41226
-39.8076 -3.89496 -7.41226
18.2783 35.0877 -7.41226
-29.7987 2.60321 -7.41226
8.34595 28.6412 -7.41226
-34.7348 -11.1558 -7.41226
-35.0928 -10.6419 -7.41226
14.2156 25.0938 -7.41226
22.771 28.6652 -7.41226
22.3856 30.2416 -7.41226
-23.9095 -5.81543 -7.41226
19.4384 15.4293 -7.41226
16.6624 21.598 -7.41226
-33.7998 -12.498 -7.41226
24.7909 26.8009 -7.41226
24.1518 26.6584 -7.41226
-23.7736 -6.01294 -7.41226
39.6382 1.93884 -7.41226
37.2393 0.273926 -7.41226
16.0574 36.2085 -7.41226
27.8427 21.4018 -7.41226
28.2888 20.7579 -7.41226
-28.7973 -19.6474 -7.41226
-28.8539 -19.5667 -7.41226
18.2486 14.4485 -7.41226
18.192 14.5294 -7.41226
-19.1222 -12.6354 -7.41226
-18.1194 -14.0548 -7.41226
-28.0257 -20.7483 -7.41226
20.1174 11.7808 -7.41226
20.0882 11.8225 -7.41226
29.9197 18.4041 -7.41226
-17.6717 -14.6885 -7.41226
16.7992 21.4011 -7.41226
29.6689 18.766 -7.41226
29.8468 18.5093 -7.41226
-27.458 -22.6361 -7.41226
18.4742 14.1264 -7.41226
38.7465 4.59747 -7.41226
-18.5142 -33.1262 -7.41226
39.3938 3.67145 -7.41226
-16.9743 -35.3292 -7.41226
8.10965 28.9778 -7.41226
18.1536 35.268 -7.41226
12.3091 -2.36792 -7.41226
15.2628 -0.480774 -7.41226
7.00656 -6.46436 -7.41226
-4.25006 -14.6221 -7.41226
-1.40884 -12.5634 -7.41226
3.90009 -8.46222 -7.41226
26.388 7.58209 -7.41226
26.2708 7.75067 -7.41226
33.7419 12.9117 -7.41226
33.9594 12.6078 -7.41226
-12.629 -20.4415 -7.41226
-9.66229 -18.5449 -7.41226
-22.9935 -27.953 -7.41226
20.5922 3.57593 -7.41226
23.5255 5.50757 -7.41226
-15.4699 -22.754 -7.41226
21.8207 -10.5025 -7.41226
19.399 -12.1912 -7.41226
14.5184 0.109924 -7.41226
14.6726 0.217224 -7.41226
19.3011 -12.2595 -7.41226
11.9968 -1.64423 -7.41226
-14.87 -36.1784 -7.41226
-15.4071 -36.5561 -7.41226
-38.9835 -2.29279 -7.41226
-35.1922 -10.4992 -7.41226
-25.2904 -3.80878 -7.41226
-12.5559 -18.8214 -7.41226
-10.5695 -17.4142 -7.41226
15.1453 -0.312378 -7.41226
6.88937 -6.29578 -7.41226
3.53833 -7.9469 -7.41226
20.5646 3.61523 -7.41226
23.5015 5.54169 -7.41226
12.1445 -2.13196 -7.41226
-33.6243 -13.789 -7.41226
-22.0882 -13.2806 -7.41226
12.9579 22.0347 -7.41226
23.4975 27.6093 -7.41226
10.6886 -18.2895 -7.41226
4.10687 -7.18323 -7.41226
5.23013 -10.3568 -7.41226
-26.5539 -4.26678 -7.41226
-31.4031 0.471741 -7.41226
-25.4802 -7.80603 -7.41226
-19.5337 -16.1169 -7.41226
-20.7717 -12.67 -7.41226
-8.07254 -32.1348 -7.41226
-31.356 2.71198 -7.41226
-13.0823 -23.845 -7.41226
-2.15945 -11.5709 -7.41226
2.52548 -23.9941 -7.41226
-4.9664 -13.5235 -7.41226
2.30704 -24.1514 -7.41226
-6.05432 -29.9987 -7.41226
-12.7843 -20.2181 -7.41226
-4.36731 -14.4539 -7.41226
39.2109 8.76562 -7.41226
36.9688 7.14062 -7.41226
36.8672 0.015625 -7.41226
37.2109 -0.484375 -7.41226
30.256 -4.56311 -7.41226
21.9749 -10.395 -7.41226
14.2354 -16.5095 -7.41226
5.2999 -21.996 -7.41226
-3.26648 -28.0276 -7.41226
-12.7123 -34.6611 -7.41226
-19.2031 -32.1406 -7.41226
-21.4766 -33.7344 -7.41226
-24.1094 -29.9844 -7.41226
28.1719 5.01562 -7.41226
36.6016 12.5156 -7.41226
-14.1719 -24.6094 -7.41226
-11.1875 -22.5156 -7.41226
-8.30469 -20.4844 -7.41226
-2.82031 -16.6719 -7.41226
0.0546875 -14.6406 -7.41226
5.53906 -10.7969 -7.41226
8.5625 -8.70312 -7.41226
14.0469 -4.85938 -7.41226
16.9219 -2.85938 -7.41226
22.4062 0.984375 -7.41226
25.2812 3.01562 -7.41226
22.4375 13.2656 -7.41226
22.279 13.1563 -7.41226
20.4531 16.1406 -7.41226
16.6328 21.6406 -7.41226
16.5028 21.5498 -7.41226
14.6172 24.5156 -7.41226
10.7969 30.0156 -7.41226
10.7157 29.9593 -7.41226
9.76562 31.5156 -7.41226
9.625 31.7031 -7.41226
-32.8047 2.01562 -7.41226
-32.6641 1.82812 -7.41226
-31.6094 0.328125 -7.41226
-27.7891 -5.14062 -7.41226
-25.7812 -8.01562 -7.41226
-21.9453 -13.4844 -7.41226
-19.9219 -16.3906 -7.41226
-22.4219 -28.7656 -7.41226
-29.5469 -18.5781 -7.41226
-30.0547 -18.8906 -7.41226
-30.1627 -18.7363 -7.41226
-33.6406 -13.7656 -7.41226
-33.1562 -13.4219 -7.41226
-39.4609 -5.42188 -7.41226
-38.9844 -5.07812 -7.41226
-40.2891 -3.20312 -7.41226
17.0312 36.8906 -7.41226
34.875 11.3281 -7.41226
34.9384 11.3717 -7.41226
-23.7188 -26.9219 -7.41226
-24.2188 -27.2656 -7.41226
-27.8047 -22.1406 -7.41226
-27.3125 -21.7656 -7.41226
-27.4733 -21.5363 -7.41226
-35.3984 -10.2031 -7.41226
-35.8906 -10.5469 -7.41226
-39.4255 -5.47272 -7.41226
18.3281 35.0156 -7.41226
18.8203 35.3594 -7.41226
22.3906 30.2344 -7.41226
21.9062 29.9219 -7.41226
21.919 29.9034 -7.41226
24.1641 26.6406 -7.41226
24.6406 27.0156 -7.41226
28.2266 21.8906 -7.41226
27.7422 21.5469 -7.41226
27.7865 21.4829 -7.41226
30.0156 18.2656 -7.41226
30.4766 18.6406 -7.41226
34.0625 13.5156 -7.41226
33.5781 13.1406 -7.41226
33.6224 13.0787 -7.41226
-30.3516 3.39062 -7.41226
-29.3203 1.92188 -7.41226
-25.4922 -3.51562 -7.41226
-23.4922 -6.42188 -7.41226
-19.6484 -11.8906 -7.41226
-17.6172 -14.7656 -7.41226
-13.3594 -19.3906 -7.41226
-10.4922 -17.3594 -7.41226
-5 -13.5469 -7.41226
-2.125 -11.5469 -7.41226
3.36719 -7.70312 -7.41226
6.39062 -5.57812 -7.41226
11.8672 -1.73438 -7.41226
14.7422 0.265625 -7.41226
20.2188 4.10938 -7.41226
23.1016 6.10938 -7.41226
20.1719 11.7031 -7.41226
18.1797 14.5469 -7.41226
14.3516 20.0469 -7.41226
12.3359 22.9219 -7.41226
13.497 23.733 -7.41226
8.5 28.4219 -7.41226
7.46875 29.8906 -7.41226
40.2891 2.39062 -7.41226
-15.8828 -36.8906 -7.41226
-11.2881 -22.3708 -7.41226
-3.02322 -16.381 -7.41226
5.24997 -10.3851 -7.41226
13.7057 -4.37018 -7.41226
22.1571 1.34027 -7.41226
27.988 5.28009 -7.41226
15.5403 20.8773 -7.41226
9.68423 31.4581 -7.41226
14.5123 24.4423 -7.41226
27.9749 4.87939 -7.41226
20.2994 16.0329 -7.41226
25.0734 3.31073 -7.41226
-11.8145 -21.6135 -7.41226
-14.8384 -23.6567 -7.41226
8.23029 -8.2251 -7.41226
-0.174011 -14.316 -7.41226
-8.89508 -19.6409 -7.41226
-22.745 -28.999 -7.41226
27.6118 5.82141 -7.41226
16.6079 -2.40918 -7.41226
-23.4614 -27.2877 -7.41226
-18.7703 -15.5787 -7.41226
27.4622 -6.50659 -7.41226
-16.7625 -35.6321 -7.41226
-32.4683 1.96039 -7.41226
-27.5224 -4.95197 -7.41226
-21.8032 -13.3857 -7.41226
-19.7432 -16.2646 -7.41226
13.3335 -3.83661 -7.41226
16.1697 -1.78107 -7.41226
-8.43274 -20.3015 -7.41226
-14.2408 -24.5108 -7.41226
24.4386 4.21167 -7.41226
21.5915 2.14832 -7.41226
18.2783 35.0877 -7.41226
24.1518 26.6584 -7.41226
37.2393 0.273926 -7.41226
29.9197 18.4041 -7.41226
39.3938 3.67145 -7.41226
19.3011 -12.2595 -7.41226
-35.1922 -10.4992 -7.41226
-33.6243 -13.789 -7.41226
10.6886 -18.2895 -7.41226
-31.4031 0.471741 -7.41226
-25.4802 -7.80603 -7.41226
-20.7717 -12.67 -7.41226
2.30704 -24.1514 -7.41226
-6.05432 -29.9987 -7.41226
3  1654 380 1653  128 128 255
3  633 460 1455  192 0 192
3  1454 633 1455  192 0 192
3  900 825 826  255 0 0
3  900 826 899  255 0 0
3  400 210 399  255 0 0
3  1154 979 980  255 0 0
3  1154 980 1153  255 0 0
3  1027 356 1028  128 128 0
3  507 109 1516  192 0 192
3  1538 507 1516  192 0 192
3  508 130 509  224 255 255
3  282 223 936  123 104 238
3  946 282 936  123 104 238
3  526 136 529  0 0 192
3  522 138 530  64 255 128
3  531 140 523  255 64 64
3  532 142 511  128 255 64
3  513 144 533  255 240 245
3  534 146 524  255 165 0
3  535 148 525  255 240 245
3  514 150 536  0 192 192
3  515 156 537  64 64 255
3  538 158 520  0 0 255
3  920 825 900  255 0 0
3  920 389 823  255 0 0
3  920 823 825  255 0 0
3  1313 348 176  255 0 0
3  1313 176 1334  255 0 0
3  1152 978 979  255 0 0
3  1152 979 1154  255 0 0
3  884 459 464  0 255 0
3  884 464 892  0 255 0
3  555 180 197  128 128 0
3  555 197 544  128 128 0
3  1500 1229 494  0 255 255
3  1251 1229 1500  0 255 255
3  1513 1251 1500  0 255 255
3  251 248 632  192 0 192
3  640 251 632  192 0 192
3  1817 215 1799  255 0 0
3  973 967 1799  255 0 0
3  215 973 1799  255 0 0
3  544 197 324  128 128 0
3  544 324 539  128 128 0
3  326 219 325  128 128 0
3  427 255 426  176 196 222
3  429 258 428  128 128 0
3  431 396 430  192 192 0
3  433 261 432  128 64 0
3  292 1095 1655  0 255 255
3  1649 292 1655  0 255 255
3  353 182 355  255 0 0
3  434 414 653  0 255 255
3  652 434 653  0 255 255
3  1656 198 332  128 128 0
3  1656 332 1652  128 128 0
3  1547 200 333  128 128 0
3  1547 333 1546  128 128 0
3  1419 202 335  128 128 0
3  1419 335 1404  128 128 0
3  443 126 952  255 0 0
3  521 443 952  255 0 0
3  444 443 521  128 64 0
3  528 444 521  128 64 0
3  322 323 1450  64 255 255
3  1449 322 1450  64 255 255
3  223 189 926  123 104 238
3  936 223 926  123 104 238
3  852 133 225  0 0 255
3  852 225 849  0 0 255
3  266 235 1209  72 61 139
3  1208 266 1209  72 61 139
3  268 236 597  255 228 196
3  596 268 597  255 228 196
3  599 237 270  255 128 0
3  599 270 598  255 128 0
3  679 654 655  255 128 128
3  679 655 678  255 128 128
3  1225 154 229  255 128 128
3  1225 229 1230  255 128 128
3  876 337 179  0 128 64
3  876 179 880  0 128 64
3  882 453 459  0 255 0
3  882 459 884  0 255 0
3  231 1445 1790  192 0 192
3  1789 231 1790  192 0 192
3  234 127 600  128 128 255
3  593 234 600  128 128 255
3  232 606 1787  192 0 192
3  1791 232 1787  192 0 192
3  460 922 1456  192 0 192
3  1455 460 1456  192 0 192
3  1011 188 129  128 128 255
3  1011 129 1025  128 128 255
3  248 251 925  192 0 192
3  923 248 925  192 0 192
3  1525 220 1539  72 61 139
3  1803 215 1817  255 0 0
3  422 669 895  0 255 255
3  897 422 895  0 255 255
3  1608 265 1607  128 128 255
3  1677 964 1678  255 0 0
3  602 274 590  255 20 147
3  591 276 589  64 255 255
3  592 278 605  64 64 255
3  249 283 425  128 64 255
3  439 249 425  128 64 255
3  287 250 286  192 0 192
3  423 421 667  245 222 179
3  670 423 667  245 222 179
3  946 363 282  123 104 238
3  946 943 363  123 104 238
3  943 361 363  123 104 238
3  291 383 380  128 128 255
3  291 380 1649  128 128 255
3  1649 380 1654  128 128 255
3  851 305 367  255 128 64
3  851 367 850  255 128 64
3  675 644 645  255 128 128
3  675 645 674  255 128 128
3  1224 309 369  255 128 128
3  1224 369 1223  255 128 128
3  1012 311 188  128 128 255
3  1012 188 1011  128 128 255
3  853 312 133  0 0 255
3  853 133 852  0 0 255
3  676 646 644  255 128 128
3  676 644 675  255 128 128
3  1226 318 154  255 128 128
3  1226 154 1225  255 128 128
3  322 186 323  128 128 255
3  186 950 323  128 128 255
3  186 949 950  128 128 255
3  1138 327 373  255 0 255
3  1138 373 1139  255 0 255
3  329 217 330  255 0 255
3  1546 333 375  128 128 0
3  1546 375 1545  128 128 0
3  1404 335 377  128 128 0
3  1404 377 1403  128 128 0
3  947 338 297  255 0 255
3  947 297 948  255 0 255
3  1289 341 184  128 128 255
3  1289 184 1288  128 128 255
3  951 323 950  128 128 255
3  823 389 822  255 0 0
3  1151 977 978  255 0 0
3  1151 978 1152  255 0 0
3  1312 304 352  255 0 0
3  1312 352 1314  255 0 0
3  927 355 928  255 0 0
3  353 355 927  255 0 0
3  355 263 928  255 0 0
3  409 408 649  0 255 255
3  648 409 649  0 255 255
3  1755 358 1759  128 128 255
3  408 413 650  245 222 179
3  649 408 650  245 222 179
3  361 196 363  123 104 238
3  772 285 773  128 128 0
3  1757 365 1756  255 64 128
3  850 367 314  255 128 64
3  850 314 854  255 128 64
3  1223 369 394  255 128 128
3  1223 394 1227  255 128 128
3  1610 160 371  255 64 128
3  1610 371 1609  255 64 128
3  1139 373 289  255 0 255
3  1139 289 1136  255 0 255
3  1545 375 293  128 128 0
3  1545 293 1544  128 128 0
3  1403 377 295  128 128 0
3  1403 295 1402  128 128 0
3  366 298 379  255 0 255
3  1653 380 320  128 128 255
3  1653 320 1651  128 128 255
3  383 344 320  128 128 255
3  383 320 380  128 128 255
3  819 817 847  0 255 255
3  848 819 847  0 255 255
3  678 655 646  255 128 128
3  678 646 676  255 128 128
3  898 822 921  255 0 0
3  898 821 822  255 0 0
3  921 822 389  255 0 0
3  404 392 1248  0 255 255
3  1236 404 1248  0 255 255
3  392 405 1237  245 222 179
3  1248 392 1237  245 222 179
3  1227 394 318  255 128 128
3  1227 318 1226  255 128 128
3  430 396 259  192 192 0
3  430 259 438  192 192 0
3  1334 399 1321  255 0 0
3  1334 176 400  255 0 0
3  1334 400 399  255 0 0
3  921 389 920  255 0 0
3  725 704 743  0 255 255
3  769 725 743  0 255 255
3  409 648 1020  0 255 255
3  1034 409 1020  0 255 255
3  413 423 670  245 222 179
3  650 413 670  245 222 179
3  403 216 408  0 255 255
3  409 403 408  0 255 255
3  359 410 1781  0 192 0
3  1786 359 1781  0 192 0
3  362 230 411  255 255 0
3  412 362 411  255 255 0
3  216 406 413  245 222 179
3  408 216 413  245 222 179
3  264 414 434  0 255 255
3  436 264 434  0 255 255
3  417 272 416  0 192 0
3  281 418 580  255 255 0
3  587 281 580  255 255 0
3  288 48 420  245 222 179
3  421 288 420  245 222 179
3  357 422 897  0 255 255
3  896 357 897  0 255 255
3  272 417 1189  0 192 0
3  1199 272 1189  0 192 0
3  281 362 412  255 255 0
3  418 281 412  255 255 0
3  364 288 421  245 222 179
3  423 364 421  245 222 179
3  485 85 665  0 255 255
3  651 485 665  0 255 255
3  723 74 724  255 64 255
3  403 409 1034  0 255 255
3  1033 403 1034  0 255 255
3  406 364 423  245 222 179
3  413 406 423  245 222 179
3  446 941 954  72 61 139
3  957 446 954  72 61 139
3  448 447 959  255 0 0
3  958 448 959  255 0 0
3  510 124 733  192 0 192
3  727 510 733  192 0 192
3  449 446 957  72 61 139
3  960 449 957  72 61 139
3  447 449 960  255 0 0
3  959 447 960  255 0 0
3  845 821 898  0 255 255
3  919 845 898  0 255 255
3  981 977 1151  0 255 255
3  1167 981 1151  0 255 255
3  352 348 1313  64 255 255
3  1314 352 1313  64 255 255
3  421 47 667  245 222 179
3  47 662 667  245 222 179
3  47 213 662  245 222 179
3  421 420 47  245 222 179
3  445 450 41  72 61 139
3  41 953 955  72 61 139
3  41 171 953  72 61 139
3  445 41 955  72 61 139
3  215 735 972  255 0 0
3  973 215 972  255 0 0
3  975 971 1805  255 0 0
3  1812 975 1805  255 0 0
3  207 193 742  72 61 139
3  734 207 742  72 61 139
3  951 343 1461  64 255 255
3  1458 951 1461  64 255 255
3  426 256 243  176 196 222
3  426 243 427  176 196 222
3  428 244 257  128 128 0
3  428 257 429  128 128 0
3  430 397 245  192 192 0
3  430 245 431  192 192 0
3  432 262 246  128 64 0
3  432 246 433  128 64 0
3  415 434 652  0 255 255
3  668 415 652  0 255 255
3  780 461 441  192 0 192
3  778 780 441  192 0 192
3  415 64 436  0 255 255
3  434 415 436  0 255 255
3  82 468 631  255 64 255
3  630 82 631  255 64 255
3  425 284 439  128 64 255
3  285 772 778  128 128 0
3  441 440 778  128 128 0
3  440 285 778  128 128 0
3  880 179 1801  192 0 192
3  1800 880 1801  192 0 192
3  438 260 397  192 192 0
3  438 397 430  192 192 0
3  728 353 927  72 61 139
3  940 728 927  72 61 139
3  263 355 731  255 0 0
3  730 263 731  255 0 0
3  182 353 728  72 61 139
3  732 182 728  72 61 139
3  355 182 732  255 0 0
3  731 355 732  255 0 0
3  253 207 734  72 61 139
3  729 253 734  72 61 139
3  735 215 1803  255 0 0
3  1802 735 1803  255 0 0
3  108 126 444  192 0 192
3  516 108 444  192 0 192
3  680 657 1771  0 192 0
3  1770 680 1771  0 192 0
3  656 658 682  255 255 0
3  681 656 682  255 255 0
3  171 187 949  72 61 139
3  953 171 949  72 61 139
3  455 620 1400  0 255 255
3  1410 455 1400  0 255 255
3  457 622 1542  0 255 255
3  1548 457 1542  0 255 255
3  1148 342 1453  64 255 255
3  1452 1148 1453  64 255 255
3  163 198 1656  72 61 139
3  1657 163 1656  72 61 139
3  659 642 671  0 192 0
3  683 659 671  0 192 0
3  248 460 633  192 0 192
3  632 248 633  192 0 192
3  623 194 616  255 64 255
3  189 161 180  192 0 192
3  555 189 180  192 0 192
3  856 855 1341  245 222 179
3  1340 856 1341  245 222 179
3  435 461 780  192 0 192
3  779 435 780  192 0 192
3  661 660 685  255 255 0
3  684 661 685  255 255 0
3  460 248 923  192 0 192
3  922 460 923  192 0 192
3  441 125 252  192 192 0
3  441 252 440  192 192 0
3  672 641 1184  0 192 0
3  1183 672 1184  0 192 0
3  658 661 684  255 255 0
3  682 658 684  255 255 0
3  165 200 1547  72 61 139
3  1549 165 1547  72 61 139
3  1407 167 202  72 61 139
3  1419 1407 202  72 61 139
3  169 185 1149  72 61 139
3  1146 169 1149  72 61 139
3  1231 391 1232  0 255 255
3  1233 393 1234  245 222 179
3  1014 404 1236  0 255 255
3  1235 1014 1236  0 255 255
3  405 393 1233  245 222 179
3  1237 405 1233  245 222 179
3  1258 91 1658  0 255 255
3  1648 1258 1658  0 255 255
3  468 81 634  255 64 255
3  631 468 634  255 64 255
3  471 1709 1773  0 192 0
3  1772 471 1773  0 192 0
3  472 470 1711  255 255 0
3  1719 472 1711  255 255 0
3  474 95 1421  0 255 255
3  1420 474 1421  0 255 255
3  1260 93 1550  0 255 255
3  1541 1260 1550  0 255 255
3  602 238 1735  0 192 0
3  1713 602 1735  0 192 0
3  477 478 1715  245 222 179
3  1714 477 1715  245 222 179
3  542 480 1717  255 255 0
3  1716 542 1717  255 255 0
3  1611 274 1712  0 192 0
3  1718 1611 1712  0 192 0
3  480 472 1719  255 255 0
3  1717 480 1719  255 255 0
3  877 481 1721  0 255 255
3  1720 877 1721  0 255 255
3  482 477 1714  245 222 179
3  1722 482 1714  245 222 179
3  1013 483 1724  0 255 255
3  1723 1013 1724  0 255 255
3  483 482 1722  245 222 179
3  1724 483 1722  245 222 179
3  485 651 1518  0 255 255
3  1517 485 1518  0 255 255
3  487 488 1520  72 61 139
3  1519 487 1520  72 61 139
3  489 930 1522  255 0 0
3  1521 489 1522  255 0 0
3  491 487 1519  72 61 139
3  1523 491 1519  72 61 139
3  490 491 1523  255 0 0
3  1524 490 1523  255 0 0
3  488 1525 1520  72 61 139
3  492 1525 488  72 61 139
3  492 220 1525  72 61 139
3  963 489 1521  255 0 0
3  1526 963 1521  255 0 0
3  484 109 507  192 0 192
3  506 484 507  192 0 192
3  1228 494 1229  0 255 255
3  743 704 1528  0 255 255
3  1527 743 1528  0 255 255
3  499 932 1141  72 61 139
3  1140 499 1141  72 61 139
3  501 502 1143  255 0 0
3  1142 501 1143  255 0 0
3  503 499 1140  72 61 139
3  1144 503 1140  72 61 139
3  502 503 1144  255 0 0
3  1143 502 1144  255 0 0
3  1145 39 1146  72 61 139
3  500 39 1145  72 61 139
3  504 39 500  72 61 139
3  169 1146 39  72 61 139
3  1147 965 1793  255 0 0
3  1792 1147 1793  255 0 0
3  509 130 140  192 0 192
3  531 509 140  192 0 192
3  506 507 1036  192 0 192
3  1035 506 1036  192 0 192
3  1039 509 531  192 0 192
3  1061 1039 531  192 0 192
3  1041 505 1182  255 128 0
3  1181 1041 1182  255 128 0
3  516 444 1048  192 0 192
3  1047 516 1048  192 0 192
3  1050 518 517  0 0 255
3  1050 517 1049  0 0 255
3  1051 520 518  0 0 255
3  1051 518 1050  0 0 255
3  112 339 519  0 0 192
3  526 112 519  0 0 192
3  878 527 879  64 255 255
3  444 126 443  0 0 255
3  510 727 1057  192 0 192
3  1056 510 1057  192 0 192
3  1036 507 1538  192 0 192
3  1532 1036 1538  192 0 192
3  444 528 1059  192 0 192
3  1048 444 1059  192 0 192
3  508 509 1039  224 255 255
3  1037 508 1039  224 255 255
3  1059 528 521  64 128 255
3  1059 521 1043  64 128 255
3  137 112 526  0 0 192
3  529 137 526  0 0 192
3  522 530 1060  64 255 128
3  1052 522 1060  64 255 128
3  1061 531 523  255 64 64
3  1061 523 1053  255 64 64
3  1062 532 511  128 255 64
3  1062 511 1040  128 255 64
3  513 533 1063  255 240 245
3  1044 513 1063  255 240 245
3  1064 534 524  255 165 0
3  1064 524 1054  255 165 0
3  1065 535 525  255 240 245
3  1065 525 1055  255 240 245
3  514 536 1066  0 192 192
3  1045 514 1066  0 192 192
3  515 537 1067  64 64 255
3  1046 515 1067  64 64 255
3  1068 538 520  0 0 255
3  1068 520 1051  0 0 255
3  340 183 540  128 128 255
3  541 340 540  128 128 255
3  479 542 1716  255 255 0
3  1746 479 1716  255 255 0
3  847 817 791  0 255 255
3  828 847 791  0 255 255
3  1777 1778 195  128 128 0
3  1777 195 539  128 128 0
3  539 195 544  128 128 0
3  974 926 1779  192 0 192
3  1780 974 1779  192 0 192
3  128 221 543  128 128 255
3  545 128 543  128 128 255
3  195 189 555  192 0 192
3  696 664 654  255 255 0
3  679 696 654  255 255 0
3  549 586 1363  255 255 0
3  1350 549 1363  255 255 0
3  225 550 865  255 255 0
3  849 225 865  255 255 0
3  542 479 1287  255 255 0
3  1269 542 1287  255 255 0
3  1070 554 538  192 0 192
3  1068 1070 538  192 0 192
3  554 132 158  192 0 192
3  538 554 158  192 0 192
3  544 195 555  128 128 0
3  183 128 545  128 128 255
3  540 183 545  128 128 255
3  1436 558 557  128 128 0
3  1436 557 1435  128 128 0
3  559 560 1432  255 0 0
3  1437 559 1432  255 0 0
3  561 562 1439  72 61 139
3  1438 561 1439  72 61 139
3  563 933 1428  255 0 0
3  1440 563 1428  255 0 0
3  565 561 1438  72 61 139
3  1430 565 1438  72 61 139
3  564 565 1430  255 0 0
3  1429 564 1430  255 0 0
3  562 566 1441  72 61 139
3  1439 562 1441  72 61 139
3  1433 966 1808  255 0 0
3  1810 1433 1808  255 0 0
3  1038 559 1437  255 0 0
3  1426 1038 1437  255 0 0
3  1442 568 558  128 128 0
3  1442 558 1436  128 128 0
3  569 619 1422  0 255 255
3  1431 569 1422  0 255 255
3  1441 566 568  72 61 139
3  1442 1441 568  72 61 139
3  570 571 1443  0 255 255
3  1427 570 1443  0 255 255
3  1435 557 556  128 128 0
3  1435 556 1434  128 128 0
3  282 363 573  72 61 139
3  574 282 573  72 61 139
3  280 575 929  255 0 0
3  943 280 929  255 0 0
3  363 196 577  72 61 139
3  573 363 577  72 61 139
3  196 361 576  255 0 0
3  577 196 576  255 0 0
3  223 282 574  72 61 139
3  578 223 574  72 61 139
3  280 222 579  255 0 0
3  575 280 579  255 0 0
3  660 664 696  255 255 0
3  685 660 696  255 255 0
3  548 582 1246  255 255 0
3  1222 548 1246  255 255 0
3  585 554 1070  192 0 192
3  1069 585 1070  192 0 192
3  548 1222 1230  255 255 0
3  229 548 1230  255 255 0
3  419 49 587  255 255 0
3  580 419 587  255 255 0
3  223 31 189  72 61 139
3  578 31 223  72 61 139
3  189 31 161  72 61 139
3  588 31 578  72 61 139
3  579 222 962  255 0 0
3  961 579 962  255 0 0
3  132 554 585  192 0 192
3  572 132 585  192 0 192
3  595 267 594  72 61 139
3  597 269 596  255 228 196
3  598 271 599  255 128 0
3  1591 593 600  128 128 255
3  1607 265 593  128 128 255
3  1591 1607 593  128 128 255
3  642 641 672  0 192 0
3  671 642 672  0 192 0
3  274 602 1713  0 192 0
3  1712 274 1713  0 192 0
3  1203 603 1444  192 0 192
3  1446 1203 1444  192 0 192
3  604 607 1205  192 0 192
3  1204 604 1205  192 0 192
3  275 238 602  255 20 147
3  590 275 602  255 20 147
3  1201 591 589  64 255 255
3  1201 589 1200  64 255 255
3  1202 592 605  64 64 255
3  1202 605 1206  64 64 255
3  607 127 1205  192 0 192
3  127 1207 1205  192 0 192
3  600 127 607  192 0 192
3  608 609 214  245 222 179
3  254 608 214  245 222 179
3  65 440 252  0 255 255
3  285 440 65  0 255 255
3  611 285 65  0 255 255
3  65 610 611  0 255 255
3  875 612 356  0 255 255
3  883 875 356  0 255 255
3  613 608 254  245 222 179
3  354 613 254  245 222 179
3  1010 614 242  0 255 255
3  1028 1010 242  0 255 255
3  614 613 354  245 222 179
3  242 614 354  245 222 179
3  289 1074 1137  0 255 255
3  1136 289 1137  0 255 255
3  452 454 616  255 64 255
3  615 452 616  255 64 255
3  320 344 617  64 255 255
3  618 320 617  64 255 255
3  620 1076 1401  0 255 255
3  1400 620 1401  0 255 255
3  622 1078 1543  0 255 255
3  1542 622 1543  0 255 255
3  454 462 623  255 64 255
3  616 454 623  255 64 255
3  624 541 1754  64 255 255
3  1762 624 1754  64 255 255
3  625 321 1651  64 255 255
3  1650 625 1651  64 255 255
3  619 1075 1423  0 255 255
3  1422 619 1423  0 255 255
3  1625 621 1626  0 255 255
3  340 541 624  64 255 255
3  628 340 624  64 255 255
3  366 386 298  0 255 255
3  606 241 1788  192 0 192
3  1787 606 1788  192 0 192
3  948 297 1100  0 255 255
3  1099 948 1100  0 255 255
3  467 437 630  255 64 255
3  631 467 630  255 64 255
3  461 435 632  192 0 192
3  633 461 632  192 0 192
3  77 636 763  255 64 255
3  762 77 763  255 64 255
3  763 636 764  255 64 255
3  461 633 1454  192 0 192
3  441 461 1454  192 0 192
3  435 442 640  192 0 192
3  632 435 640  192 0 192
3  641 642 589  0 192 0
3  276 641 589  0 192 0
3  644 317 308  255 128 128
3  644 308 645  255 128 128
3  646 388 317  255 128 128
3  646 317 644  255 128 128
3  647 349 301  255 0 0
3  647 301 643  255 0 0
3  392 404 689  0 255 255
3  688 392 689  0 255 255
3  405 392 688  245 222 179
3  690 405 688  245 222 179
3  986 486 1536  0 255 255
3  1535 986 1536  0 255 255
3  654 226 153  255 128 128
3  654 153 655  255 128 128
3  657 1170 1785  0 192 0
3  1771 657 1785  0 192 0
3  658 656 1169  255 255 0
3  1171 658 1169  255 255 0
3  61 239 1200  0 192 0
3  1215 61 1200  0 192 0
3  660 661 1173  255 255 0
3  1172 660 1173  255 255 0
3  641 276 1196  0 192 0
3  1184 641 1196  0 192 0
3  661 658 1171  255 255 0
3  1173 661 1171  255 255 0
3  662 213 177  255 0 0
3  662 177 663  255 0 0
3  664 547 226  255 255 0
3  654 664 226  255 255 0
3  664 51 547  255 255 0
3  51 1172 1174  255 255 0
3  660 1172 51  255 255 0
3  664 660 51  255 255 0
3  84 486 986  0 255 255
3  987 84 986  0 255 255
3  643 301 737  0 255 255
3  736 643 737  0 255 255
3  212 46 687  245 222 179
3  1250 1249 46  245 222 179
3  1249 693 46  245 222 179
3  693 687 46  245 222 179
3  1243 391 1231  0 255 255
3  894 391 1243  0 255 255
3  894 694 391  0 255 255
3  393 1249 1234  245 222 179
3  693 1249 393  245 222 179
3  695 693 393  245 222 179
3  663 177 349  255 0 0
3  663 349 647  255 0 0
3  655 153 388  255 128 128
3  655 388 646  255 128 128
3  689 404 1014  0 255 255
3  1032 689 1014  0 255 255
3  393 405 690  245 222 179
3  695 393 690  245 222 179
3  671 672 989  0 192 0
3  988 671 989  0 192 0
3  991 675 674  255 128 128
3  991 674 990  255 128 128
3  992 676 675  255 128 128
3  992 675 991  255 128 128
3  673 302 350  255 0 0
3  673 350 677  255 0 0
3  994 679 678  255 128 128
3  994 678 993  255 128 128
3  995 680 1770  0 192 0
3  1782 995 1770  0 192 0
3  681 682 997  255 255 0
3  996 681 997  255 255 0
3  683 671 988  0 192 0
3  998 683 988  0 192 0
3  684 685 1000  255 255 0
3  999 684 1000  255 255 0
3  989 672 1183  0 192 0
3  1190 989 1183  0 192 0
3  682 684 999  255 255 0
3  997 682 999  255 255 0
3  686 178 212  255 0 0
3  686 212 687  255 0 0
3  688 689 1002  0 255 255
3  1001 688 1002  0 255 255
3  690 688 1001  245 222 179
3  1003 690 1001  245 222 179
3  651 691 1534  0 255 255
3  1518 651 1534  0 255 255
3  255 427 1004  0 255 255
3  984 255 1004  0 255 255
3  651 665 692  0 255 255
3  691 651 692  0 255 255
3  687 693 1005  245 222 179
3  980 687 1005  245 222 179
3  427 243 1006  0 255 255
3  1004 427 1006  0 255 255
3  694 894 985  0 255 255
3  1007 694 985  0 255 255
3  693 695 1008  245 222 179
3  1005 693 1008  245 222 179
3  1002 689 1032  0 255 255
3  1021 1002 1032  0 255 255
3  695 690 1003  245 222 179
3  1008 695 1003  245 222 179
3  1009 696 679  255 255 0
3  994 1009 679  255 255 0
3  685 696 1009  255 255 0
3  1000 685 1009  255 255 0
3  302 673 739  0 255 255
3  738 302 739  0 255 255
3  677 350 178  255 0 0
3  677 178 686  255 0 0
3  993 678 676  255 128 128
3  993 676 992  255 128 128
3  1363 586 228  255 255 0
3  1354 1363 228  255 255 0
3  1364 370 310  255 128 128
3  1364 310 1353  255 128 128
3  1365 155 319  255 128 128
3  1365 319 1358  255 128 128
3  1357 395 370  255 128 128
3  1357 370 1364  255 128 128
3  1537 1228 1514  0 255 255
3  1501 1228 1537  0 255 255
3  1501 494 1228  0 255 255
3  1354 228 155  255 128 128
3  1354 155 1365  255 128 128
3  873 887 1362  0 255 255
3  1347 873 1362  0 255 255
3  855 874 1366  245 222 179
3  1341 855 1366  245 222 179
3  871 1019 1346  0 255 255
3  1355 871 1346  0 255 255
3  874 872 1356  245 222 179
3  1366 874 1356  245 222 179
3  605 278 1351  0 192 0
3  1339 605 1351  0 192 0
3  1336 1309 1769  0 192 0
3  1768 1336 1769  0 192 0
3  1311 1319 1352  255 255 0
3  1337 1311 1352  255 255 0
3  1212 59 240  0 192 0
3  1206 1212 240  0 192 0
3  1318 1317 53  255 255 0
3  1349 1318 53  255 255 0
3  549 1350 53  255 255 0
3  53 1350 1349  255 255 0
3  1351 278 1619  0 192 0
3  1618 1351 1619  0 192 0
3  1319 1318 1349  255 255 0
3  1352 1319 1349  255 255 0
3  1321 1320 1499  245 222 179
3  1496 1321 1499  245 222 179
3  888 706 889  0 255 255
3  721 401 709  245 222 179
3  75 429 257  255 64 255
3  1238 429 75  255 64 255
3  1239 1238 75  255 64 255
3  75 638 1239  255 64 255
3  258 429 1238  255 64 255
3  1240 258 1238  255 64 255
3  750 583 755  255 255 0
3  723 1239 638  255 64 255
3  1241 1239 723  255 64 255
3  724 1241 723  255 64 255
3  864 871 1355  0 255 255
3  1348 864 1355  0 255 255
3  872 864 1348  245 222 179
3  1356 872 1348  245 222 179
3  1358 319 395  255 128 128
3  1358 395 1357  255 128 128
3  1500 494 1501  0 255 255
3  727 516 1047  192 0 192
3  1057 727 1047  192 0 192
3  446 728 940  72 61 139
3  941 446 940  72 61 139
3  447 448 730  255 0 0
3  731 447 730  255 0 0
3  446 449 732  72 61 139
3  728 446 732  72 61 139
3  449 447 731  255 0 0
3  732 449 731  255 0 0
3  729 734 445  72 61 139
3  734 450 445  72 61 139
3  734 206 450  72 61 139
3  1805 735 1802  255 0 0
3  1805 970 735  255 0 0
3  971 970 1805  255 0 0
3  105 666 736  0 255 255
3  737 105 736  0 255 255
3  697 104 738  0 255 255
3  739 697 738  0 255 255
3  108 516 727  192 0 192
3  733 108 727  192 0 192
3  846 845 919  0 255 255
3  918 846 919  0 255 255
3  102 304 1312  0 255 255
3  1322 102 1312  0 255 255
3  982 981 1167  0 255 255
3  1166 982 1167  0 255 255
3  972 735 970  255 0 0
3  742 206 734  72 61 139
3  1359 743 1527  0 255 255
3  1530 1359 1527  0 255 255
3  1320 1323 1502  245 222 179
3  1499 1320 1502  245 222 179
3  1324 398 1325  0 255 255
3  713 717 746  0 192 0
3  747 713 746  0 192 0
3  719 720 749  255 255 0
3  750 719 749  255 255 0
3  712 751 1617  0 192 0
3  1606 712 1617  0 192 0
3  720 716 753  255 255 0
3  749 720 753  255 255 0
3  1328 1327 1505  0 255 255
3  1504 1328 1505  0 255 255
3  698 719 750  255 255 0
3  755 698 750  255 255 0
3  1326 1329 1506  0 255 255
3  1503 1326 1506  0 255 255
3  1330 1326 1503  245 222 179
3  1507 1330 1503  245 222 179
3  760 703 702  255 128 128
3  760 702 761  255 128 128
3  762 763 1345  255 64 255
3  1360 762 1345  255 64 255
3  698 755 757  255 255 0
3  705 698 757  255 255 0
3  756 700 699  255 128 128
3  756 699 765  255 128 128
3  761 702 701  255 128 128
3  761 701 766  255 128 128
3  765 699 703  255 128 128
3  765 703 760  255 128 128
3  766 701 705  255 128 128
3  766 705 757  255 128 128
3  1315 1331 1508  0 255 255
3  1498 1315 1508  0 255 255
3  1323 1332 1509  245 222 179
3  1502 1323 1509  245 222 179
3  1329 1316 1497  0 255 255
3  1506 1329 1497  0 255 255
3  1332 1330 1507  245 222 179
3  1509 1332 1507  245 222 179
3  712 713 747  0 192 0
3  751 712 747  0 192 0
3  1504 398 1328  0 255 255
3  398 1324 1328  0 255 255
3  1510 398 1504  0 255 255
3  715 752 1767  0 192 0
3  1761 715 1767  0 192 0
3  716 714 754  255 255 0
3  753 716 754  255 255 0
3  769 743 1359  0 255 255
3  1361 769 1359  0 255 255
3  611 770 773  0 255 255
3  285 611 773  0 255 255
3  772 773 883  128 128 0
3  891 772 883  128 128 0
3  469 774 1738  0 255 255
3  287 469 1738  0 255 255
3  775 776 519  64 255 255
3  339 775 519  64 255 255
3  968 771 777  0 128 64
3  968 777 969  0 128 64
3  778 772 891  128 128 0
3  892 778 891  128 128 0
3  942 881 938  192 0 192
3  779 780 464  192 0 192
3  893 779 464  192 0 192
3  782 398 1510  0 255 255
3  1511 782 1510  0 255 255
3  398 782 1333  0 255 255
3  1325 398 1333  0 255 255
3  255 784 1242  0 255 255
3  1240 255 1242  0 255 255
3  784 255 984  0 255 255
3  983 784 984  0 255 255
3  857 284 1342  0 255 255
3  1343 857 1342  0 255 255
3  414 264 786  0 255 255
3  787 414 786  0 255 255
3  464 780 778  192 0 192
3  892 464 778  192 0 192
3  653 414 787  0 255 255
3  785 653 787  0 255 255
3  1563 368 306  255 128 64
3  1563 306 1562  255 128 64
3  1565 134 313  0 0 255
3  1565 313 1564  0 0 255
3  1566 315 368  255 128 64
3  1566 368 1563  255 128 64
3  1561 224 134  0 0 255
3  1561 134 1565  0 0 255
3  833 1568 477  245 222 179
3  1567 208 42  245 222 179
3  1568 478 477  245 222 179
3  1568 42 478  245 222 179
3  1568 1567 42  245 222 179
3  798 209 173  255 0 0
3  798 173 800  255 0 0
3  774 469 261  0 255 255
3  834 774 261  0 255 255
3  902 901 55  255 255 0
3  1569 902 55  255 255 0
3  551 1570 55  255 255 0
3  55 1570 1569  255 255 0
3  271 904 1613  0 192 0
3  1620 271 1613  0 192 0
3  905 902 1569  255 255 0
3  1571 905 1569  255 255 0
3  1373 407 1374  0 255 255
3  1375 407 1373  245 222 179
3  813 859 858  0 255 255
3  814 859 813  0 255 255
3  814 741 859  0 255 255
3  843 481 877  0 255 255
3  885 843 877  0 255 255
3  477 482 844  245 222 179
3  833 477 844  245 222 179
3  824 483 1013  0 255 255
3  1016 824 1013  0 255 255
3  482 483 824  245 222 179
3  844 482 824  245 222 179
3  1559 903 1763  0 192 0
3  1774 1559 1763  0 192 0
3  906 905 1571  255 255 0
3  1560 906 1571  255 255 0
3  817 860 851  0 255 255
3  791 817 851  0 255 255
3  551 224 1561  255 255 0
3  1570 551 1561  255 255 0
3  299 741 814  0 255 255
3  789 299 814  0 255 255
3  800 173 402  255 0 0
3  800 402 818  255 0 0
3  817 819 861  0 255 255
3  860 817 861  0 255 255
3  820 345 299  255 0 0
3  820 299 789  255 0 0
3  818 402 345  255 0 0
3  818 345 820  255 0 0
3  1574 823 822  255 0 0
3  1574 822 1573  255 0 0
3  1567 826 825  255 0 0
3  1567 825 1575  255 0 0
3  828 791 790  255 128 64
3  828 790 829  255 128 64
3  830 793 792  0 0 255
3  830 792 831  0 0 255
3  829 790 794  255 128 64
3  829 794 832  255 128 64
3  831 792 788  0 0 255
3  831 788 827  0 0 255
3  909 908 1377  0 255 255
3  1376 909 1377  0 255 255
3  899 910 1379  245 222 179
3  1378 899 1379  245 222 179
3  911 909 1376  0 255 255
3  1380 911 1376  0 255 255
3  912 911 1380  0 255 255
3  1381 912 1380  0 255 255
3  802 803 835  0 192 0
3  836 802 835  0 192 0
3  805 806 837  255 255 0
3  838 805 837  255 255 0
3  808 839 1622  0 192 0
3  1621 808 1622  0 192 0
3  806 809 841  255 255 0
3  837 806 841  255 255 0
3  914 913 1383  0 255 255
3  1382 914 1383  0 255 255
3  910 915 1384  245 222 179
3  1379 910 1384  245 222 179
3  1018 407 907  0 255 255
3  1385 407 1018  0 255 255
3  1385 1374 407  0 255 255
3  407 915 907  245 222 179
3  1384 915 407  245 222 179
3  1375 1384 407  245 222 179
3  808 802 836  0 192 0
3  839 808 836  0 192 0
3  807 840 1776  0 192 0
3  1775 807 1776  0 192 0
3  809 810 842  255 255 0
3  841 809 842  255 255 0
3  788 805 838  255 255 0
3  827 788 838  255 255 0
3  845 846 1577  0 255 255
3  1576 845 1577  0 255 255
3  917 1211 1256  255 64 255
3  1262 917 1256  255 64 255
3  904 917 1262  255 64 255
3  1252 904 1262  255 64 255
3  469 467 432  255 64 255
3  261 469 432  255 64 255
3  467 80 432  255 64 255
3  631 80 467  255 64 255
3  634 80 631  255 64 255
3  262 432 80  255 64 255
3  847 828 1562  0 255 255
3  1578 847 1562  0 255 255
3  821 845 1576  0 255 255
3  1572 821 1576  0 255 255
3  1575 825 823  255 0 0
3  1575 823 1574  255 0 0
3  848 847 1578  0 255 255
3  1579 848 1578  0 255 255
3  1573 822 821  255 0 0
3  1573 821 1572  255 0 0
3  850 790 791  255 128 64
3  850 791 851  255 128 64
3  852 792 793  0 0 255
3  852 793 853  0 0 255
3  854 794 790  255 128 64
3  854 790 850  255 128 64
3  849 788 792  0 0 255
3  849 792 852  0 0 255
3  796 795 249  0 255 255
3  439 796 249  0 255 255
3  797 43 798  245 222 179
3  855 43 797  245 222 179
3  798 43 209  245 222 179
3  856 43 855  245 222 179
3  799 796 439  0 255 255
3  284 799 439  0 255 255
3  801 799 284  0 255 255
3  857 801 284  0 255 255
3  859 101 858  0 255 255
3  592 1202 1208  255 64 255
3  594 592 1208  255 64 255
3  278 592 594  255 64 255
3  267 278 594  255 64 255
3  438 259 1342  255 64 255
3  1344 438 1342  255 64 255
3  76 438 1344  255 64 255
3  260 438 76  255 64 255
3  1344 1345 76  255 64 255
3  76 1345 764  255 64 255
3  764 1345 763  255 64 255
3  860 497 305  0 255 255
3  851 860 305  0 255 255
3  88 497 860  0 255 255
3  861 88 860  0 255 255
3  803 802 862  0 192 0
3  863 803 862  0 192 0
3  806 805 865  255 255 0
3  866 806 865  255 255 0
3  868 808 1621  0 192 0
3  1616 868 1621  0 192 0
3  809 806 866  255 255 0
3  869 809 866  255 255 0
3  804 811 871  0 255 255
3  864 804 871  0 255 255
3  812 804 864  245 222 179
3  872 812 864  245 222 179
3  873 815 886  0 255 255
3  887 873 886  0 255 255
3  797 816 874  245 222 179
3  855 797 874  245 222 179
3  871 811 1017  0 255 255
3  1019 871 1017  0 255 255
3  816 812 872  245 222 179
3  874 816 872  245 222 179
3  802 808 868  0 192 0
3  862 802 868  0 192 0
3  867 807 1775  0 192 0
3  1766 867 1775  0 192 0
3  810 809 869  255 255 0
3  870 810 869  255 255 0
3  805 788 849  255 255 0
3  865 805 849  255 255 0
3  770 875 883  0 255 255
3  773 770 883  0 255 255
3  774 877 1720  0 255 255
3  1738 774 1720  0 255 255
3  776 775 878  64 255 255
3  879 776 878  64 255 255
3  880 777 771  0 128 64
3  880 771 876  0 128 64
3  777 880 1800  192 0 192
3  1806 777 1800  192 0 192
3  882 884 1024  128 128 0
3  1023 882 1024  128 128 0
3  774 834 885  0 255 255
3  877 774 885  0 255 255
3  913 912 1381  0 255 255
3  1383 913 1381  0 255 255
3  801 857 887  0 255 255
3  886 801 887  0 255 255
3  1512 782 1511  0 255 255
3  782 1331 1333  0 255 255
3  1512 1331 782  0 255 255
3  1512 1508 1331  0 255 255
3  356 1027 1026  128 128 0
3  891 356 1026  128 128 0
3  883 356 891  128 128 0
3  892 891 1026  128 128 0
3  1029 892 1026  128 128 0
3  884 892 1029  128 128 0
3  1024 884 1029  128 128 0
3  1012 453 882  64 255 255
3  1023 1012 882  64 255 255
3  969 777 1806  192 0 192
3  1804 969 1806  192 0 192
3  893 464 1025  192 0 192
3  1031 893 1025  192 0 192
3  784 894 1243  0 255 255
3  1242 784 1243  0 255 255
3  894 784 983  0 255 255
3  985 894 983  0 255 255
3  887 857 1343  0 255 255
3  1362 887 1343  0 255 255
3  787 786 896  0 255 255
3  897 787 896  0 255 255
3  785 787 897  0 255 255
3  895 785 897  0 255 255
3  1378 798 800  255 0 0
3  1378 800 1387  255 0 0
3  480 542 1269  255 255 0
3  1268 480 1269  255 255 0
3  1252 274 1611  0 192 0
3  1614 1252 1611  0 192 0
3  472 480 1268  255 255 0
3  1270 472 1268  255 255 0
3  1254 471 1772  0 192 0
3  1764 1254 1772  0 192 0
3  470 472 1270  255 255 0
3  1255 470 1270  255 255 0
3  433 246 1584  0 255 255
3  1583 433 1584  0 255 255
3  1568 833 1585  245 222 179
3  261 433 1583  0 255 255
3  1586 261 1583  0 255 255
3  834 261 1586  0 255 255
3  1587 834 1586  0 255 255
3  843 885 1588  0 255 255
3  1581 843 1588  0 255 255
3  833 844 1589  245 222 179
3  1585 833 1589  245 222 179
3  824 1016 1580  0 255 255
3  1582 824 1580  0 255 255
3  844 824 1582  245 222 179
3  1589 844 1582  245 222 179
3  814 813 1389  0 255 255
3  1388 814 1389  0 255 255
3  885 834 1587  0 255 255
3  1588 885 1587  0 255 255
3  789 814 1388  0 255 255
3  1386 789 1388  0 255 255
3  1387 800 818  255 0 0
3  1387 818 1390  255 0 0
3  1391 820 789  255 0 0
3  1391 789 1386  255 0 0
3  1390 818 820  255 0 0
3  1390 820 1391  255 0 0
3  190 463 922  192 0 192
3  923 190 922  192 0 192
3  922 463 1457  192 0 192
3  1456 922 1457  192 0 192
3  2 190 923  192 0 192
3  925 2 923  192 0 192
3  928 253 927  255 0 0
3  930 490 1524  255 0 0
3  1522 930 1524  255 0 0
3  932 500 1145  72 61 139
3  1141 932 1145  72 61 139
3  1396 934 1397  255 0 0
3  935 931 1394  72 61 139
3  1395 935 1394  72 61 139
3  934 935 1395  255 0 0
3  1397 934 1395  255 0 0
3  962 974 1807  123 104 238
3  1794 962 1807  123 104 238
3  3 938 939  192 0 192
3  779 938 3  192 0 192
3  435 779 3  192 0 192
3  3 442 435  192 0 192
3  253 729 940  72 61 139
3  927 253 940  72 61 139
3  729 445 941  72 61 139
3  940 729 941  72 61 139
3  779 893 942  192 0 192
3  938 779 942  192 0 192
3  942 893 1031  192 0 192
3  1030 942 1031  192 0 192
3  926 195 1779  192 0 192
3  195 1778 1779  192 0 192
3  189 195 926  192 0 192
3  933 564 1429  255 0 0
3  1428 933 1429  255 0 0
3  576 361 943  255 0 0
3  929 576 943  255 0 0
3  941 445 955  72 61 139
3  954 941 955  72 61 139
3  207 253 928  255 0 0
3  945 207 928  255 0 0
3  946 280 943  123 104 238
3  222 280 946  123 104 238
3  936 222 946  123 104 238
3  193 207 172  255 0 0
3  207 937 172  255 0 0
3  207 945 937  255 0 0
3  949 187 205  128 128 255
3  949 205 950  128 128 255
3  379 217 366  255 0 255
3  217 329 366  255 0 255
3  366 329 948  255 0 255
3  329 947 948  255 0 255
3  950 205 343  128 128 255
3  950 343 951  128 128 255
3  521 508 1037  255 0 0
3  1043 521 1037  255 0 0
3  130 508 521  255 0 0
3  952 130 521  255 0 0
3  186 170 953  72 61 139
3  949 186 953  72 61 139
3  500 932 954  72 61 139
3  955 500 954  72 61 139
3  366 1098 386  0 255 255
3  1099 1098 366  0 255 255
3  948 1099 366  0 255 255
3  932 499 957  72 61 139
3  954 932 957  72 61 139
3  502 501 958  255 0 0
3  959 502 958  255 0 0
3  499 503 960  72 61 139
3  957 499 960  72 61 139
3  503 502 959  255 0 0
3  960 503 959  255 0 0
3  955 40 500  72 61 139
3  40 504 500  72 61 139
3  953 40 955  72 61 139
3  953 170 40  72 61 139
3  965 975 1812  255 0 0
3  1793 965 1812  255 0 0
3  323 951 1458  64 255 255
3  1450 323 1458  64 255 255
3  132 572 1813  255 0 0
3  1794 132 1813  255 0 0
3  109 484 1815  255 0 0
3  1814 109 1815  255 0 0
3  1533 109 1814  255 0 0
3  130 965 1147  255 0 0
3  140 130 1147  255 0 0
3  1182 505 365  255 128 0
3  1177 1182 365  255 128 0
3  1756 517 518  0 0 255
3  1756 518 1757  0 0 255
3  1757 520 1758  0 0 255
3  1757 518 520  0 0 255
3  1758 520 158  0 0 255
3  969 526 968  0 0 192
3  526 519 968  0 0 192
3  136 526 969  0 0 192
3  527 876 879  64 255 255
3  337 876 527  64 255 255
3  106 337 527  64 255 255
3  126 108 970  255 0 0
3  971 126 970  255 0 0
3  108 733 972  255 0 0
3  970 108 972  255 0 0
3  776 879 876  64 255 255
3  771 776 876  64 255 255
3  776 771 968  64 255 255
3  519 776 968  64 255 255
3  222 936 926  123 104 238
3  974 222 926  123 104 238
3  962 222 974  123 104 238
3  130 952 975  255 0 0
3  965 130 975  255 0 0
3  158 132 1807  192 0 192
3  1758 158 1807  192 0 192
3  560 966 1433  255 0 0
3  1432 560 1433  255 0 0
3  733 124 973  255 0 0
3  972 733 973  255 0 0
3  952 126 971  255 0 0
3  975 952 971  255 0 0
3  1516 109 1533  255 0 0
3  973 124 967  255 0 0
3  977 673 677  255 0 0
3  977 677 978  255 0 0
3  979 686 687  255 0 0
3  979 687 980  255 0 0
3  697 739 981  0 255 255
3  982 697 981  0 255 255
3  653 785 1168  0 255 255
3  1159 653 1168  0 255 255
3  785 895 1162  0 255 255
3  1168 785 1162  0 255 255
3  691 986 1535  0 255 255
3  1534 691 1535  0 255 255
3  691 692 987  0 255 255
3  986 691 987  0 255 255
3  417 416 989  0 192 0
3  416 988 989  0 192 0
3  416 601 988  0 192 0
3  990 307 316  255 128 128
3  990 316 991  255 128 128
3  991 316 387  255 128 128
3  991 387 992  255 128 128
3  993 152 227  255 128 128
3  993 227 994  255 128 128
3  410 995 1782  0 192 0
3  1781 410 1782  0 192 0
3  412 411 996  255 255 0
3  997 412 996  255 255 0
3  601 63 998  0 192 0
3  988 601 998  0 192 0
3  580 418 999  255 255 0
3  1000 580 999  255 255 0
3  417 989 1190  0 192 0
3  1189 417 1190  0 192 0
3  418 412 997  255 255 0
3  999 418 997  255 255 0
3  648 649 1156  0 255 255
3  1155 648 1156  0 255 255
3  649 650 1157  245 222 179
3  1156 649 1157  245 222 179
3  652 653 1159  0 255 255
3  1158 652 1159  0 255 255
3  667 662 1153  245 222 179
3  1160 667 1153  245 222 179
3  668 652 1158  0 255 255
3  1161 668 1158  0 255 255
3  895 669 1163  0 255 255
3  1162 895 1163  0 255 255
3  670 667 1160  245 222 179
3  1164 670 1160  245 222 179
3  1020 648 1155  0 255 255
3  1165 1020 1155  0 255 255
3  650 670 1164  245 222 179
3  1157 650 1164  245 222 179
3  546 1009 994  255 255 0
3  227 546 994  255 255 0
3  546 50 1009  255 255 0
3  580 1000 50  255 255 0
3  50 1000 1009  255 255 0
3  419 580 50  255 255 0
3  992 387 152  255 128 128
3  992 152 993  255 128 128
3  739 673 977  0 255 255
3  981 739 977  0 255 255
3  978 677 686  255 0 0
3  978 686 979  255 0 0
3  612 1010 1028  0 255 255
3  356 612 1028  0 255 255
3  1011 459 453  128 128 255
3  1011 453 1012  128 128 255
3  481 1013 1723  0 255 255
3  1721 481 1723  0 255 255
3  391 1014 1235  0 255 255
3  1232 391 1235  0 255 255
3  481 843 1016  0 255 255
3  1013 481 1016  0 255 255
3  1018 914 1382  0 255 255
3  1385 1018 1382  0 255 255
3  815 873 1019  0 255 255
3  1017 815 1019  0 255 255
3  669 1020 1165  0 255 255
3  1163 669 1165  0 255 255
3  1316 1315 1498  0 255 255
3  1497 1316 1498  0 255 255
3  1058 4 1056  192 0 192
3  4 510 1056  192 0 192
3  529 510 4  192 0 192
3  137 529 4  192 0 192
3  124 510 529  192 0 192
3  136 124 529  192 0 192
3  204 331 1023  128 128 0
3  1024 204 1023  128 128 0
3  354 254 1026  128 128 0
3  1027 354 1026  128 128 0
3  254 214 181  128 128 0
3  1029 254 181  128 128 0
3  1029 1026 254  128 128 0
3  181 204 1024  128 128 0
3  1029 181 1024  128 128 0
3  311 1012 1023  64 255 255
3  331 311 1023  64 255 255
3  967 969 1804  192 0 192
3  1799 967 1804  192 0 192
3  129 191 1031  192 0 192
3  1025 129 1031  192 0 192
3  1016 843 1581  0 255 255
3  1580 1016 1581  0 255 255
3  1030 1031 29  192 0 192
3  29 172 937  192 0 192
3  1030 29 937  192 0 192
3  1031 191 29  192 0 192
3  967 124 136  192 0 192
3  969 967 136  192 0 192
3  391 694 1032  0 255 255
3  1014 391 1032  0 255 255
3  694 1007 1021  0 255 255
3  1032 694 1021  0 255 255
3  1019 873 1347  0 255 255
3  1346 1019 1347  0 255 255
3  422 357 1033  0 255 255
3  1034 422 1033  0 255 255
3  1025 464 459  128 128 255
3  1025 459 1011  128 128 255
3  242 354 1027  128 128 0
3  1028 242 1027  128 128 0
3  669 422 1034  0 255 255
3  1020 669 1034  0 255 255
3  123 493 1035  192 0 192
3  1036 123 1035  192 0 192
3  1061 141 11  192 0 192
3  8 1061 11  192 0 192
3  10 9 11  192 0 192
3  1039 1061 8  192 0 192
3  131 1039 8  192 0 192
3  11 9 8  192 0 192
3  451 122 1047  192 0 192
3  1048 451 1047  192 0 192
3  1049 372 1050  0 0 255
3  1050 121 1051  0 0 255
3  1050 372 121  0 0 255
3  372 382 121  0 0 255
3  726 424 1056  192 0 192
3  1057 726 1056  192 0 192
3  424 5 1058  192 0 192
3  1056 424 1058  192 0 192
3  122 726 1057  192 0 192
3  1047 122 1057  192 0 192
3  110 111 1043  255 0 0
3  1037 110 1043  255 0 0
3  123 1036 1532  192 0 192
3  1531 123 1532  192 0 192
3  451 7 6  192 0 192
3  7 1059 135  192 0 192
3  1048 1059 7  192 0 192
3  451 1048 7  192 0 192
3  131 110 1037  224 255 255
3  1039 131 1037  224 255 255
3  1043 111 135  64 128 255
3  1043 135 1059  64 128 255
3  139 113 1052  64 255 128
3  1060 139 1052  64 255 128
3  1053 114 141  255 64 64
3  1053 141 1061  255 64 64
3  1040 115 143  128 255 64
3  1040 143 1062  128 255 64
3  145 116 1044  255 240 245
3  1063 145 1044  255 240 245
3  1054 117 147  255 165 0
3  1054 147 1064  255 165 0
3  1055 118 149  255 240 245
3  1055 149 1065  255 240 245
3  151 119 1045  0 192 192
3  1066 151 1045  0 192 192
3  157 120 1046  64 64 255
3  1067 157 1046  64 64 255
3  1051 121 159  0 0 255
3  1051 159 1068  0 0 255
3  1068 159 25  192 0 192
3  1070 1068 25  192 0 192
3  24 553 25  192 0 192
3  25 553 1070  192 0 192
3  567 1038 1426  255 0 0
3  1425 567 1426  255 0 0
3  553 584 1069  192 0 192
3  1070 553 1069  192 0 192
3  593 265 1071  0 192 0
3  1072 593 1071  0 192 0
3  97 1150 1264  0 255 255
3  1263 97 1264  0 255 255
3  1265 474 1420  0 255 255
3  1405 1265 1420  0 255 255
3  1543 1078 1737  0 255 255
3  1736 1543 1737  0 255 255
3  1266 570 1427  0 255 255
3  1424 1266 1427  0 255 255
3  609 608 1272  245 222 179
3  1271 609 1272  245 222 179
3  273 543 1082  255 255 0
3  1083 273 1082  255 255 0
3  1071 265 1608  0 192 0
3  1612 1071 1608  0 192 0
3  360 273 1083  255 255 0
3  1085 360 1083  255 255 0
3  611 610 1274  0 255 255
3  1273 611 1274  0 255 255
3  612 875 1276  0 255 255
3  1275 612 1276  0 255 255
3  608 613 1277  245 222 179
3  1272 608 1277  245 222 179
3  614 1010 1279  0 255 255
3  1278 614 1279  0 255 255
3  613 614 1278  245 222 179
3  1277 613 1278  245 222 179
3  1655 1095 1742  0 255 255
3  1741 1655 1742  0 255 255
3  1084 358 1755  0 192 0
3  1783 1084 1755  0 192 0
3  233 360 1085  255 255 0
3  1091 233 1085  255 255 0
3  56 234 593  0 192 0
3  56 1072 1096  0 192 0
3  593 1072 56  0 192 0
3  1010 612 1275  0 255 255
3  1279 1010 1275  0 255 255
3  770 611 1273  0 255 255
3  1280 770 1273  0 255 255
3  875 770 1280  0 255 255
3  1276 875 1280  0 255 255
3  1282 1281 1744  0 255 255
3  1743 1282 1744  0 255 255
3  1281 1283 1745  0 255 255
3  1744 1281 1745  0 255 255
3  543 221 1101  255 255 0
3  1082 543 1101  255 255 0
3  1102 1103 1124  0 255 255
3  1123 1102 1124  0 255 255
3  1125 1104 1105  255 0 255
3  1125 1105 1126  255 0 255
3  1148 1107 1106  128 128 255
3  1148 1106 1149  128 128 255
3  1108 1109 1293  255 0 0
3  1292 1108 1293  255 0 0
3  1110 1111 1295  72 61 139
3  1294 1110 1295  72 61 139
3  1112 1113 1297  255 0 0
3  1296 1112 1297  255 0 0
3  1114 1110 1294  72 61 139
3  1298 1114 1294  72 61 139
3  1113 1114 1298  255 0 0
3  1297 1113 1298  255 0 0
3  1115 1116 1133  72 61 139
3  1132 1115 1133  72 61 139
3  1299 1117 1816  255 0 0
3  1796 1299 1816  255 0 0
3  1118 1108 1292  255 0 0
3  1300 1118 1292  255 0 0
3  1122 1107 1460  64 255 255
3  1459 1122 1460  64 255 255
3  1116 1106 1121  72 61 139
3  1133 1116 1121  72 61 139
3  1119 1118 1300  255 0 0
3  1301 1119 1300  255 0 0
3  1120 1135 1285  0 255 255
3  1284 1120 1285  0 255 255
3  1295 1111 1302  72 61 139
3  1111 1115 1302  72 61 139
3  1115 1132 1302  72 61 139
3  1109 1117 1299  255 0 0
3  1293 1109 1299  255 0 0
3  1126 1105 1102  255 0 255
3  1126 1102 1123  255 0 255
3  1121 1106 1107  128 128 255
3  1121 1107 1122  128 128 255
3  1123 1124 1290  0 255 255
3  1303 1123 1290  0 255 255
3  1304 1125 1126  255 0 255
3  1304 1126 1305  255 0 255
3  1128 931 1127  72 61 139
3  1129 1130 934  255 0 0
3  1398 1129 934  255 0 0
3  1396 1398 934  255 0 0
3  931 935 1131  72 61 139
3  1127 931 1131  72 61 139
3  935 934 1130  255 0 0
3  1131 935 1130  255 0 0
3  1132 1133 1307  72 61 139
3  1306 1132 1307  72 61 139
3  1399 1134 1795  255 0 0
3  1798 1399 1795  255 0 0
3  530 138 142  192 0 192
3  532 530 142  192 0 192
3  1060 530 532  192 0 192
3  1062 1060 532  192 0 192
3  1289 1122 1459  64 255 255
3  1448 1289 1459  64 255 255
3  1133 1121 1288  72 61 139
3  1307 1133 1288  72 61 139
3  13 12 143  192 0 192
3  12 1062 143  192 0 192
3  1060 1062 12  192 0 192
3  139 1060 12  192 0 192
3  1285 1135 1308  0 255 255
3  1291 1285 1308  0 255 255
3  1302 1132 1306  72 61 139
3  138 1134 1399  255 0 0
3  142 138 1399  255 0 0
3  1305 1126 1123  255 0 255
3  1305 1123 1303  255 0 255
3  1103 1102 1136  0 255 255
3  1137 1103 1136  0 255 255
3  1139 1105 1104  255 0 255
3  1139 1104 1138  255 0 255
3  1109 1108 523  255 0 0
3  140 1109 523  255 0 0
3  1111 1110 1140  72 61 139
3  1141 1111 1140  72 61 139
3  1113 1112 1142  255 0 0
3  1143 1113 1142  255 0 0
3  1110 1114 1144  72 61 139
3  1140 1110 1144  72 61 139
3  1114 1113 1143  255 0 0
3  1144 1114 1143  255 0 0
3  1116 1115 1145  72 61 139
3  1146 1116 1145  72 61 139
3  1117 1147 1792  255 0 0
3  1816 1117 1792  255 0 0
3  1108 1118 1053  255 0 0
3  523 1108 1053  255 0 0
3  1107 1148 1452  64 255 255
3  1460 1107 1452  64 255 255
3  1106 1116 1146  72 61 139
3  1149 1106 1146  72 61 139
3  1118 1119 114  255 0 0
3  1053 1118 114  255 0 0
3  1150 1120 1284  0 255 255
3  1264 1150 1284  0 255 255
3  1115 1111 1141  72 61 139
3  1145 1115 1141  72 61 139
3  1117 1109 140  255 0 0
3  1147 1117 140  255 0 0
3  1149 185 342  128 128 255
3  1149 342 1148  128 128 255
3  1136 1102 1105  255 0 255
3  1136 1105 1139  255 0 255
3  1152 647 643  255 0 0
3  1152 643 1151  255 0 0
3  1153 662 663  255 0 0
3  1153 663 1154  255 0 0
3  1001 1002 1155  0 255 255
3  1156 1001 1155  0 255 255
3  1003 1001 1156  245 222 179
3  1157 1003 1156  245 222 179
3  984 1004 1158  0 255 255
3  1159 984 1158  0 255 255
3  980 1005 1160  245 222 179
3  1153 980 1160  245 222 179
3  1004 1006 1161  0 255 255
3  1158 1004 1161  0 255 255
3  1007 985 1162  0 255 255
3  1163 1007 1162  0 255 255
3  1005 1008 1164  245 222 179
3  1160 1005 1164  245 222 179
3  1002 1021 1165  0 255 255
3  1155 1002 1165  0 255 255
3  1008 1003 1157  245 222 179
3  1164 1008 1157  245 222 179
3  1021 1007 1163  0 255 255
3  1165 1021 1163  0 255 255
3  736 666 1166  0 255 255
3  1167 736 1166  0 255 255
3  983 984 1159  0 255 255
3  1168 983 1159  0 255 255
3  985 983 1168  0 255 255
3  1162 985 1168  0 255 255
3  1220 1244 269  0 192 0
3  597 1220 269  0 192 0
3  1478 1217 1760  0 192 0
3  1784 1478 1760  0 192 0
3  1479 1219 1487  255 255 0
3  52 1246 582  255 255 0
3  1247 1246 52  255 255 0
3  581 1247 52  255 255 0
3  1247 581 1173  255 255 0
3  581 1172 1173  255 255 0
3  269 1244 1605  0 192 0
3  1624 269 1605  0 192 0
3  1173 1171 1245  255 255 0
3  1247 1173 1245  255 255 0
3  1172 581 1174  255 255 0
3  643 736 1167  0 255 255
3  1151 643 1167  0 255 255
3  1154 663 647  255 0 0
3  1154 647 1152  255 0 0
3  454 452 1754  128 128 255
3  1753 454 1754  128 128 255
3  1175 462 1752  128 128 255
3  1751 1175 1752  128 128 255
3  462 454 1753  128 128 255
3  1752 462 1753  128 128 255
3  623 462 1591  192 0 192
3  1590 623 1591  192 0 192
3  1177 365 1178  255 64 128
3  1178 365 1758  255 64 128
3  365 1757 1758  255 64 128
3  471 1179 1710  0 192 0
3  1709 471 1710  0 192 0
3  1181 1182 1593  255 128 0
3  1592 1181 1593  255 128 0
3  1183 1184 1595  0 192 0
3  1594 1183 1595  0 192 0
3  1186 903 1559  0 192 0
3  1558 1186 1559  0 192 0
3  840 807 1187  0 192 0
3  1185 840 1187  0 192 0
3  807 867 1188  0 192 0
3  1187 807 1188  0 192 0
3  1189 1190 1597  0 192 0
3  1596 1189 1597  0 192 0
3  1191 1181 1592  255 128 0
3  1598 1191 1592  255 128 0
3  1310 1309 1336  0 192 0
3  1335 1310 1336  0 192 0
3  752 715 1193  0 192 0
3  1192 752 1193  0 192 0
3  1179 471 1254  0 192 0
3  1253 1179 1254  0 192 0
3  1194 1198 1600  192 0 192
3  1599 1194 1600  192 0 192
3  1593 1182 1177  255 128 0
3  1609 1593 1177  255 128 0
3  358 1084 1180  0 192 0
3  1176 358 1180  0 192 0
3  1218 1217 1478  0 192 0
3  1477 1218 1478  0 192 0
3  1184 1196 1602  0 192 0
3  1595 1184 1602  0 192 0
3  1190 1183 1594  0 192 0
3  1597 1190 1594  0 192 0
3  1195 1194 1599  192 0 192
3  1601 1195 1599  192 0 192
3  194 623 1590  192 0 192
3  1603 194 1590  192 0 192
3  1199 1189 1596  0 192 0
3  1604 1199 1596  0 192 0
3  358 1176 1175  128 128 255
3  1751 358 1175  128 128 255
3  1751 1759 358  128 128 255
3  231 1203 1446  192 0 192
3  1445 231 1446  192 0 192
3  606 232 1204  192 0 192
3  1205 606 1204  192 0 192
3  1200 239 277  64 255 255
3  1200 277 1201  64 255 255
3  1206 240 279  64 64 255
3  1206 279 1202  64 64 255
3  241 606 1205  192 0 192
3  1207 241 1205  192 0 192
3  595 594 1208  72 61 139
3  1209 595 1208  72 61 139
3  1211 916 1257  255 64 255
3  1256 1211 1257  255 64 255
3  1202 279 266  255 64 255
3  1208 1202 266  255 64 255
3  1206 60 1212  0 192 0
3  1206 605 60  0 192 0
3  1339 1338 60  0 192 0
3  605 1339 60  0 192 0
3  68 916 1211  255 64 255
3  1214 68 1211  255 64 255
3  1221 1220 597  0 192 0
3  236 1221 597  0 192 0
3  589 62 1200  0 192 0
3  642 62 589  0 192 0
3  659 62 642  0 192 0
3  1215 1200 62  0 192 0
3  277 71 1216  255 64 255
3  1201 277 1216  255 64 255
3  1193 715 1217  0 192 0
3  1218 1193 1217  0 192 0
3  717 713 1220  0 192 0
3  1221 717 1220  0 192 0
3  1480 698 705  255 255 0
3  1486 1480 705  255 255 0
3  1482 699 700  255 128 128
3  1482 700 1481  255 128 128
3  1484 701 702  255 128 128
3  1484 702 1483  255 128 128
3  1485 703 699  255 128 128
3  1485 699 1482  255 128 128
3  495 385 1228  0 255 255
3  1229 495 1228  0 255 255
3  1486 705 701  255 128 128
3  1486 701 1484  255 128 128
3  707 706 1231  0 255 255
3  1232 707 1231  0 255 255
3  709 708 1233  245 222 179
3  1234 709 1233  245 222 179
3  710 1015 1235  0 255 255
3  1236 710 1235  0 255 255
3  708 711 1237  245 222 179
3  1233 708 1237  245 222 179
3  1015 707 1232  0 255 255
3  1235 1015 1232  0 255 255
3  1239 639 72  255 64 255
3  72 426 1238  255 64 255
3  72 256 426  255 64 255
3  1239 72 1238  255 64 255
3  426 255 1240  255 64 255
3  1238 426 1240  255 64 255
3  73 639 1239  255 64 255
3  1241 73 1239  255 64 255
3  781 258 1240  0 255 255
3  1242 781 1240  0 255 255
3  888 781 1242  0 255 255
3  1243 888 1242  0 255 255
3  713 712 1244  0 192 0
3  1220 713 1244  0 192 0
3  1217 715 1761  0 192 0
3  1760 1217 1761  0 192 0
3  1488 1487 716  255 255 0
3  1487 714 716  255 255 0
3  1487 1219 714  255 255 0
3  720 719 1490  255 255 0
3  1489 720 1490  255 255 0
3  1244 712 1606  0 192 0
3  1605 1244 1606  0 192 0
3  716 720 1489  255 255 0
3  1488 716 1489  255 255 0
3  722 721 1249  245 222 179
3  1250 722 1249  245 222 179
3  706 888 1243  0 255 255
3  1231 706 1243  0 255 255
3  721 709 1234  245 222 179
3  1249 721 1234  245 222 179
3  596 70 268  255 64 255
3  591 1201 70  255 64 255
3  70 1201 1216  255 64 255
3  591 70 596  255 64 255
3  276 591 596  255 64 255
3  269 276 596  255 64 255
3  1228 385 1515  0 255 255
3  1514 1228 1515  0 255 255
3  719 698 1480  255 255 0
3  1490 719 1480  255 255 0
3  86 495 1229  0 255 255
3  1251 86 1229  0 255 255
3  718 710 1236  0 255 255
3  1248 718 1236  0 255 255
3  711 718 1248  245 222 179
3  1237 711 1248  245 222 179
3  1483 702 703  255 128 128
3  1483 703 1485  255 128 128
3  903 1186 1253  0 192 0
3  1254 903 1253  0 192 0
3  67 1210 1256  255 64 255
3  1257 67 1256  255 64 255
3  466 1258 1648  0 255 255
3  1647 466 1648  0 255 255
3  476 1260 1541  0 255 255
3  1540 476 1541  0 255 255
3  590 1262 66  255 64 255
3  1262 1256 66  255 64 255
3  66 1256 1210  255 64 255
3  590 66 275  255 64 255
3  590 274 1252  255 64 255
3  1262 590 1252  255 64 255
3  1137 1074 1726  0 255 255
3  1725 1137 1726  0 255 255
3  1401 1076 1728  0 255 255
3  1727 1401 1728  0 255 255
3  1423 1075 1730  0 255 255
3  1729 1423 1730  0 255 255
3  1268 552 902  255 255 0
3  1269 552 1268  255 255 0
3  902 552 901  255 255 0
3  904 1252 1614  0 192 0
3  1613 904 1614  0 192 0
3  902 905 1270  255 255 0
3  1268 902 1270  255 255 0
3  903 1254 1764  0 192 0
3  1763 903 1764  0 192 0
3  905 906 1255  255 255 0
3  1270 905 1255  255 255 0
3  1080 1081 1271  245 222 179
3  1272 1080 1271  245 222 179
3  1086 1087 1273  0 255 255
3  1274 1086 1273  0 255 255
3  1088 1089 1275  0 255 255
3  1276 1088 1275  0 255 255
3  1090 1080 1272  245 222 179
3  1277 1090 1272  245 222 179
3  1092 1093 1278  0 255 255
3  1279 1092 1278  0 255 255
3  1093 1090 1277  245 222 179
3  1278 1093 1277  245 222 179
3  1089 1092 1279  0 255 255
3  1275 1089 1279  0 255 255
3  1087 1097 1280  0 255 255
3  1273 1087 1280  0 255 255
3  1097 1088 1276  0 255 255
3  1280 1097 1276  0 255 255
3  1098 1099 1281  0 255 255
3  1282 1098 1281  0 255 255
3  1099 1100 1283  0 255 255
3  1281 1099 1283  0 255 255
3  1124 1103 1732  0 255 255
3  1731 1124 1732  0 255 255
3  1290 1124 1731  0 255 255
3  1733 1290 1731  0 255 255
3  1103 1137 1725  0 255 255
3  1732 1103 1725  0 255 255
3  1287 552 1269  255 255 0
3  1288 1121 1122  128 128 255
3  1288 1122 1289  128 128 255
3  1073 1290 1733  0 255 255
3  1734 1073 1733  0 255 255
3  138 522 1292  255 0 0
3  1293 138 1292  255 0 0
3  1128 1127 1294  72 61 139
3  1295 1128 1294  72 61 139
3  1130 1129 1296  255 0 0
3  1297 1130 1296  255 0 0
3  1127 1131 1298  72 61 139
3  1294 1127 1298  72 61 139
3  1131 1130 1297  255 0 0
3  1298 1131 1297  255 0 0
3  1134 1299 1796  255 0 0
3  1795 1134 1796  255 0 0
3  522 1052 1300  255 0 0
3  1292 522 1300  255 0 0
3  1052 113 1301  255 0 0
3  1300 1052 1301  255 0 0
3  1302 1128 1295  72 61 139
3  1134 138 1293  255 0 0
3  1299 1134 1293  255 0 0
3  1073 290 1303  0 255 255
3  1290 1073 1303  0 255 255
3  1305 374 328  255 0 255
3  1305 328 1304  255 0 255
3  1306 1307 38  72 61 139
3  38 1393 1392  72 61 139
3  1306 38 1392  72 61 139
3  1307 168 38  72 61 139
3  341 1289 1448  64 255 255
3  1447 341 1448  64 255 255
3  184 168 1307  72 61 139
3  1288 184 1307  72 61 139
3  96 1286 1291  0 255 255
3  1308 96 1291  0 255 255
3  931 1392 1394  72 61 139
3  1306 1392 931  72 61 139
3  1302 1306 931  72 61 139
3  1128 1302 931  72 61 139
3  1303 290 374  255 0 255
3  1303 374 1305  255 0 255
3  1188 867 1368  0 192 0
3  1367 1188 1368  0 192 0
3  595 57 862  0 192 0
3  1209 1213 57  0 192 0
3  57 863 862  0 192 0
3  1209 57 595  0 192 0
3  1493 351 303  255 0 0
3  1493 303 1491  255 0 0
3  1022 767 1315  0 255 255
3  1316 1022 1315  0 255 255
3  58 1213 1209  0 192 0
3  235 58 1209  0 192 0
3  54 865 550  255 255 0
3  866 865 54  255 255 0
3  1370 866 54  255 255 0
3  54 1371 1370  255 255 0
3  267 868 1616  0 192 0
3  1615 267 1616  0 192 0
3  869 866 1370  255 255 0
3  1372 869 1370  255 255 0
3  1321 399 1320  245 222 179
3  303 103 1494  0 255 255
3  1491 303 1494  0 255 255
3  1323 1320 745  245 222 179
3  44 744 745  245 222 179
3  1320 44 745  245 222 179
3  399 210 44  245 222 179
3  1320 399 44  245 222 179
3  259 396 1324  0 255 255
3  1325 259 1324  0 255 255
3  431 245 1327  0 255 255
3  1328 431 1327  0 255 255
3  748 758 1329  0 255 255
3  1326 748 1329  0 255 255
3  759 748 1326  245 222 179
3  1330 759 1326  245 222 179
3  767 890 1331  0 255 255
3  1315 767 1331  0 255 255
3  745 768 1332  245 222 179
3  1323 745 1332  245 222 179
3  758 1022 1316  0 255 255
3  1329 758 1316  0 255 255
3  768 759 1330  245 222 179
3  1332 768 1330  245 222 179
3  396 431 1328  0 255 255
3  1324 396 1328  0 255 255
3  783 259 1325  0 255 255
3  1333 783 1325  0 255 255
3  890 783 1333  0 255 255
3  1331 890 1333  0 255 255
3  862 868 267  0 192 0
3  595 862 267  0 192 0
3  1368 867 1766  0 192 0
3  1765 1368 1766  0 192 0
3  870 869 1372  255 255 0
3  1369 870 1372  255 255 0
3  347 351 1493  64 255 255
3  1492 347 1493  64 255 255
3  1495 175 347  255 0 0
3  1495 347 1492  255 0 0
3  1496 211 175  255 0 0
3  1496 175 1495  255 0 0
3  752 1192 1335  0 192 0
3  1336 752 1335  0 192 0
3  747 746 1338  0 192 0
3  1339 747 1338  0 192 0
3  745 744 1340  245 222 179
3  1341 745 1340  245 222 179
3  259 783 1343  0 255 255
3  1342 259 1343  0 255 255
3  284 425 1344  255 64 255
3  1342 284 1344  255 64 255
3  79 425 283  255 64 255
3  1344 425 79  255 64 255
3  1345 1344 79  255 64 255
3  79 635 1345  255 64 255
3  767 1022 1346  0 255 255
3  1347 767 1346  0 255 255
3  583 1349 1350  255 255 0
3  749 1349 583  255 255 0
3  750 749 583  255 255 0
3  751 1351 1618  0 192 0
3  1617 751 1618  0 192 0
3  749 753 1352  255 255 0
3  1349 749 1352  255 255 0
3  758 748 1348  0 255 255
3  1355 758 1348  0 255 255
3  748 759 1356  245 222 179
3  1348 748 1356  245 222 179
3  1357 760 761  255 128 128
3  1357 761 1358  255 128 128
3  498 1359 1530  0 255 255
3  1529 498 1530  0 255 255
3  635 78 1360  255 64 255
3  1345 635 1360  255 64 255
3  498 87 1361  0 255 255
3  1359 498 1361  0 255 255
3  783 890 1362  0 255 255
3  1343 783 1362  0 255 255
3  757 583 1354  255 255 0
3  583 1363 1354  255 255 0
3  755 583 757  255 255 0
3  1353 756 765  255 128 128
3  1353 765 1364  255 128 128
3  1358 761 766  255 128 128
3  1358 766 1365  255 128 128
3  1364 765 760  255 128 128
3  1364 760 1357  255 128 128
3  1365 766 757  255 128 128
3  1365 757 1354  255 128 128
3  890 767 1347  0 255 255
3  1362 890 1347  0 255 255
3  768 745 1341  245 222 179
3  1366 768 1341  245 222 179
3  1022 758 1355  0 255 255
3  1346 1022 1355  0 255 255
3  759 768 1366  245 222 179
3  1356 759 1366  245 222 179
3  751 747 1339  0 192 0
3  1351 751 1339  0 192 0
3  752 1336 1768  0 192 0
3  1767 752 1768  0 192 0
3  753 754 1337  255 255 0
3  1352 753 1337  255 255 0
3  1363 583 1350  255 255 0
3  1309 1310 1367  0 192 0
3  1368 1309 1367  0 192 0
3  1317 1318 1370  255 255 0
3  1371 1317 1370  255 255 0
3  278 267 1615  0 192 0
3  1619 278 1615  0 192 0
3  1318 1319 1372  255 255 0
3  1370 1318 1372  255 255 0
3  1309 1368 1765  0 192 0
3  1769 1309 1765  0 192 0
3  1319 1311 1369  255 255 0
3  1372 1319 1369  255 255 0
3  811 804 1373  0 255 255
3  1374 811 1373  0 255 255
3  804 812 1375  245 222 179
3  1373 804 1375  245 222 179
3  795 796 1376  0 255 255
3  1377 795 1376  0 255 255
3  797 798 1378  245 222 179
3  1379 797 1378  245 222 179
3  796 799 1380  0 255 255
3  1376 796 1380  0 255 255
3  799 801 1381  0 255 255
3  1380 799 1381  0 255 255
3  886 815 1382  0 255 255
3  1383 886 1382  0 255 255
3  816 797 1379  245 222 179
3  1384 816 1379  245 222 179
3  1017 811 1374  0 255 255
3  1385 1017 1374  0 255 255
3  812 816 1384  245 222 179
3  1375 812 1384  245 222 179
3  815 1017 1385  0 255 255
3  1382 815 1385  0 255 255
3  801 886 1383  0 255 255
3  1381 801 1383  0 255 255
3  1387 900 899  255 0 0
3  1387 899 1378  255 0 0
3  918 919 1388  0 255 255
3  1389 918 1388  0 255 255
3  919 898 1386  0 255 255
3  1388 919 1386  0 255 255
3  1390 920 900  255 0 0
3  1390 900 1387  255 0 0
3  1386 898 921  255 0 0
3  1386 921 1391  255 0 0
3  1391 921 920  255 0 0
3  1391 920 1390  255 0 0
3  1392 1393 37  72 61 139
3  37 1407 1406  72 61 139
3  37 167 1407  72 61 139
3  1392 37 1406  72 61 139
3  1394 1392 1406  72 61 139
3  1408 1394 1406  72 61 139
3  1396 1397 1412  255 0 0
3  1411 1396 1412  255 0 0
3  1395 1394 1408  72 61 139
3  1409 1395 1408  72 61 139
3  1397 1395 1409  255 0 0
3  1412 1397 1409  255 0 0
3  511 142 1414  255 0 0
3  1413 511 1414  255 0 0
3  1398 1396 1411  255 0 0
3  1415 1398 1411  255 0 0
3  1416 1399 1798  255 0 0
3  1797 1416 1798  255 0 0
3  1040 511 1413  255 0 0
3  1417 1040 1413  255 0 0
3  115 1040 1  255 0 0
3  1040 1417 1  255 0 0
3  1 1417 1418  255 0 0
3  115 1 0  255 0 0
3  142 1399 1416  255 0 0
3  1414 142 1416  255 0 0
3  1075 619 1400  0 255 255
3  1401 1075 1400  0 255 255
3  1403 557 558  128 128 0
3  1403 558 1404  128 128 0
3  1075 1401 1727  0 255 255
3  1730 1075 1727  0 255 255
3  566 562 1406  72 61 139
3  1407 566 1406  72 61 139
3  562 561 1408  72 61 139
3  1406 562 1408  72 61 139
3  564 933 1411  255 0 0
3  1412 564 1411  255 0 0
3  561 565 1409  72 61 139
3  1408 561 1409  72 61 139
3  565 564 1412  255 0 0
3  1409 565 1412  255 0 0
3  560 559 1413  255 0 0
3  1414 560 1413  255 0 0
3  933 563 1415  255 0 0
3  1411 933 1415  255 0 0
3  966 1416 1797  255 0 0
3  1808 966 1797  255 0 0
3  559 1038 1417  255 0 0
3  1413 559 1417  255 0 0
3  1038 567 1418  255 0 0
3  1417 1038 1418  255 0 0
3  966 560 1414  255 0 0
3  1416 966 1414  255 0 0
3  1404 558 568  128 128 0
3  1404 568 1419  128 128 0
3  619 569 1410  0 255 255
3  1400 619 1410  0 255 255
3  566 1407 1419  72 61 139
3  568 566 1419  72 61 139
3  571 570 1420  0 255 255
3  1421 571 1420  0 255 255
3  570 1266 1405  0 255 255
3  1420 570 1405  0 255 255
3  1402 556 557  128 128 0
3  1402 557 1403  128 128 0
3  1422 1423 1463  0 255 255
3  1462 1422 1463  0 255 255
3  1463 1423 1729  0 255 255
3  1739 1463 1729  0 255 255
3  1425 1426 1044  255 0 0
3  116 1425 1044  255 0 0
3  1424 1427 1465  0 255 255
3  1464 1424 1465  0 255 255
3  1428 1429 1467  255 0 0
3  1466 1428 1467  255 0 0
3  1432 1433 1469  255 0 0
3  144 1432 1469  255 0 0
3  1435 378 336  128 128 0
3  1435 336 1436  128 128 0
3  1437 1432 144  255 0 0
3  513 1437 144  255 0 0
3  1438 1439 1471  72 61 139
3  1470 1438 1471  72 61 139
3  1440 1428 1466  255 0 0
3  1472 1440 1466  255 0 0
3  1430 1438 1470  72 61 139
3  1468 1430 1470  72 61 139
3  1429 1430 1468  255 0 0
3  1467 1429 1468  255 0 0
3  1439 36 1471  72 61 139
3  36 1473 1471  72 61 139
3  1441 36 1439  72 61 139
3  1441 166 36  72 61 139
3  1469 1433 1810  255 0 0
3  1809 1469 1810  255 0 0
3  1426 1437 513  255 0 0
3  1044 1426 513  255 0 0
3  1436 336 203  128 128 0
3  1436 203 1442  128 128 0
3  1431 1422 1462  0 255 255
3  1474 1431 1462  0 255 255
3  166 1441 1442  72 61 139
3  203 166 1442  72 61 139
3  1427 1443 1475  0 255 255
3  1465 1427 1475  0 255 255
3  1434 296 378  128 128 0
3  1434 378 1435  128 128 0
3  1198 194 1603  192 0 192
3  1600 1198 1603  192 0 192
3  1204 232 1445  192 0 192
3  1446 1204 1445  192 0 192
3  604 1204 1446  192 0 192
3  1444 604 1446  192 0 192
3  1304 328 1447  64 255 255
3  1448 1304 1447  64 255 255
3  455 1410 1402  0 255 255
3  295 455 1402  0 255 255
3  329 330 1449  64 255 255
3  1450 329 1449  64 255 255
3  1445 232 1791  192 0 192
3  1790 1445 1791  192 0 192
3  327 1138 1452  64 255 255
3  1453 327 1452  64 255 255
3  247 637 1454  192 0 192
3  1455 247 1454  192 0 192
3  30 924 1456  192 0 192
3  1457 30 1456  192 0 192
3  616 1197 615  255 64 255
3  194 1198 616  255 64 255
3  1198 1197 616  255 64 255
3  618 617 326  64 255 255
3  325 618 326  64 255 255
3  1410 569 556  0 255 255
3  1402 1410 556  0 255 255
3  332 625 1650  64 255 255
3  1652 332 1650  64 255 255
3  293 457 1548  0 255 255
3  1544 293 1548  0 255 255
3  296 1434 1476  0 255 255
3  1431 1474 1476  0 255 255
3  1434 1431 1476  0 255 255
3  539 624 1762  64 255 255
3  1777 539 1762  64 255 255
3  569 1431 1434  0 255 255
3  556 569 1434  0 255 255
3  628 624 539  64 255 255
3  324 628 539  64 255 255
3  947 329 1450  64 255 255
3  1458 947 1450  64 255 255
3  1104 1125 1459  64 255 255
3  1460 1104 1459  64 255 255
3  1125 1304 1448  64 255 255
3  1459 1125 1448  64 255 255
3  1138 1104 1460  64 255 255
3  1452 1138 1460  64 255 255
3  637 125 441  192 0 192
3  1454 637 441  192 0 192
3  338 947 1458  64 255 255
3  1461 338 1458  64 255 255
3  924 247 1455  192 0 192
3  1456 924 1455  192 0 192
3  1079 626 1462  0 255 255
3  1463 1079 1462  0 255 255
3  1079 1463 1739  0 255 255
3  1740 1079 1739  0 255 255
3  1064 147 17  192 0 192
3  14 1064 17  192 0 192
3  16 14 17  192 0 192
3  14 145 1063  192 0 192
3  1064 14 1063  192 0 192
3  16 15 14  192 0 192
3  473 1267 1464  0 255 255
3  1465 473 1464  0 255 255
3  1466 1467 1552  255 0 0
3  1551 1466 1552  255 0 0
3  144 1469 1554  255 0 0
3  146 144 1554  255 0 0
3  1470 1471 1556  72 61 139
3  1555 1470 1556  72 61 139
3  1472 1466 1551  255 0 0
3  1557 1472 1551  255 0 0
3  1468 1470 1555  72 61 139
3  1553 1468 1555  72 61 139
3  1467 1468 1553  255 0 0
3  1552 1467 1553  255 0 0
3  1556 35 1549  72 61 139
3  1471 35 1556  72 61 139
3  1473 35 1471  72 61 139
3  165 1549 35  72 61 139
3  1554 1469 1809  255 0 0
3  1811 1554 1809  255 0 0
3  533 144 146  192 0 192
3  534 533 146  192 0 192
3  1063 533 534  192 0 192
3  1064 1063 534  192 0 192
3  626 456 1474  0 255 255
3  1462 626 1474  0 255 255
3  94 473 1465  0 255 255
3  1475 94 1465  0 255 255
3  1474 456 1476  0 255 255
3  1602 1196 1623  0 192 0
3  1222 1480 1486  255 255 0
3  1230 1222 1486  255 255 0
3  1481 1224 1223  255 128 128
3  1481 1223 1482  255 128 128
3  1483 1226 1225  255 128 128
3  1483 1225 1484  255 128 128
3  1482 1223 1227  255 128 128
3  1482 1227 1485  255 128 128
3  1484 1225 1230  255 128 128
3  1484 1230 1486  255 128 128
3  1488 1245 1487  255 255 0
3  1246 1247 1489  255 255 0
3  1490 1246 1489  255 255 0
3  1247 1245 1488  255 255 0
3  1489 1247 1488  255 255 0
3  1222 1246 1490  255 255 0
3  1480 1222 1490  255 255 0
3  1485 1227 1226  255 128 128
3  1485 1226 1483  255 128 128
3  1491 1312 1314  255 0 0
3  1491 1314 1493  255 0 0
3  1322 1312 1491  0 255 255
3  1494 1322 1491  0 255 255
3  1314 1313 1492  64 255 255
3  1493 1314 1492  64 255 255
3  1492 1313 1334  255 0 0
3  1492 1334 1495  255 0 0
3  1495 1334 1321  255 0 0
3  1495 1321 1496  255 0 0
3  707 1015 1497  0 255 255
3  1498 707 1497  0 255 255
3  721 722 45  245 222 179
3  45 1499 401  245 222 179
3  45 1496 1499  245 222 179
3  45 211 1496  245 222 179
3  721 45 401  245 222 179
3  725 384 704  0 255 255
3  1500 1501 704  0 255 255
3  384 1500 704  0 255 255
3  1502 401 1499  245 222 179
3  244 428 1504  0 255 255
3  1505 244 1504  0 255 255
3  710 718 1503  0 255 255
3  1506 710 1503  0 255 255
3  718 711 1507  245 222 179
3  1503 718 1507  245 222 179
3  889 1498 1508  0 255 255
3  706 1498 889  0 255 255
3  706 707 1498  0 255 255
3  708 709 1509  245 222 179
3  401 1502 1509  245 222 179
3  709 401 1509  245 222 179
3  1015 710 1506  0 255 255
3  1497 1015 1506  0 255 255
3  711 708 1509  245 222 179
3  1507 711 1509  245 222 179
3  428 258 1510  0 255 255
3  1504 428 1510  0 255 255
3  258 781 1511  0 255 255
3  1510 258 1511  0 255 255
3  1511 889 1512  0 255 255
3  781 889 1511  0 255 255
3  781 888 889  0 255 255
3  1512 889 1508  0 255 255
3  1170 1478 1784  0 192 0
3  1785 1170 1784  0 192 0
3  1245 1171 1487  255 255 0
3  1169 1479 1487  255 255 0
3  1171 1169 1487  255 255 0
3  269 1623 276  0 192 0
3  1624 1623 269  0 192 0
3  276 1623 1196  0 192 0
3  704 1501 1537  0 255 255
3  1528 704 1537  0 255 255
3  1500 384 1513  0 255 255
3  1514 1515 309  0 255 255
3  1224 1514 309  0 255 255
3  1517 1518 645  0 255 255
3  308 1517 645  0 255 255
3  1519 1520 1681  72 61 139
3  1680 1519 1681  72 61 139
3  1521 1522 1683  255 0 0
3  1682 1521 1683  255 0 0
3  1523 1519 1680  72 61 139
3  1684 1523 1680  72 61 139
3  1524 1523 1684  255 0 0
3  1685 1524 1684  255 0 0
3  1520 1525 1686  72 61 139
3  1681 1520 1686  72 61 139
3  1678 1521 1682  255 0 0
3  1678 1526 1521  255 0 0
3  964 1526 1678  255 0 0
3  1527 1528 700  0 255 255
3  756 1527 700  0 255 255
3  1529 1530 1353  0 255 255
3  310 1529 1353  0 255 255
3  794 854 1688  64 255 255
3  1687 794 1688  64 255 255
3  1566 832 1690  64 255 255
3  1689 1566 1690  64 255 255
3  854 314 1691  64 255 255
3  1688 854 1691  64 255 255
3  1531 1532 1693  192 0 192
3  1692 1531 1693  192 0 192
3  1530 1527 756  0 255 255
3  1353 1530 756  0 255 255
3  1522 1524 1685  255 0 0
3  1683 1522 1685  255 0 0
3  1824 1533 1814  255 0 0
3  1679 1533 1824  255 0 0
3  1822 1679 1824  255 0 0
3  1679 1516 1533  255 0 0
3  1534 1535 990  0 255 255
3  674 1534 990  0 255 255
3  1535 1536 307  0 255 255
3  990 1535 307  0 255 255
3  1518 1534 674  0 255 255
3  645 1518 674  0 255 255
3  1537 1514 1224  0 255 255
3  1481 1537 1224  0 255 255
3  1532 1538 1694  192 0 192
3  1693 1532 1694  192 0 192
3  832 794 1687  64 255 255
3  1690 832 1687  64 255 255
3  1525 1539 1695  72 61 139
3  1686 1525 1695  72 61 139
3  1538 1516 1679  192 0 192
3  1694 1538 1679  192 0 192
3  1528 1537 1481  0 255 255
3  700 1528 1481  0 255 255
3  1540 1541 1628  0 255 255
3  1627 1540 1628  0 255 255
3  621 1629 1626  0 255 255
3  1543 1629 621  0 255 255
3  1542 1543 621  0 255 255
3  1632 1546 1545  128 128 0
3  1632 1545 1631  128 128 0
3  1633 1547 1546  128 128 0
3  1633 1546 1632  128 128 0
3  1542 621 1548  0 255 255
3  1549 1547 1633  72 61 139
3  1634 1549 1633  72 61 139
3  1541 1550 1635  0 255 255
3  1628 1541 1635  0 255 255
3  1629 1543 1736  0 255 255
3  1748 1629 1736  0 255 255
3  1630 621 1625  0 255 255
3  1544 621 1630  0 255 255
3  1544 1548 621  0 255 255
3  117 1054 1637  255 0 0
3  1636 117 1637  255 0 0
3  1551 1552 1639  255 0 0
3  1638 1551 1639  255 0 0
3  146 1554 1642  255 0 0
3  1641 146 1642  255 0 0
3  524 146 1641  255 0 0
3  1643 524 1641  255 0 0
3  1555 1556 1645  72 61 139
3  1644 1555 1645  72 61 139
3  1557 1551 1638  255 0 0
3  1646 1557 1638  255 0 0
3  1553 1555 1644  72 61 139
3  1640 1553 1644  72 61 139
3  1552 1553 1640  255 0 0
3  1639 1552 1640  255 0 0
3  1556 1549 1634  72 61 139
3  1645 1556 1634  72 61 139
3  1642 1554 1811  255 0 0
3  1819 1642 1811  255 0 0
3  1054 524 1643  255 0 0
3  1637 1054 1643  255 0 0
3  1631 1545 1544  128 128 0
3  1631 1544 1630  128 128 0
3  840 1185 1558  0 192 0
3  1559 840 1558  0 192 0
3  836 835 237  0 192 0
3  599 836 237  0 192 0
3  1562 828 829  255 128 64
3  1562 829 1563  255 128 64
3  1564 830 831  0 0 255
3  1564 831 1565  0 0 255
3  1563 829 832  255 128 64
3  1563 832 1566  255 128 64
3  1565 831 827  0 0 255
3  1565 827 1561  0 0 255
3  1568 826 1567  245 222 179
3  838 837 1569  255 255 0
3  1570 838 1569  255 255 0
3  839 271 1620  0 192 0
3  1622 839 1620  0 192 0
3  837 841 1571  255 255 0
3  1569 837 1571  255 255 0
3  839 836 599  0 192 0
3  271 839 599  0 192 0
3  840 1559 1774  0 192 0
3  1776 840 1774  0 192 0
3  841 842 1560  255 255 0
3  1571 841 1560  255 255 0
3  827 838 1570  255 255 0
3  1561 827 1570  255 255 0
3  1573 390 346  255 0 0
3  1573 346 1574  255 0 0
3  1575 174 208  255 0 0
3  1575 208 1567  255 0 0
3  100 740 1576  0 255 255
3  1577 100 1576  0 255 255
3  306 496 1578  0 255 255
3  1562 306 1578  0 255 255
3  740 300 1572  0 255 255
3  1576 740 1572  0 255 255
3  1574 346 174  255 0 0
3  1574 174 1575  255 0 0
3  496 89 1579  0 255 255
3  1578 496 1579  0 255 255
3  1572 300 390  255 0 0
3  1572 390 1573  255 0 0
3  914 1018 1580  0 255 255
3  1581 914 1580  0 255 255
3  908 909 1583  0 255 255
3  1584 908 1583  0 255 255
3  1585 910 1568  245 222 179
3  910 899 1568  245 222 179
3  899 826 1568  245 222 179
3  909 911 1586  0 255 255
3  1583 909 1586  0 255 255
3  911 912 1587  0 255 255
3  1586 911 1587  0 255 255
3  913 914 1581  0 255 255
3  1588 913 1581  0 255 255
3  915 910 1585  245 222 179
3  1589 915 1585  245 222 179
3  1018 907 1582  0 255 255
3  1580 1018 1582  0 255 255
3  907 915 1589  245 222 179
3  1582 907 1589  245 222 179
3  917 69 1211  255 64 255
3  598 270 69  255 64 255
3  69 1214 1211  255 64 255
3  598 69 917  255 64 255
3  917 904 271  255 64 255
3  598 917 271  255 64 255
3  912 913 1588  0 255 255
3  1587 912 1588  0 255 255
3  315 1566 1689  64 255 255
3  1696 315 1689  64 255 255
3  600 607 1590  192 0 192
3  1591 600 1590  192 0 192
3  512 1042 1592  255 128 0
3  1593 512 1592  255 128 0
3  657 680 1594  0 192 0
3  1595 657 1594  0 192 0
3  995 410 1596  0 192 0
3  1597 995 1596  0 192 0
3  1042 107 1598  255 128 0
3  1592 1042 1598  255 128 0
3  1599 26 944  192 0 192
3  1600 1444 26  192 0 192
3  26 1444 603  192 0 192
3  1600 26 1599  192 0 192
3  512 1593 1609  255 128 0
3  371 512 1609  255 128 0
3  1170 657 1595  0 192 0
3  1602 1170 1595  0 192 0
3  680 995 1597  0 192 0
3  1594 680 1597  0 192 0
3  944 976 1601  192 0 192
3  1599 944 1601  192 0 192
3  607 604 1603  192 0 192
3  1590 607 1603  192 0 192
3  410 359 1604  0 192 0
3  1596 410 1604  0 192 0
3  1193 1218 1605  0 192 0
3  1606 1193 1605  0 192 0
3  462 1175 1607  128 128 255
3  1591 462 1607  128 128 255
3  1609 1177 1178  255 64 128
3  1609 1178 1610  255 64 128
3  1179 1611 1718  0 192 0
3  1710 1179 1718  0 192 0
3  1253 1186 1613  0 192 0
3  1614 1253 1613  0 192 0
3  1188 1367 1615  0 192 0
3  1616 1188 1615  0 192 0
3  1335 1192 1617  0 192 0
3  1618 1335 1617  0 192 0
3  1367 1310 1619  0 192 0
3  1615 1367 1619  0 192 0
3  1186 1558 1620  0 192 0
3  1613 1186 1620  0 192 0
3  1185 1187 1621  0 192 0
3  1622 1185 1621  0 192 0
3  1187 1188 1616  0 192 0
3  1621 1187 1616  0 192 0
3  1310 1335 1618  0 192 0
3  1619 1310 1618  0 192 0
3  1192 1193 1606  0 192 0
3  1617 1192 1606  0 192 0
3  1179 1253 1614  0 192 0
3  1611 1179 1614  0 192 0
3  604 1444 1600  192 0 192
3  1603 604 1600  192 0 192
3  1478 1623 1477  0 192 0
3  1170 1623 1478  0 192 0
3  1170 1602 1623  0 192 0
3  1176 1180 1612  0 192 0
3  1608 1176 1612  0 192 0
3  1218 1477 1624  0 192 0
3  1605 1218 1624  0 192 0
3  1175 1176 1608  128 128 255
3  1607 1175 1608  128 128 255
3  1624 1477 1623  0 192 0
3  1558 1185 1622  0 192 0
3  1620 1558 1622  0 192 0
3  458 627 1625  0 255 255
3  1626 458 1625  0 255 255
3  1627 1628 1698  0 255 255
3  1697 1627 1698  0 255 255
3  1077 458 1626  0 255 255
3  1629 1077 1626  0 255 255
3  1631 376 334  128 128 0
3  1631 334 1632  128 128 0
3  1632 334 201  128 128 0
3  1632 201 1633  128 128 0
3  201 164 1634  72 61 139
3  1633 201 1634  72 61 139
3  1628 1635 1699  0 255 255
3  1698 1628 1699  0 255 255
3  1077 1629 1700  0 255 255
3  1629 1747 1700  0 255 255
3  1629 1748 1747  0 255 255
3  627 294 1630  0 255 255
3  1625 627 1630  0 255 255
3  1636 1637 1046  255 0 0
3  120 1636 1046  255 0 0
3  1638 1639 1702  255 0 0
3  1701 1638 1702  255 0 0
3  1641 1642 1704  255 0 0
3  156 1641 1704  255 0 0
3  1643 1641 156  255 0 0
3  515 1643 156  255 0 0
3  1644 1645 1706  72 61 139
3  1705 1644 1706  72 61 139
3  1646 1638 1701  255 0 0
3  1707 1646 1701  255 0 0
3  1640 1644 1705  72 61 139
3  1703 1640 1705  72 61 139
3  1639 1640 1703  255 0 0
3  1702 1639 1703  255 0 0
3  1645 34 1706  72 61 139
3  34 1708 1706  72 61 139
3  1634 34 1645  72 61 139
3  1634 164 34  72 61 139
3  1704 1642 1819  255 0 0
3  1818 1704 1819  255 0 0
3  1637 1643 515  255 0 0
3  1046 1637 515  255 0 0
3  1630 294 376  128 128 0
3  1630 376 1631  128 128 0
3  1666 1259 1667  0 255 255
3  1647 1259 1666  0 255 255
3  1647 1648 1259  0 255 255
3  320 618 1650  64 255 255
3  1651 320 1650  64 255 255
3  1653 381 218  128 128 255
3  1653 218 1654  128 128 255
3  1094 291 1649  0 255 255
3  1655 1094 1649  0 255 255
3  219 199 1656  128 128 0
3  219 1656 325  128 128 0
3  325 1656 1652  128 128 0
3  199 162 1657  72 61 139
3  1656 199 1657  72 61 139
3  1658 1259 1648  0 255 255
3  618 325 1652  64 255 255
3  1650 618 1652  64 255 255
3  1094 1655 1741  0 255 255
3  1749 1094 1741  0 255 255
3  1654 218 292  128 128 255
3  1654 292 1649  128 128 255
3  118 1055 1045  255 0 0
3  119 118 1045  255 0 0
3  1659 1660 1670  255 0 0
3  1669 1659 1670  255 0 0
3  150 148 1821  255 0 0
3  1820 150 1821  255 0 0
3  525 148 150  255 0 0
3  514 525 150  255 0 0
3  1663 1664 1674  72 61 139
3  1673 1663 1674  72 61 139
3  1665 1659 1669  255 0 0
3  1675 1665 1669  255 0 0
3  1661 1663 1673  72 61 139
3  1671 1661 1673  72 61 139
3  1660 1661 1671  255 0 0
3  1670 1660 1671  255 0 0
3  1664 32 1674  72 61 139
3  32 1676 1674  72 61 139
3  1657 32 1664  72 61 139
3  1657 162 32  72 61 139
3  1662 1665 1675  255 0 0
3  1672 1662 1675  255 0 0
3  1055 525 514  255 0 0
3  1045 1055 514  255 0 0
3  1651 321 381  128 128 255
3  1651 381 1653  128 128 255
3  90 465 1666  0 255 255
3  1667 90 1666  0 255 255
3  1666 465 1668  0 255 255
3  22 493 23  192 0 192
3  1035 493 22  192 0 192
3  1066 1035 22  192 0 192
3  22 151 1066  192 0 192
3  490 930 1669  255 0 0
3  1670 490 1669  255 0 0
3  484 150 1820  255 0 0
3  1815 484 1820  255 0 0
3  488 487 1673  72 61 139
3  1674 488 1673  72 61 139
3  930 489 1675  255 0 0
3  1669 930 1675  255 0 0
3  487 491 1671  72 61 139
3  1673 487 1671  72 61 139
3  491 490 1670  255 0 0
3  1671 491 1670  255 0 0
3  492 488 1674  72 61 139
3  1676 492 1674  72 61 139
3  489 963 1672  255 0 0
3  1675 489 1672  255 0 0
3  484 506 536  192 0 192
3  150 484 536  192 0 192
3  506 1035 1066  192 0 192
3  536 506 1066  192 0 192
3  579 961 1677  255 0 0
3  1678 579 1677  255 0 0
3  574 573 1680  72 61 139
3  1681 574 1680  72 61 139
3  929 575 1682  255 0 0
3  1683 929 1682  255 0 0
3  573 577 1684  72 61 139
3  1680 573 1684  72 61 139
3  577 576 1685  255 0 0
3  1684 577 1685  255 0 0
3  578 574 1681  72 61 139
3  1686 578 1681  72 61 139
3  575 579 1678  255 0 0
3  1682 575 1678  255 0 0
3  853 793 1687  64 255 255
3  1688 853 1687  64 255 255
3  830 1564 1689  64 255 255
3  1690 830 1689  64 255 255
3  312 853 1688  64 255 255
3  1691 312 1688  64 255 255
3  1069 584 1692  192 0 192
3  1693 1069 1692  192 0 192
3  576 929 1683  255 0 0
3  1685 576 1683  255 0 0
3  572 1679 1822  255 0 0
3  1813 572 1822  255 0 0
3  585 1069 1693  192 0 192
3  1694 585 1693  192 0 192
3  793 830 1690  64 255 255
3  1687 793 1690  64 255 255
3  588 578 1686  72 61 139
3  1695 588 1686  72 61 139
3  572 585 1694  192 0 192
3  1679 572 1694  192 0 192
3  1564 313 1696  64 255 255
3  1689 1564 1696  64 255 255
3  1261 475 1697  0 255 255
3  1698 1261 1697  0 255 255
3  92 1261 1698  0 255 255
3  1699 92 1698  0 255 255
3  1750 1700 1747  0 255 255
3  1065 149 21  192 0 192
3  1067 1065 21  192 0 192
3  20 18 21  192 0 192
3  18 157 1067  192 0 192
3  21 18 1067  192 0 192
3  20 19 18  192 0 192
3  1660 1659 1701  255 0 0
3  1702 1660 1701  255 0 0
3  156 1704 1823  255 0 0
3  148 156 1823  255 0 0
3  1821 148 1823  255 0 0
3  1664 1663 1705  72 61 139
3  1706 1664 1705  72 61 139
3  1659 1665 1707  255 0 0
3  1701 1659 1707  255 0 0
3  1663 1661 1703  72 61 139
3  1705 1663 1703  72 61 139
3  1661 1660 1702  255 0 0
3  1703 1661 1702  255 0 0
3  1706 1708 33  72 61 139
3  33 1657 1664  72 61 139
3  33 163 1657  72 61 139
3  1706 33 1664  72 61 139
3  1823 1704 1818  255 0 0
3  148 535 537  192 0 192
3  156 148 537  192 0 192
3  535 1065 1067  192 0 192
3  537 535 1067  192 0 192
3  1180 1084 1709  0 192 0
3  1710 1180 1709  0 192 0
3  1072 1071 1712  0 192 0
3  1713 1072 1712  0 192 0
3  1081 1080 1714  245 222 179
3  1715 1081 1714  245 222 179
3  1083 1082 1716  255 255 0
3  1717 1083 1716  255 255 0
3  1071 1612 1718  0 192 0
3  1712 1071 1718  0 192 0
3  1085 1083 1717  255 255 0
3  1719 1085 1717  255 255 0
3  1087 1086 250  0 255 255
3  287 1087 250  0 255 255
3  1089 1088 1720  0 255 255
3  1721 1089 1720  0 255 255
3  1080 1090 1722  245 222 179
3  1714 1080 1722  245 222 179
3  1093 1092 1723  0 255 255
3  1724 1093 1723  0 255 255
3  1090 1093 1724  245 222 179
3  1722 1090 1724  245 222 179
3  1263 1264 1725  0 255 255
3  1726 1263 1725  0 255 255
3  1265 1405 1727  0 255 255
3  1728 1265 1727  0 255 255
3  1266 1424 1729  0 255 255
3  1730 1266 1729  0 255 255
3  1284 1285 1731  0 255 255
3  1732 1284 1731  0 255 255
3  1285 1291 1733  0 255 255
3  1731 1285 1733  0 255 255
3  1264 1284 1732  0 255 255
3  1725 1264 1732  0 255 255
3  1291 1286 1734  0 255 255
3  1733 1291 1734  0 255 255
3  1709 1084 1783  0 192 0
3  1773 1709 1783  0 192 0
3  1091 1085 1719  255 255 0
3  1711 1091 1719  255 255 0
3  1096 1072 1713  0 192 0
3  1735 1096 1713  0 192 0
3  1092 1089 1721  0 255 255
3  1723 1092 1721  0 255 255
3  286 83 287  255 64 255
3  467 469 83  255 64 255
3  83 469 287  255 64 255
3  437 467 83  255 64 255
3  476 1540 1736  0 255 255
3  1737 476 1736  0 255 255
3  1097 1087 287  0 255 255
3  1738 1097 287  0 255 255
3  1088 1097 1738  0 255 255
3  1720 1088 1738  0 255 255
3  1405 1266 1730  0 255 255
3  1727 1405 1730  0 255 255
3  1424 1464 1739  0 255 255
3  1729 1424 1739  0 255 255
3  1464 1267 1740  0 255 255
3  1739 1464 1740  0 255 255
3  466 1647 1741  0 255 255
3  1742 466 1741  0 255 255
3  956 98 1743  0 255 255
3  1744 956 1743  0 255 255
3  99 956 1744  0 255 255
3  1745 99 1744  0 255 255
3  1082 1101 1746  255 255 0
3  1716 1082 1746  255 255 0
3  1612 1180 1710  0 192 0
3  1718 1612 1710  0 192 0
3  1627 1697 1747  0 255 255
3  1748 1627 1747  0 255 255
3  1749 1741 1668  0 255 255
3  1647 1666 1668  0 255 255
3  1741 1647 1668  0 255 255
3  1697 475 1750  0 255 255
3  1747 1697 1750  0 255 255
3  1540 1627 1748  0 255 255
3  1736 1540 1748  0 255 255
3  273 1751 1752  128 128 255
3  545 273 1752  128 128 255
3  543 273 545  128 128 255
3  540 545 1752  128 128 255
3  1753 540 1752  128 128 255
3  273 360 1759  128 128 255
3  1751 273 1759  128 128 255
3  714 1219 1760  0 192 0
3  1761 714 1760  0 192 0
3  452 615 1762  64 255 255
3  1754 452 1762  64 255 255
3  360 233 1755  128 128 255
3  1759 360 1755  128 128 255
3  1255 906 1763  0 192 0
3  1764 1255 1763  0 192 0
3  870 1369 1765  0 192 0
3  1766 870 1765  0 192 0
3  1337 754 1767  0 192 0
3  1768 1337 1767  0 192 0
3  1369 1311 1769  0 192 0
3  1765 1369 1769  0 192 0
3  656 681 1770  0 192 0
3  1771 656 1770  0 192 0
3  1711 470 1772  0 192 0
3  1773 1711 1772  0 192 0
3  906 1560 1774  0 192 0
3  1763 906 1774  0 192 0
3  842 810 1775  0 192 0
3  1776 842 1775  0 192 0
3  810 870 1766  0 192 0
3  1775 810 1766  0 192 0
3  1191 1041 1181  255 128 0
3  382 1041 1191  255 128 0
3  382 372 1041  255 128 0
3  1049 1041 372  255 128 0
3  754 714 1761  0 192 0
3  1767 754 1761  0 192 0
3  470 1255 1764  0 192 0
3  1772 470 1764  0 192 0
3  615 1197 1777  64 255 255
3  1762 615 1777  64 255 255
3  1198 1194 1779  192 0 192
3  1778 1198 1779  192 0 192
3  505 517 1756  255 128 0
3  365 505 1756  255 128 0
3  996 411 1781  0 192 0
3  1782 996 1781  0 192 0
3  233 1091 1783  0 192 0
3  1755 233 1783  0 192 0
3  1219 1479 1784  0 192 0
3  1760 1219 1784  0 192 0
3  541 540 1753  128 128 255
3  1754 541 1753  128 128 255
3  1169 656 1771  0 192 0
3  1785 1169 1771  0 192 0
3  681 996 1782  0 192 0
3  1770 681 1782  0 192 0
3  1311 1337 1768  0 192 0
3  1769 1311 1768  0 192 0
3  505 1041 1049  255 128 0
3  517 505 1049  255 128 0
3  1777 1197 1198  128 128 0
3  1777 1198 1778  128 128 0
3  1194 1195 1780  192 0 192
3  1779 1194 1780  192 0 192
3  411 230 1786  0 192 0
3  1781 411 1786  0 192 0
3  1091 1711 1773  0 192 0
3  1783 1091 1773  0 192 0
3  1479 1169 1785  0 192 0
3  1784 1479 1785  0 192 0
3  1560 842 1776  0 192 0
3  1774 1560 1776  0 192 0
3  28 629 1787  192 0 192
3  1788 28 1787  192 0 192
3  1451 27 1789  192 0 192
3  1790 1451 1789  192 0 192
3  192 1451 1790  192 0 192
3  1791 192 1790  192 0 192
3  629 192 1791  192 0 192
3  1787 629 1791  192 0 192
3  1195 1601 1610  192 0 192
3  1178 1195 1610  192 0 192
3  501 1142 1792  255 0 0
3  1793 501 1792  255 0 0
3  1296 1129 1795  255 0 0
3  1796 1296 1795  255 0 0
3  1398 1415 1797  255 0 0
3  1798 1398 1797  255 0 0
3  1800 1801 881  192 0 192
3  1801 939 881  192 0 192
3  939 938 881  192 0 192
3  263 730 1802  255 0 0
3  1803 263 1802  255 0 0
3  1030 937 1799  192 0 192
3  1804 1030 1799  192 0 192
3  730 448 1805  255 0 0
3  1802 730 1805  255 0 0
3  1800 881 1806  192 0 192
3  1806 881 1804  192 0 192
3  881 1030 1804  192 0 192
3  881 942 1030  192 0 192
3  1807 132 1794  123 104 238
3  1415 563 1808  255 0 0
3  1797 1415 1808  255 0 0
3  1440 1472 1809  255 0 0
3  1810 1440 1809  255 0 0
3  1472 1557 1811  255 0 0
3  1809 1472 1811  255 0 0
3  1780 1195 1178  192 0 192
3  1758 1780 1178  192 0 192
3  958 501 1793  255 0 0
3  1812 958 1793  255 0 0
3  961 962 1794  255 0 0
3  1813 961 1794  255 0 0
3  963 1526 1814  255 0 0
3  1815 963 1814  255 0 0
3  974 1780 1758  192 0 192
3  1807 974 1758  192 0 192
3  1112 1296 1796  255 0 0
3  1816 1112 1796  255 0 0
3  1129 1398 1798  255 0 0
3  1795 1129 1798  255 0 0
3  1142 1112 1816  255 0 0
3  1792 1142 1816  255 0 0
3  563 1440 1810  255 0 0
3  1808 563 1810  255 0 0
3  448 958 1812  255 0 0
3  1805 448 1812  255 0 0
3  928 263 945  255 0 0
3  263 1817 945  255 0 0
3  263 1803 1817  255 0 0
3  937 945 1817  255 0 0
3  1799 937 1817  255 0 0
3  1646 1707 1818  255 0 0
3  1819 1646 1818  255 0 0
3  1662 1672 1820  255 0 0
3  1821 1662 1820  255 0 0
3  1672 963 1815  255 0 0
3  1820 1672 1815  255 0 0
3  1677 961 1813  255 0 0
3  1822 1677 1813  255 0 0
3  1823 1662 1821  255 0 0
3  1823 1818 1707  255 0 0
3  1665 1823 1707  255 0 0
3  1662 1823 1665  255 0 0
3  1526 964 1824  255 0 0
3  1814 1526 1824  255 0 0
3  964 1677 1822  255 0 0
3  1824 964 1822  255 0 0
3  1557 1646 1819  255 0 0
3  1811 1557 1819  255 0 0
3  1601 976 160  192 0 192
3  1610 1601 160  192 0 192
3  1826 1825 0  128 255 64
3  1 1826 0  128 255 64
3  1827 1826 1  0 128 64
3  1418 1827 1  0 128 64
3  1829 1828 2  192 0 0
3  925 1829 2  192 0 0
3  1831 1830 3  255 64 128
3  939 1831 3  255 64 128
3  1833 1832 4  64 255 64
3  1058 1833 4  64 255 64
3  1835 1834 5  192 0 0
3  424 1835 5  192 0 0
3  1837 1836 6  255 255 128
3  7 1837 6  255 255 128
3  1838 1837 7  128 255 128
3  135 1838 7  128 255 128
3  1840 1839 8  123 104 238
3  9 1840 8  123 104 238
3  1841 1840 9  192 0 0
3  10 1841 9  192 0 0
3  1842 1841 10  173 216 230
3  11 1842 10  173 216 230
3  1843 1842 11  128 255 128
3  141 1843 11  128 255 128
3  1845 1844 12  255 165 0
3  13 1845 12  255 165 0
3  1846 1845 13  192 0 0
3  143 1846 13  192 0 0
3  1848 1847 14  240 128 128
3  15 1848 14  240 128 128
3  1849 1848 15  192 0 0
3  16 1849 15  192 0 0
3  1850 1849 16  50 205 50
3  17 1850 16  50 205 50
3  1851 1850 17  128 255 128
3  147 1851 17  128 255 128
3  1853 1852 18  64 0 128
3  19 1853 18  64 0 128
3  1854 1853 19  192 0 0
3  20 1854 19  192 0 0
3  1855 1854 20  255 128 255
3  21 1855 20  255 128 255
3  1856 1855 21  0 128 64
3  149 1856 21  0 128 64
3  1858 1857 22  245 222 179
3  23 1858 22  245 222 179
3  1859 1858 23  255 255 128
3  493 1859 23  255 255 128
3  1861 1860 24  176 196 222
3  25 1861 24  176 196 222
3  1862 1861 25  0 128 64
3  159 1862 25  0 128 64
3  1864 1863 26  255 64 64
3  603 1864 26  255 64 64
3  1866 1865 27  128 0 255
3  1451 1866 27  128 0 255
3  1868 1867 28  0 255 0
3  1788 1868 28  0 255 0
3  1870 1869 29  128 0 255
3  191 1870 29  128 0 255
3  1872 1871 30  64 0 128
3  1457 1872 30  64 0 128
3  1874 1873 31  240 128 128
3  588 1874 31  240 128 128
3  1876 1875 32  0 192 192
3  162 1876 32  0 192 192
3  1878 1877 33  240 128 128
3  1708 1878 33  240 128 128
3  1880 1879 34  64 64 255
3  164 1880 34  64 64 255
3  1882 1881 35  240 128 128
3  1473 1882 35  240 128 128
3  1884 1883 36  255 240 245
3  166 1884 36  255 240 245
3  1886 1885 37  240 128 128
3  1393 1886 37  240 128 128
3  1888 1887 38  64 255 128
3  168 1888 38  64 255 128
3  1890 1889 39  240 128 128
3  504 1890 39  240 128 128
3  1892 1891 40  224 255 255
3  170 1892 40  224 255 255
3  1894 1893 41  0 192 0
3  450 1894 41  0 192 0
3  1896 1895 42  128 64 0
3  208 1896 42  128 64 0
3  1898 1897 43  128 0 255
3  856 1898 43  128 0 255
3  1900 1899 44  128 128 255
3  210 1900 44  128 128 255
3  1902 1901 45  128 0 255
3  722 1902 45  128 0 255
3  1904 1903 46  176 196 222
3  212 1904 46  176 196 222
3  1906 1905 47  255 128 64
3  420 1906 47  255 128 64
3  1908 1907 48  255 228 196
3  288 1908 48  255 228 196
3  1910 1909 49  0 128 128
3  419 1910 49  0 128 128
3  1912 1911 50  128 0 128
3  546 1912 50  128 0 128
3  1914 1913 51  123 104 238
3  1174 1914 51  123 104 238
3  1916 1915 52  255 255 64
3  582 1916 52  255 255 64
3  1918 1917 53  123 104 238
3  1317 1918 53  123 104 238
3  1920 1919 54  128 64 255
3  550 1920 54  128 64 255
3  1922 1921 55  123 104 238
3  901 1922 55  123 104 238
3  1924 1923 56  64 255 64
3  1096 1924 56  64 255 64
3  1926 1925 57  0 0 192
3  1213 1926 57  0 0 192
3  1928 1927 58  173 216 230
3  235 1928 58  173 216 230
3  1930 1929 59  64 64 255
3  1212 1930 59  64 64 255
3  1932 1931 60  64 255 64
3  1338 1932 60  64 255 64
3  1934 1933 61  64 255 255
3  1215 1934 61  64 255 255
3  1936 1935 62  64 255 64
3  659 1936 62  64 255 64
3  1938 1937 63  255 228 196
3  601 1938 63  255 228 196
3  1940 1939 64  255 255 0
3  415 1940 64  255 255 0
3  1942 1941 65  64 128 255
3  252 1942 65  64 128 255
3  1944 1943 66  128 0 128
3  1210 1944 66  128 0 128
3  1946 1945 67  173 216 230
3  1257 1946 67  173 216 230
3  1948 1947 68  0 192 192
3  1214 1948 68  0 192 192
3  1950 1949 69  64 255 64
3  270 1950 69  64 255 64
3  1952 1951 70  255 0 255
3  1216 1952 70  255 0 255
3  1954 1953 71  173 216 230
3  277 1954 71  173 216 230
3  1956 1955 72  128 255 255
3  639 1956 72  128 255 255
3  1958 1957 73  255 20 147
3  1241 1958 73  255 20 147
3  1960 1959 74  128 128 0
3  723 1960 74  128 128 0
3  1962 1961 75  255 255 0
3  257 1962 75  255 255 0
3  1964 1963 76  255 255 64
3  764 1964 76  255 255 64
3  1966 1965 77  255 20 147
3  762 1966 77  255 20 147
3  1968 1967 78  128 64 255
3  635 1968 78  128 64 255
3  1970 1969 79  192 192 0
3  283 1970 79  192 192 0
3  1972 1971 80  64 255 128
3  634 1972 80  64 255 128
3  1974 1973 81  255 20 147
3  468 1974 81  255 20 147
3  1976 1975 82  192 0 192
3  630 1976 82  192 0 192
3  1978 1977 83  224 255 255
3  286 1978 83  224 255 255
3  1980 1979 84  255 128 255
3  987 1980 84  255 128 255
3  1982 1981 85  128 255 255
3  485 1982 85  128 255 255
3  1984 1983 86  255 128 255
3  1251 1984 86  255 128 255
3  1986 1985 87  128 128 255
3  498 1986 87  128 128 255
3  1988 1987 88  255 128 255
3  861 1988 88  255 128 255
3  1990 1989 89  255 128 0
3  496 1990 89  255 128 0
3  1992 1991 90  50 205 50
3  1667 1992 90  50 205 50
3  1994 1993 91  255 128 255
3  1258 1994 91  255 128 255
3  1996 1995 92  50 205 50
3  1699 1996 92  50 205 50
3  1998 1997 93  255 165 0
3  1260 1998 93  255 165 0
3  2000 1999 94  50 205 50
3  1475 2000 94  50 205 50
3  2002 2001 95  255 128 128
3  474 2002 95  255 128 128
3  2004 2003 96  50 205 50
3  1308 2004 96  50 205 50
3  2006 2005 97  255 64 64
3  1263 2006 97  255 64 64
3  2008 2007 98  50 205 50
3  956 2008 98  50 205 50
3  2010 2009 99  255 255 128
3  1745 2010 99  255 255 128
3  2012 2011 100  128 255 64
3  1577 2012 100  128 255 64
3  2014 2013 101  128 64 255
3  859 2014 101  128 64 255
3  2016 2015 102  128 255 64
3  1322 2016 102  128 255 64
3  2018 2017 103  255 0 255
3  303 2018 103  255 0 255
3  2020 2019 104  128 255 64
3  697 2020 104  128 255 64
3  2022 2021 105  0 255 0
3  737 2022 105  0 255 0
3  2024 2023 106  128 255 128
3  527 2024 106  128 255 128
3  2026 2025 107  128 255 255
3  1042 2026 107  128 255 255
3  2028 2027 122  192 0 0
3  451 2028 122  192 0 0
3  2030 2029 123  255 255 128
3  1531 2030 123  255 255 128
3  1873 2031 161  123 104 238
3  31 1873 161  123 104 238
3  2032 1876 162  0 192 192
3  199 2032 162  0 192 192
3  1877 2033 163  255 128 255
3  33 1877 163  255 128 255
3  2034 1880 164  64 64 255
3  201 2034 164  64 64 255
3  1881 2035 165  255 165 0
3  35 1881 165  255 165 0
3  2036 1884 166  255 240 245
3  203 2036 166  255 240 245
3  1885 2037 167  255 128 128
3  37 1885 167  255 128 128
3  2038 1888 168  64 255 128
3  184 2038 168  64 255 128
3  1889 2039 169  255 64 64
3  39 1889 169  255 64 64
3  2040 1892 170  224 255 255
3  186 2040 170  224 255 255
3  1893 2041 171  255 255 128
3  41 1893 171  255 255 128
3  1828 2042 190  64 0 128
3  2 1828 190  64 0 128
3  2043 1870 191  128 0 255
3  129 2043 191  128 0 255
3  2045 2044 192  128 0 255
3  629 2045 192  128 0 255
3  2047 2046 206  0 192 0
3  742 2047 206  0 192 0
3  2049 2048 216  255 228 196
3  403 2049 216  255 228 196
3  2051 2050 220  240 128 128
3  492 2051 220  240 128 128
3  2053 2052 231  255 64 64
3  1789 2053 231  255 64 64
3  2055 2054 241  0 255 0
3  1207 2055 241  0 255 0
3  2057 2056 230  255 228 196
3  362 2057 230  255 228 196
3  2059 2058 247  64 128 255
3  924 2059 247  64 128 255
3  2061 2060 251  192 0 0
3  640 2061 251  192 0 0
3  2063 2062 264  255 228 196
3  436 2063 264  255 228 196
3  2065 2064 272  255 228 196
3  1199 2065 272  255 228 196
3  2067 2066 281  255 228 196
3  587 2067 281  255 228 196
3  2068 1908 288  255 228 196
3  364 2068 288  255 228 196
3  2070 2069 357  255 228 196
3  896 2070 357  255 228 196
3  2072 2071 359  255 228 196
3  1786 2072 359  255 228 196
3  2066 2057 362  255 228 196
3  281 2066 362  255 228 196
3  2073 2068 364  255 228 196
3  406 2073 364  255 228 196
3  2075 2074 384  255 128 255
3  725 2075 384  255 128 255
3  2077 2076 385  255 255 64
3  495 2077 385  255 255 64
3  2079 2078 386  224 255 255
3  1098 2079 386  224 255 255
3  2080 2049 403  255 228 196
3  1033 2080 403  255 228 196
3  2048 2073 406  255 228 196
3  216 2048 406  255 228 196
3  2081 1940 415  255 255 0
3  668 2081 415  255 255 0
3  2064 2082 416  255 228 196
3  272 2064 416  255 228 196
3  1911 1910 419  0 128 128
3  50 1911 419  0 128 128
3  1907 1906 420  255 128 64
3  48 1907 420  255 128 64
3  2083 1835 424  192 0 0
3  726 2083 424  192 0 0
3  2084 2309 300  128 64 0
3  740 2084 300  128 64 0
3  2085 2315 302  176 196 222
3  738 2085 302  176 196 222
3  2086 2312 348  192 192 0
3  352 2086 348  192 192 0
3  1905 2087 213  0 255 0
3  47 1905 213  0 255 0
3  1901 2088 211  255 0 255
3  45 1901 211  255 0 255
3  1869 2089 172  0 192 0
3  29 1869 172  0 192 0
3  1897 2090 209  128 64 255
3  43 1897 209  128 64 255
3  2091 2336 125  64 128 255
3  637 2091 125  64 128 255
3  1939 2063 436  255 228 196
3  64 1939 436  255 228 196
3  1977 2092 437  192 0 192
3  83 1977 437  192 0 192
3  1830 2093 442  192 0 0
3  3 1830 442  192 0 0
3  2046 1894 450  0 192 0
3  206 2046 450  0 192 0
3  1836 2028 451  192 0 0
3  6 1836 451  192 0 0
3  2041 2094 187  255 255 128
3  171 2041 187  255 255 128
3  2096 2095 291  0 192 192
3  1094 2096 291  0 192 192
3  2098 2097 340  123 104 238
3  628 2098 340  123 104 238
3  2100 2099 455  255 128 128
3  295 2100 455  255 128 128
3  2102 2101 456  255 240 245
3  626 2102 456  255 240 245
3  2104 2103 457  255 165 0
3  293 2104 457  255 165 0
3  2106 2105 458  64 64 255
3  1077 2106 458  64 64 255
3  2107 2389 322  224 255 255
3  1449 2107 322  224 255 255
3  2108 2388 341  64 255 128
3  1447 2108 341  64 255 128
3  2110 2109 321  255 128 255
3  625 2110 321  255 128 255
3  1923 2111 234  0 255 0
3  56 1923 234  0 255 0
3  2112 2390 311  128 0 255
3  331 2112 311  128 0 255
3  2042 2113 463  64 0 128
3  190 2042 463  64 0 128
3  2039 2114 185  255 64 64
3  169 2039 185  255 64 64
3  1991 2115 465  0 192 192
3  90 1991 465  0 192 192
3  2117 2116 466  255 128 255
3  1742 2117 466  255 128 255
3  1975 1974 468  255 20 147
3  82 1975 468  255 20 147
3  1999 2118 473  255 240 245
3  94 1999 473  255 240 245
3  2119 2002 474  255 128 128
3  1265 2119 474  255 128 128
3  2121 2120 475  64 64 255
3  1261 2121 475  64 64 255
3  2123 2122 476  255 165 0
3  1737 2123 476  255 165 0
3  1895 2124 478  128 0 255
3  42 1895 478  128 0 255
3  2126 2125 479  123 104 238
3  1746 2126 479  123 104 238
3  1943 2127 275  64 255 64
3  66 1943 275  64 255 64
3  2128 1982 485  128 255 255
3  1517 2128 485  128 255 255
3  1979 2129 486  128 0 128
3  84 1979 486  128 0 128
3  2130 2051 492  240 128 128
3  1676 2130 492  240 128 128
3  2029 1859 493  255 255 128
3  123 2029 493  255 255 128
3  1983 2077 495  255 255 64
3  86 1983 495  255 255 64
3  2131 1990 496  255 128 0
3  306 2131 496  255 128 0
3  1987 2132 497  128 64 255
3  88 1987 497  128 64 255
3  2133 1986 498  128 128 255
3  1529 2133 498  128 128 255
3  1891 1890 504  240 128 128
3  40 1891 504  240 128 128
3  1839 2134 131  128 255 128
3  8 1839 131  128 255 128
3  2136 2135 512  128 255 255
3  371 2136 512  128 255 255
3  2137 2024 527  128 255 128
3  878 2137 527  128 255 128
3  2138 1912 546  128 0 128
3  227 2138 546  128 0 128
3  1913 2139 547  128 255 255
3  51 1913 547  128 255 255
3  2141 2140 548  255 255 64
3  229 2141 548  255 255 64
3  1917 2142 549  128 128 255
3  53 1917 549  128 128 255
3  2143 1920 550  128 64 255
3  225 2143 550  128 64 255
3  1921 2144 551  255 128 0
3  55 1921 551  255 128 0
3  2146 2145 552  123 104 238
3  1287 2146 552  123 104 238
3  1860 2147 553  255 255 128
3  24 1860 553  255 255 128
3  2149 2148 567  0 128 64
3  1425 2149 567  0 128 64
3  2151 2150 571  50 205 50
3  1421 2151 571  50 205 50
3  1915 2152 581  123 104 238
3  52 1915 581  123 104 238
3  2140 1916 582  255 255 64
3  548 2140 582  255 255 64
3  2147 2153 584  255 255 128
3  553 2147 584  255 255 128
3  2154 2411 312  128 64 255
3  1691 2154 312  128 64 255
3  2142 2155 586  128 128 255
3  549 2142 586  128 128 255
3  2144 2156 224  255 128 0
3  551 2144 224  255 128 0
3  1909 2067 587  255 228 196
3  49 1909 587  255 228 196
3  2157 1874 588  240 128 128
3  1695 2157 588  240 128 128
3  2082 1938 601  255 228 196
3  416 2082 601  255 228 196
3  2158 1864 603  255 64 64
3  1203 2158 603  255 64 64
3  2160 2159 609  128 0 255
3  1271 2160 609  128 0 255
3  1941 2161 610  192 192 0
3  65 1941 610  192 192 0
3  2163 2162 290  64 255 128
3  1073 2163 290  64 255 128
3  2397 2164 617  0 192 192
3  344 2397 617  0 192 192
3  2099 2165 620  255 128 128
3  455 2099 620  255 128 128
3  2103 2166 622  255 165 0
3  457 2103 622  255 165 0
3  2168 2167 327  255 64 64
3  1453 2168 327  255 64 64
3  2169 2110 625  255 128 255
3  332 2169 625  255 128 255
3  2170 2102 626  255 240 245
3  1079 2170 626  255 240 245
3  2105 2171 627  64 64 255
3  458 2105 627  64 64 255
3  2172 2098 628  123 104 238
3  324 2172 628  123 104 238
3  2174 2173 338  255 255 128
3  1461 2174 338  255 255 128
3  2078 2175 298  224 255 255
3  386 2078 298  224 255 255
3  1867 2045 629  128 0 255
3  28 1867 629  128 0 255
3  2092 1976 630  192 0 192
3  437 2092 630  192 0 192
3  1973 1972 634  64 255 128
3  81 1973 634  64 255 128
3  1969 1968 635  128 64 255
3  79 1969 635  128 64 255
3  1965 2176 636  255 255 64
3  77 1965 636  255 255 64
3  2058 2091 637  64 128 255
3  247 2058 637  64 128 255
3  1961 2177 638  128 128 0
3  75 1961 638  128 128 0
3  1957 1956 639  128 255 255
3  73 1957 639  128 255 255
3  2093 2061 640  192 0 0
3  442 2093 640  192 0 0
3  2178 1936 659  64 255 64
3  683 2178 659  64 255 64
3  1981 2179 665  255 128 255
3  85 1981 665  255 128 255
3  2021 2180 666  128 255 64
3  105 2021 666  128 255 64
3  2181 2081 668  255 255 0
3  1161 2181 668  255 255 0
3  2182 2178 683  64 255 64
3  998 2182 683  64 255 64
3  1955 2183 256  255 255 0
3  72 1955 256  255 255 0
3  2179 2184 692  255 128 255
3  665 2179 692  255 128 255
3  2185 2020 697  128 255 64
3  982 2185 697  128 255 64
3  2187 2186 717  64 255 64
3  1221 2187 717  64 255 64
3  2188 1902 722  128 0 255
3  1250 2188 722  128 0 255
3  2189 2349 244  255 255 0
3  1505 2189 244  255 255 0
3  2177 1960 723  128 128 0
3  638 2177 723  128 128 0
3  1959 2190 724  255 20 147
3  74 1959 724  255 20 147
3  2191 2075 725  255 128 255
3  769 2191 725  255 128 255
3  2027 2083 726  192 0 0
3  122 2027 726  192 0 0
3  2392 2022 737  0 255 0
3  301 2392 737  0 255 0
3  2019 2085 738  176 196 222
3  104 2019 738  176 196 222
3  2011 2084 740  128 64 0
3  100 2011 740  128 64 0
3  2395 2192 741  128 64 255
3  299 2395 741  128 64 255
3  2015 2391 304  192 192 0
3  102 2015 304  192 192 0
3  2393 2380 351  255 0 255
3  347 2393 351  255 0 255
3  2394 2047 742  0 192 0
3  193 2394 742  0 192 0
3  1899 2193 744  128 0 255
3  44 1899 744  128 0 255
3  2186 2194 746  64 255 64
3  717 2186 746  64 255 64
3  2195 1966 762  255 20 147
3  1360 2195 762  255 20 147
3  2176 1964 764  255 255 64
3  636 2176 764  255 255 64
3  1963 2196 260  192 192 0
3  76 1963 260  192 192 0
3  2197 2191 769  255 128 255
3  1361 2197 769  255 128 255
3  2199 2198 775  128 255 128
3  339 2199 775  128 255 128
3  2062 2200 786  255 228 196
3  264 2062 786  255 228 196
3  2202 2201 795  255 255 0
3  1377 2202 795  255 255 0
3  2204 2203 803  64 255 64
3  863 2204 803  64 255 64
3  2206 2205 813  128 255 64
3  858 2206 813  128 255 64
3  2208 2207 819  255 128 255
3  848 2208 819  255 128 255
3  2203 2209 835  64 255 64
3  803 2203 835  64 255 64
3  2211 2210 846  128 255 64
3  918 2211 846  128 255 64
3  1971 2212 262  255 255 0
3  80 1971 262  255 255 0
3  2213 2208 848  255 128 255
3  1579 2213 848  255 128 255
3  2201 2354 249  255 255 0
3  795 2201 249  255 255 0
3  2214 1898 856  128 0 255
3  1340 2214 856  128 0 255
3  2013 2206 858  128 255 64
3  101 2013 858  128 255 64
3  2192 2014 859  128 64 255
3  741 2192 859  128 64 255
3  2207 1988 861  255 128 255
3  819 2207 861  255 128 255
3  1925 2204 863  64 255 64
3  57 1925 863  64 255 64
3  2198 2137 878  128 255 128
3  775 2198 878  128 255 128
3  2200 2070 896  255 228 196
3  786 2200 896  255 228 196
3  2145 1922 901  123 104 238
3  552 2145 901  123 104 238
3  2216 2215 908  255 255 0
3  1584 2216 908  255 255 0
3  1947 2217 916  173 216 230
3  68 1947 916  173 216 230
3  2218 2211 918  128 255 64
3  1389 2218 918  128 255 64
3  1871 2059 924  64 128 255
3  30 1871 924  64 128 255
3  2060 1829 925  192 0 0
3  251 2060 925  192 0 0
3  2219 1831 939  255 64 128
3  1801 2219 939  255 64 128
3  1863 2220 944  128 255 255
3  26 1863 944  128 255 255
3  2407 2286 111  0 128 64
3  110 2407 111  0 128 64
3  2009 2008 956  50 205 50
3  99 2009 956  50 205 50
3  2023 2221 337  255 64 128
3  106 2023 337  255 64 128
3  2220 2222 976  128 255 255
3  944 2220 976  128 255 255
3  2223 2185 982  128 255 64
3  1166 2223 982  128 255 64
3  2184 1980 987  255 128 255
3  692 2184 987  255 128 255
3  1937 2182 998  64 255 64
3  63 1937 998  64 255 64
3  2419 2224 1006  255 255 0
3  243 2419 1006  255 255 0
3  1832 2421 137  128 255 128
3  4 1832 137  128 255 128
3  2069 2080 1033  255 228 196
3  357 2069 1033  255 228 196
3  2135 2026 1042  128 255 255
3  512 2135 1042  128 255 255
3  1834 1833 1058  64 255 64
3  5 1834 1058  64 255 64
3  2225 2163 1073  64 255 128
3  1734 2225 1073  64 255 128
3  2414 2226 1074  255 64 64
3  289 2414 1074  255 64 64
3  2165 2227 1076  255 128 128
3  620 2165 1076  255 128 128
3  2228 2106 1077  64 64 255
3  1700 2228 1077  64 64 255
3  2166 2229 1078  255 165 0
3  622 2166 1078  255 165 0
3  2230 2170 1079  255 240 245
3  1740 2230 1079  255 240 245
3  2232 2231 1081  128 0 255
3  1715 2232 1081  128 0 255
3  2234 2233 1086  192 192 0
3  1274 2234 1086  192 192 0
3  2235 2096 1094  0 192 192
3  1749 2235 1094  0 192 192
3  2401 2236 1095  255 128 255
3  292 2401 1095  255 128 255
3  2237 1924 1096  64 255 64
3  1735 2237 1096  64 255 64
3  2238 2079 1098  224 255 255
3  1282 2238 1098  224 255 255
3  2417 2239 1100  255 255 128
3  297 2417 1100  255 255 128
3  2398 2240 1101  123 104 238
3  221 2398 1101  123 104 238
3  2242 2241 1119  128 255 128
3  1301 2242 1119  128 255 128
3  2244 2243 1120  50 205 50
3  1150 2244 1120  50 205 50
3  1844 2245 139  128 255 128
3  12 1844 139  128 255 128
3  2243 2246 1135  50 205 50
3  1120 2243 1135  50 205 50
3  2241 2287 114  128 255 128
3  1119 2241 114  128 255 128
3  2005 2244 1150  50 205 50
3  97 2005 1150  50 205 50
3  2224 2181 1161  255 255 0
3  1006 2224 1161  255 255 0
3  2180 2223 1166  128 255 64
3  666 2180 1166  128 255 64
3  1933 2344 239  173 216 230
3  61 1933 239  173 216 230
3  2152 1914 1174  123 104 238
3  581 2152 1174  123 104 238
3  2248 2247 1191  0 128 64
3  1598 2248 1191  0 128 64
3  2249 2065 1199  255 228 196
3  1604 2249 1199  255 228 196
3  2052 2158 1203  255 64 64
3  231 2052 1203  255 64 64
3  2402 2055 1207  0 255 0
3  127 2402 1207  0 255 0
3  1945 1944 1210  128 0 128
3  67 1945 1210  128 0 128
3  1931 1930 1212  64 64 255
3  60 1931 1212  64 64 255
3  1927 1926 1213  0 0 192
3  58 1927 1213  0 0 192
3  1949 1948 1214  0 192 192
3  69 1949 1214  0 192 192
3  1935 1934 1215  64 255 255
3  62 1935 1215  64 255 255
3  1953 1952 1216  255 0 255
3  71 1953 1216  255 0 255
3  2250 2187 1221  64 255 64
3  236 2250 1221  64 255 64
3  2190 1958 1241  255 20 147
3  724 2190 1241  255 20 147
3  1903 2188 1250  128 0 255
3  46 1903 1250  128 0 255
3  2251 1984 1251  255 128 255
3  1513 2251 1251  255 128 255
3  2217 1946 1257  173 216 230
3  916 2217 1257  173 216 230
3  2116 1994 1258  255 128 255
3  466 2116 1258  255 128 255
3  2253 2252 1259  50 205 50
3  1658 2253 1259  50 205 50
3  2122 1998 1260  255 165 0
3  476 2122 1260  255 165 0
3  1995 2121 1261  64 64 255
3  92 1995 1261  64 64 255
3  2254 2006 1263  255 64 64
3  1726 2254 1263  255 64 64
3  2255 2119 1265  255 128 128
3  1728 2255 1265  255 128 128
3  2118 2256 1267  255 240 245
3  473 2118 1267  255 240 245
3  2231 2160 1271  128 0 255
3  1081 2231 1271  128 0 255
3  2161 2234 1274  192 192 0
3  610 2161 1274  192 192 0
3  2257 2238 1282  224 255 255
3  1743 2257 1282  224 255 255
3  2239 2258 1283  255 255 128
3  1100 2239 1283  255 255 128
3  2003 2259 1286  64 255 128
3  96 2003 1286  64 255 128
3  2125 2146 1287  123 104 238
3  479 2125 1287  123 104 238
3  2424 2242 1301  128 255 128
3  113 2424 1301  128 255 128
3  2246 2004 1308  50 205 50
3  1135 2246 1308  50 205 50
3  1929 2260 240  173 216 230
3  59 1929 240  173 216 230
3  2261 1918 1317  123 104 238
3  1371 2261 1317  123 104 238
3  2262 2016 1322  128 255 64
3  1494 2262 1322  128 255 64
3  2420 2263 1327  255 255 0
3  245 2420 1327  255 255 0
3  2194 1932 1338  64 255 64
3  746 2194 1338  64 255 64
3  2193 2214 1340  128 0 255
3  744 2193 1340  128 0 255
3  1967 2195 1360  255 20 147
3  78 1967 1360  255 20 147
3  1985 2197 1361  255 128 255
3  87 1985 1361  255 128 255
3  2426 2328 266  173 216 230
3  279 2426 266  173 216 230
3  1919 2261 1371  123 104 238
3  54 1919 1371  123 104 238
3  2215 2202 1377  255 255 0
3  908 2215 1377  255 255 0
3  2205 2218 1389  128 255 64
3  813 2205 1389  128 255 64
3  1887 1886 1393  240 128 128
3  38 1887 1393  240 128 128
3  1825 2288 115  192 0 0
3  0 1825 115  192 0 0
3  2148 1827 1418  0 128 64
3  567 2148 1418  0 128 64
3  2001 2151 1421  50 205 50
3  95 2001 1421  50 205 50
3  2264 2149 1425  0 128 64
3  116 2264 1425  0 128 64
3  2150 2265 1443  50 205 50
3  571 2150 1443  50 205 50
3  2159 2403 214  128 0 255
3  609 2159 214  128 0 255
3  2413 2108 1447  64 255 128
3  328 2413 1447  64 255 128
3  2418 2107 1449  224 255 255
3  330 2418 1449  224 255 255
3  2044 1866 1451  128 0 255
3  192 2044 1451  128 0 255
3  2404 2168 1453  255 64 64
3  342 2404 1453  255 64 64
3  2033 2415 198  255 128 255
3  163 2033 198  255 128 255
3  2031 2416 180  123 104 238
3  161 2031 180  123 104 238
3  2035 2400 200  255 165 0
3  165 2035 200  255 165 0
3  2037 2399 202  255 128 128
3  167 2037 202  255 128 128
3  2113 1872 1457  64 0 128
3  463 2113 1457  64 0 128
3  2164 2385 326  0 192 192
3  617 2164 326  0 192 192
3  2171 2386 294  64 64 255
3  627 2171 294  64 64 255
3  2266 2387 296  255 240 245
3  1476 2266 296  255 240 245
3  2396 2174 1461  255 255 128
3  343 2396 1461  255 255 128
3  1847 2427 145  128 255 128
3  14 1847 145  128 255 128
3  1883 1882 1473  240 128 128
3  36 1883 1473  240 128 128
3  2265 2000 1475  50 205 50
3  1443 2265 1475  50 205 50
3  2101 2266 1476  255 240 245
3  456 2101 1476  255 240 245
3  1951 2425 268  64 255 64
3  70 1951 268  64 255 64
3  2017 2262 1494  128 255 64
3  103 2017 1494  128 255 64
3  2263 2189 1505  255 255 0
3  1327 2263 1505  255 255 0
3  2074 2251 1513  255 128 255
3  384 2074 1513  255 128 255
3  2076 2267 1515  255 255 64
3  385 2076 1515  255 255 64
3  2268 2128 1517  128 255 255
3  308 2268 1517  128 255 255
3  2269 2133 1529  128 128 255
3  310 2269 1529  128 128 255
3  2270 2406 315  255 128 0
3  1696 2270 315  255 128 0
3  2132 2271 305  128 64 255
3  497 2132 305  128 64 255
3  2272 2030 1531  255 255 128
3  1692 2272 1531  255 255 128
3  2129 2273 1536  128 0 128
3  486 2129 1536  128 0 128
3  2050 2274 1539  240 128 128
3  220 2050 1539  240 128 128
3  1997 2275 1550  50 205 50
3  93 1997 1550  50 205 50
3  2276 2289 117  128 255 128
3  1636 2276 117  128 255 128
3  2209 2341 237  64 255 64
3  835 2209 237  64 255 64
3  2210 2012 1577  128 255 64
3  846 2210 1577  128 255 64
3  1989 2213 1579  255 128 255
3  89 1989 1579  255 128 255
3  2422 2216 1584  255 255 0
3  246 2422 1584  255 255 0
3  2025 2248 1598  0 128 64
3  107 2025 1598  0 128 64
3  2071 2249 1604  255 228 196
3  359 2071 1604  255 228 196
3  2275 2277 1635  50 205 50
3  1550 2275 1635  50 205 50
3  2278 2276 1636  128 255 128
3  120 2278 1636  128 255 128
3  1993 2253 1658  50 205 50
3  91 1993 1658  50 205 50
3  2279 2290 118  0 128 64
3  119 2279 118  0 128 64
3  2252 1992 1667  50 205 50
3  1259 2252 1667  50 205 50
3  2115 2280 1668  0 192 192
3  465 2115 1668  0 192 192
3  1857 2432 151  0 128 64
3  22 1857 151  0 128 64
3  1875 2130 1676  240 128 128
3  32 1875 1676  240 128 128
3  2139 2428 226  128 255 255
3  547 2139 226  128 255 255
3  2155 2429 228  128 128 255
3  586 2155 228  128 128 255
3  2267 2410 309  255 255 64
3  1515 2267 309  255 255 64
3  2430 2154 1691  128 64 255
3  314 2430 1691  128 64 255
3  2153 2272 1692  255 255 128
3  584 2153 1692  255 255 128
3  2273 2409 307  128 0 128
3  1536 2273 307  128 0 128
3  2274 2157 1695  240 128 128
3  1539 2274 1695  240 128 128
3  2412 2270 1696  255 128 0
3  313 2412 1696  255 128 0
3  2277 1996 1699  50 205 50
3  1635 2277 1699  50 205 50
3  2281 2228 1700  64 64 255
3  1750 2281 1700  64 64 255
3  1852 2431 157  128 255 128
3  18 1852 157  128 255 128
3  1879 1878 1708  240 128 128
3  34 1879 1708  240 128 128
3  2124 2232 1715  128 0 255
3  478 2124 1715  128 0 255
3  2233 2359 250  192 192 0
3  1086 2233 250  192 192 0
3  2226 2254 1726  255 64 64
3  1074 2226 1726  255 64 64
3  2227 2255 1728  255 128 128
3  1076 2227 1728  255 128 128
3  2259 2225 1734  64 255 128
3  1286 2259 1734  64 255 128
3  2405 2237 1735  64 255 64
3  238 2405 1735  64 255 64
3  2229 2123 1737  255 165 0
3  1078 2229 1737  255 165 0
3  2256 2230 1740  255 240 245
3  1267 2256 1740  255 240 245
3  2236 2117 1742  255 128 255
3  1095 2236 1742  255 128 255
3  2007 2257 1743  224 255 255
3  98 2007 1743  224 255 255
3  2258 2010 1745  255 255 128
3  1283 2258 1745  255 255 128
3  2240 2126 1746  123 104 238
3  1101 2240 1746  123 104 238
3  2280 2235 1749  0 192 192
3  1668 2280 1749  0 192 192
3  2120 2281 1750  64 64 255
3  475 2120 1750  64 64 255
3  2247 2291 382  0 128 64
3  1191 2247 382  0 128 64
3  2056 2072 1786  255 228 196
3  230 2056 1786  255 228 196
3  2054 1868 1788  0 255 0
3  241 2054 1788  0 255 0
3  1865 2053 1789  255 64 64
3  27 1865 1789  255 64 64
3  2423 2219 1801  255 64 128
3  179 2423 1801  255 64 128
3  2222 2408 160  128 255 255
3  976 2222 160  128 255 255
3  2292 2293 2325  0 128 128
3  2326 2323 2340  0 128 128
3  1826 1844 1825  0 128 128
3  1847 2302 1826  0 128 128
3  2316 2345 2314  0 128 128
3  2301 2302 1847  0 128 128
3  1825 1844 1845  0 128 128
3  2371 2302 2370  0 128 128
3  2301 1847 1850  0 128 128
3  2301 1850 2300  0 128 128
3  2369 2301 2368  0 128 128
3  2297 2337 2324  0 128 128
3  1857 2298 1855  0 128 128
3  2330 2342 2322  0 128 128
3  1861 2297 1857  0 128 128
3  2371 2303 2302  0 128 128
3  2342 2343 2331  0 128 128
3  2342 2321 2322  0 128 128
3  2322 2321 2363  0 128 128
3  2310 2353 2355  0 128 128
3  2377 2310 2376  0 128 128
3  2303 1826 2302  0 128 128
3  2296 2282 2335  0 128 128
3  2306 1837 1839  0 128 128
3  2295 2284 1837  0 128 128
3  1850 1847 1849  0 128 128
3  2304 1844 2303  0 128 128
3  2304 2373 2305  0 128 128
3  2304 1842 1844  0 128 128
3  2303 1844 1826  0 128 128
3  1842 1840 1841  0 128 128
3  1842 1839 1840  0 128 128
3  2284 1836 1837  0 128 128
3  2307 1837 2306  0 128 128
3  1839 1842 2305  0 128 128
3  1847 1848 1849  0 128 128
3  2299 1855 2298  0 128 128
3  2366 2299 2298  0 128 128
3  2368 2301 2300  0 128 128
3  1855 1852 1854  0 128 128
3  2300 1850 1852  0 128 128
3  2300 1852 2299  0 128 128
3  1852 1853 1854  0 128 128
3  2299 1852 1855  0 128 128
3  1857 1858 1860  0 128 128
3  2298 1857 2297  0 128 128
3  2384 2292 1861  0 128 128
3  1860 1861 1857  0 128 128
3  2324 2337 2340  0 128 128
3  2325 2337 2297  0 128 128
3  2292 2297 1861  0 128 128
3  2338 2339 2337  0 128 128
3  2292 2325 2297  0 128 128
3  2325 2293 2294  0 128 128
3  2330 2326 2327  0 128 128
3  2340 2337 2339  0 128 128
3  2327 2329 2330  0 128 128
3  2326 2330 2323  0 128 128
3  2319 2320 2332  0 128 128
3  2331 2332 2342  0 128 128
3  2320 2321 2342  0 128 128
3  2321 2362 2363  0 128 128
3  2322 2323 2330  0 128 128
3  2323 2324 2340  0 128 128
3  2299 2366 2367  0 128 128
3  2324 2364 2365  0 128 128
3  2324 2323 2364  0 128 128
3  2304 2305 1842  0 128 128
3  2310 2308 2376  0 128 128
3  2304 2372 2373  0 128 128
3  2360 2361 2320  0 128 128
3  2332 2320 2342  0 128 128
3  2333 2319 2332  0 128 128
3  2360 2320 2319  0 128 128
3  2318 2319 2333  0 128 128
3  2313 2378 2379  0 128 128
3  2314 2381 2382  0 128 128
3  2314 2348 2313  0 128 128
3  2311 2313 2350  0 128 128
3  2316 2314 2382  0 128 128
3  2348 2345 2346  0 128 128
3  2311 2378 2313  0 128 128
3  2316 2334 2345  0 128 128
3  2352 2350 2351  0 128 128
3  2345 2348 2314  0 128 128
3  2316 2317 2334  0 128 128
3  2310 2311 2353  0 128 128
3  2313 2348 2350  0 128 128
3  2348 2346 2347  0 128 128
3  2350 2352 2353  0 128 128
3  2335 2283 2295  0 128 128
3  2311 2350 2353  0 128 128
3  2308 2310 2355  0 128 128
3  2375 2306 2374  0 128 128
3  2375 2307 2306  0 128 128
3  2305 2306 1839  0 128 128
3  2358 2335 2295  0 128 128
3  2307 2295 1837  0 128 128
3  2335 2282 2283  0 128 128
3  2295 2283 2284  0 128 128
3  1836 2284 2285  0 128 128
3  2284 2283 2383  0 128 128
3  2357 2358 2355  0 128 128
3  2358 2295 2308  0 128 128
3  2355 2358 2308  0 128 128
3  2356 2357 2355  0 128 128

