OFF
4311 4089 0
-359.164062500000 -636.812500000000 6.932146072388
-359.507812500000 -636.343750000000 7.544365882874
-334.179687500000 -611.531250000000 8.933952331543
-336.421875000000 -613.156250000000 8.933952331543
-336.523437500000 -620.281250000000 8.933952331543
-336.179687500000 -620.781250000000 8.933952331543
-342.437500000000 -625.125000000000 8.933952331543
-342.796875000000 -624.625000000000 8.933952331543
-346.031250000000 -626.875000000000 8.933952331543
-345.656250000000 -627.406250000000 8.933952331543
-350.796875000000 -631.000000000000 8.933952331543
-351.140625000000 -630.500000000000 8.933952331543
-354.367187500000 -632.750000000000 8.933952331543
-354.031250000000 -633.250000000000 8.933952331543
-362.890625000000 -638.718750000000 8.933952331543
-362.539062500000 -639.218750000000 8.933952331543
-367.664062500000 -642.781250000000 8.933952331543
-368.031250000000 -642.250000000000 8.933952331543
-371.242187500000 -644.562500000000 8.933952331543
-370.898437500000 -645.031250000000 8.933952331543
-376.023437500000 -648.625000000000 8.933952331543
-376.375000000000 -648.125000000000 8.933952331543
-379.601562500000 -650.406250000000 8.933952331543
-379.257812500000 -650.875000000000 8.933952331543
-385.500000000000 -655.281250000000 8.933952331543
-385.851562500000 -654.781250000000 8.933952331543
-392.593750000000 -652.437500000000 8.933952331543
-394.867187500000 -654.031250000000 8.933952331543
-397.500000000000 -650.281250000000 8.933952331543
-345.218750000000 -615.281250000000 8.933952331543
-336.789062500000 -607.781250000000 8.933952331543
-387.562500000000 -644.906250000000 8.991290092468
-384.578125000000 -642.812500000000 8.987958908081
-381.695312500000 -640.781250000000 8.977224349976
-376.210937500000 -636.968750000000 9.001308441162
-373.335937500000 -634.937500000000 8.985877037048
-367.851562500000 -631.093750000000 8.983126640320
-364.828125000000 -629.000000000000 9.003284454346
-359.343750000000 -625.156250000000 9.000535011292
-356.468750000000 -623.156250000000 9.011937141418
-350.984375000000 -619.312500000000 9.009186744690
-348.109375000000 -617.281250000000 8.993754386902
-350.953125000000 -607.031250000000 10.443454742432
-352.937500000000 -604.156250000000 10.463699340820
-356.757812500000 -598.656250000000 10.483415603638
-358.773437500000 -595.781250000000 10.479023933411
-362.593750000000 -590.281250000000 10.498740196228
-363.625000000000 -588.781250000000 10.512516975403
-363.765625000000 -588.593750000000 10.505000114441
-406.195312500000 -618.281250000000 10.427970886230
-406.054687500000 -618.468750000000 10.420524597168
-405.000000000000 -619.968750000000 10.416292190552
-401.179687500000 -625.437500000000 10.420461654663
-399.171875000000 -628.312500000000 10.423110961914
-395.335937500000 -633.781250000000 10.414981842041
-393.312500000000 -636.687500000000 10.422538757324
-395.812500000000 -649.062500000000 10.424487113953
-402.937500000000 -638.875000000000 10.428655624390
-403.445312500000 -639.187500000000 9.855182647705
-407.031250000000 -634.062500000000 9.856031417847
-406.546875000000 -633.718750000000 10.428269386292
-412.851562500000 -625.718750000000 9.871438980103
-412.375000000000 -625.375000000000 10.437509536743
-413.679687500000 -623.500000000000 10.443535804749
-356.359375000000 -583.406250000000 10.457461357117
-338.515625000000 -608.968750000000 10.464896202087
-397.109375000000 -647.218750000000 11.560926437378
-397.609375000000 -647.562500000000 11.560926437378
-401.195312500000 -642.437500000000 11.560926437378
-400.703125000000 -642.062500000000 11.560926437378
-408.789062500000 -630.500000000000 11.560926437378
-409.281250000000 -630.843750000000 11.560926437378
-355.062500000000 -585.281250000000 11.560926437378
-354.570312500000 -584.937500000000 11.560926437378
-351.000000000000 -590.062500000000 11.560926437378
-351.484375000000 -590.375000000000 11.560926437378
-349.226562500000 -593.656250000000 11.560926437378
-348.750000000000 -593.281250000000 11.560926437378
-345.164062500000 -598.406250000000 11.560926437378
-345.648437500000 -598.750000000000 11.560926437378
-343.375000000000 -602.031250000000 11.560926437378
-342.914062500000 -601.656250000000 11.560926437378
-339.328125000000 -606.781250000000 11.560926437378
-339.812500000000 -607.156250000000 11.560926437378
-403.742187500000 -616.906250000000 3.237907648087
-402.710937500000 -618.375000000000 3.237907648087
-398.882812500000 -623.812500000000 3.237907648087
-396.882812500000 -626.718750000000 3.237907648087
-393.039062500000 -632.187500000000 3.237907648087
-391.007812500000 -635.062500000000 3.237907648087
-386.750000000000 -639.687500000000 3.237907648087
-383.882812500000 -637.656250000000 3.237907648087
-378.390625000000 -633.843750000000 3.237907648087
-375.515625000000 -631.843750000000 3.237907648087
-370.023437500000 -628.000000000000 3.237907648087
-367.000000000000 -625.875000000000 3.237907648087
-361.523437500000 -622.031250000000 3.237907648087
-358.648437500000 -620.031250000000 3.237907648087
-353.171875000000 -616.187500000000 3.237907648087
-350.289062500000 -614.187500000000 3.237907648087
-353.218750000000 -608.593750000000 3.237907648087
-355.210937500000 -605.750000000000 3.237907648087
-359.039062500000 -600.250000000000 3.237907648087
-361.054687500000 -597.375000000000 3.237907648087
-364.890625000000 -591.875000000000 3.237907648087
-365.921875000000 -590.406250000000 3.237907648087
-333.101562500000 -617.906250000000 6.005362510681
-389.273437500000 -657.187500000000 6.216265678406
-342.045806884766 -622.510070800781 8.933952331543
-381.848266601563 -650.372192382813 8.933952331543
-345.928405761719 -626.803466796875 7.574209213257
-343.134674072266 -624.859985351563 7.563703536987
-336.151275634766 -620.022949218750 7.519342422485
-354.089538574219 -632.556396484375 7.539637565613
-351.415771484375 -630.691833496094 7.533469676971
-359.155212402344 -636.806335449219 6.932100772858
-362.702056884766 -638.586364746094 7.538661956787
-368.090728759766 -642.292846679688 7.595316886902
-376.657104492188 -648.324462890625 7.565047264099
-379.444946289063 -650.295532226563 7.548175811768
-371.083587646484 -644.448303222656 7.543179512024
-386.102905273438 -654.958007812500 7.546588420868
-340.942932128906 -624.087585449219 8.933952331543
-342.045806884766 -622.510070800781 8.933952331543
-381.848266601563 -650.372192382813 8.933952331543
-380.756500244141 -651.932922363281 8.933952331543
-341.026031494141 -621.796203613281 8.933952331543
-338.452270507813 -608.925170898438 8.933952331543
-343.215484619141 -623.328857421875 8.933952331543
-396.135620117188 -649.295898437500 8.933952331543
-388.229003906250 -643.953552246094 8.933952331543
-345.402587890625 -615.016784667969 8.933952331543
-346.660095214844 -625.740112304688 8.933952331543
-345.928405761719 -626.803466796875 8.933952331543
-383.215911865234 -651.329528808594 8.933952331543
-395.193786621094 -633.682617187500 8.933952331543
-393.133850097656 -636.561523437500 8.933952331543
-343.134674072266 -624.859985351563 8.933952331543
-336.912475585938 -618.916687011719 8.933952331543
-336.151275634766 -620.022949218750 8.933952331543
-354.839843750000 -631.466003417969 8.933952331543
-354.089538574219 -632.556396484375 8.933952331543
-352.169372558594 -629.596679687500 8.933952331543
-351.415771484375 -630.691833496094 8.933952331543
-360.261016845703 -635.260864257813 8.933952331543
-359.155212402344 -636.806335449219 8.933952331543
-363.452880859375 -637.495239257813 8.933952331543
-362.702056884766 -638.586364746094 8.933952331543
-368.830169677734 -641.259399414063 8.933952331543
-368.090728759766 -642.292846679688 8.933952331543
-377.393737792969 -647.253967285156 8.933952331543
-376.657104492188 -648.324462890625 8.933952331543
-380.190643310547 -649.211791992188 8.933952331543
-379.444946289063 -650.295532226563 8.933952331543
-405.858886718750 -618.336486816406 8.933952331543
-404.793731689453 -619.825134277344 8.933952331543
-400.912994384766 -625.248840332031 8.933952331543
-398.870849609375 -628.102905273438 8.933952331543
-371.831970214844 -643.360656738281 8.933952331543
-371.083587646484 -644.448303222656 8.933952331543
-386.869262695313 -653.886901855469 8.933952331543
-386.102905273438 -654.958007812500 8.933952331543
-390.153167724609 -655.928955078125 8.933952331543
-387.593841552734 -644.861450195313 8.933952331543
-384.607513427734 -642.770202636719 8.933952331543
-381.718994140625 -640.747436523438 8.933952331543
-376.247680664063 -636.916076660156 8.933952331543
-373.364471435547 -634.897033691406 8.933952331543
-367.878509521484 -631.055358886719 8.933952331543
-364.865875244141 -628.945678710938 8.933952331543
-359.380096435547 -625.104125976563 8.933952331543
-356.511322021484 -623.095214843750 8.933952331543
-351.025543212891 -619.253723144531 8.933952331543
-348.142242431641 -617.234619140625 8.933952331543
-345.415679931641 -615.417480468750 8.933952331543
-353.091217041016 -604.263977050781 8.933952331543
-351.111633300781 -607.140563964844 8.933952331543
-358.878356933594 -595.854553222656 8.933952331543
-356.887817382813 -598.747070312500 8.933952331543
-363.706390380859 -588.838806152344 8.933952331543
-362.674957275391 -590.337585449219 8.933952331543
-333.996856689453 -616.625427246094 8.933952331543
-387.631439208984 -644.807678222656 8.933952331543
-345.778839111328 -614.475463867188 8.933952331543
-343.236816406250 -618.583679199219 13.042099952698
-388.229003906250 -643.953552246094 7.772436618805
-359.684967041016 -624.667053222656 8.375277519226
-356.782745361328 -622.706054687500 8.436571121216
-351.233520507813 -618.956604003906 8.553769111633
-348.317260742188 -616.986145019531 8.615359306335
-345.402587890625 -615.016784667969 8.676917076111
-387.642944335938 -644.895812988281 8.933952331543
-336.085845947266 -608.791870117188 8.933952331543
-345.262634277344 -615.218139648438 8.933952331543
-387.593841552734 -644.861450195313 8.933952331543
-396.785919189453 -651.298339843750 8.933952331543
-345.415679931641 -615.417480468750 9.013135910034
-393.574127197266 -649.049255371094 8.933952331543
-390.903991699219 -647.179443359375 8.933952331543
-385.423980712891 -648.120605468750 13.037356376648
-387.631439208984 -644.807678222656 8.865195274353
-381.823364257813 -640.598327636719 8.743164062500
-384.678741455078 -642.667724609375 8.803156852722
-373.564636230469 -634.612915039063 8.569644927979
-376.413848876953 -636.677856445313 8.629508018494
-365.160339355469 -628.521972656250 8.393067359924
-368.140655517578 -630.681945800781 8.455684661865
-345.778839111328 -614.475463867188 7.985853672028
-348.317260742188 -616.986145019531 7.034425735474
-346.425079345703 -616.115905761719 9.005872726440
-344.785369873047 -616.333435058594 10.178670883179
-351.111633300781 -607.140563964844 10.258228302002
-353.091217041016 -604.263977050781 10.283122062683
-356.887817382813 -598.747070312500 10.330866813660
-358.878356933594 -595.854553222656 10.355899810791
-362.674957275391 -590.337585449219 10.403644561768
-363.706390380859 -588.838806152344 10.416614532471
-345.778839111328 -614.475463867188 10.419548034668
-341.674835205078 -620.853454589844 10.139554023743
-360.090606689453 -586.019714355469 14.821090698242
-351.799102783203 -618.148559570313 3.648714780807
-382.285705566406 -639.937805175781 3.533033847809
-384.678741455078 -642.667724609375 6.919682502747
-386.342010498047 -644.049987792969 8.989927291870
-388.229003906250 -643.953552246094 10.422083854675
-384.072784423828 -650.084289550781 10.526329040527
-386.801147460938 -646.119140625000 10.490611076355
-393.133850097656 -636.561523437500 10.212577819824
-395.193786621094 -633.682617187500 10.248782157898
-404.793731689453 -619.825134277344 10.174862861633
-405.858886718750 -618.336486816406 10.193583488464
-398.870849609375 -628.102905273438 10.070765495300
-400.912994384766 -625.248840332031 10.106657028198
-409.949768066406 -620.899169921875 14.824522018433
-394.435180664063 -653.728393554688 8.933952331543
-396.349731445313 -650.992919921875 8.933952331543
-392.023895263672 -646.517700195313 14.820838928223
-396.135620117188 -649.295898437500 10.040509223938
-403.553283691406 -639.033203125000 9.855208396912
-408.582824707031 -630.796081542969 10.435889244080
-400.863922119141 -641.833129882813 10.431166648865
-396.852050781250 -647.584594726563 10.420421600342
-412.816131591797 -625.769592285156 9.871308326721
-407.014892578125 -634.085876464844 9.856027603149
-397.066802978516 -649.968383789063 8.933952331543
-409.949768066406 -620.899169921875 14.824522018433
-342.079620361328 -611.794494628906 14.813637733459
-355.112335205078 -585.209167480469 10.467015266418
-351.471649169922 -590.393493652344 10.451387405396
-349.238830566406 -593.638427734375 10.477684020996
-343.470886230469 -601.892822265625 10.475385665894
-337.198760986328 -608.063049316406 8.933952331543
-336.491363525391 -609.075866699219 8.933952331543
-345.604095458984 -598.813964843750 10.461948394775
-339.768188476563 -607.218139648438 10.488409042358
-334.575927734375 -611.818420410156 8.933952331543
-360.090606689453 -586.019714355469 14.821090698242
-338.452270507813 -608.925170898438 10.391232490540
-344.037841796875 -617.419677734375 11.560926437378
-344.817932128906 -613.779113769531 11.560926437378
-356.058685302734 -585.848632812500 11.560926437378
-355.112335205078 -585.209167480469 11.560926437378
-351.471649169922 -590.393493652344 11.560926437378
-352.409698486328 -591.073303222656 11.560926437378
-350.175964355469 -594.271606445313 11.560926437378
-349.238830566406 -593.638427734375 11.560926437378
-344.410003662109 -602.527404785156 11.560926437378
-343.470886230469 -601.892822265625 11.560926437378
-342.439727783203 -619.741943359375 11.560926437378
-357.302917480469 -584.067138671875 11.560926437378
-394.827850341797 -648.412231445313 11.560926437378
-403.553283691406 -639.033203125000 11.560926437378
-402.086120605469 -638.041870117188 11.560926437378
-408.582824707031 -630.796081542969 11.560926437378
-407.615142822266 -630.142211914063 11.560926437378
-400.863922119141 -641.833129882813 11.560926437378
-399.902648925781 -641.161560058594 11.560926437378
-412.728363037109 -622.836669921875 11.560926437378
-389.211517333984 -644.617431640625 11.560926437378
-395.893402099609 -646.889831542969 11.560926437378
-396.852050781250 -647.584594726563 11.560926437378
-411.395935058594 -624.740356445313 11.560926437378
-412.816131591797 -625.769592285156 11.560926437378
-405.581848144531 -633.047302246094 11.560926437378
-407.014892578125 -634.085876464844 11.560926437378
-384.629516601563 -649.275207519531 11.560926437378
-407.162811279297 -618.955871582031 11.560926437378
-386.222381591797 -646.960266113281 11.560926437378
-345.604095458984 -598.813964843750 11.560926437378
-346.533233642578 -599.487365722656 11.560926437378
-339.329650878906 -609.801513671875 11.560926437378
-339.768188476563 -607.218139648438 11.560926437378
-340.674926757813 -607.875305175781 11.560926437378
-362.866546630859 -587.963989257813 11.560926437378
-357.220886230469 -622.077941894531 3.237907648087
-360.057128906250 -624.133483886719 3.237907648087
-385.205108642578 -641.910400390625 3.237907648087
-382.285705566406 -639.937805175781 3.237907648087
-373.564636230469 -634.612915039063 3.237907648087
-376.413848876953 -636.677856445313 3.237907648087
-365.160339355469 -628.521972656250 3.237907648087
-368.140655517578 -630.681945800781 3.237907648087
-348.952056884766 -616.085205078125 3.237907648087
-351.799102783203 -618.148559570313 3.237907648087
-353.091217041016 -604.263977050781 3.237907648087
-351.111633300781 -607.140563964844 3.237907648087
-363.706390380859 -588.838806152344 3.237907648087
-362.674957275391 -590.337585449219 3.237907648087
-359.893646240234 -596.563842773438 3.237907648087
-357.850372314453 -599.419555664063 3.237907648087
-394.162292480469 -632.966918945313 3.237907648087
-392.160888671875 -635.875549316406 3.237907648087
-405.858886718750 -618.336486816406 3.237907648087
-404.793731689453 -619.825134277344 3.237907648087
-400.912994384766 -625.248840332031 3.237907648087
-398.870849609375 -628.102905273438 3.237907648087
-345.402587890625 -615.016784667969 6.005362510681
-395.193786621094 -633.682617187500 6.005362510681
-393.133850097656 -636.561523437500 6.005362510681
-394.162292480469 -632.966918945313 6.005362510681
-392.160888671875 -635.875549316406 6.005362510681
-405.858886718750 -618.336486816406 6.005362510681
-404.793731689453 -619.825134277344 6.005362510681
-400.912994384766 -625.248840332031 6.005362510681
-398.870849609375 -628.102905273438 6.005362510681
-384.418640136719 -641.378967285156 6.005362510681
-382.285705566406 -639.937805175781 6.005362510681
-351.233520507813 -618.956604003906 6.005362510681
-349.203796386719 -617.585144042969 6.005362510681
-387.631439208984 -644.807678222656 6.005362510681
-383.907897949219 -642.109069824219 6.005362510681
-384.678741455078 -642.667724609375 6.005362510681
-357.220886230469 -622.077941894531 6.005362510681
-360.057128906250 -624.133483886719 6.005362510681
-349.815155029297 -616.710693359375 6.005362510681
-351.799102783203 -618.148559570313 6.005362510681
-345.778839111328 -614.475463867188 6.005362510681
-381.823364257813 -640.598327636719 6.005362510681
-373.564636230469 -634.612915039063 6.005362510681
-376.413848876953 -636.677856445313 6.005362510681
-365.160339355469 -628.521972656250 6.005362510681
-368.140655517578 -630.681945800781 6.005362510681
-333.996856689453 -616.625427246094 6.005362510681
-348.952056884766 -616.085205078125 6.005362510681
-336.151275634766 -620.022949218750 6.005362510681
-388.229003906250 -643.953552246094 6.005362510681
-359.684967041016 -624.667053222656 6.005362510681
-356.782745361328 -622.706054687500 6.005362510681
-348.317260742188 -616.986145019531 6.005362510681
-385.205108642578 -641.910400390625 6.005362510681
-353.091217041016 -604.263977050781 6.005362510681
-351.111633300781 -607.140563964844 6.005362510681
-358.878356933594 -595.854553222656 6.005362510681
-356.887817382813 -598.747070312500 6.005362510681
-363.706390380859 -588.838806152344 6.005362510681
-362.674957275391 -590.337585449219 6.005362510681
-359.893646240234 -596.563842773438 6.005362510681
-357.850372314453 -599.419555664063 6.005362510681
-343.253448486328 -618.559509277344 13.011368751526
-343.596862792969 -612.894104003906 13.011368751526
-343.220275878906 -618.607727050781 13.011368751526
-340.555908203125 -610.690246582031 13.011368751526
-358.543151855469 -584.935791015625 13.011368751526
-393.580291748047 -647.569274902344 13.011368751526
-411.493469238281 -621.975585937500 13.011368751526
-390.462829589844 -645.462890625000 13.011368751526
-385.410003662109 -648.140930175781 13.011368751526
-408.401397705078 -619.819519042969 13.011368751526
-385.438049316406 -648.100158691406 13.011368751526
-361.631530761719 -587.098999023438 13.011368751526
-388.341735839844 -654.616149902344 6.005362510681
-350.333587646484 -617.086425781250 3.237907648087
-394.162292480469 -632.966918945313 4.055747509003
-392.160888671875 -635.875549316406 4.333205223083
-400.912994384766 -625.248840332031 3.301180362701
-398.870849609375 -628.102905273438 3.574432134628
-390.153167724609 -655.928955078125 6.096036434174
-386.537231445313 -654.351013183594 6.005362510681
-357.220886230469 -622.077941894531 3.582659244537
-360.057128906250 -624.133483886719 3.724631547928
-373.564636230469 -634.612915039063 4.460544586182
-376.413848876953 -636.677856445313 4.603165626526
-365.160339355469 -628.521972656250 4.039857387543
-368.140655517578 -630.681945800781 4.189041137695
-351.799102783203 -618.148559570313 3.311266660690
-383.433441162109 -640.713317871094 4.863410949707
-382.285705566406 -639.937805175781 4.810837745667
-386.102905273438 -654.958007812500 6.063477516174
-385.205108642578 -641.910400390625 4.944562435150
-398.628051757813 -624.182739257813 3.237907648087
-399.610046386719 -624.327026367188 3.237907648087
-352.336578369141 -617.380798339844 3.237907648087
-405.858886718750 -618.336486816406 8.713055610657
-404.793731689453 -619.825134277344 7.963696956635
-351.175140380859 -607.048278808594 6.005362510681
-351.111633300781 -607.140563964844 5.959255695343
-354.369110107422 -590.912292480469 13.011368751526
-358.765258789063 -587.916381835938 14.820542335510
-358.765258789063 -587.916381835938 14.820542335510
-358.108337402344 -592.138244628906 13.011368751526
-400.912994384766 -625.248840332031 5.233560085297
-398.870849609375 -628.102905273438 3.796887159348
-349.806243896484 -594.021789550781 11.133565902710
-349.238830566406 -593.638427734375 11.214030265808
-350.844696044922 -593.314147949219 11.560926437378
-357.136169433594 -598.386169433594 10.333990097046
-356.887817382813 -598.747070312500 10.153636932373
-357.581695556641 -595.523010253906 11.560926437378
-353.091217041016 -604.263977050781 7.396726131439
-360.077392578125 -586.010437011719 14.805638313293
-358.731964111328 -587.939025878906 14.806840896606
-358.760772705078 -587.945068359375 14.808241844177
-360.102416992188 -586.027954101563 14.807224273682
-348.267669677734 -602.939025878906 14.816198348999
-348.267669677734 -602.939025878906 14.816198348999
-359.949645996094 -586.221435546875 14.821032524109
-359.936553955078 -586.212341308594 14.805764198303
-411.490997314453 -621.979125976563 13.011368751526
-409.944732666016 -620.906372070313 14.824521064758
-409.944732666016 -620.906372070313 14.824521064758
-408.393798828125 -619.830383300781 13.011368751526
-359.961334228516 -586.229553222656 14.807331085205
-359.949645996094 -586.221435546875 14.821032524109
-357.153259277344 -584.281372070313 11.560926437378
-356.207763671875 -583.625427246094 10.458622932434
-412.984802246094 -623.015441894531 11.259725570679
-412.727935791016 -622.837280273438 11.560926437378
-407.153137207031 -618.969665527344 11.560926437378
-406.183532714844 -618.296936035156 10.427347183228
-363.629913330078 -588.774658203125 10.512253761292
-362.734222412109 -588.153259277344 11.560926437378
-358.397399902344 -585.144531250000 13.011368751526
-361.495330810547 -587.293762207031 13.011368751526
-343.253448486328 -618.559509277344 13.011368751526
-344.037841796875 -617.419677734375 11.560926437378
-342.439727783203 -619.741943359375 11.560926437378
-343.220275878906 -618.607727050781 13.011368751526
-339.932067871094 -623.385925292969 8.933952331543
-341.026031494141 -621.796203613281 8.933952331543
-343.236816406250 -618.583679199219 13.042099952698
-341.026031494141 -621.796203613281 8.933952331543
-343.236816406250 -618.583679199219 13.042099952698
-351.111633300781 -607.140563964844 3.237907648087
-353.091217041016 -604.263977050781 3.237907648087
-362.674957275391 -590.337585449219 3.237907648087
-363.706390380859 -588.838806152344 3.237907648087
-356.887817382813 -598.747070312500 6.005362510681
-358.878356933594 -595.854553222656 6.005362510681
-363.706390380859 -588.838806152344 10.416614532471
-362.674957275391 -590.337585449219 10.403644561768
-358.878356933594 -595.854553222656 10.355899810791
-357.136169433594 -598.386169433594 10.333990097046
-344.785369873047 -616.333435058594 10.178670883179
-341.674835205078 -620.853454589844 10.139554023743
-345.415679931641 -615.417480468750 9.013135910034
-345.415679931641 -615.417480468750 8.933952331543
-356.887817382813 -598.747070312500 10.330866813660
-353.091217041016 -604.263977050781 10.283122062683
-351.111633300781 -607.140563964844 10.258228302002
-345.658691406250 -598.853515625000 11.560926437378
-355.320709228516 -585.349975585938 11.560926437378
-355.320709228516 -585.349975585938 10.707876205444
-351.629913330078 -590.508178710938 10.638594627380
-351.629913330078 -590.508178710938 11.560926437378
-349.340850830078 -593.707397460938 11.199561119080
-349.340850830078 -593.707397460938 10.595625877380
-343.479736328125 -601.898803710938 11.560926437378
-343.479736328125 -601.898803710938 10.485605239868
-356.439575195313 -583.786254882813 10.728878974915
-337.725891113281 -609.940368652344 8.933952331543
-338.452270507813 -608.925170898438 8.933952331543
-356.593933105469 -583.570556640625 10.731776237488
-339.751647949219 -607.109130859375 11.560926437378
-349.340850830078 -593.707397460938 11.560926437378
-345.658691406250 -598.853515625000 10.526506423950
-338.338958740234 -609.083496093750 10.389105796814
-338.338958740234 -609.083496093750 8.933952331543
-335.765319824219 -612.680419921875 8.933952331543
-338.452270507813 -608.925170898438 10.391232490540
-343.215484619141 -623.328857421875 8.933952331543
-342.547302246094 -624.290832519531 7.700023651123
-342.547302246094 -624.290832519531 8.933952331543
-343.215484619141 -623.328857421875 8.933952331543
-346.245971679688 -618.966003417969 11.560926437378
-345.456634521484 -620.102355957031 13.011368751526
-345.423522949219 -620.150024414063 13.011368751526
-344.638092041016 -621.280822753906 11.560926437378
-345.440032958984 -620.126220703125 13.041851997375
-345.440032958984 -620.126220703125 13.041851997375
-347.641174316406 -616.957336425781 8.997123718262
-342.120666503906 -624.905090332031 8.933952331543
-394.289978027344 -648.048828125000 6.005362510681
-339.107177734375 -610.763122558594 6.005362510681
-393.580291748047 -647.569274902344 13.011368751526
-392.023895263672 -646.517700195313 14.820838928223
-392.023895263672 -646.517700195313 14.820838928223
-390.462829589844 -645.462890625000 13.011368751526
-394.289978027344 -648.048828125000 7.644431591034
-348.317260742188 -616.986145019531 8.615359306335
-351.233520507813 -618.956604003906 8.553769111633
-382.285705566406 -639.937805175781 3.237907648087
-385.205108642578 -641.910400390625 3.237907648087
-384.418640136719 -641.378967285156 6.005362510681
-385.205108642578 -641.910400390625 6.005362510681
-388.229003906250 -643.953552246094 6.005362510681
-365.233825683594 -628.416259765625 3.237907648087
-368.284271240234 -630.477355957031 3.237907648087
-373.835601806641 -634.228271484375 3.237907648087
-376.749267578125 -636.196960449219 3.237907648087
-349.203796386719 -617.585144042969 6.005362510681
-351.233520507813 -618.956604003906 6.005362510681
-356.782745361328 -622.706054687500 6.005362510681
-359.684967041016 -624.667053222656 6.005362510681
-382.285705566406 -639.937805175781 6.005362510681
-396.135620117188 -649.295898437500 10.040509223938
-394.827850341797 -648.412231445313 11.560926437378
-339.107177734375 -610.763122558594 8.809873580933
-345.402587890625 -615.016784667969 6.005362510681
-336.529418945313 -609.021423339844 8.933952331543
-337.779205322266 -609.865844726563 8.933952331543
-394.289978027344 -648.048828125000 8.933952331543
-396.135620117188 -649.295898437500 8.933952331543
-348.317260742188 -616.986145019531 6.005362510681
-345.402587890625 -615.016784667969 8.933952331543
-389.211517333984 -644.617431640625 11.560926437378
-388.229003906250 -643.953552246094 10.422083854675
-336.119049072266 -608.744140625000 8.933952331543
-339.107177734375 -610.763122558594 8.933952331543
-356.782745361328 -622.706054687500 8.436571121216
-359.684967041016 -624.667053222656 8.375277519226
-386.483886718750 -640.070373535156 3.237907648087
-383.637115478516 -638.007263183594 3.237907648087
-340.179199218750 -606.511596679688 11.560926437378
-339.739685058594 -606.193054199219 11.560926437378
-341.140716552734 -607.208435058594 11.560926437378
-393.153137207031 -644.903869628906 14.821070671082
-394.674255371094 -646.006286621094 13.011368751526
-391.627441406250 -643.798095703125 13.011368751526
-393.153137207031 -644.903869628906 14.821070671082
-369.957885742188 -628.093383789063 3.237907648087
-366.965484619141 -625.924682617188 3.237907648087
-378.223297119141 -634.083618164063 3.237907648087
-375.386199951172 -632.027465820313 3.237907648087
-395.893402099609 -646.889831542969 11.560926437378
-396.852050781250 -647.584594726563 10.420421600342
-346.630249023438 -611.186950683594 11.560926437378
-347.584106445313 -611.878234863281 10.427888870239
-389.444580078125 -642.216125488281 10.422192573547
-390.404602050781 -642.911865234375 11.560926437378
-341.140716552734 -607.208435058594 11.560926437378
-342.366943359375 -608.097167968750 13.011368751526
-345.409179687500 -610.301940917969 13.011368751526
-343.891296386719 -609.201904296875 14.814388275146
-343.891296386719 -609.201904296875 14.814388275146
-395.893402099609 -646.889831542969 11.560926437378
-396.852050781250 -647.584594726563 11.560926437378
-380.839569091797 -649.666076660156 8.933952331543
-380.839569091797 -649.666076660156 8.933952331543
-403.056640625000 -618.615722656250 3.237907648087
-404.104583740234 -617.151123046875 3.237907648087
-383.120971679688 -646.477600097656 13.011368751526
-383.926147460938 -645.352294921875 11.560926437378
-382.290679931641 -647.638000488281 11.560926437378
-383.091918945313 -646.518249511719 13.011368751526
-383.106414794922 -646.497985839844 13.037616729736
-383.106414794922 -646.497985839844 13.037616729736
-385.353973388672 -643.356811523438 8.988824844360
-379.734039306641 -651.211181640625 8.933952331543
-399.031005859375 -624.241943359375 3.237907648087
-399.185180664063 -624.026428222656 3.237907648087
-391.194488525391 -635.194152832031 3.237907648087
-393.244018554688 -632.329711914063 3.237907648087
-397.133758544922 -626.893493652344 3.237907648087
-345.928405761719 -626.803466796875 7.574209213257
-346.660095214844 -625.740112304688 8.933952331543
-346.660095214844 -625.740112304688 8.933952331543
-348.886657714844 -622.504272460938 13.011368751526
-349.670989990234 -621.364440917969 11.560926437378
-348.073699951172 -623.685791015625 11.560926437378
-348.854187011719 -622.551513671875 13.011368751526
-348.870361328125 -622.527954101563 13.041466712952
-348.870361328125 -622.527954101563 13.041466712952
-351.050842285156 -619.359069824219 9.009220123291
-345.928405761719 -626.803466796875 8.933952331543
-387.174957275391 -654.444702148438 6.005362510681
-380.599395751953 -650.001770019531 8.933952331543
-381.623413085938 -650.693664550781 8.933952331543
-346.035522460938 -626.647766113281 7.773280143738
-346.035522460938 -626.647766113281 8.933952331543
-340.337036132813 -622.797424316406 8.933952331543
-346.035522460938 -626.647766113281 7.773280143738
-359.779296875000 -635.934143066406 8.061913490295
-389.902465820313 -656.287597656250 6.130298614502
-342.547302246094 -624.290832519531 7.700023651123
-363.020233154297 -638.123962402344 8.129976272583
-379.949340820313 -649.562500000000 8.485504150391
-371.495117187500 -643.850219726563 8.307957649231
-342.547302246094 -624.290832519531 7.700023651123
-341.361114501953 -623.489379882813 8.933952331543
-342.547302246094 -624.290832519531 8.933952331543
-386.699859619141 -654.123657226563 5.983600616455
-386.699859619141 -654.123657226563 6.005362510681
-336.176513671875 -619.986267089844 6.005362510681
-386.699859619141 -654.123657226563 8.627272605896
-343.215606689453 -624.742431640625 7.714058399200
-354.308776855469 -632.237792968750 7.947026252747
-351.607757568359 -630.412780761719 7.890302658081
-368.449035644531 -641.792053222656 8.243987083435
-377.120452880859 -647.651123046875 8.426095008850
-336.176513671875 -619.986267089844 7.566230297089
-333.230133056641 -617.995483398438 6.005362510681
-342.547302246094 -624.290832519531 8.933952331543
-346.035522460938 -626.647766113281 8.933952331543
-343.215606689453 -624.742431640625 8.933952331543
-336.176513671875 -619.986267089844 8.933952331543
-354.308776855469 -632.237792968750 8.933952331543
-351.607757568359 -630.412780761719 8.933952331543
-359.779296875000 -635.934143066406 8.933952331543
-363.020233154297 -638.123962402344 8.933952331543
-368.449035644531 -641.792053222656 8.933952331543
-377.120452880859 -647.651123046875 8.933952331543
-379.949340820313 -649.562500000000 8.933952331543
-371.495117187500 -643.850219726563 8.933952331543
-386.699859619141 -654.123657226563 8.933952331543
-387.679565429688 -644.842590332031 6.005362510681
-388.271514892578 -643.982299804688 7.771538734436
-388.271514892578 -643.982299804688 6.005362510681
-389.472778320313 -642.236572265625 10.455635070801
-388.271514892578 -643.982299804688 10.471361160278
-383.215911865234 -651.329528808594 8.933952331543
-388.271514892578 -643.982299804688 6.005362510681
-385.438049316406 -648.100158691406 13.011368751526
-386.222381591797 -646.960266113281 11.560926437378
-384.629516601563 -649.275207519531 11.560926437378
-385.410003662109 -648.140930175781 13.011368751526
-385.423980712891 -648.120605468750 13.037356376648
-385.423980712891 -648.120605468750 13.037356376648
-386.801147460938 -646.119140625000 10.490611076355
-384.072784423828 -650.084289550781 10.526329040527
-387.679565429688 -644.842590332031 8.866206169128
-383.215911865234 -651.329528808594 8.933952331543
-387.642944335938 -644.895812988281 8.933952331543
-388.271514892578 -643.982299804688 10.471361160278
-388.271514892578 -643.982299804688 8.933952331543
-405.899444580078 -618.363830566406 10.240584373474
-404.861480712891 -619.872314453125 10.254172325134
-401.080444335938 -625.367248535156 10.303672790527
-399.092071533203 -628.256958007813 10.329703330994
-395.305389404297 -633.760070800781 10.379277229309
-393.298065185547 -636.677307128906 10.405555725098
-392.009735107422 -638.549560546875 10.422422409058
-387.642944335938 -644.895812988281 8.933952331543
-382.132446289063 -652.904174804688 8.933952331543
-383.009185791016 -651.630004882813 8.933952331543
-387.679565429688 -644.842590332031 8.933952331543
-366.084991455078 -629.192138671875 3.237907648087
-366.084991455078 -629.192138671875 4.086142063141
-366.084991455078 -629.192138671875 6.005362510681
-360.778106689453 -636.609008789063 8.082889556885
-361.248229980469 -635.951965332031 8.933952331543
-363.532073974609 -632.760070800781 13.011368751526
-364.337249755859 -631.634765625000 11.560926437378
-362.699340820313 -633.923889160156 11.560926437378
-363.500549316406 -632.804077148438 13.011368751526
-363.516265869141 -632.782165527344 13.039819717407
-363.516265869141 -632.782165527344 13.039819717407
-365.795501708984 -629.596679687500 8.933952331543
-360.479675292969 -637.026062011719 7.542630672455
-366.084991455078 -629.192138671875 8.412494659424
-366.181823730469 -629.056823730469 3.237907648087
-367.925231933594 -626.620239257813 3.237907648087
-367.970428466797 -626.557067871094 3.237907648087
-382.783630371094 -651.026916503906 8.933952331543
-385.064788818359 -647.838806152344 13.011368751526
-385.869964599609 -646.713500976563 11.560926437378
-384.234741210938 -648.998840332031 11.560926437378
-385.035949707031 -647.879089355469 13.011368751526
-385.050354003906 -647.859008789063 13.037398338318
-385.050354003906 -647.859008789063 13.037398338318
-386.681396484375 -645.579467773438 10.099173545837
-383.395385742188 -650.171936035156 10.041419982910
-382.783630371094 -651.026916503906 8.933952331543
-406.196197509766 -618.305725097656 10.442153930664
-404.740783691406 -620.339843750000 10.416574478149
-401.122344970703 -625.396911621094 10.352978706360
-399.496643066406 -627.669006347656 10.324406623840
-381.672668457031 -652.579589843750 8.933952331543
-382.566253662109 -651.330688476563 8.933952331543
-393.133850097656 -636.561523437500 6.005362510681
-395.193786621094 -633.682617187500 6.005362510681
-399.081298828125 -628.249450683594 10.317107200623
-395.193786621094 -633.682617187500 10.248782157898
-393.133850097656 -636.561523437500 10.212577819824
-406.207580566406 -618.289794921875 10.442355155945
-387.296569824219 -644.719665527344 8.990992546082
-412.127960205078 -625.270874023438 10.690043449402
-396.799957275391 -647.546875000000 11.560926437378
-412.127960205078 -625.270874023438 11.560926437378
-406.379302978516 -633.625305175781 11.560926437378
-396.799957275391 -647.546875000000 11.560926437378
-395.767578125000 -649.047180175781 10.468406677246
-402.942230224609 -638.620361328125 11.560926437378
-402.942230224609 -638.620361328125 10.565603256226
-408.407562255859 -630.677612304688 11.560926437378
-408.407562255859 -630.677612304688 10.639642715454
-400.774536132813 -641.770629882813 11.560926437378
-400.774536132813 -641.770629882813 10.536236763000
-395.767578125000 -649.047180175781 10.468406677246
-395.767578125000 -649.047180175781 8.933952331543
-413.454498291016 -623.343017578125 10.708014488220
-396.799957275391 -647.546875000000 10.482392311096
-393.161071777344 -652.835205078125 8.933952331543
-395.053375244141 -650.085144042969 8.933952331543
-395.767578125000 -649.047180175781 8.933952331543
-396.799957275391 -647.546875000000 10.482392311096
-406.379302978516 -633.625305175781 10.612165451050
-396.608276367188 -650.623535156250 8.933952331543
-395.323577880859 -649.692443847656 8.933952331543
-345.138122558594 -613.321105957031 11.560926437378
-346.097778320313 -614.016601562500 10.421021461487
-338.726348876953 -608.674255371094 10.468852043152
-339.649627685547 -609.343383789063 11.560926437378
-340.875885009766 -610.232116699219 13.011368751526
-343.917053222656 -612.436157226563 13.011368751526
-342.399688720703 -611.336425781250 14.813770294189
-342.399688720703 -611.336425781250 14.813770294189
-360.057128906250 -624.133483886719 3.237907648087
-357.220886230469 -622.077941894531 3.237907648087
-351.799102783203 -618.148559570313 6.005362510681
-349.815155029297 -616.710693359375 6.005362510681
-393.868469238281 -648.637878417969 6.005362510681
-393.868469238281 -648.637878417969 8.403713226318
-384.997650146484 -642.208862304688 6.005362510681
-384.228210449219 -641.651184082031 6.005362510681
-366.410125732422 -628.737731933594 3.237907648087
-365.479248046875 -628.063110351563 3.237907648087
-376.057434082031 -635.729553222656 3.237907648087
-373.886444091797 -634.156127929688 3.237907648087
-360.057128906250 -624.133483886719 6.005362510681
-357.220886230469 -622.077941894531 6.005362510681
-393.868469238281 -648.637878417969 8.933952331543
-387.996398925781 -644.382141113281 6.005362510681
-382.143798828125 -640.140563964844 6.005362510681
-368.461700439453 -630.224609375000 3.237907648087
-376.733520507813 -636.219543457031 3.237907648087
-387.951782226563 -644.349792480469 6.005362510681
-348.952056884766 -616.085205078125 6.005362510681
-351.799102783203 -618.148559570313 3.237907648087
-350.333587646484 -617.086425781250 3.237907648087
-397.040008544922 -650.936401367188 8.933952331543
-348.952056884766 -616.085205078125 3.237907648087
-339.376647949219 -606.818786621094 11.560926437378
-339.795440673828 -606.233459472656 11.560926437378
-337.337646484375 -609.668457031250 8.933952331543
-337.386352539063 -609.600402832031 8.933952331543
-343.012969970703 -601.736694335938 11.560926437378
-345.317871093750 -598.515380859375 11.560926437378
-348.950256347656 -593.438842773438 11.560926437378
-338.061706542969 -608.656555175781 8.933952331543
-351.250457763672 -590.224060058594 11.560926437378
-354.878875732422 -585.153015136719 11.560926437378
-335.381561279297 -612.402282714844 8.933952331543
-411.583709716797 -624.472045898438 11.560926437378
-412.313629150391 -625.001037597656 10.692558288574
-363.277221679688 -589.462463378906 3.237907648087
-404.922851562500 -619.644653320313 6.005362510681
-404.922851562500 -619.644653320313 3.237907648087
-404.922851562500 -619.644653320313 8.054541587830
-363.277221679688 -589.462463378906 6.005362510681
-359.552429199219 -586.762939453125 14.806107521057
-359.564910888672 -586.771972656250 14.820873260498
-359.564910888672 -586.771972656250 14.820873260498
-359.576049804688 -586.780090332031 14.807622909546
-403.209106445313 -618.402648925781 3.237907648087
-356.100006103516 -584.260864257813 10.722504615784
-356.808837890625 -584.774597167969 11.560926437378
-404.922851562500 -619.644653320313 10.177132606506
-404.922851562500 -619.644653320313 8.933952331543
-408.840728759766 -622.484130859375 14.824294090271
-410.364562988281 -623.588500976563 13.011368751526
-407.312316894531 -621.376403808594 13.011368751526
-408.840728759766 -622.484130859375 14.824294090271
-412.527404785156 -625.155944824219 10.438213348389
-405.130493164063 -619.795166015625 10.423424720764
-406.089508056641 -620.490173339844 11.560926437378
-363.277221679688 -589.462463378906 10.411217689514
-363.277221679688 -589.462463378906 8.933952331543
-404.986419677734 -619.690734863281 10.252536773682
-402.866088867188 -618.154052734375 3.237907648087
-365.469146728516 -591.051025390625 3.237907648087
-363.277221679688 -589.462463378906 3.237907648087
-362.309326171875 -588.760986328125 11.560926437378
-363.277221679688 -589.462463378906 10.411217689514
-355.879028320313 -584.100708007813 10.461141586304
-358.035095214844 -585.663269042969 13.011368751526
-361.088256835938 -587.876037597656 13.011368751526
-412.850189208984 -624.221252441406 10.699827194214
-412.109527587891 -623.720825195313 11.560926437378
-362.683685302734 -590.324951171875 3.237907648087
-405.298950195313 -619.119079589844 3.237907648087
-405.298950195313 -619.119079589844 6.005362510681
-405.298950195313 -619.119079589844 8.319116592407
-362.683685302734 -590.324951171875 6.005362510681
-405.298950195313 -619.119079589844 8.933952331543
-405.298950195313 -619.119079589844 10.183742523193
-410.861938476563 -622.877868652344 13.011368751526
-409.302520751953 -621.824157714844 14.824389457703
-409.302520751953 -621.824157714844 14.824389457703
-407.738372802734 -620.767333984375 13.011368751526
-413.073028564453 -624.371826171875 10.440733909607
-406.487060546875 -619.921813964844 11.560926437378
-405.511505126953 -619.262695312500 10.430120468140
-362.683685302734 -590.324951171875 8.933952331543
-362.683685302734 -590.324951171875 10.403753280640
-355.112335205078 -585.209167480469 11.560926437378
-355.320709228516 -585.349975585938 11.560926437378
-358.878692626953 -587.754028320313 14.820589065552
-358.866699218750 -587.745910644531 14.806720733643
-358.889404296875 -587.761291503906 14.808143615723
-358.878692626953 -587.754028320313 14.820589065552
-403.544616699219 -617.933715820313 3.237907648087
-356.058685302734 -585.848632812500 11.560926437378
-355.320709228516 -585.349975585938 10.707876205444
-403.189331054688 -617.693664550781 3.237907648087
-362.683685302734 -590.324951171875 10.403753280640
-361.686798095703 -589.651367187500 11.560926437378
-355.112335205078 -585.209167480469 10.467015266418
-357.313507080078 -586.696472167969 13.011368751526
-360.437286376953 -588.807128906250 13.011368751526
-405.354125976563 -619.156372070313 10.247722625732
-356.058685302734 -585.848632812500 11.560926437378
-362.683685302734 -590.324951171875 3.237907648087
-364.918640136719 -591.835083007813 3.237907648087
-400.630645751953 -626.020935058594 10.309560775757
-400.452789306641 -625.892028808594 3.362760066986
-400.452789306641 -625.892028808594 3.237907648087
-400.452789306641 -625.892028808594 8.933952331543
-400.452789306641 -625.892028808594 6.005362510681
-400.452789306641 -625.892028808594 4.909793376923
-398.739013671875 -624.649963378906 3.237907648087
-400.452789306641 -625.892028808594 10.098568916321
-353.244750976563 -591.678527832031 12.548641204834
-353.635955810547 -591.962036132813 13.011368751526
-356.686035156250 -594.172546386719 13.011368751526
-357.679748535156 -594.892761230469 11.831002235413
-355.156616210938 -593.064147949219 14.810038566589
-355.171020507813 -593.074584960938 14.810963630676
-407.178344726563 -630.766296386719 11.560926437378
-407.957855224609 -631.331237792969 10.633549690247
-351.629913330078 -590.508178710938 10.638594627380
-352.409698486328 -591.073303222656 11.560926437378
-404.436126708984 -628.778869628906 14.823389053345
-405.959197998047 -629.882751464844 13.011368751526
-402.908477783203 -627.671752929688 13.011368751526
-404.436126708984 -628.778869628906 14.823389053345
-408.125427246094 -631.452697753906 10.434177398682
-355.164215087891 -593.069641113281 14.819052696228
-400.660430908203 -626.042480468750 10.344861030579
-401.685638427734 -626.785522460938 11.560926437378
-355.164215087891 -593.069641113281 14.819052696228
-357.907104492188 -595.057495117188 11.560926437378
-358.817718505859 -595.717468261719 10.479252815247
-351.471649169922 -590.393493652344 10.451387405396
-351.629913330078 -590.508178710938 11.560926437378
-351.471649169922 -590.393493652344 11.560926437378
-352.409698486328 -591.073303222656 11.560926437378
-351.136077880859 -590.150268554688 11.560926437378
-351.005004882813 -590.055297851563 11.560926437378
-398.450408935547 -624.440795898438 3.237907648087
-340.446502685547 -623.742980957031 8.933952331543
-340.866882324219 -623.155456542969 8.933952331543
-343.854309082031 -618.980285644531 13.011368751526
-344.659454345703 -617.854980468750 11.560926437378
-343.019134521484 -620.147521972656 11.560926437378
-343.820343017578 -619.027770996094 13.011368751526
-343.837280273438 -619.004089355469 13.042032241821
-341.567993164063 -622.175598144531 8.933952331543
-343.837280273438 -619.004089355469 13.042032241821
-345.849151611328 -616.192321777344 9.417799949646
-341.874877929688 -621.746704101563 9.489475250244
-364.395111083984 -590.272644042969 3.237907648087
-364.844757080078 -589.644226074219 3.237907648087
-363.793365478516 -591.113647460938 3.237907648087
-363.812133789063 -591.087402343750 3.237907648087
-341.567993164063 -622.175598144531 8.933952331543
-351.924652099609 -607.701232910156 3.237907648087
-353.952178955078 -604.867553710938 3.237907648087
-357.850372314453 -599.419555664063 3.237907648087
-359.893646240234 -596.563842773438 3.237907648087
-357.850372314453 -599.419555664063 6.005362510681
-359.893646240234 -596.563842773438 6.005362510681
-346.076416015625 -615.874694824219 9.008381843567
-350.175964355469 -594.271606445313 11.560926437378
-397.564758300781 -626.291076660156 3.237907648087
-356.728240966797 -598.698852539063 10.483263015747
-355.799865722656 -598.071533203125 11.560926437378
-350.175964355469 -594.271606445313 11.560926437378
-349.806243896484 -594.021789550781 11.133565902710
-349.340850830078 -593.707397460938 11.560926437378
-407.190429687500 -632.794921875000 10.430677413940
-407.026763916016 -632.684326171875 10.620936393738
-352.993835449219 -596.175598144531 14.818154335022
-400.597869873047 -628.340515136719 11.560926437378
-399.531646728516 -627.620056152344 10.325021743774
-406.218261718750 -632.138061523438 11.560926437378
-404.970672607422 -631.295104980469 13.011368751526
-401.849212646484 -629.185974121094 13.011368751526
-352.993835449219 -596.175598144531 14.818154335022
-403.412292480469 -630.242126464844 14.823179244995
-403.412292480469 -630.242126464844 14.823179244995
-349.340850830078 -593.707397460938 10.595625877380
-349.238830566406 -593.638427734375 10.477684020996
-399.530731201172 -627.619445800781 10.323960304260
-399.319091796875 -627.476440429688 3.237907648087
-399.319091796875 -627.476440429688 10.078643798828
-352.988494873047 -596.171997070313 14.811977386475
-352.998596191406 -596.178833007813 14.812610626221
-399.319091796875 -627.476440429688 4.112231731415
-399.319091796875 -627.476440429688 6.005362510681
-348.737213134766 -593.299499511719 11.560926437378
-348.948028564453 -593.441955566406 11.560926437378
-348.991821289063 -593.471557617188 11.560926437378
-349.238830566406 -593.638427734375 11.560926437378
-399.319091796875 -627.476440429688 3.514454364777
-399.319091796875 -627.476440429688 8.933952331543
-351.430755615234 -595.119445800781 13.011368751526
-354.550323486328 -597.227294921875 13.011368751526
-397.300140380859 -626.112304687500 3.237907648087
-339.853637695313 -609.491210937500 11.802225112915
-334.638916015625 -617.069702148438 6.005362510681
-339.536804199219 -609.951660156250 11.560926437378
-339.536804199219 -609.951660156250 11.805956840515
-341.330017089844 -607.345642089844 11.784837722778
-333.752441406250 -618.358032226563 6.005362510681
-333.756958007813 -618.351440429688 6.005362510681
-334.638916015625 -617.069702148438 8.933952331543
-339.536804199219 -609.951660156250 8.933952331543
-338.953216552734 -610.799804687500 8.933952331543
-339.019287109375 -610.703735351563 8.933952331543
-352.487884521484 -591.130004882813 11.653429031372
-351.108917236328 -593.134033203125 11.669669151306
-350.278503417969 -594.340881347656 11.679450035095
-356.101898193359 -585.877807617188 11.610866546631
-356.843658447266 -584.799804687500 11.602129936218
-357.333221435547 -584.088378906250 11.596364974976
-357.185180664063 -584.303527832031 11.598108291626
-394.631805419922 -634.468017578125 10.238904953003
-353.046234130859 -604.329345703125 3.237907648087
-393.629302978516 -633.741516113281 4.129637718201
-393.629302978516 -633.741516113281 3.237907648087
-394.631805419922 -634.468017578125 8.933952331543
-394.631805419922 -634.468017578125 6.005362510681
-393.629302978516 -633.741516113281 6.005362510681
-394.631805419922 -634.468017578125 10.238904953003
-345.547943115234 -598.895080566406 10.462302207947
-345.601287841797 -598.933715820313 10.525429725647
-351.970031738281 -603.549377441406 11.560926437378
-353.046234130859 -604.329345703125 10.282556533813
-346.476745605469 -599.568237304688 11.560926437378
-353.046234130859 -604.329345703125 10.282556533813
-353.046234130859 -604.329345703125 8.933952331543
-346.613433837891 -599.667297363281 11.722613334656
-402.083404541016 -639.868469238281 10.553967475891
-402.187957763672 -639.944274902344 10.429563522339
-349.229187011719 -601.562988281250 14.816596984863
-394.756195068359 -634.558166503906 10.386466979980
-395.746368408203 -635.275817871094 11.560926437378
-400.017852783203 -638.371520996094 13.011368751526
-401.236999511719 -639.255065917969 11.560926437378
-396.969177246094 -636.162048339844 13.011368751526
-349.229187011719 -601.562988281250 14.816596984863
-398.495819091797 -637.268432617188 14.822168350220
-398.495819091797 -637.268432617188 14.822168350220
-349.228149414063 -601.562255859375 14.815340042114
-349.230163574219 -601.563720703125 14.815468788147
-355.142059326172 -605.848327636719 3.237907648087
-353.896423339844 -604.945556640625 3.237907648087
-353.046234130859 -604.329345703125 3.237907648087
-347.703002929688 -600.456909179688 13.011368751526
-350.748962402344 -602.664428710938 13.011368751526
-394.631805419922 -634.468017578125 6.005362510681
-392.710388183594 -633.075500488281 3.237907648087
-353.046234130859 -604.329345703125 7.364064216614
-392.512817382813 -632.932312011719 3.237907648087
-353.046234130859 -604.329345703125 6.005362510681
-351.151580810547 -607.082519531250 3.237907648087
-351.151580810547 -607.082519531250 5.988267421722
-351.151580810547 -607.082519531250 6.005362510681
-347.225830078125 -604.429992675781 14.815767288208
-347.225830078125 -604.429992675781 14.815767288208
-351.151580810547 -607.082519531250 8.933952331543
-351.151580810547 -607.082519531250 10.258729934692
-393.670501708984 -635.811523437500 10.222009658813
-392.670074462891 -635.135559082031 3.237907648087
-392.670074462891 -635.135559082031 4.262617588043
-393.670501708984 -635.811523437500 6.005362510681
-393.670501708984 -635.811523437500 8.933952331543
-392.670074462891 -635.135559082031 6.005362510681
-393.670501708984 -635.811523437500 10.222009658813
-343.479736328125 -601.898803710938 10.485605239868
-343.470886230469 -601.892822265625 10.475385665894
-351.151580810547 -607.082519531250 10.258729934692
-350.029785156250 -606.324523925781 11.560926437378
-344.410003662109 -602.527404785156 11.560926437378
-344.570709228516 -602.635986328125 11.746671676636
-401.416290283203 -641.045166015625 10.430498123169
-401.318969726563 -640.979370117188 10.543612480164
-394.825622558594 -636.591979980469 11.560926437378
-393.822937011719 -635.914489746094 10.398684501648
-400.443969726563 -640.388183593750 11.560926437378
-399.196380615234 -639.545227050781 13.011368751526
-396.076934814453 -637.437500000000 13.011368751526
-397.639007568359 -638.492919921875 14.821992874146
-397.639007568359 -638.492919921875 14.821992874146
-345.664825439453 -603.375244140625 13.011368751526
-348.780273437500 -605.480285644531 13.011368751526
-351.971160888672 -607.636291503906 3.237907648087
-353.273193359375 -608.516052246094 3.237907648087
-344.410003662109 -602.527404785156 11.560926437378
-343.479736328125 -601.898803710938 11.560926437378
-343.470886230469 -601.892822265625 11.560926437378
-351.151580810547 -607.082519531250 3.237907648087
-393.670501708984 -635.811523437500 6.005362510681
-391.703643798828 -634.482543945313 3.237907648087
-391.510009765625 -634.351684570313 3.237907648087
-394.689178466797 -634.387817382813 10.239913940430
-393.685211181641 -633.660217285156 4.121885776520
-393.685211181641 -633.660217285156 3.237907648087
-394.689178466797 -634.387817382813 8.933952331543
-394.689178466797 -634.387817382813 6.005362510681
-393.685211181641 -633.660217285156 6.005362510681
-394.689178466797 -634.387817382813 10.239913940430
-345.604095458984 -598.813964843750 10.461948394775
-345.658691406250 -598.853515625000 10.526506423950
-352.026550292969 -603.468566894531 11.560926437378
-352.950195312500 -604.138000488281 10.463765144348
-346.533233642578 -599.487365722656 11.560926437378
-346.669372558594 -599.585998535156 11.721955299377
-355.198669433594 -605.767517089844 3.237907648087
-354.096435546875 -604.968688964844 3.237907648087
-346.533233642578 -599.487365722656 11.560926437378
-345.658691406250 -598.853515625000 11.560926437378
-345.604095458984 -598.813964843750 11.560926437378
-394.689178466797 -634.387817382813 6.005362510681
-392.767791748047 -632.995300292969 3.237907648087
-392.569732666016 -632.851806640625 3.237907648087
-402.139312744141 -639.787231445313 10.554725646973
-402.244567871094 -639.863525390625 10.429494857788
-349.285705566406 -601.482177734375 14.816619873047
-394.812133789063 -634.476928710938 10.385734558105
-395.802886962891 -635.195007324219 11.560926437378
-400.074401855469 -638.290710449219 13.011368751526
-401.293548583984 -639.174255371094 11.560926437378
-397.025726318359 -636.081176757813 13.011368751526
-349.285705566406 -601.482177734375 14.816619873047
-398.552337646484 -637.187622070313 14.822179794312
-398.552337646484 -637.187622070313 14.822179794312
-349.284576416016 -601.481384277344 14.815289497375
-349.286712646484 -601.482910156250 14.815425872803
-347.759460449219 -600.376037597656 13.011368751526
-350.805480957031 -602.583618164063 13.011368751526
-339.961395263672 -609.569335937500 11.929679870605
-339.107177734375 -610.763122558594 8.809873580933
-339.107177734375 -610.763122558594 6.005362510681
-334.609375000000 -617.049255371094 6.005362510681
-341.476501464844 -607.451782226563 11.958121299744
-333.699310302734 -618.321105957031 6.005362510681
-333.703460693359 -618.315307617188 6.005362510681
-334.609375000000 -617.049255371094 8.933952331543
-335.747619628906 -615.458435058594 8.933952331543
-339.636260986328 -610.023742675781 6.005362510681
-339.636260986328 -610.023742675781 11.923577308655
-339.636260986328 -610.023742675781 7.856795310974
-339.107177734375 -610.763122558594 8.933952331543
-344.807739257813 -602.796142578125 12.020652770996
-346.898590087891 -599.873962402344 12.059901237488
-346.955993652344 -599.793762207031 12.060977935791
-352.927215576172 -591.448425292969 12.173066139221
-352.303680419922 -592.319824218750 12.161361694336
-350.668853759766 -594.604675292969 12.130673408508
-339.636260986328 -610.023742675781 11.560926437378
-339.636260986328 -610.023742675781 8.933952331543
-339.107177734375 -610.763122558594 6.005362510681
-339.038299560547 -610.859375000000 8.933952331543
-356.648712158203 -586.247253417969 12.242923736572
-357.397308349609 -585.201049804688 12.256976127625
-357.906280517578 -584.489746093750 12.266530036926
-357.756103515625 -584.699584960938 12.263710975647
-339.107177734375 -610.763122558594 8.933952331543
-351.228240966797 -606.971130371094 3.237907648087
-351.228240966797 -606.971130371094 10.259694099426
-351.228240966797 -606.971130371094 8.933952331543
-392.948669433594 -637.207519531250 10.422506332397
-393.908416748047 -637.903137207031 11.560926437378
-398.179290771484 -640.998413085938 13.011368751526
-399.398437500000 -641.881958007813 11.560926437378
-395.131256103516 -638.789367675781 13.011368751526
-396.657562255859 -639.895507812500 14.821790695190
-396.657562255859 -639.895507812500 14.821790695190
-347.392608642578 -604.191284179688 14.815836906433
-347.392608642578 -604.191284179688 14.815836906433
-343.721710205078 -601.530883789063 10.473805427551
-343.735748291016 -601.541015625000 10.490410804749
-350.132781982422 -606.177246093750 11.560926437378
-351.228240966797 -606.971130371094 10.259694099426
-344.640777587891 -602.196960449219 11.560926437378
-344.795593261719 -602.309143066406 11.744023323059
-345.033020019531 -602.481262207031 12.024881362915
-345.867034912109 -603.085693359375 13.011368751526
-348.911712646484 -605.292236328125 13.011368751526
-400.848632812500 -642.932983398438 11.560926437378
-400.265533447266 -642.510375976563 11.560926437378
-399.398437500000 -641.881958007813 11.560926437378
-353.302398681641 -608.474365234375 3.237907648087
-352.030853271484 -607.552856445313 3.237907648087
-351.228240966797 -606.971130371094 3.237907648087
-351.228240966797 -606.971130371094 6.043921947479
-351.228240966797 -606.971130371094 6.005362510681
-336.150115966797 -608.765136718750 8.933952331543
-336.116394042969 -608.813293457031 8.933952331543
-336.823028564453 -607.804626464844 8.933952331543
-334.201324462891 -611.546936035156 8.933952331543
-385.145935058594 -648.524658203125 8.933952331543
-343.435241699219 -618.295349121094 12.675172805786
-343.435241699219 -618.295349121094 11.560926437378
-343.435241699219 -618.295349121094 12.675172805786
-384.769317626953 -648.251708984375 12.528679847717
-382.847930908203 -646.859191894531 12.569686889648
-359.436645507813 -629.892150878906 13.011368751526
-349.005157470703 -622.332031250000 12.792199134827
-363.484863281250 -632.826049804688 12.982936859131
-362.152648925781 -631.860534667969 13.011368751526
-360.805297851563 -630.884033203125 13.040123939514
-360.805297851563 -630.884033203125 13.040123939514
-385.145935058594 -648.524658203125 10.512280464172
-343.435241699219 -618.295349121094 8.933952331543
-337.003173828125 -613.633728027344 8.933952331543
-336.395782470703 -613.193542480469 8.933952331543
-344.033935546875 -618.729248046875 12.687750816345
-345.614685058594 -619.874816894531 12.720962524414
-337.036132812500 -613.657653808594 8.933952331543
-343.435241699219 -618.295349121094 8.933952331543
-385.145935058594 -648.524658203125 12.520642280579
-385.145935058594 -648.524658203125 12.520642280579
-391.904815673828 -653.423095703125 8.933952331543
-385.145935058594 -648.524658203125 8.933952331543
-343.435241699219 -618.295349121094 10.161692619324
-385.145935058594 -648.524658203125 11.560926437378
-349.099212646484 -616.191833496094 6.005362510681
-349.099212646484 -616.191833496094 3.237907648087
-348.477935791016 -617.094726562500 8.611966133118
-348.477935791016 -617.094726562500 6.847927093506
-349.099212646484 -616.191833496094 6.005362510681
-348.477935791016 -617.094726562500 6.005362510681
-343.134674072266 -624.859985351563 7.563703536987
-343.215606689453 -624.742431640625 7.714058399200
-348.477935791016 -617.094726562500 8.611966133118
-343.872039794922 -623.788452148438 8.933952331543
-343.215606689453 -624.742431640625 7.714058399200
-343.215606689453 -624.742431640625 8.933952331543
-348.303833007813 -617.347778320313 8.933952331543
-348.477935791016 -617.094726562500 6.005362510681
-346.248748779297 -620.334350585938 12.734285354614
-346.883239746094 -619.412231445313 11.560926437378
-349.099212646484 -616.191833496094 3.237907648087
-350.417205810547 -614.276428222656 3.237907648087
-343.134674072266 -624.859985351563 8.933952331543
-343.215606689453 -624.742431640625 8.933952331543
-346.098907470703 -620.552124023438 13.011368751526
-345.285614013672 -621.734069824219 11.560926437378
-346.066101074219 -620.599792480469 13.011368751526
-346.082458496094 -620.576049804688 13.041779518127
-346.082458496094 -620.576049804688 13.041779518127
-383.092926025391 -650.594604492188 9.493906974792
-383.518829345703 -650.889282226563 9.496891021729
-381.141326904297 -649.244323730469 9.480235099792
-382.625946044922 -650.271545410156 9.490635871887
-346.824676513672 -625.500915527344 9.239818572998
-361.473876953125 -635.636596679688 9.342448234558
-383.518829345703 -650.889282226563 9.496891021729
-341.169311523438 -621.588012695313 8.933952331543
-333.996856689453 -616.625427246094 8.933952331543
-334.609375000000 -617.049255371094 8.933952331543
-337.040191650391 -618.731079101563 6.005362510681
-337.040191650391 -618.731079101563 8.933952331543
-333.996856689453 -616.625427246094 6.005362510681
-334.609375000000 -617.049255371094 6.005362510681
-341.962188720703 -622.136596679688 9.205752372742
-343.368011474609 -623.109252929688 9.215601921082
-341.717193603516 -621.967102050781 9.204036712646
-334.638916015625 -617.069702148438 8.933952331543
-334.638916015625 -617.069702148438 6.005362510681
-341.169311523438 -621.588012695313 9.200198173523
-341.169311523438 -621.588012695313 8.933952331543
-383.518829345703 -650.889282226563 8.933952331543
-344.026062011719 -623.564575195313 9.220211982727
-383.518829345703 -650.889282226563 8.933952331543
-390.364898681641 -655.626037597656 8.933952331543
-341.169311523438 -621.588012695313 9.200198173523
-362.807983398438 -590.144348144531 3.237907648087
-362.807983398438 -590.144348144531 6.005362510681
-362.807983398438 -590.144348144531 8.933952331543
-362.807983398438 -590.144348144531 10.405317306519
-362.807983398438 -590.144348144531 10.405317306519
-363.939758300781 -590.909057617188 3.237907648087
-365.044677734375 -591.655639648438 3.237907648087
-356.226196289063 -585.697204589844 11.609402656555
-356.184265136719 -585.668823242188 11.560926437378
-362.807983398438 -590.144348144531 3.237907648087
-356.776336669922 -586.068908691406 12.245319366455
-403.672241210938 -617.755310058594 3.237907648087
-403.315338134766 -617.514160156250 3.237907648087
-412.974487304688 -624.040649414063 10.701511383057
-412.235260009766 -623.541137695313 11.560926437378
-405.426574707031 -618.940673828125 3.237907648087
-405.426574707031 -618.940673828125 6.005362510681
-405.426574707031 -618.940673828125 8.408906936646
-405.426574707031 -618.940673828125 8.933952331543
-405.426574707031 -618.940673828125 10.185985565186
-410.987701416016 -622.698181152344 13.011368751526
-409.428222656250 -621.644531250000 14.824415206909
-409.428222656250 -621.644531250000 14.824415206909
-407.864074707031 -620.587646484375 13.011368751526
-413.198272705078 -624.191833496094 10.441312789917
-406.612762451172 -619.742187500000 11.560926437378
-405.639129638672 -619.084289550781 10.432363510132
-359.004302978516 -587.574279785156 14.820641517639
-358.992156982422 -587.566101074219 14.806609153748
-359.015136718750 -587.581604003906 14.808048248291
-359.004302978516 -587.574279785156 14.820641517639
-355.448333740234 -585.171630859375 10.710271835327
-361.812438964844 -589.471679687500 11.560926437378
-355.237060546875 -585.028869628906 10.466059684753
-357.439056396484 -586.516662597656 13.011368751526
-360.562927246094 -588.627441406250 13.011368751526
-405.478424072266 -618.975708007813 10.246095657349
-342.218658447266 -611.205261230469 14.599655151367
-341.438842773438 -612.338562011719 8.760629653931
-341.438842773438 -612.338562011719 6.005362510681
-343.695037841797 -609.059692382813 14.582267761230
-357.783111572266 -588.585693359375 14.416350364685
-354.852935791016 -592.844055175781 14.450859069824
-337.040191650391 -618.731079101563 8.933952331543
-346.990234375000 -604.270812988281 14.543459892273
-348.978485107422 -601.381286621094 14.520043373108
-347.160614013672 -604.023193359375 14.541453361511
-349.034393310547 -601.300048828125 14.519385337830
-359.208709716797 -586.513854980469 14.399559974670
-358.645751953125 -587.332031250000 14.406190872192
-352.698028564453 -595.975708007813 14.476237297058
-337.040191650391 -618.731079101563 6.005362510681
-336.151275634766 -620.022949218750 8.933952331543
-336.176513671875 -619.986267089844 8.933952331543
-336.151275634766 -620.022949218750 6.005362510681
-336.176513671875 -619.986267089844 6.005362510681
-336.912475585938 -618.916687011719 8.933952331543
-341.901855468750 -611.665710449219 6.005362510681
-341.901855468750 -611.665710449219 7.904397010803
-341.438842773438 -612.338562011719 8.933952331543
-341.901855468750 -611.665710449219 11.560926437378
-341.901855468750 -611.665710449219 13.011368751526
-341.901855468750 -611.665710449219 14.603385925293
-341.901855468750 -611.665710449219 8.933952331543
-341.438842773438 -612.338562011719 6.005362510681
-337.040191650391 -618.731079101563 8.933952331543
-339.368225097656 -615.347778320313 8.933952331543
-337.040191650391 -618.731079101563 6.005362510681
-341.345123291016 -612.474792480469 8.933952331543
-358.521453857422 -587.512634277344 14.407653808594
-359.724975585938 -585.763610839844 14.393480300903
-359.584320068359 -585.967956542969 14.395136833191
-341.438842773438 -612.338562011719 8.933952331543
-380.528961181641 -650.100158691406 8.933952331543
-381.554046630859 -650.792785644531 8.933952331543
-345.966949462891 -626.747436523438 7.645833969116
-360.707672119141 -636.707397460938 7.955403804779
-345.966949462891 -626.747436523438 8.933952331543
-345.966949462891 -626.747436523438 7.645833969116
-359.708892822266 -636.032531738281 7.934428215027
-386.898834228516 -654.404113769531 6.005362510681
-389.833160400391 -656.386779785156 6.139772415161
-343.147003173828 -624.842102050781 7.586612224579
-362.951660156250 -638.223632812500 8.002530097961
-379.880767822266 -649.662170410156 8.358057975769
-371.426544189453 -643.949890136719 8.180510520935
-341.291809082031 -623.588562011719 8.933952331543
-342.478271484375 -624.390258789063 8.933952331543
-386.629425048828 -654.222106933594 5.993023395538
-386.629425048828 -654.222106933594 6.005362510681
-386.629425048828 -654.222106933594 8.499787330627
-343.147003173828 -624.842102050781 7.586612224579
-354.240203857422 -632.337463378906 7.819580078125
-351.539184570313 -630.512451171875 7.762856483459
-368.378631591797 -641.890441894531 8.116501808167
-377.051879882813 -647.750793457031 8.298648834229
-340.268432617188 -622.897094726563 8.933952331543
-340.796478271484 -623.253906250000 8.933952331543
-336.483337402344 -620.339599609375 8.933952331543
-343.147003173828 -624.842102050781 8.933952331543
-345.966949462891 -626.747436523438 8.933952331543
-343.147003173828 -624.842102050781 8.933952331543
-354.240203857422 -632.337463378906 8.933952331543
-351.539184570313 -630.512451171875 8.933952331543
-359.708892822266 -636.032531738281 8.933952331543
-362.951660156250 -638.223632812500 8.933952331543
-368.378631591797 -641.890441894531 8.933952331543
-377.051879882813 -647.750793457031 8.933952331543
-379.880767822266 -649.662170410156 8.933952331543
-371.426544189453 -643.949890136719 8.933952331543
-386.629425048828 -654.222106933594 8.933952331543
-382.495849609375 -651.429138183594 8.933952331543
-382.940612792969 -651.729675292969 8.933952331543
-395.309265136719 -647.724426269531 11.560926437378
-396.222381591797 -648.386230468750 10.474567413330
-360.964080810547 -622.833190917969 3.237907648087
-358.127838134766 -620.777648925781 3.237907648087
-367.332489013672 -627.448608398438 3.237907648087
-366.384063720703 -626.761230468750 3.237907648087
-377.640502929688 -634.919189453125 3.237907648087
-374.799468994141 -632.860229492188 3.237907648087
-369.372558593750 -628.927124023438 3.237907648087
-346.046508789063 -612.021850585938 11.560926437378
-347.002655029297 -612.714782714844 10.425202369690
-388.895202636719 -643.075927734375 10.463196754456
-389.820648193359 -643.746643066406 11.560926437378
-394.090087890625 -646.840881347656 13.011368751526
-391.043487548828 -644.632873535156 13.011368751526
-339.648742675781 -607.385131835938 10.486166000366
-340.557373046875 -608.043640136719 11.560926437378
-340.883758544922 -608.280212402344 11.946994781494
-341.783630371094 -608.932373046875 13.011368751526
-344.825439453125 -611.136901855469 13.011368751526
-392.569091796875 -645.738525390625 14.820950508118
-392.569091796875 -645.738525390625 14.820950508118
-343.117462158203 -609.899047851563 14.589070320129
-343.307769775391 -610.036987304688 14.814146041870
-343.307769775391 -610.036987304688 14.814146041870
-385.902465820313 -640.906982421875 3.237907648087
-383.052917480469 -638.841796875000 3.237907648087
-396.265960693359 -648.417785644531 10.422713279724
-340.752441406250 -608.184997558594 11.791640281677
-352.708221435547 -616.849853515625 3.237907648087
-349.998016357422 -614.885620117188 3.237907648087
-349.865081787109 -614.789306640625 3.237907648087
-388.860565185547 -643.050842285156 10.422140121460
-357.454528808594 -622.247314453125 3.237907648087
-358.353332519531 -620.941101074219 3.237907648087
-357.454528808594 -622.247314453125 6.005362510681
-357.454528808594 -622.247314453125 3.594355821609
-357.454528808594 -622.247314453125 6.005362510681
-357.025817871094 -622.870361328125 8.431437492371
-357.025817871094 -622.870361328125 6.005362510681
-351.763488769531 -630.518005371094 7.893572807312
-352.323333740234 -629.704406738281 8.933952331543
-354.549194335938 -626.469604492188 13.011368751526
-354.604095458984 -626.389831542969 12.909834861755
-353.736907958984 -627.650085449219 11.560926437378
-354.517395019531 -626.515808105469 13.011368751526
-354.533264160156 -626.492736816406 13.040829658508
-354.533264160156 -626.492736816406 13.040829658508
-355.333526611328 -625.329711914063 11.560926437378
-356.754089355469 -623.265258789063 8.933952331543
-352.509338378906 -629.434082031250 9.279644012451
-351.694915771484 -630.617675781250 7.766126632690
-357.025817871094 -622.870361328125 6.005362510681
-357.025817871094 -622.870361328125 8.431437492371
-351.569915771484 -630.799377441406 7.533824920654
-358.872253417969 -620.186950683594 3.237907648087
-357.454528808594 -622.247314453125 3.237907648087
-359.571105957031 -624.590087890625 8.377681732178
-359.571105957031 -624.590087890625 6.005362510681
-359.942474365234 -624.050415039063 3.237907648087
-360.841278076172 -622.744201660156 3.237907648087
-359.942474365234 -624.050415039063 6.005362510681
-359.942474365234 -624.050415039063 3.718893051147
-359.942474365234 -624.050415039063 6.005362510681
-354.308776855469 -632.237792968750 7.947026252747
-354.839843750000 -631.466003417969 8.933952331543
-357.065399169922 -628.231628417969 13.011368751526
-357.092041015625 -628.192932128906 12.962107658386
-356.253417968750 -629.411682128906 11.560926437378
-357.033905029297 -628.277404785156 13.011368751526
-357.049621582031 -628.254577636719 13.040546417236
-357.049621582031 -628.254577636719 13.040546417236
-357.849731445313 -627.091735839844 11.560926437378
-359.270294189453 -625.027282714844 8.933952331543
-355.035369873047 -631.181823730469 9.297341346741
-354.308776855469 -632.237792968750 8.933952331543
-354.839843750000 -631.466003417969 8.933952331543
-354.240203857422 -632.337463378906 7.819580078125
-354.240203857422 -632.337463378906 8.933952331543
-359.571105957031 -624.590087890625 6.005362510681
-359.571105957031 -624.590087890625 8.377681732178
-354.089538574219 -632.556396484375 7.539637565613
-354.089538574219 -632.556396484375 8.933952331543
-361.393859863281 -621.941101074219 3.237907648087
-359.942474365234 -624.050415039063 3.237907648087
-357.302337646484 -622.136962890625 3.237907648087
-358.201141357422 -620.830749511719 3.237907648087
-357.302337646484 -622.136962890625 6.005362510681
-357.302337646484 -622.136962890625 3.586736917496
-357.302337646484 -622.136962890625 6.005362510681
-351.607757568359 -630.412780761719 7.890302658081
-352.169372558594 -629.596679687500 8.933952331543
-354.395233154297 -626.361816406250 13.011368751526
-354.451873779297 -626.279479980469 12.906636238098
-353.582946777344 -627.542297363281 11.560926437378
-354.363433837891 -626.408020019531 13.011368751526
-354.379302978516 -626.384948730469 13.040846824646
-354.379302978516 -626.384948730469 13.040846824646
-355.179595947266 -625.221923828125 11.560926437378
-356.600158691406 -623.157470703125 8.933952331543
-352.354797363281 -629.327148437500 9.278561592102
-351.607757568359 -630.412780761719 8.933952331543
-352.169372558594 -629.596679687500 8.933952331543
-351.539184570313 -630.512451171875 7.762856483459
-351.539184570313 -630.512451171875 8.933952331543
-356.870117187500 -622.765136718750 6.005362510681
-356.870117187500 -622.765136718750 8.434725761414
-351.415771484375 -630.691833496094 7.533469676971
-351.415771484375 -630.691833496094 8.933952331543
-358.717987060547 -620.079650878906 3.237907648087
-356.870117187500 -622.765136718750 8.434725761414
-356.870117187500 -622.765136718750 6.005362510681
-357.302337646484 -622.136962890625 3.237907648087
-363.091552734375 -589.732238769531 3.237907648087
-363.091552734375 -589.732238769531 6.005362510681
-363.091552734375 -589.732238769531 10.408883094788
-363.091552734375 -589.732238769531 8.933952331543
-359.365051269531 -587.031555175781 14.806275367737
-359.377319335938 -587.040405273438 14.820796012878
-359.377319335938 -587.040405273438 14.820796012878
-359.388305664063 -587.048400878906 14.807765960693
-355.909484863281 -584.527160644531 10.718928337097
-356.621337890625 -585.043029785156 11.560926437378
-362.121673583984 -589.029357910156 11.560926437378
-363.091552734375 -589.732238769531 10.408883094788
-355.692749023438 -584.370056152344 10.462568283081
-357.206756591797 -585.467346191406 12.253398895264
-357.847564697266 -585.931762695313 13.011368751526
-360.900604248047 -588.144409179688 13.011368751526
-359.023040771484 -586.783691406250 14.401746749878
-363.091552734375 -589.732238769531 3.237907648087
-365.280975341797 -591.319030761719 3.237907648087
-364.204589843750 -590.538940429688 3.237907648087
-356.658020019531 -585.069641113281 11.604316711426
-411.395935058594 -624.740356445313 11.560926437378
-412.127960205078 -625.270874023438 10.690043449402
-408.652984619141 -622.752441406250 14.824255943298
-410.176788330078 -623.856750488281 13.011368751526
-407.124603271484 -621.644714355469 13.011368751526
-408.652984619141 -622.752441406250 14.824255943298
-412.816131591797 -625.769592285156 9.871308326721
-404.939971923828 -620.061462402344 10.420075416565
-405.901794433594 -620.758483886719 11.560926437378
-404.936828613281 -620.059143066406 10.416360855103
-412.816131591797 -625.769592285156 11.560926437378
-412.127960205078 -625.270874023438 11.560926437378
-411.395935058594 -624.740356445313 11.560926437378
-394.289978027344 -648.048828125000 7.644431591034
-394.289978027344 -648.048828125000 6.005362510681
-394.289978027344 -648.048828125000 11.560926437378
-394.289978027344 -648.048828125000 8.933952331543
-394.289978027344 -648.048828125000 12.186292648315
-393.868469238281 -648.637878417969 6.005362510681
-394.289978027344 -648.048828125000 6.005362510681
-393.868469238281 -648.637878417969 8.933952331543
-394.289978027344 -648.048828125000 8.933952331543
-389.164337158203 -655.212341308594 6.046539306641
-389.164337158203 -655.212341308594 8.933952331543
-395.383605957031 -646.520324707031 12.167456626892
-394.790863037109 -647.348754882813 12.177665710449
-388.815826416016 -655.699401855469 6.093173027039
-388.886260986328 -655.600952148438 6.083750247955
-411.831481933594 -623.532958984375 11.884178161621
-411.304382324219 -624.269592285156 11.893256187439
-399.990509033203 -640.081787109375 12.088112831116
-398.940124511719 -641.549804687500 12.106204032898
-400.805694580078 -638.942504882813 12.074073791504
-400.863067626953 -638.862304687500 12.073084831238
-412.461517333984 -622.652404785156 11.873327255249
-411.959106445313 -623.354553222656 11.881979942322
-388.260650634766 -656.475280761719 6.167459487915
-405.851623535156 -631.890319824219 11.987168312073
-406.834289550781 -630.516967773438 11.970243453979
-390.943206787109 -652.726196289063 8.933952331543
-393.574127197266 -649.049255371094 8.933952331543
-389.363891601563 -654.933471679688 8.933952331543
-394.289978027344 -648.048828125000 12.186292648315
-411.113861083984 -624.535888671875 11.896537780762
-393.543334960938 -649.092285156250 6.005362510681
-393.543334960938 -649.092285156250 8.933952331543
-412.462402343750 -622.651184082031 11.873311996460
-412.669097900391 -625.663024902344 10.046242713928
-412.669097900391 -625.663024902344 11.560926437378
-406.920440673828 -634.017456054688 11.560926437378
-393.708160400391 -653.218750000000 8.933952331543
-395.600677490234 -650.468383789063 8.933952331543
-395.864715576172 -650.084655761719 8.933952331543
-406.920440673828 -634.017456054688 9.968364715576
-396.317230224609 -649.427001953125 8.933952331543
-403.495849609375 -638.994384765625 11.560926437378
-403.495849609375 -638.994384765625 9.921971321106
-397.603118896484 -647.558227539063 11.560926437378
-400.806671142578 -642.902526855469 11.560926437378
-406.935974121094 -633.994873046875 9.968575477600
-403.387481689453 -639.151916503906 9.920502662659
-401.150268554688 -642.403198242188 11.560926437378
-412.669097900391 -625.663024902344 10.046242713928
-412.669097900391 -625.663024902344 11.560926437378
-412.704010009766 -625.612304687500 10.046715736389
-409.161712646484 -630.760253906250 11.560926437378
-406.318328857422 -629.369628906250 13.011368751526
-407.198699951172 -630.007690429688 11.963967323303
-404.795196533203 -628.265747070313 14.823463439941
-408.312927246094 -630.815185546875 10.638360023499
-408.483428955078 -630.938781738281 10.435517311096
-400.985748291016 -625.504882812500 10.304912567139
-400.817169189453 -625.382751464844 3.314001798630
-400.817169189453 -625.382751464844 3.237907648087
-400.817169189453 -625.382751464844 8.933952331543
-400.817169189453 -625.382751464844 6.005362510681
-400.817169189453 -625.382751464844 5.166148662567
-399.296997070313 -624.281005859375 3.237907648087
-399.103424072266 -624.140686035156 3.237907648087
-400.817169189453 -625.382751464844 10.104972839355
-353.794708251953 -591.303710937500 12.774970054626
-353.994567871094 -591.448547363281 13.011368751526
-357.044891357422 -593.659301757813 13.011368751526
-357.787872314453 -594.197753906250 12.128822326660
-355.208007812500 -592.328002929688 14.446677207947
-355.514953613281 -592.550476074219 14.809718132019
-355.530120849609 -592.561462402344 14.810691833496
-351.994323730469 -589.998901367188 11.560926437378
-351.610565185547 -589.720825195313 11.560926437378
-352.768310546875 -590.559875488281 11.560926437378
-351.363006591797 -589.541381835938 11.560926437378
-352.768310546875 -590.559875488281 11.560926437378
-352.842987060547 -590.613952636719 11.649247169495
-353.291595458984 -590.939147949219 12.179906845093
-407.537475585938 -630.253173828125 11.560926437378
-404.795196533203 -628.265747070313 14.823463439941
-403.267456054688 -627.158569335938 13.011368751526
-401.024810791016 -625.533203125000 10.351264953613
-402.044647216797 -626.272338867188 11.560926437378
-355.522949218750 -592.556274414063 14.819200515747
-355.522949218750 -592.556274414063 14.819200515747
-358.265960693359 -594.544250488281 11.560926437378
-359.175048828125 -595.203063964844 10.481097221375
-398.805511474609 -623.924804687500 3.237907648087
-396.392669677734 -646.176513671875 11.560926437378
-395.878295898438 -645.828918457031 12.158936500549
-395.145111083984 -645.333557128906 13.011368751526
-393.588439941406 -644.281738281250 14.821160316467
-397.867980957031 -647.173339843750 11.560926437378
-397.877288818359 -647.179626464844 11.560926437378
-383.850677490234 -637.702148437500 3.237907648087
-385.946563720703 -639.118286132813 3.237907648087
-375.407440185547 -631.997314453125 3.237907648087
-378.310424804688 -633.958740234375 3.237907648087
-397.314361572266 -646.799255371094 11.560926437378
-358.343902587891 -620.467834472656 3.237907648087
-358.416900634766 -620.517211914063 3.237907648087
-366.791168212891 -626.175476074219 3.237907648087
-367.770172119141 -626.836975097656 3.237907648087
-369.852294921875 -628.243774414063 3.237907648087
-390.775787353516 -642.381286621094 11.560926437378
-389.818328857422 -641.734375000000 10.451110839844
-396.392669677734 -646.176513671875 11.560926437378
-392.027099609375 -643.226806640625 13.011368751526
-393.588439941406 -644.281738281250 14.821160316467
-346.960052490234 -612.776062011719 10.425004959106
-345.981475830078 -612.114868164063 11.560926437378
-340.364593505859 -608.319702148438 11.560926437378
-339.431274414063 -607.689025878906 10.482084274292
-341.619384765625 -609.167541503906 13.011368751526
-340.695526123047 -608.543273925781 11.943461418152
-344.731964111328 -611.270629882813 13.011368751526
-343.178955078125 -610.221252441406 14.814092636108
-342.985626220703 -610.090637207031 14.590622901917
-343.178955078125 -610.221252441406 14.814092636108
-340.566070556641 -608.455810546875 11.793834686279
-350.024719238281 -614.846801757813 3.237907648087
-352.798461914063 -616.720947265625 3.237907648087
-349.889129638672 -614.755187988281 3.237907648087
-358.572631835938 -620.622375488281 3.237907648087
-361.117889404297 -622.342163085938 3.237907648087
-361.246124267578 -622.428833007813 3.237907648087
-389.793395996094 -641.717529296875 10.422223091125
-359.619445800781 -624.622741699219 8.376661300659
-359.619445800781 -624.622741699219 6.005362510681
-360.921813964844 -622.802551269531 3.237907648087
-361.207763671875 -622.402893066406 3.237907648087
-354.215728759766 -632.174926757813 7.945072174072
-354.761962890625 -631.411499023438 8.933952331543
-357.046630859375 -628.218505859375 13.011368751526
-357.074188232422 -628.179992675781 12.961731910706
-356.213104248047 -629.383422851563 11.560926437378
-357.014312744141 -628.263671875000 13.011368751526
-357.030426025391 -628.241149902344 13.040548324585
-357.030426025391 -628.241149902344 13.040548324585
-354.962432861328 -631.131347656250 9.296830177307
-354.145294189453 -632.273376464844 7.817587375641
-353.991638183594 -632.488098144531 7.539411544800
-357.772277832031 -627.204345703125 11.704149246216
-359.999450683594 -624.091674804688 3.237907648087
-359.999450683594 -624.091674804688 6.005362510681
-359.999450683594 -624.091674804688 3.721743822098
-359.999450683594 -624.091674804688 6.005362510681
-357.851806640625 -627.093200683594 11.560926437378
-359.310058593750 -625.055114746094 8.933952331543
-359.619445800781 -624.622741699219 6.005362510681
-359.619445800781 -624.622741699219 8.376661300659
-361.490234375000 -622.008178710938 3.237907648087
-359.999450683594 -624.091674804688 3.237907648087
-405.581848144531 -633.047302246094 11.560926437378
-404.362701416016 -632.163757324219 13.011368751526
-405.214355468750 -632.781005859375 11.998144149780
-402.839904785156 -631.060119628906 14.823060989380
-407.014892578125 -634.085876464844 11.560926437378
-406.920440673828 -634.017456054688 11.560926437378
-406.379302978516 -633.625305175781 10.612165451050
-406.920440673828 -634.017456054688 9.968364715576
-358.305084228516 -598.783996582031 3.237907648087
-357.342468261719 -598.086364746094 6.005362510681
-358.305084228516 -598.783996582031 6.005362510681
-406.379302978516 -633.625305175781 11.560926437378
-352.041687011719 -594.244689941406 13.011368751526
-353.274414062500 -595.138122558594 14.469449996948
-357.342468261719 -598.086364746094 6.005362510681
-407.014892578125 -634.085876464844 9.856027603149
-399.130371093750 -628.371704101563 10.423022270203
-400.089691162109 -629.066955566406 11.560926437378
-405.581848144531 -633.047302246094 11.560926437378
-401.312530517578 -629.953186035156 13.011368751526
-402.839904785156 -631.060119628906 14.823060989380
-357.199005126953 -597.982421875000 10.507009506226
-357.342468261719 -598.086364746094 10.336585044861
-359.473266601563 -599.630676269531 3.237907648087
-358.305084228516 -598.783996582031 3.237907648087
-358.305084228516 -598.783996582031 6.005362510681
-356.311767578125 -597.339355468750 11.560926437378
-350.799835205078 -593.344665527344 11.542472839355
-350.815460205078 -593.356018066406 11.560926437378
-353.569427490234 -595.351928710938 14.818392753601
-353.569427490234 -595.351928710938 14.818392753601
-349.893127441406 -592.687561035156 10.469978332520
-350.009979248047 -592.772216796875 10.608185768127
-353.563568115234 -595.347656250000 14.811463356018
-353.574645996094 -595.355712890625 14.812173843384
-351.307250976563 -593.712402343750 12.142657279968
-355.090667724609 -596.454406738281 13.011368751526
-350.909362792969 -593.424072265625 11.672019958496
-357.342468261719 -598.086364746094 8.933952331543
-357.342468261719 -598.086364746094 10.336585044861
-405.712066650391 -632.085388183594 11.989571571350
-404.833160400391 -631.491577148438 13.011368751526
-403.274810791016 -630.438598632813 14.823150634766
-407.053344726563 -632.991699218750 10.430164337158
-406.890838623047 -632.881896972656 10.619095802307
-356.591430664063 -598.895751953125 10.482557296753
-355.662445068359 -598.268066406250 11.560926437378
-350.038635253906 -594.468200683594 11.560926437378
-350.142578125000 -594.538452148438 11.681050300598
-350.038635253906 -594.468200683594 11.560926437378
-349.201293945313 -593.902465820313 11.560926437378
-348.808441162109 -593.637023925781 11.560926437378
-352.562103271484 -596.173278808594 14.477838516235
-351.293457031250 -595.316040039063 13.011368751526
-352.856475830078 -596.372192382813 14.818097114563
-400.460418701172 -628.536987304688 11.560926437378
-399.394805908203 -627.816955566406 10.325739860535
-406.080749511719 -632.334533691406 11.560926437378
-401.711730957031 -629.382446289063 13.011368751526
-352.856475830078 -596.372192382813 14.818097114563
-403.274810791016 -630.438598632813 14.823150634766
-399.179504394531 -627.671508789063 3.237907648087
-399.179504394531 -627.671508789063 10.076190948486
-352.851287841797 -596.368652343750 14.812100410461
-352.861114501953 -596.375305175781 14.812715530396
-399.179504394531 -627.671508789063 4.014040470123
-399.179504394531 -627.671508789063 6.005362510681
-397.425201416016 -626.486145019531 3.237907648087
-348.599731445313 -593.495971679688 11.560926437378
-397.164215087891 -626.309814453125 3.237907648087
-350.529266357422 -594.799743652344 12.128053665161
-399.392059326172 -627.815124511719 10.322568893433
-399.179504394531 -627.671508789063 3.533130168915
-399.179504394531 -627.671508789063 8.933952331543
-354.412933349609 -597.423828125000 13.011368751526
-402.086120605469 -638.041870117188 11.560926437378
-403.495849609375 -638.994384765625 11.560926437378
-403.553283691406 -639.033203125000 11.560926437378
-401.657379150391 -637.752197265625 12.059405326843
-400.838562011719 -637.198913574219 13.011368751526
-399.280883789063 -636.146423339844 14.822329521179
-403.495849609375 -638.994384765625 9.921971321106
-402.942230224609 -638.620361328125 10.565603256226
-403.553283691406 -639.033203125000 9.855208396912
-396.467224121094 -634.245300292969 11.560926437378
-395.478851318359 -633.577514648438 10.415285110474
-402.086120605469 -638.041870117188 11.560926437378
-397.718536376953 -635.090820312500 13.011368751526
-399.280883789063 -636.146423339844 14.822329521179
-348.866210937500 -602.082458496094 14.816446304321
-348.865539550781 -602.082031250000 14.815664291382
-348.866821289063 -602.082885742188 14.815744400024
-348.866210937500 -602.082458496094 14.816446304321
-345.146606445313 -599.569213867188 10.516894340515
-345.101806640625 -599.538940429688 10.465112686157
-352.774963378906 -604.723510742188 10.279145240784
-351.670745849609 -603.977416992188 11.560926437378
-346.049804687500 -600.179504394531 11.560926437378
-346.193969726563 -600.276916503906 11.727554321289
-347.304595947266 -601.027343750000 13.011368751526
-346.474578857422 -600.466552734375 12.051941871643
-350.421234130859 -603.133178710938 13.011368751526
-348.613494873047 -601.911743164063 14.524341583252
-402.942230224609 -638.620361328125 11.560926437378
-352.774963378906 -604.723510742188 3.237907648087
-352.774963378906 -604.723510742188 3.237907648087
-352.774963378906 -604.723510742188 8.933952331543
-352.774963378906 -604.723510742188 10.279145240784
-353.638000488281 -605.306701660156 3.237907648087
-354.916381835938 -606.170471191406 3.237907648087
-352.774963378906 -604.723510742188 7.167089939117
-352.774963378906 -604.723510742188 6.005362510681
-363.350158691406 -630.943542480469 11.560926437378
-364.769958496094 -628.959228515625 9.003254890442
-362.544982910156 -632.068847656250 13.011368751526
-362.529113769531 -632.091003417969 13.039930343628
-362.509155273438 -632.118896484375 13.003760337830
-362.513336181641 -632.113037109375 13.011368751526
-362.529113769531 -632.091003417969 13.039930343628
-359.779296875000 -635.934143066406 8.061913490295
-360.261016845703 -635.260864257813 8.933952331543
-361.712127685547 -633.232788085938 11.560926437378
-360.482818603516 -634.950866699219 9.335504531860
-359.779296875000 -635.934143066406 8.933952331543
-360.261016845703 -635.260864257813 8.933952331543
-359.708892822266 -636.032531738281 7.934428215027
-359.708892822266 -636.032531738281 8.933952331543
-359.155212402344 -636.806335449219 6.932100772858
-359.155212402344 -636.806335449219 8.933952331543
-365.927612304688 -628.388061523438 3.237907648087
-366.826416015625 -627.081848144531 3.237907648087
-365.610809326172 -628.848510742188 3.237907648087
-365.610809326172 -628.848510742188 4.062406539917
-365.610809326172 -628.848510742188 6.005362510681
-367.240966796875 -626.479370117188 3.237907648087
-363.902862548828 -631.330627441406 11.560926437378
-365.323455810547 -629.266113281250 8.933952331543
-363.118530273438 -632.470458984375 13.011368751526
-363.103118896484 -632.492858886719 13.039865493774
-365.694183349609 -628.727294921875 3.237907648087
-363.077178955078 -632.530578613281 12.991637229919
-363.087799072266 -632.515136718750 13.011368751526
-363.103118896484 -632.492858886719 13.039865493774
-360.431823730469 -636.375000000000 8.075616836548
-360.893707275391 -635.703796386719 8.933952331543
-362.307312011719 -633.649414062500 11.560926437378
-361.112152099609 -635.386291503906 9.339914321899
-360.363250732422 -636.474670410156 7.948170661926
-360.145355224609 -636.791381835938 7.543227195740
-365.610809326172 -628.848510742188 8.402531623840
-367.403991699219 -626.242431640625 3.237907648087
-367.442749023438 -626.186157226563 3.237907648087
-367.750122070313 -629.708923339844 3.237907648087
-368.648925781250 -628.402709960938 3.237907648087
-369.105468750000 -627.739196777344 3.237907648087
-361.987030029297 -638.084350585938 7.539938926697
-362.227783203125 -637.734497070313 7.987327575684
-369.226501464844 -627.563293457031 3.237907648087
-364.899688720703 -633.851440429688 12.952740669250
-364.931243896484 -633.805603027344 13.011368751526
-364.946441650391 -633.783447265625 13.039658546448
-367.558685302734 -629.987121582031 3.237907648087
-362.737152099609 -636.994201660156 8.933952331543
-362.962585449219 -636.666625976563 9.352877616882
-367.433319091797 -630.169311523438 3.237907648087
-367.433319091797 -630.169311523438 4.153634548187
-367.433319091797 -630.169311523438 6.005362510681
-362.296356201172 -637.634826660156 8.114773750305
-364.961761474609 -633.761230468750 13.011368751526
-365.746093750000 -632.621337890625 11.560926437378
-364.150726318359 -634.939880371094 11.560926437378
-364.946441650391 -633.783447265625 13.039658546448
-367.166656494141 -630.556884765625 8.933952331543
-367.433319091797 -630.169311523438 8.440823554993
-369.283752441406 -627.480102539063 3.237907648087
-393.543334960938 -649.092285156250 6.005362510681
-395.006774902344 -650.152893066406 8.933952331543
-393.543334960938 -649.092285156250 8.933952331543
-396.287872314453 -651.081359863281 8.933952331543
-395.547912597656 -650.545043945313 8.933952331543
-344.817932128906 -613.779113769531 11.560926437378
-345.778839111328 -614.475463867188 10.419548034668
-338.338958740234 -609.083496093750 10.389105796814
-339.329650878906 -609.801513671875 11.560926437378
-339.636260986328 -610.023742675781 11.923577308655
-340.555908203125 -610.690246582031 13.011368751526
-343.596862792969 -612.894104003906 13.011368751526
-341.901855468750 -611.665710449219 14.603385925293
-342.079620361328 -611.794494628906 14.813637733459
-342.079620361328 -611.794494628906 14.813637733459
-339.636260986328 -610.023742675781 6.005362510681
-359.737426757813 -624.591796875000 6.005362510681
-359.674316406250 -624.546081542969 6.005362510681
-365.610809326172 -628.848510742188 3.237907648087
-365.160339355469 -628.521972656250 3.237907648087
-351.478668212891 -618.606384277344 6.005362510681
-349.494964599609 -617.168701171875 6.005362510681
-339.636260986328 -610.023742675781 7.856795310974
-396.718933105469 -651.393737792969 8.933952331543
-356.985534667969 -622.597412109375 6.005362510681
-356.901184082031 -622.536254882813 6.005362510681
-384.678741455078 -642.667724609375 8.803156852722
-381.823364257813 -640.598327636719 8.743164062500
-387.679565429688 -644.842590332031 8.933952331543
-387.631439208984 -644.807678222656 8.933952331543
-338.338958740234 -609.083496093750 10.389105796814
-338.338958740234 -609.083496093750 8.933952331543
-376.413848876953 -636.677856445313 8.629508018494
-373.564636230469 -634.612915039063 8.569644927979
-365.610809326172 -628.848510742188 8.402531623840
-365.160339355469 -628.521972656250 8.393067359924
-337.955200195313 -608.805419921875 8.933952331543
-337.108734130859 -608.191894531250 8.933952331543
-339.636260986328 -610.023742675781 8.933952331543
-339.536804199219 -609.951660156250 8.933952331543
-345.778839111328 -614.475463867188 6.005362510681
-341.901855468750 -611.665710449219 6.005362510681
-339.536804199219 -609.951660156250 11.805956840515
-339.636260986328 -610.023742675781 6.005362510681
-336.739257812500 -607.924133300781 8.933952331543
-336.706268310547 -607.900268554688 8.933952331543
-393.543334960938 -649.092285156250 6.005362510681
-393.543334960938 -649.092285156250 8.933952331543
-384.678741455078 -642.667724609375 6.005362510681
-383.907897949219 -642.109069824219 6.005362510681
-366.084991455078 -629.192138671875 3.237907648087
-366.084991455078 -629.192138671875 8.412494659424
-381.823364257813 -640.598327636719 6.005362510681
-376.413848876953 -636.677856445313 3.237907648087
-373.564636230469 -634.612915039063 3.237907648087
-368.140655517578 -630.681945800781 3.237907648087
-367.433319091797 -630.169311523438 3.237907648087
-368.140655517578 -630.681945800781 8.455684661865
-367.433319091797 -630.169311523438 8.440823554993
-387.679565429688 -644.842590332031 6.005362510681
-390.903991699219 -647.179443359375 8.933952331543
-387.631439208984 -644.807678222656 6.005362510681
-348.782379150391 -616.652282714844 6.005362510681
-359.625671386719 -624.510803222656 6.005362510681
-357.137725830078 -622.707702636719 6.005362510681
-338.338958740234 -609.083496093750 8.933952331543
-348.630218505859 -616.541992187500 6.005362510681
-339.636260986328 -610.023742675781 8.933952331543
-368.457733154297 -630.221740722656 3.237907648087
-369.356536865234 -628.915527343750 3.237907648087
-369.829376220703 -628.228332519531 3.237907648087
-362.702056884766 -638.586364746094 7.538661956787
-362.951660156250 -638.223632812500 8.002530097961
-362.702056884766 -638.586364746094 8.933952331543
-362.951660156250 -638.223632812500 8.933952331543
-369.934112548828 -628.076110839844 3.237907648087
-365.607269287109 -634.364257812500 12.937639236450
-365.646942138672 -634.306579589844 13.011368751526
-365.662139892578 -634.284545898438 13.039578437805
-363.452880859375 -637.495239257813 8.933952331543
-363.452880859375 -637.495239257813 8.933952331543
-363.680999755859 -637.163696289063 9.357911109924
-363.020233154297 -638.123962402344 8.129976272583
-365.677368164063 -634.262390136719 13.011368751526
-366.461730957031 -633.122497558594 11.560926437378
-364.866455078125 -635.440856933594 11.560926437378
-365.662139892578 -634.284545898438 13.039578437805
-367.855682373047 -631.096618652344 8.983128547668
-363.020233154297 -638.123962402344 8.933952331543
-368.282592773438 -630.476257324219 3.237907648087
-369.998535156250 -627.982482910156 3.237907648087
-368.160491943359 -630.653686523438 3.237907648087
-407.269531250000 -629.908691406250 11.962747573853
-406.367584228516 -629.299255371094 13.011368751526
-404.808929443359 -628.246093750000 14.823465347290
-408.582824707031 -630.796081542969 10.435889244080
-408.407562255859 -630.677612304688 10.639642715454
-407.615142822266 -630.142211914063 11.560926437378
-400.911529541016 -625.612731933594 10.305883407593
-400.736999511719 -625.494812011719 3.237907648087
-400.736999511719 -625.494812011719 3.324731349945
-400.736999511719 -625.494812011719 6.005362510681
-400.736999511719 -625.494812011719 8.933952331543
-400.736999511719 -625.494812011719 5.109736442566
-400.736999511719 -625.494812011719 10.103563308716
-404.205657958984 -627.838500976563 14.124185562134
-403.245605468750 -627.189819335938 13.011368751526
-401.994262695313 -626.344299316406 11.560926437378
-400.949554443359 -625.638427734375 10.349942207336
-408.407562255859 -630.677612304688 11.560926437378
-408.582824707031 -630.796081542969 11.560926437378
-359.250183105469 -597.463195800781 3.237907648087
-358.240722656250 -596.781127929688 6.005362510681
-359.250183105469 -597.463195800781 6.005362510681
-358.240722656250 -596.781127929688 6.005362510681
-359.250183105469 -597.463195800781 3.237907648087
-360.432708740234 -598.262207031250 3.237907648087
-359.250183105469 -597.463195800781 6.005362510681
-358.240722656250 -596.781127929688 8.933952331543
-358.240722656250 -596.781127929688 10.347880363464
-354.078826904297 -593.969055175781 14.459976196289
-352.825622558594 -593.122253417969 13.011368751526
-358.240722656250 -596.781127929688 10.347880363464
-357.467254638672 -596.258483886719 11.245746612549
-398.841522216797 -624.214050292969 3.237907648087
-398.982666015625 -624.309448242188 3.237907648087
-357.195709228516 -596.075012207031 11.560926437378
-354.389221191406 -594.178710937500 14.818731307983
-354.389221191406 -594.178710937500 14.818731307983
-350.758758544922 -591.725708007813 10.622241973877
-350.619628906250 -591.631713867188 10.461421966553
-354.382293701172 -594.174072265625 14.810730934143
-354.395385742188 -594.182922363281 14.811552047729
-352.086761474609 -592.623046875000 12.157289505005
-355.946197509766 -595.230773925781 13.011368751526
-351.570831298828 -592.274414062500 11.560926437378
-351.659301757813 -592.334228515625 11.663187980652
-351.972290039063 -592.545654296875 12.024977684021
-407.615142822266 -630.142211914063 11.560926437378
-404.808929443359 -628.246093750000 14.823465347290
-398.681060791016 -624.105651855469 3.237907648087
-399.858825683594 -624.688171386719 3.237907648087
-399.944549560547 -624.563659667969 3.237907648087
-382.076080322266 -650.531616210938 8.933952331543
-403.719665527344 -619.077331542969 3.237907648087
-403.859527587891 -618.874023437500 3.237907648087
-384.298339843750 -647.302062988281 13.011368751526
-385.082672119141 -646.162170410156 11.560926437378
-383.489685058594 -648.477294921875 11.560926437378
-384.019042968750 -647.707946777344 12.544692039490
-384.284210205078 -647.322570800781 13.037484169006
-384.270172119141 -647.343017578125 13.011368751526
-384.284210205078 -647.322570800781 13.037484169006
-386.389343261719 -644.263244628906 9.144590377808
-382.374694824219 -650.097656250000 9.488875389099
-398.377868652344 -626.840454101563 3.237907648087
-399.503753662109 -625.204223632813 3.237907648087
-397.950225830078 -627.461914062500 3.237907648087
-398.241943359375 -627.038024902344 3.237907648087
-393.629302978516 -633.741516113281 6.005362510681
-393.685211181641 -633.660217285156 6.005362510681
-393.629302978516 -633.741516113281 3.237907648087
-393.685211181641 -633.660217285156 3.237907648087
-392.160888671875 -635.875549316406 6.005362510681
-392.670074462891 -635.135559082031 6.005362510681
-392.160888671875 -635.875549316406 3.237907648087
-392.670074462891 -635.135559082031 3.237907648087
-394.162292480469 -632.966918945313 6.005362510681
-394.162292480469 -632.966918945313 3.237907648087
-380.995697021484 -652.101745605469 8.933952331543
-381.787750244141 -650.950683593750 8.933952331543
-382.218811035156 -650.324218750000 9.199189186096
-382.076080322266 -650.531616210938 8.933952331543
-404.201263427734 -618.377380371094 3.237907648087
-404.325561523438 -618.196777343750 3.237907648087
-404.746582031250 -617.584899902344 3.237907648087
-399.758666992188 -624.833801269531 3.237907648087
-381.856323242188 -650.851013183594 8.933952331543
-386.472900390625 -644.141845703125 8.990073204041
-375.418853759766 -632.051147460938 3.237907648087
-375.441101074219 -632.020019531250 3.237907648087
-373.903717041016 -634.168640136719 3.237907648087
-374.826110839844 -632.879516601563 3.237907648087
-373.578582763672 -634.623046875000 3.237907648087
-373.578582763672 -634.623046875000 4.461243629456
-373.578582763672 -634.623046875000 6.005362510681
-373.578582763672 -634.623046875000 8.569938659668
-373.852752685547 -634.239868164063 3.237907648087
-373.376525878906 -634.905456542969 8.933952331543
-373.578582763672 -634.623046875000 8.569938659668
-375.550079345703 -631.867736816406 3.237907648087
-373.578582763672 -634.623046875000 3.237907648087
-368.090728759766 -642.292846679688 7.595316886902
-368.378631591797 -641.890441894531 8.116501808167
-368.090728759766 -642.292846679688 8.933952331543
-368.378631591797 -641.890441894531 8.933952331543
-370.978454589844 -638.256958007813 12.823006629944
-371.082519531250 -638.111511230469 13.011368751526
-371.097747802734 -638.090209960938 13.038967132568
-368.830169677734 -641.259399414063 8.933952331543
-368.830169677734 -641.259399414063 8.933952331543
-369.085296630859 -640.902832031250 9.395771980286
-368.449035644531 -641.792053222656 8.243987083435
-371.113067626953 -638.068847656250 13.011368751526
-371.918243408203 -636.943542480469 11.560926437378
-370.281311035156 -639.231323242188 11.560926437378
-371.097747802734 -638.090209960938 13.038967132568
-368.449035644531 -641.792053222656 8.933952331543
-399.446136474609 -640.842590332031 12.097488403320
-398.668548583984 -640.299377441406 13.011368751526
-397.128051757813 -639.223144531250 14.821887969971
-399.902648925781 -641.161560058594 11.560926437378
-400.863922119141 -641.833129882813 10.431166648865
-400.774536132813 -641.770629882813 10.536236763000
-393.195343017578 -636.475585937500 10.213658332825
-392.217864990234 -635.792724609375 3.237907648087
-392.217864990234 -635.792724609375 4.325306892395
-393.195343017578 -636.475585937500 6.005362510681
-393.195343017578 -636.475585937500 8.933952331543
-392.217864990234 -635.792724609375 6.005362510681
-393.195343017578 -636.475585937500 10.213658332825
-351.142272949219 -607.096069335938 10.258612632751
-350.277282714844 -606.491760253906 11.273627281189
-394.345123291016 -637.278869628906 11.560926437378
-393.358428955078 -636.589538574219 10.404766082764
-399.902648925781 -641.161560058594 11.560926437378
-395.582946777344 -638.143676757813 13.011368751526
-397.128051757813 -639.223144531250 14.821887969971
-351.142272949219 -607.096069335938 3.237907648087
-351.142272949219 -607.096069335938 5.981494426727
-351.142272949219 -607.096069335938 6.005362510681
-351.142272949219 -607.096069335938 8.933952331543
-351.142272949219 -607.096069335938 10.258612632751
-351.952606201172 -607.662170410156 3.237907648087
-353.240844726563 -608.562194824219 3.237907648087
-392.217864990234 -635.792724609375 6.005362510681
-391.250000000000 -635.116516113281 3.237907648087
-392.217864990234 -635.792724609375 3.237907648087
-393.195343017578 -636.475585937500 6.005362510681
-351.142272949219 -607.096069335938 3.237907648087
-391.062286376953 -634.985412597656 3.237907648087
-347.025299072266 -604.219848632813 14.543046951294
-345.714508056641 -603.304077148438 13.011368751526
-347.258728027344 -604.382873535156 14.815781593323
-347.258728027344 -604.382873535156 14.815781593323
-343.554168701172 -601.794799804688 10.487002372742
-343.543823242188 -601.787597656250 10.474925994873
-350.032440185547 -606.320739746094 11.560926437378
-344.473236083984 -602.436889648438 11.560926437378
-344.631561279297 -602.547485351563 11.745954513550
-344.867614746094 -602.712402343750 12.021777153015
-348.796417236328 -605.457153320313 13.011368751526
-400.774536132813 -641.770629882813 11.560926437378
-400.863922119141 -641.833129882813 11.560926437378
-394.256805419922 -648.919311523438 8.933952331543
-394.676208496094 -648.309753417969 8.933952331543
-389.345306396484 -656.057128906250 6.117425441742
-389.413879394531 -655.957458496094 6.107918262482
-411.758819580078 -623.483825683594 11.968648910522
-411.246856689453 -624.227905273438 11.961712837219
-412.373107910156 -622.591125488281 11.976970672607
-411.883117675781 -623.303222656250 11.970332145691
-388.797698974609 -656.852966308594 6.193339824677
-391.406341552734 -653.061828613281 8.933952331543
-393.940002441406 -649.379760742188 8.933952331543
-389.875122070313 -655.287170410156 8.933952331543
-411.061187744141 -624.497741699219 11.959197998047
-393.974487304688 -649.329589843750 8.933952331543
-412.374114990234 -622.589660644531 11.976984024048
-407.246154785156 -630.042053222656 11.907514572144
-406.891082763672 -630.558105468750 11.902704238892
-394.676208496094 -648.309753417969 11.560926437378
-394.676208496094 -648.309753417969 8.933952331543
-394.676208496094 -648.309753417969 11.737227439880
-389.672973632813 -655.580932617188 6.071999549866
-389.672973632813 -655.580932617188 8.933952331543
-395.733184814453 -646.773742675781 11.751545906067
-395.155609130859 -647.613098144531 11.743721961975
-399.198760986328 -641.737243652344 11.798495292664
-396.223022460938 -646.061828613281 11.758181571960
-401.850891113281 -637.882934570313 11.834424018860
-401.072540283203 -639.014099121094 11.823879241943
-405.935424804688 -631.946960449219 11.889758110046
-405.799499511719 -632.144470214844 11.887916564941
-405.312530517578 -632.852172851563 11.881319999695
-399.694793701172 -641.016357421875 11.805214881897
-401.016632080078 -639.095336914063 11.823122024536
-400.227630615234 -640.242004394531 11.812433242798
-409.054260253906 -627.414367675781 11.932009696960
-394.676208496094 -648.309753417969 11.737227439880
-407.316223144531 -629.940246582031 11.908463478088
-376.672210693359 -636.175048828125 3.237907648087
-376.686767578125 -636.154724121094 3.237907648087
-378.187316894531 -634.057556152344 3.237907648087
-378.275085449219 -633.934875488281 3.237907648087
-377.594604492188 -634.885925292969 3.237907648087
-376.347076416016 -636.629455566406 3.237907648087
-376.347076416016 -636.629455566406 4.599823474884
-376.347076416016 -636.629455566406 6.005362510681
-376.347076416016 -636.629455566406 8.628105163574
-376.177307128906 -636.866760253906 8.933952331543
-376.347076416016 -636.629455566406 8.628105163574
-378.357025146484 -633.820373535156 3.237907648087
-376.347076416016 -636.629455566406 3.237907648087
-370.865142822266 -644.290954589844 7.546985149384
-371.212615966797 -643.805358886719 8.176018714905
-373.746948242188 -640.263366699219 12.763920783997
-373.883636474609 -640.072326660156 13.011368751526
-373.898712158203 -640.051269531250 13.038652420044
-371.631286621094 -643.220214843750 8.933952331543
-371.897277832031 -642.848449707031 9.415472984314
-371.283050537109 -643.706909179688 8.303503036499
-373.913848876953 -640.030151367188 13.011368751526
-374.719024658203 -638.904846191406 11.560926437378
-373.082427978516 -641.192138671875 11.560926437378
-373.898712158203 -640.051269531250 13.038652420044
-383.716674804688 -638.064880371094 3.237907648087
-383.929565429688 -637.755493164063 3.237907648087
-382.382781982422 -640.003417968750 3.237907648087
-382.240295410156 -640.210510253906 6.005362510681
-382.382781982422 -640.003417968750 6.005362510681
-382.382781982422 -640.003417968750 6.005362510681
-381.923492431641 -640.670898437500 6.005362510681
-382.382781982422 -640.003417968750 4.815284252167
-382.382781982422 -640.003417968750 3.645553112030
-383.139099121094 -638.904296875000 3.237907648087
-381.923492431641 -640.670898437500 8.745267868042
-381.821441650391 -640.819213867188 8.933952331543
-381.923492431641 -640.670898437500 8.745267868042
-383.960144042969 -637.711059570313 3.237907648087
-381.923492431641 -640.670898437500 6.005362510681
-382.382781982422 -640.003417968750 3.237907648087
-376.657104492188 -648.324462890625 7.565047264099
-377.051879882813 -647.750793457031 8.298648834229
-376.657104492188 -648.324462890625 8.933952331543
-377.051879882813 -647.750793457031 8.933952331543
-379.389831542969 -644.353027343750 12.643489837646
-379.587799072266 -644.065307617188 13.011368751526
-379.602142333984 -644.044494628906 13.038010597229
-377.393737792969 -647.253967285156 8.933952331543
-377.393737792969 -647.253967285156 8.933952331543
-377.674621582031 -646.845764160156 9.455947875977
-377.120452880859 -647.651123046875 8.426095008850
-379.616546630859 -644.023559570313 13.011368751526
-380.400878906250 -642.883666992188 11.560926437378
-378.807312011719 -645.199584960938 11.560926437378
-379.602142333984 -644.044494628906 13.038010597229
-377.120452880859 -647.651123046875 8.933952331543
-386.481842041016 -640.068908691406 3.237907648087
-386.746154785156 -639.684753417969 3.237907648087
-386.174926757813 -640.514953613281 3.237907648087
-379.444946289063 -650.295532226563 7.548175811768
-379.880767822266 -649.662170410156 8.358057975769
-379.444946289063 -650.295532226563 8.933952331543
-379.880767822266 -649.662170410156 8.933952331543
-382.154998779297 -646.357055664063 12.584474563599
-382.384735107422 -646.023193359375 13.011368751526
-382.398895263672 -646.002624511719 13.037695884705
-380.190643310547 -649.211791992188 8.933952331543
-380.190643310547 -649.211791992188 8.933952331543
-380.482116699219 -648.788208007813 9.475616455078
-379.949340820313 -649.562500000000 8.485504150391
-382.413116455078 -645.981933593750 13.011368751526
-383.197479248047 -644.842041015625 11.560926437378
-381.604248046875 -647.157470703125 11.560926437378
-382.398895263672 -646.002624511719 13.037695884705
-384.588836669922 -642.820007324219 8.987970352173
-379.949340820313 -649.562500000000 8.933952331543
-400.736999511719 -625.494812011719 10.103563308716
-400.452789306641 -625.892028808594 10.098568916321
-400.912994384766 -625.248840332031 10.106657028198
-400.817169189453 -625.382751464844 10.104972839355
-399.319091796875 -627.476440429688 10.078643798828
-399.179504394531 -627.671508789063 10.076190948486
-405.858886718750 -618.336486816406 10.193583488464
-405.426574707031 -618.940673828125 10.185985565186
-404.922851562500 -619.644653320313 10.177132606506
-404.793731689453 -619.825134277344 10.174862861633
-405.298950195313 -619.119079589844 10.183742523193
-398.870849609375 -628.102905273438 10.070765495300
-382.882049560547 -650.448730468750 9.492429733276
-383.047882080078 -650.216918945313 9.792670249939
-400.817169189453 -625.382751464844 3.237907648087
-400.912994384766 -625.248840332031 3.237907648087
-382.573547363281 -650.879882812500 8.933952331543
-404.793731689453 -619.825134277344 3.237907648087
-404.922851562500 -619.644653320313 3.237907648087
-384.854736328125 -647.691711425781 13.011368751526
-385.659881591797 -646.566406250000 11.560926437378
-384.024658203125 -648.851806640625 11.560926437378
-384.561676025391 -648.101257324219 12.533111572266
-384.840270996094 -647.711914062500 13.037421226501
-384.825866699219 -647.731994628906 13.011368751526
-384.840270996094 -647.711914062500 13.037421226501
-386.606750488281 -645.243041992188 9.855218887329
-399.319091796875 -627.476440429688 3.237907648087
-400.452789306641 -625.892028808594 3.237907648087
-398.870849609375 -628.102905273438 3.237907648087
-399.179504394531 -627.671508789063 3.237907648087
-394.424163818359 -634.317565917969 6.005362510681
-394.481536865234 -634.237365722656 6.005362510681
-392.985107421875 -636.328735351563 6.005362510681
-393.457946777344 -635.667907714844 6.005362510681
-394.983093261719 -633.536437988281 6.005362510681
-381.463165283203 -652.431701660156 8.933952331543
-382.283294677734 -651.285522460938 8.933952331543
-382.573547363281 -650.879882812500 8.933952331543
-405.298950195313 -619.119079589844 3.237907648087
-405.426574707031 -618.940673828125 3.237907648087
-405.858886718750 -618.336486816406 3.237907648087
-400.736999511719 -625.494812011719 3.237907648087
-382.353698730469 -651.187072753906 8.933952331543
-387.086639404297 -644.572387695313 8.990758895874
-392.924285888672 -636.413757324219 6.005362510681
-378.218078613281 -634.079833984375 3.237907648087
-378.304260253906 -633.954589843750 3.237907648087
-378.383789062500 -633.838989257813 3.237907648087
-377.640686035156 -634.918945312500 3.237907648087
-371.083587646484 -644.448303222656 7.543179512024
-371.426544189453 -643.949890136719 8.180510520935
-371.083587646484 -644.448303222656 8.933952331543
-371.426544189453 -643.949890136719 8.933952331543
-373.891235351563 -640.367980957031 12.760841369629
-374.026031494141 -640.172058105469 13.011368751526
-374.040710449219 -640.150695800781 13.038636207581
-371.831970214844 -643.360656738281 8.933952331543
-371.831970214844 -643.360656738281 8.933952331543
-372.091796875000 -642.983032226563 9.416835784912
-371.495117187500 -643.850219726563 8.307957649231
-374.055450439453 -640.129272460938 13.011368751526
-374.839813232422 -638.989440917969 11.560926437378
-373.245544433594 -641.306335449219 11.560926437378
-374.040710449219 -640.150695800781 13.038636207581
-376.223968505859 -636.977844238281 9.001251220703
-371.495117187500 -643.850219726563 8.933952331543
-394.207824707031 -646.672668457031 13.011368751526
-394.910308837891 -647.181823730469 12.175607681274
-392.686798095703 -645.570312500000 14.820975303650
-395.426971435547 -647.556213378906 11.560926437378
-396.338775634766 -648.217041015625 10.476144790649
-346.164154052734 -611.853576660156 11.560926437378
-347.119842529297 -612.546203613281 10.425744056702
-389.011596679688 -642.906738281250 10.461672782898
-389.938354492188 -643.578430175781 11.560926437378
-395.272003173828 -647.443908691406 11.745298385620
-391.161163330078 -644.464660644531 13.011368751526
-339.768188476563 -607.218139648438 10.488409042358
-340.674926757813 -607.875305175781 11.560926437378
-341.003234863281 -608.113220214844 11.949236869812
-341.901184082031 -608.764038085938 13.011368751526
-344.943084716797 -610.968627929688 13.011368751526
-392.686798095703 -645.570312500000 14.820975303650
-343.233886718750 -609.729858398438 14.587698936462
-343.425354003906 -609.868652343750 14.814194679260
-343.425354003906 -609.868652343750 14.814194679260
-358.317535400391 -620.661621093750 3.237907648087
-358.245300292969 -620.609252929688 3.237907648087
-366.942840576172 -626.912658691406 3.237907648087
-366.501251220703 -626.592651367188 3.237907648087
-368.765350341797 -628.233520507813 3.237907648087
-367.451965332031 -627.281677246094 3.237907648087
-360.957702636719 -622.575012207031 3.237907648087
-358.469757080078 -620.771911621094 3.237907648087
-361.041290283203 -622.635620117188 3.237907648087
-361.081542968750 -622.664794921875 3.237907648087
-396.384094238281 -648.249877929688 10.422251701355
-340.674926757813 -607.875305175781 11.560926437378
-339.768188476563 -607.218139648438 11.560926437378
-374.945556640625 -632.712585449219 3.237907648087
-374.917724609375 -632.692382812500 3.237907648087
-340.868835449219 -608.015869140625 11.790268898010
-369.472930908203 -628.746337890625 3.237907648087
-369.490539550781 -628.759094238281 3.237907648087
-383.255493164063 -638.735107421875 3.237907648087
-383.170654296875 -638.673583984375 3.237907648087
-352.825988769531 -616.681640625000 3.237907648087
-350.114410400391 -614.716491699219 3.237907648087
-349.983306884766 -614.621459960938 3.237907648087
-388.978271484375 -642.882629394531 10.422150611877
-377.756896972656 -634.750061035156 3.237907648087
-377.714050292969 -634.718994140625 3.237907648087
-386.019653320313 -640.738403320313 3.237907648087
-377.757934570313 -634.750793457031 3.237907648087
-392.103576660156 -646.571533203125 11.560926437378
-392.103576660156 -646.571533203125 8.933952331543
-392.103576660156 -646.571533203125 7.690607547760
-392.103576660156 -646.571533203125 6.005362510681
-392.103576660156 -646.571533203125 14.728215217590
-387.028503417969 -653.664367675781 5.939626693726
-387.028503417969 -653.664367675781 6.005362510681
-387.028503417969 -653.664367675781 8.933952331543
-392.103576660156 -646.571533203125 13.011368751526
-405.062835693359 -628.459716796875 14.505020141602
-404.698455810547 -628.968994140625 14.511295318604
-391.732635498047 -647.089965820313 6.005362510681
-392.103576660156 -646.571533203125 6.005362510681
-392.103576660156 -646.571533203125 14.728215217590
-396.804260253906 -640.001831054688 14.647255897522
-393.691925048828 -644.351623535156 14.700859069824
-399.470977783203 -636.274902343750 14.601327896118
-398.727233886719 -637.314331054688 14.614136695862
-403.665222167969 -630.413024902344 14.529090881348
-403.525665283203 -630.608093261719 14.531494140625
-403.078491210938 -631.233032226563 14.539196014404
-409.645080566406 -622.055664062500 14.426100730896
-409.168548583984 -622.721679687500 14.434308052063
-393.247741699219 -644.972412109375 14.708509445190
-392.774475097656 -645.633850097656 14.716660499573
-397.283660888672 -639.331848144531 14.638998985291
-398.669830322266 -637.394531250000 14.615125656128
-397.804107666016 -638.604492187500 14.630035400391
-386.102905273438 -654.958007812500 6.063477516174
-386.537231445313 -654.351013183594 6.005362510681
-386.629425048828 -654.222106933594 5.993023395538
-386.102905273438 -654.958007812500 8.933952331543
-386.629425048828 -654.222106933594 8.933952331543
-391.407501220703 -647.544311523438 6.005362510681
-391.407501220703 -647.544311523438 8.933952331543
-388.807373046875 -651.178222656250 8.933952331543
-386.699859619141 -654.123657226563 5.983600616455
-386.869262695313 -653.886901855469 8.933952331543
-387.194458007813 -653.432434082031 8.933952331543
-410.294036865234 -621.148681640625 14.414924621582
-409.772705078125 -621.877258300781 14.423902511597
-392.654998779297 -645.800842285156 14.718717575073
-405.083129882813 -628.431396484375 14.504670143127
-408.977996826172 -622.987976074219 14.437589645386
-391.407501220703 -647.544311523438 6.005362510681
-391.407501220703 -647.544311523438 8.933952331543
-386.699859619141 -654.123657226563 8.933952331543
-410.298553466797 -621.142395019531 14.414846420288
-397.017639160156 -650.920227050781 8.933952331543
-397.473052978516 -650.261779785156 8.933952331543
-394.866271972656 -654.030639648438 8.933952331543
-396.699737548828 -651.379821777344 8.933952331543
-396.765808105469 -651.284301757813 8.933952331543
-389.672973632813 -655.580932617188 6.071999549866
-389.164337158203 -655.212341308594 6.046539306641
-389.672973632813 -655.580932617188 8.933952331543
-389.164337158203 -655.212341308594 8.933952331543
-352.718505859375 -628.798583984375 9.954456329346
-347.271789550781 -624.851135253906 10.070700645447
-383.412567138672 -651.043762207031 9.299378395081
-355.358642578125 -630.712036132813 9.898109436035
-355.295318603516 -630.666137695313 9.899461746216
-361.343780517578 -635.049682617188 9.770373344421
-360.730285644531 -634.605041503906 9.783467292786
-341.701751708984 -620.814331054688 8.933952331543
-335.257263183594 -616.143737792969 8.933952331543
-334.644165039063 -615.699401855469 8.933952331543
-342.255065917969 -621.215332031250 10.177768707275
-341.701751708984 -620.814331054688 10.189578056335
-341.701751708984 -620.814331054688 8.933952331543
-337.634826660156 -617.866882324219 8.933952331543
-343.870391845703 -622.386047363281 10.143294334412
-335.269805908203 -616.152832031250 8.933952331543
-383.412567138672 -651.043762207031 8.933952331543
-361.705993652344 -635.312194824219 9.762643814087
-363.873901367188 -636.883361816406 9.716376304626
-363.166320800781 -636.370544433594 9.731477737427
-369.199584960938 -640.743103027344 9.602713584900
-388.341735839844 -654.616149902344 6.005362510681
-387.028503417969 -653.664367675781 5.939626693726
-387.028503417969 -653.664367675781 8.933952331543
-344.515380859375 -622.853454589844 10.129528999329
-383.412567138672 -651.043762207031 9.299378395081
-382.990447998047 -650.737854003906 9.308386802673
-382.285675048828 -650.227050781250 9.323429107666
-381.069061279297 -649.345336914063 9.349393844604
-387.028503417969 -653.664367675781 6.005362510681
-387.028503417969 -653.664367675781 5.939626693726
-387.028503417969 -653.664367675781 8.933952331543
-383.412567138672 -651.043762207031 8.933952331543
-352.870697021484 -628.908935546875 9.951207160950
-341.701751708984 -620.814331054688 10.189578056335
-341.701751708984 -620.814331054688 10.139892578125
-372.157867431641 -642.887023925781 9.539578437805
-371.968078613281 -642.749511718750 9.543628692627
-380.421630859375 -648.876159667969 9.363211631775
-377.656463623047 -646.872131347656 9.422225952148
-382.782806396484 -650.587402343750 9.312818527222
-376.471405029297 -646.013244628906 9.447518348694
-382.389282226563 -650.302185058594 9.321217536926
-390.153167724609 -655.928955078125 6.096036434174
-390.153167724609 -655.928955078125 8.933952331543
-359.507812500000 -636.343750000000 7.544365882874
-359.164062500000 -636.812500000000 6.932146072388
-359.164062500000 -636.812500000000 0.000000000000
-359.507812500000 -636.343750000000 0.000000000000
-360.145355224609 -636.791381835938 7.543227195740
-359.507812500000 -636.343750000000 7.544365882874
-359.507812500000 -636.343750000000 0.000000000000
-360.145355224609 -636.791381835938 0.000000000000
-334.201324462891 -611.546936035156 8.933952331543
-334.179687500000 -611.531250000000 8.933952331543
-334.179687500000 -611.531250000000 0.000000000000
-334.201324462891 -611.546936035156 0.000000000000
-336.395782470703 -613.193542480469 8.933952331543
-336.421875000000 -613.156250000000 8.933952331543
-336.421875000000 -613.156250000000 0.000000000000
-336.395782470703 -613.193542480469 0.000000000000
-336.483337402344 -620.339599609375 8.933952331543
-336.523437500000 -620.281250000000 8.933952331543
-336.523437500000 -620.281250000000 0.000000000000
-336.483337402344 -620.339599609375 0.000000000000
-339.932067871094 -623.385925292969 8.933952331543
-336.179687500000 -620.781250000000 8.933952331543
-336.179687500000 -620.781250000000 0.000000000000
-339.932067871094 -623.385925292969 0.000000000000
-342.796875000000 -624.625000000000 8.933952331543
-342.437500000000 -625.125000000000 8.933952331543
-342.437500000000 -625.125000000000 0.000000000000
-342.796875000000 -624.625000000000 0.000000000000
-343.134674072266 -624.859985351563 8.933952331543
-342.796875000000 -624.625000000000 8.933952331543
-342.796875000000 -624.625000000000 0.000000000000
-343.134674072266 -624.859985351563 0.000000000000
-345.656250000000 -627.406250000000 8.933952331543
-346.031250000000 -626.875000000000 8.933952331543
-346.031250000000 -626.875000000000 0.000000000000
-345.656250000000 -627.406250000000 0.000000000000
-350.796875000000 -631.000000000000 8.933952331543
-345.656250000000 -627.406250000000 8.933952331543
-345.656250000000 -627.406250000000 0.000000000000
-350.796875000000 -631.000000000000 0.000000000000
-351.140625000000 -630.500000000000 8.933952331543
-350.796875000000 -631.000000000000 8.933952331543
-350.796875000000 -631.000000000000 0.000000000000
-351.140625000000 -630.500000000000 0.000000000000
-351.415771484375 -630.691833496094 8.933952331543
-351.140625000000 -630.500000000000 8.933952331543
-351.140625000000 -630.500000000000 0.000000000000
-351.415771484375 -630.691833496094 0.000000000000
-354.031250000000 -633.250000000000 8.933952331543
-354.367187500000 -632.750000000000 8.933952331543
-354.367187500000 -632.750000000000 0.000000000000
-354.031250000000 -633.250000000000 0.000000000000
-359.155212402344 -636.806335449219 8.933952331543
-354.031250000000 -633.250000000000 8.933952331543
-354.031250000000 -633.250000000000 0.000000000000
-359.155212402344 -636.806335449219 0.000000000000
-362.539062500000 -639.218750000000 8.933952331543
-362.890625000000 -638.718750000000 8.933952331543
-362.890625000000 -638.718750000000 0.000000000000
-362.539062500000 -639.218750000000 0.000000000000
-367.664062500000 -642.781250000000 8.933952331543
-362.539062500000 -639.218750000000 8.933952331543
-362.539062500000 -639.218750000000 0.000000000000
-367.664062500000 -642.781250000000 0.000000000000
-368.031250000000 -642.250000000000 8.933952331543
-367.664062500000 -642.781250000000 8.933952331543
-367.664062500000 -642.781250000000 0.000000000000
-368.031250000000 -642.250000000000 0.000000000000
-368.090728759766 -642.292846679688 8.933952331543
-368.031250000000 -642.250000000000 8.933952331543
-368.031250000000 -642.250000000000 0.000000000000
-368.090728759766 -642.292846679688 0.000000000000
-370.898437500000 -645.031250000000 8.933952331543
-371.242187500000 -644.562500000000 8.933952331543
-371.242187500000 -644.562500000000 0.000000000000
-370.898437500000 -645.031250000000 0.000000000000
-376.023437500000 -648.625000000000 8.933952331543
-370.898437500000 -645.031250000000 8.933952331543
-370.898437500000 -645.031250000000 0.000000000000
-376.023437500000 -648.625000000000 0.000000000000
-376.375000000000 -648.125000000000 8.933952331543
-376.023437500000 -648.625000000000 8.933952331543
-376.023437500000 -648.625000000000 0.000000000000
-376.375000000000 -648.125000000000 0.000000000000
-376.657104492188 -648.324462890625 8.933952331543
-376.375000000000 -648.125000000000 8.933952331543
-376.375000000000 -648.125000000000 0.000000000000
-376.657104492188 -648.324462890625 0.000000000000
-379.257812500000 -650.875000000000 8.933952331543
-379.601562500000 -650.406250000000 8.933952331543
-379.601562500000 -650.406250000000 0.000000000000
-379.257812500000 -650.875000000000 0.000000000000
-379.734039306641 -651.211181640625 8.933952331543
-379.257812500000 -650.875000000000 8.933952331543
-379.257812500000 -650.875000000000 0.000000000000
-379.734039306641 -651.211181640625 0.000000000000
-385.851562500000 -654.781250000000 8.933952331543
-385.500000000000 -655.281250000000 8.933952331543
-385.500000000000 -655.281250000000 0.000000000000
-385.851562500000 -654.781250000000 0.000000000000
-386.102905273438 -654.958007812500 8.933952331543
-385.851562500000 -654.781250000000 8.933952331543
-385.851562500000 -654.781250000000 0.000000000000
-386.102905273438 -654.958007812500 0.000000000000
-393.161071777344 -652.835205078125 8.933952331543
-392.593750000000 -652.437500000000 8.933952331543
-392.593750000000 -652.437500000000 0.000000000000
-393.161071777344 -652.835205078125 0.000000000000
-396.718933105469 -651.393737792969 8.933952331543
-394.867187500000 -654.031250000000 8.933952331543
-394.867187500000 -654.031250000000 0.000000000000
-396.718933105469 -651.393737792969 0.000000000000
-397.473052978516 -650.261779785156 8.933952331543
-397.500000000000 -650.281250000000 8.933952331543
-397.500000000000 -650.281250000000 0.000000000000
-397.473052978516 -650.261779785156 0.000000000000
-345.262634277344 -615.218139648438 8.933952331543
-345.218750000000 -615.281250000000 8.933952331543
-345.218750000000 -615.281250000000 0.000000000000
-345.262634277344 -615.218139648438 0.000000000000
-336.706268310547 -607.900268554688 8.933952331543
-336.789062500000 -607.781250000000 8.933952331543
-336.789062500000 -607.781250000000 0.000000000000
-336.706268310547 -607.900268554688 0.000000000000
-387.296569824219 -644.719665527344 8.990992546082
-387.562500000000 -644.906250000000 8.991290092468
-387.562500000000 -644.906250000000 0.000000000000
-387.296569824219 -644.719665527344 0.000000000000
-384.607513427734 -642.770202636719 8.933952331543
-384.578125000000 -642.812500000000 8.987958908081
-384.578125000000 -642.812500000000 0.000000000000
-384.607513427734 -642.770202636719 0.000000000000
-376.223968505859 -636.977844238281 9.001251220703
-381.695312500000 -640.781250000000 8.977224349976
-381.695312500000 -640.781250000000 0.000000000000
-376.223968505859 -636.977844238281 0.000000000000
-376.247680664063 -636.916076660156 8.933952331543
-376.210937500000 -636.968750000000 9.001308441162
-376.210937500000 -636.968750000000 0.000000000000
-376.247680664063 -636.916076660156 0.000000000000
-367.855682373047 -631.096618652344 8.983128547668
-373.335937500000 -634.937500000000 8.985877037048
-373.335937500000 -634.937500000000 0.000000000000
-367.855682373047 -631.096618652344 0.000000000000
-367.878509521484 -631.055358886719 8.933952331543
-367.851562500000 -631.093750000000 8.983126640320
-367.851562500000 -631.093750000000 0.000000000000
-367.878509521484 -631.055358886719 0.000000000000
-364.769958496094 -628.959228515625 9.003254890442
-364.828125000000 -629.000000000000 9.003284454346
-364.828125000000 -629.000000000000 0.000000000000
-364.769958496094 -628.959228515625 0.000000000000
-359.380096435547 -625.104125976563 8.933952331543
-359.343750000000 -625.156250000000 9.000535011292
-359.343750000000 -625.156250000000 0.000000000000
-359.380096435547 -625.104125976563 0.000000000000
-351.050842285156 -619.359069824219 9.009220123291
-356.468750000000 -623.156250000000 9.011937141418
-356.468750000000 -623.156250000000 0.000000000000
-351.050842285156 -619.359069824219 0.000000000000
-351.025543212891 -619.253723144531 8.933952331543
-350.984375000000 -619.312500000000 9.009186744690
-350.984375000000 -619.312500000000 0.000000000000
-351.025543212891 -619.253723144531 0.000000000000
-347.641174316406 -616.957336425781 8.997123718262
-348.109375000000 -617.281250000000 8.993754386902
-348.109375000000 -617.281250000000 0.000000000000
-347.641174316406 -616.957336425781 0.000000000000
-351.111633300781 -607.140563964844 10.258228302002
-350.953125000000 -607.031250000000 10.443454742432
-350.953125000000 -607.031250000000 0.000000000000
-351.111633300781 -607.140563964844 0.000000000000
-352.950195312500 -604.138000488281 10.463765144348
-352.937500000000 -604.156250000000 10.463699340820
-352.937500000000 -604.156250000000 -0.000000000000
-352.950195312500 -604.138000488281 0.000000000000
-356.887817382813 -598.747070312500 10.330866813660
-356.757812500000 -598.656250000000 10.483415603638
-356.757812500000 -598.656250000000 -0.000000000000
-356.887817382813 -598.747070312500 0.000000000000
-358.817718505859 -595.717468261719 10.479252815247
-358.773437500000 -595.781250000000 10.479023933411
-358.773437500000 -595.781250000000 0.000000000000
-358.817718505859 -595.717468261719 0.000000000000
-362.674957275391 -590.337585449219 10.403644561768
-362.593750000000 -590.281250000000 10.498740196228
-362.593750000000 -590.281250000000 0.000000000000
-362.674957275391 -590.337585449219 0.000000000000
-363.629913330078 -588.774658203125 10.512253761292
-363.625000000000 -588.781250000000 10.512516975403
-363.625000000000 -588.781250000000 -0.000000000000
-363.629913330078 -588.774658203125 0.000000000000
-362.866546630859 -587.963989257813 11.560926437378
-363.765625000000 -588.593750000000 10.505000114441
-363.765625000000 -588.593750000000 0.000000000000
-362.866546630859 -587.963989257813 0.000000000000
-406.183532714844 -618.296936035156 10.427347183228
-406.195312500000 -618.281250000000 10.427970886230
-406.195312500000 -618.281250000000 0.000000000000
-406.183532714844 -618.296936035156 0.000000000000
-405.899444580078 -618.363830566406 10.240584373474
-406.054687500000 -618.468750000000 10.420524597168
-406.054687500000 -618.468750000000 0.000000000000
-405.899444580078 -618.363830566406 0.000000000000
-404.936828613281 -620.059143066406 10.416360855103
-405.000000000000 -619.968750000000 10.416292190552
-405.000000000000 -619.968750000000 0.000000000000
-404.936828613281 -620.059143066406 0.000000000000
-401.122344970703 -625.396911621094 10.352978706360
-401.179687500000 -625.437500000000 10.420461654663
-401.179687500000 -625.437500000000 0.000000000000
-401.122344970703 -625.396911621094 0.000000000000
-399.130371093750 -628.371704101563 10.423022270203
-399.171875000000 -628.312500000000 10.423110961914
-399.171875000000 -628.312500000000 0.000000000000
-399.130371093750 -628.371704101563 0.000000000000
-395.305389404297 -633.760070800781 10.379277229309
-395.335937500000 -633.781250000000 10.414981842041
-395.335937500000 -633.781250000000 0.000000000000
-395.305389404297 -633.760070800781 -0.000000000000
-392.948669433594 -637.207519531250 10.422506332397
-393.312500000000 -636.687500000000 10.422538757324
-393.312500000000 -636.687500000000 0.000000000000
-392.948669433594 -637.207519531250 0.000000000000
-396.265960693359 -648.417785644531 10.422713279724
-395.812500000000 -649.062500000000 10.424487113953
-395.812500000000 -649.062500000000 0.000000000000
-396.265960693359 -648.417785644531 -0.000000000000
-403.387481689453 -639.151916503906 9.920502662659
-402.937500000000 -638.875000000000 10.428655624390
-402.937500000000 -638.875000000000 0.000000000000
-403.387481689453 -639.151916503906 0.000000000000
-403.553283691406 -639.033203125000 9.855208396912
-403.445312500000 -639.187500000000 9.855182647705
-403.445312500000 -639.187500000000 0.000000000000
-403.553283691406 -639.033203125000 0.000000000000
-406.935974121094 -633.994873046875 9.968575477600
-407.031250000000 -634.062500000000 9.856031417847
-407.031250000000 -634.062500000000 0.000000000000
-406.935974121094 -633.994873046875 0.000000000000
-407.053344726563 -632.991699218750 10.430164337158
-406.546875000000 -633.718750000000 10.428269386292
-406.546875000000 -633.718750000000 -0.000000000000
-407.053344726563 -632.991699218750 0.000000000000
-412.704010009766 -625.612304687500 10.046715736389
-412.851562500000 -625.718750000000 9.871438980103
-412.851562500000 -625.718750000000 0.000000000000
-412.704010009766 -625.612304687500 0.000000000000
-412.527404785156 -625.155944824219 10.438213348389
-412.375000000000 -625.375000000000 10.437509536743
-412.375000000000 -625.375000000000 0.000000000000
-412.527404785156 -625.155944824219 0.000000000000
-413.454498291016 -623.343017578125 10.708014488220
-413.679687500000 -623.500000000000 10.443535804749
-413.679687500000 -623.500000000000 -0.000000000000
-413.454498291016 -623.343017578125 0.000000000000
-356.207763671875 -583.625427246094 10.458622932434
-356.359375000000 -583.406250000000 10.457461357117
-356.359375000000 -583.406250000000 0.000000000000
-356.207763671875 -583.625427246094 0.000000000000
-338.452270507813 -608.925170898438 10.391232490540
-338.515625000000 -608.968750000000 10.464896202087
-338.515625000000 -608.968750000000 0.000000000000
-338.452270507813 -608.925170898438 0.000000000000
-397.603118896484 -647.558227539063 11.560926437378
-397.109375000000 -647.218750000000 11.560926437378
-397.109375000000 -647.218750000000 0.000000000000
-397.603118896484 -647.558227539063 0.000000000000
-397.877288818359 -647.179626464844 11.560926437378
-397.609375000000 -647.562500000000 11.560926437378
-397.609375000000 -647.562500000000 0.000000000000
-397.877288818359 -647.179626464844 0.000000000000
-401.150268554688 -642.403198242188 11.560926437378
-401.195312500000 -642.437500000000 11.560926437378
-401.195312500000 -642.437500000000 0.000000000000
-401.150268554688 -642.403198242188 0.000000000000
-400.863922119141 -641.833129882813 11.560926437378
-400.703125000000 -642.062500000000 11.560926437378
-400.703125000000 -642.062500000000 0.000000000000
-400.863922119141 -641.833129882813 0.000000000000
-409.161712646484 -630.760253906250 11.560926437378
-408.789062500000 -630.500000000000 11.560926437378
-408.789062500000 -630.500000000000 0.000000000000
-409.161712646484 -630.760253906250 0.000000000000
-412.816131591797 -625.769592285156 11.560926437378
-409.281250000000 -630.843750000000 11.560926437378
-409.281250000000 -630.843750000000 0.000000000000
-412.816131591797 -625.769592285156 0.000000000000
-354.878875732422 -585.153015136719 11.560926437378
-355.062500000000 -585.281250000000 11.560926437378
-355.062500000000 -585.281250000000 0.000000000000
-354.878875732422 -585.153015136719 0.000000000000
-351.363006591797 -589.541381835938 11.560926437378
-354.570312500000 -584.937500000000 11.560926437378
-354.570312500000 -584.937500000000 0.000000000000
-351.363006591797 -589.541381835938 0.000000000000
-351.136077880859 -590.150268554688 11.560926437378
-351.000000000000 -590.062500000000 11.560926437378
-351.000000000000 -590.062500000000 0.000000000000
-351.136077880859 -590.150268554688 0.000000000000
-351.471649169922 -590.393493652344 11.560926437378
-351.484375000000 -590.375000000000 11.560926437378
-351.484375000000 -590.375000000000 0.000000000000
-351.471649169922 -590.393493652344 0.000000000000
-348.991821289063 -593.471557617188 11.560926437378
-349.226562500000 -593.656250000000 11.560926437378
-349.226562500000 -593.656250000000 0.000000000000
-348.991821289063 -593.471557617188 0.000000000000
-348.737213134766 -593.299499511719 11.560926437378
-348.750000000000 -593.281250000000 11.560926437378
-348.750000000000 -593.281250000000 0.000000000000
-348.737213134766 -593.299499511719 0.000000000000
-345.317871093750 -598.515380859375 11.560926437378
-345.164062500000 -598.406250000000 11.560926437378
-345.164062500000 -598.406250000000 0.000000000000
-345.317871093750 -598.515380859375 0.000000000000
-345.604095458984 -598.813964843750 11.560926437378
-345.648437500000 -598.750000000000 11.560926437378
-345.648437500000 -598.750000000000 0.000000000000
-345.604095458984 -598.813964843750 0.000000000000
-343.012969970703 -601.736694335938 11.560926437378
-343.375000000000 -602.031250000000 11.560926437378
-343.375000000000 -602.031250000000 0.000000000000
-343.012969970703 -601.736694335938 0.000000000000
-339.739685058594 -606.193054199219 11.560926437378
-342.914062500000 -601.656250000000 11.560926437378
-342.914062500000 -601.656250000000 0.000000000000
-339.739685058594 -606.193054199219 0.000000000000
-339.376647949219 -606.818786621094 11.560926437378
-339.328125000000 -606.781250000000 11.560926437378
-339.328125000000 -606.781250000000 0.000000000000
-339.376647949219 -606.818786621094 0.000000000000
-339.768188476563 -607.218139648438 11.560926437378
-339.812500000000 -607.156250000000 11.560926437378
-339.812500000000 -607.156250000000 0.000000000000
-339.768188476563 -607.218139648438 0.000000000000
-403.315338134766 -617.514160156250 3.237907648087
-403.742187500000 -616.906250000000 3.237907648087
-403.742187500000 -616.906250000000 0.000000000000
-403.315338134766 -617.514160156250 0.000000000000
-403.056640625000 -618.615722656250 3.237907648087
-402.710937500000 -618.375000000000 3.237907648087
-402.710937500000 -618.375000000000 0.000000000000
-403.056640625000 -618.615722656250 0.000000000000
-398.805511474609 -623.924804687500 3.237907648087
-398.882812500000 -623.812500000000 3.237907648087
-398.882812500000 -623.812500000000 0.000000000000
-398.805511474609 -623.924804687500 0.000000000000
-397.133758544922 -626.893493652344 3.237907648087
-396.882812500000 -626.718750000000 3.237907648087
-396.882812500000 -626.718750000000 0.000000000000
-397.133758544922 -626.893493652344 0.000000000000
-392.569732666016 -632.851806640625 3.237907648087
-393.039062500000 -632.187500000000 3.237907648087
-393.039062500000 -632.187500000000 0.000000000000
-392.569732666016 -632.851806640625 0.000000000000
-391.194488525391 -635.194152832031 3.237907648087
-391.007812500000 -635.062500000000 3.237907648087
-391.007812500000 -635.062500000000 0.000000000000
-391.194488525391 -635.194152832031 0.000000000000
-386.746154785156 -639.684753417969 3.237907648087
-386.750000000000 -639.687500000000 3.237907648087
-386.750000000000 -639.687500000000 0.000000000000
-386.746154785156 -639.684753417969 0.000000000000
-383.850677490234 -637.702148437500 3.237907648087
-383.882812500000 -637.656250000000 3.237907648087
-383.882812500000 -637.656250000000 0.000000000000
-383.850677490234 -637.702148437500 0.000000000000
-378.383789062500 -633.838989257813 3.237907648087
-378.390625000000 -633.843750000000 3.237907648087
-378.390625000000 -633.843750000000 0.000000000000
-378.383789062500 -633.838989257813 0.000000000000
-375.407440185547 -631.997314453125 3.237907648087
-375.515625000000 -631.843750000000 3.237907648087
-375.515625000000 -631.843750000000 0.000000000000
-375.407440185547 -631.997314453125 0.000000000000
-369.998535156250 -627.982482910156 3.237907648087
-370.023437500000 -628.000000000000 3.237907648087
-370.023437500000 -628.000000000000 0.000000000000
-369.998535156250 -627.982482910156 0.000000000000
-366.965484619141 -625.924682617188 3.237907648087
-367.000000000000 -625.875000000000 3.237907648087
-367.000000000000 -625.875000000000 0.000000000000
-366.965484619141 -625.924682617188 0.000000000000
-361.490234375000 -622.008178710938 3.237907648087
-361.523437500000 -622.031250000000 3.237907648087
-361.523437500000 -622.031250000000 0.000000000000
-361.490234375000 -622.008178710938 0.000000000000
-358.343902587891 -620.467834472656 3.237907648087
-358.648437500000 -620.031250000000 3.237907648087
-358.648437500000 -620.031250000000 0.000000000000
-358.343902587891 -620.467834472656 0.000000000000
-350.417205810547 -614.276428222656 3.237907648087
-353.171875000000 -616.187500000000 3.237907648087
-353.171875000000 -616.187500000000 0.000000000000
-350.417205810547 -614.276428222656 0.000000000000
-349.983306884766 -614.621459960938 3.237907648087
-350.289062500000 -614.187500000000 3.237907648087
-350.289062500000 -614.187500000000 0.000000000000
-349.983306884766 -614.621459960938 0.000000000000
-353.240844726563 -608.562194824219 3.237907648087
-353.218750000000 -608.593750000000 3.237907648087
-353.218750000000 -608.593750000000 0.000000000000
-353.240844726563 -608.562194824219 0.000000000000
-354.096435546875 -604.968688964844 3.237907648087
-355.210937500000 -605.750000000000 3.237907648087
-355.210937500000 -605.750000000000 0.000000000000
-354.096435546875 -604.968688964844 0.000000000000
-359.473266601563 -599.630676269531 3.237907648087
-359.039062500000 -600.250000000000 3.237907648087
-359.039062500000 -600.250000000000 0.000000000000
-359.473266601563 -599.630676269531 0.000000000000
-359.893646240234 -596.563842773438 3.237907648087
-361.054687500000 -597.375000000000 3.237907648087
-361.054687500000 -597.375000000000 0.000000000000
-359.893646240234 -596.563842773438 0.000000000000
-364.918640136719 -591.835083007813 3.237907648087
-364.890625000000 -591.875000000000 3.237907648087
-364.890625000000 -591.875000000000 0.000000000000
-364.918640136719 -591.835083007813 0.000000000000
-364.844757080078 -589.644226074219 3.237907648087
-365.921875000000 -590.406250000000 3.237907648087
-365.921875000000 -590.406250000000 0.000000000000
-364.844757080078 -589.644226074219 0.000000000000
-333.230133056641 -617.995483398438 6.005362510681
-333.101562500000 -617.906250000000 6.005362510681
-333.101562500000 -617.906250000000 0.000000000000
-333.230133056641 -617.995483398438 0.000000000000
-389.833160400391 -656.386779785156 6.139772415161
-389.273437500000 -657.187500000000 6.216265678406
-389.273437500000 -657.187500000000 0.000000000000
-389.833160400391 -656.386779785156 -0.000000000000
-342.120666503906 -624.905090332031 8.933952331543
-340.942932128906 -624.087585449219 8.933952331543
-340.942932128906 -624.087585449219 0.000000000000
-342.120666503906 -624.905090332031 0.000000000000
-380.995697021484 -652.101745605469 8.933952331543
-380.756500244141 -651.932922363281 8.933952331543
-380.756500244141 -651.932922363281 0.000000000000
-380.995697021484 -652.101745605469 0.000000000000
-387.562500000000 -644.906250000000 8.991290092468
-387.593841552734 -644.861450195313 8.933952331543
-387.593841552734 -644.861450195313 0.000000000000
-387.562500000000 -644.906250000000 0.000000000000
-384.678741455078 -642.667724609375 8.803156852722
-384.607513427734 -642.770202636719 8.933952331543
-384.607513427734 -642.770202636719 0.000000000000
-384.678741455078 -642.667724609375 0.000000000000
-381.695312500000 -640.781250000000 8.977224349976
-381.718994140625 -640.747436523438 8.933952331543
-381.718994140625 -640.747436523438 0.000000000000
-381.695312500000 -640.781250000000 0.000000000000
-376.413848876953 -636.677856445313 8.629508018494
-376.247680664063 -636.916076660156 8.933952331543
-376.247680664063 -636.916076660156 0.000000000000
-376.413848876953 -636.677856445313 0.000000000000
-373.335937500000 -634.937500000000 8.985877037048
-373.364471435547 -634.897033691406 8.933952331543
-373.364471435547 -634.897033691406 0.000000000000
-373.335937500000 -634.937500000000 0.000000000000
-368.140655517578 -630.681945800781 8.455684661865
-367.878509521484 -631.055358886719 8.933952331543
-367.878509521484 -631.055358886719 0.000000000000
-368.140655517578 -630.681945800781 0.000000000000
-364.828125000000 -629.000000000000 9.003284454346
-364.865875244141 -628.945678710938 8.933952331543
-364.865875244141 -628.945678710938 0.000000000000
-364.828125000000 -629.000000000000 0.000000000000
-359.684967041016 -624.667053222656 8.375277519226
-359.380096435547 -625.104125976563 8.933952331543
-359.380096435547 -625.104125976563 0.000000000000
-359.684967041016 -624.667053222656 0.000000000000
-356.468750000000 -623.156250000000 9.011937141418
-356.511322021484 -623.095214843750 8.933952331543
-356.511322021484 -623.095214843750 0.000000000000
-356.468750000000 -623.156250000000 0.000000000000
-351.233520507813 -618.956604003906 8.553769111633
-351.025543212891 -619.253723144531 8.933952331543
-351.025543212891 -619.253723144531 0.000000000000
-351.233520507813 -618.956604003906 0.000000000000
-348.109375000000 -617.281250000000 8.993754386902
-348.142242431641 -617.234619140625 8.933952331543
-348.142242431641 -617.234619140625 0.000000000000
-348.109375000000 -617.281250000000 0.000000000000
-334.179687500000 -611.531250000000 8.933952331543
-336.085845947266 -608.791870117188 8.933952331543
-336.085845947266 -608.791870117188 0.000000000000
-334.179687500000 -611.531250000000 0.000000000000
-345.402587890625 -615.016784667969 8.933952331543
-345.262634277344 -615.218139648438 8.933952331543
-345.262634277344 -615.218139648438 0.000000000000
-345.402587890625 -615.016784667969 0.000000000000
-397.040008544922 -650.936401367188 8.933952331543
-396.785919189453 -651.298339843750 8.933952331543
-396.785919189453 -651.298339843750 0.000000000000
-397.040008544922 -650.936401367188 0.000000000000
-346.076416015625 -615.874694824219 9.008381843567
-346.425079345703 -616.115905761719 9.005872726440
-346.425079345703 -616.115905761719 0.000000000000
-346.076416015625 -615.874694824219 0.000000000000
-360.077392578125 -586.010437011719 14.805638313293
-360.090606689453 -586.019714355469 14.821090698242
-360.090606689453 -586.019714355469 0.000000000000
-360.077392578125 -586.010437011719 0.000000000000
-385.353973388672 -643.356811523438 8.988824844360
-386.342010498047 -644.049987792969 8.989927291870
-386.342010498047 -644.049987792969 0.000000000000
-385.353973388672 -643.356811523438 0.000000000000
-394.866271972656 -654.030639648438 8.933952331543
-394.435180664063 -653.728393554688 8.933952331543
-394.435180664063 -653.728393554688 0.000000000000
-394.866271972656 -654.030639648438 0.000000000000
-396.317230224609 -649.427001953125 8.933952331543
-397.066802978516 -649.968383789063 8.933952331543
-397.066802978516 -649.968383789063 0.000000000000
-396.317230224609 -649.427001953125 0.000000000000
-408.401397705078 -619.819519042969 13.011368751526
-409.949768066406 -620.899169921875 14.824522018433
-409.949768066406 -620.899169921875 0.000000000000
-408.401397705078 -619.819519042969 0.000000000000
-336.823028564453 -607.804626464844 8.933952331543
-337.198760986328 -608.063049316406 8.933952331543
-337.198760986328 -608.063049316406 0.000000000000
-336.823028564453 -607.804626464844 0.000000000000
-335.381561279297 -612.402282714844 8.933952331543
-334.575927734375 -611.818420410156 8.933952331543
-334.575927734375 -611.818420410156 0.000000000000
-335.381561279297 -612.402282714844 0.000000000000
-356.593933105469 -583.570556640625 10.731776237488
-357.302917480469 -584.067138671875 11.560926437378
-357.302917480469 -584.067138671875 0.000000000000
-356.593933105469 -583.570556640625 0.000000000000
-412.462402343750 -622.651184082031 11.873311996460
-412.728363037109 -622.836669921875 11.560926437378
-412.728363037109 -622.836669921875 0.000000000000
-412.462402343750 -622.651184082031 0.000000000000
-406.207580566406 -618.289794921875 10.442355155945
-407.162811279297 -618.955871582031 11.560926437378
-407.162811279297 -618.955871582031 0.000000000000
-406.207580566406 -618.289794921875 0.000000000000
-361.631530761719 -587.098999023438 13.011368751526
-362.866546630859 -587.963989257813 11.560926437378
-362.866546630859 -587.963989257813 0.000000000000
-361.631530761719 -587.098999023438 0.000000000000
-357.906280517578 -584.489746093750 12.266530036926
-358.543151855469 -584.935791015625 13.011368751526
-358.543151855469 -584.935791015625 0.000000000000
-357.906280517578 -584.489746093750 0.000000000000
-410.298553466797 -621.142395019531 14.414846420288
-411.493469238281 -621.975585937500 13.011368751526
-411.493469238281 -621.975585937500 0.000000000000
-410.298553466797 -621.142395019531 0.000000000000
-407.162811279297 -618.955871582031 11.560926437378
-408.401397705078 -619.819519042969 13.011368751526
-408.401397705078 -619.819519042969 0.000000000000
-407.162811279297 -618.955871582031 0.000000000000
-360.102416992188 -586.027954101563 14.807224273682
-361.631530761719 -587.098999023438 13.011368751526
-361.631530761719 -587.098999023438 0.000000000000
-360.102416992188 -586.027954101563 0.000000000000
-398.450408935547 -624.440795898438 3.237907648087
-398.628051757813 -624.182739257813 3.237907648087
-398.628051757813 -624.182739257813 0.000000000000
-398.450408935547 -624.440795898438 0.000000000000
-399.185180664063 -624.026428222656 3.237907648087
-399.610046386719 -624.327026367188 3.237907648087
-399.610046386719 -624.327026367188 0.000000000000
-399.185180664063 -624.026428222656 0.000000000000
-352.708221435547 -616.849853515625 3.237907648087
-352.336578369141 -617.380798339844 3.237907648087
-352.336578369141 -617.380798339844 0.000000000000
-352.708221435547 -616.849853515625 0.000000000000
-359.724975585938 -585.763610839844 14.393480300903
-360.077392578125 -586.010437011719 14.805638313293
-360.077392578125 -586.010437011719 0.000000000000
-359.724975585938 -585.763610839844 -0.000000000000
-360.090606689453 -586.019714355469 14.821090698242
-360.102416992188 -586.027954101563 14.807224273682
-360.102416992188 -586.027954101563 0.000000000000
-360.090606689453 -586.019714355469 0.000000000000
-355.879028320313 -584.100708007813 10.461141586304
-356.207763671875 -583.625427246094 10.458622932434
-356.207763671875 -583.625427246094 0.000000000000
-355.879028320313 -584.100708007813 -0.000000000000
-412.728363037109 -622.836669921875 11.560926437378
-412.984802246094 -623.015441894531 11.259725570679
-412.984802246094 -623.015441894531 -0.000000000000
-412.728363037109 -622.836669921875 0.000000000000
-406.054687500000 -618.468750000000 10.420524597168
-406.183532714844 -618.296936035156 10.427347183228
-406.183532714844 -618.296936035156 0.000000000000
-406.054687500000 -618.468750000000 0.000000000000
-363.765625000000 -588.593750000000 10.505000114441
-363.629913330078 -588.774658203125 10.512253761292
-363.629913330078 -588.774658203125 0.000000000000
-363.765625000000 -588.593750000000 0.000000000000
-340.446502685547 -623.742980957031 8.933952331543
-339.932067871094 -623.385925292969 8.933952331543
-339.932067871094 -623.385925292969 0.000000000000
-340.446502685547 -623.742980957031 0.000000000000
-351.924652099609 -607.701232910156 3.237907648087
-351.111633300781 -607.140563964844 3.237907648087
-351.111633300781 -607.140563964844 0.000000000000
-351.924652099609 -607.701232910156 0.000000000000
-363.793365478516 -591.113647460938 3.237907648087
-362.674957275391 -590.337585449219 3.237907648087
-362.674957275391 -590.337585449219 0.000000000000
-363.793365478516 -591.113647460938 0.000000000000
-357.850372314453 -599.419555664063 6.005362510681
-356.887817382813 -598.747070312500 6.005362510681
-356.887817382813 -598.747070312500 0.000000000000
-357.850372314453 -599.419555664063 0.000000000000
-363.625000000000 -588.781250000000 10.512516975403
-363.706390380859 -588.838806152344 10.416614532471
-363.706390380859 -588.838806152344 0.000000000000
-363.625000000000 -588.781250000000 -0.000000000000
-358.773437500000 -595.781250000000 10.479023933411
-358.878356933594 -595.854553222656 10.355899810791
-358.878356933594 -595.854553222656 0.000000000000
-358.773437500000 -595.781250000000 0.000000000000
-345.218750000000 -615.281250000000 8.933952331543
-345.415679931641 -615.417480468750 8.933952331543
-345.415679931641 -615.417480468750 0.000000000000
-345.218750000000 -615.281250000000 0.000000000000
-352.937500000000 -604.156250000000 10.463699340820
-353.091217041016 -604.263977050781 10.283122062683
-353.091217041016 -604.263977050781 0.000000000000
-352.937500000000 -604.156250000000 -0.000000000000
-338.061706542969 -608.656555175781 8.933952331543
-338.452270507813 -608.925170898438 8.933952331543
-338.452270507813 -608.925170898438 0.000000000000
-338.061706542969 -608.656555175781 0.000000000000
-356.359375000000 -583.406250000000 10.457461357117
-356.593933105469 -583.570556640625 10.731776237488
-356.593933105469 -583.570556640625 0.000000000000
-356.359375000000 -583.406250000000 0.000000000000
-339.812500000000 -607.156250000000 11.560926437378
-339.751647949219 -607.109130859375 11.560926437378
-339.751647949219 -607.109130859375 0.000000000000
-339.812500000000 -607.156250000000 0.000000000000
-336.421875000000 -613.156250000000 8.933952331543
-335.765319824219 -612.680419921875 8.933952331543
-335.765319824219 -612.680419921875 0.000000000000
-336.421875000000 -613.156250000000 0.000000000000
-346.425079345703 -616.115905761719 9.005872726440
-347.641174316406 -616.957336425781 8.997123718262
-347.641174316406 -616.957336425781 0.000000000000
-346.425079345703 -616.115905761719 0.000000000000
-342.437500000000 -625.125000000000 8.933952331543
-342.120666503906 -624.905090332031 8.933952331543
-342.120666503906 -624.905090332031 0.000000000000
-342.437500000000 -625.125000000000 0.000000000000
-348.142242431641 -617.234619140625 8.933952331543
-348.317260742188 -616.986145019531 8.615359306335
-348.317260742188 -616.986145019531 0.000000000000
-348.142242431641 -617.234619140625 0.000000000000
-385.902465820313 -640.906982421875 3.237907648087
-385.205108642578 -641.910400390625 3.237907648087
-385.205108642578 -641.910400390625 0.000000000000
-385.902465820313 -640.906982421875 0.000000000000
-387.951782226563 -644.349792480469 6.005362510681
-388.229003906250 -643.953552246094 6.005362510681
-388.229003906250 -643.953552246094 0.000000000000
-387.951782226563 -644.349792480469 0.000000000000
-365.160339355469 -628.521972656250 3.237907648087
-365.233825683594 -628.416259765625 3.237907648087
-365.233825683594 -628.416259765625 0.000000000000
-365.160339355469 -628.521972656250 0.000000000000
-368.461700439453 -630.224609375000 3.237907648087
-368.284271240234 -630.477355957031 3.237907648087
-368.284271240234 -630.477355957031 0.000000000000
-368.461700439453 -630.224609375000 0.000000000000
-373.564636230469 -634.612915039063 3.237907648087
-373.835601806641 -634.228271484375 3.237907648087
-373.835601806641 -634.228271484375 0.000000000000
-373.564636230469 -634.612915039063 0.000000000000
-377.640502929688 -634.919189453125 3.237907648087
-376.749267578125 -636.196960449219 3.237907648087
-376.749267578125 -636.196960449219 0.000000000000
-377.640502929688 -634.919189453125 0.000000000000
-351.478668212891 -618.606384277344 6.005362510681
-351.233520507813 -618.956604003906 6.005362510681
-351.233520507813 -618.956604003906 0.000000000000
-351.478668212891 -618.606384277344 0.000000000000
-359.737426757813 -624.591796875000 6.005362510681
-359.684967041016 -624.667053222656 6.005362510681
-359.684967041016 -624.667053222656 0.000000000000
-359.737426757813 -624.591796875000 0.000000000000
-382.143798828125 -640.140563964844 6.005362510681
-382.285705566406 -639.937805175781 6.005362510681
-382.285705566406 -639.937805175781 0.000000000000
-382.143798828125 -640.140563964844 0.000000000000
-395.812500000000 -649.062500000000 10.424487113953
-396.135620117188 -649.295898437500 10.040509223938
-396.135620117188 -649.295898437500 0.000000000000
-395.812500000000 -649.062500000000 0.000000000000
-345.778839111328 -614.475463867188 6.005362510681
-345.402587890625 -615.016784667969 6.005362510681
-345.402587890625 -615.016784667969 0.000000000000
-345.778839111328 -614.475463867188 0.000000000000
-336.085845947266 -608.791870117188 8.933952331543
-336.119049072266 -608.744140625000 8.933952331543
-336.119049072266 -608.744140625000 0.000000000000
-336.085845947266 -608.791870117188 0.000000000000
-356.511322021484 -623.095214843750 8.933952331543
-356.782745361328 -622.706054687500 8.436571121216
-356.782745361328 -622.706054687500 0.000000000000
-356.511322021484 -623.095214843750 0.000000000000
-386.750000000000 -639.687500000000 3.237907648087
-386.483886718750 -640.070373535156 3.237907648087
-386.483886718750 -640.070373535156 0.000000000000
-386.750000000000 -639.687500000000 0.000000000000
-383.170654296875 -638.673583984375 3.237907648087
-383.637115478516 -638.007263183594 3.237907648087
-383.637115478516 -638.007263183594 0.000000000000
-383.170654296875 -638.673583984375 0.000000000000
-339.328125000000 -606.781250000000 11.560926437378
-339.739685058594 -606.193054199219 11.560926437378
-339.739685058594 -606.193054199219 0.000000000000
-339.328125000000 -606.781250000000 0.000000000000
-370.023437500000 -628.000000000000 3.237907648087
-369.957885742188 -628.093383789063 3.237907648087
-369.957885742188 -628.093383789063 0.000000000000
-370.023437500000 -628.000000000000 0.000000000000
-366.791168212891 -626.175476074219 3.237907648087
-366.965484619141 -625.924682617188 3.237907648087
-366.965484619141 -625.924682617188 0.000000000000
-366.791168212891 -626.175476074219 0.000000000000
-378.310424804688 -633.958740234375 3.237907648087
-378.223297119141 -634.083618164063 3.237907648087
-378.223297119141 -634.083618164063 0.000000000000
-378.310424804688 -633.958740234375 0.000000000000
-374.917724609375 -632.692382812500 3.237907648087
-375.386199951172 -632.027465820313 3.237907648087
-375.386199951172 -632.027465820313 0.000000000000
-374.917724609375 -632.692382812500 0.000000000000
-350.953125000000 -607.031250000000 10.443454742432
-347.584106445313 -611.878234863281 10.427888870239
-347.584106445313 -611.878234863281 0.000000000000
-350.953125000000 -607.031250000000 0.000000000000
-388.978271484375 -642.882629394531 10.422150611877
-389.444580078125 -642.216125488281 10.422192573547
-389.444580078125 -642.216125488281 0.000000000000
-388.978271484375 -642.882629394531 0.000000000000
-397.109375000000 -647.218750000000 11.560926437378
-396.852050781250 -647.584594726563 11.560926437378
-396.852050781250 -647.584594726563 0.000000000000
-397.109375000000 -647.218750000000 0.000000000000
-403.719665527344 -619.077331542969 3.237907648087
-403.056640625000 -618.615722656250 3.237907648087
-403.056640625000 -618.615722656250 0.000000000000
-403.719665527344 -619.077331542969 0.000000000000
-403.742187500000 -616.906250000000 3.237907648087
-404.104583740234 -617.151123046875 3.237907648087
-404.104583740234 -617.151123046875 0.000000000000
-403.742187500000 -616.906250000000 0.000000000000
-384.588836669922 -642.820007324219 8.987970352173
-385.353973388672 -643.356811523438 8.988824844360
-385.353973388672 -643.356811523438 0.000000000000
-384.588836669922 -642.820007324219 0.000000000000
-380.756500244141 -651.932922363281 8.933952331543
-379.734039306641 -651.211181640625 8.933952331543
-379.734039306641 -651.211181640625 0.000000000000
-380.756500244141 -651.932922363281 0.000000000000
-398.882812500000 -623.812500000000 3.237907648087
-399.185180664063 -624.026428222656 3.237907648087
-399.185180664063 -624.026428222656 0.000000000000
-398.882812500000 -623.812500000000 0.000000000000
-392.160888671875 -635.875549316406 3.237907648087
-391.194488525391 -635.194152832031 3.237907648087
-391.194488525391 -635.194152832031 0.000000000000
-392.160888671875 -635.875549316406 0.000000000000
-393.039062500000 -632.187500000000 3.237907648087
-393.244018554688 -632.329711914063 3.237907648087
-393.244018554688 -632.329711914063 0.000000000000
-393.039062500000 -632.187500000000 0.000000000000
-397.950225830078 -627.461914062500 3.237907648087
-397.133758544922 -626.893493652344 3.237907648087
-397.133758544922 -626.893493652344 0.000000000000
-397.950225830078 -627.461914062500 0.000000000000
-350.984375000000 -619.312500000000 9.009186744690
-351.050842285156 -619.359069824219 9.009220123291
-351.050842285156 -619.359069824219 0.000000000000
-350.984375000000 -619.312500000000 0.000000000000
-346.031250000000 -626.875000000000 8.933952331543
-345.928405761719 -626.803466796875 8.933952331543
-345.928405761719 -626.803466796875 0.000000000000
-346.031250000000 -626.875000000000 0.000000000000
-390.153167724609 -655.928955078125 6.096036434174
-389.902465820313 -656.287597656250 6.130298614502
-389.902465820313 -656.287597656250 0.000000000000
-390.153167724609 -655.928955078125 0.000000000000
-333.699310302734 -618.321105957031 6.005362510681
-333.230133056641 -617.995483398438 6.005362510681
-333.230133056641 -617.995483398438 0.000000000000
-333.699310302734 -618.321105957031 0.000000000000
-405.858886718750 -618.336486816406 10.193583488464
-405.899444580078 -618.363830566406 10.240584373474
-405.899444580078 -618.363830566406 0.000000000000
-405.858886718750 -618.336486816406 0.000000000000
-405.000000000000 -619.968750000000 10.416292190552
-404.861480712891 -619.872314453125 10.254172325134
-404.861480712891 -619.872314453125 -0.000000000000
-405.000000000000 -619.968750000000 0.000000000000
-400.912994384766 -625.248840332031 10.106657028198
-401.080444335938 -625.367248535156 10.303672790527
-401.080444335938 -625.367248535156 0.000000000000
-400.912994384766 -625.248840332031 0.000000000000
-399.171875000000 -628.312500000000 10.423110961914
-399.092071533203 -628.256958007813 10.329703330994
-399.092071533203 -628.256958007813 0.000000000000
-399.171875000000 -628.312500000000 0.000000000000
-395.193786621094 -633.682617187500 10.248782157898
-395.305389404297 -633.760070800781 10.379277229309
-395.305389404297 -633.760070800781 -0.000000000000
-395.193786621094 -633.682617187500 0.000000000000
-393.312500000000 -636.687500000000 10.422538757324
-393.298065185547 -636.677307128906 10.405555725098
-393.298065185547 -636.677307128906 0.000000000000
-393.312500000000 -636.687500000000 0.000000000000
-389.793395996094 -641.717529296875 10.422223091125
-392.009735107422 -638.549560546875 10.422422409058
-392.009735107422 -638.549560546875 0.000000000000
-389.793395996094 -641.717529296875 0.000000000000
-385.500000000000 -655.281250000000 8.933952331543
-382.132446289063 -652.904174804688 8.933952331543
-382.132446289063 -652.904174804688 0.000000000000
-385.500000000000 -655.281250000000 0.000000000000
-361.987030029297 -638.084350585938 7.539938926697
-360.479675292969 -637.026062011719 7.542630672455
-360.479675292969 -637.026062011719 0.000000000000
-361.987030029297 -638.084350585938 0.000000000000
-367.442749023438 -626.186157226563 3.237907648087
-367.970428466797 -626.557067871094 3.237907648087
-367.970428466797 -626.557067871094 0.000000000000
-367.442749023438 -626.186157226563 0.000000000000
-401.179687500000 -625.437500000000 10.420461654663
-404.740783691406 -620.339843750000 10.416574478149
-404.740783691406 -620.339843750000 0.000000000000
-401.179687500000 -625.437500000000 0.000000000000
-401.080444335938 -625.367248535156 10.303672790527
-401.122344970703 -625.396911621094 10.352978706360
-401.122344970703 -625.396911621094 0.000000000000
-401.080444335938 -625.367248535156 0.000000000000
-382.132446289063 -652.904174804688 8.933952331543
-381.672668457031 -652.579589843750 8.933952331543
-381.672668457031 -652.579589843750 0.000000000000
-382.132446289063 -652.904174804688 0.000000000000
-394.983093261719 -633.536437988281 6.005362510681
-395.193786621094 -633.682617187500 6.005362510681
-395.193786621094 -633.682617187500 0.000000000000
-394.983093261719 -633.536437988281 0.000000000000
-399.092071533203 -628.256958007813 10.329703330994
-399.081298828125 -628.249450683594 10.317107200623
-399.081298828125 -628.249450683594 -0.000000000000
-399.092071533203 -628.256958007813 0.000000000000
-393.298065185547 -636.677307128906 10.405555725098
-393.133850097656 -636.561523437500 10.212577819824
-393.133850097656 -636.561523437500 0.000000000000
-393.298065185547 -636.677307128906 0.000000000000
-406.195312500000 -618.281250000000 10.427970886230
-406.207580566406 -618.289794921875 10.442355155945
-406.207580566406 -618.289794921875 0.000000000000
-406.195312500000 -618.281250000000 0.000000000000
-387.086639404297 -644.572387695313 8.990758895874
-387.296569824219 -644.719665527344 8.990992546082
-387.296569824219 -644.719665527344 0.000000000000
-387.086639404297 -644.572387695313 0.000000000000
-412.984802246094 -623.015441894531 11.259725570679
-413.454498291016 -623.343017578125 10.708014488220
-413.454498291016 -623.343017578125 0.000000000000
-412.984802246094 -623.015441894531 -0.000000000000
-393.708160400391 -653.218750000000 8.933952331543
-393.161071777344 -652.835205078125 8.933952331543
-393.161071777344 -652.835205078125 0.000000000000
-393.708160400391 -653.218750000000 0.000000000000
-346.960052490234 -612.776062011719 10.425004959106
-346.097778320313 -614.016601562500 10.421021461487
-346.097778320313 -614.016601562500 -0.000000000000
-346.960052490234 -612.776062011719 -0.000000000000
-338.515625000000 -608.968750000000 10.464896202087
-338.726348876953 -608.674255371094 10.468852043152
-338.726348876953 -608.674255371094 0.000000000000
-338.515625000000 -608.968750000000 0.000000000000
-360.964080810547 -622.833190917969 3.237907648087
-360.057128906250 -624.133483886719 3.237907648087
-360.057128906250 -624.133483886719 0.000000000000
-360.964080810547 -622.833190917969 0.000000000000
-385.205108642578 -641.910400390625 6.005362510681
-384.997650146484 -642.208862304688 6.005362510681
-384.997650146484 -642.208862304688 0.000000000000
-385.205108642578 -641.910400390625 0.000000000000
-365.233825683594 -628.416259765625 3.237907648087
-365.479248046875 -628.063110351563 3.237907648087
-365.479248046875 -628.063110351563 0.000000000000
-365.233825683594 -628.416259765625 0.000000000000
-373.835601806641 -634.228271484375 3.237907648087
-373.886444091797 -634.156127929688 3.237907648087
-373.886444091797 -634.156127929688 0.000000000000
-373.835601806641 -634.228271484375 0.000000000000
-356.901184082031 -622.536254882813 6.005362510681
-357.220886230469 -622.077941894531 6.005362510681
-357.220886230469 -622.077941894531 0.000000000000
-356.901184082031 -622.536254882813 0.000000000000
-381.823364257813 -640.598327636719 6.005362510681
-382.143798828125 -640.140563964844 6.005362510681
-382.143798828125 -640.140563964844 0.000000000000
-381.823364257813 -640.598327636719 0.000000000000
-369.372558593750 -628.927124023438 3.237907648087
-368.461700439453 -630.224609375000 3.237907648087
-368.461700439453 -630.224609375000 0.000000000000
-369.372558593750 -628.927124023438 0.000000000000
-376.749267578125 -636.196960449219 3.237907648087
-376.733520507813 -636.219543457031 3.237907648087
-376.733520507813 -636.219543457031 0.000000000000
-376.749267578125 -636.196960449219 0.000000000000
-387.631439208984 -644.807678222656 6.005362510681
-387.951782226563 -644.349792480469 6.005362510681
-387.951782226563 -644.349792480469 0.000000000000
-387.631439208984 -644.807678222656 0.000000000000
-348.630218505859 -616.541992187500 6.005362510681
-348.952056884766 -616.085205078125 6.005362510681
-348.952056884766 -616.085205078125 0.000000000000
-348.630218505859 -616.541992187500 0.000000000000
-352.336578369141 -617.380798339844 3.237907648087
-351.799102783203 -618.148559570313 3.237907648087
-351.799102783203 -618.148559570313 0.000000000000
-352.336578369141 -617.380798339844 0.000000000000
-397.500000000000 -650.281250000000 8.933952331543
-397.040008544922 -650.936401367188 8.933952331543
-397.040008544922 -650.936401367188 0.000000000000
-397.500000000000 -650.281250000000 0.000000000000
-339.751647949219 -607.109130859375 11.560926437378
-339.376647949219 -606.818786621094 11.560926437378
-339.376647949219 -606.818786621094 0.000000000000
-339.751647949219 -607.109130859375 0.000000000000
-342.914062500000 -601.656250000000 11.560926437378
-343.012969970703 -601.736694335938 11.560926437378
-343.012969970703 -601.736694335938 0.000000000000
-342.914062500000 -601.656250000000 0.000000000000
-345.648437500000 -598.750000000000 11.560926437378
-345.317871093750 -598.515380859375 11.560926437378
-345.317871093750 -598.515380859375 0.000000000000
-345.648437500000 -598.750000000000 0.000000000000
-348.750000000000 -593.281250000000 11.560926437378
-348.950256347656 -593.438842773438 11.560926437378
-348.950256347656 -593.438842773438 0.000000000000
-348.750000000000 -593.281250000000 0.000000000000
-337.198760986328 -608.063049316406 8.933952331543
-338.061706542969 -608.656555175781 8.933952331543
-338.061706542969 -608.656555175781 0.000000000000
-337.198760986328 -608.063049316406 0.000000000000
-351.484375000000 -590.375000000000 11.560926437378
-351.250457763672 -590.224060058594 11.560926437378
-351.250457763672 -590.224060058594 0.000000000000
-351.484375000000 -590.375000000000 0.000000000000
-354.570312500000 -584.937500000000 11.560926437378
-354.878875732422 -585.153015136719 11.560926437378
-354.878875732422 -585.153015136719 0.000000000000
-354.570312500000 -584.937500000000 0.000000000000
-335.765319824219 -612.680419921875 8.933952331543
-335.381561279297 -612.402282714844 8.933952331543
-335.381561279297 -612.402282714844 0.000000000000
-335.765319824219 -612.680419921875 0.000000000000
-413.073028564453 -624.371826171875 10.440733909607
-412.527404785156 -625.155944824219 10.438213348389
-412.527404785156 -625.155944824219 0.000000000000
-413.073028564453 -624.371826171875 0.000000000000
-402.710937500000 -618.375000000000 3.237907648087
-402.866088867188 -618.154052734375 3.237907648087
-402.866088867188 -618.154052734375 0.000000000000
-402.710937500000 -618.375000000000 0.000000000000
-365.921875000000 -590.406250000000 3.237907648087
-365.469146728516 -591.051025390625 3.237907648087
-365.469146728516 -591.051025390625 0.000000000000
-365.921875000000 -590.406250000000 0.000000000000
-355.692749023438 -584.370056152344 10.462568283081
-355.879028320313 -584.100708007813 10.461141586304
-355.879028320313 -584.100708007813 -0.000000000000
-355.692749023438 -584.370056152344 0.000000000000
-413.198272705078 -624.191833496094 10.441312789917
-413.073028564453 -624.371826171875 10.440733909607
-413.073028564453 -624.371826171875 0.000000000000
-413.198272705078 -624.191833496094 0.000000000000
-355.062500000000 -585.281250000000 11.560926437378
-355.112335205078 -585.209167480469 11.560926437378
-355.112335205078 -585.209167480469 0.000000000000
-355.062500000000 -585.281250000000 0.000000000000
-402.866088867188 -618.154052734375 3.237907648087
-403.189331054688 -617.693664550781 3.237907648087
-403.189331054688 -617.693664550781 0.000000000000
-402.866088867188 -618.154052734375 0.000000000000
-365.044677734375 -591.655639648438 3.237907648087
-364.918640136719 -591.835083007813 3.237907648087
-364.918640136719 -591.835083007813 0.000000000000
-365.044677734375 -591.655639648438 0.000000000000
-408.483428955078 -630.938781738281 10.435517311096
-408.125427246094 -631.452697753906 10.434177398682
-408.125427246094 -631.452697753906 0.000000000000
-408.483428955078 -630.938781738281 0.000000000000
-359.175048828125 -595.203063964844 10.481097221375
-358.817718505859 -595.717468261719 10.479252815247
-358.817718505859 -595.717468261719 0.000000000000
-359.175048828125 -595.203063964844 0.000000000000
-350.619628906250 -591.631713867188 10.461421966553
-351.471649169922 -590.393493652344 10.451387405396
-351.471649169922 -590.393493652344 0.000000000000
-350.619628906250 -591.631713867188 0.000000000000
-351.250457763672 -590.224060058594 11.560926437378
-351.136077880859 -590.150268554688 11.560926437378
-351.136077880859 -590.150268554688 0.000000000000
-351.250457763672 -590.224060058594 0.000000000000
-351.000000000000 -590.062500000000 11.560926437378
-351.005004882813 -590.055297851563 11.560926437378
-351.005004882813 -590.055297851563 0.000000000000
-351.000000000000 -590.062500000000 0.000000000000
-397.300140380859 -626.112304687500 3.237907648087
-398.450408935547 -624.440795898438 3.237907648087
-398.450408935547 -624.440795898438 0.000000000000
-397.300140380859 -626.112304687500 0.000000000000
-340.942932128906 -624.087585449219 8.933952331543
-340.446502685547 -623.742980957031 8.933952331543
-340.446502685547 -623.742980957031 0.000000000000
-340.942932128906 -624.087585449219 0.000000000000
-363.706390380859 -588.838806152344 3.237907648087
-364.844757080078 -589.644226074219 3.237907648087
-364.844757080078 -589.644226074219 0.000000000000
-363.706390380859 -588.838806152344 0.000000000000
-364.890625000000 -591.875000000000 3.237907648087
-363.793365478516 -591.113647460938 3.237907648087
-363.793365478516 -591.113647460938 0.000000000000
-364.890625000000 -591.875000000000 0.000000000000
-353.218750000000 -608.593750000000 3.237907648087
-351.924652099609 -607.701232910156 3.237907648087
-351.924652099609 -607.701232910156 0.000000000000
-353.218750000000 -608.593750000000 0.000000000000
-353.091217041016 -604.263977050781 3.237907648087
-353.952178955078 -604.867553710938 3.237907648087
-353.952178955078 -604.867553710938 0.000000000000
-353.091217041016 -604.263977050781 0.000000000000
-359.039062500000 -600.250000000000 3.237907648087
-357.850372314453 -599.419555664063 3.237907648087
-357.850372314453 -599.419555664063 0.000000000000
-359.039062500000 -600.250000000000 0.000000000000
-358.878356933594 -595.854553222656 6.005362510681
-359.893646240234 -596.563842773438 6.005362510681
-359.893646240234 -596.563842773438 0.000000000000
-358.878356933594 -595.854553222656 0.000000000000
-345.415679931641 -615.417480468750 9.013135910034
-346.076416015625 -615.874694824219 9.008381843567
-346.076416015625 -615.874694824219 0.000000000000
-345.415679931641 -615.417480468750 0.000000000000
-356.757812500000 -598.656250000000 10.483415603638
-356.728240966797 -598.698852539063 10.483263015747
-356.728240966797 -598.698852539063 0.000000000000
-356.757812500000 -598.656250000000 -0.000000000000
-408.125427246094 -631.452697753906 10.434177398682
-407.190429687500 -632.794921875000 10.430677413940
-407.190429687500 -632.794921875000 0.000000000000
-408.125427246094 -631.452697753906 0.000000000000
-348.599731445313 -593.495971679688 11.560926437378
-348.737213134766 -593.299499511719 11.560926437378
-348.737213134766 -593.299499511719 0.000000000000
-348.599731445313 -593.495971679688 0.000000000000
-348.950256347656 -593.438842773438 11.560926437378
-348.991821289063 -593.471557617188 11.560926437378
-348.991821289063 -593.471557617188 0.000000000000
-348.950256347656 -593.438842773438 0.000000000000
-349.226562500000 -593.656250000000 11.560926437378
-349.238830566406 -593.638427734375 11.560926437378
-349.238830566406 -593.638427734375 0.000000000000
-349.226562500000 -593.656250000000 0.000000000000
-397.164215087891 -626.309814453125 3.237907648087
-397.300140380859 -626.112304687500 3.237907648087
-397.300140380859 -626.112304687500 0.000000000000
-397.164215087891 -626.309814453125 0.000000000000
-336.151275634766 -620.022949218750 6.005362510681
-333.752441406250 -618.358032226563 6.005362510681
-333.752441406250 -618.358032226563 0.000000000000
-336.151275634766 -620.022949218750 0.000000000000
-357.302917480469 -584.067138671875 11.560926437378
-357.333221435547 -584.088378906250 11.596364974976
-357.333221435547 -584.088378906250 -0.000000000000
-357.302917480469 -584.067138671875 0.000000000000
-345.101806640625 -599.538940429688 10.465112686157
-345.547943115234 -598.895080566406 10.462302207947
-345.547943115234 -598.895080566406 0.000000000000
-345.101806640625 -599.538940429688 0.000000000000
-402.244567871094 -639.863525390625 10.429494857788
-402.187957763672 -639.944274902344 10.429563522339
-402.187957763672 -639.944274902344 0.000000000000
-402.244567871094 -639.863525390625 0.000000000000
-355.198669433594 -605.767517089844 3.237907648087
-355.142059326172 -605.848327636719 3.237907648087
-355.142059326172 -605.848327636719 0.000000000000
-355.198669433594 -605.767517089844 0.000000000000
-391.510009765625 -634.351684570313 3.237907648087
-392.512817382813 -632.932312011719 3.237907648087
-392.512817382813 -632.932312011719 0.000000000000
-391.510009765625 -634.351684570313 0.000000000000
-402.187957763672 -639.944274902344 10.429563522339
-401.416290283203 -641.045166015625 10.430498123169
-401.416290283203 -641.045166015625 -0.000000000000
-402.187957763672 -639.944274902344 0.000000000000
-353.302398681641 -608.474365234375 3.237907648087
-353.273193359375 -608.516052246094 3.237907648087
-353.273193359375 -608.516052246094 0.000000000000
-353.302398681641 -608.474365234375 0.000000000000
-343.375000000000 -602.031250000000 11.560926437378
-343.470886230469 -601.892822265625 11.560926437378
-343.470886230469 -601.892822265625 0.000000000000
-343.375000000000 -602.031250000000 0.000000000000
-391.062286376953 -634.985412597656 3.237907648087
-391.510009765625 -634.351684570313 3.237907648087
-391.510009765625 -634.351684570313 0.000000000000
-391.062286376953 -634.985412597656 0.000000000000
-345.547943115234 -598.895080566406 10.462302207947
-345.604095458984 -598.813964843750 10.461948394775
-345.604095458984 -598.813964843750 0.000000000000
-345.547943115234 -598.895080566406 0.000000000000
-356.591430664063 -598.895751953125 10.482557296753
-352.950195312500 -604.138000488281 10.463765144348
-352.950195312500 -604.138000488281 0.000000000000
-356.591430664063 -598.895751953125 -0.000000000000
-355.210937500000 -605.750000000000 3.237907648087
-355.198669433594 -605.767517089844 3.237907648087
-355.198669433594 -605.767517089844 0.000000000000
-355.210937500000 -605.750000000000 0.000000000000
-353.952178955078 -604.867553710938 3.237907648087
-354.096435546875 -604.968688964844 3.237907648087
-354.096435546875 -604.968688964844 0.000000000000
-353.952178955078 -604.867553710938 0.000000000000
-392.512817382813 -632.932312011719 3.237907648087
-392.569732666016 -632.851806640625 3.237907648087
-392.569732666016 -632.851806640625 0.000000000000
-392.512817382813 -632.932312011719 0.000000000000
-402.937500000000 -638.875000000000 10.428655624390
-402.244567871094 -639.863525390625 10.429494857788
-402.244567871094 -639.863525390625 0.000000000000
-402.937500000000 -638.875000000000 0.000000000000
-333.752441406250 -618.358032226563 6.005362510681
-333.699310302734 -618.321105957031 6.005362510681
-333.699310302734 -618.321105957031 0.000000000000
-333.752441406250 -618.358032226563 0.000000000000
-357.333221435547 -584.088378906250 11.596364974976
-357.906280517578 -584.489746093750 12.266530036926
-357.906280517578 -584.489746093750 0.000000000000
-357.333221435547 -584.088378906250 -0.000000000000
-392.009735107422 -638.549560546875 10.422422409058
-392.948669433594 -637.207519531250 10.422506332397
-392.948669433594 -637.207519531250 0.000000000000
-392.009735107422 -638.549560546875 0.000000000000
-343.543823242188 -601.787597656250 10.474925994873
-343.721710205078 -601.530883789063 10.473805427551
-343.721710205078 -601.530883789063 0.000000000000
-343.543823242188 -601.787597656250 0.000000000000
-401.195312500000 -642.437500000000 11.560926437378
-400.848632812500 -642.932983398438 11.560926437378
-400.848632812500 -642.932983398438 0.000000000000
-401.195312500000 -642.437500000000 0.000000000000
-354.916381835938 -606.170471191406 3.237907648087
-353.302398681641 -608.474365234375 3.237907648087
-353.302398681641 -608.474365234375 0.000000000000
-354.916381835938 -606.170471191406 0.000000000000
-336.789062500000 -607.781250000000 8.933952331543
-336.823028564453 -607.804626464844 8.933952331543
-336.823028564453 -607.804626464844 0.000000000000
-336.789062500000 -607.781250000000 0.000000000000
-334.575927734375 -611.818420410156 8.933952331543
-334.201324462891 -611.546936035156 8.933952331543
-334.201324462891 -611.546936035156 0.000000000000
-334.575927734375 -611.818420410156 0.000000000000
-334.644165039063 -615.699401855469 8.933952331543
-336.395782470703 -613.193542480469 8.933952331543
-336.395782470703 -613.193542480469 0.000000000000
-334.644165039063 -615.699401855469 0.000000000000
-392.593750000000 -652.437500000000 8.933952331543
-391.904815673828 -653.423095703125 8.933952331543
-391.904815673828 -653.423095703125 0.000000000000
-392.593750000000 -652.437500000000 0.000000000000
-345.928405761719 -626.803466796875 7.574209213257
-343.134674072266 -624.859985351563 7.563703536987
-343.134674072266 -624.859985351563 0.000000000000
-345.928405761719 -626.803466796875 0.000000000000
-350.289062500000 -614.187500000000 3.237907648087
-350.417205810547 -614.276428222656 3.237907648087
-350.417205810547 -614.276428222656 0.000000000000
-350.289062500000 -614.187500000000 0.000000000000
-333.101562500000 -617.906250000000 6.005362510681
-333.996856689453 -616.625427246094 6.005362510681
-333.996856689453 -616.625427246094 0.000000000000
-333.101562500000 -617.906250000000 0.000000000000
-391.904815673828 -653.423095703125 8.933952331543
-390.364898681641 -655.626037597656 8.933952331543
-390.364898681641 -655.626037597656 0.000000000000
-391.904815673828 -653.423095703125 0.000000000000
-365.280975341797 -591.319030761719 3.237907648087
-365.044677734375 -591.655639648438 3.237907648087
-365.044677734375 -591.655639648438 0.000000000000
-365.280975341797 -591.319030761719 0.000000000000
-403.189331054688 -617.693664550781 3.237907648087
-403.315338134766 -617.514160156250 3.237907648087
-403.315338134766 -617.514160156250 0.000000000000
-403.189331054688 -617.693664550781 0.000000000000
-413.679687500000 -623.500000000000 10.443535804749
-413.198272705078 -624.191833496094 10.441312789917
-413.198272705078 -624.191833496094 0.000000000000
-413.679687500000 -623.500000000000 -0.000000000000
-355.112335205078 -585.209167480469 10.467015266418
-355.237060546875 -585.028869628906 10.466059684753
-355.237060546875 -585.028869628906 0.000000000000
-355.112335205078 -585.209167480469 0.000000000000
-336.523437500000 -620.281250000000 8.933952331543
-336.151275634766 -620.022949218750 8.933952331543
-336.151275634766 -620.022949218750 0.000000000000
-336.523437500000 -620.281250000000 0.000000000000
-358.543151855469 -584.935791015625 13.011368751526
-359.724975585938 -585.763610839844 14.393480300903
-359.724975585938 -585.763610839844 -0.000000000000
-358.543151855469 -584.935791015625 0.000000000000
-389.902465820313 -656.287597656250 6.130298614502
-389.833160400391 -656.386779785156 6.139772415161
-389.833160400391 -656.386779785156 -0.000000000000
-389.902465820313 -656.287597656250 0.000000000000
-336.179687500000 -620.781250000000 8.933952331543
-336.483337402344 -620.339599609375 8.933952331543
-336.483337402344 -620.339599609375 0.000000000000
-336.179687500000 -620.781250000000 0.000000000000
-361.081542968750 -622.664794921875 3.237907648087
-360.964080810547 -622.833190917969 3.237907648087
-360.964080810547 -622.833190917969 0.000000000000
-361.081542968750 -622.664794921875 0.000000000000
-357.220886230469 -622.077941894531 3.237907648087
-358.127838134766 -620.777648925781 3.237907648087
-358.127838134766 -620.777648925781 0.000000000000
-357.220886230469 -622.077941894531 0.000000000000
-365.479248046875 -628.063110351563 3.237907648087
-366.384063720703 -626.761230468750 3.237907648087
-366.384063720703 -626.761230468750 0.000000000000
-365.479248046875 -628.063110351563 0.000000000000
-377.640686035156 -634.918945312500 3.237907648087
-377.640502929688 -634.919189453125 3.237907648087
-377.640502929688 -634.919189453125 0.000000000000
-377.640686035156 -634.918945312500 0.000000000000
-373.886444091797 -634.156127929688 3.237907648087
-374.799468994141 -632.860229492188 3.237907648087
-374.799468994141 -632.860229492188 0.000000000000
-373.886444091797 -634.156127929688 0.000000000000
-369.490539550781 -628.759094238281 3.237907648087
-369.372558593750 -628.927124023438 3.237907648087
-369.372558593750 -628.927124023438 0.000000000000
-369.490539550781 -628.759094238281 0.000000000000
-347.119842529297 -612.546203613281 10.425744056702
-347.002655029297 -612.714782714844 10.425202369690
-347.002655029297 -612.714782714844 0.000000000000
-347.119842529297 -612.546203613281 0.000000000000
-339.431274414063 -607.689025878906 10.482084274292
-339.648742675781 -607.385131835938 10.486166000366
-339.648742675781 -607.385131835938 -0.000000000000
-339.431274414063 -607.689025878906 0.000000000000
-386.019653320313 -640.738403320313 3.237907648087
-385.902465820313 -640.906982421875 3.237907648087
-385.902465820313 -640.906982421875 0.000000000000
-386.019653320313 -640.738403320313 0.000000000000
-382.285705566406 -639.937805175781 3.237907648087
-383.052917480469 -638.841796875000 3.237907648087
-383.052917480469 -638.841796875000 0.000000000000
-382.285705566406 -639.937805175781 0.000000000000
-396.384094238281 -648.249877929688 10.422251701355
-396.265960693359 -648.417785644531 10.422713279724
-396.265960693359 -648.417785644531 -0.000000000000
-396.384094238281 -648.249877929688 0.000000000000
-352.798461914063 -616.720947265625 3.237907648087
-352.708221435547 -616.849853515625 3.237907648087
-352.708221435547 -616.849853515625 0.000000000000
-352.798461914063 -616.720947265625 0.000000000000
-348.952056884766 -616.085205078125 3.237907648087
-349.865081787109 -614.789306640625 3.237907648087
-349.865081787109 -614.789306640625 0.000000000000
-348.952056884766 -616.085205078125 0.000000000000
-388.229003906250 -643.953552246094 10.422083854675
-388.860565185547 -643.050842285156 10.422140121460
-388.860565185547 -643.050842285156 0.000000000000
-388.229003906250 -643.953552246094 -0.000000000000
-353.991638183594 -632.488098144531 7.539411544800
-351.569915771484 -630.799377441406 7.533824920654
-351.569915771484 -630.799377441406 0.000000000000
-353.991638183594 -632.488098144531 0.000000000000
-358.717987060547 -620.079650878906 3.237907648087
-358.872253417969 -620.186950683594 3.237907648087
-358.872253417969 -620.186950683594 0.000000000000
-358.717987060547 -620.079650878906 0.000000000000
-354.367187500000 -632.750000000000 8.933952331543
-354.089538574219 -632.556396484375 8.933952331543
-354.089538574219 -632.556396484375 0.000000000000
-354.367187500000 -632.750000000000 0.000000000000
-358.872253417969 -620.186950683594 3.237907648087
-361.393859863281 -621.941101074219 3.237907648087
-361.393859863281 -621.941101074219 0.000000000000
-358.872253417969 -620.186950683594 0.000000000000
-351.569915771484 -630.799377441406 7.533824920654
-351.415771484375 -630.691833496094 7.533469676971
-351.415771484375 -630.691833496094 0.000000000000
-351.569915771484 -630.799377441406 0.000000000000
-358.648437500000 -620.031250000000 3.237907648087
-358.717987060547 -620.079650878906 3.237907648087
-358.717987060547 -620.079650878906 0.000000000000
-358.648437500000 -620.031250000000 0.000000000000
-355.237060546875 -585.028869628906 10.466059684753
-355.692749023438 -584.370056152344 10.462568283081
-355.692749023438 -584.370056152344 0.000000000000
-355.237060546875 -585.028869628906 0.000000000000
-365.469146728516 -591.051025390625 3.237907648087
-365.280975341797 -591.319030761719 3.237907648087
-365.280975341797 -591.319030761719 0.000000000000
-365.469146728516 -591.051025390625 0.000000000000
-412.851562500000 -625.718750000000 9.871438980103
-412.816131591797 -625.769592285156 9.871308326721
-412.816131591797 -625.769592285156 0.000000000000
-412.851562500000 -625.718750000000 0.000000000000
-404.740783691406 -620.339843750000 10.416574478149
-404.936828613281 -620.059143066406 10.416360855103
-404.936828613281 -620.059143066406 0.000000000000
-404.740783691406 -620.339843750000 0.000000000000
-388.797698974609 -656.852966308594 6.193339824677
-388.260650634766 -656.475280761719 6.167459487915
-388.260650634766 -656.475280761719 0.000000000000
-388.797698974609 -656.852966308594 0.000000000000
-412.374114990234 -622.589660644531 11.976984024048
-412.462402343750 -622.651184082031 11.873311996460
-412.462402343750 -622.651184082031 0.000000000000
-412.374114990234 -622.589660644531 0.000000000000
-394.435180664063 -653.728393554688 8.933952331543
-393.708160400391 -653.218750000000 8.933952331543
-393.708160400391 -653.218750000000 0.000000000000
-394.435180664063 -653.728393554688 0.000000000000
-396.135620117188 -649.295898437500 8.933952331543
-396.317230224609 -649.427001953125 8.933952331543
-396.317230224609 -649.427001953125 0.000000000000
-396.135620117188 -649.295898437500 0.000000000000
-397.609375000000 -647.562500000000 11.560926437378
-397.603118896484 -647.558227539063 11.560926437378
-397.603118896484 -647.558227539063 0.000000000000
-397.609375000000 -647.562500000000 0.000000000000
-406.546875000000 -633.718750000000 10.428269386292
-406.935974121094 -633.994873046875 9.968575477600
-406.935974121094 -633.994873046875 0.000000000000
-406.546875000000 -633.718750000000 -0.000000000000
-403.445312500000 -639.187500000000 9.855182647705
-403.387481689453 -639.151916503906 9.920502662659
-403.387481689453 -639.151916503906 0.000000000000
-403.445312500000 -639.187500000000 0.000000000000
-400.703125000000 -642.062500000000 11.560926437378
-401.150268554688 -642.403198242188 11.560926437378
-401.150268554688 -642.403198242188 0.000000000000
-400.703125000000 -642.062500000000 0.000000000000
-412.375000000000 -625.375000000000 10.437509536743
-412.704010009766 -625.612304687500 10.046715736389
-412.704010009766 -625.612304687500 0.000000000000
-412.375000000000 -625.375000000000 0.000000000000
-409.281250000000 -630.843750000000 11.560926437378
-409.161712646484 -630.760253906250 11.560926437378
-409.161712646484 -630.760253906250 0.000000000000
-409.281250000000 -630.843750000000 0.000000000000
-408.582824707031 -630.796081542969 10.435889244080
-408.483428955078 -630.938781738281 10.435517311096
-408.483428955078 -630.938781738281 0.000000000000
-408.582824707031 -630.796081542969 0.000000000000
-351.005004882813 -590.055297851563 11.560926437378
-351.363006591797 -589.541381835938 11.560926437378
-351.363006591797 -589.541381835938 0.000000000000
-351.005004882813 -590.055297851563 0.000000000000
-362.593750000000 -590.281250000000 10.498740196228
-359.175048828125 -595.203063964844 10.481097221375
-359.175048828125 -595.203063964844 0.000000000000
-362.593750000000 -590.281250000000 0.000000000000
-398.681060791016 -624.105651855469 3.237907648087
-398.805511474609 -623.924804687500 3.237907648087
-398.805511474609 -623.924804687500 0.000000000000
-398.681060791016 -624.105651855469 0.000000000000
-400.848632812500 -642.932983398438 11.560926437378
-397.877288818359 -647.179626464844 11.560926437378
-397.877288818359 -647.179626464844 0.000000000000
-400.848632812500 -642.932983398438 0.000000000000
-383.637115478516 -638.007263183594 3.237907648087
-383.850677490234 -637.702148437500 3.237907648087
-383.850677490234 -637.702148437500 0.000000000000
-383.637115478516 -638.007263183594 0.000000000000
-383.960144042969 -637.711059570313 3.237907648087
-385.946563720703 -639.118286132813 3.237907648087
-385.946563720703 -639.118286132813 0.000000000000
-383.960144042969 -637.711059570313 0.000000000000
-375.386199951172 -632.027465820313 3.237907648087
-375.407440185547 -631.997314453125 3.237907648087
-375.407440185547 -631.997314453125 0.000000000000
-375.386199951172 -632.027465820313 0.000000000000
-378.390625000000 -633.843750000000 3.237907648087
-378.310424804688 -633.958740234375 3.237907648087
-378.310424804688 -633.958740234375 0.000000000000
-378.390625000000 -633.843750000000 0.000000000000
-358.245300292969 -620.609252929688 3.237907648087
-358.343902587891 -620.467834472656 3.237907648087
-358.343902587891 -620.467834472656 0.000000000000
-358.245300292969 -620.609252929688 0.000000000000
-366.501251220703 -626.592651367188 3.237907648087
-366.791168212891 -626.175476074219 3.237907648087
-366.791168212891 -626.175476074219 0.000000000000
-366.501251220703 -626.592651367188 0.000000000000
-369.957885742188 -628.093383789063 3.237907648087
-369.852294921875 -628.243774414063 3.237907648087
-369.852294921875 -628.243774414063 0.000000000000
-369.957885742188 -628.093383789063 0.000000000000
-347.002655029297 -612.714782714844 10.425202369690
-346.960052490234 -612.776062011719 10.425004959106
-346.960052490234 -612.776062011719 -0.000000000000
-347.002655029297 -612.714782714844 0.000000000000
-338.726348876953 -608.674255371094 10.468852043152
-339.431274414063 -607.689025878906 10.482084274292
-339.431274414063 -607.689025878906 0.000000000000
-338.726348876953 -608.674255371094 0.000000000000
-352.825988769531 -616.681640625000 3.237907648087
-352.798461914063 -616.720947265625 3.237907648087
-352.798461914063 -616.720947265625 0.000000000000
-352.825988769531 -616.681640625000 0.000000000000
-349.865081787109 -614.789306640625 3.237907648087
-349.889129638672 -614.755187988281 3.237907648087
-349.889129638672 -614.755187988281 0.000000000000
-349.865081787109 -614.789306640625 0.000000000000
-361.523437500000 -622.031250000000 3.237907648087
-361.246124267578 -622.428833007813 3.237907648087
-361.246124267578 -622.428833007813 0.000000000000
-361.523437500000 -622.031250000000 0.000000000000
-389.444580078125 -642.216125488281 10.422192573547
-389.793395996094 -641.717529296875 10.422223091125
-389.793395996094 -641.717529296875 0.000000000000
-389.444580078125 -642.216125488281 0.000000000000
-354.089538574219 -632.556396484375 7.539637565613
-353.991638183594 -632.488098144531 7.539411544800
-353.991638183594 -632.488098144531 0.000000000000
-354.089538574219 -632.556396484375 0.000000000000
-361.393859863281 -621.941101074219 3.237907648087
-361.490234375000 -622.008178710938 3.237907648087
-361.490234375000 -622.008178710938 0.000000000000
-361.393859863281 -621.941101074219 0.000000000000
-407.031250000000 -634.062500000000 9.856031417847
-407.014892578125 -634.085876464844 9.856027603149
-407.014892578125 -634.085876464844 0.000000000000
-407.031250000000 -634.062500000000 0.000000000000
-395.478851318359 -633.577514648438 10.415285110474
-399.130371093750 -628.371704101563 10.423022270203
-399.130371093750 -628.371704101563 0.000000000000
-395.478851318359 -633.577514648438 0.000000000000
-360.432708740234 -598.262207031250 3.237907648087
-359.473266601563 -599.630676269531 3.237907648087
-359.473266601563 -599.630676269531 0.000000000000
-360.432708740234 -598.262207031250 0.000000000000
-349.238830566406 -593.638427734375 10.477684020996
-349.893127441406 -592.687561035156 10.469978332520
-349.893127441406 -592.687561035156 0.000000000000
-349.238830566406 -593.638427734375 0.000000000000
-407.190429687500 -632.794921875000 10.430677413940
-407.053344726563 -632.991699218750 10.430164337158
-407.053344726563 -632.991699218750 0.000000000000
-407.190429687500 -632.794921875000 0.000000000000
-356.728240966797 -598.698852539063 10.483263015747
-356.591430664063 -598.895751953125 10.482557296753
-356.591430664063 -598.895751953125 -0.000000000000
-356.728240966797 -598.698852539063 0.000000000000
-345.164062500000 -598.406250000000 11.560926437378
-348.599731445313 -593.495971679688 11.560926437378
-348.599731445313 -593.495971679688 0.000000000000
-345.164062500000 -598.406250000000 0.000000000000
-396.882812500000 -626.718750000000 3.237907648087
-397.164215087891 -626.309814453125 3.237907648087
-397.164215087891 -626.309814453125 0.000000000000
-396.882812500000 -626.718750000000 0.000000000000
-407.014892578125 -634.085876464844 11.560926437378
-403.553283691406 -639.033203125000 11.560926437378
-403.553283691406 -639.033203125000 0.000000000000
-407.014892578125 -634.085876464844 0.000000000000
-395.335937500000 -633.781250000000 10.414981842041
-395.478851318359 -633.577514648438 10.415285110474
-395.478851318359 -633.577514648438 0.000000000000
-395.335937500000 -633.781250000000 0.000000000000
-343.721710205078 -601.530883789063 10.473805427551
-345.101806640625 -599.538940429688 10.465112686157
-345.101806640625 -599.538940429688 0.000000000000
-343.721710205078 -601.530883789063 0.000000000000
-355.142059326172 -605.848327636719 3.237907648087
-354.916381835938 -606.170471191406 3.237907648087
-354.916381835938 -606.170471191406 0.000000000000
-355.142059326172 -605.848327636719 0.000000000000
-359.343750000000 -625.156250000000 9.000535011292
-364.769958496094 -628.959228515625 9.003254890442
-364.769958496094 -628.959228515625 0.000000000000
-359.343750000000 -625.156250000000 0.000000000000
-359.164062500000 -636.812500000000 6.932146072388
-359.155212402344 -636.806335449219 6.932100772858
-359.155212402344 -636.806335449219 0.000000000000
-359.164062500000 -636.812500000000 0.000000000000
-360.479675292969 -637.026062011719 7.542630672455
-360.145355224609 -636.791381835938 7.543227195740
-360.145355224609 -636.791381835938 0.000000000000
-360.479675292969 -637.026062011719 0.000000000000
-367.000000000000 -625.875000000000 3.237907648087
-367.442749023438 -626.186157226563 3.237907648087
-367.442749023438 -626.186157226563 0.000000000000
-367.000000000000 -625.875000000000 0.000000000000
-362.702056884766 -638.586364746094 7.538661956787
-361.987030029297 -638.084350585938 7.539938926697
-361.987030029297 -638.084350585938 0.000000000000
-362.702056884766 -638.586364746094 0.000000000000
-367.970428466797 -626.557067871094 3.237907648087
-369.283752441406 -627.480102539063 3.237907648087
-369.283752441406 -627.480102539063 0.000000000000
-367.970428466797 -626.557067871094 0.000000000000
-346.097778320313 -614.016601562500 10.421021461487
-345.778839111328 -614.475463867188 10.419548034668
-345.778839111328 -614.475463867188 0.000000000000
-346.097778320313 -614.016601562500 -0.000000000000
-360.057128906250 -624.133483886719 6.005362510681
-359.737426757813 -624.591796875000 6.005362510681
-359.737426757813 -624.591796875000 0.000000000000
-360.057128906250 -624.133483886719 0.000000000000
-351.799102783203 -618.148559570313 6.005362510681
-351.478668212891 -618.606384277344 6.005362510681
-351.478668212891 -618.606384277344 0.000000000000
-351.799102783203 -618.148559570313 0.000000000000
-396.785919189453 -651.298339843750 8.933952331543
-396.718933105469 -651.393737792969 8.933952331543
-396.718933105469 -651.393737792969 0.000000000000
-396.785919189453 -651.298339843750 0.000000000000
-356.782745361328 -622.706054687500 6.005362510681
-356.901184082031 -622.536254882813 6.005362510681
-356.901184082031 -622.536254882813 0.000000000000
-356.782745361328 -622.706054687500 0.000000000000
-381.718994140625 -640.747436523438 8.933952331543
-381.823364257813 -640.598327636719 8.743164062500
-381.823364257813 -640.598327636719 0.000000000000
-381.718994140625 -640.747436523438 0.000000000000
-387.593841552734 -644.861450195313 8.933952331543
-387.631439208984 -644.807678222656 8.933952331543
-387.631439208984 -644.807678222656 0.000000000000
-387.593841552734 -644.861450195313 0.000000000000
-373.364471435547 -634.897033691406 8.933952331543
-373.564636230469 -634.612915039063 8.569644927979
-373.564636230469 -634.612915039063 0.000000000000
-373.364471435547 -634.897033691406 0.000000000000
-364.865875244141 -628.945678710938 8.933952331543
-365.160339355469 -628.521972656250 8.393067359924
-365.160339355469 -628.521972656250 0.000000000000
-364.865875244141 -628.945678710938 0.000000000000
-336.119049072266 -608.744140625000 8.933952331543
-336.706268310547 -607.900268554688 8.933952331543
-336.706268310547 -607.900268554688 0.000000000000
-336.119049072266 -608.744140625000 0.000000000000
-384.997650146484 -642.208862304688 6.005362510681
-384.678741455078 -642.667724609375 6.005362510681
-384.678741455078 -642.667724609375 0.000000000000
-384.997650146484 -642.208862304688 0.000000000000
-376.733520507813 -636.219543457031 3.237907648087
-376.413848876953 -636.677856445313 3.237907648087
-376.413848876953 -636.677856445313 0.000000000000
-376.733520507813 -636.219543457031 0.000000000000
-368.160491943359 -630.653686523438 3.237907648087
-368.140655517578 -630.681945800781 3.237907648087
-368.140655517578 -630.681945800781 0.000000000000
-368.160491943359 -630.653686523438 0.000000000000
-348.317260742188 -616.986145019531 6.005362510681
-348.630218505859 -616.541992187500 6.005362510681
-348.630218505859 -616.541992187500 0.000000000000
-348.317260742188 -616.986145019531 0.000000000000
-362.890625000000 -638.718750000000 8.933952331543
-362.702056884766 -638.586364746094 8.933952331543
-362.702056884766 -638.586364746094 0.000000000000
-362.890625000000 -638.718750000000 0.000000000000
-367.851562500000 -631.093750000000 8.983126640320
-367.855682373047 -631.096618652344 8.983128547668
-367.855682373047 -631.096618652344 0.000000000000
-367.851562500000 -631.093750000000 0.000000000000
-369.283752441406 -627.480102539063 3.237907648087
-369.998535156250 -627.982482910156 3.237907648087
-369.998535156250 -627.982482910156 0.000000000000
-369.283752441406 -627.480102539063 0.000000000000
-368.284271240234 -630.477355957031 3.237907648087
-368.160491943359 -630.653686523438 3.237907648087
-368.160491943359 -630.653686523438 0.000000000000
-368.284271240234 -630.477355957031 0.000000000000
-408.789062500000 -630.500000000000 11.560926437378
-408.582824707031 -630.796081542969 11.560926437378
-408.582824707031 -630.796081542969 0.000000000000
-408.789062500000 -630.500000000000 0.000000000000
-361.054687500000 -597.375000000000 3.237907648087
-360.432708740234 -598.262207031250 3.237907648087
-360.432708740234 -598.262207031250 0.000000000000
-361.054687500000 -597.375000000000 0.000000000000
-349.893127441406 -592.687561035156 10.469978332520
-350.619628906250 -591.631713867188 10.461421966553
-350.619628906250 -591.631713867188 0.000000000000
-349.893127441406 -592.687561035156 0.000000000000
-398.628051757813 -624.182739257813 3.237907648087
-398.681060791016 -624.105651855469 3.237907648087
-398.681060791016 -624.105651855469 0.000000000000
-398.628051757813 -624.182739257813 0.000000000000
-399.610046386719 -624.327026367188 3.237907648087
-399.944549560547 -624.563659667969 3.237907648087
-399.944549560547 -624.563659667969 0.000000000000
-399.610046386719 -624.327026367188 0.000000000000
-404.793731689453 -619.825134277344 3.237907648087
-403.719665527344 -619.077331542969 3.237907648087
-403.719665527344 -619.077331542969 0.000000000000
-404.793731689453 -619.825134277344 0.000000000000
-398.870849609375 -628.102905273438 3.237907648087
-397.950225830078 -627.461914062500 3.237907648087
-397.950225830078 -627.461914062500 0.000000000000
-398.870849609375 -628.102905273438 0.000000000000
-392.924285888672 -636.413757324219 6.005362510681
-392.160888671875 -635.875549316406 6.005362510681
-392.160888671875 -635.875549316406 0.000000000000
-392.924285888672 -636.413757324219 0.000000000000
-393.244018554688 -632.329711914063 3.237907648087
-394.162292480469 -632.966918945313 3.237907648087
-394.162292480469 -632.966918945313 0.000000000000
-393.244018554688 -632.329711914063 0.000000000000
-381.463165283203 -652.431701660156 8.933952331543
-380.995697021484 -652.101745605469 8.933952331543
-380.995697021484 -652.101745605469 0.000000000000
-381.463165283203 -652.431701660156 0.000000000000
-404.104583740234 -617.151123046875 3.237907648087
-404.746582031250 -617.584899902344 3.237907648087
-404.746582031250 -617.584899902344 0.000000000000
-404.104583740234 -617.151123046875 0.000000000000
-386.342010498047 -644.049987792969 8.989927291870
-386.472900390625 -644.141845703125 8.990073204041
-386.472900390625 -644.141845703125 0.000000000000
-386.342010498047 -644.049987792969 0.000000000000
-375.515625000000 -631.843750000000 3.237907648087
-375.550079345703 -631.867736816406 3.237907648087
-375.550079345703 -631.867736816406 0.000000000000
-375.515625000000 -631.843750000000 0.000000000000
-370.865142822266 -644.290954589844 7.546985149384
-368.090728759766 -642.292846679688 7.595316886902
-368.090728759766 -642.292846679688 0.000000000000
-370.865142822266 -644.290954589844 0.000000000000
-401.416290283203 -641.045166015625 10.430498123169
-400.863922119141 -641.833129882813 10.431166648865
-400.863922119141 -641.833129882813 0.000000000000
-401.416290283203 -641.045166015625 -0.000000000000
-353.273193359375 -608.516052246094 3.237907648087
-353.240844726563 -608.562194824219 3.237907648087
-353.240844726563 -608.562194824219 0.000000000000
-353.273193359375 -608.516052246094 0.000000000000
-391.007812500000 -635.062500000000 3.237907648087
-391.062286376953 -634.985412597656 3.237907648087
-391.062286376953 -634.985412597656 0.000000000000
-391.007812500000 -635.062500000000 0.000000000000
-343.470886230469 -601.892822265625 10.475385665894
-343.543823242188 -601.787597656250 10.474925994873
-343.543823242188 -601.787597656250 0.000000000000
-343.470886230469 -601.892822265625 0.000000000000
-389.273437500000 -657.187500000000 6.216265678406
-388.797698974609 -656.852966308594 6.193339824677
-388.797698974609 -656.852966308594 0.000000000000
-389.273437500000 -657.187500000000 0.000000000000
-411.493469238281 -621.975585937500 13.011368751526
-412.374114990234 -622.589660644531 11.976984024048
-412.374114990234 -622.589660644531 0.000000000000
-411.493469238281 -621.975585937500 0.000000000000
-375.550079345703 -631.867736816406 3.237907648087
-378.357025146484 -633.820373535156 3.237907648087
-378.357025146484 -633.820373535156 0.000000000000
-375.550079345703 -631.867736816406 0.000000000000
-371.083587646484 -644.448303222656 7.543179512024
-370.865142822266 -644.290954589844 7.546985149384
-370.865142822266 -644.290954589844 0.000000000000
-371.083587646484 -644.448303222656 0.000000000000
-383.882812500000 -637.656250000000 3.237907648087
-383.960144042969 -637.711059570313 3.237907648087
-383.960144042969 -637.711059570313 0.000000000000
-383.882812500000 -637.656250000000 0.000000000000
-379.444946289063 -650.295532226563 7.548175811768
-376.657104492188 -648.324462890625 7.565047264099
-376.657104492188 -648.324462890625 0.000000000000
-379.444946289063 -650.295532226563 0.000000000000
-385.946563720703 -639.118286132813 3.237907648087
-386.746154785156 -639.684753417969 3.237907648087
-386.746154785156 -639.684753417969 0.000000000000
-385.946563720703 -639.118286132813 0.000000000000
-386.483886718750 -640.070373535156 3.237907648087
-386.174926757813 -640.514953613281 3.237907648087
-386.174926757813 -640.514953613281 0.000000000000
-386.483886718750 -640.070373535156 0.000000000000
-379.601562500000 -650.406250000000 8.933952331543
-379.444946289063 -650.295532226563 8.933952331543
-379.444946289063 -650.295532226563 0.000000000000
-379.601562500000 -650.406250000000 0.000000000000
-384.578125000000 -642.812500000000 8.987958908081
-384.588836669922 -642.820007324219 8.987970352173
-384.588836669922 -642.820007324219 0.000000000000
-384.578125000000 -642.812500000000 0.000000000000
-404.861480712891 -619.872314453125 10.254172325134
-404.793731689453 -619.825134277344 10.174862861633
-404.793731689453 -619.825134277344 0.000000000000
-404.861480712891 -619.872314453125 -0.000000000000
-399.081298828125 -628.249450683594 10.317107200623
-398.870849609375 -628.102905273438 10.070765495300
-398.870849609375 -628.102905273438 0.000000000000
-399.081298828125 -628.249450683594 -0.000000000000
-399.944549560547 -624.563659667969 3.237907648087
-400.912994384766 -625.248840332031 3.237907648087
-400.912994384766 -625.248840332031 0.000000000000
-399.944549560547 -624.563659667969 0.000000000000
-394.162292480469 -632.966918945313 6.005362510681
-394.983093261719 -633.536437988281 6.005362510681
-394.983093261719 -633.536437988281 0.000000000000
-394.162292480469 -632.966918945313 0.000000000000
-381.672668457031 -652.579589843750 8.933952331543
-381.463165283203 -652.431701660156 8.933952331543
-381.463165283203 -652.431701660156 0.000000000000
-381.672668457031 -652.579589843750 0.000000000000
-404.746582031250 -617.584899902344 3.237907648087
-405.858886718750 -618.336486816406 3.237907648087
-405.858886718750 -618.336486816406 0.000000000000
-404.746582031250 -617.584899902344 0.000000000000
-386.472900390625 -644.141845703125 8.990073204041
-387.086639404297 -644.572387695313 8.990758895874
-387.086639404297 -644.572387695313 0.000000000000
-386.472900390625 -644.141845703125 0.000000000000
-393.133850097656 -636.561523437500 6.005362510681
-392.924285888672 -636.413757324219 6.005362510681
-392.924285888672 -636.413757324219 0.000000000000
-393.133850097656 -636.561523437500 0.000000000000
-378.357025146484 -633.820373535156 3.237907648087
-378.383789062500 -633.838989257813 3.237907648087
-378.383789062500 -633.838989257813 0.000000000000
-378.357025146484 -633.820373535156 0.000000000000
-377.757934570313 -634.750793457031 3.237907648087
-377.640686035156 -634.918945312500 3.237907648087
-377.640686035156 -634.918945312500 0.000000000000
-377.757934570313 -634.750793457031 0.000000000000
-371.242187500000 -644.562500000000 8.933952331543
-371.083587646484 -644.448303222656 8.933952331543
-371.083587646484 -644.448303222656 0.000000000000
-371.242187500000 -644.562500000000 0.000000000000
-376.210937500000 -636.968750000000 9.001308441162
-376.223968505859 -636.977844238281 9.001251220703
-376.223968505859 -636.977844238281 0.000000000000
-376.210937500000 -636.968750000000 0.000000000000
-347.584106445313 -611.878234863281 10.427888870239
-347.119842529297 -612.546203613281 10.425744056702
-347.119842529297 -612.546203613281 0.000000000000
-347.584106445313 -611.878234863281 0.000000000000
-339.648742675781 -607.385131835938 10.486166000366
-339.768188476563 -607.218139648438 10.488409042358
-339.768188476563 -607.218139648438 0.000000000000
-339.648742675781 -607.385131835938 -0.000000000000
-358.127838134766 -620.777648925781 3.237907648087
-358.245300292969 -620.609252929688 3.237907648087
-358.245300292969 -620.609252929688 0.000000000000
-358.127838134766 -620.777648925781 0.000000000000
-366.384063720703 -626.761230468750 3.237907648087
-366.501251220703 -626.592651367188 3.237907648087
-366.501251220703 -626.592651367188 0.000000000000
-366.384063720703 -626.761230468750 0.000000000000
-361.246124267578 -622.428833007813 3.237907648087
-361.081542968750 -622.664794921875 3.237907648087
-361.081542968750 -622.664794921875 0.000000000000
-361.246124267578 -622.428833007813 0.000000000000
-396.852050781250 -647.584594726563 10.420421600342
-396.384094238281 -648.249877929688 10.422251701355
-396.384094238281 -648.249877929688 0.000000000000
-396.852050781250 -647.584594726563 0.000000000000
-374.799468994141 -632.860229492188 3.237907648087
-374.917724609375 -632.692382812500 3.237907648087
-374.917724609375 -632.692382812500 0.000000000000
-374.799468994141 -632.860229492188 0.000000000000
-369.852294921875 -628.243774414063 3.237907648087
-369.490539550781 -628.759094238281 3.237907648087
-369.490539550781 -628.759094238281 0.000000000000
-369.852294921875 -628.243774414063 0.000000000000
-383.052917480469 -638.841796875000 3.237907648087
-383.170654296875 -638.673583984375 3.237907648087
-383.170654296875 -638.673583984375 0.000000000000
-383.052917480469 -638.841796875000 0.000000000000
-353.171875000000 -616.187500000000 3.237907648087
-352.825988769531 -616.681640625000 3.237907648087
-352.825988769531 -616.681640625000 0.000000000000
-353.171875000000 -616.187500000000 0.000000000000
-349.889129638672 -614.755187988281 3.237907648087
-349.983306884766 -614.621459960938 3.237907648087
-349.983306884766 -614.621459960938 0.000000000000
-349.889129638672 -614.755187988281 0.000000000000
-388.860565185547 -643.050842285156 10.422140121460
-388.978271484375 -642.882629394531 10.422150611877
-388.978271484375 -642.882629394531 0.000000000000
-388.860565185547 -643.050842285156 0.000000000000
-386.174926757813 -640.514953613281 3.237907648087
-386.019653320313 -640.738403320313 3.237907648087
-386.019653320313 -640.738403320313 0.000000000000
-386.174926757813 -640.514953613281 0.000000000000
-378.223297119141 -634.083618164063 3.237907648087
-377.757934570313 -634.750793457031 3.237907648087
-377.757934570313 -634.750793457031 0.000000000000
-378.223297119141 -634.083618164063 0.000000000000
-388.260650634766 -656.475280761719 6.167459487915
-386.102905273438 -654.958007812500 6.063477516174
-386.102905273438 -654.958007812500 0.000000000000
-388.260650634766 -656.475280761719 0.000000000000
-409.949768066406 -620.899169921875 14.824522018433
-410.298553466797 -621.142395019531 14.414846420288
-410.298553466797 -621.142395019531 0.000000000000
-409.949768066406 -620.899169921875 0.000000000000
-397.066802978516 -649.968383789063 8.933952331543
-397.473052978516 -650.261779785156 8.933952331543
-397.473052978516 -650.261779785156 0.000000000000
-397.066802978516 -649.968383789063 0.000000000000
-394.867187500000 -654.031250000000 8.933952331543
-394.866271972656 -654.030639648438 8.933952331543
-394.866271972656 -654.030639648438 0.000000000000
-394.867187500000 -654.031250000000 0.000000000000
-333.996856689453 -616.625427246094 8.933952331543
-334.644165039063 -615.699401855469 8.933952331543
-334.644165039063 -615.699401855469 0.000000000000
-333.996856689453 -616.625427246094 0.000000000000
-390.364898681641 -655.626037597656 8.933952331543
-390.153167724609 -655.928955078125 8.933952331543
-390.153167724609 -655.928955078125 0.000000000000
-390.364898681641 -655.626037597656 0.000000000000
-334.179687500000 -611.531250000000 0.000000000000
-336.421875000000 -613.156250000000 0.000000000000
-333.101562500000 -617.906250000000 0.000000000000
-336.523437500000 -620.281250000000 0.000000000000
-336.179687500000 -620.781250000000 0.000000000000
-342.437500000000 -625.125000000000 0.000000000000
-342.796875000000 -624.625000000000 0.000000000000
-346.031250000000 -626.875000000000 0.000000000000
-345.656250000000 -627.406250000000 0.000000000000
-350.796875000000 -631.000000000000 0.000000000000
-351.140625000000 -630.500000000000 0.000000000000
-354.367187500000 -632.750000000000 0.000000000000
-354.031250000000 -633.250000000000 0.000000000000
-359.164062500000 -636.812500000000 0.000000000000
-359.507812500000 -636.343750000000 0.000000000000
-362.890625000000 -638.718750000000 0.000000000000
-362.539062500000 -639.218750000000 0.000000000000
-367.664062500000 -642.781250000000 0.000000000000
-368.031250000000 -642.250000000000 0.000000000000
-371.242187500000 -644.562500000000 0.000000000000
-370.898437500000 -645.031250000000 0.000000000000
-376.023437500000 -648.625000000000 0.000000000000
-376.375000000000 -648.125000000000 0.000000000000
-379.601562500000 -650.406250000000 0.000000000000
-379.257812500000 -650.875000000000 0.000000000000
-385.500000000000 -655.281250000000 0.000000000000
-385.851562500000 -654.781250000000 0.000000000000
-389.273437500000 -657.187500000000 0.000000000000
-392.593750000000 -652.437500000000 0.000000000000
-394.867187500000 -654.031250000000 0.000000000000
-397.500000000000 -650.281250000000 0.000000000000
-395.812500000000 -649.062500000000 0.000000000000
-397.109375000000 -647.218750000000 0.000000000000
-397.609375000000 -647.562500000000 0.000000000000
-401.195312500000 -642.437500000000 0.000000000000
-400.703125000000 -642.062500000000 0.000000000000
-402.937500000000 -638.875000000000 0.000000000000
-403.445312500000 -639.187500000000 0.000000000000
-407.031250000000 -634.062500000000 0.000000000000
-406.546875000000 -633.718750000000 0.000000000000
-408.789062500000 -630.500000000000 0.000000000000
-409.281250000000 -630.843750000000 0.000000000000
-412.851562500000 -625.718750000000 0.000000000000
-412.375000000000 -625.375000000000 0.000000000000
-413.679687500000 -623.500000000000 0.000000000000
-406.195312500000 -618.281250000000 0.000000000000
-406.054687500000 -618.468750000000 0.000000000000
-403.742187500000 -616.906250000000 0.000000000000
-402.710937500000 -618.375000000000 0.000000000000
-405.000000000000 -619.968750000000 0.000000000000
-401.179687500000 -625.437500000000 0.000000000000
-398.882812500000 -623.812500000000 0.000000000000
-396.882812500000 -626.718750000000 0.000000000000
-399.171875000000 -628.312500000000 0.000000000000
-395.335937500000 -633.781250000000 0.000000000000
-393.039062500000 -632.187500000000 0.000000000000
-391.007812500000 -635.062500000000 0.000000000000
-393.312500000000 -636.687500000000 0.000000000000
-387.562500000000 -644.906250000000 0.000000000000
-384.578125000000 -642.812500000000 0.000000000000
-386.750000000000 -639.687500000000 0.000000000000
-383.882812500000 -637.656250000000 0.000000000000
-381.695312500000 -640.781250000000 0.000000000000
-376.210937500000 -636.968750000000 0.000000000000
-378.390625000000 -633.843750000000 0.000000000000
-375.515625000000 -631.843750000000 0.000000000000
-373.335937500000 -634.937500000000 0.000000000000
-367.851562500000 -631.093750000000 0.000000000000
-370.023437500000 -628.000000000000 0.000000000000
-367.000000000000 -625.875000000000 0.000000000000
-364.828125000000 -629.000000000000 0.000000000000
-359.343750000000 -625.156250000000 0.000000000000
-361.523437500000 -622.031250000000 0.000000000000
-358.648437500000 -620.031250000000 0.000000000000
-356.468750000000 -623.156250000000 0.000000000000
-350.984375000000 -619.312500000000 0.000000000000
-353.171875000000 -616.187500000000 0.000000000000
-350.289062500000 -614.187500000000 0.000000000000
-348.109375000000 -617.281250000000 0.000000000000
-345.218750000000 -615.281250000000 0.000000000000
-350.953125000000 -607.031250000000 0.000000000000
-353.218750000000 -608.593750000000 0.000000000000
-355.210937500000 -605.750000000000 0.000000000000
-352.937500000000 -604.156250000000 0.000000000000
-356.757812500000 -598.656250000000 0.000000000000
-359.039062500000 -600.250000000000 0.000000000000
-361.054687500000 -597.375000000000 0.000000000000
-358.773437500000 -595.781250000000 0.000000000000
-362.593750000000 -590.281250000000 0.000000000000
-364.890625000000 -591.875000000000 0.000000000000
-365.921875000000 -590.406250000000 0.000000000000
-363.625000000000 -588.781250000000 0.000000000000
-363.765625000000 -588.593750000000 0.000000000000
-356.359375000000 -583.406250000000 0.000000000000
-355.062500000000 -585.281250000000 0.000000000000
-354.570312500000 -584.937500000000 0.000000000000
-351.000000000000 -590.062500000000 0.000000000000
-351.484375000000 -590.375000000000 0.000000000000
-349.226562500000 -593.656250000000 0.000000000000
-348.750000000000 -593.281250000000 0.000000000000
-345.164062500000 -598.406250000000 0.000000000000
-345.648437500000 -598.750000000000 0.000000000000
-343.375000000000 -602.031250000000 0.000000000000
-342.914062500000 -601.656250000000 0.000000000000
-339.328125000000 -606.781250000000 0.000000000000
-339.812500000000 -607.156250000000 0.000000000000
-338.515625000000 -608.968750000000 0.000000000000
-336.789062500000 -607.781250000000 0.000000000000
3 2114 385 2113
3 1827 518 754
3 1827 754 1826
3 1091 990 991
3 1091 991 1090
3 406 213 405
3 1428 1201 1202
3 1428 1202 1427
3 1261 361 1260
3 1962 124 586
3 1962 586 1967
3 612 132 590
3 1134 226 287
3 1134 287 1147
3 614 138 609
3 615 140 605
3 616 142 606
3 617 144 591
3 618 146 594
3 619 148 607
3 620 150 608
3 621 152 595
3 622 158 596
3 623 160 603
3 1116 990 1091
3 1116 394 987
3 1116 987 990
3 1624 353 178
3 1624 178 1653
3 1426 1200 1201
3 1426 1201 1428
3 1812 516 527
3 1812 527 1857
3 654 182 200
3 654 200 639
3 568 1524 1914
3 1914 1524 1549
3 1914 1549 1930
3 753 252 255
3 753 255 761
3 2337 218 2365
3 2337 1180 1198
3 2337 1198 218
3 639 200 329
3 639 329 624
3 331 222 330
3 461 260 460
3 463 263 462
3 465 402 464
3 467 266 466
3 2115 1338 500
3 2115 500 2108
3 360 184 358
3 775 423 468
3 775 468 774
3 2116 201 337
3 2116 337 2112
3 1976 203 338
3 1976 338 1975
3 1764 205 340
3 1764 340 1748
3 1157 479 593
3 1157 593 1155
3 1158 480 481
3 1158 481 1159
3 1811 509 510
3 1811 510 1810
3 1122 191 226
3 1122 226 1134
3 1028 135 228
3 1028 228 1031
3 1502 238 271
3 1502 271 1501
3 704 239 273
3 704 273 703
3 706 240 275
3 706 275 705
3 804 776 777
3 804 777 803
3 1520 156 232
3 1520 232 1525
3 1064 342 181
3 1064 181 1068
3 1805 492 516
3 1805 516 1812
3 2324 1793 234
3 2324 234 2323
3 708 129 237
3 708 237 700
3 2321 716 235
3 2321 235 2325
3 1834 1118 518
3 1834 518 1827
3 1237 190 131
3 1237 131 1271
3 1121 255 252
3 1121 252 1119
3 1968 223 1943
3 2365 218 2364
3 1085 794 431
3 1085 431 1087
3 2061 270 2063
3 2171 1176 2170
3 696 279 714
3 697 281 695
3 698 283 715
3 459 288 253
3 459 253 474
3 291 254 292
3 791 430 432
3 791 432 795
3 287 368 1147
3 368 1142 1147
3 368 366 1142
3 296 388 385
3 296 385 2121
3 2121 385 2114
3 1027 310 372
3 1027 372 1026
3 800 765 766
3 800 766 799
3 1519 314 374
3 1519 374 1518
3 1238 316 190
3 1238 190 1237
3 1029 317 135
3 1029 135 1028
3 801 767 765
3 801 765 800
3 1521 323 156
3 1521 156 1520
3 327 188 328
3 188 1151 328
3 188 1150 1151
3 1401 332 378
3 1401 378 1400
3 334 220 335
3 1975 338 380
3 1975 380 1974
3 1748 340 382
3 1748 382 1747
3 1152 343 302
3 1152 302 1149
3 1590 346 186
3 1590 186 1589
3 1153 328 1151
3 987 394 986
3 1425 1199 1200
3 1425 1200 1426
3 1623 309 357
3 1623 357 1625
3 1124 360 1123
3 1123 360 358
3 1124 268 360
3 770 415 416
3 770 416 769
3 2281 363 2277
3 772 421 422
3 772 422 771
3 368 199 366
3 931 290 930
3 2279 370 2278
3 1026 372 319
3 1026 319 1030
3 1518 374 400
3 1518 400 1522
3 2065 162 376
3 2065 376 2064
3 1400 378 294
3 1400 294 1424
3 1974 380 298
3 1974 298 1973
3 1747 382 300
3 1747 300 1746
3 371 303 384
3 2113 385 325
3 2113 325 2111
3 388 349 325
3 388 325 385
3 1023 981 983
3 1023 983 1024
3 803 777 767
3 803 767 801
3 1089 986 1117
3 1089 985 986
3 1117 986 394
3 1545 397 410
3 1545 410 1531
3 1532 411 398
3 1532 398 1546
3 1522 400 323
3 1522 323 1521
3 464 402 264
3 464 264 473
3 1653 405 1654
3 1653 178 406
3 1653 406 405
3 1117 394 1116
3 893 839 868
3 893 868 927
3 1247 769 416
3 1247 416 1270
3 795 432 421
3 795 421 772
3 415 219 409
3 415 409 416
3 2312 417 364
3 2312 364 2320
3 419 245 367
3 419 367 420
3 421 412 256
3 421 256 422
3 468 423 269
3 468 269 471
3 425 277 426
3 682 427 286
3 682 286 693
3 429 48 293
3 429 293 430
3 1087 431 362
3 1087 362 1086
3 1480 426 277
3 1480 277 1492
3 420 367 286
3 420 286 427
3 430 293 369
3 430 369 432
3 788 85 558
3 788 558 773
3 867 74 866
3 1270 416 409
3 1270 409 1269
3 432 369 412
3 432 412 421
3 1162 1139 484
3 1162 484 1168
3 1170 485 486
3 1170 486 1169
3 884 438 589
3 884 589 870
3 1168 484 487
3 1168 487 1171
3 1172 488 485
3 1172 485 1170
3 1115 1021 1016
3 1115 1016 1114
3 1442 1208 1204
3 1442 1204 1444
3 1629 446 889
3 1629 889 1640
3 791 47 430
3 791 792 47
3 792 448 47
3 47 429 430
3 41 489 483
3 1163 1160 41
3 1160 173 41
3 1163 41 483
3 1189 879 453
3 1189 453 1192
3 2344 1188 1195
3 2344 1195 2354
3 891 454 452
3 891 452 878
3 1856 522 1161
3 1856 1161 1852
3 460 261 247
3 460 247 461
3 462 248 262
3 462 262 463
3 464 403 249
3 464 249 465
3 466 267 250
3 466 250 467
3 774 468 424
3 774 424 793
3 1855 519 938
3 1855 938 1829
3 471 64 424
3 471 424 468
3 752 533 82
3 752 82 751
3 474 289 459
3 936 930 290
3 936 475 476
3 936 290 475
3 2339 1181 1182
3 2339 1182 2338
3 473 265 403
3 473 403 464
3 1125 433 871
3 1125 871 1138
3 874 436 435
3 874 435 873
3 871 433 439
3 871 439 875
3 877 441 436
3 877 436 874
3 878 452 434
3 878 434 872
3 2341 453 879
3 2341 879 2340
3 599 482 123
3 599 123 598
3 2295 779 805
3 2295 805 2294
3 808 780 781
3 808 781 807
3 1156 498 173
3 1156 173 1160
3 1744 735 505
3 1744 505 1754
3 1971 737 507
3 1971 507 1977
3 1815 511 1417
3 1815 1417 1814
3 2118 1817 165
3 2118 165 2117
3 796 763 782
3 796 782 809
3 754 518 252
3 754 252 753
3 731 197 740
3 1819 194 641
3 1819 641 1818
3 1661 1034 1035
3 1661 1035 1660
3 938 519 469
3 938 469 937
3 811 783 784
3 811 784 810
3 1119 252 518
3 1119 518 1118
3 1821 127 257
3 1821 257 1820
3 1475 762 797
3 1475 797 1474
3 810 784 780
3 810 780 808
3 1979 1823 167
3 1979 167 1978
3 1825 169 1751
3 1825 1751 1824
3 1418 528 171
3 1418 171 1411
3 1527 396 1526
3 1529 399 1528
3 1531 410 1240
3 1531 1240 1530
3 1528 399 411
3 1528 411 1532
3 2119 91 1556
3 2119 1556 2107
3 755 81 533
3 755 533 752
3 2297 2225 536
3 2297 536 2296
3 2227 538 537
3 2227 537 2235
3 1766 95 540
3 1766 540 1765
3 1980 93 1558
3 1980 1558 1970
3 2255 544 710
3 2255 710 2229
3 2231 546 545
3 2231 545 2230
3 2233 548 627
3 2233 627 2232
3 2228 543 2066
3 2228 2066 2234
3 2235 537 548
3 2235 548 2233
3 2239 550 1065
3 2239 1065 2238
3 2230 545 551
3 2230 551 2240
3 2243 552 1239
3 2243 1239 2242
3 2240 551 553
3 2240 553 2244
3 1935 773 558
3 1935 558 1934
3 1937 561 560
3 1937 560 1936
3 1939 1127 562
3 1939 562 1938
3 1936 560 564
3 1936 564 1940
3 1942 565 563
3 1942 563 1941
3 1937 1943 561
3 561 1943 566
3 1943 223 566
3 1938 562 1175
3 1938 1175 1944
3 586 124 557
3 586 557 585
3 1524 568 1523
3 1946 839 893
3 1946 893 1945
3 1405 1129 576
3 1405 576 1404
3 1407 579 578
3 1407 578 1406
3 1404 576 580
3 1404 580 1408
3 1409 581 579
3 1409 579 1407
3 1411 39 1410
3 1410 39 577
3 577 39 582
3 39 1411 171
3 2331 1177 1412
3 2331 1412 2330
3 1414 575 588
3 1414 588 1413
3 1273 586 585
3 1273 585 1272
3 1413 588 1276
3 1413 1276 1416
3 1473 584 1279
3 1473 1279 1472
3 1286 599 598
3 1286 598 1285
3 1288 601 600
3 1288 600 1287
3 1289 603 601
3 1289 601 1288
3 602 344 112
3 602 112 609
3 1067 610 1066
3 611 128 597
3 1296 870 589
3 1296 589 1295
3 1967 586 1273
3 1967 1273 1960
3 1298 1167 599
3 1298 599 1286
3 1299 612 590
3 1299 590 1277
3 1300 613 604
3 1300 604 1290
3 609 112 139
3 609 139 614
3 1301 615 605
3 1301 605 1291
3 1302 616 606
3 1302 606 1292
3 1303 617 591
3 1303 591 1278
3 1304 618 594
3 1304 594 1282
3 1305 619 607
3 1305 607 1293
3 1306 620 608
3 1306 608 1294
3 1307 621 595
3 1307 595 1283
3 1308 622 596
3 1308 596 1284
3 1309 623 603
3 1309 603 1289
3 625 185 345
3 625 345 626
3 2232 627 547
3 2232 547 2268
3 1951 981 1023
3 1951 1023 1956
3 2317 2318 198
3 2317 198 624
3 624 198 639
3 2308 1145 1196
3 2308 1196 2311
3 642 224 130
3 642 130 643
3 1818 641 1850
3 2166 787 829
3 2166 829 2168
3 1686 690 647
3 1686 647 1671
3 1049 648 691
3 1049 691 1025
3 1588 547 627
3 1588 627 1567
3 2319 653 1311
3 2319 1311 2305
3 2310 640 653
3 2310 653 2319
3 639 198 654
3 643 130 185
3 643 185 625
3 1781 657 656
3 1781 656 1780
3 1777 659 658
3 1777 658 1782
3 1784 661 660
3 1784 660 1783
3 1773 1130 662
3 1773 662 1785
3 1783 660 664
3 1783 664 1775
3 1786 665 663
3 1786 663 1774
3 1787 666 661
3 1787 661 1784
3 2347 1178 1778
3 2347 1778 2349
3 1782 658 1275
3 1782 1275 1771
3 1788 668 657
3 1788 657 1781
3 1767 734 669
3 1767 669 1776
3 1841 666 1787
3 1841 1787 1848
3 1789 671 670
3 1789 670 1772
3 1780 656 655
3 1780 655 1779
3 673 631 632
3 673 632 674
3 1126 675 633
3 1126 633 1143
3 677 635 631
3 677 631 673
3 676 634 636
3 676 636 678
3 674 632 637
3 674 637 679
3 680 638 633
3 680 633 675
3 829 787 783
3 829 783 811
3 1543 684 646
3 1543 646 1517
3 1311 653 687
3 1311 687 1310
3 2161 1517 646
3 2161 646 2160
3 693 49 428
3 693 428 682
3 651 31 637
3 637 31 679
3 163 31 651
3 679 31 694
3 1174 638 680
3 1174 680 1173
3 687 653 640
3 687 640 681
3 701 272 702
3 703 274 704
3 705 276 706
3 708 700 2062
3 700 270 2061
3 700 2061 2062
3 797 762 763
3 797 763 796
3 2229 710 543
3 2229 543 2228
3 1791 711 1496
3 1791 1496 1794
3 1498 717 712
3 1498 712 1497
3 714 241 280
3 714 280 696
3 1494 697 695
3 1494 695 1493
3 1495 698 715
3 1495 715 1499
3 1498 521 717
3 1498 1500 521
3 717 521 713
3 1796 719 718
3 1796 718 1795
3 478 1797 65
3 65 1797 1798
3 65 1798 721
3 721 720 65
3 1800 722 1061
3 1800 1061 1799
3 1795 718 723
3 1795 723 1801
3 1803 724 1236
3 1803 1236 1802
3 1801 723 725
3 1801 725 1804
3 1398 1315 727
3 1398 727 1397
3 731 497 491
3 731 491 730
3 732 503 502
3 732 502 733
3 1745 1317 735
3 1745 735 1744
3 1972 1319 737
3 1972 737 1971
3 740 520 497
3 740 497 731
3 2285 630 741
3 2285 741 2284
3 2110 513 742
3 2110 742 2109
3 1768 1316 734
3 1768 734 1767
3 2082 736 2081
3 741 630 504
3 741 504 745
3 747 391 748
3 2322 244 716
3 2322 716 2321
3 1343 750 1164
3 1343 1164 1342
3 751 472 532
3 751 532 752
3 753 469 519
3 753 519 754
3 920 757 77
3 920 77 919
3 921 757 920
3 1826 754 519
3 1826 519 1855
3 761 477 469
3 761 469 753
3 1447 763 762
3 1447 762 1446
3 765 322 313
3 765 313 766
3 767 393 322
3 767 322 765
3 768 354 306
3 768 306 764
3 817 410 397
3 817 397 816
3 819 398 411
3 819 411 818
3 1965 559 1210
3 1965 1210 1964
3 776 229 155
3 776 155 777
3 2316 1449 779
3 2316 779 2295
3 1451 781 780
3 1451 780 1450
3 1508 1452 61
3 1508 61 1510
3 1454 784 783
3 1454 783 1453
3 1489 1446 762
3 1489 762 1475
3 1450 780 784
3 1450 784 1454
3 785 216 179
3 785 179 786
3 2167 645 787
3 2167 787 2166
3 645 51 787
3 1455 1453 51
3 51 1453 783
3 51 783 787
3 1210 559 84
3 1210 84 1211
3 881 445 790
3 881 790 880
3 824 46 449
3 46 1547 1548
3 46 825 1547
3 46 824 825
3 1526 396 1539
3 1539 396 1084
3 396 827 1084
3 1529 1547 399
3 399 1547 825
3 399 825 828
3 786 179 354
3 786 354 768
3 777 155 393
3 777 393 767
3 1240 410 817
3 1240 817 1268
3 818 411 399
3 818 399 828
3 1213 797 796
3 1213 796 1212
3 1215 800 799
3 1215 799 1214
3 1216 801 800
3 1216 800 1215
3 798 307 355
3 798 355 802
3 1218 804 803
3 1218 803 1217
3 2294 805 1219
3 2294 1219 2313
3 1222 808 807
3 1222 807 1221
3 1212 796 809
3 1212 809 1223
3 1225 811 810
3 1225 810 1224
3 1474 797 1213
3 1474 1213 1481
3 1224 810 808
3 1224 808 1222
3 812 180 215
3 812 215 813
3 1227 817 816
3 1227 816 1226
3 1229 819 818
3 1229 818 1228
3 1963 820 773
3 1963 773 1935
3 1230 822 821
3 1230 821 1207
3 823 788 773
3 823 773 820
3 1231 825 824
3 1231 824 1203
3 1232 826 822
3 1232 822 1230
3 1209 1084 827
3 1209 827 1233
3 1234 828 825
3 1234 825 1231
3 1268 817 1227
3 1268 1227 1248
3 1228 818 828
3 1228 828 1234
3 2168 829 1235
3 2168 1235 2165
3 1235 829 811
3 1235 811 1225
3 883 831 444
3 883 444 882
3 802 355 180
3 802 180 812
3 1217 803 801
3 1217 801 1216
3 2169 690 1686
3 2169 1686 2163
3 1687 375 315
3 1687 315 1676
3 1688 157 324
3 1688 324 1681
3 1680 401 375
3 1680 375 1687
3 1931 1523 1966
3 1966 1523 1915
3 1523 568 1915
3 1677 231 157
3 1677 157 1688
3 1685 1076 1059
3 1685 1059 1668
3 1689 1060 1034
3 1689 1034 1661
3 1667 1246 1057
3 1667 1057 1678
3 1679 1058 1060
3 1679 1060 1689
3 1672 1633 1621
3 1672 1621 1659
3 2293 1616 1656
3 2293 1656 2292
3 1673 1634 1618
3 1673 1618 1657
3 1630 59 1505
3 1630 1505 1622
3 53 1631 1632
3 53 1632 1670
3 53 1671 647
3 1670 1671 53
3 2074 1633 1672
3 2074 1672 2073
3 1670 1632 1634
3 1670 1634 1673
3 1913 1636 1637
3 1913 1637 1912
3 1078 841 1077
3 844 407 860
3 864 863 75
3 75 863 1533
3 75 1533 1534
3 1534 759 75
3 1533 863 865
3 1533 865 1535
3 912 685 903
3 759 1534 866
3 866 1534 1536
3 866 1536 867
3 1678 1057 1048
3 1678 1048 1669
3 1674 1054 1058
3 1674 1058 1679
3 1681 324 401
3 1681 401 1680
3 1915 568 1914
3 1285 598 870
3 1285 870 1296
3 1138 871 484
3 1138 484 1139
3 873 486 485
3 873 485 874
3 875 487 484
3 875 484 871
3 874 485 488
3 874 488 877
3 483 878 872
3 483 489 878
3 489 209 878
3 2340 879 2344
3 879 1187 2344
3 2344 1187 1188
3 880 789 105
3 880 105 881
3 882 104 832
3 882 832 883
3 870 598 123
3 870 123 884
3 1114 1016 1017
3 1114 1017 1113
3 1639 887 102
3 1639 102 1638
3 1444 1204 1205
3 1444 1205 1443
3 1187 879 1189
3 878 209 891
3 1945 893 1682
3 1945 1682 1948
3 1916 1641 1636
3 1916 1636 1913
3 1643 404 1642
3 899 855 848
3 899 848 900
3 902 858 857
3 902 857 903
3 2072 904 847
3 2072 847 2060
3 906 853 858
3 906 858 902
3 1920 1646 1647
3 1920 1647 1919
3 903 857 833
3 903 833 912
3 1921 1648 1644
3 1921 1644 1917
3 1918 1645 1649
3 1918 1649 1922
3 917 838 837
3 917 837 918
3 1666 920 919
3 1666 919 1683
3 2162 912 833
3 2162 833 2159
3 913 835 834
3 913 834 923
3 918 837 836
3 918 836 924
3 923 834 838
3 923 838 917
3 924 836 840
3 924 840 914
3 1923 1650 1627
3 1923 1627 1911
3 1924 1651 1641
3 1924 1641 1916
3 1910 1628 1648
3 1910 1648 1921
3 1922 1649 1651
3 1922 1651 1924
3 900 848 847
3 900 847 904
3 1647 404 1919
3 1647 1642 404
3 1919 404 1925
3 2291 905 852
3 2291 852 2283
3 908 854 853
3 908 853 906
3 1682 893 927
3 1682 927 1684
3 1832 928 721
3 1832 721 1798
3 1071 931 930
3 1071 930 1080
3 2260 932 549
3 2260 549 2237
3 1254 934 933
3 1254 933 1253
3 1250 929 935
3 1250 935 1242
3 1080 930 936
3 1080 936 1081
3 1136 1069 1140
3 1073 938 937
3 1073 937 1083
3 1925 404 940
3 1925 940 1926
3 1652 940 404
3 1652 404 1643
3 1538 942 821
3 1538 821 1537
3 1207 821 942
3 1207 942 1206
3 1662 1036 1037
3 1662 1037 1663
3 944 269 423
3 944 423 945
3 1829 938 1073
3 1829 1073 1828
3 945 423 775
3 945 775 943
3 2006 373 311
3 2006 311 2005
3 2008 136 318
3 2008 318 2007
3 2009 320 373
3 2009 373 2006
3 2010 227 136
3 2010 136 2008
3 545 2012 1002
3 42 458 2011
3 545 546 2012
3 546 42 2012
3 42 2011 2012
3 959 212 175
3 959 175 960
3 1003 549 932
3 1003 932 1004
3 55 1092 1093
3 55 1093 2013
3 55 2014 649
3 2013 2014 55
3 2068 1095 2015
3 2068 2015 2075
3 2013 1093 1096
3 2013 1096 2016
3 1705 413 1704
3 1707 414 1706
3 1038 1039 975
3 975 1039 976
3 1039 886 976
3 1065 550 1014
3 1065 1014 1074
3 1015 551 545
3 1015 545 1002
3 1239 552 989
3 1239 989 1243
3 988 553 551
3 988 551 1015
3 2287 1094 1999
3 2287 1999 2298
3 2016 1096 1097
3 2016 1097 2000
3 1952 1044 981
3 1952 981 1951
3 2004 692 649
3 2004 649 2014
3 976 886 443
3 976 443 977
3 960 175 408
3 960 408 982
3 1045 983 981
3 1045 981 1044
3 984 350 304
3 984 304 947
3 982 408 350
3 982 350 984
3 2020 987 986
3 2020 986 2019
3 2022 991 990
3 2022 990 2021
3 993 949 948
3 993 948 994
3 995 951 950
3 995 950 996
3 994 948 952
3 994 952 997
3 996 950 953
3 996 953 998
3 1709 1101 1102
3 1709 1102 1708
3 1711 1103 1104
3 1711 1104 1710
3 1708 1102 1105
3 1708 1105 1712
3 1712 1105 1106
3 1712 1106 1713
3 1005 963 962
3 1005 962 1006
3 1007 966 965
3 1007 965 1008
3 2077 1009 968
3 2077 968 2076
3 1011 969 966
3 1011 966 1007
3 1715 1107 1108
3 1715 1108 1714
3 1716 1109 1103
3 1716 1103 1711
3 1100 413 1245
3 1245 413 1717
3 413 1705 1717
3 1099 1109 414
3 414 1109 1716
3 414 1716 1706
3 1006 962 968
3 1006 968 1009
3 2300 1010 967
3 2300 967 2299
3 1012 971 969
3 1012 969 1011
3 1008 965 946
3 1008 946 992
3 2024 1017 1016
3 2024 1016 2023
3 1554 1504 1111
3 1554 1111 1560
3 1560 1111 1112
3 1560 1112 1550
3 1019 532 534
3 1019 534 1018
3 1019 80 532
3 532 80 752
3 752 80 755
3 80 1019 1020
3 2027 1956 1023
3 2027 1023 2026
3 2023 1016 1021
3 2023 1021 2029
3 2021 990 987
3 2021 987 2020
3 2026 1023 1024
3 2026 1024 2030
3 2019 986 985
3 2019 985 2018
3 1026 948 949
3 1026 949 1027
3 1028 950 951
3 1028 951 1029
3 1030 952 948
3 1030 948 1026
3 1031 953 950
3 1031 950 1028
3 1032 954 955
3 1032 955 1033
3 957 43 956
3 956 43 1034
3 457 43 957
3 1034 43 1035
3 1033 955 958
3 1033 958 1036
3 1036 958 961
3 1036 961 1037
3 1038 101 1039
3 1691 1620 1626
3 1691 1626 1718
3 1718 1626 1615
3 1718 1615 1690
3 1664 892 898
3 1664 898 1665
3 1665 898 76
3 76 898 922
3 76 1666 1665
3 921 1666 76
3 920 1666 921
3 1958 571 1044
3 1958 1044 1952
3 1044 571 88
3 1044 88 1045
3 1046 962 963
3 1046 963 1047
3 1049 965 966
3 1049 966 1050
3 2076 968 1052
3 2076 1052 2071
3 1050 966 969
3 1050 969 1053
3 1057 973 964
3 1057 964 1048
3 1054 970 974
3 1054 974 1058
3 1075 978 1059
3 1075 1059 1076
3 1060 979 956
3 1060 956 1034
3 1244 973 1057
3 1244 1057 1246
3 1058 974 979
3 1058 979 1060
3 1052 968 962
3 1052 962 1046
3 2299 967 1051
3 2299 1051 2290
3 1053 969 971
3 1053 971 1055
3 1025 946 965
3 1025 965 1049
3 1799 1061 928
3 1799 928 1832
3 2238 1065 932
3 2238 932 2260
3 1066 933 934
3 1066 934 1067
3 1068 935 929
3 1068 929 1064
3 2338 1182 1190
3 2338 1190 2345
3 1257 1072 1070
3 1257 1070 1256
3 1074 1004 932
3 1074 932 1065
3 1713 1106 1107
3 1713 1107 1715
3 1076 1037 961
3 1076 961 1075
3 1926 940 1927
3 1652 1650 940
3 940 1650 1927
3 1650 1923 1927
3 1259 1260 361
3 1259 361 1080
3 1080 361 1071
3 1259 1080 1081
3 1259 1081 1262
3 1262 1081 1072
3 1262 1072 1257
3 1833 1082 1263
3 1833 1263 1831
3 2345 1190 1264
3 2345 1264 2343
3 1258 1073 1083
3 1258 1083 1267
3 1539 1084 942
3 1539 942 1538
3 1206 942 1084
3 1206 1084 1209
3 1663 1037 1076
3 1663 1076 1685
3 1086 944 945
3 1086 945 1087
3 1087 945 943
3 1087 943 1085
3 1722 959 960
3 1722 960 1721
3 1567 627 548
3 1567 548 1566
3 2066 543 1568
3 2066 1568 2069
3 1566 548 537
3 1566 537 1569
3 2296 536 1552
3 2296 1552 2288
3 1569 537 538
3 1569 538 1553
3 2036 1000 999
3 2036 999 2035
3 2037 1002 2012
3 2035 999 1003
3 2035 1003 2038
3 2038 1003 1004
3 2038 1004 2039
3 2040 1074 1014
3 2040 1014 2032
3 2041 1015 1002
3 2041 1002 2037
3 2031 1243 989
3 2031 989 2034
3 2033 988 1015
3 2033 1015 2041
3 1724 975 976
3 1724 976 1723
3 2039 1004 1074
3 2039 1074 2040
3 1723 976 977
3 1723 977 1719
3 1721 960 982
3 1721 982 1725
3 1726 984 947
3 1726 947 1720
3 1725 982 984
3 1725 984 1726
3 1118 526 192
3 1118 192 1119
3 1835 526 1118
3 1835 1118 1834
3 1119 192 2
3 1119 2 1121
3 1123 258 1124
3 1941 563 1127
3 1941 1127 1939
3 1410 577 1129
3 1410 1129 1405
3 1732 1131 1731
3 1729 1128 1132
3 1729 1132 1733
3 1730 1133 1131
3 1730 1131 1732
3 2346 1194 1179
3 2346 1179 2332
3 1137 1136 3
3 3 1136 937
3 3 937 469
3 469 477 3
3 1138 872 434
3 1138 434 1125
3 1139 483 872
3 1139 872 1138
3 1140 1083 937
3 1140 937 1136
3 1267 1083 1140
3 1267 1140 1265
3 2308 1850 1145
3 2308 2307 1850
3 1145 1850 641
3 1774 663 1130
3 1774 1130 1773
3 1143 634 676
3 1143 676 1126
3 1163 483 1139
3 1163 1139 1162
3 1124 258 210
3 1124 210 1146
3 1142 285 1147
3 1147 285 225
3 1147 225 1134
3 174 210 196
3 174 1135 210
3 1135 1146 210
3 1150 189 208
3 1150 208 1151
3 384 220 371
3 220 334 371
3 371 334 1149
3 334 1152 1149
3 1151 208 348
3 1151 348 1153
3 1274 587 1155
3 1274 1155 1281
3 1155 587 574
3 1155 574 1157
3 1160 172 499
3 1160 499 1156
3 1162 1129 577
3 1162 577 1163
3 391 1341 748
3 748 1341 1342
3 748 1342 1164
3 1168 576 1129
3 1168 1129 1162
3 1169 578 579
3 1169 579 1170
3 1171 580 576
3 1171 576 1168
3 1170 579 581
3 1170 581 1172
3 577 40 1163
3 577 582 40
3 1163 40 1160
3 40 172 1160
3 2354 1195 1177
3 2354 1177 2331
3 1852 1161 509
3 1852 509 1811
3 2356 672 629
3 2356 629 2355
3 2358 556 109
3 2358 109 2357
3 2357 109 1961
3 1412 1177 574
3 1412 574 1403
3 2351 584 1473
3 2351 1473 2327
3 2360 600 601
3 2360 601 2359
3 2359 603 2361
3 2359 601 603
3 2361 603 160
3 1183 609 1184
3 1183 602 609
3 1184 609 138
3 1067 1186 610
3 610 1186 1185
3 610 1185 106
3 1187 108 479
3 1187 479 1188
3 1189 876 108
3 1189 108 1187
3 1186 1067 934
3 1186 934 1191
3 1266 1191 934
3 1266 934 1254
3 1122 1134 225
3 1122 225 1194
3 1194 225 1179
3 1195 1157 574
3 1195 574 1177
3 2362 640 2310
3 2362 2310 2353
3 1778 1178 659
3 1778 659 1777
3 1192 440 876
3 1192 876 1189
3 1188 479 1157
3 1188 1157 1195
3 1961 109 1933
3 1180 126 1198
3 1199 798 802
3 1199 802 1200
3 1201 812 813
3 1201 813 1202
3 1204 883 832
3 1204 832 1205
3 1445 943 775
3 1445 775 1434
3 1438 1085 943
3 1438 943 1445
3 1964 1210 820
3 1964 820 1963
3 1211 823 820
3 1211 820 1210
3 1213 425 426
3 1213 1212 425
3 1212 709 425
3 1214 312 321
3 1214 321 1215
3 1215 321 392
3 1215 392 1216
3 1217 154 230
3 1217 230 1218
3 2313 1219 417
3 2313 417 2312
3 1221 419 420
3 1221 420 1222
3 1223 63 709
3 1223 709 1212
3 1224 427 682
3 1224 682 1225
3 1481 1213 426
3 1481 426 1480
3 1222 420 427
3 1222 427 1224
3 1430 770 769
3 1430 769 1429
3 1432 772 771
3 1432 771 1431
3 1434 775 774
3 1434 774 1433
3 1436 792 791
3 1436 791 1435
3 1433 774 793
3 1433 793 1437
3 1439 794 1085
3 1439 1085 1438
3 1435 791 795
3 1435 795 1440
3 1429 769 1247
3 1429 1247 1441
3 1440 795 772
3 1440 772 1432
3 2165 1235 644
3 2165 644 2164
3 1235 50 644
3 50 1225 682
3 1235 1225 50
3 50 682 428
3 1216 392 154
3 1216 154 1217
3 1208 831 883
3 1208 883 1204
3 1200 802 812
3 1200 812 1201
3 1802 1236 722
3 1802 722 1800
3 1237 1062 1063
3 1237 1063 1238
3 2242 1239 550
3 2242 550 2239
3 1530 1240 396
3 1530 396 1527
3 1243 1014 550
3 1243 550 1239
3 1714 1108 1245
3 1714 1245 1717
3 1246 1059 978
3 1246 978 1244
3 1441 1247 794
3 1441 794 1439
3 1911 1627 1628
3 1911 1628 1910
3 1295 4 1297
3 1295 589 4
3 4 589 1252
3 4 1252 1251
3 1252 589 438
3 1252 438 1255
3 1256 336 207
3 1256 207 1257
3 1259 259 359
3 1259 359 1260
3 183 217 259
3 183 259 1262
3 259 1259 1262
3 1257 207 183
3 1257 183 1262
3 1831 1263 517
3 1831 517 1830
3 2343 1264 1193
3 2343 1193 2342
3 1267 193 523
3 1267 523 1258
3 2032 1014 1243
3 2032 1243 2031
3 29 1267 1265
3 1141 455 29
3 1141 29 1265
3 29 193 1267
3 1255 438 1193
3 1255 1193 1264
3 1268 827 396
3 1268 396 1240
3 1248 1233 827
3 1248 827 1268
3 1668 1059 1246
3 1668 1246 1667
3 1269 362 431
3 1269 431 1270
3 1271 1088 1062
3 1271 1062 1237
3 1260 359 246
3 1260 246 1261
3 1270 431 794
3 1270 794 1247
3 1272 567 125
3 1272 125 1273
3 11 1420 1416
3 11 1416 8
3 11 9 10
3 8 1416 1276
3 8 1276 583
3 8 9 11
3 1285 122 490
3 1285 490 1286
3 1287 377 1288
3 1288 121 1289
3 1288 377 121
3 377 387 121
3 1295 437 869
3 1295 869 1296
3 1297 5 437
3 1297 437 1295
3 1296 869 122
3 1296 122 1285
3 1281 1154 573
3 1281 573 1274
3 1960 1273 125
3 1960 125 1959
3 6 7 490
3 1166 1298 7
3 7 1298 1286
3 7 1286 490
3 1277 110 133
3 1277 133 1299
3 1290 111 137
3 1290 137 1300
3 1291 113 141
3 1291 141 1301
3 1292 114 143
3 1292 143 1302
3 1278 115 145
3 1278 145 1303
3 1282 116 147
3 1282 147 1304
3 1293 117 149
3 1293 149 1305
3 1294 118 151
3 1294 151 1306
3 1283 119 153
3 1283 153 1307
3 1284 120 159
3 1284 159 1308
3 1289 121 161
3 1289 161 1309
3 25 2304 2305
3 25 2305 1311
3 25 652 24
3 1311 652 25
3 1771 1275 667
3 1771 667 1770
3 1310 686 652
3 1310 652 1311
3 1312 515 707
3 1312 707 1313
3 1562 1421 97
3 1562 97 1561
3 1765 540 1563
3 1765 1563 1749
3 2259 1319 1972
3 2259 1972 2258
3 1772 670 1564
3 1772 1564 1769
3 1572 718 719
3 1572 719 1571
3 1323 628 524
3 1323 524 1324
3 2079 515 1312
3 2079 1312 2067
3 1324 524 496
3 1324 496 1326
3 1574 720 721
3 1574 721 1573
3 1576 1061 722
3 1576 722 1575
3 1577 723 718
3 1577 718 1572
3 1579 1236 724
3 1579 724 1578
3 1580 725 723
3 1580 723 1577
3 2264 1338 2115
3 2264 2115 2263
3 2286 493 1325
3 2286 1325 2314
3 1326 496 495
3 1326 495 1332
3 707 514 56
3 1339 1313 56
3 56 1313 707
3 1575 722 1236
3 1575 1236 1579
3 1573 721 928
3 1573 928 1581
3 1581 928 1061
3 1581 1061 1576
3 2266 1582 1583
3 2266 1583 2265
3 2267 1584 1582
3 2267 1582 2266
3 1344 525 628
3 1344 628 1323
3 1372 1346 1345
3 1372 1345 1371
3 1375 1349 1348
3 1375 1348 1374
3 1423 1351 1350
3 1423 1350 1422
3 1594 1353 1352
3 1594 1352 1593
3 1596 1355 1354
3 1596 1354 1595
3 1598 1357 1356
3 1598 1356 1597
3 1595 1354 1358
3 1595 1358 1599
3 1600 1359 1357
3 1600 1357 1598
3 1385 1361 1360
3 1385 1360 1384
3 2363 1362 1601
3 2363 1601 2334
3 1593 1352 1363
3 1593 1363 1602
3 1854 1364 1391
3 1854 1391 1853
3 1392 1365 1361
3 1392 1361 1385
3 1602 1363 1366
3 1602 1366 1603
3 1586 1395 1367
3 1586 1367 1585
3 1604 1355 1596
3 1604 1360 1355
3 1604 1384 1360
3 1601 1362 1353
3 1601 1353 1594
3 1374 1348 1368
3 1374 1368 1396
3 1369 1350 1351
3 1369 1351 1370
3 1591 1372 1371
3 1591 1371 1605
3 1608 1375 1374
3 1608 1374 1607
3 1378 1128 1379
3 1131 1381 1380
3 1131 1380 1736
3 1131 1736 1731
3 1382 1132 1128
3 1382 1128 1378
3 1381 1131 1133
3 1381 1133 1383
3 1610 1385 1384
3 1610 1384 1609
3 2333 1386 1737
3 2333 1737 2336
3 1739 1388 1387
3 1739 1387 1738
3 1738 1387 1390
3 1738 1390 1741
3 1853 1391 1611
3 1853 1611 1807
3 1612 1392 1385
3 1612 1385 1610
3 1743 12 13
3 1743 1741 12
3 12 1741 1390
3 12 1390 1394
3 1613 1395 1586
3 1613 1586 1592
3 1609 1384 1604
3 1737 1386 1377
3 1737 1377 1735
3 1607 1374 1396
3 1607 1396 1614
3 1397 1345 1346
3 1397 1346 1398
3 1400 1348 1349
3 1400 1349 1401
3 1402 1352 1353
3 1402 1353 1403
3 1404 1354 1355
3 1404 1355 1405
3 1406 1356 1357
3 1406 1357 1407
3 1408 1358 1354
3 1408 1354 1404
3 1407 1357 1359
3 1407 1359 1409
3 1410 1360 1361
3 1410 1361 1411
3 2330 1412 1362
3 2330 1362 2363
3 1415 1363 1352
3 1415 1352 1402
3 1814 1417 1364
3 1814 1364 1854
3 1411 1361 1365
3 1411 1365 1418
3 1419 1366 1363
3 1419 1363 1415
3 1585 1367 1421
3 1585 1421 1562
3 1405 1355 1360
3 1405 1360 1410
3 1403 1353 1362
3 1403 1362 1412
3 1422 187 347
3 1422 347 1423
3 1424 1368 1348
3 1424 1348 1400
3 1426 768 764
3 1426 764 1425
3 1427 785 786
3 1427 786 1428
3 1429 1227 1226
3 1429 1226 1430
3 1431 1229 1228
3 1431 1228 1432
3 1433 1230 1207
3 1433 1207 1434
3 1435 1231 1203
3 1435 1203 1436
3 1437 1232 1230
3 1437 1230 1433
3 1438 1209 1233
3 1438 1233 1439
3 1440 1234 1231
3 1440 1231 1435
3 1441 1248 1227
3 1441 1227 1429
3 1432 1228 1234
3 1432 1234 1440
3 1439 1233 1248
3 1439 1248 1441
3 1443 789 880
3 1443 880 1444
3 1434 1207 1206
3 1434 1206 1445
3 1445 1206 1209
3 1445 1209 1438
3 1928 1540 1515
3 1928 1515 1886
3 2282 1512 1883
3 2282 1883 2315
3 1895 1514 1884
3 684 1543 52
3 52 1543 1544
3 52 1544 683
3 1454 683 1544
3 1454 1453 683
3 2059 1540 1928
3 2059 1928 2080
3 1542 1450 1454
3 1542 1454 1544
3 1455 683 1453
3 1444 880 790
3 1444 790 1442
3 1428 786 768
3 1428 768 1426
3 2276 1460 1459
3 2276 1459 2275
3 2274 1462 1461
3 2274 1461 2273
3 2275 1459 1462
3 2275 1462 2274
3 2045 1467 1466
3 2045 1466 2044
3 1468 370 1469
3 1469 370 2280
3 370 2279 2280
3 2226 1470 536
3 2226 536 2225
3 2047 1473 1472
3 2047 1472 2046
3 2049 1475 1474
3 2049 1474 2048
3 1999 1094 1477
3 1999 1477 1998
3 1478 967 1010
3 1478 1010 1476
3 1479 1051 967
3 1479 967 1478
3 2051 1481 1480
3 2051 1480 2050
3 2046 1472 1482
3 2046 1482 2052
3 1656 1616 1617
3 1656 1617 1655
3 1484 852 905
3 1484 905 1483
3 1552 536 1470
3 1552 1470 1551
3 2054 1792 1485
3 2054 1485 2053
3 2327 1473 2047
3 2327 2047 2326
3 1471 1325 493
3 1471 493 1488
3 1883 1512 1513
3 1883 1513 1882
3 2056 1489 1475
3 2056 1475 2049
3 2048 1474 1481
3 2048 1481 2051
3 2053 1485 1487
3 2053 1487 2055
3 2044 1466 1486
3 2044 1486 2057
3 2050 1480 1492
3 2050 1492 2058
3 1461 1463 363
3 1461 363 2273
3 363 2281 2273
3 1794 1496 234
3 1794 234 1793
3 1497 235 716
3 1497 716 1498
3 1493 242 282
3 1493 282 1494
3 1499 243 284
3 1499 284 1495
3 1498 716 244
3 1498 244 1500
3 1501 701 702
3 1501 702 1502
3 1555 1110 1504
3 1555 1504 1554
3 1692 1619 1620
3 1692 1620 1691
3 1505 60 1622
3 60 1621 1622
3 60 1658 1659
3 60 1659 1621
3 1504 1110 68
3 1504 68 1507
3 1886 1515 1516
3 1886 1516 1885
3 1508 62 1447
3 1447 62 763
3 763 62 782
3 62 1508 1510
3 1511 71 1456
3 1511 1456 1509
3 1512 852 1484
3 1512 1484 1513
3 1515 848 855
3 1515 855 1516
3 2159 833 1888
3 2159 1888 2158
3 1890 834 835
3 1890 835 1889
3 1892 836 837
3 1892 837 1891
3 1893 838 834
3 1893 834 1890
3 1523 390 569
3 1523 569 1524
3 1894 840 836
3 1894 836 1892
3 1526 841 842
3 1526 842 1527
3 1528 843 844
3 1528 844 1529
3 1530 1241 845
3 1530 845 1531
3 1532 846 843
3 1532 843 1528
3 1527 842 1241
3 1527 1241 1530
3 72 760 1534
3 1533 815 72
3 815 814 72
3 1533 72 1534
3 1535 830 815
3 1535 815 1533
3 1534 760 73
3 1534 73 1536
3 1537 850 939
3 1537 939 1538
3 1538 939 1077
3 1538 1077 1539
3 1540 847 848
3 1540 848 1515
3 2283 852 1512
3 2283 1512 2282
3 853 1895 1896
3 853 854 1895
3 854 1514 1895
3 1898 857 858
3 1898 858 1897
3 2060 847 1540
3 2060 1540 2059
3 1897 858 853
3 1897 853 1896
3 1547 860 861
3 1547 861 1548
3 1539 1077 841
3 1539 841 1526
3 1529 844 860
3 1529 860 1547
3 1900 70 1899
3 70 1509 1457
3 1511 1509 70
3 1899 70 1457
3 1899 1457 1458
3 1899 1458 1887
3 1932 390 1523
3 1932 1523 1931
3 1888 833 857
3 1888 857 1898
3 1524 569 86
3 1524 86 1549
3 1531 845 856
3 1531 856 1545
3 1546 859 846
3 1546 846 1532
3 1891 837 838
3 1891 838 1893
3 1551 1477 1094
3 1551 1094 1552
3 1554 1503 67
3 1554 67 1555
3 2107 1556 531
3 2107 531 2106
3 1970 1558 542
3 1970 542 1969
3 66 1560 699
3 66 1554 1560
3 1503 1554 66
3 555 66 699
3 1550 554 699
3 1550 699 1560
3 2246 1315 1398
3 2246 1398 2245
3 2248 1317 1745
3 2248 1745 2247
3 2250 1316 1768
3 2250 1768 2249
3 1093 650 1566
3 1566 650 1567
3 1092 650 1093
3 2069 1568 1095
3 2069 1095 2068
3 1569 1096 1093
3 1569 1093 1566
3 2288 1552 1094
3 2288 1094 2287
3 1553 1097 1096
3 1553 1096 1569
3 1571 1322 1321
3 1571 1321 1572
3 1573 1328 1327
3 1573 1327 1574
3 1575 1330 1329
3 1575 1329 1576
3 1572 1321 1331
3 1572 1331 1577
3 1578 1335 1334
3 1578 1334 1579
3 1577 1331 1336
3 1577 1336 1580
3 1579 1334 1330
3 1579 1330 1575
3 1581 1340 1328
3 1581 1328 1573
3 1576 1329 1340
3 1576 1340 1581
3 1582 1342 1341
3 1582 1341 1583
3 1584 1343 1342
3 1584 1342 1582
3 2252 1346 1372
3 2252 1372 2251
3 2251 1372 1591
3 2251 1591 2253
3 2245 1398 1346
3 2245 1346 2252
3 1567 650 1588
3 1589 1369 1370
3 1589 1370 1590
3 2253 1591 1314
3 2253 1314 2254
3 1593 1376 1377
3 1593 1377 1594
3 1595 1378 1379
3 1595 1379 1596
3 1597 1380 1381
3 1597 1381 1598
3 1599 1382 1378
3 1599 1378 1595
3 1598 1381 1383
3 1598 1383 1600
3 2334 1601 1386
3 2334 1386 2333
3 1602 1389 1376
3 1602 1376 1593
3 1603 1393 1389
3 1603 1389 1602
3 1596 1379 1604
3 1594 1377 1386
3 1594 1386 1601
3 1605 726 1314
3 1605 1314 1591
3 1607 379 333
3 1607 333 1608
3 38 1610 1609
3 1727 1728 38
3 1727 38 1609
3 38 170 1610
3 1807 1611 512
3 1807 512 1806
3 1610 170 529
3 1610 529 1612
3 1592 1587 96
3 1592 96 1613
3 1729 1727 1128
3 1128 1727 1609
3 1128 1609 1604
3 1128 1604 1379
3 1614 295 379
3 1614 379 1607
3 1694 1051 1479
3 1694 1479 1693
3 1046 57 1697
3 57 1506 1696
3 1046 1047 57
3 1697 57 1696
3 1903 356 308
3 1903 308 1901
3 1627 925 1249
3 1627 1249 1628
3 1696 1506 58
3 1696 58 1698
3 648 1049 54
3 54 1049 1050
3 54 1050 1699
3 1699 1700 54
3 2071 1052 1701
3 2071 1701 2070
3 1699 1050 1053
3 1699 1053 1702
3 1636 451 1637
3 1906 103 888
3 1906 888 1905
3 895 1636 1641
3 895 894 44
3 895 44 1636
3 44 456 451
3 44 451 1636
3 1642 897 896
3 1642 896 1643
3 1646 911 910
3 1646 910 1647
3 1648 915 901
3 1648 901 1644
3 1645 907 916
3 1645 916 1649
3 1650 1079 925
3 1650 925 1627
3 1651 926 895
3 1651 895 1641
3 1628 1249 915
3 1628 915 1648
3 1649 916 926
3 1649 926 1651
3 1647 910 897
3 1647 897 1642
3 1643 896 941
3 1643 941 1652
3 1652 941 1079
3 1652 1079 1650
3 1701 1052 1046
3 1701 1046 1697
3 2290 1051 1694
3 2290 1694 2289
3 1702 1053 1055
3 1702 1055 1695
3 1907 890 447
3 1907 447 1904
3 1908 177 352
3 1908 352 1902
3 1909 214 177
3 1909 177 1908
3 1655 1483 905
3 1655 905 1656
3 1658 899 900
3 1658 900 1659
3 1660 894 895
3 1660 895 1661
3 1663 941 896
3 1663 896 1662
3 1665 1041 1040
3 1665 1040 1664
3 1042 1041 79
3 79 1041 1665
3 79 1665 1666
3 1666 756 79
3 1667 1249 925
3 1667 925 1668
3 1671 1670 685
3 685 1670 902
3 685 902 903
3 2073 1672 904
3 2073 904 2072
3 1673 906 902
3 1673 902 1670
3 1669 901 915
3 1669 915 1678
3 1679 916 907
3 1679 907 1674
3 1680 917 918
3 1680 918 1681
3 1948 1682 572
3 1948 572 1947
3 1683 78 756
3 1683 756 1666
3 1684 87 572
3 1684 572 1682
3 1685 1079 941
3 1685 941 1663
3 2163 685 2162
3 2163 1686 685
3 2162 685 912
3 1676 913 923
3 1676 923 1687
3 1681 918 924
3 1681 924 1688
3 1687 923 917
3 1687 917 1680
3 1688 924 914
3 1688 914 1677
3 1668 925 1079
3 1668 1079 1685
3 1661 895 926
3 1661 926 1689
3 1678 915 1249
3 1678 1249 1667
3 1689 926 916
3 1689 916 1679
3 1659 900 904
3 1659 904 1672
3 2292 1656 905
3 2292 905 2291
3 1657 908 906
3 1657 906 1673
3 1671 685 1686
3 1693 1617 1616
3 1693 1616 1694
3 1699 1632 1631
3 1699 1631 1700
3 2070 1701 1633
3 2070 1633 2074
3 1702 1634 1632
3 1702 1632 1699
3 2289 1694 1616
3 2289 1616 2293
3 1695 1618 1634
3 1695 1634 1702
3 1704 964 973
3 1704 973 1705
3 1706 974 970
3 1706 970 1707
3 1708 955 954
3 1708 954 1709
3 1710 957 956
3 1710 956 1711
3 1712 958 955
3 1712 955 1708
3 1713 961 958
3 1713 958 1712
3 1714 978 1075
3 1714 1075 1715
3 1711 956 979
3 1711 979 1716
3 1705 973 1244
3 1705 1244 1717
3 1716 979 974
3 1716 974 1706
3 1717 1244 978
3 1717 978 1714
3 1715 1075 961
3 1715 961 1713
3 1721 1091 1090
3 1721 1090 1722
3 1723 1114 1113
3 1723 1113 1724
3 1719 1115 1114
3 1719 1114 1723
3 1725 1116 1091
3 1725 1091 1721
3 1720 1089 1117
3 1720 1117 1726
3 1726 1117 1116
3 1726 1116 1725
3 37 1728 1727
3 1750 1751 37
3 1751 169 37
3 1750 37 1727
3 1750 1727 1729
3 1750 1729 1752
3 1756 1732 1731
3 1756 1731 1755
3 1752 1729 1733
3 1752 1733 1757
3 1753 1730 1732
3 1753 1732 1756
3 1759 1735 1734
3 1759 1734 1758
3 1755 1731 1736
3 1755 1736 1760
3 2336 1737 1761
3 2336 1761 2335
3 1758 1734 1740
3 1758 1740 1762
3 1 1740 1742
3 1 1762 1740
3 1763 1762 1
3 0 1 1742
3 1761 1737 1735
3 1761 1735 1759
3 1744 734 1316
3 1744 1316 1745
3 1747 656 657
3 1747 657 1748
3 2247 1745 1316
3 2247 1316 2250
3 1750 661 666
3 1750 666 1751
3 1752 660 661
3 1752 661 1750
3 1755 1130 663
3 1755 663 1756
3 1757 664 660
3 1757 660 1752
3 1756 663 665
3 1756 665 1753
3 1758 658 659
3 1758 659 1759
3 1760 662 1130
3 1760 1130 1755
3 2335 1761 1178
3 2335 1178 2347
3 1762 1275 658
3 1762 658 1758
3 1763 667 1275
3 1763 1275 1762
3 1759 659 1178
3 1759 1178 1761
3 1748 657 668
3 1748 668 1764
3 1754 669 734
3 1754 734 1744
3 1824 1751 666
3 1824 666 1841
3 1765 670 671
3 1765 671 1766
3 1749 1564 670
3 1749 670 1765
3 1746 655 656
3 1746 656 1747
3 1859 1768 1767
3 1859 1767 1858
3 2249 1768 1859
3 2249 1859 2261
3 1862 1771 1770
3 1862 1770 1861
3 1865 1772 1769
3 1865 1769 1860
3 1867 1774 1773
3 1867 1773 1866
3 1871 1778 1777
3 1871 1777 1870
3 1780 383 341
3 1780 341 1781
3 1870 1777 1782
3 1870 1782 1872
3 1874 1784 1783
3 1874 1783 1873
3 1866 1773 1785
3 1866 1785 1875
3 1873 1783 1775
3 1873 1775 1868
3 1876 1786 1774
3 1876 1774 1867
3 1874 36 1784
3 1874 1877 36
3 1784 36 1787
3 36 168 1787
3 2349 1778 1871
3 2349 1871 2348
3 1872 1782 1771
3 1872 1771 1862
3 1781 341 206
3 1781 206 1788
3 1858 1767 1776
3 1858 1776 1879
3 1848 1787 168
3 1848 168 1847
3 1880 1789 1772
3 1880 1772 1865
3 1779 301 383
3 1779 383 1780
3 2057 1486 1792
3 2057 1792 2054
3 1793 235 1497
3 1793 1497 1794
3 1794 1497 712
3 1794 712 1791
3 1806 738 1606
3 1806 1606 1807
3 1808 1754 505
3 1808 505 1809
3 1810 728 729
3 1810 729 1811
3 2325 235 1793
3 2325 1793 2324
3 1814 1399 739
3 1814 739 1815
3 1826 758 251
3 1826 251 1827
3 1834 1120 30
3 1834 30 1835
3 730 1836 731
3 731 1837 197
3 731 1836 1837
3 1838 732 733
3 1838 733 1839
3 1840 669 1754
3 1840 1754 1808
3 2109 742 1842
3 2109 1842 2120
3 1977 507 1844
3 1977 1844 1981
3 1881 1846 1845
3 1881 1879 1776
3 1881 1776 1846
3 2284 741 1849
3 2284 1849 2306
3 1846 1776 669
3 1846 669 1840
3 1849 741 745
3 1849 745 1851
3 1811 729 1148
3 1811 1148 1852
3 1853 1373 1347
3 1853 1347 1854
3 1807 1606 1373
3 1807 1373 1853
3 1854 1347 1399
3 1854 1399 1814
3 1855 470 758
3 1855 758 1826
3 1852 1148 746
3 1852 746 1856
3 1827 251 1120
3 1827 1120 1834
3 1858 743 1320
3 1858 1320 1859
3 2261 1859 1320
3 2261 1320 2262
3 17 1984 1985
3 17 1985 14
3 17 14 16
3 1864 1863 14
3 1864 14 1985
3 14 15 16
3 1860 1565 539
3 1860 539 1865
3 1987 1867 1866
3 1987 1866 1986
3 1991 1871 1870
3 1991 1870 1990
3 1994 1874 1873
3 1994 1873 1993
3 1986 1866 1875
3 1986 1875 1995
3 1993 1873 1868
3 1993 1868 1988
3 1996 1876 1867
3 1996 1867 1987
3 1978 35 1994
3 1994 35 1874
3 1874 35 1877
3 35 1978 167
3 2348 1871 1991
3 2348 1991 2350
3 1989 1869 1878
3 1989 1878 1997
3 1997 1878 1864
3 1997 1864 1985
3 1879 506 743
3 1879 743 1858
3 1865 539 94
3 1865 94 1880
3 1881 506 1879
3 2078 1489 2056
3 2158 1888 1517
3 2158 1517 2161
3 1889 1519 1518
3 1889 1518 1890
3 1891 1521 1520
3 1891 1520 1892
3 1890 1518 1522
3 1890 1522 1893
3 1892 1520 1525
3 1892 1525 1894
3 1895 1542 1896
3 1897 1544 1543
3 1897 1543 1898
3 1896 1542 1544
3 1896 1544 1897
3 1898 1543 1517
3 1898 1517 1888
3 1893 1522 1521
3 1893 1521 1891
3 1901 1623 1625
3 1901 1625 1903
3 1905 1639 1638
3 1905 1638 1906
3 1904 1629 1640
3 1904 1640 1907
3 1902 1624 1653
3 1902 1653 1908
3 1908 1653 1654
3 1908 1654 1909
3 1910 1241 842
3 1910 842 1911
3 45 861 860
3 407 1913 45
3 1913 1912 45
3 1912 450 45
3 407 45 860
3 839 389 868
3 839 1915 1914
3 839 1914 389
3 1913 407 1916
3 1919 849 862
3 1919 862 1920
3 1917 856 845
3 1917 845 1921
3 1922 846 859
3 1922 859 1918
3 1923 1911 1078
3 1078 1911 841
3 1911 842 841
3 1924 844 843
3 1924 1916 407
3 1924 407 844
3 1921 845 1241
3 1921 1241 1910
3 1924 843 846
3 1924 846 1922
3 1925 850 849
3 1925 849 1919
3 1926 939 850
3 1926 850 1925
3 1927 1078 1926
3 1926 1078 939
3 1078 1077 939
3 1923 1078 1927
3 2315 1883 1449
3 2315 1449 2316
3 1895 1450 1542
3 1895 1884 1451
3 1895 1451 1450
3 1446 2078 1928
3 1928 2078 2080
3 1489 2078 1446
3 1966 1915 839
3 1966 839 1946
3 1930 389 1914
3 2173 1932 1931
3 2173 1931 2172
3 2176 1935 1934
3 2176 1934 2175
3 2178 1937 1936
3 2178 1936 2177
3 2180 1939 1938
3 2180 1938 2179
3 2177 1936 1940
3 2177 1940 2181
3 2183 1942 1941
3 2183 1941 2182
3 2184 1943 1937
3 2184 1937 2178
3 2179 1938 2171
3 1938 1944 2171
3 2171 1944 1176
3 2186 1946 1945
3 2186 1945 2185
3 2188 1948 1947
3 2188 1947 2187
3 2190 1950 1949
3 2190 1949 2189
3 2192 1954 2025
3 2192 2025 2191
3 2193 1957 1950
3 2193 1950 2190
3 2195 1960 1959
3 2195 1959 2194
3 2185 1945 1948
3 2185 1948 2188
3 2182 1941 1939
3 2182 1939 2180
3 2357 1961 2372
3 2372 1961 2174
3 2372 2174 2370
3 1961 1933 2174
3 2198 1964 1963
3 2198 1963 2197
3 2199 1965 1964
3 2199 1964 2198
3 2197 1963 1935
3 2197 1935 2176
3 2172 1931 1966
3 2172 1966 2200
3 2201 1967 1960
3 2201 1960 2195
3 2189 1949 1954
3 2189 1954 2192
3 2202 1968 1943
3 2202 1943 2184
3 2196 1962 1967
3 2196 1967 2201
3 2200 1966 1946
3 2200 1946 2186
3 2084 1970 1969
3 2084 1969 2083
3 2082 2085 736
3 736 2085 1972
3 736 1972 1971
3 2088 1975 1974
3 2088 1974 2087
3 2089 1976 1975
3 2089 1975 2088
3 1977 736 1971
3 2091 1979 1978
3 2091 1978 2090
3 2092 1980 1970
3 2092 1970 2084
3 2258 1972 2085
3 2258 2085 2270
3 2081 736 2093
3 2093 736 1981
3 736 1977 1981
3 2095 1983 1982
3 2095 1982 2094
3 2097 1987 1986
3 2097 1986 2096
3 2100 1991 1990
3 2100 1990 2099
3 2099 1990 1992
3 2099 1992 2101
3 2103 1994 1993
3 2103 1993 2102
3 2096 1986 1995
3 2096 1995 2104
3 2102 1993 1988
3 2102 1988 2098
3 2105 1996 1987
3 2105 1987 2097
3 2090 1978 1994
3 2090 1994 2103
3 2350 1991 2100
3 2350 2100 2367
3 2101 1992 1983
3 2101 1983 2095
3 2087 1974 1973
3 2087 1973 2086
3 1998 1476 1010
3 1998 1010 1999
3 2002 1005 1006
3 2002 1006 2003
3 2005 993 994
3 2005 994 2006
3 2007 995 996
3 2007 996 2008
3 2006 994 997
3 2006 997 2009
3 2008 996 998
3 2008 998 2010
3 2011 1001 2012
3 2013 1007 1008
3 2013 1008 2014
3 2075 2015 1009
3 2075 1009 2077
3 2016 1011 1007
3 2016 1007 2013
3 2003 1006 1009
3 2003 1009 2015
3 2298 1999 1010
3 2298 1010 2300
3 2000 1012 1011
3 2000 1011 2016
3 2014 1008 992
3 2014 992 2004
3 2019 395 351
3 2019 351 2020
3 2021 176 211
3 2021 211 2022
3 2023 885 100
3 2023 100 2024
3 2026 570 1955
3 2026 1955 2027
3 2029 442 885
3 2029 885 2023
3 2020 351 176
3 2020 176 2021
3 2030 89 570
3 2030 570 2026
3 2018 305 395
3 2018 395 2019
3 2031 1245 1108
3 2031 1108 2032
3 2035 1102 1101
3 2035 1101 2036
3 2012 1103 2037
3 2012 1104 1103
3 2012 1001 1104
3 2038 1105 1102
3 2038 1102 2035
3 2039 1106 1105
3 2039 1105 2038
3 2032 1108 1107
3 2032 1107 2040
3 2037 1103 1109
3 2037 1109 2041
3 2034 1100 1245
3 2034 1245 2031
3 2041 1109 1099
3 2041 1099 2033
3 1504 69 1111
3 69 2043 2042
3 1504 1507 69
3 1111 69 2042
3 2001 1112 1111
3 2001 1111 2042
3 2040 1107 1106
3 2040 1106 2039
3 2191 2025 1953
3 2191 1953 2203
3 2044 717 713
3 2044 713 2045
3 2046 1280 592
3 2046 592 2047
3 2048 805 779
3 2048 779 2049
3 2050 417 1219
3 2050 1219 2051
3 2052 107 1280
3 2052 1280 2046
3 1144 26 2053
3 26 1791 2054
3 711 1791 26
3 2053 26 2054
3 2326 2047 592
3 2326 592 2373
3 2049 779 1449
3 2049 1449 2056
3 2051 1219 805
3 2051 805 2048
3 2055 1197 1144
3 2055 1144 2053
3 2057 712 717
3 2057 717 2044
3 2058 364 417
3 2058 417 2050
3 2059 1513 1484
3 2059 1484 2060
3 2061 1461 1462
3 2061 1462 2062
3 2064 1468 1469
3 2064 1469 2065
3 2234 2066 1470
3 2234 1470 2226
3 2068 1477 1551
3 2068 1551 2069
3 2070 1693 1479
3 2070 1479 2071
3 2072 1483 1655
3 2072 1655 2073
3 2074 1617 1693
3 2074 1693 2070
3 2075 1998 1477
3 2075 1477 2068
3 2076 1478 1476
3 2076 1476 2077
3 2071 1479 1478
3 2071 1478 2076
3 2073 1655 1617
3 2073 1617 2074
3 2060 1484 1483
3 2060 1483 2072
3 2069 1551 1470
3 2069 1470 2066
3 2054 1791 712
3 2054 712 2057
3 1882 2078 1883
3 1883 2078 1449
3 2078 2056 1449
3 2067 1471 1488
3 2067 1488 2079
3 2080 1882 1513
3 2080 1513 2059
3 2063 1463 1461
3 2063 1461 2061
3 2078 1882 2080
3 2077 1476 1998
3 2077 1998 2075
3 2081 744 508
3 2081 508 2082
3 2205 2084 2083
3 2205 2083 2204
3 2082 508 1318
3 2082 1318 2085
3 2087 381 339
3 2087 339 2088
3 2088 339 204
3 2088 204 2089
3 2090 166 1822
3 2090 1822 2091
3 2206 2092 2084
3 2206 2084 2205
3 2207 2085 1318
3 2207 2269 2085
3 2269 2270 2085
3 2093 1843 744
3 2093 744 2081
3 2209 2095 2094
3 2209 2094 2208
3 2213 2097 2096
3 2213 2096 2212
3 2217 2100 2099
3 2217 2099 2216
3 2216 2099 2101
3 2216 2101 2218
3 2220 2103 2102
3 2220 2102 2219
3 2212 2096 2104
3 2212 2104 2221
3 2219 2102 2098
3 2219 2098 2214
3 2222 2105 2097
3 2222 2097 2213
3 2220 34 2103
3 2220 2223 34
3 2103 34 2090
3 34 166 2090
3 2367 2100 2217
3 2367 2217 2366
3 2218 2101 2095
3 2218 2095 2209
3 2086 299 381
3 2086 381 2087
3 2139 1557 2138
3 2138 1557 2106
3 1557 2107 2106
3 2109 733 502
3 2109 502 2110
3 2113 386 221
3 2113 221 2114
3 2108 501 1337
3 2108 1337 2115
3 222 202 2116
3 222 2116 330
3 330 2116 2112
3 2117 164 1816
3 2117 1816 2118
3 2107 1557 2119
3 2120 1839 733
3 2120 733 2109
3 2263 2115 1337
3 2263 1337 2271
3 2114 221 297
3 2114 297 2121
3 2142 2123 2122
3 2142 2122 2141
3 2146 2127 2126
3 2146 2126 2145
3 2369 2130 2149
3 2369 2149 2368
3 2149 2130 2132
3 2149 2132 2151
3 2153 2134 2133
3 2153 2133 2152
3 2145 2126 2135
3 2145 2135 2154
3 2152 2133 2128
3 2152 2128 2147
3 2155 2136 2127
3 2155 2127 2146
3 2153 32 2134
3 2153 2156 32
3 2134 32 2117
3 32 164 2117
3 2154 2135 2131
3 2154 2131 2150
3 2151 2132 2123
3 2151 2123 2142
3 2111 326 386
3 2111 386 2113
3 2138 530 90
3 2138 90 2139
3 2140 530 2138
3 23 567 22
3 22 567 1272
3 22 1272 2144
3 2144 2143 22
3 2145 1127 563
3 2145 563 2146
3 2368 2149 556
3 2368 556 2358
3 2152 560 561
3 2152 561 2153
3 2154 562 1127
3 2154 1127 2145
3 2147 564 560
3 2147 560 2152
3 2146 563 565
3 2146 565 2155
3 2153 561 566
3 2153 566 2156
3 2150 1175 562
3 2150 562 2154
3 2157 585 557
3 2157 557 2148
3 2144 1272 585
3 2144 585 2157
3 2170 1173 680
3 2170 680 2171
3 2177 673 674
3 2177 674 2178
3 2179 675 1126
3 2179 1126 2180
3 2181 677 673
3 2181 673 2177
3 2182 676 678
3 2182 678 2183
3 2178 674 679
3 2178 679 2184
3 2171 680 675
3 2171 675 2179
3 2189 980 1043
3 2189 1043 2190
3 2191 2028 1022
3 2191 1022 2192
3 2190 1043 689
3 2190 689 2193
3 2194 686 1310
3 2194 1310 2195
3 2180 1126 676
3 2180 676 2182
3 2370 2174 672
3 2370 672 2356
3 2195 1310 687
3 2195 687 2201
3 2192 1022 980
3 2192 980 2189
3 2184 679 694
3 2184 694 2202
3 2201 687 681
3 2201 681 2196
3 2203 688 2028
3 2203 2028 2191
3 2204 541 1559
3 2204 1559 2205
3 2205 1559 92
3 2205 92 2206
3 2269 2207 2272
3 21 2124 2125
3 21 2125 2211
3 21 18 20
3 2211 2210 18
3 2211 18 21
3 18 19 20
3 2212 2126 2127
3 2212 2127 2213
3 2371 2217 2216
3 2371 2216 2130
3 2371 2130 2369
3 2219 2133 2134
3 2219 2134 2220
3 2221 2135 2126
3 2221 2126 2212
3 2214 2128 2133
3 2214 2133 2219
3 2213 2127 2136
3 2213 2136 2222
3 33 2223 2220
3 2134 2117 33
3 2117 165 33
3 2134 33 2220
3 2366 2217 2371
3 2224 2137 2129
3 2224 2129 2215
3 2211 2125 2137
3 2211 2137 2224
3 2225 1325 1471
3 2225 1471 2226
3 2228 1312 1313
3 2228 1313 2229
3 2230 1321 1322
3 2230 1322 2231
3 2232 1323 1324
3 2232 1324 2233
3 2234 2067 1312
3 2234 1312 2228
3 2233 1324 1326
3 2233 1326 2235
3 2236 1327 1328
3 2236 1328 2237
3 2238 1329 1330
3 2238 1330 2239
3 2240 1331 1321
3 2240 1321 2230
3 2242 1334 1335
3 2242 1335 2243
3 2244 1336 1331
3 2244 1331 2240
3 2245 1562 1561
3 2245 1561 2246
3 2247 1749 1563
3 2247 1563 2248
3 2249 1769 1564
3 2249 1564 2250
3 2251 1586 1585
3 2251 1585 2252
3 2253 1592 1586
3 2253 1586 2251
3 2252 1585 1562
3 2252 1562 2245
3 2254 1587 1592
3 2254 1592 2253
3 2314 1325 2225
3 2314 2225 2297
3 2235 1326 1332
3 2235 1332 2227
3 2229 1313 1339
3 2229 1339 2255
3 2239 1330 1334
3 2239 1334 2242
3 2256 83 2257
3 83 534 532
3 2256 534 83
3 83 532 472
3 2258 1969 542
3 2258 542 2259
3 2237 1328 1340
3 2237 1340 2260
3 2260 1340 1329
3 2260 1329 2238
3 2250 1564 1749
3 2250 1749 2247
3 2261 1860 1769
3 2261 1769 2249
3 2262 1565 1860
3 2262 1860 2261
3 2263 2106 531
3 2263 531 2264
3 2265 98 1165
3 2265 1165 2266
3 2266 1165 99
3 2266 99 2267
3 2268 1344 1323
3 2268 1323 2232
3 2226 1471 2067
3 2226 2067 2234
3 2269 2204 2083
3 2269 2083 2270
3 2140 2263 2271
3 2140 2138 2106
3 2140 2106 2263
3 2272 541 2204
3 2272 2204 2269
3 2270 2083 1969
3 2270 1969 2258
3 2274 2273 278
3 2274 278 643
3 643 278 642
3 2274 643 625
3 2274 625 2275
3 2281 365 278
3 2281 278 2273
3 2282 1541 851
3 2282 851 2283
3 2284 1464 1465
3 2284 1465 2285
3 2277 236 365
3 2277 365 2281
3 2287 1098 1570
3 2287 1570 2288
3 2289 1703 1056
3 2289 1056 2290
3 2291 909 1675
3 2291 1675 2292
3 2293 1635 1703
3 2293 1703 2289
3 2294 806 778
3 2294 778 2295
3 2296 535 2241
3 2296 2241 2297
3 2298 2017 1098
3 2298 1098 2287
3 2299 972 1013
3 2299 1013 2300
3 2290 1056 972
3 2290 972 2299
3 1472 1279 1482
3 1482 1279 2301
3 1279 2302 2301
3 2302 1279 2303
3 2283 851 909
3 2283 909 2291
3 2288 1570 535
3 2288 535 2296
3 2306 1790 1464
3 2306 1464 2284
3 2308 1485 1792
3 2308 1792 2307
3 2352 2309 584
3 2352 584 2351
3 2312 418 1220
3 2312 1220 2313
3 2314 1333 494
3 2314 494 2286
3 2315 1929 1541
3 2315 1541 2282
3 2275 625 626
3 2275 626 2276
3 2295 778 1448
3 2295 1448 2316
3 2313 1220 806
3 2313 806 2294
3 2292 1675 1635
3 2292 1635 2293
3 2303 1279 584
3 2303 584 2309
3 2317 1490 1491
3 2317 1491 2318
3 2311 1487 1485
3 2311 1485 2308
3 2320 233 418
3 2320 418 2312
3 2297 2241 1333
3 2297 1333 2314
3 2316 1448 1929
3 2316 1929 2315
3 2300 1013 2017
3 2300 2017 2298
3 2321 749 28
3 2321 28 2322
3 2323 27 1813
3 2323 1813 2324
3 2324 1813 195
3 2324 195 2325
3 2325 195 749
3 2325 749 2321
3 2328 2055 1487
3 2328 1487 2329
3 2330 1406 578
3 2330 578 2331
3 2333 1380 1597
3 2333 1597 2334
3 2335 1760 1736
3 2335 1736 2336
3 1069 2339 2338
3 1069 1137 2339
3 1069 1136 1137
3 2340 873 435
3 2340 435 2341
3 2342 1141 1265
3 2342 1265 2343
3 2344 486 873
3 2344 873 2340
3 2345 1069 2338
3 2343 1069 2345
3 2343 1265 1069
3 1265 1140 1069
3 2332 134 2346
3 2347 662 1760
3 2347 1760 2335
3 2348 1875 1785
3 2348 1785 2349
3 2350 1995 1875
3 2350 1875 2348
3 2329 1487 2311
3 2329 2311 2353
3 2331 578 1169
3 2331 1169 2354
3 2355 1174 1173
3 2355 1173 2356
3 2357 1944 1175
3 2357 1175 2358
3 2353 2311 1196
3 2353 1196 2362
3 2334 1597 1356
3 2334 1356 2363
3 2336 1736 1380
3 2336 1380 2333
3 2363 1356 1406
3 2363 1406 2330
3 2349 1785 662
3 2349 662 2347
3 2354 1169 486
3 2354 486 2344
3 1146 268 1124
3 1146 2365 268
3 2365 2364 268
3 2365 1146 1135
3 2365 1135 2337
3 2366 2221 2104
3 2366 2104 2367
3 2368 2150 2131
3 2368 2131 2369
3 2358 1175 2150
3 2358 2150 2368
3 2356 1173 2170
3 2356 2170 2370
3 2369 2131 2371
3 2221 2366 2371
3 2221 2371 2135
3 2135 2371 2131
3 2372 1176 1944
3 2372 1944 2357
3 2370 2170 1176
3 2370 1176 2372
3 2367 2104 1995
3 2367 1995 2350
3 2374 1197 2055
3 2374 2055 2328
3 2376 2377 2378
3 2376 2378 2375
3 2380 2381 2382
3 2380 2382 2379
3 2384 2385 2386
3 2384 2386 2383
3 2388 2389 2390
3 2388 2390 2387
3 2392 2393 2394
3 2392 2394 2391
3 2396 2397 2398
3 2396 2398 2395
3 2400 2401 2402
3 2400 2402 2399
3 2404 2405 2406
3 2404 2406 2403
3 2408 2409 2410
3 2408 2410 2407
3 2412 2413 2414
3 2412 2414 2411
3 2416 2417 2418
3 2416 2418 2415
3 2420 2421 2422
3 2420 2422 2419
3 2424 2425 2426
3 2424 2426 2423
3 2428 2429 2430
3 2428 2430 2427
3 2432 2433 2434
3 2432 2434 2431
3 2436 2437 2438
3 2436 2438 2435
3 2440 2441 2442
3 2440 2442 2439
3 2444 2445 2446
3 2444 2446 2443
3 2448 2449 2450
3 2448 2450 2447
3 2452 2453 2454
3 2452 2454 2451
3 2456 2457 2458
3 2456 2458 2455
3 2460 2461 2462
3 2460 2462 2459
3 2464 2465 2466
3 2464 2466 2463
3 2468 2469 2470
3 2468 2470 2467
3 2472 2473 2474
3 2472 2474 2471
3 2476 2477 2478
3 2476 2478 2475
3 2480 2481 2482
3 2480 2482 2479
3 2484 2485 2486
3 2484 2486 2483
3 2488 2489 2490
3 2488 2490 2487
3 2492 2493 2494
3 2492 2494 2491
3 2496 2497 2498
3 2496 2498 2495
3 2500 2501 2502
3 2500 2502 2499
3 2504 2505 2506
3 2504 2506 2503
3 2508 2509 2510
3 2508 2510 2507
3 2512 2513 2514
3 2512 2514 2511
3 2516 2517 2518
3 2516 2518 2515
3 2520 2521 2522
3 2520 2522 2519
3 2524 2525 2526
3 2524 2526 2523
3 2528 2529 2530
3 2528 2530 2527
3 2532 2533 2534
3 2532 2534 2531
3 2536 2537 2538
3 2536 2538 2535
3 2540 2541 2542
3 2540 2542 2539
3 2544 2545 2546
3 2544 2546 2543
3 2548 2549 2550
3 2548 2550 2547
3 2552 2553 2554
3 2552 2554 2551
3 2556 2557 2558
3 2556 2558 2555
3 2560 2561 2562
3 2560 2562 2559
3 2564 2565 2566
3 2564 2566 2563
3 2568 2569 2570
3 2568 2570 2567
3 2572 2573 2574
3 2572 2574 2571
3 2576 2577 2578
3 2576 2578 2575
3 2580 2581 2582
3 2580 2582 2579
3 2584 2585 2586
3 2584 2586 2583
3 2588 2589 2590
3 2588 2590 2587
3 2592 2593 2594
3 2592 2594 2591
3 2596 2597 2598
3 2596 2598 2595
3 2600 2601 2602
3 2600 2602 2599
3 2604 2605 2606
3 2604 2606 2603
3 2608 2609 2610
3 2608 2610 2607
3 2612 2613 2614
3 2612 2614 2611
3 2616 2617 2618
3 2616 2618 2615
3 2620 2621 2622
3 2620 2622 2619
3 2624 2625 2626
3 2624 2626 2623
3 2628 2629 2630
3 2628 2630 2627
3 2632 2633 2634
3 2632 2634 2631
3 2636 2637 2638
3 2636 2638 2635
3 2640 2641 2642
3 2640 2642 2639
3 2644 2645 2646
3 2644 2646 2643
3 2648 2649 2650
3 2648 2650 2647
3 2652 2653 2654
3 2652 2654 2651
3 2656 2657 2658
3 2656 2658 2655
3 2660 2661 2662
3 2660 2662 2659
3 2664 2665 2666
3 2664 2666 2663
3 2668 2669 2670
3 2668 2670 2667
3 2672 2673 2674
3 2672 2674 2671
3 2676 2677 2678
3 2676 2678 2675
3 2680 2681 2682
3 2680 2682 2679
3 2684 2685 2686
3 2684 2686 2683
3 2688 2689 2690
3 2688 2690 2687
3 2692 2693 2694
3 2692 2694 2691
3 2696 2697 2698
3 2696 2698 2695
3 2700 2701 2702
3 2700 2702 2699
3 2704 2705 2706
3 2704 2706 2703
3 2708 2709 2710
3 2708 2710 2707
3 2712 2713 2714
3 2712 2714 2711
3 2716 2717 2718
3 2716 2718 2715
3 2720 2721 2722
3 2720 2722 2719
3 2724 2725 2726
3 2724 2726 2723
3 2728 2729 2730
3 2728 2730 2727
3 2732 2733 2734
3 2732 2734 2731
3 2736 2737 2738
3 2736 2738 2735
3 2740 2741 2742
3 2740 2742 2739
3 2744 2745 2746
3 2744 2746 2743
3 2748 2749 2750
3 2748 2750 2747
3 2752 2753 2754
3 2752 2754 2751
3 2756 2757 2758
3 2756 2758 2755
3 2760 2761 2762
3 2760 2762 2759
3 2764 2765 2766
3 2764 2766 2763
3 2768 2769 2770
3 2768 2770 2767
3 2772 2773 2774
3 2772 2774 2771
3 2776 2777 2778
3 2776 2778 2775
3 2780 2781 2782
3 2780 2782 2779
3 2784 2785 2786
3 2784 2786 2783
3 2788 2789 2790
3 2788 2790 2787
3 2792 2793 2794
3 2792 2794 2791
3 2796 2797 2798
3 2796 2798 2795
3 2800 2801 2802
3 2800 2802 2799
3 2804 2805 2806
3 2804 2806 2803
3 2808 2809 2810
3 2808 2810 2807
3 2812 2813 2814
3 2812 2814 2811
3 2816 2817 2818
3 2816 2818 2815
3 2820 2821 2822
3 2820 2822 2819
3 2824 2825 2826
3 2824 2826 2823
3 2828 2829 2830
3 2828 2830 2827
3 2832 2833 2834
3 2832 2834 2831
3 2836 2837 2838
3 2836 2838 2835
3 2840 2841 2842
3 2840 2842 2839
3 2844 2845 2846
3 2844 2846 2843
3 2848 2849 2850
3 2848 2850 2847
3 2852 2853 2854
3 2852 2854 2851
3 2856 2857 2858
3 2856 2858 2855
3 2860 2861 2862
3 2860 2862 2859
3 2864 2865 2866
3 2864 2866 2863
3 2868 2869 2870
3 2868 2870 2867
3 2872 2873 2874
3 2872 2874 2871
3 2876 2877 2878
3 2876 2878 2875
3 2880 2881 2882
3 2880 2882 2879
3 2884 2885 2886
3 2884 2886 2883
3 2888 2889 2890
3 2888 2890 2887
3 2892 2893 2894
3 2892 2894 2891
3 2896 2897 2898
3 2896 2898 2895
3 2900 2901 2902
3 2900 2902 2899
3 2904 2905 2906
3 2904 2906 2903
3 2908 2909 2910
3 2908 2910 2907
3 2912 2913 2914
3 2912 2914 2911
3 2916 2917 2918
3 2916 2918 2915
3 2920 2921 2922
3 2920 2922 2919
3 2924 2925 2926
3 2924 2926 2923
3 2928 2929 2930
3 2928 2930 2927
3 2932 2933 2934
3 2932 2934 2931
3 2936 2937 2938
3 2936 2938 2935
3 2940 2941 2942
3 2940 2942 2939
3 2944 2945 2946
3 2944 2946 2943
3 2948 2949 2950
3 2948 2950 2947
3 2952 2953 2954
3 2952 2954 2951
3 2956 2957 2958
3 2956 2958 2955
3 2960 2961 2962
3 2960 2962 2959
3 2964 2965 2966
3 2964 2966 2963
3 2968 2969 2970
3 2968 2970 2967
3 2972 2973 2974
3 2972 2974 2971
3 2976 2977 2978
3 2976 2978 2975
3 2980 2981 2982
3 2980 2982 2979
3 2984 2985 2986
3 2984 2986 2983
3 2988 2989 2990
3 2988 2990 2987
3 2992 2993 2994
3 2992 2994 2991
3 2996 2997 2998
3 2996 2998 2995
3 3000 3001 3002
3 3000 3002 2999
3 3004 3005 3006
3 3004 3006 3003
3 3008 3009 3010
3 3008 3010 3007
3 3012 3013 3014
3 3012 3014 3011
3 3016 3017 3018
3 3016 3018 3015
3 3020 3021 3022
3 3020 3022 3019
3 3024 3025 3026
3 3024 3026 3023
3 3028 3029 3030
3 3028 3030 3027
3 3032 3033 3034
3 3032 3034 3031
3 3036 3037 3038
3 3036 3038 3035
3 3040 3041 3042
3 3040 3042 3039
3 3044 3045 3046
3 3044 3046 3043
3 3048 3049 3050
3 3048 3050 3047
3 3052 3053 3054
3 3052 3054 3051
3 3056 3057 3058
3 3056 3058 3055
3 3060 3061 3062
3 3060 3062 3059
3 3064 3065 3066
3 3064 3066 3063
3 3068 3069 3070
3 3068 3070 3067
3 3072 3073 3074
3 3072 3074 3071
3 3076 3077 3078
3 3076 3078 3075
3 3080 3081 3082
3 3080 3082 3079
3 3084 3085 3086
3 3084 3086 3083
3 3088 3089 3090
3 3088 3090 3087
3 3092 3093 3094
3 3092 3094 3091
3 3096 3097 3098
3 3096 3098 3095
3 3100 3101 3102
3 3100 3102 3099
3 3104 3105 3106
3 3104 3106 3103
3 3108 3109 3110
3 3108 3110 3107
3 3112 3113 3114
3 3112 3114 3111
3 3116 3117 3118
3 3116 3118 3115
3 3120 3121 3122
3 3120 3122 3119
3 3124 3125 3126
3 3124 3126 3123
3 3128 3129 3130
3 3128 3130 3127
3 3132 3133 3134
3 3132 3134 3131
3 3136 3137 3138
3 3136 3138 3135
3 3140 3141 3142
3 3140 3142 3139
3 3144 3145 3146
3 3144 3146 3143
3 3148 3149 3150
3 3148 3150 3147
3 3152 3153 3154
3 3152 3154 3151
3 3156 3157 3158
3 3156 3158 3155
3 3160 3161 3162
3 3160 3162 3159
3 3164 3165 3166
3 3164 3166 3163
3 3168 3169 3170
3 3168 3170 3167
3 3172 3173 3174
3 3172 3174 3171
3 3176 3177 3178
3 3176 3178 3175
3 3180 3181 3182
3 3180 3182 3179
3 3184 3185 3186
3 3184 3186 3183
3 3188 3189 3190
3 3188 3190 3187
3 3192 3193 3194
3 3192 3194 3191
3 3196 3197 3198
3 3196 3198 3195
3 3200 3201 3202
3 3200 3202 3199
3 3204 3205 3206
3 3204 3206 3203
3 3208 3209 3210
3 3208 3210 3207
3 3212 3213 3214
3 3212 3214 3211
3 3216 3217 3218
3 3216 3218 3215
3 3220 3221 3222
3 3220 3222 3219
3 3224 3225 3226
3 3224 3226 3223
3 3228 3229 3230
3 3228 3230 3227
3 3232 3233 3234
3 3232 3234 3231
3 3236 3237 3238
3 3236 3238 3235
3 3240 3241 3242
3 3240 3242 3239
3 3244 3245 3246
3 3244 3246 3243
3 3248 3249 3250
3 3248 3250 3247
3 3252 3253 3254
3 3252 3254 3251
3 3256 3257 3258
3 3256 3258 3255
3 3260 3261 3262
3 3260 3262 3259
3 3264 3265 3266
3 3264 3266 3263
3 3268 3269 3270
3 3268 3270 3267
3 3272 3273 3274
3 3272 3274 3271
3 3276 3277 3278
3 3276 3278 3275
3 3280 3281 3282
3 3280 3282 3279
3 3284 3285 3286
3 3284 3286 3283
3 3288 3289 3290
3 3288 3290 3287
3 3292 3293 3294
3 3292 3294 3291
3 3296 3297 3298
3 3296 3298 3295
3 3300 3301 3302
3 3300 3302 3299
3 3304 3305 3306
3 3304 3306 3303
3 3308 3309 3310
3 3308 3310 3307
3 3312 3313 3314
3 3312 3314 3311
3 3316 3317 3318
3 3316 3318 3315
3 3320 3321 3322
3 3320 3322 3319
3 3324 3325 3326
3 3324 3326 3323
3 3328 3329 3330
3 3328 3330 3327
3 3332 3333 3334
3 3332 3334 3331
3 3336 3337 3338
3 3336 3338 3335
3 3340 3341 3342
3 3340 3342 3339
3 3344 3345 3346
3 3344 3346 3343
3 3348 3349 3350
3 3348 3350 3347
3 3352 3353 3354
3 3352 3354 3351
3 3356 3357 3358
3 3356 3358 3355
3 3360 3361 3362
3 3360 3362 3359
3 3364 3365 3366
3 3364 3366 3363
3 3368 3369 3370
3 3368 3370 3367
3 3372 3373 3374
3 3372 3374 3371
3 3376 3377 3378
3 3376 3378 3375
3 3380 3381 3382
3 3380 3382 3379
3 3384 3385 3386
3 3384 3386 3383
3 3388 3389 3390
3 3388 3390 3387
3 3392 3393 3394
3 3392 3394 3391
3 3396 3397 3398
3 3396 3398 3395
3 3400 3401 3402
3 3400 3402 3399
3 3404 3405 3406
3 3404 3406 3403
3 3408 3409 3410
3 3408 3410 3407
3 3412 3413 3414
3 3412 3414 3411
3 3416 3417 3418
3 3416 3418 3415
3 3420 3421 3422
3 3420 3422 3419
3 3424 3425 3426
3 3424 3426 3423
3 3428 3429 3430
3 3428 3430 3427
3 3432 3433 3434
3 3432 3434 3431
3 3436 3437 3438
3 3436 3438 3435
3 3440 3441 3442
3 3440 3442 3439
3 3444 3445 3446
3 3444 3446 3443
3 3448 3449 3450
3 3448 3450 3447
3 3452 3453 3454
3 3452 3454 3451
3 3456 3457 3458
3 3456 3458 3455
3 3460 3461 3462
3 3460 3462 3459
3 3464 3465 3466
3 3464 3466 3463
3 3468 3469 3470
3 3468 3470 3467
3 3472 3473 3474
3 3472 3474 3471
3 3476 3477 3478
3 3476 3478 3475
3 3480 3481 3482
3 3480 3482 3479
3 3484 3485 3486
3 3484 3486 3483
3 3488 3489 3490
3 3488 3490 3487
3 3492 3493 3494
3 3492 3494 3491
3 3496 3497 3498
3 3496 3498 3495
3 3500 3501 3502
3 3500 3502 3499
3 3504 3505 3506
3 3504 3506 3503
3 3508 3509 3510
3 3508 3510 3507
3 3512 3513 3514
3 3512 3514 3511
3 3516 3517 3518
3 3516 3518 3515
3 3520 3521 3522
3 3520 3522 3519
3 3524 3525 3526
3 3524 3526 3523
3 3528 3529 3530
3 3528 3530 3527
3 3532 3533 3534
3 3532 3534 3531
3 3536 3537 3538
3 3536 3538 3535
3 3540 3541 3542
3 3540 3542 3539
3 3544 3545 3546
3 3544 3546 3543
3 3548 3549 3550
3 3548 3550 3547
3 3552 3553 3554
3 3552 3554 3551
3 3556 3557 3558
3 3556 3558 3555
3 3560 3561 3562
3 3560 3562 3559
3 3564 3565 3566
3 3564 3566 3563
3 3568 3569 3570
3 3568 3570 3567
3 3572 3573 3574
3 3572 3574 3571
3 3576 3577 3578
3 3576 3578 3575
3 3580 3581 3582
3 3580 3582 3579
3 3584 3585 3586
3 3584 3586 3583
3 3588 3589 3590
3 3588 3590 3587
3 3592 3593 3594
3 3592 3594 3591
3 3596 3597 3598
3 3596 3598 3595
3 3600 3601 3602
3 3600 3602 3599
3 3604 3605 3606
3 3604 3606 3603
3 3608 3609 3610
3 3608 3610 3607
3 3612 3613 3614
3 3612 3614 3611
3 3616 3617 3618
3 3616 3618 3615
3 3620 3621 3622
3 3620 3622 3619
3 3624 3625 3626
3 3624 3626 3623
3 3628 3629 3630
3 3628 3630 3627
3 3632 3633 3634
3 3632 3634 3631
3 3636 3637 3638
3 3636 3638 3635
3 3640 3641 3642
3 3640 3642 3639
3 3644 3645 3646
3 3644 3646 3643
3 3648 3649 3650
3 3648 3650 3647
3 3652 3653 3654
3 3652 3654 3651
3 3656 3657 3658
3 3656 3658 3655
3 3660 3661 3662
3 3660 3662 3659
3 3664 3665 3666
3 3664 3666 3663
3 3668 3669 3670
3 3668 3670 3667
3 3672 3673 3674
3 3672 3674 3671
3 3676 3677 3678
3 3676 3678 3675
3 3680 3681 3682
3 3680 3682 3679
3 3684 3685 3686
3 3684 3686 3683
3 3688 3689 3690
3 3688 3690 3687
3 3692 3693 3694
3 3692 3694 3691
3 3696 3697 3698
3 3696 3698 3695
3 3700 3701 3702
3 3700 3702 3699
3 3704 3705 3706
3 3704 3706 3703
3 3708 3709 3710
3 3708 3710 3707
3 3712 3713 3714
3 3712 3714 3711
3 3716 3717 3718
3 3716 3718 3715
3 3720 3721 3722
3 3720 3722 3719
3 3724 3725 3726
3 3724 3726 3723
3 3728 3729 3730
3 3728 3730 3727
3 3732 3733 3734
3 3732 3734 3731
3 3736 3737 3738
3 3736 3738 3735
3 3740 3741 3742
3 3740 3742 3739
3 3744 3745 3746
3 3744 3746 3743
3 3748 3749 3750
3 3748 3750 3747
3 3752 3753 3754
3 3752 3754 3751
3 3756 3757 3758
3 3756 3758 3755
3 3760 3761 3762
3 3760 3762 3759
3 3764 3765 3766
3 3764 3766 3763
3 3768 3769 3770
3 3768 3770 3767
3 3772 3773 3774
3 3772 3774 3771
3 3776 3777 3778
3 3776 3778 3775
3 3780 3781 3782
3 3780 3782 3779
3 3784 3785 3786
3 3784 3786 3783
3 3788 3789 3790
3 3788 3790 3787
3 3792 3793 3794
3 3792 3794 3791
3 3796 3797 3798
3 3796 3798 3795
3 3800 3801 3802
3 3800 3802 3799
3 3804 3805 3806
3 3804 3806 3803
3 3808 3809 3810
3 3808 3810 3807
3 3812 3813 3814
3 3812 3814 3811
3 3816 3817 3818
3 3816 3818 3815
3 3820 3821 3822
3 3820 3822 3819
3 3824 3825 3826
3 3824 3826 3823
3 3828 3829 3830
3 3828 3830 3827
3 3832 3833 3834
3 3832 3834 3831
3 3836 3837 3838
3 3836 3838 3835
3 3840 3841 3842
3 3840 3842 3839
3 3844 3845 3846
3 3844 3846 3843
3 3848 3849 3850
3 3848 3850 3847
3 3852 3853 3854
3 3852 3854 3851
3 3856 3857 3858
3 3856 3858 3855
3 3860 3861 3862
3 3860 3862 3859
3 3864 3865 3866
3 3864 3866 3863
3 3868 3869 3870
3 3868 3870 3867
3 3872 3873 3874
3 3872 3874 3871
3 3876 3877 3878
3 3876 3878 3875
3 3880 3881 3882
3 3880 3882 3879
3 3884 3885 3886
3 3884 3886 3883
3 3888 3889 3890
3 3888 3890 3887
3 3892 3893 3894
3 3892 3894 3891
3 3896 3897 3898
3 3896 3898 3895
3 3900 3901 3902
3 3900 3902 3899
3 3904 3905 3906
3 3904 3906 3903
3 3908 3909 3910
3 3908 3910 3907
3 3912 3913 3914
3 3912 3914 3911
3 3916 3917 3918
3 3916 3918 3915
3 3920 3921 3922
3 3920 3922 3919
3 3924 3925 3926
3 3924 3926 3923
3 3928 3929 3930
3 3928 3930 3927
3 3932 3933 3934
3 3932 3934 3931
3 3936 3937 3938
3 3936 3938 3935
3 3940 3941 3942
3 3940 3942 3939
3 3944 3945 3946
3 3944 3946 3943
3 3948 3949 3950
3 3948 3950 3947
3 3952 3953 3954
3 3952 3954 3951
3 3956 3957 3958
3 3956 3958 3955
3 3960 3961 3962
3 3960 3962 3959
3 3964 3965 3966
3 3964 3966 3963
3 3968 3969 3970
3 3968 3970 3967
3 3972 3973 3974
3 3972 3974 3971
3 3976 3977 3978
3 3976 3978 3975
3 3980 3981 3982
3 3980 3982 3979
3 3984 3985 3986
3 3984 3986 3983
3 3988 3989 3990
3 3988 3990 3987
3 3992 3993 3994
3 3992 3994 3991
3 3996 3997 3998
3 3996 3998 3995
3 4000 4001 4002
3 4000 4002 3999
3 4004 4005 4006
3 4004 4006 4003
3 4008 4009 4010
3 4008 4010 4007
3 4012 4013 4014
3 4012 4014 4011
3 4016 4017 4018
3 4016 4018 4015
3 4020 4021 4022
3 4020 4022 4019
3 4024 4025 4026
3 4024 4026 4023
3 4028 4029 4030
3 4028 4030 4027
3 4032 4033 4034
3 4032 4034 4031
3 4036 4037 4038
3 4036 4038 4035
3 4040 4041 4042
3 4040 4042 4039
3 4044 4045 4046
3 4044 4046 4043
3 4048 4049 4050
3 4048 4050 4047
3 4052 4053 4054
3 4052 4054 4051
3 4056 4057 4058
3 4056 4058 4055
3 4060 4061 4062
3 4060 4062 4059
3 4064 4065 4066
3 4064 4066 4063
3 4068 4069 4070
3 4068 4070 4067
3 4072 4073 4074
3 4072 4074 4071
3 4076 4077 4078
3 4076 4078 4075
3 4080 4081 4082
3 4080 4082 4079
3 4084 4085 4086
3 4084 4086 4083
3 4088 4089 4090
3 4088 4090 4087
3 4092 4093 4094
3 4092 4094 4091
3 4096 4097 4098
3 4096 4098 4095
3 4100 4101 4102
3 4100 4102 4099
3 4104 4105 4106
3 4104 4106 4103
3 4108 4109 4110
3 4108 4110 4107
3 4112 4113 4114
3 4112 4114 4111
3 4116 4117 4118
3 4116 4118 4115
3 4120 4121 4122
3 4120 4122 4119
3 4124 4125 4126
3 4124 4126 4123
3 4128 4129 4130
3 4128 4130 4127
3 4132 4133 4134
3 4132 4134 4131
3 4136 4137 4138
3 4136 4138 4135
3 4140 4141 4142
3 4140 4142 4139
3 4144 4145 4146
3 4144 4146 4143
3 4148 4149 4150
3 4148 4150 4147
3 4152 4153 4154
3 4152 4154 4151
3 4156 4157 4158
3 4156 4158 4155
3 4160 4161 4162
3 4160 4162 4159
3 4164 4165 4166
3 4164 4166 4163
3 4168 4169 4170
3 4168 4170 4167
3 4172 4173 4174
3 4172 4174 4171
3 4176 4177 4178
3 4176 4178 4175
3 4180 4181 4182
3 4180 4182 4179
3 4184 4185 4186
3 4184 4186 4183
3 4188 4189 4190
3 4188 4190 4187
3 4192 4193 4194
3 4192 4194 4191
3 4196 4197 4198
3 4196 4198 4195
3 4200 4201 4202
3 4200 4202 4199
3 4231 4232 4234
3 4239 4257 4238
3 4217 4214 4216
3 4218 4270 4217
3 4294 4297 4291
3 4269 4270 4218
3 4216 4214 4215
3 4272 4270 4271
3 4269 4218 4221
3 4269 4221 4266
3 4268 4269 4267
3 4261 4235 4260
3 4226 4262 4225
3 4242 4243 4256
3 4229 4261 4226
3 4272 4273 4270
3 4243 4244 4245
3 4243 4253 4256
3 4256 4253 4255
3 4286 4304 4305
3 4285 4286 4284
3 4273 4217 4270
3 4310 4203 4309
3 4278 4209 4210
3 4282 4206 4209
3 4221 4218 4220
3 4274 4214 4273
3 4274 4276 4277
3 4274 4213 4214
3 4273 4214 4217
3 4213 4211 4212
3 4213 4210 4211
3 4206 4208 4209
3 4281 4209 4278
3 4210 4213 4277
3 4218 4219 4220
3 4265 4225 4262
3 4263 4265 4262
3 4267 4269 4266
3 4225 4222 4224
3 4266 4221 4222
3 4266 4222 4265
3 4222 4223 4224
3 4265 4222 4225
3 4226 4227 4228
3 4262 4226 4261
3 4230 4231 4229
3 4228 4229 4226
3 4260 4235 4238
3 4234 4235 4261
3 4231 4261 4229
3 4236 4237 4235
3 4231 4234 4261
3 4234 4232 4233
3 4242 4239 4240
3 4238 4235 4237
3 4240 4241 4242
3 4239 4242 4257
3 4249 4252 4246
3 4245 4246 4243
3 4252 4253 4243
3 4253 4254 4255
3 4256 4257 4242
3 4257 4260 4238
3 4265 4263 4264
3 4260 4258 4259
3 4260 4257 4258
3 4274 4277 4213
3 4286 4283 4284
3 4274 4275 4276
3 4250 4251 4252
3 4246 4252 4243
3 4247 4249 4246
3 4250 4252 4249
3 4248 4249 4247
3 4290 4288 4289
3 4291 4292 4293
3 4291 4300 4290
3 4287 4290 4301
3 4294 4291 4293
3 4300 4297 4298
3 4287 4288 4290
3 4294 4296 4297
3 4303 4301 4302
3 4297 4300 4291
3 4294 4295 4296
3 4286 4287 4304
3 4290 4300 4301
3 4300 4298 4299
3 4301 4303 4304
3 4309 4204 4282
3 4287 4301 4304
3 4283 4286 4305
3 4280 4278 4279
3 4280 4281 4278
3 4277 4278 4210
3 4308 4309 4282
3 4281 4282 4209
3 4309 4203 4204
3 4282 4204 4206
3 4208 4206 4207
3 4206 4204 4205
3 4307 4308 4305
3 4308 4282 4283
3 4305 4308 4283
3 4306 4307 4305
