OFF
1852 2879 0
833809.280000001192 816286.239999994636 174.779999971390
833817.920000076294 816283.920000076294 174.779999971390
833819.679999351501 816290.719999790192 174.779999971390
833825.119998931885 816311.039999008179 174.779999971390
833826.719999313354 816317.119998931885 174.779999971390
833824.319999694824 816318.079998016357 174.779999971390
833822.000000000000 816319.040000915527 174.779999971390
833782.480001449585 816329.599998474121 174.779999971390
833778.239999771118 816330.239997863770 174.779999971390
833776.639999389648 816324.159999847412 174.779999971390
833786.560001373291 816328.879997253418 174.779999971390
833787.040000915527 816328.799999237061 174.779999971390
833794.480000495911 816327.279998779297 174.779999971390
833771.200000762939 816303.840000152588 174.779999971390
833769.440002441406 816296.960000038147 174.779999971390
833778.000000000000 816294.720000267029 174.779999971390
833798.480000495911 816326.479999542236 174.779999971390
833802.480000019073 816325.439998626709 174.779999971390
833805.920000076294 816324.479999542236 174.779999971390
833809.199999988079 816323.520000457764 174.779999971390
833812.720000028610 816322.399997711182 174.779999971390
833815.039999961853 816321.599998474121 174.779999971390
833817.439999580383 816320.719997406006 174.779999971390
833818.479999542236 816320.399997711182 174.779999971390
833819.679999351501 816319.919998168945 174.779999971390
833809.280000001192 816286.239999994636 29.154998779297
833817.920000076294 816283.920000076294 29.154998779297
833819.679999351501 816290.719999790192 29.154998779297
833825.119998931885 816311.039999008179 29.154998779297
833826.719999313354 816317.119998931885 29.154998779297
833824.319999694824 816318.079998016357 29.154998779297
833822.000000000000 816319.040000915527 29.154998779297
833819.679999351501 816319.919998168945 29.154998779297
833818.479999542236 816320.399997711182 29.154998779297
833817.439999580383 816320.719997406006 29.154998779297
833815.039999961853 816321.599998474121 29.154998779297
833812.720000028610 816322.399997711182 29.154998779297
833809.199999988079 816323.520000457764 29.154998779297
833805.920000076294 816324.479999542236 29.154998779297
833802.480000019073 816325.439998626709 29.154998779297
833798.480000495911 816326.479999542236 29.154998779297
833794.480000495911 816327.279998779297 29.154998779297
833787.040000915527 816328.799999237061 29.154998779297
833786.560001373291 816328.879997253418 29.154998779297
833782.480001449585 816329.599998474121 29.154998779297
833778.239999771118 816330.239997863770 29.154998779297
833776.639999389648 816324.159999847412 29.154998779297
833771.200000762939 816303.840000152588 29.154998779297
833769.440002441406 816296.960000038147 29.154998779297
833778.000000000000 816294.720000267029 29.154998779297
833779.920000076294 816313.760000228882 211.528690338135
833779.680000305176 816313.199998855591 211.528690338135
833779.680000305176 816313.199998855591 214.862693786621
833778.800001144409 816309.920000076294 211.528690338135
833778.560001373291 816309.279998779297 211.528690338135
833778.560001373291 816309.279998779297 215.528690338135
833778.800001144409 816309.920000076294 214.862693786621
833778.560001373291 816309.279998779297 210.195701599121
833778.560001373291 816309.279998779297 210.862693786621
833779.040000915527 816310.559999465942 210.862693786621
833779.200000762939 816311.199998855591 210.195701599121
833779.200000762939 816311.199998855591 213.528690338135
833779.040000915527 816310.559999465942 214.195701599121
833779.520000457764 816312.479999542236 214.195701599121
833779.360000610352 816311.840000152588 213.528690338135
833779.520000457764 816312.479999542236 210.862693786621
833779.360000610352 816311.840000152588 210.195701599121
833780.159999847412 816315.119998931885 210.195701599121
833780.079999923706 816314.479999542236 210.862693786621
833780.159999847412 816315.119998931885 215.528690338135
833780.079999923706 816314.479999542236 214.862693786621
833779.920000076294 816313.760000228882 214.862693786621
833778.880001068115 816309.279998779297 210.195701599121
833778.880001068115 816309.279998779297 210.862693786621
833779.200000762939 816310.559999465942 210.862693786621
833779.200000762939 816310.559999465942 214.195701599121
833779.840000152588 816312.479999542236 214.195701599121
833779.840000152588 816312.479999542236 210.862693786621
833780.159999847412 816314.399999618530 210.862693786621
833780.159999847412 816314.399999618530 214.862693786621
833780.079999923706 816313.760000228882 214.862693786621
833780.079999923706 816313.760000228882 211.528690338135
833779.920000076294 816313.119998931885 211.528690338135
833779.920000076294 816313.119998931885 214.862693786621
833779.040000915527 816309.920000076294 214.862693786621
833779.040000915527 816309.920000076294 211.528690338135
833778.880001068115 816309.279998779297 211.528690338135
833778.880001068115 816309.279998779297 215.528690338135
833780.400001525879 816315.039999008179 215.528690338135
833780.400001525879 816315.039999008179 210.195701599121
833779.520000457764 816311.840000152588 210.195701599121
833779.520000457764 816311.840000152588 213.528690338135
833779.360000610352 816311.199998855591 213.528690338135
833779.360000610352 816311.199998855591 210.195701599121
833777.280000686646 816324.079998016357 200.329999923706
833776.639999389648 816324.159999847412 200.329999923706
833771.200000762939 816303.840000152588 200.329999923706
833771.840000152588 816303.600000381470 200.329999923706
833771.200000762939 816301.199999809265 200.329999923706
833773.200000762939 816300.719999313354 200.329999923706
833772.880001068115 816299.519999504089 200.329999923706
833775.280002593994 816298.880000114441 200.329999923706
833774.560001373291 816296.399999618530 200.329999923706
833778.239999771118 816295.359999656677 200.329999923706
833778.000000000000 816294.720000267029 200.329999923706
833809.280000001192 816286.239999994636 200.329999923706
833809.519999980927 816287.039999961853 200.329999923706
833813.119999885559 816286.000000000000 200.329999923706
833813.759999752045 816288.480000019073 200.329999923706
833816.159999847412 816287.839999914169 200.329999923706
833816.480000019073 816288.960000038147 200.329999923706
833818.399999618530 816288.480000019073 200.329999923706
833819.039999961853 816290.880000114441 200.329999923706
833819.679999351501 816290.719999790192 200.329999923706
833825.119998931885 816311.039999008179 200.329999923706
833824.479999542236 816311.199998855591 200.329999923706
833825.119998931885 816313.519998550415 200.329999923706
833823.199999809265 816314.079999923706 200.329999923706
833823.519999504089 816315.279998779297 200.329999923706
833821.119999885559 816315.920000076294 200.329999923706
833821.759999275208 816318.319999694824 200.329999923706
833819.359999656677 816319.279998779297 200.329999923706
833818.239999771118 816319.680000305176 200.329999923706
833818.479999542236 816320.399997711182 200.329999923706
833817.439999580383 816320.719997406006 200.329999923706
833815.039999961853 816321.599998474121 200.329999923706
833812.720000028610 816322.399997711182 200.329999923706
833809.199999988079 816323.520000457764 200.329999923706
833805.920000076294 816324.479999542236 200.329999923706
833802.480000019073 816325.439998626709 200.329999923706
833798.480000495911 816326.479999542236 200.329999923706
833794.480000495911 816327.279998779297 200.329999923706
833787.040000915527 816328.799999237061 200.329999923706
833786.800001144409 816328.079998016357 200.329999923706
833786.480001449585 816328.159999847412 200.329999923706
833783.120000839233 816328.719997406006 200.329999923706
833782.560001373291 816326.399997711182 200.329999923706
833780.159999847412 816327.040000915527 200.329999923706
833779.840000152588 816325.919998168945 200.329999923706
833777.760000228882 816326.399997711182 200.329999923706
833779.840000152588 816325.919998168945 174.779999971390
833777.760000228882 816326.399997711182 174.779999971390
833777.280000686646 816324.079998016357 174.779999971390
833771.840000152588 816303.600000381470 174.779999971390
833771.200000762939 816301.199999809265 174.779999971390
833773.200000762939 816300.719999313354 174.779999971390
833772.880001068115 816299.519999504089 174.779999971390
833775.280002593994 816298.880000114441 174.779999971390
833774.560001373291 816296.399999618530 174.779999971390
833778.239999771118 816295.359999656677 174.779999971390
833809.519999980927 816287.039999961853 174.779999971390
833813.119999885559 816286.000000000000 174.779999971390
833813.759999752045 816288.480000019073 174.779999971390
833816.159999847412 816287.839999914169 174.779999971390
833816.480000019073 816288.960000038147 174.779999971390
833818.399999618530 816288.480000019073 174.779999971390
833819.039999961853 816290.880000114441 174.779999971390
833824.479999542236 816311.199998855591 174.779999971390
833825.119998931885 816313.519998550415 174.779999971390
833823.199999809265 816314.079999923706 174.779999971390
833823.519999504089 816315.279998779297 174.779999971390
833821.119999885559 816315.920000076294 174.779999971390
833821.759999275208 816318.319999694824 174.779999971390
833819.359999656677 816319.279998779297 174.779999971390
833818.239999771118 816319.680000305176 174.779999971390
833786.800001144409 816328.079998016357 174.779999971390
833786.480001449585 816328.159999847412 174.779999971390
833783.120000839233 816328.719997406006 174.779999971390
833782.560001373291 816326.399997711182 174.779999971390
833780.159999847412 816327.040000915527 174.779999971390
833773.200000762939 816300.719999313354 206.114997863770
833772.880001068115 816299.519999504089 206.114997863770
833775.280002593994 816298.880000114441 206.114997863770
833778.000000000000 816294.720000267029 206.114997863770
833809.280000001192 816286.239999994636 206.114997863770
833809.519999980927 816287.039999961853 206.114997863770
833778.239999771118 816295.359999656677 206.114997863770
833810.240000009537 816289.439999818802 206.114997863770
833778.880001068115 816297.920000076294 206.114997863770
833813.759999752045 816288.480000019073 206.114997863770
833816.159999847412 816287.839999914169 206.114997863770
833816.480000019073 816288.960000038147 206.114997863770
833817.119999885559 816291.359999656677 206.114997863770
833819.039999961853 816290.880000114441 206.114997863770
833819.679999351501 816290.719999790192 206.114997863770
833825.119998931885 816311.039999008179 206.114997863770
833824.479999542236 816311.199998855591 206.114997863770
833822.559999465942 816311.840000152588 206.114997863770
833823.199999809265 816314.079999923706 206.114997863770
833823.519999504089 816315.279998779297 206.114997863770
833821.119999885559 816315.920000076294 206.114997863770
833817.519999504089 816316.879999160767 206.114997863770
833818.239999771118 816319.680000305176 206.114997863770
833818.479999542236 816320.399997711182 206.114997863770
833817.439999580383 816320.719997406006 206.114997863770
833815.039999961853 816321.599998474121 206.114997863770
833812.720000028610 816322.399997711182 206.114997863770
833809.199999988079 816323.520000457764 206.114997863770
833805.920000076294 816324.479999542236 206.114997863770
833802.480000019073 816325.439998626709 206.114997863770
833798.480000495911 816326.479999542236 206.114997863770
833794.480000495911 816327.279998779297 206.114997863770
833787.040000915527 816328.799999237061 206.114997863770
833786.800001144409 816328.079998016357 206.114997863770
833786.079999923706 816325.439998626709 206.114997863770
833782.560001373291 816326.399997711182 206.114997863770
833780.159999847412 816327.040000915527 206.114997863770
833779.840000152588 816325.919998168945 206.114997863770
833779.200000762939 816323.520000457764 206.114997863770
833777.280000686646 816324.079998016357 206.114997863770
833776.639999389648 816324.159999847412 206.114997863770
833771.200000762939 816303.840000152588 206.114997863770
833771.840000152588 816303.600000381470 206.114997863770
833773.760002136230 816303.039999008179 206.114997863770
833777.280000686646 816324.079998016357 200.329999923706
833776.639999389648 816324.159999847412 200.329999923706
833771.200000762939 816303.840000152588 200.329999923706
833771.840000152588 816303.600000381470 200.329999923706
833773.760002136230 816303.039999008179 200.329999923706
833773.200000762939 816300.719999313354 200.329999923706
833772.880001068115 816299.519999504089 200.329999923706
833775.280002593994 816298.880000114441 200.329999923706
833778.880001068115 816297.920000076294 200.329999923706
833778.000000000000 816294.720000267029 200.329999923706
833809.280000001192 816286.239999994636 200.329999923706
833810.240000009537 816289.439999818802 200.329999923706
833813.759999752045 816288.480000019073 200.329999923706
833816.159999847412 816287.839999914169 200.329999923706
833817.119999885559 816291.359999656677 200.329999923706
833819.039999961853 816290.880000114441 200.329999923706
833819.679999351501 816290.719999790192 200.329999923706
833825.119998931885 816311.039999008179 200.329999923706
833824.479999542236 816311.199998855591 200.329999923706
833822.559999465942 816311.840000152588 200.329999923706
833823.199999809265 816314.079999923706 200.329999923706
833823.519999504089 816315.279998779297 200.329999923706
833821.119999885559 816315.920000076294 200.329999923706
833817.519999504089 816316.879999160767 200.329999923706
833818.239999771118 816319.680000305176 200.329999923706
833818.479999542236 816320.399997711182 200.329999923706
833817.439999580383 816320.719997406006 200.329999923706
833815.039999961853 816321.599998474121 200.329999923706
833812.720000028610 816322.399997711182 200.329999923706
833809.199999988079 816323.520000457764 200.329999923706
833805.920000076294 816324.479999542236 200.329999923706
833802.480000019073 816325.439998626709 200.329999923706
833798.480000495911 816326.479999542236 200.329999923706
833794.480000495911 816327.279998779297 200.329999923706
833787.040000915527 816328.799999237061 200.329999923706
833786.079999923706 816325.439998626709 200.329999923706
833782.560001373291 816326.399997711182 200.329999923706
833780.159999847412 816327.040000915527 200.329999923706
833779.840000152588 816325.919998168945 200.329999923706
833779.200000762939 816323.520000457764 200.329999923706
833782.560001373291 816326.399997711182 208.829998016357
833780.159999847412 816327.040000915527 208.829998016357
833779.840000152588 816325.919998168945 208.829998016357
833779.200000762939 816323.520000457764 208.829998016357
833773.200000762939 816300.719999313354 208.829998016357
833772.880001068115 816299.519999504089 208.829998016357
833775.280002593994 816298.880000114441 208.829998016357
833773.760002136230 816303.039999008179 208.829998016357
833778.880001068115 816297.920000076294 208.829998016357
833790.880001068115 816294.559999465942 208.829998016357
833792.640001296997 816300.880000114441 208.829998016357
833799.840000152588 816299.039999961853 208.829998016357
833798.079999923706 816292.719999790192 208.829998016357
833810.240000009537 816289.439999818802 208.829998016357
833813.759999752045 816288.480000019073 208.829998016357
833816.159999847412 816287.839999914169 208.829998016357
833816.480000019073 816288.960000038147 208.829998016357
833817.119999885559 816291.359999656677 208.829998016357
833822.559999465942 816311.840000152588 208.829998016357
833823.199999809265 816314.079999923706 208.829998016357
833823.519999504089 816315.279998779297 208.829998016357
833821.119999885559 816315.920000076294 208.829998016357
833817.519999504089 816316.879999160767 208.829998016357
833805.440000057220 816320.159999847412 208.829998016357
833803.840000152588 816313.920000076294 208.829998016357
833796.640000343323 816315.920000076294 208.829998016357
833798.239999771118 816322.239997863770 208.829998016357
833786.079999923706 816325.439998626709 208.829998016357
833790.880001068115 816294.559999465942 206.114997863770
833792.640001296997 816300.880000114441 206.114997863770
833799.840000152588 816299.039999961853 206.114997863770
833798.079999923706 816292.719999790192 206.114997863770
833805.440000057220 816320.159999847412 206.114997863770
833803.840000152588 816313.920000076294 206.114997863770
833796.640000343323 816315.920000076294 206.114997863770
833798.239999771118 816322.239997863770 206.114997863770
833809.680000007153 816317.920000076294 212.912498474121
833808.719999998808 816318.239997863770 213.185798645020
833808.719999998808 816318.239997863770 213.373592376709
833808.719999998808 816318.239997863770 210.831794738770
833809.599999964237 816317.920000076294 211.175701141357
833809.680000007153 816317.920000076294 211.005096435547
833808.719999998808 816318.239997863770 210.575702667236
833809.680000007153 816317.760000228882 210.848007202148
833808.800000011921 816318.079998016357 210.339199066162
833809.759999990463 816317.760000228882 210.704490661621
833808.960000000894 816318.079998016357 210.122207641602
833809.759999990463 816317.760000228882 210.574489593506
833808.960000000894 816318.079998016357 209.924705505371
833809.759999990463 816317.760000228882 210.458103179932
833809.119999997318 816318.000000000000 209.746795654297
833809.280000001192 816318.000000000000 209.588497161865
833809.919999957085 816317.760000228882 210.355194091797
833809.439999997616 816317.920000076294 209.449607849121
833810.000000000000 816317.760000228882 210.265800476074
833809.519999980927 816317.920000076294 209.329803466797
833810.079999923706 816317.760000228882 210.189102172852
833809.680000007153 816317.760000228882 209.228397369385
833810.240000009537 816317.760000228882 210.124198913574
833809.759999990463 816317.760000228882 209.145507812500
833810.240000009537 816317.760000228882 210.071094512939
833810.079999923706 816317.760000228882 209.080993652344
833810.319999933243 816317.679998397827 210.029705047607
833810.240000009537 816317.760000228882 209.034900665283
833810.480000019073 816317.679998397827 210.000293731689
833810.399999976158 816317.679998397827 209.007205963135
833810.559999942780 816317.679998397827 209.982498168945
833810.559999942780 816317.599998474121 208.998008728027
833810.559999942780 816317.599998474121 209.976600646973
833810.879999995232 816317.519998550415 209.013690948486
833810.799999952316 816317.599998474121 209.985897064209
833811.119999885559 816317.519998550415 209.060798645020
833811.039999961853 816317.519998550415 210.013690948486
833811.359999895096 816317.439998626709 209.139297485352
833811.039999961853 816317.519998550415 210.060096740723
833811.599999904633 816317.439998626709 209.249198913574
833811.200000047684 816317.439998626709 210.125000000000
833811.839999914169 816317.279998779297 209.390506744385
833811.279999971390 816317.439998626709 210.208396911621
833812.000000000000 816317.279998779297 209.563201904297
833811.359999895096 816317.439998626709 210.310390472412
833812.159999847412 816317.199998855591 209.767208099365
833811.519999980927 816317.439998626709 210.430896759033
833811.599999904633 816317.439998626709 210.573204040527
833812.319999933243 816317.199998855591 209.998592376709
833811.679999828339 816317.439998626709 210.740703582764
833812.480000019073 816317.119998931885 210.252891540527
833811.679999828339 816317.439998626709 210.933399200439
833812.639999866486 816317.119998931885 210.530292510986
833811.839999914169 816317.439998626709 211.151191711426
833812.639999866486 816316.959999084473 210.830799102783
833812.720000028610 816316.959999084473 211.154296875000
833811.839999914169 816317.279998779297 211.394100189209
833812.799999952316 816316.959999084473 211.500896453857
833811.839999914169 816317.279998779297 211.662204742432
833812.799999952316 816316.959999084473 211.870506286621
833811.839999914169 816317.279998779297 211.955390930176
833812.799999952316 816316.959999084473 212.260799407959
833811.839999914169 816317.279998779297 212.232109069824
833811.839999914169 816317.279998779297 212.486091613770
833812.720000028610 816316.959999084473 212.625389099121
833811.839999914169 816317.439998626709 212.717304229736
833812.639999866486 816316.959999084473 212.964294433594
833811.679999828339 816317.439998626709 212.925701141357
833812.639999866486 816317.119998931885 213.277400970459
833811.679999828339 816317.439998626709 213.111309051514
833812.480000019073 816317.119998931885 213.564804077148
833811.599999904633 816317.439998626709 213.274196624756
833812.319999933243 816317.199998855591 213.826503753662
833812.159999847412 816317.199998855591 214.062500000000
833811.519999980927 816317.439998626709 213.414295196533
833812.000000000000 816317.279998779297 214.269607543945
833811.359999895096 816317.439998626709 213.533805847168
833811.839999914169 816317.279998779297 214.444900512695
833811.279999971390 816317.439998626709 213.634902954102
833811.200000047684 816317.439998626709 213.717597961426
833811.599999904633 816317.439998626709 214.588298797607
833811.039999961853 816317.519998550415 213.781894683838
833811.359999895096 816317.439998626709 214.699901580811
833810.879999995232 816317.519998550415 213.827888488770
833811.119999885559 816317.519998550415 214.779491424561
833810.799999952316 816317.599998474121 213.855506896973
833810.879999995232 816317.599998474121 214.827304840088
833810.559999942780 816317.599998474121 213.864608764648
833810.559999942780 816317.599998474121 214.843299865723
833810.559999942780 816317.679998397827 213.859394073486
833810.399999976158 816317.679998397827 213.843807220459
833810.319999933243 816317.679998397827 214.830703735352
833810.319999933243 816317.679998397827 213.817695617676
833810.240000009537 816317.760000228882 214.793106079102
833810.240000009537 816317.760000228882 213.781188964844
833809.919999957085 816317.760000228882 214.730388641357
833810.240000009537 816317.760000228882 213.734294891357
833809.680000007153 816317.760000228882 214.642692565918
833810.079999923706 816317.760000228882 213.676990509033
833810.000000000000 816317.760000228882 213.609199523926
833809.519999980927 816317.920000076294 214.529899597168
833809.919999957085 816317.760000228882 213.532402038574
833809.439999997616 816318.000000000000 214.391990661621
833809.759999990463 816317.760000228882 213.448005676270
833809.199999988079 816318.000000000000 214.229003906250
833809.119999997318 816318.000000000000 214.118808746338
833809.759999990463 816317.760000228882 213.356094360352
833808.960000000894 816318.079998016357 213.995605468750
833809.759999990463 816317.760000228882 213.256599426270
833808.960000000894 816318.079998016357 213.859489440918
833808.880000002682 816318.079998016357 213.710388183594
833809.680000007153 816317.760000228882 213.149490356445
833808.800000011921 816318.079998016357 213.548496246338
833809.680000007153 816317.920000076294 213.034805297852
833804.480000019073 816319.279998779297 209.763496398926
833804.960000038147 816319.119998931885 210.610290527344
833805.200000047684 816319.119998931885 210.459705352783
833804.639999866486 816319.279998779297 209.558006286621
833805.279999971390 816319.040000915527 210.329196929932
833804.880000114441 816319.200000762939 209.384197235107
833805.440000057220 816319.040000915527 210.218807220459
833804.960000038147 816319.119998931885 209.241992950439
833805.519999980927 816319.040000915527 210.128494262695
833805.279999971390 816319.040000915527 209.131404876709
833805.680000066757 816319.040000915527 210.058200836182
833805.519999980927 816319.040000915527 209.052402496338
833805.759999990463 816319.040000915527 210.008007049561
833805.759999990463 816319.040000915527 209.005001068115
833805.920000076294 816318.880001068115 209.977890014648
833806.080000162125 816318.880001068115 209.967792510986
833806.080000162125 816318.880001068115 208.989196777344
833806.400000095367 816318.799999237061 209.004901885986
833806.559999942780 816318.719997406006 209.052108764648
833807.040000081062 816318.559997558594 209.130702972412
833807.200000047684 816318.559997558594 209.240798950195
833807.360000014305 816318.479999542236 209.382305145264
833807.600000023842 816318.479999542236 209.555194854736
833807.840000033379 816318.399997711182 209.759609222412
833806.240000009537 816318.799999237061 209.977890014648
833806.400000095367 816318.799999237061 210.008300781250
833806.559999942780 816318.719997406006 210.058906555176
833806.720000028610 816318.719997406006 210.129707336426
833806.799999952316 816318.559997558594 210.220798492432
833807.040000081062 816318.559997558594 210.332107543945
833807.040000081062 816318.559997558594 210.463592529297
833807.120000004768 816318.559997558594 210.614707946777
833804.320000171661 816319.360000610352 209.996894836426
833804.960000038147 816319.119998931885 210.780994415283
833804.160000324249 816319.360000610352 210.254608154297
833804.960000038147 816319.200000762939 210.971797943115
833804.000000000000 816319.360000610352 210.536697387695
833804.880000114441 816319.200000762939 211.182598114014
833803.920000076294 816319.360000610352 210.843105316162
833804.880000114441 816319.200000762939 211.413494110107
833803.920000076294 816319.360000610352 211.173904418945
833804.800000190735 816319.200000762939 211.664489746094
833803.840000152588 816319.360000610352 211.529003143311
833804.800000190735 816319.200000762939 211.935508728027
833803.840000152588 816319.360000610352 211.908496856689
833804.800000190735 816319.200000762939 212.203201293945
833803.840000152588 816319.360000610352 212.291091918945
833804.880000114441 816319.200000762939 212.450798034668
833803.920000076294 816319.360000610352 212.649002075195
833804.880000114441 816319.200000762939 212.678203582764
833803.920000076294 816319.360000610352 212.982109069824
833804.960000038147 816319.200000762939 212.885391235352
833804.079999923706 816319.360000610352 213.290390014648
833804.960000038147 816319.119998931885 213.072498321533
833804.160000324249 816319.360000610352 213.574100494385
833804.960000038147 816319.119998931885 213.239490509033
833804.320000171661 816319.360000610352 213.832889556885
833804.480000019073 816319.279998779297 214.067108154297
833805.200000047684 816319.119998931885 213.386192321777
833804.639999866486 816319.279998779297 214.273006439209
833805.279999971390 816319.040000915527 213.513202667236
833804.880000114441 816319.200000762939 214.447204589844
833805.440000057220 816319.040000915527 213.620605468750
833804.960000038147 816319.119998931885 214.589805603027
833805.519999980927 816319.040000915527 213.708396911621
833805.279999971390 816319.040000915527 214.700702667236
833805.680000066757 816319.040000915527 213.776794433594
833805.600000143051 816319.040000915527 214.779899597168
833805.759999990463 816319.040000915527 213.825603485107
833805.920000076294 816318.880001068115 213.854900360107
833805.759999990463 816319.040000915527 214.827400207520
833806.080000162125 816318.880001068115 213.864608764648
833806.080000162125 816318.880001068115 214.843299865723
833806.240000009537 816318.799999237061 214.838691711426
833806.240000009537 816318.799999237061 213.854804992676
833806.400000095367 816318.799999237061 214.825000762939
833806.400000095367 816318.799999237061 213.825096130371
833806.559999942780 816318.719997406006 214.802108764648
833806.720000028610 816318.719997406006 214.770095825195
833806.559999942780 816318.719997406006 213.775703430176
833806.880000114441 816318.559997558594 214.729003906250
833806.720000028610 816318.719997406006 213.706504821777
833807.040000081062 816318.559997558594 214.678691864014
833807.120000004768 816318.559997558594 214.619297027588
833807.200000047684 816318.559997558594 214.568202972412
833806.799999952316 816318.559997558594 213.617595672607
833807.280000090599 816318.559997558594 214.509902954102
833807.360000014305 816318.479999542236 214.444393157959
833807.040000081062 816318.559997558594 213.508903503418
833807.519999980927 816318.479999542236 214.371601104736
833807.600000023842 816318.479999542236 214.291503906250
833807.680000066757 816318.399997711182 214.204196929932
833807.040000081062 816318.559997558594 213.380390167236
833807.840000033379 816318.399997711182 214.109607696533
833807.840000033379 816318.399997711182 214.009609222412
833807.120000004768 816318.559997558594 213.232109069824
833807.920000076294 816318.399997711182 213.905994415283
833807.920000076294 816318.319999694824 213.798690795898
833808.000000000000 816318.319999694824 213.687793731689
833807.200000047684 816318.559997558594 213.063591003418
833808.080000042915 816318.319999694824 213.573299407959
833808.160000026226 816318.319999694824 213.455192565918
833807.280000090599 816318.559997558594 212.875095367432
833808.160000026226 816318.319999694824 213.333496093750
833808.160000026226 816318.239997863770 213.160095214844
833807.360000014305 816318.479999542236 212.666404724121
833808.160000026226 816318.239997863770 212.975391387939
833808.319999992847 816318.239997863770 212.779296875000
833807.360000014305 816318.479999542236 212.437694549561
833808.319999992847 816318.239997863770 212.571891784668
833808.400000035763 816318.239997863770 212.353103637695
833807.360000014305 816318.479999542236 212.188903808594
833808.400000035763 816318.239997863770 212.123008728027
833807.360000014305 816318.479999542236 211.920097351074
833808.400000035763 816318.239997863770 211.881504058838
833807.360000014305 816318.479999542236 211.655097961426
833808.400000035763 816318.239997863770 211.507205963135
833807.360000014305 816318.479999542236 211.409099578857
833808.319999992847 816318.239997863770 211.156700134277
833807.360000014305 816318.479999542236 211.181991577148
833808.160000026226 816318.239997863770 210.829803466797
833807.280000090599 816318.559997558594 210.974002838135
833808.160000026226 816318.319999694824 210.526699066162
833807.200000047684 816318.559997558594 210.784900665283
833808.080000042915 816318.319999694824 210.247303009033
833807.920000076294 816318.319999694824 209.991600036621
833800.880000114441 816320.159999847412 213.079998016357
833800.000000000000 816320.479999542236 213.124099731445
833800.000000000000 816320.479999542236 213.341190338135
833802.720000267029 816319.840000152588 211.052207946777
833803.680000305176 816319.520000457764 210.946407318115
833803.599999904633 816319.520000457764 210.682304382324
833802.720000267029 816319.840000152588 210.898399353027
833803.599999904633 816319.520000457764 210.436794281006
833802.559999942780 816319.840000152588 210.756698608398
833803.519999980927 816319.520000457764 210.209899902344
833802.559999942780 816319.840000152588 210.627204895020
833803.360000133514 816319.599998474121 210.001697540283
833802.559999942780 816319.840000152588 210.509704589844
833803.360000133514 816319.599998474121 209.812206268311
833802.559999942780 816319.840000152588 210.404491424561
833803.200000286102 816319.599998474121 209.641407012939
833802.480000019073 816319.840000152588 210.311305999756
833803.120000362396 816319.680000305176 209.489196777344
833803.039999961853 816319.680000305176 209.356502532959
833802.400000095367 816319.840000152588 210.230194091797
833802.800000190735 816319.840000152588 209.244297027588
833802.320000171661 816319.840000152588 210.160606384277
833802.559999942780 816319.840000152588 209.152500152588
833802.240000247955 816319.919998168945 210.101699829102
833802.400000095367 816319.840000152588 209.080993652344
833802.240000247955 816319.919998168945 210.053493499756
833802.240000247955 816319.919998168945 209.029998779297
833802.079999923706 816319.919998168945 210.015995025635
833802.000000000000 816320.000000000000 208.999393463135
833801.920000076294 816320.000000000000 209.989196777344
833801.760000228882 816320.000000000000 209.973201751709
833801.760000228882 816320.000000000000 208.989196777344
833801.680000305176 816320.079998016357 209.967792510986
833801.519999980927 816320.079998016357 208.993396759033
833801.600000381470 816320.079998016357 209.972595214844
833801.440000057220 816320.159999847412 209.006092071533
833801.440000057220 816320.079998016357 209.986892700195
833801.200000286102 816320.159999847412 209.027206420898
833801.440000057220 816320.159999847412 210.010604858398
833801.120000362396 816320.159999847412 209.056697845459
833801.280000209808 816320.159999847412 210.043907165527
833800.960000038147 816320.159999847412 209.094707489014
833801.200000286102 816320.159999847412 210.086795806885
833800.800000190735 816320.319999694824 209.141094207764
833801.120000362396 816320.159999847412 210.139099121094
833800.720000267029 816320.319999694824 209.195995330811
833800.640000343323 816320.319999694824 209.259490966797
833800.960000038147 816320.159999847412 210.200996398926
833800.480000495911 816320.399997711182 209.331993103027
833800.960000038147 816320.159999847412 210.269199371338
833800.400000572205 816320.399997711182 209.413299560547
833800.320000648499 816320.399997711182 209.503593444824
833800.880000114441 816320.159999847412 210.340702056885
833800.159999847412 816320.479999542236 209.602695465088
833800.159999847412 816320.479999542236 209.710800170898
833800.880000114441 816320.159999847412 210.415290832520
833800.079999923706 816320.479999542236 209.827793121338
833800.000000000000 816320.479999542236 209.950508117676
833800.800000190735 816320.319999694824 210.493202209473
833799.920000076294 816320.479999542236 210.075702667236
833800.800000190735 816320.319999694824 210.574394226074
833799.920000076294 816320.639999389648 210.203495025635
833799.920000076294 816320.639999389648 210.333690643311
833800.800000190735 816320.319999694824 210.658691406250
833799.840000152588 816320.639999389648 210.466503143311
833799.840000152588 816320.639999389648 210.601795196533
833800.800000190735 816320.319999694824 210.746307373047
833799.840000152588 816320.639999389648 210.739707946777
833800.800000190735 816320.319999694824 210.802303314209
833799.840000152588 816320.639999389648 210.889610290527
833800.800000190735 816320.319999694824 210.855895996094
833799.840000152588 816320.639999389648 211.032596588135
833800.800000190735 816320.319999694824 210.907108306885
833799.840000152588 816320.639999389648 211.168594360352
833800.800000190735 816320.319999694824 210.955799102783
833799.920000076294 816320.639999389648 211.297500610352
833799.920000076294 816320.639999389648 211.419296264648
833800.800000190735 816320.159999847412 211.002109527588
833800.000000000000 816320.479999542236 211.534198760986
833800.880000114441 816320.159999847412 211.045993804932
833800.000000000000 816320.479999542236 211.641990661621
833800.079999923706 816320.479999542236 211.743202209473
833800.880000114441 816320.159999847412 211.087402343750
833800.159999847412 816320.479999542236 211.838104248047
833800.880000114441 816320.159999847412 211.126796722412
833800.159999847412 816320.479999542236 211.926601409912
833800.320000648499 816320.399997711182 212.008903503418
833800.960000038147 816320.159999847412 211.164707183838
833800.400000572205 816320.399997711182 212.084804534912
833800.960000038147 816320.159999847412 211.201190948486
833800.480000495911 816320.399997711182 212.154491424561
833800.640000343323 816320.319999694824 212.217792510986
833800.960000038147 816320.159999847412 211.236190795898
833800.640000343323 816320.319999694824 212.277694702148
833801.120000362396 816320.159999847412 211.269607543945
833800.800000190735 816320.319999694824 212.336894989014
833801.120000362396 816320.159999847412 211.301601409912
833801.200000286102 816320.159999847412 211.331993103027
833800.880000114441 816320.159999847412 212.395507812500
833801.280000209808 816320.159999847412 211.353904724121
833800.960000038147 816320.159999847412 212.453594207764
833801.440000057220 816320.159999847412 211.380195617676
833801.440000057220 816320.079998016357 211.410896301270
833801.200000286102 816320.159999847412 212.510993957520
833801.519999980927 816320.079998016357 211.445896148682
833801.440000057220 816320.159999847412 212.567695617676
833801.680000305176 816320.079998016357 211.485389709473
833801.600000381470 816320.079998016357 212.623905181885
833801.760000228882 816320.000000000000 211.529197692871
833801.760000228882 816320.000000000000 212.679492950439
833802.000000000000 816320.000000000000 211.577400207520
833801.920000076294 816320.000000000000 212.734394073486
833802.240000247955 816319.919998168945 211.644100189209
833802.079999923706 816319.919998168945 212.788906097412
833802.400000095367 816319.840000152588 211.715194702148
833802.240000247955 816319.919998168945 212.842693328857
833802.559999942780 816319.840000152588 211.790508270264
833802.320000171661 816319.919998168945 212.895996093750
833802.720000267029 816319.840000152588 211.870098114014
833802.400000095367 816319.840000152588 212.948692321777
833802.800000190735 816319.840000152588 211.953907012939
833803.039999961853 816319.680000305176 212.042106628418
833802.400000095367 816319.840000152588 213.000801086426
833803.039999961853 816319.680000305176 212.134490966797
833802.480000019073 816319.840000152588 213.042694091797
833803.200000286102 816319.680000305176 212.271598815918
833802.480000019073 816319.840000152588 213.087108612061
833803.280000209808 816319.599998474121 212.417106628418
833802.559999942780 816319.840000152588 213.133808135986
833803.360000133514 816319.599998474121 212.570995330811
833802.559999942780 816319.840000152588 213.182792663574
833803.360000133514 816319.599998474121 212.733104705811
833802.559999942780 816319.840000152588 213.234294891357
833803.360000133514 816319.599998474121 212.903591156006
833803.360000133514 816319.599998474121 213.082401275635
833802.559999942780 816319.840000152588 213.288105010986
833803.519999980927 816319.599998474121 213.269607543945
833802.559999942780 816319.840000152588 213.344200134277
833803.360000133514 816319.599998474121 213.391502380371
833802.559999942780 816319.840000152588 213.405292510986
833803.360000133514 816319.599998474121 213.511192321777
833803.360000133514 816319.599998474121 213.628688812256
833802.559999942780 816319.840000152588 213.462696075439
833803.360000133514 816319.599998474121 213.743808746338
833803.360000133514 816319.599998474121 213.856697082520
833802.559999942780 816319.840000152588 213.516502380371
833803.360000133514 816319.599998474121 213.967304229736
833802.559999942780 816319.840000152588 213.566600799561
833803.280000209808 816319.599998474121 214.075603485107
833803.200000286102 816319.599998474121 214.179199218750
833802.480000019073 816319.840000152588 213.613201141357
833803.120000362396 816319.680000305176 214.275390625000
833803.039999961853 816319.680000305176 214.364295959473
833802.480000019073 816319.840000152588 213.656093597412
833803.039999961853 816319.680000305176 214.445995330811
833802.400000095367 816319.840000152588 213.695388793945
833802.880000114441 816319.680000305176 214.520290374756
833802.800000190735 816319.840000152588 214.587303161621
833802.320000171661 816319.840000152588 213.749607086182
833802.720000267029 816319.840000152588 214.646991729736
833802.240000247955 816319.919998168945 213.795505523682
833802.559999942780 816319.840000152588 214.699100494385
833802.480000019073 816319.840000152588 214.743103027344
833802.240000247955 816319.919998168945 213.833103179932
833802.320000171661 816319.840000152588 214.779197692871
833802.079999923706 816319.919998168945 213.862400054932
833802.240000247955 816319.919998168945 214.807205200195
833802.000000000000 816320.000000000000 213.883201599121
833802.079999923706 816319.919998168945 214.827304840088
833801.920000076294 816320.000000000000 213.895702362061
833801.920000076294 816320.000000000000 214.839294433594
833801.760000228882 816320.000000000000 213.899902343750
833801.760000228882 816320.000000000000 214.843299865723
833801.680000305176 816320.079998016357 213.895996093750
833801.519999980927 816320.079998016357 214.833690643311
833801.600000381470 816320.079998016357 213.884296417236
833801.440000057220 816320.079998016357 213.864803314209
833801.280000209808 816320.159999847412 214.805000305176
833801.440000057220 816320.159999847412 213.837402343750
833801.120000362396 816320.159999847412 214.757205963135
833801.280000209808 816320.159999847412 213.802303314209
833801.280000209808 816320.159999847412 213.759296417236
833800.880000114441 816320.159999847412 214.690292358398
833801.200000286102 816320.159999847412 213.708496093750
833800.720000267029 816320.319999694824 214.604198455811
833801.120000362396 816320.159999847412 213.648807525635
833800.640000343323 816320.319999694824 214.499099731445
833800.960000038147 816320.159999847412 213.579101562500
833800.480000495911 816320.399997711182 214.374805450439
833800.320000648499 816320.399997711182 214.234489440918
833800.960000038147 816320.159999847412 213.499294281006
833800.159999847412 816320.479999542236 214.081405639648
833800.960000038147 816320.159999847412 213.409492492676
833800.159999847412 816320.479999542236 213.915603637695
833800.960000038147 816320.159999847412 213.309707641602
833800.079999923706 816320.479999542236 213.736892700195
833800.000000000000 816320.479999542236 213.545391082764
833800.960000038147 816320.159999847412 213.199901580811
833796.400000572205 816321.520000457764 212.912498474121
833795.360000610352 816321.759998321533 213.185798645020
833795.520000457764 816321.759998321533 213.373592376709
833795.360000610352 816321.759998321533 210.831794738770
833796.320000648499 816321.520000457764 211.175701141357
833796.400000572205 816321.520000457764 211.005096435547
833795.520000457764 816321.759998321533 210.575702667236
833796.400000572205 816321.439998626709 210.848007202148
833795.600000381470 816321.680000305176 210.339199066162
833796.480000495911 816321.439998626709 210.704490661621
833795.680000305176 816321.680000305176 210.122207641602
833796.640000343323 816321.439998626709 210.574489593506
833795.840000152588 816321.680000305176 209.924705505371
833796.640000343323 816321.439998626709 210.458103179932
833795.840000152588 816321.599998474121 209.746795654297
833796.000000000000 816321.599998474121 209.588497161865
833796.640000343323 816321.439998626709 210.355194091797
833796.159999847412 816321.520000457764 209.449607849121
833796.720000267029 816321.439998626709 210.265800476074
833796.159999847412 816321.520000457764 209.329803466797
833796.800000190735 816321.439998626709 210.189102172852
833796.400000572205 816321.439998626709 209.228397369385
833796.880000114441 816321.439998626709 210.124198913574
833796.640000343323 816321.439998626709 209.145507812500
833796.960000038147 816321.439998626709 210.071094512939
833796.800000190735 816321.439998626709 209.080993652344
833796.960000038147 816321.279998779297 210.029705047607
833796.960000038147 816321.439998626709 209.034900665283
833797.199999809265 816321.279998779297 210.000293731689
833797.199999809265 816321.279998779297 209.007205963135
833797.280000686646 816321.279998779297 209.982498168945
833797.440000534058 816321.200000762939 208.998008728027
833797.440000534058 816321.200000762939 209.976600646973
833797.600000381470 816321.119998931885 209.013690948486
833797.520000457764 816321.200000762939 209.985897064209
833797.920000076294 816320.959999084473 209.060798645020
833797.680000305176 816321.119998931885 210.013690948486
833798.079999923706 816320.959999084473 209.139297485352
833797.760000228882 816321.119998931885 210.060096740723
833798.320000648499 816320.959999084473 209.249198913574
833797.920000076294 816320.959999084473 210.125000000000
833798.560000419617 816320.880001068115 209.390506744385
833798.000000000000 816320.959999084473 210.208396911621
833798.720000267029 816320.880001068115 209.563201904297
833798.239999771118 816320.959999084473 210.310390472412
833798.880000114441 816320.799999237061 209.767208099365
833798.239999771118 816320.959999084473 210.430896759033
833798.320000648499 816320.959999084473 210.573204040527
833799.039999961853 816320.719997406006 209.998592376709
833798.400000572205 816320.959999084473 210.740703582764
833799.199999809265 816320.719997406006 210.252891540527
833798.400000572205 816320.959999084473 210.933399200439
833799.280000686646 816320.719997406006 210.530292510986
833798.480000495911 816320.880001068115 211.151191711426
833799.360000610352 816320.639999389648 210.830799102783
833799.360000610352 816320.639999389648 211.154296875000
833798.480000495911 816320.880001068115 211.394100189209
833799.520000457764 816320.639999389648 211.500896453857
833798.560000419617 816320.880001068115 211.662204742432
833799.520000457764 816320.639999389648 211.870506286621
833798.560000419617 816320.880001068115 211.955390930176
833799.520000457764 816320.639999389648 212.260799407959
833798.560000419617 816320.880001068115 212.232109069824
833798.480000495911 816320.880001068115 212.486091613770
833799.360000610352 816320.639999389648 212.625389099121
833798.480000495911 816320.880001068115 212.717304229736
833799.360000610352 816320.639999389648 212.964294433594
833798.400000572205 816320.959999084473 212.925701141357
833799.280000686646 816320.719997406006 213.277400970459
833798.400000572205 816320.959999084473 213.111309051514
833799.199999809265 816320.719997406006 213.564804077148
833798.320000648499 816320.959999084473 213.274196624756
833799.039999961853 816320.719997406006 213.826503753662
833798.880000114441 816320.799999237061 214.062500000000
833798.239999771118 816320.959999084473 213.414295196533
833798.720000267029 816320.880001068115 214.269607543945
833798.079999923706 816320.959999084473 213.533805847168
833798.560000419617 816320.880001068115 214.444900512695
833798.000000000000 816320.959999084473 213.634902954102
833797.920000076294 816320.959999084473 213.717597961426
833798.320000648499 816320.959999084473 214.588298797607
833797.760000228882 816321.119998931885 213.781894683838
833798.079999923706 816320.959999084473 214.699901580811
833797.680000305176 816321.119998931885 213.827888488770
833797.760000228882 816321.119998931885 214.779491424561
833797.520000457764 816321.200000762939 213.855506896973
833797.600000381470 816321.119998931885 214.827304840088
833797.440000534058 816321.200000762939 213.864608764648
833797.280000686646 816321.200000762939 214.843299865723
833797.280000686646 816321.279998779297 213.859394073486
833797.119999885559 816321.279998779297 213.843807220459
833796.960000038147 816321.279998779297 214.830703735352
833796.960000038147 816321.279998779297 213.817695617676
833796.880000114441 816321.439998626709 214.793106079102
833796.960000038147 816321.439998626709 213.781188964844
833796.640000343323 816321.439998626709 214.730388641357
833796.880000114441 816321.439998626709 213.734294891357
833796.400000572205 816321.439998626709 214.642692565918
833796.800000190735 816321.439998626709 213.676990509033
833796.720000267029 816321.439998626709 213.609199523926
833796.159999847412 816321.520000457764 214.529899597168
833796.640000343323 816321.439998626709 213.532402038574
833796.079999923706 816321.599998474121 214.391990661621
833796.640000343323 816321.439998626709 213.448005676270
833795.920000076294 816321.599998474121 214.229003906250
833795.840000152588 816321.599998474121 214.118808746338
833796.640000343323 816321.439998626709 213.356094360352
833795.840000152588 816321.680000305176 213.995605468750
833796.480000495911 816321.439998626709 213.256599426270
833795.680000305176 816321.680000305176 213.859489440918
833795.600000381470 816321.680000305176 213.710388183594
833796.400000572205 816321.439998626709 213.149490356445
833795.520000457764 816321.680000305176 213.548496246338
833796.400000572205 816321.520000457764 213.034805297852
833791.200000762939 816322.880001068115 209.763496398926
833791.840000152588 816322.719997406006 210.610290527344
833791.920000076294 816322.719997406006 210.459705352783
833791.360000610352 816322.880001068115 209.558006286621
833792.000000000000 816322.559997558594 210.329196929932
833791.600000381470 816322.799999237061 209.384197235107
833792.159999847412 816322.559997558594 210.218807220459
833791.840000152588 816322.719997406006 209.241992950439
833792.159999847412 816322.559997558594 210.128494262695
833792.000000000000 816322.559997558594 209.131404876709
833792.399999618530 816322.559997558594 210.058200836182
833792.159999847412 816322.559997558594 209.052402496338
833792.640001296997 816322.559997558594 210.008007049561
833792.640001296997 816322.559997558594 209.005001068115
833792.640001296997 816322.479999542236 209.977890014648
833792.800001144409 816322.479999542236 209.967792510986
833792.800001144409 816322.479999542236 208.989196777344
833793.119999885559 816322.399997711182 209.004901885986
833793.440000534058 816322.319999694824 209.052108764648
833793.680000305176 816322.239997863770 209.130702972412
833793.920000076294 816322.239997863770 209.240798950195
833794.079999923706 816322.079998016357 209.382305145264
833794.320000648499 816322.079998016357 209.555194854736
833794.480000495911 816322.000000000000 209.759609222412
833792.960000991821 816322.399997711182 209.977890014648
833793.119999885559 816322.399997711182 210.008300781250
833793.280000686646 816322.319999694824 210.058906555176
833793.440000534058 816322.319999694824 210.129707336426
833793.520000457764 816322.239997863770 210.220798492432
833793.680000305176 816322.239997863770 210.332107543945
833793.760000228882 816322.239997863770 210.463592529297
833793.760000228882 816322.239997863770 210.614707946777
833791.040000915527 816323.040000915527 209.996894836426
833791.840000152588 816322.719997406006 210.780994415283
833790.880001068115 816323.040000915527 210.254608154297
833791.680000305176 816322.799999237061 210.971797943115
833790.800001144409 816323.040000915527 210.536697387695
833791.600000381470 816322.799999237061 211.182598114014
833790.720001220703 816323.040000915527 210.843105316162
833791.600000381470 816322.799999237061 211.413494110107
833790.559999465942 816323.040000915527 211.173904418945
833791.520000457764 816322.799999237061 211.664489746094
833790.559999465942 816323.040000915527 211.529003143311
833791.520000457764 816322.799999237061 211.935508728027
833790.559999465942 816323.040000915527 211.908496856689
833791.520000457764 816322.799999237061 212.203201293945
833790.559999465942 816323.040000915527 212.291091918945
833791.600000381470 816322.799999237061 212.450798034668
833790.559999465942 816323.040000915527 212.649002075195
833791.600000381470 816322.799999237061 212.678203582764
833790.720001220703 816323.040000915527 212.982109069824
833791.680000305176 816322.799999237061 212.885391235352
833790.800001144409 816323.040000915527 213.290390014648
833791.840000152588 816322.719997406006 213.072498321533
833790.880001068115 816323.040000915527 213.574100494385
833791.840000152588 816322.719997406006 213.239490509033
833791.040000915527 816323.040000915527 213.832889556885
833791.200000762939 816322.880001068115 214.067108154297
833791.920000076294 816322.719997406006 213.386192321777
833791.360000610352 816322.880001068115 214.273006439209
833792.000000000000 816322.559997558594 213.513202667236
833791.600000381470 816322.799999237061 214.447204589844
833792.079999923706 816322.559997558594 213.620605468750
833791.840000152588 816322.719997406006 214.589805603027
833792.159999847412 816322.559997558594 213.708396911621
833792.000000000000 816322.559997558594 214.700702667236
833792.399999618530 816322.559997558594 213.776794433594
833792.319999694824 816322.559997558594 214.779899597168
833792.640001296997 816322.559997558594 213.825603485107
833792.640001296997 816322.479999542236 213.854900360107
833792.640001296997 816322.559997558594 214.827400207520
833792.800001144409 816322.479999542236 213.864608764648
833792.880001068115 816322.479999542236 214.843299865723
833792.960000991821 816322.399997711182 214.838691711426
833792.960000991821 816322.399997711182 213.854804992676
833793.200000762939 816322.319999694824 214.825000762939
833793.119999885559 816322.399997711182 213.825096130371
833793.280000686646 816322.319999694824 214.802108764648
833793.440000534058 816322.239997863770 214.770095825195
833793.280000686646 816322.319999694824 213.775703430176
833793.600000381470 816322.239997863770 214.729003906250
833793.440000534058 816322.319999694824 213.706504821777
833793.760000228882 816322.239997863770 214.678691864014
833793.760000228882 816322.239997863770 214.619297027588
833793.920000076294 816322.239997863770 214.568202972412
833793.520000457764 816322.239997863770 213.617595672607
833794.079999923706 816322.079998016357 214.509902954102
833794.240000724792 816322.079998016357 214.444393157959
833793.680000305176 816322.239997863770 213.508903503418
833794.240000724792 816322.079998016357 214.371601104736
833794.320000648499 816322.079998016357 214.291503906250
833794.400000572205 816322.000000000000 214.204196929932
833793.760000228882 816322.239997863770 213.380390167236
833794.480000495911 816322.000000000000 214.109607696533
833794.560000419617 816322.000000000000 214.009609222412
833793.760000228882 816322.239997863770 213.232109069824
833794.560000419617 816322.000000000000 213.905994415283
833794.720000267029 816321.919998168945 213.798690795898
833794.720000267029 816321.919998168945 213.687793731689
833793.920000076294 816322.239997863770 213.063591003418
833794.800000190735 816321.919998168945 213.573299407959
833794.880000114441 816321.919998168945 213.455192565918
833794.000000000000 816322.239997863770 212.875095367432
833794.880000114441 816321.919998168945 213.333496093750
833795.039999961853 816321.759998321533 213.160095214844
833794.079999923706 816322.079998016357 212.666404724121
833795.039999961853 816321.759998321533 212.975391387939
833795.039999961853 816321.759998321533 212.779296875000
833794.079999923706 816322.079998016357 212.437694549561
833795.039999961853 816321.759998321533 212.571891784668
833795.119999885559 816321.759998321533 212.353103637695
833794.240000724792 816322.079998016357 212.188903808594
833795.119999885559 816321.759998321533 212.123008728027
833794.240000724792 816322.079998016357 211.920097351074
833795.119999885559 816321.759998321533 211.881504058838
833794.240000724792 816322.079998016357 211.655097961426
833795.119999885559 816321.759998321533 211.507205963135
833794.079999923706 816322.079998016357 211.409099578857
833795.039999961853 816321.759998321533 211.156700134277
833794.079999923706 816322.079998016357 211.181991577148
833795.039999961853 816321.759998321533 210.829803466797
833794.000000000000 816322.239997863770 210.974002838135
833794.880000114441 816321.919998168945 210.526699066162
833793.920000076294 816322.239997863770 210.784900665283
833794.800000190735 816321.919998168945 210.247303009033
833794.560000419617 816321.919998168945 209.991600036621
833809.599999964237 816317.760000228882 212.912498474121
833808.640000015497 816318.000000000000 213.185798645020
833808.719999998808 816318.000000000000 213.373592376709
833808.800000011921 816317.920000076294 213.548496246338
833808.800000011921 816317.920000076294 213.710388183594
833808.880000002682 816317.920000076294 213.859489440918
833808.960000000894 816317.920000076294 213.995605468750
833808.960000000894 816317.760000228882 214.118808746338
833809.119999997318 816317.760000228882 214.229003906250
833809.280000001192 816317.760000228882 214.391990661621
833809.439999997616 816317.760000228882 214.529899597168
833809.680000007153 816317.679998397827 214.642692565918
833809.759999990463 816317.679998397827 214.730388641357
833810.079999923706 816317.599998474121 214.793106079102
833810.319999933243 816317.519998550415 214.830703735352
833810.559999942780 816317.439998626709 214.843299865723
833810.799999952316 816317.439998626709 214.827304840088
833811.039999961853 816317.439998626709 214.779491424561
833811.279999971390 816317.279998779297 214.699901580811
833811.519999980927 816317.199998855591 214.588298797607
833811.839999914169 816317.119998931885 214.444900512695
833811.919999837875 816317.119998931885 214.269607543945
833812.159999847412 816316.959999084473 214.062500000000
833812.319999933243 816316.959999084473 213.826503753662
833812.399999856949 816316.959999084473 213.564804077148
833812.639999866486 816316.959999084473 213.277400970459
833812.639999866486 816316.879999160767 212.964294433594
833812.720000028610 816316.879999160767 212.625389099121
833812.720000028610 816316.879999160767 212.260799407959
833812.720000028610 816316.879999160767 211.870506286621
833812.720000028610 816316.879999160767 211.500896453857
833812.720000028610 816316.879999160767 211.154296875000
833812.639999866486 816316.879999160767 210.830799102783
833812.639999866486 816316.959999084473 210.530292510986
833812.399999856949 816316.959999084473 210.252891540527
833812.319999933243 816316.959999084473 209.998592376709
833812.159999847412 816316.959999084473 209.767208099365
833811.919999837875 816317.119998931885 209.563201904297
833811.839999914169 816317.119998931885 209.390506744385
833811.519999980927 816317.199998855591 209.249198913574
833811.359999895096 816317.279998779297 209.139297485352
833811.119999885559 816317.279998779297 209.060798645020
833810.879999995232 816317.439998626709 209.013690948486
833810.559999942780 816317.439998626709 208.998008728027
833810.399999976158 816317.519998550415 209.007205963135
833810.240000009537 816317.599998474121 209.034900665283
833810.000000000000 816317.599998474121 209.080993652344
833809.759999990463 816317.679998397827 209.145507812500
833809.680000007153 816317.679998397827 209.228397369385
833809.519999980927 816317.760000228882 209.329803466797
833809.439999997616 816317.760000228882 209.449607849121
833809.199999988079 816317.760000228882 209.588497161865
833809.119999997318 816317.760000228882 209.746795654297
833808.960000000894 816317.920000076294 209.924705505371
833808.880000002682 816317.920000076294 210.122207641602
833808.800000011921 816317.920000076294 210.339199066162
833808.719999998808 816318.000000000000 210.575702667236
833808.640000015497 816318.000000000000 210.831794738770
833809.599999964237 816317.760000228882 211.175701141357
833809.599999964237 816317.760000228882 211.005096435547
833809.680000007153 816317.679998397827 210.848007202148
833809.680000007153 816317.679998397827 210.704490661621
833809.759999990463 816317.679998397827 210.574489593506
833809.759999990463 816317.679998397827 210.458103179932
833809.759999990463 816317.679998397827 210.355194091797
833809.919999957085 816317.599998474121 210.265800476074
833810.000000000000 816317.599998474121 210.189102172852
833810.079999923706 816317.599998474121 210.124198913574
833810.240000009537 816317.519998550415 210.071094512939
833810.319999933243 816317.519998550415 210.029705047607
833810.399999976158 816317.519998550415 210.000293731689
833810.480000019073 816317.439998626709 209.982498168945
833810.559999942780 816317.439998626709 209.976600646973
833810.719999909401 816317.439998626709 209.985897064209
833810.879999995232 816317.439998626709 210.013690948486
833811.039999961853 816317.439998626709 210.060096740723
833811.119999885559 816317.279998779297 210.125000000000
833811.279999971390 816317.279998779297 210.208396911621
833811.359999895096 816317.279998779297 210.310390472412
833811.359999895096 816317.199998855591 210.430896759033
833811.519999980927 816317.199998855591 210.573204040527
833811.599999904633 816317.199998855591 210.740703582764
833811.679999828339 816317.199998855591 210.933399200439
833811.679999828339 816317.119998931885 211.151191711426
833811.839999914169 816317.119998931885 211.394100189209
833811.839999914169 816317.119998931885 211.662204742432
833811.839999914169 816317.119998931885 211.955390930176
833811.839999914169 816317.119998931885 212.232109069824
833811.839999914169 816317.119998931885 212.486091613770
833811.679999828339 816317.119998931885 212.717304229736
833811.679999828339 816317.199998855591 212.925701141357
833811.599999904633 816317.199998855591 213.111309051514
833811.519999980927 816317.199998855591 213.274196624756
833811.359999895096 816317.199998855591 213.414295196533
833811.359999895096 816317.279998779297 213.533805847168
833811.200000047684 816317.279998779297 213.634902954102
833811.119999885559 816317.279998779297 213.717597961426
833811.039999961853 816317.439998626709 213.781894683838
833810.879999995232 816317.439998626709 213.827888488770
833810.719999909401 816317.439998626709 213.855506896973
833810.559999942780 816317.439998626709 213.864608764648
833810.480000019073 816317.519998550415 213.859394073486
833810.399999976158 816317.519998550415 213.843807220459
833810.319999933243 816317.519998550415 213.817695617676
833810.240000009537 816317.519998550415 213.781188964844
833810.079999923706 816317.599998474121 213.734294891357
833810.000000000000 816317.599998474121 213.676990509033
833809.919999957085 816317.599998474121 213.609199523926
833809.759999990463 816317.679998397827 213.532402038574
833809.759999990463 816317.679998397827 213.448005676270
833809.759999990463 816317.679998397827 213.356094360352
833809.680000007153 816317.679998397827 213.256599426270
833809.680000007153 816317.679998397827 213.149490356445
833809.599999964237 816317.679998397827 213.034805297852
833806.080000162125 816318.559997558594 209.967792510986
833806.240000009537 816318.559997558594 209.977890014648
833806.400000095367 816318.559997558594 210.008300781250
833806.480000019073 816318.559997558594 210.058906555176
833806.559999942780 816318.559997558594 210.129707336426
833806.799999952316 816318.479999542236 210.220798492432
833806.880000114441 816318.479999542236 210.332107543945
833807.040000081062 816318.399997711182 210.463592529297
833807.120000004768 816318.399997711182 210.614707946777
833807.200000047684 816318.399997711182 210.784900665283
833807.280000090599 816318.319999694824 210.974002838135
833807.280000090599 816318.319999694824 211.181991577148
833807.360000014305 816318.319999694824 211.409099578857
833807.360000014305 816318.319999694824 211.655097961426
833807.360000014305 816318.319999694824 211.920097351074
833807.360000014305 816318.319999694824 212.188903808594
833807.360000014305 816318.319999694824 212.437694549561
833807.280000090599 816318.319999694824 212.666404724121
833807.280000090599 816318.319999694824 212.875095367432
833807.200000047684 816318.399997711182 213.063591003418
833807.120000004768 816318.399997711182 213.232109069824
833807.040000081062 816318.399997711182 213.380390167236
833806.880000114441 816318.479999542236 213.508903503418
833806.799999952316 816318.479999542236 213.617595672607
833806.559999942780 816318.479999542236 213.706504821777
833806.559999942780 816318.559997558594 213.775703430176
833806.400000095367 816318.559997558594 213.825096130371
833806.240000009537 816318.559997558594 213.854804992676
833806.080000162125 816318.559997558594 213.864608764648
833805.920000076294 816318.719997406006 213.854900360107
833805.759999990463 816318.799999237061 213.825603485107
833805.600000143051 816318.799999237061 213.776794433594
833805.440000057220 816318.880001068115 213.708396911621
833805.440000057220 816318.880001068115 213.620605468750
833805.200000047684 816318.880001068115 213.513202667236
833805.120000123978 816319.040000915527 213.386192321777
833804.960000038147 816319.040000915527 213.239490509033
833804.960000038147 816319.040000915527 213.072498321533
833804.880000114441 816319.040000915527 212.885391235352
833804.800000190735 816319.040000915527 212.678203582764
833804.800000190735 816319.040000915527 212.450798034668
833804.800000190735 816319.040000915527 212.203201293945
833804.800000190735 816319.040000915527 211.935508728027
833804.800000190735 816319.040000915527 211.664489746094
833804.800000190735 816319.040000915527 211.413494110107
833804.800000190735 816319.040000915527 211.182598114014
833804.880000114441 816319.040000915527 210.971797943115
833804.960000038147 816319.040000915527 210.780994415283
833804.960000038147 816319.040000915527 210.610290527344
833805.120000123978 816319.040000915527 210.459705352783
833805.200000047684 816318.880001068115 210.329196929932
833805.440000057220 816318.880001068115 210.218807220459
833805.440000057220 816318.799999237061 210.128494262695
833805.600000143051 816318.799999237061 210.058200836182
833805.759999990463 816318.799999237061 210.008007049561
833805.920000076294 816318.719997406006 209.977890014648
833807.840000033379 816318.239997863770 209.759609222412
833807.519999980927 816318.239997863770 209.555194854736
833807.360000014305 816318.319999694824 209.382305145264
833807.120000004768 816318.399997711182 209.240798950195
833806.880000114441 816318.479999542236 209.130702972412
833806.559999942780 816318.559997558594 209.052108764648
833806.320000171661 816318.559997558594 209.004901885986
833806.080000162125 816318.719997406006 208.989196777344
833805.759999990463 816318.719997406006 209.005001068115
833805.519999980927 816318.799999237061 209.052402496338
833805.279999971390 816318.880001068115 209.131404876709
833804.960000038147 816319.040000915527 209.241992950439
833804.800000190735 816319.040000915527 209.384197235107
833804.639999866486 816319.040000915527 209.558006286621
833804.400000095367 816319.119998931885 209.763496398926
833804.160000324249 816319.200000762939 209.996894836426
833804.079999923706 816319.200000762939 210.254608154297
833804.000000000000 816319.279998779297 210.536697387695
833803.920000076294 816319.279998779297 210.843105316162
833803.840000152588 816319.279998779297 211.173904418945
833803.840000152588 816319.279998779297 211.529003143311
833803.840000152588 816319.279998779297 211.908496856689
833803.840000152588 816319.279998779297 212.291091918945
833803.840000152588 816319.279998779297 212.649002075195
833803.920000076294 816319.279998779297 212.982109069824
833804.000000000000 816319.200000762939 213.290390014648
833804.079999923706 816319.200000762939 213.574100494385
833804.160000324249 816319.200000762939 213.832889556885
833804.400000095367 816319.119998931885 214.067108154297
833804.639999866486 816319.040000915527 214.273006439209
833804.800000190735 816319.040000915527 214.447204589844
833804.960000038147 816319.040000915527 214.589805603027
833805.279999971390 816318.880001068115 214.700702667236
833805.519999980927 816318.799999237061 214.779899597168
833805.759999990463 816318.719997406006 214.827400207520
833806.080000162125 816318.559997558594 214.843299865723
833806.240000009537 816318.559997558594 214.838691711426
833806.400000095367 816318.559997558594 214.825000762939
833806.559999942780 816318.559997558594 214.802108764648
833806.720000028610 816318.479999542236 214.770095825195
833806.799999952316 816318.479999542236 214.729003906250
833807.040000081062 816318.399997711182 214.678691864014
833807.120000004768 816318.399997711182 214.619297027588
833807.200000047684 816318.399997711182 214.568202972412
833807.280000090599 816318.319999694824 214.509902954102
833807.360000014305 816318.319999694824 214.444393157959
833807.360000014305 816318.319999694824 214.371601104736
833807.519999980927 816318.319999694824 214.291503906250
833807.600000023842 816318.239997863770 214.204196929932
833807.680000066757 816318.239997863770 214.109607696533
833807.840000033379 816318.239997863770 214.009609222412
833807.840000033379 816318.239997863770 213.905994415283
833807.920000076294 816318.239997863770 213.798690795898
833808.000000000000 816318.239997863770 213.687793731689
833808.000000000000 816318.239997863770 213.573299407959
833808.080000042915 816318.239997863770 213.455192565918
833808.160000026226 816318.239997863770 213.333496093750
833808.160000026226 816318.079998016357 213.160095214844
833808.160000026226 816318.079998016357 212.975391387939
833808.160000026226 816318.079998016357 212.779296875000
833808.319999992847 816318.079998016357 212.571891784668
833808.319999992847 816318.079998016357 212.353103637695
833808.319999992847 816318.079998016357 212.123008728027
833808.319999992847 816318.079998016357 211.881504058838
833808.319999992847 816318.079998016357 211.507205963135
833808.319999992847 816318.079998016357 211.156700134277
833808.160000026226 816318.079998016357 210.829803466797
833808.160000026226 816318.079998016357 210.526699066162
833808.000000000000 816318.239997863770 210.247303009033
833807.920000076294 816318.239997863770 209.991600036621
833802.720000267029 816319.599998474121 211.052207946777
833803.599999904633 816319.360000610352 210.946407318115
833803.599999904633 816319.360000610352 210.682304382324
833803.519999980927 816319.360000610352 210.436794281006
833803.360000133514 816319.360000610352 210.209899902344
833803.360000133514 816319.360000610352 210.001697540283
833803.280000209808 816319.360000610352 209.812206268311
833803.200000286102 816319.360000610352 209.641407012939
833803.039999961853 816319.520000457764 209.489196777344
833802.880000114441 816319.520000457764 209.356502532959
833802.720000267029 816319.599998474121 209.244297027588
833802.559999942780 816319.599998474121 209.152500152588
833802.400000095367 816319.680000305176 209.080993652344
833802.240000247955 816319.840000152588 209.029998779297
833801.920000076294 816319.840000152588 208.999393463135
833801.680000305176 816319.840000152588 208.989196777344
833801.519999980927 816319.919998168945 208.993396759033
833801.440000057220 816319.919998168945 209.006092071533
833801.200000286102 816320.000000000000 209.027206420898
833800.960000038147 816320.000000000000 209.056697845459
833800.880000114441 816320.079998016357 209.094707489014
833800.800000190735 816320.079998016357 209.141094207764
833800.640000343323 816320.159999847412 209.195995330811
833800.640000343323 816320.159999847412 209.259490966797
833800.400000572205 816320.159999847412 209.331993103027
833800.320000648499 816320.159999847412 209.413299560547
833800.159999847412 816320.159999847412 209.503593444824
833800.159999847412 816320.159999847412 209.602695465088
833800.079999923706 816320.319999694824 209.710800170898
833800.000000000000 816320.319999694824 209.827793121338
833800.000000000000 816320.319999694824 209.950508117676
833799.920000076294 816320.319999694824 210.075702667236
833799.840000152588 816320.319999694824 210.203495025635
833799.840000152588 816320.399997711182 210.333690643311
833799.840000152588 816320.399997711182 210.466503143311
833799.840000152588 816320.399997711182 210.601795196533
833799.840000152588 816320.399997711182 210.739707946777
833799.840000152588 816320.399997711182 210.889610290527
833799.840000152588 816320.399997711182 211.032596588135
833799.840000152588 816320.399997711182 211.168594360352
833799.840000152588 816320.399997711182 211.297500610352
833799.920000076294 816320.319999694824 211.419296264648
833799.920000076294 816320.319999694824 211.534198760986
833800.000000000000 816320.319999694824 211.641990661621
833800.000000000000 816320.319999694824 211.743202209473
833800.079999923706 816320.319999694824 211.838104248047
833800.159999847412 816320.159999847412 211.926601409912
833800.159999847412 816320.159999847412 212.008903503418
833800.320000648499 816320.159999847412 212.084804534912
833800.400000572205 816320.159999847412 212.154491424561
833800.480000495911 816320.159999847412 212.217792510986
833800.640000343323 816320.159999847412 212.277694702148
833800.720000267029 816320.159999847412 212.336894989014
833800.880000114441 816320.079998016357 212.395507812500
833800.960000038147 816320.079998016357 212.453594207764
833801.120000362396 816320.000000000000 212.510993957520
833801.440000057220 816320.000000000000 212.567695617676
833801.519999980927 816319.919998168945 212.623905181885
833801.680000305176 816319.840000152588 212.679492950439
833801.760000228882 816319.840000152588 212.734394073486
833802.000000000000 816319.840000152588 212.788906097412
833802.240000247955 816319.840000152588 212.842693328857
833802.240000247955 816319.680000305176 212.895996093750
833802.320000171661 816319.680000305176 212.948692321777
833802.400000095367 816319.680000305176 213.000801086426
833802.400000095367 816319.680000305176 213.042694091797
833802.480000019073 816319.680000305176 213.087108612061
833802.480000019073 816319.680000305176 213.133808135986
833802.480000019073 816319.680000305176 213.182792663574
833802.480000019073 816319.680000305176 213.234294891357
833802.559999942780 816319.599998474121 213.288105010986
833802.559999942780 816319.599998474121 213.344200134277
833802.559999942780 816319.599998474121 213.405292510986
833802.480000019073 816319.680000305176 213.462696075439
833802.480000019073 816319.680000305176 213.516502380371
833802.480000019073 816319.680000305176 213.566600799561
833802.480000019073 816319.680000305176 213.613201141357
833802.400000095367 816319.680000305176 213.656093597412
833802.400000095367 816319.680000305176 213.695388793945
833802.320000171661 816319.680000305176 213.749607086182
833802.240000247955 816319.680000305176 213.795505523682
833802.240000247955 816319.840000152588 213.833103179932
833802.079999923706 816319.840000152588 213.862400054932
833801.920000076294 816319.840000152588 213.883201599121
833801.760000228882 816319.840000152588 213.895702362061
833801.760000228882 816319.840000152588 213.899902343750
833801.600000381470 816319.919998168945 213.895996093750
833801.519999980927 816319.919998168945 213.884296417236
833801.440000057220 816319.919998168945 213.864803314209
833801.440000057220 816319.919998168945 213.837402343750
833801.280000209808 816320.000000000000 213.802303314209
833801.200000286102 816320.000000000000 213.759296417236
833801.120000362396 816320.000000000000 213.708496093750
833800.960000038147 816320.000000000000 213.648807525635
833800.960000038147 816320.079998016357 213.579101562500
833800.960000038147 816320.079998016357 213.499294281006
833800.960000038147 816320.079998016357 213.409492492676
833800.880000114441 816320.079998016357 213.309707641602
833800.880000114441 816320.079998016357 213.199901580811
833800.880000114441 816320.079998016357 213.079998016357
833799.920000076294 816320.319999694824 213.124099731445
833799.920000076294 816320.319999694824 213.341190338135
833800.000000000000 816320.319999694824 213.545391082764
833800.000000000000 816320.319999694824 213.736892700195
833800.079999923706 816320.319999694824 213.915603637695
833800.159999847412 816320.159999847412 214.081405639648
833800.159999847412 816320.159999847412 214.234489440918
833800.400000572205 816320.159999847412 214.374805450439
833800.640000343323 816320.159999847412 214.499099731445
833800.720000267029 816320.159999847412 214.604198455811
833800.880000114441 816320.079998016357 214.690292358398
833800.960000038147 816320.000000000000 214.757205963135
833801.280000209808 816320.000000000000 214.805000305176
833801.519999980927 816319.919998168945 214.833690643311
833801.760000228882 816319.840000152588 214.843299865723
833801.760000228882 816319.840000152588 214.839294433594
833802.000000000000 816319.840000152588 214.827304840088
833802.240000247955 816319.840000152588 214.807205200195
833802.320000171661 816319.680000305176 214.779197692871
833802.400000095367 816319.680000305176 214.743103027344
833802.559999942780 816319.599998474121 214.699100494385
833802.559999942780 816319.599998474121 214.646991729736
833802.720000267029 816319.599998474121 214.587303161621
833802.880000114441 816319.520000457764 214.520290374756
833803.039999961853 816319.520000457764 214.445995330811
833803.039999961853 816319.520000457764 214.364295959473
833803.120000362396 816319.520000457764 214.275390625000
833803.200000286102 816319.360000610352 214.179199218750
833803.200000286102 816319.360000610352 214.075603485107
833803.280000209808 816319.360000610352 213.967304229736
833803.360000133514 816319.360000610352 213.856697082520
833803.360000133514 816319.360000610352 213.743808746338
833803.360000133514 816319.360000610352 213.628688812256
833803.360000133514 816319.360000610352 213.511192321777
833803.360000133514 816319.360000610352 213.391502380371
833803.360000133514 816319.360000610352 213.269607543945
833803.360000133514 816319.360000610352 213.082401275635
833803.360000133514 816319.360000610352 212.903591156006
833803.360000133514 816319.360000610352 212.733104705811
833803.280000209808 816319.360000610352 212.570995330811
833803.200000286102 816319.360000610352 212.417106628418
833803.120000362396 816319.360000610352 212.271598815918
833803.039999961853 816319.520000457764 212.134490966797
833802.880000114441 816319.520000457764 212.042106628418
833802.800000190735 816319.599998474121 211.953907012939
833802.559999942780 816319.599998474121 211.870098114014
833802.480000019073 816319.680000305176 211.790508270264
833802.320000171661 816319.680000305176 211.715194702148
833802.240000247955 816319.840000152588 211.644100189209
833801.920000076294 816319.840000152588 211.577400207520
833801.760000228882 816319.840000152588 211.529197692871
833801.600000381470 816319.840000152588 211.485389709473
833801.519999980927 816319.919998168945 211.445896148682
833801.440000057220 816319.919998168945 211.410896301270
833801.280000209808 816320.000000000000 211.380195617676
833801.200000286102 816320.000000000000 211.353904724121
833801.200000286102 816320.000000000000 211.331993103027
833801.120000362396 816320.000000000000 211.301601409912
833800.960000038147 816320.000000000000 211.269607543945
833800.960000038147 816320.079998016357 211.236190795898
833800.960000038147 816320.079998016357 211.201190948486
833800.880000114441 816320.079998016357 211.164707183838
833800.880000114441 816320.079998016357 211.126796722412
833800.800000190735 816320.079998016357 211.087402343750
833800.800000190735 816320.079998016357 211.045993804932
833800.800000190735 816320.079998016357 211.002109527588
833800.800000190735 816320.079998016357 210.955799102783
833800.720000267029 816320.079998016357 210.907108306885
833800.720000267029 816320.079998016357 210.855895996094
833800.720000267029 816320.159999847412 210.802303314209
833800.720000267029 816320.159999847412 210.746307373047
833800.720000267029 816320.159999847412 210.658691406250
833800.720000267029 816320.079998016357 210.574394226074
833800.800000190735 816320.079998016357 210.493202209473
833800.800000190735 816320.079998016357 210.415290832520
833800.880000114441 816320.079998016357 210.340702056885
833800.880000114441 816320.079998016357 210.269199371338
833800.960000038147 816320.079998016357 210.200996398926
833800.960000038147 816320.000000000000 210.139099121094
833801.120000362396 816320.000000000000 210.086795806885
833801.200000286102 816320.000000000000 210.043907165527
833801.280000209808 816320.000000000000 210.010604858398
833801.440000057220 816319.919998168945 209.986892700195
833801.519999980927 816319.919998168945 209.972595214844
833801.680000305176 816319.840000152588 209.967792510986
833801.760000228882 816319.840000152588 209.973201751709
833801.920000076294 816319.840000152588 209.989196777344
833802.000000000000 816319.840000152588 210.015995025635
833802.079999923706 816319.840000152588 210.053493499756
833802.240000247955 816319.840000152588 210.101699829102
833802.240000247955 816319.680000305176 210.160606384277
833802.320000171661 816319.680000305176 210.230194091797
833802.400000095367 816319.680000305176 210.311305999756
833802.480000019073 816319.680000305176 210.404491424561
833802.559999942780 816319.599998474121 210.509704589844
833802.559999942780 816319.599998474121 210.627204895020
833802.559999942780 816319.599998474121 210.756698608398
833802.559999942780 816319.599998474121 210.898399353027
833796.320000648499 816321.279998779297 212.912498474121
833795.360000610352 816321.599998474121 213.185798645020
833795.360000610352 816321.520000457764 213.373592376709
833795.520000457764 816321.520000457764 213.548496246338
833795.520000457764 816321.520000457764 213.710388183594
833795.600000381470 816321.520000457764 213.859489440918
833795.680000305176 816321.520000457764 213.995605468750
833795.840000152588 816321.439998626709 214.118808746338
833795.840000152588 816321.439998626709 214.229003906250
833796.000000000000 816321.439998626709 214.391990661621
833796.159999847412 816321.439998626709 214.529899597168
833796.400000572205 816321.279998779297 214.642692565918
833796.640000343323 816321.279998779297 214.730388641357
833796.800000190735 816321.200000762939 214.793106079102
833796.960000038147 816321.119998931885 214.830703735352
833797.280000686646 816320.959999084473 214.843299865723
833797.520000457764 816320.959999084473 214.827304840088
833797.760000228882 816320.880001068115 214.779491424561
833798.079999923706 816320.880001068115 214.699901580811
833798.239999771118 816320.799999237061 214.588298797607
833798.480000495911 816320.719997406006 214.444900512695
833798.720000267029 816320.639999389648 214.269607543945
833798.880000114441 816320.639999389648 214.062500000000
833799.039999961853 816320.639999389648 213.826503753662
833799.199999809265 816320.639999389648 213.564804077148
833799.280000686646 816320.479999542236 213.277400970459
833799.360000610352 816320.479999542236 212.964294433594
833799.360000610352 816320.479999542236 212.625389099121
833799.360000610352 816320.479999542236 212.260799407959
833799.360000610352 816320.479999542236 211.870506286621
833799.360000610352 816320.479999542236 211.500896453857
833799.360000610352 816320.479999542236 211.154296875000
833799.360000610352 816320.479999542236 210.830799102783
833799.280000686646 816320.479999542236 210.530292510986
833799.199999809265 816320.639999389648 210.252891540527
833799.039999961853 816320.639999389648 209.998592376709
833798.880000114441 816320.639999389648 209.767208099365
833798.720000267029 816320.639999389648 209.563201904297
833798.480000495911 816320.719997406006 209.390506744385
833798.320000648499 816320.799999237061 209.249198913574
833798.079999923706 816320.880001068115 209.139297485352
833797.760000228882 816320.880001068115 209.060798645020
833797.600000381470 816320.959999084473 209.013690948486
833797.440000534058 816320.959999084473 208.998008728027
833797.119999885559 816321.119998931885 209.007205963135
833796.880000114441 816321.119998931885 209.034900665283
833796.720000267029 816321.200000762939 209.080993652344
833796.640000343323 816321.279998779297 209.145507812500
833796.400000572205 816321.279998779297 209.228397369385
833796.159999847412 816321.439998626709 209.329803466797
833796.079999923706 816321.439998626709 209.449607849121
833795.920000076294 816321.439998626709 209.588497161865
833795.840000152588 816321.439998626709 209.746795654297
833795.680000305176 816321.520000457764 209.924705505371
833795.600000381470 816321.520000457764 210.122207641602
833795.520000457764 816321.520000457764 210.339199066162
833795.360000610352 816321.520000457764 210.575702667236
833795.360000610352 816321.599998474121 210.831794738770
833796.320000648499 816321.439998626709 211.175701141357
833796.320000648499 816321.279998779297 211.005096435547
833796.400000572205 816321.279998779297 210.848007202148
833796.400000572205 816321.279998779297 210.704490661621
833796.480000495911 816321.279998779297 210.574489593506
833796.640000343323 816321.279998779297 210.458103179932
833796.640000343323 816321.279998779297 210.355194091797
833796.720000267029 816321.200000762939 210.265800476074
833796.800000190735 816321.200000762939 210.189102172852
833796.880000114441 816321.200000762939 210.124198913574
833796.960000038147 816321.119998931885 210.071094512939
833796.960000038147 816321.119998931885 210.029705047607
833797.119999885559 816321.119998931885 210.000293731689
833797.199999809265 816320.959999084473 209.982498168945
833797.440000534058 816320.959999084473 209.976600646973
833797.440000534058 816320.959999084473 209.985897064209
833797.600000381470 816320.959999084473 210.013690948486
833797.760000228882 816320.959999084473 210.060096740723
833797.760000228882 816320.880001068115 210.125000000000
833798.000000000000 816320.880001068115 210.208396911621
833798.079999923706 816320.880001068115 210.310390472412
833798.239999771118 816320.799999237061 210.430896759033
833798.239999771118 816320.799999237061 210.573204040527
833798.320000648499 816320.799999237061 210.740703582764
833798.400000572205 816320.719997406006 210.933399200439
833798.400000572205 816320.719997406006 211.151191711426
833798.480000495911 816320.719997406006 211.394100189209
833798.480000495911 816320.719997406006 211.662204742432
833798.480000495911 816320.719997406006 211.955390930176
833798.480000495911 816320.719997406006 212.232109069824
833798.480000495911 816320.719997406006 212.486091613770
833798.400000572205 816320.719997406006 212.717304229736
833798.400000572205 816320.719997406006 212.925701141357
833798.320000648499 816320.799999237061 213.111309051514
833798.239999771118 816320.799999237061 213.274196624756
833798.239999771118 816320.799999237061 213.414295196533
833798.079999923706 816320.880001068115 213.533805847168
833798.000000000000 816320.880001068115 213.634902954102
833797.760000228882 816320.880001068115 213.717597961426
833797.760000228882 816320.959999084473 213.781894683838
833797.600000381470 816320.959999084473 213.827888488770
833797.440000534058 816320.959999084473 213.855506896973
833797.280000686646 816320.959999084473 213.864608764648
833797.199999809265 816320.959999084473 213.859394073486
833797.119999885559 816321.119998931885 213.843807220459
833796.960000038147 816321.119998931885 213.817695617676
833796.960000038147 816321.119998931885 213.781188964844
833796.800000190735 816321.200000762939 213.734294891357
833796.720000267029 816321.200000762939 213.676990509033
833796.640000343323 816321.200000762939 213.609199523926
833796.640000343323 816321.279998779297 213.532402038574
833796.640000343323 816321.279998779297 213.448005676270
833796.480000495911 816321.279998779297 213.356094360352
833796.400000572205 816321.279998779297 213.256599426270
833796.400000572205 816321.279998779297 213.149490356445
833796.320000648499 816321.279998779297 213.034805297852
833792.800001144409 816322.239997863770 209.967792510986
833792.960000991821 816322.239997863770 209.977890014648
833793.119999885559 816322.239997863770 210.008300781250
833793.280000686646 816322.239997863770 210.058906555176
833793.440000534058 816322.079998016357 210.129707336426
833793.520000457764 816322.079998016357 210.220798492432
833793.600000381470 816322.079998016357 210.332107543945
833793.760000228882 816322.000000000000 210.463592529297
833793.760000228882 816322.000000000000 210.614707946777
833793.920000076294 816322.000000000000 210.784900665283
833794.000000000000 816321.919998168945 210.974002838135
833794.000000000000 816321.919998168945 211.181991577148
833794.079999923706 816321.919998168945 211.409099578857
833794.079999923706 816321.919998168945 211.655097961426
833794.079999923706 816321.919998168945 211.920097351074
833794.079999923706 816321.919998168945 212.188903808594
833794.079999923706 816321.919998168945 212.437694549561
833794.000000000000 816321.919998168945 212.666404724121
833794.000000000000 816321.919998168945 212.875095367432
833793.920000076294 816322.000000000000 213.063591003418
833793.760000228882 816322.000000000000 213.232109069824
833793.760000228882 816322.000000000000 213.380390167236
833793.600000381470 816322.079998016357 213.508903503418
833793.520000457764 816322.079998016357 213.617595672607
833793.440000534058 816322.079998016357 213.706504821777
833793.280000686646 816322.239997863770 213.775703430176
833793.119999885559 816322.239997863770 213.825096130371
833792.960000991821 816322.239997863770 213.854804992676
833792.800001144409 816322.239997863770 213.864608764648
833792.640001296997 816322.319999694824 213.854900360107
833792.479999542236 816322.399997711182 213.825603485107
833792.319999694824 816322.399997711182 213.776794433594
833792.159999847412 816322.399997711182 213.708396911621
833792.079999923706 816322.479999542236 213.620605468750
833791.920000076294 816322.479999542236 213.513202667236
833791.840000152588 816322.559997558594 213.386192321777
833791.840000152588 816322.559997558594 213.239490509033
833791.680000305176 816322.559997558594 213.072498321533
833791.600000381470 816322.559997558594 212.885391235352
833791.600000381470 816322.559997558594 212.678203582764
833791.520000457764 816322.559997558594 212.450798034668
833791.520000457764 816322.559997558594 212.203201293945
833791.520000457764 816322.559997558594 211.935508728027
833791.520000457764 816322.559997558594 211.664489746094
833791.520000457764 816322.559997558594 211.413494110107
833791.600000381470 816322.559997558594 211.182598114014
833791.600000381470 816322.559997558594 210.971797943115
833791.680000305176 816322.559997558594 210.780994415283
833791.840000152588 816322.559997558594 210.610290527344
833791.840000152588 816322.559997558594 210.459705352783
833792.000000000000 816322.479999542236 210.329196929932
833792.079999923706 816322.479999542236 210.218807220459
833792.159999847412 816322.399997711182 210.128494262695
833792.319999694824 816322.399997711182 210.058200836182
833792.479999542236 816322.319999694824 210.008007049561
833792.640001296997 816322.319999694824 209.977890014648
833794.480000495911 816321.759998321533 209.759609222412
833794.240000724792 816321.759998321533 209.555194854736
833794.079999923706 816321.919998168945 209.382305145264
833793.760000228882 816322.000000000000 209.240798950195
833793.600000381470 816322.079998016357 209.130702972412
833793.440000534058 816322.239997863770 209.052108764648
833792.960000991821 816322.239997863770 209.004901885986
833792.800001144409 816322.239997863770 208.989196777344
833792.479999542236 816322.319999694824 209.005001068115
833792.159999847412 816322.399997711182 209.052402496338
833792.000000000000 816322.479999542236 209.131404876709
833791.840000152588 816322.559997558594 209.241992950439
833791.520000457764 816322.559997558594 209.384197235107
833791.360000610352 816322.559997558594 209.558006286621
833791.120000839233 816322.719997406006 209.763496398926
833791.040000915527 816322.799999237061 209.996894836426
833790.800001144409 816322.799999237061 210.254608154297
833790.720001220703 816322.799999237061 210.536697387695
833790.559999465942 816322.880001068115 210.843105316162
833790.559999465942 816322.880001068115 211.173904418945
833790.559999465942 816322.880001068115 211.529003143311
833790.559999465942 816322.880001068115 211.908496856689
833790.559999465942 816322.880001068115 212.291091918945
833790.559999465942 816322.880001068115 212.649002075195
833790.559999465942 816322.880001068115 212.982109069824
833790.720001220703 816322.799999237061 213.290390014648
833790.800001144409 816322.799999237061 213.574100494385
833791.040000915527 816322.799999237061 213.832889556885
833791.120000839233 816322.719997406006 214.067108154297
833791.360000610352 816322.559997558594 214.273006439209
833791.520000457764 816322.559997558594 214.447204589844
833791.840000152588 816322.559997558594 214.589805603027
833792.000000000000 816322.479999542236 214.700702667236
833792.159999847412 816322.399997711182 214.779899597168
833792.479999542236 816322.319999694824 214.827400207520
833792.800001144409 816322.239997863770 214.843299865723
833792.960000991821 816322.239997863770 214.838691711426
833793.119999885559 816322.239997863770 214.825000762939
833793.280000686646 816322.239997863770 214.802108764648
833793.440000534058 816322.079998016357 214.770095825195
833793.520000457764 816322.079998016357 214.729003906250
833793.680000305176 816322.000000000000 214.678691864014
833793.760000228882 816322.000000000000 214.619297027588
833793.920000076294 816322.000000000000 214.568202972412
833794.000000000000 816321.919998168945 214.509902954102
833794.079999923706 816321.919998168945 214.444393157959
833794.240000724792 816321.919998168945 214.371601104736
833794.240000724792 816321.759998321533 214.291503906250
833794.320000648499 816321.759998321533 214.204196929932
833794.400000572205 816321.759998321533 214.109607696533
833794.480000495911 816321.759998321533 214.009609222412
833794.560000419617 816321.759998321533 213.905994415283
833794.560000419617 816321.759998321533 213.798690795898
833794.720000267029 816321.759998321533 213.687793731689
833794.720000267029 816321.759998321533 213.573299407959
833794.800000190735 816321.759998321533 213.455192565918
833794.880000114441 816321.680000305176 213.333496093750
833794.880000114441 816321.680000305176 213.160095214844
833795.039999961853 816321.680000305176 212.975391387939
833795.039999961853 816321.680000305176 212.779296875000
833795.039999961853 816321.680000305176 212.571891784668
833795.039999961853 816321.680000305176 212.353103637695
833795.039999961853 816321.680000305176 212.123008728027
833795.039999961853 816321.680000305176 211.881504058838
833795.039999961853 816321.680000305176 211.507205963135
833795.039999961853 816321.680000305176 211.156700134277
833795.039999961853 816321.680000305176 210.829803466797
833794.880000114441 816321.680000305176 210.526699066162
833794.720000267029 816321.759998321533 210.247303009033
833794.560000419617 816321.759998321533 209.991600036621
833794.400000572205 816294.800000190735 212.879489898682
833794.400000572205 816294.800000190735 209.878807067871
833795.039999961853 816294.559999465942 209.949295043945
833795.520000457764 816294.479999542236 210.150096893311
833796.000000000000 816294.399999618530 210.465095520020
833796.400000572205 816294.239999771118 210.878299713135
833796.720000267029 816294.239999771118 211.373592376709
833796.880000114441 816294.239999771118 211.934902191162
833796.960000038147 816294.079999923706 212.546192169189
833796.880000114441 816294.239999771118 213.157402038574
833796.720000267029 816294.239999771118 213.718688964844
833796.400000572205 816294.239999771118 214.213905334473
833796.000000000000 816294.399999618530 214.626991271973
833795.520000457764 816294.479999542236 214.941894531250
833795.039999961853 816294.559999465942 215.142692565918
833794.400000572205 816294.800000190735 215.213104248047
833793.119999885559 816295.119999885559 215.212791442871
833793.119999885559 816295.119999885559 212.879489898682
833791.840000152588 816295.519999504089 209.879489898682
833794.320000648499 816294.800000190735 209.879489898682
833794.320000648499 816294.800000190735 211.546192169189
833792.960000991821 816295.199999809265 211.546192169189
833792.960000991821 816295.199999809265 215.212791442871
833791.840000152588 816295.519999504089 215.212791442871
833793.119999885559 816295.119999885559 212.798904418945
833793.119999885559 816295.119999885559 211.627109527588
833794.320000648499 816294.800000190735 211.627109527588
833794.320000648499 816294.800000190735 212.798904418945
833794.480000495911 816295.039999961853 212.879489898682
833794.480000495911 816295.039999961853 209.878807067871
833795.039999961853 816294.880000114441 209.949295043945
833795.600000381470 816294.720000267029 210.150096893311
833796.079999923706 816294.559999465942 210.465095520020
833796.480000495911 816294.479999542236 210.878299713135
833796.720000267029 816294.399999618530 211.373592376709
833796.960000038147 816294.319999694824 211.934902191162
833796.960000038147 816294.319999694824 212.546192169189
833796.960000038147 816294.319999694824 213.157402038574
833796.720000267029 816294.399999618530 213.718688964844
833796.480000495911 816294.479999542236 214.213905334473
833796.079999923706 816294.559999465942 214.626991271973
833795.600000381470 816294.720000267029 214.941894531250
833795.039999961853 816294.880000114441 215.142692565918
833794.480000495911 816295.039999961853 215.213104248047
833793.119999885559 816295.359999656677 215.212791442871
833793.119999885559 816295.359999656677 212.879489898682
833791.840000152588 816295.840000152588 209.879489898682
833794.320000648499 816295.039999961853 209.879489898682
833794.320000648499 816295.039999961853 211.546192169189
833792.960000991821 816295.359999656677 211.546192169189
833792.960000991821 816295.359999656677 215.212791442871
833791.840000152588 816295.840000152588 215.212791442871
833794.320000648499 816295.039999961853 211.627109527588
833794.320000648499 816295.039999961853 212.798904418945
833793.200000762939 816295.359999656677 212.798904418945
833793.200000762939 816295.359999656677 211.627109527588
833816.399999618530 816300.399999618530 211.528690338135
833816.639999866486 816300.960000038147 211.528690338135
833816.639999866486 816300.960000038147 214.862693786621
833817.519999504089 816304.159999847412 211.528690338135
833817.679999351501 816304.879999160767 211.528690338135
833817.679999351501 816304.879999160767 215.528690338135
833817.519999504089 816304.159999847412 214.862693786621
833817.679999351501 816304.879999160767 210.195701599121
833817.679999351501 816304.879999160767 210.862693786621
833817.279999732971 816303.600000381470 210.862693786621
833817.119999885559 816303.039999008179 210.195701599121
833817.119999885559 816303.039999008179 213.528690338135
833817.279999732971 816303.600000381470 214.195701599121
833816.799999713898 816301.679999351501 214.195701599121
833816.960000038147 816302.319999694824 213.528690338135
833816.799999713898 816301.679999351501 210.862693786621
833816.960000038147 816302.319999694824 210.195701599121
833816.079999923706 816299.119999885559 210.195701599121
833816.159999847412 816299.840000152588 210.862693786621
833816.079999923706 816299.119999885559 215.528690338135
833816.159999847412 816299.840000152588 214.862693786621
833816.399999618530 816300.399999618530 214.862693786621
833817.439999580383 816304.959999084473 210.195701599121
833817.439999580383 816304.959999084473 210.862693786621
833817.119999885559 816303.680000305176 210.862693786621
833817.119999885559 816303.680000305176 214.195701599121
833816.639999866486 816301.759999275208 214.195701599121
833816.639999866486 816301.759999275208 210.862693786621
833816.079999923706 816299.840000152588 210.862693786621
833816.079999923706 816299.840000152588 214.862693786621
833816.159999847412 816300.479999542236 214.862693786621
833816.159999847412 816300.479999542236 211.528690338135
833816.399999618530 816301.119999885559 211.528690338135
833816.399999618530 816301.119999885559 214.862693786621
833817.279999732971 816304.319999694824 214.862693786621
833817.279999732971 816304.319999694824 211.528690338135
833817.439999580383 816304.959999084473 211.528690338135
833817.439999580383 816304.959999084473 215.528690338135
833815.920000076294 816299.119999885559 215.528690338135
833815.920000076294 816299.119999885559 210.195701599121
833816.799999713898 816302.399999618530 210.195701599121
833816.799999713898 816302.399999618530 213.528690338135
833816.960000038147 816303.039999008179 213.528690338135
833816.960000038147 816303.039999008179 210.195701599121
833800.320000648499 816315.119998931885 225.808006286621
833786.480001449585 816318.880001068115 217.669998168945
833798.239999771118 816307.359998703003 231.829998016357
833814.079999923706 816311.359998703003 217.669998168945
833812.000000000000 816303.680000305176 223.069999694824
833809.919999957085 816296.000000000000 217.669998168945
833796.079999923706 816299.679999351501 225.808006286621
833782.319999694824 816303.359998703003 217.669998168945
833784.399999618530 816311.199998855591 223.069999694824
833800.320000648499 816315.119998931885 225.008007049561
833813.599999904633 816311.519998550415 217.159999847412
833813.759999752045 816315.840000152588 215.309997558594
833801.440000057220 816319.200000762939 222.579998016357
833788.960000991821 816322.559997558594 215.309997558594
833787.040000915527 816318.719997406006 217.159999847412
833812.000000000000 816303.680000305176 222.270000457764
833810.000000000000 816296.479999542236 217.219997406006
833814.319999694824 816296.319999694824 215.689998626709
833816.079999923706 816302.559999465942 220.069999694824
833817.760000228882 816308.879999160767 215.689998626709
833814.000000000000 816310.879999160767 217.219997406006
833796.079999923706 816299.679999351501 225.008007049561
833782.800001144409 816303.279998779297 217.159999847412
833782.560001373291 816299.039999961853 215.309997558594
833795.039999961853 816295.679999351501 222.579998016357
833807.360000014305 816292.319999694824 215.309997558594
833809.439999997616 816296.079999923706 217.159999847412
833784.399999618530 816311.199998855591 222.270000457764
833786.399999618530 816318.399997711182 217.219997406006
833782.079999923706 816318.559997558594 215.689998626709
833780.319999694824 816312.159999847412 220.069999694824
833778.560001373291 816306.000000000000 215.689998626709
833782.480001449585 816303.920000076294 217.219997406006
833790.239999771118 816323.119998931885 214.909999847412
833789.920000076294 816322.319999694824 214.909999847412
833801.440000057220 816319.200000762939 221.779998779297
833812.879999876022 816316.079999923706 214.909999847412
833813.119999885559 816316.879999160767 214.909999847412
833801.600000381470 816320.000000000000 221.779998779297
833816.799999713898 816302.399999618530 219.270000457764
833818.319999694824 816308.000000000000 215.349998474121
833817.599999427795 816308.159999847412 215.349998474121
833816.079999923706 816302.559999465942 219.270000457764
833814.559999942780 816296.960000038147 215.349998474121
833815.279999732971 816296.800000190735 215.349998474121
833794.800000190735 816294.880000114441 221.779998779297
833806.320000171661 816291.839999675751 214.909999847412
833806.480000019073 816292.639999866486 214.909999847412
833795.039999961853 816295.679999351501 221.779998779297
833783.520000457764 816298.799999237061 214.909999847412
833783.280000686646 816298.000000000000 214.909999847412
833780.319999694824 816312.159999847412 219.270000457764
833781.920000076294 816317.760000228882 215.349998474121
833781.120000839233 816318.079998016357 215.349998474121
833779.600000381470 816312.479999542236 219.270000457764
833778.079999923706 816306.879999160767 215.349998474121
833778.800001144409 816306.559999465942 215.349998474121
833800.320000648499 816315.119998931885 208.829998016357
833786.480001449585 816318.880001068115 208.829998016357
833798.239999771118 816307.359998703003 208.829998016357
833814.079999923706 816311.359998703003 208.829998016357
833812.000000000000 816303.680000305176 208.829998016357
833809.919999957085 816296.000000000000 208.829998016357
833796.079999923706 816299.679999351501 208.829998016357
833782.319999694824 816303.359998703003 208.829998016357
833784.399999618530 816311.199998855591 208.829998016357
833790.239999771118 816323.119998931885 208.829998016357
833789.920000076294 816322.319999694824 208.829998016357
833801.440000057220 816319.200000762939 208.829998016357
833812.879999876022 816316.079999923706 208.829998016357
833813.119999885559 816316.879999160767 208.829998016357
833801.600000381470 816320.000000000000 208.829998016357
833794.800000190735 816294.880000114441 208.829998016357
833806.320000171661 816291.839999675751 208.829998016357
833806.480000019073 816292.639999866486 208.829998016357
833795.039999961853 816295.679999351501 208.829998016357
833783.520000457764 816298.799999237061 208.829998016357
833783.280000686646 816298.000000000000 208.829998016357
833788.960000991821 816322.559997558594 208.829998016357
833787.040000915527 816318.719997406006 208.829998016357
833813.599999904633 816311.519998550415 208.829998016357
833813.759999752045 816315.840000152588 208.829998016357
833807.360000014305 816292.319999694824 208.829998016357
833809.439999997616 816296.079999923706 208.829998016357
833782.800001144409 816303.279998779297 208.829998016357
833782.560001373291 816299.039999961853 208.829998016357
833816.799999713898 816302.399999618530 208.829998016357
833818.319999694824 816308.000000000000 208.829998016357
833817.599999427795 816308.159999847412 208.829998016357
833816.079999923706 816302.559999465942 208.829998016357
833814.559999942780 816296.960000038147 208.829998016357
833815.279999732971 816296.800000190735 208.829998016357
833780.319999694824 816312.159999847412 208.829998016357
833781.920000076294 816317.760000228882 208.829998016357
833781.120000839233 816318.079998016357 208.829998016357
833779.600000381470 816312.479999542236 208.829998016357
833778.079999923706 816306.879999160767 208.829998016357
833778.800001144409 816306.559999465942 208.829998016357
833817.760000228882 816308.879999160767 208.829998016357
833814.000000000000 816310.879999160767 208.829998016357
833810.000000000000 816296.479999542236 208.829998016357
833814.319999694824 816296.319999694824 208.829998016357
833778.560001373291 816306.000000000000 208.829998016357
833782.480001449585 816303.920000076294 208.829998016357
833786.399999618530 816318.399997711182 208.829998016357
833782.079999923706 816318.559997558594 208.829998016357
3 0 1 2
3 0 2 3
3 3 4 5
3 3 5 6
3 7 8 9
3 10 7 9
3 11 10 9
3 12 11 9
3 12 9 13
3 13 14 15
3 12 13 15
3 16 12 15
3 17 16 15
3 18 17 15
3 19 18 15
3 20 19 15
3 21 20 15
3 22 21 15
3 23 22 15
3 24 23 15
3 6 24 15
3 3 6 15
3 0 3 15
3 25 26 1
3 1 0 25
3 26 27 2
3 2 1 26
3 27 28 3
3 3 2 27
3 28 29 4
3 4 3 28
3 29 30 5
3 5 4 29
3 30 31 6
3 6 5 30
3 31 32 24
3 24 6 31
3 32 33 23
3 23 24 32
3 33 34 22
3 22 23 33
3 34 35 21
3 21 22 34
3 35 36 20
3 20 21 35
3 36 37 19
3 19 20 36
3 37 38 18
3 18 19 37
3 38 39 17
3 17 18 38
3 39 40 16
3 16 17 39
3 40 41 12
3 12 16 40
3 41 42 11
3 11 12 41
3 42 43 10
3 10 11 42
3 43 44 7
3 7 10 43
3 44 45 8
3 8 7 44
3 45 46 9
3 9 8 45
3 46 47 13
3 13 9 46
3 47 48 14
3 14 13 47
3 48 49 15
3 15 14 48
3 49 25 0
3 0 15 49
3 50 51 52
3 53 54 55
3 56 53 55
3 52 56 55
3 57 58 59
3 60 57 59
3 61 60 59
3 61 59 62
3 61 62 63
3 64 61 63
3 64 63 65
3 66 64 65
3 67 66 65
3 67 65 68
3 69 67 68
3 69 68 70
3 55 69 70
3 55 70 71
3 52 55 71
3 50 52 71
3 72 73 58
3 58 57 72
3 73 74 59
3 59 58 73
3 74 75 62
3 62 59 74
3 75 76 63
3 63 62 75
3 76 77 65
3 65 63 76
3 77 78 68
3 68 65 77
3 78 79 70
3 70 68 78
3 79 80 71
3 71 70 79
3 80 81 50
3 50 71 80
3 81 82 51
3 51 50 81
3 82 83 52
3 52 51 82
3 83 84 56
3 56 52 83
3 84 85 53
3 53 56 84
3 85 86 54
3 54 53 85
3 86 87 55
3 55 54 86
3 87 88 69
3 69 55 87
3 88 89 67
3 67 69 88
3 89 90 66
3 66 67 89
3 90 91 64
3 64 66 90
3 91 92 61
3 61 64 91
3 92 93 60
3 60 61 92
3 93 72 57
3 57 60 93
3 94 95 96
3 94 96 97
3 97 98 99
3 99 100 101
3 101 102 103
3 104 105 106
3 103 104 106
3 106 107 108
3 108 109 110
3 110 111 112
3 108 110 112
3 112 113 114
3 112 114 115
3 108 112 115
3 115 116 117
3 108 115 117
3 117 118 119
3 108 117 119
3 119 120 121
3 119 121 122
3 108 119 122
3 122 123 124
3 108 122 124
3 108 124 125
3 108 125 126
3 108 126 127
3 106 108 127
3 106 127 128
3 106 128 129
3 106 129 130
3 106 130 131
3 131 132 133
3 106 131 133
3 106 133 134
3 134 135 136
3 106 134 136
3 103 106 136
3 101 103 136
3 99 101 136
3 97 99 136
3 136 137 138
3 97 136 138
3 94 97 138
3 94 138 139
3 140 141 139
3 139 138 140
3 141 142 94
3 94 139 141
3 142 9 95
3 95 94 142
3 9 13 96
3 96 95 9
3 13 143 97
3 97 96 13
3 143 144 98
3 98 97 143
3 144 145 99
3 99 98 144
3 145 146 100
3 100 99 145
3 146 147 101
3 101 100 146
3 147 148 102
3 102 101 147
3 148 149 103
3 103 102 148
3 149 15 104
3 104 103 149
3 15 0 105
3 105 104 15
3 0 150 106
3 106 105 0
3 150 151 107
3 107 106 150
3 151 152 108
3 108 107 151
3 152 153 109
3 109 108 152
3 153 154 110
3 110 109 153
3 154 155 111
3 111 110 154
3 155 156 112
3 112 111 155
3 156 2 113
3 113 112 156
3 2 3 114
3 114 113 2
3 3 157 115
3 115 114 3
3 157 158 116
3 116 115 157
3 158 159 117
3 117 116 158
3 159 160 118
3 118 117 159
3 160 161 119
3 119 118 160
3 161 162 120
3 120 119 161
3 162 163 121
3 121 120 162
3 163 164 122
3 122 121 163
3 164 23 123
3 123 122 164
3 23 22 124
3 124 123 23
3 22 21 125
3 125 124 22
3 21 20 126
3 126 125 21
3 20 19 127
3 127 126 20
3 19 18 128
3 128 127 19
3 18 17 129
3 129 128 18
3 17 16 130
3 130 129 17
3 16 12 131
3 131 130 16
3 12 11 132
3 132 131 12
3 11 165 133
3 133 132 11
3 165 166 134
3 134 133 165
3 166 167 135
3 135 134 166
3 167 168 136
3 136 135 167
3 168 169 137
3 137 136 168
3 169 140 138
3 138 137 169
3 170 171 172
3 173 174 175
3 176 173 175
3 176 175 177
3 178 176 177
3 179 180 181
3 179 181 182
3 177 179 182
3 183 184 185
3 183 185 186
3 182 183 186
3 182 186 187
3 177 182 187
3 178 177 187
3 188 189 190
3 187 188 190
3 178 187 190
3 178 190 191
3 192 193 194
3 192 194 195
3 191 192 195
3 191 195 196
3 191 196 197
3 191 197 198
3 191 198 199
3 191 199 200
3 191 200 201
3 201 202 203
3 201 203 204
3 191 201 204
3 178 191 204
3 205 206 207
3 205 207 208
3 204 205 208
3 209 210 211
3 209 211 212
3 208 209 212
3 208 212 213
3 204 208 213
3 178 204 213
3 172 178 213
3 170 172 213
3 214 215 210
3 210 209 214
3 215 216 211
3 211 210 215
3 216 217 212
3 212 211 216
3 217 218 213
3 213 212 217
3 218 219 170
3 170 213 218
3 219 220 171
3 171 170 219
3 220 221 172
3 172 171 220
3 221 222 178
3 178 172 221
3 222 103 176
3 176 178 222
3 103 223 173
3 173 176 103
3 223 224 174
3 174 173 223
3 224 106 175
3 175 174 224
3 106 225 177
3 177 175 106
3 225 226 179
3 179 177 225
3 226 227 180
3 180 179 226
3 227 110 181
3 181 180 227
3 110 228 182
3 182 181 110
3 228 229 183
3 183 182 228
3 229 230 184
3 184 183 229
3 230 231 185
3 185 184 230
3 231 232 186
3 186 185 231
3 232 233 187
3 187 186 232
3 233 234 188
3 188 187 233
3 234 235 189
3 189 188 234
3 235 236 190
3 190 189 235
3 236 237 191
3 191 190 236
3 237 238 192
3 192 191 237
3 238 239 193
3 193 192 238
3 239 240 194
3 194 193 239
3 240 241 195
3 195 194 240
3 241 242 196
3 196 195 241
3 242 243 197
3 197 196 242
3 243 244 198
3 198 197 243
3 244 245 199
3 199 198 244
3 245 246 200
3 200 199 245
3 246 247 201
3 201 200 246
3 247 248 202
3 202 201 247
3 248 133 203
3 203 202 248
3 133 249 204
3 204 203 133
3 249 250 205
3 205 204 249
3 250 251 206
3 206 205 250
3 251 252 207
3 207 206 251
3 252 253 208
3 208 207 252
3 253 214 209
3 209 208 253
3 254 255 256
3 254 256 257
3 258 259 260
3 261 258 260
3 262 263 264
3 265 266 267
3 268 269 270
3 268 270 271
3 267 268 271
3 267 271 272
3 273 274 275
3 272 273 275
3 267 272 275
3 267 275 276
3 265 267 276
3 276 277 278
3 265 276 278
3 264 265 278
3 264 278 279
3 262 264 279
3 260 262 279
3 261 260 279
3 279 280 281
3 261 279 281
3 257 261 281
3 254 257 281
3 205 206 255
3 255 254 205
3 206 207 256
3 256 255 206
3 207 208 257
3 257 256 207
3 208 213 261
3 261 257 208
3 213 170 258
3 258 261 213
3 170 171 259
3 259 258 170
3 171 172 260
3 260 259 171
3 172 178 262
3 262 260 172
3 178 282 263
3 263 262 178
3 282 283 264
3 264 263 282
3 283 284 265
3 265 264 283
3 284 285 266
3 266 265 284
3 285 177 267
3 267 266 285
3 177 179 268
3 268 267 177
3 179 180 269
3 269 268 179
3 180 181 270
3 270 269 180
3 181 182 271
3 271 270 181
3 182 187 272
3 272 271 182
3 187 188 273
3 273 272 187
3 188 189 274
3 274 273 188
3 189 190 275
3 275 274 189
3 190 191 276
3 276 275 190
3 191 286 277
3 277 276 191
3 286 287 278
3 278 277 286
3 287 288 279
3 279 278 287
3 288 289 280
3 280 279 288
3 289 204 281
3 281 280 289
3 204 205 254
3 254 281 204
3 290 291 292
3 293 294 295
3 296 293 295
3 296 295 297
3 298 296 297
3 298 297 299
3 300 298 299
3 300 299 301
3 302 300 301
3 302 301 303
3 304 302 303
3 305 304 303
3 305 303 306
3 307 305 306
3 307 306 308
3 309 307 308
3 309 308 310
3 311 309 310
3 311 310 312
3 313 311 312
3 313 312 314
3 315 313 314
3 315 314 316
3 317 315 316
3 317 316 318
3 319 317 318
3 319 318 320
3 321 319 320
3 321 320 322
3 323 321 322
3 323 322 324
3 325 323 324
3 325 324 326
3 327 325 326
3 327 326 328
3 329 327 328
3 329 328 330
3 331 329 330
3 331 330 332
3 333 331 332
3 333 332 334
3 335 333 334
3 335 334 336
3 335 336 337
3 338 335 337
3 338 337 339
3 340 338 339
3 340 339 341
3 342 340 341
3 342 341 343
3 344 342 343
3 345 344 343
3 345 343 346
3 347 345 346
3 347 346 348
3 349 347 348
3 349 348 350
3 351 349 350
3 351 350 352
3 351 352 353
3 354 351 353
3 354 353 355
3 356 354 355
3 356 355 357
3 358 356 357
3 358 357 359
3 360 358 359
3 360 359 361
3 362 360 361
3 363 362 361
3 363 361 364
3 365 363 364
3 365 364 366
3 367 365 366
3 367 366 368
3 367 368 369
3 370 367 369
3 370 369 371
3 372 370 371
3 372 371 373
3 374 372 373
3 374 373 375
3 376 374 375
3 376 375 377
3 378 376 377
3 378 377 379
3 378 379 380
3 381 378 380
3 381 380 382
3 383 381 382
3 383 382 384
3 385 383 384
3 385 384 386
3 387 385 386
3 387 386 388
3 387 388 389
3 390 387 389
3 390 389 391
3 392 390 391
3 392 391 393
3 394 392 393
3 395 394 393
3 395 393 396
3 397 395 396
3 397 396 398
3 399 397 398
3 400 399 398
3 400 398 401
3 402 400 401
3 402 401 403
3 292 402 403
3 290 292 403
3 404 405 406
3 407 404 406
3 407 406 408
3 409 407 408
3 409 408 410
3 411 409 410
3 411 410 412
3 413 411 412
3 413 412 414
3 415 413 414
3 415 414 416
3 417 415 416
3 417 416 418
3 417 418 419
3 420 417 419
3 421 420 419
3 422 421 419
3 423 422 419
3 424 423 419
3 425 424 419
3 426 425 419
3 427 426 419
3 427 419 428
3 427 428 429
3 427 429 430
3 427 430 431
3 427 431 432
3 427 432 433
3 427 433 434
3 427 434 435
3 405 404 436
3 437 405 436
3 437 436 438
3 439 437 438
3 439 438 440
3 441 439 440
3 441 440 442
3 443 441 442
3 443 442 444
3 445 443 444
3 445 444 446
3 447 445 446
3 447 446 448
3 449 447 448
3 449 448 450
3 451 449 450
3 451 450 452
3 453 451 452
3 453 452 454
3 455 453 454
3 455 454 456
3 457 455 456
3 457 456 458
3 459 457 458
3 459 458 460
3 459 460 461
3 462 459 461
3 462 461 463
3 464 462 463
3 464 463 465
3 466 464 465
3 466 465 467
3 468 466 467
3 468 467 469
3 470 468 469
3 470 469 471
3 472 470 471
3 473 472 471
3 473 471 474
3 475 473 474
3 475 474 476
3 475 476 477
3 478 475 477
3 478 477 479
3 480 478 479
3 480 479 481
3 480 481 482
3 483 480 482
3 483 482 484
3 485 483 484
3 485 484 486
3 485 486 487
3 485 487 488
3 489 485 488
3 489 488 490
3 489 490 491
3 492 489 491
3 492 491 493
3 492 493 494
3 492 494 495
3 496 492 495
3 496 495 497
3 496 497 498
3 499 496 498
3 499 498 500
3 499 500 501
3 499 501 502
3 503 499 502
3 503 502 504
3 503 504 505
3 506 503 505
3 506 505 507
3 506 507 508
3 509 506 508
3 509 508 510
3 509 510 511
3 512 509 511
3 512 511 513
3 512 513 514
3 515 512 514
3 515 514 516
3 517 515 516
3 517 516 518
3 519 517 518
3 519 518 520
3 521 519 520
3 521 520 522
3 523 521 522
3 523 522 524
3 525 523 524
3 525 524 526
3 527 525 526
3 527 526 528
3 435 527 528
3 435 528 529
3 427 435 529
3 530 531 532
3 533 534 535
3 536 533 535
3 536 535 537
3 538 536 537
3 538 537 539
3 540 538 539
3 540 539 541
3 542 540 541
3 542 541 543
3 544 542 543
3 544 543 545
3 546 544 545
3 546 545 547
3 546 547 548
3 549 546 548
3 549 548 550
3 551 549 550
3 551 550 552
3 553 551 552
3 553 552 554
3 555 553 554
3 555 554 556
3 557 555 556
3 557 556 558
3 559 557 558
3 560 559 558
3 560 558 561
3 562 560 561
3 562 561 563
3 564 562 563
3 564 563 565
3 566 564 565
3 566 565 567
3 568 566 567
3 568 567 569
3 570 568 569
3 570 569 571
3 572 570 571
3 572 571 573
3 574 572 573
3 574 573 575
3 574 575 576
3 577 574 576
3 577 576 578
3 579 577 578
3 579 578 580
3 579 580 581
3 582 579 581
3 582 581 583
3 582 583 584
3 585 582 584
3 585 584 586
3 585 586 587
3 588 585 587
3 588 587 589
3 590 588 589
3 590 589 591
3 590 591 592
3 593 590 592
3 593 592 594
3 593 594 595
3 596 593 595
3 596 595 597
3 598 596 597
3 598 597 599
3 600 598 599
3 600 599 601
3 602 600 601
3 602 601 603
3 604 602 603
3 604 603 605
3 604 605 606
3 607 604 606
3 607 606 608
3 609 607 608
3 609 608 610
3 609 610 611
3 612 609 611
3 612 611 613
3 614 612 613
3 614 613 615
3 614 615 616
3 617 614 616
3 617 616 618
3 619 617 618
3 619 618 620
3 619 620 621
3 622 619 621
3 622 621 623
3 624 622 623
3 624 623 625
3 626 624 625
3 627 626 625
3 627 625 628
3 629 627 628
3 629 628 630
3 631 629 630
3 632 631 630
3 632 630 633
3 634 632 633
3 634 633 635
3 636 634 635
3 636 635 637
3 638 636 637
3 638 637 639
3 640 638 639
3 640 639 641
3 642 640 641
3 642 641 643
3 644 642 643
3 644 643 645
3 646 644 645
3 646 645 647
3 648 646 647
3 648 647 649
3 650 648 649
3 651 650 649
3 651 649 652
3 653 651 652
3 653 652 654
3 655 653 654
3 655 654 656
3 657 655 656
3 657 656 658
3 659 657 658
3 659 658 660
3 661 659 660
3 661 660 662
3 663 661 662
3 664 663 662
3 664 662 665
3 666 664 665
3 666 665 667
3 668 666 667
3 668 667 669
3 670 668 669
3 671 670 669
3 671 669 672
3 673 671 672
3 674 673 672
3 674 672 675
3 676 674 675
3 676 675 677
3 678 676 677
3 679 678 677
3 679 677 680
3 681 679 680
3 682 681 680
3 682 680 683
3 684 682 683
3 684 683 685
3 686 684 685
3 687 686 685
3 687 685 688
3 689 687 688
3 689 688 690
3 691 689 690
3 692 691 690
3 692 690 693
3 694 692 693
3 694 693 695
3 696 694 695
3 696 695 697
3 698 696 697
3 698 697 699
3 700 698 699
3 700 699 701
3 702 700 701
3 702 701 703
3 704 702 703
3 704 703 705
3 704 705 706
3 707 704 706
3 707 706 708
3 709 707 708
3 709 708 710
3 709 710 711
3 712 709 711
3 712 711 713
3 714 712 713
3 714 713 715
3 716 714 715
3 716 715 717
3 718 716 717
3 719 718 717
3 719 717 720
3 721 719 720
3 721 720 722
3 723 721 722
3 723 722 724
3 725 723 724
3 726 725 724
3 726 724 727
3 532 726 727
3 530 532 727
3 728 729 730
3 731 732 733
3 734 731 733
3 734 733 735
3 736 734 735
3 736 735 737
3 738 736 737
3 738 737 739
3 740 738 739
3 740 739 741
3 742 740 741
3 743 742 741
3 743 741 744
3 745 743 744
3 745 744 746
3 747 745 746
3 747 746 748
3 749 747 748
3 749 748 750
3 751 749 750
3 751 750 752
3 753 751 752
3 753 752 754
3 755 753 754
3 755 754 756
3 757 755 756
3 757 756 758
3 759 757 758
3 759 758 760
3 761 759 760
3 761 760 762
3 763 761 762
3 763 762 764
3 765 763 764
3 765 764 766
3 767 765 766
3 767 766 768
3 769 767 768
3 769 768 770
3 771 769 770
3 771 770 772
3 773 771 772
3 773 772 774
3 773 774 775
3 776 773 775
3 776 775 777
3 778 776 777
3 778 777 779
3 780 778 779
3 780 779 781
3 782 780 781
3 783 782 781
3 783 781 784
3 785 783 784
3 785 784 786
3 787 785 786
3 787 786 788
3 789 787 788
3 789 788 790
3 789 790 791
3 792 789 791
3 792 791 793
3 794 792 793
3 794 793 795
3 796 794 795
3 796 795 797
3 798 796 797
3 798 797 799
3 800 798 799
3 801 800 799
3 801 799 802
3 803 801 802
3 803 802 804
3 805 803 804
3 805 804 806
3 805 806 807
3 808 805 807
3 808 807 809
3 810 808 809
3 810 809 811
3 812 810 811
3 812 811 813
3 814 812 813
3 814 813 815
3 816 814 815
3 816 815 817
3 816 817 818
3 819 816 818
3 819 818 820
3 821 819 820
3 821 820 822
3 823 821 822
3 823 822 824
3 825 823 824
3 825 824 826
3 825 826 827
3 828 825 827
3 828 827 829
3 830 828 829
3 830 829 831
3 832 830 831
3 833 832 831
3 833 831 834
3 835 833 834
3 835 834 836
3 837 835 836
3 838 837 836
3 838 836 839
3 840 838 839
3 840 839 841
3 730 840 841
3 728 730 841
3 842 843 844
3 845 842 844
3 845 844 846
3 847 845 846
3 847 846 848
3 849 847 848
3 849 848 850
3 851 849 850
3 851 850 852
3 853 851 852
3 853 852 854
3 855 853 854
3 855 854 856
3 855 856 857
3 858 855 857
3 859 858 857
3 860 859 857
3 861 860 857
3 862 861 857
3 863 862 857
3 864 863 857
3 865 864 857
3 865 857 866
3 865 866 867
3 865 867 868
3 865 868 869
3 865 869 870
3 865 870 871
3 865 871 872
3 865 872 873
3 843 842 874
3 875 843 874
3 875 874 876
3 877 875 876
3 877 876 878
3 879 877 878
3 879 878 880
3 881 879 880
3 881 880 882
3 883 881 882
3 883 882 884
3 885 883 884
3 885 884 886
3 887 885 886
3 887 886 888
3 889 887 888
3 889 888 890
3 891 889 890
3 891 890 892
3 893 891 892
3 893 892 894
3 895 893 894
3 895 894 896
3 897 895 896
3 897 896 898
3 897 898 899
3 900 897 899
3 900 899 901
3 902 900 901
3 902 901 903
3 904 902 903
3 904 903 905
3 906 904 905
3 906 905 907
3 908 906 907
3 908 907 909
3 910 908 909
3 911 910 909
3 911 909 912
3 913 911 912
3 913 912 914
3 913 914 915
3 916 913 915
3 916 915 917
3 918 916 917
3 918 917 919
3 918 919 920
3 921 918 920
3 921 920 922
3 923 921 922
3 923 922 924
3 923 924 925
3 923 925 926
3 927 923 926
3 927 926 928
3 927 928 929
3 930 927 929
3 930 929 931
3 930 931 932
3 930 932 933
3 934 930 933
3 934 933 935
3 934 935 936
3 937 934 936
3 937 936 938
3 937 938 939
3 937 939 940
3 941 937 940
3 941 940 942
3 941 942 943
3 944 941 943
3 944 943 945
3 944 945 946
3 947 944 946
3 947 946 948
3 947 948 949
3 950 947 949
3 950 949 951
3 950 951 952
3 953 950 952
3 953 952 954
3 955 953 954
3 955 954 956
3 957 955 956
3 957 956 958
3 959 957 958
3 959 958 960
3 961 959 960
3 961 960 962
3 963 961 962
3 963 962 964
3 965 963 964
3 965 964 966
3 873 965 966
3 873 966 967
3 865 873 967
3 968 969 291
3 291 290 968
3 969 970 292
3 292 291 969
3 970 971 402
3 402 292 970
3 971 972 400
3 400 402 971
3 972 973 399
3 399 400 972
3 973 974 397
3 397 399 973
3 974 975 395
3 395 397 974
3 975 976 394
3 394 395 975
3 976 977 392
3 392 394 976
3 977 978 390
3 390 392 977
3 978 979 387
3 387 390 978
3 979 980 385
3 385 387 979
3 980 981 383
3 383 385 980
3 981 982 381
3 381 383 981
3 982 983 378
3 378 381 982
3 983 984 376
3 376 378 983
3 984 985 374
3 374 376 984
3 985 986 372
3 372 374 985
3 986 987 370
3 370 372 986
3 987 988 367
3 367 370 987
3 988 989 365
3 365 367 988
3 989 990 363
3 363 365 989
3 990 991 362
3 362 363 990
3 991 992 360
3 360 362 991
3 992 993 358
3 358 360 992
3 993 994 356
3 356 358 993
3 994 995 354
3 354 356 994
3 995 996 351
3 351 354 995
3 996 997 349
3 349 351 996
3 997 998 347
3 347 349 997
3 998 999 345
3 345 347 998
3 999 1000 344
3 344 345 999
3 1000 1001 342
3 342 344 1000
3 1001 1002 340
3 340 342 1001
3 1002 1003 338
3 338 340 1002
3 1003 1004 335
3 335 338 1003
3 1004 1005 333
3 333 335 1004
3 1005 1006 331
3 331 333 1005
3 1006 1007 329
3 329 331 1006
3 1007 1008 327
3 327 329 1007
3 1008 1009 325
3 325 327 1008
3 1009 1010 323
3 323 325 1009
3 1010 1011 321
3 321 323 1010
3 1011 1012 319
3 319 321 1011
3 1012 1013 317
3 317 319 1012
3 1013 1014 315
3 315 317 1013
3 1014 1015 313
3 313 315 1014
3 1015 1016 311
3 311 313 1015
3 1016 1017 309
3 309 311 1016
3 1017 1018 307
3 307 309 1017
3 1018 1019 305
3 305 307 1018
3 1019 1020 304
3 304 305 1019
3 1020 1021 302
3 302 304 1020
3 1021 1022 300
3 300 302 1021
3 1022 1023 298
3 298 300 1022
3 1023 1024 296
3 296 298 1023
3 1024 1025 293
3 293 296 1024
3 1025 1026 294
3 294 293 1025
3 1026 1027 295
3 295 294 1026
3 1027 1028 297
3 297 295 1027
3 1028 1029 299
3 299 297 1028
3 1029 1030 301
3 301 299 1029
3 1030 1031 303
3 303 301 1030
3 1031 1032 306
3 306 303 1031
3 1032 1033 308
3 308 306 1032
3 1033 1034 310
3 310 308 1033
3 1034 1035 312
3 312 310 1034
3 1035 1036 314
3 314 312 1035
3 1036 1037 316
3 316 314 1036
3 1037 1038 318
3 318 316 1037
3 1038 1039 320
3 320 318 1038
3 1039 1040 322
3 322 320 1039
3 1040 1041 324
3 324 322 1040
3 1041 1042 326
3 326 324 1041
3 1042 1043 328
3 328 326 1042
3 1043 1044 330
3 330 328 1043
3 1044 1045 332
3 332 330 1044
3 1045 1046 334
3 334 332 1045
3 1046 1047 336
3 336 334 1046
3 1047 1048 337
3 337 336 1047
3 1048 1049 339
3 339 337 1048
3 1049 1050 341
3 341 339 1049
3 1050 1051 343
3 343 341 1050
3 1051 1052 346
3 346 343 1051
3 1052 1053 348
3 348 346 1052
3 1053 1054 350
3 350 348 1053
3 1054 1055 352
3 352 350 1054
3 1055 1056 353
3 353 352 1055
3 1056 1057 355
3 355 353 1056
3 1057 1058 357
3 357 355 1057
3 1058 1059 359
3 359 357 1058
3 1059 1060 361
3 361 359 1059
3 1060 1061 364
3 364 361 1060
3 1061 1062 366
3 366 364 1061
3 1062 1063 368
3 368 366 1062
3 1063 1064 369
3 369 368 1063
3 1064 1065 371
3 371 369 1064
3 1065 1066 373
3 373 371 1065
3 1066 1067 375
3 375 373 1066
3 1067 1068 377
3 377 375 1067
3 1068 1069 379
3 379 377 1068
3 1069 1070 380
3 380 379 1069
3 1070 1071 382
3 382 380 1070
3 1071 1072 384
3 384 382 1071
3 1072 1073 386
3 386 384 1072
3 1073 1074 388
3 388 386 1073
3 1074 1075 389
3 389 388 1074
3 1075 1076 391
3 391 389 1075
3 1076 1077 393
3 393 391 1076
3 1077 1078 396
3 396 393 1077
3 1078 1079 398
3 398 396 1078
3 1079 1080 401
3 401 398 1079
3 1080 1081 403
3 403 401 1080
3 1081 968 290
3 290 403 1081
3 1082 1083 428
3 428 419 1082
3 1083 1084 429
3 429 428 1083
3 1084 1085 430
3 430 429 1084
3 1085 1086 431
3 431 430 1085
3 1086 1087 432
3 432 431 1086
3 1087 1088 433
3 433 432 1087
3 1088 1089 434
3 434 433 1088
3 1089 1090 435
3 435 434 1089
3 1090 1091 527
3 527 435 1090
3 1091 1092 525
3 525 527 1091
3 1092 1093 523
3 523 525 1092
3 1093 1094 521
3 521 523 1093
3 1094 1095 519
3 519 521 1094
3 1095 1096 517
3 517 519 1095
3 1096 1097 515
3 515 517 1096
3 1097 1098 512
3 512 515 1097
3 1098 1099 509
3 509 512 1098
3 1099 1100 506
3 506 509 1099
3 1100 1101 503
3 503 506 1100
3 1101 1102 499
3 499 503 1101
3 1102 1103 496
3 496 499 1102
3 1103 1104 492
3 492 496 1103
3 1104 1105 489
3 489 492 1104
3 1105 1106 485
3 485 489 1105
3 1106 1107 483
3 483 485 1106
3 1107 1108 480
3 480 483 1107
3 1108 1109 478
3 478 480 1108
3 1109 1110 475
3 475 478 1109
3 1110 1111 473
3 473 475 1110
3 1111 1112 472
3 472 473 1111
3 1112 1113 470
3 470 472 1112
3 1113 1114 468
3 468 470 1113
3 1114 1115 466
3 466 468 1114
3 1115 1116 464
3 464 466 1115
3 1116 1117 462
3 462 464 1116
3 1117 1118 459
3 459 462 1117
3 1118 1119 457
3 457 459 1118
3 1119 1120 455
3 455 457 1119
3 1120 1121 453
3 453 455 1120
3 1121 1122 451
3 451 453 1121
3 1122 1123 449
3 449 451 1122
3 1123 1124 447
3 447 449 1123
3 1124 1125 445
3 445 447 1124
3 1125 1126 443
3 443 445 1125
3 1126 1127 441
3 441 443 1126
3 1127 1128 439
3 439 441 1127
3 1128 1129 437
3 437 439 1128
3 1129 1130 405
3 405 437 1129
3 1130 1131 406
3 406 405 1130
3 1131 1132 408
3 408 406 1131
3 1132 1133 410
3 410 408 1132
3 1133 1134 412
3 412 410 1133
3 1134 1135 414
3 414 412 1134
3 1135 1136 416
3 416 414 1135
3 1136 1137 418
3 418 416 1136
3 1137 1082 419
3 419 418 1137
3 1138 1139 426
3 426 427 1138
3 1139 1140 425
3 425 426 1139
3 1140 1141 424
3 424 425 1140
3 1141 1142 423
3 423 424 1141
3 1142 1143 422
3 422 423 1142
3 1143 1144 421
3 421 422 1143
3 1144 1145 420
3 420 421 1144
3 1145 1146 417
3 417 420 1145
3 1146 1147 415
3 415 417 1146
3 1147 1148 413
3 413 415 1147
3 1148 1149 411
3 411 413 1148
3 1149 1150 409
3 409 411 1149
3 1150 1151 407
3 407 409 1150
3 1151 1152 404
3 404 407 1151
3 1152 1153 436
3 436 404 1152
3 1153 1154 438
3 438 436 1153
3 1154 1155 440
3 440 438 1154
3 1155 1156 442
3 442 440 1155
3 1156 1157 444
3 444 442 1156
3 1157 1158 446
3 446 444 1157
3 1158 1159 448
3 448 446 1158
3 1159 1160 450
3 450 448 1159
3 1160 1161 452
3 452 450 1160
3 1161 1162 454
3 454 452 1161
3 1162 1163 456
3 456 454 1162
3 1163 1164 458
3 458 456 1163
3 1164 1165 460
3 460 458 1164
3 1165 1166 461
3 461 460 1165
3 1166 1167 463
3 463 461 1166
3 1167 1168 465
3 465 463 1167
3 1168 1169 467
3 467 465 1168
3 1169 1170 469
3 469 467 1169
3 1170 1171 471
3 471 469 1170
3 1171 1172 474
3 474 471 1171
3 1172 1173 476
3 476 474 1172
3 1173 1174 477
3 477 476 1173
3 1174 1175 479
3 479 477 1174
3 1175 1176 481
3 481 479 1175
3 1176 1177 482
3 482 481 1176
3 1177 1178 484
3 484 482 1177
3 1178 1179 486
3 486 484 1178
3 1179 1180 487
3 487 486 1179
3 1180 1181 488
3 488 487 1180
3 1181 1182 490
3 490 488 1181
3 1182 1183 491
3 491 490 1182
3 1183 1184 493
3 493 491 1183
3 1184 1185 494
3 494 493 1184
3 1185 1186 495
3 495 494 1185
3 1186 1187 497
3 497 495 1186
3 1187 1188 498
3 498 497 1187
3 1188 1189 500
3 500 498 1188
3 1189 1190 501
3 501 500 1189
3 1190 1191 502
3 502 501 1190
3 1191 1192 504
3 504 502 1191
3 1192 1193 505
3 505 504 1192
3 1193 1194 507
3 507 505 1193
3 1194 1195 508
3 508 507 1194
3 1195 1196 510
3 510 508 1195
3 1196 1197 511
3 511 510 1196
3 1197 1198 513
3 513 511 1197
3 1198 1199 514
3 514 513 1198
3 1199 1200 516
3 516 514 1199
3 1200 1201 518
3 518 516 1200
3 1201 1202 520
3 520 518 1201
3 1202 1203 522
3 522 520 1202
3 1203 1204 524
3 524 522 1203
3 1204 1205 526
3 526 524 1204
3 1205 1206 528
3 528 526 1205
3 1206 1207 529
3 529 528 1206
3 1207 1138 427
3 427 529 1207
3 1208 1209 534
3 534 533 1208
3 1209 1210 535
3 535 534 1209
3 1210 1211 537
3 537 535 1210
3 1211 1212 539
3 539 537 1211
3 1212 1213 541
3 541 539 1212
3 1213 1214 543
3 543 541 1213
3 1214 1215 545
3 545 543 1214
3 1215 1216 547
3 547 545 1215
3 1216 1217 548
3 548 547 1216
3 1217 1218 550
3 550 548 1217
3 1218 1219 552
3 552 550 1218
3 1219 1220 554
3 554 552 1219
3 1220 1221 556
3 556 554 1220
3 1221 1222 558
3 558 556 1221
3 1222 1223 561
3 561 558 1222
3 1223 1224 563
3 563 561 1223
3 1224 1225 565
3 565 563 1224
3 1225 1226 567
3 567 565 1225
3 1226 1227 569
3 569 567 1226
3 1227 1228 571
3 571 569 1227
3 1228 1229 573
3 573 571 1228
3 1229 1230 575
3 575 573 1229
3 1230 1231 576
3 576 575 1230
3 1231 1232 578
3 578 576 1231
3 1232 1233 580
3 580 578 1232
3 1233 1234 581
3 581 580 1233
3 1234 1235 583
3 583 581 1234
3 1235 1236 584
3 584 583 1235
3 1236 1237 586
3 586 584 1236
3 1237 1238 587
3 587 586 1237
3 1238 1239 589
3 589 587 1238
3 1239 1240 591
3 591 589 1239
3 1240 1241 592
3 592 591 1240
3 1241 1242 594
3 594 592 1241
3 1242 1243 595
3 595 594 1242
3 1243 1244 597
3 597 595 1243
3 1244 1245 599
3 599 597 1244
3 1245 1246 601
3 601 599 1245
3 1246 1247 603
3 603 601 1246
3 1247 1248 605
3 605 603 1247
3 1248 1249 606
3 606 605 1248
3 1249 1250 608
3 608 606 1249
3 1250 1251 610
3 610 608 1250
3 1251 1252 611
3 611 610 1251
3 1252 1253 613
3 613 611 1252
3 1253 1254 615
3 615 613 1253
3 1254 1255 616
3 616 615 1254
3 1255 1256 618
3 618 616 1255
3 1256 1257 620
3 620 618 1256
3 1257 1258 621
3 621 620 1257
3 1258 1259 623
3 623 621 1258
3 1259 1260 625
3 625 623 1259
3 1260 1261 628
3 628 625 1260
3 1261 1262 630
3 630 628 1261
3 1262 1263 633
3 633 630 1262
3 1263 1264 635
3 635 633 1263
3 1264 1265 637
3 637 635 1264
3 1265 1266 639
3 639 637 1265
3 1266 1267 641
3 641 639 1266
3 1267 1268 643
3 643 641 1267
3 1268 1269 645
3 645 643 1268
3 1269 1270 647
3 647 645 1269
3 1270 1271 649
3 649 647 1270
3 1271 1272 652
3 652 649 1271
3 1272 1273 654
3 654 652 1272
3 1273 1274 656
3 656 654 1273
3 1274 1275 658
3 658 656 1274
3 1275 1276 660
3 660 658 1275
3 1276 1277 662
3 662 660 1276
3 1277 1278 665
3 665 662 1277
3 1278 1279 667
3 667 665 1278
3 1279 1280 669
3 669 667 1279
3 1280 1281 672
3 672 669 1280
3 1281 1282 675
3 675 672 1281
3 1282 1283 677
3 677 675 1282
3 1283 1284 680
3 680 677 1283
3 1284 1285 683
3 683 680 1284
3 1285 1286 685
3 685 683 1285
3 1286 1287 688
3 688 685 1286
3 1287 1288 690
3 690 688 1287
3 1288 1289 693
3 693 690 1288
3 1289 1290 695
3 695 693 1289
3 1290 1291 697
3 697 695 1290
3 1291 1292 699
3 699 697 1291
3 1292 1293 701
3 701 699 1292
3 1293 1294 703
3 703 701 1293
3 1294 1295 705
3 705 703 1294
3 1295 1296 706
3 706 705 1295
3 1296 1297 708
3 708 706 1296
3 1297 1298 710
3 710 708 1297
3 1298 1299 711
3 711 710 1298
3 1299 1300 713
3 713 711 1299
3 1300 1301 715
3 715 713 1300
3 1301 1302 717
3 717 715 1301
3 1302 1303 720
3 720 717 1302
3 1303 1304 722
3 722 720 1303
3 1304 1305 724
3 724 722 1304
3 1305 1306 727
3 727 724 1305
3 1306 1307 530
3 530 727 1306
3 1307 1308 531
3 531 530 1307
3 1308 1309 532
3 532 531 1308
3 1309 1310 726
3 726 532 1309
3 1310 1311 725
3 725 726 1310
3 1311 1312 723
3 723 725 1311
3 1312 1313 721
3 721 723 1312
3 1313 1314 719
3 719 721 1313
3 1314 1315 718
3 718 719 1314
3 1315 1316 716
3 716 718 1315
3 1316 1317 714
3 714 716 1316
3 1317 1318 712
3 712 714 1317
3 1318 1319 709
3 709 712 1318
3 1319 1320 707
3 707 709 1319
3 1320 1321 704
3 704 707 1320
3 1321 1322 702
3 702 704 1321
3 1322 1323 700
3 700 702 1322
3 1323 1324 698
3 698 700 1323
3 1324 1325 696
3 696 698 1324
3 1325 1326 694
3 694 696 1325
3 1326 1327 692
3 692 694 1326
3 1327 1328 691
3 691 692 1327
3 1328 1329 689
3 689 691 1328
3 1329 1330 687
3 687 689 1329
3 1330 1331 686
3 686 687 1330
3 1331 1332 684
3 684 686 1331
3 1332 1333 682
3 682 684 1332
3 1333 1334 681
3 681 682 1333
3 1334 1335 679
3 679 681 1334
3 1335 1336 678
3 678 679 1335
3 1336 1337 676
3 676 678 1336
3 1337 1338 674
3 674 676 1337
3 1338 1339 673
3 673 674 1338
3 1339 1340 671
3 671 673 1339
3 1340 1341 670
3 670 671 1340
3 1341 1342 668
3 668 670 1341
3 1342 1343 666
3 666 668 1342
3 1343 1344 664
3 664 666 1343
3 1344 1345 663
3 663 664 1344
3 1345 1346 661
3 661 663 1345
3 1346 1347 659
3 659 661 1346
3 1347 1348 657
3 657 659 1347
3 1348 1349 655
3 655 657 1348
3 1349 1350 653
3 653 655 1349
3 1350 1351 651
3 651 653 1350
3 1351 1352 650
3 650 651 1351
3 1352 1353 648
3 648 650 1352
3 1353 1354 646
3 646 648 1353
3 1354 1355 644
3 644 646 1354
3 1355 1356 642
3 642 644 1355
3 1356 1357 640
3 640 642 1356
3 1357 1358 638
3 638 640 1357
3 1358 1359 636
3 636 638 1358
3 1359 1360 634
3 634 636 1359
3 1360 1361 632
3 632 634 1360
3 1361 1362 631
3 631 632 1361
3 1362 1363 629
3 629 631 1362
3 1363 1364 627
3 627 629 1363
3 1364 1365 626
3 626 627 1364
3 1365 1366 624
3 624 626 1365
3 1366 1367 622
3 622 624 1366
3 1367 1368 619
3 619 622 1367
3 1368 1369 617
3 617 619 1368
3 1369 1370 614
3 614 617 1369
3 1370 1371 612
3 612 614 1370
3 1371 1372 609
3 609 612 1371
3 1372 1373 607
3 607 609 1372
3 1373 1374 604
3 604 607 1373
3 1374 1375 602
3 602 604 1374
3 1375 1376 600
3 600 602 1375
3 1376 1377 598
3 598 600 1376
3 1377 1378 596
3 596 598 1377
3 1378 1379 593
3 593 596 1378
3 1379 1380 590
3 590 593 1379
3 1380 1381 588
3 588 590 1380
3 1381 1382 585
3 585 588 1381
3 1382 1383 582
3 582 585 1382
3 1383 1384 579
3 579 582 1383
3 1384 1385 577
3 577 579 1384
3 1385 1386 574
3 574 577 1385
3 1386 1387 572
3 572 574 1386
3 1387 1388 570
3 570 572 1387
3 1388 1389 568
3 568 570 1388
3 1389 1390 566
3 566 568 1389
3 1390 1391 564
3 564 566 1390
3 1391 1392 562
3 562 564 1391
3 1392 1393 560
3 560 562 1392
3 1393 1394 559
3 559 560 1393
3 1394 1395 557
3 557 559 1394
3 1395 1396 555
3 555 557 1395
3 1396 1397 553
3 553 555 1396
3 1397 1398 551
3 551 553 1397
3 1398 1399 549
3 549 551 1398
3 1399 1400 546
3 546 549 1399
3 1400 1401 544
3 544 546 1400
3 1401 1402 542
3 542 544 1401
3 1402 1403 540
3 540 542 1402
3 1403 1404 538
3 538 540 1403
3 1404 1405 536
3 536 538 1404
3 1405 1208 533
3 533 536 1405
3 1406 1407 729
3 729 728 1406
3 1407 1408 730
3 730 729 1407
3 1408 1409 840
3 840 730 1408
3 1409 1410 838
3 838 840 1409
3 1410 1411 837
3 837 838 1410
3 1411 1412 835
3 835 837 1411
3 1412 1413 833
3 833 835 1412
3 1413 1414 832
3 832 833 1413
3 1414 1415 830
3 830 832 1414
3 1415 1416 828
3 828 830 1415
3 1416 1417 825
3 825 828 1416
3 1417 1418 823
3 823 825 1417
3 1418 1419 821
3 821 823 1418
3 1419 1420 819
3 819 821 1419
3 1420 1421 816
3 816 819 1420
3 1421 1422 814
3 814 816 1421
3 1422 1423 812
3 812 814 1422
3 1423 1424 810
3 810 812 1423
3 1424 1425 808
3 808 810 1424
3 1425 1426 805
3 805 808 1425
3 1426 1427 803
3 803 805 1426
3 1427 1428 801
3 801 803 1427
3 1428 1429 800
3 800 801 1428
3 1429 1430 798
3 798 800 1429
3 1430 1431 796
3 796 798 1430
3 1431 1432 794
3 794 796 1431
3 1432 1433 792
3 792 794 1432
3 1433 1434 789
3 789 792 1433
3 1434 1435 787
3 787 789 1434
3 1435 1436 785
3 785 787 1435
3 1436 1437 783
3 783 785 1436
3 1437 1438 782
3 782 783 1437
3 1438 1439 780
3 780 782 1438
3 1439 1440 778
3 778 780 1439
3 1440 1441 776
3 776 778 1440
3 1441 1442 773
3 773 776 1441
3 1442 1443 771
3 771 773 1442
3 1443 1444 769
3 769 771 1443
3 1444 1445 767
3 767 769 1444
3 1445 1446 765
3 765 767 1445
3 1446 1447 763
3 763 765 1446
3 1447 1448 761
3 761 763 1447
3 1448 1449 759
3 759 761 1448
3 1449 1450 757
3 757 759 1449
3 1450 1451 755
3 755 757 1450
3 1451 1452 753
3 753 755 1451
3 1452 1453 751
3 751 753 1452
3 1453 1454 749
3 749 751 1453
3 1454 1455 747
3 747 749 1454
3 1455 1456 745
3 745 747 1455
3 1456 1457 743
3 743 745 1456
3 1457 1458 742
3 742 743 1457
3 1458 1459 740
3 740 742 1458
3 1459 1460 738
3 738 740 1459
3 1460 1461 736
3 736 738 1460
3 1461 1462 734
3 734 736 1461
3 1462 1463 731
3 731 734 1462
3 1463 1464 732
3 732 731 1463
3 1464 1465 733
3 733 732 1464
3 1465 1466 735
3 735 733 1465
3 1466 1467 737
3 737 735 1466
3 1467 1468 739
3 739 737 1467
3 1468 1469 741
3 741 739 1468
3 1469 1470 744
3 744 741 1469
3 1470 1471 746
3 746 744 1470
3 1471 1472 748
3 748 746 1471
3 1472 1473 750
3 750 748 1472
3 1473 1474 752
3 752 750 1473
3 1474 1475 754
3 754 752 1474
3 1475 1476 756
3 756 754 1475
3 1476 1477 758
3 758 756 1476
3 1477 1478 760
3 760 758 1477
3 1478 1479 762
3 762 760 1478
3 1479 1480 764
3 764 762 1479
3 1480 1481 766
3 766 764 1480
3 1481 1482 768
3 768 766 1481
3 1482 1483 770
3 770 768 1482
3 1483 1484 772
3 772 770 1483
3 1484 1485 774
3 774 772 1484
3 1485 1486 775
3 775 774 1485
3 1486 1487 777
3 777 775 1486
3 1487 1488 779
3 779 777 1487
3 1488 1489 781
3 781 779 1488
3 1489 1490 784
3 784 781 1489
3 1490 1491 786
3 786 784 1490
3 1491 1492 788
3 788 786 1491
3 1492 1493 790
3 790 788 1492
3 1493 1494 791
3 791 790 1493
3 1494 1495 793
3 793 791 1494
3 1495 1496 795
3 795 793 1495
3 1496 1497 797
3 797 795 1496
3 1497 1498 799
3 799 797 1497
3 1498 1499 802
3 802 799 1498
3 1499 1500 804
3 804 802 1499
3 1500 1501 806
3 806 804 1500
3 1501 1502 807
3 807 806 1501
3 1502 1503 809
3 809 807 1502
3 1503 1504 811
3 811 809 1503
3 1504 1505 813
3 813 811 1504
3 1505 1506 815
3 815 813 1505
3 1506 1507 817
3 817 815 1506
3 1507 1508 818
3 818 817 1507
3 1508 1509 820
3 820 818 1508
3 1509 1510 822
3 822 820 1509
3 1510 1511 824
3 824 822 1510
3 1511 1512 826
3 826 824 1511
3 1512 1513 827
3 827 826 1512
3 1513 1514 829
3 829 827 1513
3 1514 1515 831
3 831 829 1514
3 1515 1516 834
3 834 831 1515
3 1516 1517 836
3 836 834 1516
3 1517 1518 839
3 839 836 1517
3 1518 1519 841
3 841 839 1518
3 1519 1406 728
3 728 841 1519
3 1520 1521 866
3 866 857 1520
3 1521 1522 867
3 867 866 1521
3 1522 1523 868
3 868 867 1522
3 1523 1524 869
3 869 868 1523
3 1524 1525 870
3 870 869 1524
3 1525 1526 871
3 871 870 1525
3 1526 1527 872
3 872 871 1526
3 1527 1528 873
3 873 872 1527
3 1528 1529 965
3 965 873 1528
3 1529 1530 963
3 963 965 1529
3 1530 1531 961
3 961 963 1530
3 1531 1532 959
3 959 961 1531
3 1532 1533 957
3 957 959 1532
3 1533 1534 955
3 955 957 1533
3 1534 1535 953
3 953 955 1534
3 1535 1536 950
3 950 953 1535
3 1536 1537 947
3 947 950 1536
3 1537 1538 944
3 944 947 1537
3 1538 1539 941
3 941 944 1538
3 1539 1540 937
3 937 941 1539
3 1540 1541 934
3 934 937 1540
3 1541 1542 930
3 930 934 1541
3 1542 1543 927
3 927 930 1542
3 1543 1544 923
3 923 927 1543
3 1544 1545 921
3 921 923 1544
3 1545 1546 918
3 918 921 1545
3 1546 1547 916
3 916 918 1546
3 1547 1548 913
3 913 916 1547
3 1548 1549 911
3 911 913 1548
3 1549 1550 910
3 910 911 1549
3 1550 1551 908
3 908 910 1550
3 1551 1552 906
3 906 908 1551
3 1552 1553 904
3 904 906 1552
3 1553 1554 902
3 902 904 1553
3 1554 1555 900
3 900 902 1554
3 1555 1556 897
3 897 900 1555
3 1556 1557 895
3 895 897 1556
3 1557 1558 893
3 893 895 1557
3 1558 1559 891
3 891 893 1558
3 1559 1560 889
3 889 891 1559
3 1560 1561 887
3 887 889 1560
3 1561 1562 885
3 885 887 1561
3 1562 1563 883
3 883 885 1562
3 1563 1564 881
3 881 883 1563
3 1564 1565 879
3 879 881 1564
3 1565 1566 877
3 877 879 1565
3 1566 1567 875
3 875 877 1566
3 1567 1568 843
3 843 875 1567
3 1568 1569 844
3 844 843 1568
3 1569 1570 846
3 846 844 1569
3 1570 1571 848
3 848 846 1570
3 1571 1572 850
3 850 848 1571
3 1572 1573 852
3 852 850 1572
3 1573 1574 854
3 854 852 1573
3 1574 1575 856
3 856 854 1574
3 1575 1520 857
3 857 856 1575
3 1576 1577 864
3 864 865 1576
3 1577 1578 863
3 863 864 1577
3 1578 1579 862
3 862 863 1578
3 1579 1580 861
3 861 862 1579
3 1580 1581 860
3 860 861 1580
3 1581 1582 859
3 859 860 1581
3 1582 1583 858
3 858 859 1582
3 1583 1584 855
3 855 858 1583
3 1584 1585 853
3 853 855 1584
3 1585 1586 851
3 851 853 1585
3 1586 1587 849
3 849 851 1586
3 1587 1588 847
3 847 849 1587
3 1588 1589 845
3 845 847 1588
3 1589 1590 842
3 842 845 1589
3 1590 1591 874
3 874 842 1590
3 1591 1592 876
3 876 874 1591
3 1592 1593 878
3 878 876 1592
3 1593 1594 880
3 880 878 1593
3 1594 1595 882
3 882 880 1594
3 1595 1596 884
3 884 882 1595
3 1596 1597 886
3 886 884 1596
3 1597 1598 888
3 888 886 1597
3 1598 1599 890
3 890 888 1598
3 1599 1600 892
3 892 890 1599
3 1600 1601 894
3 894 892 1600
3 1601 1602 896
3 896 894 1601
3 1602 1603 898
3 898 896 1602
3 1603 1604 899
3 899 898 1603
3 1604 1605 901
3 901 899 1604
3 1605 1606 903
3 903 901 1605
3 1606 1607 905
3 905 903 1606
3 1607 1608 907
3 907 905 1607
3 1608 1609 909
3 909 907 1608
3 1609 1610 912
3 912 909 1609
3 1610 1611 914
3 914 912 1610
3 1611 1612 915
3 915 914 1611
3 1612 1613 917
3 917 915 1612
3 1613 1614 919
3 919 917 1613
3 1614 1615 920
3 920 919 1614
3 1615 1616 922
3 922 920 1615
3 1616 1617 924
3 924 922 1616
3 1617 1618 925
3 925 924 1617
3 1618 1619 926
3 926 925 1618
3 1619 1620 928
3 928 926 1619
3 1620 1621 929
3 929 928 1620
3 1621 1622 931
3 931 929 1621
3 1622 1623 932
3 932 931 1622
3 1623 1624 933
3 933 932 1623
3 1624 1625 935
3 935 933 1624
3 1625 1626 936
3 936 935 1625
3 1626 1627 938
3 938 936 1626
3 1627 1628 939
3 939 938 1627
3 1628 1629 940
3 940 939 1628
3 1629 1630 942
3 942 940 1629
3 1630 1631 943
3 943 942 1630
3 1631 1632 945
3 945 943 1631
3 1632 1633 946
3 946 945 1632
3 1633 1634 948
3 948 946 1633
3 1634 1635 949
3 949 948 1634
3 1635 1636 951
3 951 949 1635
3 1636 1637 952
3 952 951 1636
3 1637 1638 954
3 954 952 1637
3 1638 1639 956
3 956 954 1638
3 1639 1640 958
3 958 956 1639
3 1640 1641 960
3 960 958 1640
3 1641 1642 962
3 962 960 1641
3 1642 1643 964
3 964 962 1642
3 1643 1644 966
3 966 964 1643
3 1644 1645 967
3 967 966 1644
3 1645 1576 865
3 865 967 1645
3 1646 1647 1648
3 1646 1648 1649
3 1646 1649 1650
3 1646 1650 1651
3 1646 1651 1652
3 1646 1652 1653
3 1646 1653 1654
3 1646 1654 1655
3 1646 1655 1656
3 1646 1656 1657
3 1646 1657 1658
3 1646 1658 1659
3 1646 1659 1660
3 1646 1660 1661
3 1661 1662 1663
3 1646 1661 1663
3 1664 1665 1666
3 1664 1666 1667
3 1667 1668 1669
3 1664 1667 1669
3 1670 1671 1672
3 1672 1673 1670
3 1674 1675 1647
3 1647 1646 1674
3 1675 1676 1648
3 1648 1647 1675
3 1676 1677 1649
3 1649 1648 1676
3 1677 1678 1650
3 1650 1649 1677
3 1678 1679 1651
3 1651 1650 1678
3 1679 1680 1652
3 1652 1651 1679
3 1680 1681 1653
3 1653 1652 1680
3 1681 1682 1654
3 1654 1653 1681
3 1682 1683 1655
3 1655 1654 1682
3 1683 1684 1656
3 1656 1655 1683
3 1684 1685 1657
3 1657 1656 1684
3 1685 1686 1658
3 1658 1657 1685
3 1686 1687 1659
3 1659 1658 1686
3 1687 1688 1660
3 1660 1659 1687
3 1688 1689 1661
3 1661 1660 1688
3 1689 1690 1662
3 1662 1661 1689
3 1690 1691 1663
3 1663 1662 1690
3 1691 1674 1646
3 1646 1663 1691
3 1692 1693 1665
3 1665 1664 1692
3 1693 1694 1666
3 1666 1665 1693
3 1694 1695 1667
3 1667 1666 1694
3 1695 1696 1668
3 1668 1667 1695
3 1696 1697 1669
3 1669 1668 1696
3 1697 1692 1664
3 1664 1669 1697
3 1698 1699 1673
3 1673 1672 1698
3 1699 1700 1670
3 1670 1673 1699
3 1700 1701 1671
3 1671 1670 1700
3 1701 1698 1672
3 1672 1671 1701
3 1702 1703 1704
3 1705 1706 1707
3 1708 1705 1707
3 1704 1708 1707
3 1709 1710 1711
3 1712 1709 1711
3 1713 1712 1711
3 1713 1711 1714
3 1713 1714 1715
3 1716 1713 1715
3 1716 1715 1717
3 1718 1716 1717
3 1719 1718 1717
3 1719 1717 1720
3 1721 1719 1720
3 1721 1720 1722
3 1707 1721 1722
3 1707 1722 1723
3 1704 1707 1723
3 1702 1704 1723
3 1724 1725 1710
3 1710 1709 1724
3 1725 1726 1711
3 1711 1710 1725
3 1726 1727 1714
3 1714 1711 1726
3 1727 1728 1715
3 1715 1714 1727
3 1728 1729 1717
3 1717 1715 1728
3 1729 1730 1720
3 1720 1717 1729
3 1730 1731 1722
3 1722 1720 1730
3 1731 1732 1723
3 1723 1722 1731
3 1732 1733 1702
3 1702 1723 1732
3 1733 1734 1703
3 1703 1702 1733
3 1734 1735 1704
3 1704 1703 1734
3 1735 1736 1708
3 1708 1704 1735
3 1736 1737 1705
3 1705 1708 1736
3 1737 1738 1706
3 1706 1705 1737
3 1738 1739 1707
3 1707 1706 1738
3 1739 1740 1721
3 1721 1707 1739
3 1740 1741 1719
3 1719 1721 1740
3 1741 1742 1718
3 1718 1719 1741
3 1742 1743 1716
3 1716 1718 1742
3 1743 1744 1713
3 1713 1716 1743
3 1744 1745 1712
3 1712 1713 1744
3 1745 1724 1709
3 1709 1712 1745
3 1746 1747 1748
3 1748 1749 1746
3 1749 1748 1750
3 1750 1748 1751
3 1752 1751 1748
3 1748 1753 1752
3 1753 1748 1754
3 1754 1748 1747
3 1755 1756 1757
3 1755 1757 1758
3 1755 1758 1759
3 1755 1759 1760
3 1761 1762 1763
3 1761 1763 1764
3 1761 1764 1765
3 1761 1765 1766
3 1767 1768 1769
3 1767 1769 1770
3 1767 1770 1771
3 1767 1771 1772
3 1773 1774 1775
3 1773 1775 1776
3 1773 1776 1777
3 1773 1777 1778
3 1779 1780 1781
3 1781 1782 1783
3 1781 1783 1784
3 1779 1781 1784
3 1785 1786 1787
3 1785 1787 1788
3 1788 1789 1790
3 1785 1788 1790
3 1791 1792 1793
3 1791 1793 1794
3 1794 1795 1796
3 1791 1794 1796
3 1797 1798 1799
3 1797 1799 1800
3 1797 1800 1801
3 1797 1801 1802
3 1803 1804 1747
3 1747 1746 1803
3 1804 1805 1748
3 1748 1747 1804
3 1805 1803 1746
3 1746 1748 1805
3 1805 1806 1749
3 1749 1748 1805
3 1806 1803 1746
3 1746 1749 1806
3 1803 1805 1748
3 1748 1746 1803
3 1806 1805 1748
3 1748 1749 1806
3 1805 1807 1750
3 1750 1748 1805
3 1807 1806 1749
3 1749 1750 1807
3 1807 1805 1748
3 1748 1750 1807
3 1805 1808 1751
3 1751 1748 1805
3 1808 1807 1750
3 1750 1751 1808
3 1809 1808 1751
3 1751 1752 1809
3 1808 1805 1748
3 1748 1751 1808
3 1805 1809 1752
3 1752 1748 1805
3 1805 1810 1753
3 1753 1748 1805
3 1810 1809 1752
3 1752 1753 1810
3 1809 1805 1748
3 1748 1752 1809
3 1810 1805 1748
3 1748 1753 1810
3 1805 1811 1754
3 1754 1748 1805
3 1811 1810 1753
3 1753 1754 1811
3 1811 1805 1748
3 1748 1754 1811
3 1805 1804 1747
3 1747 1748 1805
3 1804 1811 1754
3 1754 1747 1804
3 1812 1813 1780
3 1780 1779 1812
3 1813 1814 1781
3 1781 1780 1813
3 1814 1815 1782
3 1782 1781 1814
3 1815 1816 1783
3 1783 1782 1815
3 1816 1817 1784
3 1784 1783 1816
3 1817 1812 1779
3 1779 1784 1817
3 1818 1819 1792
3 1792 1791 1818
3 1819 1820 1793
3 1793 1792 1819
3 1820 1821 1794
3 1794 1793 1820
3 1821 1822 1795
3 1795 1794 1821
3 1822 1823 1796
3 1796 1795 1822
3 1823 1818 1791
3 1791 1796 1823
3 1824 1825 1760
3 1760 1759 1824
3 1825 1803 1755
3 1755 1760 1825
3 1803 1826 1756
3 1756 1755 1803
3 1826 1827 1757
3 1757 1756 1826
3 1827 1814 1758
3 1758 1757 1827
3 1814 1824 1759
3 1759 1758 1814
3 1828 1829 1772
3 1772 1771 1828
3 1829 1809 1767
3 1767 1772 1829
3 1809 1830 1768
3 1768 1767 1809
3 1830 1831 1769
3 1769 1768 1830
3 1831 1821 1770
3 1770 1769 1831
3 1821 1828 1771
3 1771 1770 1821
3 1832 1833 1786
3 1786 1785 1832
3 1833 1834 1787
3 1787 1786 1833
3 1834 1835 1788
3 1788 1787 1834
3 1835 1836 1789
3 1789 1788 1835
3 1836 1837 1790
3 1790 1789 1836
3 1837 1832 1785
3 1785 1790 1837
3 1838 1839 1798
3 1798 1797 1838
3 1839 1840 1799
3 1799 1798 1839
3 1840 1841 1800
3 1800 1799 1840
3 1841 1842 1801
3 1801 1800 1841
3 1842 1843 1802
3 1802 1801 1842
3 1843 1838 1797
3 1797 1802 1843
3 1844 1845 1766
3 1766 1765 1844
3 1845 1807 1761
3 1761 1766 1845
3 1807 1846 1762
3 1762 1761 1807
3 1846 1847 1763
3 1763 1762 1846
3 1847 1835 1764
3 1764 1763 1847
3 1835 1844 1765
3 1765 1764 1835
3 1848 1849 1778
3 1778 1777 1848
3 1849 1811 1773
3 1773 1778 1849
3 1811 1850 1774
3 1774 1773 1811
3 1850 1851 1775
3 1775 1774 1850
3 1851 1838 1776
3 1776 1775 1851
3 1838 1848 1777
3 1777 1776 1838
3 1803 1805 1804
3 1805 1803 1806
3 1806 1807 1805
3 1807 1808 1805
3 1809 1805 1808
3 1805 1809 1810
3 1810 1811 1805
3 1811 1804 1805
3 1814 1827 1826
3 1824 1814 1826
3 1824 1826 1803
3 1824 1803 1825
3 1835 1847 1846
3 1844 1835 1846
3 1844 1846 1807
3 1844 1807 1845
3 1821 1831 1830
3 1828 1821 1830
3 1828 1830 1809
3 1828 1809 1829
3 1838 1851 1850
3 1848 1838 1850
3 1848 1850 1811
3 1848 1811 1849
3 1817 1816 1815
3 1812 1817 1815
3 1812 1815 1814
3 1812 1814 1813
3 1832 1837 1836
3 1832 1836 1835
3 1832 1835 1834
3 1832 1834 1833
3 1818 1823 1822
3 1818 1822 1821
3 1818 1821 1820
3 1818 1820 1819
3 1838 1843 1842
3 1838 1842 1841
3 1838 1841 1840
3 1838 1840 1839
