COFF
2038 2879 0

11.2 -20.84 44.2875
19.84 -23.16 44.2875
21.6 -16.36 44.2875
27.04 3.96 44.2875
28.64 10.04 44.2875
26.24 11 44.2875
23.92 11.96 44.2875
-15.6 22.52 44.2875
-19.84 23.16 44.2875
-21.44 17.08 44.2875
-11.52 21.8 44.2875
-11.04 21.72 44.2875
-3.6 20.2 44.2875
-26.88 -3.24 44.2875
-28.64 -10.12 44.2875
-20.08 -12.36 44.2875
0.4 19.4 44.2875
4.4 18.36 44.2875
7.84 17.4 44.2875
11.12 16.44 44.2875
14.64 15.32 44.2875
16.96 14.52 44.2875
19.36 13.64 44.2875
20.4 13.32 44.2875
21.6 12.84 44.2875
11.2 -20.84 -101.337
19.84 -23.16 -101.337
21.6 -16.36 -101.337
27.04 3.96 -101.337
28.64 10.04 -101.337
26.24 11 -101.337
23.92 11.96 -101.337
21.6 12.84 -101.337
20.4 13.32 -101.337
19.36 13.64 -101.337
16.96 14.52 -101.337
14.64 15.32 -101.337
11.12 16.44 -101.337
7.84 17.4 -101.337
4.4 18.36 -101.337
0.4 19.4 -101.337
-3.6 20.2 -101.337
-11.04 21.72 -101.337
-11.52 21.8 -101.337
-15.6 22.52 -101.337
-19.84 23.16 -101.337
-21.44 17.08 -101.337
-26.88 -3.24 -101.337
-28.64 -10.12 -101.337
-20.08 -12.36 -101.337
-18.16 6.68 81.0362
-18.4 6.12 81.0362
-18.4 6.12 84.3702
-19.28 2.84 81.0362
-19.52 2.2 81.0362
-19.52 2.2 85.0362
-19.28 2.84 84.3702
-19.52 2.2 79.7032
-19.52 2.2 80.3702
-19.04 3.48 80.3702
-18.88 4.12 79.7032
-18.88 4.12 83.0362
-19.04 3.48 83.7032
-18.56 5.4 83.7032
-18.72 4.76 83.0362
-18.56 5.4 80.3702
-18.72 4.76 79.7032
-17.92 8.04 79.7032
-18 7.4 80.3702
-17.92 8.04 85.0362
-18 7.4 84.3702
-18.16 6.68 84.3702
-19.2 2.2 79.7032
-19.2 2.2 80.3702
-18.88 3.48 80.3702
-18.88 3.48 83.7032
-18.24 5.4 83.7032
-18.24 5.4 80.3702
-17.92 7.32 80.3702
-17.92 7.32 84.3702
-18 6.68 84.3702
-18 6.68 81.0362
-18.16 6.04 81.0362
-18.16 6.04 84.3702
-19.04 2.84 84.3702
-19.04 2.84 81.0362
-19.2 2.2 81.0362
-19.2 2.2 85.0362
-17.68 7.96 85.0362
-17.68 7.96 79.7032
-18.56 4.76 79.7032
-18.56 4.76 83.0362
-18.72 4.12 83.0362
-18.72 4.12 79.7032
-20.8 17 69.8375
-21.44 17.08 69.8375
-26.88 -3.24 69.8375
-26.24 -3.48 69.8375
-26.88 -5.88 69.8375
-24.88 -6.36 69.8375
-25.2 -7.56 69.8375
-22.8 -8.2 69.8375
-23.52 -10.68 69.8375
-19.84 -11.72 69.8375
-20.08 -12.36 69.8375
11.2 -20.84 69.8375
11.44 -20.04 69.8375
15.04 -21.08 69.8375
15.68 -18.6 69.8375
18.08 -19.24 69.8375
18.4 -18.12 69.8375
20.32 -18.6 69.8375
20.96 -16.2 69.8375
21.6 -16.36 69.8375
27.04 3.96 69.8375
26.4 4.12 69.8375
27.04 6.44 69.8375
25.12 7 69.8375
25.44 8.2 69.8375
23.04 8.84 69.8375
23.68 11.24 69.8375
21.28 12.2 69.8375
20.16 12.6 69.8375
20.4 13.32 69.8375
19.36 13.64 69.8375
16.96 14.52 69.8375
14.64 15.32 69.8375
11.12 16.44 69.8375
7.84 17.4 69.8375
4.4 18.36 69.8375
0.4 19.4 69.8375
-3.6 20.2 69.8375
-11.04 21.72 69.8375
-11.28 21 69.8375
-11.6 21.08 69.8375
-14.96 21.64 69.8375
-15.52 19.32 69.8375
-17.92 19.96 69.8375
-18.24 18.84 69.8375
-20.32 19.32 69.8375
-18.24 18.84 44.2875
-20.32 19.32 44.2875
-20.8 17 44.2875
-26.24 -3.48 44.2875
-26.88 -5.88 44.2875
-24.88 -6.36 44.2875
-25.2 -7.56 44.2875
-22.8 -8.2 44.2875
-23.52 -10.68 44.2875
-19.84 -11.72 44.2875
11.44 -20.04 44.2875
15.04 -21.08 44.2875
15.68 -18.6 44.2875
18.08 -19.24 44.2875
18.4 -18.12 44.2875
20.32 -18.6 44.2875
20.96 -16.2 44.2875
26.4 4.12 44.2875
27.04 6.44 44.2875
25.12 7 44.2875
25.44 8.2 44.2875
23.04 8.84 44.2875
23.68 11.24 44.2875
21.28 12.2 44.2875
20.16 12.6 44.2875
-11.28 21 44.2875
-11.6 21.08 44.2875
-14.96 21.64 44.2875
-15.52 19.32 44.2875
-17.92 19.96 44.2875
-24.88 -6.36 75.6225
-25.2 -7.56 75.6225
-22.8 -8.2 75.6225
-20.08 -12.36 75.6225
11.2 -20.84 75.6225
11.44 -20.04 75.6225
-19.84 -11.72 75.6225
12.16 -17.64 75.6225
-19.2 -9.16 75.6225
15.68 -18.6 75.6225
18.08 -19.24 75.6225
18.4 -18.12 75.6225
19.04 -15.72 75.6225
20.96 -16.2 75.6225
21.6 -16.36 75.6225
27.04 3.96 75.6225
26.4 4.12 75.6225
24.48 4.76 75.6225
25.12 7 75.6225
25.44 8.2 75.6225
23.04 8.84 75.6225
19.44 9.8 75.6225
20.16 12.6 75.6225
20.4 13.32 75.6225
19.36 13.64 75.6225
16.96 14.52 75.6225
14.64 15.32 75.6225
11.12 16.44 75.6225
7.84 17.4 75.6225
4.4 18.36 75.6225
0.4 19.4 75.6225
-3.6 20.2 75.6225
-11.04 21.72 75.6225
-11.28 21 75.6225
-12 18.36 75.6225
-15.52 19.32 75.6225
-17.92 19.96 75.6225
-18.24 18.84 75.6225
-18.88 16.44 75.6225
-20.8 17 75.6225
-21.44 17.08 75.6225
-26.88 -3.24 75.6225
-26.24 -3.48 75.6225
-24.32 -4.04 75.6225
-24.32 -4.04 69.8375
-19.2 -9.16 69.8375
12.16 -17.64 69.8375
19.04 -15.72 69.8375
24.48 4.76 69.8375
19.44 9.8 69.8375
-12 18.36 69.8375
-18.88 16.44 69.8375
-15.52 19.32 78.3375
-17.92 19.96 78.3375
-18.24 18.84 78.3375
-18.88 16.44 78.3375
-24.88 -6.36 78.3375
-25.2 -7.56 78.3375
-22.8 -8.2 78.3375
-24.32 -4.04 78.3375
-19.2 -9.16 78.3375
-7.2 -12.52 78.3375
-5.44 -6.2 78.3375
1.76 -8.04 78.3375
-9.53674e-07 -14.36 78.3375
12.16 -17.64 78.3375
15.68 -18.6 78.3375
18.08 -19.24 78.3375
18.4 -18.12 78.3375
19.04 -15.72 78.3375
24.48 4.76 78.3375
25.12 7 78.3375
25.44 8.2 78.3375
23.04 8.84 78.3375
19.44 9.8 78.3375
7.36 13.08 78.3375
5.76 6.84 78.3375
-1.44 8.84 78.3375
0.159999 15.16 78.3375
-12 18.36 78.3375
-7.2 -12.52 75.6225
-5.44 -6.2 75.6225
1.76 -8.04 75.6225
-9.53674e-07 -14.36 75.6225
7.36 13.08 75.6225
5.76 6.84 75.6225
-1.44 8.84 75.6225
0.159999 15.16 75.6225
11.6 10.84 82.42
10.64 11.16 82.6933
10.64 11.16 82.8811
10.64 11.16 80.3393
11.52 10.84 80.6832
11.6 10.84 80.5126
10.64 11.16 80.0832
11.6 10.68 80.3555
10.72 11 79.8467
11.68 10.68 80.212
10.88 11 79.6297
11.68 10.68 80.082
10.88 11 79.4322
11.68 10.68 79.9656
11.04 10.92 79.2543
11.2 10.92 79.096
11.84 10.68 79.8627
11.36 10.84 78.9571
11.92 10.68 79.7733
11.44 10.84 78.8373
12 10.68 79.6966
11.6 10.68 78.7359
12.16 10.68 79.6317
11.68 10.68 78.653
12.16 10.68 79.5786
12 10.68 78.5885
12.24 10.6 79.5372
12.16 10.68 78.5424
12.4 10.6 79.5078
12.32 10.6 78.5147
12.48 10.6 79.49
12.48 10.52 78.5055
12.48 10.52 79.4841
12.8 10.44 78.5212
12.72 10.52 79.4934
13.04 10.44 78.5683
12.96 10.44 79.5212
13.28 10.36 78.6468
12.96 10.44 79.5676
13.52 10.36 78.7567
13.12 10.36 79.6325
13.76 10.2 78.898
13.2 10.36 79.7159
13.92 10.2 79.0707
13.28 10.36 79.8179
14.08 10.12 79.2747
13.44 10.36 79.9384
13.52 10.36 80.0807
14.24 10.12 79.5061
13.6 10.36 80.2482
14.4 10.04 79.7604
13.6 10.36 80.4409
14.56 10.04 80.0378
13.76 10.36 80.6587
14.56 9.88 80.3383
14.64 9.88 80.6618
13.76 10.2 80.9016
14.72 9.88 81.0084
13.76 10.2 81.1697
14.72 9.88 81.378
13.76 10.2 81.4629
14.72 9.88 81.7683
13.76 10.2 81.7396
13.76 10.2 81.9936
14.64 9.88 82.1329
13.76 10.36 82.2248
14.56 9.88 82.4718
13.6 10.36 82.4332
14.56 10.04 82.7849
13.6 10.36 82.6188
14.4 10.04 83.0723
13.52 10.36 82.7817
14.24 10.12 83.334
14.08 10.12 83.57
13.44 10.36 82.9218
13.92 10.2 83.7771
13.28 10.36 83.0413
13.76 10.2 83.9524
13.2 10.36 83.1424
13.12 10.36 83.2251
13.52 10.36 84.0958
12.96 10.44 83.2894
13.28 10.36 84.2074
12.8 10.44 83.3354
13.04 10.44 84.287
12.72 10.52 83.363
12.8 10.52 84.3348
12.48 10.52 83.3721
12.48 10.52 84.3508
12.48 10.6 83.3669
12.32 10.6 83.3513
12.24 10.6 84.3382
12.24 10.6 83.3252
12.16 10.68 84.3006
12.16 10.68 83.2887
11.84 10.68 84.2379
12.16 10.68 83.2418
11.6 10.68 84.1502
12 10.68 83.1845
11.92 10.68 83.1167
11.44 10.84 84.0374
11.84 10.68 83.0399
11.36 10.92 83.8995
11.68 10.68 82.9555
11.12 10.92 83.7365
11.04 10.92 83.6263
11.68 10.68 82.8636
10.88 11 83.5031
11.68 10.68 82.7641
10.88 11 83.367
10.8 11 83.2179
11.6 10.68 82.657
10.72 11 83.056
11.6 10.84 82.5423
6.4 12.2 79.271
6.88 12.04 80.1178
7.12 12.04 79.9672
6.56 12.2 79.0655
7.2 11.96 79.8367
6.8 12.12 78.8917
7.36 11.96 79.7263
6.88 12.04 78.7495
7.44 11.96 79.636
7.2 11.96 78.6389
7.6 11.96 79.5657
7.44 11.96 78.5599
7.68 11.96 79.5155
7.68 11.96 78.5125
7.84 11.8 79.4854
8 11.8 79.4753
8 11.8 78.4967
8.32 11.72 78.5124
8.48 11.64 78.5596
8.96 11.48 78.6382
9.12 11.48 78.7483
9.28 11.4 78.8898
9.52 11.4 79.0627
9.76 11.32 79.2671
8.16 11.72 79.4854
8.32 11.72 79.5158
8.48 11.64 79.5664
8.64 11.64 79.6372
8.72 11.48 79.7283
8.96 11.48 79.8396
8.96 11.48 79.9711
9.04 11.48 80.1222
6.24 12.28 79.5044
6.88 12.04 80.2885
6.08 12.28 79.7621
6.88 12.12 80.4793
5.92 12.28 80.0442
6.8 12.12 80.6901
5.84 12.28 80.3506
6.8 12.12 80.921
5.84 12.28 80.6814
6.72 12.12 81.172
5.76 12.28 81.0365
6.72 12.12 81.443
5.76 12.28 81.416
6.72 12.12 81.7107
5.76 12.28 81.7986
6.8 12.12 81.9583
5.84 12.28 82.1565
6.8 12.12 82.1857
5.84 12.28 82.4896
6.88 12.12 82.3929
6 12.28 82.7979
6.88 12.04 82.58
6.08 12.28 83.0816
6.88 12.04 82.747
6.24 12.28 83.3404
6.4 12.2 83.5746
7.12 12.04 82.8937
6.56 12.2 83.7805
7.2 11.96 83.0207
6.8 12.12 83.9547
7.36 11.96 83.1281
6.88 12.04 84.0973
7.44 11.96 83.2159
7.2 11.96 84.2082
7.6 11.96 83.2843
7.52 11.96 84.2874
7.68 11.96 83.3331
7.84 11.8 83.3624
7.68 11.96 84.3349
8 11.8 83.3721
8 11.8 84.3508
8.16 11.72 84.3462
8.16 11.72 83.3623
8.32 11.72 84.3325
8.32 11.72 83.3326
8.48 11.64 84.3096
8.64 11.64 84.2776
8.48 11.64 83.2832
8.8 11.48 84.2365
8.64 11.64 83.214
8.96 11.48 84.1862
9.04 11.48 84.1268
9.12 11.48 84.0757
8.72 11.48 83.1251
9.2 11.48 84.0174
9.28 11.4 83.9519
8.96 11.48 83.0164
9.44 11.4 83.8791
9.52 11.4 83.799
9.6 11.32 83.7117
8.96 11.48 82.8879
9.76 11.32 83.6171
9.76 11.32 83.5171
9.04 11.48 82.7396
9.84 11.32 83.4135
9.84 11.24 83.3062
9.92 11.24 83.1953
9.12 11.48 82.5711
10 11.24 83.0808
10.08 11.24 82.9627
9.2 11.48 82.3826
10.08 11.24 82.841
10.08 11.16 82.6676
9.28 11.4 82.1739
10.08 11.16 82.4829
10.24 11.16 82.2868
9.28 11.4 81.9452
10.24 11.16 82.0794
10.32 11.16 81.8606
9.28 11.4 81.6964
10.32 11.16 81.6305
9.28 11.4 81.4276
10.32 11.16 81.389
9.28 11.4 81.1626
10.32 11.16 81.0147
9.28 11.4 80.9166
10.24 11.16 80.6642
9.28 11.4 80.6895
10.08 11.16 80.3373
9.2 11.48 80.4815
10.08 11.24 80.0342
9.12 11.48 80.2924
10 11.24 79.7548
9.84 11.24 79.4991
2.8 13.08 82.5875
1.92 13.4 82.6316
1.92 13.4 82.8487
4.64 12.76 80.5597
5.6 12.44 80.4539
5.52 12.44 80.1898
4.64 12.76 80.4059
5.52 12.44 79.9443
4.48 12.76 80.2642
5.44 12.44 79.7174
4.48 12.76 80.1347
5.28 12.52 79.5092
4.48 12.76 80.0172
5.28 12.52 79.3197
4.48 12.76 79.912
5.12 12.52 79.1489
4.4 12.76 79.8188
5.04 12.6 78.9967
4.96 12.6 78.864
4.32 12.76 79.7377
4.72 12.76 78.7518
4.24 12.76 79.6681
4.48 12.76 78.66
4.16 12.84 79.6092
4.32 12.76 78.5885
4.16 12.84 79.561
4.16 12.84 78.5375
4 12.84 79.5235
3.92 12.92 78.5069
3.84 12.92 79.4967
3.68 12.92 79.4807
3.68 12.92 78.4967
3.6 13 79.4753
3.44 13 78.5009
3.52 13 79.4801
3.36 13.08 78.5136
3.36 13 79.4944
3.12 13.08 78.5347
3.36 13.08 79.5181
3.04 13.08 78.5642
3.2 13.08 79.5514
2.88 13.08 78.6022
3.12 13.08 79.5943
2.72 13.24 78.6486
3.04 13.08 79.6466
2.64 13.24 78.7035
2.56 13.24 78.767
2.88 13.08 79.7085
2.4 13.32 78.8395
2.88 13.08 79.7767
2.32 13.32 78.9208
2.24 13.32 79.0111
2.8 13.08 79.8482
2.08 13.4 79.1102
2.08 13.4 79.2183
2.8 13.08 79.9228
2 13.4 79.3353
1.92 13.4 79.458
2.72 13.24 80.0007
1.84 13.4 79.5832
2.72 13.24 80.0819
1.84 13.56 79.711
1.84 13.56 79.8412
2.72 13.24 80.1662
1.76 13.56 79.974
1.76 13.56 80.1093
2.72 13.24 80.2538
1.76 13.56 80.2472
2.72 13.24 80.3098
1.76 13.56 80.3971
2.72 13.24 80.3634
1.76 13.56 80.5401
2.72 13.24 80.4146
1.76 13.56 80.6761
2.72 13.24 80.4633
1.84 13.56 80.805
1.84 13.56 80.9268
2.72 13.08 80.5096
1.92 13.4 81.0417
2.8 13.08 80.5535
1.92 13.4 81.1495
2 13.4 81.2507
2.8 13.08 80.5949
2.08 13.4 81.3456
2.8 13.08 80.6343
2.08 13.4 81.4341
2.24 13.32 81.5164
2.88 13.08 80.6722
2.32 13.32 81.5923
2.88 13.08 80.7087
2.4 13.32 81.662
2.56 13.24 81.7253
2.88 13.08 80.7437
2.56 13.24 81.7852
3.04 13.08 80.7771
2.72 13.24 81.8444
3.04 13.08 80.8091
3.12 13.08 80.8395
2.8 13.08 81.903
3.2 13.08 80.8614
2.88 13.08 81.9611
3.36 13.08 80.8877
3.36 13 80.9184
3.12 13.08 82.0185
3.44 13 80.9534
3.36 13.08 82.0752
3.6 13 80.9929
3.52 13 82.1314
3.68 12.92 81.0367
3.68 12.92 82.187
3.92 12.92 81.0849
3.84 12.92 82.2419
4.16 12.84 81.1516
4 12.84 82.2964
4.32 12.76 81.2227
4.16 12.84 82.3502
4.48 12.76 81.298
4.24 12.84 82.4035
4.64 12.76 81.3776
4.32 12.76 82.4562
4.72 12.76 81.4614
4.96 12.6 81.5496
4.32 12.76 82.5083
4.96 12.6 81.642
4.4 12.76 82.5502
5.12 12.6 81.7791
4.4 12.76 82.5946
5.2 12.52 81.9246
4.48 12.76 82.6413
5.28 12.52 82.0785
4.48 12.76 82.6903
5.28 12.52 82.2406
4.48 12.76 82.7418
5.28 12.52 82.4111
5.28 12.52 82.5899
4.48 12.76 82.7956
5.44 12.52 82.7771
4.48 12.76 82.8517
5.28 12.52 82.899
4.48 12.76 82.9128
5.28 12.52 83.0187
5.28 12.52 83.1362
4.48 12.76 82.9702
5.28 12.52 83.2513
5.28 12.52 83.3642
4.48 12.76 83.024
5.28 12.52 83.4748
4.48 12.76 83.0741
5.2 12.52 83.5831
5.12 12.52 83.6867
4.4 12.76 83.1207
5.04 12.6 83.7829
4.96 12.6 83.8718
4.4 12.76 83.1636
4.96 12.6 83.9535
4.32 12.76 83.2029
4.8 12.6 84.0278
4.72 12.76 84.0948
4.24 12.76 83.2571
4.64 12.76 84.1545
4.16 12.84 83.303
4.48 12.76 84.2066
4.4 12.76 84.2506
4.16 12.84 83.3406
4.24 12.76 84.2867
4 12.84 83.3699
4.16 12.84 84.3147
3.92 12.92 83.3907
4 12.84 84.3348
3.84 12.92 83.4032
3.84 12.92 84.3468
3.68 12.92 83.4074
3.68 12.92 84.3508
3.6 13 83.4035
3.44 13 84.3412
3.52 13 83.3918
3.36 13 83.3723
3.2 13.08 84.3125
3.36 13.08 83.3449
3.04 13.08 84.2647
3.2 13.08 83.3098
3.2 13.08 83.2668
2.8 13.08 84.1978
3.12 13.08 83.216
2.64 13.24 84.1117
3.04 13.08 83.1563
2.56 13.24 84.0066
2.88 13.08 83.0866
2.4 13.32 83.8823
2.24 13.32 83.742
2.88 13.08 83.0068
2.08 13.4 83.5889
2.88 13.08 82.917
2.08 13.4 83.4231
2.88 13.08 82.8172
2 13.4 83.2444
1.92 13.4 83.0529
2.88 13.08 82.7074
-1.68 14.44 82.42
-2.72 14.68 82.6933
-2.56 14.68 82.8811
-2.72 14.68 80.3393
-1.76 14.44 80.6832
-1.68 14.44 80.5126
-2.56 14.68 80.0832
-1.68 14.36 80.3555
-2.48 14.6 79.8467
-1.6 14.36 80.212
-2.4 14.6 79.6297
-1.44 14.36 80.082
-2.24 14.6 79.4322
-1.44 14.36 79.9656
-2.24 14.52 79.2543
-2.08 14.52 79.096
-1.44 14.36 79.8627
-1.92 14.44 78.9571
-1.36 14.36 79.7733
-1.92 14.44 78.8373
-1.28 14.36 79.6966
-1.68 14.36 78.7359
-1.2 14.36 79.6317
-1.44 14.36 78.653
-1.12 14.36 79.5786
-1.28 14.36 78.5885
-1.12 14.2 79.5372
-1.12 14.36 78.5424
-0.880001 14.2 79.5078
-0.880001 14.2 78.5147
-0.8 14.2 79.49
-0.64 14.12 78.5055
-0.64 14.12 79.4841
-0.48 14.04 78.5212
-0.56 14.12 79.4934
-0.160001 13.88 78.5683
-0.400001 14.04 79.5212
-9.53674e-07 13.88 78.6468
-0.320001 14.04 79.5676
0.24 13.88 78.7567
-0.160001 13.88 79.6325
0.48 13.8 78.898
-0.0800009 13.88 79.7159
0.639999 13.8 79.0707
0.159999 13.88 79.8179
0.799999 13.72 79.2747
0.159999 13.88 79.9384
0.24 13.88 80.0807
0.959999 13.64 79.5061
0.32 13.88 80.2482
1.12 13.64 79.7604
0.32 13.88 80.4409
1.2 13.64 80.0378
0.4 13.8 80.6587
1.28 13.56 80.3383
1.28 13.56 80.6618
0.4 13.8 80.9016
1.44 13.56 81.0084
0.48 13.8 81.1697
1.44 13.56 81.378
0.48 13.8 81.4629
1.44 13.56 81.7683
0.48 13.8 81.7396
0.4 13.8 81.9936
1.28 13.56 82.1329
0.4 13.8 82.2248
1.28 13.56 82.4718
0.32 13.88 82.4332
1.2 13.64 82.7849
0.32 13.88 82.6188
1.12 13.64 83.0723
0.24 13.88 82.7817
0.959999 13.64 83.334
0.799999 13.72 83.57
0.159999 13.88 82.9218
0.639999 13.8 83.7771
-9.53674e-07 13.88 83.0413
0.48 13.8 83.9524
-0.0800009 13.88 83.1424
-0.160001 13.88 83.2251
0.24 13.88 84.0958
-0.320001 14.04 83.2894
-9.53674e-07 13.88 84.2074
-0.400001 14.04 83.3354
-0.320001 14.04 84.287
-0.56 14.12 83.363
-0.48 14.04 84.3348
-0.64 14.12 83.3721
-0.8 14.12 84.3508
-0.8 14.2 83.3669
-0.960001 14.2 83.3513
-1.12 14.2 84.3382
-1.12 14.2 83.3252
-1.2 14.36 84.3006
-1.12 14.36 83.2887
-1.44 14.36 84.2379
-1.2 14.36 83.2418
-1.68 14.36 84.1502
-1.28 14.36 83.1845
-1.36 14.36 83.1167
-1.92 14.44 84.0374
-1.44 14.36 83.0399
-2 14.52 83.8995
-1.44 14.36 82.9555
-2.16 14.52 83.7365
-2.24 14.52 83.6263
-1.44 14.36 82.8636
-2.24 14.6 83.5031
-1.6 14.36 82.7641
-2.4 14.6 83.367
-2.48 14.6 83.2179
-1.68 14.36 82.657
-2.56 14.6 83.056
-1.68 14.44 82.5423
-6.88 15.8 79.271
-6.24 15.64 80.1178
-6.16 15.64 79.9672
-6.72 15.8 79.0655
-6.08 15.48 79.8367
-6.48 15.72 78.8917
-5.92 15.48 79.7263
-6.24 15.64 78.7495
-5.92 15.48 79.636
-6.08 15.48 78.6389
-5.68 15.48 79.5657
-5.92 15.48 78.5599
-5.44 15.48 79.5155
-5.44 15.48 78.5125
-5.44 15.4 79.4854
-5.28 15.4 79.4753
-5.28 15.4 78.4967
-4.96 15.32 78.5124
-4.64 15.24 78.5596
-4.4 15.16 78.6382
-4.16 15.16 78.7483
-4 15 78.8898
-3.76 15 79.0627
-3.6 14.92 79.2671
-5.12 15.32 79.4854
-4.96 15.32 79.5158
-4.8 15.24 79.5664
-4.64 15.24 79.6372
-4.56 15.16 79.7283
-4.4 15.16 79.8396
-4.32 15.16 79.9711
-4.32 15.16 80.1222
-7.04 15.96 79.5044
-6.24 15.64 80.2885
-7.2 15.96 79.7621
-6.4 15.72 80.4793
-7.28 15.96 80.0442
-6.48 15.72 80.6901
-7.36 15.96 80.3506
-6.48 15.72 80.921
-7.52 15.96 80.6814
-6.56 15.72 81.172
-7.52 15.96 81.0365
-6.56 15.72 81.443
-7.52 15.96 81.416
-6.56 15.72 81.7107
-7.52 15.96 81.7986
-6.48 15.72 81.9583
-7.52 15.96 82.1565
-6.48 15.72 82.1857
-7.36 15.96 82.4896
-6.4 15.72 82.3929
-7.28 15.96 82.7979
-6.24 15.64 82.58
-7.2 15.96 83.0816
-6.24 15.64 82.747
-7.04 15.96 83.3404
-6.88 15.8 83.5746
-6.16 15.64 82.8937
-6.72 15.8 83.7805
-6.08 15.48 83.0207
-6.48 15.72 83.9547
-6 15.48 83.1281
-6.24 15.64 84.0973
-5.92 15.48 83.2159
-6.08 15.48 84.2082
-5.68 15.48 83.2843
-5.76 15.48 84.2874
-5.44 15.48 83.3331
-5.44 15.4 83.3624
-5.44 15.48 84.3349
-5.28 15.4 83.3721
-5.2 15.4 84.3508
-5.12 15.32 84.3462
-5.12 15.32 83.3623
-4.88 15.24 84.3325
-4.96 15.32 83.3326
-4.8 15.24 84.3096
-4.64 15.16 84.2776
-4.8 15.24 83.2832
-4.48 15.16 84.2365
-4.64 15.24 83.214
-4.32 15.16 84.1862
-4.32 15.16 84.1268
-4.16 15.16 84.0757
-4.56 15.16 83.1251
-4 15 84.0174
-3.84 15 83.9519
-4.4 15.16 83.0164
-3.84 15 83.8791
-3.76 15 83.799
-3.68 14.92 83.7117
-4.32 15.16 82.8879
-3.6 14.92 83.6171
-3.52 14.92 83.5171
-4.32 15.16 82.7396
-3.52 14.92 83.4135
-3.36 14.84 83.3062
-3.36 14.84 83.1953
-4.16 15.16 82.5711
-3.28 14.84 83.0808
-3.2 14.84 82.9627
-4.08 15.16 82.3826
-3.2 14.84 82.841
-3.04 14.68 82.6676
-4 15 82.1739
-3.04 14.68 82.4829
-3.04 14.68 82.2868
-4 15 81.9452
-3.04 14.68 82.0794
-2.96 14.68 81.8606
-3.84 15 81.6964
-2.96 14.68 81.6305
-3.84 15 81.4276
-2.96 14.68 81.389
-3.84 15 81.1626
-2.96 14.68 81.0147
-4 15 80.9166
-3.04 14.68 80.6642
-4 15 80.6895
-3.04 14.68 80.3373
-4.08 15.16 80.4815
-3.2 14.84 80.0342
-4.16 15.16 80.2924
-3.28 14.84 79.7548
-3.52 14.84 79.4991
11.52 10.68 82.42
10.56 10.92 82.6933
10.64 10.92 82.8811
10.72 10.84 83.056
10.72 10.84 83.2179
10.8 10.84 83.367
10.88 10.84 83.5031
10.88 10.68 83.6263
11.04 10.68 83.7365
11.2 10.68 83.8995
11.36 10.68 84.0374
11.6 10.6 84.1502
11.68 10.6 84.2379
12 10.52 84.3006
12.24 10.44 84.3382
12.48 10.36 84.3508
12.72 10.36 84.3348
12.96 10.36 84.287
13.2 10.2 84.2074
13.44 10.12 84.0958
13.76 10.04 83.9524
13.84 10.04 83.7771
14.08 9.88 83.57
14.24 9.88 83.334
14.32 9.88 83.0723
14.56 9.88 82.7849
14.56 9.8 82.4718
14.64 9.8 82.1329
14.64 9.8 81.7683
14.64 9.8 81.378
14.64 9.8 81.0084
14.64 9.8 80.6618
14.56 9.8 80.3383
14.56 9.88 80.0378
14.32 9.88 79.7604
14.24 9.88 79.5061
14.08 9.88 79.2747
13.84 10.04 79.0707
13.76 10.04 78.898
13.44 10.12 78.7567
13.28 10.2 78.6468
13.04 10.2 78.5683
12.8 10.36 78.5212
12.48 10.36 78.5055
12.32 10.44 78.5147
12.16 10.52 78.5424
11.92 10.52 78.5885
11.68 10.6 78.653
11.6 10.6 78.7359
11.44 10.68 78.8373
11.36 10.68 78.9571
11.12 10.68 79.096
11.04 10.68 79.2543
10.88 10.84 79.4322
10.8 10.84 79.6297
10.72 10.84 79.8467
10.64 10.92 80.0832
10.56 10.92 80.3393
11.52 10.68 80.6832
11.52 10.68 80.5126
11.6 10.6 80.3555
11.6 10.6 80.212
11.68 10.6 80.082
11.68 10.6 79.9656
11.68 10.6 79.8627
11.84 10.52 79.7733
11.92 10.52 79.6966
12 10.52 79.6317
12.16 10.44 79.5786
12.24 10.44 79.5372
12.32 10.44 79.5078
12.4 10.36 79.49
12.48 10.36 79.4841
12.64 10.36 79.4934
12.8 10.36 79.5212
12.96 10.36 79.5676
13.04 10.2 79.6325
13.2 10.2 79.7159
13.28 10.2 79.8179
13.28 10.12 79.9384
13.44 10.12 80.0807
13.52 10.12 80.2482
13.6 10.12 80.4409
13.6 10.04 80.6587
13.76 10.04 80.9016
13.76 10.04 81.1697
13.76 10.04 81.4629
13.76 10.04 81.7396
13.76 10.04 81.9936
13.6 10.04 82.2248
13.6 10.12 82.4332
13.52 10.12 82.6188
13.44 10.12 82.7817
13.28 10.12 82.9218
13.28 10.2 83.0413
13.12 10.2 83.1424
13.04 10.2 83.2251
12.96 10.36 83.2894
12.8 10.36 83.3354
12.64 10.36 83.363
12.48 10.36 83.3721
12.4 10.44 83.3669
12.32 10.44 83.3513
12.24 10.44 83.3252
12.16 10.44 83.2887
12 10.52 83.2418
11.92 10.52 83.1845
11.84 10.52 83.1167
11.68 10.6 83.0399
11.68 10.6 82.9555
11.68 10.6 82.8636
11.6 10.6 82.7641
11.6 10.6 82.657
11.52 10.6 82.5423
8 11.48 79.4753
8.16 11.48 79.4854
8.32 11.48 79.5158
8.4 11.48 79.5664
8.48 11.48 79.6372
8.72 11.4 79.7283
8.8 11.4 79.8396
8.96 11.32 79.9711
9.04 11.32 80.1222
9.12 11.32 80.2924
9.2 11.24 80.4815
9.2 11.24 80.6895
9.28 11.24 80.9166
9.28 11.24 81.1626
9.28 11.24 81.4276
9.28 11.24 81.6964
9.28 11.24 81.9452
9.2 11.24 82.1739
9.2 11.24 82.3826
9.12 11.32 82.5711
9.04 11.32 82.7396
8.96 11.32 82.8879
8.8 11.4 83.0164
8.72 11.4 83.1251
8.48 11.4 83.214
8.48 11.48 83.2832
8.32 11.48 83.3326
8.16 11.48 83.3623
8 11.48 83.3721
7.84 11.64 83.3624
7.68 11.72 83.3331
7.52 11.72 83.2843
7.36 11.8 83.2159
7.36 11.8 83.1281
7.12 11.8 83.0207
7.04 11.96 82.8937
6.88 11.96 82.747
6.88 11.96 82.58
6.8 11.96 82.3929
6.72 11.96 82.1857
6.72 11.96 81.9583
6.72 11.96 81.7107
6.72 11.96 81.443
6.72 11.96 81.172
6.72 11.96 80.921
6.72 11.96 80.6901
6.8 11.96 80.4793
6.88 11.96 80.2885
6.88 11.96 80.1178
7.04 11.96 79.9672
7.12 11.8 79.8367
7.36 11.8 79.7263
7.36 11.72 79.636
7.52 11.72 79.5657
7.68 11.72 79.5155
7.84 11.64 79.4854
9.76 11.16 79.2671
9.44 11.16 79.0627
9.28 11.24 78.8898
9.04 11.32 78.7483
8.8 11.4 78.6382
8.48 11.48 78.5596
8.24 11.48 78.5124
8 11.64 78.4967
7.68 11.64 78.5125
7.44 11.72 78.5599
7.2 11.8 78.6389
6.88 11.96 78.7495
6.72 11.96 78.8917
6.56 11.96 79.0655
6.32 12.04 79.271
6.08 12.12 79.5044
6 12.12 79.7621
5.92 12.2 80.0442
5.84 12.2 80.3506
5.76 12.2 80.6814
5.76 12.2 81.0365
5.76 12.2 81.416
5.76 12.2 81.7986
5.76 12.2 82.1565
5.84 12.2 82.4896
5.92 12.12 82.7979
6 12.12 83.0816
6.08 12.12 83.3404
6.32 12.04 83.5746
6.56 11.96 83.7805
6.72 11.96 83.9547
6.88 11.96 84.0973
7.2 11.8 84.2082
7.44 11.72 84.2874
7.68 11.64 84.3349
8 11.48 84.3508
8.16 11.48 84.3462
8.32 11.48 84.3325
8.48 11.48 84.3096
8.64 11.4 84.2776
8.72 11.4 84.2365
8.96 11.32 84.1862
9.04 11.32 84.1268
9.12 11.32 84.0757
9.2 11.24 84.0174
9.28 11.24 83.9519
9.28 11.24 83.8791
9.44 11.24 83.799
9.52 11.16 83.7117
9.6 11.16 83.6171
9.76 11.16 83.5171
9.76 11.16 83.4135
9.84 11.16 83.3062
9.92 11.16 83.1953
9.92 11.16 83.0808
10 11.16 82.9627
10.08 11.16 82.841
10.08 11 82.6676
10.08 11 82.4829
10.08 11 82.2868
10.24 11 82.0794
10.24 11 81.8606
10.24 11 81.6305
10.24 11 81.389
10.24 11 81.0147
10.24 11 80.6642
10.08 11 80.3373
10.08 11 80.0342
9.92 11.16 79.7548
9.84 11.16 79.4991
4.64 12.52 80.5597
5.52 12.28 80.4539
5.52 12.28 80.1898
5.44 12.28 79.9443
5.28 12.28 79.7174
5.28 12.28 79.5092
5.2 12.28 79.3197
5.12 12.28 79.1489
4.96 12.44 78.9967
4.8 12.44 78.864
4.64 12.52 78.7518
4.48 12.52 78.66
4.32 12.6 78.5885
4.16 12.76 78.5375
3.84 12.76 78.5069
3.6 12.76 78.4967
3.44 12.84 78.5009
3.36 12.84 78.5136
3.12 12.92 78.5347
2.88 12.92 78.5642
2.8 13 78.6022
2.72 13 78.6486
2.56 13.08 78.7035
2.56 13.08 78.767
2.32 13.08 78.8395
2.24 13.08 78.9208
2.08 13.08 79.0111
2.08 13.08 79.1102
2 13.24 79.2183
1.92 13.24 79.3353
1.92 13.24 79.458
1.84 13.24 79.5832
1.76 13.24 79.711
1.76 13.32 79.8412
1.76 13.32 79.974
1.76 13.32 80.1093
1.76 13.32 80.2472
1.76 13.32 80.3971
1.76 13.32 80.5401
1.76 13.32 80.6761
1.76 13.32 80.805
1.84 13.24 80.9268
1.84 13.24 81.0417
1.92 13.24 81.1495
1.92 13.24 81.2507
2 13.24 81.3456
2.08 13.08 81.4341
2.08 13.08 81.5164
2.24 13.08 81.5923
2.32 13.08 81.662
2.4 13.08 81.7253
2.56 13.08 81.7852
2.64 13.08 81.8444
2.8 13 81.903
2.88 13 81.9611
3.04 12.92 82.0185
3.36 12.92 82.0752
3.44 12.84 82.1314
3.6 12.76 82.187
3.68 12.76 82.2419
3.92 12.76 82.2964
4.16 12.76 82.3502
4.16 12.6 82.4035
4.24 12.6 82.4562
4.32 12.6 82.5083
4.32 12.6 82.5502
4.4 12.6 82.5946
4.4 12.6 82.6413
4.4 12.6 82.6903
4.4 12.6 82.7418
4.48 12.52 82.7956
4.48 12.52 82.8517
4.48 12.52 82.9128
4.4 12.6 82.9702
4.4 12.6 83.024
4.4 12.6 83.0741
4.4 12.6 83.1207
4.32 12.6 83.1636
4.32 12.6 83.2029
4.24 12.6 83.2571
4.16 12.6 83.303
4.16 12.76 83.3406
4 12.76 83.3699
3.84 12.76 83.3907
3.68 12.76 83.4032
3.68 12.76 83.4074
3.52 12.84 83.4035
3.44 12.84 83.3918
3.36 12.84 83.3723
3.36 12.84 83.3449
3.2 12.92 83.3098
3.12 12.92 83.2668
3.04 12.92 83.216
2.88 12.92 83.1563
2.88 13 83.0866
2.88 13 83.0068
2.88 13 82.917
2.8 13 82.8172
2.8 13 82.7074
2.8 13 82.5875
1.84 13.24 82.6316
1.84 13.24 82.8487
1.92 13.24 83.0529
1.92 13.24 83.2444
2 13.24 83.4231
2.08 13.08 83.5889
2.08 13.08 83.742
2.32 13.08 83.8823
2.56 13.08 84.0066
2.64 13.08 84.1117
2.8 13 84.1978
2.88 12.92 84.2647
3.2 12.92 84.3125
3.44 12.84 84.3412
3.68 12.76 84.3508
3.68 12.76 84.3468
3.92 12.76 84.3348
4.16 12.76 84.3147
4.24 12.6 84.2867
4.32 12.6 84.2506
4.48 12.52 84.2066
4.48 12.52 84.1545
4.64 12.52 84.0948
4.8 12.44 84.0278
4.96 12.44 83.9535
4.96 12.44 83.8718
5.04 12.44 83.7829
5.12 12.28 83.6867
5.12 12.28 83.5831
5.2 12.28 83.4748
5.28 12.28 83.3642
5.28 12.28 83.2513
5.28 12.28 83.1362
5.28 12.28 83.0187
5.28 12.28 82.899
5.28 12.28 82.7771
5.28 12.28 82.5899
5.28 12.28 82.4111
5.28 12.28 82.2406
5.2 12.28 82.0785
5.12 12.28 81.9246
5.04 12.28 81.7791
4.96 12.44 81.642
4.8 12.44 81.5496
4.72 12.52 81.4614
4.48 12.52 81.3776
4.4 12.6 81.298
4.24 12.6 81.2227
4.16 12.76 81.1516
3.84 12.76 81.0849
3.68 12.76 81.0367
3.52 12.76 80.9929
3.44 12.84 80.9534
3.36 12.84 80.9184
3.2 12.92 80.8877
3.12 12.92 80.8614
3.12 12.92 80.8395
3.04 12.92 80.8091
2.88 12.92 80.7771
2.88 13 80.7437
2.88 13 80.7087
2.8 13 80.6722
2.8 13 80.6343
2.72 13 80.5949
2.72 13 80.5535
2.72 13 80.5096
2.72 13 80.4633
2.64 13 80.4146
2.64 13 80.3634
2.64 13.08 80.3098
2.64 13.08 80.2538
2.64 13.08 80.1662
2.64 13 80.0819
2.72 13 80.0007
2.72 13 79.9228
2.8 13 79.8482
2.8 13 79.7767
2.88 13 79.7085
2.88 12.92 79.6466
3.04 12.92 79.5943
3.12 12.92 79.5514
3.2 12.92 79.5181
3.36 12.84 79.4944
3.44 12.84 79.4801
3.6 12.76 79.4753
3.68 12.76 79.4807
3.84 12.76 79.4967
3.92 12.76 79.5235
4 12.76 79.561
4.16 12.76 79.6092
4.16 12.6 79.6681
4.24 12.6 79.7377
4.32 12.6 79.8188
4.4 12.6 79.912
4.48 12.52 80.0172
4.48 12.52 80.1347
4.48 12.52 80.2642
4.48 12.52 80.4059
-1.76 14.2 82.42
-2.72 14.52 82.6933
-2.72 14.44 82.8811
-2.56 14.44 83.056
-2.56 14.44 83.2179
-2.48 14.44 83.367
-2.4 14.44 83.5031
-2.24 14.36 83.6263
-2.24 14.36 83.7365
-2.08 14.36 83.8995
-1.92 14.36 84.0374
-1.68 14.2 84.1502
-1.44 14.2 84.2379
-1.28 14.12 84.3006
-1.12 14.04 84.3382
-0.8 13.88 84.3508
-0.56 13.88 84.3348
-0.320001 13.8 84.287
-9.53674e-07 13.8 84.2074
0.159999 13.72 84.0958
0.4 13.64 83.9524
0.639999 13.56 83.7771
0.799999 13.56 83.57
0.959999 13.56 83.334
1.12 13.56 83.0723
1.2 13.4 82.7849
1.28 13.4 82.4718
1.28 13.4 82.1329
1.28 13.4 81.7683
1.28 13.4 81.378
1.28 13.4 81.0084
1.28 13.4 80.6618
1.28 13.4 80.3383
1.2 13.4 80.0378
1.12 13.56 79.7604
0.959999 13.56 79.5061
0.799999 13.56 79.2747
0.639999 13.56 79.0707
0.4 13.64 78.898
0.24 13.72 78.7567
-9.53674e-07 13.8 78.6468
-0.320001 13.8 78.5683
-0.48 13.88 78.5212
-0.64 13.88 78.5055
-0.960001 14.04 78.5147
-1.2 14.04 78.5424
-1.36 14.12 78.5885
-1.44 14.2 78.653
-1.68 14.2 78.7359
-1.92 14.36 78.8373
-2 14.36 78.9571
-2.16 14.36 79.096
-2.24 14.36 79.2543
-2.4 14.44 79.4322
-2.48 14.44 79.6297
-2.56 14.44 79.8467
-2.72 14.44 80.0832
-2.72 14.52 80.3393
-1.76 14.36 80.6832
-1.76 14.2 80.5126
-1.68 14.2 80.3555
-1.68 14.2 80.212
-1.6 14.2 80.082
-1.44 14.2 79.9656
-1.44 14.2 79.8627
-1.36 14.12 79.7733
-1.28 14.12 79.6966
-1.2 14.12 79.6317
-1.12 14.04 79.5786
-1.12 14.04 79.5372
-0.960001 14.04 79.5078
-0.880001 13.88 79.49
-0.64 13.88 79.4841
-0.64 13.88 79.4934
-0.48 13.88 79.5212
-0.320001 13.88 79.5676
-0.320001 13.8 79.6325
-0.0800009 13.8 79.7159
-9.53674e-07 13.8 79.8179
0.159999 13.72 79.9384
0.159999 13.72 80.0807
0.24 13.72 80.2482
0.32 13.64 80.4409
0.32 13.64 80.6587
0.4 13.64 80.9016
0.4 13.64 81.1697
0.4 13.64 81.4629
0.4 13.64 81.7396
0.4 13.64 81.9936
0.32 13.64 82.2248
0.32 13.64 82.4332
0.24 13.72 82.6188
0.159999 13.72 82.7817
0.159999 13.72 82.9218
-9.53674e-07 13.8 83.0413
-0.0800009 13.8 83.1424
-0.320001 13.8 83.2251
-0.320001 13.88 83.2894
-0.48 13.88 83.3354
-0.64 13.88 83.363
-0.8 13.88 83.3721
-0.880001 13.88 83.3669
-0.960001 14.04 83.3513
-1.12 14.04 83.3252
-1.12 14.04 83.2887
-1.28 14.12 83.2418
-1.36 14.12 83.1845
-1.44 14.12 83.1167
-1.44 14.2 83.0399
-1.44 14.2 82.9555
-1.6 14.2 82.8636
-1.68 14.2 82.7641
-1.68 14.2 82.657
-1.76 14.2 82.5423
-5.28 15.16 79.4753
-5.12 15.16 79.4854
-4.96 15.16 79.5158
-4.8 15.16 79.5664
-4.64 15 79.6372
-4.56 15 79.7283
-4.48 15 79.8396
-4.32 14.92 79.9711
-4.32 14.92 80.1222
-4.16 14.92 80.2924
-4.08 14.84 80.4815
-4.08 14.84 80.6895
-4 14.84 80.9166
-4 14.84 81.1626
-4 14.84 81.4276
-4 14.84 81.6964
-4 14.84 81.9452
-4.08 14.84 82.1739
-4.08 14.84 82.3826
-4.16 14.92 82.5711
-4.32 14.92 82.7396
-4.32 14.92 82.8879
-4.48 15 83.0164
-4.56 15 83.1251
-4.64 15 83.214
-4.8 15.16 83.2832
-4.96 15.16 83.3326
-5.12 15.16 83.3623
-5.28 15.16 83.3721
-5.44 15.24 83.3624
-5.6 15.32 83.3331
-5.76 15.32 83.2843
-5.92 15.32 83.2159
-6 15.4 83.1281
-6.16 15.4 83.0207
-6.24 15.48 82.8937
-6.24 15.48 82.747
-6.4 15.48 82.58
-6.48 15.48 82.3929
-6.48 15.48 82.1857
-6.56 15.48 81.9583
-6.56 15.48 81.7107
-6.56 15.48 81.443
-6.56 15.48 81.172
-6.56 15.48 80.921
-6.48 15.48 80.6901
-6.48 15.48 80.4793
-6.4 15.48 80.2885
-6.24 15.48 80.1178
-6.24 15.48 79.9672
-6.08 15.4 79.8367
-6 15.4 79.7263
-5.92 15.32 79.636
-5.76 15.32 79.5657
-5.6 15.24 79.5155
-5.44 15.24 79.4854
-3.6 14.68 79.2671
-3.84 14.68 79.0627
-4 14.84 78.8898
-4.32 14.92 78.7483
-4.48 15 78.6382
-4.64 15.16 78.5596
-5.12 15.16 78.5124
-5.28 15.16 78.4967
-5.6 15.24 78.5125
-5.92 15.32 78.5599
-6.08 15.4 78.6389
-6.24 15.48 78.7495
-6.56 15.48 78.8917
-6.72 15.48 79.0655
-6.96 15.64 79.271
-7.04 15.72 79.5044
-7.28 15.72 79.7621
-7.36 15.72 80.0442
-7.52 15.8 80.3506
-7.52 15.8 80.6814
-7.52 15.8 81.0365
-7.52 15.8 81.416
-7.52 15.8 81.7986
-7.52 15.8 82.1565
-7.52 15.8 82.4896
-7.36 15.72 82.7979
-7.28 15.72 83.0816
-7.04 15.72 83.3404
-6.96 15.64 83.5746
-6.72 15.48 83.7805
-6.56 15.48 83.9547
-6.24 15.48 84.0973
-6.08 15.4 84.2082
-5.92 15.32 84.2874
-5.6 15.24 84.3349
-5.28 15.16 84.3508
-5.12 15.16 84.3462
-4.96 15.16 84.3325
-4.8 15.16 84.3096
-4.64 15 84.2776
-4.56 15 84.2365
-4.4 14.92 84.1862
-4.32 14.92 84.1268
-4.16 14.92 84.0757
-4.08 14.84 84.0174
-4 14.84 83.9519
-3.84 14.84 83.8791
-3.84 14.68 83.799
-3.76 14.68 83.7117
-3.68 14.68 83.6171
-3.6 14.68 83.5171
-3.52 14.68 83.4135
-3.52 14.68 83.3062
-3.36 14.68 83.1953
-3.36 14.68 83.0808
-3.28 14.68 82.9627
-3.2 14.6 82.841
-3.2 14.6 82.6676
-3.04 14.6 82.4829
-3.04 14.6 82.2868
-3.04 14.6 82.0794
-3.04 14.6 81.8606
-3.04 14.6 81.6305
-3.04 14.6 81.389
-3.04 14.6 81.0147
-3.04 14.6 80.6642
-3.04 14.6 80.3373
-3.2 14.6 80.0342
-3.36 14.68 79.7548
-3.52 14.68 79.4991
-3.68 -12.28 82.387
-3.68 -12.28 79.3863
-3.04 -12.52 79.4568
-2.56 -12.6 79.6576
-2.08 -12.68 79.9726
-1.68 -12.84 80.3858
-1.36 -12.84 80.8811
-1.2 -12.84 81.4424
-1.12 -13 82.0537
-1.2 -12.84 82.6649
-1.36 -12.84 83.2262
-1.68 -12.84 83.7214
-2.08 -12.68 84.1345
-2.56 -12.6 84.4494
-3.04 -12.52 84.6502
-3.68 -12.28 84.7206
-4.96 -11.96 84.7203
-4.96 -11.96 82.387
-6.24 -11.56 79.387
-3.76 -12.28 79.387
-3.76 -12.28 81.0537
-5.12 -11.88 81.0537
-5.12 -11.88 84.7203
-6.24 -11.56 84.7203
-4.96 -11.96 82.3064
-4.96 -11.96 81.1346
-3.76 -12.28 81.1346
-3.76 -12.28 82.3064
-3.6 -12.04 82.387
-3.6 -12.04 79.3863
-3.04 -12.2 79.4568
-2.48 -12.36 79.6576
-2 -12.52 79.9726
-1.6 -12.6 80.3858
-1.36 -12.68 80.8811
-1.12 -12.76 81.4424
-1.12 -12.76 82.0537
-1.12 -12.76 82.6649
-1.36 -12.68 83.2262
-1.6 -12.6 83.7214
-2 -12.52 84.1345
-2.48 -12.36 84.4494
-3.04 -12.2 84.6502
-3.6 -12.04 84.7206
-4.96 -11.72 84.7203
-4.96 -11.72 82.387
-6.24 -11.24 79.387
-3.76 -12.04 79.387
-3.76 -12.04 81.0537
-5.12 -11.72 81.0537
-5.12 -11.72 84.7203
-6.24 -11.24 84.7203
-3.76 -12.04 81.1346
-3.76 -12.04 82.3064
-4.88 -11.72 82.3064
-4.88 -11.72 81.1346
18.32 -6.68 81.0362
18.56 -6.12 81.0362
18.56 -6.12 84.3702
19.44 -2.92 81.0362
19.6 -2.2 81.0362
19.6 -2.2 85.0362
19.44 -2.92 84.3702
19.6 -2.2 79.7032
19.6 -2.2 80.3702
19.2 -3.48 80.3702
19.04 -4.04 79.7032
19.04 -4.04 83.0362
19.2 -3.48 83.7032
18.72 -5.4 83.7032
18.88 -4.76 83.0362
18.72 -5.4 80.3702
18.88 -4.76 79.7032
18 -7.96 79.7032
18.08 -7.24 80.3702
18 -7.96 85.0362
18.08 -7.24 84.3702
18.32 -6.68 84.3702
19.36 -2.12 79.7032
19.36 -2.12 80.3702
19.04 -3.4 80.3702
19.04 -3.4 83.7032
18.56 -5.32 83.7032
18.56 -5.32 80.3702
18 -7.24 80.3702
18 -7.24 84.3702
18.08 -6.6 84.3702
18.08 -6.6 81.0362
18.32 -5.96 81.0362
18.32 -5.96 84.3702
19.2 -2.76 84.3702
19.2 -2.76 81.0362
19.36 -2.12 81.0362
19.36 -2.12 85.0362
17.84 -7.96 85.0362
17.84 -7.96 79.7032
18.72 -4.68 79.7032
18.72 -4.68 83.0362
18.88 -4.04 83.0362
18.88 -4.04 79.7032
2.24 8.04 95.3155
-11.6 11.8 87.1775
0.159999 0.28 101.337
16 4.28 87.1775
13.92 -3.4 92.5775
11.84 -11.08 87.1775
-2 -7.4 95.3155
-15.76 -3.72 87.1775
-13.68 4.12 92.5775
2.24 8.04 94.5155
15.52 4.44 86.6675
15.68 8.76 84.8175
3.36 12.12 92.0875
-9.12 15.48 84.8175
-11.04 11.64 86.6675
13.92 -3.4 91.7775
11.92 -10.6 86.7275
16.24 -10.76 85.1975
18 -4.52 89.5775
19.68 1.8 85.1975
15.92 3.8 86.7275
-2 -7.4 94.5155
-15.28 -3.8 86.6675
-15.52 -8.04 84.8175
-3.04 -11.4 92.0875
9.28 -14.76 84.8175
11.36 -11 86.6675
-13.68 4.12 91.7775
-11.68 11.32 86.7275
-16 11.48 85.1975
-17.76 5.08 89.5775
-19.52 -1.08 85.1975
-15.6 -3.16 86.7275
-7.84 16.04 84.4175
-8.16 15.24 84.4175
3.36 12.12 91.2875
14.8 9 84.4175
15.04 9.8 84.4175
3.52 12.92 91.2875
18.72 -4.68 88.7775
20.24 0.920001 84.8575
19.52 1.08 84.8575
18 -4.52 88.7775
16.48 -10.12 84.8575
17.2 -10.28 84.8575
-3.28 -12.2 91.2875
8.24 -15.24 84.4175
8.4 -14.44 84.4175
-3.04 -11.4 91.2875
-14.56 -8.28 84.4175
-14.8 -9.08 84.4175
-17.76 5.08 88.7775
-16.16 10.68 84.8575
-16.96 11 84.8575
-18.48 5.4 88.7775
-20 -0.2 84.8575
-19.28 -0.52 84.8575
2.24 8.04 78.3375
-11.6 11.8 78.3375
0.159999 0.28 78.3375
16 4.28 78.3375
13.92 -3.4 78.3375
11.84 -11.08 78.3375
-2 -7.4 78.3375
-15.76 -3.72 78.3375
-13.68 4.12 78.3375
-7.84 16.04 78.3375
-8.16 15.24 78.3375
3.36 12.12 78.3375
14.8 9 78.3375
15.04 9.8 78.3375
3.52 12.92 78.3375
-3.28 -12.2 78.3375
8.24 -15.24 78.3375
8.4 -14.44 78.3375
-3.04 -11.4 78.3375
-14.56 -8.28 78.3375
-14.8 -9.08 78.3375
-9.12 15.48 78.3375
-11.04 11.64 78.3375
15.52 4.44 78.3375
15.68 8.76 78.3375
9.28 -14.76 78.3375
11.36 -11 78.3375
-15.28 -3.8 78.3375
-15.52 -8.04 78.3375
18.72 -4.68 78.3375
20.24 0.920001 78.3375
19.52 1.08 78.3375
18 -4.52 78.3375
16.48 -10.12 78.3375
17.2 -10.28 78.3375
-17.76 5.08 78.3375
-16.16 10.68 78.3375
-16.96 11 78.3375
-18.48 5.4 78.3375
-20 -0.2 78.3375
-19.28 -0.52 78.3375
19.68 1.8 78.3375
15.92 3.8 78.3375
11.92 -10.6 78.3375
16.24 -10.76 78.3375
-19.52 -1.08 78.3375
-15.6 -3.16 78.3375
-11.68 11.32 78.3375
-16 11.48 78.3375
11.2 -20.84 44.2875
21.6 -16.36 44.2875
27.04 3.96 44.2875
-21.44 17.08 44.2875
-11.04 21.72 44.2875
-3.6 20.2 44.2875
-3.6 20.2 44.2875
-26.88 -3.24 44.2875
-20.08 -12.36 44.2875
0.4 19.4 44.2875
0.4 19.4 44.2875
4.4 18.36 44.2875
4.4 18.36 44.2875
7.84 17.4 44.2875
7.84 17.4 44.2875
11.12 16.44 44.2875
11.12 16.44 44.2875
14.64 15.32 44.2875
14.64 15.32 44.2875
16.96 14.52 44.2875
16.96 14.52 44.2875
19.36 13.64 44.2875
19.36 13.64 44.2875
20.4 13.32 44.2875
-20.8 17 69.8375
-21.44 17.08 69.8375
-21.44 17.08 69.8375
-26.88 -3.24 69.8375
-26.88 -3.24 69.8375
-26.24 -3.48 69.8375
-24.88 -6.36 69.8375
-25.2 -7.56 69.8375
-25.2 -7.56 69.8375
-22.8 -8.2 69.8375
-19.84 -11.72 69.8375
-20.08 -12.36 69.8375
-20.08 -12.36 69.8375
11.2 -20.84 69.8375
11.2 -20.84 69.8375
11.44 -20.04 69.8375
15.68 -18.6 69.8375
18.08 -19.24 69.8375
18.08 -19.24 69.8375
18.4 -18.12 69.8375
20.96 -16.2 69.8375
21.6 -16.36 69.8375
21.6 -16.36 69.8375
27.04 3.96 69.8375
27.04 3.96 69.8375
26.4 4.12 69.8375
25.12 7 69.8375
25.44 8.2 69.8375
25.44 8.2 69.8375
23.04 8.84 69.8375
20.16 12.6 69.8375
20.4 13.32 69.8375
20.4 13.32 69.8375
19.36 13.64 69.8375
19.36 13.64 69.8375
16.96 14.52 69.8375
16.96 14.52 69.8375
14.64 15.32 69.8375
14.64 15.32 69.8375
11.12 16.44 69.8375
11.12 16.44 69.8375
7.84 17.4 69.8375
7.84 17.4 69.8375
4.4 18.36 69.8375
4.4 18.36 69.8375
0.4 19.4 69.8375
0.4 19.4 69.8375
-3.6 20.2 69.8375
-3.6 20.2 69.8375
-11.04 21.72 69.8375
-11.04 21.72 69.8375
-11.28 21 69.8375
-15.52 19.32 69.8375
-17.92 19.96 69.8375
-17.92 19.96 69.8375
-18.24 18.84 69.8375
-24.88 -6.36 75.6225
-24.88 -6.36 75.6225
-25.2 -7.56 75.6225
-25.2 -7.56 75.6225
-22.8 -8.2 75.6225
-22.8 -8.2 75.6225
12.16 -17.64 75.6225
-19.2 -9.16 75.6225
15.68 -18.6 75.6225
15.68 -18.6 75.6225
18.08 -19.24 75.6225
18.08 -19.24 75.6225
18.4 -18.12 75.6225
18.4 -18.12 75.6225
19.04 -15.72 75.6225
19.04 -15.72 75.6225
24.48 4.76 75.6225
24.48 4.76 75.6225
25.12 7 75.6225
25.12 7 75.6225
25.44 8.2 75.6225
25.44 8.2 75.6225
23.04 8.84 75.6225
23.04 8.84 75.6225
19.44 9.8 75.6225
-12 18.36 75.6225
-15.52 19.32 75.6225
-15.52 19.32 75.6225
-17.92 19.96 75.6225
-17.92 19.96 75.6225
-18.24 18.84 75.6225
-18.24 18.84 75.6225
-18.88 16.44 75.6225
-18.88 16.44 75.6225
-24.32 -4.04 75.6225
-24.32 -4.04 75.6225
2.24 8.04 95.3155
2.24 8.04 95.3155
2.24 8.04 95.3155
-11.6 11.8 87.1775
-11.6 11.8 87.1775
-11.6 11.8 87.1775
0.159999 0.28 101.337
0.159999 0.28 101.337
0.159999 0.28 101.337
0.159999 0.28 101.337
0.159999 0.28 101.337
0.159999 0.28 101.337
0.159999 0.28 101.337
0.159999 0.28 101.337
0.159999 0.28 101.337
0.159999 0.28 101.337
0.159999 0.28 101.337
0.159999 0.28 101.337
0.159999 0.28 101.337
0.159999 0.28 101.337
0.159999 0.28 101.337
0.159999 0.28 101.337
0.159999 0.28 101.337
0.159999 0.28 101.337
0.159999 0.28 101.337
0.159999 0.28 101.337
0.159999 0.28 101.337
0.159999 0.28 101.337
0.159999 0.28 101.337
16 4.28 87.1775
16 4.28 87.1775
16 4.28 87.1775
13.92 -3.4 92.5775
13.92 -3.4 92.5775
13.92 -3.4 92.5775
11.84 -11.08 87.1775
11.84 -11.08 87.1775
11.84 -11.08 87.1775
-2 -7.4 95.3155
-2 -7.4 95.3155
-2 -7.4 95.3155
-15.76 -3.72 87.1775
-15.76 -3.72 87.1775
-15.76 -3.72 87.1775
-13.68 4.12 92.5775
-13.68 4.12 92.5775
-13.68 4.12 92.5775
2.24 8.04 78.3375
2.24 8.04 78.3375
2.24 8.04 78.3375
2.24 8.04 78.3375
-11.6 11.8 78.3375
-11.6 11.8 78.3375
-11.6 11.8 78.3375
0.159999 0.28 78.3375
0.159999 0.28 78.3375
0.159999 0.28 78.3375
0.159999 0.28 78.3375
0.159999 0.28 78.3375
0.159999 0.28 78.3375
0.159999 0.28 78.3375
0.159999 0.28 78.3375
0.159999 0.28 78.3375
0.159999 0.28 78.3375
0.159999 0.28 78.3375
0.159999 0.28 78.3375
0.159999 0.28 78.3375
0.159999 0.28 78.3375
0.159999 0.28 78.3375
0.159999 0.28 78.3375
0.159999 0.28 78.3375
0.159999 0.28 78.3375
0.159999 0.28 78.3375
0.159999 0.28 78.3375
0.159999 0.28 78.3375
0.159999 0.28 78.3375
0.159999 0.28 78.3375
16 4.28 78.3375
16 4.28 78.3375
16 4.28 78.3375
13.92 -3.4 78.3375
13.92 -3.4 78.3375
13.92 -3.4 78.3375
13.92 -3.4 78.3375
11.84 -11.08 78.3375
11.84 -11.08 78.3375
11.84 -11.08 78.3375
-2 -7.4 78.3375
-2 -7.4 78.3375
-2 -7.4 78.3375
-2 -7.4 78.3375
-15.76 -3.72 78.3375
-15.76 -3.72 78.3375
-15.76 -3.72 78.3375
-13.68 4.12 78.3375
-13.68 4.12 78.3375
-13.68 4.12 78.3375
-13.68 4.12 78.3375
3.36 12.12 78.3375
-3.04 -11.4 78.3375
18 -4.52 78.3375
-17.76 5.08 78.3375
3  0 1 2  255 128 128
3  0 2 3  255 128 128
3  3 4 5  255 128 128
3  3 5 6  255 128 128
3  7 8 9  255 128 128
3  10 7 9  255 128 128
3  11 10 9  255 128 128
3  12 11 9  255 128 128
3  12 9 13  255 128 128
3  13 14 15  255 128 128
3  12 13 15  255 128 128
3  16 12 15  255 128 128
3  17 16 15  255 128 128
3  18 17 15  255 128 128
3  19 18 15  255 128 128
3  20 19 15  255 128 128
3  21 20 15  255 128 128
3  22 21 15  255 128 128
3  23 22 15  255 128 128
3  24 23 15  255 128 128
3  6 24 15  255 128 128
3  3 6 15  255 128 128
3  0 3 15  255 128 128
3  25 26 1  255 128 255
3  1 0 25  255 128 255
3  26 27 2  128 255 255
3  2 1 26  128 255 255
3  27 28 3  128 255 255
3  3 2 27  128 255 255
3  28 29 4  128 255 255
3  4 3 28  128 255 255
3  29 30 5  0 192 192
3  5 4 29  0 192 192
3  30 31 6  0 192 192
3  6 5 30  0 192 192
3  31 32 24  0 192 192
3  24 6 31  0 192 192
3  32 33 23  0 192 192
3  23 24 32  0 192 192
3  33 34 1841  0 192 192
3  1841 23 33  0 192 192
3  34 35 1839  0 192 192
3  1839 1841 34  0 192 192
3  35 36 1837  0 192 192
3  1837 1839 35  0 192 192
3  36 37 1835  0 192 192
3  1835 1837 36  0 192 192
3  37 38 1833  0 192 192
3  1833 1835 37  0 192 192
3  38 39 1831  192 0 0
3  1831 1833 38  192 0 0
3  39 40 1829  192 0 0
3  1829 1831 39  192 0 0
3  40 41 1825  192 0 0
3  1825 1829 40  192 0 0
3  41 42 11  192 0 0
3  11 1825 41  192 0 0
3  42 43 10  192 0 0
3  10 11 42  192 0 0
3  43 44 7  192 0 0
3  7 10 43  192 0 0
3  44 45 8  192 0 0
3  8 7 44  192 0 0
3  45 46 9  192 0 192
3  9 8 45  192 0 192
3  46 47 13  192 0 192
3  13 9 46  192 0 192
3  47 48 14  192 0 192
3  14 13 47  192 0 192
3  48 49 15  255 128 255
3  15 14 48  255 128 255
3  49 25 0  255 128 255
3  0 15 49  255 128 255
3  50 51 52  100 100 100
3  53 54 55  255 64 128
3  56 53 55  255 64 128
3  52 56 55  255 64 128
3  57 58 59  255 64 128
3  60 57 59  255 64 128
3  61 60 59  255 64 128
3  61 59 62  255 64 128
3  61 62 63  255 64 128
3  64 61 63  255 64 128
3  64 63 65  255 64 128
3  66 64 65  255 64 128
3  67 66 65  255 64 128
3  67 65 68  255 64 128
3  69 67 68  255 64 128
3  69 68 70  255 64 128
3  55 69 70  255 64 128
3  55 70 71  100 100 100
3  52 55 71  100 100 100
3  50 52 71  100 100 100
3  72 73 58  100 100 100
3  58 57 72  100 100 100
3  73 74 59  100 100 100
3  59 58 73  100 100 100
3  74 75 62  100 100 100
3  62 59 74  100 100 100
3  75 76 63  100 100 100
3  63 62 75  100 100 100
3  76 77 65  100 100 100
3  65 63 76  100 100 100
3  77 78 68  100 100 100
3  68 65 77  100 100 100
3  78 79 70  100 100 100
3  70 68 78  100 100 100
3  79 80 71  100 100 100
3  71 70 79  100 100 100
3  80 81 50  100 100 100
3  50 71 80  100 100 100
3  81 82 51  100 100 100
3  51 50 81  100 100 100
3  82 83 52  100 100 100
3  52 51 82  100 100 100
3  83 84 56  100 100 100
3  56 52 83  100 100 100
3  84 85 53  100 100 100
3  53 56 84  100 100 100
3  85 86 54  100 100 100
3  54 53 85  100 100 100
3  86 87 55  100 100 100
3  55 54 86  100 100 100
3  87 88 69  100 100 100
3  69 55 87  100 100 100
3  88 89 67  100 100 100
3  67 69 88  100 100 100
3  89 90 66  100 100 100
3  66 67 89  100 100 100
3  90 91 64  100 100 100
3  64 66 90  100 100 100
3  91 92 61  100 100 100
3  61 64 91  100 100 100
3  92 93 60  100 100 100
3  60 61 92  100 100 100
3  93 72 57  100 100 100
3  57 60 93  100 100 100
3  94 95 96  255 0 0
3  94 96 97  255 0 0
3  97 98 99  255 0 0
3  99 100 101  255 0 0
3  101 102 103  255 0 0
3  104 105 106  255 0 0
3  103 104 106  255 0 0
3  106 107 108  255 0 0
3  108 109 110  255 0 0
3  110 111 112  255 0 0
3  108 110 112  255 0 0
3  112 113 114  255 0 0
3  112 114 115  255 0 0
3  108 112 115  255 0 0
3  115 116 117  255 0 0
3  108 115 117  255 0 0
3  117 118 119  255 0 0
3  108 117 119  255 0 0
3  119 120 121  255 0 0
3  119 121 122  255 0 0
3  108 119 122  255 0 0
3  122 123 124  255 0 0
3  108 122 124  255 0 0
3  108 124 125  255 0 0
3  108 125 126  255 0 0
3  108 126 127  255 0 0
3  106 108 127  255 0 0
3  106 127 128  255 0 0
3  106 128 129  255 0 0
3  106 129 130  255 0 0
3  106 130 131  255 0 0
3  131 132 133  255 0 0
3  106 131 133  255 0 0
3  106 133 134  255 0 0
3  134 135 136  255 0 0
3  106 134 136  255 0 0
3  103 106 136  255 0 0
3  101 103 136  255 0 0
3  99 101 136  255 0 0
3  97 99 136  255 0 0
3  136 137 138  255 0 0
3  97 136 138  255 0 0
3  94 97 138  255 0 0
3  94 138 139  255 0 0
3  140 141 139  255 255 0
3  139 138 140  255 255 0
3  141 142 94  240 128 128
3  94 139 141  240 128 128
3  142 1823 1845  128 0 128
3  1845 94 142  128 0 128
3  1823 1827 1847  192 0 192
3  1847 1845 1823  192 0 192
3  1827 143 97  64 255 128
3  97 1847 1827  64 255 128
3  143 144 98  255 228 196
3  98 97 143  255 228 196
3  144 145 99  255 240 245
3  99 98 144  255 240 245
3  145 146 1851  192 192 0
3  1851 99 145  192 192 0
3  146 147 101  255 255 128
3  101 1851 146  255 255 128
3  147 148 102  64 255 64
3  102 101 147  64 255 64
3  148 149 103  64 0 128
3  103 102 148  64 0 128
3  149 1828 1855  255 255 64
3  1855 103 149  255 255 64
3  1828 1820 1857  255 128 255
3  1857 1855 1828  255 128 255
3  1820 150 106  0 255 255
3  106 1857 1820  0 255 255
3  150 151 107  176 196 222
3  107 106 150  176 196 222
3  151 152 108  192 192 0
3  108 107 151  192 192 0
3  152 153 1861  255 255 128
3  1861 108 152  255 255 128
3  153 154 110  0 0 192
3  110 1861 153  0 0 192
3  154 155 111  255 128 255
3  111 110 154  255 128 255
3  155 156 112  173 216 230
3  112 111 155  173 216 230
3  156 1821 1865  255 255 0
3  1865 112 156  255 255 0
3  1821 1822 1867  128 255 255
3  1867 1865 1821  128 255 255
3  1822 157 115  128 64 255
3  115 1867 1822  128 64 255
3  157 158 116  173 216 230
3  116 115 157  173 216 230
3  158 159 117  255 0 0
3  117 116 158  255 0 0
3  159 160 1871  0 0 192
3  1871 117 159  0 0 192
3  160 161 119  255 0 255
3  119 1871 160  255 0 255
3  161 162 120  192 192 0
3  120 119 161  192 192 0
3  162 163 121  255 64 64
3  121 120 162  255 64 64
3  163 164 122  255 64 64
3  122 121 163  255 64 64
3  164 1843 1875  64 255 64
3  1875 122 164  64 255 64
3  1843 1842 1877  0 192 192
3  1877 1875 1843  0 192 192
3  1842 1840 1879  0 192 192
3  1879 1877 1842  0 192 192
3  1840 1838 1881  0 192 192
3  1881 1879 1840  0 192 192
3  1838 1836 1883  0 192 192
3  1883 1881 1838  0 192 192
3  1836 1834 1885  0 192 0
3  1885 1883 1836  0 192 0
3  1834 1832 1887  0 192 0
3  1887 1885 1834  0 192 0
3  1832 1830 1889  0 192 0
3  1889 1887 1832  0 192 0
3  1830 1826 1891  0 192 0
3  1891 1889 1830  0 192 0
3  1826 1824 1893  0 192 0
3  1893 1891 1826  0 192 0
3  1824 165 133  255 64 255
3  133 1893 1824  255 64 255
3  165 166 134  64 64 255
3  134 133 165  64 64 255
3  166 167 135  64 64 255
3  135 134 166  64 64 255
3  167 168 136  0 192 192
3  136 135 167  0 192 192
3  168 169 1897  255 0 255
3  1897 136 168  255 0 255
3  169 140 138  255 64 64
3  138 1897 169  255 64 64
3  170 171 172  0 255 0
3  173 174 175  0 255 0
3  176 173 175  0 255 0
3  176 175 177  0 255 0
3  178 176 177  0 255 0
3  179 180 181  0 255 0
3  179 181 182  0 255 0
3  177 179 182  0 255 0
3  183 184 185  0 255 0
3  183 185 186  0 255 0
3  1914 183 186  0 255 0
3  1914 186 187  0 255 0
3  177 182 1916  0 255 0
3  178 177 1916  0 255 0
3  188 189 190  0 255 0
3  1916 188 190  0 255 0
3  178 1916 190  0 255 0
3  178 190 191  0 255 0
3  192 193 194  0 255 0
3  192 194 195  0 255 0
3  191 192 195  0 255 0
3  191 195 196  0 255 0
3  191 196 197  0 255 0
3  191 197 198  0 255 0
3  191 198 199  0 255 0
3  191 199 200  0 255 0
3  191 200 201  0 255 0
3  201 202 203  0 255 0
3  201 203 204  0 255 0
3  191 201 204  0 255 0
3  178 191 204  0 255 0
3  205 206 207  0 255 0
3  205 207 208  0 255 0
3  204 205 208  0 255 0
3  209 210 211  0 255 0
3  209 211 212  0 255 0
3  1932 209 212  0 255 0
3  1932 212 213  0 255 0
3  204 208 1934  0 255 0
3  178 204 1934  0 255 0
3  172 178 1934  0 255 0
3  170 172 1934  0 255 0
3  1844 1846 210  128 0 128
3  210 209 1844  128 0 128
3  1846 1848 211  192 0 192
3  211 210 1846  192 0 192
3  1848 1849 212  64 255 128
3  212 211 1848  64 255 128
3  1849 214 213  64 255 128
3  213 212 1849  64 255 128
3  214 1850 1900  192 192 0
3  1900 213 214  192 192 0
3  1850 1852 1902  192 192 0
3  1902 1900 1850  192 192 0
3  1852 1853 1904  255 255 128
3  1904 1902 1852  255 255 128
3  1853 215 178  255 255 128
3  178 1904 1853  255 255 128
3  215 1854 176  255 255 64
3  176 178 215  255 255 64
3  1854 1856 173  255 255 64
3  173 176 1854  255 255 64
3  1856 1858 174  255 128 255
3  174 173 1856  255 128 255
3  1858 1859 175  0 255 255
3  175 174 1858  0 255 255
3  1859 216 177  0 255 255
3  177 175 1859  0 255 255
3  216 1860 1908  255 255 128
3  1908 177 216  255 255 128
3  1860 1862 1910  255 255 128
3  1910 1908 1860  255 255 128
3  1862 1863 1912  0 0 192
3  1912 1910 1862  0 0 192
3  1863 217 1914  0 0 192
3  1914 1912 1863  0 0 192
3  217 1864 183  255 255 0
3  183 1914 217  255 255 0
3  1864 1866 184  255 255 0
3  184 183 1864  255 255 0
3  1866 1868 185  128 255 255
3  185 184 1866  128 255 255
3  1868 1869 186  128 64 255
3  186 185 1868  128 64 255
3  1869 218 187  128 64 255
3  187 186 1869  128 64 255
3  218 1870 1918  0 0 192
3  1918 187 218  0 0 192
3  1870 1872 1920  0 0 192
3  1920 1918 1870  0 0 192
3  1872 1873 1922  255 0 255
3  1922 1920 1872  255 0 255
3  1873 219 191  255 0 255
3  191 1922 1873  255 0 255
3  219 1874 192  64 255 64
3  192 191 219  64 255 64
3  1874 1876 193  64 255 64
3  193 192 1874  64 255 64
3  1876 1878 194  0 192 192
3  194 193 1876  0 192 192
3  1878 1880 195  0 192 192
3  195 194 1878  0 192 192
3  1880 1882 196  0 192 192
3  196 195 1880  0 192 192
3  1882 1884 197  0 192 192
3  197 196 1882  0 192 192
3  1884 1886 198  0 192 0
3  198 197 1884  0 192 0
3  1886 1888 199  0 192 0
3  199 198 1886  0 192 0
3  1888 1890 200  0 192 0
3  200 199 1888  0 192 0
3  1890 1892 201  0 192 0
3  201 200 1890  0 192 0
3  1892 1894 202  0 192 0
3  202 201 1892  0 192 0
3  1894 1895 203  255 64 255
3  203 202 1894  255 64 255
3  1895 220 204  255 64 255
3  204 203 1895  255 64 255
3  220 1896 1926  255 0 255
3  1926 204 220  255 0 255
3  1896 1898 1928  255 0 255
3  1928 1926 1896  255 0 255
3  1898 1899 1930  192 192 0
3  1930 1928 1898  192 192 0
3  1899 221 1932  192 192 0
3  1932 1930 1899  192 192 0
3  221 1844 209  128 0 128
3  209 1932 221  128 0 128
3  222 223 224  0 0 255
3  222 224 225  0 0 255
3  226 227 228  0 0 255
3  229 226 228  0 0 255
3  230 231 232  0 0 255
3  233 234 235  0 0 255
3  236 237 238  0 0 255
3  236 238 239  0 0 255
3  235 236 239  0 0 255
3  235 239 240  0 0 255
3  241 242 243  0 0 255
3  240 241 243  0 0 255
3  235 240 243  0 0 255
3  235 243 244  0 0 255
3  233 235 244  0 0 255
3  244 245 246  0 0 255
3  233 244 246  0 0 255
3  232 233 246  0 0 255
3  232 246 247  0 0 255
3  230 232 247  0 0 255
3  228 230 247  0 0 255
3  229 228 247  0 0 255
3  247 248 249  0 0 255
3  229 247 249  0 0 255
3  225 229 249  0 0 255
3  222 225 249  0 0 255
3  1927 1929 223  255 0 255
3  223 222 1927  255 0 255
3  1929 1931 224  192 192 0
3  224 223 1929  192 192 0
3  1931 1933 225  192 192 0
3  225 224 1931  192 192 0
3  1933 1935 229  192 192 0
3  229 225 1933  192 192 0
3  1935 1901 226  192 192 0
3  226 229 1935  192 192 0
3  1901 1903 227  192 192 0
3  227 226 1901  192 192 0
3  1903 1905 228  255 255 128
3  228 227 1903  255 255 128
3  1905 1907 230  255 255 128
3  230 228 1905  255 255 128
3  1907 250 231  255 255 128
3  231 230 1907  255 255 128
3  250 251 232  0 0 192
3  232 231 250  0 0 192
3  251 252 233  50 205 50
3  233 232 251  50 205 50
3  252 253 234  0 192 0
3  234 233 252  0 192 0
3  253 1906 235  255 255 128
3  235 234 253  255 255 128
3  1906 1909 236  255 255 128
3  236 235 1906  255 255 128
3  1909 1911 237  255 255 128
3  237 236 1909  255 255 128
3  1911 1913 238  0 0 192
3  238 237 1911  0 0 192
3  1913 1915 239  0 0 192
3  239 238 1913  0 0 192
3  1915 1917 240  0 0 192
3  240 239 1915  0 0 192
3  1917 1919 241  0 0 192
3  241 240 1917  0 0 192
3  1919 1921 242  0 0 192
3  242 241 1919  0 0 192
3  1921 1923 243  255 0 255
3  243 242 1921  255 0 255
3  1923 1924 244  255 0 255
3  244 243 1923  255 0 255
3  1924 254 245  255 0 255
3  245 244 1924  255 0 255
3  254 255 246  0 192 0
3  246 245 254  0 192 0
3  255 256 247  123 104 238
3  247 246 255  123 104 238
3  256 257 248  0 0 192
3  248 247 256  0 0 192
3  257 1925 249  255 0 255
3  249 248 257  255 0 255
3  1925 1927 222  255 0 255
3  222 249 1925  255 0 255
3  258 259 260  100 100 100
3  261 262 263  100 100 100
3  264 261 263  100 100 100
3  264 263 265  100 100 100
3  266 264 265  100 100 100
3  266 265 267  100 100 100
3  268 266 267  100 100 100
3  268 267 269  100 100 100
3  270 268 269  100 100 100
3  270 269 271  100 100 100
3  272 270 271  100 100 100
3  273 272 271  100 100 100
3  273 271 274  100 100 100
3  275 273 274  100 100 100
3  275 274 276  100 100 100
3  277 275 276  100 100 100
3  277 276 278  100 100 100
3  279 277 278  100 100 100
3  279 278 280  255 165 0
3  281 279 280  255 165 0
3  281 280 282  255 165 0
3  283 281 282  255 165 0
3  283 282 284  100 100 100
3  285 283 284  255 165 0
3  285 284 286  255 165 0
3  287 285 286  100 100 100
3  287 286 288  100 100 100
3  289 287 288  100 100 100
3  289 288 290  100 100 100
3  291 289 290  100 100 100
3  291 290 292  100 100 100
3  293 291 292  100 100 100
3  293 292 294  100 100 100
3  295 293 294  100 100 100
3  295 294 296  100 100 100
3  297 295 296  100 100 100
3  297 296 298  100 100 100
3  299 297 298  100 100 100
3  299 298 300  100 100 100
3  301 299 300  100 100 100
3  301 300 302  100 100 100
3  303 301 302  100 100 100
3  303 302 304  100 100 100
3  303 304 305  100 100 100
3  306 303 305  100 100 100
3  306 305 307  100 100 100
3  308 306 307  100 100 100
3  308 307 309  100 100 100
3  310 308 309  100 100 100
3  310 309 311  100 100 100
3  312 310 311  100 100 100
3  313 312 311  100 100 100
3  313 311 314  100 100 100
3  315 313 314  100 100 100
3  315 314 316  100 100 100
3  317 315 316  100 100 100
3  317 316 318  100 100 100
3  319 317 318  100 100 100
3  319 318 320  100 100 100
3  319 320 321  100 100 100
3  322 319 321  100 100 100
3  322 321 323  100 100 100
3  324 322 323  100 100 100
3  324 323 325  100 100 100
3  326 324 325  100 100 100
3  326 325 327  100 100 100
3  328 326 327  100 100 100
3  328 327 329  100 100 100
3  330 328 329  100 100 100
3  331 330 329  100 100 100
3  331 329 332  100 100 100
3  333 331 332  100 100 100
3  333 332 334  255 165 0
3  335 333 334  255 165 0
3  335 334 336  255 165 0
3  335 336 337  255 165 0
3  338 335 337  100 100 100
3  338 337 339  100 100 100
3  340 338 339  255 165 0
3  340 339 341  255 165 0
3  342 340 341  100 100 100
3  342 341 343  100 100 100
3  344 342 343  100 100 100
3  344 343 345  100 100 100
3  346 344 345  100 100 100
3  346 345 347  100 100 100
3  346 347 348  255 165 0
3  349 346 348  100 100 100
3  349 348 350  100 100 100
3  351 349 350  100 100 100
3  351 350 352  100 100 100
3  353 351 352  255 165 0
3  353 352 354  255 165 0
3  355 353 354  255 165 0
3  355 354 356  255 165 0
3  355 356 357  255 165 0
3  358 355 357  100 100 100
3  358 357 359  100 100 100
3  360 358 359  100 100 100
3  360 359 361  100 100 100
3  362 360 361  100 100 100
3  363 362 361  100 100 100
3  363 361 364  100 100 100
3  365 363 364  100 100 100
3  365 364 366  100 100 100
3  367 365 366  100 100 100
3  368 367 366  100 100 100
3  368 366 369  100 100 100
3  370 368 369  100 100 100
3  370 369 371  100 100 100
3  260 370 371  100 100 100
3  258 260 371  100 100 100
3  372 373 374  100 100 100
3  375 372 374  100 100 100
3  375 374 376  100 100 100
3  377 375 376  100 100 100
3  377 376 378  100 100 100
3  379 377 378  100 100 100
3  379 378 380  100 100 100
3  381 379 380  100 100 100
3  381 380 382  100 100 100
3  383 381 382  100 100 100
3  383 382 384  100 100 100
3  385 383 384  100 100 100
3  385 384 386  100 100 100
3  385 386 387  100 100 100
3  388 385 387  100 100 100
3  389 388 387  100 100 100
3  390 389 387  100 100 100
3  391 390 387  100 100 100
3  392 391 387  100 100 100
3  393 392 387  100 100 100
3  394 393 387  100 100 100
3  395 394 387  100 100 100
3  395 387 396  100 100 100
3  395 396 397  100 100 100
3  395 397 398  100 100 100
3  395 398 399  100 100 100
3  395 399 400  100 100 100
3  395 400 401  100 100 100
3  395 401 402  100 100 100
3  395 402 403  100 100 100
3  373 372 404  100 100 100
3  405 373 404  100 100 100
3  405 404 406  100 100 100
3  407 405 406  100 100 100
3  407 406 408  100 100 100
3  409 407 408  100 100 100
3  409 408 410  100 100 100
3  411 409 410  100 100 100
3  411 410 412  100 100 100
3  413 411 412  100 100 100
3  413 412 414  100 100 100
3  415 413 414  100 100 100
3  415 414 416  100 100 100
3  417 415 416  100 100 100
3  417 416 418  100 100 100
3  419 417 418  100 100 100
3  419 418 420  100 100 100
3  421 419 420  100 100 100
3  421 420 422  100 100 100
3  423 421 422  100 100 100
3  423 422 424  100 100 100
3  425 423 424  100 100 100
3  425 424 426  100 100 100
3  427 425 426  100 100 100
3  427 426 428  100 100 100
3  427 428 429  100 100 100
3  430 427 429  100 100 100
3  430 429 431  100 100 100
3  432 430 431  100 100 100
3  432 431 433  100 100 100
3  434 432 433  100 100 100
3  434 433 435  100 100 100
3  436 434 435  100 100 100
3  436 435 437  100 100 100
3  438 436 437  100 100 100
3  438 437 439  100 100 100
3  440 438 439  100 100 100
3  441 440 439  100 100 100
3  441 439 442  100 100 100
3  443 441 442  100 100 100
3  443 442 444  100 100 100
3  443 444 445  100 100 100
3  446 443 445  100 100 100
3  446 445 447  100 100 100
3  448 446 447  100 100 100
3  448 447 449  100 100 100
3  448 449 450  100 100 100
3  451 448 450  100 100 100
3  451 450 452  100 100 100
3  453 451 452  100 100 100
3  453 452 454  100 100 100
3  453 454 455  100 100 100
3  453 455 456  100 100 100
3  457 453 456  100 100 100
3  457 456 458  100 100 100
3  457 458 459  100 100 100
3  460 457 459  100 100 100
3  460 459 461  100 100 100
3  460 461 462  100 100 100
3  460 462 463  100 100 100
3  464 460 463  100 100 100
3  464 463 465  100 100 100
3  464 465 466  100 100 100
3  467 464 466  100 100 100
3  467 466 468  100 100 100
3  467 468 469  100 100 100
3  467 469 470  100 100 100
3  471 467 470  100 100 100
3  471 470 472  100 100 100
3  471 472 473  100 100 100
3  474 471 473  100 100 100
3  474 473 475  100 100 100
3  474 475 476  100 100 100
3  477 474 476  100 100 100
3  477 476 478  100 100 100
3  477 478 479  100 100 100
3  480 477 479  100 100 100
3  480 479 481  100 100 100
3  480 481 482  100 100 100
3  483 480 482  100 100 100
3  483 482 484  100 100 100
3  485 483 484  100 100 100
3  485 484 486  100 100 100
3  487 485 486  100 100 100
3  487 486 488  100 100 100
3  489 487 488  100 100 100
3  489 488 490  100 100 100
3  491 489 490  100 100 100
3  491 490 492  100 100 100
3  493 491 492  100 100 100
3  493 492 494  100 100 100
3  495 493 494  100 100 100
3  495 494 496  100 100 100
3  403 495 496  100 100 100
3  403 496 497  100 100 100
3  395 403 497  100 100 100
3  498 499 500  100 100 100
3  501 502 503  100 100 100
3  504 501 503  100 100 100
3  504 503 505  100 100 100
3  506 504 505  100 100 100
3  506 505 507  100 100 100
3  508 506 507  100 100 100
3  508 507 509  100 100 100
3  510 508 509  100 100 100
3  510 509 511  100 100 100
3  512 510 511  100 100 100
3  512 511 513  100 100 100
3  514 512 513  100 100 100
3  514 513 515  100 100 100
3  514 515 516  100 100 100
3  517 514 516  100 100 100
3  517 516 518  100 100 100
3  519 517 518  100 100 100
3  519 518 520  100 100 100
3  521 519 520  100 100 100
3  521 520 522  100 100 100
3  523 521 522  100 100 100
3  523 522 524  100 100 100
3  525 523 524  100 100 100
3  525 524 526  100 100 100
3  527 525 526  100 100 100
3  528 527 526  100 100 100
3  528 526 529  100 100 100
3  530 528 529  100 100 100
3  530 529 531  100 100 100
3  532 530 531  100 100 100
3  532 531 533  100 100 100
3  534 532 533  100 100 100
3  534 533 535  100 100 100
3  536 534 535  100 100 100
3  536 535 537  100 100 100
3  538 536 537  100 100 100
3  538 537 539  100 100 100
3  540 538 539  100 100 100
3  540 539 541  100 100 100
3  542 540 541  100 100 100
3  542 541 543  100 100 100
3  542 543 544  100 100 100
3  545 542 544  100 100 100
3  545 544 546  100 100 100
3  547 545 546  100 100 100
3  547 546 548  100 100 100
3  547 548 549  100 100 100
3  550 547 549  100 100 100
3  550 549 551  100 100 100
3  550 551 552  100 100 100
3  553 550 552  100 100 100
3  553 552 554  100 100 100
3  553 554 555  100 100 100
3  556 553 555  100 100 100
3  556 555 557  100 100 100
3  558 556 557  100 100 100
3  558 557 559  100 100 100
3  558 559 560  100 100 100
3  561 558 560  100 100 100
3  561 560 562  100 100 100
3  561 562 563  100 100 100
3  564 561 563  100 100 100
3  564 563 565  100 100 100
3  566 564 565  100 100 100
3  566 565 567  100 100 100
3  568 566 567  100 100 100
3  568 567 569  100 100 100
3  570 568 569  100 100 100
3  570 569 571  100 100 100
3  572 570 571  100 100 100
3  572 571 573  100 100 100
3  572 573 574  100 100 100
3  575 572 574  100 100 100
3  575 574 576  100 100 100
3  577 575 576  100 100 100
3  577 576 578  100 100 100
3  577 578 579  100 100 100
3  580 577 579  100 100 100
3  580 579 581  100 100 100
3  582 580 581  100 100 100
3  582 581 583  100 100 100
3  582 583 584  100 100 100
3  585 582 584  100 100 100
3  585 584 586  100 100 100
3  587 585 586  100 100 100
3  587 586 588  100 100 100
3  587 588 589  100 100 100
3  590 587 589  100 100 100
3  590 589 591  100 100 100
3  592 590 591  100 100 100
3  592 591 593  100 100 100
3  594 592 593  100 100 100
3  595 594 593  100 100 100
3  595 593 596  100 100 100
3  597 595 596  100 100 100
3  597 596 598  100 100 100
3  599 597 598  100 100 100
3  600 599 598  100 100 100
3  600 598 601  100 100 100
3  602 600 601  100 100 100
3  602 601 603  100 100 100
3  604 602 603  100 100 100
3  604 603 605  100 100 100
3  606 604 605  100 100 100
3  606 605 607  100 100 100
3  608 606 607  100 100 100
3  608 607 609  100 100 100
3  610 608 609  100 100 100
3  610 609 611  100 100 100
3  612 610 611  100 100 100
3  612 611 613  100 100 100
3  614 612 613  100 100 100
3  614 613 615  100 100 100
3  616 614 615  100 100 100
3  616 615 617  100 100 100
3  618 616 617  100 100 100
3  619 618 617  100 100 100
3  619 617 620  100 100 100
3  621 619 620  100 100 100
3  621 620 622  100 100 100
3  623 621 622  100 100 100
3  623 622 624  100 100 100
3  625 623 624  100 100 100
3  625 624 626  100 100 100
3  627 625 626  100 100 100
3  627 626 628  100 100 100
3  629 627 628  100 100 100
3  629 628 630  100 100 100
3  631 629 630  100 100 100
3  632 631 630  100 100 100
3  632 630 633  100 100 100
3  634 632 633  100 100 100
3  634 633 635  100 100 100
3  636 634 635  100 100 100
3  636 635 637  100 100 100
3  638 636 637  100 100 100
3  639 638 637  100 100 100
3  639 637 640  100 100 100
3  641 639 640  100 100 100
3  642 641 640  100 100 100
3  642 640 643  100 100 100
3  644 642 643  100 100 100
3  644 643 645  100 100 100
3  646 644 645  100 100 100
3  647 646 645  100 100 100
3  647 645 648  100 100 100
3  649 647 648  100 100 100
3  650 649 648  100 100 100
3  650 648 651  255 0 0
3  652 650 651  255 0 0
3  652 651 653  100 100 100
3  654 652 653  100 100 100
3  655 654 653  100 100 100
3  655 653 656  100 100 100
3  657 655 656  100 100 100
3  657 656 658  100 100 100
3  659 657 658  100 100 100
3  660 659 658  100 100 100
3  660 658 661  100 100 100
3  662 660 661  100 100 100
3  662 661 663  100 100 100
3  664 662 663  100 100 100
3  664 663 665  100 100 100
3  666 664 665  100 100 100
3  666 665 667  100 100 100
3  668 666 667  100 100 100
3  668 667 669  100 100 100
3  670 668 669  100 100 100
3  670 669 671  100 100 100
3  672 670 671  100 100 100
3  672 671 673  100 100 100
3  672 673 674  100 100 100
3  675 672 674  100 100 100
3  675 674 676  100 100 100
3  677 675 676  100 100 100
3  677 676 678  100 100 100
3  677 678 679  100 100 100
3  680 677 679  100 100 100
3  680 679 681  100 100 100
3  682 680 681  100 100 100
3  682 681 683  100 100 100
3  684 682 683  100 100 100
3  684 683 685  100 100 100
3  686 684 685  100 100 100
3  687 686 685  100 100 100
3  687 685 688  100 100 100
3  689 687 688  100 100 100
3  689 688 690  100 100 100
3  691 689 690  100 100 100
3  691 690 692  100 100 100
3  693 691 692  100 100 100
3  694 693 692  100 100 100
3  694 692 695  100 100 100
3  500 694 695  100 100 100
3  498 500 695  100 100 100
3  696 697 698  100 100 100
3  699 700 701  100 100 100
3  702 699 701  100 100 100
3  702 701 703  100 100 100
3  704 702 703  100 100 100
3  704 703 705  100 100 100
3  706 704 705  100 100 100
3  706 705 707  100 100 100
3  708 706 707  100 100 100
3  708 707 709  100 100 100
3  710 708 709  100 100 100
3  711 710 709  100 100 100
3  711 709 712  100 100 100
3  713 711 712  100 100 100
3  713 712 714  100 100 100
3  715 713 714  100 100 100
3  715 714 716  100 100 100
3  717 715 716  100 100 100
3  717 716 718  100 100 100
3  719 717 718  100 100 100
3  719 718 720  100 100 100
3  721 719 720  100 100 100
3  721 720 722  100 100 100
3  723 721 722  100 100 100
3  723 722 724  100 100 100
3  725 723 724  100 100 100
3  725 724 726  100 100 100
3  727 725 726  100 100 100
3  727 726 728  100 100 100
3  729 727 728  100 100 100
3  729 728 730  100 100 100
3  731 729 730  100 100 100
3  731 730 732  100 100 100
3  733 731 732  100 100 100
3  733 732 734  100 100 100
3  735 733 734  100 100 100
3  735 734 736  100 100 100
3  737 735 736  100 100 100
3  737 736 738  100 100 100
3  739 737 738  100 100 100
3  739 738 740  100 100 100
3  741 739 740  100 100 100
3  741 740 742  100 100 100
3  741 742 743  100 100 100
3  744 741 743  100 100 100
3  744 743 745  100 100 100
3  746 744 745  100 100 100
3  746 745 747  100 100 100
3  748 746 747  100 100 100
3  748 747 749  100 100 100
3  750 748 749  100 100 100
3  751 750 749  100 100 100
3  751 749 752  100 100 100
3  753 751 752  100 100 100
3  753 752 754  100 100 100
3  755 753 754  100 100 100
3  755 754 756  100 100 100
3  757 755 756  100 100 100
3  757 756 758  100 100 100
3  757 758 759  100 100 100
3  760 757 759  100 100 100
3  760 759 761  100 100 100
3  762 760 761  100 100 100
3  762 761 763  100 100 100
3  764 762 763  100 100 100
3  764 763 765  100 100 100
3  766 764 765  100 100 100
3  766 765 767  100 100 100
3  768 766 767  100 100 100
3  769 768 767  100 100 100
3  769 767 770  100 100 100
3  771 769 770  100 100 100
3  771 770 772  100 100 100
3  773 771 772  100 100 100
3  773 772 774  100 100 100
3  773 774 775  100 100 100
3  776 773 775  100 100 100
3  776 775 777  100 100 100
3  778 776 777  100 100 100
3  778 777 779  100 100 100
3  780 778 779  100 100 100
3  780 779 781  100 100 100
3  782 780 781  100 100 100
3  782 781 783  100 100 100
3  784 782 783  100 100 100
3  784 783 785  100 100 100
3  784 785 786  100 100 100
3  787 784 786  100 100 100
3  787 786 788  100 100 100
3  789 787 788  100 100 100
3  789 788 790  100 100 100
3  791 789 790  100 100 100
3  791 790 792  100 100 100
3  793 791 792  100 100 100
3  793 792 794  100 100 100
3  793 794 795  100 100 100
3  796 793 795  100 100 100
3  796 795 797  100 100 100
3  798 796 797  100 100 100
3  798 797 799  100 100 100
3  800 798 799  100 100 100
3  801 800 799  100 100 100
3  801 799 802  100 100 100
3  803 801 802  100 100 100
3  803 802 804  100 100 100
3  805 803 804  100 100 100
3  806 805 804  100 100 100
3  806 804 807  100 100 100
3  808 806 807  100 100 100
3  808 807 809  100 100 100
3  698 808 809  100 100 100
3  696 698 809  255 0 0
3  810 811 812  100 100 100
3  813 810 812  100 100 100
3  813 812 814  100 100 100
3  815 813 814  100 100 100
3  815 814 816  100 100 100
3  817 815 816  100 100 100
3  817 816 818  100 100 100
3  819 817 818  100 100 100
3  819 818 820  100 100 100
3  821 819 820  100 100 100
3  821 820 822  100 100 100
3  823 821 822  100 100 100
3  823 822 824  100 100 100
3  823 824 825  100 100 100
3  826 823 825  100 100 100
3  827 826 825  64 255 255
3  828 827 825  64 255 255
3  829 828 825  64 255 255
3  830 829 825  100 100 100
3  831 830 825  100 100 100
3  832 831 825  100 100 100
3  833 832 825  100 100 100
3  833 825 834  100 100 100
3  833 834 835  100 100 100
3  833 835 836  100 100 100
3  833 836 837  100 100 100
3  833 837 838  100 100 100
3  833 838 839  100 100 100
3  833 839 840  100 100 100
3  833 840 841  100 100 100
3  811 810 842  100 100 100
3  843 811 842  100 100 100
3  843 842 844  100 100 100
3  845 843 844  100 100 100
3  845 844 846  100 100 100
3  847 845 846  100 100 100
3  847 846 848  100 100 100
3  849 847 848  100 100 100
3  849 848 850  100 100 100
3  851 849 850  100 100 100
3  851 850 852  100 100 100
3  853 851 852  100 100 100
3  853 852 854  100 100 100
3  855 853 854  100 100 100
3  855 854 856  100 100 100
3  857 855 856  100 100 100
3  857 856 858  100 100 100
3  859 857 858  100 100 100
3  859 858 860  100 100 100
3  861 859 860  100 100 100
3  861 860 862  100 100 100
3  863 861 862  100 100 100
3  863 862 864  100 100 100
3  865 863 864  100 100 100
3  865 864 866  100 100 100
3  865 866 867  100 100 100
3  868 865 867  100 100 100
3  868 867 869  100 100 100
3  870 868 869  100 100 100
3  870 869 871  100 100 100
3  872 870 871  100 100 100
3  872 871 873  100 100 100
3  874 872 873  100 100 100
3  874 873 875  100 100 100
3  876 874 875  100 100 100
3  876 875 877  100 100 100
3  878 876 877  100 100 100
3  879 878 877  100 100 100
3  879 877 880  100 100 100
3  881 879 880  100 100 100
3  881 880 882  100 100 100
3  881 882 883  100 100 100
3  884 881 883  100 100 100
3  884 883 885  100 100 100
3  886 884 885  100 100 100
3  886 885 887  100 100 100
3  886 887 888  100 100 100
3  889 886 888  100 100 100
3  889 888 890  100 100 100
3  891 889 890  100 100 100
3  891 890 892  100 100 100
3  891 892 893  100 100 100
3  891 893 894  100 100 100
3  895 891 894  100 100 100
3  895 894 896  100 100 100
3  895 896 897  100 100 100
3  898 895 897  100 100 100
3  898 897 899  100 100 100
3  898 899 900  100 100 100
3  898 900 901  100 100 100
3  902 898 901  100 100 100
3  902 901 903  100 100 100
3  902 903 904  100 100 100
3  905 902 904  100 100 100
3  905 904 906  100 100 100
3  905 906 907  100 100 100
3  905 907 908  100 100 100
3  909 905 908  100 100 100
3  909 908 910  100 100 100
3  909 910 911  100 100 100
3  912 909 911  100 100 100
3  912 911 913  100 100 100
3  912 913 914  100 100 100
3  915 912 914  100 100 100
3  915 914 916  100 100 100
3  915 916 917  100 100 100
3  918 915 917  100 100 100
3  918 917 919  100 100 100
3  918 919 920  100 100 100
3  921 918 920  100 100 100
3  921 920 922  100 100 100
3  923 921 922  100 100 100
3  923 922 924  100 100 100
3  925 923 924  100 100 100
3  925 924 926  100 100 100
3  927 925 926  100 100 100
3  927 926 928  100 100 100
3  929 927 928  100 100 100
3  929 928 930  100 100 100
3  931 929 930  100 100 100
3  931 930 932  100 100 100
3  933 931 932  100 100 100
3  933 932 934  100 100 100
3  841 933 934  100 100 100
3  841 934 935  100 100 100
3  833 841 935  100 100 100
3  936 937 259  100 100 100
3  259 258 936  100 100 100
3  937 938 260  100 100 100
3  260 259 937  100 100 100
3  938 939 370  100 100 100
3  370 260 938  100 100 100
3  939 940 368  100 100 100
3  368 370 939  100 100 100
3  940 941 367  100 100 100
3  367 368 940  100 100 100
3  941 942 365  100 100 100
3  365 367 941  100 100 100
3  942 943 363  100 100 100
3  363 365 942  100 100 100
3  943 944 362  100 100 100
3  362 363 943  100 100 100
3  944 945 360  100 100 100
3  360 362 944  100 100 100
3  945 946 358  100 100 100
3  358 360 945  100 100 100
3  946 947 355  100 100 100
3  355 358 946  100 100 100
3  947 948 353  100 100 100
3  353 355 947  100 100 100
3  948 949 351  100 100 100
3  351 353 948  100 100 100
3  949 950 349  100 100 100
3  349 351 949  100 100 100
3  950 951 346  100 100 100
3  346 349 950  100 100 100
3  951 952 344  100 100 100
3  344 346 951  100 100 100
3  952 953 342  100 100 100
3  342 344 952  100 100 100
3  953 954 340  100 100 100
3  340 342 953  100 100 100
3  954 955 338  100 100 100
3  338 340 954  100 100 100
3  955 956 335  100 100 100
3  335 338 955  100 100 100
3  956 957 333  100 100 100
3  333 335 956  100 100 100
3  957 958 331  100 100 100
3  331 333 957  100 100 100
3  958 959 330  100 100 100
3  330 331 958  100 100 100
3  959 960 328  100 100 100
3  328 330 959  100 100 100
3  960 961 326  100 100 100
3  326 328 960  100 100 100
3  961 962 324  100 100 100
3  324 326 961  100 100 100
3  962 963 322  100 100 100
3  322 324 962  100 100 100
3  963 964 319  100 100 100
3  319 322 963  100 100 100
3  964 965 317  100 100 100
3  317 319 964  100 100 100
3  965 966 315  100 100 100
3  315 317 965  100 100 100
3  966 967 313  100 100 100
3  313 315 966  100 100 100
3  967 968 312  100 100 100
3  312 313 967  100 100 100
3  968 969 310  100 100 100
3  310 312 968  100 100 100
3  969 970 308  100 100 100
3  308 310 969  100 100 100
3  970 971 306  100 100 100
3  306 308 970  100 100 100
3  971 972 303  100 100 100
3  303 306 971  100 100 100
3  972 973 301  100 100 100
3  301 303 972  100 100 100
3  973 974 299  100 100 100
3  299 301 973  100 100 100
3  974 975 297  100 100 100
3  297 299 974  100 100 100
3  975 976 295  100 100 100
3  295 297 975  100 100 100
3  976 977 293  100 100 100
3  293 295 976  100 100 100
3  977 978 291  100 100 100
3  291 293 977  100 100 100
3  978 979 289  100 100 100
3  289 291 978  100 100 100
3  979 980 287  100 100 100
3  287 289 979  100 100 100
3  980 981 285  100 100 100
3  285 287 980  100 100 100
3  981 982 283  100 100 100
3  283 285 981  100 100 100
3  982 983 281  100 100 100
3  281 283 982  100 100 100
3  983 984 279  100 100 100
3  279 281 983  100 100 100
3  984 985 277  100 100 100
3  277 279 984  100 100 100
3  985 986 275  100 100 100
3  275 277 985  100 100 100
3  986 987 273  100 100 100
3  273 275 986  100 100 100
3  987 988 272  100 100 100
3  272 273 987  100 100 100
3  988 989 270  100 100 100
3  270 272 988  100 100 100
3  989 990 268  100 100 100
3  268 270 989  100 100 100
3  990 991 266  100 100 100
3  266 268 990  100 100 100
3  991 992 264  100 100 100
3  264 266 991  100 100 100
3  992 993 261  100 100 100
3  261 264 992  100 100 100
3  993 994 262  100 100 100
3  262 261 993  100 100 100
3  994 995 263  100 100 100
3  263 262 994  100 100 100
3  995 996 265  100 100 100
3  265 263 995  100 100 100
3  996 997 267  100 100 100
3  267 265 996  100 100 100
3  997 998 269  100 100 100
3  269 267 997  100 100 100
3  998 999 271  100 100 100
3  271 269 998  100 100 100
3  999 1000 274  100 100 100
3  274 271 999  100 100 100
3  1000 1001 276  100 100 100
3  276 274 1000  100 100 100
3  1001 1002 278  100 100 100
3  278 276 1001  100 100 100
3  1002 1003 280  100 100 100
3  280 278 1002  100 100 100
3  1003 1004 282  100 100 100
3  282 280 1003  100 100 100
3  1004 1005 284  100 100 100
3  284 282 1004  100 100 100
3  1005 1006 286  100 100 100
3  286 284 1005  100 100 100
3  1006 1007 288  100 100 100
3  288 286 1006  100 100 100
3  1007 1008 290  100 100 100
3  290 288 1007  100 100 100
3  1008 1009 292  100 100 100
3  292 290 1008  100 100 100
3  1009 1010 294  100 100 100
3  294 292 1009  100 100 100
3  1010 1011 296  100 100 100
3  296 294 1010  100 100 100
3  1011 1012 298  100 100 100
3  298 296 1011  100 100 100
3  1012 1013 300  100 100 100
3  300 298 1012  100 100 100
3  1013 1014 302  100 100 100
3  302 300 1013  100 100 100
3  1014 1015 304  100 100 100
3  304 302 1014  100 100 100
3  1015 1016 305  100 100 100
3  305 304 1015  100 100 100
3  1016 1017 307  100 100 100
3  307 305 1016  100 100 100
3  1017 1018 309  100 100 100
3  309 307 1017  100 100 100
3  1018 1019 311  100 100 100
3  311 309 1018  100 100 100
3  1019 1020 314  100 100 100
3  314 311 1019  100 100 100
3  1020 1021 316  100 100 100
3  316 314 1020  100 100 100
3  1021 1022 318  100 100 100
3  318 316 1021  100 100 100
3  1022 1023 320  100 100 100
3  320 318 1022  100 100 100
3  1023 1024 321  100 100 100
3  321 320 1023  100 100 100
3  1024 1025 323  100 100 100
3  323 321 1024  100 100 100
3  1025 1026 325  100 100 100
3  325 323 1025  100 100 100
3  1026 1027 327  100 100 100
3  327 325 1026  100 100 100
3  1027 1028 329  100 100 100
3  329 327 1027  100 100 100
3  1028 1029 332  100 100 100
3  332 329 1028  100 100 100
3  1029 1030 334  100 100 100
3  334 332 1029  100 100 100
3  1030 1031 336  100 100 100
3  336 334 1030  100 100 100
3  1031 1032 337  100 100 100
3  337 336 1031  100 100 100
3  1032 1033 339  100 100 100
3  339 337 1032  100 100 100
3  1033 1034 341  100 100 100
3  341 339 1033  100 100 100
3  1034 1035 343  100 100 100
3  343 341 1034  100 100 100
3  1035 1036 345  100 100 100
3  345 343 1035  100 100 100
3  1036 1037 347  100 100 100
3  347 345 1036  100 100 100
3  1037 1038 348  100 100 100
3  348 347 1037  100 100 100
3  1038 1039 350  100 100 100
3  350 348 1038  100 100 100
3  1039 1040 352  100 100 100
3  352 350 1039  100 100 100
3  1040 1041 354  100 100 100
3  354 352 1040  100 100 100
3  1041 1042 356  100 100 100
3  356 354 1041  100 100 100
3  1042 1043 357  100 100 100
3  357 356 1042  100 100 100
3  1043 1044 359  100 100 100
3  359 357 1043  100 100 100
3  1044 1045 361  100 100 100
3  361 359 1044  100 100 100
3  1045 1046 364  100 100 100
3  364 361 1045  100 100 100
3  1046 1047 366  100 100 100
3  366 364 1046  100 100 100
3  1047 1048 369  100 100 100
3  369 366 1047  100 100 100
3  1048 1049 371  100 100 100
3  371 369 1048  100 100 100
3  1049 936 258  100 100 100
3  258 371 1049  100 100 100
3  1050 1051 396  100 100 100
3  396 387 1050  100 100 100
3  1051 1052 397  100 100 100
3  397 396 1051  100 100 100
3  1052 1053 398  100 100 100
3  398 397 1052  100 100 100
3  1053 1054 399  100 100 100
3  399 398 1053  100 100 100
3  1054 1055 400  100 100 100
3  400 399 1054  100 100 100
3  1055 1056 401  100 100 100
3  401 400 1055  100 100 100
3  1056 1057 402  100 100 100
3  402 401 1056  100 100 100
3  1057 1058 403  100 100 100
3  403 402 1057  100 100 100
3  1058 1059 495  100 100 100
3  495 403 1058  100 100 100
3  1059 1060 493  100 100 100
3  493 495 1059  100 100 100
3  1060 1061 491  100 100 100
3  491 493 1060  100 100 100
3  1061 1062 489  100 100 100
3  489 491 1061  100 100 100
3  1062 1063 487  100 100 100
3  487 489 1062  100 100 100
3  1063 1064 485  100 100 100
3  485 487 1063  100 100 100
3  1064 1065 483  100 100 100
3  483 485 1064  100 100 100
3  1065 1066 480  100 100 100
3  480 483 1065  100 100 100
3  1066 1067 477  100 100 100
3  477 480 1066  100 100 100
3  1067 1068 474  100 100 100
3  474 477 1067  100 100 100
3  1068 1069 471  100 100 100
3  471 474 1068  100 100 100
3  1069 1070 467  100 100 100
3  467 471 1069  100 100 100
3  1070 1071 464  100 100 100
3  464 467 1070  100 100 100
3  1071 1072 460  100 100 100
3  460 464 1071  100 100 100
3  1072 1073 457  100 100 100
3  457 460 1072  100 100 100
3  1073 1074 453  100 100 100
3  453 457 1073  100 100 100
3  1074 1075 451  100 100 100
3  451 453 1074  100 100 100
3  1075 1076 448  100 100 100
3  448 451 1075  100 100 100
3  1076 1077 446  100 100 100
3  446 448 1076  100 100 100
3  1077 1078 443  100 100 100
3  443 446 1077  100 100 100
3  1078 1079 441  100 100 100
3  441 443 1078  100 100 100
3  1079 1080 440  100 100 100
3  440 441 1079  100 100 100
3  1080 1081 438  100 100 100
3  438 440 1080  100 100 100
3  1081 1082 436  100 100 100
3  436 438 1081  100 100 100
3  1082 1083 434  100 100 100
3  434 436 1082  100 100 100
3  1083 1084 432  100 100 100
3  432 434 1083  100 100 100
3  1084 1085 430  100 100 100
3  430 432 1084  100 100 100
3  1085 1086 427  100 100 100
3  427 430 1085  100 100 100
3  1086 1087 425  100 100 100
3  425 427 1086  100 100 100
3  1087 1088 423  100 100 100
3  423 425 1087  100 100 100
3  1088 1089 421  100 100 100
3  421 423 1088  100 100 100
3  1089 1090 419  100 100 100
3  419 421 1089  100 100 100
3  1090 1091 417  100 100 100
3  417 419 1090  100 100 100
3  1091 1092 415  100 100 100
3  415 417 1091  100 100 100
3  1092 1093 413  100 100 100
3  413 415 1092  100 100 100
3  1093 1094 411  100 100 100
3  411 413 1093  100 100 100
3  1094 1095 409  100 100 100
3  409 411 1094  100 100 100
3  1095 1096 407  100 100 100
3  407 409 1095  100 100 100
3  1096 1097 405  100 100 100
3  405 407 1096  100 100 100
3  1097 1098 373  100 100 100
3  373 405 1097  100 100 100
3  1098 1099 374  100 100 100
3  374 373 1098  100 100 100
3  1099 1100 376  100 100 100
3  376 374 1099  100 100 100
3  1100 1101 378  100 100 100
3  378 376 1100  100 100 100
3  1101 1102 380  100 100 100
3  380 378 1101  100 100 100
3  1102 1103 382  100 100 100
3  382 380 1102  100 100 100
3  1103 1104 384  100 100 100
3  384 382 1103  100 100 100
3  1104 1105 386  100 100 100
3  386 384 1104  100 100 100
3  1105 1050 387  100 100 100
3  387 386 1105  100 100 100
3  1106 1107 394  100 100 100
3  394 395 1106  100 100 100
3  1107 1108 393  100 100 100
3  393 394 1107  100 100 100
3  1108 1109 392  100 100 100
3  392 393 1108  100 100 100
3  1109 1110 391  100 100 100
3  391 392 1109  100 100 100
3  1110 1111 390  100 100 100
3  390 391 1110  100 100 100
3  1111 1112 389  100 100 100
3  389 390 1111  100 100 100
3  1112 1113 388  0 128 64
3  388 389 1112  0 128 64
3  1113 1114 385  0 128 64
3  385 388 1113  0 128 64
3  1114 1115 383  100 100 100
3  383 385 1114  100 100 100
3  1115 1116 381  100 100 100
3  381 383 1115  100 100 100
3  1116 1117 379  100 100 100
3  379 381 1116  100 100 100
3  1117 1118 377  100 100 100
3  377 379 1117  100 100 100
3  1118 1119 375  100 100 100
3  375 377 1118  100 100 100
3  1119 1120 372  100 100 100
3  372 375 1119  100 100 100
3  1120 1121 404  100 100 100
3  404 372 1120  100 100 100
3  1121 1122 406  100 100 100
3  406 404 1121  100 100 100
3  1122 1123 408  100 100 100
3  408 406 1122  100 100 100
3  1123 1124 410  100 100 100
3  410 408 1123  100 100 100
3  1124 1125 412  100 100 100
3  412 410 1124  100 100 100
3  1125 1126 414  100 100 100
3  414 412 1125  100 100 100
3  1126 1127 416  100 100 100
3  416 414 1126  100 100 100
3  1127 1128 418  100 100 100
3  418 416 1127  100 100 100
3  1128 1129 420  100 100 100
3  420 418 1128  100 100 100
3  1129 1130 422  100 100 100
3  422 420 1129  100 100 100
3  1130 1131 424  100 100 100
3  424 422 1130  100 100 100
3  1131 1132 426  100 100 100
3  426 424 1131  100 100 100
3  1132 1133 428  100 100 100
3  428 426 1132  100 100 100
3  1133 1134 429  100 100 100
3  429 428 1133  100 100 100
3  1134 1135 431  100 100 100
3  431 429 1134  100 100 100
3  1135 1136 433  100 100 100
3  433 431 1135  100 100 100
3  1136 1137 435  100 100 100
3  435 433 1136  100 100 100
3  1137 1138 437  100 100 100
3  437 435 1137  100 100 100
3  1138 1139 439  100 100 100
3  439 437 1138  100 100 100
3  1139 1140 442  100 100 100
3  442 439 1139  100 100 100
3  1140 1141 444  100 100 100
3  444 442 1140  100 100 100
3  1141 1142 445  100 100 100
3  445 444 1141  100 100 100
3  1142 1143 447  100 100 100
3  447 445 1142  100 100 100
3  1143 1144 449  100 100 100
3  449 447 1143  100 100 100
3  1144 1145 450  100 100 100
3  450 449 1144  100 100 100
3  1145 1146 452  100 100 100
3  452 450 1145  100 100 100
3  1146 1147 454  100 100 100
3  454 452 1146  100 100 100
3  1147 1148 455  100 100 100
3  455 454 1147  100 100 100
3  1148 1149 456  100 100 100
3  456 455 1148  100 100 100
3  1149 1150 458  100 100 100
3  458 456 1149  100 100 100
3  1150 1151 459  100 100 100
3  459 458 1150  100 100 100
3  1151 1152 461  100 100 100
3  461 459 1151  100 100 100
3  1152 1153 462  100 100 100
3  462 461 1152  100 100 100
3  1153 1154 463  100 100 100
3  463 462 1153  100 100 100
3  1154 1155 465  100 100 100
3  465 463 1154  100 100 100
3  1155 1156 466  100 100 100
3  466 465 1155  100 100 100
3  1156 1157 468  100 100 100
3  468 466 1156  100 100 100
3  1157 1158 469  100 100 100
3  469 468 1157  100 100 100
3  1158 1159 470  100 100 100
3  470 469 1158  100 100 100
3  1159 1160 472  100 100 100
3  472 470 1159  100 100 100
3  1160 1161 473  100 100 100
3  473 472 1160  100 100 100
3  1161 1162 475  100 100 100
3  475 473 1161  100 100 100
3  1162 1163 476  100 100 100
3  476 475 1162  100 100 100
3  1163 1164 478  100 100 100
3  478 476 1163  100 100 100
3  1164 1165 479  100 100 100
3  479 478 1164  100 100 100
3  1165 1166 481  100 100 100
3  481 479 1165  100 100 100
3  1166 1167 482  100 100 100
3  482 481 1166  100 100 100
3  1167 1168 484  100 100 100
3  484 482 1167  100 100 100
3  1168 1169 486  100 100 100
3  486 484 1168  100 100 100
3  1169 1170 488  100 100 100
3  488 486 1169  100 100 100
3  1170 1171 490  100 100 100
3  490 488 1170  100 100 100
3  1171 1172 492  100 100 100
3  492 490 1171  100 100 100
3  1172 1173 494  100 100 100
3  494 492 1172  100 100 100
3  1173 1174 496  100 100 100
3  496 494 1173  100 100 100
3  1174 1175 497  100 100 100
3  497 496 1174  100 100 100
3  1175 1106 395  100 100 100
3  395 497 1175  100 100 100
3  1176 1177 502  100 100 100
3  502 501 1176  100 100 100
3  1177 1178 503  100 100 100
3  503 502 1177  100 100 100
3  1178 1179 505  100 100 100
3  505 503 1178  100 100 100
3  1179 1180 507  100 100 100
3  507 505 1179  100 100 100
3  1180 1181 509  100 100 100
3  509 507 1180  100 100 100
3  1181 1182 511  100 100 100
3  511 509 1181  100 100 100
3  1182 1183 513  100 100 100
3  513 511 1182  100 100 100
3  1183 1184 515  100 100 100
3  515 513 1183  100 100 100
3  1184 1185 516  100 100 100
3  516 515 1184  100 100 100
3  1185 1186 518  100 100 100
3  518 516 1185  100 100 100
3  1186 1187 520  100 100 100
3  520 518 1186  100 100 100
3  1187 1188 522  100 100 100
3  522 520 1187  100 100 100
3  1188 1189 524  100 100 100
3  524 522 1188  100 100 100
3  1189 1190 526  0 128 64
3  526 524 1189  0 128 64
3  1190 1191 529  0 128 64
3  529 526 1190  0 128 64
3  1191 1192 531  0 128 64
3  531 529 1191  0 128 64
3  1192 1193 533  0 128 64
3  533 531 1192  0 128 64
3  1193 1194 535  0 128 64
3  535 533 1193  0 128 64
3  1194 1195 537  100 100 100
3  537 535 1194  100 100 100
3  1195 1196 539  100 100 100
3  539 537 1195  100 100 100
3  1196 1197 541  100 100 100
3  541 539 1196  100 100 100
3  1197 1198 543  100 100 100
3  543 541 1197  100 100 100
3  1198 1199 544  100 100 100
3  544 543 1198  100 100 100
3  1199 1200 546  100 100 100
3  546 544 1199  100 100 100
3  1200 1201 548  100 100 100
3  548 546 1200  100 100 100
3  1201 1202 549  100 100 100
3  549 548 1201  100 100 100
3  1202 1203 551  100 100 100
3  551 549 1202  100 100 100
3  1203 1204 552  100 100 100
3  552 551 1203  100 100 100
3  1204 1205 554  100 100 100
3  554 552 1204  100 100 100
3  1205 1206 555  100 100 100
3  555 554 1205  100 100 100
3  1206 1207 557  100 100 100
3  557 555 1206  100 100 100
3  1207 1208 559  100 100 100
3  559 557 1207  100 100 100
3  1208 1209 560  100 100 100
3  560 559 1208  100 100 100
3  1209 1210 562  100 100 100
3  562 560 1209  100 100 100
3  1210 1211 563  100 100 100
3  563 562 1210  100 100 100
3  1211 1212 565  100 100 100
3  565 563 1211  100 100 100
3  1212 1213 567  100 100 100
3  567 565 1212  100 100 100
3  1213 1214 569  100 100 100
3  569 567 1213  100 100 100
3  1214 1215 571  100 100 100
3  571 569 1214  100 100 100
3  1215 1216 573  100 100 100
3  573 571 1215  100 100 100
3  1216 1217 574  100 100 100
3  574 573 1216  100 100 100
3  1217 1218 576  100 100 100
3  576 574 1217  100 100 100
3  1218 1219 578  100 100 100
3  578 576 1218  100 100 100
3  1219 1220 579  100 100 100
3  579 578 1219  100 100 100
3  1220 1221 581  100 100 100
3  581 579 1220  100 100 100
3  1221 1222 583  100 100 100
3  583 581 1221  100 100 100
3  1222 1223 584  100 100 100
3  584 583 1222  100 100 100
3  1223 1224 586  100 100 100
3  586 584 1223  100 100 100
3  1224 1225 588  100 100 100
3  588 586 1224  100 100 100
3  1225 1226 589  100 100 100
3  589 588 1225  100 100 100
3  1226 1227 591  100 100 100
3  591 589 1226  100 100 100
3  1227 1228 593  100 100 100
3  593 591 1227  100 100 100
3  1228 1229 596  100 100 100
3  596 593 1228  100 100 100
3  1229 1230 598  100 100 100
3  598 596 1229  100 100 100
3  1230 1231 601  100 100 100
3  601 598 1230  100 100 100
3  1231 1232 603  100 100 100
3  603 601 1231  100 100 100
3  1232 1233 605  100 100 100
3  605 603 1232  100 100 100
3  1233 1234 607  100 100 100
3  607 605 1233  100 100 100
3  1234 1235 609  100 100 100
3  609 607 1234  100 100 100
3  1235 1236 611  100 100 100
3  611 609 1235  100 100 100
3  1236 1237 613  100 100 100
3  613 611 1236  100 100 100
3  1237 1238 615  100 100 100
3  615 613 1237  100 100 100
3  1238 1239 617  100 100 100
3  617 615 1238  100 100 100
3  1239 1240 620  100 100 100
3  620 617 1239  100 100 100
3  1240 1241 622  100 100 100
3  622 620 1240  100 100 100
3  1241 1242 624  100 100 100
3  624 622 1241  100 100 100
3  1242 1243 626  100 100 100
3  626 624 1242  100 100 100
3  1243 1244 628  100 100 100
3  628 626 1243  100 100 100
3  1244 1245 630  100 100 100
3  630 628 1244  100 100 100
3  1245 1246 633  100 100 100
3  633 630 1245  100 100 100
3  1246 1247 635  100 100 100
3  635 633 1246  100 100 100
3  1247 1248 637  100 100 100
3  637 635 1247  100 100 100
3  1248 1249 640  100 100 100
3  640 637 1248  100 100 100
3  1249 1250 643  100 100 100
3  643 640 1249  100 100 100
3  1250 1251 645  100 100 100
3  645 643 1250  100 100 100
3  1251 1252 648  100 100 100
3  648 645 1251  100 100 100
3  1252 1253 651  100 100 100
3  651 648 1252  100 100 100
3  1253 1254 653  100 100 100
3  653 651 1253  100 100 100
3  1254 1255 656  100 100 100
3  656 653 1254  100 100 100
3  1255 1256 658  100 100 100
3  658 656 1255  100 100 100
3  1256 1257 661  100 100 100
3  661 658 1256  100 100 100
3  1257 1258 663  100 100 100
3  663 661 1257  100 100 100
3  1258 1259 665  100 100 100
3  665 663 1258  100 100 100
3  1259 1260 667  100 100 100
3  667 665 1259  100 100 100
3  1260 1261 669  100 100 100
3  669 667 1260  100 100 100
3  1261 1262 671  100 100 100
3  671 669 1261  100 100 100
3  1262 1263 673  100 100 100
3  673 671 1262  100 100 100
3  1263 1264 674  100 100 100
3  674 673 1263  100 100 100
3  1264 1265 676  100 100 100
3  676 674 1264  100 100 100
3  1265 1266 678  100 100 100
3  678 676 1265  100 100 100
3  1266 1267 679  100 100 100
3  679 678 1266  100 100 100
3  1267 1268 681  100 100 100
3  681 679 1267  100 100 100
3  1268 1269 683  100 100 100
3  683 681 1268  100 100 100
3  1269 1270 685  100 100 100
3  685 683 1269  100 100 100
3  1270 1271 688  100 100 100
3  688 685 1270  100 100 100
3  1271 1272 690  100 100 100
3  690 688 1271  100 100 100
3  1272 1273 692  100 100 100
3  692 690 1272  100 100 100
3  1273 1274 695  100 100 100
3  695 692 1273  100 100 100
3  1274 1275 498  100 100 100
3  498 695 1274  100 100 100
3  1275 1276 499  100 100 100
3  499 498 1275  100 100 100
3  1276 1277 500  100 100 100
3  500 499 1276  100 100 100
3  1277 1278 694  100 100 100
3  694 500 1277  100 100 100
3  1278 1279 693  100 100 100
3  693 694 1278  100 100 100
3  1279 1280 691  100 100 100
3  691 693 1279  100 100 100
3  1280 1281 689  100 100 100
3  689 691 1280  100 100 100
3  1281 1282 687  100 100 100
3  687 689 1281  100 100 100
3  1282 1283 686  100 100 100
3  686 687 1282  100 100 100
3  1283 1284 684  100 100 100
3  684 686 1283  100 100 100
3  1284 1285 682  100 100 100
3  682 684 1284  100 100 100
3  1285 1286 680  100 100 100
3  680 682 1285  100 100 100
3  1286 1287 677  100 100 100
3  677 680 1286  100 100 100
3  1287 1288 675  100 100 100
3  675 677 1287  100 100 100
3  1288 1289 672  100 100 100
3  672 675 1288  100 100 100
3  1289 1290 670  100 100 100
3  670 672 1289  100 100 100
3  1290 1291 668  100 100 100
3  668 670 1290  100 100 100
3  1291 1292 666  100 100 100
3  666 668 1291  100 100 100
3  1292 1293 664  100 100 100
3  664 666 1292  100 100 100
3  1293 1294 662  100 100 100
3  662 664 1293  100 100 100
3  1294 1295 660  100 100 100
3  660 662 1294  100 100 100
3  1295 1296 659  100 100 100
3  659 660 1295  100 100 100
3  1296 1297 657  100 100 100
3  657 659 1296  100 100 100
3  1297 1298 655  100 100 100
3  655 657 1297  100 100 100
3  1298 1299 654  100 100 100
3  654 655 1298  100 100 100
3  1299 1300 652  100 100 100
3  652 654 1299  100 100 100
3  1300 1301 650  100 100 100
3  650 652 1300  100 100 100
3  1301 1302 649  100 100 100
3  649 650 1301  100 100 100
3  1302 1303 647  100 100 100
3  647 649 1302  100 100 100
3  1303 1304 646  100 100 100
3  646 647 1303  100 100 100
3  1304 1305 644  100 100 100
3  644 646 1304  100 100 100
3  1305 1306 642  100 100 100
3  642 644 1305  100 100 100
3  1306 1307 641  100 100 100
3  641 642 1306  100 100 100
3  1307 1308 639  100 100 100
3  639 641 1307  100 100 100
3  1308 1309 638  100 100 100
3  638 639 1308  100 100 100
3  1309 1310 636  100 100 100
3  636 638 1309  100 100 100
3  1310 1311 634  100 100 100
3  634 636 1310  100 100 100
3  1311 1312 632  100 100 100
3  632 634 1311  100 100 100
3  1312 1313 631  100 100 100
3  631 632 1312  100 100 100
3  1313 1314 629  100 100 100
3  629 631 1313  100 100 100
3  1314 1315 627  100 100 100
3  627 629 1314  100 100 100
3  1315 1316 625  100 100 100
3  625 627 1315  100 100 100
3  1316 1317 623  100 100 100
3  623 625 1316  100 100 100
3  1317 1318 621  100 100 100
3  621 623 1317  100 100 100
3  1318 1319 619  100 100 100
3  619 621 1318  100 100 100
3  1319 1320 618  100 100 100
3  618 619 1319  100 100 100
3  1320 1321 616  100 100 100
3  616 618 1320  100 100 100
3  1321 1322 614  100 100 100
3  614 616 1321  100 100 100
3  1322 1323 612  100 100 100
3  612 614 1322  100 100 100
3  1323 1324 610  100 100 100
3  610 612 1323  100 100 100
3  1324 1325 608  100 100 100
3  608 610 1324  100 100 100
3  1325 1326 606  100 100 100
3  606 608 1325  100 100 100
3  1326 1327 604  100 100 100
3  604 606 1326  100 100 100
3  1327 1328 602  100 100 100
3  602 604 1327  100 100 100
3  1328 1329 600  100 100 100
3  600 602 1328  100 100 100
3  1329 1330 599  100 100 100
3  599 600 1329  100 100 100
3  1330 1331 597  100 100 100
3  597 599 1330  100 100 100
3  1331 1332 595  100 100 100
3  595 597 1331  100 100 100
3  1332 1333 594  100 100 100
3  594 595 1332  100 100 100
3  1333 1334 592  100 100 100
3  592 594 1333  100 100 100
3  1334 1335 590  100 100 100
3  590 592 1334  100 100 100
3  1335 1336 587  100 100 100
3  587 590 1335  100 100 100
3  1336 1337 585  100 100 100
3  585 587 1336  100 100 100
3  1337 1338 582  100 100 100
3  582 585 1337  100 100 100
3  1338 1339 580  100 100 100
3  580 582 1338  100 100 100
3  1339 1340 577  100 100 100
3  577 580 1339  100 100 100
3  1340 1341 575  100 100 100
3  575 577 1340  100 100 100
3  1341 1342 572  100 100 100
3  572 575 1341  100 100 100
3  1342 1343 570  100 100 100
3  570 572 1342  100 100 100
3  1343 1344 568  100 100 100
3  568 570 1343  100 100 100
3  1344 1345 566  100 100 100
3  566 568 1344  100 100 100
3  1345 1346 564  100 100 100
3  564 566 1345  100 100 100
3  1346 1347 561  100 100 100
3  561 564 1346  100 100 100
3  1347 1348 558  100 100 100
3  558 561 1347  100 100 100
3  1348 1349 556  100 100 100
3  556 558 1348  100 100 100
3  1349 1350 553  100 100 100
3  553 556 1349  100 100 100
3  1350 1351 550  100 100 100
3  550 553 1350  100 100 100
3  1351 1352 547  100 100 100
3  547 550 1351  100 100 100
3  1352 1353 545  100 100 100
3  545 547 1352  100 100 100
3  1353 1354 542  100 100 100
3  542 545 1353  100 100 100
3  1354 1355 540  100 100 100
3  540 542 1354  100 100 100
3  1355 1356 538  100 100 100
3  538 540 1355  100 100 100
3  1356 1357 536  100 100 100
3  536 538 1356  100 100 100
3  1357 1358 534  100 100 100
3  534 536 1357  100 100 100
3  1358 1359 532  100 100 100
3  532 534 1358  100 100 100
3  1359 1360 530  100 100 100
3  530 532 1359  100 100 100
3  1360 1361 528  100 100 100
3  528 530 1360  100 100 100
3  1361 1362 527  100 100 100
3  527 528 1361  100 100 100
3  1362 1363 525  100 100 100
3  525 527 1362  100 100 100
3  1363 1364 523  100 100 100
3  523 525 1363  100 100 100
3  1364 1365 521  100 100 100
3  521 523 1364  100 100 100
3  1365 1366 519  100 100 100
3  519 521 1365  100 100 100
3  1366 1367 517  100 100 100
3  517 519 1366  100 100 100
3  1367 1368 514  100 100 100
3  514 517 1367  100 100 100
3  1368 1369 512  100 100 100
3  512 514 1368  100 100 100
3  1369 1370 510  100 100 100
3  510 512 1369  100 100 100
3  1370 1371 508  100 100 100
3  508 510 1370  100 100 100
3  1371 1372 506  100 100 100
3  506 508 1371  100 100 100
3  1372 1373 504  100 100 100
3  504 506 1372  100 100 100
3  1373 1176 501  100 100 100
3  501 504 1373  100 100 100
3  1374 1375 697  100 100 100
3  697 696 1374  100 100 100
3  1375 1376 698  100 100 100
3  698 697 1375  100 100 100
3  1376 1377 808  100 100 100
3  808 698 1376  100 100 100
3  1377 1378 806  100 100 100
3  806 808 1377  100 100 100
3  1378 1379 805  100 100 100
3  805 806 1378  100 100 100
3  1379 1380 803  100 100 100
3  803 805 1379  100 100 100
3  1380 1381 801  100 100 100
3  801 803 1380  100 100 100
3  1381 1382 800  100 100 100
3  800 801 1381  100 100 100
3  1382 1383 798  100 100 100
3  798 800 1382  100 100 100
3  1383 1384 796  100 100 100
3  796 798 1383  100 100 100
3  1384 1385 793  100 100 100
3  793 796 1384  100 100 100
3  1385 1386 791  100 100 100
3  791 793 1385  100 100 100
3  1386 1387 789  100 100 100
3  789 791 1386  100 100 100
3  1387 1388 787  100 100 100
3  787 789 1387  100 100 100
3  1388 1389 784  100 100 100
3  784 787 1388  100 100 100
3  1389 1390 782  100 100 100
3  782 784 1389  100 100 100
3  1390 1391 780  100 100 100
3  780 782 1390  100 100 100
3  1391 1392 778  100 100 100
3  778 780 1391  100 100 100
3  1392 1393 776  100 100 100
3  776 778 1392  100 100 100
3  1393 1394 773  100 100 100
3  773 776 1393  100 100 100
3  1394 1395 771  100 100 100
3  771 773 1394  100 100 100
3  1395 1396 769  100 100 100
3  769 771 1395  100 100 100
3  1396 1397 768  100 100 100
3  768 769 1396  100 100 100
3  1397 1398 766  100 100 100
3  766 768 1397  100 100 100
3  1398 1399 764  100 100 100
3  764 766 1398  100 100 100
3  1399 1400 762  100 100 100
3  762 764 1399  100 100 100
3  1400 1401 760  100 100 100
3  760 762 1400  100 100 100
3  1401 1402 757  100 100 100
3  757 760 1401  100 100 100
3  1402 1403 755  100 100 100
3  755 757 1402  100 100 100
3  1403 1404 753  100 100 100
3  753 755 1403  100 100 100
3  1404 1405 751  100 100 100
3  751 753 1404  100 100 100
3  1405 1406 750  100 100 100
3  750 751 1405  100 100 100
3  1406 1407 748  100 100 100
3  748 750 1406  100 100 100
3  1407 1408 746  100 100 100
3  746 748 1407  100 100 100
3  1408 1409 744  100 100 100
3  744 746 1408  100 100 100
3  1409 1410 741  100 100 100
3  741 744 1409  100 100 100
3  1410 1411 739  100 100 100
3  739 741 1410  100 100 100
3  1411 1412 737  100 100 100
3  737 739 1411  100 100 100
3  1412 1413 735  100 100 100
3  735 737 1412  100 100 100
3  1413 1414 733  100 100 100
3  733 735 1413  100 100 100
3  1414 1415 731  100 100 100
3  731 733 1414  100 100 100
3  1415 1416 729  100 100 100
3  729 731 1415  100 100 100
3  1416 1417 727  0 128 64
3  727 729 1416  0 128 64
3  1417 1418 725  0 128 64
3  725 727 1417  0 128 64
3  1418 1419 723  100 100 100
3  723 725 1418  100 100 100
3  1419 1420 721  100 100 100
3  721 723 1419  100 100 100
3  1420 1421 719  100 100 100
3  719 721 1420  100 100 100
3  1421 1422 717  100 100 100
3  717 719 1421  100 100 100
3  1422 1423 715  100 100 100
3  715 717 1422  100 100 100
3  1423 1424 713  100 100 100
3  713 715 1423  100 100 100
3  1424 1425 711  100 100 100
3  711 713 1424  100 100 100
3  1425 1426 710  100 100 100
3  710 711 1425  100 100 100
3  1426 1427 708  100 100 100
3  708 710 1426  100 100 100
3  1427 1428 706  100 100 100
3  706 708 1427  100 100 100
3  1428 1429 704  100 100 100
3  704 706 1428  100 100 100
3  1429 1430 702  100 100 100
3  702 704 1429  100 100 100
3  1430 1431 699  100 100 100
3  699 702 1430  100 100 100
3  1431 1432 700  100 100 100
3  700 699 1431  100 100 100
3  1432 1433 701  100 100 100
3  701 700 1432  100 100 100
3  1433 1434 703  100 100 100
3  703 701 1433  100 100 100
3  1434 1435 705  100 100 100
3  705 703 1434  100 100 100
3  1435 1436 707  100 100 100
3  707 705 1435  100 100 100
3  1436 1437 709  100 100 100
3  709 707 1436  100 100 100
3  1437 1438 712  100 100 100
3  712 709 1437  100 100 100
3  1438 1439 714  100 100 100
3  714 712 1438  100 100 100
3  1439 1440 716  100 100 100
3  716 714 1439  100 100 100
3  1440 1441 718  100 100 100
3  718 716 1440  100 100 100
3  1441 1442 720  100 100 100
3  720 718 1441  100 100 100
3  1442 1443 722  100 100 100
3  722 720 1442  100 100 100
3  1443 1444 724  100 100 100
3  724 722 1443  100 100 100
3  1444 1445 726  100 100 100
3  726 724 1444  100 100 100
3  1445 1446 728  100 100 100
3  728 726 1445  100 100 100
3  1446 1447 730  100 100 100
3  730 728 1446  100 100 100
3  1447 1448 732  100 100 100
3  732 730 1447  100 100 100
3  1448 1449 734  100 100 100
3  734 732 1448  100 100 100
3  1449 1450 736  100 100 100
3  736 734 1449  100 100 100
3  1450 1451 738  100 100 100
3  738 736 1450  100 100 100
3  1451 1452 740  100 100 100
3  740 738 1451  100 100 100
3  1452 1453 742  100 100 100
3  742 740 1452  100 100 100
3  1453 1454 743  100 100 100
3  743 742 1453  100 100 100
3  1454 1455 745  100 100 100
3  745 743 1454  100 100 100
3  1455 1456 747  100 100 100
3  747 745 1455  100 100 100
3  1456 1457 749  100 100 100
3  749 747 1456  100 100 100
3  1457 1458 752  100 100 100
3  752 749 1457  100 100 100
3  1458 1459 754  100 100 100
3  754 752 1458  100 100 100
3  1459 1460 756  100 100 100
3  756 754 1459  100 100 100
3  1460 1461 758  100 100 100
3  758 756 1460  100 100 100
3  1461 1462 759  100 100 100
3  759 758 1461  100 100 100
3  1462 1463 761  100 100 100
3  761 759 1462  100 100 100
3  1463 1464 763  100 100 100
3  763 761 1463  100 100 100
3  1464 1465 765  100 100 100
3  765 763 1464  100 100 100
3  1465 1466 767  100 100 100
3  767 765 1465  100 100 100
3  1466 1467 770  100 100 100
3  770 767 1466  100 100 100
3  1467 1468 772  100 100 100
3  772 770 1467  100 100 100
3  1468 1469 774  100 100 100
3  774 772 1468  100 100 100
3  1469 1470 775  100 100 100
3  775 774 1469  100 100 100
3  1470 1471 777  100 100 100
3  777 775 1470  100 100 100
3  1471 1472 779  100 100 100
3  779 777 1471  100 100 100
3  1472 1473 781  100 100 100
3  781 779 1472  100 100 100
3  1473 1474 783  100 100 100
3  783 781 1473  100 100 100
3  1474 1475 785  100 100 100
3  785 783 1474  100 100 100
3  1475 1476 786  100 100 100
3  786 785 1475  100 100 100
3  1476 1477 788  100 100 100
3  788 786 1476  100 100 100
3  1477 1478 790  100 100 100
3  790 788 1477  100 100 100
3  1478 1479 792  100 100 100
3  792 790 1478  100 100 100
3  1479 1480 794  100 100 100
3  794 792 1479  100 100 100
3  1480 1481 795  100 100 100
3  795 794 1480  100 100 100
3  1481 1482 797  100 100 100
3  797 795 1481  100 100 100
3  1482 1483 799  100 100 100
3  799 797 1482  100 100 100
3  1483 1484 802  100 100 100
3  802 799 1483  100 100 100
3  1484 1485 804  100 100 100
3  804 802 1484  100 100 100
3  1485 1486 807  100 100 100
3  807 804 1485  100 100 100
3  1486 1487 809  100 100 100
3  809 807 1486  100 100 100
3  1487 1374 696  100 100 100
3  696 809 1487  100 100 100
3  1488 1489 834  100 100 100
3  834 825 1488  100 100 100
3  1489 1490 835  100 100 100
3  835 834 1489  100 100 100
3  1490 1491 836  100 100 100
3  836 835 1490  100 100 100
3  1491 1492 837  100 100 100
3  837 836 1491  100 100 100
3  1492 1493 838  100 100 100
3  838 837 1492  100 100 100
3  1493 1494 839  100 100 100
3  839 838 1493  100 100 100
3  1494 1495 840  100 100 100
3  840 839 1494  100 100 100
3  1495 1496 841  100 100 100
3  841 840 1495  100 100 100
3  1496 1497 933  100 100 100
3  933 841 1496  100 100 100
3  1497 1498 931  100 100 100
3  931 933 1497  100 100 100
3  1498 1499 929  100 100 100
3  929 931 1498  100 100 100
3  1499 1500 927  100 100 100
3  927 929 1499  100 100 100
3  1500 1501 925  100 100 100
3  925 927 1500  100 100 100
3  1501 1502 923  100 100 100
3  923 925 1501  100 100 100
3  1502 1503 921  100 100 100
3  921 923 1502  100 100 100
3  1503 1504 918  100 100 100
3  918 921 1503  100 100 100
3  1504 1505 915  100 100 100
3  915 918 1504  100 100 100
3  1505 1506 912  100 100 100
3  912 915 1505  100 100 100
3  1506 1507 909  100 100 100
3  909 912 1506  100 100 100
3  1507 1508 905  100 100 100
3  905 909 1507  100 100 100
3  1508 1509 902  100 100 100
3  902 905 1508  100 100 100
3  1509 1510 898  100 100 100
3  898 902 1509  100 100 100
3  1510 1511 895  100 100 100
3  895 898 1510  100 100 100
3  1511 1512 891  100 100 100
3  891 895 1511  100 100 100
3  1512 1513 889  100 100 100
3  889 891 1512  100 100 100
3  1513 1514 886  100 100 100
3  886 889 1513  100 100 100
3  1514 1515 884  100 100 100
3  884 886 1514  100 100 100
3  1515 1516 881  100 100 100
3  881 884 1515  100 100 100
3  1516 1517 879  100 100 100
3  879 881 1516  100 100 100
3  1517 1518 878  100 100 100
3  878 879 1517  100 100 100
3  1518 1519 876  100 100 100
3  876 878 1518  100 100 100
3  1519 1520 874  100 100 100
3  874 876 1519  100 100 100
3  1520 1521 872  100 100 100
3  872 874 1520  100 100 100
3  1521 1522 870  100 100 100
3  870 872 1521  100 100 100
3  1522 1523 868  100 100 100
3  868 870 1522  100 100 100
3  1523 1524 865  100 100 100
3  865 868 1523  100 100 100
3  1524 1525 863  100 100 100
3  863 865 1524  100 100 100
3  1525 1526 861  100 100 100
3  861 863 1525  100 100 100
3  1526 1527 859  100 100 100
3  859 861 1526  100 100 100
3  1527 1528 857  100 100 100
3  857 859 1527  100 100 100
3  1528 1529 855  100 100 100
3  855 857 1528  100 100 100
3  1529 1530 853  100 100 100
3  853 855 1529  100 100 100
3  1530 1531 851  100 100 100
3  851 853 1530  100 100 100
3  1531 1532 849  100 100 100
3  849 851 1531  100 100 100
3  1532 1533 847  100 100 100
3  847 849 1532  100 100 100
3  1533 1534 845  100 100 100
3  845 847 1533  100 100 100
3  1534 1535 843  100 100 100
3  843 845 1534  100 100 100
3  1535 1536 811  100 100 100
3  811 843 1535  100 100 100
3  1536 1537 812  100 100 100
3  812 811 1536  100 100 100
3  1537 1538 814  100 100 100
3  814 812 1537  100 100 100
3  1538 1539 816  100 100 100
3  816 814 1538  100 100 100
3  1539 1540 818  100 100 100
3  818 816 1539  100 100 100
3  1540 1541 820  100 100 100
3  820 818 1540  100 100 100
3  1541 1542 822  100 100 100
3  822 820 1541  100 100 100
3  1542 1543 824  100 100 100
3  824 822 1542  100 100 100
3  1543 1488 825  100 100 100
3  825 824 1543  100 100 100
3  1544 1545 832  100 100 100
3  832 833 1544  100 100 100
3  1545 1546 831  100 100 100
3  831 832 1545  100 100 100
3  1546 1547 830  100 100 100
3  830 831 1546  100 100 100
3  1547 1548 829  100 100 100
3  829 830 1547  100 100 100
3  1548 1549 828  100 100 100
3  828 829 1548  100 100 100
3  1549 1550 827  100 100 100
3  827 828 1549  100 100 100
3  1550 1551 826  100 100 100
3  826 827 1550  100 100 100
3  1551 1552 823  100 100 100
3  823 826 1551  100 100 100
3  1552 1553 821  100 100 100
3  821 823 1552  100 100 100
3  1553 1554 819  100 100 100
3  819 821 1553  100 100 100
3  1554 1555 817  100 100 100
3  817 819 1554  100 100 100
3  1555 1556 815  100 100 100
3  815 817 1555  100 100 100
3  1556 1557 813  100 100 100
3  813 815 1556  100 100 100
3  1557 1558 810  100 100 100
3  810 813 1557  100 100 100
3  1558 1559 842  100 100 100
3  842 810 1558  100 100 100
3  1559 1560 844  100 100 100
3  844 842 1559  100 100 100
3  1560 1561 846  100 100 100
3  846 844 1560  100 100 100
3  1561 1562 848  100 100 100
3  848 846 1561  100 100 100
3  1562 1563 850  100 100 100
3  850 848 1562  100 100 100
3  1563 1564 852  100 100 100
3  852 850 1563  100 100 100
3  1564 1565 854  100 100 100
3  854 852 1564  100 100 100
3  1565 1566 856  100 100 100
3  856 854 1565  100 100 100
3  1566 1567 858  100 100 100
3  858 856 1566  100 100 100
3  1567 1568 860  100 100 100
3  860 858 1567  100 100 100
3  1568 1569 862  100 100 100
3  862 860 1568  100 100 100
3  1569 1570 864  100 100 100
3  864 862 1569  100 100 100
3  1570 1571 866  100 100 100
3  866 864 1570  100 100 100
3  1571 1572 867  100 100 100
3  867 866 1571  100 100 100
3  1572 1573 869  100 100 100
3  869 867 1572  100 100 100
3  1573 1574 871  100 100 100
3  871 869 1573  100 100 100
3  1574 1575 873  100 100 100
3  873 871 1574  100 100 100
3  1575 1576 875  100 100 100
3  875 873 1575  100 100 100
3  1576 1577 877  100 100 100
3  877 875 1576  100 100 100
3  1577 1578 880  100 100 100
3  880 877 1577  100 100 100
3  1578 1579 882  100 100 100
3  882 880 1578  100 100 100
3  1579 1580 883  100 100 100
3  883 882 1579  100 100 100
3  1580 1581 885  100 100 100
3  885 883 1580  100 100 100
3  1581 1582 887  100 100 100
3  887 885 1581  100 100 100
3  1582 1583 888  100 100 100
3  888 887 1582  100 100 100
3  1583 1584 890  100 100 100
3  890 888 1583  100 100 100
3  1584 1585 892  100 100 100
3  892 890 1584  100 100 100
3  1585 1586 893  100 100 100
3  893 892 1585  100 100 100
3  1586 1587 894  100 100 100
3  894 893 1586  100 100 100
3  1587 1588 896  100 100 100
3  896 894 1587  100 100 100
3  1588 1589 897  100 100 100
3  897 896 1588  100 100 100
3  1589 1590 899  100 100 100
3  899 897 1589  100 100 100
3  1590 1591 900  100 100 100
3  900 899 1590  100 100 100
3  1591 1592 901  100 100 100
3  901 900 1591  100 100 100
3  1592 1593 903  100 100 100
3  903 901 1592  100 100 100
3  1593 1594 904  100 100 100
3  904 903 1593  100 100 100
3  1594 1595 906  100 100 100
3  906 904 1594  100 100 100
3  1595 1596 907  100 100 100
3  907 906 1595  100 100 100
3  1596 1597 908  100 100 100
3  908 907 1596  100 100 100
3  1597 1598 910  100 100 100
3  910 908 1597  100 100 100
3  1598 1599 911  100 100 100
3  911 910 1598  100 100 100
3  1599 1600 913  100 100 100
3  913 911 1599  100 100 100
3  1600 1601 914  100 100 100
3  914 913 1600  100 100 100
3  1601 1602 916  100 100 100
3  916 914 1601  100 100 100
3  1602 1603 917  100 100 100
3  917 916 1602  100 100 100
3  1603 1604 919  100 100 100
3  919 917 1603  100 100 100
3  1604 1605 920  100 100 100
3  920 919 1604  100 100 100
3  1605 1606 922  100 100 100
3  922 920 1605  100 100 100
3  1606 1607 924  100 100 100
3  924 922 1606  100 100 100
3  1607 1608 926  100 100 100
3  926 924 1607  100 100 100
3  1608 1609 928  100 100 100
3  928 926 1608  100 100 100
3  1609 1610 930  100 100 100
3  930 928 1609  100 100 100
3  1610 1611 932  100 100 100
3  932 930 1610  100 100 100
3  1611 1612 934  100 100 100
3  934 932 1611  100 100 100
3  1612 1613 935  100 100 100
3  935 934 1612  100 100 100
3  1613 1544 833  100 100 100
3  833 935 1613  100 100 100
3  1614 1615 1616  100 100 100
3  1614 1616 1617  100 100 100
3  1614 1617 1618  100 100 100
3  1614 1618 1619  100 100 100
3  1614 1619 1620  100 100 100
3  1614 1620 1621  100 100 100
3  1614 1621 1622  100 100 100
3  1614 1622 1623  100 100 100
3  1614 1623 1624  255 128 64
3  1614 1624 1625  255 128 64
3  1614 1625 1626  255 128 64
3  1614 1626 1627  255 128 64
3  1614 1627 1628  255 128 64
3  1614 1628 1629  255 128 64
3  1629 1630 1631  255 128 64
3  1614 1629 1631  255 128 64
3  1632 1633 1634  100 100 100
3  1632 1634 1635  100 100 100
3  1635 1636 1637  100 100 100
3  1632 1635 1637  100 100 100
3  1638 1639 1640  100 100 100
3  1640 1641 1638  100 100 100
3  1642 1643 1615  100 100 100
3  1615 1614 1642  100 100 100
3  1643 1644 1616  100 100 100
3  1616 1615 1643  100 100 100
3  1644 1645 1617  100 100 100
3  1617 1616 1644  100 100 100
3  1645 1646 1618  100 100 100
3  1618 1617 1645  100 100 100
3  1646 1647 1619  100 100 100
3  1619 1618 1646  100 100 100
3  1647 1648 1620  100 100 100
3  1620 1619 1647  100 100 100
3  1648 1649 1621  100 100 100
3  1621 1620 1648  100 100 100
3  1649 1650 1622  100 100 100
3  1622 1621 1649  100 100 100
3  1650 1651 1623  100 100 100
3  1623 1622 1650  100 100 100
3  1651 1652 1624  100 100 100
3  1624 1623 1651  100 100 100
3  1652 1653 1625  100 100 100
3  1625 1624 1652  100 100 100
3  1653 1654 1626  100 100 100
3  1626 1625 1653  100 100 100
3  1654 1655 1627  100 100 100
3  1627 1626 1654  100 100 100
3  1655 1656 1628  100 100 100
3  1628 1627 1655  100 100 100
3  1656 1657 1629  100 100 100
3  1629 1628 1656  100 100 100
3  1657 1658 1630  100 100 100
3  1630 1629 1657  100 100 100
3  1658 1659 1631  100 100 100
3  1631 1630 1658  100 100 100
3  1659 1642 1614  100 100 100
3  1614 1631 1659  100 100 100
3  1660 1661 1633  100 100 100
3  1633 1632 1660  100 100 100
3  1661 1662 1634  100 100 100
3  1634 1633 1661  100 100 100
3  1662 1663 1635  100 100 100
3  1635 1634 1662  100 100 100
3  1663 1664 1636  100 100 100
3  1636 1635 1663  100 100 100
3  1664 1665 1637  100 100 100
3  1637 1636 1664  100 100 100
3  1665 1660 1632  100 100 100
3  1632 1637 1665  100 100 100
3  1666 1667 1641  100 100 100
3  1641 1640 1666  100 100 100
3  1667 1668 1638  100 100 100
3  1638 1641 1667  100 100 100
3  1668 1669 1639  100 100 100
3  1639 1638 1668  100 100 100
3  1669 1666 1640  100 100 100
3  1640 1639 1669  100 100 100
3  1670 1671 1672  100 100 100
3  1673 1674 1675  64 128 255
3  1676 1673 1675  64 128 255
3  1672 1676 1675  64 128 255
3  1677 1678 1679  64 128 255
3  1680 1677 1679  64 128 255
3  1681 1680 1679  64 128 255
3  1681 1679 1682  64 128 255
3  1681 1682 1683  64 128 255
3  1684 1681 1683  64 128 255
3  1684 1683 1685  64 128 255
3  1686 1684 1685  64 128 255
3  1687 1686 1685  64 128 255
3  1687 1685 1688  100 100 100
3  1689 1687 1688  100 100 100
3  1689 1688 1690  100 100 100
3  1675 1689 1690  100 100 100
3  1675 1690 1691  100 100 100
3  1672 1675 1691  100 100 100
3  1670 1672 1691  100 100 100
3  1692 1693 1678  100 100 100
3  1678 1677 1692  100 100 100
3  1693 1694 1679  100 100 100
3  1679 1678 1693  100 100 100
3  1694 1695 1682  100 100 100
3  1682 1679 1694  100 100 100
3  1695 1696 1683  100 100 100
3  1683 1682 1695  100 100 100
3  1696 1697 1685  100 100 100
3  1685 1683 1696  100 100 100
3  1697 1698 1688  100 100 100
3  1688 1685 1697  100 100 100
3  1698 1699 1690  100 100 100
3  1690 1688 1698  100 100 100
3  1699 1700 1691  100 100 100
3  1691 1690 1699  100 100 100
3  1700 1701 1670  100 100 100
3  1670 1691 1700  100 100 100
3  1701 1702 1671  100 100 100
3  1671 1670 1701  100 100 100
3  1702 1703 1672  100 100 100
3  1672 1671 1702  100 100 100
3  1703 1704 1676  100 100 100
3  1676 1672 1703  100 100 100
3  1704 1705 1673  100 100 100
3  1673 1676 1704  100 100 100
3  1705 1706 1674  100 100 100
3  1674 1673 1705  100 100 100
3  1706 1707 1675  100 100 100
3  1675 1674 1706  100 100 100
3  1707 1708 1689  100 100 100
3  1689 1675 1707  100 100 100
3  1708 1709 1687  100 100 100
3  1687 1689 1708  100 100 100
3  1709 1710 1686  100 100 100
3  1686 1687 1709  100 100 100
3  1710 1711 1684  100 100 100
3  1684 1686 1710  100 100 100
3  1711 1712 1681  100 100 100
3  1681 1684 1711  100 100 100
3  1712 1713 1680  100 100 100
3  1680 1681 1712  100 100 100
3  1713 1692 1677  100 100 100
3  1677 1680 1713  100 100 100
3  1714 1715 1716  128 0 255
3  1942 1717 1936  255 255 64
3  1965 1943 1718  255 255 64
3  1968 1944 1719  255 128 0
3  1720 1971 1945  255 128 0
3  1946 1721 1974  255 64 255
3  1977 1947 1722  255 64 255
3  1980 1948 1939  128 0 255
3  1723 1724 1725  255 255 128
3  1723 1725 1726  255 255 128
3  1723 1726 1727  224 255 255
3  1723 1727 1728  224 255 255
3  1729 1730 1731  192 0 0
3  1729 1731 1732  192 0 0
3  1729 1732 1733  255 128 128
3  1729 1733 1734  255 128 128
3  1735 1736 1737  128 128 255
3  1735 1737 1738  128 128 255
3  1735 1738 1739  245 222 179
3  1735 1739 1740  245 222 179
3  1741 1742 1743  128 255 255
3  1741 1743 1744  128 255 255
3  1741 1744 1745  128 255 128
3  1741 1745 1746  128 255 128
3  1747 1748 1749  100 100 100
3  1749 1750 1751  100 100 100
3  1749 1751 1752  100 100 100
3  1747 1749 1752  100 100 100
3  1753 1754 1755  100 100 100
3  1753 1755 1756  100 100 100
3  1756 1757 1758  100 100 100
3  1753 1756 1758  100 100 100
3  1759 1760 1761  100 100 100
3  1759 1761 1762  100 100 100
3  1762 1763 1764  100 100 100
3  1759 1762 1764  100 100 100
3  1765 1766 1767  100 100 100
3  1765 1767 1768  100 100 100
3  1765 1768 1769  100 100 100
3  1765 1769 1770  100 100 100
3  1771 1772 1715  123 104 238
3  1715 1714 1771  123 104 238
3  1987 1773 1949  128 128 255
3  1949 1940 1987  128 128 255
3  1990 1983 1937  255 128 0
3  1937 1950 1990  255 128 0
3  1991 1774 1966  128 255 128
3  1966 1951 1991  128 255 128
3  2013 1984 1936  123 104 238
3  1936 1717 2013  123 104 238
3  1985 1992 1952  255 128 0
3  1952 1938 1985  255 128 0
3  2014 1993 1953  128 255 128
3  1953 1967 2014  128 255 128
3  1994 1775 1969  128 0 255
3  1969 1954 1994  128 0 255
3  2016 2015 1965  255 20 147
3  1965 1718 2016  255 20 147
3  2017 1995 1955  128 0 255
3  1955 1970 2017  128 0 255
3  1996 1776 1972  128 128 255
3  1972 1956 1996  128 128 255
3  2020 2018 1968  255 20 147
3  1968 1719 2020  255 20 147
3  1777 2021 1971  50 205 50
3  1971 1720 1777  50 205 50
3  2022 1997 1957  128 128 255
3  1957 1973 2022  128 128 255
3  1998 2023 1975  255 128 0
3  1975 1958 1998  255 128 0
3  1999 1778 1978  128 255 128
3  1978 1959 1999  128 255 128
3  2027 2024 1974  50 205 50
3  1974 1721 2027  50 205 50
3  2025 2000 1960  255 128 0
3  1960 1976 2025  255 128 0
3  2028 2001 1961  128 255 128
3  1961 1979 2028  128 255 128
3  2002 1779 1981  128 0 255
3  1981 1962 2002  128 0 255
3  2030 2029 1977  72 61 139
3  1977 1722 2030  72 61 139
3  2031 2003 1963  128 0 255
3  1963 1982 2031  128 0 255
3  2004 1988 1941  128 128 255
3  1941 1964 2004  128 128 255
3  1989 2032 1980  72 61 139
3  1980 1939 1989  72 61 139
3  1780 1781 1748  100 100 100
3  1748 1747 1780  100 100 100
3  1781 1782 1749  0 128 128
3  1749 1748 1781  0 128 128
3  1782 1783 1750  0 128 128
3  1750 1749 1782  0 128 128
3  1783 1784 1751  100 100 100
3  1751 1750 1783  100 100 100
3  1784 1785 1752  64 255 255
3  1752 1751 1784  64 255 255
3  1785 1780 1747  64 255 255
3  1747 1752 1785  64 255 255
3  1786 1787 1760  255 128 64
3  1760 1759 1786  255 128 64
3  1787 1788 1761  100 100 100
3  1761 1760 1787  100 100 100
3  1788 1789 1762  128 128 0
3  1762 1761 1788  128 128 0
3  1789 1790 1763  128 128 0
3  1763 1762 1789  128 128 0
3  1790 1791 1764  100 100 100
3  1764 1763 1790  100 100 100
3  1791 1786 1759  255 128 64
3  1759 1764 1791  255 128 64
3  1792 1793 1728  0 0 255
3  1728 1727 1792  0 0 255
3  1793 1986 1723  123 104 238
3  1723 1728 1793  123 104 238
3  1986 1794 1724  123 104 238
3  1724 1723 1986  123 104 238
3  1794 1795 1725  0 255 255
3  1725 1724 1794  0 255 255
3  1795 2034 1726  0 128 128
3  1726 1725 1795  0 128 128
3  2034 1792 1727  0 128 128
3  1727 1726 2034  0 128 128
3  1796 1797 1740  0 255 0
3  1740 1739 1796  0 255 0
3  1797 2026 1735  50 205 50
3  1735 1740 1797  50 205 50
3  2026 1798 1736  50 205 50
3  1736 1735 2026  50 205 50
3  1798 1799 1737  255 0 255
3  1737 1736 1798  255 0 255
3  1799 2035 1738  128 128 0
3  1738 1737 1799  128 128 0
3  2035 1796 1739  128 128 0
3  1739 1738 2035  128 128 0
3  1800 1801 1754  64 128 255
3  1754 1753 1800  64 128 255
3  1801 1802 1755  100 100 100
3  1755 1754 1801  100 100 100
3  1802 1803 1756  128 255 64
3  1756 1755 1802  128 255 64
3  1803 1804 1757  128 255 64
3  1757 1756 1803  128 255 64
3  1804 1805 1758  100 100 100
3  1758 1757 1804  100 100 100
3  1805 1800 1753  64 128 255
3  1753 1758 1805  64 128 255
3  1806 1807 1766  128 64 0
3  1766 1765 1806  128 64 0
3  1807 1808 1767  100 100 100
3  1767 1766 1807  100 100 100
3  1808 1809 1768  255 64 128
3  1768 1767 1808  255 64 128
3  1809 1810 1769  255 64 128
3  1769 1768 1809  255 64 128
3  1810 1811 1770  100 100 100
3  1770 1769 1810  100 100 100
3  1811 1806 1765  128 64 0
3  1765 1770 1811  128 64 0
3  1812 1813 1734  64 64 255
3  1734 1733 1812  64 64 255
3  1813 2019 1729  255 20 147
3  1729 1734 1813  255 20 147
3  2019 1814 1730  255 20 147
3  1730 1729 2019  255 20 147
3  1814 1815 1731  192 0 192
3  1731 1730 1814  192 0 192
3  1815 2036 1732  128 255 64
3  1732 1731 1815  128 255 64
3  2036 1812 1733  128 255 64
3  1733 1732 2036  128 255 64
3  1816 1817 1746  64 255 255
3  1746 1745 1816  64 255 255
3  1817 2033 1741  72 61 139
3  1741 1746 1817  72 61 139
3  2033 1818 1742  72 61 139
3  1742 1741 2033  72 61 139
3  1818 1819 1743  255 165 0
3  1743 1742 1818  255 165 0
3  1819 2037 1744  128 64 0
3  1744 1743 1819  128 64 0
3  2037 1816 1745  128 64 0
3  1745 1744 2037  128 64 0
3  1771 2005 1772  0 0 255
3  2006 1984 2013  0 0 255
3  2015 2016 2007  0 0 255
3  2018 2020 2008  0 0 255
3  1777 2009 2021  0 0 255
3  2010 2024 2027  0 0 255
3  2029 2030 2011  0 0 255
3  2032 1989 2012  0 0 255
3  2034 1795 1794  0 128 64
3  1792 2034 1794  0 128 64
3  1792 1794 1986  0 128 64
3  1792 1986 1793  0 128 64
3  2036 1815 1814  0 0 255
3  1812 2036 1814  0 0 255
3  1812 1814 2019  0 0 255
3  1812 2019 1813  0 0 255
3  2035 1799 1798  0 0 255
3  1796 2035 1798  0 0 255
3  1796 1798 2026  0 0 255
3  1796 2026 1797  0 0 255
3  2037 1819 1818  0 0 255
3  1816 2037 1818  0 0 255
3  1816 1818 2033  0 0 255
3  1816 2033 1817  0 0 255
3  1785 1784 1783  0 128 64
3  1780 1785 1783  0 128 64
3  1780 1783 1782  0 128 64
3  1780 1782 1781  0 128 64
3  1800 1805 1804  0 0 255
3  1800 1804 1803  0 0 255
3  1800 1803 1802  0 0 255
3  1800 1802 1801  0 0 255
3  1786 1791 1790  0 0 255
3  1786 1790 1789  0 0 255
3  1786 1789 1788  0 0 255
3  1786 1788 1787  0 0 255
3  1806 1811 1810  0 0 255
3  1806 1810 1809  0 0 255
3  1806 1809 1808  0 0 255
3  1806 1808 1807  0 0 255

