OFF
1585 1781 0
-522.242187500000 -908.281250000000 4.952952384949
-530.820312500000 -895.125000000000 4.586661815643
-530.914062500000 -895.000000000000 4.583127498627
-526.257812500000 -893.031250000000 4.554673671722
-526.250000000000 -893.031250000000 4.554708480835
-524.695312500000 -892.375000000000 4.545235633850
-521.492187500000 -898.187500000000 4.704461097717
-519.250000000000 -901.218750000000 4.790035247803
-515.593750000000 -899.625000000000 4.766499519348
-511.453125000000 -907.437500000000 8.141620635986
-507.828125000000 -914.312500000000 8.324290275574
-507.789062500000 -914.375000000000 8.317334175110
-507.898437500000 -914.656250000000 8.688305854797
-514.929687500000 -918.906250000000 8.337625503540
-521.515625000000 -909.125000000000 7.941708087921
-521.531250000000 -909.156250000000 7.891948699951
-512.078125000000 -903.781250000000 7.399239540100
-510.460937500000 -906.812500000000 4.941819667816
-513.093750000000 -904.312500000000 4.939612388611
-518.976867675781 -901.099670410156 4.788277149200
-526.779846191406 -893.252014160156 4.557864189148
-510.477966308594 -906.780578613281 4.967719078064
-513.122741699219 -904.258117675781 4.893052101135
-521.644104003906 -909.017333984375 4.973970413208
-510.936157226563 -907.111816406250 4.973950862885
-511.321014404297 -907.354248046875 7.891112804413
-511.386383056641 -907.564025878906 8.144983291626
-509.506927490234 -911.128540039063 8.239692687988
-511.574798583984 -908.168334960938 8.876310348511
-509.642181396484 -915.710266113281 11.960204124451
-512.752441406250 -904.133972167969 7.429513454437
-511.310058593750 -905.220886230469 6.232133388519
-513.061462402344 -904.295593261719 7.990004062653
-510.936157226563 -907.111816406250 7.161423683167
-512.888854980469 -904.205322265625 7.676922798157
-517.032958984375 -915.782531738281 8.211186408997
-519.161987304688 -912.620544433594 8.083196640015
-516.485229492188 -914.369812011719 10.239868164063
-513.072570800781 -917.783752441406 11.928267478943
-521.644104003906 -909.017333984375 7.859421730042
-516.006164550781 -913.134155273438 12.014326095581
-516.006164550781 -913.134155273438 12.014326095581
-516.034057617188 -905.985656738281 4.923231601715
-516.006164550781 -913.134155273438 12.014326095581
-513.072570800781 -917.783752441406 11.928267478943
-519.442565917969 -907.687622070313 12.115136146545
-516.045471191406 -913.071838378906 12.015480041504
-511.291961669922 -916.707458496094 7.984367370605
-515.184509277344 -905.886840820313 12.210943222046
-517.241577148438 -906.756958007813 7.639194965363
-518.454162597656 -907.269653320313 4.944525718689
-512.122497558594 -915.318481445313 7.936184883118
-511.291961669922 -916.707458496094 7.984367370605
-509.642181396484 -915.710266113281 11.960204124451
-512.378112792969 -910.861022949219 12.083978652954
-512.401367187500 -910.819824218750 12.085031509399
-513.259216308594 -910.537536621094 10.844874382019
-512.401367187500 -910.819824218750 12.085031509399
-519.255310058594 -912.481933593750 8.077587127686
-516.045471191406 -913.071838378906 12.015480041504
-515.986206054688 -913.082702636719 12.088215827942
-516.045471191406 -913.071838378906 12.015480041504
-515.564086914063 -910.644958496094 8.817065238953
-515.986206054688 -913.082702636719 12.088215827942
-514.702392578125 -910.062622070313 8.758492469788
-511.153717041016 -906.817687988281 7.241753578186
-511.018310546875 -905.767761230469 5.788802146912
-512.378112792969 -910.861022949219 12.083978652954
-513.911132812500 -913.459777832031 8.963191986084
-515.986206054688 -913.082702636719 12.088215827942
-512.630004882813 -911.730773925781 10.735734939575
-512.922973632813 -911.175231933594 12.124871253967
-512.966125488281 -912.891235351563 8.936954498291
-525.934082031250 -892.897888183594 4.552783489227
-525.906433105469 -894.722534179688 4.598426818848
-525.783508300781 -902.849975585938 4.801737308502
-521.644104003906 -909.017333984375 7.685814857483
-517.317687988281 -906.789123535156 7.470123291016
-510.936157226563 -907.111816406250 4.931924819946
-510.970123291016 -907.065917968750 4.972653865814
-517.149658203125 -906.718078613281 7.452217578888
-511.643402099609 -906.155700683594 5.779358863831
-513.061462402344 -904.295593261719 7.443387985229
-512.888854980469 -904.205322265625 7.435637950897
-525.852294921875 -898.302001953125 4.687968254089
-513.856811523438 -905.084350585938 9.719702720642
-517.544494628906 -906.885009765625 6.966102600098
-520.311950683594 -908.055175781250 4.955878257751
-516.910339355469 -906.616882324219 7.426716804504
-528.345031738281 -893.913757324219 4.567428588867
-508.501770019531 -915.020935058594 9.820397377014
-510.657226562500 -911.021362304688 9.779866218567
-511.802001953125 -908.897216796875 9.758340835571
-517.077392578125 -906.687561035156 7.305353164673
-512.966125488281 -912.891235351563 8.936954498291
-514.850341796875 -905.684875488281 8.942023277283
-513.911132812500 -913.459777832031 8.963191986084
-514.582336425781 -918.696289062500 9.009205818176
-516.808227539063 -915.202819824219 9.043630599976
-517.948059082031 -913.413818359375 9.061259269714
-518.447204589844 -912.630432128906 9.068979263306
-513.911132812500 -913.459777832031 8.963191986084
-515.589965820313 -910.775329589844 8.988875389099
-516.499572753906 -906.733764648438 8.988135337830
-513.421203613281 -904.821044921875 8.902320861816
-520.943847656250 -908.712097167969 9.107591629028
-517.922851562500 -907.044982910156 9.024564743042
-512.617736816406 -915.527893066406 8.943405151367
-511.680511474609 -915.131591796875 8.918332099915
-512.966125488281 -912.891235351563 8.936954498291
-514.562988281250 -910.108520507813 8.960083961487
-516.633728027344 -906.499938964844 8.990078926086
-511.718750000000 -916.965393066406 8.929651260376
-507.971588134766 -914.700439453125 8.825551033020
-509.965454101563 -911.085815429688 8.853639602661
-514.562988281250 -910.108520507813 8.960083961487
-515.589965820313 -910.775329589844 8.988875389099
-510.909057617188 -916.476013183594 8.907156944275
-517.211914062500 -908.181762695313 9.013689041138
-525.923400878906 -892.893371582031 4.552718162537
-523.927429199219 -893.768371582031 4.583405017853
-517.069335937500 -907.892028808594 9.008575439453
-515.504821777344 -910.604858398438 8.813034057617
-517.677795410156 -906.941406250000 9.018010139465
-517.827514648438 -907.004699707031 8.830780029297
-525.809753417969 -901.114135742188 4.758315086365
-530.172363281250 -894.686401367188 4.578594684601
-509.440826416016 -915.588562011719 11.582419395447
-512.215454101563 -910.876159667969 11.866230964661
-512.348510742188 -910.650268554688 11.879838943481
-513.618286132813 -913.283569335938 8.955060958862
-512.669677734375 -911.655639648438 10.923675537109
-520.719360351563 -908.614257812500 4.968017578125
-518.790161132813 -907.411743164063 7.627040863037
-513.618286132813 -913.283569335938 8.955060958862
-512.274597167969 -915.382812500000 8.934225082397
-512.547546386719 -911.446105957031 11.177059173584
-512.942565917969 -910.641723632813 11.302590370178
-515.261535644531 -905.919738769531 12.039477348328
-511.590423583984 -916.887878417969 8.645447731018
-515.331298828125 -910.607360839844 8.981623649597
-515.161437988281 -905.872863769531 12.167565345764
-512.484313964844 -915.471435546875 8.672008514404
-513.206298828125 -910.637939453125 11.046386718750
-510.267761230469 -916.088378906250 10.452604293823
-511.197082519531 -906.759094238281 7.257756233215
-511.302459716797 -905.235168457031 6.220558166504
-510.922424316406 -910.996643066406 10.134926795959
-510.771240234375 -913.328979492188 11.718504905701
-510.956848144531 -910.465454101563 9.774232864380
-514.343383789063 -915.769592285156 11.965547561646
-510.743408203125 -913.758361816406 12.010025024414
-514.343383789063 -915.769592285156 11.965547561646
-516.034057617188 -905.985656738281 4.923231601715
-513.030578613281 -912.275024414063 10.174695968628
-514.765441894531 -913.327026367188 10.207425117493
-512.735900878906 -912.096313476563 10.169137001038
-511.875976562500 -912.813659667969 10.963645935059
-513.122741699219 -904.258117675781 4.893052101135
-511.186462402344 -906.922729492188 7.368846416473
-511.164855957031 -907.255920410156 7.595084190369
-511.111053466797 -908.086242675781 8.158858299255
-511.043273925781 -909.131896972656 8.868823051453
-517.562744140625 -906.892761230469 4.939078330994
-512.015136718750 -905.653137207031 6.224742412567
-510.743408203125 -913.758361816406 12.010025024414
-515.992065429688 -906.228637695313 5.098137855530
-512.735900878906 -912.096313476563 10.169137001038
-514.765441894531 -913.327026367188 10.207425117493
-513.061462402344 -904.295593261719 4.940763950348
-523.757507324219 -901.989624023438 4.789263725281
-525.042663574219 -902.244323730469 4.789914608002
-519.328979492188 -901.111938476563 4.787020206451
-521.818481445313 -901.605346679688 4.788281440735
-515.233581542969 -900.300292968750 4.784945487976
-518.734924316406 -900.994201660156 4.786719322205
-525.790405273438 -902.392517089844 4.790293216705
-526.048400878906 -902.443603515625 4.790423870087
-525.734069824219 -901.225646972656 4.761432170868
-524.129028320313 -901.335632324219 4.771299362183
-521.887390136719 -901.489257812500 4.785079479218
-521.400939941406 -901.522583007813 4.788069725037
-518.606872558594 -901.714050292969 4.805246353149
-514.322998046875 -902.007629394531 4.831580638885
-525.808166503906 -901.220581054688 4.760976791382
-526.894409179688 -901.146118164063 4.754299163818
-517.211914062500 -908.181762695313 9.013689041138
-511.158630371094 -916.626892089844 8.305657386780
-514.702392578125 -910.062622070313 8.758492469788
-516.499572753906 -906.733764648438 8.988135337830
-514.929565429688 -905.732727050781 8.879997253418
-518.985107421875 -911.786254882813 9.077298164368
-513.350708007813 -904.778442382813 8.770010948181
-520.832336425781 -908.663513183594 9.306273460388
-517.961486816406 -907.061340332031 9.103130340576
-511.446044921875 -916.800598144531 8.325679779053
-512.368103027344 -915.422302246094 8.435702323914
-511.912841796875 -915.229858398438 8.402031898499
-515.564086914063 -910.644958496094 8.817065238953
-516.627258300781 -906.497192382813 9.004452705383
-517.629394531250 -906.920959472656 9.078569412231
-509.186889648438 -911.735534667969 8.255820274353
-509.552703857422 -911.124267578125 8.300997734070
-511.079498291016 -908.573303222656 8.489538192749
-511.488159179688 -907.890441894531 8.540004730225
-514.702392578125 -910.062622070313 8.758492469788
-515.504821777344 -910.604858398438 8.813034057617
-514.814514160156 -918.836608886719 8.560333251953
-516.869934082031 -915.361999511719 8.815110206604
-518.069091796875 -913.334777832031 8.963755607605
-518.490417480469 -912.622497558594 9.015980720520
-516.319091796875 -906.366943359375 8.981661796570
-515.564086914063 -910.644958496094 8.817065238953
-511.942260742188 -915.619812011719 7.946639060974
-514.016357421875 -911.856079101563 12.111787796021
-511.942260742188 -915.619812011719 7.946639060974
-513.326477050781 -913.108032226563 8.946958541870
-512.111022949219 -915.313598632813 8.416688919067
-512.111022949219 -915.313598632813 7.961631298065
-516.904846191406 -906.614562988281 9.024983406067
-516.904846191406 -906.614562988281 8.997331619263
-519.644592285156 -901.642944335938 4.798866748810
-519.877319335938 -901.220642089844 4.787298202515
-514.869689941406 -910.307617187500 8.968683242798
-514.922668457031 -910.211486816406 8.773465156555
-516.904846191406 -906.614562988281 7.430713176727
-516.904846191406 -906.614562988281 7.426130294800
-516.904846191406 -906.614562988281 8.387544631958
-516.951416015625 -906.530029296875 4.932741641998
-514.016357421875 -911.856079101563 12.111787796021
-511.330169677734 -916.730529785156 8.069024085999
-513.596435546875 -912.618103027344 10.185371398926
-512.111022949219 -915.313598632813 8.929848670959
-514.699523925781 -910.616455078125 9.595483779907
-513.326477050781 -913.108032226563 8.946958541870
-516.659729003906 -907.059387207031 8.993881225586
-516.951416015625 -906.530029296875 4.932741641998
-524.002075195313 -893.735656738281 4.582257747650
-516.904846191406 -906.614562988281 5.005700111389
-524.741210937500 -892.394409179688 4.545515537262
-514.922668457031 -910.211486816406 8.773465156555
-513.418579101563 -912.940856933594 9.369482994080
-516.904846191406 -906.614562988281 6.954389572144
-530.123779296875 -894.757873535156 4.580594062805
-530.856201171875 -895.077148437500 4.585308551788
-528.313720703125 -893.968872070313 4.568942546844
-525.885009765625 -892.910217285156 4.553308486938
-525.933532714844 -892.931396484375 4.553620815277
-524.733581542969 -892.408325195313 4.545896530151
-526.757080078125 -893.290344238281 4.558921813965
-524.687927246094 -892.388427734375 4.545602798462
-517.562316894531 -907.657958984375 9.055502891541
-511.781402587891 -915.473327636719 8.385235786438
-510.999359130859 -916.530578613281 8.689541816711
-517.197082519531 -908.151733398438 9.013158798218
-515.937438964844 -909.854675292969 8.867105484009
-517.993591308594 -907.074951171875 6.639865875244
-517.993591308594 -907.074951171875 5.968004703522
-513.468017578125 -913.193176269531 8.950888633728
-511.949920654297 -915.245483398438 8.404772758484
-511.949920654297 -915.245483398438 8.319668769836
-515.381225585938 -910.606628417969 8.933101654053
-515.423278808594 -910.549804687500 8.807493209839
-514.318054199219 -912.043945312500 12.108177185059
-513.801391601563 -912.742431640625 10.189237594604
-511.949920654297 -915.245483398438 8.925539016724
-514.318054199219 -912.043945312500 12.108177185059
-515.364685058594 -910.629028320313 8.982560157776
-512.728942871094 -914.192321777344 8.938547134399
-520.917968750000 -903.121459960938 4.830101490021
-517.993591308594 -907.074951171875 9.105506896973
-517.993591308594 -907.074951171875 9.026458740234
-522.011169433594 -901.643493652344 4.788378715515
-522.138000488281 -901.472045898438 4.783538818359
-517.993591308594 -907.074951171875 9.168480873108
-517.993591308594 -907.074951171875 8.623127937317
-517.993591308594 -907.074951171875 7.542153835297
-513.468017578125 -913.193176269531 8.950888633728
-525.880920410156 -896.411987304688 4.640688896179
-527.840576171875 -893.762634277344 4.565896511078
-527.875610351563 -893.715270996094 4.564559936523
-513.522583007813 -913.119384765625 9.153641700745
-517.562316894531 -907.657958984375 9.055502891541
-515.423278808594 -910.549804687500 8.807493209839
-517.993591308594 -907.074951171875 4.941711425781
-530.846984863281 -895.073120117188 4.585248947144
-530.904113769531 -894.995788574219 4.583066463470
-516.515563964844 -914.447998046875 10.127639770508
-513.746704101563 -918.191223144531 10.624864578247
-516.655761718750 -914.258361816406 10.102453231812
-517.767578125000 -912.755371093750 9.902801513672
-520.803588867188 -908.650939941406 9.304152488708
-520.803588867188 -908.650939941406 9.103828430176
-520.803588867188 -908.650939941406 7.603003025055
-520.803588867188 -908.650939941406 4.968559741974
-520.803588867188 -908.650939941406 9.357598304749
-525.478576660156 -902.330688476563 4.790135383606
-526.325988769531 -901.185058593750 4.757793426514
-525.797851562500 -901.899047851563 4.777949810028
-524.100097656250 -904.194274902344 4.842744827271
-525.426269531250 -901.679077148438 4.774111270905
-525.662841796875 -901.230529785156 4.761870384216
-529.271545410156 -894.386413574219 4.575108051300
-529.306396484375 -894.320251464844 4.573303222656
-521.573303222656 -908.986450195313 7.678840160370
-521.573303222656 -908.986450195313 4.973515033722
-521.444885253906 -909.230041503906 7.945960998535
-525.120178222656 -902.259643554688 4.789953708649
-525.812255859375 -900.947082519531 4.754136085510
-521.573303222656 -908.986450195313 7.985609531403
-529.266906738281 -897.209228515625 4.645553112030
-529.418334960938 -897.275268554688 4.646527767181
-526.260498046875 -895.898742675781 4.626200675964
-527.027526855469 -896.233093261719 4.631138324738
-523.432739257813 -894.666137695313 4.607997894287
-523.478393554688 -894.686035156250 4.608291625977
-525.424316406250 -895.534240722656 4.620818138123
-525.891113281250 -895.737731933594 4.623822689056
-528.060424804688 -896.683349609375 4.637786865234
-528.644226074219 -896.937805175781 4.641545295715
-525.858215332031 -897.912780761719 4.678231239319
-525.106750488281 -897.458557128906 4.670234680176
-528.113708496094 -899.276123046875 4.702234745026
-527.854125976563 -899.119201660156 4.699471950531
-526.018371582031 -898.009582519531 4.679936408997
-522.739135742188 -896.027465820313 4.645038604736
-522.696655273438 -896.001770019531 4.644586563110
-524.499450683594 -897.091491699219 4.663771629333
-527.364562988281 -898.823303222656 4.694262504578
-527.036621093750 -898.625061035156 4.690772533417
-523.775634765625 -904.809692382813 4.859538078308
-523.685302734375 -904.755065917969 4.858576774597
-524.299316406250 -905.126220703125 4.865111351013
-520.935058593750 -903.092712402344 4.829308509827
-519.367736816406 -902.145324707031 4.812629222870
-518.649414062500 -901.711120605469 4.804984569550
-518.619506835938 -901.693054199219 4.804666519165
-516.843017578125 -900.619262695313 4.785760879517
-522.569641113281 -904.080688476563 4.846704006195
-520.937927246094 -903.094421386719 4.829339027405
-523.439453125000 -904.606445312500 4.855960369110
-515.497314453125 -899.805847167969 4.771439552307
-513.061462402344 -904.295593261719 4.940763950348
-512.934143066406 -904.526611328125 5.140083789825
-512.934143066406 -904.526611328125 7.254610061646
-512.934143066406 -904.526611328125 7.988384723663
-514.344238281250 -901.967834472656 4.830492973328
-515.260253906250 -900.305603027344 4.784959316254
-515.526062011719 -899.823242187500 4.771745681763
-511.361755371094 -907.379943847656 7.968387603760
-513.061462402344 -904.295593261719 7.990004062653
-515.627258300781 -899.639587402344 4.766715049744
-517.779785156250 -907.332885742188 9.081454277039
-520.256286621094 -908.412414550781 9.089147567749
-520.256286621094 -908.412414550781 9.263847351074
-516.481567382813 -906.767028808594 8.985840797424
-516.480712890625 -906.766601562500 8.987861633301
-520.803588867188 -908.650939941406 4.968559741974
-521.573303222656 -908.986450195313 4.973515033722
-521.644104003906 -909.017333984375 4.973970413208
-520.256286621094 -908.412414550781 10.333006858826
-520.256286621094 -908.412414550781 4.965036869049
-516.755126953125 -906.886230468750 9.005987167358
-516.525268554688 -906.786071777344 8.989057540894
-511.905395507813 -904.772277832031 6.726354598999
-511.616577148438 -904.646362304688 6.697899818420
-520.832336425781 -908.663513183594 9.306273460388
-520.803588867188 -908.650939941406 9.357598304749
-512.461975097656 -905.014892578125 7.698432445526
-517.797180175781 -907.340454101563 9.117028236389
-520.943847656250 -908.712097167969 9.107591629028
-519.259460449219 -907.977844238281 12.109764099121
-517.779785156250 -907.332885742188 9.081454277039
-517.469726562500 -907.197753906250 9.058617591858
-521.644104003906 -909.017333984375 7.859421730042
-521.573303222656 -908.986450195313 7.985609531403
-513.054565429688 -905.273193359375 8.733443260193
-513.149108886719 -905.314392089844 8.898488044739
-515.133911132813 -906.179565429688 11.998933792114
-520.719360351563 -908.614257812500 4.968017578125
-520.256286621094 -908.412414550781 5.550894260406
-520.256286621094 -908.412414550781 7.549087047577
-519.259460449219 -907.977844238281 12.109764099121
-513.621826171875 -905.520446777344 9.724122047424
-515.012084960938 -906.126464843750 12.152293205261
-516.481567382813 -906.767028808594 8.985840797424
-515.041992187500 -906.139465332031 12.204495429993
-512.625732421875 -905.086242675781 7.984462738037
-515.041992187500 -906.139465332031 12.204495429993
-512.461975097656 -905.014892578125 6.781188488007
-511.197082519531 -906.759094238281 7.257756233215
-512.481079101563 -905.023193359375 7.731813430786
-512.399230957031 -905.133850097656 7.701593875885
-513.318481445313 -903.891113281250 4.883027553558
-514.732421875000 -901.979553222656 4.829063892365
-513.031066894531 -904.279724121094 7.934854984283
-512.015136718750 -905.653137207031 6.224742412567
-511.643402099609 -906.155700683594 5.779358863831
-510.970123291016 -907.065917968750 4.972653865814
-510.936157226563 -907.111816406250 4.931924819946
-515.879821777344 -900.428405761719 4.785273075104
-516.079833984375 -900.157958984375 4.777639389038
-516.259460449219 -899.915161132813 4.770784378052
-510.936157226563 -907.111816406250 7.161423683167
-511.153717041016 -906.817687988281 7.241753578186
-512.399230957031 -905.133850097656 6.684996604919
-513.259216308594 -910.537536621094 10.844874382019
-515.748596191406 -905.816284179688 4.920272350311
-517.885498046875 -901.763488769531 4.809680461884
-515.748596191406 -905.816284179688 4.920272350311
-518.091064453125 -901.373657226563 4.799042701721
-518.333129882813 -900.914611816406 4.786515712738
-518.374084472656 -900.836914062500 4.784396648407
-515.615173339844 -906.069274902344 8.367489814758
-515.615173339844 -906.069274902344 7.288698196411
-515.615173339844 -906.069274902344 8.929601669312
-515.615173339844 -906.069274902344 11.253544807434
-512.922973632813 -911.175231933594 12.124871253967
-512.922973632813 -911.175231933594 12.124871253967
-512.669677734375 -911.655639648438 10.923675537109
-513.206298828125 -910.637939453125 11.046386718750
-515.477966308594 -906.329528808594 11.229743957520
-513.259216308594 -910.537536621094 10.844874382019
-512.202819824219 -912.540954589844 10.661635398865
-510.316772460938 -916.117980957031 10.334474563599
-515.615173339844 -906.069274902344 5.136301994324
-512.630004882813 -911.730773925781 10.735734939575
-515.615173339844 -906.069274902344 8.962830543518
-512.630004882813 -911.730773925781 10.735734939575
-511.204040527344 -916.542785644531 8.311458587646
-511.042419433594 -916.472351074219 8.672776222229
-511.351898193359 -916.607238769531 7.980890274048
-514.921875000000 -918.163391113281 9.014456748962
-514.048828125000 -917.782775878906 10.570614814758
-511.524963378906 -916.682678222656 8.335094451904
-511.677856445313 -916.749328613281 8.648045539856
-513.283630371094 -917.449279785156 11.934458732605
-515.314636230469 -918.334533691406 8.314485549927
-515.153137207031 -918.264160156250 8.602308273315
-511.351898193359 -916.607238769531 7.980890274048
-511.389190673828 -916.623474121094 8.057226181030
-510.937408447266 -916.426574707031 8.907567977905
-510.542327880859 -916.254333496094 9.790908813477
-513.283630371094 -917.449279785156 11.934458732605
-511.816192626953 -916.809631347656 8.931142807007
-512.023010253906 -916.202392578125 8.658302307129
-511.897155761719 -916.126281738281 8.379508018494
-511.483398437500 -915.876159667969 8.501193046570
-511.544097900391 -915.912902832031 8.354911804199
-511.707855224609 -916.011840820313 7.960237979889
-514.230773925781 -917.536804199219 10.537939071655
-515.017944335938 -918.012634277344 9.015942573547
-513.505126953125 -917.098205566406 11.940956115723
-515.227111816406 -918.139038085938 8.611481666565
-515.382873535156 -918.233215332031 8.310382843018
-510.695404052734 -915.399902343750 10.400154113770
-511.312500000000 -915.772888183594 8.913002014160
-508.363342285156 -913.990295410156 8.831069946289
-508.086303710938 -913.822814941406 8.311279296875
-511.721649169922 -916.020202636719 7.990752696991
-511.707855224609 -916.011840820313 7.960237979889
-509.852050781250 -914.890136718750 11.624483108521
-508.886718750000 -914.306640625000 9.813158035278
-510.040588378906 -915.004089355469 11.978228569031
-513.505126953125 -917.098205566406 11.940956115723
-510.040588378906 -915.004089355469 11.978228569031
-510.626373291016 -915.358154296875 10.566559791565
-512.148498535156 -916.278198242188 8.936226844788
-530.388977050781 -895.786560058594 4.605080604553
-530.340759277344 -895.757446289063 4.604567527771
-524.971618652344 -892.512084960938 4.547428607941
-524.859558105469 -892.444335937500 4.546236515045
-528.075561523438 -894.388183593750 4.580460548401
-527.593383789063 -894.096801757813 4.575329780579
-529.705871582031 -895.373657226563 4.597810745239
-528.981750488281 -894.935974121094 4.590105056763
-525.931152343750 -893.092041015625 4.557639598846
-525.737365722656 -892.974914550781 4.555578231812
-526.625549316406 -893.511779785156 4.565030097961
-529.693054199219 -896.633056640625 4.629287719727
-529.805908203125 -896.680786132813 4.629977226257
-526.664550781250 -895.352539062500 4.610781192780
-527.360534667969 -895.646850585938 4.615034103394
-523.736694335938 -894.114624023438 4.592889308929
-523.782592773438 -894.134033203125 4.593169689178
-525.759521484375 -894.969909667969 4.605250835419
-525.901794433594 -895.030029296875 4.606120109558
-528.379699707031 -896.077758789063 4.621262073517
-529.038818359375 -896.356445312500 4.625289916992
-525.752380371094 -902.384948730469 4.790274143219
-525.791625976563 -902.310546875000 4.788242816925
-526.387268066406 -901.180847167969 4.757416725159
-528.555786132813 -897.068176269531 4.645188808441
-528.628234863281 -896.930847167969 4.641441822052
-527.566162109375 -898.945129394531 4.696407318115
-524.339477539063 -905.064636230469 4.863397598267
-529.511291503906 -895.256042480469 4.595739841461
-529.839355468750 -894.633911132813 4.578762531281
-529.877380371094 -894.561706542969 4.576792240143
-528.950683593750 -896.319213867188 4.624751567841
-526.531677246094 -900.906982421875 4.749942779541
-525.651367187500 -898.655761718750 4.697685718536
-524.663085937500 -898.058349609375 4.687168121338
-525.845153808594 -898.772888183594 4.699748516083
-527.707763671875 -899.898742675781 4.719570159912
-527.410400390625 -899.718994140625 4.716405868530
-527.219055175781 -899.603332519531 4.714369297028
-522.380310058594 -896.678588867188 4.662875175476
-522.337829589844 -896.652893066406 4.662423133850
-524.120056152344 -897.730163574219 4.681389808655
-526.946838378906 -899.438781738281 4.711472034454
-526.689575195313 -899.283264160156 4.708734035492
-519.732055664063 -901.636962890625 4.798329353333
-520.019165039063 -901.248718261719 4.787369728088
-516.253723144531 -906.339294433594 7.903646945953
-516.253723144531 -906.339294433594 7.356747627258
-516.253723144531 -906.339294433594 8.976829528809
-516.253723144531 -906.339294433594 9.834451675415
-516.253723144531 -906.339294433594 5.071634769440
-523.528442382813 -896.504516601563 4.653438091278
-524.533386230469 -895.145935058594 4.615083217621
-519.402038574219 -902.083068847656 4.810923099518
-513.112731933594 -910.585754394531 11.056664466858
-512.688354492188 -911.159423828125 11.221793174744
-516.368530273438 -906.184143066406 4.926699161530
-512.527526855469 -911.376892089844 11.284373283386
-516.070068359375 -906.587646484375 9.905924797058
-513.534362792969 -910.015686035156 10.892600059509
-509.421020507813 -915.576599121094 11.545256614685
-509.552673339844 -915.398620605469 11.593859672546
-516.368530273438 -906.184143066406 4.926699161530
-519.359619140625 -902.140441894531 4.812542915344
-510.671020507813 -913.886657714844 12.006750106812
-509.905059814453 -914.922180175781 11.723964691162
-526.015075683594 -893.142761230469 4.558533191681
-526.113464355469 -893.009765625000 4.554779052734
-526.133850097656 -892.982238769531 4.554000854492
-510.671020507813 -913.886657714844 12.006750106812
-516.253723144531 -906.339294433594 8.979913711548
-523.084716796875 -897.104370117188 4.670371532440
-516.253723144531 -906.339294433594 5.630342960358
-524.924682617188 -894.616943359375 4.600149154663
-525.928588867188 -893.259704589844 4.561834812164
-510.802215576172 -913.709289550781 11.955701828003
-516.248168945313 -899.930419921875 4.771215438843
-517.791320800781 -900.582946777344 4.780645370483
-519.768127441406 -901.418762207031 4.792725563049
-519.863586425781 -901.459106445313 4.793308734894
-524.631958007813 -903.475280761719 4.822447299957
-525.078063964844 -903.663879394531 4.825173377991
-525.215026855469 -903.721801757813 4.826010227203
-524.507080078125 -903.422485351563 4.821684360504
-519.260742187500 -901.204223632813 4.789624691010
-521.603454589844 -902.194763183594 4.803940296173
-523.246398925781 -902.889404296875 4.813980102539
-521.495483398438 -902.149108886719 4.803280830383
-524.301940917969 -903.335693359375 4.820430755615
-515.581237792969 -899.648437500000 4.767139911652
-515.614624023438 -899.662536621094 4.767343997955
-520.207214355469 -901.604370117188 4.795408248901
-519.089538574219 -908.247192382813 12.104778289795
-515.184509277344 -905.886840820313 12.210943222046
-515.256347656250 -905.930297851563 12.037836074829
-512.934143066406 -904.526611328125 5.140083789825
-517.732971191406 -907.427246093750 9.100209236145
-512.934143066406 -904.526611328125 7.988384723663
-512.934143066406 -904.526611328125 7.254610061646
-512.771301269531 -904.428222656250 7.682845115662
-512.771301269531 -904.428222656250 7.255448818207
-512.544128417969 -904.290893554688 7.256618976593
-512.934143066406 -904.526611328125 5.140083789825
-512.934143066406 -904.526611328125 7.988384723663
-512.874877929688 -904.490844726563 7.877201557159
-513.350708007813 -904.778442382813 8.770010948181
-520.480346679688 -909.087890625000 9.415640830994
-520.554687500000 -909.132812500000 9.271858215332
-516.520751953125 -906.694519042969 8.990840911865
-520.642089843750 -909.185668945313 9.102924346924
-516.520751953125 -906.694519042969 8.990840911865
-519.089538574219 -908.247192382813 12.104778289795
-515.186401367188 -905.888000488281 12.206385612488
-515.186401367188 -905.888000488281 7.243006706238
-515.186401367188 -905.888000488281 5.179722785950
-515.584045410156 -906.128356933594 11.248144149780
-515.186401367188 -905.888000488281 12.133395195007
-515.186401367188 -905.888000488281 8.951360702515
-517.721374511719 -907.420227050781 9.074481010437
-517.439636230469 -907.249938964844 9.054854393005
-513.421203613281 -904.821044921875 8.902320861816
-517.052001953125 -907.015625000000 9.027850151062
-515.161437988281 -905.872863769531 12.167565345764
-513.856811523438 -905.084350585938 9.719702720642
-521.233947753906 -909.543395996094 7.958642959595
-516.154663085938 -906.473266601563 9.873008728027
-517.721374511719 -907.420227050781 9.074481010437
-516.775817871094 -906.848693847656 9.008611679077
-511.986175537109 -903.953613281250 7.259493827820
-515.184509277344 -905.886840820313 12.210943222046
-515.186401367188 -905.888000488281 8.678933143616
-515.186401367188 -905.888000488281 8.897890090942
-517.961486816406 -907.061340332031 9.103130340576
-520.420471191406 -908.101074218750 9.091382026672
-520.420471191406 -908.101074218750 9.284996032715
-515.261535644531 -905.919738769531 12.039477348328
-515.186401367188 -905.888000488281 12.206385612488
-519.442565917969 -907.687622070313 12.115136146545
-512.638305664063 -904.810607910156 7.789864540100
-512.751342773438 -904.858398437500 7.986059665680
-513.191467285156 -905.044494628906 8.750345230103
-521.022155761719 -908.355468750000 4.960217952728
-521.744934082031 -908.661071777344 4.964634895325
-521.885375976563 -908.720458984375 4.965493202209
-520.420471191406 -908.101074218750 10.383680343628
-515.186401367188 -905.888000488281 8.678933143616
-515.186401367188 -905.888000488281 8.897890090942
-520.420471191406 -908.101074218750 4.956541538239
-517.562744140625 -906.892761230469 4.939078330994
-517.993591308594 -907.074951171875 4.941711425781
-517.562744140625 -906.892761230469 4.939078330994
-515.615173339844 -906.069274902344 5.136301994324
-515.992065429688 -906.228637695313 5.098137855530
-516.253723144531 -906.339294433594 5.071634769440
-515.186401367188 -905.888000488281 5.179722785950
-512.136230468750 -904.598327636719 6.917962551117
-511.733123779297 -904.427917480469 6.875008583069
-512.582214355469 -904.786865234375 7.692375183105
-516.904846191406 -906.614562988281 5.005700111389
-516.627258300781 -906.497192382813 9.004452705383
-517.993591308594 -907.074951171875 9.168480873108
-515.186401367188 -905.888000488281 8.951360702515
-515.186401367188 -905.888000488281 12.206385612488
-516.627258300781 -906.497192382813 9.004452705383
-515.615173339844 -906.069274902344 11.253544807434
-518.454162597656 -907.269653320313 4.944525718689
-520.311950683594 -908.055175781250 4.955878257751
-515.186401367188 -905.888000488281 12.133395195007
-513.277832031250 -905.080993652344 8.900300979614
-520.923339843750 -908.313659667969 4.959614276886
-520.420471191406 -908.101074218750 5.588432788849
-520.420471191406 -908.101074218750 7.800772190094
-519.442565917969 -907.687622070313 12.115136146545
-513.750854492188 -905.281005859375 9.721695899963
-515.159240722656 -905.876525878906 12.167346000671
-515.184387207031 -905.887145996094 12.210936546326
-512.582214355469 -904.786865234375 6.965487957001
-515.186401367188 -905.888000488281 5.179722785950
-515.186401367188 -905.888000488281 7.243006706238
-516.253723144531 -906.339294433594 9.834451675415
-516.904846191406 -906.614562988281 9.024983406067
-517.961486816406 -907.061340332031 9.103130340576
-517.629394531250 -906.920959472656 9.078569412231
-515.184387207031 -905.887145996094 12.210936546326
-512.399230957031 -905.133850097656 7.701593875885
-512.461975097656 -905.014892578125 7.698432445526
-511.286621093750 -907.244018554688 7.757660388947
-512.888854980469 -904.205322265625 7.435637950897
-512.771301269531 -904.428222656250 7.255448818207
-512.461975097656 -905.014892578125 6.781188488007
-512.399230957031 -905.133850097656 6.684996604919
-512.771301269531 -904.428222656250 7.682845115662
-512.888854980469 -904.205322265625 7.676922798157
-512.399230957031 -905.133850097656 7.701593875885
-511.251556396484 -907.310546875000 7.759428024292
-512.582214355469 -904.786865234375 7.692375183105
-512.582214355469 -904.786865234375 6.965487957001
-512.399230957031 -905.133850097656 6.684996604919
-515.798278808594 -910.095947265625 8.849717140198
-515.893066406250 -910.153198242188 8.856317520142
-514.886474609375 -909.544799804688 8.964769363403
-514.958496093750 -909.588317871094 8.791213035583
-517.336486816406 -911.025695800781 12.053352355957
-513.494689941406 -908.703552246094 11.997082710266
-512.296630859375 -907.979370117188 9.749039649963
-511.833465576172 -907.699401855469 8.879954338074
-515.955444335938 -910.190917968750 8.994466781616
-511.663848876953 -907.596923828125 8.561701774597
-511.440338134766 -907.461791992188 8.142266273499
-513.569763183594 -908.748901367188 12.137890815735
-517.336486816406 -911.025695800781 12.053352355957
-518.882324218750 -911.960021972656 9.064555168152
-519.397155761719 -912.271240234375 8.069059371948
-518.518493652344 -911.740173339844 9.767948150635
-515.893066406250 -910.153198242188 8.856317520142
-515.189208984375 -909.727783203125 8.807288169861
-515.771118164063 -910.079528808594 8.847824096680
-514.192810058594 -909.125488281250 10.636383056641
-518.876586914063 -911.956604003906 9.075619697571
-514.958496093750 -909.588317871094 8.791213035583
-513.569763183594 -908.748901367188 12.137890815735
-513.802917480469 -908.889831542969 11.575978279114
-514.049438476563 -909.038818359375 10.981945991516
-514.898132324219 -910.326110839844 8.969480514526
-514.962890625000 -910.238647460938 8.776196479797
-517.475891113281 -906.841247558594 4.938178062439
-520.460754394531 -902.805969238281 4.824260711670
-517.475891113281 -906.841247558594 4.938178062439
-514.746582031250 -910.531066894531 9.422136306763
-517.255798339844 -907.138793945313 9.042046546936
-516.921264648438 -907.591003417969 9.003263473511
-515.293945312500 -909.791076660156 8.814580917358
-514.962890625000 -910.238647460938 8.776196479797
-512.990112304688 -912.905639648438 8.937619209290
-517.467529296875 -906.852539062500 9.066600799561
-517.467529296875 -906.852539062500 9.012385368347
-521.408874511719 -901.524169921875 4.788074016571
-521.410522460938 -901.521911621094 4.788010597229
-524.629516601563 -897.170104980469 4.665156364441
-525.738342285156 -895.671142578125 4.622839450836
-517.467529296875 -906.852539062500 7.021972656250
-517.467529296875 -906.852539062500 4.948715209961
-512.846252441406 -913.100097656250 8.935217857361
-511.006195068359 -915.587768554688 9.651217460632
-512.990112304688 -912.905639648438 8.937619209290
-512.846252441406 -913.100097656250 8.935217857361
-510.522125244141 -916.242126464844 9.839566230774
-517.467529296875 -906.852539062500 8.098717689514
-517.467529296875 -906.852539062500 7.486095905304
-517.467529296875 -906.852539062500 7.137032032013
-517.274963378906 -907.112854003906 9.044274330139
-527.116210937500 -893.808349609375 4.570251464844
-527.318359375000 -893.535034179688 4.562535285950
-527.349548339844 -893.492858886719 4.561345100403
-524.185852050781 -897.769958496094 4.682089805603
-526.138488769531 -895.130126953125 4.607566356659
-517.467529296875 -906.852539062500 4.948715209961
-517.467529296875 -906.852539062500 9.066600799561
-521.077392578125 -901.972351074219 4.800725936890
-523.732177734375 -898.383300781250 4.699404716492
-525.895324707031 -895.458862304688 4.616847515106
-513.845275878906 -911.749511718750 12.113835334778
-513.845275878906 -911.749511718750 12.113835334778
-513.324645996094 -912.453369140625 10.180244445801
-514.683227539063 -910.616699218750 9.611303329468
-513.218261718750 -912.597167968750 9.785128593445
-516.598693847656 -912.195007324219 12.031709671021
-512.257873535156 -910.359619140625 11.528120040894
-512.467468261719 -910.448242187500 11.892006874084
-515.804992675781 -911.859375000000 10.417598724365
-512.583374023438 -910.497192382813 12.093265533447
-511.244750976563 -909.931213378906 9.768819808960
-514.352905273438 -911.245422363281 10.872217178345
-514.776306152344 -911.424438476563 10.739658355713
-518.273498535156 -912.903137207031 9.066291809082
-517.876586914063 -912.735290527344 9.769017219543
-512.583374023438 -910.497192382813 12.093265533447
-512.932739257813 -910.644958496094 11.316842079163
-517.804809570313 -912.704956054688 9.896107673645
-513.153381347656 -910.738220214844 10.826516151428
-513.036437988281 -910.688781738281 11.086333274841
-518.817016601563 -913.132934570313 8.103937149048
-518.550415039063 -913.020202636719 8.575960159302
-518.314270019531 -912.920349121094 8.994141578674
-510.464263916016 -909.601257324219 8.413564682007
-510.723846435547 -909.710998535156 8.864322662354
-514.250244140625 -911.202026367188 10.904352188110
-513.153381347656 -910.738220214844 11.034290313721
-513.153381347656 -910.738220214844 11.247764587402
-510.998229980469 -909.827026367188 9.340760231018
-515.804992675781 -911.859375000000 10.417598724365
-516.598693847656 -912.195007324219 12.031709671021
-513.153381347656 -910.738220214844 10.826516151428
-512.939575195313 -910.647827148438 11.301632881165
-513.153381347656 -910.738220214844 11.247764587402
-510.339965820313 -909.548645019531 8.197714805603
-512.088012695313 -911.092590332031 11.853196144104
-511.794799804688 -910.915405273438 11.302993774414
-514.115356445313 -912.317993164063 11.355236053467
-513.850158691406 -912.157714843750 11.349266052246
-516.977600097656 -914.048095703125 9.843186378479
-517.386474609375 -914.295227050781 9.052574157715
-516.862731933594 -913.978637695313 10.065295219421
-516.171569824219 -913.560913085938 11.401528358459
-512.576232910156 -911.387695312500 11.186171531677
-512.754211425781 -911.495300292969 10.757275581360
-515.856933593750 -913.370727539063 12.009948730469
-512.206909179688 -911.164489746094 12.076233863831
-515.856933593750 -913.370727539063 12.009948730469
-517.470764160156 -914.346191406250 8.889592170715
-517.846984863281 -914.573608398438 8.162251472473
-513.638122558594 -912.029541015625 11.344491958618
-510.979827880859 -910.422790527344 9.773800849915
-512.537048339844 -911.364013671875 11.280671119690
-510.493408203125 -910.128784179688 8.861076354980
-510.240142822266 -909.975708007813 8.385890007019
-512.754211425781 -911.495300292969 11.324592590332
-512.754211425781 -911.495300292969 10.943009376526
-515.576171875000 -913.200988769531 11.388123512268
-510.960388183594 -910.411010742188 9.737286567688
-512.754211425781 -911.495300292969 10.757275581360
-510.145111083984 -909.918212890625 8.207533836365
-515.576171875000 -913.200988769531 11.388123512268
-512.520996093750 -911.354309082031 11.319341659546
-512.754211425781 -911.495300292969 11.324592590332
-512.206909179688 -911.164489746094 12.076233863831
-510.889465332031 -911.505004882813 10.480057716370
-511.654724121094 -911.828552246094 11.808873176575
-513.767517089844 -912.721862792969 10.188599586487
-513.804931640625 -912.737670898438 10.202247619629
-517.408203125000 -914.261230468750 9.052909851074
-517.148681640625 -914.151489257813 9.512401580811
-512.798400878906 -912.312133789063 9.834628105164
-512.585266113281 -912.221984863281 10.308329582214
-512.410095214844 -912.147949218750 10.697583198547
-512.238525390625 -912.075378417969 11.078854560852
-512.798400878906 -912.312133789063 9.834628105164
-511.798034667969 -911.889160156250 12.057736396790
-515.740051269531 -913.555908203125 12.006520271301
-517.913452148438 -914.474853515625 8.158255577087
-517.498474121094 -914.299377441406 8.893023490906
-513.278869628906 -912.515258789063 10.010113716125
-513.582397460938 -912.643615722656 10.120976448059
-509.640838623047 -910.977050781250 8.311880111694
-509.910308837891 -911.091003417969 8.779773712158
-515.082214355469 -913.277770996094 10.668782234192
-509.596679687500 -910.958374023438 8.235170364380
-516.948730468750 -914.066955566406 9.866446495056
-516.833435058594 -914.018188476563 10.070550918579
-516.253906250000 -913.773193359375 11.096716880798
-515.740051269531 -913.555908203125 12.006520271301
-509.952728271484 -911.108886718750 8.853460311890
-510.488067626953 -911.335266113281 9.783047676086
-515.082214355469 -913.277770996094 10.668782234192
-513.135192871094 -912.454528808594 9.957629203796
-512.065063476563 -912.002075195313 11.464313507080
-511.798034667969 -911.889160156250 12.057736396790
-520.420471191406 -908.101074218750 10.383680343628
-520.256286621094 -908.412414550781 10.333006858826
-520.256286621094 -908.412414550781 4.965036869049
-520.256286621094 -908.412414550781 10.333006858826
-520.256286621094 -908.412414550781 9.263847351074
-520.420471191406 -908.101074218750 10.383680343628
-520.256286621094 -908.412414550781 9.089147567749
-520.256286621094 -908.412414550781 7.549087047577
-520.420471191406 -908.101074218750 9.091382026672
-520.420471191406 -908.101074218750 7.800772190094
-520.420471191406 -908.101074218750 4.956541538239
-520.040344238281 -908.821960449219 10.266346931458
-518.505737304688 -911.732421875000 9.792629241943
-517.215332031250 -914.179687500000 9.394306182861
-517.210510253906 -914.188903808594 9.392811775208
-517.958679199219 -912.770019531250 9.623751640320
-517.446228027344 -913.741821289063 9.465579986572
-525.808349609375 -897.882629394531 4.677700996399
-525.860107421875 -897.784423828125 4.675022125244
-526.743408203125 -896.109252929688 4.629309177399
-520.420471191406 -908.101074218750 9.284996032715
-520.256286621094 -908.412414550781 5.550894260406
-520.420471191406 -908.101074218750 5.588432788849
-516.752136230469 -915.058227539063 9.251314163208
-516.040893554688 -916.407104492188 9.031763076782
-515.151733398438 -918.093505859375 8.757287979126
-515.078796386719 -918.231750488281 8.734779357910
-523.653686523438 -901.969055175781 4.789210796356
-523.982360839844 -901.345703125000 4.772200584412
-522.160461425781 -904.801025390625 4.866489887238
-522.547363281250 -904.067260742188 4.846467018127
-525.461303710938 -898.540893554688 4.695662975311
-527.954528808594 -893.812316894531 4.566629886627
-527.981994628906 -893.760253906250 4.565209865570
-527.055297851563 -895.517761230469 4.613168716431
-527.753479003906 -894.193542480469 4.577033519745
-517.987731933594 -912.714904785156 9.632720947266
-518.459899902344 -911.819396972656 9.778474807739
-514.773071289063 -918.811584472656 8.640406608582
-520.420471191406 -908.101074218750 4.956541538239
-523.182617187500 -902.862487792969 4.813590526581
-520.256286621094 -908.412414550781 4.965036869049
-511.471405029297 -907.836730957031 8.474949836731
-511.613800048828 -907.566650390625 8.467774391174
-513.302185058594 -904.364562988281 4.894912242889
-514.130920410156 -902.792724609375 4.852019786835
-513.302185058594 -904.364562988281 4.894912242889
-512.988830566406 -904.958801269531 8.398484230042
-513.148437500000 -904.656127929688 8.390441894531
-513.148437500000 -904.656127929688 5.143855094910
-512.866333007813 -905.191101074219 8.404656410217
-507.888763427734 -914.631347656250 8.655484199524
-508.259796142578 -913.927673339844 8.636787414551
-511.078979492188 -908.580932617188 8.494724273682
-511.109161376953 -908.523681640625 8.493203163147
-510.527038574219 -909.627746582031 8.522538185120
-509.783721923828 -911.037475585938 8.559993743896
-510.318572998047 -910.023071289063 8.533041954041
-514.553222656250 -901.991882324219 4.830165386200
-515.655456542969 -899.901428222656 4.773122787476
-515.750976562500 -899.720214843750 4.768177509308
-513.148437500000 -904.656127929688 5.143855094910
-513.148437500000 -904.656127929688 7.253506183624
-513.148437500000 -904.656127929688 8.390441894531
-515.425109863281 -900.338256835938 4.785042762756
-515.762451171875 -899.698547363281 4.767585277557
-509.747528076172 -911.106140136719 8.561819076538
-511.423858642578 -915.023071289063 9.488696098328
-510.990661621094 -914.839904785156 10.451370239258
-512.122497558594 -915.318481445313 7.936184883118
-512.111022949219 -915.313598632813 7.961631298065
-512.617736816406 -915.527893066406 8.943405151367
-511.949920654297 -915.245483398438 8.319668769836
-512.111022949219 -915.313598632813 8.929848670959
-511.949920654297 -915.245483398438 8.925539016724
-514.978454589844 -916.526000976563 10.403672218323
-514.100341796875 -916.154724121094 11.958418846130
-516.187988281250 -917.037414550781 8.261981964111
-515.940673828125 -916.932861328125 8.699925422668
-512.274597167969 -915.382812500000 8.934225082397
-511.680511474609 -915.131591796875 8.918332099915
-515.795959472656 -916.871704101563 8.956151962280
-511.912841796875 -915.229858398438 8.402031898499
-511.680511474609 -915.131591796875 8.918332099915
-512.368103027344 -915.422302246094 8.435702323914
-512.484313964844 -915.471435546875 8.672008514404
-512.122497558594 -915.318481445313 7.936184883118
-515.755737304688 -916.854675292969 9.027353286743
-514.100341796875 -916.154724121094 11.958418846130
-512.617736816406 -915.527893066406 8.943405151367
-510.102691650391 -914.464477539063 11.650119781494
-510.210052490234 -914.509887695313 11.836565017700
-508.364318847656 -913.729431152344 8.631520271301
-508.480194091797 -913.778442382813 8.832715988159
-510.298370361328 -914.547180175781 11.989890098572
-510.899749755859 -914.801452636719 10.653432846069
-510.298370361328 -914.547180175781 11.989890098572
-508.177246093750 -913.650329589844 8.306696891785
-509.043121337891 -914.016479492188 9.810217857361
-510.635314941406 -915.513854980469 10.389728546143
-510.929351806641 -915.691589355469 9.681114196777
-511.954376220703 -916.311157226563 8.656261444092
-511.825561523438 -916.233337402344 8.370963096619
-511.406555175781 -915.980041503906 8.531089782715
-511.482910156250 -916.026184082031 8.347093582153
-511.641845703125 -916.122253417969 7.964067935944
-514.153930664063 -917.640686035156 10.551736831665
-514.948791503906 -918.121154785156 9.014873504639
-513.436462402344 -917.207031250000 11.938941955566
-515.161621093750 -918.249816894531 8.603363037109
-515.268981933594 -918.314636230469 8.395869255066
-511.248474121094 -915.884521484375 8.912074089050
-515.091613769531 -918.207458496094 8.738735198975
-508.199676513672 -914.041687011719 8.639816284180
-508.026214599609 -913.936828613281 8.314308166504
-515.310913085938 -918.340026855469 8.314706802368
-511.659515380859 -916.132934570313 8.003176689148
-511.641845703125 -916.122253417969 7.964067935944
-509.786773681641 -915.000976562500 11.617806434631
-508.825622558594 -914.420043945313 9.814307212830
-509.977355957031 -915.116149902344 11.975367546082
-513.436462402344 -917.207031250000 11.938941955566
-509.977355957031 -915.116149902344 11.975367546082
-510.569427490234 -915.474060058594 10.548471450806
-508.301147460938 -914.103027343750 8.830194473267
-509.828247070313 -915.026062011719 11.695598602295
-512.080322265625 -916.387268066406 8.935182571411
-516.935668945313 -911.660949707031 12.041594505310
-517.286560058594 -910.995483398438 11.942747116089
-519.105773925781 -907.545166015625 5.831996917725
-519.105773925781 -907.545166015625 4.948507785797
-524.589172363281 -897.145690917969 4.664726257324
-525.436096191406 -895.539428710938 4.620893955231
-513.771484375000 -917.661926269531 11.064857482910
-513.553894042969 -918.074645996094 10.997680664063
-516.207458496094 -913.042053222656 11.816797256470
-516.070861816406 -913.301086425781 11.774638175964
-514.481262207031 -916.315795898438 11.283954620361
-513.932556152344 -917.356567382813 11.114562034607
-513.872436523438 -917.470520019531 11.096009254456
-522.198059082031 -901.680541992188 4.788473606110
-522.314331054688 -901.459960937500 4.782454490662
-519.105773925781 -907.545166015625 4.948507785797
-521.328186035156 -903.330322265625 4.833492279053
-522.729919433594 -900.671752929688 4.760946273804
-524.242065429688 -897.803955078125 4.682688236237
-524.444091796875 -897.420776367188 4.672233104706
-515.991333007813 -913.451965332031 11.750084877014
-516.935668945313 -911.660949707031 12.041594505310
-515.900695800781 -913.623840332031 11.722108840942
-514.993225097656 -915.344909667969 11.441982269287
-519.105773925781 -907.545166015625 9.187764167786
-519.105773925781 -907.545166015625 9.056212425232
-519.105773925781 -907.545166015625 7.660674095154
-519.105773925781 -907.545166015625 7.232377052307
-519.105773925781 -907.545166015625 11.430226325989
-516.643981933594 -912.214111328125 11.951554298401
-519.105773925781 -907.545166015625 11.430226325989
-518.948974609375 -907.842529296875 11.474395751953
-518.821166992188 -908.085021972656 11.510412216187
-521.867980957031 -902.306579589844 4.805556774139
-525.553527832031 -895.316772460938 4.614818572998
-526.534301757813 -893.456604003906 4.564058780670
-526.647216796875 -893.242431640625 4.558214664459
-526.667297363281 -893.204406738281 4.557176113129
-525.740600585938 -894.961914062500 4.605134963989
-525.907653808594 -894.645141601563 4.596491813660
-514.450012207031 -917.240356445313 10.498560905457
-514.076965332031 -917.082641601563 11.159147262573
-515.696533203125 -917.767395019531 8.291527748108
-515.496948242188 -917.682983398438 8.644922256470
-513.633300781250 -916.895019531250 11.944716453552
-515.391662597656 -917.638488769531 8.831344604492
-511.500671386719 -915.993286132813 8.349363327026
-511.421508789063 -915.959838867188 8.525272369385
-511.674896240234 -916.066955566406 7.962150096893
-511.260467529297 -915.891723632813 8.883169174194
-507.811859130859 -914.433593750000 8.394645690918
-507.959991455078 -914.496276855469 8.651894569397
-508.631530761719 -914.780212402344 9.817956924438
-509.660614013672 -915.215270996094 11.604899406433
-509.871185302734 -915.304321289063 11.970564842224
-512.088073730469 -916.241699218750 8.802352905273
-512.153930664063 -916.269531250000 8.936309814453
-513.633300781250 -916.895019531250 11.944716453552
-510.895477294922 -915.737426757813 9.694299697876
-510.586364746094 -915.606750488281 10.381237030029
-511.879089355469 -916.153320312500 8.377349853516
-512.017150878906 -916.211669921875 8.658127784729
-511.247467041016 -915.886230468750 8.912059783936
-511.674896240234 -916.066955566406 7.962150096893
-511.691894531250 -916.074157714844 7.996699810028
-509.871185302734 -915.304321289063 11.970564842224
-510.518402099609 -915.578002929688 10.532252311707
-515.285034179688 -917.593444824219 9.020073890686
-508.060729980469 -914.538818359375 8.826807022095
-509.681671142578 -915.224182128906 11.641484260559
-524.299316406250 -905.126220703125 4.865111351013
-522.242187500000 -908.281250000000 4.952952384949
-522.242187500000 -908.281250000000 0.000000000000
-524.299316406250 -905.126220703125 0.000000000000
-530.856201171875 -895.077148437500 4.585308551788
-530.820312500000 -895.125000000000 4.586661815643
-530.820312500000 -895.125000000000 0.000000000000
-530.856201171875 -895.077148437500 0.000000000000
-530.904113769531 -894.995788574219 4.583066463470
-530.914062500000 -895.000000000000 4.583127498627
-530.914062500000 -895.000000000000 0.000000000000
-530.904113769531 -894.995788574219 0.000000000000
-526.250000000000 -893.031250000000 4.554708480835
-526.257812500000 -893.031250000000 4.554673671722
-526.257812500000 -893.031250000000 0.000000000000
-526.250000000000 -893.031250000000 0.000000000000
-526.133850097656 -892.982238769531 4.554000854492
-526.250000000000 -893.031250000000 4.554708480835
-526.250000000000 -893.031250000000 0.000000000000
-526.133850097656 -892.982238769531 0.000000000000
-524.687927246094 -892.388427734375 4.545602798462
-524.695312500000 -892.375000000000 4.545235633850
-524.695312500000 -892.375000000000 0.000000000000
-524.687927246094 -892.388427734375 0.000000000000
-519.328979492188 -901.111938476563 4.787020206451
-521.492187500000 -898.187500000000 4.704461097717
-521.492187500000 -898.187500000000 0.000000000000
-519.328979492188 -901.111938476563 0.000000000000
-518.976867675781 -901.099670410156 4.788277149200
-519.250000000000 -901.218750000000 4.790035247803
-519.250000000000 -901.218750000000 0.000000000000
-518.976867675781 -901.099670410156 0.000000000000
-515.581237792969 -899.648437500000 4.767139911652
-515.593750000000 -899.625000000000 4.766499519348
-515.593750000000 -899.625000000000 0.000000000000
-515.581237792969 -899.648437500000 0.000000000000
-511.440338134766 -907.461791992188 8.142266273499
-511.453125000000 -907.437500000000 8.141620635986
-511.453125000000 -907.437500000000 0.000000000000
-511.440338134766 -907.461791992188 0.000000000000
-507.789062500000 -914.375000000000 8.317334175110
-507.828125000000 -914.312500000000 8.324290275574
-507.828125000000 -914.312500000000 0.000000000000
-507.789062500000 -914.375000000000 0.000000000000
-507.811859130859 -914.433593750000 8.394645690918
-507.789062500000 -914.375000000000 8.317334175110
-507.789062500000 -914.375000000000 0.000000000000
-507.811859130859 -914.433593750000 0.000000000000
-507.971588134766 -914.700439453125 8.825551033020
-507.898437500000 -914.656250000000 8.688305854797
-507.898437500000 -914.656250000000 0.000000000000
-507.971588134766 -914.700439453125 0.000000000000
-515.310913085938 -918.340026855469 8.314706802368
-514.929687500000 -918.906250000000 8.337625503540
-514.929687500000 -918.906250000000 0.000000000000
-515.310913085938 -918.340026855469 0.000000000000
-521.531250000000 -909.156250000000 7.891948699951
-521.515625000000 -909.125000000000 7.941708087921
-521.515625000000 -909.125000000000 0.000000000000
-521.531250000000 -909.156250000000 0.000000000000
-521.644104003906 -909.017333984375 7.859421730042
-521.531250000000 -909.156250000000 7.891948699951
-521.531250000000 -909.156250000000 0.000000000000
-521.644104003906 -909.017333984375 0.000000000000
-511.986175537109 -903.953613281250 7.259493827820
-512.078125000000 -903.781250000000 7.399239540100
-512.078125000000 -903.781250000000 0.000000000000
-511.986175537109 -903.953613281250 -0.000000000000
-510.936157226563 -907.111816406250 4.931924819946
-510.460937500000 -906.812500000000 4.941819667816
-510.460937500000 -906.812500000000 0.000000000000
-510.936157226563 -907.111816406250 0.000000000000
-513.061462402344 -904.295593261719 4.940763950348
-513.093750000000 -904.312500000000 4.939612388611
-513.093750000000 -904.312500000000 0.000000000000
-513.061462402344 -904.295593261719 0.000000000000
-518.734924316406 -900.994201660156 4.786719322205
-518.976867675781 -901.099670410156 4.788277149200
-518.976867675781 -901.099670410156 0.000000000000
-518.734924316406 -900.994201660156 0.000000000000
-526.667297363281 -893.204406738281 4.557176113129
-526.779846191406 -893.252014160156 4.557864189148
-526.779846191406 -893.252014160156 -0.000000000000
-526.667297363281 -893.204406738281 0.000000000000
-510.460937500000 -906.812500000000 4.941819667816
-510.477966308594 -906.780578613281 4.967719078064
-510.477966308594 -906.780578613281 -0.000000000000
-510.460937500000 -906.812500000000 0.000000000000
-513.093750000000 -904.312500000000 4.939612388611
-513.122741699219 -904.258117675781 4.893052101135
-513.122741699219 -904.258117675781 0.000000000000
-513.093750000000 -904.312500000000 0.000000000000
-511.361755371094 -907.379943847656 7.968387603760
-511.321014404297 -907.354248046875 7.891112804413
-511.321014404297 -907.354248046875 0.000000000000
-511.361755371094 -907.379943847656 -0.000000000000
-511.111053466797 -908.086242675781 8.158858299255
-511.386383056641 -907.564025878906 8.144983291626
-511.386383056641 -907.564025878906 0.000000000000
-511.111053466797 -908.086242675781 0.000000000000
-509.186889648438 -911.735534667969 8.255820274353
-509.506927490234 -911.128540039063 8.239692687988
-509.506927490234 -911.128540039063 0.000000000000
-509.186889648438 -911.735534667969 0.000000000000
-510.267761230469 -916.088378906250 10.452604293823
-509.642181396484 -915.710266113281 11.960204124451
-509.642181396484 -915.710266113281 0.000000000000
-510.267761230469 -916.088378906250 0.000000000000
-512.078125000000 -903.781250000000 7.399239540100
-512.752441406250 -904.133972167969 7.429513454437
-512.752441406250 -904.133972167969 -0.000000000000
-512.078125000000 -903.781250000000 0.000000000000
-511.302459716797 -905.235168457031 6.220558166504
-511.310058593750 -905.220886230469 6.232133388519
-511.310058593750 -905.220886230469 0.000000000000
-511.302459716797 -905.235168457031 0.000000000000
-517.846984863281 -914.573608398438 8.162251472473
-517.032958984375 -915.782531738281 8.211186408997
-517.032958984375 -915.782531738281 0.000000000000
-517.846984863281 -914.573608398438 0.000000000000
-519.255310058594 -912.481933593750 8.077587127686
-519.161987304688 -912.620544433594 8.083196640015
-519.161987304688 -912.620544433594 0.000000000000
-519.255310058594 -912.481933593750 0.000000000000
-513.553894042969 -918.074645996094 10.997680664063
-513.072570800781 -917.783752441406 11.928267478943
-513.072570800781 -917.783752441406 0.000000000000
-513.553894042969 -918.074645996094 0.000000000000
-511.330169677734 -916.730529785156 8.069024085999
-511.291961669922 -916.707458496094 7.984367370605
-511.291961669922 -916.707458496094 0.000000000000
-511.330169677734 -916.730529785156 0.000000000000
-519.397155761719 -912.271240234375 8.069059371948
-519.255310058594 -912.481933593750 8.077587127686
-519.255310058594 -912.481933593750 0.000000000000
-519.397155761719 -912.271240234375 0.000000000000
-510.477966308594 -906.780578613281 4.967719078064
-511.018310546875 -905.767761230469 5.788802146912
-511.018310546875 -905.767761230469 0.000000000000
-510.477966308594 -906.780578613281 -0.000000000000
-525.923400878906 -892.893371582031 4.552718162537
-525.934082031250 -892.897888183594 4.552783489227
-525.934082031250 -892.897888183594 0.000000000000
-525.923400878906 -892.893371582031 0.000000000000
-526.048400878906 -902.443603515625 4.790423870087
-525.783508300781 -902.849975585938 4.801737308502
-525.783508300781 -902.849975585938 0.000000000000
-526.048400878906 -902.443603515625 0.000000000000
-527.981994628906 -893.760253906250 4.565209865570
-528.345031738281 -893.913757324219 4.567428588867
-528.345031738281 -893.913757324219 0.000000000000
-527.981994628906 -893.760253906250 0.000000000000
-509.421020507813 -915.576599121094 11.545256614685
-508.501770019531 -915.020935058594 9.820397377014
-508.501770019531 -915.020935058594 0.000000000000
-509.421020507813 -915.576599121094 0.000000000000
-514.773071289063 -918.811584472656 8.640406608582
-514.582336425781 -918.696289062500 9.009205818176
-514.582336425781 -918.696289062500 0.000000000000
-514.773071289063 -918.811584472656 0.000000000000
-513.072570800781 -917.783752441406 11.928267478943
-511.718750000000 -916.965393066406 8.929651260376
-511.718750000000 -916.965393066406 0.000000000000
-513.072570800781 -917.783752441406 0.000000000000
-508.501770019531 -915.020935058594 9.820397377014
-507.971588134766 -914.700439453125 8.825551033020
-507.971588134766 -914.700439453125 0.000000000000
-508.501770019531 -915.020935058594 0.000000000000
-510.999359130859 -916.530578613281 8.689541816711
-510.909057617188 -916.476013183594 8.907156944275
-510.909057617188 -916.476013183594 0.000000000000
-510.999359130859 -916.530578613281 0.000000000000
-524.859558105469 -892.444335937500 4.546236515045
-525.923400878906 -892.893371582031 4.552718162537
-525.923400878906 -892.893371582031 0.000000000000
-524.859558105469 -892.444335937500 -0.000000000000
-523.736694335938 -894.114624023438 4.592889308929
-523.927429199219 -893.768371582031 4.583405017853
-523.927429199219 -893.768371582031 0.000000000000
-523.736694335938 -894.114624023438 0.000000000000
-529.877380371094 -894.561706542969 4.576792240143
-530.172363281250 -894.686401367188 4.578594684601
-530.172363281250 -894.686401367188 0.000000000000
-529.877380371094 -894.561706542969 0.000000000000
-509.642181396484 -915.710266113281 11.960204124451
-509.440826416016 -915.588562011719 11.582419395447
-509.440826416016 -915.588562011719 0.000000000000
-509.642181396484 -915.710266113281 0.000000000000
-511.718750000000 -916.965393066406 8.929651260376
-511.590423583984 -916.887878417969 8.645447731018
-511.590423583984 -916.887878417969 0.000000000000
-511.718750000000 -916.965393066406 0.000000000000
-510.316772460938 -916.117980957031 10.334474563599
-510.267761230469 -916.088378906250 10.452604293823
-510.267761230469 -916.088378906250 0.000000000000
-510.316772460938 -916.117980957031 0.000000000000
-511.018310546875 -905.767761230469 5.788802146912
-511.302459716797 -905.235168457031 6.220558166504
-511.302459716797 -905.235168457031 0.000000000000
-511.018310546875 -905.767761230469 0.000000000000
-511.251556396484 -907.310546875000 7.759428024292
-511.164855957031 -907.255920410156 7.595084190369
-511.164855957031 -907.255920410156 0.000000000000
-511.251556396484 -907.310546875000 -0.000000000000
-510.339965820313 -909.548645019531 8.197714805603
-511.111053466797 -908.086242675781 8.158858299255
-511.111053466797 -908.086242675781 0.000000000000
-510.339965820313 -909.548645019531 0.000000000000
-519.260742187500 -901.204223632813 4.789624691010
-519.328979492188 -901.111938476563 4.787020206451
-519.328979492188 -901.111938476563 0.000000000000
-519.260742187500 -901.204223632813 0.000000000000
-514.344238281250 -901.967834472656 4.830492973328
-515.233581542969 -900.300292968750 4.784945487976
-515.233581542969 -900.300292968750 0.000000000000
-514.344238281250 -901.967834472656 0.000000000000
-518.374084472656 -900.836914062500 4.784396648407
-518.734924316406 -900.994201660156 4.786719322205
-518.734924316406 -900.994201660156 0.000000000000
-518.374084472656 -900.836914062500 0.000000000000
-526.894409179688 -901.146118164063 4.754299163818
-526.048400878906 -902.443603515625 4.790423870087
-526.048400878906 -902.443603515625 0.000000000000
-526.894409179688 -901.146118164063 0.000000000000
-513.318481445313 -903.891113281250 4.883027553558
-514.322998046875 -902.007629394531 4.831580638885
-514.322998046875 -902.007629394531 0.000000000000
-513.318481445313 -903.891113281250 0.000000000000
-527.707763671875 -899.898742675781 4.719570159912
-526.894409179688 -901.146118164063 4.754299163818
-526.894409179688 -901.146118164063 0.000000000000
-527.707763671875 -899.898742675781 0.000000000000
-511.291961669922 -916.707458496094 7.984367370605
-511.158630371094 -916.626892089844 8.305657386780
-511.158630371094 -916.626892089844 0.000000000000
-511.291961669922 -916.707458496094 0.000000000000
-511.590423583984 -916.887878417969 8.645447731018
-511.446044921875 -916.800598144531 8.325679779053
-511.446044921875 -916.800598144531 0.000000000000
-511.590423583984 -916.887878417969 0.000000000000
-508.177246093750 -913.650329589844 8.306696891785
-509.186889648438 -911.735534667969 8.255820274353
-509.186889648438 -911.735534667969 0.000000000000
-508.177246093750 -913.650329589844 0.000000000000
-514.929687500000 -918.906250000000 8.337625503540
-514.814514160156 -918.836608886719 8.560333251953
-514.814514160156 -918.836608886719 0.000000000000
-514.929687500000 -918.906250000000 0.000000000000
-511.446044921875 -916.800598144531 8.325679779053
-511.330169677734 -916.730529785156 8.069024085999
-511.330169677734 -916.730529785156 0.000000000000
-511.446044921875 -916.800598144531 0.000000000000
-524.695312500000 -892.375000000000 4.545235633850
-524.741210937500 -892.394409179688 4.545515537262
-524.741210937500 -892.394409179688 0.000000000000
-524.695312500000 -892.375000000000 0.000000000000
-530.914062500000 -895.000000000000 4.583127498627
-530.856201171875 -895.077148437500 4.585308551788
-530.856201171875 -895.077148437500 0.000000000000
-530.914062500000 -895.000000000000 0.000000000000
-523.927429199219 -893.768371582031 4.583405017853
-524.687927246094 -892.388427734375 4.545602798462
-524.687927246094 -892.388427734375 0.000000000000
-523.927429199219 -893.768371582031 0.000000000000
-511.158630371094 -916.626892089844 8.305657386780
-510.999359130859 -916.530578613281 8.689541816711
-510.999359130859 -916.530578613281 0.000000000000
-511.158630371094 -916.626892089844 0.000000000000
-527.349548339844 -893.492858886719 4.561345100403
-527.875610351563 -893.715270996094 4.564559936523
-527.875610351563 -893.715270996094 0.000000000000
-527.349548339844 -893.492858886719 0.000000000000
-530.172363281250 -894.686401367188 4.578594684601
-530.904113769531 -894.995788574219 4.583066463470
-530.904113769531 -894.995788574219 0.000000000000
-530.172363281250 -894.686401367188 0.000000000000
-514.582336425781 -918.696289062500 9.009205818176
-513.746704101563 -918.191223144531 10.624864578247
-513.746704101563 -918.191223144531 0.000000000000
-514.582336425781 -918.696289062500 0.000000000000
-528.345031738281 -893.913757324219 4.567428588867
-529.306396484375 -894.320251464844 4.573303222656
-529.306396484375 -894.320251464844 0.000000000000
-528.345031738281 -893.913757324219 0.000000000000
-521.515625000000 -909.125000000000 7.941708087921
-521.444885253906 -909.230041503906 7.945960998535
-521.444885253906 -909.230041503906 0.000000000000
-521.515625000000 -909.125000000000 0.000000000000
-529.805908203125 -896.680786132813 4.629977226257
-529.418334960938 -897.275268554688 4.646527767181
-529.418334960938 -897.275268554688 0.000000000000
-529.805908203125 -896.680786132813 0.000000000000
-522.696655273438 -896.001770019531 4.644586563110
-523.432739257813 -894.666137695313 4.607997894287
-523.432739257813 -894.666137695313 0.000000000000
-522.696655273438 -896.001770019531 -0.000000000000
-529.418334960938 -897.275268554688 4.646527767181
-528.113708496094 -899.276123046875 4.702234745026
-528.113708496094 -899.276123046875 0.000000000000
-529.418334960938 -897.275268554688 0.000000000000
-522.337829589844 -896.652893066406 4.662423133850
-522.696655273438 -896.001770019531 4.644586563110
-522.696655273438 -896.001770019531 -0.000000000000
-522.337829589844 -896.652893066406 0.000000000000
-524.339477539063 -905.064636230469 4.863397598267
-524.299316406250 -905.126220703125 4.865111351013
-524.299316406250 -905.126220703125 0.000000000000
-524.339477539063 -905.064636230469 0.000000000000
-515.233581542969 -900.300292968750 4.784945487976
-515.497314453125 -899.805847167969 4.771439552307
-515.497314453125 -899.805847167969 0.000000000000
-515.233581542969 -900.300292968750 0.000000000000
-514.322998046875 -902.007629394531 4.831580638885
-514.344238281250 -901.967834472656 4.830492973328
-514.344238281250 -901.967834472656 0.000000000000
-514.322998046875 -902.007629394531 0.000000000000
-511.453125000000 -907.437500000000 8.141620635986
-511.361755371094 -907.379943847656 7.968387603760
-511.361755371094 -907.379943847656 -0.000000000000
-511.453125000000 -907.437500000000 0.000000000000
-513.031066894531 -904.279724121094 7.934854984283
-513.061462402344 -904.295593261719 7.990004062653
-513.061462402344 -904.295593261719 -0.000000000000
-513.031066894531 -904.279724121094 0.000000000000
-515.593750000000 -899.625000000000 4.766499519348
-515.627258300781 -899.639587402344 4.766715049744
-515.627258300781 -899.639587402344 0.000000000000
-515.593750000000 -899.625000000000 0.000000000000
-521.885375976563 -908.720458984375 4.965493202209
-521.644104003906 -909.017333984375 4.973970413208
-521.644104003906 -909.017333984375 0.000000000000
-521.885375976563 -908.720458984375 0.000000000000
-511.310058593750 -905.220886230469 6.232133388519
-511.616577148438 -904.646362304688 6.697899818420
-511.616577148438 -904.646362304688 -0.000000000000
-511.310058593750 -905.220886230469 0.000000000000
-513.122741699219 -904.258117675781 4.893052101135
-513.318481445313 -903.891113281250 4.883027553558
-513.318481445313 -903.891113281250 0.000000000000
-513.122741699219 -904.258117675781 0.000000000000
-512.888854980469 -904.205322265625 7.676922798157
-513.031066894531 -904.279724121094 7.934854984283
-513.031066894531 -904.279724121094 0.000000000000
-512.888854980469 -904.205322265625 -0.000000000000
-515.762451171875 -899.698547363281 4.767585277557
-516.259460449219 -899.915161132813 4.770784378052
-516.259460449219 -899.915161132813 0.000000000000
-515.762451171875 -899.698547363281 0.000000000000
-511.164855957031 -907.255920410156 7.595084190369
-510.936157226563 -907.111816406250 7.161423683167
-510.936157226563 -907.111816406250 0.000000000000
-511.164855957031 -907.255920410156 0.000000000000
-517.791320800781 -900.582946777344 4.780645370483
-518.374084472656 -900.836914062500 4.784396648407
-518.374084472656 -900.836914062500 0.000000000000
-517.791320800781 -900.582946777344 0.000000000000
-510.522125244141 -916.242126464844 9.839566230774
-510.316772460938 -916.117980957031 10.334474563599
-510.316772460938 -916.117980957031 0.000000000000
-510.522125244141 -916.242126464844 0.000000000000
-515.382873535156 -918.233215332031 8.310382843018
-515.314636230469 -918.334533691406 8.314485549927
-515.314636230469 -918.334533691406 0.000000000000
-515.382873535156 -918.233215332031 0.000000000000
-510.909057617188 -916.476013183594 8.907156944275
-510.542327880859 -916.254333496094 9.790908813477
-510.542327880859 -916.254333496094 0.000000000000
-510.909057617188 -916.476013183594 0.000000000000
-515.696533203125 -917.767395019531 8.291527748108
-515.382873535156 -918.233215332031 8.310382843018
-515.382873535156 -918.233215332031 0.000000000000
-515.696533203125 -917.767395019531 0.000000000000
-508.026214599609 -913.936828613281 8.314308166504
-508.086303710938 -913.822814941406 8.311279296875
-508.086303710938 -913.822814941406 0.000000000000
-508.026214599609 -913.936828613281 0.000000000000
-530.820312500000 -895.125000000000 4.586661815643
-530.388977050781 -895.786560058594 4.605080604553
-530.388977050781 -895.786560058594 0.000000000000
-530.820312500000 -895.125000000000 0.000000000000
-524.741210937500 -892.394409179688 4.545515537262
-524.859558105469 -892.444335937500 4.546236515045
-524.859558105469 -892.444335937500 -0.000000000000
-524.741210937500 -892.394409179688 0.000000000000
-530.388977050781 -895.786560058594 4.605080604553
-529.805908203125 -896.680786132813 4.629977226257
-529.805908203125 -896.680786132813 0.000000000000
-530.388977050781 -895.786560058594 0.000000000000
-523.432739257813 -894.666137695313 4.607997894287
-523.736694335938 -894.114624023438 4.592889308929
-523.736694335938 -894.114624023438 0.000000000000
-523.432739257813 -894.666137695313 0.000000000000
-525.215026855469 -903.721801757813 4.826010227203
-524.339477539063 -905.064636230469 4.863397598267
-524.339477539063 -905.064636230469 0.000000000000
-525.215026855469 -903.721801757813 0.000000000000
-529.306396484375 -894.320251464844 4.573303222656
-529.877380371094 -894.561706542969 4.576792240143
-529.877380371094 -894.561706542969 0.000000000000
-529.306396484375 -894.320251464844 0.000000000000
-528.113708496094 -899.276123046875 4.702234745026
-527.707763671875 -899.898742675781 4.719570159912
-527.707763671875 -899.898742675781 0.000000000000
-528.113708496094 -899.276123046875 0.000000000000
-521.492187500000 -898.187500000000 4.704461097717
-522.337829589844 -896.652893066406 4.662423133850
-522.337829589844 -896.652893066406 0.000000000000
-521.492187500000 -898.187500000000 0.000000000000
-509.440826416016 -915.588562011719 11.582419395447
-509.421020507813 -915.576599121094 11.545256614685
-509.421020507813 -915.576599121094 0.000000000000
-509.440826416016 -915.588562011719 0.000000000000
-525.934082031250 -892.897888183594 4.552783489227
-526.133850097656 -892.982238769531 4.554000854492
-526.133850097656 -892.982238769531 0.000000000000
-525.934082031250 -892.897888183594 0.000000000000
-516.259460449219 -899.915161132813 4.770784378052
-517.791320800781 -900.582946777344 4.780645370483
-517.791320800781 -900.582946777344 0.000000000000
-516.259460449219 -899.915161132813 0.000000000000
-525.783508300781 -902.849975585938 4.801737308502
-525.215026855469 -903.721801757813 4.826010227203
-525.215026855469 -903.721801757813 0.000000000000
-525.783508300781 -902.849975585938 0.000000000000
-519.250000000000 -901.218750000000 4.790035247803
-519.260742187500 -901.204223632813 4.789624691010
-519.260742187500 -901.204223632813 0.000000000000
-519.250000000000 -901.218750000000 0.000000000000
-515.497314453125 -899.805847167969 4.771439552307
-515.581237792969 -899.648437500000 4.767139911652
-515.581237792969 -899.648437500000 0.000000000000
-515.497314453125 -899.805847167969 0.000000000000
-521.444885253906 -909.230041503906 7.945960998535
-521.233947753906 -909.543395996094 7.958642959595
-521.233947753906 -909.543395996094 0.000000000000
-521.444885253906 -909.230041503906 0.000000000000
-511.733123779297 -904.427917480469 6.875008583069
-511.986175537109 -903.953613281250 7.259493827820
-511.986175537109 -903.953613281250 -0.000000000000
-511.733123779297 -904.427917480469 0.000000000000
-522.242187500000 -908.281250000000 4.952952384949
-521.885375976563 -908.720458984375 4.965493202209
-521.885375976563 -908.720458984375 0.000000000000
-522.242187500000 -908.281250000000 0.000000000000
-511.616577148438 -904.646362304688 6.697899818420
-511.733123779297 -904.427917480469 6.875008583069
-511.733123779297 -904.427917480469 0.000000000000
-511.616577148438 -904.646362304688 -0.000000000000
-512.752441406250 -904.133972167969 7.429513454437
-512.888854980469 -904.205322265625 7.435637950897
-512.888854980469 -904.205322265625 -0.000000000000
-512.752441406250 -904.133972167969 -0.000000000000
-511.321014404297 -907.354248046875 7.891112804413
-511.251556396484 -907.310546875000 7.759428024292
-511.251556396484 -907.310546875000 -0.000000000000
-511.321014404297 -907.354248046875 0.000000000000
-511.386383056641 -907.564025878906 8.144983291626
-511.440338134766 -907.461791992188 8.142266273499
-511.440338134766 -907.461791992188 0.000000000000
-511.386383056641 -907.564025878906 0.000000000000
-521.233947753906 -909.543395996094 7.958642959595
-519.397155761719 -912.271240234375 8.069059371948
-519.397155761719 -912.271240234375 0.000000000000
-521.233947753906 -909.543395996094 0.000000000000
-510.542327880859 -916.254333496094 9.790908813477
-510.522125244141 -916.242126464844 9.839566230774
-510.522125244141 -916.242126464844 0.000000000000
-510.542327880859 -916.254333496094 0.000000000000
-526.779846191406 -893.252014160156 4.557864189148
-527.349548339844 -893.492858886719 4.561345100403
-527.349548339844 -893.492858886719 0.000000000000
-526.779846191406 -893.252014160156 -0.000000000000
-519.161987304688 -912.620544433594 8.083196640015
-518.817016601563 -913.132934570313 8.103937149048
-518.817016601563 -913.132934570313 0.000000000000
-519.161987304688 -912.620544433594 0.000000000000
-510.145111083984 -909.918212890625 8.207533836365
-510.339965820313 -909.548645019531 8.197714805603
-510.339965820313 -909.548645019531 0.000000000000
-510.145111083984 -909.918212890625 -0.000000000000
-517.913452148438 -914.474853515625 8.158255577087
-517.846984863281 -914.573608398438 8.162251472473
-517.846984863281 -914.573608398438 0.000000000000
-517.913452148438 -914.474853515625 0.000000000000
-509.596679687500 -910.958374023438 8.235170364380
-510.145111083984 -909.918212890625 8.207533836365
-510.145111083984 -909.918212890625 -0.000000000000
-509.596679687500 -910.958374023438 0.000000000000
-518.817016601563 -913.132934570313 8.103937149048
-517.913452148438 -914.474853515625 8.158255577087
-517.913452148438 -914.474853515625 0.000000000000
-518.817016601563 -913.132934570313 0.000000000000
-509.506927490234 -911.128540039063 8.239692687988
-509.596679687500 -910.958374023438 8.235170364380
-509.596679687500 -910.958374023438 0.000000000000
-509.506927490234 -911.128540039063 0.000000000000
-527.875610351563 -893.715270996094 4.564559936523
-527.981994628906 -893.760253906250 4.565209865570
-527.981994628906 -893.760253906250 0.000000000000
-527.875610351563 -893.715270996094 0.000000000000
-514.814514160156 -918.836608886719 8.560333251953
-514.773071289063 -918.811584472656 8.640406608582
-514.773071289063 -918.811584472656 0.000000000000
-514.814514160156 -918.836608886719 0.000000000000
-507.898437500000 -914.656250000000 8.688305854797
-507.888763427734 -914.631347656250 8.655484199524
-507.888763427734 -914.631347656250 0.000000000000
-507.898437500000 -914.656250000000 0.000000000000
-515.627258300781 -899.639587402344 4.766715049744
-515.762451171875 -899.698547363281 4.767585277557
-515.762451171875 -899.698547363281 0.000000000000
-515.627258300781 -899.639587402344 0.000000000000
-517.032958984375 -915.782531738281 8.211186408997
-516.187988281250 -917.037414550781 8.261981964111
-516.187988281250 -917.037414550781 -0.000000000000
-517.032958984375 -915.782531738281 0.000000000000
-508.086303710938 -913.822814941406 8.311279296875
-508.177246093750 -913.650329589844 8.306696891785
-508.177246093750 -913.650329589844 0.000000000000
-508.086303710938 -913.822814941406 0.000000000000
-507.828125000000 -914.312500000000 8.324290275574
-508.026214599609 -913.936828613281 8.314308166504
-508.026214599609 -913.936828613281 0.000000000000
-507.828125000000 -914.312500000000 0.000000000000
-515.314636230469 -918.334533691406 8.314485549927
-515.310913085938 -918.340026855469 8.314706802368
-515.310913085938 -918.340026855469 0.000000000000
-515.314636230469 -918.334533691406 0.000000000000
-513.746704101563 -918.191223144531 10.624864578247
-513.553894042969 -918.074645996094 10.997680664063
-513.553894042969 -918.074645996094 0.000000000000
-513.746704101563 -918.191223144531 0.000000000000
-526.257812500000 -893.031250000000 4.554673671722
-526.667297363281 -893.204406738281 4.557176113129
-526.667297363281 -893.204406738281 0.000000000000
-526.257812500000 -893.031250000000 0.000000000000
-516.187988281250 -917.037414550781 8.261981964111
-515.696533203125 -917.767395019531 8.291527748108
-515.696533203125 -917.767395019531 0.000000000000
-516.187988281250 -917.037414550781 -0.000000000000
-507.888763427734 -914.631347656250 8.655484199524
-507.811859130859 -914.433593750000 8.394645690918
-507.811859130859 -914.433593750000 0.000000000000
-507.888763427734 -914.631347656250 0.000000000000
-514.929687500000 -918.906250000000 0.000000000000
-521.515625000000 -909.125000000000 0.000000000000
-521.531250000000 -909.156250000000 0.000000000000
-522.242187500000 -908.281250000000 0.000000000000
-530.820312500000 -895.125000000000 0.000000000000
-530.914062500000 -895.000000000000 0.000000000000
-526.257812500000 -893.031250000000 0.000000000000
-526.250000000000 -893.031250000000 0.000000000000
-524.695312500000 -892.375000000000 0.000000000000
-521.492187500000 -898.187500000000 0.000000000000
-519.250000000000 -901.218750000000 0.000000000000
-515.593750000000 -899.625000000000 0.000000000000
-513.093750000000 -904.312500000000 0.000000000000
-512.078125000000 -903.781250000000 0.000000000000
-510.460937500000 -906.812500000000 0.000000000000
-511.453125000000 -907.437500000000 0.000000000000
-507.828125000000 -914.312500000000 0.000000000000
-507.789062500000 -914.375000000000 0.000000000000
-507.898437500000 -914.656250000000 0.000000000000
3 348 341 174
3 348 174 347
3 536 73 247
3 536 247 535
3 721 20 249
3 721 249 720
3 81 65 33
3 81 33 79
3 79 33 24
3 654 159 160
3 654 160 662
3 202 27 201
3 161 867 26
3 161 203 879
3 161 879 867
3 365 31 364
3 433 288 97
3 433 97 432
3 839 769 798
3 839 798 838
3 841 99 742
3 841 742 840
3 291 193 295
3 63 43 59
3 79 24 78
3 772 523 781
3 77 49 80
3 584 138 580
3 942 439 440
3 942 440 941
3 575 366 367
3 575 367 574
3 145 65 81
3 145 81 164
3 755 143 56
3 755 56 760
3 919 465 466
3 919 466 920
3 254 118 282
3 705 181 704
3 273 180 173
3 273 173 272
3 305 23 76
3 305 76 304
3 708 86 717
3 93 80 88
3 641 591 588
3 641 588 636
3 179 170 171
3 300 179 171
3 300 301 179
3 614 190 613
3 955 87 954
3 303 89 245
3 303 245 302
3 794 765 147
3 794 795 765
3 795 764 765
3 735 92 739
3 642 590 591
3 642 591 641
3 863 207 438
3 863 438 851
3 798 769 777
3 798 777 808
3 742 99 209
3 742 209 751
3 679 191 686
3 95 85 104
3 304 76 39
3 304 39 309
3 142 107 135
3 516 211 538
3 806 776 786
3 806 786 813
3 1004 944 949
3 1004 949 1020
3 757 92 162
3 162 92 28
3 757 739 92
3 430 253 187
3 430 187 429
3 118 255 667
3 667 255 666
3 254 255 118
3 669 355 356
3 669 356 668
3 124 106 123
3 248 239 5
3 248 5 250
3 689 378 386
3 689 386 688
3 666 255 684
3 715 124 123
3 715 123 703
3 300 171 307
3 297 184 298
3 805 775 764
3 805 764 795
3 128 54 55
3 128 55 129
3 866 132 846
3 538 211 199
3 538 199 517
3 926 435 444
3 926 444 951
3 651 597 590
3 651 590 642
3 630 48 141
3 630 141 635
3 276 133 275
3 196 142 135
3 196 135 217
3 217 135 232
3 668 356 526
3 668 526 685
3 756 143 755
3 442 117 441
3 697 587 373
3 697 373 718
3 1005 943 944
3 1005 944 1004
3 149 91 147
3 972 771 961
3 809 731 154
3 809 154 822
3 802 423 801
3 752 203 161
3 752 161 763
3 284 50 257
3 242 93 88
3 242 88 226
3 822 154 167
3 822 167 804
3 951 444 443
3 951 443 946
3 757 162 753
3 823 543 157
3 823 157 803
3 1021 950 943
3 1021 943 1005
3 854 634 864
3 530 182 153
3 530 531 182
3 531 335 182
3 333 269 339
3 883 183 393
3 883 393 870
3 609 331 340
3 609 340 637
3 176 75 177
3 308 179 301
3 308 501 179
3 308 503 501
3 484 237 120
3 484 120 483
3 486 74 485
3 336 182 335
3 347 174 346
3 184 125 178
3 286 126 243
3 286 243 285
3 895 215 894
3 629 95 190
3 629 190 614
3 577 370 366
3 577 366 575
3 190 95 104
3 190 104 192
3 292 105 193
3 292 193 291
3 927 434 435
3 927 435 926
3 218 51 196
3 218 196 217
3 682 198 102
3 682 102 674
3 703 123 200
3 703 200 702
3 11 1002 10
3 10 1002 1003
3 10 1003 938
3 10 938 939
3 879 203 878
3 224 205 115
3 224 115 223
3 629 635 85
3 629 85 95
3 635 141 85
3 226 88 225
3 940 437 935
3 808 777 778
3 808 778 807
3 751 209 750
3 15 374 14
3 14 375 306
3 374 375 14
3 80 49 225
3 80 225 88
3 49 227 225
3 636 588 573
3 636 573 608
3 200 123 106
3 200 106 194
3 211 111 199
3 261 140 267
3 878 203 752
3 878 752 880
3 429 187 47
3 429 47 431
3 260 218 217
3 260 217 259
3 219 199 111
3 219 111 220
3 547 513 222
3 547 222 546
3 692 224 223
3 692 223 691
3 515 226 225
3 515 225 514
3 227 111 211
3 227 514 225
3 227 211 514
3 514 211 516
3 796 797 231
3 797 766 767
3 797 767 231
3 259 217 232
3 259 232 265
3 267 140 233
3 267 233 741
3 233 740 741
3 363 235 362
3 694 334 236
3 694 236 693
3 247 73 119
3 247 119 246
3 691 223 696
3 471 239 248
3 471 248 470
3 683 235 687
3 687 235 385
3 235 363 385
3 220 111 227
3 796 231 810
3 518 238 242
3 518 242 540
3 540 242 226
3 540 226 515
3 281 241 216
3 281 216 258
3 479 469 474
3 479 474 488
3 487 475 472
3 487 472 482
3 484 541 237
3 541 542 477
3 237 541 477
3 542 476 477
3 470 248 237
3 470 237 477
3 534 476 542
3 723 74 486
3 723 719 74
3 719 478 74
3 250 120 237
3 250 237 248
3 441 117 253
3 441 253 430
3 254 121 255
3 256 86 257
3 907 252 897
3 259 197 260
3 261 206 262
3 941 440 434
3 941 434 927
3 821 790 766
3 821 766 797
3 265 108 197
3 265 197 259
3 758 116 267
3 758 267 741
3 633 269 617
3 270 194 106
3 270 106 271
3 966 273 272
3 966 272 965
3 116 261 267
3 116 212 261
3 212 206 261
3 274 194 270
3 276 275 715
3 276 715 716
3 275 124 715
3 277 234 268
3 967 269 633
3 967 968 269
3 968 339 269
3 969 273 966
3 858 280 279
3 858 279 857
3 271 106 124
3 271 124 275
3 96 155 264
3 96 281 130
3 96 264 281
3 258 130 281
3 860 473 481
3 860 481 859
3 586 372 373
3 586 373 587
3 684 255 699
3 699 255 121
3 699 121 698
3 256 276 86
3 276 717 86
3 276 716 717
3 284 257 163
3 257 709 163
3 257 86 708
3 257 708 709
3 285 244 2
3 285 2 286
3 959 288 433
3 959 433 958
3 289 37 287
3 770 290 771
3 290 960 771
3 771 960 961
3 831 292 291
3 831 291 829
3 294 293 846
3 294 846 132
3 293 832 846
3 829 291 295
3 829 295 828
3 610 330 331
3 610 331 609
3 832 293 292
3 832 292 831
3 480 468 469
3 480 469 479
3 490 298 296
3 490 296 489
3 491 297 298
3 491 298 490
3 0 610 611
3 0 330 610
3 0 332 330
3 300 178 301
3 498 303 302
3 498 302 497
3 304 293 294
3 304 294 305
3 306 375 370
3 306 577 592
3 306 370 577
3 548 296 307
3 548 307 551
3 301 178 125
3 301 125 308
3 304 309 293
3 309 105 293
3 293 105 292
3 496 475 487
3 496 487 499
3 296 300 307
3 296 298 300
3 298 184 178
3 298 178 300
3 500 297 491
3 320 84 324
3 222 507 6
3 507 508 6
3 222 6 172
3 722 509 727
3 511 308 125
3 511 125 510
3 184 297 125
3 125 500 510
3 500 506 510
3 125 297 500
3 503 308 511
3 539 507 222
3 539 222 513
3 317 278 312
3 843 278 321
3 843 321 842
3 322 311 310
3 322 310 323
3 844 312 278
3 844 278 843
3 325 315 314
3 325 314 326
3 957 316 327
3 957 327 956
3 492 329 328
3 492 318 329
3 492 493 318
3 492 328 494
3 329 318 313
3 329 313 324
3 520 315 325
3 520 325 519
3 330 299 331
3 549 489 296
3 549 296 548
3 512 221 521
3 836 574 367
3 836 367 826
3 546 222 172
3 546 172 552
3 411 337 410
3 965 272 553
3 965 553 985
3 521 221 335
3 521 335 531
3 553 272 173
3 553 173 555
3 551 307 171
3 551 171 556
3 558 351 8
3 558 8 557
3 556 171 170
3 556 170 554
3 887 344 343
3 887 343 886
3 888 345 344
3 888 344 887
3 883 346 183
3 883 889 347
3 883 347 346
3 884 348 347
3 884 347 889
3 890 351 558
3 890 558 885
3 355 189 356
3 627 576 595
3 627 595 648
3 569 30 16
3 569 16 596
3 594 251 564
3 650 373 372
3 650 372 649
3 675 204 28
3 675 28 673
3 647 593 578
3 647 578 631
3 718 373 650
3 718 650 725
3 671 672 92
3 735 671 92
3 735 736 671
3 604 562 603
3 673 28 92
3 673 92 672
3 363 103 385
3 102 737 674
3 674 737 953
3 737 734 952
3 737 952 953
3 868 676 26
3 868 26 867
3 738 677 671
3 738 671 736
3 566 82 32
3 566 32 565
3 568 83 34
3 568 34 567
3 563 169 82
3 563 82 566
3 652 390 159
3 652 159 654
3 870 393 158
3 870 158 869
3 607 571 572
3 607 572 606
3 396 146 66
3 396 66 397
3 398 21 17
3 398 17 399
3 408 337 394
3 408 410 337
3 394 337 400
3 397 66 21
3 397 21 398
3 400 337 401
3 873 571 607
3 873 607 872
3 545 402 544
3 403 160 159
3 403 159 404
3 405 389 368
3 405 368 392
3 404 159 390
3 407 153 182
3 407 182 408
3 408 182 336
3 408 336 410
3 411 175 412
3 581 414 413
3 581 413 598
3 598 413 415
3 598 415 599
3 419 779 792
3 419 154 779
3 154 731 779
3 754 732 420
3 754 420 762
3 522 422 527
3 920 466 455
3 920 455 893
3 426 167 154
3 426 154 419
3 599 415 427
3 599 427 585
3 115 696 223
3 696 115 732
3 732 115 406
3 732 406 420
3 582 425 414
3 582 414 581
3 336 175 410
3 336 19 175
3 410 175 411
3 603 562 583
3 603 583 632
3 427 416 585
3 416 138 584
3 416 584 585
3 803 157 423
3 803 423 802
3 747 748 523
3 747 523 773
3 773 523 772
3 448 252 447
3 897 252 215
3 897 215 895
3 252 448 215
3 215 448 449
3 849 98 848
3 434 195 139
3 434 139 435
3 993 963 450
3 993 450 992
3 995 453 454
3 995 454 994
3 439 52 230
3 439 230 440
3 892 711 456
3 892 456 905
3 997 850 453
3 997 453 995
3 907 905 252
3 905 456 252
3 252 456 447
3 440 230 195
3 440 195 434
3 435 139 112
3 435 112 444
3 444 112 38
3 444 38 443
3 999 928 929
3 999 929 998
3 998 929 930
3 998 930 1000
3 932 451 450
3 932 450 931
3 964 931 450
3 964 450 963
3 437 454 935
3 454 453 935
3 935 453 934
3 936 456 711
3 936 711 925
3 934 453 850
3 934 850 937
3 1001 928 999
3 819 114 812
3 459 213 460
3 794 147 91
3 794 91 820
3 820 91 114
3 820 114 819
3 948 466 465
3 948 465 947
3 924 455 466
3 924 466 948
3 914 168 101
3 914 913 152
3 914 152 168
3 916 532 915
3 915 532 148
3 532 151 148
3 1 285 469
3 1 244 285
3 468 1 469
3 470 246 119
3 470 119 471
3 857 279 473
3 857 473 860
3 497 302 475
3 497 475 496
3 469 285 243
3 469 243 474
3 475 302 245
3 475 245 472
3 476 247 246
3 476 246 477
3 477 246 470
3 535 247 476
3 535 476 534
3 720 249 478
3 720 478 719
3 479 310 311
3 479 311 480
3 859 481 312
3 859 312 844
3 483 314 315
3 483 315 484
3 986 316 957
3 499 487 318
3 499 318 493
3 488 319 310
3 488 310 479
3 482 313 318
3 482 318 487
3 541 484 315
3 541 315 520
3 723 486 728
3 489 176 490
3 177 490 176
3 177 185 491
3 177 491 490
3 492 319 493
3 323 492 494
3 323 310 492
3 310 319 492
3 75 549 550
3 75 489 549
3 75 176 489
3 496 474 243
3 496 243 497
3 497 243 126
3 497 126 498
3 499 488 474
3 499 474 496
3 185 500 491
3 185 504 505
3 185 505 500
3 506 500 505
3 493 319 488
3 493 488 499
3 842 321 502
3 842 502 856
3 503 84 501
3 504 322 323
3 504 323 505
3 505 323 494
3 505 494 506
3 507 325 326
3 507 326 508
3 971 509 722
3 971 327 509
3 971 956 327
3 510 328 329
3 510 329 511
3 506 494 328
3 506 328 510
3 511 329 503
3 503 329 84
3 329 324 84
3 519 325 507
3 519 507 539
3 559 181 513
3 559 513 547
3 514 413 414
3 514 414 515
3 516 415 413
3 516 413 514
3 519 327 316
3 519 316 520
3 704 181 559
3 704 559 726
3 761 523 748
3 745 57 523
3 745 523 761
3 57 67 523
3 523 791 781
3 523 67 791
3 685 526 421
3 685 421 690
3 528 127 529
3 530 236 334
3 530 334 531
3 921 532 916
3 988 535 534
3 988 534 987
3 988 3 4
3 988 989 3
3 4 535 988
3 536 535 4
3 538 427 415
3 538 415 516
3 539 509 327
3 539 327 519
3 540 166 518
3 540 515 414
3 540 425 166
3 540 414 425
3 991 542 541
3 991 541 990
3 987 534 542
3 987 542 991
3 543 165 537
3 181 727 513
3 513 727 539
3 181 705 727
3 727 509 539
3 986 520 316
3 986 990 541
3 986 541 520
3 531 334 521
3 632 583 593
3 632 593 647
3 517 416 427
3 517 427 538
3 690 421 378
3 690 378 689
3 791 67 793
3 1006 945 950
3 1006 950 1021
3 411 545 337
3 411 412 545
3 337 545 544
3 337 544 401
3 546 221 512
3 546 512 547
3 332 495 330
3 330 495 299
3 495 549 299
3 549 548 299
3 549 495 550
3 551 299 548
3 7 19 335
3 7 546 552
3 221 546 7
3 335 221 7
3 335 19 336
3 985 553 339
3 985 339 968
3 555 333 339
3 555 339 553
3 299 340 331
3 299 556 340
3 299 551 556
3 557 341 348
3 557 348 558
3 554 338 340
3 554 340 556
3 885 558 348
3 885 348 884
3 547 512 559
3 334 694 521
3 521 694 559
3 694 726 559
3 521 559 512
3 562 604 386
3 604 643 386
3 562 386 378
3 983 369 564
3 983 564 984
3 625 368 389
3 625 389 644
3 571 350 395
3 571 395 572
3 695 228 626
3 695 626 724
3 191 575 574
3 191 574 681
3 191 681 686
3 575 191 577
3 620 42 409
3 620 409 619
3 562 378 421
3 562 421 583
3 254 282 121
3 121 282 587
3 282 586 587
3 621 524 42
3 621 42 620
3 698 121 587
3 698 587 697
3 680 592 191
3 680 191 679
3 592 577 191
3 837 681 574
3 837 574 836
3 18 342 570
3 874 871 18
3 871 22 18
3 874 18 570
3 583 421 526
3 583 526 593
3 363 576 103
3 363 595 576
3 363 362 595
3 624 365 364
3 624 364 623
3 564 369 352
3 564 352 594
3 189 578 593
3 189 593 356
3 593 526 356
3 595 362 589
3 626 228 524
3 626 524 621
3 601 353 354
3 601 354 602
3 606 391 387
3 606 387 607
3 872 607 387
3 872 387 875
3 609 357 358
3 609 358 610
3 610 358 359
3 610 359 611
3 623 569 596
3 623 596 624
3 600 352 369
3 600 369 628
3 602 354 360
3 602 360 612
3 608 376 377
3 608 377 636
3 637 379 357
3 637 357 609
3 638 380 381
3 638 381 639
3 641 383 384
3 641 384 642
3 639 381 353
3 639 353 601
3 636 377 383
3 636 383 641
3 982 628 369
3 982 369 983
3 604 561 643
3 644 568 567
3 644 567 625
3 642 384 388
3 642 388 651
3 615 361 380
3 615 380 638
3 652 391 653
3 25 349 654
3 654 349 652
3 652 349 387
3 652 387 391
3 655 30 569
3 655 569 656
3 146 396 31
3 396 658 364
3 31 396 364
3 658 657 364
3 659 572 395
3 659 395 660
3 662 25 654
3 663 606 572
3 663 572 659
3 653 391 606
3 653 606 663
3 656 569 623
3 656 623 664
3 664 623 364
3 664 364 657
3 661 145 164
3 661 164 665
3 666 122 62
3 666 62 667
3 668 110 188
3 668 188 669
3 671 384 383
3 671 383 672
3 672 383 377
3 672 377 673
3 186 984 251
3 186 674 953
3 186 953 984
3 251 984 564
3 9 676 868
3 9 868 875
3 9 387 349
3 875 387 9
3 677 388 384
3 677 384 671
3 679 210 58
3 679 58 680
3 960 290 746
3 960 746 981
3 674 186 682
3 700 283 684
3 700 684 699
3 668 685 110
3 685 527 110
3 110 527 422
3 686 100 210
3 686 210 679
3 744 57 745
3 687 64 240
3 687 240 683
3 746 290 743
3 690 527 685
3 690 689 527
3 689 137 527
3 527 137 522
3 673 377 376
3 673 376 675
3 684 283 122
3 684 122 666
3 261 262 140
3 140 262 692
3 140 692 691
3 616 617 693
3 617 269 694
3 693 617 694
3 269 333 694
3 696 233 140
3 696 140 691
3 235 589 362
3 235 698 589
3 698 697 589
3 699 683 240
3 699 240 700
3 702 219 220
3 702 220 703
3 704 173 180
3 704 180 705
3 278 706 321
3 278 707 706
3 278 317 707
3 709 708 242
3 709 242 238
3 708 93 242
3 893 455 711
3 893 711 892
3 712 72 713
3 925 711 455
3 925 455 924
3 715 49 77
3 715 77 716
3 698 235 683
3 698 683 699
3 716 77 717
3 718 589 697
3 719 473 279
3 719 279 720
3 720 279 280
3 720 280 721
3 708 717 93
3 717 77 93
3 93 77 80
3 971 722 970
3 723 481 473
3 723 473 719
3 694 333 555
3 694 555 726
3 724 618 695
3 273 969 180
3 180 969 727
3 969 970 727
3 970 722 727
3 707 317 728
3 312 728 317
3 312 481 728
3 481 723 728
3 705 180 727
3 589 648 595
3 589 725 648
3 589 718 725
3 715 703 227
3 715 227 49
3 703 220 227
3 779 731 231
3 779 231 767
3 740 233 732
3 740 732 754
3 732 233 696
3 810 231 731
3 810 731 809
3 701 216 241
3 701 241 733
3 726 555 173
3 726 173 704
3 735 129 736
3 737 61 734
3 736 129 55
3 736 55 738
3 780 149 147
3 780 147 765
3 740 214 266
3 740 266 741
3 840 742 100
3 840 100 861
3 689 688 744
3 689 745 137
3 689 744 745
3 100 686 862
3 100 862 861
3 686 681 862
3 747 422 522
3 747 522 748
3 749 36 750
3 36 58 210
3 36 210 750
3 750 210 751
3 882 783 811
3 882 811 881
3 754 729 214
3 754 214 740
3 785 131 784
3 751 210 100
3 751 100 742
3 787 149 780
3 46 266 69
3 46 758 266
3 758 741 266
3 862 681 837
3 788 70 131
3 788 131 785
3 761 137 745
3 762 417 729
3 762 729 754
3 811 783 789
3 811 789 814
3 114 91 782
3 782 91 787
3 91 149 787
3 748 522 137
3 748 137 761
3 764 128 765
3 766 263 229
3 766 229 767
3 848 98 769
3 848 769 839
3 816 289 815
3 817 37 289
3 817 289 816
3 772 136 428
3 772 428 773
3 777 208 35
3 777 35 778
3 767 229 730
3 767 730 779
3 780 765 739
3 739 765 735
3 765 128 735
3 128 129 735
3 781 525 136
3 781 136 772
3 975 37 817
3 975 817 974
3 880 752 783
3 880 783 882
3 755 784 756
3 755 785 784
3 756 784 71
3 780 739 757
3 780 757 787
3 785 755 760
3 785 760 788
3 783 752 763
3 783 763 789
3 787 757 753
3 787 753 782
3 769 98 208
3 769 208 777
3 776 40 786
3 790 41 60
3 790 60 263
3 790 263 766
3 791 525 781
3 824 165 543
3 824 543 823
3 775 54 128
3 775 128 764
3 779 730 418
3 779 418 792
3 794 148 795
3 796 264 797
3 838 798 99
3 838 99 841
3 800 156 801
3 802 428 136
3 802 136 803
3 749 750 807
3 750 209 807
3 807 209 808
3 809 733 241
3 809 241 810
3 881 811 202
3 881 202 891
3 814 27 202
3 814 202 811
3 799 768 815
3 815 768 770
3 815 770 816
3 816 770 771
3 816 771 817
3 974 817 771
3 974 771 972
3 202 201 891
3 917 201 922
3 891 201 917
3 923 794 820
3 923 915 148
3 923 148 794
3 923 820 819
3 923 819 918
3 808 209 99
3 808 99 798
3 813 168 152
3 813 152 806
3 281 264 241
3 264 810 241
3 264 796 810
3 797 264 155
3 797 155 821
3 795 148 151
3 795 151 805
3 822 733 809
3 801 156 428
3 801 428 802
3 701 733 94
3 733 804 94
3 733 822 804
3 803 136 525
3 803 525 823
3 791 793 823
3 791 823 525
3 793 824 823
3 825 605 371
3 825 371 826
3 978 834 833
3 978 833 977
3 836 579 678
3 836 678 837
3 838 799 839
3 840 743 290
3 840 290 841
3 841 770 768
3 841 290 770
3 842 320 843
3 324 843 320
3 324 313 843
3 313 844 843
3 977 833 845
3 977 845 976
3 979 847 834
3 979 834 978
3 992 450 451
3 992 451 1019
3 1019 451 850
3 1019 850 997
3 937 850 451
3 937 451 932
3 852 170 179
3 852 179 853
3 854 338 855
3 853 179 501
3 853 501 856
3 857 245 89
3 857 89 858
3 859 482 472
3 859 472 860
3 861 743 840
3 845 830 976
3 830 980 976
3 830 45 980
3 862 746 743
3 862 743 861
3 862 837 678
3 862 973 746
3 746 973 981
3 862 678 973
3 839 799 848
3 799 287 848
3 799 289 287
3 799 815 289
3 860 472 245
3 860 245 857
3 851 432 97
3 851 97 863
3 84 856 501
3 84 842 856
3 84 320 842
3 827 379 637
3 827 637 864
3 855 338 554
3 855 554 865
3 844 313 482
3 844 482 859
3 826 371 579
3 826 579 836
3 865 554 170
3 865 170 852
3 835 847 87
3 847 954 87
3 847 979 954
3 637 854 864
3 637 340 854
3 340 338 854
3 841 768 799
3 841 799 838
3 867 204 675
3 867 675 868
3 407 870 869
3 407 408 394
3 407 394 870
3 872 608 573
3 872 573 873
3 619 409 622
3 622 409 871
3 622 871 874
3 875 376 608
3 875 608 872
3 1020 949 938
3 1020 938 1003
3 878 162 879
3 879 162 28
3 879 28 204
3 880 753 162
3 880 162 878
3 812 882 881
3 812 114 882
3 114 782 882
3 882 782 753
3 882 753 880
3 870 394 883
3 879 204 867
3 868 675 376
3 868 376 875
3 884 401 544
3 884 544 885
3 886 645 646
3 886 646 887
3 613 190 646
3 190 888 646
3 646 888 887
3 190 192 888
3 883 394 400
3 883 400 889
3 889 400 401
3 889 401 884
3 885 544 402
3 885 402 890
3 891 812 881
3 918 891 917
3 918 819 891
3 891 819 812
3 800 801 423
3 800 710 109
3 800 423 710
3 710 423 892
3 892 423 893
3 898 268 899
3 287 37 975
3 287 975 900
3 900 975 962
3 902 35 208
3 902 208 903
3 134 268 904
3 904 268 898
3 277 268 134
3 905 710 892
3 208 98 849
3 208 849 903
3 903 849 906
3 908 899 268
3 268 713 908
3 234 713 268
3 234 712 713
3 896 68 134
3 896 134 904
3 909 446 445
3 909 445 910
3 849 848 900
3 849 900 912
3 848 287 900
3 906 849 912
3 459 446 213
3 213 446 909
3 213 909 911
3 1007 910 445
3 1007 1008 914
3 1007 914 910
3 1009 913 914
3 1009 914 1008
3 915 461 533
3 915 533 916
3 917 877 457
3 917 457 918
3 157 543 920
3 543 537 920
3 920 537 919
3 916 533 463
3 916 463 921
3 893 423 157
3 893 157 920
3 922 458 877
3 922 877 917
3 923 462 461
3 923 461 915
3 918 457 462
3 918 462 923
3 1011 424 714
3 1011 714 1010
3 1013 445 446
3 1013 446 1012
3 928 430 429
3 928 429 929
3 929 429 431
3 929 431 930
3 931 433 432
3 931 432 932
3 958 433 931
3 958 931 964
3 934 438 935
3 1014 1010 441
3 1010 442 441
3 1010 714 442
3 937 851 438
3 937 438 934
3 1001 1014 441
3 1001 430 928
3 1001 441 430
3 938 877 458
3 938 458 939
3 940 935 13
3 935 207 13
3 935 438 207
3 1016 459 460
3 1016 460 1015
3 943 461 462
3 943 462 944
3 932 432 851
3 932 851 937
3 1017 29 144
3 1017 144 1018
3 1018 144 424
3 1018 424 1011
3 949 457 877
3 949 877 938
3 944 462 457
3 944 457 949
3 1012 446 459
3 1012 459 1016
3 945 463 533
3 945 533 950
3 1007 445 1013
3 946 464 467
3 946 467 951
3 950 533 461
3 950 461 943
3 952 670 953
3 955 954 50
3 954 257 50
3 954 256 257
3 956 706 707
3 956 707 957
3 958 436 44
3 958 44 959
3 960 59 43
3 960 43 961
3 996 452 963
3 996 963 993
3 963 452 933
3 963 933 964
3 965 852 853
3 965 853 966
3 854 967 634
3 854 968 967
3 854 855 968
3 853 969 966
3 853 856 502
3 853 502 969
3 502 971 970
3 502 321 971
3 321 706 971
3 969 502 970
3 961 43 774
3 961 774 972
3 974 818 150
3 974 150 975
3 964 933 436
3 964 436 958
3 976 270 271
3 976 271 977
3 978 133 979
3 980 274 270
3 980 270 976
3 973 759 981
3 954 979 256
3 979 133 256
3 256 133 276
3 975 150 901
3 975 901 962
3 971 706 956
3 983 382 640
3 983 640 982
3 953 670 560
3 953 560 984
3 981 759 59
3 981 59 960
3 968 855 865
3 968 865 985
3 984 560 382
3 984 382 983
3 707 986 957
3 707 728 986
3 728 486 986
3 486 485 986
3 985 865 852
3 985 852 965
3 987 478 249
3 987 249 988
3 988 249 20
3 988 20 989
3 990 485 74
3 990 74 991
3 991 74 478
3 991 478 987
3 986 485 990
3 972 774 818
3 972 818 974
3 978 977 133
3 977 275 133
3 977 271 275
3 992 900 962
3 992 962 993
3 994 902 903
3 994 903 995
3 995 903 906
3 995 906 997
3 998 448 447
3 998 447 999
3 1000 449 448
3 1000 448 998
3 447 456 999
3 456 1001 999
3 456 936 1001
3 1002 876 1003
3 90 528 1004
3 1004 528 529
3 1004 529 1005
3 1007 467 1008
3 1008 467 464
3 1008 464 1009
3 1010 925 924
3 1010 924 1011
3 1012 927 926
3 1012 926 1013
3 1014 936 925
3 1014 925 1010
3 1001 936 1014
3 1015 942 941
3 1015 941 1016
3 1018 948 947
3 1018 947 1017
3 1011 924 948
3 1011 948 1018
3 1016 941 927
3 1016 927 1012
3 926 1007 1013
3 926 951 1007
3 951 467 1007
3 1019 912 900
3 1019 900 992
3 997 906 912
3 997 912 1019
3 12 1003 876
3 12 113 1020
3 12 1020 1003
3 1020 113 90
3 1020 90 1004
3 993 962 901
3 993 901 996
3 127 53 529
3 529 53 1006
3 529 1006 1021
3 1005 529 1021
3 1023 1024 1025
3 1023 1025 1022
3 1027 1028 1029
3 1027 1029 1026
3 1031 1032 1033
3 1031 1033 1030
3 1035 1036 1037
3 1035 1037 1034
3 1039 1040 1041
3 1039 1041 1038
3 1043 1044 1045
3 1043 1045 1042
3 1047 1048 1049
3 1047 1049 1046
3 1051 1052 1053
3 1051 1053 1050
3 1055 1056 1057
3 1055 1057 1054
3 1059 1060 1061
3 1059 1061 1058
3 1063 1064 1065
3 1063 1065 1062
3 1067 1068 1069
3 1067 1069 1066
3 1071 1072 1073
3 1071 1073 1070
3 1075 1076 1077
3 1075 1077 1074
3 1079 1080 1081
3 1079 1081 1078
3 1083 1084 1085
3 1083 1085 1082
3 1087 1088 1089
3 1087 1089 1086
3 1091 1092 1093
3 1091 1093 1090
3 1095 1096 1097
3 1095 1097 1094
3 1099 1100 1101
3 1099 1101 1098
3 1103 1104 1105
3 1103 1105 1102
3 1107 1108 1109
3 1107 1109 1106
3 1111 1112 1113
3 1111 1113 1110
3 1115 1116 1117
3 1115 1117 1114
3 1119 1120 1121
3 1119 1121 1118
3 1123 1124 1125
3 1123 1125 1122
3 1127 1128 1129
3 1127 1129 1126
3 1131 1132 1133
3 1131 1133 1130
3 1135 1136 1137
3 1135 1137 1134
3 1139 1140 1141
3 1139 1141 1138
3 1143 1144 1145
3 1143 1145 1142
3 1147 1148 1149
3 1147 1149 1146
3 1151 1152 1153
3 1151 1153 1150
3 1155 1156 1157
3 1155 1157 1154
3 1159 1160 1161
3 1159 1161 1158
3 1163 1164 1165
3 1163 1165 1162
3 1167 1168 1169
3 1167 1169 1166
3 1171 1172 1173
3 1171 1173 1170
3 1175 1176 1177
3 1175 1177 1174
3 1179 1180 1181
3 1179 1181 1178
3 1183 1184 1185
3 1183 1185 1182
3 1187 1188 1189
3 1187 1189 1186
3 1191 1192 1193
3 1191 1193 1190
3 1195 1196 1197
3 1195 1197 1194
3 1199 1200 1201
3 1199 1201 1198
3 1203 1204 1205
3 1203 1205 1202
3 1207 1208 1209
3 1207 1209 1206
3 1211 1212 1213
3 1211 1213 1210
3 1215 1216 1217
3 1215 1217 1214
3 1219 1220 1221
3 1219 1221 1218
3 1223 1224 1225
3 1223 1225 1222
3 1227 1228 1229
3 1227 1229 1226
3 1231 1232 1233
3 1231 1233 1230
3 1235 1236 1237
3 1235 1237 1234
3 1239 1240 1241
3 1239 1241 1238
3 1243 1244 1245
3 1243 1245 1242
3 1247 1248 1249
3 1247 1249 1246
3 1251 1252 1253
3 1251 1253 1250
3 1255 1256 1257
3 1255 1257 1254
3 1259 1260 1261
3 1259 1261 1258
3 1263 1264 1265
3 1263 1265 1262
3 1267 1268 1269
3 1267 1269 1266
3 1271 1272 1273
3 1271 1273 1270
3 1275 1276 1277
3 1275 1277 1274
3 1279 1280 1281
3 1279 1281 1278
3 1283 1284 1285
3 1283 1285 1282
3 1287 1288 1289
3 1287 1289 1286
3 1291 1292 1293
3 1291 1293 1290
3 1295 1296 1297
3 1295 1297 1294
3 1299 1300 1301
3 1299 1301 1298
3 1303 1304 1305
3 1303 1305 1302
3 1307 1308 1309
3 1307 1309 1306
3 1311 1312 1313
3 1311 1313 1310
3 1315 1316 1317
3 1315 1317 1314
3 1319 1320 1321
3 1319 1321 1318
3 1323 1324 1325
3 1323 1325 1322
3 1327 1328 1329
3 1327 1329 1326
3 1331 1332 1333
3 1331 1333 1330
3 1335 1336 1337
3 1335 1337 1334
3 1339 1340 1341
3 1339 1341 1338
3 1343 1344 1345
3 1343 1345 1342
3 1347 1348 1349
3 1347 1349 1346
3 1351 1352 1353
3 1351 1353 1350
3 1355 1356 1357
3 1355 1357 1354
3 1359 1360 1361
3 1359 1361 1358
3 1363 1364 1365
3 1363 1365 1362
3 1367 1368 1369
3 1367 1369 1366
3 1371 1372 1373
3 1371 1373 1370
3 1375 1376 1377
3 1375 1377 1374
3 1379 1380 1381
3 1379 1381 1378
3 1383 1384 1385
3 1383 1385 1382
3 1387 1388 1389
3 1387 1389 1386
3 1391 1392 1393
3 1391 1393 1390
3 1395 1396 1397
3 1395 1397 1394
3 1399 1400 1401
3 1399 1401 1398
3 1403 1404 1405
3 1403 1405 1402
3 1407 1408 1409
3 1407 1409 1406
3 1411 1412 1413
3 1411 1413 1410
3 1415 1416 1417
3 1415 1417 1414
3 1419 1420 1421
3 1419 1421 1418
3 1423 1424 1425
3 1423 1425 1422
3 1427 1428 1429
3 1427 1429 1426
3 1431 1432 1433
3 1431 1433 1430
3 1435 1436 1437
3 1435 1437 1434
3 1439 1440 1441
3 1439 1441 1438
3 1443 1444 1445
3 1443 1445 1442
3 1447 1448 1449
3 1447 1449 1446
3 1451 1452 1453
3 1451 1453 1450
3 1455 1456 1457
3 1455 1457 1454
3 1459 1460 1461
3 1459 1461 1458
3 1463 1464 1465
3 1463 1465 1462
3 1467 1468 1469
3 1467 1469 1466
3 1471 1472 1473
3 1471 1473 1470
3 1475 1476 1477
3 1475 1477 1474
3 1479 1480 1481
3 1479 1481 1478
3 1483 1484 1485
3 1483 1485 1482
3 1487 1488 1489
3 1487 1489 1486
3 1491 1492 1493
3 1491 1493 1490
3 1495 1496 1497
3 1495 1497 1494
3 1499 1500 1501
3 1499 1501 1498
3 1503 1504 1505
3 1503 1505 1502
3 1507 1508 1509
3 1507 1509 1506
3 1511 1512 1513
3 1511 1513 1510
3 1515 1516 1517
3 1515 1517 1514
3 1519 1520 1521
3 1519 1521 1518
3 1523 1524 1525
3 1523 1525 1522
3 1527 1528 1529
3 1527 1529 1526
3 1531 1532 1533
3 1531 1533 1530
3 1535 1536 1537
3 1535 1537 1534
3 1539 1540 1541
3 1539 1541 1538
3 1543 1544 1545
3 1543 1545 1542
3 1547 1548 1549
3 1547 1549 1546
3 1551 1552 1553
3 1551 1553 1550
3 1555 1556 1557
3 1555 1557 1554
3 1559 1560 1561
3 1559 1561 1558
3 1563 1564 1565
3 1563 1565 1562
3 1581 1580 1578
3 1582 1581 1566
3 1581 1578 1567
3 1583 1582 1584
3 1579 1578 1580
3 1576 1569 1567
3 1584 1582 1566
3 1566 1581 1568
3 1568 1581 1567
3 1567 1578 1576
3 1568 1567 1569
3 1570 1572 1571
3 1569 1575 1570
3 1572 1570 1575
3 1573 1572 1575
3 1574 1573 1575
3 1577 1576 1578
3 1575 1569 1576
