OFF
3097 2966 0
301679.085936279327 65848.985139160155 30.060808181763
301675.750548095733 65843.037751464843 30.060808181763
301668.310270996124 65847.210480957030 30.060808181763
301657.479490966827 65853.284760742186 30.060808181763
301661.367766113312 65860.217866210936 30.060808181763
301669.652571411163 65855.571503906249 30.060808181763
301679.638853759796 65849.970917968749 30.060808181763
301668.559157104522 65851.627839355468 30.060808181763
301669.550703735382 65853.395783691405 30.060808181763
301673.218291015655 65849.014802246093 30.060808181763
301674.209837646515 65850.782807617186 30.060808181763
301674.705595703155 65851.666718749999 30.060808181763
301676.539396972687 65849.476289062499 30.060808181763
301677.035155029327 65850.360261230468 30.060808181763
301749.459166259796 65778.135224609374 279.496826171875
301748.004057617218 65775.540620117186 279.496826171875
301755.142668457062 65774.947785644530 279.496826171875
301753.687529296905 65772.353181152343 279.496826171875
301710.292326660187 65804.109956054686 264.122924804688
301705.228941650421 65795.081635742186 264.122924804688
301720.590117187530 65798.334687499999 264.122924804688
301715.526732177765 65789.306245117186 264.122924804688
301710.292326660187 65804.109956054686 262.993927001953
301707.760649414093 65799.595795898436 262.993927001953
301705.228941650421 65795.081635742186 262.993927001953
301720.590117187530 65798.334687499999 262.993927001953
301718.058439941437 65793.820527343749 262.993927001953
301715.526732177765 65789.306245117186 262.993927001953
301725.088225097687 65799.846589355468 260.891174316406
301725.469816894562 65800.527009277343 260.891174316406
301727.241423339874 65799.533417968749 260.891174316406
301727.935942382843 65800.771821289061 260.891174316406
301737.927885742218 65795.168000488280 260.891174316406
301747.919890136749 65789.564179687499 260.891174316406
301757.911864013702 65783.960419921874 260.891174316406
301759.942076416046 65787.580415039061 260.891174316406
301747.722807617218 65794.433259277343 260.891174316406
301735.503569335968 65801.286164550780 260.891174316406
301723.284300537140 65808.139069824218 260.891174316406
301720.178068847687 65802.600373535155 260.891174316406
301711.740446777374 65787.555451660155 260.891174316406
301708.670805664093 65782.082062988280 260.891174316406
301720.890043945343 65775.229157714843 260.891174316406
301733.109282226593 65768.376252441405 260.891174316406
301745.328551025421 65761.523347167968 260.891174316406
301747.377287597687 65765.176484374999 260.891174316406
301737.385313720733 65770.780244140624 260.891174316406
301727.393309326202 65776.384064941405 260.891174316406
301717.401335449249 65781.987885742186 260.891174316406
301718.185728759796 65783.386506347655 260.891174316406
301715.295683593780 65783.798798828124 260.891174316406
301716.414152832062 65784.379975585936 260.891174316406
301716.650633544952 65784.801667480468 260.891174316406
301715.687071533233 65784.496735839843 260.891174316406
301712.958739013702 65785.109467773436 260.891174316406
301713.350126953155 65785.807343749999 260.891174316406
301783.332121582062 65756.499055175780 252.483367919922
301782.016813964874 65757.236726074218 252.483367919922
301783.785399169952 65757.307343749999 252.483367919922
301782.470122070343 65758.044953613280 252.483367919922
301784.238707275421 65758.115571289061 252.483367919922
301782.923399658233 65758.853242187499 252.483367919922
301786.302122802765 65757.005646972655 208.014480590820
301787.529509277374 65756.317231445311 208.014480590820
301785.374510498077 65755.351655273436 208.014480590820
301786.601958007843 65754.663300781249 208.014480590820
301785.765898437530 65760.838715820311 199.106262207031
301787.430052490265 65759.905427246093 199.106262207031
301789.030028076202 65762.758332519530 199.106262207031
301790.629973144562 65765.611176757811 199.106262207031
301787.828917236358 65767.182099609374 199.106262207031
301786.228972167999 65764.329194335936 199.106262207031
301784.628996582062 65761.476411132811 199.106262207031
301780.832579345733 65754.707001953124 199.106262207031
301779.063505859405 65751.552583007811 199.106262207031
301777.294432373077 65748.398164062499 199.106262207031
301780.095488281280 65746.827241210936 199.106262207031
301781.864561767608 65749.981721191405 199.106262207031
301783.633635253937 65753.136140136718 199.106262207031
301781.969511718780 65754.069428710936 199.106262207031
301787.924833984405 65756.095551757811 150.114700317383
301788.569060058624 65755.734284667968 150.114700317383
301789.213286132843 65755.372956542968 150.114700317383
301786.996123046905 65754.439545898436 150.114700317383
301787.640349121124 65754.078278808593 150.114700317383
301788.284575195343 65753.717011718749 150.114700317383
301748.298338623077 65764.659882812499 236.077209472656
301755.269102783233 65760.750520019530 236.077209472656
301752.819975585968 65756.383576660155 236.077209472656
301745.849241943390 65760.293000488280 236.077209472656
301749.334593505890 65758.338288574218 236.077209472656
301765.803679199249 65779.534516601561 236.077209472656
301763.480070800812 65780.837556152343 236.077209472656
301761.156492919952 65782.140717773436 236.077209472656
301758.832915039093 65783.443879394530 236.077209472656
301760.094176025421 65785.692780761718 236.077209472656
301761.355437011749 65787.941682128905 236.077209472656
301763.679045410187 65786.638520507811 236.077209472656
301766.002623291046 65785.335419921874 236.077209472656
301768.326201171905 65784.032319335936 236.077209472656
301767.064909667999 65781.783356933593 236.077209472656
301755.269102783233 65760.750520019530 188.613098144531
301758.908598632843 65758.709382324218 188.613098144531
301762.548155517608 65756.668244628905 188.613098144531
301760.099058837921 65752.301301269530 188.613098144531
301756.459501953155 65754.342438964843 188.613098144531
301752.819975585968 65756.383576660155 188.613098144531
301765.803679199249 65779.534516601561 188.613098144531
301775.605253906280 65779.949982910155 188.613098144531
301773.082762451202 65775.452180175780 188.613098144531
301769.443205566437 65777.493317871093 188.613098144531
301768.326201171905 65784.032319335936 188.613098144531
301760.099058837921 65752.301301269530 140.526321411133
301762.548155517608 65756.668244628905 140.526321411133
301766.128020019562 65754.660554199218 140.526321411133
301769.707915039093 65752.652863769530 140.526321411133
301767.258757324249 65748.285920410155 140.526321411133
301763.678923339874 65750.293610839843 140.526321411133
301780.242399902374 65771.436860351561 140.526321411133
301776.662565917999 65773.444489746093 140.526321411133
301773.082762451202 65775.452180175780 140.526321411133
301775.605253906280 65779.949982910155 140.526321411133
301779.185087890655 65777.942292480468 140.526321411133
301782.764982910187 65775.934602050780 140.526321411133
301767.258757324249 65748.285920410155 63.294822692871
301769.707915039093 65752.652863769530 63.294822692871
301773.501158447296 65750.525544433593 63.294822692871
301777.294432373077 65748.398164062499 63.294822692871
301774.845274658233 65744.031098632811 63.294822692871
301771.052000732452 65746.158540039061 63.294822692871
301780.242399902374 65771.436860351561 63.294822692871
301781.503691406280 65773.685700683593 63.294822692871
301782.764982910187 65775.934602050780 63.294822692871
301785.293822021515 65774.516328124999 63.294822692871
301787.822661132843 65773.098054199218 63.294822692871
301790.351530761749 65771.679841308593 63.294822692871
301789.090239257843 65769.430939941405 63.294822692871
301787.828917236358 65767.182099609374 63.294822692871
301785.300108642608 65768.600312499999 63.294822692871
301782.771269531280 65770.018586425780 63.294822692871
301715.957091064483 65771.880280761718 70.298347473145
301713.730040283233 65773.129243164061 70.298347473145
301717.061461181671 65773.849458007811 70.298347473145
301714.834410400421 65775.098481445311 70.298347473145
301718.165831298858 65775.818635253905 70.298347473145
301717.052305908233 65776.443146972655 70.298347473145
301715.938780517608 65777.067597656249 70.298347473145
301734.776427001983 65805.436494140624 70.298347473145
301732.549345703155 65806.685517578124 70.298347473145
301735.880797119171 65807.405732421874 70.298347473145
301731.445006103546 65804.716340332030 70.298347473145
301732.558500976593 65804.091828613280 70.298347473145
301733.672056884796 65803.467316894530 70.298347473145
301734.767271728546 65808.030183105468 70.298347473145
301733.653746337921 65808.654694824218 70.298347473145
301710.300261230499 65765.798127441405 33.732933044434
301711.624571533233 65768.159455566405 33.732933044434
301701.555968017608 65770.702180175780 33.732933044434
301702.880278320343 65773.063569335936 33.732933044434
301679.233793945343 65828.381501464843 65.142204284668
301684.647917480499 65825.345002441405 65.142204284668
301690.062041015655 65822.308625488280 65.142204284668
301673.650969238312 65818.426850585936 65.142204284668
301679.065092773468 65815.390473632811 65.142204284668
301684.479185791046 65812.354035644530 65.142204284668
301668.068144531280 65808.472260742186 65.142204284668
301673.482237548858 65805.435883789061 65.142204284668
301678.896361084015 65802.399506835936 65.142204284668
301658.397322387726 65803.421052246093 65.142204284668
301665.194472045929 65799.609040527343 65.142204284668
301664.299589843780 65798.013398437499 65.142204284668
301670.690840454132 65800.458588867186 65.142204284668
301670.775191040069 65806.954072265624 65.142204284668
301665.276716918976 65803.495026855468 65.142204284668
301667.983778686554 65801.976777343749 65.142204284668
301668.797804565460 65795.490632324218 65.142204284668
301673.296049804718 65792.967866210936 65.142204284668
301674.190916748077 65794.563569335936 65.142204284668
301676.104948730499 65797.422150878905 65.142204284668
301676.189329834015 65803.917695312499 65.142204284668
301673.397886962921 65798.940339355468 65.142204284668
301679.629179687530 65791.513642578124 65.142204284668
301682.858214111358 65797.271271972655 65.142204284668
301686.087248535187 65803.028901367186 65.142204284668
301685.807615966827 65803.185700683593 65.142204284668
301681.603422851593 65800.881318359374 65.142204284668
301687.186278076202 65810.835847167968 65.142204284668
301681.687803955108 65807.376740722655 65.142204284668
301684.394835205108 65805.858552246093 65.142204284668
301682.956968994171 65800.122224121093 65.142204284668
301685.748381347687 65805.099458007811 65.142204284668
301682.999144287140 65803.369965820311 65.142204284668
301684.352659912140 65802.610810546874 65.142204284668
301678.812010498077 65795.903962402343 65.142204284668
301685.029417724640 65802.231232910155 65.142204284668
301686.425139160187 65804.719880371093 65.142204284668
301685.050535888702 65803.855134277343 65.142204284668
301685.727293701202 65803.475617675780 65.142204284668
301688.539793701202 65810.076752929686 65.142204284668
301685.790556640655 65808.347199707030 65.142204284668
301687.144072265655 65807.588105468749 65.142204284668
301692.769102783233 65820.790437011718 65.142204284668
301687.270628662140 65817.331330566405 65.142204284668
301689.977659912140 65815.813142089843 65.142204284668
301685.367796630890 65802.041474609374 65.142204284668
301685.378355712921 65802.853425292968 65.142204284668
301685.716734619171 65802.663666992186 65.142204284668
301683.633726806671 65799.742646484374 65.142204284668
301683.654814453155 65801.366486816405 65.142204284668
301684.331572265655 65800.986970214843 65.142204284668
301680.165556640655 65795.144868164061 65.142204284668
301680.207701416046 65798.392609863280 65.142204284668
301681.561247558624 65797.633515624999 65.142204284668
301689.240812988312 65809.307343749999 65.142204284668
301692.674010009796 65815.429047851561 65.142204284668
301696.107237548858 65821.550690917968 65.142204284668
301699.540434570343 65827.672395019530 65.142204284668
301695.449156494171 65829.966889648436 65.142204284668
301696.256743164093 65831.406953124999 65.142204284668
301692.853453369171 65827.285920410155 65.142204284668
301695.560515136749 65825.767731933593 65.142204284668
301690.911497802765 65834.404633789061 65.142204284668
301685.566282959015 65837.402375488280 65.142204284668
301684.760771484405 65835.966096191405 65.142204284668
301681.940855712921 65826.863190917968 65.142204284668
301687.439329834015 65830.322358398436 65.142204284668
301682.025206298858 65833.358735351561 65.142204284668
301684.732268066437 65831.840546874999 65.142204284668
301678.590361328155 65839.426606445311 65.142204284668
301674.551756591827 65832.225556640624 65.142204284668
301670.513151855499 65825.024445800780 65.142204284668
301666.474547119171 65817.823334960936 65.142204284668
301662.435942382843 65810.622163085936 65.142204284668
301741.016386718780 65751.675690917968 57.714153289795
301730.055845947296 65757.822663574218 57.714153289795
301719.095305175812 65763.969636230468 57.714153289795
301723.928160400421 65772.587006835936 57.714153289795
301731.235167236358 65768.488923339843 57.714153289795
301738.542235107452 65764.390961914061 57.714153289795
301745.849241943390 65760.293000488280 57.714153289795
301743.432829589874 65755.984345703124 57.714153289795
301761.355437011749 65787.941682128905 57.714153289795
301766.201719970733 65796.582917480468 57.714153289795
301739.434385986358 65800.235688476561 57.714153289795
301744.280638427765 65808.876862792968 57.714153289795
301755.241179199249 65802.729890136718 57.714153289795
301657.940474243194 65823.754426269530 87.685997009277
301657.940474243194 65825.278413085936 87.685997009277
301657.940474243194 65826.802399902343 87.685997009277
301657.940474243194 65828.326325683593 87.685997009277
301659.455382080108 65823.754426269530 87.685997009277
301659.455382080108 65825.278413085936 87.685997009277
301659.455382080108 65826.802399902343 87.685997009277
301659.455382080108 65828.326325683593 87.685997009277
301660.970289917022 65820.706452636718 87.685997009277
301660.970289917022 65822.230378417968 87.685997009277
301660.970289917022 65823.754426269530 87.685997009277
301660.970289917022 65825.278413085936 87.685997009277
301660.970289917022 65826.802399902343 87.685997009277
301660.970289917022 65828.326325683593 87.685997009277
301662.485182495147 65820.706452636718 87.685997009277
301662.485182495147 65822.230378417968 87.685997009277
301662.485182495147 65823.754426269530 87.685997009277
301662.485182495147 65825.278413085936 87.685997009277
301662.485182495147 65826.802399902343 87.685997009277
301664.000090332062 65823.754426269530 87.685997009277
301664.000090332062 65825.278413085936 87.685997009277
301664.000090332062 65826.802399902343 87.685997009277
301664.000090332062 65828.326325683593 87.685997009277
301665.514967651397 65826.802399902343 87.685997009277
301665.514967651397 65828.326325683593 87.685997009277
301659.850081176788 65822.313813476561 87.685997009277
301659.458616943390 65821.615815429686 87.685997009277
301659.067167968780 65820.917817382811 87.685997009277
301660.036421508819 65820.374238281249 87.685997009277
301661.005690307647 65819.830598144530 87.685997009277
301661.974943847687 65819.287019042968 87.685997009277
301662.525053710968 65820.267976074218 87.685997009277
301663.075163574249 65821.248811035155 87.685997009277
301663.625273437530 65822.229645996093 87.685997009277
301664.175398559601 65823.210603027343 87.685997009277
301664.725493164093 65824.191437988280 87.685997009277
301665.275603027374 65825.172395019530 87.685997009277
301665.825712890655 65826.153229980468 87.685997009277
301666.375822753937 65827.134064941405 87.685997009277
301666.925917358429 65828.115021972655 87.685997009277
301665.956663818390 65828.658601074218 87.685997009277
301664.987395019562 65829.202180175780 87.685997009277
301664.018141479522 65829.745759277343 87.685997009277
301663.506880493194 65828.834138183593 87.685997009277
301662.995619506866 65827.922456054686 87.685997009277
301662.107069702179 65828.420808105468 87.685997009277
301661.218535156280 65828.919099121093 87.685997009277
301660.806242675812 65829.096650390624 87.685997009277
301660.212828369171 65828.326325683593 87.685997009277
301660.373228759796 65829.215119628905 87.685997009277
301659.927962036163 65829.272065429686 87.685997009277
301659.479094238312 65829.266572265624 87.685997009277
301659.035368652374 65829.198640136718 87.685997009277
301658.697920532257 65828.326325683593 87.685997009277
301658.605421752960 65829.069489746093 87.685997009277
301658.197615356476 65828.881928710936 87.685997009277
301657.819914550812 65828.639313964843 87.685997009277
301657.479658813507 65828.346467285155 87.685997009277
301657.183439941437 65828.009187011718 87.685997009277
301657.940474243194 65827.564301757811 87.685997009277
301657.183012695343 65826.802399902343 87.685997009277
301657.183012695343 65827.564301757811 87.685997009277
301656.937086792022 65827.633881835936 87.685997009277
301656.745344848663 65827.227998046874 87.685997009277
301656.611983032257 65826.799348144530 87.685997009277
301657.940474243194 65826.040375976561 87.685997009277
301657.183012695343 65825.278413085936 87.685997009277
301657.183012695343 65826.040375976561 87.685997009277
301656.539580078155 65826.356354980468 87.685997009277
301656.529539794952 65825.907563476561 87.685997009277
301656.582075805694 65825.461762695311 87.685997009277
301656.696150512726 65825.027558593749 87.685997009277
301657.940474243194 65824.516389160155 87.685997009277
301657.183012695343 65824.516389160155 87.685997009277
301656.869536132843 65824.613496093749 87.685997009277
301657.098875732452 65824.227631835936 87.685997009277
301657.379698486358 65823.877412109374 87.685997009277
301657.706526489288 65823.569733886718 87.685997009277
301658.073012084991 65823.310456542968 87.685997009277
301658.697920532257 65823.754426269530 87.685997009277
301658.961531372101 65822.812104492186 87.685997009277
301666.925917358429 65828.115021972655 83.091880798340
301670.816969604522 65835.053010253905 83.091880798340
301674.708037109405 65841.990998535155 83.091880798340
301671.106001586944 65844.011079101561 83.091880798340
301668.215605468780 65838.857331542968 83.091880798340
301664.745299072296 65840.803620605468 83.091880798340
301663.739714355499 65839.010651855468 83.091880798340
301667.904265136749 65836.675019531249 83.091880798340
301664.018141479522 65829.745759277343 83.091880798340
301659.067167968780 65820.917817382811 83.091880798340
301655.038222045929 65813.733979492186 83.091880798340
301650.873671264679 65816.069489746093 83.091880798340
301650.118117065460 65814.722321777343 83.091880798340
301653.588423461944 65812.776093749999 83.091880798340
301649.662169189483 65805.775300292968 83.091880798340
301653.264189453155 65803.755158691405 83.091880798340
301657.619566650421 65811.521088867186 83.091880798340
301661.974943847687 65819.287019042968 83.091880798340
301650.408522338897 65817.670930175780 81.510627746582
301653.147474975616 65816.134858398436 81.510627746582
301655.876723022491 65827.421113281249 81.510627746582
301658.615660400421 65825.885041503905 81.510627746582
301661.354582519562 65824.348908691405 81.510627746582
301661.344877929718 65837.171174316405 81.510627746582
301664.083830566437 65835.635102539061 81.510627746582
301666.822767944366 65834.099091796874 81.510627746582
301647.205092163116 65818.126984863280 81.510627746582
301650.421614379913 65823.862214355468 81.510627746582
301653.638121337921 65829.597565917968 81.510627746582
301656.854628295929 65835.332795410155 81.510627746582
301660.071135253937 65841.068024902343 81.510627746582
301663.739714355499 65839.010651855468 81.510627746582
301664.745299072296 65840.803620605468 81.510627746582
301662.714369506866 65836.403168945311 81.510627746582
301668.215605468780 65838.857331542968 81.510627746582
301671.106001586944 65844.011079101561 81.510627746582
301674.708037109405 65841.990998535155 81.510627746582
301670.816969604522 65835.053010253905 81.510627746582
301666.925917358429 65828.115021972655 81.510627746582
301664.450438232452 65823.700959472655 81.510627746582
301661.974943847687 65819.287019042968 81.510627746582
301659.071364135772 65814.109772949218 81.510627746582
301656.167784423858 65808.932465820311 81.510627746582
301653.264189453155 65803.755158691405 81.510627746582
301649.662169189483 65805.775300292968 81.510627746582
301653.588423461944 65812.776093749999 81.510627746582
301650.118117065460 65814.722321777343 81.510627746582
301650.873671264679 65816.069489746093 81.510627746582
301651.778013916046 65816.902863769530 81.510627746582
301774.204649658233 65763.739167480468 277.401336669922
301773.312987060577 65762.149262695311 277.401336669922
301778.905974121124 65761.102509765624 277.401336669922
301778.014311523468 65759.512604980468 277.401336669922
301722.741118164093 65789.248749999999 277.114593505859
301723.944761962921 65791.394929199218 277.114593505859
301725.148405761749 65793.541108398436 277.114593505859
301726.462889404327 65792.803864746093 277.114593505859
301727.777403564483 65792.066682128905 277.114593505859
301728.502653808624 65791.659943847655 277.114593505859
301727.299010009796 65789.513764648436 277.114593505859
301726.095396728546 65787.367646484374 277.114593505859
301725.370177001983 65787.774323730468 277.114593505859
301724.055632324249 65788.511506347655 277.114593505859
301725.088225097687 65799.846589355468 262.993927001953
301720.178068847687 65802.600373535155 262.993927001953
301708.947752685577 65808.898652343749 262.993927001953
301704.728941650421 65801.376252441405 262.993927001953
301700.510161132843 65793.853791503905 262.993927001953
301711.740446777374 65787.555451660155 262.993927001953
301716.650633544952 65784.801667480468 262.993927001953
301720.869444580108 65792.324128417968 262.993927001953
301773.797178955108 65766.343415527343 275.122436523438
301773.243986816437 65765.357087402343 275.122436523438
301772.137602539093 65763.384309082030 275.122436523438
301771.584410400421 65762.397919921874 275.122436523438
301771.031218261749 65761.411469726561 275.122436523438
301767.153715820343 65770.069245605468 275.122436523438
301766.600523681671 65769.082917480468 275.122436523438
301766.047331542999 65768.096467285155 275.122436523438
301765.494139404327 65767.110139160155 275.122436523438
301764.940947265655 65766.123688964843 275.122436523438
301764.387755126983 65765.137360839843 275.122436523438
301760.510252685577 65773.795136718749 275.122436523438
301759.957060546905 65772.808686523436 275.122436523438
301759.403868408233 65771.822297363280 275.122436523438
301758.850676269562 65770.835969238280 275.122436523438
301758.297514648468 65769.849519042968 275.122436523438
301757.744322509796 65768.863190917968 275.122436523438
301753.866789550812 65777.520966796874 275.122436523438
301753.313597412140 65776.534516601561 275.122436523438
301747.223356933624 65781.246735839843 275.122436523438
301746.670164794952 65780.260346679686 275.122436523438
301746.116972656280 65779.273896484374 275.122436523438
301745.563780517608 65778.287568359374 275.122436523438
301745.010588378937 65777.301179199218 275.122436523438
301744.457396240265 65776.314790039061 275.122436523438
301740.579893798858 65784.972565917968 275.122436523438
301740.026701660187 65783.986176757811 275.122436523438
301739.473509521515 65782.999787597655 275.122436523438
301738.920317382843 65782.013398437499 275.122436523438
301738.367125244171 65781.026948242186 275.122436523438
301737.813933105499 65780.040620117186 275.122436523438
301733.936430664093 65788.698395996093 275.122436523438
301733.383238525421 65787.711945800780 275.122436523438
301732.830046386749 65786.725617675780 275.122436523438
301732.276854248077 65785.739167480468 275.122436523438
301731.723662109405 65784.752778320311 275.122436523438
301731.170469970733 65783.766450195311 275.122436523438
301776.638395996124 65757.059235839843 275.122436523438
301778.014311523468 65759.512604980468 275.122436523438
301773.312987060577 65762.149262695311 275.122436523438
301774.204649658233 65763.739167480468 275.122436523438
301778.905974121124 65761.102509765624 275.122436523438
301780.434813232452 65763.828522949218 275.122436523438
301777.042479248077 65765.731110839843 275.122436523438
301772.229552001983 65768.430329589843 275.122436523438
301767.416624755890 65771.129426269530 275.122436523438
301762.603697509796 65773.828645019530 275.122436523438
301757.707335205108 65776.574677734374 275.122436523438
301752.811003417999 65779.320649414061 275.122436523438
301747.914641113312 65782.066682128905 275.122436523438
301743.018309326202 65784.812653808593 275.122436523438
301738.121977539093 65787.558686523436 275.122436523438
301733.225584716827 65790.304658203124 275.122436523438
301728.329252929718 65793.050629882811 275.122436523438
301727.777403564483 65792.066682128905 275.122436523438
301730.614714355499 65790.561249999999 275.122436523438
301734.213041992218 65789.191499023436 275.122436523438
301730.891295166046 65791.054475097655 275.122436523438
301730.061522216827 65789.574921874999 275.122436523438
301733.659849853546 65788.205170898436 275.122436523438
301730.338103027374 65790.068024902343 275.122436523438
301728.502653808624 65791.659943847655 275.122436523438
301728.677244873077 65790.999482421874 275.122436523438
301730.476408691437 65790.314667968749 275.122436523438
301728.815550537140 65791.246125488280 275.122436523438
301726.095396728546 65787.367646484374 275.122436523438
301725.370177001983 65787.774323730468 275.122436523438
301727.848753662140 65785.629304199218 275.122436523438
301731.447050781280 65784.259614257811 275.122436523438
301728.401945800812 65786.615693359374 275.122436523438
301728.125334472687 65786.122529296874 275.122436523438
301728.263640136749 65786.369172363280 275.122436523438
301726.741087646515 65787.547211914061 275.122436523438
301726.602781982452 65787.300568847655 275.122436523438
301732.000242919952 65785.246003417968 275.122436523438
301728.955107421905 65787.602143554686 275.122436523438
301728.678557128937 65787.108918457030 275.122436523438
301724.532835693390 65786.281342773436 275.122436523438
301730.893858642608 65783.273225097655 275.122436523438
301727.572142334015 65785.136140136718 275.122436523438
301729.429167480499 65783.535310058593 275.122436523438
301734.325560302765 65780.789338378905 275.122436523438
301739.221892089874 65778.043305664061 275.122436523438
301744.118223876983 65775.297395019530 275.122436523438
301749.014586181671 65772.551362304686 275.122436523438
301753.910917968780 65769.805390624999 275.122436523438
301758.807249755890 65767.059357910155 275.122436523438
301763.620207519562 65764.360139160155 275.122436523438
301768.433134765655 65761.660920410155 275.122436523438
301773.246062011749 65758.961701660155 275.122436523438
301753.687529296905 65772.353181152343 275.122436523438
301750.845762939483 65773.946931152343 275.122436523438
301748.004057617218 65775.540620117186 275.122436523438
301749.459166259796 65778.135224609374 275.122436523438
301752.300902099640 65776.541535644530 275.122436523438
301755.142668457062 65774.947785644530 275.122436523438
301780.242399902374 65771.436860351561 242.689270019531
301777.042479248077 65765.731110839843 242.689270019531
301780.434813232452 65763.828522949218 242.689270019531
301784.628996582062 65761.476411132811 242.689270019531
301787.828917236358 65767.182099609374 242.689270019531
301784.035673828155 65769.309418945311 242.689270019531
301769.707915039093 65752.652863769530 242.689270019531
301773.501158447296 65750.525544433593 242.689270019531
301777.294432373077 65748.398164062499 242.689270019531
301779.063505859405 65751.552583007811 242.689270019531
301780.832579345733 65754.707001953124 242.689270019531
301776.638395996124 65757.059235839843 242.689270019531
301773.246062011749 65758.961701660155 242.689270019531
301771.476988525421 65755.807282714843 242.689270019531
301788.284575195343 65753.717011718749 148.660430908203
301786.996123046905 65754.439545898436 148.660430908203
301787.924833984405 65756.095551757811 148.660430908203
301789.213286132843 65755.372956542968 148.660430908203
301789.966795654327 65756.716584472655 148.660430908203
301790.720366210968 65758.060151367186 148.660430908203
301789.036558837921 65759.004487304686 148.660430908203
301788.283049316437 65757.660859374999 148.660430908203
301787.529509277374 65756.317231445311 148.660430908203
301786.601958007843 65754.663300781249 148.660430908203
301785.240172119171 65752.235139160155 148.660430908203
301786.923948974640 65751.290864257811 148.660430908203
301790.629973144562 65765.611176757811 144.701919555664
301789.030028076202 65762.758332519530 144.701919555664
301787.430052490265 65759.905427246093 144.701919555664
301789.036558837921 65759.004487304686 144.701919555664
301790.720366210968 65758.060151367186 144.701919555664
301792.320311279327 65760.913056640624 144.701919555664
301793.920286865265 65763.765961914061 144.701919555664
301780.095488281280 65746.827241210936 144.701919555664
301783.385771484405 65744.981965332030 144.701919555664
301785.154844970733 65748.136384277343 144.701919555664
301786.923948974640 65751.290864257811 144.701919555664
301785.240172119171 65752.235139160155 144.701919555664
301783.633635253937 65753.136140136718 144.701919555664
301781.864561767608 65749.981721191405 144.701919555664
301786.601958007843 65754.663300781249 206.184158325195
301785.374510498077 65755.351655273436 206.184158325195
301786.302122802765 65757.005646972655 206.184158325195
301787.529509277374 65756.317231445311 206.184158325195
301789.036558837921 65759.004487304686 206.184158325195
301787.430052490265 65759.905427246093 206.184158325195
301785.765898437530 65760.838715820311 206.184158325195
301784.238707275421 65758.115571289061 206.184158325195
301783.332121582062 65756.499055175780 206.184158325195
301781.969511718780 65754.069428710936 206.184158325195
301783.633635253937 65753.136140136718 206.184158325195
301785.240172119171 65752.235139160155 206.184158325195
301748.138426513702 65770.799104003905 271.235900878906
301753.511107177765 65780.379060058593 271.235900878906
301738.030394287140 65776.467988281249 271.235900878906
301743.403013916046 65786.047883300780 271.235900878906
301727.922331542999 65782.136872558593 271.235900878906
301733.294981689483 65791.716767578124 271.235900878906
301727.777403564483 65792.066682128905 271.235900878906
301725.148405761749 65793.541108398436 271.235900878906
301728.240935058624 65794.551179199218 271.235900878906
301722.741118164093 65789.248749999999 271.235900878906
301725.370177001983 65787.774323730468 271.235900878906
301722.868284912140 65784.971284179686 271.235900878906
301724.532835693390 65786.281342773436 271.235900878906
301731.387724609405 65782.436982421874 271.235900878906
301738.242644042999 65778.592499999999 271.235900878906
301745.097502441437 65774.748139648436 271.235900878906
301751.952391357452 65770.903779296874 271.235900878906
301758.807249755890 65767.059357910155 271.235900878906
301755.269102783233 65760.750520019530 271.235900878906
301748.298338623077 65764.659882812499 271.235900878906
301747.377287597687 65765.176484374999 271.235900878906
301739.883299560577 65769.379304199218 271.235900878906
301732.389342041046 65773.582124023436 271.235900878906
301724.895323486358 65777.784943847655 271.235900878906
301717.401335449249 65781.987885742186 271.235900878906
301746.795286865265 65768.404206542968 271.235900878906
301753.192503662140 65767.964692382811 271.235900878906
301751.849302978546 65765.569733886718 271.235900878906
301746.123717041046 65767.206696777343 271.235900878906
301749.322294921905 65766.986970214843 271.235900878906
301751.177733154327 65764.372285156249 271.235900878906
301748.650725097687 65765.789521484374 271.235900878906
301736.687224121124 65774.073029785155 271.235900878906
301743.084410400421 65773.633576660155 271.235900878906
301741.741240234405 65771.238618164061 271.235900878906
301718.185728759796 65783.386506347655 271.235900878906
301726.579161376983 65779.741853027343 271.235900878906
301721.525145263702 65782.576264648436 271.235900878906
301716.414152832062 65784.379975585936 271.235900878906
301716.650633544952 65784.801667480468 271.235900878906
301720.869444580108 65792.324128417968 271.235900878906
301725.088225097687 65799.846589355468 271.235900878906
301725.469816894562 65800.527009277343 271.235900878906
301718.998137207062 65783.993500976561 271.235900878906
301720.853544921905 65781.378815917968 271.235900878906
301718.326536865265 65782.795991210936 271.235900878906
301717.734617919952 65784.702119140624 271.235900878906
301718.662321777374 65783.394746093749 271.235900878906
301717.398833007843 65784.103364257811 271.235900878906
301720.341276855499 65786.388520507811 271.235900878906
301722.196715087921 65783.773835449218 271.235900878906
301719.669707031280 65785.191010742186 271.235900878906
301734.638121337921 65794.111726074218 271.235900878906
301729.584105224640 65796.946137695311 271.235900878906
301730.255705566437 65798.143586425780 271.235900878906
301727.057066650421 65798.363374023436 271.235900878906
301727.241423339874 65799.533417968749 271.235900878906
301727.935942382843 65800.771821289061 271.235900878906
301735.429930419952 65796.568940429686 271.235900878906
301742.923918457062 65792.366120605468 271.235900878906
301750.417875976593 65788.163300781249 271.235900878906
301757.911864013702 65783.960419921874 271.235900878906
301758.832915039093 65783.443879394530 271.235900878906
301765.803679199249 65779.534516601561 271.235900878906
301754.854277343780 65782.773957519530 271.235900878906
301759.908293457062 65779.939545898436 271.235900878906
301755.525816650421 65783.971528320311 271.235900878906
301760.579863281280 65781.137116699218 271.235900878906
301757.381254882843 65781.356782226561 271.235900878906
301758.052855224640 65782.554291992186 271.235900878906
301744.746184082062 65788.442841796874 271.235900878906
301749.800200195343 65785.608430175780 271.235900878906
301762.603697509796 65773.828645019530 271.235900878906
301755.748808593780 65777.673066406249 271.235900878906
301748.893919677765 65781.517487792968 271.235900878906
301742.039061279327 65785.361909179686 271.235900878906
301735.184141845733 65789.206269531249 271.235900878906
301728.329252929718 65793.050629882811 271.235900878906
301730.767973632843 65793.134003906249 271.235900878906
301741.016386718780 65751.675690917968 44.206871032715
301743.432829589874 65755.984345703124 44.206871032715
301745.849241943390 65760.293000488280 44.206871032715
301752.819975585968 65756.383576660155 44.206871032715
301760.099058837921 65752.301301269530 44.206871032715
301767.258757324249 65748.285920410155 44.206871032715
301764.842344970733 65743.977265624999 44.206871032715
301762.425932617218 65739.668610839843 44.206871032715
301755.289396972687 65743.670930175780 44.206871032715
301748.152922363312 65747.673310546874 44.206871032715
301761.355437011749 65787.941682128905 44.206871032715
301763.778593750030 65792.262299804686 44.206871032715
301766.201719970733 65796.582917480468 44.206871032715
301773.338194580108 65792.580598144530 44.206871032715
301780.474730224640 65788.578217773436 44.206871032715
301787.611235351593 65784.575837402343 44.206871032715
301785.188078613312 65780.255219726561 44.206871032715
301782.764982910187 65775.934602050780 44.206871032715
301775.605253906280 65779.949982910155 44.206871032715
301768.326201171905 65784.032319335936 44.206871032715
301758.807249755890 65767.059357910155 265.622711181641
301757.038176269562 65763.904938964843 265.622711181641
301755.269102783233 65760.750520019530 265.622711181641
301758.908598632843 65758.709382324218 265.622711181641
301762.548155517608 65756.668244628905 265.622711181641
301766.128020019562 65754.660554199218 265.622711181641
301769.707915039093 65752.652863769530 265.622711181641
301771.476988525421 65755.807282714843 265.622711181641
301773.246062011749 65758.961701660155 265.622711181641
301768.433134765655 65761.660920410155 265.622711181641
301763.620207519562 65764.360139160155 265.622711181641
301777.042479248077 65765.731110839843 265.622711181641
301780.242399902374 65771.436860351561 265.622711181641
301773.082762451202 65775.452180175780 265.622711181641
301765.803679199249 65779.534516601561 265.622711181641
301762.603697509796 65773.828645019530 265.622711181641
301769.823088378937 65769.779877929686 265.622711181641
301699.540434570343 65827.672395019530 67.761917114258
301706.633330078155 65823.694489746093 67.761917114258
301713.726195068390 65819.716523437499 67.761917114258
301708.860594482452 65811.040864257811 67.761917114258
301705.758970947296 65812.780366210936 67.761917114258
301704.329436035187 65810.231416015624 67.761917114258
301699.279631347687 65813.063508300780 67.761917114258
301695.560759277374 65806.432526855468 67.761917114258
301691.841917724640 65799.801484374999 67.761917114258
301686.087248535187 65803.028901367186 67.761917114258
301685.807615966827 65803.185700683593 67.761917114258
301690.896727294952 65804.113679199218 67.761917114258
301689.088041992218 65805.128144531249 67.761917114258
301690.021269531280 65802.552705078124 67.761917114258
301688.212584228546 65803.567048339843 67.761917114258
301687.308256835968 65804.074250488280 67.761917114258
301687.774840087921 65802.786530761718 67.761917114258
301686.870512695343 65803.293732910155 67.761917114258
301686.418333740265 65803.547333984374 67.761917114258
301686.651640625030 65802.903535156249 67.761917114258
301686.199461669952 65803.157014160155 67.761917114258
301690.385222167999 65811.347932128905 67.761917114258
301694.962828369171 65819.510102539061 67.761917114258
301689.304045410187 65789.982697753905 63.291408538818
301715.938780517608 65777.067597656249 63.291408538818
301707.369780273468 65781.873322753905 63.291408538818
301709.789976806671 65786.188752441405 63.291408538818
301691.370054931671 65793.666596679686 63.291408538818
301697.913176269562 65785.154511718749 63.291408538818
301699.979185791046 65788.838288574218 63.291408538818
301702.584257812530 65790.229951171874 63.291408538818
301695.378477783233 65794.271210937499 63.291408538818
301699.853972167999 65802.251252441405 63.291408538818
301704.329436035187 65810.231416015624 63.291408538818
301699.279631347687 65813.063508300780 63.291408538818
301695.560759277374 65806.432526855468 63.291408538818
301691.841917724640 65799.801484374999 63.291408538818
301686.087248535187 65803.028901367186 63.291408538818
301679.629179687530 65791.513642578124 63.291408538818
301674.190916748077 65794.563569335936 63.291408538818
301673.296049804718 65792.967866210936 63.291408538818
301664.299589843780 65798.013398437499 63.291408538818
301665.194472045929 65799.609040527343 63.291408538818
301658.397322387726 65803.421052246093 63.291408538818
301656.547484130890 65800.122651367186 63.291408538818
301652.031203002960 65802.655488281249 63.291408538818
301651.572828979522 65801.838288574218 63.291408538818
301664.399687500030 65794.644562988280 63.291408538818
301677.226561279327 65787.450898437499 63.291408538818
301690.053404541046 65780.257233886718 63.291408538818
301702.880278320343 65773.063569335936 63.291408538818
301711.624571533233 65768.159455566405 63.291408538818
301719.095305175812 65763.969636230468 63.291408538818
301723.928160400421 65772.587006835936 63.291408538818
301718.165831298858 65775.818635253905 63.291408538818
301715.957091064483 65771.880280761718 63.291408538818
301713.730040283233 65773.129243164061 63.291408538818
301697.568114013702 65804.718110351561 63.291408538818
301709.076842041046 65824.283540039061 63.291408538818
301733.672056884796 65803.467316894530 63.291408538818
301739.434385986358 65800.235688476561 63.291408538818
301744.280638427765 65808.876862792968 63.291408538818
301733.604399414093 65814.864472656249 63.291408538818
301722.928190917999 65820.851960449218 63.291408538818
301712.251982421905 65826.839448242186 63.291408538818
301701.575743408233 65832.827058105468 63.291408538818
301690.899534912140 65838.814545898436 63.291408538818
301680.223295898468 65844.802155761718 63.291408538818
301679.871184082062 65844.174226074218 63.291408538818
301684.524229736358 65840.310212402343 63.291408538818
301680.271666259796 65842.695161132811 63.291408538818
301685.005644531280 65841.168610839843 63.291408538818
301680.753081054718 65843.553620605468 63.291408538818
301677.221342773468 65845.660371093749 63.291408538818
301675.750548095733 65843.037751464843 63.291408538818
301679.451506347687 65840.962128906249 63.291408538818
301678.590361328155 65839.426606445311 63.291408538818
301684.042814941437 65839.451752929686 63.291408538818
301679.790220947296 65841.836701660155 63.291408538818
301684.760771484405 65835.966096191405 63.291408538818
301685.566282959015 65837.402375488280 63.291408538818
301700.571715087921 65829.053498535155 63.291408538818
301696.256743164093 65831.406953124999 63.291408538818
301695.449156494171 65829.966889648436 63.291408538818
301710.039732666046 65826.000397949218 63.291408538818
301701.534544677765 65830.770295410155 63.291408538818
301699.540434570343 65827.672395019530 63.291408538818
301706.633330078155 65823.694489746093 63.291408538818
301713.726195068390 65819.716523437499 63.291408538818
301708.860594482452 65811.040864257811 63.291408538818
301720.170469970733 65804.697907714843 63.291408538818
301722.875975341827 65809.522126464843 63.291408538818
301731.445006103546 65804.716340332030 63.291408538818
301733.653746337921 65808.654694824218 63.291408538818
301735.880797119171 65807.405732421874 63.291408538818
301747.377287597687 65765.176484374999 257.786132812500
301745.328551025421 65761.523347167968 257.786132812500
301736.164091796905 65766.663056640624 257.786132812500
301726.999663085968 65771.802644042968 257.786132812500
301717.835234375030 65776.942353515624 257.786132812500
301708.670805664093 65782.082062988280 257.786132812500
301711.740446777374 65787.555451660155 257.786132812500
301706.125303955108 65790.704682617186 257.786132812500
301700.510161132843 65793.853791503905 257.786132812500
301704.728941650421 65801.376252441405 257.786132812500
301708.947752685577 65808.898652343749 257.786132812500
301714.562895507843 65805.749482421874 257.786132812500
301720.178068847687 65802.600373535155 257.786132812500
301723.284300537140 65808.139069824218 257.786132812500
301732.448759765655 65802.999360351561 257.786132812500
301741.613188476593 65797.859711914061 257.786132812500
301750.777617187530 65792.720002441405 257.786132812500
301759.942076416046 65787.580415039061 257.786132812500
301757.911864013702 65783.960419921874 257.786132812500
301758.832915039093 65783.443879394530 257.786132812500
301761.355437011749 65787.941682128905 257.786132812500
301754.048430175812 65792.039643554686 257.786132812500
301746.741392822296 65796.137604980468 257.786132812500
301739.434385986358 65800.235688476561 257.786132812500
301733.672056884796 65803.467316894530 257.786132812500
301731.445006103546 65804.716340332030 257.786132812500
301722.875975341827 65809.522126464843 257.786132812500
301720.170469970733 65804.697907714843 257.786132812500
301714.515532226593 65807.869355468749 257.786132812500
301708.860594482452 65811.040864257811 257.786132812500
301705.758970947296 65812.780366210936 257.786132812500
301704.329436035187 65810.231416015624 257.786132812500
301699.853972167999 65802.251252441405 257.786132812500
301695.378477783233 65794.271210937499 257.786132812500
301702.584257812530 65790.229951171874 257.786132812500
301709.789976806671 65786.188752441405 257.786132812500
301707.369780273468 65781.873322753905 257.786132812500
301715.938780517608 65777.067597656249 257.786132812500
301718.165831298858 65775.818635253905 257.786132812500
301723.928160400421 65772.587006835936 257.786132812500
301731.235167236358 65768.488923339843 257.786132812500
301738.542235107452 65764.390961914061 257.786132812500
301745.849241943390 65760.293000488280 257.786132812500
301748.298338623077 65764.659882812499 257.786132812500
301783.332121582062 65756.499055175780 250.171798706055
301782.016813964874 65757.236726074218 250.171798706055
301782.923399658233 65758.853242187499 250.171798706055
301784.238707275421 65758.115571289061 250.171798706055
301785.002318115265 65759.477204589843 250.171798706055
301785.765898437530 65760.838715820311 250.171798706055
301784.628996582062 65761.476411132811 250.171798706055
301782.531920166046 65762.652436523436 250.171798706055
301780.434813232452 65763.828522949218 250.171798706055
301779.670378417999 65762.465546874999 250.171798706055
301778.905974121124 65761.102509765624 250.171798706055
301778.014311523468 65759.512604980468 250.171798706055
301776.638395996124 65757.059235839843 250.171798706055
301778.735502929718 65755.883149414061 250.171798706055
301780.832579345733 65754.707001953124 250.171798706055
301781.969511718780 65754.069428710936 250.171798706055
301701.555968017608 65770.702180175780 29.705226898193
301702.880278320343 65773.063569335936 29.705226898193
301688.729094238312 65777.895844726561 29.705226898193
301690.053404541046 65780.257233886718 29.705226898193
301675.902220459015 65785.089509277343 29.705226898193
301677.226530761749 65787.450898437499 29.705226898193
301663.075361938507 65792.283234863280 29.705226898193
301664.399672241241 65794.644562988280 29.705226898193
301650.248503417999 65799.476899414061 29.705226898193
301651.572828979522 65801.838288574218 29.705226898193
301657.986250610382 65798.241364746093 29.705226898193
301663.737517089874 65793.463959960936 29.705226898193
301656.661940307647 65795.880097656249 29.705226898193
301657.324095459015 65797.060761718749 29.705226898193
301679.085936279327 65848.985139160155 29.705226898193
301695.702513427765 65839.666047363280 29.705226898193
301715.439512939483 65828.596955566405 29.705226898193
301735.176512451202 65817.527863769530 29.705226898193
301754.913511962921 65806.458771972655 29.705226898193
301760.356383056671 65803.406342773436 29.705226898193
301780.777739257843 65791.953400878905 29.705226898193
301801.199095459015 65780.500458984374 29.705226898193
301794.965117187530 65769.384797363280 29.705226898193
301796.567503662140 65768.486176757811 29.705226898193
301793.920286865265 65763.765961914061 29.705226898193
301790.629973144562 65765.611176757811 29.705226898193
301787.828917236358 65767.182099609374 29.705226898193
301790.351530761749 65771.679841308593 29.705226898193
301782.764982910187 65775.934602050780 29.705226898193
301787.611235351593 65784.575837402343 29.705226898193
301766.201719970733 65796.582917480468 29.705226898193
301744.280638427765 65808.876862792968 29.705226898193
301722.928190917999 65820.851960449218 29.705226898193
301701.575743408233 65832.827058105468 29.705226898193
301680.223295898468 65844.802155761718 29.705226898193
301679.871184082062 65844.174226074218 29.705226898193
301692.578978271515 65838.971833496093 29.705226898193
301684.692106933624 65843.395112304686 29.705226898193
301680.748686523468 65845.606660156249 29.705226898193
301684.409025878937 65842.890290527343 29.705226898193
301680.465605468780 65845.101838378905 29.705226898193
301693.145170898468 65839.981416015624 29.705226898193
301685.258299560577 65844.404633789061 29.705226898193
301678.493864746124 65846.207673339843 29.705226898193
301680.324034423858 65844.849519042968 29.705226898193
301678.352324218780 65845.955292968749 29.705226898193
301677.221342773468 65845.660371093749 29.705226898193
301711.624571533233 65768.159455566405 29.705226898193
301719.095305175812 65763.969636230468 29.705226898193
301730.055845947296 65757.822663574218 29.705226898193
301741.016386718780 65751.675690917968 29.705226898193
301751.721129150421 65745.672089843749 29.705226898193
301762.425932617218 65739.668610839843 29.705226898193
301767.258757324249 65748.285920410155 29.705226898193
301774.845274658233 65744.031098632811 29.705226898193
301777.294432373077 65748.398164062499 29.705226898193
301780.095488281280 65746.827241210936 29.705226898193
301783.385771484405 65744.981965332030 29.705226898193
301780.778624267608 65740.333283691405 29.705226898193
301779.181456298858 65741.229035644530 29.705226898193
301772.603605957062 65743.514680175780 29.705226898193
301773.152281494171 65744.493012695311 29.705226898193
301776.714171142608 65741.209443359374 29.705226898193
301777.262846679718 65742.187653808593 29.705226898193
301773.182249755890 65730.532014160155 29.705226898193
301772.068144531280 65731.156892089843 29.705226898193
301771.429564209015 65731.515046386718 29.705226898193
301763.615568847687 65735.897370605468 29.705226898193
301756.917906494171 65739.653535156249 29.705226898193
301750.220305175812 65743.409821777343 29.705226898193
301740.832823486358 65748.674653320311 29.705226898193
301731.445341796905 65753.939362792968 29.705226898193
301722.057860107452 65759.204133300780 29.705226898193
301712.670378417999 65764.468842773436 29.705226898193
301710.300261230499 65765.798127441405 29.705226898193
301768.214415283233 65735.688386230468 29.705226898193
301767.665770263702 65734.710114746093 29.705226898193
301772.324949951202 65733.383088378905 29.705226898193
301771.776335449249 65732.404816894530 29.705226898193
301634.575468750030 65812.445283203124 32.323802947998
301640.394057006866 65809.181977539061 32.323802947998
301646.212630004913 65805.918793945311 32.323802947998
301652.031203002960 65802.655488281249 32.323802947998
301651.572828979522 65801.838288574218 32.323802947998
301650.248503417999 65799.476899414061 32.323802947998
301648.976103515655 65797.208222656249 32.323802947998
301646.227034301788 65802.330292968749 32.323802947998
301648.452635498077 65801.082124023436 32.323802947998
301647.006056518585 65803.719392089843 32.323802947998
301649.231672973663 65802.471223144530 32.323802947998
301644.832670898468 65799.531953124999 32.323802947998
301640.689223022491 65801.855683593749 32.323802947998
301636.104826660187 65804.426850585936 32.323802947998
301631.520430297882 65806.997895507811 32.323802947998
301634.575468750030 65812.445283203124 81.510604858398
301646.027479858429 65832.865021972655 81.510604858398
301657.479490966827 65853.284760742186 81.510604858398
301668.310270996124 65847.210480957030 81.510604858398
301675.750548095733 65843.037751464843 81.510604858398
301679.451506347687 65840.962128906249 81.510604858398
301657.013487548858 65826.703645019530 81.510604858398
301662.616362304718 65823.561433105468 81.510604858398
301662.854017944366 65837.117768554686 81.510604858398
301668.456877441437 65833.975495605468 81.510604858398
301678.590361328155 65839.426606445311 81.510604858398
301668.493849487335 65821.423859863280 81.510604858398
301658.397322387726 65803.421052246093 81.510604858398
301656.547484130890 65800.122651367186 81.510604858398
301671.258314819366 65832.404389648436 81.510604858398
301671.377150268585 65839.182526855468 81.510604858398
301674.178587646515 65837.611420898436 81.510604858398
301651.172972412140 65816.289643554686 81.510604858398
301656.775831909210 65813.147370605468 81.510604858398
301652.031203002960 65802.655488281249 81.510604858398
301650.014265747101 65821.426484374999 90.869255065918
301650.014265747101 65817.443574218749 90.869255065918
301653.030440063507 65825.409516601561 90.869255065918
301653.030440063507 65821.426484374999 90.869255065918
301653.030440063507 65817.443574218749 90.869255065918
301656.046599121124 65829.392487792968 90.869255065918
301656.046599121124 65825.409516601561 90.869255065918
301656.046599121124 65821.426484374999 90.869255065918
301656.046599121124 65817.443574218749 90.869255065918
301659.062758178741 65837.358430175780 90.869255065918
301659.062758178741 65833.375458984374 90.869255065918
301662.078917236358 65837.358430175780 90.869255065918
301662.078917236358 65833.375458984374 90.869255065918
301665.095091552765 65833.375458984374 90.869255065918
301647.205092163116 65818.126984863280 90.869255065918
301648.634642334015 65820.675996093749 90.869255065918
301650.064223022491 65823.225007324218 90.869255065918
301651.493773193390 65825.774018554686 90.869255065918
301652.923338623077 65828.323029785155 90.869255065918
301654.352904052765 65830.872041015624 90.869255065918
301655.782454223663 65833.420991210936 90.869255065918
301657.212019653351 65835.970063476561 90.869255065918
301658.641569824249 65838.519074707030 90.869255065918
301660.071135253937 65841.068024902343 90.869255065918
301661.905424804718 65840.039338378905 90.869255065918
301663.739714355499 65839.010651855468 90.869255065918
301665.821989746124 65837.842744140624 90.869255065918
301667.904265136749 65836.675019531249 90.869255065918
301666.608885498077 65834.365266113280 90.869255065918
301665.313505859405 65832.055512695311 90.869255065918
301664.018141479522 65829.745759277343 90.869255065918
301662.995619506866 65827.922456054686 90.869255065918
301661.218535156280 65828.919099121093 90.869255065918
301660.806242675812 65829.096650390624 90.869255065918
301662.078917236358 65831.384003906249 90.869255065918
301659.062758178741 65831.384003906249 90.869255065918
301660.570845336944 65833.375458984374 90.869255065918
301660.570845336944 65831.384003906249 90.869255065918
301660.373228759796 65829.215119628905 90.869255065918
301656.046599121124 65827.400971679686 90.869255065918
301657.554686279327 65829.392487792968 90.869255065918
301659.927962036163 65829.272065429686 90.869255065918
301659.479094238312 65829.266572265624 90.869255065918
301659.035368652374 65829.198640136718 90.869255065918
301656.046599121124 65831.384003906249 90.869255065918
301657.554686279327 65833.375458984374 90.869255065918
301657.554686279327 65831.384003906249 90.869255065918
301658.605421752960 65829.069489746093 90.869255065918
301658.197615356476 65828.881928710936 90.869255065918
301657.819914550812 65828.639313964843 90.869255065918
301657.479658813507 65828.346467285155 90.869255065918
301656.046599121124 65828.396699218749 90.869255065918
301656.800642700226 65829.392487792968 90.869255065918
301656.800642700226 65828.396699218749 90.869255065918
301654.538511962921 65825.409516601561 90.869255065918
301654.538511962921 65829.392487792968 90.869255065918
301654.538511962921 65827.400971679686 90.869255065918
301657.183439941437 65828.009187011718 90.869255065918
301656.937086792022 65827.633881835936 90.869255065918
301656.745344848663 65827.227998046874 90.869255065918
301656.046599121124 65826.405244140624 90.869255065918
301657.554686279327 65821.426484374999 90.869255065918
301656.046599121124 65823.418061523436 90.869255065918
301656.611983032257 65826.799348144530 90.869255065918
301656.539580078155 65826.356354980468 90.869255065918
301656.529539794952 65825.907563476561 90.869255065918
301656.582075805694 65825.461762695311 90.869255065918
301656.696150512726 65825.027558593749 90.869255065918
301656.800642700226 65823.418061523436 90.869255065918
301656.046599121124 65824.413789062499 90.869255065918
301654.538511962921 65821.426484374999 90.869255065918
301653.030440063507 65823.418061523436 90.869255065918
301654.538511962921 65823.418061523436 90.869255065918
301656.869536132843 65824.613496093749 90.869255065918
301657.098875732452 65824.227631835936 90.869255065918
301657.379698486358 65823.877412109374 90.869255065918
301657.706526489288 65823.569733886718 90.869255065918
301658.073012084991 65823.310456542968 90.869255065918
301659.062758178741 65822.422333984374 90.869255065918
301658.308714599640 65821.426484374999 90.869255065918
301657.554686279327 65822.422333984374 90.869255065918
301658.308714599640 65822.422333984374 90.869255065918
301656.046599121124 65819.435029296874 90.869255065918
301657.554686279327 65819.435029296874 90.869255065918
301659.850081176788 65822.313813476561 90.869255065918
301659.067167968780 65820.917817382811 90.869255065918
301657.724180908233 65818.523164062499 90.869255065918
301656.381209106476 65816.128571777343 90.869255065918
301655.038222045929 65813.733979492186 90.869255065918
301652.955946655304 65814.901765136718 90.869255065918
301650.873671264679 65816.069489746093 90.869255065918
301649.039381713897 65817.098298339843 90.869255065918
301662.078917236358 65829.392487792968 90.869255065918
301679.085936279327 65848.985139160155 18.092496871948
301675.750548095733 65843.037751464843 18.092496871948
301668.310270996124 65847.210480957030 18.092496871948
301657.479490966827 65853.284760742186 18.092496871948
301661.367766113312 65860.217866210936 18.092496871948
301669.652571411163 65855.571503906249 18.092496871948
301679.638853759796 65849.970917968749 18.092496871948
301668.559157104522 65851.627839355468 18.092496871948
301669.550703735382 65853.395783691405 18.092496871948
301673.218291015655 65849.014802246093 18.092496871948
301674.209837646515 65850.782807617186 18.092496871948
301674.705595703155 65851.666718749999 18.092496871948
301676.539396972687 65849.476289062499 18.092496871948
301677.035155029327 65850.360261230468 18.092496871948
301688.424467773468 65826.925263671874 18.098930358887
301680.954375000030 65813.605500488280 18.098930358887
301673.484282226593 65800.285859374999 18.098930358887
301724.631102294952 65806.619538574218 18.098930358887
301717.161009521515 65793.299836425780 18.098930358887
301709.690916748077 65779.980134277343 18.098930358887
301760.837706298858 65786.313874511718 18.098930358887
301753.367613525421 65772.994111328124 18.098930358887
301745.897520751983 65759.674348144530 18.098930358887
301679.085936279327 65848.985139160155 18.098930358887
301695.702513427765 65839.666047363280 18.098930358887
301715.439512939483 65828.596955566405 18.098930358887
301735.176512451202 65817.527863769530 18.098930358887
301754.913511962921 65806.458771972655 18.098930358887
301760.356383056671 65803.406342773436 18.098930358887
301780.777739257843 65791.953400878905 18.098930358887
301801.199095459015 65780.500458984374 18.098930358887
301764.572752685577 65792.973725585936 18.098930358887
301742.734373779327 65796.466706542968 18.098930358887
301728.366148681671 65813.279450683593 18.098930358887
301746.469450683624 65803.126557617186 18.098930358887
301794.965117187530 65769.384797363280 18.098930358887
301796.567503662140 65768.486176757811 18.098930358887
301778.941008300812 65776.160981445311 18.098930358887
301782.676054687530 65782.820893554686 18.098930358887
301787.992674560577 65771.084565429686 18.098930358887
301780.808500976593 65779.490937499999 18.098930358887
301791.727690429718 65777.744416503905 18.098930358887
301789.860167236358 65774.414460449218 18.098930358887
301771.470915527374 65762.841279296874 18.098930358887
301757.102659912140 65779.653962402343 18.098930358887
301775.205961914093 65769.501130371093 18.098930358887
301792.518492431671 65768.546296386718 18.098930358887
301788.926420898468 65772.749543457030 18.098930358887
301794.385985107452 65771.876252441405 18.098930358887
301793.452238769562 65770.211335449218 18.098930358887
301784.257597656280 65764.424653320311 18.098930358887
301777.073485107452 65772.831086425780 18.098930358887
301786.125151367218 65767.754609374999 18.098930358887
301793.920286865265 65763.765961914061 18.098930358887
301790.720366210968 65758.060151367186 18.098930358887
301789.213286132843 65755.372956542968 18.098930358887
301788.284575195343 65753.717011718749 18.098930358887
301786.923948974640 65751.290864257811 18.098930358887
301783.385771484405 65744.981965332030 18.098930358887
301780.778624267608 65740.333283691405 18.098930358887
301780.522581787140 65757.764802246093 18.098930358887
301773.338408203155 65766.171174316405 18.098930358887
301782.390074462921 65761.094758300780 18.098930358887
301764.000822753937 65749.521516113280 18.098930358887
301749.632567138702 65766.334260253905 18.098930358887
301767.735869140655 65756.181367187499 18.098930358887
301785.048399658233 65755.226655273436 18.098930358887
301781.456328125030 65759.429780273436 18.098930358887
301786.915953369171 65758.556550292968 18.098930358887
301785.982145996124 65756.891572265624 18.098930358887
301776.787504882843 65751.105012207030 18.098930358887
301769.603392334015 65759.511323242186 18.098930358887
301778.655058593780 65754.434907226561 18.098930358887
301779.181456298858 65741.229035644530 18.098930358887
301773.052489013702 65744.445100097655 18.098930358887
301765.868376464874 65752.851472167968 18.098930358887
301774.920012207062 65747.775056152343 18.098930358887
301742.162474365265 65753.014558105468 18.098930358887
301760.265776367218 65742.861726074218 18.098930358887
301777.578306884796 65741.906892089843 18.098930358887
301773.986235351593 65746.110078124999 18.098930358887
301779.445860595733 65745.236848144530 18.098930358887
301778.512053222687 65743.571809082030 18.098930358887
301769.317412109405 65737.785249023436 18.098930358887
301762.133299560577 65746.191560058593 18.098930358887
301771.184965820343 65741.115205078124 18.098930358887
301773.182249755890 65730.532014160155 18.098930358887
301772.068144531280 65731.156892089843 18.098930358887
301771.429564209015 65731.515046386718 18.098930358887
301763.615568847687 65735.897370605468 18.098930358887
301750.220305175812 65743.409821777343 18.098930358887
301731.445341796905 65753.939362792968 18.098930358887
301712.670378417999 65764.468842773436 18.098930358887
301710.300261230499 65765.798127441405 18.098930358887
301701.555968017608 65770.702180175780 18.098930358887
301675.902220459015 65785.089509277343 18.098930358887
301650.248503417999 65799.476899414061 18.098930358887
301758.398283691437 65739.531770019530 18.098930358887
301767.449919433624 65734.455292968749 18.098930358887
301771.975737304718 65731.917084960936 18.098930358887
301768.383665771515 65736.120209960936 18.098930358887
301773.843260498077 65735.246979980468 18.098930358887
301772.909514160187 65733.582062988280 18.098930358887
301769.712828369171 65733.186188964843 18.098930358887
301762.924101562530 65736.993500976561 18.098930358887
301740.294981689483 65749.684602050780 18.098930358887
301751.214110107452 65747.938081054686 18.098930358887
301705.955870361358 65773.320283203124 18.098930358887
301727.794218750030 65769.827302246093 18.098930358887
301724.059172363312 65763.167390136718 18.098930358887
301722.191649169952 65759.837495117186 18.098930358887
301715.007536621124 65768.243806152343 18.098930358887
301669.749251098663 65793.625947265624 18.098930358887
301691.587584228546 65790.132966308593 18.098930358887
301687.852537841827 65783.473115234374 18.098930358887
301648.976103515655 65797.208222656249 18.098930358887
301655.380995483429 65810.438691406249 18.098930358887
301651.645949096710 65803.778840332030 18.098930358887
301667.881727905304 65790.296052246093 18.098930358887
301649.778425903351 65800.448884277343 18.098930358887
301660.697600097687 65798.702363281249 18.098930358887
301658.830076904327 65795.372407226561 18.098930358887
301654.304259033233 65797.910676269530 18.098930358887
301642.594282836944 65808.855195312499 18.098930358887
301640.726774902374 65805.525361328124 18.098930358887
301640.689223022491 65801.855683593749 18.098930358887
301631.520430297882 65806.997895507811 18.098930358887
301634.575468750030 65812.445283203124 18.098930358887
301646.027479858429 65832.865021972655 18.098930358887
301657.479490966827 65853.284760742186 18.098930358887
301668.310270996124 65847.210480957030 18.098930358887
301675.750548095733 65843.037751464843 18.098930358887
301692.159514160187 65833.585175781249 18.098930358887
301670.321150512726 65837.078156738280 18.098930358887
301677.221342773468 65845.660371093749 18.098930358887
301694.027037353546 65836.915070800780 18.098930358887
301683.107847900421 65838.661530761718 18.098930358887
301684.975401611358 65841.991486816405 18.098930358887
301706.527769775421 65816.772431640624 18.098930358887
301710.262816162140 65823.432282714843 18.098930358887
301675.750548095733 65843.037751464843 18.092496871948
301675.750548095733 65843.037751464843 30.060808181763
301677.418242187530 65846.011445312499 18.092496871948
301677.418242187530 65846.011445312499 30.060808181763
301679.085936279327 65848.985139160155 18.092496871948
301679.085936279327 65848.985139160155 30.060808181763
301675.750548095733 65843.037751464843 18.098930358887
301675.750548095733 65843.037751464843 33.163085937500
301675.750548095733 65843.037751464843 48.227249145508
301675.750548095733 65843.037751464843 63.291408538818
301677.221342773468 65845.660371093749 18.098930358887
301677.221342773468 65845.660371093749 33.163085937500
301677.221342773468 65845.660371093749 48.227249145508
301677.221342773468 65845.660371093749 63.291408538818
301677.221342773468 65845.660371093749 18.098930358887
301677.221342773468 65845.660371093749 29.705226898193
301679.085936279327 65848.985139160155 18.098930358887
301679.085936279327 65848.985139160155 29.705226898193
301668.310270996124 65847.210480957030 18.092496871948
301668.310270996124 65847.210480957030 30.060808181763
301672.030409545929 65845.124116210936 18.092496871948
301672.030409545929 65845.124116210936 30.060808181763
301675.750548095733 65843.037751464843 18.092496871948
301675.750548095733 65843.037751464843 30.060808181763
301668.310270996124 65847.210480957030 18.098930358887
301668.310270996124 65847.210480957030 39.236160278320
301668.310270996124 65847.210480957030 60.373386383057
301668.310270996124 65847.210480957030 81.510604858398
301672.030409545929 65845.124116210936 18.098930358887
301672.030409545929 65845.124116210936 39.236160278320
301672.030409545929 65845.124116210936 60.373386383057
301672.030409545929 65845.124116210936 81.510604858398
301675.750548095733 65843.037751464843 18.098930358887
301675.750548095733 65843.037751464843 39.236160278320
301675.750548095733 65843.037751464843 60.373386383057
301675.750548095733 65843.037751464843 81.510604858398
301675.750548095733 65843.037751464843 63.291408538818
301675.750548095733 65843.037751464843 81.510604858398
301679.451506347687 65840.962128906249 63.291408538818
301679.451506347687 65840.962128906249 81.510604858398
301657.479490966827 65853.284760742186 18.092496871948
301657.479490966827 65853.284760742186 30.060808181763
301668.310270996124 65847.210480957030 18.092496871948
301668.310270996124 65847.210480957030 30.060808181763
301657.479490966827 65853.284760742186 18.098930358887
301657.479490966827 65853.284760742186 81.510604858398
301668.310270996124 65847.210480957030 18.098930358887
301668.310270996124 65847.210480957030 81.510604858398
301657.479490966827 65853.284760742186 30.060808181763
301657.479490966827 65853.284760742186 18.092496871948
301661.367766113312 65860.217866210936 30.060808181763
301661.367766113312 65860.217866210936 18.092496871948
301661.367766113312 65860.217866210936 30.060808181763
301661.367766113312 65860.217866210936 18.092496871948
301669.652571411163 65855.571503906249 30.060808181763
301669.652571411163 65855.571503906249 18.092496871948
301669.652571411163 65855.571503906249 30.060808181763
301669.652571411163 65855.571503906249 18.092496871948
301679.638853759796 65849.970917968749 30.060808181763
301679.638853759796 65849.970917968749 18.092496871948
301679.085936279327 65848.985139160155 18.092496871948
301679.085936279327 65848.985139160155 24.076652526855
301679.085936279327 65848.985139160155 30.060808181763
301679.638853759796 65849.970917968749 18.092496871948
301679.638853759796 65849.970917968749 24.076652526855
301679.638853759796 65849.970917968749 30.060808181763
301679.085936279327 65848.985139160155 29.705226898193
301679.085936279327 65848.985139160155 18.098930358887
301695.702513427765 65839.666047363280 29.705226898193
301695.702513427765 65839.666047363280 18.098930358887
301695.702513427765 65839.666047363280 29.705226898193
301695.702513427765 65839.666047363280 18.098930358887
301754.913511962921 65806.458771972655 29.705226898193
301754.913511962921 65806.458771972655 18.098930358887
301754.913511962921 65806.458771972655 29.705226898193
301754.913511962921 65806.458771972655 18.098930358887
301760.356383056671 65803.406342773436 29.705226898193
301760.356383056671 65803.406342773436 18.098930358887
301760.356383056671 65803.406342773436 29.705226898193
301760.356383056671 65803.406342773436 18.098930358887
301801.199095459015 65780.500458984374 29.705226898193
301801.199095459015 65780.500458984374 18.098930358887
301794.965117187530 65769.384797363280 18.098930358887
301794.965117187530 65769.384797363280 29.705226898193
301801.199095459015 65780.500458984374 18.098930358887
301801.199095459015 65780.500458984374 29.705226898193
301794.965117187530 65769.384797363280 29.705226898193
301794.965117187530 65769.384797363280 23.902078628540
301794.965117187530 65769.384797363280 18.098930358887
301796.567503662140 65768.486176757811 29.705226898193
301796.567503662140 65768.486176757811 23.902078628540
301796.567503662140 65768.486176757811 18.098930358887
301793.920286865265 65763.765961914061 18.098930358887
301793.920286865265 65763.765961914061 29.705226898193
301796.567503662140 65768.486176757811 18.098930358887
301796.567503662140 65768.486176757811 29.705226898193
301790.720366210968 65758.060151367186 18.098930358887
301790.720366210968 65758.060151367186 49.749679565430
301790.720366210968 65758.060151367186 81.400428771973
301790.720366210968 65758.060151367186 113.051177978516
301790.720366210968 65758.060151367186 144.701919555664
301793.920286865265 65763.765961914061 18.098930358887
301793.920286865265 65763.765961914061 49.749679565430
301793.920286865265 65763.765961914061 81.400428771973
301793.920286865265 65763.765961914061 113.051177978516
301793.920286865265 65763.765961914061 144.701919555664
301789.213286132843 65755.372956542968 18.098930358887
301789.213286132843 65755.372956542968 34.419116973877
301789.213286132843 65755.372956542968 50.739307403564
301789.213286132843 65755.372956542968 67.059501647949
301789.213286132843 65755.372956542968 83.379684448242
301789.213286132843 65755.372956542968 99.699867248535
301789.213286132843 65755.372956542968 116.020065307617
301789.213286132843 65755.372956542968 132.340255737305
301789.213286132843 65755.372956542968 148.660430908203
301790.720366210968 65758.060151367186 18.098930358887
301790.720366210968 65758.060151367186 34.419116973877
301790.720366210968 65758.060151367186 50.739307403564
301790.720366210968 65758.060151367186 67.059501647949
301790.720366210968 65758.060151367186 83.379684448242
301790.720366210968 65758.060151367186 99.699867248535
301790.720366210968 65758.060151367186 116.020065307617
301790.720366210968 65758.060151367186 132.340255737305
301790.720366210968 65758.060151367186 148.660430908203
301788.284575195343 65753.717011718749 18.098930358887
301788.284575195343 65753.717011718749 23.599588394165
301788.284575195343 65753.717011718749 29.100244522095
301788.284575195343 65753.717011718749 34.600902557373
301788.284575195343 65753.717011718749 40.101558685303
301788.284575195343 65753.717011718749 45.602218627930
301788.284575195343 65753.717011718749 51.102870941162
301788.284575195343 65753.717011718749 56.603530883789
301788.284575195343 65753.717011718749 62.104187011719
301788.284575195343 65753.717011718749 67.604843139648
301788.284575195343 65753.717011718749 73.105499267578
301788.284575195343 65753.717011718749 78.606163024902
301788.284575195343 65753.717011718749 84.106819152832
301788.284575195343 65753.717011718749 89.607467651367
301788.284575195343 65753.717011718749 95.108131408691
301788.284575195343 65753.717011718749 100.608787536621
301788.284575195343 65753.717011718749 106.109443664551
301788.284575195343 65753.717011718749 111.610099792480
301788.284575195343 65753.717011718749 117.110763549805
301788.284575195343 65753.717011718749 122.611419677734
301788.284575195343 65753.717011718749 128.112075805664
301788.284575195343 65753.717011718749 133.612731933594
301788.284575195343 65753.717011718749 139.113388061523
301788.284575195343 65753.717011718749 144.614044189453
301788.284575195343 65753.717011718749 150.114700317383
301788.748930664093 65754.545014648436 18.098930358887
301788.748930664093 65754.545014648436 23.599588394165
301788.748930664093 65754.545014648436 29.100244522095
301788.748930664093 65754.545014648436 34.600902557373
301788.748930664093 65754.545014648436 40.101558685303
301788.748930664093 65754.545014648436 45.602218627930
301788.748930664093 65754.545014648436 51.102870941162
301788.748930664093 65754.545014648436 56.603530883789
301788.748930664093 65754.545014648436 62.104187011719
301788.748930664093 65754.545014648436 67.604843139648
301788.748930664093 65754.545014648436 73.105499267578
301788.748930664093 65754.545014648436 78.606163024902
301788.748930664093 65754.545014648436 84.106819152832
301788.748930664093 65754.545014648436 89.607467651367
301788.748930664093 65754.545014648436 95.108131408691
301788.748930664093 65754.545014648436 100.608787536621
301788.748930664093 65754.545014648436 106.109443664551
301788.748930664093 65754.545014648436 111.610099792480
301788.748930664093 65754.545014648436 117.110763549805
301788.748930664093 65754.545014648436 122.611419677734
301788.748930664093 65754.545014648436 128.112075805664
301788.748930664093 65754.545014648436 133.612731933594
301788.748930664093 65754.545014648436 139.113388061523
301788.748930664093 65754.545014648436 144.614044189453
301788.748930664093 65754.545014648436 150.114700317383
301789.213286132843 65755.372956542968 18.098930358887
301789.213286132843 65755.372956542968 23.599588394165
301789.213286132843 65755.372956542968 29.100244522095
301789.213286132843 65755.372956542968 34.600902557373
301789.213286132843 65755.372956542968 40.101558685303
301789.213286132843 65755.372956542968 45.602218627930
301789.213286132843 65755.372956542968 51.102870941162
301789.213286132843 65755.372956542968 56.603530883789
301789.213286132843 65755.372956542968 62.104187011719
301789.213286132843 65755.372956542968 67.604843139648
301789.213286132843 65755.372956542968 73.105499267578
301789.213286132843 65755.372956542968 78.606163024902
301789.213286132843 65755.372956542968 84.106819152832
301789.213286132843 65755.372956542968 89.607467651367
301789.213286132843 65755.372956542968 95.108131408691
301789.213286132843 65755.372956542968 100.608787536621
301789.213286132843 65755.372956542968 106.109443664551
301789.213286132843 65755.372956542968 111.610099792480
301789.213286132843 65755.372956542968 117.110763549805
301789.213286132843 65755.372956542968 122.611419677734
301789.213286132843 65755.372956542968 128.112075805664
301789.213286132843 65755.372956542968 133.612731933594
301789.213286132843 65755.372956542968 139.113388061523
301789.213286132843 65755.372956542968 144.614044189453
301789.213286132843 65755.372956542968 150.114700317383
301786.923948974640 65751.290864257811 18.098930358887
301786.923948974640 65751.290864257811 34.419116973877
301786.923948974640 65751.290864257811 50.739307403564
301786.923948974640 65751.290864257811 67.059501647949
301786.923948974640 65751.290864257811 83.379684448242
301786.923948974640 65751.290864257811 99.699867248535
301786.923948974640 65751.290864257811 116.020065307617
301786.923948974640 65751.290864257811 132.340255737305
301786.923948974640 65751.290864257811 148.660430908203
301788.284575195343 65753.717011718749 18.098930358887
301788.284575195343 65753.717011718749 34.419116973877
301788.284575195343 65753.717011718749 50.739307403564
301788.284575195343 65753.717011718749 67.059501647949
301788.284575195343 65753.717011718749 83.379684448242
301788.284575195343 65753.717011718749 99.699867248535
301788.284575195343 65753.717011718749 116.020065307617
301788.284575195343 65753.717011718749 132.340255737305
301788.284575195343 65753.717011718749 148.660430908203
301783.385771484405 65744.981965332030 18.098930358887
301783.385771484405 65744.981965332030 60.299930572510
301783.385771484405 65744.981965332030 102.500923156738
301783.385771484405 65744.981965332030 144.701919555664
301786.923948974640 65751.290864257811 18.098930358887
301786.923948974640 65751.290864257811 60.299930572510
301786.923948974640 65751.290864257811 102.500923156738
301786.923948974640 65751.290864257811 144.701919555664
301780.778624267608 65740.333283691405 18.098930358887
301780.778624267608 65740.333283691405 29.705226898193
301783.385771484405 65744.981965332030 18.098930358887
301783.385771484405 65744.981965332030 29.705226898193
301779.181456298858 65741.229035644530 18.098930358887
301779.181456298858 65741.229035644530 21.967697143555
301779.181456298858 65741.229035644530 25.836460113525
301779.181456298858 65741.229035644530 29.705226898193
301779.980040283233 65740.781159667968 18.098930358887
301779.980040283233 65740.781159667968 21.967697143555
301779.980040283233 65740.781159667968 25.836460113525
301779.980040283233 65740.781159667968 29.705226898193
301780.778624267608 65740.333283691405 18.098930358887
301780.778624267608 65740.333283691405 21.967697143555
301780.778624267608 65740.333283691405 25.836460113525
301780.778624267608 65740.333283691405 29.705226898193
301773.182249755890 65730.532014160155 18.098930358887
301773.182249755890 65730.532014160155 29.705226898193
301779.181456298858 65741.229035644530 18.098930358887
301779.181456298858 65741.229035644530 29.705226898193
301772.068144531280 65731.156892089843 18.098930358887
301772.068144531280 65731.156892089843 21.000503540039
301772.068144531280 65731.156892089843 23.902078628540
301772.068144531280 65731.156892089843 26.803651809692
301772.068144531280 65731.156892089843 29.705226898193
301772.625212402374 65730.844453124999 18.098930358887
301772.625212402374 65730.844453124999 21.000503540039
301772.625212402374 65730.844453124999 23.902078628540
301772.625212402374 65730.844453124999 26.803651809692
301772.625212402374 65730.844453124999 29.705226898193
301773.182249755890 65730.532014160155 18.098930358887
301773.182249755890 65730.532014160155 21.000503540039
301773.182249755890 65730.532014160155 23.902078628540
301773.182249755890 65730.532014160155 26.803651809692
301773.182249755890 65730.532014160155 29.705226898193
301771.429564209015 65731.515046386718 18.098930358887
301771.429564209015 65731.515046386718 21.967697143555
301771.429564209015 65731.515046386718 25.836460113525
301771.429564209015 65731.515046386718 29.705226898193
301772.068144531280 65731.156892089843 18.098930358887
301772.068144531280 65731.156892089843 21.967697143555
301772.068144531280 65731.156892089843 25.836460113525
301772.068144531280 65731.156892089843 29.705226898193
301763.615568847687 65735.897370605468 18.098930358887
301763.615568847687 65735.897370605468 29.705226898193
301771.429564209015 65731.515046386718 18.098930358887
301771.429564209015 65731.515046386718 29.705226898193
301750.220305175812 65743.409821777343 18.098930358887
301750.220305175812 65743.409821777343 29.705226898193
301763.615568847687 65735.897370605468 18.098930358887
301763.615568847687 65735.897370605468 29.705226898193
301712.670378417999 65764.468842773436 18.098930358887
301712.670378417999 65764.468842773436 29.705226898193
301731.445341796905 65753.939362792968 18.098930358887
301731.445341796905 65753.939362792968 29.705226898193
301750.220305175812 65743.409821777343 18.098930358887
301750.220305175812 65743.409821777343 29.705226898193
301710.300261230499 65765.798127441405 18.098930358887
301710.300261230499 65765.798127441405 29.705226898193
301712.670378417999 65764.468842773436 18.098930358887
301712.670378417999 65764.468842773436 29.705226898193
301701.555968017608 65770.702180175780 18.098930358887
301701.555968017608 65770.702180175780 33.732933044434
301710.300261230499 65765.798127441405 18.098930358887
301710.300261230499 65765.798127441405 33.732933044434
301650.248503417999 65799.476899414061 18.098930358887
301650.248503417999 65799.476899414061 29.705226898193
301675.902220459015 65785.089509277343 18.098930358887
301675.902220459015 65785.089509277343 29.705226898193
301701.555968017608 65770.702180175780 18.098930358887
301701.555968017608 65770.702180175780 29.705226898193
301648.976103515655 65797.208222656249 18.098930358887
301648.976103515655 65797.208222656249 32.323802947998
301650.248503417999 65799.476899414061 18.098930358887
301650.248503417999 65799.476899414061 32.323802947998
301650.248503417999 65799.476899414061 29.705226898193
301650.248503417999 65799.476899414061 32.323802947998
301651.572828979522 65801.838288574218 29.705226898193
301651.572828979522 65801.838288574218 32.323802947998
301651.572828979522 65801.838288574218 32.323802947998
301651.572828979522 65801.838288574218 37.485069274902
301651.572828979522 65801.838288574218 42.646335601807
301651.572828979522 65801.838288574218 47.807601928711
301651.572828979522 65801.838288574218 52.968868255615
301651.572828979522 65801.838288574218 58.130134582520
301651.572828979522 65801.838288574218 63.291408538818
301652.031203002960 65802.655488281249 32.323802947998
301652.031203002960 65802.655488281249 37.485069274902
301652.031203002960 65802.655488281249 42.646335601807
301652.031203002960 65802.655488281249 47.807601928711
301652.031203002960 65802.655488281249 52.968868255615
301652.031203002960 65802.655488281249 58.130134582520
301652.031203002960 65802.655488281249 63.291408538818
301640.689223022491 65801.855683593749 18.098930358887
301640.689223022491 65801.855683593749 32.323802947998
301648.976103515655 65797.208222656249 18.098930358887
301648.976103515655 65797.208222656249 32.323802947998
301631.520430297882 65806.997895507811 18.098930358887
301631.520430297882 65806.997895507811 32.323802947998
301640.689223022491 65801.855683593749 18.098930358887
301640.689223022491 65801.855683593749 32.323802947998
301631.520430297882 65806.997895507811 32.323802947998
301631.520430297882 65806.997895507811 18.098930358887
301633.047957153351 65809.721528320311 32.323802947998
301633.047957153351 65809.721528320311 18.098930358887
301634.575468750030 65812.445283203124 32.323802947998
301634.575468750030 65812.445283203124 18.098930358887
301634.575468750030 65812.445283203124 81.510604858398
301634.575468750030 65812.445283203124 18.098930358887
301657.479490966827 65853.284760742186 81.510604858398
301657.479490966827 65853.284760742186 18.098930358887
301705.228941650421 65795.081635742186 264.122924804688
301705.228941650421 65795.081635742186 262.993927001953
301710.377836914093 65792.194001464843 264.122924804688
301710.377836914093 65792.194001464843 262.993927001953
301715.526732177765 65789.306245117186 264.122924804688
301715.526732177765 65789.306245117186 262.993927001953
301705.228941650421 65795.081635742186 262.993927001953
301705.228941650421 65795.081635742186 264.122924804688
301707.760649414093 65799.595795898436 262.993927001953
301707.760649414093 65799.595795898436 264.122924804688
301710.292326660187 65804.109956054686 262.993927001953
301710.292326660187 65804.109956054686 264.122924804688
301710.292326660187 65804.109956054686 262.993927001953
301710.292326660187 65804.109956054686 264.122924804688
301715.441221923858 65801.222321777343 262.993927001953
301715.441221923858 65801.222321777343 264.122924804688
301720.590117187530 65798.334687499999 262.993927001953
301720.590117187530 65798.334687499999 264.122924804688
301715.526732177765 65789.306245117186 264.122924804688
301715.526732177765 65789.306245117186 262.993927001953
301718.058439941437 65793.820527343749 264.122924804688
301718.058439941437 65793.820527343749 262.993927001953
301720.590117187530 65798.334687499999 264.122924804688
301720.590117187530 65798.334687499999 262.993927001953
301725.088225097687 65799.846589355468 271.235900878906
301725.088225097687 65799.846589355468 267.787658691406
301725.088225097687 65799.846589355468 264.339416503906
301725.088225097687 65799.846589355468 260.891174316406
301725.469816894562 65800.527009277343 271.235900878906
301725.469816894562 65800.527009277343 267.787658691406
301725.469816894562 65800.527009277343 264.339416503906
301725.469816894562 65800.527009277343 260.891174316406
301716.414152832062 65784.379975585936 271.235900878906
301716.414152832062 65784.379975585936 268.649719238281
301716.414152832062 65784.379975585936 266.063537597656
301716.414152832062 65784.379975585936 263.477386474609
301716.414152832062 65784.379975585936 260.891174316406
301716.650633544952 65784.801667480468 271.235900878906
301716.650633544952 65784.801667480468 268.649719238281
301716.650633544952 65784.801667480468 266.063537597656
301716.650633544952 65784.801667480468 263.477386474609
301716.650633544952 65784.801667480468 260.891174316406
301716.650633544952 65784.801667480468 271.235900878906
301716.650633544952 65784.801667480468 262.993927001953
301725.088225097687 65799.846589355468 271.235900878906
301725.088225097687 65799.846589355468 262.993927001953
301725.469816894562 65800.527009277343 271.235900878906
301725.469816894562 65800.527009277343 260.891174316406
301727.241423339874 65799.533417968749 271.235900878906
301727.241423339874 65799.533417968749 260.891174316406
301727.241423339874 65799.533417968749 271.235900878906
301727.241423339874 65799.533417968749 266.063537597656
301727.241423339874 65799.533417968749 260.891174316406
301727.935942382843 65800.771821289061 271.235900878906
301727.935942382843 65800.771821289061 266.063537597656
301727.935942382843 65800.771821289061 260.891174316406
301717.401335449249 65781.987885742186 271.235900878906
301717.401335449249 65781.987885742186 266.063537597656
301717.401335449249 65781.987885742186 260.891174316406
301718.185728759796 65783.386506347655 271.235900878906
301718.185728759796 65783.386506347655 266.063537597656
301718.185728759796 65783.386506347655 260.891174316406
301727.935942382843 65800.771821289061 271.235900878906
301727.935942382843 65800.771821289061 260.891174316406
301757.911864013702 65783.960419921874 271.235900878906
301757.911864013702 65783.960419921874 260.891174316406
301758.832915039093 65783.443879394530 271.235900878906
301758.832915039093 65783.443879394530 236.077209472656
301765.803679199249 65779.534516601561 271.235900878906
301765.803679199249 65779.534516601561 236.077209472656
301765.803679199249 65779.534516601561 265.622711181641
301765.803679199249 65779.534516601561 246.370300292969
301765.803679199249 65779.534516601561 227.117904663086
301765.803679199249 65779.534516601561 207.865493774414
301765.803679199249 65779.534516601561 188.613098144531
301769.443205566437 65777.493317871093 265.622711181641
301769.443205566437 65777.493317871093 246.370300292969
301769.443205566437 65777.493317871093 227.117904663086
301769.443205566437 65777.493317871093 207.865493774414
301769.443205566437 65777.493317871093 188.613098144531
301773.082762451202 65775.452180175780 265.622711181641
301773.082762451202 65775.452180175780 246.370300292969
301773.082762451202 65775.452180175780 227.117904663086
301773.082762451202 65775.452180175780 207.865493774414
301773.082762451202 65775.452180175780 188.613098144531
301773.082762451202 65775.452180175780 265.622711181641
301773.082762451202 65775.452180175780 223.923919677734
301773.082762451202 65775.452180175780 182.225097656250
301773.082762451202 65775.452180175780 140.526321411133
301780.242399902374 65771.436860351561 265.622711181641
301780.242399902374 65771.436860351561 223.923919677734
301780.242399902374 65771.436860351561 182.225097656250
301780.242399902374 65771.436860351561 140.526321411133
301757.911864013702 65783.960419921874 271.235900878906
301757.911864013702 65783.960419921874 266.752655029297
301757.911864013702 65783.960419921874 262.269378662109
301757.911864013702 65783.960419921874 257.786132812500
301758.832915039093 65783.443879394530 271.235900878906
301758.832915039093 65783.443879394530 266.752655029297
301758.832915039093 65783.443879394530 262.269378662109
301758.832915039093 65783.443879394530 257.786132812500
301720.178068847687 65802.600373535155 262.993927001953
301720.178068847687 65802.600373535155 260.891174316406
301725.088225097687 65799.846589355468 262.993927001953
301725.088225097687 65799.846589355468 260.891174316406
301708.947752685577 65808.898652343749 262.993927001953
301708.947752685577 65808.898652343749 257.786132812500
301720.178068847687 65802.600373535155 262.993927001953
301720.178068847687 65802.600373535155 257.786132812500
301717.401335449249 65781.987885742186 260.891174316406
301717.401335449249 65781.987885742186 271.235900878906
301732.389342041046 65773.582124023436 260.891174316406
301732.389342041046 65773.582124023436 271.235900878906
301747.377287597687 65765.176484374999 260.891174316406
301747.377287597687 65765.176484374999 271.235900878906
301748.298338623077 65764.659882812499 236.077209472656
301748.298338623077 65764.659882812499 271.235900878906
301755.269102783233 65760.750520019530 236.077209472656
301755.269102783233 65760.750520019530 271.235900878906
301747.377287597687 65765.176484374999 257.786132812500
301747.377287597687 65765.176484374999 260.476074218750
301747.377287597687 65765.176484374999 263.166046142578
301747.377287597687 65765.176484374999 265.855987548828
301747.377287597687 65765.176484374999 268.545959472656
301747.377287597687 65765.176484374999 271.235900878906
301747.837828369171 65764.918183593749 257.786132812500
301747.837828369171 65764.918183593749 260.476074218750
301747.837828369171 65764.918183593749 263.166046142578
301747.837828369171 65764.918183593749 265.855987548828
301747.837828369171 65764.918183593749 268.545959472656
301747.837828369171 65764.918183593749 271.235900878906
301748.298338623077 65764.659882812499 257.786132812500
301748.298338623077 65764.659882812499 260.476074218750
301748.298338623077 65764.659882812499 263.166046142578
301748.298338623077 65764.659882812499 265.855987548828
301748.298338623077 65764.659882812499 268.545959472656
301748.298338623077 65764.659882812499 271.235900878906
301716.414152832062 65784.379975585936 260.891174316406
301716.414152832062 65784.379975585936 271.235900878906
301718.185728759796 65783.386506347655 260.891174316406
301718.185728759796 65783.386506347655 271.235900878906
301711.740446777374 65787.555451660155 260.891174316406
301711.740446777374 65787.555451660155 262.993927001953
301716.650633544952 65784.801667480468 260.891174316406
301716.650633544952 65784.801667480468 262.993927001953
301700.510161132843 65793.853791503905 257.786132812500
301700.510161132843 65793.853791503905 262.993927001953
301711.740446777374 65787.555451660155 257.786132812500
301711.740446777374 65787.555451660155 262.993927001953
301785.765898437530 65760.838715820311 206.184158325195
301785.765898437530 65760.838715820311 202.645217895508
301785.765898437530 65760.838715820311 199.106262207031
301786.597990722687 65760.372102050780 206.184158325195
301786.597990722687 65760.372102050780 202.645217895508
301786.597990722687 65760.372102050780 199.106262207031
301787.430052490265 65759.905427246093 206.184158325195
301787.430052490265 65759.905427246093 202.645217895508
301787.430052490265 65759.905427246093 199.106262207031
301784.628996582062 65761.476411132811 250.171798706055
301784.628996582062 65761.476411132811 242.876708984375
301784.628996582062 65761.476411132811 235.581634521484
301784.628996582062 65761.476411132811 228.286575317383
301784.628996582062 65761.476411132811 220.991500854492
301784.628996582062 65761.476411132811 213.696411132813
301784.628996582062 65761.476411132811 206.401336669922
301784.628996582062 65761.476411132811 199.106262207031
301785.765898437530 65760.838715820311 250.171798706055
301785.765898437530 65760.838715820311 242.876708984375
301785.765898437530 65760.838715820311 235.581634521484
301785.765898437530 65760.838715820311 228.286575317383
301785.765898437530 65760.838715820311 220.991500854492
301785.765898437530 65760.838715820311 213.696411132813
301785.765898437530 65760.838715820311 206.401336669922
301785.765898437530 65760.838715820311 199.106262207031
301780.434813232452 65763.828522949218 250.171798706055
301780.434813232452 65763.828522949218 242.689270019531
301784.628996582062 65761.476411132811 250.171798706055
301784.628996582062 65761.476411132811 242.689270019531
301777.042479248077 65765.731110839843 275.122436523438
301777.042479248077 65765.731110839843 258.905853271484
301777.042479248077 65765.731110839843 242.689270019531
301780.434813232452 65763.828522949218 275.122436523438
301780.434813232452 65763.828522949218 258.905853271484
301780.434813232452 65763.828522949218 242.689270019531
301789.036558837921 65759.004487304686 148.660430908203
301789.036558837921 65759.004487304686 144.701919555664
301790.720366210968 65758.060151367186 148.660430908203
301790.720366210968 65758.060151367186 144.701919555664
301787.430052490265 65759.905427246093 206.184158325195
301787.430052490265 65759.905427246093 195.937118530273
301787.430052490265 65759.905427246093 185.690078735352
301787.430052490265 65759.905427246093 175.443038940430
301787.430052490265 65759.905427246093 165.195999145508
301787.430052490265 65759.905427246093 154.948959350586
301787.430052490265 65759.905427246093 144.701919555664
301789.036558837921 65759.004487304686 206.184158325195
301789.036558837921 65759.004487304686 195.937118530273
301789.036558837921 65759.004487304686 185.690078735352
301789.036558837921 65759.004487304686 175.443038940430
301789.036558837921 65759.004487304686 165.195999145508
301789.036558837921 65759.004487304686 154.948959350586
301789.036558837921 65759.004487304686 144.701919555664
301728.329252929718 65793.050629882811 275.122436523438
301728.329252929718 65793.050629882811 271.235900878906
301745.466490478546 65783.439667968749 275.122436523438
301745.466490478546 65783.439667968749 271.235900878906
301762.603697509796 65773.828645019530 275.122436523438
301762.603697509796 65773.828645019530 271.235900878906
301762.603697509796 65773.828645019530 275.122436523438
301762.603697509796 65773.828645019530 265.622711181641
301777.042479248077 65765.731110839843 275.122436523438
301777.042479248077 65765.731110839843 265.622711181641
301784.628996582062 65761.476411132811 199.106262207031
301784.628996582062 65761.476411132811 220.897750854492
301784.628996582062 65761.476411132811 242.689270019531
301787.828917236358 65767.182099609374 199.106262207031
301787.828917236358 65767.182099609374 220.897750854492
301787.828917236358 65767.182099609374 242.689270019531
301777.294432373077 65748.398164062499 199.106262207031
301777.294432373077 65748.398164062499 213.633941650391
301777.294432373077 65748.398164062499 228.161590576172
301777.294432373077 65748.398164062499 242.689270019531
301779.063505859405 65751.552583007811 199.106262207031
301779.063505859405 65751.552583007811 213.633941650391
301779.063505859405 65751.552583007811 228.161590576172
301779.063505859405 65751.552583007811 242.689270019531
301780.832579345733 65754.707001953124 199.106262207031
301780.832579345733 65754.707001953124 213.633941650391
301780.832579345733 65754.707001953124 228.161590576172
301780.832579345733 65754.707001953124 242.689270019531
301781.969511718780 65754.069428710936 199.106262207031
301781.969511718780 65754.069428710936 202.645217895508
301781.969511718780 65754.069428710936 206.184158325195
301782.801573486358 65753.602753906249 199.106262207031
301782.801573486358 65753.602753906249 202.645217895508
301782.801573486358 65753.602753906249 206.184158325195
301783.633635253937 65753.136140136718 199.106262207031
301783.633635253937 65753.136140136718 202.645217895508
301783.633635253937 65753.136140136718 206.184158325195
301780.832579345733 65754.707001953124 199.106262207031
301780.832579345733 65754.707001953124 206.401336669922
301780.832579345733 65754.707001953124 213.696411132813
301780.832579345733 65754.707001953124 220.991500854492
301780.832579345733 65754.707001953124 228.286575317383
301780.832579345733 65754.707001953124 235.581634521484
301780.832579345733 65754.707001953124 242.876708984375
301780.832579345733 65754.707001953124 250.171798706055
301781.969511718780 65754.069428710936 199.106262207031
301781.969511718780 65754.069428710936 206.401336669922
301781.969511718780 65754.069428710936 213.696411132813
301781.969511718780 65754.069428710936 220.991500854492
301781.969511718780 65754.069428710936 228.286575317383
301781.969511718780 65754.069428710936 235.581634521484
301781.969511718780 65754.069428710936 242.876708984375
301781.969511718780 65754.069428710936 250.171798706055
301776.638395996124 65757.059235839843 242.689270019531
301776.638395996124 65757.059235839843 250.171798706055
301780.832579345733 65754.707001953124 242.689270019531
301780.832579345733 65754.707001953124 250.171798706055
301773.246062011749 65758.961701660155 242.689270019531
301773.246062011749 65758.961701660155 258.905853271484
301773.246062011749 65758.961701660155 275.122436523438
301776.638395996124 65757.059235839843 242.689270019531
301776.638395996124 65757.059235839843 258.905853271484
301776.638395996124 65757.059235839843 275.122436523438
301785.240172119171 65752.235139160155 144.701919555664
301785.240172119171 65752.235139160155 148.660430908203
301786.923948974640 65751.290864257811 144.701919555664
301786.923948974640 65751.290864257811 148.660430908203
301783.633635253937 65753.136140136718 144.701919555664
301783.633635253937 65753.136140136718 154.948959350586
301783.633635253937 65753.136140136718 165.195999145508
301783.633635253937 65753.136140136718 175.443038940430
301783.633635253937 65753.136140136718 185.690078735352
301783.633635253937 65753.136140136718 195.937118530273
301783.633635253937 65753.136140136718 206.184158325195
301785.240172119171 65752.235139160155 144.701919555664
301785.240172119171 65752.235139160155 154.948959350586
301785.240172119171 65752.235139160155 165.195999145508
301785.240172119171 65752.235139160155 175.443038940430
301785.240172119171 65752.235139160155 185.690078735352
301785.240172119171 65752.235139160155 195.937118530273
301785.240172119171 65752.235139160155 206.184158325195
301724.532835693390 65786.281342773436 271.235900878906
301724.532835693390 65786.281342773436 275.122436523438
301741.670073242218 65776.670319824218 271.235900878906
301741.670073242218 65776.670319824218 275.122436523438
301758.807249755890 65767.059357910155 271.235900878906
301758.807249755890 65767.059357910155 275.122436523438
301758.807249755890 65767.059357910155 265.622711181641
301758.807249755890 65767.059357910155 275.122436523438
301766.026671142608 65763.010590820311 265.622711181641
301766.026671142608 65763.010590820311 275.122436523438
301773.246062011749 65758.961701660155 265.622711181641
301773.246062011749 65758.961701660155 275.122436523438
301745.849241943390 65760.293000488280 236.077209472656
301745.849241943390 65760.293000488280 257.786132812500
301748.298338623077 65764.659882812499 236.077209472656
301748.298338623077 65764.659882812499 257.786132812500
301741.016386718780 65751.675690917968 44.206871032715
301741.016386718780 65751.675690917968 57.714153289795
301745.849241943390 65760.293000488280 44.206871032715
301745.849241943390 65760.293000488280 57.714153289795
301758.832915039093 65783.443879394530 236.077209472656
301758.832915039093 65783.443879394530 257.786132812500
301761.355437011749 65787.941682128905 236.077209472656
301761.355437011749 65787.941682128905 257.786132812500
301755.269102783233 65760.750520019530 188.613098144531
301755.269102783233 65760.750520019530 227.117904663086
301755.269102783233 65760.750520019530 265.622711181641
301762.548155517608 65756.668244628905 188.613098144531
301762.548155517608 65756.668244628905 227.117904663086
301762.548155517608 65756.668244628905 265.622711181641
301762.548155517608 65756.668244628905 140.526321411133
301762.548155517608 65756.668244628905 182.225097656250
301762.548155517608 65756.668244628905 223.923919677734
301762.548155517608 65756.668244628905 265.622711181641
301769.707915039093 65752.652863769530 140.526321411133
301769.707915039093 65752.652863769530 182.225097656250
301769.707915039093 65752.652863769530 223.923919677734
301769.707915039093 65752.652863769530 265.622711181641
301769.707915039093 65752.652863769530 63.294822692871
301769.707915039093 65752.652863769530 108.143424987793
301769.707915039093 65752.652863769530 152.992034912109
301769.707915039093 65752.652863769530 197.840652465820
301769.707915039093 65752.652863769530 242.689270019531
301777.294432373077 65748.398164062499 63.294822692871
301777.294432373077 65748.398164062499 108.143424987793
301777.294432373077 65748.398164062499 152.992034912109
301777.294432373077 65748.398164062499 197.840652465820
301777.294432373077 65748.398164062499 242.689270019531
301777.294432373077 65748.398164062499 29.705226898193
301777.294432373077 65748.398164062499 48.527565002441
301777.294432373077 65748.398164062499 67.349906921387
301777.294432373077 65748.398164062499 86.172241210938
301777.294432373077 65748.398164062499 104.994575500488
301777.294432373077 65748.398164062499 123.816917419434
301777.294432373077 65748.398164062499 142.639251708984
301777.294432373077 65748.398164062499 161.461593627930
301777.294432373077 65748.398164062499 180.283920288086
301777.294432373077 65748.398164062499 199.106262207031
301780.095488281280 65746.827241210936 29.705226898193
301780.095488281280 65746.827241210936 48.527565002441
301780.095488281280 65746.827241210936 67.349906921387
301780.095488281280 65746.827241210936 86.172241210938
301780.095488281280 65746.827241210936 104.994575500488
301780.095488281280 65746.827241210936 123.816917419434
301780.095488281280 65746.827241210936 142.639251708984
301780.095488281280 65746.827241210936 161.461593627930
301780.095488281280 65746.827241210936 180.283920288086
301780.095488281280 65746.827241210936 199.106262207031
301780.095488281280 65746.827241210936 29.705226898193
301780.095488281280 65746.827241210936 48.871341705322
301780.095488281280 65746.827241210936 68.037460327148
301780.095488281280 65746.827241210936 87.203567504883
301780.095488281280 65746.827241210936 106.369697570801
301780.095488281280 65746.827241210936 125.535812377930
301780.095488281280 65746.827241210936 144.701919555664
301783.385771484405 65744.981965332030 29.705226898193
301783.385771484405 65744.981965332030 48.871341705322
301783.385771484405 65744.981965332030 68.037460327148
301783.385771484405 65744.981965332030 87.203567504883
301783.385771484405 65744.981965332030 106.369697570801
301783.385771484405 65744.981965332030 125.535812377930
301783.385771484405 65744.981965332030 144.701919555664
301752.819975585968 65756.383576660155 188.613098144531
301752.819975585968 65756.383576660155 212.345138549805
301752.819975585968 65756.383576660155 236.077209472656
301755.269102783233 65760.750520019530 188.613098144531
301755.269102783233 65760.750520019530 212.345138549805
301755.269102783233 65760.750520019530 236.077209472656
301755.269102783233 65760.750520019530 265.622711181641
301755.269102783233 65760.750520019530 271.235900878906
301758.807249755890 65767.059357910155 265.622711181641
301758.807249755890 65767.059357910155 271.235900878906
301762.603697509796 65773.828645019530 265.622711181641
301762.603697509796 65773.828645019530 271.235900878906
301765.803679199249 65779.534516601561 265.622711181641
301765.803679199249 65779.534516601561 271.235900878906
301765.803679199249 65779.534516601561 188.613098144531
301765.803679199249 65779.534516601561 200.479125976563
301765.803679199249 65779.534516601561 212.345138549805
301765.803679199249 65779.534516601561 224.211166381836
301765.803679199249 65779.534516601561 236.077209472656
301767.064909667999 65781.783356933593 188.613098144531
301767.064909667999 65781.783356933593 200.479125976563
301767.064909667999 65781.783356933593 212.345138549805
301767.064909667999 65781.783356933593 224.211166381836
301767.064909667999 65781.783356933593 236.077209472656
301768.326201171905 65784.032319335936 188.613098144531
301768.326201171905 65784.032319335936 200.479125976563
301768.326201171905 65784.032319335936 212.345138549805
301768.326201171905 65784.032319335936 224.211166381836
301768.326201171905 65784.032319335936 236.077209472656
301760.099058837921 65752.301301269530 140.526321411133
301760.099058837921 65752.301301269530 164.569702148438
301760.099058837921 65752.301301269530 188.613098144531
301762.548155517608 65756.668244628905 140.526321411133
301762.548155517608 65756.668244628905 164.569702148438
301762.548155517608 65756.668244628905 188.613098144531
301773.082762451202 65775.452180175780 140.526321411133
301773.082762451202 65775.452180175780 164.569702148438
301773.082762451202 65775.452180175780 188.613098144531
301775.605253906280 65779.949982910155 140.526321411133
301775.605253906280 65779.949982910155 164.569702148438
301775.605253906280 65779.949982910155 188.613098144531
301767.258757324249 65748.285920410155 63.294822692871
301767.258757324249 65748.285920410155 89.038650512695
301767.258757324249 65748.285920410155 114.782485961914
301767.258757324249 65748.285920410155 140.526321411133
301769.707915039093 65752.652863769530 63.294822692871
301769.707915039093 65752.652863769530 89.038650512695
301769.707915039093 65752.652863769530 114.782485961914
301769.707915039093 65752.652863769530 140.526321411133
301762.425932617218 65739.668610839843 29.705226898193
301762.425932617218 65739.668610839843 44.206871032715
301767.258757324249 65748.285920410155 29.705226898193
301767.258757324249 65748.285920410155 44.206871032715
301780.242399902374 65771.436860351561 63.294822692871
301780.242399902374 65771.436860351561 89.038650512695
301780.242399902374 65771.436860351561 114.782485961914
301780.242399902374 65771.436860351561 140.526321411133
301782.764982910187 65775.934602050780 63.294822692871
301782.764982910187 65775.934602050780 89.038650512695
301782.764982910187 65775.934602050780 114.782485961914
301782.764982910187 65775.934602050780 140.526321411133
301780.242399902374 65771.436860351561 242.689270019531
301780.242399902374 65771.436860351561 217.061492919922
301780.242399902374 65771.436860351561 191.433715820313
301780.242399902374 65771.436860351561 165.805938720703
301780.242399902374 65771.436860351561 140.178146362305
301780.242399902374 65771.436860351561 114.550376892090
301780.242399902374 65771.436860351561 88.922599792480
301780.242399902374 65771.436860351561 63.294822692871
301784.035673828155 65769.309418945311 242.689270019531
301784.035673828155 65769.309418945311 217.061492919922
301784.035673828155 65769.309418945311 191.433715820313
301784.035673828155 65769.309418945311 165.805938720703
301784.035673828155 65769.309418945311 140.178146362305
301784.035673828155 65769.309418945311 114.550376892090
301784.035673828155 65769.309418945311 88.922599792480
301784.035673828155 65769.309418945311 63.294822692871
301787.828917236358 65767.182099609374 242.689270019531
301787.828917236358 65767.182099609374 217.061492919922
301787.828917236358 65767.182099609374 191.433715820313
301787.828917236358 65767.182099609374 165.805938720703
301787.828917236358 65767.182099609374 140.178146362305
301787.828917236358 65767.182099609374 114.550376892090
301787.828917236358 65767.182099609374 88.922599792480
301787.828917236358 65767.182099609374 63.294822692871
301790.629973144562 65765.611176757811 144.701919555664
301790.629973144562 65765.611176757811 125.535812377930
301790.629973144562 65765.611176757811 106.369697570801
301790.629973144562 65765.611176757811 87.203567504883
301790.629973144562 65765.611176757811 68.037460327148
301790.629973144562 65765.611176757811 48.871341705322
301790.629973144562 65765.611176757811 29.705226898193
301793.920286865265 65763.765961914061 144.701919555664
301793.920286865265 65763.765961914061 125.535812377930
301793.920286865265 65763.765961914061 106.369697570801
301793.920286865265 65763.765961914061 87.203567504883
301793.920286865265 65763.765961914061 68.037460327148
301793.920286865265 65763.765961914061 48.871341705322
301793.920286865265 65763.765961914061 29.705226898193
301787.828917236358 65767.182099609374 199.106262207031
301787.828917236358 65767.182099609374 189.695098876953
301787.828917236358 65767.182099609374 180.283920288086
301787.828917236358 65767.182099609374 170.872756958008
301787.828917236358 65767.182099609374 161.461593627930
301787.828917236358 65767.182099609374 152.050430297852
301787.828917236358 65767.182099609374 142.639251708984
301787.828917236358 65767.182099609374 133.228088378906
301787.828917236358 65767.182099609374 123.816917419434
301787.828917236358 65767.182099609374 114.405746459961
301787.828917236358 65767.182099609374 104.994575500488
301787.828917236358 65767.182099609374 95.583404541016
301787.828917236358 65767.182099609374 86.172241210938
301787.828917236358 65767.182099609374 76.761070251465
301787.828917236358 65767.182099609374 67.349906921387
301787.828917236358 65767.182099609374 57.938732147217
301787.828917236358 65767.182099609374 48.527565002441
301787.828917236358 65767.182099609374 39.116394042969
301787.828917236358 65767.182099609374 29.705226898193
301789.229460449249 65766.396638183593 199.106262207031
301789.229460449249 65766.396638183593 189.695098876953
301789.229460449249 65766.396638183593 180.283920288086
301789.229460449249 65766.396638183593 170.872756958008
301789.229460449249 65766.396638183593 161.461593627930
301789.229460449249 65766.396638183593 152.050430297852
301789.229460449249 65766.396638183593 142.639251708984
301789.229460449249 65766.396638183593 133.228088378906
301789.229460449249 65766.396638183593 123.816917419434
301789.229460449249 65766.396638183593 114.405746459961
301789.229460449249 65766.396638183593 104.994575500488
301789.229460449249 65766.396638183593 95.583404541016
301789.229460449249 65766.396638183593 86.172241210938
301789.229460449249 65766.396638183593 76.761070251465
301789.229460449249 65766.396638183593 67.349906921387
301789.229460449249 65766.396638183593 57.938732147217
301789.229460449249 65766.396638183593 48.527565002441
301789.229460449249 65766.396638183593 39.116394042969
301789.229460449249 65766.396638183593 29.705226898193
301790.629973144562 65765.611176757811 199.106262207031
301790.629973144562 65765.611176757811 189.695098876953
301790.629973144562 65765.611176757811 180.283920288086
301790.629973144562 65765.611176757811 170.872756958008
301790.629973144562 65765.611176757811 161.461593627930
301790.629973144562 65765.611176757811 152.050430297852
301790.629973144562 65765.611176757811 142.639251708984
301790.629973144562 65765.611176757811 133.228088378906
301790.629973144562 65765.611176757811 123.816917419434
301790.629973144562 65765.611176757811 114.405746459961
301790.629973144562 65765.611176757811 104.994575500488
301790.629973144562 65765.611176757811 95.583404541016
301790.629973144562 65765.611176757811 86.172241210938
301790.629973144562 65765.611176757811 76.761070251465
301790.629973144562 65765.611176757811 67.349906921387
301790.629973144562 65765.611176757811 57.938732147217
301790.629973144562 65765.611176757811 48.527565002441
301790.629973144562 65765.611176757811 39.116394042969
301790.629973144562 65765.611176757811 29.705226898193
301715.938780517608 65777.067597656249 70.298347473145
301715.938780517608 65777.067597656249 84.720481872559
301715.938780517608 65777.067597656249 99.142616271973
301715.938780517608 65777.067597656249 113.564765930176
301715.938780517608 65777.067597656249 127.986892700195
301715.938780517608 65777.067597656249 142.409042358398
301715.938780517608 65777.067597656249 156.831176757813
301715.938780517608 65777.067597656249 171.253311157227
301715.938780517608 65777.067597656249 185.675460815430
301715.938780517608 65777.067597656249 200.097595214844
301715.938780517608 65777.067597656249 214.519729614258
301715.938780517608 65777.067597656249 228.941864013672
301715.938780517608 65777.067597656249 243.363998413086
301715.938780517608 65777.067597656249 257.786132812500
301718.165831298858 65775.818635253905 70.298347473145
301718.165831298858 65775.818635253905 84.720481872559
301718.165831298858 65775.818635253905 99.142616271973
301718.165831298858 65775.818635253905 113.564765930176
301718.165831298858 65775.818635253905 127.986892700195
301718.165831298858 65775.818635253905 142.409042358398
301718.165831298858 65775.818635253905 156.831176757813
301718.165831298858 65775.818635253905 171.253311157227
301718.165831298858 65775.818635253905 185.675460815430
301718.165831298858 65775.818635253905 200.097595214844
301718.165831298858 65775.818635253905 214.519729614258
301718.165831298858 65775.818635253905 228.941864013672
301718.165831298858 65775.818635253905 243.363998413086
301718.165831298858 65775.818635253905 257.786132812500
301723.928160400421 65772.587006835936 57.714153289795
301723.928160400421 65772.587006835936 157.750152587891
301723.928160400421 65772.587006835936 257.786132812500
301745.849241943390 65760.293000488280 57.714153289795
301745.849241943390 65760.293000488280 157.750152587891
301745.849241943390 65760.293000488280 257.786132812500
301707.369780273468 65781.873322753905 63.291408538818
301707.369780273468 65781.873322753905 111.915084838867
301707.369780273468 65781.873322753905 160.538772583008
301707.369780273468 65781.873322753905 209.162460327148
301707.369780273468 65781.873322753905 257.786132812500
301715.938780517608 65777.067597656249 63.291408538818
301715.938780517608 65777.067597656249 111.915084838867
301715.938780517608 65777.067597656249 160.538772583008
301715.938780517608 65777.067597656249 209.162460327148
301715.938780517608 65777.067597656249 257.786132812500
301718.165831298858 65775.818635253905 63.291408538818
301718.165831298858 65775.818635253905 82.740875244141
301718.165831298858 65775.818635253905 102.190353393555
301718.165831298858 65775.818635253905 121.639823913574
301718.165831298858 65775.818635253905 141.089294433594
301718.165831298858 65775.818635253905 160.538772583008
301718.165831298858 65775.818635253905 179.988250732422
301718.165831298858 65775.818635253905 199.437728881836
301718.165831298858 65775.818635253905 218.887207031250
301718.165831298858 65775.818635253905 238.336669921875
301718.165831298858 65775.818635253905 257.786132812500
301721.046995849640 65774.202851562499 63.291408538818
301721.046995849640 65774.202851562499 82.740875244141
301721.046995849640 65774.202851562499 102.190353393555
301721.046995849640 65774.202851562499 121.639823913574
301721.046995849640 65774.202851562499 141.089294433594
301721.046995849640 65774.202851562499 160.538772583008
301721.046995849640 65774.202851562499 179.988250732422
301721.046995849640 65774.202851562499 199.437728881836
301721.046995849640 65774.202851562499 218.887207031250
301721.046995849640 65774.202851562499 238.336669921875
301721.046995849640 65774.202851562499 257.786132812500
301723.928160400421 65772.587006835936 63.291408538818
301723.928160400421 65772.587006835936 82.740875244141
301723.928160400421 65772.587006835936 102.190353393555
301723.928160400421 65772.587006835936 121.639823913574
301723.928160400421 65772.587006835936 141.089294433594
301723.928160400421 65772.587006835936 160.538772583008
301723.928160400421 65772.587006835936 179.988250732422
301723.928160400421 65772.587006835936 199.437728881836
301723.928160400421 65772.587006835936 218.887207031250
301723.928160400421 65772.587006835936 238.336669921875
301723.928160400421 65772.587006835936 257.786132812500
301731.445006103546 65804.716340332030 257.786132812500
301731.445006103546 65804.716340332030 243.363998413086
301731.445006103546 65804.716340332030 228.941864013672
301731.445006103546 65804.716340332030 214.519729614258
301731.445006103546 65804.716340332030 200.097595214844
301731.445006103546 65804.716340332030 185.675460815430
301731.445006103546 65804.716340332030 171.253311157227
301731.445006103546 65804.716340332030 156.831176757813
301731.445006103546 65804.716340332030 142.409042358398
301731.445006103546 65804.716340332030 127.986892700195
301731.445006103546 65804.716340332030 113.564765930176
301731.445006103546 65804.716340332030 99.142616271973
301731.445006103546 65804.716340332030 84.720481872559
301731.445006103546 65804.716340332030 70.298347473145
301733.672056884796 65803.467316894530 257.786132812500
301733.672056884796 65803.467316894530 243.363998413086
301733.672056884796 65803.467316894530 228.941864013672
301733.672056884796 65803.467316894530 214.519729614258
301733.672056884796 65803.467316894530 200.097595214844
301733.672056884796 65803.467316894530 185.675460815430
301733.672056884796 65803.467316894530 171.253311157227
301733.672056884796 65803.467316894530 156.831176757813
301733.672056884796 65803.467316894530 142.409042358398
301733.672056884796 65803.467316894530 127.986892700195
301733.672056884796 65803.467316894530 113.564765930176
301733.672056884796 65803.467316894530 99.142616271973
301733.672056884796 65803.467316894530 84.720481872559
301733.672056884796 65803.467316894530 70.298347473145
301733.672056884796 65803.467316894530 257.786132812500
301733.672056884796 65803.467316894530 218.887207031250
301733.672056884796 65803.467316894530 179.988250732422
301733.672056884796 65803.467316894530 141.089294433594
301733.672056884796 65803.467316894530 102.190353393555
301733.672056884796 65803.467316894530 63.291408538818
301739.434385986358 65800.235688476561 257.786132812500
301739.434385986358 65800.235688476561 218.887207031250
301739.434385986358 65800.235688476561 179.988250732422
301739.434385986358 65800.235688476561 141.089294433594
301739.434385986358 65800.235688476561 102.190353393555
301739.434385986358 65800.235688476561 63.291408538818
301722.875975341827 65809.522126464843 257.786132812500
301722.875975341827 65809.522126464843 209.162460327148
301722.875975341827 65809.522126464843 160.538772583008
301722.875975341827 65809.522126464843 111.915084838867
301722.875975341827 65809.522126464843 63.291408538818
301731.445006103546 65804.716340332030 257.786132812500
301731.445006103546 65804.716340332030 209.162460327148
301731.445006103546 65804.716340332030 160.538772583008
301731.445006103546 65804.716340332030 111.915084838867
301731.445006103546 65804.716340332030 63.291408538818
301719.095305175812 65763.969636230468 57.714153289795
301719.095305175812 65763.969636230468 63.291408538818
301723.928160400421 65772.587006835936 57.714153289795
301723.928160400421 65772.587006835936 63.291408538818
301739.434385986358 65800.235688476561 57.714153289795
301739.434385986358 65800.235688476561 63.291408538818
301744.280638427765 65808.876862792968 57.714153289795
301744.280638427765 65808.876862792968 63.291408538818
301702.880278320343 65773.063569335936 33.732933044434
301702.880278320343 65773.063569335936 63.291408538818
301707.252409667999 65770.611481933593 33.732933044434
301707.252409667999 65770.611481933593 63.291408538818
301711.624571533233 65768.159455566405 33.732933044434
301711.624571533233 65768.159455566405 63.291408538818
301651.572828979522 65801.838288574218 29.705226898193
301651.572828979522 65801.838288574218 63.291408538818
301702.880278320343 65773.063569335936 29.705226898193
301702.880278320343 65773.063569335936 63.291408538818
301711.624571533233 65768.159455566405 29.705226898193
301711.624571533233 65768.159455566405 63.291408538818
301719.095305175812 65763.969636230468 29.705226898193
301719.095305175812 65763.969636230468 63.291408538818
301719.095305175812 65763.969636230468 29.705226898193
301719.095305175812 65763.969636230468 57.714153289795
301741.016386718780 65751.675690917968 29.705226898193
301741.016386718780 65751.675690917968 57.714153289795
301701.555968017608 65770.702180175780 33.732933044434
301701.555968017608 65770.702180175780 29.705226898193
301702.218107910187 65771.882905273436 33.732933044434
301702.218107910187 65771.882905273436 29.705226898193
301702.880278320343 65773.063569335936 33.732933044434
301702.880278320343 65773.063569335936 29.705226898193
301685.807615966827 65803.185700683593 65.142204284668
301685.807615966827 65803.185700683593 66.015441894531
301685.807615966827 65803.185700683593 66.888679504395
301685.807615966827 65803.185700683593 67.761917114258
301685.947447509796 65803.107270507811 65.142204284668
301685.947447509796 65803.107270507811 66.015441894531
301685.947447509796 65803.107270507811 66.888679504395
301685.947447509796 65803.107270507811 67.761917114258
301686.087248535187 65803.028901367186 65.142204284668
301686.087248535187 65803.028901367186 66.015441894531
301686.087248535187 65803.028901367186 66.888679504395
301686.087248535187 65803.028901367186 67.761917114258
301686.087248535187 65803.028901367186 63.291408538818
301686.087248535187 65803.028901367186 67.761917114258
301688.964598388702 65801.415131835936 63.291408538818
301688.964598388702 65801.415131835936 67.761917114258
301691.841917724640 65799.801484374999 63.291408538818
301691.841917724640 65799.801484374999 67.761917114258
301685.807615966827 65803.185700683593 67.761917114258
301685.807615966827 65803.185700683593 65.142204284668
301692.674010009796 65815.429047851561 67.761917114258
301692.674010009796 65815.429047851561 65.142204284668
301699.540434570343 65827.672395019530 67.761917114258
301699.540434570343 65827.672395019530 65.142204284668
301658.397322387726 65803.421052246093 65.142204284668
301658.397322387726 65803.421052246093 81.510604858398
301678.590361328155 65839.426606445311 65.142204284668
301678.590361328155 65839.426606445311 81.510604858398
301656.547484130890 65800.122651367186 63.291408538818
301656.547484130890 65800.122651367186 81.510604858398
301658.397322387726 65803.421052246093 63.291408538818
301658.397322387726 65803.421052246093 81.510604858398
301678.590361328155 65839.426606445311 63.291408538818
301678.590361328155 65839.426606445311 72.401008605957
301678.590361328155 65839.426606445311 81.510604858398
301679.451506347687 65840.962128906249 63.291408538818
301679.451506347687 65840.962128906249 72.401008605957
301679.451506347687 65840.962128906249 81.510604858398
301739.434385986358 65800.235688476561 257.786132812500
301739.434385986358 65800.235688476561 157.750152587891
301739.434385986358 65800.235688476561 57.714153289795
301761.355437011749 65787.941682128905 257.786132812500
301761.355437011749 65787.941682128905 157.750152587891
301761.355437011749 65787.941682128905 57.714153289795
301775.605253906280 65779.949982910155 140.526321411133
301775.605253906280 65779.949982910155 116.446456909180
301775.605253906280 65779.949982910155 92.366592407227
301775.605253906280 65779.949982910155 68.286727905273
301775.605253906280 65779.949982910155 44.206871032715
301779.185087890655 65777.942292480468 140.526321411133
301779.185087890655 65777.942292480468 116.446456909180
301779.185087890655 65777.942292480468 92.366592407227
301779.185087890655 65777.942292480468 68.286727905273
301779.185087890655 65777.942292480468 44.206871032715
301782.764982910187 65775.934602050780 140.526321411133
301782.764982910187 65775.934602050780 116.446456909180
301782.764982910187 65775.934602050780 92.366592407227
301782.764982910187 65775.934602050780 68.286727905273
301782.764982910187 65775.934602050780 44.206871032715
301768.326201171905 65784.032319335936 188.613098144531
301768.326201171905 65784.032319335936 140.477691650391
301768.326201171905 65784.032319335936 92.342277526855
301768.326201171905 65784.032319335936 44.206871032715
301775.605253906280 65779.949982910155 188.613098144531
301775.605253906280 65779.949982910155 140.477691650391
301775.605253906280 65779.949982910155 92.342277526855
301775.605253906280 65779.949982910155 44.206871032715
301761.355437011749 65787.941682128905 236.077209472656
301761.355437011749 65787.941682128905 197.703140258789
301761.355437011749 65787.941682128905 159.329071044922
301761.355437011749 65787.941682128905 120.955009460449
301761.355437011749 65787.941682128905 82.580940246582
301761.355437011749 65787.941682128905 44.206871032715
301768.326201171905 65784.032319335936 236.077209472656
301768.326201171905 65784.032319335936 197.703140258789
301768.326201171905 65784.032319335936 159.329071044922
301768.326201171905 65784.032319335936 120.955009460449
301768.326201171905 65784.032319335936 82.580940246582
301768.326201171905 65784.032319335936 44.206871032715
301659.067167968780 65820.917817382811 87.685997009277
301659.067167968780 65820.917817382811 90.869255065918
301659.850081176788 65822.313813476561 87.685997009277
301659.850081176788 65822.313813476561 90.869255065918
301662.995619506866 65827.922456054686 87.685997009277
301662.995619506866 65827.922456054686 90.869255065918
301664.018141479522 65829.745759277343 87.685997009277
301664.018141479522 65829.745759277343 90.869255065918
301664.018141479522 65829.745759277343 83.091880798340
301664.018141479522 65829.745759277343 90.869255065918
301667.904265136749 65836.675019531249 83.091880798340
301667.904265136749 65836.675019531249 90.869255065918
301655.038222045929 65813.733979492186 83.091880798340
301655.038222045929 65813.733979492186 90.869255065918
301659.067167968780 65820.917817382811 83.091880798340
301659.067167968780 65820.917817382811 90.869255065918
301661.218535156280 65828.919099121093 87.685997009277
301661.218535156280 65828.919099121093 90.869255065918
301662.995619506866 65827.922456054686 87.685997009277
301662.995619506866 65827.922456054686 90.869255065918
301660.806242675812 65829.096650390624 87.685997009277
301660.806242675812 65829.096650390624 89.277618408203
301660.806242675812 65829.096650390624 90.869255065918
301661.218535156280 65828.919099121093 87.685997009277
301661.218535156280 65828.919099121093 89.277618408203
301661.218535156280 65828.919099121093 90.869255065918
301660.373228759796 65829.215119628905 87.685997009277
301660.373228759796 65829.215119628905 89.277618408203
301660.373228759796 65829.215119628905 90.869255065918
301660.806242675812 65829.096650390624 87.685997009277
301660.806242675812 65829.096650390624 89.277618408203
301660.806242675812 65829.096650390624 90.869255065918
301659.927962036163 65829.272065429686 87.685997009277
301659.927962036163 65829.272065429686 88.747085571289
301659.927962036163 65829.272065429686 89.808166503906
301659.927962036163 65829.272065429686 90.869255065918
301660.150603027374 65829.243562011718 87.685997009277
301660.150603027374 65829.243562011718 88.747085571289
301660.150603027374 65829.243562011718 89.808166503906
301660.150603027374 65829.243562011718 90.869255065918
301660.373228759796 65829.215119628905 87.685997009277
301660.373228759796 65829.215119628905 88.747085571289
301660.373228759796 65829.215119628905 89.808166503906
301660.373228759796 65829.215119628905 90.869255065918
301659.479094238312 65829.266572265624 87.685997009277
301659.479094238312 65829.266572265624 88.747085571289
301659.479094238312 65829.266572265624 89.808166503906
301659.479094238312 65829.266572265624 90.869255065918
301659.703535766632 65829.269318847655 87.685997009277
301659.703535766632 65829.269318847655 88.747085571289
301659.703535766632 65829.269318847655 89.808166503906
301659.703535766632 65829.269318847655 90.869255065918
301659.927962036163 65829.272065429686 87.685997009277
301659.927962036163 65829.272065429686 88.747085571289
301659.927962036163 65829.272065429686 89.808166503906
301659.927962036163 65829.272065429686 90.869255065918
301659.035368652374 65829.198640136718 87.685997009277
301659.035368652374 65829.198640136718 89.277618408203
301659.035368652374 65829.198640136718 90.869255065918
301659.479094238312 65829.266572265624 87.685997009277
301659.479094238312 65829.266572265624 89.277618408203
301659.479094238312 65829.266572265624 90.869255065918
301658.605421752960 65829.069489746093 87.685997009277
301658.605421752960 65829.069489746093 89.277618408203
301658.605421752960 65829.069489746093 90.869255065918
301659.035368652374 65829.198640136718 87.685997009277
301659.035368652374 65829.198640136718 89.277618408203
301659.035368652374 65829.198640136718 90.869255065918
301658.197615356476 65828.881928710936 87.685997009277
301658.197615356476 65828.881928710936 89.277618408203
301658.197615356476 65828.881928710936 90.869255065918
301658.605421752960 65829.069489746093 87.685997009277
301658.605421752960 65829.069489746093 89.277618408203
301658.605421752960 65829.069489746093 90.869255065918
301657.819914550812 65828.639313964843 87.685997009277
301657.819914550812 65828.639313964843 89.277618408203
301657.819914550812 65828.639313964843 90.869255065918
301658.197615356476 65828.881928710936 87.685997009277
301658.197615356476 65828.881928710936 89.277618408203
301658.197615356476 65828.881928710936 90.869255065918
301657.479658813507 65828.346467285155 87.685997009277
301657.479658813507 65828.346467285155 89.277618408203
301657.479658813507 65828.346467285155 90.869255065918
301657.819914550812 65828.639313964843 87.685997009277
301657.819914550812 65828.639313964843 89.277618408203
301657.819914550812 65828.639313964843 90.869255065918
301657.183439941437 65828.009187011718 87.685997009277
301657.183439941437 65828.009187011718 88.747085571289
301657.183439941437 65828.009187011718 89.808166503906
301657.183439941437 65828.009187011718 90.869255065918
301657.331541748077 65828.177827148436 87.685997009277
301657.331541748077 65828.177827148436 88.747085571289
301657.331541748077 65828.177827148436 89.808166503906
301657.331541748077 65828.177827148436 90.869255065918
301657.479658813507 65828.346467285155 87.685997009277
301657.479658813507 65828.346467285155 88.747085571289
301657.479658813507 65828.346467285155 89.808166503906
301657.479658813507 65828.346467285155 90.869255065918
301656.937086792022 65827.633881835936 87.685997009277
301656.937086792022 65827.633881835936 89.277618408203
301656.937086792022 65827.633881835936 90.869255065918
301657.183439941437 65828.009187011718 87.685997009277
301657.183439941437 65828.009187011718 89.277618408203
301657.183439941437 65828.009187011718 90.869255065918
301656.745344848663 65827.227998046874 87.685997009277
301656.745344848663 65827.227998046874 89.277618408203
301656.745344848663 65827.227998046874 90.869255065918
301656.937086792022 65827.633881835936 87.685997009277
301656.937086792022 65827.633881835936 89.277618408203
301656.937086792022 65827.633881835936 90.869255065918
301656.611983032257 65826.799348144530 87.685997009277
301656.611983032257 65826.799348144530 89.277618408203
301656.611983032257 65826.799348144530 90.869255065918
301656.745344848663 65827.227998046874 87.685997009277
301656.745344848663 65827.227998046874 89.277618408203
301656.745344848663 65827.227998046874 90.869255065918
301656.539580078155 65826.356354980468 87.685997009277
301656.539580078155 65826.356354980468 89.277618408203
301656.539580078155 65826.356354980468 90.869255065918
301656.611983032257 65826.799348144530 87.685997009277
301656.611983032257 65826.799348144530 89.277618408203
301656.611983032257 65826.799348144530 90.869255065918
301656.529539794952 65825.907563476561 87.685997009277
301656.529539794952 65825.907563476561 89.277618408203
301656.529539794952 65825.907563476561 90.869255065918
301656.539580078155 65826.356354980468 87.685997009277
301656.539580078155 65826.356354980468 89.277618408203
301656.539580078155 65826.356354980468 90.869255065918
301656.582075805694 65825.461762695311 87.685997009277
301656.582075805694 65825.461762695311 89.277618408203
301656.582075805694 65825.461762695311 90.869255065918
301656.529539794952 65825.907563476561 87.685997009277
301656.529539794952 65825.907563476561 89.277618408203
301656.529539794952 65825.907563476561 90.869255065918
301656.696150512726 65825.027558593749 87.685997009277
301656.696150512726 65825.027558593749 89.277618408203
301656.696150512726 65825.027558593749 90.869255065918
301656.582075805694 65825.461762695311 87.685997009277
301656.582075805694 65825.461762695311 89.277618408203
301656.582075805694 65825.461762695311 90.869255065918
301656.869536132843 65824.613496093749 87.685997009277
301656.869536132843 65824.613496093749 89.277618408203
301656.869536132843 65824.613496093749 90.869255065918
301656.696150512726 65825.027558593749 87.685997009277
301656.696150512726 65825.027558593749 89.277618408203
301656.696150512726 65825.027558593749 90.869255065918
301657.098875732452 65824.227631835936 87.685997009277
301657.098875732452 65824.227631835936 89.277618408203
301657.098875732452 65824.227631835936 90.869255065918
301656.869536132843 65824.613496093749 87.685997009277
301656.869536132843 65824.613496093749 89.277618408203
301656.869536132843 65824.613496093749 90.869255065918
301657.379698486358 65823.877412109374 87.685997009277
301657.379698486358 65823.877412109374 89.277618408203
301657.379698486358 65823.877412109374 90.869255065918
301657.098875732452 65824.227631835936 87.685997009277
301657.098875732452 65824.227631835936 89.277618408203
301657.098875732452 65824.227631835936 90.869255065918
301657.379698486358 65823.877412109374 90.869255065918
301657.379698486358 65823.877412109374 89.277618408203
301657.379698486358 65823.877412109374 87.685997009277
301657.706526489288 65823.569733886718 90.869255065918
301657.706526489288 65823.569733886718 89.277618408203
301657.706526489288 65823.569733886718 87.685997009277
301657.706526489288 65823.569733886718 90.869255065918
301657.706526489288 65823.569733886718 89.277618408203
301657.706526489288 65823.569733886718 87.685997009277
301658.073012084991 65823.310456542968 90.869255065918
301658.073012084991 65823.310456542968 89.277618408203
301658.073012084991 65823.310456542968 87.685997009277
301658.073012084991 65823.310456542968 90.869255065918
301658.073012084991 65823.310456542968 87.685997009277
301659.850081176788 65822.313813476561 90.869255065918
301659.850081176788 65822.313813476561 87.685997009277
301663.739714355499 65839.010651855468 90.869255065918
301663.739714355499 65839.010651855468 83.091880798340
301665.821989746124 65837.842744140624 90.869255065918
301665.821989746124 65837.842744140624 83.091880798340
301667.904265136749 65836.675019531249 90.869255065918
301667.904265136749 65836.675019531249 83.091880798340
301660.071135253937 65841.068024902343 90.869255065918
301660.071135253937 65841.068024902343 81.510627746582
301663.739714355499 65839.010651855468 90.869255065918
301663.739714355499 65839.010651855468 81.510627746582
301664.018141479522 65829.745759277343 87.685997009277
301664.018141479522 65829.745759277343 83.091880798340
301666.925917358429 65828.115021972655 87.685997009277
301666.925917358429 65828.115021972655 83.091880798340
301650.873671264679 65816.069489746093 83.091880798340
301650.873671264679 65816.069489746093 90.869255065918
301655.038222045929 65813.733979492186 83.091880798340
301655.038222045929 65813.733979492186 90.869255065918
301647.205092163116 65818.126984863280 81.510627746582
301647.205092163116 65818.126984863280 90.869255065918
301650.873671264679 65816.069489746093 81.510627746582
301650.873671264679 65816.069489746093 90.869255065918
301659.067167968780 65820.917817382811 83.091880798340
301659.067167968780 65820.917817382811 87.685997009277
301661.974943847687 65819.287019042968 83.091880798340
301661.974943847687 65819.287019042968 87.685997009277
301748.004057617218 65775.540620117186 279.496826171875
301748.004057617218 65775.540620117186 275.122436523438
301753.687529296905 65772.353181152343 279.496826171875
301753.687529296905 65772.353181152343 275.122436523438
301748.004057617218 65775.540620117186 275.122436523438
301748.004057617218 65775.540620117186 279.496826171875
301749.459166259796 65778.135224609374 275.122436523438
301749.459166259796 65778.135224609374 279.496826171875
301749.459166259796 65778.135224609374 275.122436523438
301749.459166259796 65778.135224609374 279.496826171875
301755.142668457062 65774.947785644530 275.122436523438
301755.142668457062 65774.947785644530 279.496826171875
301753.687529296905 65772.353181152343 279.496826171875
301753.687529296905 65772.353181152343 275.122436523438
301755.142668457062 65774.947785644530 279.496826171875
301755.142668457062 65774.947785644530 275.122436523438
301647.205092163116 65818.126984863280 81.510627746582
301647.205092163116 65818.126984863280 90.869255065918
301660.071135253937 65841.068024902343 81.510627746582
301660.071135253937 65841.068024902343 90.869255065918
301663.739714355499 65839.010651855468 81.510627746582
301663.739714355499 65839.010651855468 83.091880798340
301664.745299072296 65840.803620605468 81.510627746582
301664.745299072296 65840.803620605468 83.091880798340
301650.118117065460 65814.722321777343 81.510627746582
301650.118117065460 65814.722321777343 83.091880798340
301650.873671264679 65816.069489746093 81.510627746582
301650.873671264679 65816.069489746093 83.091880798340
301664.745299072296 65840.803620605468 81.510627746582
301664.745299072296 65840.803620605468 83.091880798340
301668.215605468780 65838.857331542968 81.510627746582
301668.215605468780 65838.857331542968 83.091880798340
301668.215605468780 65838.857331542968 81.510627746582
301668.215605468780 65838.857331542968 83.091880798340
301671.106001586944 65844.011079101561 81.510627746582
301671.106001586944 65844.011079101561 83.091880798340
301649.662169189483 65805.775300292968 81.510627746582
301649.662169189483 65805.775300292968 83.091880798340
301653.588423461944 65812.776093749999 81.510627746582
301653.588423461944 65812.776093749999 83.091880798340
301671.106001586944 65844.011079101561 81.510627746582
301671.106001586944 65844.011079101561 83.091880798340
301674.708037109405 65841.990998535155 81.510627746582
301674.708037109405 65841.990998535155 83.091880798340
301666.925917358429 65828.115021972655 83.091880798340
301666.925917358429 65828.115021972655 81.510627746582
301670.816969604522 65835.053010253905 83.091880798340
301670.816969604522 65835.053010253905 81.510627746582
301674.708037109405 65841.990998535155 83.091880798340
301674.708037109405 65841.990998535155 81.510627746582
301661.974943847687 65819.287019042968 87.685997009277
301661.974943847687 65819.287019042968 81.510627746582
301664.450438232452 65823.700959472655 87.685997009277
301664.450438232452 65823.700959472655 81.510627746582
301666.925917358429 65828.115021972655 87.685997009277
301666.925917358429 65828.115021972655 81.510627746582
301653.264189453155 65803.755158691405 83.091880798340
301653.264189453155 65803.755158691405 81.510627746582
301657.619566650421 65811.521088867186 83.091880798340
301657.619566650421 65811.521088867186 81.510627746582
301661.974943847687 65819.287019042968 83.091880798340
301661.974943847687 65819.287019042968 81.510627746582
301649.662169189483 65805.775300292968 83.091880798340
301649.662169189483 65805.775300292968 81.510627746582
301653.264189453155 65803.755158691405 83.091880798340
301653.264189453155 65803.755158691405 81.510627746582
301650.118117065460 65814.722321777343 83.091880798340
301650.118117065460 65814.722321777343 81.510627746582
301651.853285522491 65813.749238281249 83.091880798340
301651.853285522491 65813.749238281249 81.510627746582
301653.588423461944 65812.776093749999 83.091880798340
301653.588423461944 65812.776093749999 81.510627746582
301773.312987060577 65762.149262695311 275.122436523438
301773.312987060577 65762.149262695311 277.401336669922
301775.663634033233 65760.830903320311 275.122436523438
301775.663634033233 65760.830903320311 277.401336669922
301778.014311523468 65759.512604980468 275.122436523438
301778.014311523468 65759.512604980468 277.401336669922
301773.312987060577 65762.149262695311 277.401336669922
301773.312987060577 65762.149262695311 275.122436523438
301773.758818359405 65762.944184570311 277.401336669922
301773.758818359405 65762.944184570311 275.122436523438
301774.204649658233 65763.739167480468 277.401336669922
301774.204649658233 65763.739167480468 275.122436523438
301774.204649658233 65763.739167480468 277.401336669922
301774.204649658233 65763.739167480468 275.122436523438
301778.905974121124 65761.102509765624 277.401336669922
301778.905974121124 65761.102509765624 275.122436523438
301727.777403564483 65792.066682128905 277.114593505859
301727.777403564483 65792.066682128905 275.122436523438
301728.502653808624 65791.659943847655 277.114593505859
301728.502653808624 65791.659943847655 275.122436523438
301725.148405761749 65793.541108398436 277.114593505859
301725.148405761749 65793.541108398436 271.235900878906
301727.777403564483 65792.066682128905 277.114593505859
301727.777403564483 65792.066682128905 271.235900878906
301726.095396728546 65787.367646484374 275.122436523438
301726.095396728546 65787.367646484374 277.114593505859
301728.502653808624 65791.659943847655 275.122436523438
301728.502653808624 65791.659943847655 277.114593505859
301725.370177001983 65787.774323730468 275.122436523438
301725.370177001983 65787.774323730468 277.114593505859
301726.095396728546 65787.367646484374 275.122436523438
301726.095396728546 65787.367646484374 277.114593505859
301722.741118164093 65789.248749999999 271.235900878906
301722.741118164093 65789.248749999999 277.114593505859
301725.370177001983 65787.774323730468 271.235900878906
301725.370177001983 65787.774323730468 277.114593505859
301777.042479248077 65765.731110839843 242.689270019531
301777.042479248077 65765.731110839843 254.155990600586
301777.042479248077 65765.731110839843 265.622711181641
301778.642424316437 65768.583955078124 242.689270019531
301778.642424316437 65768.583955078124 254.155990600586
301778.642424316437 65768.583955078124 265.622711181641
301780.242399902374 65771.436860351561 242.689270019531
301780.242399902374 65771.436860351561 254.155990600586
301780.242399902374 65771.436860351561 265.622711181641
301769.707915039093 65752.652863769530 242.689270019531
301769.707915039093 65752.652863769530 265.622711181641
301773.246062011749 65758.961701660155 242.689270019531
301773.246062011749 65758.961701660155 265.622711181641
301786.996123046905 65754.439545898436 148.660430908203
301786.996123046905 65754.439545898436 150.114700317383
301788.284575195343 65753.717011718749 148.660430908203
301788.284575195343 65753.717011718749 150.114700317383
301786.996123046905 65754.439545898436 150.114700317383
301786.996123046905 65754.439545898436 148.660430908203
301787.924833984405 65756.095551757811 150.114700317383
301787.924833984405 65756.095551757811 148.660430908203
301787.924833984405 65756.095551757811 150.114700317383
301787.924833984405 65756.095551757811 148.660430908203
301788.569060058624 65755.734284667968 150.114700317383
301788.569060058624 65755.734284667968 148.660430908203
301789.213286132843 65755.372956542968 150.114700317383
301789.213286132843 65755.372956542968 148.660430908203
301786.302122802765 65757.005646972655 208.014480590820
301786.302122802765 65757.005646972655 206.184158325195
301787.529509277374 65756.317231445311 208.014480590820
301787.529509277374 65756.317231445311 206.184158325195
301787.529509277374 65756.317231445311 148.660430908203
301787.529509277374 65756.317231445311 163.041366577148
301787.529509277374 65756.317231445311 177.422302246094
301787.529509277374 65756.317231445311 191.803237915039
301787.529509277374 65756.317231445311 206.184158325195
301789.036558837921 65759.004487304686 148.660430908203
301789.036558837921 65759.004487304686 163.041366577148
301789.036558837921 65759.004487304686 177.422302246094
301789.036558837921 65759.004487304686 191.803237915039
301789.036558837921 65759.004487304686 206.184158325195
301786.601958007843 65754.663300781249 148.660430908203
301786.601958007843 65754.663300781249 158.552780151367
301786.601958007843 65754.663300781249 168.445129394531
301786.601958007843 65754.663300781249 178.337463378906
301786.601958007843 65754.663300781249 188.229797363281
301786.601958007843 65754.663300781249 198.122146606445
301786.601958007843 65754.663300781249 208.014480590820
301787.529509277374 65756.317231445311 148.660430908203
301787.529509277374 65756.317231445311 158.552780151367
301787.529509277374 65756.317231445311 168.445129394531
301787.529509277374 65756.317231445311 178.337463378906
301787.529509277374 65756.317231445311 188.229797363281
301787.529509277374 65756.317231445311 198.122146606445
301787.529509277374 65756.317231445311 208.014480590820
301785.240172119171 65752.235139160155 148.660430908203
301785.240172119171 65752.235139160155 163.041366577148
301785.240172119171 65752.235139160155 177.422302246094
301785.240172119171 65752.235139160155 191.803237915039
301785.240172119171 65752.235139160155 206.184158325195
301786.601958007843 65754.663300781249 148.660430908203
301786.601958007843 65754.663300781249 163.041366577148
301786.601958007843 65754.663300781249 177.422302246094
301786.601958007843 65754.663300781249 191.803237915039
301786.601958007843 65754.663300781249 206.184158325195
301787.430052490265 65759.905427246093 144.701919555664
301787.430052490265 65759.905427246093 171.904098510742
301787.430052490265 65759.905427246093 199.106262207031
301790.629973144562 65765.611176757811 144.701919555664
301790.629973144562 65765.611176757811 171.904098510742
301790.629973144562 65765.611176757811 199.106262207031
301780.095488281280 65746.827241210936 144.701919555664
301780.095488281280 65746.827241210936 171.904098510742
301780.095488281280 65746.827241210936 199.106262207031
301783.633635253937 65753.136140136718 144.701919555664
301783.633635253937 65753.136140136718 171.904098510742
301783.633635253937 65753.136140136718 199.106262207031
301785.374510498077 65755.351655273436 206.184158325195
301785.374510498077 65755.351655273436 208.014480590820
301786.601958007843 65754.663300781249 206.184158325195
301786.601958007843 65754.663300781249 208.014480590820
301785.374510498077 65755.351655273436 208.014480590820
301785.374510498077 65755.351655273436 206.184158325195
301786.302122802765 65757.005646972655 208.014480590820
301786.302122802765 65757.005646972655 206.184158325195
301784.238707275421 65758.115571289061 206.184158325195
301784.238707275421 65758.115571289061 220.846710205078
301784.238707275421 65758.115571289061 235.509262084961
301784.238707275421 65758.115571289061 250.171798706055
301785.765898437530 65760.838715820311 206.184158325195
301785.765898437530 65760.838715820311 220.846710205078
301785.765898437530 65760.838715820311 235.509262084961
301785.765898437530 65760.838715820311 250.171798706055
301783.332121582062 65756.499055175780 206.184158325195
301783.332121582062 65756.499055175780 215.444000244141
301783.332121582062 65756.499055175780 224.703826904297
301783.332121582062 65756.499055175780 233.963668823242
301783.332121582062 65756.499055175780 243.223526000977
301783.332121582062 65756.499055175780 252.483367919922
301784.238707275421 65758.115571289061 206.184158325195
301784.238707275421 65758.115571289061 215.444000244141
301784.238707275421 65758.115571289061 224.703826904297
301784.238707275421 65758.115571289061 233.963668823242
301784.238707275421 65758.115571289061 243.223526000977
301784.238707275421 65758.115571289061 252.483367919922
301781.969511718780 65754.069428710936 206.184158325195
301781.969511718780 65754.069428710936 220.846710205078
301781.969511718780 65754.069428710936 235.509262084961
301781.969511718780 65754.069428710936 250.171798706055
301783.332121582062 65756.499055175780 206.184158325195
301783.332121582062 65756.499055175780 220.846710205078
301783.332121582062 65756.499055175780 235.509262084961
301783.332121582062 65756.499055175780 250.171798706055
301727.777403564483 65792.066682128905 275.122436523438
301727.777403564483 65792.066682128905 271.235900878906
301728.329252929718 65793.050629882811 275.122436523438
301728.329252929718 65793.050629882811 271.235900878906
301724.532835693390 65786.281342773436 275.122436523438
301724.532835693390 65786.281342773436 271.235900878906
301725.370177001983 65787.774323730468 275.122436523438
301725.370177001983 65787.774323730468 271.235900878906
301722.741118164093 65789.248749999999 277.114593505859
301722.741118164093 65789.248749999999 271.235900878906
301725.148405761749 65793.541108398436 277.114593505859
301725.148405761749 65793.541108398436 271.235900878906
301745.849241943390 65760.293000488280 44.206871032715
301745.849241943390 65760.293000488280 65.525794982910
301745.849241943390 65760.293000488280 86.844718933105
301745.849241943390 65760.293000488280 108.163650512695
301745.849241943390 65760.293000488280 129.482574462891
301745.849241943390 65760.293000488280 150.801498413086
301745.849241943390 65760.293000488280 172.120437622070
301745.849241943390 65760.293000488280 193.439361572266
301745.849241943390 65760.293000488280 214.758285522461
301745.849241943390 65760.293000488280 236.077209472656
301749.334593505890 65758.338288574218 44.206871032715
301749.334593505890 65758.338288574218 65.525794982910
301749.334593505890 65758.338288574218 86.844718933105
301749.334593505890 65758.338288574218 108.163650512695
301749.334593505890 65758.338288574218 129.482574462891
301749.334593505890 65758.338288574218 150.801498413086
301749.334593505890 65758.338288574218 172.120437622070
301749.334593505890 65758.338288574218 193.439361572266
301749.334593505890 65758.338288574218 214.758285522461
301749.334593505890 65758.338288574218 236.077209472656
301752.819975585968 65756.383576660155 44.206871032715
301752.819975585968 65756.383576660155 65.525794982910
301752.819975585968 65756.383576660155 86.844718933105
301752.819975585968 65756.383576660155 108.163650512695
301752.819975585968 65756.383576660155 129.482574462891
301752.819975585968 65756.383576660155 150.801498413086
301752.819975585968 65756.383576660155 172.120437622070
301752.819975585968 65756.383576660155 193.439361572266
301752.819975585968 65756.383576660155 214.758285522461
301752.819975585968 65756.383576660155 236.077209472656
301752.819975585968 65756.383576660155 44.206871032715
301752.819975585968 65756.383576660155 92.342277526855
301752.819975585968 65756.383576660155 140.477691650391
301752.819975585968 65756.383576660155 188.613098144531
301760.099058837921 65752.301301269530 44.206871032715
301760.099058837921 65752.301301269530 92.342277526855
301760.099058837921 65752.301301269530 140.477691650391
301760.099058837921 65752.301301269530 188.613098144531
301760.099058837921 65752.301301269530 44.206871032715
301760.099058837921 65752.301301269530 92.366592407227
301760.099058837921 65752.301301269530 140.526321411133
301767.258757324249 65748.285920410155 44.206871032715
301767.258757324249 65748.285920410155 92.366592407227
301767.258757324249 65748.285920410155 140.526321411133
301761.355437011749 65787.941682128905 44.206871032715
301761.355437011749 65787.941682128905 57.714153289795
301766.201719970733 65796.582917480468 44.206871032715
301766.201719970733 65796.582917480468 57.714153289795
301707.369780273468 65781.873322753905 257.786132812500
301707.369780273468 65781.873322753905 230.001174926758
301707.369780273468 65781.873322753905 202.216217041016
301707.369780273468 65781.873322753905 174.431259155273
301707.369780273468 65781.873322753905 146.646286010742
301707.369780273468 65781.873322753905 118.861335754395
301707.369780273468 65781.873322753905 91.076370239258
301707.369780273468 65781.873322753905 63.291408538818
301709.789976806671 65786.188752441405 257.786132812500
301709.789976806671 65786.188752441405 230.001174926758
301709.789976806671 65786.188752441405 202.216217041016
301709.789976806671 65786.188752441405 174.431259155273
301709.789976806671 65786.188752441405 146.646286010742
301709.789976806671 65786.188752441405 118.861335754395
301709.789976806671 65786.188752441405 91.076370239258
301709.789976806671 65786.188752441405 63.291408538818
301720.170469970733 65804.697907714843 257.786132812500
301720.170469970733 65804.697907714843 225.370361328125
301720.170469970733 65804.697907714843 192.954574584961
301720.170469970733 65804.697907714843 160.538772583008
301720.170469970733 65804.697907714843 128.122985839844
301720.170469970733 65804.697907714843 95.707191467285
301720.170469970733 65804.697907714843 63.291408538818
301722.875975341827 65809.522126464843 257.786132812500
301722.875975341827 65809.522126464843 225.370361328125
301722.875975341827 65809.522126464843 192.954574584961
301722.875975341827 65809.522126464843 160.538772583008
301722.875975341827 65809.522126464843 128.122985839844
301722.875975341827 65809.522126464843 95.707191467285
301722.875975341827 65809.522126464843 63.291408538818
301695.378477783233 65794.271210937499 63.291408538818
301695.378477783233 65794.271210937499 160.538772583008
301695.378477783233 65794.271210937499 257.786132812500
301709.789976806671 65786.188752441405 63.291408538818
301709.789976806671 65786.188752441405 160.538772583008
301709.789976806671 65786.188752441405 257.786132812500
301695.378477783233 65794.271210937499 257.786132812500
301695.378477783233 65794.271210937499 209.162460327148
301695.378477783233 65794.271210937499 160.538772583008
301695.378477783233 65794.271210937499 111.915084838867
301695.378477783233 65794.271210937499 63.291408538818
301699.853972167999 65802.251252441405 257.786132812500
301699.853972167999 65802.251252441405 209.162460327148
301699.853972167999 65802.251252441405 160.538772583008
301699.853972167999 65802.251252441405 111.915084838867
301699.853972167999 65802.251252441405 63.291408538818
301704.329436035187 65810.231416015624 257.786132812500
301704.329436035187 65810.231416015624 209.162460327148
301704.329436035187 65810.231416015624 160.538772583008
301704.329436035187 65810.231416015624 111.915084838867
301704.329436035187 65810.231416015624 63.291408538818
301704.329436035187 65810.231416015624 257.786132812500
301704.329436035187 65810.231416015624 240.511199951172
301704.329436035187 65810.231416015624 223.236267089844
301704.329436035187 65810.231416015624 205.961349487305
301704.329436035187 65810.231416015624 188.686416625977
301704.329436035187 65810.231416015624 171.411499023438
301704.329436035187 65810.231416015624 154.136566162109
301704.329436035187 65810.231416015624 136.861633300781
301704.329436035187 65810.231416015624 119.586700439453
301704.329436035187 65810.231416015624 102.311775207520
301704.329436035187 65810.231416015624 85.036849975586
301704.329436035187 65810.231416015624 67.761917114258
301705.758970947296 65812.780366210936 257.786132812500
301705.758970947296 65812.780366210936 240.511199951172
301705.758970947296 65812.780366210936 223.236267089844
301705.758970947296 65812.780366210936 205.961349487305
301705.758970947296 65812.780366210936 188.686416625977
301705.758970947296 65812.780366210936 171.411499023438
301705.758970947296 65812.780366210936 154.136566162109
301705.758970947296 65812.780366210936 136.861633300781
301705.758970947296 65812.780366210936 119.586700439453
301705.758970947296 65812.780366210936 102.311775207520
301705.758970947296 65812.780366210936 85.036849975586
301705.758970947296 65812.780366210936 67.761917114258
301699.279631347687 65813.063508300780 63.291408538818
301699.279631347687 65813.063508300780 67.761917114258
301701.804533691437 65811.647431640624 63.291408538818
301701.804533691437 65811.647431640624 67.761917114258
301704.329436035187 65810.231416015624 63.291408538818
301704.329436035187 65810.231416015624 67.761917114258
301691.841917724640 65799.801484374999 63.291408538818
301691.841917724640 65799.801484374999 67.761917114258
301699.279631347687 65813.063508300780 63.291408538818
301699.279631347687 65813.063508300780 67.761917114258
301679.629179687530 65791.513642578124 63.291408538818
301679.629179687530 65791.513642578124 65.142204284668
301682.858214111358 65797.271271972655 63.291408538818
301682.858214111358 65797.271271972655 65.142204284668
301686.087248535187 65803.028901367186 63.291408538818
301686.087248535187 65803.028901367186 65.142204284668
301674.190916748077 65794.563569335936 63.291408538818
301674.190916748077 65794.563569335936 65.142204284668
301679.629179687530 65791.513642578124 63.291408538818
301679.629179687530 65791.513642578124 65.142204284668
301658.397322387726 65803.421052246093 63.291408538818
301658.397322387726 65803.421052246093 65.142204284668
301665.194472045929 65799.609040527343 63.291408538818
301665.194472045929 65799.609040527343 65.142204284668
301673.296049804718 65792.967866210936 63.291408538818
301673.296049804718 65792.967866210936 65.142204284668
301674.190916748077 65794.563569335936 63.291408538818
301674.190916748077 65794.563569335936 65.142204284668
301664.299589843780 65798.013398437499 63.291408538818
301664.299589843780 65798.013398437499 65.142204284668
301673.296049804718 65792.967866210936 63.291408538818
301673.296049804718 65792.967866210936 65.142204284668
301664.299589843780 65798.013398437499 65.142204284668
301664.299589843780 65798.013398437499 63.291408538818
301665.194472045929 65799.609040527343 65.142204284668
301665.194472045929 65799.609040527343 63.291408538818
301652.031203002960 65802.655488281249 63.291408538818
301652.031203002960 65802.655488281249 81.510604858398
301656.547484130890 65800.122651367186 63.291408538818
301656.547484130890 65800.122651367186 81.510604858398
301634.575468750030 65812.445283203124 32.323802947998
301634.575468750030 65812.445283203124 81.510604858398
301643.303343505890 65807.550385742186 32.323802947998
301643.303343505890 65807.550385742186 81.510604858398
301652.031203002960 65802.655488281249 32.323802947998
301652.031203002960 65802.655488281249 81.510604858398
301715.957091064483 65771.880280761718 63.291408538818
301715.957091064483 65771.880280761718 70.298347473145
301718.165831298858 65775.818635253905 63.291408538818
301718.165831298858 65775.818635253905 70.298347473145
301733.672056884796 65803.467316894530 63.291408538818
301733.672056884796 65803.467316894530 70.298347473145
301735.880797119171 65807.405732421874 63.291408538818
301735.880797119171 65807.405732421874 70.298347473145
301713.730040283233 65773.129243164061 63.291408538818
301713.730040283233 65773.129243164061 70.298347473145
301715.957091064483 65771.880280761718 63.291408538818
301715.957091064483 65771.880280761718 70.298347473145
301713.730040283233 65773.129243164061 70.298347473145
301713.730040283233 65773.129243164061 63.291408538818
301715.938780517608 65777.067597656249 70.298347473145
301715.938780517608 65777.067597656249 63.291408538818
301731.445006103546 65804.716340332030 70.298347473145
301731.445006103546 65804.716340332030 63.291408538818
301733.653746337921 65808.654694824218 70.298347473145
301733.653746337921 65808.654694824218 63.291408538818
301705.758970947296 65812.780366210936 257.786132812500
301705.758970947296 65812.780366210936 236.672332763672
301705.758970947296 65812.780366210936 215.558532714844
301705.758970947296 65812.780366210936 194.444732666016
301705.758970947296 65812.780366210936 173.330932617188
301705.758970947296 65812.780366210936 152.217132568359
301705.758970947296 65812.780366210936 131.103317260742
301705.758970947296 65812.780366210936 109.989517211914
301705.758970947296 65812.780366210936 88.875717163086
301705.758970947296 65812.780366210936 67.761917114258
301708.860594482452 65811.040864257811 257.786132812500
301708.860594482452 65811.040864257811 236.672332763672
301708.860594482452 65811.040864257811 215.558532714844
301708.860594482452 65811.040864257811 194.444732666016
301708.860594482452 65811.040864257811 173.330932617188
301708.860594482452 65811.040864257811 152.217132568359
301708.860594482452 65811.040864257811 131.103317260742
301708.860594482452 65811.040864257811 109.989517211914
301708.860594482452 65811.040864257811 88.875717163086
301708.860594482452 65811.040864257811 67.761917114258
301708.860594482452 65811.040864257811 257.786132812500
301708.860594482452 65811.040864257811 192.954574584961
301708.860594482452 65811.040864257811 128.122985839844
301708.860594482452 65811.040864257811 63.291408538818
301720.170469970733 65804.697907714843 257.786132812500
301720.170469970733 65804.697907714843 192.954574584961
301720.170469970733 65804.697907714843 128.122985839844
301720.170469970733 65804.697907714843 63.291408538818
301678.590361328155 65839.426606445311 65.142204284668
301678.590361328155 65839.426606445311 63.291408538818
301684.760771484405 65835.966096191405 65.142204284668
301684.760771484405 65835.966096191405 63.291408538818
301684.760771484405 65835.966096191405 65.142204284668
301684.760771484405 65835.966096191405 63.291408538818
301685.163511962921 65836.684235839843 65.142204284668
301685.163511962921 65836.684235839843 63.291408538818
301685.566282959015 65837.402375488280 65.142204284668
301685.566282959015 65837.402375488280 63.291408538818
301685.566282959015 65837.402375488280 65.142204284668
301685.566282959015 65837.402375488280 63.291408538818
301690.911497802765 65834.404633789061 65.142204284668
301690.911497802765 65834.404633789061 63.291408538818
301696.256743164093 65831.406953124999 65.142204284668
301696.256743164093 65831.406953124999 63.291408538818
301695.449156494171 65829.966889648436 63.291408538818
301695.449156494171 65829.966889648436 65.142204284668
301696.256743164093 65831.406953124999 63.291408538818
301696.256743164093 65831.406953124999 65.142204284668
301695.449156494171 65829.966889648436 65.142204284668
301695.449156494171 65829.966889648436 63.291408538818
301699.540434570343 65827.672395019530 65.142204284668
301699.540434570343 65827.672395019530 63.291408538818
301699.540434570343 65827.672395019530 67.761917114258
301699.540434570343 65827.672395019530 63.291408538818
301713.726195068390 65819.716523437499 67.761917114258
301713.726195068390 65819.716523437499 63.291408538818
301708.860594482452 65811.040864257811 63.291408538818
301708.860594482452 65811.040864257811 67.761917114258
301713.726195068390 65819.716523437499 63.291408538818
301713.726195068390 65819.716523437499 67.761917114258
301733.653746337921 65808.654694824218 70.298347473145
301733.653746337921 65808.654694824218 63.291408538818
301735.880797119171 65807.405732421874 70.298347473145
301735.880797119171 65807.405732421874 63.291408538818
301745.328551025421 65761.523347167968 257.786132812500
301745.328551025421 65761.523347167968 260.891174316406
301747.377287597687 65765.176484374999 257.786132812500
301747.377287597687 65765.176484374999 260.891174316406
301757.911864013702 65783.960419921874 257.786132812500
301757.911864013702 65783.960419921874 260.891174316406
301759.942076416046 65787.580415039061 257.786132812500
301759.942076416046 65787.580415039061 260.891174316406
301708.670805664093 65782.082062988280 257.786132812500
301708.670805664093 65782.082062988280 260.891174316406
301720.890043945343 65775.229157714843 257.786132812500
301720.890043945343 65775.229157714843 260.891174316406
301733.109282226593 65768.376252441405 257.786132812500
301733.109282226593 65768.376252441405 260.891174316406
301745.328551025421 65761.523347167968 257.786132812500
301745.328551025421 65761.523347167968 260.891174316406
301708.670805664093 65782.082062988280 260.891174316406
301708.670805664093 65782.082062988280 257.786132812500
301711.740446777374 65787.555451660155 260.891174316406
301711.740446777374 65787.555451660155 257.786132812500
301720.178068847687 65802.600373535155 260.891174316406
301720.178068847687 65802.600373535155 257.786132812500
301721.731199951202 65805.369721679686 260.891174316406
301721.731199951202 65805.369721679686 257.786132812500
301723.284300537140 65808.139069824218 260.891174316406
301723.284300537140 65808.139069824218 257.786132812500
301700.510161132843 65793.853791503905 262.993927001953
301700.510161132843 65793.853791503905 257.786132812500
301704.728941650421 65801.376252441405 262.993927001953
301704.728941650421 65801.376252441405 257.786132812500
301708.947752685577 65808.898652343749 262.993927001953
301708.947752685577 65808.898652343749 257.786132812500
301723.284300537140 65808.139069824218 260.891174316406
301723.284300537140 65808.139069824218 257.786132812500
301735.503569335968 65801.286164550780 260.891174316406
301735.503569335968 65801.286164550780 257.786132812500
301747.722807617218 65794.433259277343 260.891174316406
301747.722807617218 65794.433259277343 257.786132812500
301759.942076416046 65787.580415039061 260.891174316406
301759.942076416046 65787.580415039061 257.786132812500
301782.016813964874 65757.236726074218 250.171798706055
301782.016813964874 65757.236726074218 252.483367919922
301783.332121582062 65756.499055175780 250.171798706055
301783.332121582062 65756.499055175780 252.483367919922
301782.016813964874 65757.236726074218 252.483367919922
301782.016813964874 65757.236726074218 250.171798706055
301782.923399658233 65758.853242187499 252.483367919922
301782.923399658233 65758.853242187499 250.171798706055
301782.923399658233 65758.853242187499 252.483367919922
301782.923399658233 65758.853242187499 250.171798706055
301784.238707275421 65758.115571289061 252.483367919922
301784.238707275421 65758.115571289061 250.171798706055
301778.905974121124 65761.102509765624 250.171798706055
301778.905974121124 65761.102509765624 258.488677978516
301778.905974121124 65761.102509765624 266.805572509766
301778.905974121124 65761.102509765624 275.122436523438
301779.670378417999 65762.465546874999 250.171798706055
301779.670378417999 65762.465546874999 258.488677978516
301779.670378417999 65762.465546874999 266.805572509766
301779.670378417999 65762.465546874999 275.122436523438
301780.434813232452 65763.828522949218 250.171798706055
301780.434813232452 65763.828522949218 258.488677978516
301780.434813232452 65763.828522949218 266.805572509766
301780.434813232452 65763.828522949218 275.122436523438
301778.014311523468 65759.512604980468 250.171798706055
301778.014311523468 65759.512604980468 259.248321533203
301778.014311523468 65759.512604980468 268.324829101563
301778.014311523468 65759.512604980468 277.401336669922
301778.905974121124 65761.102509765624 250.171798706055
301778.905974121124 65761.102509765624 259.248321533203
301778.905974121124 65761.102509765624 268.324829101563
301778.905974121124 65761.102509765624 277.401336669922
301776.638395996124 65757.059235839843 250.171798706055
301776.638395996124 65757.059235839843 262.647125244141
301776.638395996124 65757.059235839843 275.122436523438
301778.014311523468 65759.512604980468 250.171798706055
301778.014311523468 65759.512604980468 262.647125244141
301778.014311523468 65759.512604980468 275.122436523438
301787.828917236358 65767.182099609374 29.705226898193
301787.828917236358 65767.182099609374 46.500022888184
301787.828917236358 65767.182099609374 63.294822692871
301790.351530761749 65771.679841308593 29.705226898193
301790.351530761749 65771.679841308593 46.500022888184
301790.351530761749 65771.679841308593 63.294822692871
301782.764982910187 65775.934602050780 63.294822692871
301782.764982910187 65775.934602050780 29.705226898193
301790.351530761749 65771.679841308593 63.294822692871
301790.351530761749 65771.679841308593 29.705226898193
301782.764982910187 65775.934602050780 29.705226898193
301782.764982910187 65775.934602050780 44.206871032715
301787.611235351593 65784.575837402343 29.705226898193
301787.611235351593 65784.575837402343 44.206871032715
301766.201719970733 65796.582917480468 44.206871032715
301766.201719970733 65796.582917480468 29.705226898193
301787.611235351593 65784.575837402343 44.206871032715
301787.611235351593 65784.575837402343 29.705226898193
301744.280638427765 65808.876862792968 57.714153289795
301744.280638427765 65808.876862792968 29.705226898193
301766.201719970733 65796.582917480468 57.714153289795
301766.201719970733 65796.582917480468 29.705226898193
301680.223295898468 65844.802155761718 63.291408538818
301680.223295898468 65844.802155761718 29.705226898193
301744.280638427765 65808.876862792968 63.291408538818
301744.280638427765 65808.876862792968 29.705226898193
301679.871184082062 65844.174226074218 63.291408538818
301679.871184082062 65844.174226074218 59.093132019043
301679.871184082062 65844.174226074218 54.894859313965
301679.871184082062 65844.174226074218 50.696590423584
301679.871184082062 65844.174226074218 46.498317718506
301679.871184082062 65844.174226074218 42.300041198730
301679.871184082062 65844.174226074218 38.101772308350
301679.871184082062 65844.174226074218 33.903499603271
301679.871184082062 65844.174226074218 29.705226898193
301680.223295898468 65844.802155761718 63.291408538818
301680.223295898468 65844.802155761718 59.093132019043
301680.223295898468 65844.802155761718 54.894859313965
301680.223295898468 65844.802155761718 50.696590423584
301680.223295898468 65844.802155761718 46.498317718506
301680.223295898468 65844.802155761718 42.300041198730
301680.223295898468 65844.802155761718 38.101772308350
301680.223295898468 65844.802155761718 33.903499603271
301680.223295898468 65844.802155761718 29.705226898193
301677.221342773468 65845.660371093749 63.291408538818
301677.221342773468 65845.660371093749 46.498317718506
301677.221342773468 65845.660371093749 29.705226898193
301679.871184082062 65844.174226074218 63.291408538818
301679.871184082062 65844.174226074218 46.498317718506
301679.871184082062 65844.174226074218 29.705226898193
301741.016386718780 65751.675690917968 29.705226898193
301741.016386718780 65751.675690917968 44.206871032715
301762.425932617218 65739.668610839843 29.705226898193
301762.425932617218 65739.668610839843 44.206871032715
301767.258757324249 65748.285920410155 29.705226898193
301767.258757324249 65748.285920410155 63.294822692871
301774.845274658233 65744.031098632811 29.705226898193
301774.845274658233 65744.031098632811 63.294822692871
301774.845274658233 65744.031098632811 29.705226898193
301774.845274658233 65744.031098632811 40.901760101318
301774.845274658233 65744.031098632811 52.098289489746
301774.845274658233 65744.031098632811 63.294822692871
301776.069853515655 65746.214631347655 29.705226898193
301776.069853515655 65746.214631347655 40.901760101318
301776.069853515655 65746.214631347655 52.098289489746
301776.069853515655 65746.214631347655 63.294822692871
301777.294432373077 65748.398164062499 29.705226898193
301777.294432373077 65748.398164062499 40.901760101318
301777.294432373077 65748.398164062499 52.098289489746
301777.294432373077 65748.398164062499 63.294822692871
301710.300261230499 65765.798127441405 29.705226898193
301710.300261230499 65765.798127441405 33.732933044434
301711.624571533233 65768.159455566405 29.705226898193
301711.624571533233 65768.159455566405 33.732933044434
3 11 13 12
3 11 12 10
3 8 10 9
3 8 9 7
3 12 1 9
3 2 9 1
3 10 12 9
3 0 1 12
3 13 6 0
3 11 6 13
3 12 13 0
3 7 2 3
3 4 7 3
3 5 11 8
3 8 11 10
3 8 4 5
3 4 8 7
3 6 11 5
3 2 7 9
3 17 15 14
3 17 14 16
3 21 19 18
3 21 18 20
3 26 23 22
3 26 22 25
3 27 24 23
3 27 23 26
3 33 35 36
3 32 36 37
3 34 35 33
3 32 33 36
3 32 37 31
3 39 29 31
3 37 38 31
3 38 39 31
3 30 31 29
3 39 28 29
3 53 55 54
3 53 54 50
3 54 40 41
3 48 50 54
3 48 54 41
3 55 40 54
3 40 55 52
3 53 52 55
3 53 51 52
3 49 51 53
3 49 53 50
3 43 47 42
3 46 43 44
3 44 45 46
3 50 48 49
3 43 46 47
3 47 48 42
3 41 42 48
3 59 57 56
3 59 56 58
3 61 59 58
3 61 58 60
3 65 63 62
3 65 62 64
3 69 70 71
3 68 69 71
3 71 66 68
3 66 67 68
3 72 66 71
3 78 79 77
3 73 74 79
3 79 75 76
3 76 77 79
3 75 79 74
3 84 81 80
3 84 80 83
3 85 82 81
3 85 81 84
3 90 89 86
3 88 90 87
3 86 87 90
3 100 91 92
3 98 99 100
3 92 98 100
3 98 92 97
3 95 93 94
3 96 97 95
3 93 95 97
3 92 93 97
3 102 105 106
3 101 102 106
3 105 103 104
3 102 103 105
3 110 107 111
3 109 110 108
3 111 108 110
3 117 112 113
3 114 117 113
3 116 114 115
3 117 114 116
3 119 120 121
3 122 119 121
3 118 122 123
3 119 122 118
3 126 129 124
3 125 126 124
3 129 127 128
3 126 127 129
3 131 132 133
3 139 130 131
3 133 139 131
3 139 133 138
3 136 134 135
3 137 138 136
3 134 136 138
3 133 134 138
3 143 141 140
3 143 140 142
3 145 143 142
3 146 143 145
3 144 145 142
3 151 152 147
3 151 148 150
3 148 151 147
3 147 153 148
3 153 154 148
3 149 153 147
3 158 156 155
3 158 155 157
3 160 225 227
3 160 227 224
3 224 227 226
3 224 226 159
3 201 220 219
3 201 219 161
3 224 159 162
3 163 160 224
3 162 163 224
3 202 161 160
3 163 164 202
3 160 163 202
3 203 201 161
3 203 161 202
3 186 203 202
3 186 202 164
3 172 166 163
3 162 165 172
3 163 162 172
3 179 167 187
3 187 164 163
3 163 166 179
3 179 187 163
3 209 194 192
3 209 192 208
3 207 209 208
3 207 208 189
3 204 206 205
3 204 205 194
3 197 195 190
3 197 190 196
3 205 197 196
3 192 194 205
3 196 192 205
3 196 190 188
3 191 192 196
3 188 191 196
3 208 192 191
3 185 189 208
3 191 185 208
3 200 198 186
3 200 186 199
3 190 200 199
3 190 199 188
3 199 186 164
3 187 188 199
3 164 187 199
3 191 188 187
3 167 185 191
3 187 167 191
3 171 166 172
3 171 172 174
3 174 172 165
3 174 165 173
3 178 167 179
3 178 179 180
3 180 179 166
3 180 166 171
3 212 189 185
3 212 185 211
3 210 212 211
3 210 211 193
3 211 185 167
3 178 193 211
3 167 178 211
3 223 228 226
3 229 226 228
3 221 222 227
3 223 227 222
3 221 227 225
3 227 223 226
3 219 221 225
3 162 230 231
3 159 229 230
3 219 225 160
3 219 160 161
3 162 159 230
3 229 159 226
3 217 221 219
3 218 221 217
3 217 219 220
3 215 216 220
3 217 220 216
3 214 215 201
3 220 201 215
3 198 203 186
3 214 203 198
3 213 214 198
3 195 213 200
3 213 198 200
3 190 195 200
3 201 203 214
3 165 162 231
3 173 165 232
3 168 173 232
3 175 171 174
3 177 178 180
3 180 171 175
3 174 173 169
3 173 168 169
3 175 174 169
3 175 169 170
3 193 178 177
3 180 176 177
3 175 176 180
3 193 177 181
3 184 195 197
3 184 197 205
3 206 183 184
3 205 206 184
3 204 183 206
3 195 184 213
3 194 209 204
3 212 207 189
3 210 182 212
3 182 204 207
3 209 207 204
3 212 182 207
3 182 210 181
3 183 204 182
3 181 210 193
3 232 165 231
3 234 238 240
3 240 238 239
3 234 240 233
3 237 234 235
3 235 236 237
3 238 234 237
3 245 242 241
3 244 245 243
3 241 243 245
3 247 312 319
3 247 319 318
3 248 306 313
3 248 313 311
3 311 313 312
3 311 312 247
3 305 307 306
3 305 306 248
3 318 246 325
3 325 250 251
3 251 247 318
3 318 325 251
3 311 247 251
3 252 248 311
3 251 252 311
3 299 249 305
3 305 248 252
3 252 253 299
3 299 305 252
3 257 251 250
3 257 250 256
3 258 252 251
3 258 251 257
3 294 253 252
3 258 259 294
3 252 258 294
3 261 255 254
3 261 254 260
3 262 256 255
3 262 255 261
3 263 257 256
3 263 256 262
3 264 258 257
3 264 257 263
3 266 263 262
3 266 262 265
3 267 264 263
3 267 263 266
3 270 268 267
3 270 267 269
3 320 321 319
3 322 319 321
3 318 319 322
3 316 313 315
3 312 317 320
3 319 312 320
3 316 317 312
3 316 312 313
3 323 246 322
3 255 271 272
3 272 273 274
3 250 326 271
3 322 246 318
3 324 326 325
3 250 325 326
3 246 324 325
3 324 246 323
3 306 310 314
3 314 313 306
3 313 314 315
3 309 310 306
3 307 308 309
3 303 304 305
3 304 307 305
3 308 307 304
3 307 309 306
3 302 303 249
3 305 249 303
3 301 302 249
3 299 301 249
3 253 298 299
3 300 301 299
3 300 299 298
3 298 253 297
3 253 296 297
3 294 296 253
3 256 250 271
3 272 254 255
3 275 254 274
3 277 260 254
3 254 275 277
3 255 256 271
3 278 261 260
3 279 262 261
3 277 275 276
3 278 279 261
3 262 279 280
3 265 262 280
3 281 266 265
3 267 266 282
3 266 281 282
3 281 265 280
3 283 269 282
3 277 278 260
3 291 258 264
3 267 290 264
3 264 290 291
3 293 295 294
3 292 259 291
3 258 291 259
3 293 259 292
3 293 294 259
3 296 294 295
3 290 268 289
3 284 270 269
3 283 284 269
3 269 267 282
3 285 270 284
3 288 289 268
3 286 287 270
3 287 288 268
3 285 286 270
3 287 268 270
3 267 268 290
3 272 274 254
3 335 327 334
3 328 334 327
3 333 334 331
3 334 329 331
3 331 332 333
3 329 330 331
3 329 334 328
3 340 341 342
3 338 339 340
3 340 342 337
3 337 343 344
3 337 338 340
3 344 336 337
3 343 337 342
3 375 345 347
3 348 346 375
3 347 348 375
3 360 351 348
3 347 350 360
3 348 347 360
3 352 349 348
3 352 348 351
3 345 374 353
3 375 373 374
3 347 345 354
3 347 354 355
3 353 354 345
3 374 345 375
3 346 373 375
3 369 371 372
3 371 369 370
3 369 372 368
3 349 368 372
3 349 367 368
3 348 349 346
3 346 349 372
3 372 373 346
3 350 347 355
3 350 355 356
3 358 360 350
3 350 356 357
3 357 358 350
3 359 351 358
3 358 351 360
3 351 359 361
3 365 349 352
3 349 365 366
3 365 352 364
3 367 349 366
3 363 361 362
3 363 364 352
3 361 363 352
3 352 351 361
3 379 377 376
3 379 376 378
3 381 386 389
3 387 388 386
3 389 386 388
3 381 389 380
3 383 381 382
3 383 384 386
3 384 385 386
3 383 386 381
3 397 393 395
3 395 393 394
3 397 395 396
3 391 397 390
3 391 392 393
3 397 391 393
3 404 399 398
3 404 398 403
3 399 404 405
3 405 406 400
3 408 402 401
3 408 401 407
3 410 404 403
3 410 403 409
3 411 405 404
3 411 404 410
3 412 406 405
3 412 405 411
3 413 407 406
3 413 406 412
3 414 408 407
3 414 407 413
3 416 410 409
3 416 409 415
3 418 416 415
3 418 415 417
3 424 418 417
3 424 417 423
3 425 419 418
3 425 418 424
3 426 420 419
3 426 419 425
3 427 421 420
3 427 420 426
3 428 422 421
3 428 421 427
3 457 430 424
3 423 429 457
3 424 423 457
3 431 425 424
3 431 424 430
3 432 426 425
3 432 425 431
3 472 433 427
3 426 432 472
3 427 426 472
3 466 434 428
3 427 433 466
3 428 427 466
3 453 429 454
3 453 454 455
3 456 430 457
3 456 457 458
3 461 458 457
3 429 453 461
3 457 429 461
3 460 458 461
3 460 461 462
3 467 433 472
3 467 472 474
3 474 472 432
3 474 432 473
3 465 434 466
3 465 466 468
3 469 468 466
3 433 467 469
3 466 433 469
3 471 469 467
3 471 467 470
3 477 476 434
3 477 434 465
3 398 440 441
3 403 398 442
3 403 442 443
3 441 442 398
3 439 440 398
3 439 398 399
3 400 437 438
3 399 438 439
3 438 399 405
3 405 400 438
3 443 444 409
3 443 409 403
3 445 409 444
3 415 409 445
3 415 445 446
3 417 415 446
3 417 446 447
3 416 493 410
3 492 416 491
3 416 418 491
3 493 416 492
3 493 411 410
3 491 419 420
3 401 436 437
3 401 400 406
3 401 406 407
3 437 400 401
3 402 436 401
3 487 435 402
3 436 402 435
3 486 487 402
3 486 402 408
3 485 486 408
3 411 493 412
3 488 413 412
3 482 414 422
3 488 412 493
3 485 408 484
3 408 414 484
3 483 484 414
3 483 414 482
3 489 414 488
3 414 489 422
3 414 413 488
3 422 489 490
3 423 417 447
3 423 447 448
3 454 423 449
3 448 449 423
3 450 454 449
3 429 423 454
3 490 491 420
3 420 421 490
3 456 431 430
3 418 419 491
3 451 455 450
3 459 453 455
3 451 452 455
3 452 459 455
3 460 456 458
3 453 462 461
3 462 459 460
3 462 453 459
3 473 456 460
3 473 460 470
3 450 455 454
3 473 431 456
3 482 422 481
3 431 473 432
3 480 422 428
3 480 428 479
3 422 480 481
3 478 476 477
3 479 476 478
3 428 476 479
3 434 476 428
3 422 490 421
3 470 467 474
3 460 463 470
3 468 469 471
3 470 474 473
3 463 465 468
3 475 477 465
3 465 464 475
3 463 471 470
3 463 464 465
3 463 468 471
3 478 477 475
3 459 463 460
3 497 498 499
3 496 497 499
3 495 496 499
3 495 499 494
3 503 505 507
3 507 505 506
3 501 507 500
3 503 501 502
3 503 504 505
3 501 503 507
3 510 514 515
3 516 510 515
3 513 514 510
3 510 512 513
3 510 511 512
3 509 517 518
3 510 517 509
3 519 508 509
3 518 519 509
3 517 510 516
3 525 526 520
3 521 525 520
3 521 523 525
3 523 524 525
3 522 523 521
3 529 533 527
3 528 529 527
3 531 529 530
3 531 532 533
3 529 531 533
3 541 539 540
3 536 539 541
3 537 538 536
3 539 536 538
3 535 536 541
3 544 542 543
3 535 542 544
3 545 534 535
3 544 545 535
3 542 535 541
3 575 571 546
3 572 573 575
3 546 572 575
3 571 575 577
3 571 577 574
3 575 573 576
3 575 576 577
3 615 613 611
3 615 611 614
3 612 615 614
3 612 614 610
3 547 610 614
3 614 611 547
3 548 579 580
3 548 580 578
3 579 546 571
3 579 571 580
3 617 610 547
3 549 616 617
3 595 557 596
3 595 596 597
3 597 596 583
3 597 583 589
3 596 557 550
3 582 583 596
3 550 582 596
3 592 589 593
3 592 593 594
3 593 589 583
3 590 591 593
3 583 590 593
3 600 599 601
3 624 554 599
3 598 551 624
3 599 598 624
3 573 564 576
3 565 576 564
3 577 576 565
3 566 577 565
3 572 563 573
3 564 573 563
3 546 562 572
3 563 572 562
3 574 577 566
3 580 571 574
3 567 578 580
3 574 567 580
3 568 578 567
3 567 574 566
3 562 546 561
3 579 561 546
3 548 578 582
3 548 582 550
3 560 561 579
3 548 560 579
3 560 548 559
3 609 618 611
3 619 611 618
3 611 619 547
3 620 547 619
3 608 609 613
3 611 613 609
3 607 608 615
3 613 615 608
3 615 612 607
3 617 547 620
3 549 620 621
3 621 622 549
3 549 622 616
3 549 617 620
3 606 612 617
3 610 617 612
3 605 606 616
3 617 616 606
3 616 598 605
3 607 612 606
3 578 568 582
3 590 582 569
3 583 582 590
3 590 570 591
3 570 590 569
3 558 559 550
3 550 559 548
3 558 550 557
3 557 595 558
3 569 582 568
3 594 593 581
3 581 593 591
3 581 584 594
3 585 594 584
3 581 591 570
3 592 597 589
3 595 597 585
3 592 585 597
3 586 595 585
3 592 594 585
3 555 558 595
3 553 554 623
3 553 623 552
3 622 623 624
3 622 624 551
3 622 551 598
3 600 604 598
3 623 554 624
3 598 604 605
3 622 598 616
3 599 554 601
3 554 553 587
3 554 587 601
3 595 586 555
3 586 587 553
3 555 586 553
3 604 600 603
3 602 603 600
3 588 602 587
3 601 602 600
3 602 601 587
3 598 599 600
3 555 556 558
3 631 632 633
3 629 630 631
3 633 629 631
3 629 633 634
3 626 634 625
3 627 628 626
3 634 626 628
3 629 634 628
3 636 637 638
3 644 635 636
3 638 644 636
3 644 638 643
3 641 639 640
3 642 643 641
3 639 641 643
3 638 639 643
3 652 653 654
3 650 651 652
3 654 650 652
3 650 654 649
3 646 655 645
3 648 655 646
3 655 648 649
3 646 647 648
3 654 655 649
3 659 660 661
3 658 659 661
3 657 658 656
3 661 656 658
3 673 675 676
3 673 676 674
3 676 678 679
3 676 679 677
3 679 681 682
3 679 682 680
3 682 671 672
3 672 680 682
3 671 682 681
3 677 680 683
3 670 671 681
3 670 681 678
3 679 678 681
3 675 670 678
3 674 676 677
3 678 676 675
3 677 679 680
3 673 670 675
3 683 680 672
3 669 673 674
3 677 683 674
3 674 683 669
3 684 666 668
3 683 684 668
3 662 663 684
3 668 669 683
3 667 668 666
3 665 666 664
3 663 664 666
3 666 684 663
3 673 669 670
3 691 689 685
3 691 685 690
3 707 708 706
3 709 706 708
3 703 704 705
3 703 705 706
3 702 709 710
3 709 702 703
3 702 710 700
3 706 709 703
3 702 700 701
3 699 700 689
3 699 689 698
3 698 719 697
3 695 696 697
3 685 689 700
3 711 685 700
3 711 700 710
3 690 711 712
3 691 690 687
3 690 718 687
3 718 690 712
3 717 713 714
3 687 718 686
3 713 717 718
3 715 717 714
3 712 713 718
3 689 719 698
3 697 719 695
3 694 695 719
3 693 719 689
3 719 693 694
3 717 715 716
3 692 691 688
3 688 691 687
3 693 691 692
3 693 689 691
3 690 685 711
3 743 720 746
3 743 746 747
3 740 739 731
3 740 731 732
3 732 731 733
3 732 733 734
3 756 723 724
3 724 725 755
3 756 724 755
3 722 723 756
3 725 746 720
3 747 746 726
3 747 726 727
3 744 743 747
3 720 750 725
3 726 746 725
3 743 749 720
3 722 756 721
3 754 755 753
3 725 750 755
3 751 752 753
3 750 751 753
3 755 750 753
3 750 720 749
3 748 749 743
3 731 747 727
3 731 727 728
3 728 733 731
3 733 728 729
3 744 747 731
3 734 729 730
3 734 730 732
3 735 732 730
3 736 732 735
3 733 729 734
3 739 742 744
3 748 744 745
3 741 742 738
3 744 748 743
3 737 739 740
3 740 736 737
3 737 738 742
3 736 740 732
3 739 737 742
3 739 744 731
3 774 777 778
3 775 776 774
3 777 774 776
3 773 774 778
3 780 772 779
3 781 771 780
3 773 779 772
3 771 772 780
3 771 781 782
3 778 779 773
3 758 800 757
3 798 799 758
3 800 758 799
3 758 759 798
3 797 759 760
3 796 760 761
3 760 796 797
3 761 795 796
3 795 761 794
3 798 759 797
3 770 782 783
3 783 784 770
3 768 769 784
3 769 770 784
3 767 786 787
3 767 785 786
3 785 767 768
3 787 788 767
3 784 785 768
3 767 788 766
3 764 792 763
3 793 794 762
3 762 794 761
3 792 793 762
3 762 763 792
3 765 766 789
3 788 789 766
3 790 765 789
3 764 765 791
3 790 791 765
3 792 764 791
3 771 782 770
3 805 803 804
3 805 806 807
3 815 816 801
3 814 815 802
3 801 802 815
3 807 803 805
3 808 811 803
3 807 808 803
3 808 809 810
3 810 811 808
3 812 813 814
3 812 814 802
3 812 803 811
3 803 812 802
3 820 818 817
3 820 817 819
3 822 820 819
3 822 819 821
3 828 824 822
3 821 823 828
3 822 821 828
3 827 824 828
3 827 828 830
3 830 828 823
3 830 823 829
3 825 830 829
3 827 830 826
3 825 826 830
3 859 858 853
3 859 853 854
3 855 854 856
3 855 856 857
3 860 857 861
3 860 861 862
3 841 844 840
3 838 839 846
3 840 844 839
3 844 841 842
3 844 845 839
3 846 839 845
3 842 843 844
3 838 846 837
3 847 837 846
3 847 836 837
3 836 847 835
3 834 848 849
3 848 834 835
3 834 849 833
3 847 848 835
3 861 856 851
3 861 857 856
3 853 850 856
3 851 852 863
3 861 851 862
3 863 862 851
3 862 863 860
3 850 851 856
3 850 858 833
3 858 832 833
3 832 858 859
3 853 858 850
3 856 854 853
3 831 859 855
3 854 855 859
3 860 831 855
3 832 859 831
3 831 860 863
3 857 860 855
3 849 850 833
3 892 894 895
3 892 895 893
3 878 880 879
3 878 879 877
3 895 881 882
3 882 883 895
3 893 895 883
3 894 881 895
3 869 877 879
3 879 894 869
3 892 893 869
3 881 894 876
3 893 883 884
3 876 894 879
3 874 875 876
3 874 871 873
3 871 874 876
3 878 871 880
3 879 880 876
3 871 872 873
3 880 871 876
3 892 869 894
3 869 884 885
3 887 868 886
3 868 885 886
3 889 866 888
3 865 889 890
3 867 887 888
3 891 864 890
3 869 870 877
3 885 868 869
3 871 878 870
3 870 878 877
3 866 867 888
3 889 865 866
3 890 864 865
3 867 868 887
3 884 869 893
3 904 903 905
3 904 905 906
3 909 896 897
3 898 903 897
3 909 910 896
3 898 905 903
3 897 908 909
3 908 897 903
3 905 898 906
3 906 899 900
3 906 898 899
3 900 901 906
3 902 907 904
3 903 904 907
3 904 901 902
3 901 904 906
3 908 903 907
3 927 925 920
3 927 920 926
3 920 918 917
3 920 917 919
3 918 929 928
3 918 928 917
3 928 930 911
3 912 928 911
3 912 917 928
3 929 930 928
3 923 924 930
3 923 929 922
3 929 923 930
3 918 925 922
3 929 918 922
3 919 917 912
3 926 920 919
3 926 919 914
3 913 914 919
3 915 926 914
3 913 919 912
3 921 925 927
3 916 921 915
3 927 915 921
3 927 926 915
3 922 925 921
3 918 920 925
3 935 932 931
3 935 931 934
3 991 937 985
3 987 970 991
3 985 987 991
3 987 985 933
3 982 970 987
3 986 936 982
3 987 986 982
3 938 1001 1003
3 938 1003 993
3 1001 934 1002
3 1001 1002 1003
3 1003 1002 933
3 1003 933 985
3 1000 993 1003
3 985 937 1000
3 1003 985 1000
3 1001 938 1013
3 1013 939 935
3 935 934 1001
3 1001 1013 935
3 983 936 975
3 977 971 983
3 975 977 983
3 976 977 975
3 966 977 976
3 966 976 941
3 984 982 936
3 984 936 983
3 1010 1012 1009
3 1010 992 1011
3 1010 1011 1012
3 992 938 993
3 999 993 1000
3 1014 1013 938
3 1014 938 992
3 967 941 940
3 942 943 967
3 940 942 967
3 968 966 941
3 968 941 967
3 965 968 967
3 965 967 943
3 944 943 942
3 949 950 986
3 936 986 950
3 950 975 936
3 951 976 975
3 951 975 950
3 933 948 949
3 987 933 949
3 1002 948 933
3 986 987 949
3 984 970 982
3 989 970 984
3 981 988 984
3 989 984 988
3 984 983 981
3 976 951 952
3 970 989 990
3 996 991 995
3 994 995 991
3 996 937 991
3 970 994 991
3 970 990 994
3 996 997 937
3 931 932 946
3 947 931 946
3 934 947 1002
3 1002 947 948
3 931 947 934
3 945 946 1022
3 1022 946 932
3 1021 1022 932
3 1020 1021 935
3 932 935 1021
3 939 1020 935
3 998 1000 937
3 999 1000 1004
3 1000 998 1004
3 998 937 997
3 1005 999 1004
3 1019 1020 939
3 1018 939 1017
3 939 1013 1017
3 992 993 999
3 1019 939 1018
3 1006 999 1005
3 952 940 941
3 953 940 952
3 955 940 954
3 953 954 940
3 976 952 941
3 966 971 977
3 983 971 981
3 1023 971 966
3 1023 966 968
3 972 971 1023
3 973 971 972
3 942 940 955
3 957 942 956
3 955 956 942
3 959 957 958
3 944 942 957
3 959 944 957
3 944 965 943
3 961 1023 965
3 968 965 1023
3 961 965 960
3 944 960 965
3 959 960 944
3 962 1023 961
3 969 1023 964
3 971 979 980
3 980 981 971
3 999 1007 1011
3 1011 992 999
3 992 1010 1014
3 1016 1017 1014
3 1008 1012 1011
3 1008 1009 1012
3 1008 1011 1007
3 1013 1014 1017
3 999 1006 1007
3 974 978 971
3 972 1023 969
3 974 971 973
3 1016 1010 1009
3 1015 1016 1009
3 1014 1010 1016
3 1015 1009 1008
3 1023 962 963
3 963 964 1023
3 978 979 971
3 1035 1037 1036
3 1035 1036 1034
3 1032 1034 1033
3 1032 1033 1031
3 1036 1025 1033
3 1026 1033 1025
3 1034 1036 1033
3 1024 1025 1036
3 1037 1030 1024
3 1035 1030 1037
3 1036 1037 1024
3 1031 1026 1027
3 1028 1031 1027
3 1029 1035 1032
3 1032 1035 1034
3 1032 1028 1029
3 1028 1032 1031
3 1030 1035 1029
3 1026 1031 1033
3 1156 1038 1157
3 1156 1160 1161
3 1156 1161 1159
3 1146 1143 1141
3 1144 1145 1146
3 1141 1144 1146
3 1142 1145 1144
3 1142 1144 1136
3 1143 1148 1147
3 1143 1147 1141
3 1144 1141 1140
3 1040 1136 1144
3 1140 1040 1144
3 1041 1162 1163
3 1041 1163 1057
3 1162 1038 1156
3 1162 1156 1163
3 1162 1041 1042
3 1039 1038 1162
3 1042 1039 1162
3 1137 1040 1039
3 1042 1043 1137
3 1039 1042 1137
3 1138 1136 1040
3 1138 1040 1137
3 1131 1138 1137
3 1131 1137 1043
3 1044 1056 1058
3 1044 1058 1055
3 1056 1041 1057
3 1056 1057 1058
3 1056 1044 1068
3 1068 1045 1042
3 1042 1041 1056
3 1056 1068 1042
3 1088 1046 1132
3 1132 1043 1042
3 1042 1045 1088
3 1088 1132 1042
3 1135 1133 1134
3 1135 1131 1043
3 1132 1133 1135
3 1043 1132 1135
3 1101 1133 1132
3 1101 1132 1046
3 1070 1063 1071
3 1070 1071 1073
3 1073 1071 1066
3 1073 1066 1072
3 1071 1063 1061
3 1064 1066 1071
3 1061 1064 1071
3 1066 1064 1062
3 1066 1062 1065
3 1064 1061 1044
3 1055 1062 1064
3 1044 1055 1064
3 1090 1084 1091
3 1090 1091 1093
3 1093 1091 1086
3 1093 1086 1092
3 1091 1084 1067
3 1085 1086 1091
3 1067 1085 1091
3 1086 1085 1069
3 1086 1069 1074
3 1085 1067 1045
3 1068 1069 1085
3 1045 1068 1085
3 1075 1069 1068
3 1044 1061 1075
3 1068 1044 1075
3 1074 1069 1075
3 1074 1075 1076
3 1076 1075 1061
3 1076 1061 1063
3 1103 1098 1104
3 1103 1104 1106
3 1106 1104 1100
3 1106 1100 1105
3 1104 1098 1087
3 1099 1100 1104
3 1087 1099 1104
3 1100 1099 1089
3 1100 1089 1094
3 1099 1087 1046
3 1088 1089 1099
3 1046 1088 1099
3 1095 1089 1088
3 1045 1067 1095
3 1088 1045 1095
3 1094 1089 1095
3 1094 1095 1096
3 1096 1095 1067
3 1096 1067 1084
3 1124 1122 1128
3 1128 1121 1102
3 1102 1107 1124
3 1124 1128 1102
3 1127 1122 1124
3 1126 1123 1127
3 1124 1126 1127
3 1126 1124 1107
3 1126 1107 1125
3 1129 1101 1130
3 1130 1102 1121
3 1108 1102 1130
3 1130 1101 1046
3 1046 1087 1108
3 1108 1130 1046
3 1107 1102 1108
3 1107 1108 1109
3 1109 1108 1087
3 1109 1087 1098
3 1161 1158 1047
3 1158 1161 1160
3 1155 1158 1160
3 1161 1048 1159
3 1048 1161 1047
3 1152 1153 1157
3 1154 1157 1153
3 1157 1154 1155
3 1039 1140 1152
3 1157 1039 1152
3 1160 1156 1157
3 1160 1157 1155
3 1151 1152 1140
3 1156 1159 1163
3 1159 1049 1163
3 1057 1163 1049
3 1057 1049 1050
3 1050 1051 1058
3 1050 1058 1057
3 1052 1058 1051
3 1157 1038 1039
3 1140 1039 1040
3 1052 1055 1058
3 1055 1052 1053
3 1049 1159 1048
3 1148 1151 1147
3 1140 1147 1151
3 1150 1151 1148
3 1141 1147 1140
3 1149 1148 1143
3 1139 1149 1120
3 1148 1149 1150
3 1142 1120 1145
3 1120 1149 1143
3 1145 1120 1146
3 1120 1143 1146
3 1120 1142 1119
3 1119 1142 1136
3 1138 1119 1136
3 1138 1131 1118
3 1135 1117 1131
3 1101 1115 1133
3 1118 1131 1117
3 1138 1118 1119
3 1115 1116 1134
3 1135 1116 1117
3 1133 1115 1134
3 1134 1116 1135
3 1115 1101 1129
3 1062 1053 1065
3 1054 1065 1053
3 1065 1072 1066
3 1059 1073 1072
3 1072 1065 1054
3 1063 1070 1076
3 1076 1077 1074
3 1084 1090 1096
3 1092 1086 1074
3 1070 1073 1059
3 1072 1054 1059
3 1060 1070 1059
3 1077 1078 1074
3 1070 1060 1077
3 1092 1074 1078
3 1079 1093 1092
3 1080 1090 1093
3 1090 1080 1081
3 1079 1080 1093
3 1079 1092 1078
3 1096 1090 1081
3 1070 1077 1076
3 1094 1096 1081
3 1105 1100 1094
3 1103 1109 1098
3 1125 1107 1109
3 1129 1130 1114
3 1121 1114 1130
3 1113 1114 1121
3 1115 1129 1114
3 1113 1128 1122
3 1112 1113 1122
3 1121 1128 1113
3 1082 1106 1105
3 1097 1103 1106
3 1109 1103 1097
3 1097 1106 1083
3 1082 1083 1106
3 1082 1105 1094
3 1097 1125 1109
3 1123 1112 1127
3 1122 1127 1112
3 1110 1123 1126
3 1123 1110 1111
3 1110 1126 1125
3 1112 1123 1111
3 1125 1097 1110
3 1082 1094 1081
3 1053 1062 1055
3 1167 1165 1164
3 1167 1164 1166
3 1169 1167 1166
3 1169 1166 1168
3 1175 1171 1170
3 1175 1170 1174
3 1176 1172 1171
3 1176 1171 1175
3 1177 1173 1172
3 1177 1172 1176
3 1181 1179 1178
3 1181 1178 1180
3 1185 1183 1182
3 1185 1182 1184
3 1187 1185 1184
3 1187 1184 1186
3 1193 1189 1188
3 1193 1188 1192
3 1194 1190 1189
3 1194 1189 1193
3 1195 1191 1190
3 1195 1190 1194
3 1197 1193 1192
3 1197 1192 1196
3 1198 1194 1193
3 1198 1193 1197
3 1199 1195 1194
3 1199 1194 1198
3 1203 1201 1200
3 1203 1200 1202
3 1207 1205 1204
3 1207 1204 1206
3 1211 1209 1208
3 1211 1208 1210
3 1215 1213 1212
3 1215 1212 1214
3 1219 1217 1216
3 1219 1216 1218
3 1223 1221 1220
3 1223 1220 1222
3 1228 1225 1224
3 1228 1224 1227
3 1229 1226 1225
3 1229 1225 1228
3 1233 1231 1230
3 1233 1230 1232
3 1237 1235 1234
3 1237 1234 1236
3 1241 1239 1238
3 1241 1238 1240
3 1245 1243 1242
3 1245 1242 1244
3 1249 1247 1246
3 1249 1246 1248
3 1254 1251 1250
3 1254 1250 1253
3 1255 1252 1251
3 1255 1251 1254
3 1259 1257 1256
3 1259 1256 1258
3 1266 1261 1260
3 1266 1260 1265
3 1267 1262 1261
3 1267 1261 1266
3 1268 1263 1262
3 1268 1262 1267
3 1269 1264 1263
3 1269 1263 1268
3 1280 1271 1270
3 1280 1270 1279
3 1281 1272 1271
3 1281 1271 1280
3 1282 1273 1272
3 1282 1272 1281
3 1283 1274 1273
3 1283 1273 1282
3 1284 1275 1274
3 1284 1274 1283
3 1285 1276 1275
3 1285 1275 1284
3 1286 1277 1276
3 1286 1276 1285
3 1287 1278 1277
3 1287 1277 1286
3 1314 1289 1288
3 1314 1288 1313
3 1315 1290 1289
3 1315 1289 1314
3 1316 1291 1290
3 1316 1290 1315
3 1317 1292 1291
3 1317 1291 1316
3 1318 1293 1292
3 1318 1292 1317
3 1319 1294 1293
3 1319 1293 1318
3 1320 1295 1294
3 1320 1294 1319
3 1321 1296 1295
3 1321 1295 1320
3 1322 1297 1296
3 1322 1296 1321
3 1323 1298 1297
3 1323 1297 1322
3 1324 1299 1298
3 1324 1298 1323
3 1325 1300 1299
3 1325 1299 1324
3 1326 1301 1300
3 1326 1300 1325
3 1327 1302 1301
3 1327 1301 1326
3 1328 1303 1302
3 1328 1302 1327
3 1329 1304 1303
3 1329 1303 1328
3 1330 1305 1304
3 1330 1304 1329
3 1331 1306 1305
3 1331 1305 1330
3 1332 1307 1306
3 1332 1306 1331
3 1333 1308 1307
3 1333 1307 1332
3 1334 1309 1308
3 1334 1308 1333
3 1335 1310 1309
3 1335 1309 1334
3 1336 1311 1310
3 1336 1310 1335
3 1337 1312 1311
3 1337 1311 1336
3 1339 1314 1313
3 1339 1313 1338
3 1340 1315 1314
3 1340 1314 1339
3 1341 1316 1315
3 1341 1315 1340
3 1342 1317 1316
3 1342 1316 1341
3 1343 1318 1317
3 1343 1317 1342
3 1344 1319 1318
3 1344 1318 1343
3 1345 1320 1319
3 1345 1319 1344
3 1346 1321 1320
3 1346 1320 1345
3 1347 1322 1321
3 1347 1321 1346
3 1348 1323 1322
3 1348 1322 1347
3 1349 1324 1323
3 1349 1323 1348
3 1350 1325 1324
3 1350 1324 1349
3 1351 1326 1325
3 1351 1325 1350
3 1352 1327 1326
3 1352 1326 1351
3 1353 1328 1327
3 1353 1327 1352
3 1354 1329 1328
3 1354 1328 1353
3 1355 1330 1329
3 1355 1329 1354
3 1356 1331 1330
3 1356 1330 1355
3 1357 1332 1331
3 1357 1331 1356
3 1358 1333 1332
3 1358 1332 1357
3 1359 1334 1333
3 1359 1333 1358
3 1360 1335 1334
3 1360 1334 1359
3 1361 1336 1335
3 1361 1335 1360
3 1362 1337 1336
3 1362 1336 1361
3 1373 1364 1363
3 1373 1363 1372
3 1374 1365 1364
3 1374 1364 1373
3 1375 1366 1365
3 1375 1365 1374
3 1376 1367 1366
3 1376 1366 1375
3 1377 1368 1367
3 1377 1367 1376
3 1378 1369 1368
3 1378 1368 1377
3 1379 1370 1369
3 1379 1369 1378
3 1380 1371 1370
3 1380 1370 1379
3 1386 1382 1381
3 1386 1381 1385
3 1387 1383 1382
3 1387 1382 1386
3 1388 1384 1383
3 1388 1383 1387
3 1392 1390 1389
3 1392 1389 1391
3 1398 1394 1393
3 1398 1393 1397
3 1399 1395 1394
3 1399 1394 1398
3 1400 1396 1395
3 1400 1395 1399
3 1402 1398 1397
3 1402 1397 1401
3 1403 1399 1398
3 1403 1398 1402
3 1404 1400 1399
3 1404 1399 1403
3 1408 1406 1405
3 1408 1405 1407
3 1415 1410 1409
3 1415 1409 1414
3 1416 1411 1410
3 1416 1410 1415
3 1417 1412 1411
3 1417 1411 1416
3 1418 1413 1412
3 1418 1412 1417
3 1420 1415 1414
3 1420 1414 1419
3 1421 1416 1415
3 1421 1415 1420
3 1422 1417 1416
3 1422 1416 1421
3 1423 1418 1417
3 1423 1417 1422
3 1429 1425 1424
3 1429 1424 1428
3 1430 1426 1425
3 1430 1425 1429
3 1431 1427 1426
3 1431 1426 1430
3 1435 1433 1432
3 1435 1432 1434
3 1439 1437 1436
3 1439 1436 1438
3 1443 1441 1440
3 1443 1440 1442
3 1445 1443 1442
3 1445 1442 1444
3 1449 1447 1446
3 1449 1446 1448
3 1453 1451 1450
3 1453 1450 1452
3 1457 1455 1454
3 1457 1454 1456
3 1459 1457 1456
3 1459 1456 1458
3 1463 1461 1460
3 1463 1460 1462
3 1467 1465 1464
3 1467 1464 1466
3 1476 1469 1468
3 1476 1468 1475
3 1477 1470 1469
3 1477 1469 1476
3 1478 1471 1470
3 1478 1470 1477
3 1479 1472 1471
3 1479 1471 1478
3 1480 1473 1472
3 1480 1472 1479
3 1481 1474 1473
3 1481 1473 1480
3 1485 1483 1482
3 1485 1482 1484
3 1489 1487 1486
3 1489 1486 1488
3 1493 1491 1490
3 1493 1490 1492
3 1495 1493 1492
3 1495 1492 1494
3 1499 1497 1496
3 1499 1496 1498
3 1503 1501 1500
3 1503 1500 1502
3 1505 1503 1502
3 1505 1502 1504
3 1509 1507 1506
3 1509 1506 1508
3 1511 1509 1508
3 1511 1508 1510
3 1515 1513 1512
3 1515 1512 1514
3 1517 1515 1514
3 1517 1514 1516
3 1521 1519 1518
3 1521 1518 1520
3 1523 1521 1520
3 1523 1520 1522
3 1529 1525 1524
3 1529 1524 1528
3 1530 1526 1525
3 1530 1525 1529
3 1531 1527 1526
3 1531 1526 1530
3 1538 1533 1532
3 1538 1532 1537
3 1539 1534 1533
3 1539 1533 1538
3 1540 1535 1534
3 1540 1534 1539
3 1541 1536 1535
3 1541 1535 1540
3 1545 1543 1542
3 1545 1542 1544
3 1549 1547 1546
3 1549 1546 1548
3 1554 1551 1550
3 1554 1550 1553
3 1555 1552 1551
3 1555 1551 1554
3 1560 1557 1556
3 1560 1556 1559
3 1561 1558 1557
3 1561 1557 1560
3 1565 1563 1562
3 1565 1562 1564
3 1569 1567 1566
3 1569 1566 1568
3 1576 1571 1570
3 1576 1570 1575
3 1577 1572 1571
3 1577 1571 1576
3 1578 1573 1572
3 1578 1572 1577
3 1579 1574 1573
3 1579 1573 1578
3 1581 1576 1575
3 1581 1575 1580
3 1582 1577 1576
3 1582 1576 1581
3 1583 1578 1577
3 1583 1577 1582
3 1584 1579 1578
3 1584 1578 1583
3 1590 1586 1585
3 1590 1585 1589
3 1591 1587 1586
3 1591 1586 1590
3 1592 1588 1587
3 1592 1587 1591
3 1598 1594 1593
3 1598 1593 1597
3 1599 1595 1594
3 1599 1594 1598
3 1600 1596 1595
3 1600 1595 1599
3 1604 1602 1601
3 1604 1601 1603
3 1608 1606 1605
3 1608 1605 1607
3 1612 1610 1609
3 1612 1609 1611
3 1614 1612 1611
3 1614 1611 1613
3 1618 1616 1615
3 1618 1615 1617
3 1626 1620 1619
3 1626 1619 1625
3 1627 1621 1620
3 1627 1620 1626
3 1628 1622 1621
3 1628 1621 1627
3 1629 1623 1622
3 1629 1622 1628
3 1630 1624 1623
3 1630 1623 1629
3 1632 1626 1625
3 1632 1625 1631
3 1633 1627 1626
3 1633 1626 1632
3 1634 1628 1627
3 1634 1627 1633
3 1635 1629 1628
3 1635 1628 1634
3 1636 1630 1629
3 1636 1629 1635
3 1640 1638 1637
3 1640 1637 1639
3 1644 1642 1641
3 1644 1641 1643
3 1648 1646 1645
3 1648 1645 1647
3 1653 1650 1649
3 1653 1649 1652
3 1654 1651 1650
3 1654 1650 1653
3 1656 1653 1652
3 1656 1652 1655
3 1657 1654 1653
3 1657 1653 1656
3 1667 1659 1658
3 1667 1658 1666
3 1668 1660 1659
3 1668 1659 1667
3 1669 1661 1660
3 1669 1660 1668
3 1670 1662 1661
3 1670 1661 1669
3 1671 1663 1662
3 1671 1662 1670
3 1672 1664 1663
3 1672 1663 1671
3 1673 1665 1664
3 1673 1664 1672
3 1677 1675 1674
3 1677 1674 1676
3 1682 1679 1678
3 1682 1678 1681
3 1683 1680 1679
3 1683 1679 1682
3 1687 1685 1684
3 1687 1684 1686
3 1696 1689 1688
3 1696 1688 1695
3 1697 1690 1689
3 1697 1689 1696
3 1698 1691 1690
3 1698 1690 1697
3 1699 1692 1691
3 1699 1691 1698
3 1700 1693 1692
3 1700 1692 1699
3 1701 1694 1693
3 1701 1693 1700
3 1705 1703 1702
3 1705 1702 1704
3 1707 1705 1704
3 1707 1704 1706
3 1711 1709 1708
3 1711 1708 1710
3 1716 1713 1712
3 1716 1712 1715
3 1717 1714 1713
3 1717 1713 1716
3 1723 1719 1718
3 1723 1718 1722
3 1724 1720 1719
3 1724 1719 1723
3 1725 1721 1720
3 1725 1720 1724
3 1727 1723 1722
3 1727 1722 1726
3 1728 1724 1723
3 1728 1723 1727
3 1729 1725 1724
3 1729 1724 1728
3 1734 1731 1730
3 1734 1730 1733
3 1735 1732 1731
3 1735 1731 1734
3 1737 1734 1733
3 1737 1733 1736
3 1738 1735 1734
3 1738 1734 1737
3 1748 1740 1739
3 1748 1739 1747
3 1749 1741 1740
3 1749 1740 1748
3 1750 1742 1741
3 1750 1741 1749
3 1751 1743 1742
3 1751 1742 1750
3 1752 1744 1743
3 1752 1743 1751
3 1753 1745 1744
3 1753 1744 1752
3 1754 1746 1745
3 1754 1745 1753
3 1758 1756 1755
3 1758 1755 1757
3 1763 1760 1759
3 1763 1759 1762
3 1764 1761 1760
3 1764 1760 1763
3 1768 1766 1765
3 1768 1765 1767
3 1777 1770 1769
3 1777 1769 1776
3 1778 1771 1770
3 1778 1770 1777
3 1779 1772 1771
3 1779 1771 1778
3 1780 1773 1772
3 1780 1772 1779
3 1781 1774 1773
3 1781 1773 1780
3 1782 1775 1774
3 1782 1774 1781
3 1786 1784 1783
3 1786 1783 1785
3 1788 1786 1785
3 1788 1785 1787
3 1792 1790 1789
3 1792 1789 1791
3 1794 1792 1791
3 1794 1791 1793
3 1798 1796 1795
3 1798 1795 1797
3 1802 1800 1799
3 1802 1799 1801
3 1806 1804 1803
3 1806 1803 1805
3 1811 1808 1807
3 1811 1807 1810
3 1812 1809 1808
3 1812 1808 1811
3 1818 1814 1813
3 1818 1813 1817
3 1819 1815 1814
3 1819 1814 1818
3 1820 1816 1815
3 1820 1815 1819
3 1827 1822 1821
3 1827 1821 1826
3 1828 1823 1822
3 1828 1822 1827
3 1829 1824 1823
3 1829 1823 1828
3 1830 1825 1824
3 1830 1824 1829
3 1842 1832 1831
3 1842 1831 1841
3 1843 1833 1832
3 1843 1832 1842
3 1844 1834 1833
3 1844 1833 1843
3 1845 1835 1834
3 1845 1834 1844
3 1846 1836 1835
3 1846 1835 1845
3 1847 1837 1836
3 1847 1836 1846
3 1848 1838 1837
3 1848 1837 1847
3 1849 1839 1838
3 1849 1838 1848
3 1850 1840 1839
3 1850 1839 1849
3 1859 1852 1851
3 1859 1851 1858
3 1860 1853 1852
3 1860 1852 1859
3 1861 1854 1853
3 1861 1853 1860
3 1862 1855 1854
3 1862 1854 1861
3 1863 1856 1855
3 1863 1855 1862
3 1864 1857 1856
3 1864 1856 1863
3 1869 1866 1865
3 1869 1865 1868
3 1870 1867 1866
3 1870 1866 1869
3 1874 1872 1871
3 1874 1871 1873
3 1878 1876 1875
3 1878 1875 1877
3 1885 1880 1879
3 1885 1879 1884
3 1886 1881 1880
3 1886 1880 1885
3 1887 1882 1881
3 1887 1881 1886
3 1888 1883 1882
3 1888 1882 1887
3 1890 1885 1884
3 1890 1884 1889
3 1891 1886 1885
3 1891 1885 1890
3 1892 1887 1886
3 1892 1886 1891
3 1893 1888 1887
3 1893 1887 1892
3 1898 1895 1894
3 1898 1894 1897
3 1899 1896 1895
3 1899 1895 1898
3 1904 1901 1900
3 1904 1900 1903
3 1905 1902 1901
3 1905 1901 1904
3 1911 1907 1906
3 1911 1906 1910
3 1912 1908 1907
3 1912 1907 1911
3 1913 1909 1908
3 1913 1908 1912
3 1917 1915 1914
3 1917 1914 1916
3 1923 1919 1918
3 1923 1918 1922
3 1924 1920 1919
3 1924 1919 1923
3 1925 1921 1920
3 1925 1920 1924
3 1935 1927 1926
3 1935 1926 1934
3 1936 1928 1927
3 1936 1927 1935
3 1937 1929 1928
3 1937 1928 1936
3 1938 1930 1929
3 1938 1929 1937
3 1939 1931 1930
3 1939 1930 1938
3 1940 1932 1931
3 1940 1931 1939
3 1941 1933 1932
3 1941 1932 1940
3 1943 1935 1934
3 1943 1934 1942
3 1944 1936 1935
3 1944 1935 1943
3 1945 1937 1936
3 1945 1936 1944
3 1946 1938 1937
3 1946 1937 1945
3 1947 1939 1938
3 1947 1938 1946
3 1948 1940 1939
3 1948 1939 1947
3 1949 1941 1940
3 1949 1940 1948
3 1958 1951 1950
3 1958 1950 1957
3 1959 1952 1951
3 1959 1951 1958
3 1960 1953 1952
3 1960 1952 1959
3 1961 1954 1953
3 1961 1953 1960
3 1962 1955 1954
3 1962 1954 1961
3 1963 1956 1955
3 1963 1955 1962
3 1984 1965 1964
3 1984 1964 1983
3 1985 1966 1965
3 1985 1965 1984
3 1986 1967 1966
3 1986 1966 1985
3 1987 1968 1967
3 1987 1967 1986
3 1988 1969 1968
3 1988 1968 1987
3 1989 1970 1969
3 1989 1969 1988
3 1990 1971 1970
3 1990 1970 1989
3 1991 1972 1971
3 1991 1971 1990
3 1992 1973 1972
3 1992 1972 1991
3 1993 1974 1973
3 1993 1973 1992
3 1994 1975 1974
3 1994 1974 1993
3 1995 1976 1975
3 1995 1975 1994
3 1996 1977 1976
3 1996 1976 1995
3 1997 1978 1977
3 1997 1977 1996
3 1998 1979 1978
3 1998 1978 1997
3 1999 1980 1979
3 1999 1979 1998
3 2000 1981 1980
3 2000 1980 1999
3 2001 1982 1981
3 2001 1981 2000
3 2003 1984 1983
3 2003 1983 2002
3 2004 1985 1984
3 2004 1984 2003
3 2005 1986 1985
3 2005 1985 2004
3 2006 1987 1986
3 2006 1986 2005
3 2007 1988 1987
3 2007 1987 2006
3 2008 1989 1988
3 2008 1988 2007
3 2009 1990 1989
3 2009 1989 2008
3 2010 1991 1990
3 2010 1990 2009
3 2011 1992 1991
3 2011 1991 2010
3 2012 1993 1992
3 2012 1992 2011
3 2013 1994 1993
3 2013 1993 2012
3 2014 1995 1994
3 2014 1994 2013
3 2015 1996 1995
3 2015 1995 2014
3 2016 1997 1996
3 2016 1996 2015
3 2017 1998 1997
3 2017 1997 2016
3 2018 1999 1998
3 2018 1998 2017
3 2019 2000 1999
3 2019 1999 2018
3 2020 2001 2000
3 2020 2000 2019
3 2036 2022 2021
3 2036 2021 2035
3 2037 2023 2022
3 2037 2022 2036
3 2038 2024 2023
3 2038 2023 2037
3 2039 2025 2024
3 2039 2024 2038
3 2040 2026 2025
3 2040 2025 2039
3 2041 2027 2026
3 2041 2026 2040
3 2042 2028 2027
3 2042 2027 2041
3 2043 2029 2028
3 2043 2028 2042
3 2044 2030 2029
3 2044 2029 2043
3 2045 2031 2030
3 2045 2030 2044
3 2046 2032 2031
3 2046 2031 2045
3 2047 2033 2032
3 2047 2032 2046
3 2048 2034 2033
3 2048 2033 2047
3 2053 2050 2049
3 2053 2049 2052
3 2054 2051 2050
3 2054 2050 2053
3 2061 2056 2055
3 2061 2055 2060
3 2062 2057 2056
3 2062 2056 2061
3 2063 2058 2057
3 2063 2057 2062
3 2064 2059 2058
3 2064 2058 2063
3 2077 2066 2065
3 2077 2065 2076
3 2078 2067 2066
3 2078 2066 2077
3 2079 2068 2067
3 2079 2067 2078
3 2080 2069 2068
3 2080 2068 2079
3 2081 2070 2069
3 2081 2069 2080
3 2082 2071 2070
3 2082 2070 2081
3 2083 2072 2071
3 2083 2071 2082
3 2084 2073 2072
3 2084 2072 2083
3 2085 2074 2073
3 2085 2073 2084
3 2086 2075 2074
3 2086 2074 2085
3 2088 2077 2076
3 2088 2076 2087
3 2089 2078 2077
3 2089 2077 2088
3 2090 2079 2078
3 2090 2078 2089
3 2091 2080 2079
3 2091 2079 2090
3 2092 2081 2080
3 2092 2080 2091
3 2093 2082 2081
3 2093 2081 2092
3 2094 2083 2082
3 2094 2082 2093
3 2095 2084 2083
3 2095 2083 2094
3 2096 2085 2084
3 2096 2084 2095
3 2097 2086 2085
3 2097 2085 2096
3 2113 2099 2098
3 2113 2098 2112
3 2114 2100 2099
3 2114 2099 2113
3 2115 2101 2100
3 2115 2100 2114
3 2116 2102 2101
3 2116 2101 2115
3 2117 2103 2102
3 2117 2102 2116
3 2118 2104 2103
3 2118 2103 2117
3 2119 2105 2104
3 2119 2104 2118
3 2120 2106 2105
3 2120 2105 2119
3 2121 2107 2106
3 2121 2106 2120
3 2122 2108 2107
3 2122 2107 2121
3 2123 2109 2108
3 2123 2108 2122
3 2124 2110 2109
3 2124 2109 2123
3 2125 2111 2110
3 2125 2110 2124
3 2133 2127 2126
3 2133 2126 2132
3 2134 2128 2127
3 2134 2127 2133
3 2135 2129 2128
3 2135 2128 2134
3 2136 2130 2129
3 2136 2129 2135
3 2137 2131 2130
3 2137 2130 2136
3 2144 2139 2138
3 2144 2138 2143
3 2145 2140 2139
3 2145 2139 2144
3 2146 2141 2140
3 2146 2140 2145
3 2147 2142 2141
3 2147 2141 2146
3 2151 2149 2148
3 2151 2148 2150
3 2155 2153 2152
3 2155 2152 2154
3 2159 2157 2156
3 2159 2156 2158
3 2161 2159 2158
3 2161 2158 2160
3 2165 2163 2162
3 2165 2162 2164
3 2169 2167 2166
3 2169 2166 2168
3 2173 2171 2170
3 2173 2170 2172
3 2177 2175 2174
3 2177 2174 2176
3 2179 2177 2176
3 2179 2176 2178
3 2185 2181 2180
3 2185 2180 2184
3 2186 2182 2181
3 2186 2181 2185
3 2187 2183 2182
3 2187 2182 2186
3 2189 2185 2184
3 2189 2184 2188
3 2190 2186 2185
3 2190 2185 2189
3 2191 2187 2186
3 2191 2186 2190
3 2195 2193 2192
3 2195 2192 2194
3 2197 2195 2194
3 2197 2194 2196
3 2201 2199 2198
3 2201 2198 2200
3 2203 2201 2200
3 2203 2200 2202
3 2207 2205 2204
3 2207 2204 2206
3 2211 2209 2208
3 2211 2208 2210
3 2216 2213 2212
3 2216 2212 2215
3 2217 2214 2213
3 2217 2213 2216
3 2222 2219 2218
3 2222 2218 2221
3 2223 2220 2219
3 2223 2219 2222
3 2230 2225 2224
3 2230 2224 2229
3 2231 2226 2225
3 2231 2225 2230
3 2232 2227 2226
3 2232 2226 2231
3 2233 2228 2227
3 2233 2227 2232
3 2235 2230 2229
3 2235 2229 2234
3 2236 2231 2230
3 2236 2230 2235
3 2237 2232 2231
3 2237 2231 2236
3 2238 2233 2232
3 2238 2232 2237
3 2244 2240 2239
3 2244 2239 2243
3 2245 2241 2240
3 2245 2240 2244
3 2246 2242 2241
3 2246 2241 2245
3 2254 2248 2247
3 2254 2247 2253
3 2255 2249 2248
3 2255 2248 2254
3 2256 2250 2249
3 2256 2249 2255
3 2257 2251 2250
3 2257 2250 2256
3 2258 2252 2251
3 2258 2251 2257
3 2262 2260 2259
3 2262 2259 2261
3 2266 2264 2263
3 2266 2263 2265
3 2270 2268 2267
3 2270 2267 2269
3 2274 2272 2271
3 2274 2271 2273
3 2278 2276 2275
3 2278 2275 2277
3 2283 2280 2279
3 2283 2279 2282
3 2284 2281 2280
3 2284 2280 2283
3 2289 2286 2285
3 2289 2285 2288
3 2290 2287 2286
3 2290 2286 2289
3 2296 2292 2291
3 2296 2291 2295
3 2297 2293 2292
3 2297 2292 2296
3 2298 2294 2293
3 2298 2293 2297
3 2300 2296 2295
3 2300 2295 2299
3 2301 2297 2296
3 2301 2296 2300
3 2302 2298 2297
3 2302 2297 2301
3 2308 2304 2303
3 2308 2303 2307
3 2309 2305 2304
3 2309 2304 2308
3 2310 2306 2305
3 2310 2305 2309
3 2312 2308 2307
3 2312 2307 2311
3 2313 2309 2308
3 2313 2308 2312
3 2314 2310 2309
3 2314 2309 2313
3 2319 2316 2315
3 2319 2315 2318
3 2320 2317 2316
3 2320 2316 2319
3 2325 2322 2321
3 2325 2321 2324
3 2326 2323 2322
3 2326 2322 2325
3 2331 2328 2327
3 2331 2327 2330
3 2332 2329 2328
3 2332 2328 2331
3 2337 2334 2333
3 2337 2333 2336
3 2338 2335 2334
3 2338 2334 2337
3 2343 2340 2339
3 2343 2339 2342
3 2344 2341 2340
3 2344 2340 2343
3 2350 2346 2345
3 2350 2345 2349
3 2351 2347 2346
3 2351 2346 2350
3 2352 2348 2347
3 2352 2347 2351
3 2354 2350 2349
3 2354 2349 2353
3 2355 2351 2350
3 2355 2350 2354
3 2356 2352 2351
3 2356 2351 2355
3 2361 2358 2357
3 2361 2357 2360
3 2362 2359 2358
3 2362 2358 2361
3 2367 2364 2363
3 2367 2363 2366
3 2368 2365 2364
3 2368 2364 2367
3 2373 2370 2369
3 2373 2369 2372
3 2374 2371 2370
3 2374 2370 2373
3 2379 2376 2375
3 2379 2375 2378
3 2380 2377 2376
3 2380 2376 2379
3 2385 2382 2381
3 2385 2381 2384
3 2386 2383 2382
3 2386 2382 2385
3 2391 2388 2387
3 2391 2387 2390
3 2392 2389 2388
3 2392 2388 2391
3 2397 2394 2393
3 2397 2393 2396
3 2398 2395 2394
3 2398 2394 2397
3 2403 2400 2399
3 2403 2399 2402
3 2404 2401 2400
3 2404 2400 2403
3 2409 2406 2405
3 2409 2405 2408
3 2410 2407 2406
3 2410 2406 2409
3 2415 2412 2411
3 2415 2411 2414
3 2416 2413 2412
3 2416 2412 2415
3 2421 2418 2417
3 2421 2417 2420
3 2422 2419 2418
3 2422 2418 2421
3 2427 2424 2423
3 2427 2423 2426
3 2428 2425 2424
3 2428 2424 2427
3 2432 2430 2429
3 2432 2429 2431
3 2436 2434 2433
3 2436 2433 2435
3 2438 2436 2435
3 2438 2435 2437
3 2442 2440 2439
3 2442 2439 2441
3 2446 2444 2443
3 2446 2443 2445
3 2450 2448 2447
3 2450 2447 2449
3 2454 2452 2451
3 2454 2451 2453
3 2458 2456 2455
3 2458 2455 2457
3 2462 2460 2459
3 2462 2459 2461
3 2466 2464 2463
3 2466 2463 2465
3 2470 2468 2467
3 2470 2467 2469
3 2474 2472 2471
3 2474 2471 2473
3 2478 2476 2475
3 2478 2475 2477
3 2482 2480 2479
3 2482 2479 2481
3 2486 2484 2483
3 2486 2483 2485
3 2490 2488 2487
3 2490 2487 2489
3 2494 2492 2491
3 2494 2491 2493
3 2498 2496 2495
3 2498 2495 2497
3 2502 2500 2499
3 2502 2499 2501
3 2506 2504 2503
3 2506 2503 2505
3 2508 2506 2505
3 2508 2505 2507
3 2512 2510 2509
3 2512 2509 2511
3 2514 2512 2511
3 2514 2511 2513
3 2518 2516 2515
3 2518 2515 2517
3 2520 2518 2517
3 2520 2517 2519
3 2524 2522 2521
3 2524 2521 2523
3 2528 2526 2525
3 2528 2525 2527
3 2530 2528 2527
3 2530 2527 2529
3 2534 2532 2531
3 2534 2531 2533
3 2536 2534 2533
3 2536 2533 2535
3 2540 2538 2537
3 2540 2537 2539
3 2542 2540 2539
3 2542 2539 2541
3 2546 2544 2543
3 2546 2543 2545
3 2550 2548 2547
3 2550 2547 2549
3 2554 2552 2551
3 2554 2551 2553
3 2558 2556 2555
3 2558 2555 2557
3 2562 2560 2559
3 2562 2559 2561
3 2566 2564 2563
3 2566 2563 2565
3 2571 2568 2567
3 2571 2567 2570
3 2572 2569 2568
3 2572 2568 2571
3 2574 2571 2570
3 2574 2570 2573
3 2575 2572 2571
3 2575 2571 2574
3 2579 2577 2576
3 2579 2576 2578
3 2583 2581 2580
3 2583 2580 2582
3 2587 2585 2584
3 2587 2584 2586
3 2591 2589 2588
3 2591 2588 2590
3 2593 2591 2590
3 2593 2590 2592
3 2597 2595 2594
3 2597 2594 2596
3 2604 2599 2598
3 2604 2598 2603
3 2605 2600 2599
3 2605 2599 2604
3 2606 2601 2600
3 2606 2600 2605
3 2607 2602 2601
3 2607 2601 2606
3 2616 2609 2608
3 2616 2608 2615
3 2617 2610 2609
3 2617 2609 2616
3 2618 2611 2610
3 2618 2610 2617
3 2619 2612 2611
3 2619 2611 2618
3 2620 2613 2612
3 2620 2612 2619
3 2621 2614 2613
3 2621 2613 2620
3 2628 2623 2622
3 2628 2622 2627
3 2629 2624 2623
3 2629 2623 2628
3 2630 2625 2624
3 2630 2624 2629
3 2631 2626 2625
3 2631 2625 2630
3 2636 2633 2632
3 2636 2632 2635
3 2637 2634 2633
3 2637 2633 2636
3 2642 2639 2638
3 2642 2638 2641
3 2643 2640 2639
3 2643 2639 2642
3 2647 2645 2644
3 2647 2644 2646
3 2651 2649 2648
3 2651 2648 2650
3 2657 2653 2652
3 2657 2652 2656
3 2658 2654 2653
3 2658 2653 2657
3 2659 2655 2654
3 2659 2654 2658
3 2667 2661 2660
3 2667 2660 2666
3 2668 2662 2661
3 2668 2661 2667
3 2669 2663 2662
3 2669 2662 2668
3 2670 2664 2663
3 2670 2663 2669
3 2671 2665 2664
3 2671 2664 2670
3 2677 2673 2672
3 2677 2672 2676
3 2678 2674 2673
3 2678 2673 2677
3 2679 2675 2674
3 2679 2674 2678
3 2683 2681 2680
3 2683 2680 2682
3 2687 2685 2684
3 2687 2684 2686
3 2691 2689 2688
3 2691 2688 2690
3 2703 2693 2692
3 2703 2692 2702
3 2704 2694 2693
3 2704 2693 2703
3 2705 2695 2694
3 2705 2694 2704
3 2706 2696 2695
3 2706 2695 2705
3 2707 2697 2696
3 2707 2696 2706
3 2708 2698 2697
3 2708 2697 2707
3 2709 2699 2698
3 2709 2698 2708
3 2710 2700 2699
3 2710 2699 2709
3 2711 2701 2700
3 2711 2700 2710
3 2713 2703 2702
3 2713 2702 2712
3 2714 2704 2703
3 2714 2703 2713
3 2715 2705 2704
3 2715 2704 2714
3 2716 2706 2705
3 2716 2705 2715
3 2717 2707 2706
3 2717 2706 2716
3 2718 2708 2707
3 2718 2707 2717
3 2719 2709 2708
3 2719 2708 2718
3 2720 2710 2709
3 2720 2709 2719
3 2721 2711 2710
3 2721 2710 2720
3 2727 2723 2722
3 2727 2722 2726
3 2728 2724 2723
3 2728 2723 2727
3 2729 2725 2724
3 2729 2724 2728
3 2734 2731 2730
3 2734 2730 2733
3 2735 2732 2731
3 2735 2731 2734
3 2739 2737 2736
3 2739 2736 2738
3 2749 2741 2740
3 2749 2740 2748
3 2750 2742 2741
3 2750 2741 2749
3 2751 2743 2742
3 2751 2742 2750
3 2752 2744 2743
3 2752 2743 2751
3 2753 2745 2744
3 2753 2744 2752
3 2754 2746 2745
3 2754 2745 2753
3 2755 2747 2746
3 2755 2746 2754
3 2764 2757 2756
3 2764 2756 2763
3 2765 2758 2757
3 2765 2757 2764
3 2766 2759 2758
3 2766 2758 2765
3 2767 2760 2759
3 2767 2759 2766
3 2768 2761 2760
3 2768 2760 2767
3 2769 2762 2761
3 2769 2761 2768
3 2774 2771 2770
3 2774 2770 2773
3 2775 2772 2771
3 2775 2771 2774
3 2782 2777 2776
3 2782 2776 2781
3 2783 2778 2777
3 2783 2777 2782
3 2784 2779 2778
3 2784 2778 2783
3 2785 2780 2779
3 2785 2779 2784
3 2787 2782 2781
3 2787 2781 2786
3 2788 2783 2782
3 2788 2782 2787
3 2789 2784 2783
3 2789 2783 2788
3 2790 2785 2784
3 2790 2784 2789
3 2804 2792 2791
3 2804 2791 2803
3 2805 2793 2792
3 2805 2792 2804
3 2806 2794 2793
3 2806 2793 2805
3 2807 2795 2794
3 2807 2794 2806
3 2808 2796 2795
3 2808 2795 2807
3 2809 2797 2796
3 2809 2796 2808
3 2810 2798 2797
3 2810 2797 2809
3 2811 2799 2798
3 2811 2798 2810
3 2812 2800 2799
3 2812 2799 2811
3 2813 2801 2800
3 2813 2800 2812
3 2814 2802 2801
3 2814 2801 2813
3 2818 2816 2815
3 2818 2815 2817
3 2820 2818 2817
3 2820 2817 2819
3 2824 2822 2821
3 2824 2821 2823
3 2828 2826 2825
3 2828 2825 2827
3 2830 2828 2827
3 2830 2827 2829
3 2834 2832 2831
3 2834 2831 2833
3 2838 2836 2835
3 2838 2835 2837
3 2842 2840 2839
3 2842 2839 2841
3 2846 2844 2843
3 2846 2843 2845
3 2850 2848 2847
3 2850 2847 2849
3 2854 2852 2851
3 2854 2851 2853
3 2858 2856 2855
3 2858 2855 2857
3 2860 2858 2857
3 2860 2857 2859
3 2864 2862 2861
3 2864 2861 2863
3 2868 2866 2865
3 2868 2865 2867
3 2872 2870 2869
3 2872 2869 2871
3 2876 2874 2873
3 2876 2873 2875
3 2880 2878 2877
3 2880 2877 2879
3 2892 2882 2881
3 2892 2881 2891
3 2893 2883 2882
3 2893 2882 2892
3 2894 2884 2883
3 2894 2883 2893
3 2895 2885 2884
3 2895 2884 2894
3 2896 2886 2885
3 2896 2885 2895
3 2897 2887 2886
3 2897 2886 2896
3 2898 2888 2887
3 2898 2887 2897
3 2899 2889 2888
3 2899 2888 2898
3 2900 2890 2889
3 2900 2889 2899
3 2906 2902 2901
3 2906 2901 2905
3 2907 2903 2902
3 2907 2902 2906
3 2908 2904 2903
3 2908 2903 2907
3 2912 2910 2909
3 2912 2909 2911
3 2916 2914 2913
3 2916 2913 2915
3 2918 2916 2915
3 2918 2915 2917
3 2922 2920 2919
3 2922 2919 2921
3 2924 2922 2921
3 2924 2921 2923
3 2928 2926 2925
3 2928 2925 2927
3 2932 2930 2929
3 2932 2929 2931
3 2936 2934 2933
3 2936 2933 2935
3 2940 2938 2937
3 2940 2937 2939
3 2944 2942 2941
3 2944 2941 2943
3 2948 2946 2945
3 2948 2945 2947
3 2952 2950 2949
3 2952 2949 2951
3 2956 2954 2953
3 2956 2953 2955
3 2958 2956 2955
3 2958 2955 2957
3 2960 2958 2957
3 2960 2957 2959
3 2964 2962 2961
3 2964 2961 2963
3 2968 2966 2965
3 2968 2965 2967
3 2970 2968 2967
3 2970 2967 2969
3 2974 2972 2971
3 2974 2971 2973
3 2976 2974 2973
3 2976 2973 2975
3 2980 2978 2977
3 2980 2977 2979
3 2982 2980 2979
3 2982 2979 2981
3 2984 2982 2981
3 2984 2981 2983
3 2988 2986 2985
3 2988 2985 2987
3 2992 2990 2989
3 2992 2989 2991
3 2996 2994 2993
3 2996 2993 2995
3 3002 2998 2997
3 3002 2997 3001
3 3003 2999 2998
3 3003 2998 3002
3 3004 3000 2999
3 3004 2999 3003
3 3006 3002 3001
3 3006 3001 3005
3 3007 3003 3002
3 3007 3002 3006
3 3008 3004 3003
3 3008 3003 3007
3 3014 3010 3009
3 3014 3009 3013
3 3015 3011 3010
3 3015 3010 3014
3 3016 3012 3011
3 3016 3011 3015
3 3021 3018 3017
3 3021 3017 3020
3 3022 3019 3018
3 3022 3018 3021
3 3027 3024 3023
3 3027 3023 3026
3 3028 3025 3024
3 3028 3024 3027
3 3032 3030 3029
3 3032 3029 3031
3 3036 3034 3033
3 3036 3033 3035
3 3040 3038 3037
3 3040 3037 3039
3 3044 3042 3041
3 3044 3041 3043
3 3048 3046 3045
3 3048 3045 3047
3 3059 3050 3049
3 3059 3049 3058
3 3060 3051 3050
3 3060 3050 3059
3 3061 3052 3051
3 3061 3051 3060
3 3062 3053 3052
3 3062 3052 3061
3 3063 3054 3053
3 3063 3053 3062
3 3064 3055 3054
3 3064 3054 3063
3 3065 3056 3055
3 3065 3055 3064
3 3066 3057 3056
3 3066 3056 3065
3 3071 3068 3067
3 3071 3067 3070
3 3072 3069 3068
3 3072 3068 3071
3 3076 3074 3073
3 3076 3073 3075
3 3080 3078 3077
3 3080 3077 3079
3 3086 3082 3081
3 3086 3081 3085
3 3087 3083 3082
3 3087 3082 3086
3 3088 3084 3083
3 3088 3083 3087
3 3090 3086 3085
3 3090 3085 3089
3 3091 3087 3086
3 3091 3086 3090
3 3092 3088 3087
3 3092 3087 3091
3 3096 3094 3093
3 3096 3093 3095
