COFF
2292 2966 0

-37.2738 53.6102 -118.734
-40.6092 47.6628 -118.734
-48.0495 51.8355 -118.734
-58.8803 57.9098 -118.734
-54.992 64.8429 -118.734
-46.7072 60.1966 -118.734
-36.7209 54.596 -118.734
-47.8006 56.2529 -118.734
-46.8091 58.0208 -118.734
-43.1415 53.6399 -118.734
-42.1499 55.4079 -118.734
-41.6542 56.2918 -118.734
-39.8204 54.1013 -118.734
-39.3246 54.9853 -118.734
33.0994 -17.2397 130.702
31.6443 -19.8343 130.702
38.7829 -20.4272 130.702
37.3278 -23.0218 130.702
-6.06744 8.73502 115.328
-11.1308 -0.293304 115.328
4.23035 2.95975 115.328
-0.833031 -6.0687 115.328
-6.06744 8.73502 114.199
-8.59911 4.22086 114.199
-11.1308 -0.293304 114.199
4.23035 2.95975 114.199
1.69868 -1.55441 114.199
-0.833031 -6.0687 114.199
8.72846 4.47165 112.097
9.11005 5.15207 112.097
10.8817 4.15848 112.097
11.5762 5.39688 112.097
21.5681 -0.20694 112.097
31.5601 -5.81076 112.097
41.5521 -11.4145 112.097
43.5823 -7.79453 112.097
31.363 -0.941681 112.097
19.1438 5.91122 112.097
6.92454 12.7641 112.097
3.81831 7.22543 112.097
-4.61932 -7.81949 112.097
-7.68896 -13.2929 112.097
4.53028 -20.1458 112.097
16.7495 -26.9987 112.097
28.9688 -33.8516 112.097
31.0175 -30.1985 112.097
21.0256 -24.5947 112.097
11.0335 -18.9909 112.097
1.04157 -13.3871 112.097
1.82597 -11.9884 112.097
-1.06408 -11.5761 112.097
0.05439 -10.995 112.097
0.290871 -10.5733 112.097
-0.672691 -10.8782 112.097
-3.40102 -10.2655 112.097
-3.00964 -9.5676 112.097
66.9724 -38.8759 103.689
65.6571 -38.1382 103.689
67.4256 -38.0676 103.689
66.1104 -37.33 103.689
67.8789 -37.2594 103.689
66.5636 -36.5217 103.689
69.9424 -38.3693 59.2198
71.1697 -39.0577 59.2198
69.0147 -40.0233 59.2198
70.2422 -40.7116 59.2198
69.4061 -34.5362 50.3116
71.0703 -35.4695 50.3116
72.6703 -32.6166 50.3116
74.2702 -29.7638 50.3116
71.4692 -28.1928 50.3116
69.8692 -31.0457 50.3116
68.2692 -33.8985 50.3116
64.4728 -40.6679 50.3116
62.7037 -43.8224 50.3116
60.9347 -46.9768 50.3116
63.7357 -48.5477 50.3116
65.5048 -45.3932 50.3116
67.2739 -42.2388 50.3116
65.6097 -41.3055 50.3116
71.5651 -39.2794 1.32004
72.2093 -39.6407 1.32004
72.8535 -40.002 1.32004
70.6364 -40.9354 1.32004
71.2806 -41.2967 1.32004
71.9248 -41.6579 1.32004
31.9386 -30.7151 87.2825
38.9093 -34.6244 87.2825
36.4602 -38.9914 87.2825
29.4895 -35.0819 87.2825
32.9748 -37.0367 87.2825
49.4439 -15.8404 87.2825
47.1203 -14.5374 87.2825
44.7967 -13.2342 87.2825
42.4732 -11.9311 87.2825
43.7344 -9.68216 87.2825
44.9957 -7.43326 87.2825
47.3193 -8.73642 87.2825
49.6429 -10.0395 87.2825
51.9664 -11.3426 87.2825
50.7051 -13.5916 87.2825
38.9093 -34.6244 39.8184
42.5488 -36.6656 39.8184
46.1884 -38.7067 39.8184
43.7393 -43.0736 39.8184
40.0997 -41.0325 39.8184
36.4602 -38.9914 39.8184
49.4439 -15.8404 39.8184
59.2455 -15.425 39.8184
56.723 -19.9228 39.8184
53.0834 -17.8816 39.8184
51.9664 -11.3426 39.8184
43.7393 -43.0736 -8.26834
46.1884 -38.7067 -8.26834
49.7683 -40.7144 -8.26834
53.3482 -42.7221 -8.26834
50.899 -47.089 -8.26834
47.3192 -45.0813 -8.26834
63.8826 -23.9381 -8.26834
60.3028 -21.9305 -8.26834
56.723 -19.9228 -8.26834
59.2455 -15.425 -8.26834
62.8253 -17.4326 -8.26834
66.4052 -19.4403 -8.26834
50.899 -47.089 -85.4998
53.3482 -42.7221 -85.4998
57.1414 -44.8494 -85.4998
60.9347 -46.9768 -85.4998
58.4855 -51.3438 -85.4998
54.6922 -49.2164 -85.4998
63.8826 -23.9381 -85.4998
65.1439 -21.6892 -85.4998
66.4052 -19.4403 -85.4998
68.9341 -20.8586 -85.4998
71.4629 -22.2769 -85.4998
73.9918 -23.6951 -85.4998
72.7305 -25.944 -85.4998
71.4692 -28.1928 -85.4998
68.9403 -26.7746 -85.4998
66.4115 -25.3564 -85.4998
-0.402672 -23.4947 -78.4963
-2.62972 -22.2457 -78.4963
0.701698 -21.5255 -78.4963
-1.52535 -20.2765 -78.4963
1.80607 -19.5563 -78.4963
0.692543 -18.9318 -78.4963
-0.420982 -18.3073 -78.4963
18.4167 10.0616 -78.4963
16.1896 11.3106 -78.4963
19.521 12.0308 -78.4963
15.0852 9.3414 -78.4963
16.1987 8.71689 -78.4963
17.3123 8.09238 -78.4963
18.4075 12.6552 -78.4963
17.294 13.2798 -78.4963
-6.0595 -29.5768 -115.062
-4.73519 -27.2155 -115.062
-14.8038 -24.6728 -115.062
-13.4795 -22.3114 -115.062
-37.126 33.0066 -83.6525
-31.7118 29.9701 -83.6525
-26.2977 26.9337 -83.6525
-42.7088 23.0519 -83.6525
-37.2947 20.0155 -83.6525
-31.8806 16.9791 -83.6525
-48.2916 13.0973 -83.6525
-42.8775 10.0609 -83.6525
-37.4634 7.02457 -83.6525
-57.9624 8.04611 -83.6525
-51.1653 4.2341 -83.6525
-52.0602 2.63846 -83.6525
-45.6689 5.08365 -83.6525
-45.5846 11.5791 -83.6525
-51.083 8.12009 -83.6525
-48.376 6.60184 -83.6525
-47.562 0.115692 -83.6525
-43.0637 -2.40707 -83.6525
-42.1688 -0.811371 -83.6525
-40.2548 2.04721 -83.6525
-40.1704 8.54276 -83.6525
-42.9619 3.5654 -83.6525
-36.7306 -3.8613 -83.6525
-33.5015 1.89633 -83.6525
-30.2725 7.65396 -83.6525
-30.5521 7.81076 -83.6525
-34.7563 5.50638 -83.6525
-29.1735 15.4609 -83.6525
-34.672 12.0018 -83.6525
-31.9649 10.4836 -83.6525
-33.4028 4.74728 -83.6525
-30.6114 9.72452 -83.6525
-33.3606 7.99503 -83.6525
-32.0071 7.23587 -83.6525
-37.5478 0.529022 -83.6525
-31.3303 6.85629 -83.6525
-29.9346 9.34494 -83.6525
-31.3092 8.48019 -83.6525
-30.6325 8.10068 -83.6525
-27.82 14.7018 -83.6525
-30.5692 12.9723 -83.6525
-29.2157 12.2132 -83.6525
-23.5907 25.4155 -83.6525
-29.0891 21.9564 -83.6525
-26.3821 20.4382 -83.6525
-30.992 6.66653 -83.6525
-30.9814 7.47849 -83.6525
-30.643 7.28873 -83.6525
-32.726 4.36771 -83.6525
-32.7049 5.99155 -83.6525
-32.0282 5.61203 -83.6525
-36.1942 -0.230072 -83.6525
-36.1521 3.01767 -83.6525
-34.7985 2.25858 -83.6525
-27.1189 13.9324 -83.6525
-23.6858 20.0541 -83.6525
-20.2525 26.1758 -83.6525
-16.8193 32.2975 -83.6525
-20.9106 34.5919 -83.6525
-20.103 36.032 -83.6525
-23.5063 31.911 -83.6525
-20.7992 30.3928 -83.6525
-25.4483 39.0297 -83.6525
-30.7935 42.0274 -83.6525
-31.599 40.5912 -83.6525
-34.4189 31.4883 -83.6525
-28.9204 34.9474 -83.6525
-34.3346 37.9838 -83.6525
-31.6275 36.4656 -83.6525
-37.7694 44.0517 -83.6525
-41.808 36.8506 -83.6525
-45.8466 29.6495 -83.6525
-49.8852 22.4484 -83.6525
-53.9238 15.2472 -83.6525
24.6566 -43.6992 -91.0805
13.6961 -37.5523 -91.0805
2.73554 -31.4053 -91.0805
7.5684 -22.7879 -91.0805
14.8754 -26.886 -91.0805
22.1825 -30.984 -91.0805
29.4895 -35.0819 -91.0805
27.0731 -39.3906 -91.0805
44.9957 -7.43326 -91.0805
49.842 1.20798 -91.0805
23.0746 4.86075 -91.0805
27.9209 13.5019 -91.0805
38.8814 7.35495 -91.0805
-58.4193 28.3795 -61.1087
-58.4193 29.9035 -61.1087
-58.4193 31.4275 -61.1087
-58.4193 32.9514 -61.1087
-56.9044 28.3795 -61.1087
-56.9044 29.9035 -61.1087
-56.9044 31.4275 -61.1087
-56.9044 32.9514 -61.1087
-55.3895 25.3315 -61.1087
-55.3895 26.8554 -61.1087
-55.3895 28.3795 -61.1087
-55.3895 29.9035 -61.1087
-55.3895 31.4275 -61.1087
-55.3895 32.9514 -61.1087
-53.8746 25.3315 -61.1087
-53.8746 26.8554 -61.1087
-53.8746 28.3795 -61.1087
-53.8746 29.9035 -61.1087
-53.8746 31.4275 -61.1087
-52.3597 28.3795 -61.1087
-52.3597 29.9035 -61.1087
-52.3597 31.4275 -61.1087
-52.3597 32.9514 -61.1087
-50.8448 31.4275 -61.1087
-50.8448 32.9514 -61.1087
-56.5097 26.9389 -61.1087
-56.9011 26.2409 -61.1087
-57.2926 25.5429 -61.1087
-56.3233 24.9993 -61.1087
-55.3541 24.4557 -61.1087
-54.3848 23.9121 -61.1087
-53.8347 24.893 -61.1087
-53.2846 25.8739 -61.1087
-52.7345 26.8547 -61.1087
-52.1844 27.8357 -61.1087
-51.6343 28.8165 -61.1087
-51.0842 29.7975 -61.1087
-50.534 30.7783 -61.1087
-49.9839 31.7591 -61.1087
-49.4338 32.7401 -61.1087
-50.4031 33.2837 -61.1087
-51.3724 33.8272 -61.1087
-52.3416 34.3708 -61.1087
-52.8529 33.4592 -61.1087
-53.3641 32.5475 -61.1087
-54.2527 33.0459 -61.1087
-55.1412 33.5442 -61.1087
-55.5535 33.7217 -61.1087
-56.1469 32.9514 -61.1087
-55.9865 33.8402 -61.1087
-56.4318 33.8971 -61.1087
-56.8807 33.8916 -61.1087
-57.3244 33.8237 -61.1087
-57.6618 32.9514 -61.1087
-57.7543 33.6945 -61.1087
-58.1621 33.507 -61.1087
-58.5398 33.2644 -61.1087
-58.8801 32.9715 -61.1087
-59.1763 32.6342 -61.1087
-58.4193 32.1894 -61.1087
-59.1768 31.4275 -61.1087
-59.1768 32.1894 -61.1087
-59.4227 32.2589 -61.1087
-59.6144 31.8531 -61.1087
-59.7478 31.4244 -61.1087
-58.4193 30.6654 -61.1087
-59.1768 29.9035 -61.1087
-59.1768 30.6654 -61.1087
-59.8202 30.9814 -61.1087
-59.8302 30.5326 -61.1087
-59.7777 30.0868 -61.1087
-59.6636 29.6526 -61.1087
-58.4193 29.1414 -61.1087
-59.1768 29.1414 -61.1087
-59.4902 29.2386 -61.1087
-59.2609 28.8527 -61.1087
-58.9801 28.5025 -61.1087
-58.6532 28.1948 -61.1087
-58.2868 27.9355 -61.1087
-57.6618 28.3795 -61.1087
-57.3982 27.4372 -61.1087
-49.4338 32.7401 -65.7028
-45.5428 39.6781 -65.7028
-41.6517 46.6161 -65.7028
-45.2538 48.6361 -65.7028
-48.1442 43.4824 -65.7028
-51.6145 45.4287 -65.7028
-52.62 43.6357 -65.7028
-48.4555 41.3001 -65.7028
-52.3416 34.3708 -65.7028
-57.2926 25.5429 -65.7028
-61.3215 18.359 -65.7028
-65.4861 20.6945 -65.7028
-66.2416 19.3474 -65.7028
-62.7713 17.4012 -65.7028
-66.6976 10.4004 -65.7028
-63.0956 8.38022 -65.7028
-58.7402 16.1461 -65.7028
-54.3848 23.9121 -65.7028
-65.9512 22.296 -67.284
-63.2123 20.7599 -67.284
-60.483 32.0462 -67.284
-57.7441 30.5101 -67.284
-55.0052 28.974 -67.284
-55.0149 41.7962 -67.284
-52.2759 40.2602 -67.284
-49.537 38.7242 -67.284
-69.1547 22.752 -67.284
-65.9381 28.4873 -67.284
-62.7216 34.2226 -67.284
-59.5051 39.9579 -67.284
-56.2886 45.6931 -67.284
-52.62 43.6357 -67.284
-51.6145 45.4287 -67.284
-53.6454 41.0282 -67.284
-48.1442 43.4824 -67.284
-45.2538 48.6361 -67.284
-41.6517 46.6161 -67.284
-45.5428 39.6781 -67.284
-49.4338 32.7401 -67.284
-51.9093 28.326 -67.284
-54.3848 23.9121 -67.284
-57.2884 18.7348 -67.284
-60.192 13.5575 -67.284
-63.0956 8.38022 -67.284
-66.6976 10.4004 -67.284
-62.7713 17.4012 -67.284
-66.2416 19.3474 -67.284
-65.4861 20.6945 -67.284
-64.5817 21.5279 -67.284
57.8449 -31.6358 128.607
56.9532 -33.2257 128.607
62.5462 -34.2724 128.607
61.6545 -35.8623 128.607
6.38136 -6.12619 128.32
7.585 -3.98001 128.32
8.78864 -1.83383 128.32
10.1031 -2.57108 128.32
11.4176 -3.30826 128.32
12.1429 -3.715 128.32
10.9392 -5.86118 128.32
9.73563 -8.00729 128.32
9.01041 -7.60062 128.32
7.69587 -6.86343 128.32
8.72846 4.47165 114.199
3.81831 7.22543 114.199
-7.41201 13.5237 114.199
-11.6308 6.00131 114.199
-15.8496 -1.52115 114.199
-4.61932 -7.81949 114.199
0.290871 -10.5733 114.199
4.50968 -3.05081 114.199
57.4374 -29.0315 126.328
56.8842 -30.0179 126.328
55.7778 -31.9906 126.328
55.2246 -32.977 126.328
54.6715 -33.9635 126.328
50.794 -25.3057 126.328
50.2408 -26.292 126.328
49.6876 -27.2785 126.328
49.1344 -28.2648 126.328
48.5812 -29.2513 126.328
48.028 -30.2376 126.328
44.1505 -21.5798 126.328
43.5973 -22.5663 126.328
43.0441 -23.5526 126.328
42.4909 -24.539 126.328
41.9378 -25.5254 126.328
41.3846 -26.5117 126.328
37.507 -17.854 126.328
36.9538 -18.8404 126.328
30.8636 -14.1282 126.328
30.3104 -15.1146 126.328
29.7572 -16.101 126.328
29.204 -17.0874 126.328
28.6508 -18.0738 126.328
28.0976 -19.0602 126.328
24.2201 -10.4024 126.328
23.6669 -11.3888 126.328
23.1137 -12.3752 126.328
22.5606 -13.3615 126.328
22.0074 -14.348 126.328
21.4542 -15.3343 126.328
17.5767 -6.67654 126.328
17.0235 -7.66299 126.328
16.4703 -8.64932 126.328
15.9171 -9.63577 126.328
15.3639 -10.6222 126.328
14.8107 -11.6085 126.328
60.2786 -38.3157 126.328
61.6545 -35.8623 126.328
56.9532 -33.2257 126.328
57.8449 -31.6358 126.328
62.5462 -34.2724 126.328
64.0751 -31.5464 126.328
60.6827 -29.6438 126.328
55.8698 -26.9446 126.328
51.0569 -24.2455 126.328
46.2439 -21.5463 126.328
41.3476 -18.8003 126.328
36.4512 -16.0543 126.328
31.5549 -13.3083 126.328
26.6585 -10.5623 126.328
21.7622 -7.81625 126.328
16.8658 -5.07028 126.328
11.9695 -2.32431 126.328
11.4176 -3.30826 126.328
14.255 -4.81369 126.328
17.8533 -6.18344 126.328
14.5315 -4.32047 126.328
13.7018 -5.80002 126.328
17.3001 -7.16977 126.328
13.9783 -5.30692 126.328
12.1429 -3.715 126.328
12.3175 -4.37546 126.328
14.1166 -5.06027 126.328
12.4558 -4.12881 126.328
9.73563 -8.00729 126.328
9.01041 -7.60062 126.328
11.489 -9.74564 126.328
15.0873 -11.1153 126.328
12.0422 -8.75925 126.328
11.7656 -9.25241 126.328
11.9039 -9.00577 126.328
10.3813 -7.82773 126.328
10.243 -8.07437 126.328
15.6405 -10.1289 126.328
12.5953 -7.7728 126.328
12.3188 -8.26602 126.328
8.17307 -9.0936 126.328
14.5341 -12.1017 126.328
11.2124 -10.2388 126.328
13.0694 -11.8396 126.328
17.9658 -14.5856 126.328
22.8621 -17.3316 126.328
27.7585 -20.0775 126.328
32.6548 -22.8236 126.328
37.5512 -25.5695 126.328
42.4475 -28.3156 126.328
47.2604 -31.0148 126.328
52.0734 -33.714 126.328
56.8863 -36.4132 126.328
37.3278 -23.0218 126.328
34.486 -21.428 126.328
31.6443 -19.8343 126.328
33.0994 -17.2397 126.328
35.9411 -18.8334 126.328
38.7829 -20.4272 126.328
63.8826 -23.9381 93.8946
60.6827 -29.6438 93.8946
64.0751 -31.5464 93.8946
68.2692 -33.8985 93.8946
71.4692 -28.1928 93.8946
67.6759 -26.0655 93.8946
53.3482 -42.7221 93.8946
57.1414 -44.8494 93.8946
60.9347 -46.9768 93.8946
62.7037 -43.8224 93.8946
64.4728 -40.6679 93.8946
60.2786 -38.3157 93.8946
56.8863 -36.4132 93.8946
55.1172 -39.5677 93.8946
71.9248 -41.6579 -0.134231
70.6364 -40.9354 -0.134231
71.5651 -39.2794 -0.134231
72.8535 -40.002 -0.134231
73.607 -38.6584 -0.134231
74.3606 -37.3148 -0.134231
72.6768 -36.3705 -0.134231
71.9233 -37.7141 -0.134231
71.1697 -39.0577 -0.134231
70.2422 -40.7116 -0.134231
68.8804 -43.1398 -0.134231
70.5642 -44.0841 -0.134231
74.2702 -29.7638 -4.09274
72.6703 -32.6166 -4.09274
71.0703 -35.4695 -4.09274
72.6768 -36.3705 -4.09274
74.3606 -37.3148 -4.09274
75.9605 -34.4619 -4.09274
77.5605 -31.609 -4.09274
63.7357 -48.5477 -4.09274
67.026 -50.393 -4.09274
68.7951 -47.2386 -4.09274
70.5642 -44.0841 -4.09274
68.8804 -43.1398 -4.09274
67.2739 -42.2388 -4.09274
65.5048 -45.3932 -4.09274
70.2422 -40.7116 57.3895
69.0147 -40.0233 57.3895
69.9424 -38.3693 57.3895
71.1697 -39.0577 57.3895
72.6768 -36.3705 57.3895
71.0703 -35.4695 57.3895
69.4061 -34.5362 57.3895
67.8789 -37.2594 57.3895
66.9724 -38.8759 57.3895
65.6097 -41.3055 57.3895
67.2739 -42.2388 57.3895
68.8804 -43.1398 57.3895
31.7787 -24.5758 122.441
37.1513 -14.9959 122.441
21.6706 -18.907 122.441
27.0433 -9.32706 122.441
11.5626 -13.2381 122.441
16.9352 -3.65817 122.441
11.4176 -3.30826 122.441
8.78864 -1.83383 122.441
11.8812 -0.823761 122.441
6.38136 -6.12619 122.441
9.01041 -7.60062 122.441
6.50852 -10.4037 122.441
8.17307 -9.0936 122.441
15.028 -12.938 122.441
21.8829 -16.7824 122.441
28.7377 -20.6268 122.441
35.5926 -24.4712 122.441
42.4475 -28.3156 122.441
38.9093 -34.6244 122.441
31.9386 -30.7151 122.441
31.0175 -30.1985 122.441
23.5235 -25.9956 122.441
16.0296 -21.7928 122.441
8.53556 -17.59 122.441
1.04157 -13.3871 122.441
30.4355 -26.9707 122.441
36.8327 -27.4102 122.441
35.4895 -29.8052 122.441
29.764 -28.1682 122.441
32.9625 -28.388 122.441
34.818 -31.0027 122.441
32.291 -29.5854 122.441
20.3275 -21.3019 122.441
26.7246 -21.7414 122.441
25.3815 -24.1363 122.441
1.82597 -11.9884 122.441
10.2194 -15.6331 122.441
5.16538 -12.7987 122.441
0.05439 -10.995 122.441
0.290871 -10.5733 122.441
4.50968 -3.05081 122.441
8.72846 4.47165 122.441
9.11005 5.15207 122.441
2.63837 -11.3814 122.441
4.49378 -13.9961 122.441
1.96677 -12.5789 122.441
1.37486 -10.6728 122.441
2.30256 -11.9802 122.441
1.03907 -11.2716 122.441
3.98151 -8.98642 122.441
5.83695 -11.6011 122.441
3.30994 -10.1839 122.441
18.2784 -1.26321 122.441
13.2243 1.5712 122.441
13.8959 2.76865 122.441
10.6973 2.98843 122.441
10.8817 4.15848 122.441
11.5762 5.39688 122.441
19.0702 1.194 122.441
26.5642 -3.00882 122.441
34.0581 -7.21164 122.441
41.5521 -11.4145 122.441
42.4732 -11.9311 122.441
49.4439 -15.8404 122.441
38.4945 -12.601 122.441
43.5485 -15.4354 122.441
39.1661 -11.4034 122.441
44.2201 -14.2378 122.441
41.0215 -14.0182 122.441
41.6931 -12.8206 122.441
28.3864 -6.9321 122.441
33.4404 -9.76651 122.441
46.2439 -21.5463 122.441
39.389 -17.7019 122.441
32.5342 -13.8575 122.441
25.6793 -10.013 122.441
18.8244 -6.16867 122.441
11.9695 -2.32431 122.441
14.4082 -2.24094 122.441
24.6566 -43.6992 -104.588
27.0731 -39.3906 -104.588
29.4895 -35.0819 -104.588
36.4602 -38.9914 -104.588
43.7393 -43.0736 -104.588
50.899 -47.089 -104.588
48.4826 -51.3977 -104.588
46.0662 -55.7063 -104.588
38.9296 -51.704 -104.588
31.7932 -47.7016 -104.588
44.9957 -7.43326 -104.588
47.4188 -3.11264 -104.588
49.842 1.20798 -104.588
56.9784 -2.79434 -104.588
64.115 -6.79672 -104.588
71.2515 -10.7991 -104.588
68.8283 -15.1197 -104.588
66.4052 -19.4403 -104.588
59.2455 -15.425 -104.588
51.9664 -11.3426 -104.588
42.4475 -28.3156 116.828
40.6784 -31.47 116.828
38.9093 -34.6244 116.828
42.5488 -36.6656 116.828
46.1884 -38.7067 116.828
49.7683 -40.7144 116.828
53.3482 -42.7221 116.828
55.1172 -39.5677 116.828
56.8863 -36.4132 116.828
52.0734 -33.714 116.828
47.2604 -31.0148 116.828
60.6827 -29.6438 116.828
63.8826 -23.9381 116.828
56.723 -19.9228 116.828
49.4439 -15.8404 116.828
46.2439 -21.5463 116.828
53.4633 -25.5951 116.828
-16.8193 32.2975 -81.0327
-9.72643 28.3195 -81.0327
-2.63357 24.3416 -81.0327
-7.49917 15.6659 -81.0327
-10.6008 17.4054 -81.0327
-12.0303 14.8565 -81.0327
-17.0801 17.6886 -81.0327
-20.799 11.0576 -81.0327
-24.5178 4.42654 -81.0327
-30.2725 7.65396 -81.0327
-30.5521 7.81076 -81.0327
-25.463 8.73874 -81.0327
-27.2717 9.7532 -81.0327
-26.3385 7.17776 -81.0327
-28.1472 8.19211 -81.0327
-29.0515 8.69931 -81.0327
-28.5849 7.41159 -81.0327
-29.4893 7.91879 -81.0327
-29.9414 8.17239 -81.0327
-29.7081 7.52859 -81.0327
-30.1603 7.78207 -81.0327
-25.9745 15.973 -81.0327
-21.3969 24.1352 -81.0327
-27.0557 -5.39224 -85.5033
-0.420982 -18.3073 -85.5033
-8.98998 -13.5016 -85.5033
-6.56979 -9.18619 -85.5033
-24.9897 -1.70834 -85.5033
-18.4466 -10.2204 -85.5033
-16.3806 -6.53665 -85.5033
-13.7755 -5.14499 -85.5033
-20.9813 -1.10373 -85.5033
-16.5058 6.87631 -85.5033
-12.0303 14.8565 -85.5033
-17.0801 17.6886 -85.5033
-20.799 11.0576 -85.5033
-24.5178 4.42654 -85.5033
-30.2725 7.65396 -85.5033
-36.7306 -3.8613 -85.5033
-42.1688 -0.811371 -85.5033
-43.0637 -2.40707 -85.5033
-52.0602 2.63846 -85.5033
-51.1653 4.2341 -85.5033
-57.9624 8.04611 -85.5033
-59.8123 4.74771 -85.5033
-64.3286 7.28055 -85.5033
-64.7869 6.46335 -85.5033
-51.9601 -0.730377 -85.5033
-39.1332 -7.92404 -85.5033
-26.3064 -15.1177 -85.5033
-13.4795 -22.3114 -85.5033
-4.73519 -27.2155 -85.5033
2.73554 -31.4053 -85.5033
7.5684 -22.7879 -85.5033
1.80607 -19.5563 -85.5033
-0.402672 -23.4947 -85.5033
-2.62972 -22.2457 -85.5033
-18.7916 9.34317 -85.5033
-7.28292 28.9086 -85.5033
17.3123 8.09238 -85.5033
23.0746 4.86075 -85.5033
27.9209 13.5019 -85.5033
17.2446 19.4895 -85.5033
6.56843 25.477 -85.5033
-4.10778 31.4645 -85.5033
-14.784 37.4521 -85.5033
-25.4602 43.4396 -85.5033
-36.1365 49.4272 -85.5033
-36.4886 48.7993 -85.5033
-31.8355 44.9353 -85.5033
-36.0881 47.3202 -85.5033
-31.3541 45.7937 -85.5033
-35.6067 48.1787 -85.5033
-39.1384 50.2854 -85.5033
-40.6092 47.6628 -85.5033
-36.9083 45.5872 -85.5033
-37.7694 44.0517 -85.5033
-32.3169 44.0768 -85.5033
-36.5695 46.4618 -85.5033
-31.599 40.5912 -85.5033
-30.7935 42.0274 -85.5033
-15.788 33.6786 -85.5033
-20.103 36.032 -85.5033
-20.9106 34.5919 -85.5033
-6.32003 30.6255 -85.5033
-14.8252 35.3954 -85.5033
-16.8193 32.2975 -85.5033
-9.72643 28.3195 -85.5033
-2.63357 24.3416 -85.5033
-7.49917 15.6659 -85.5033
3.81071 9.32297 -85.5033
6.51621 14.1472 -85.5033
15.0852 9.3414 -85.5033
17.294 13.2798 -85.5033
19.521 12.0308 -85.5033
31.0175 -30.1985 108.991
28.9688 -33.8516 108.991
19.8043 -28.7119 108.991
10.6399 -23.5723 108.991
1.47547 -18.4326 108.991
-7.68896 -13.2929 108.991
-4.61932 -7.81949 108.991
-10.2345 -4.67026 108.991
-15.8496 -1.52115 108.991
-11.6308 6.00131 108.991
-7.41201 13.5237 108.991
-1.79687 10.3745 108.991
3.81831 7.22543 108.991
6.92454 12.7641 108.991
16.089 7.62442 108.991
25.2534 2.48477 108.991
34.4179 -2.65494 108.991
43.5823 -7.79453 108.991
41.5521 -11.4145 108.991
42.4732 -11.9311 108.991
44.9957 -7.43326 108.991
37.6887 -3.3353 108.991
30.3816 0.762665 108.991
23.0746 4.86075 108.991
17.3123 8.09238 108.991
15.0852 9.3414 108.991
6.51621 14.1472 108.991
3.81071 9.32297 108.991
-1.84423 12.4944 108.991
-7.49917 15.6659 108.991
-10.6008 17.4054 108.991
-12.0303 14.8565 108.991
-16.5058 6.87631 108.991
-20.9813 -1.10373 108.991
-13.7755 -5.14499 108.991
-6.56979 -9.18619 108.991
-8.98998 -13.5016 108.991
-0.420982 -18.3073 108.991
1.80607 -19.5563 108.991
7.5684 -22.7879 108.991
14.8754 -26.886 108.991
22.1825 -30.984 108.991
29.4895 -35.0819 108.991
31.9386 -30.7151 108.991
66.9724 -38.8759 101.377
65.6571 -38.1382 101.377
66.5636 -36.5217 101.377
67.8789 -37.2594 101.377
68.6426 -35.8977 101.377
69.4061 -34.5362 101.377
68.2692 -33.8985 101.377
66.1722 -32.7225 101.377
64.0751 -31.5464 101.377
63.3106 -32.9094 101.377
62.5462 -34.2724 101.377
61.6545 -35.8623 101.377
60.2786 -38.3157 101.377
62.3757 -39.4918 101.377
64.4728 -40.6679 101.377
65.6097 -41.3055 101.377
-14.8038 -24.6728 -119.089
-13.4795 -22.3114 -119.089
-27.6307 -17.4791 -119.089
-26.3064 -15.1177 -119.089
-40.4575 -10.2854 -119.089
-39.1332 -7.92404 -119.089
-53.2844 -3.09171 -119.089
-51.9601 -0.730377 -119.089
-66.1113 4.10196 -119.089
-64.7869 6.46335 -119.089
-58.3735 2.86642 -119.089
-52.6222 -1.91098 -119.089
-59.6978 0.505157 -119.089
-59.0357 1.68582 -119.089
-37.2738 53.6102 -119.089
-20.6572 44.2911 -119.089
-0.92025 33.222 -119.089
18.8167 22.1529 -119.089
38.5537 11.0838 -119.089
43.9966 8.0314 -119.089
64.418 -3.42154 -119.089
84.8393 -14.8745 -119.089
78.6054 -25.9901 -119.089
80.2077 -26.8888 -119.089
77.5605 -31.609 -119.089
74.2702 -29.7638 -119.089
71.4692 -28.1928 -119.089
73.9918 -23.6951 -119.089
66.4052 -19.4403 -119.089
71.2515 -10.7991 -119.089
49.842 1.20798 -119.089
27.9209 13.5019 -119.089
6.56843 25.477 -119.089
-14.784 37.4521 -119.089
-36.1365 49.4272 -119.089
-36.4886 48.7993 -119.089
-23.7808 43.5969 -119.089
-31.6677 48.0202 -119.089
-35.6111 50.2317 -119.089
-31.9507 47.5154 -119.089
-35.8942 49.7269 -119.089
-23.2146 44.6065 -119.089
-31.1015 49.0297 -119.089
-37.8659 50.8327 -119.089
-36.0357 49.4746 -119.089
-38.0074 50.5804 -119.089
-39.1384 50.2854 -119.089
-4.73519 -27.2155 -119.089
2.73554 -31.4053 -119.089
13.6961 -37.5523 -119.089
24.6566 -43.6992 -119.089
35.3614 -49.7029 -119.089
46.0662 -55.7063 -119.089
50.899 -47.089 -119.089
58.4855 -51.3438 -119.089
60.9347 -46.9768 -119.089
63.7357 -48.5477 -119.089
67.026 -50.393 -119.089
64.4189 -55.0417 -119.089
62.8217 -54.1459 -119.089
56.2438 -51.8603 -119.089
56.7925 -50.8819 -119.089
60.3544 -54.1655 -119.089
60.9031 -53.1873 -119.089
56.8225 -64.8429 -119.089
55.7084 -64.218 -119.089
55.0698 -63.8599 -119.089
47.2558 -59.4776 -119.089
40.5581 -55.7214 -119.089
33.8605 -51.9651 -119.089
24.4731 -46.7003 -119.089
15.0856 -41.4356 -119.089
5.6981 -36.1708 -119.089
-3.68938 -30.9061 -119.089
-6.0595 -29.5768 -119.089
51.8547 -59.6866 -119.089
51.306 -60.6648 -119.089
55.9652 -61.9919 -119.089
55.4166 -62.9701 -119.089
-81.7843 17.0703 -116.471
-75.9657 13.807 -116.471
-70.1471 10.5439 -116.471
-64.3286 7.28055 -116.471
-64.7869 6.46335 -116.471
-66.1113 4.10196 -116.471
-67.3837 1.83328 -116.471
-70.1327 6.95535 -116.471
-67.9071 5.70718 -116.471
-69.3537 8.34445 -116.471
-67.1281 7.09628 -116.471
-71.5271 4.15701 -116.471
-75.6705 6.48074 -116.471
-80.2549 9.05191 -116.471
-84.8393 11.623 -116.471
-81.7843 17.0703 -67.2841
-70.3323 37.4901 -67.2841
-58.8803 57.9098 -67.2841
-48.0495 51.8355 -67.2841
-40.6092 47.6628 -67.2841
-36.9083 45.5872 -67.2841
-59.3463 31.3287 -67.2841
-53.7434 28.1865 -67.2841
-53.5057 41.7428 -67.2841
-47.9029 38.6006 -67.2841
-37.7694 44.0517 -67.2841
-47.8659 26.0489 -67.2841
-57.9624 8.04611 -67.2841
-59.8123 4.74771 -67.2841
-45.1014 37.0294 -67.2841
-44.9826 43.8076 -67.2841
-42.1812 42.2365 -67.2841
-65.1868 20.9147 -67.2841
-59.5839 17.7724 -67.2841
-64.3286 7.28055 -67.2841
-66.3455 26.0515 -57.9254
-66.3455 22.0686 -57.9254
-63.3293 30.0346 -57.9254
-63.3293 26.0515 -57.9254
-63.3293 22.0686 -57.9254
-60.3132 34.0175 -57.9254
-60.3132 30.0346 -57.9254
-60.3132 26.0515 -57.9254
-60.3132 22.0686 -57.9254
-57.297 41.9835 -57.9254
-57.297 38.0005 -57.9254
-54.2808 41.9835 -57.9254
-54.2808 38.0005 -57.9254
-51.2647 38.0005 -57.9254
-69.1547 22.752 -57.9254
-67.7251 25.3011 -57.9254
-66.2955 27.8501 -57.9254
-64.866 30.3991 -57.9254
-63.4364 32.9481 -57.9254
-62.0069 35.4971 -57.9254
-60.5773 38.0461 -57.9254
-59.1477 40.5951 -57.9254
-57.7182 43.1441 -57.9254
-56.2886 45.6931 -57.9254
-54.4543 44.6644 -57.9254
-52.62 43.6357 -57.9254
-50.5378 42.4678 -57.9254
-48.4555 41.3001 -57.9254
-49.7509 38.9903 -57.9254
-51.0463 36.6806 -57.9254
-52.3416 34.3708 -57.9254
-53.3641 32.5475 -57.9254
-55.1412 33.5442 -57.9254
-55.5535 33.7217 -57.9254
-54.2808 36.0091 -57.9254
-57.297 36.0091 -57.9254
-55.7889 38.0005 -57.9254
-55.7889 36.0091 -57.9254
-55.9865 33.8402 -57.9254
-60.3132 32.026 -57.9254
-58.8051 34.0175 -57.9254
-56.4318 33.8971 -57.9254
-56.8807 33.8916 -57.9254
-57.3244 33.8237 -57.9254
-60.3132 36.0091 -57.9254
-58.8051 38.0005 -57.9254
-58.8051 36.0091 -57.9254
-57.7543 33.6945 -57.9254
-58.1621 33.507 -57.9254
-58.5398 33.2644 -57.9254
-58.8801 32.9715 -57.9254
-60.3132 33.0218 -57.9254
-59.5591 34.0175 -57.9254
-59.5591 33.0218 -57.9254
-61.8213 30.0346 -57.9254
-61.8213 34.0175 -57.9254
-61.8213 32.026 -57.9254
-59.1763 32.6342 -57.9254
-59.4227 32.2589 -57.9254
-59.6144 31.8531 -57.9254
-60.3132 31.0303 -57.9254
-58.8051 26.0515 -57.9254
-60.3132 28.0431 -57.9254
-59.7478 31.4244 -57.9254
-59.8202 30.9814 -57.9254
-59.8302 30.5326 -57.9254
-59.7777 30.0868 -57.9254
-59.6636 29.6526 -57.9254
-59.5591 28.0431 -57.9254
-60.3132 29.0388 -57.9254
-61.8213 26.0515 -57.9254
-63.3293 28.0431 -57.9254
-61.8213 28.0431 -57.9254
-59.4902 29.2386 -57.9254
-59.2609 28.8527 -57.9254
-58.9801 28.5025 -57.9254
-58.6532 28.1948 -57.9254
-58.2868 27.9355 -57.9254
-57.297 27.0474 -57.9254
-58.051 26.0515 -57.9254
-58.8051 27.0474 -57.9254
-58.051 27.0474 -57.9254
-60.3132 24.0601 -57.9254
-58.8051 24.0601 -57.9254
-56.5097 26.9389 -57.9254
-57.2926 25.5429 -57.9254
-58.6356 23.1482 -57.9254
-59.9786 20.7536 -57.9254
-61.3215 18.359 -57.9254
-63.4038 19.5268 -57.9254
-65.4861 20.6945 -57.9254
-67.3204 21.7234 -57.9254
-54.2808 34.0175 -57.9254
-37.2738 53.6102 -130.702
-40.6092 47.6628 -130.702
-48.0495 51.8355 -130.702
-58.8803 57.9098 -130.702
-54.992 64.8429 -130.702
-46.7072 60.1966 -130.702
-36.7209 54.596 -130.702
-47.8006 56.2529 -130.702
-46.8091 58.0208 -130.702
-43.1415 53.6399 -130.702
-42.1499 55.4079 -130.702
-41.6542 56.2918 -130.702
-39.8204 54.1013 -130.702
-39.3246 54.9853 -130.702
-27.9353 31.5503 -130.696
-35.4054 18.2306 -130.696
-42.8755 4.91092 -130.696
8.27134 11.2446 -130.696
0.801247 -2.0751 -130.696
-6.66885 -15.3948 -130.696
44.4779 -9.06107 -130.696
37.0079 -22.3808 -130.696
29.5378 -35.7006 -130.696
-37.2738 53.6102 -130.696
-20.6572 44.2911 -130.696
-0.92025 33.222 -130.696
18.8167 22.1529 -130.696
38.5537 11.0838 -130.696
43.9966 8.0314 -130.696
64.418 -3.42154 -130.696
84.8393 -14.8745 -130.696
48.213 -2.40121 -130.696
26.3746 1.09177 -130.696
12.0064 17.9045 -130.696
30.1097 7.75162 -130.696
78.6054 -25.9901 -130.696
80.2077 -26.8888 -130.696
62.5812 -19.214 -130.696
66.3163 -12.554 -130.696
71.6329 -24.2904 -130.696
64.4487 -15.884 -130.696
75.3679 -17.6305 -130.696
73.5004 -20.9605 -130.696
55.1112 -32.5337 -130.696
40.7429 -15.721 -130.696
58.8462 -25.8738 -130.696
76.1587 -26.8286 -130.696
72.5667 -22.6254 -130.696
78.0262 -23.4987 -130.696
77.0925 -25.1636 -130.696
67.8978 -30.9503 -130.696
60.7137 -22.5439 -130.696
69.7654 -27.6203 -130.696
77.5605 -31.609 -130.696
74.3606 -37.3148 -130.696
72.8535 -40.002 -130.696
71.9248 -41.6579 -130.696
70.5642 -44.0841 -130.696
67.026 -50.393 -130.696
64.4189 -55.0417 -130.696
64.1628 -37.6101 -130.696
56.9786 -29.2038 -130.696
66.0303 -34.2802 -130.696
47.6411 -45.8534 -130.696
33.2728 -29.0407 -130.696
51.3761 -39.1936 -130.696
68.6886 -40.1483 -130.696
65.0966 -35.9452 -130.696
70.5562 -36.8184 -130.696
69.6224 -38.4834 -130.696
60.4277 -44.2699 -130.696
53.2436 -35.8636 -130.696
62.2953 -40.94 -130.696
62.8217 -54.1459 -130.696
56.6927 -50.9298 -130.696
49.5086 -42.5235 -130.696
58.5602 -47.5999 -130.696
25.8027 -42.3604 -130.696
43.906 -52.5132 -130.696
61.2185 -53.468 -130.696
57.6265 -49.2649 -130.696
63.0861 -50.1381 -130.696
62.1523 -51.8031 -130.696
52.9576 -57.5897 -130.696
45.7735 -49.1834 -130.696
54.8252 -54.2597 -130.696
56.8225 -64.8429 -130.696
55.7084 -64.218 -130.696
55.0698 -63.8599 -130.696
47.2558 -59.4776 -130.696
33.8605 -51.9651 -130.696
15.0856 -41.4356 -130.696
-3.68938 -30.9061 -130.696
-6.0595 -29.5768 -130.696
-14.8038 -24.6728 -130.696
-40.4575 -10.2854 -130.696
-66.1113 4.10196 -130.696
42.0385 -55.8432 -130.696
51.0902 -60.9196 -130.696
55.616 -63.4579 -130.696
52.0239 -59.2547 -130.696
57.4835 -60.128 -130.696
56.5498 -61.7929 -130.696
53.3531 -62.1888 -130.696
46.5643 -58.3814 -130.696
23.9352 -45.6903 -130.696
34.8543 -47.4369 -130.696
-10.4039 -22.0547 -130.696
11.4345 -25.5476 -130.696
7.69941 -32.2076 -130.696
5.83189 -35.5374 -130.696
-1.35223 -27.1311 -130.696
-46.6105 -1.74899 -130.696
-24.7722 -5.24197 -130.696
-28.5072 -11.9018 -130.696
-67.3837 1.83328 -130.696
-60.9788 15.0638 -130.696
-64.7138 8.4039 -130.696
-48.478 -5.07889 -130.696
-66.5813 5.07394 -130.696
-55.6622 3.32742 -130.696
-57.5297 -0.00253296 -130.696
-62.0555 2.53574 -130.696
-73.7655 13.4803 -130.696
-75.633 10.1504 -130.696
-75.6705 6.48074 -130.696
-84.8393 11.623 -130.696
-81.7843 17.0703 -130.696
-70.3323 37.4901 -130.696
-58.8803 57.9098 -130.696
-48.0495 51.8355 -130.696
-40.6092 47.6628 -130.696
-24.2002 38.2102 -130.696
-46.0386 41.7032 -130.696
-39.1384 50.2854 -130.696
-22.3327 41.5401 -130.696
-33.2519 43.2866 -130.696
-31.3844 46.6165 -130.696
-9.83199 21.3975 -130.696
-6.09695 28.0573 -130.696
-38.9415 50.6365 -130.702
-38.9415 50.6365 -118.734
-40.6092 47.6628 -115.632
-40.6092 47.6628 -100.567
-39.1384 50.2854 -115.632
-39.1384 50.2854 -100.567
-44.3294 49.7492 -130.702
-44.3294 49.7492 -118.734
-48.0495 51.8355 -109.559
-48.0495 51.8355 -88.4213
-44.3294 49.7492 -130.696
-44.3294 49.7492 -109.559
-44.3294 49.7492 -88.4213
-44.3294 49.7492 -67.2841
-40.6092 47.6628 -109.559
-40.6092 47.6628 -88.4213
-37.2738 53.6102 -124.718
-36.7209 54.596 -124.718
78.6054 -25.9901 -124.893
80.2077 -26.8888 -124.893
74.3606 -37.3148 -99.045
74.3606 -37.3148 -67.3942
74.3606 -37.3148 -35.7435
77.5605 -31.609 -99.045
77.5605 -31.609 -67.3942
77.5605 -31.609 -35.7435
72.8535 -40.002 -114.376
72.8535 -40.002 -98.0554
72.8535 -40.002 -81.7352
72.8535 -40.002 -65.415
72.8535 -40.002 -49.0948
72.8535 -40.002 -32.7746
72.8535 -40.002 -16.4544
74.3606 -37.3148 -114.376
74.3606 -37.3148 -98.0554
74.3606 -37.3148 -81.7352
74.3606 -37.3148 -65.415
74.3606 -37.3148 -49.0948
74.3606 -37.3148 -32.7746
74.3606 -37.3148 -16.4544
71.9248 -41.6579 -125.195
71.9248 -41.6579 -119.694
71.9248 -41.6579 -114.194
71.9248 -41.6579 -108.693
71.9248 -41.6579 -103.192
71.9248 -41.6579 -97.6918
71.9248 -41.6579 -92.1911
71.9248 -41.6579 -86.6905
71.9248 -41.6579 -81.1898
71.9248 -41.6579 -75.6892
71.9248 -41.6579 -70.1885
71.9248 -41.6579 -64.6878
71.9248 -41.6579 -59.1872
71.9248 -41.6579 -53.6865
71.9248 -41.6579 -48.1859
71.9248 -41.6579 -42.6852
71.9248 -41.6579 -37.1846
71.9248 -41.6579 -31.6839
71.9248 -41.6579 -26.1832
71.9248 -41.6579 -20.6826
71.9248 -41.6579 -15.1819
71.9248 -41.6579 -9.68127
71.9248 -41.6579 -4.18062
72.3892 -40.8299 -130.696
72.3892 -40.8299 -125.195
72.3892 -40.8299 -119.694
72.3892 -40.8299 -114.194
72.3892 -40.8299 -108.693
72.3892 -40.8299 -103.192
72.3892 -40.8299 -97.6918
72.3892 -40.8299 -92.1911
72.3892 -40.8299 -86.6905
72.3892 -40.8299 -81.1898
72.3892 -40.8299 -75.6892
72.3892 -40.8299 -70.1885
72.3892 -40.8299 -64.6878
72.3892 -40.8299 -59.1872
72.3892 -40.8299 -53.6865
72.3892 -40.8299 -48.1859
72.3892 -40.8299 -42.6852
72.3892 -40.8299 -37.1846
72.3892 -40.8299 -31.6839
72.3892 -40.8299 -26.1832
72.3892 -40.8299 -20.6826
72.3892 -40.8299 -15.1819
72.3892 -40.8299 -9.68127
72.3892 -40.8299 -4.18062
72.3892 -40.8299 1.32004
72.8535 -40.002 -125.195
72.8535 -40.002 -119.694
72.8535 -40.002 -114.194
72.8535 -40.002 -108.693
72.8535 -40.002 -103.192
72.8535 -40.002 -97.6918
72.8535 -40.002 -92.1911
72.8535 -40.002 -86.6905
72.8535 -40.002 -81.1898
72.8535 -40.002 -75.6892
72.8535 -40.002 -70.1885
72.8535 -40.002 -64.6878
72.8535 -40.002 -59.1872
72.8535 -40.002 -53.6865
72.8535 -40.002 -48.1859
72.8535 -40.002 -42.6852
72.8535 -40.002 -37.1846
72.8535 -40.002 -31.6839
72.8535 -40.002 -26.1832
72.8535 -40.002 -20.6826
72.8535 -40.002 -15.1819
72.8535 -40.002 -9.68127
72.8535 -40.002 -4.18062
70.5642 -44.0841 -114.376
70.5642 -44.0841 -98.0554
70.5642 -44.0841 -81.7352
70.5642 -44.0841 -65.415
70.5642 -44.0841 -49.0948
70.5642 -44.0841 -32.7746
70.5642 -44.0841 -16.4544
71.9248 -41.6579 -114.376
71.9248 -41.6579 -98.0554
71.9248 -41.6579 -81.7352
71.9248 -41.6579 -65.415
71.9248 -41.6579 -49.0948
71.9248 -41.6579 -32.7746
71.9248 -41.6579 -16.4544
67.026 -50.393 -88.4947
67.026 -50.393 -46.2937
70.5642 -44.0841 -88.4947
70.5642 -44.0841 -46.2937
62.8217 -54.1459 -126.827
62.8217 -54.1459 -122.958
63.6203 -54.5938 -130.696
63.6203 -54.5938 -126.827
63.6203 -54.5938 -122.958
63.6203 -54.5938 -119.089
64.4189 -55.0417 -126.827
64.4189 -55.0417 -122.958
55.7084 -64.218 -127.794
55.7084 -64.218 -124.893
55.7084 -64.218 -121.991
56.2654 -64.5305 -130.696
56.2654 -64.5305 -127.794
56.2654 -64.5305 -124.893
56.2654 -64.5305 -121.991
56.2654 -64.5305 -119.089
56.8225 -64.8429 -127.794
56.8225 -64.8429 -124.893
56.8225 -64.8429 -121.991
55.0698 -63.8599 -126.827
55.0698 -63.8599 -122.958
55.7084 -64.218 -126.827
55.7084 -64.218 -122.958
-64.7869 6.46335 -111.31
-64.7869 6.46335 -106.148
-64.7869 6.46335 -100.987
-64.7869 6.46335 -95.8258
-64.7869 6.46335 -90.6645
-64.3286 7.28055 -111.31
-64.3286 7.28055 -106.148
-64.3286 7.28055 -100.987
-64.3286 7.28055 -95.8258
-64.3286 7.28055 -90.6645
-83.3118 14.3466 -116.471
-83.3118 14.3466 -130.696
-5.98193 -3.18094 115.328
-5.98193 -3.18094 114.199
-8.59911 4.22086 115.328
-0.918541 5.84738 114.199
-0.918541 5.84738 115.328
1.69868 -1.55441 115.328
8.72846 4.47165 118.993
8.72846 4.47165 115.545
9.11005 5.15207 118.993
9.11005 5.15207 115.545
0.05439 -10.995 119.855
0.05439 -10.995 117.269
0.05439 -10.995 114.683
0.290871 -10.5733 119.855
0.290871 -10.5733 117.269
0.290871 -10.5733 114.683
10.8817 4.15848 117.269
11.5762 5.39688 117.269
1.04157 -13.3871 117.269
1.82597 -11.9884 117.269
49.4439 -15.8404 97.5756
49.4439 -15.8404 78.3232
49.4439 -15.8404 59.0708
53.0834 -17.8816 116.828
53.0834 -17.8816 97.5756
53.0834 -17.8816 78.3232
53.0834 -17.8816 59.0708
56.723 -19.9228 97.5756
56.723 -19.9228 78.3232
56.723 -19.9228 59.0708
56.723 -19.9228 75.1293
56.723 -19.9228 33.4304
63.8826 -23.9381 75.1293
63.8826 -23.9381 33.4304
41.5521 -11.4145 117.958
41.5521 -11.4145 113.475
42.4732 -11.9311 117.958
42.4732 -11.9311 113.475
16.0296 -21.7928 112.097
31.0175 -30.1985 111.681
31.0175 -30.1985 114.371
31.0175 -30.1985 117.061
31.0175 -30.1985 119.751
31.4781 -30.4568 108.991
31.4781 -30.4568 111.681
31.4781 -30.4568 114.371
31.4781 -30.4568 117.061
31.4781 -30.4568 119.751
31.4781 -30.4568 122.441
31.9386 -30.7151 111.681
31.9386 -30.7151 114.371
31.9386 -30.7151 117.061
31.9386 -30.7151 119.751
69.4061 -34.5362 53.8506
70.2382 -35.0028 57.3895
70.2382 -35.0028 53.8506
70.2382 -35.0028 50.3116
71.0703 -35.4695 53.8506
68.2692 -33.8985 94.082
68.2692 -33.8985 86.787
68.2692 -33.8985 79.4919
68.2692 -33.8985 72.1968
68.2692 -33.8985 64.9017
68.2692 -33.8985 57.6067
69.4061 -34.5362 94.082
69.4061 -34.5362 86.787
69.4061 -34.5362 79.4919
69.4061 -34.5362 72.1968
69.4061 -34.5362 64.9017
69.4061 -34.5362 57.6067
60.6827 -29.6438 110.111
64.0751 -31.5464 110.111
71.0703 -35.4695 47.1425
71.0703 -35.4695 36.8954
71.0703 -35.4695 26.6484
71.0703 -35.4695 16.4013
71.0703 -35.4695 6.1543
72.6768 -36.3705 47.1425
72.6768 -36.3705 36.8954
72.6768 -36.3705 26.6484
72.6768 -36.3705 16.4013
72.6768 -36.3705 6.1543
29.1067 -11.9353 126.328
29.1067 -11.9353 122.441
68.2692 -33.8985 72.1031
71.4692 -28.1928 72.1031
60.9347 -46.9768 64.8393
60.9347 -46.9768 79.3669
62.7037 -43.8224 64.8393
62.7037 -43.8224 79.3669
64.4728 -40.6679 64.8393
64.4728 -40.6679 79.3669
65.6097 -41.3055 53.8506
66.4418 -41.7722 50.3116
66.4418 -41.7722 53.8506
66.4418 -41.7722 57.3895
67.2739 -42.2388 53.8506
64.4728 -40.6679 57.6067
64.4728 -40.6679 64.9017
64.4728 -40.6679 72.1968
64.4728 -40.6679 79.4919
64.4728 -40.6679 86.787
64.4728 -40.6679 94.082
65.6097 -41.3055 57.6067
65.6097 -41.3055 64.9017
65.6097 -41.3055 72.1968
65.6097 -41.3055 79.4919
65.6097 -41.3055 86.787
65.6097 -41.3055 94.082
56.8863 -36.4132 110.111
60.2786 -38.3157 110.111
67.2739 -42.2388 6.1543
67.2739 -42.2388 16.4013
67.2739 -42.2388 26.6484
67.2739 -42.2388 36.8954
67.2739 -42.2388 47.1425
68.8804 -43.1398 6.1543
68.8804 -43.1398 16.4013
68.8804 -43.1398 26.6484
68.8804 -43.1398 36.8954
68.8804 -43.1398 47.1425
25.3103 -18.7046 122.441
25.3103 -18.7046 126.328
49.6669 -32.3643 116.828
49.6669 -32.3643 126.328
38.9093 -34.6244 78.3232
46.1884 -38.7067 78.3232
46.1884 -38.7067 33.4304
46.1884 -38.7067 75.1293
53.3482 -42.7221 33.4304
53.3482 -42.7221 75.1293
53.3482 -42.7221 -40.6512
53.3482 -42.7221 4.19737
53.3482 -42.7221 49.046
60.9347 -46.9768 -40.6512
60.9347 -46.9768 4.19737
60.9347 -46.9768 49.046
60.9347 -46.9768 -100.267
60.9347 -46.9768 -81.4448
60.9347 -46.9768 -62.6224
60.9347 -46.9768 -43.8001
60.9347 -46.9768 -24.9777
60.9347 -46.9768 -6.15541
60.9347 -46.9768 12.6669
60.9347 -46.9768 31.4893
63.7357 -48.5477 -100.267
63.7357 -48.5477 -81.4448
63.7357 -48.5477 -62.6224
63.7357 -48.5477 -43.8001
63.7357 -48.5477 -24.9777
63.7357 -48.5477 -6.15541
63.7357 -48.5477 12.6669
63.7357 -48.5477 31.4893
63.7357 -48.5477 -99.9233
63.7357 -48.5477 -80.7572
63.7357 -48.5477 -61.5911
63.7357 -48.5477 -42.425
63.7357 -48.5477 -23.2588
67.026 -50.393 -99.9233
67.026 -50.393 -80.7572
67.026 -50.393 -61.5911
67.026 -50.393 -42.425
67.026 -50.393 -23.2588
36.4602 -38.9914 63.5505
38.9093 -34.6244 63.5505
49.4439 -15.8404 51.6845
49.4439 -15.8404 63.5505
49.4439 -15.8404 75.4165
50.7051 -13.5916 39.8184
50.7051 -13.5916 51.6845
50.7051 -13.5916 63.5505
50.7051 -13.5916 75.4165
51.9664 -11.3426 51.6845
51.9664 -11.3426 63.5505
51.9664 -11.3426 75.4165
43.7393 -43.0736 15.775
46.1884 -38.7067 15.775
56.723 -19.9228 15.775
59.2455 -15.425 15.775
50.899 -47.089 -59.756
50.899 -47.089 -34.0122
53.3482 -42.7221 -59.756
53.3482 -42.7221 -34.0122
63.8826 -23.9381 -59.756
63.8826 -23.9381 -34.0122
66.4052 -19.4403 -59.756
66.4052 -19.4403 -34.0122
63.8826 -23.9381 68.2668
63.8826 -23.9381 42.6391
63.8826 -23.9381 17.0113
63.8826 -23.9381 -8.61652
63.8826 -23.9381 -34.2443
63.8826 -23.9381 -59.8721
67.6759 -26.0655 68.2668
67.6759 -26.0655 42.6391
67.6759 -26.0655 17.0113
67.6759 -26.0655 -8.61652
67.6759 -26.0655 -34.2443
67.6759 -26.0655 -59.8721
67.6759 -26.0655 -85.4998
71.4692 -28.1928 68.2668
71.4692 -28.1928 42.6391
71.4692 -28.1928 17.0113
71.4692 -28.1928 -8.61652
71.4692 -28.1928 -34.2443
71.4692 -28.1928 -59.8721
74.2702 -29.7638 -23.2588
74.2702 -29.7638 -42.425
74.2702 -29.7638 -61.5911
74.2702 -29.7638 -80.7572
74.2702 -29.7638 -99.9233
77.5605 -31.609 -23.2588
77.5605 -31.609 -42.425
77.5605 -31.609 -61.5911
77.5605 -31.609 -80.7572
77.5605 -31.609 -99.9233
71.4692 -28.1928 40.9004
71.4692 -28.1928 31.4893
71.4692 -28.1928 22.0781
71.4692 -28.1928 12.6669
71.4692 -28.1928 3.25577
71.4692 -28.1928 -6.15541
71.4692 -28.1928 -15.5666
71.4692 -28.1928 -24.9777
71.4692 -28.1928 -34.3889
71.4692 -28.1928 -43.8001
71.4692 -28.1928 -53.2113
71.4692 -28.1928 -62.6224
71.4692 -28.1928 -72.0336
71.4692 -28.1928 -81.4448
71.4692 -28.1928 -90.8559
71.4692 -28.1928 -100.267
71.4692 -28.1928 -109.678
72.8697 -28.9783 50.3116
72.8697 -28.9783 40.9004
72.8697 -28.9783 31.4893
72.8697 -28.9783 22.0781
72.8697 -28.9783 12.6669
72.8697 -28.9783 3.25577
72.8697 -28.9783 -6.15541
72.8697 -28.9783 -15.5666
72.8697 -28.9783 -24.9777
72.8697 -28.9783 -34.3889
72.8697 -28.9783 -43.8001
72.8697 -28.9783 -53.2113
72.8697 -28.9783 -62.6224
72.8697 -28.9783 -72.0336
72.8697 -28.9783 -81.4448
72.8697 -28.9783 -90.8559
72.8697 -28.9783 -100.267
72.8697 -28.9783 -109.678
72.8697 -28.9783 -119.089
74.2702 -29.7638 40.9004
74.2702 -29.7638 31.4893
74.2702 -29.7638 22.0781
74.2702 -29.7638 12.6669
74.2702 -29.7638 3.25577
74.2702 -29.7638 -6.15541
74.2702 -29.7638 -15.5666
74.2702 -29.7638 -24.9777
74.2702 -29.7638 -34.3889
74.2702 -29.7638 -43.8001
74.2702 -29.7638 -53.2113
74.2702 -29.7638 -62.6224
74.2702 -29.7638 -72.0336
74.2702 -29.7638 -81.4448
74.2702 -29.7638 -90.8559
74.2702 -29.7638 -100.267
74.2702 -29.7638 -109.678
-0.420982 -18.3073 -64.0742
-0.420982 -18.3073 -49.652
-0.420982 -18.3073 -35.2299
-0.420982 -18.3073 -20.8078
-0.420982 -18.3073 -6.38562
-0.420982 -18.3073 8.03652
-0.420982 -18.3073 22.4586
-0.420982 -18.3073 36.8808
-0.420982 -18.3073 51.3029
-0.420982 -18.3073 65.7251
-0.420982 -18.3073 80.1472
-0.420982 -18.3073 94.5693
1.80607 -19.5563 -64.0742
1.80607 -19.5563 -49.652
1.80607 -19.5563 -35.2299
1.80607 -19.5563 -20.8078
1.80607 -19.5563 -6.38562
1.80607 -19.5563 8.03652
1.80607 -19.5563 22.4586
1.80607 -19.5563 36.8808
1.80607 -19.5563 51.3029
1.80607 -19.5563 65.7251
1.80607 -19.5563 80.1472
1.80607 -19.5563 94.5693
7.5684 -22.7879 8.95549
29.4895 -35.0819 8.95549
-8.98998 -13.5016 -36.8796
-8.98998 -13.5016 11.7441
-8.98998 -13.5016 60.3678
-0.420982 -18.3073 -36.8796
-0.420982 -18.3073 11.7441
-0.420982 -18.3073 60.3678
1.80607 -19.5563 -66.0538
1.80607 -19.5563 -46.6043
1.80607 -19.5563 -27.1548
1.80607 -19.5563 -7.70537
1.80607 -19.5563 11.7441
1.80607 -19.5563 31.1936
1.80607 -19.5563 50.6431
1.80607 -19.5563 70.0925
1.80607 -19.5563 89.542
4.68723 -21.1721 -85.5033
4.68723 -21.1721 -66.0538
4.68723 -21.1721 -46.6043
4.68723 -21.1721 -27.1548
4.68723 -21.1721 -7.70537
4.68723 -21.1721 11.7441
4.68723 -21.1721 31.1936
4.68723 -21.1721 50.6431
4.68723 -21.1721 70.0925
4.68723 -21.1721 89.542
4.68723 -21.1721 108.991
7.5684 -22.7879 -66.0538
7.5684 -22.7879 -46.6043
7.5684 -22.7879 -27.1548
7.5684 -22.7879 -7.70537
7.5684 -22.7879 11.7441
7.5684 -22.7879 31.1936
7.5684 -22.7879 50.6431
7.5684 -22.7879 70.0925
7.5684 -22.7879 89.542
15.0852 9.3414 94.5693
15.0852 9.3414 80.1472
15.0852 9.3414 65.7251
15.0852 9.3414 51.3029
15.0852 9.3414 36.8808
15.0852 9.3414 22.4586
15.0852 9.3414 8.03652
15.0852 9.3414 -6.38562
15.0852 9.3414 -20.8078
15.0852 9.3414 -35.2299
15.0852 9.3414 -49.652
15.0852 9.3414 -64.0742
17.3123 8.09238 94.5693
17.3123 8.09238 80.1472
17.3123 8.09238 65.7251
17.3123 8.09238 51.3029
17.3123 8.09238 36.8808
17.3123 8.09238 22.4586
17.3123 8.09238 8.03652
17.3123 8.09238 -6.38562
17.3123 8.09238 -20.8078
17.3123 8.09238 -35.2299
17.3123 8.09238 -49.652
17.3123 8.09238 -64.0742
17.3123 8.09238 70.0925
17.3123 8.09238 31.1936
17.3123 8.09238 -7.70537
17.3123 8.09238 -46.6043
23.0746 4.86075 70.0925
23.0746 4.86075 31.1936
23.0746 4.86075 -7.70537
23.0746 4.86075 -46.6043
6.51621 14.1472 60.3678
6.51621 14.1472 11.7441
6.51621 14.1472 -36.8796
15.0852 9.3414 60.3678
15.0852 9.3414 11.7441
15.0852 9.3414 -36.8796
-9.10735 -24.7635 -115.062
-9.10735 -24.7635 -85.5033
-14.1417 -23.492 -115.062
-14.1417 -23.492 -119.089
-30.5521 7.81076 -82.7792
-30.5521 7.81076 -81.906
-30.4123 7.73233 -83.6525
-30.4123 7.73233 -82.7792
-30.4123 7.73233 -81.906
-30.4123 7.73233 -81.0327
-30.2725 7.65396 -82.7792
-30.2725 7.65396 -81.906
-27.3952 6.04019 -85.5033
-27.3952 6.04019 -81.0327
-23.6858 20.0541 -81.0327
-37.7694 44.0517 -76.3937
-36.9083 45.5872 -76.3937
23.0746 4.86075 8.95549
44.9957 -7.43326 8.95549
59.2455 -15.425 -32.3482
59.2455 -15.425 -56.4281
59.2455 -15.425 -80.5079
62.8253 -17.4326 -32.3482
62.8253 -17.4326 -56.4281
62.8253 -17.4326 -80.5079
62.8253 -17.4326 -104.588
66.4052 -19.4403 -32.3482
66.4052 -19.4403 -56.4281
66.4052 -19.4403 -80.5079
51.9664 -11.3426 -8.31697
51.9664 -11.3426 -56.4524
59.2455 -15.425 -8.31697
59.2455 -15.425 -56.4524
44.9957 -7.43326 48.9085
44.9957 -7.43326 10.5344
44.9957 -7.43326 -27.8397
44.9957 -7.43326 -66.2137
51.9664 -11.3426 48.9085
51.9664 -11.3426 10.5344
51.9664 -11.3426 -27.8397
51.9664 -11.3426 -66.2137
-55.5535 33.7217 -59.517
-55.1412 33.5442 -59.517
-55.9865 33.8402 -59.517
-56.4318 33.8971 -60.0476
-56.4318 33.8971 -58.9865
-56.2092 33.8686 -61.1087
-56.2092 33.8686 -60.0476
-56.2092 33.8686 -58.9865
-56.2092 33.8686 -57.9254
-55.9865 33.8402 -60.0476
-55.9865 33.8402 -58.9865
-56.8807 33.8916 -60.0476
-56.8807 33.8916 -58.9865
-56.6562 33.8944 -61.1087
-56.6562 33.8944 -60.0476
-56.6562 33.8944 -58.9865
-56.6562 33.8944 -57.9254
-57.3244 33.8237 -59.517
-56.8807 33.8916 -59.517
-57.7543 33.6945 -59.517
-58.1621 33.507 -59.517
-58.5398 33.2644 -59.517
-58.8801 32.9715 -59.517
-59.1763 32.6342 -60.0476
-59.1763 32.6342 -58.9865
-59.0282 32.8029 -61.1087
-59.0282 32.8029 -60.0476
-59.0282 32.8029 -58.9865
-59.0282 32.8029 -57.9254
-58.8801 32.9715 -60.0476
-58.8801 32.9715 -58.9865
-59.4227 32.2589 -59.517
-59.1763 32.6342 -59.517
-59.6144 31.8531 -59.517
-59.7478 31.4244 -59.517
-59.8202 30.9814 -59.517
-59.8302 30.5326 -59.517
-59.7777 30.0868 -59.517
-59.6636 29.6526 -59.517
-59.4902 29.2386 -59.517
-59.2609 28.8527 -59.517
-58.9801 28.5025 -59.517
-58.6532 28.1948 -59.517
-58.2868 27.9355 -59.517
-50.5378 42.4678 -65.7028
-51.9093 28.326 -61.1087
-58.7402 16.1461 -67.284
-64.5065 18.3743 -65.7028
-64.5065 18.3743 -67.284
59.3039 -34.544 126.328
59.3039 -34.544 128.607
57.3991 -32.4308 128.607
57.3991 -32.4308 126.328
60.6827 -29.6438 105.361
62.2827 -26.791 93.8946
62.2827 -26.791 105.361
62.2827 -26.791 116.828
63.8826 -23.9381 105.361
72.2093 -39.6407 -0.134231
71.1697 -39.0577 14.2467
71.1697 -39.0577 28.6276
71.1697 -39.0577 43.0086
72.6768 -36.3705 14.2467
72.6768 -36.3705 28.6276
72.6768 -36.3705 43.0086
70.2422 -40.7116 9.75812
70.2422 -40.7116 19.6505
70.2422 -40.7116 29.5428
70.2422 -40.7116 39.4351
70.2422 -40.7116 49.3275
71.1697 -39.0577 9.75812
71.1697 -39.0577 19.6505
71.1697 -39.0577 29.5428
71.1697 -39.0577 39.4351
71.1697 -39.0577 49.3275
68.8804 -43.1398 14.2467
68.8804 -43.1398 28.6276
68.8804 -43.1398 43.0086
70.2422 -40.7116 14.2467
70.2422 -40.7116 28.6276
70.2422 -40.7116 43.0086
71.0703 -35.4695 23.1094
74.2702 -29.7638 23.1094
63.7357 -48.5477 23.1094
67.2739 -42.2388 23.1094
67.8789 -37.2594 72.052
67.8789 -37.2594 86.7146
69.4061 -34.5362 72.052
69.4061 -34.5362 86.7146
66.9724 -38.8759 66.6493
66.9724 -38.8759 75.9092
66.9724 -38.8759 85.169
66.9724 -38.8759 94.4289
67.8789 -37.2594 66.6493
67.8789 -37.2594 75.9092
67.8789 -37.2594 85.169
67.8789 -37.2594 94.4289
65.6097 -41.3055 72.052
65.6097 -41.3055 86.7146
66.9724 -38.8759 72.052
66.9724 -38.8759 86.7146
29.4895 -35.0819 -83.2689
29.4895 -35.0819 -61.9499
29.4895 -35.0819 -40.631
29.4895 -35.0819 -19.3121
29.4895 -35.0819 2.00684
29.4895 -35.0819 23.3258
29.4895 -35.0819 44.6447
29.4895 -35.0819 65.9636
32.9748 -37.0367 -104.588
32.9748 -37.0367 -83.2689
32.9748 -37.0367 -61.9499
32.9748 -37.0367 -40.631
32.9748 -37.0367 -19.3121
32.9748 -37.0367 2.00684
32.9748 -37.0367 23.3258
32.9748 -37.0367 44.6447
32.9748 -37.0367 65.9636
36.4602 -38.9914 -83.2689
36.4602 -38.9914 -61.9499
36.4602 -38.9914 -40.631
36.4602 -38.9914 -19.3121
36.4602 -38.9914 2.00684
36.4602 -38.9914 23.3258
36.4602 -38.9914 44.6447
36.4602 -38.9914 65.9636
36.4602 -38.9914 -56.4524
36.4602 -38.9914 -8.31697
43.7393 -43.0736 -56.4524
43.7393 -43.0736 -8.31697
43.7393 -43.0736 -56.4281
50.899 -47.089 -56.4281
-8.98998 -13.5016 81.2065
-8.98998 -13.5016 53.4216
-8.98998 -13.5016 25.6366
-8.98998 -13.5016 -2.14838
-8.98998 -13.5016 -29.9333
-8.98998 -13.5016 -57.7183
-6.56979 -9.18619 81.2065
-6.56979 -9.18619 53.4216
-6.56979 -9.18619 25.6366
-6.56979 -9.18619 -2.14838
-6.56979 -9.18619 -29.9333
-6.56979 -9.18619 -57.7183
3.81071 9.32297 76.5757
3.81071 9.32297 44.1599
3.81071 9.32297 11.7441
3.81071 9.32297 -20.6717
3.81071 9.32297 -53.0875
6.51621 14.1472 76.5757
6.51621 14.1472 44.1599
6.51621 14.1472 -20.6717
6.51621 14.1472 -53.0875
-20.9813 -1.10373 11.7441
-6.56979 -9.18619 11.7441
-20.9813 -1.10373 60.3678
-20.9813 -1.10373 -36.8796
-16.5058 6.87631 60.3678
-16.5058 6.87631 11.7441
-16.5058 6.87631 -36.8796
-12.0303 14.8565 60.3678
-12.0303 14.8565 11.7441
-12.0303 14.8565 -36.8796
-12.0303 14.8565 91.7165
-12.0303 14.8565 74.4416
-12.0303 14.8565 57.1667
-12.0303 14.8565 39.8918
-12.0303 14.8565 22.6168
-12.0303 14.8565 5.3419
-12.0303 14.8565 -11.933
-12.0303 14.8565 -29.208
-12.0303 14.8565 -46.4829
-12.0303 14.8565 -63.7578
-10.6008 17.4054 91.7165
-10.6008 17.4054 74.4416
-10.6008 17.4054 57.1667
-10.6008 17.4054 39.8918
-10.6008 17.4054 22.6168
-10.6008 17.4054 5.3419
-10.6008 17.4054 -11.933
-10.6008 17.4054 -29.208
-10.6008 17.4054 -46.4829
-10.6008 17.4054 -63.7578
-14.5552 16.2725 -85.5033
-14.5552 16.2725 -81.0327
-33.5015 1.89633 -85.5033
-73.0564 12.1754 -116.471
-73.0564 12.1754 -67.2841
-10.6008 17.4054 87.8777
-10.6008 17.4054 66.7639
-10.6008 17.4054 45.6501
-10.6008 17.4054 24.5363
-10.6008 17.4054 3.42247
-10.6008 17.4054 -17.6913
-10.6008 17.4054 -38.8051
-10.6008 17.4054 -59.9189
-7.49917 15.6659 87.8777
-7.49917 15.6659 66.7639
-7.49917 15.6659 45.6501
-7.49917 15.6659 24.5363
-7.49917 15.6659 3.42247
-7.49917 15.6659 -17.6913
-7.49917 15.6659 -38.8051
-7.49917 15.6659 -59.9189
-7.49917 15.6659 44.1599
-7.49917 15.6659 -20.6717
-31.1963 41.3093 -83.6525
-31.1963 41.3093 -85.5033
-25.4483 39.0297 -85.5033
4.53028 -20.1458 108.991
16.7495 -26.9987 108.991
5.37144 9.99478 112.097
5.37144 9.99478 108.991
19.1438 5.91122 108.991
31.363 -0.941681 108.991
62.5462 -34.2724 109.694
62.5462 -34.2724 118.011
63.3106 -32.9094 109.694
63.3106 -32.9094 118.011
63.3106 -32.9094 126.328
64.0751 -31.5464 109.694
64.0751 -31.5464 118.011
61.6545 -35.8623 110.454
61.6545 -35.8623 119.53
62.5462 -34.2724 110.454
62.5462 -34.2724 119.53
60.2786 -38.3157 113.852
61.6545 -35.8623 113.852
71.4692 -28.1928 -102.295
73.9918 -23.6951 -102.295
-36.4886 48.7993 -89.7015
-36.4886 48.7993 -93.8998
-36.4886 48.7993 -98.0981
-36.4886 48.7993 -102.296
-36.4886 48.7993 -106.495
-36.4886 48.7993 -110.693
-36.4886 48.7993 -114.891
-36.1365 49.4272 -89.7015
-36.1365 49.4272 -93.8998
-36.1365 49.4272 -98.0981
-36.1365 49.4272 -102.296
-36.1365 49.4272 -106.495
-36.1365 49.4272 -110.693
-36.1365 49.4272 -114.891
-39.1384 50.2854 -102.296
58.4855 -51.3438 -107.893
58.4855 -51.3438 -96.6964
59.7101 -49.1603 -119.089
59.7101 -49.1603 -107.893
59.7101 -49.1603 -96.6964
59.7101 -49.1603 -85.4998
60.9347 -46.9768 -107.893
60.9347 -46.9768 -96.6964
-37.2738 53.6102 -118.734
-40.6092 47.6628 -118.734
-6.06744 8.73502 115.328
-11.1308 -0.293304 115.328
4.23035 2.95975 115.328
-0.833031 -6.0687 115.328
11.5762 5.39688 112.097
41.5521 -11.4145 112.097
3.81831 7.22543 112.097
31.0175 -30.1985 112.097
1.04157 -13.3871 112.097
66.9724 -38.8759 103.689
67.8789 -37.2594 103.689
69.4061 -34.5362 50.3116
71.0703 -35.4695 50.3116
71.0703 -35.4695 50.3116
74.2702 -29.7638 50.3116
74.2702 -29.7638 50.3116
71.4692 -28.1928 50.3116
71.4692 -28.1928 50.3116
68.2692 -33.8985 50.3116
63.7357 -48.5477 50.3116
67.2739 -42.2388 50.3116
67.2739 -42.2388 50.3116
65.6097 -41.3055 50.3116
72.8535 -40.002 1.32004
71.9248 -41.6579 1.32004
71.9248 -41.6579 1.32004
49.4439 -15.8404 87.2825
42.4732 -11.9311 87.2825
42.4732 -11.9311 87.2825
44.9957 -7.43326 87.2825
44.9957 -7.43326 87.2825
51.9664 -11.3426 87.2825
38.9093 -34.6244 39.8184
46.1884 -38.7067 39.8184
43.7393 -43.0736 39.8184
36.4602 -38.9914 39.8184
49.4439 -15.8404 39.8184
51.9664 -11.3426 39.8184
43.7393 -43.0736 -8.26834
46.1884 -38.7067 -8.26834
53.3482 -42.7221 -8.26834
50.899 -47.089 -8.26834
63.8826 -23.9381 -8.26834
56.723 -19.9228 -8.26834
50.899 -47.089 -85.4998
53.3482 -42.7221 -85.4998
60.9347 -46.9768 -85.4998
60.9347 -46.9768 -85.4998
58.4855 -51.3438 -85.4998
58.4855 -51.3438 -85.4998
63.8826 -23.9381 -85.4998
63.8826 -23.9381 -85.4998
66.4052 -19.4403 -85.4998
66.4052 -19.4403 -85.4998
73.9918 -23.6951 -85.4998
73.9918 -23.6951 -85.4998
71.4692 -28.1928 -85.4998
71.4692 -28.1928 -85.4998
1.80607 -19.5563 -78.4963
1.80607 -19.5563 -78.4963
-0.420982 -18.3073 -78.4963
-0.420982 -18.3073 -78.4963
19.521 12.0308 -78.4963
15.0852 9.3414 -78.4963
15.0852 9.3414 -78.4963
17.3123 8.09238 -78.4963
17.3123 8.09238 -78.4963
17.294 13.2798 -78.4963
-4.73519 -27.2155 -115.062
-14.8038 -24.6728 -115.062
-13.4795 -22.3114 -115.062
-13.4795 -22.3114 -115.062
-57.9624 8.04611 -83.6525
-30.2725 7.65396 -83.6525
-30.5521 7.81076 -83.6525
-30.5521 7.81076 -83.6525
-23.6858 20.0541 -83.6525
-16.8193 32.2975 -83.6525
-37.7694 44.0517 -83.6525
24.6566 -43.6992 -91.0805
24.6566 -43.6992 -91.0805
2.73554 -31.4053 -91.0805
7.5684 -22.7879 -91.0805
29.4895 -35.0819 -91.0805
29.4895 -35.0819 -91.0805
49.842 1.20798 -91.0805
27.9209 13.5019 -91.0805
-56.5097 26.9389 -61.1087
-57.2926 25.5429 -61.1087
-57.2926 25.5429 -61.1087
-54.3848 23.9121 -61.1087
-54.3848 23.9121 -61.1087
-49.4338 32.7401 -61.1087
-49.4338 32.7401 -61.1087
-52.3416 34.3708 -61.1087
-52.3416 34.3708 -61.1087
-53.3641 32.5475 -61.1087
-55.1412 33.5442 -61.1087
-55.9865 33.8402 -61.1087
-56.4318 33.8971 -61.1087
-56.8807 33.8916 -61.1087
-58.8801 32.9715 -61.1087
-59.1763 32.6342 -61.1087
-58.2868 27.9355 -61.1087
-52.62 43.6357 -65.7028
-54.3848 23.9121 -67.284
56.9532 -33.2257 128.607
61.6545 -35.8623 128.607
6.38136 -6.12619 128.32
8.78864 -1.83383 128.32
11.4176 -3.30826 128.32
9.01041 -7.60062 128.32
8.72846 4.47165 114.199
0.290871 -10.5733 114.199
61.6545 -35.8623 126.328
56.9532 -33.2257 126.328
62.5462 -34.2724 126.328
64.0751 -31.5464 126.328
60.6827 -29.6438 126.328
46.2439 -21.5463 126.328
46.2439 -21.5463 126.328
42.4475 -28.3156 126.328
42.4475 -28.3156 126.328
56.8863 -36.4132 126.328
63.8826 -23.9381 93.8946
60.6827 -29.6438 93.8946
53.3482 -42.7221 93.8946
53.3482 -42.7221 93.8946
60.9347 -46.9768 93.8946
56.8863 -36.4132 93.8946
72.8535 -40.002 -0.134231
72.8535 -40.002 -0.134231
74.3606 -37.3148 -0.134231
72.6768 -36.3705 -0.134231
71.1697 -39.0577 -0.134231
74.2702 -29.7638 -4.09274
71.0703 -35.4695 -4.09274
74.3606 -37.3148 -4.09274
77.5605 -31.609 -4.09274
63.7357 -48.5477 -4.09274
67.026 -50.393 -4.09274
70.5642 -44.0841 -4.09274
67.2739 -42.2388 -4.09274
71.0703 -35.4695 57.3895
69.4061 -34.5362 57.3895
65.6097 -41.3055 57.3895
67.2739 -42.2388 57.3895
42.4475 -28.3156 122.441
31.9386 -30.7151 122.441
31.0175 -30.1985 122.441
31.0175 -30.1985 122.441
16.0296 -21.7928 122.441
1.04157 -13.3871 122.441
0.290871 -10.5733 122.441
8.72846 4.47165 122.441
11.5762 5.39688 122.441
41.5521 -11.4145 122.441
46.2439 -21.5463 122.441
24.6566 -43.6992 -104.588
24.6566 -43.6992 -104.588
29.4895 -35.0819 -104.588
29.4895 -35.0819 -104.588
36.4602 -38.9914 -104.588
50.899 -47.089 -104.588
46.0662 -55.7063 -104.588
44.9957 -7.43326 -104.588
49.842 1.20798 -104.588
49.842 1.20798 -104.588
71.2515 -10.7991 -104.588
66.4052 -19.4403 -104.588
66.4052 -19.4403 -104.588
59.2455 -15.425 -104.588
42.4475 -28.3156 116.828
42.4475 -28.3156 116.828
38.9093 -34.6244 116.828
38.9093 -34.6244 116.828
46.1884 -38.7067 116.828
46.1884 -38.7067 116.828
53.3482 -42.7221 116.828
53.3482 -42.7221 116.828
56.8863 -36.4132 116.828
56.8863 -36.4132 116.828
60.6827 -29.6438 116.828
60.6827 -29.6438 116.828
63.8826 -23.9381 116.828
56.723 -19.9228 116.828
49.4439 -15.8404 116.828
46.2439 -21.5463 116.828
-16.8193 32.2975 -81.0327
-16.8193 32.2975 -81.0327
-12.0303 14.8565 -81.0327
-17.0801 17.6886 -81.0327
-24.5178 4.42654 -81.0327
-30.2725 7.65396 -81.0327
-30.2725 7.65396 -81.0327
-30.5521 7.81076 -81.0327
-30.5521 7.81076 -81.0327
-6.56979 -9.18619 -85.5033
-20.9813 -1.10373 -85.5033
-12.0303 14.8565 -85.5033
-17.0801 17.6886 -85.5033
-24.5178 4.42654 -85.5033
-30.2725 7.65396 -85.5033
-30.2725 7.65396 -85.5033
-64.7869 6.46335 -85.5033
-13.4795 -22.3114 -85.5033
-13.4795 -22.3114 -85.5033
-4.73519 -27.2155 -85.5033
7.5684 -22.7879 -85.5033
1.80607 -19.5563 -85.5033
27.9209 13.5019 -85.5033
-36.1365 49.4272 -85.5033
-30.7935 42.0274 -85.5033
-16.8193 32.2975 -85.5033
31.0175 -30.1985 108.991
-4.61932 -7.81949 108.991
3.81831 7.22543 108.991
3.81831 7.22543 108.991
6.92454 12.7641 108.991
44.9957 -7.43326 108.991
23.0746 4.86075 108.991
3.81071 9.32297 108.991
-7.49917 15.6659 108.991
-20.9813 -1.10373 108.991
-6.56979 -9.18619 108.991
1.80607 -19.5563 108.991
7.5684 -22.7879 108.991
7.5684 -22.7879 108.991
29.4895 -35.0819 108.991
31.9386 -30.7151 108.991
67.8789 -37.2594 101.377
69.4061 -34.5362 101.377
68.2692 -33.8985 101.377
64.0751 -31.5464 101.377
60.2786 -38.3157 101.377
64.4728 -40.6679 101.377
-14.8038 -24.6728 -119.089
-14.8038 -24.6728 -119.089
-13.4795 -22.3114 -119.089
-13.4795 -22.3114 -119.089
-40.4575 -10.2854 -119.089
-66.1113 4.10196 -119.089
-64.7869 6.46335 -119.089
74.2702 -29.7638 -119.089
71.4692 -28.1928 -119.089
27.9209 13.5019 -119.089
-36.1365 49.4272 -119.089
2.73554 -31.4053 -119.089
24.6566 -43.6992 -119.089
24.6566 -43.6992 -119.089
58.4855 -51.3438 -119.089
60.9347 -46.9768 -119.089
64.4189 -55.0417 -119.089
62.8217 -54.1459 -119.089
56.8225 -64.8429 -119.089
55.7084 -64.218 -119.089
33.8605 -51.9651 -119.089
15.0856 -41.4356 -119.089
-81.7843 17.0703 -116.471
-81.7843 17.0703 -116.471
-64.3286 7.28055 -116.471
-75.6705 6.48074 -116.471
-84.8393 11.623 -116.471
-81.7843 17.0703 -67.2841
-81.7843 17.0703 -67.2841
-48.0495 51.8355 -67.2841
-40.6092 47.6628 -67.2841
-37.7694 44.0517 -67.2841
-57.9624 8.04611 -67.2841
-64.3286 7.28055 -67.2841
-69.1547 22.752 -57.9254
-56.2886 45.6931 -57.9254
-52.62 43.6357 -57.9254
-52.3416 34.3708 -57.9254
-55.9865 33.8402 -57.9254
-56.4318 33.8971 -57.9254
-56.8807 33.8916 -57.9254
-58.8801 32.9715 -57.9254
-59.1763 32.6342 -57.9254
-57.2926 25.5429 -57.9254
-61.3215 18.359 -57.9254
-65.4861 20.6945 -57.9254
-65.4861 20.6945 -57.9254
-37.2738 53.6102 -130.702
-40.6092 47.6628 -130.702
72.8535 -40.002 -130.696
71.9248 -41.6579 -130.696
64.4189 -55.0417 -130.696
62.8217 -54.1459 -130.696
56.8225 -64.8429 -130.696
55.7084 -64.218 -130.696
-81.7843 17.0703 -130.696
-81.7843 17.0703 -130.696
-48.0495 51.8355 -130.696
-40.6092 47.6628 -130.696
6.51621 14.1472 11.7441
3.81071 9.32297 44.1599
3.81071 9.32297 -20.6717
-20.9813 -1.10373 11.7441
-36.4886 48.7993 -102.296
3  11 13 12  0 255 255
3  11 12 10  0 255 255
3  8 10 9  0 255 255
3  8 9 7  0 255 255
3  12 1 9  0 255 255
3  2 9 1  0 255 255
3  10 12 9  0 255 255
3  0 1 12  0 255 255
3  13 6 0  0 255 255
3  11 6 13  0 255 255
3  12 13 0  0 255 255
3  7 2 3  0 255 255
3  4 7 3  0 255 255
3  5 11 8  0 255 255
3  8 11 10  0 255 255
3  8 4 5  0 255 255
3  4 8 7  0 255 255
3  6 11 5  0 255 255
3  2 7 9  0 255 255
3  17 15 14  128 128 0
3  17 14 16  128 128 0
3  21 19 18  128 255 255
3  21 18 20  128 255 255
3  26 23 22  64 255 128
3  26 22 25  64 255 128
3  27 24 23  64 255 128
3  27 23 26  64 255 128
3  36 35 33  128 128 255
3  37 36 32  128 128 255
3  33 35 34  128 128 255
3  36 33 32  128 128 255
3  31 37 32  128 128 255
3  31 29 39  128 128 255
3  31 38 37  128 128 255
3  31 39 38  128 128 255
3  29 31 30  128 128 255
3  29 28 39  128 128 255
3  54 55 53  128 128 255
3  50 54 53  128 128 255
3  41 40 54  128 128 255
3  54 50 48  128 128 255
3  41 54 48  128 128 255
3  54 40 55  128 128 255
3  52 55 40  128 128 255
3  55 52 53  128 128 255
3  52 51 53  128 128 255
3  53 51 49  128 128 255
3  50 53 49  128 128 255
3  42 47 43  128 128 255
3  44 43 46  128 128 255
3  46 45 44  128 128 255
3  49 48 50  128 128 255
3  47 46 43  128 128 255
3  42 48 47  128 128 255
3  48 42 41  128 128 255
3  56 57 59  100 100 100
3  58 56 59  100 100 100
3  58 59 61  100 100 100
3  60 58 61  100 100 100
3  62 63 65  100 100 100
3  64 62 65  100 100 100
3  71 70 69  128 128 0
3  71 69 68  128 128 0
3  68 66 71  128 128 0
3  68 67 66  128 128 0
3  71 66 72  128 128 0
3  77 79 78  128 128 0
3  79 74 73  128 128 0
3  76 75 79  128 128 0
3  79 77 76  128 128 0
3  74 79 75  128 128 0
3  80 81 84  100 100 100
3  83 80 84  100 100 100
3  81 82 85  100 100 100
3  84 81 85  100 100 100
3  90 89 86  176 196 222
3  88 90 87  176 196 222
3  86 87 90  176 196 222
3  100 91 92  176 196 222
3  98 99 100  176 196 222
3  92 98 100  176 196 222
3  98 92 97  176 196 222
3  95 93 94  176 196 222
3  96 97 95  176 196 222
3  93 95 97  176 196 222
3  92 93 97  176 196 222
3  102 105 106  255 0 255
3  101 102 106  255 0 255
3  105 103 104  255 0 255
3  102 103 105  255 0 255
3  110 107 111  255 0 255
3  109 110 108  255 0 255
3  111 108 110  255 0 255
3  117 112 113  128 0 128
3  114 117 113  128 0 128
3  116 114 115  128 0 128
3  117 114 116  128 0 128
3  119 120 121  128 0 128
3  122 119 121  128 0 128
3  118 122 123  128 0 128
3  119 122 118  128 0 128
3  126 129 124  128 0 128
3  125 126 124  128 0 128
3  129 127 128  128 0 128
3  126 127 129  128 0 128
3  131 132 133  128 0 128
3  139 130 131  128 0 128
3  133 139 131  128 0 128
3  139 133 138  128 0 128
3  136 134 135  128 0 128
3  137 138 136  128 0 128
3  134 136 138  128 0 128
3  133 134 138  128 0 128
3  140 141 143  64 255 255
3  142 140 143  64 255 255
3  142 143 145  64 255 255
3  145 143 146  64 255 255
3  142 145 144  64 255 255
3  151 152 147  64 255 255
3  151 148 150  64 255 255
3  148 151 147  64 255 255
3  147 153 148  64 255 255
3  153 154 148  64 255 255
3  149 153 147  64 255 255
3  158 156 155  128 255 128
3  158 155 157  128 255 128
3  227 225 160  0 0 255
3  224 227 160  0 0 255
3  226 227 224  0 0 255
3  159 226 224  0 0 255
3  219 220 201  0 0 255
3  161 219 201  0 0 255
3  162 159 224  0 0 255
3  224 160 163  0 0 255
3  224 163 162  0 0 255
3  160 161 202  0 0 255
3  202 164 163  0 0 255
3  202 163 160  0 0 255
3  161 201 203  0 0 255
3  202 161 203  0 0 255
3  202 203 186  0 0 255
3  164 202 186  0 0 255
3  163 166 172  0 0 255
3  172 165 162  0 0 255
3  172 162 163  0 0 255
3  187 167 179  0 0 255
3  163 164 187  0 0 255
3  179 166 163  0 0 255
3  163 187 179  0 0 255
3  192 194 209  0 0 255
3  208 192 209  0 0 255
3  208 209 207  0 0 255
3  189 208 207  0 0 255
3  205 206 204  0 0 255
3  194 205 204  0 0 255
3  190 195 197  0 0 255
3  196 190 197  0 0 255
3  196 197 205  0 0 255
3  205 194 192  0 0 255
3  205 192 196  0 0 255
3  188 190 196  0 0 255
3  196 192 191  0 0 255
3  196 191 188  0 0 255
3  191 192 208  0 0 255
3  208 189 185  0 0 255
3  208 185 191  0 0 255
3  186 198 200  0 0 255
3  199 186 200  0 0 255
3  199 200 190  0 0 255
3  188 199 190  0 0 255
3  164 186 199  0 0 255
3  199 188 187  0 0 255
3  199 187 164  0 0 255
3  187 188 191  0 0 255
3  191 185 167  0 0 255
3  191 167 187  0 0 255
3  172 166 171  0 0 255
3  174 172 171  0 0 255
3  165 172 174  0 0 255
3  173 165 174  0 0 255
3  179 167 178  0 0 255
3  180 179 178  0 0 255
3  166 179 180  0 0 255
3  171 166 180  0 0 255
3  185 189 212  0 0 255
3  211 185 212  0 0 255
3  211 212 210  0 0 255
3  193 211 210  0 0 255
3  167 185 211  0 0 255
3  211 193 178  0 0 255
3  211 178 167  0 0 255
3  226 228 223  0 0 255
3  228 226 229  0 0 255
3  227 222 221  0 0 255
3  222 227 223  0 0 255
3  225 227 221  0 0 255
3  226 223 227  0 0 255
3  225 221 219  0 0 255
3  231 230 162  0 0 255
3  230 229 159  0 0 255
3  160 225 219  0 0 255
3  161 160 219  0 0 255
3  230 159 162  0 0 255
3  226 159 229  0 0 255
3  219 221 217  0 0 255
3  217 221 218  0 0 255
3  220 219 217  0 0 255
3  220 216 215  0 0 255
3  216 220 217  0 0 255
3  201 215 214  0 0 255
3  215 201 220  0 0 255
3  186 203 198  0 0 255
3  198 203 214  0 0 255
3  198 214 213  0 0 255
3  200 213 195  0 0 255
3  200 198 213  0 0 255
3  200 195 190  0 0 255
3  214 203 201  0 0 255
3  231 162 165  0 0 255
3  232 165 173  0 0 255
3  232 173 168  0 0 255
3  174 171 175  0 0 255
3  180 178 177  0 0 255
3  175 171 180  0 0 255
3  169 173 174  0 0 255
3  169 168 173  0 0 255
3  169 174 175  0 0 255
3  170 169 175  0 0 255
3  177 178 193  0 0 255
3  177 176 180  0 0 255
3  180 176 175  0 0 255
3  181 177 193  0 0 255
3  197 195 184  0 0 255
3  205 197 184  0 0 255
3  184 183 206  0 0 255
3  184 206 205  0 0 255
3  206 183 204  0 0 255
3  213 184 195  0 0 255
3  204 209 194  0 0 255
3  189 207 212  0 0 255
3  212 182 210  0 0 255
3  207 204 182  0 0 255
3  204 207 209  0 0 255
3  207 182 212  0 0 255
3  181 210 182  0 0 255
3  182 204 183  0 0 255
3  193 210 181  0 0 255
3  231 165 232  0 0 255
3  234 238 240  255 64 128
3  240 238 239  255 64 128
3  234 240 233  255 64 128
3  237 234 235  255 64 128
3  235 236 237  255 64 128
3  238 234 237  255 64 128
3  245 242 241  255 64 128
3  244 245 243  255 64 128
3  241 243 245  255 64 128
3  247 312 319  255 128 128
3  247 319 318  255 128 128
3  248 306 313  255 128 128
3  248 313 311  255 128 128
3  311 313 312  255 128 128
3  311 312 247  255 128 128
3  305 307 306  255 128 128
3  305 306 248  255 128 128
3  318 246 325  255 128 128
3  325 250 251  255 128 128
3  251 247 318  255 128 128
3  318 325 251  255 128 128
3  311 247 251  255 128 128
3  252 248 311  255 128 128
3  251 252 311  255 128 128
3  299 249 305  255 128 128
3  305 248 252  255 128 128
3  252 253 299  255 128 128
3  299 305 252  255 128 128
3  257 251 250  255 128 128
3  257 250 256  255 128 128
3  258 252 251  255 128 128
3  258 251 257  255 128 128
3  294 253 252  255 128 128
3  258 259 294  255 128 128
3  252 258 294  255 128 128
3  261 255 254  255 128 128
3  261 254 260  255 128 128
3  262 256 255  255 128 128
3  262 255 261  255 128 128
3  263 257 256  255 128 128
3  263 256 262  255 128 128
3  264 258 257  255 128 128
3  264 257 263  255 128 128
3  266 263 262  255 128 128
3  266 262 265  255 128 128
3  267 264 263  255 128 128
3  267 263 266  255 128 128
3  270 268 267  255 128 128
3  270 267 269  255 128 128
3  320 321 319  255 128 128
3  322 319 321  255 128 128
3  318 319 322  255 128 128
3  316 313 315  255 128 128
3  312 317 320  255 128 128
3  319 312 320  255 128 128
3  316 317 312  255 128 128
3  316 312 313  255 128 128
3  323 246 322  255 128 128
3  255 271 272  255 128 128
3  272 273 274  255 128 128
3  250 326 271  255 128 128
3  322 246 318  255 128 128
3  324 326 325  255 128 128
3  250 325 326  255 128 128
3  246 324 325  255 128 128
3  324 246 323  255 128 128
3  306 310 314  255 128 128
3  314 313 306  255 128 128
3  313 314 315  255 128 128
3  309 310 306  255 128 128
3  307 308 309  255 128 128
3  303 304 305  255 128 128
3  304 307 305  255 128 128
3  308 307 304  255 128 128
3  307 309 306  255 128 128
3  302 303 249  255 128 128
3  305 249 303  255 128 128
3  301 302 249  255 128 128
3  299 301 249  255 128 128
3  253 298 299  255 128 128
3  300 301 299  255 128 128
3  300 299 298  255 128 128
3  298 253 297  255 128 128
3  253 296 297  255 128 128
3  294 296 253  255 128 128
3  256 250 271  255 128 128
3  272 254 255  255 128 128
3  275 254 274  255 128 128
3  277 260 254  255 128 128
3  254 275 277  255 128 128
3  255 256 271  255 128 128
3  278 261 260  255 128 128
3  279 262 261  255 128 128
3  277 275 276  255 128 128
3  278 279 261  255 128 128
3  262 279 280  255 128 128
3  265 262 280  255 128 128
3  281 266 265  255 128 128
3  267 266 282  255 128 128
3  266 281 282  255 128 128
3  281 265 280  255 128 128
3  283 269 282  255 128 128
3  277 278 260  255 128 128
3  291 258 264  255 128 128
3  267 290 264  255 128 128
3  264 290 291  255 128 128
3  293 295 294  255 128 128
3  292 259 291  255 128 128
3  258 291 259  255 128 128
3  293 259 292  255 128 128
3  293 294 259  255 128 128
3  296 294 295  255 128 128
3  290 268 289  255 128 128
3  284 270 269  255 128 128
3  283 284 269  255 128 128
3  269 267 282  255 128 128
3  285 270 284  255 128 128
3  288 289 268  255 128 128
3  286 287 270  255 128 128
3  287 288 268  255 128 128
3  285 286 270  255 128 128
3  287 268 270  255 128 128
3  267 268 290  255 128 128
3  272 274 254  255 128 128
3  335 327 334  255 128 64
3  328 334 327  255 128 64
3  333 334 331  255 128 64
3  334 329 331  255 128 64
3  331 332 333  255 128 64
3  329 330 331  255 128 64
3  329 334 328  255 128 64
3  340 341 342  255 128 64
3  338 339 340  255 128 64
3  340 342 337  255 128 64
3  337 343 344  255 128 64
3  337 338 340  255 128 64
3  344 336 337  255 128 64
3  343 337 342  255 128 64
3  375 345 347  240 128 128
3  348 346 375  240 128 128
3  347 348 375  240 128 128
3  360 351 348  240 128 128
3  347 350 360  240 128 128
3  348 347 360  240 128 128
3  352 349 348  240 128 128
3  352 348 351  240 128 128
3  345 374 353  240 128 128
3  375 373 374  240 128 128
3  347 345 354  240 128 128
3  347 354 355  240 128 128
3  353 354 345  240 128 128
3  374 345 375  240 128 128
3  346 373 375  240 128 128
3  369 371 372  240 128 128
3  371 369 370  240 128 128
3  369 372 368  240 128 128
3  349 368 372  240 128 128
3  349 367 368  240 128 128
3  348 349 346  240 128 128
3  346 349 372  240 128 128
3  372 373 346  240 128 128
3  350 347 355  240 128 128
3  350 355 356  240 128 128
3  358 360 350  240 128 128
3  350 356 357  240 128 128
3  357 358 350  240 128 128
3  359 351 358  240 128 128
3  358 351 360  240 128 128
3  351 359 361  240 128 128
3  365 349 352  240 128 128
3  349 365 366  240 128 128
3  365 352 364  240 128 128
3  367 349 366  240 128 128
3  363 361 362  240 128 128
3  363 364 352  240 128 128
3  361 363 352  240 128 128
3  352 351 361  240 128 128
3  379 377 376  0 128 128
3  379 376 378  0 128 128
3  381 386 389  255 64 64
3  387 388 386  255 64 64
3  389 386 388  255 64 64
3  381 389 380  255 64 64
3  383 381 382  255 64 64
3  383 384 386  255 64 64
3  384 385 386  255 64 64
3  383 386 381  255 64 64
3  395 393 397  64 255 128
3  394 393 395  64 255 128
3  396 395 397  64 255 128
3  390 397 391  64 255 128
3  393 392 391  64 255 128
3  393 391 397  64 255 128
3  398 399 404  255 0 0
3  403 398 404  255 0 0
3  405 404 399  255 0 0
3  400 406 405  255 0 0
3  401 402 408  255 0 0
3  407 401 408  255 0 0
3  403 404 410  255 0 0
3  409 403 410  255 0 0
3  404 405 411  255 0 0
3  410 404 411  255 0 0
3  405 406 412  255 0 0
3  411 405 412  255 0 0
3  406 407 413  255 0 0
3  412 406 413  255 0 0
3  407 408 414  255 0 0
3  413 407 414  255 0 0
3  409 410 416  255 0 0
3  415 409 416  255 0 0
3  415 416 418  255 0 0
3  417 415 418  255 0 0
3  417 418 424  255 0 0
3  423 417 424  255 0 0
3  418 419 425  255 0 0
3  424 418 425  255 0 0
3  419 420 426  255 0 0
3  425 419 426  255 0 0
3  420 421 427  255 0 0
3  426 420 427  255 0 0
3  421 422 428  255 0 0
3  427 421 428  255 0 0
3  424 430 457  255 0 0
3  457 429 423  255 0 0
3  457 423 424  255 0 0
3  424 425 431  255 0 0
3  430 424 431  255 0 0
3  425 426 432  255 0 0
3  431 425 432  255 0 0
3  427 433 472  255 0 0
3  472 432 426  255 0 0
3  472 426 427  255 0 0
3  428 434 466  255 0 0
3  466 433 427  255 0 0
3  466 427 428  255 0 0
3  454 429 453  255 0 0
3  455 454 453  255 0 0
3  457 430 456  255 0 0
3  458 457 456  255 0 0
3  457 458 461  255 0 0
3  461 453 429  255 0 0
3  461 429 457  255 0 0
3  461 458 460  255 0 0
3  462 461 460  255 0 0
3  472 433 467  255 0 0
3  474 472 467  255 0 0
3  432 472 474  255 0 0
3  473 432 474  255 0 0
3  466 434 465  255 0 0
3  468 466 465  255 0 0
3  466 468 469  255 0 0
3  469 467 433  255 0 0
3  469 433 466  255 0 0
3  467 469 471  255 0 0
3  470 467 471  255 0 0
3  434 476 477  255 0 0
3  465 434 477  255 0 0
3  441 440 398  255 0 0
3  442 398 403  255 0 0
3  443 442 403  255 0 0
3  398 442 441  255 0 0
3  398 440 439  255 0 0
3  399 398 439  255 0 0
3  438 437 400  255 0 0
3  439 438 399  255 0 0
3  405 399 438  255 0 0
3  438 400 405  255 0 0
3  409 444 443  255 0 0
3  403 409 443  255 0 0
3  444 409 445  255 0 0
3  445 409 415  255 0 0
3  446 445 415  255 0 0
3  446 415 417  255 0 0
3  447 446 417  255 0 0
3  410 493 416  255 0 0
3  491 416 492  255 0 0
3  491 418 416  255 0 0
3  492 416 493  255 0 0
3  410 411 493  255 0 0
3  420 419 491  255 0 0
3  437 436 401  255 0 0
3  406 400 401  255 0 0
3  407 406 401  255 0 0
3  401 400 437  255 0 0
3  401 436 402  255 0 0
3  402 435 487  255 0 0
3  435 402 436  255 0 0
3  402 487 486  255 0 0
3  408 402 486  255 0 0
3  408 486 485  255 0 0
3  412 493 411  255 0 0
3  412 413 488  255 0 0
3  422 414 482  255 0 0
3  493 412 488  255 0 0
3  484 408 485  255 0 0
3  484 414 408  255 0 0
3  414 484 483  255 0 0
3  482 414 483  255 0 0
3  488 414 489  255 0 0
3  422 489 414  255 0 0
3  488 413 414  255 0 0
3  490 489 422  255 0 0
3  447 417 423  255 0 0
3  448 447 423  255 0 0
3  449 423 454  255 0 0
3  423 449 448  255 0 0
3  449 454 450  255 0 0
3  454 423 429  255 0 0
3  420 491 490  255 0 0
3  490 421 420  255 0 0
3  430 431 456  255 0 0
3  491 419 418  255 0 0
3  450 455 451  255 0 0
3  455 453 459  255 0 0
3  455 452 451  255 0 0
3  455 459 452  255 0 0
3  458 456 460  255 0 0
3  461 462 453  255 0 0
3  460 459 462  255 0 0
3  459 453 462  255 0 0
3  460 456 473  255 0 0
3  470 460 473  255 0 0
3  454 455 450  255 0 0
3  456 431 473  255 0 0
3  481 422 482  255 0 0
3  432 473 431  255 0 0
3  428 422 480  255 0 0
3  479 428 480  255 0 0
3  481 480 422  255 0 0
3  477 476 478  255 0 0
3  478 476 479  255 0 0
3  479 476 428  255 0 0
3  428 476 434  255 0 0
3  421 490 422  255 0 0
3  474 467 470  255 0 0
3  470 463 460  255 0 0
3  471 469 468  255 0 0
3  473 474 470  255 0 0
3  468 465 463  255 0 0
3  465 477 475  255 0 0
3  475 464 465  255 0 0
3  470 471 463  255 0 0
3  465 464 463  255 0 0
3  471 468 463  255 0 0
3  475 477 478  255 0 0
3  460 463 459  255 0 0
3  499 498 497  245 222 179
3  499 497 496  245 222 179
3  499 496 495  245 222 179
3  494 499 495  245 222 179
3  507 505 503  245 222 179
3  506 505 507  245 222 179
3  500 507 501  245 222 179
3  502 501 503  245 222 179
3  505 504 503  245 222 179
3  507 503 501  245 222 179
3  515 514 510  128 128 0
3  515 510 516  128 128 0
3  510 514 513  128 128 0
3  513 512 510  128 128 0
3  512 511 510  128 128 0
3  518 517 509  128 128 0
3  509 517 510  128 128 0
3  509 508 519  128 128 0
3  509 519 518  128 128 0
3  516 510 517  128 128 0
3  520 526 525  64 64 255
3  520 525 521  64 64 255
3  525 523 521  64 64 255
3  525 524 523  64 64 255
3  521 523 522  64 64 255
3  527 533 529  64 64 255
3  527 529 528  64 64 255
3  530 529 531  64 64 255
3  533 532 531  64 64 255
3  533 531 529  64 64 255
3  540 539 541  64 0 128
3  541 539 536  64 0 128
3  536 538 537  64 0 128
3  538 536 539  64 0 128
3  541 536 535  64 0 128
3  543 542 544  64 0 128
3  544 542 535  64 0 128
3  535 534 545  64 0 128
3  535 545 544  64 0 128
3  541 535 542  64 0 128
3  575 571 546  255 255 0
3  572 573 575  255 255 0
3  546 572 575  255 255 0
3  571 575 577  255 255 0
3  571 577 574  255 255 0
3  575 573 576  255 255 0
3  575 576 577  255 255 0
3  615 613 611  255 255 0
3  615 611 614  255 255 0
3  612 615 614  255 255 0
3  612 614 610  255 255 0
3  547 610 614  255 255 0
3  614 611 547  255 255 0
3  548 579 580  255 255 0
3  548 580 578  255 255 0
3  579 546 571  255 255 0
3  579 571 580  255 255 0
3  617 610 547  255 255 0
3  549 616 617  255 255 0
3  595 557 596  255 255 0
3  595 596 597  255 255 0
3  597 596 583  255 255 0
3  597 583 589  255 255 0
3  596 557 550  255 255 0
3  582 583 596  255 255 0
3  550 582 596  255 255 0
3  592 589 593  255 255 0
3  592 593 594  255 255 0
3  593 589 583  255 255 0
3  590 591 593  255 255 0
3  583 590 593  255 255 0
3  600 599 601  255 255 0
3  624 554 599  255 255 0
3  598 551 624  255 255 0
3  599 598 624  255 255 0
3  573 564 576  255 255 0
3  565 576 564  255 255 0
3  577 576 565  255 255 0
3  566 577 565  255 255 0
3  572 563 573  255 255 0
3  564 573 563  255 255 0
3  546 562 572  255 255 0
3  563 572 562  255 255 0
3  574 577 566  255 255 0
3  580 571 574  255 255 0
3  567 578 580  255 255 0
3  574 567 580  255 255 0
3  568 578 567  255 255 0
3  567 574 566  255 255 0
3  562 546 561  255 255 0
3  579 561 546  255 255 0
3  548 578 582  255 255 0
3  548 582 550  255 255 0
3  560 561 579  255 255 0
3  548 560 579  255 255 0
3  560 548 559  255 255 0
3  609 618 611  255 255 0
3  619 611 618  255 255 0
3  611 619 547  255 255 0
3  620 547 619  255 255 0
3  608 609 613  255 255 0
3  611 613 609  255 255 0
3  607 608 615  255 255 0
3  613 615 608  255 255 0
3  615 612 607  255 255 0
3  617 547 620  255 255 0
3  549 620 621  255 255 0
3  621 622 549  255 255 0
3  549 622 616  255 255 0
3  549 617 620  255 255 0
3  606 612 617  255 255 0
3  610 617 612  255 255 0
3  605 606 616  255 255 0
3  617 616 606  255 255 0
3  616 598 605  255 255 0
3  607 612 606  255 255 0
3  578 568 582  255 255 0
3  590 582 569  255 255 0
3  583 582 590  255 255 0
3  590 570 591  255 255 0
3  570 590 569  255 255 0
3  558 559 550  255 255 0
3  550 559 548  255 255 0
3  558 550 557  255 255 0
3  557 595 558  255 255 0
3  569 582 568  255 255 0
3  594 593 581  255 255 0
3  581 593 591  255 255 0
3  581 584 594  255 255 0
3  585 594 584  255 255 0
3  581 591 570  255 255 0
3  592 597 589  255 255 0
3  595 597 585  255 255 0
3  592 585 597  255 255 0
3  586 595 585  255 255 0
3  592 594 585  255 255 0
3  555 558 595  255 255 0
3  553 554 623  255 255 0
3  553 623 552  255 255 0
3  622 623 624  255 255 0
3  622 624 551  255 255 0
3  622 551 598  255 255 0
3  600 604 598  255 255 0
3  623 554 624  255 255 0
3  598 604 605  255 255 0
3  622 598 616  255 255 0
3  599 554 601  255 255 0
3  554 553 587  255 255 0
3  554 587 601  255 255 0
3  595 586 555  255 255 0
3  586 587 553  255 255 0
3  555 586 553  255 255 0
3  604 600 603  255 255 0
3  602 603 600  255 255 0
3  588 602 587  255 255 0
3  601 602 600  255 255 0
3  602 601 587  255 255 0
3  598 599 600  255 255 0
3  555 556 558  255 255 0
3  631 632 633  50 205 50
3  629 630 631  50 205 50
3  633 629 631  50 205 50
3  629 633 634  50 205 50
3  626 634 625  50 205 50
3  627 628 626  50 205 50
3  634 626 628  50 205 50
3  629 634 628  50 205 50
3  636 637 638  50 205 50
3  644 635 636  50 205 50
3  638 644 636  50 205 50
3  644 638 643  50 205 50
3  641 639 640  50 205 50
3  642 643 641  50 205 50
3  639 641 643  50 205 50
3  638 639 643  50 205 50
3  652 653 654  0 255 0
3  650 651 652  0 255 0
3  654 650 652  0 255 0
3  650 654 649  0 255 0
3  646 655 645  0 255 0
3  648 655 646  0 255 0
3  655 648 649  0 255 0
3  646 647 648  0 255 0
3  654 655 649  0 255 0
3  661 660 659  0 255 0
3  661 659 658  0 255 0
3  656 658 657  0 255 0
3  658 656 661  0 255 0
3  673 675 676  0 255 0
3  673 676 674  0 255 0
3  676 678 679  0 255 0
3  676 679 677  0 255 0
3  679 681 682  0 255 0
3  679 682 680  0 255 0
3  682 671 672  0 255 0
3  672 680 682  0 255 0
3  671 682 681  0 255 0
3  677 680 683  0 255 0
3  670 671 681  0 255 0
3  670 681 678  0 255 0
3  679 678 681  0 255 0
3  675 670 678  0 255 0
3  674 676 677  0 255 0
3  678 676 675  0 255 0
3  677 679 680  0 255 0
3  673 670 675  0 255 0
3  683 680 672  0 255 0
3  669 673 674  0 255 0
3  677 683 674  0 255 0
3  674 683 669  0 255 0
3  684 666 668  0 255 0
3  683 684 668  0 255 0
3  662 663 684  0 255 0
3  668 669 683  0 255 0
3  667 668 666  0 255 0
3  665 666 664  0 255 0
3  663 664 666  0 255 0
3  666 684 663  0 255 0
3  673 669 670  0 255 0
3  685 689 691  128 0 128
3  690 685 691  128 0 128
3  706 708 707  128 0 128
3  708 706 709  128 0 128
3  705 704 703  128 0 128
3  706 705 703  128 0 128
3  710 709 702  128 0 128
3  703 702 709  128 0 128
3  700 710 702  128 0 128
3  703 709 706  128 0 128
3  701 700 702  128 0 128
3  689 700 699  128 0 128
3  698 689 699  128 0 128
3  697 719 698  128 0 128
3  697 696 695  128 0 128
3  700 689 685  128 0 128
3  700 685 711  128 0 128
3  710 700 711  128 0 128
3  712 711 690  128 0 128
3  687 690 691  128 0 128
3  687 718 690  128 0 128
3  712 690 718  128 0 128
3  714 713 717  128 0 128
3  686 718 687  128 0 128
3  718 717 713  128 0 128
3  714 717 715  128 0 128
3  718 713 712  128 0 128
3  698 719 689  128 0 128
3  695 719 697  128 0 128
3  719 695 694  128 0 128
3  689 719 693  128 0 128
3  694 693 719  128 0 128
3  716 715 717  128 0 128
3  688 691 692  128 0 128
3  687 691 688  128 0 128
3  692 691 693  128 0 128
3  691 689 693  128 0 128
3  711 685 690  128 0 128
3  746 720 743  128 0 128
3  747 746 743  128 0 128
3  731 739 740  128 0 128
3  732 731 740  128 0 128
3  733 731 732  128 0 128
3  734 733 732  128 0 128
3  724 723 756  128 0 128
3  755 725 724  128 0 128
3  755 724 756  128 0 128
3  756 723 722  128 0 128
3  720 746 725  128 0 128
3  726 746 747  128 0 128
3  727 726 747  128 0 128
3  747 743 744  128 0 128
3  725 750 720  128 0 128
3  725 746 726  128 0 128
3  720 749 743  128 0 128
3  721 756 722  128 0 128
3  753 755 754  128 0 128
3  755 750 725  128 0 128
3  753 752 751  128 0 128
3  753 751 750  128 0 128
3  753 750 755  128 0 128
3  749 720 750  128 0 128
3  743 749 748  128 0 128
3  727 747 731  128 0 128
3  728 727 731  128 0 128
3  731 733 728  128 0 128
3  729 728 733  128 0 128
3  731 747 744  128 0 128
3  730 729 734  128 0 128
3  732 730 734  128 0 128
3  730 732 735  128 0 128
3  735 732 736  128 0 128
3  734 729 733  128 0 128
3  744 742 739  128 0 128
3  745 744 748  128 0 128
3  738 742 741  128 0 128
3  743 748 744  128 0 128
3  740 739 737  128 0 128
3  737 736 740  128 0 128
3  742 738 737  128 0 128
3  732 740 736  128 0 128
3  742 737 739  128 0 128
3  731 744 739  128 0 128
3  778 777 774  128 0 255
3  774 776 775  128 0 255
3  776 774 777  128 0 255
3  778 774 773  128 0 255
3  779 772 780  128 0 255
3  780 771 781  128 0 255
3  772 779 773  128 0 255
3  780 772 771  128 0 255
3  782 781 771  128 0 255
3  773 779 778  128 0 255
3  757 800 758  128 0 255
3  758 799 798  128 0 255
3  799 758 800  128 0 255
3  798 759 758  128 0 255
3  760 759 797  128 0 255
3  761 760 796  128 0 255
3  797 796 760  128 0 255
3  796 795 761  128 0 255
3  794 761 795  128 0 255
3  797 759 798  128 0 255
3  783 782 770  128 0 255
3  770 784 783  128 0 255
3  784 769 768  128 0 255
3  784 770 769  128 0 255
3  787 786 767  128 0 255
3  786 785 767  128 0 255
3  768 767 785  128 0 255
3  767 788 787  128 0 255
3  768 785 784  128 0 255
3  766 788 767  128 0 255
3  763 792 764  128 0 255
3  762 794 793  128 0 255
3  761 794 762  128 0 255
3  762 793 792  128 0 255
3  792 763 762  128 0 255
3  789 766 765  128 0 255
3  766 789 788  128 0 255
3  789 765 790  128 0 255
3  791 765 764  128 0 255
3  765 791 790  128 0 255
3  791 764 792  128 0 255
3  770 782 771  128 0 255
3  804 803 805  64 0 128
3  807 806 805  64 0 128
3  801 816 815  64 0 128
3  802 815 814  64 0 128
3  815 802 801  64 0 128
3  805 803 807  64 0 128
3  803 811 808  64 0 128
3  803 808 807  64 0 128
3  810 809 808  64 0 128
3  808 811 810  64 0 128
3  814 813 812  64 0 128
3  802 814 812  64 0 128
3  811 803 812  64 0 128
3  802 812 803  64 0 128
3  820 818 817  255 0 255
3  820 817 819  255 0 255
3  822 820 819  255 0 255
3  822 819 821  255 0 255
3  828 824 822  255 0 255
3  821 823 828  255 0 255
3  822 821 828  255 0 255
3  827 824 828  255 0 255
3  827 828 830  255 0 255
3  830 828 823  255 0 255
3  830 823 829  255 0 255
3  825 830 829  255 0 255
3  827 830 826  255 0 255
3  825 826 830  255 0 255
3  859 858 853  255 0 255
3  859 853 854  255 0 255
3  855 854 856  255 0 255
3  855 856 857  255 0 255
3  860 857 861  255 0 255
3  860 861 862  255 0 255
3  841 844 840  255 0 255
3  838 839 846  255 0 255
3  840 844 839  255 0 255
3  844 841 842  255 0 255
3  844 845 839  255 0 255
3  846 839 845  255 0 255
3  842 843 844  255 0 255
3  838 846 837  255 0 255
3  847 837 846  255 0 255
3  847 836 837  255 0 255
3  836 847 835  255 0 255
3  834 848 849  255 0 255
3  848 834 835  255 0 255
3  834 849 833  255 0 255
3  847 848 835  255 0 255
3  861 856 851  255 0 255
3  861 857 856  255 0 255
3  853 850 856  255 0 255
3  851 852 863  255 0 255
3  861 851 862  255 0 255
3  863 862 851  255 0 255
3  862 863 860  255 0 255
3  850 851 856  255 0 255
3  850 858 833  255 0 255
3  858 832 833  255 0 255
3  832 858 859  255 0 255
3  853 858 850  255 0 255
3  856 854 853  255 0 255
3  831 859 855  255 0 255
3  854 855 859  255 0 255
3  860 831 855  255 0 255
3  832 859 831  255 0 255
3  831 860 863  255 0 255
3  857 860 855  255 0 255
3  849 850 833  255 0 255
3  892 894 895  255 0 255
3  892 895 893  255 0 255
3  878 880 879  255 0 255
3  878 879 877  255 0 255
3  895 881 882  255 0 255
3  882 883 895  255 0 255
3  893 895 883  255 0 255
3  894 881 895  255 0 255
3  869 877 879  255 0 255
3  879 894 869  255 0 255
3  892 893 869  255 0 255
3  881 894 876  255 0 255
3  893 883 884  255 0 255
3  876 894 879  255 0 255
3  874 875 876  255 0 255
3  874 871 873  255 0 255
3  871 874 876  255 0 255
3  878 871 880  255 0 255
3  879 880 876  255 0 255
3  871 872 873  255 0 255
3  880 871 876  255 0 255
3  892 869 894  255 0 255
3  869 884 885  255 0 255
3  887 868 886  255 0 255
3  868 885 886  255 0 255
3  889 866 888  255 0 255
3  865 889 890  255 0 255
3  867 887 888  255 0 255
3  891 864 890  255 0 255
3  869 870 877  255 0 255
3  885 868 869  255 0 255
3  871 878 870  255 0 255
3  870 878 877  255 0 255
3  866 867 888  255 0 255
3  889 865 866  255 0 255
3  890 864 865  255 0 255
3  867 868 887  255 0 255
3  884 869 893  255 0 255
3  904 903 905  0 192 0
3  904 905 906  0 192 0
3  909 896 897  0 192 0
3  898 903 897  0 192 0
3  909 910 896  0 192 0
3  898 905 903  0 192 0
3  897 908 909  0 192 0
3  908 897 903  0 192 0
3  905 898 906  0 192 0
3  906 899 900  0 192 0
3  906 898 899  0 192 0
3  900 901 906  0 192 0
3  902 907 904  0 192 0
3  903 904 907  0 192 0
3  904 901 902  0 192 0
3  901 904 906  0 192 0
3  908 903 907  0 192 0
3  927 925 920  240 128 128
3  927 920 926  240 128 128
3  920 918 917  240 128 128
3  920 917 919  240 128 128
3  918 929 928  240 128 128
3  918 928 917  240 128 128
3  928 930 911  240 128 128
3  912 928 911  240 128 128
3  912 917 928  240 128 128
3  929 930 928  240 128 128
3  923 924 930  240 128 128
3  923 929 922  240 128 128
3  929 923 930  240 128 128
3  918 925 922  240 128 128
3  929 918 922  240 128 128
3  919 917 912  240 128 128
3  926 920 919  240 128 128
3  926 919 914  240 128 128
3  913 914 919  240 128 128
3  915 926 914  240 128 128
3  913 919 912  240 128 128
3  921 925 927  240 128 128
3  916 921 915  240 128 128
3  927 915 921  240 128 128
3  927 926 915  240 128 128
3  922 925 921  240 128 128
3  918 920 925  240 128 128
3  931 932 935  192 0 0
3  934 931 935  192 0 0
3  985 937 991  192 0 0
3  991 970 987  192 0 0
3  991 987 985  192 0 0
3  933 985 987  192 0 0
3  987 970 982  192 0 0
3  982 936 986  192 0 0
3  982 986 987  192 0 0
3  1003 1001 938  192 0 0
3  993 1003 938  192 0 0
3  1002 934 1001  192 0 0
3  1003 1002 1001  192 0 0
3  933 1002 1003  192 0 0
3  985 933 1003  192 0 0
3  1003 993 1000  192 0 0
3  1000 937 985  192 0 0
3  1000 985 1003  192 0 0
3  1013 938 1001  192 0 0
3  935 939 1013  192 0 0
3  1001 934 935  192 0 0
3  935 1013 1001  192 0 0
3  975 936 983  192 0 0
3  983 971 977  192 0 0
3  983 977 975  192 0 0
3  975 977 976  192 0 0
3  976 977 966  192 0 0
3  941 976 966  192 0 0
3  936 982 984  192 0 0
3  983 936 984  192 0 0
3  1009 1012 1010  192 0 0
3  1011 992 1010  192 0 0
3  1012 1011 1010  192 0 0
3  993 938 992  192 0 0
3  1000 993 999  192 0 0
3  938 1013 1014  192 0 0
3  992 938 1014  192 0 0
3  940 941 967  192 0 0
3  967 943 942  192 0 0
3  967 942 940  192 0 0
3  941 966 968  192 0 0
3  967 941 968  192 0 0
3  967 968 965  192 0 0
3  943 967 965  192 0 0
3  942 943 944  192 0 0
3  986 950 949  192 0 0
3  950 986 936  192 0 0
3  936 975 950  192 0 0
3  975 976 951  192 0 0
3  950 975 951  192 0 0
3  949 948 933  192 0 0
3  949 933 987  192 0 0
3  933 948 1002  192 0 0
3  949 987 986  192 0 0
3  982 970 984  192 0 0
3  984 970 989  192 0 0
3  984 988 981  192 0 0
3  988 984 989  192 0 0
3  981 983 984  192 0 0
3  952 951 976  192 0 0
3  990 989 970  192 0 0
3  995 991 996  192 0 0
3  991 995 994  192 0 0
3  991 937 996  192 0 0
3  991 994 970  192 0 0
3  994 990 970  192 0 0
3  937 997 996  192 0 0
3  946 932 931  192 0 0
3  946 931 947  192 0 0
3  1002 947 934  192 0 0
3  948 947 1002  192 0 0
3  934 947 931  192 0 0
3  1022 946 945  192 0 0
3  932 946 1022  192 0 0
3  932 1022 1021  192 0 0
3  935 1021 1020  192 0 0
3  1021 935 932  192 0 0
3  935 1020 939  192 0 0
3  937 1000 998  192 0 0
3  1004 1000 999  192 0 0
3  1004 998 1000  192 0 0
3  997 937 998  192 0 0
3  1004 999 1005  192 0 0
3  939 1020 1019  192 0 0
3  1017 939 1018  192 0 0
3  1017 1013 939  192 0 0
3  999 993 992  192 0 0
3  1018 939 1019  192 0 0
3  1005 999 1006  192 0 0
3  941 940 952  192 0 0
3  952 940 953  192 0 0
3  954 940 955  192 0 0
3  940 954 953  192 0 0
3  941 952 976  192 0 0
3  977 971 966  192 0 0
3  981 971 983  192 0 0
3  966 971 1023  192 0 0
3  968 966 1023  192 0 0
3  1023 971 972  192 0 0
3  972 971 973  192 0 0
3  955 940 942  192 0 0
3  956 942 957  192 0 0
3  942 956 955  192 0 0
3  958 957 959  192 0 0
3  957 942 944  192 0 0
3  957 944 959  192 0 0
3  943 965 944  192 0 0
3  965 1023 961  192 0 0
3  1023 965 968  192 0 0
3  960 965 961  192 0 0
3  965 960 944  192 0 0
3  944 960 959  192 0 0
3  961 1023 962  192 0 0
3  964 1023 969  192 0 0
3  980 979 971  192 0 0
3  971 981 980  192 0 0
3  1011 1007 999  192 0 0
3  999 992 1011  192 0 0
3  1014 1010 992  192 0 0
3  1014 1017 1016  192 0 0
3  1011 1012 1008  192 0 0
3  1012 1009 1008  192 0 0
3  1007 1011 1008  192 0 0
3  1017 1014 1013  192 0 0
3  1007 1006 999  192 0 0
3  971 978 974  192 0 0
3  969 1023 972  192 0 0
3  973 971 974  192 0 0
3  1009 1010 1016  192 0 0
3  1009 1016 1015  192 0 0
3  1016 1010 1014  192 0 0
3  1008 1009 1015  192 0 0
3  963 962 1023  192 0 0
3  1023 964 963  192 0 0
3  971 979 978  192 0 0
3  1036 1037 1035  128 255 128
3  1034 1036 1035  128 255 128
3  1033 1034 1032  128 255 128
3  1031 1033 1032  128 255 128
3  1033 1025 1036  128 255 128
3  1025 1033 1026  128 255 128
3  1033 1036 1034  128 255 128
3  1036 1025 1024  128 255 128
3  1024 1030 1037  128 255 128
3  1037 1030 1035  128 255 128
3  1024 1037 1036  128 255 128
3  1027 1026 1031  128 255 128
3  1027 1031 1028  128 255 128
3  1032 1035 1029  128 255 128
3  1034 1035 1032  128 255 128
3  1029 1028 1032  128 255 128
3  1031 1032 1028  128 255 128
3  1029 1035 1030  128 255 128
3  1033 1031 1026  128 255 128
3  1157 1038 1156  128 255 128
3  1161 1160 1156  128 255 128
3  1159 1161 1156  128 255 128
3  1141 1143 1146  128 255 128
3  1146 1145 1144  128 255 128
3  1146 1144 1141  128 255 128
3  1144 1145 1142  128 255 128
3  1136 1144 1142  128 255 128
3  1147 1148 1143  128 255 128
3  1141 1147 1143  128 255 128
3  1140 1141 1144  128 255 128
3  1144 1136 1040  128 255 128
3  1144 1040 1140  128 255 128
3  1163 1162 1041  128 255 128
3  1057 1163 1041  128 255 128
3  1156 1038 1162  128 255 128
3  1163 1156 1162  128 255 128
3  1042 1041 1162  128 255 128
3  1162 1038 1039  128 255 128
3  1162 1039 1042  128 255 128
3  1039 1040 1137  128 255 128
3  1137 1043 1042  128 255 128
3  1137 1042 1039  128 255 128
3  1040 1136 1138  128 255 128
3  1137 1040 1138  128 255 128
3  1137 1138 1131  128 255 128
3  1043 1137 1131  128 255 128
3  1058 1056 1044  128 255 128
3  1055 1058 1044  128 255 128
3  1057 1041 1056  128 255 128
3  1058 1057 1056  128 255 128
3  1068 1044 1056  128 255 128
3  1042 1045 1068  128 255 128
3  1056 1041 1042  128 255 128
3  1042 1068 1056  128 255 128
3  1132 1046 1088  128 255 128
3  1042 1043 1132  128 255 128
3  1088 1045 1042  128 255 128
3  1042 1132 1088  128 255 128
3  1134 1133 1135  128 255 128
3  1043 1131 1135  128 255 128
3  1135 1133 1132  128 255 128
3  1135 1132 1043  128 255 128
3  1132 1133 1101  128 255 128
3  1046 1132 1101  128 255 128
3  1071 1063 1070  128 255 128
3  1073 1071 1070  128 255 128
3  1066 1071 1073  128 255 128
3  1072 1066 1073  128 255 128
3  1061 1063 1071  128 255 128
3  1071 1066 1064  128 255 128
3  1071 1064 1061  128 255 128
3  1062 1064 1066  128 255 128
3  1065 1062 1066  128 255 128
3  1044 1061 1064  128 255 128
3  1064 1062 1055  128 255 128
3  1064 1055 1044  128 255 128
3  1091 1084 1090  128 255 128
3  1093 1091 1090  128 255 128
3  1086 1091 1093  128 255 128
3  1092 1086 1093  128 255 128
3  1067 1084 1091  128 255 128
3  1091 1086 1085  128 255 128
3  1091 1085 1067  128 255 128
3  1069 1085 1086  128 255 128
3  1074 1069 1086  128 255 128
3  1045 1067 1085  128 255 128
3  1085 1069 1068  128 255 128
3  1085 1068 1045  128 255 128
3  1068 1069 1075  128 255 128
3  1075 1061 1044  128 255 128
3  1075 1044 1068  128 255 128
3  1075 1069 1074  128 255 128
3  1076 1075 1074  128 255 128
3  1061 1075 1076  128 255 128
3  1063 1061 1076  128 255 128
3  1104 1098 1103  128 255 128
3  1106 1104 1103  128 255 128
3  1100 1104 1106  128 255 128
3  1105 1100 1106  128 255 128
3  1087 1098 1104  128 255 128
3  1104 1100 1099  128 255 128
3  1104 1099 1087  128 255 128
3  1089 1099 1100  128 255 128
3  1094 1089 1100  128 255 128
3  1046 1087 1099  128 255 128
3  1099 1089 1088  128 255 128
3  1099 1088 1046  128 255 128
3  1088 1089 1095  128 255 128
3  1095 1067 1045  128 255 128
3  1095 1045 1088  128 255 128
3  1095 1089 1094  128 255 128
3  1096 1095 1094  128 255 128
3  1067 1095 1096  128 255 128
3  1084 1067 1096  128 255 128
3  1128 1122 1124  128 255 128
3  1102 1121 1128  128 255 128
3  1124 1107 1102  128 255 128
3  1102 1128 1124  128 255 128
3  1124 1122 1127  128 255 128
3  1127 1123 1126  128 255 128
3  1127 1126 1124  128 255 128
3  1107 1124 1126  128 255 128
3  1125 1107 1126  128 255 128
3  1130 1101 1129  128 255 128
3  1121 1102 1130  128 255 128
3  1130 1102 1108  128 255 128
3  1046 1101 1130  128 255 128
3  1108 1087 1046  128 255 128
3  1046 1130 1108  128 255 128
3  1108 1102 1107  128 255 128
3  1109 1108 1107  128 255 128
3  1087 1108 1109  128 255 128
3  1098 1087 1109  128 255 128
3  1047 1158 1161  128 255 128
3  1160 1161 1158  128 255 128
3  1160 1158 1155  128 255 128
3  1159 1048 1161  128 255 128
3  1047 1161 1048  128 255 128
3  1157 1153 1152  128 255 128
3  1153 1157 1154  128 255 128
3  1155 1154 1157  128 255 128
3  1152 1140 1039  128 255 128
3  1152 1039 1157  128 255 128
3  1157 1156 1160  128 255 128
3  1155 1157 1160  128 255 128
3  1140 1152 1151  128 255 128
3  1163 1159 1156  128 255 128
3  1163 1049 1159  128 255 128
3  1049 1163 1057  128 255 128
3  1050 1049 1057  128 255 128
3  1058 1051 1050  128 255 128
3  1057 1058 1050  128 255 128
3  1051 1058 1052  128 255 128
3  1039 1038 1157  128 255 128
3  1040 1039 1140  128 255 128
3  1058 1055 1052  128 255 128
3  1053 1052 1055  128 255 128
3  1048 1159 1049  128 255 128
3  1147 1151 1148  128 255 128
3  1151 1147 1140  128 255 128
3  1148 1151 1150  128 255 128
3  1140 1147 1141  128 255 128
3  1143 1148 1149  128 255 128
3  1120 1149 1139  128 255 128
3  1150 1149 1148  128 255 128
3  1145 1120 1142  128 255 128
3  1143 1149 1120  128 255 128
3  1146 1120 1145  128 255 128
3  1146 1143 1120  128 255 128
3  1119 1142 1120  128 255 128
3  1136 1142 1119  128 255 128
3  1136 1119 1138  128 255 128
3  1118 1131 1138  128 255 128
3  1131 1117 1135  128 255 128
3  1133 1115 1101  128 255 128
3  1117 1131 1118  128 255 128
3  1119 1118 1138  128 255 128
3  1134 1116 1115  128 255 128
3  1117 1116 1135  128 255 128
3  1134 1115 1133  128 255 128
3  1135 1116 1134  128 255 128
3  1129 1101 1115  128 255 128
3  1065 1053 1062  128 255 128
3  1053 1065 1054  128 255 128
3  1066 1072 1065  128 255 128
3  1072 1073 1059  128 255 128
3  1054 1065 1072  128 255 128
3  1076 1070 1063  128 255 128
3  1074 1077 1076  128 255 128
3  1096 1090 1084  128 255 128
3  1074 1086 1092  128 255 128
3  1059 1073 1070  128 255 128
3  1059 1054 1072  128 255 128
3  1059 1070 1060  128 255 128
3  1074 1078 1077  128 255 128
3  1077 1060 1070  128 255 128
3  1078 1074 1092  128 255 128
3  1092 1093 1079  128 255 128
3  1093 1090 1080  128 255 128
3  1081 1080 1090  128 255 128
3  1093 1080 1079  128 255 128
3  1078 1092 1079  128 255 128
3  1081 1090 1096  128 255 128
3  1076 1077 1070  128 255 128
3  1081 1096 1094  128 255 128
3  1094 1100 1105  128 255 128
3  1098 1109 1103  128 255 128
3  1109 1107 1125  128 255 128
3  1114 1130 1129  128 255 128
3  1130 1114 1121  128 255 128
3  1121 1114 1113  128 255 128
3  1114 1129 1115  128 255 128
3  1122 1128 1113  128 255 128
3  1122 1113 1112  128 255 128
3  1113 1128 1121  128 255 128
3  1105 1106 1082  128 255 128
3  1106 1103 1097  128 255 128
3  1097 1103 1109  128 255 128
3  1083 1106 1097  128 255 128
3  1106 1083 1082  128 255 128
3  1094 1105 1082  128 255 128
3  1109 1125 1097  128 255 128
3  1127 1112 1123  128 255 128
3  1112 1127 1122  128 255 128
3  1126 1123 1110  128 255 128
3  1111 1110 1123  128 255 128
3  1125 1126 1110  128 255 128
3  1111 1123 1112  128 255 128
3  1110 1097 1125  128 255 128
3  1081 1094 1082  128 255 128
3  1055 1062 1053  128 255 128
3  2276 1991 1165  255 165 0
3  1164 2276 1165  255 165 0
3  1164 1165 1990  255 165 0
3  2275 1164 1990  255 165 0
3  1168 1166 1155  255 165 0
3  1168 1155 1158  255 165 0
3  1169 1167 1166  255 165 0
3  1169 1166 1168  255 165 0
3  735 736 1167  255 165 0
3  735 1167 1169  255 165 0
3  831 863 1158  255 165 0
3  831 1158 1047  255 165 0
3  1026 2 1171  255 255 0
3  1170 1026 1171  255 255 0
3  1170 1171 1991  255 255 0
3  2276 1170 1991  255 255 0
3  1175 1172 2285  255 255 0
3  1175 2285 1174  255 255 0
3  1176 1173 1172  255 255 0
3  1176 1172 1175  255 255 0
3  1177 2257 1173  255 255 0
3  1177 1173 1176  255 255 0
3  1178 1175 1174  255 255 0
3  1178 1174 2286  255 255 0
3  1179 1176 1175  255 255 0
3  1179 1175 1178  255 255 0
3  2258 1177 1176  255 255 0
3  2258 1176 1179  255 255 0
3  916 915 736  255 255 0
3  916 736 737  255 255 0
3  1027 3 2  255 255 0
3  1026 1027 2  255 255 0
3  914 913 1153  255 255 0
3  914 1153 1154  255 255 0
3  3 1027 1028  173 216 230
3  4 3 1028  173 216 230
3  4 1028 1029  245 222 179
3  5 4 1029  245 222 179
3  5 1029 1030  245 222 179
3  6 5 1030  245 222 179
3  1024 1180 1181  255 165 0
3  1030 1024 1181  255 165 0
3  1180 0 6  255 165 0
3  1181 1180 6  255 165 0
3  831 1047 1048  0 128 64
3  832 831 1048  0 128 64
3  832 1048 1051  0 128 64
3  835 832 1051  0 128 64
3  835 1051 1052  0 128 64
3  836 835 1052  0 128 64
3  836 1052 1054  0 128 64
3  838 836 1054  0 128 64
3  1059 839 838  0 0 192
3  1054 1059 838  0 0 192
3  839 1182 1183  128 64 0
3  840 839 1183  128 64 0
3  1182 1059 1060  128 64 0
3  1183 1182 1060  128 64 0
3  1077 841 840  255 128 0
3  1060 1077 840  255 128 0
3  1078 1184 1187  255 128 0
3  1077 1078 1187  255 128 0
3  1184 1185 1188  255 128 0
3  1187 1184 1188  255 128 0
3  1185 1186 1189  255 128 0
3  1188 1185 1189  255 128 0
3  1186 2129 2130  255 128 0
3  1189 1186 2130  255 128 0
3  1079 1190 1197  255 128 0
3  1078 1079 1197  255 128 0
3  1190 1191 1198  255 128 0
3  1197 1190 1198  255 128 0
3  1191 1192 1199  255 128 0
3  1198 1191 1199  255 128 0
3  1192 1193 1200  255 128 0
3  1199 1192 1200  255 128 0
3  1193 1194 1201  255 128 0
3  1200 1193 1201  255 128 0
3  1194 1195 1202  255 128 0
3  1201 1194 1202  255 128 0
3  1195 1196 1203  255 128 0
3  1202 1195 1203  255 128 0
3  1196 2122 2124  255 128 0
3  1203 1196 2124  255 128 0
3  1228 1204 2278  255 128 0
3  1228 2278 1227  255 128 0
3  1229 1205 1204  255 128 0
3  1229 1204 1228  255 128 0
3  1230 1206 1205  255 128 0
3  1230 1205 1229  255 128 0
3  1231 1207 1206  255 128 0
3  1231 1206 1230  255 128 0
3  1232 1208 1207  255 128 0
3  1232 1207 1231  255 128 0
3  1233 1209 1208  255 128 0
3  1233 1208 1232  255 128 0
3  1234 1210 1209  255 128 0
3  1234 1209 1233  255 128 0
3  1235 1211 1210  255 128 0
3  1235 1210 1234  255 128 0
3  1236 1212 1211  255 128 0
3  1236 1211 1235  255 128 0
3  1237 1213 1212  255 128 0
3  1237 1212 1236  255 128 0
3  1238 1214 1213  255 128 0
3  1238 1213 1237  255 128 0
3  1239 1215 1214  255 128 0
3  1239 1214 1238  255 128 0
3  1240 1216 1215  255 128 0
3  1240 1215 1239  255 128 0
3  1241 1217 1216  255 128 0
3  1241 1216 1240  255 128 0
3  1242 1218 1217  255 128 0
3  1242 1217 1241  255 128 0
3  1243 1219 1218  255 128 0
3  1243 1218 1242  255 128 0
3  1244 1220 1219  255 128 0
3  1244 1219 1243  255 128 0
3  1245 1221 1220  255 128 0
3  1245 1220 1244  255 128 0
3  1246 1222 1221  255 128 0
3  1246 1221 1245  255 128 0
3  1247 1223 1222  255 128 0
3  1247 1222 1246  255 128 0
3  1248 1224 1223  255 128 0
3  1248 1223 1247  255 128 0
3  1249 1225 1224  255 128 0
3  1249 1224 1248  255 128 0
3  1250 1226 1225  255 128 0
3  1250 1225 1249  255 128 0
3  1251 2016 1226  255 128 0
3  1251 1226 1250  255 128 0
3  1252 1228 1227  255 128 0
3  1252 1227 2277  255 128 0
3  1253 1229 1228  255 128 0
3  1253 1228 1252  255 128 0
3  1254 1230 1229  255 128 0
3  1254 1229 1253  255 128 0
3  1255 1231 1230  255 128 0
3  1255 1230 1254  255 128 0
3  1256 1232 1231  255 128 0
3  1256 1231 1255  255 128 0
3  1257 1233 1232  255 128 0
3  1257 1232 1256  255 128 0
3  1258 1234 1233  255 128 0
3  1258 1233 1257  255 128 0
3  1259 1235 1234  255 128 0
3  1259 1234 1258  255 128 0
3  1260 1236 1235  255 128 0
3  1260 1235 1259  255 128 0
3  1261 1237 1236  255 128 0
3  1261 1236 1260  255 128 0
3  1262 1238 1237  255 128 0
3  1262 1237 1261  255 128 0
3  1263 1239 1238  255 128 0
3  1263 1238 1262  255 128 0
3  1264 1240 1239  255 128 0
3  1264 1239 1263  255 128 0
3  1265 1241 1240  255 128 0
3  1265 1240 1264  255 128 0
3  1266 1242 1241  255 128 0
3  1266 1241 1265  255 128 0
3  1267 1243 1242  255 128 0
3  1267 1242 1266  255 128 0
3  1268 1244 1243  255 128 0
3  1268 1243 1267  255 128 0
3  1269 1245 1244  255 128 0
3  1269 1244 1268  255 128 0
3  1270 1246 1245  255 128 0
3  1270 1245 1269  255 128 0
3  1271 1247 1246  255 128 0
3  1271 1246 1270  255 128 0
3  1272 1248 1247  255 128 0
3  1272 1247 1271  255 128 0
3  1273 1249 1248  255 128 0
3  1273 1248 1272  255 128 0
3  1274 1250 1249  255 128 0
3  1274 1249 1273  255 128 0
3  2015 1251 1250  255 128 0
3  2015 1250 1274  255 128 0
3  1081 1275 1282  255 128 0
3  1080 1081 1282  255 128 0
3  1275 1276 1283  255 128 0
3  1282 1275 1283  255 128 0
3  1276 1277 1284  255 128 0
3  1283 1276 1284  255 128 0
3  1277 1278 1285  255 128 0
3  1284 1277 1285  255 128 0
3  1278 1279 1286  255 128 0
3  1285 1278 1286  255 128 0
3  1279 1280 1287  255 128 0
3  1286 1279 1287  255 128 0
3  1280 1281 1288  255 128 0
3  1287 1280 1288  255 128 0
3  1281 519 508  255 128 0
3  1288 1281 508  255 128 0
3  1082 1289 1291  255 128 0
3  1081 1082 1291  255 128 0
3  1289 1290 1292  255 128 0
3  1291 1289 1292  255 128 0
3  1290 2132 2133  255 128 0
3  1292 1290 2133  255 128 0
3  1083 875 874  255 128 0
3  1082 1083 874  255 128 0
3  1296 1293 2280  64 255 64
3  1296 2280 1295  64 255 64
3  1297 1294 1293  64 255 64
3  1297 1293 1296  64 255 64
3  1298 2245 1294  64 255 64
3  1298 1294 1297  64 255 64
3  1299 1296 1295  64 255 64
3  1299 1295 2279  64 255 64
3  1300 1297 1296  64 255 64
3  1300 1296 1299  64 255 64
3  2244 1298 1297  64 255 64
3  2244 1297 1300  64 255 64
3  1110 881 876  0 0 192
3  1097 1110 876  0 0 192
3  1305 1301 2282  255 255 128
3  1305 2282 1304  255 255 128
3  1306 1302 1301  255 255 128
3  1306 1301 1305  255 255 128
3  1307 1303 1302  255 255 128
3  1307 1302 1306  255 255 128
3  1308 2247 1303  255 255 128
3  1308 1303 1307  255 255 128
3  1309 1305 1304  255 255 128
3  1309 1304 2281  255 255 128
3  1310 1306 1305  255 255 128
3  1310 1305 1309  255 255 128
3  1311 1307 1306  255 255 128
3  1311 1306 1310  255 255 128
3  2246 1308 1307  255 255 128
3  2246 1307 1311  255 255 128
3  1112 1312 1314  255 255 128
3  1111 1112 1314  255 255 128
3  1312 1313 1315  255 255 128
3  1314 1312 1315  255 255 128
3  1313 883 882  255 255 128
3  1315 1313 882  255 255 128
3  1113 884 883  255 255 128
3  1112 1113 883  255 255 128
3  1114 2248 884  255 255 128
3  1113 1114 884  255 255 128
3  1116 890 2249  255 255 128
3  1115 1116 2249  255 255 128
3  1115 2249 2248  255 255 128
3  1114 1115 2248  255 255 128
3  1117 891 890  255 255 128
3  1116 1117 890  255 255 128
3  1118 157 155  255 255 128
3  1117 1118 155  255 255 128
3  1120 2233 2232  255 255 128
3  1119 1120 2232  255 255 128
3  1119 2232 2228  255 255 128
3  1118 1119 2228  255 255 128
3  1139 902 901  255 128 255
3  1120 1139 901  255 128 255
3  825 901 900  255 128 255
3  826 825 900  255 128 255
3  1321 1316 900  255 128 255
3  1321 900 899  255 128 255
3  1322 1317 1316  255 128 255
3  1322 1316 1321  255 128 255
3  1323 1318 1317  255 128 255
3  1323 1317 1322  255 128 255
3  1324 1319 1318  255 128 255
3  1324 1318 1323  255 128 255
3  1325 1320 1319  255 128 255
3  1325 1319 1324  255 128 255
3  707 708 1320  255 128 255
3  707 1320 1325  255 128 255
3  1149 2253 902  173 216 230
3  1139 1149 902  173 216 230
3  1150 2254 2253  173 216 230
3  1149 1150 2253  173 216 230
3  2254 1150 1327  173 216 230
3  1326 2254 1327  173 216 230
3  1326 1327 2283  173 216 230
3  2250 1326 2283  173 216 230
3  2255 2284 1153  173 216 230
3  913 2255 1153  173 216 230
3  1993 24 1329  128 128 255
3  1328 1993 1329  128 128 255
3  1328 1329 27  128 128 255
3  1995 1328 27  128 128 255
3  24 1993 1330  50 205 50
3  23 24 1330  50 205 50
3  23 1330 1992  50 205 50
3  22 23 1992  50 205 50
3  22 1992 1332  192 192 0
3  1331 22 1332  192 192 0
3  1331 1332 1994  192 192 0
3  25 1331 1994  192 192 0
3  1995 27 26  123 104 238
3  1333 1995 26  123 104 238
3  1333 26 25  123 104 238
3  1994 1333 25  123 104 238
3  587 1334 1336  224 255 255
3  588 587 1336  224 255 255
3  1334 1335 1337  224 255 255
3  1336 1334 1337  224 255 255
3  1335 28 29  224 255 255
3  1337 1335 29  224 255 255
3  584 1338 1341  224 255 255
3  585 584 1341  224 255 255
3  1338 1339 1342  224 255 255
3  1341 1338 1342  224 255 255
3  1339 1340 1343  224 255 255
3  1342 1339 1343  224 255 255
3  1340 51 52  224 255 255
3  1343 1340 52  224 255 255
3  2104 2105 2145  224 255 255
3  2104 2145 2146  224 255 255
3  588 29 30  255 0 0
3  602 588 30  255 0 0
3  602 1344 1345  128 0 255
3  603 602 1345  128 0 255
3  1344 30 31  128 0 255
3  1345 1344 31  128 0 255
3  570 1346 1347  128 0 255
3  581 570 1347  128 0 255
3  1346 48 49  128 0 255
3  1347 1346 49  128 0 255
3  1997 1996 2147  64 255 128
3  1997 2147 2148  64 255 128
3  608 2019 2018  64 255 128
3  609 608 2018  64 255 128
3  2178 1348 1352  64 255 128
3  1351 2178 1352  64 255 128
3  1348 1349 1353  64 255 128
3  1352 1348 1353  64 255 128
3  1349 1350 1354  64 255 128
3  1353 1349 1354  64 255 128
3  1350 107 110  64 255 128
3  1354 1350 110  64 255 128
3  1351 1352 1355  64 255 128
3  2177 1351 1355  64 255 128
3  1352 1353 1356  64 255 128
3  1355 1352 1356  64 255 128
3  1353 1354 1357  64 255 128
3  1356 1353 1357  64 255 128
3  1354 110 109  64 255 128
3  1357 1354 109  64 255 128
3  658 1358 1360  64 255 128
3  657 658 1360  64 255 128
3  1358 1359 1361  64 255 128
3  1360 1358 1361  64 255 128
3  1359 2035 2034  64 255 128
3  1361 1359 2034  64 255 128
3  607 1362 1364  64 255 128
3  608 607 1364  64 255 128
3  1362 1363 1365  64 255 128
3  1364 1362 1365  64 255 128
3  1363 775 776  64 255 128
3  1365 1363 776  64 255 128
3  391 39 28  255 255 0
3  390 391 28  255 255 0
3  392 767 2208  255 255 0
3  391 392 2208  255 255 0
3  2143 2144 2000  0 192 192
3  2143 2000 1366  0 192 192
3  2141 2143 1366  0 192 192
3  2141 1366 1999  0 192 192
3  86 565 564  0 192 192
3  87 86 564  0 192 192
3  1372 1367 2206  0 192 192
3  1372 2206 1371  0 192 192
3  1373 1368 1367  0 192 192
3  1373 1367 1372  0 192 192
3  1374 1369 1368  0 192 192
3  1374 1368 1373  0 192 192
3  1375 1370 1369  0 192 192
3  1375 1369 1374  0 192 192
3  1376 2142 1370  0 192 192
3  1376 1370 1375  0 192 192
3  1377 1372 1371  0 192 192
3  1377 1371 2221  0 192 192
3  1378 1373 1372  0 192 192
3  1378 1372 1377  0 192 192
3  1379 1374 1373  0 192 192
3  1379 1373 1378  0 192 192
3  1380 1375 1374  0 192 192
3  1380 1374 1379  0 192 192
3  2140 1376 1375  0 192 192
3  2140 1375 1380  0 192 192
3  51 584 581  255 228 196
3  49 51 581  255 228 196
3  40 395 396  64 255 64
3  52 40 396  64 255 64
3  765 394 395  64 255 64
3  2207 765 395  64 255 64
3  1383 1381 2136  255 255 64
3  1383 2136 1382  255 255 64
3  1384 2003 1381  255 255 64
3  1384 1381 1383  255 255 64
3  1385 1383 1382  255 255 64
3  1385 1382 2135  255 255 64
3  2004 1384 1383  255 255 64
3  2004 1383 1385  255 255 64
3  807 1386 1392  255 255 64
3  806 807 1392  255 255 64
3  1386 1387 1393  255 255 64
3  1392 1386 1393  255 255 64
3  1387 1388 1394  255 255 64
3  1393 1387 1394  255 255 64
3  1388 1389 1395  255 255 64
3  1394 1388 1395  255 255 64
3  1389 1390 1396  255 255 64
3  1395 1389 1396  255 255 64
3  1390 1391 1397  255 255 64
3  1396 1390 1397  255 255 64
3  1391 72 66  255 255 64
3  1397 1391 66  255 255 64
3  2225 496 497  255 255 64
3  2224 2225 497  255 255 64
3  441 1398 1399  255 255 64
3  440 441 1399  255 255 64
3  1398 495 496  255 255 64
3  1399 1398 496  255 255 64
3  514 523 524  255 255 64
3  513 514 524  255 255 64
3  539 1400 1405  255 255 64
3  538 539 1405  255 255 64
3  1400 1401 1406  255 255 64
3  1405 1400 1406  255 255 64
3  1401 1402 1407  255 255 64
3  1406 1401 1407  255 255 64
3  1402 1403 1408  255 255 64
3  1407 1402 1408  255 255 64
3  1403 1404 1409  255 255 64
3  1408 1403 1409  255 255 64
3  1404 522 523  255 255 64
3  1409 1404 523  255 255 64
3  451 623 1411  255 255 64
3  1410 451 1411  255 255 64
3  1410 1411 2149  255 255 64
3  2111 1410 2149  255 255 64
3  2174 2179 2112  255 255 64
3  2174 2112 2110  255 255 64
3  2010 1412 1413  128 64 255
3  2008 2010 1413  128 64 255
3  1412 497 498  128 64 255
3  1413 1412 498  128 64 255
3  75 1414 1416  128 64 255
3  74 75 1416  128 64 255
3  1414 1415 1417  128 64 255
3  1416 1414 1417  128 64 255
3  1415 502 503  128 64 255
3  1417 1415 503  128 64 255
3  74 1416 1418  128 64 255
3  73 74 1418  128 64 255
3  1416 1417 1419  128 64 255
3  1418 1416 1419  128 64 255
3  1417 503 504  128 64 255
3  1419 1417 504  128 64 255
3  1422 1420 2014  192 0 192
3  1422 2014 1421  192 0 192
3  1423 2137 1420  192 0 192
3  1423 1420 1422  192 0 192
3  1424 1422 1421  192 0 192
3  1424 1421 2012  192 0 192
3  2138 1423 1422  192 0 192
3  2138 1422 1424  192 0 192
3  73 1425 1431  192 0 192
3  79 73 1431  192 0 192
3  1425 1426 1432  192 0 192
3  1431 1425 1432  192 0 192
3  1426 1427 1433  192 0 192
3  1432 1426 1433  192 0 192
3  1427 1428 1434  192 0 192
3  1433 1427 1434  192 0 192
3  1428 1429 1435  192 0 192
3  1434 1428 1435  192 0 192
3  1429 1430 1436  192 0 192
3  1435 1429 1436  192 0 192
3  1430 815 816  192 0 192
3  1436 1430 816  192 0 192
3  505 2226 2227  192 0 192
3  504 505 2227  192 0 192
3  506 1437 1438  192 0 192
3  505 506 1438  192 0 192
3  1437 487 435  192 0 192
3  1438 1437 435  192 0 192
3  531 518 519  192 0 192
3  530 531 519  192 0 192
3  532 1439 1444  192 0 192
3  531 532 1444  192 0 192
3  1439 1440 1445  192 0 192
3  1444 1439 1445  192 0 192
3  1440 1441 1446  192 0 192
3  1445 1440 1446  192 0 192
3  1441 1442 1447  192 0 192
3  1446 1441 1447  192 0 192
3  1442 1443 1448  192 0 192
3  1447 1442 1448  192 0 192
3  1443 544 545  192 0 192
3  1448 1443 545  192 0 192
3  558 475 1450  192 0 192
3  1449 558 1450  192 0 192
3  1449 1450 2113  192 0 192
3  2139 1449 2113  192 0 192
3  1452 2114 2164  192 0 192
3  1452 2164 1451  192 0 192
3  2115 1452 1451  192 0 192
3  2115 1451 2172  192 0 192
3  89 799 800  0 0 192
3  86 89 800  0 0 192
3  2075 2071 2150  0 0 192
3  2075 2150 2152  0 0 192
3  2020 776 777  0 0 192
3  2021 2020 777  0 0 192
3  1454 1453 2024  0 192 192
3  1454 2024 2025  0 192 192
3  2168 2166 1453  0 192 192
3  2168 1453 1454  0 192 192
3  1457 1455 2031  0 192 192
3  1457 2031 2032  0 192 192
3  1458 1456 1455  0 192 192
3  1458 1455 1457  0 192 192
3  2170 2169 1456  0 192 192
3  2170 1456 1458  0 192 192
3  1462 1459 2037  0 192 192
3  1462 2037 2038  0 192 192
3  1463 1460 1459  0 192 192
3  1463 1459 1462  0 192 192
3  1464 1461 1460  0 192 192
3  1464 1460 1463  0 192 192
3  2120 2118 1461  0 192 192
3  2120 1461 1464  0 192 192
3  872 1465 1473  0 192 192
3  873 872 1473  0 192 192
3  1465 1466 1474  0 192 192
3  1473 1465 1474  0 192 192
3  1466 1467 1475  0 192 192
3  1474 1466 1475  0 192 192
3  1467 1468 1476  0 192 192
3  1475 1467 1476  0 192 192
3  1468 1469 1477  0 192 192
3  1476 1468 1477  0 192 192
3  1469 1470 1478  0 192 192
3  1477 1469 1478  0 192 192
3  1470 1471 1479  0 192 192
3  1478 1470 1479  0 192 192
3  1471 1472 1480  0 192 192
3  1479 1471 1480  0 192 192
3  1472 75 76  0 192 192
3  1480 1472 76  0 192 192
3  873 1481 1486  0 192 192
3  874 873 1486  0 192 192
3  1481 1482 1487  0 192 192
3  1486 1481 1487  0 192 192
3  1482 1483 1488  0 192 192
3  1487 1482 1488  0 192 192
3  1483 1484 1489  0 192 192
3  1488 1483 1489  0 192 192
3  1484 1485 1490  0 192 192
3  1489 1484 1490  0 192 192
3  1485 527 528  0 192 192
3  1490 1485 528  0 192 192
3  106 1491 1492  64 128 255
3  101 106 1492  64 128 255
3  1491 88 87  64 128 255
3  1492 1491 87  64 128 255
3  2167 564 563  64 128 255
3  2165 2167 563  64 128 255
3  660 618 609  64 128 255
3  659 660 609  64 128 255
3  2028 1493 1497  64 128 255
3  1496 2028 1497  64 128 255
3  1493 1494 1498  64 128 255
3  1497 1493 1498  64 128 255
3  1494 1495 1499  64 128 255
3  1498 1494 1499  64 128 255
3  1495 91 100  64 128 255
3  1499 1495 100  64 128 255
3  1496 1497 1500  64 128 255
3  2029 1496 1500  64 128 255
3  1497 1498 1501  64 128 255
3  1500 1497 1501  64 128 255
3  1498 1499 1502  64 128 255
3  1501 1498 1502  64 128 255
3  1499 100 99  64 128 255
3  1502 1499 99  64 128 255
3  112 1503 1504  255 240 245
3  113 112 1504  255 240 245
3  1503 104 103  255 240 245
3  1504 1503 103  255 240 245
3  120 1505 1506  255 240 245
3  121 120 1506  255 240 245
3  1505 109 108  255 240 245
3  1506 1505 108  255 240 245
3  124 1507 1509  128 255 64
3  125 124 1509  128 255 64
3  1507 1508 1510  128 255 64
3  1509 1507 1510  128 255 64
3  1508 116 115  128 255 64
3  1510 1508 115  128 255 64
3  869 2156 2155  128 255 64
3  870 869 2155  128 255 64
3  2042 1511 1513  128 255 64
3  2044 2042 1513  128 255 64
3  1511 1512 1514  128 255 64
3  1513 1511 1514  128 255 64
3  1512 118 123  128 255 64
3  1514 1512 123  128 255 64
3  494 1515 1521  64 255 128
3  499 494 1521  64 255 128
3  1515 1516 1522  64 255 128
3  1521 1515 1522  64 255 128
3  1516 1517 1523  64 255 128
3  1522 1516 1523  64 255 128
3  1517 1518 1524  64 255 128
3  1523 1517 1524  64 255 128
3  1518 1519 1525  64 255 128
3  1524 1518 1525  64 255 128
3  1519 1520 1526  64 255 128
3  1525 1519 1526  64 255 128
3  1520 2043 1527  64 255 128
3  1526 1520 1527  64 255 128
3  499 1521 1528  64 255 128
3  498 499 1528  64 255 128
3  1521 1522 1529  64 255 128
3  1528 1521 1529  64 255 128
3  1522 1523 1530  64 255 128
3  1529 1522 1530  64 255 128
3  1523 1524 1531  64 255 128
3  1530 1523 1531  64 255 128
3  1524 1525 1532  64 255 128
3  1531 1524 1532  64 255 128
3  1525 1526 1533  64 255 128
3  1532 1525 1533  64 255 128
3  1526 1527 2048  64 255 128
3  1533 1526 2048  64 255 128
3  520 1534 1539  64 255 128
3  526 520 1539  64 255 128
3  1534 1535 1540  64 255 128
3  1539 1534 1540  64 255 128
3  1535 1536 1541  64 255 128
3  1540 1535 1541  64 255 128
3  1536 1537 1542  64 255 128
3  1541 1536 1542  64 255 128
3  1537 1538 1543  64 255 128
3  1542 1537 1543  64 255 128
3  1538 842 841  64 255 128
3  1543 1538 841  64 255 128
3  1562 1544 2009  64 255 128
3  1562 2009 1561  64 255 128
3  1563 1545 1544  64 255 128
3  1563 1544 1562  64 255 128
3  1564 1546 1545  64 255 128
3  1564 1545 1563  64 255 128
3  1565 1547 1546  64 255 128
3  1565 1546 1564  64 255 128
3  1566 1548 1547  64 255 128
3  1566 1547 1565  64 255 128
3  1567 1549 1548  64 255 128
3  1567 1548 1566  64 255 128
3  1568 1550 1549  64 255 128
3  1568 1549 1567  64 255 128
3  1569 1551 1550  64 255 128
3  1569 1550 1568  64 255 128
3  1570 1552 1551  64 255 128
3  1570 1551 1569  64 255 128
3  1571 1553 1552  64 255 128
3  1571 1552 1570  64 255 128
3  1572 1554 1553  64 255 128
3  1572 1553 1571  64 255 128
3  1573 1555 1554  64 255 128
3  1573 1554 1572  64 255 128
3  1574 1556 1555  64 255 128
3  1574 1555 1573  64 255 128
3  1575 1557 1556  64 255 128
3  1575 1556 1574  64 255 128
3  1576 1558 1557  64 255 128
3  1576 1557 1575  64 255 128
3  1577 1559 1558  64 255 128
3  1577 1558 1576  64 255 128
3  1578 1560 1559  64 255 128
3  1578 1559 1577  64 255 128
3  1579 2236 1560  64 255 128
3  1579 1560 1578  64 255 128
3  1580 1562 1561  64 255 128
3  1580 1561 2006  64 255 128
3  1581 1563 1562  64 255 128
3  1581 1562 1580  64 255 128
3  1582 1564 1563  64 255 128
3  1582 1563 1581  64 255 128
3  1583 1565 1564  64 255 128
3  1583 1564 1582  64 255 128
3  1584 1566 1565  64 255 128
3  1584 1565 1583  64 255 128
3  1585 1567 1566  64 255 128
3  1585 1566 1584  64 255 128
3  1586 1568 1567  64 255 128
3  1586 1567 1585  64 255 128
3  1587 1569 1568  64 255 128
3  1587 1568 1586  64 255 128
3  1588 1570 1569  64 255 128
3  1588 1569 1587  64 255 128
3  1589 1571 1570  64 255 128
3  1589 1570 1588  64 255 128
3  1590 1572 1571  64 255 128
3  1590 1571 1589  64 255 128
3  1591 1573 1572  64 255 128
3  1591 1572 1590  64 255 128
3  1592 1574 1573  64 255 128
3  1592 1573 1591  64 255 128
3  1593 1575 1574  64 255 128
3  1593 1574 1592  64 255 128
3  1594 1576 1575  64 255 128
3  1594 1575 1593  64 255 128
3  1595 1577 1576  64 255 128
3  1595 1576 1594  64 255 128
3  1596 1578 1577  64 255 128
3  1596 1577 1595  64 255 128
3  2235 1579 1578  64 255 128
3  2235 1578 1596  64 255 128
3  2052 1597 1609  255 128 0
3  2050 2052 1609  255 128 0
3  1597 1598 1610  255 128 0
3  1609 1597 1610  255 128 0
3  1598 1599 1611  255 128 0
3  1610 1598 1611  255 128 0
3  1599 1600 1612  255 128 0
3  1611 1599 1612  255 128 0
3  1600 1601 1613  255 128 0
3  1612 1600 1613  255 128 0
3  1601 1602 1614  255 128 0
3  1613 1601 1614  255 128 0
3  1602 1603 1615  255 128 0
3  1614 1602 1615  255 128 0
3  1603 1604 1616  255 128 0
3  1615 1603 1616  255 128 0
3  1604 1605 1617  255 128 0
3  1616 1604 1617  255 128 0
3  1605 1606 1618  255 128 0
3  1617 1605 1618  255 128 0
3  1606 1607 1619  255 128 0
3  1618 1606 1619  255 128 0
3  1607 1608 1620  255 128 0
3  1619 1607 1620  255 128 0
3  1608 794 795  255 128 0
3  1620 1608 795  255 128 0
3  1622 1621 2074  255 128 0
3  1622 2074 2076  255 128 0
3  2220 2218 1621  255 128 0
3  2220 1621 1622  255 128 0
3  687 1623 1626  255 128 0
3  686 687 1626  255 128 0
3  1623 1624 1627  255 128 0
3  1626 1623 1627  255 128 0
3  1624 1625 1628  255 128 0
3  1627 1624 1628  255 128 0
3  1625 793 794  255 128 0
3  1628 1625 794  255 128 0
3  1639 1629 2201  255 128 0
3  1639 2201 1638  255 128 0
3  1640 1630 1629  255 128 0
3  1640 1629 1639  255 128 0
3  1641 1631 1630  255 128 0
3  1641 1630 1640  255 128 0
3  1642 1632 1631  255 128 0
3  1642 1631 1641  255 128 0
3  1643 1633 1632  255 128 0
3  1643 1632 1642  255 128 0
3  1644 1634 1633  255 128 0
3  1644 1633 1643  255 128 0
3  1645 1635 1634  255 128 0
3  1645 1634 1644  255 128 0
3  1646 1636 1635  255 128 0
3  1646 1635 1645  255 128 0
3  1647 1637 1636  255 128 0
3  1647 1636 1646  255 128 0
3  1648 2217 1637  255 128 0
3  1648 1637 1647  255 128 0
3  1649 1639 1638  255 128 0
3  1649 1638 2200  255 128 0
3  1650 1640 1639  255 128 0
3  1650 1639 1649  255 128 0
3  1651 1641 1640  255 128 0
3  1651 1640 1650  255 128 0
3  1652 1642 1641  255 128 0
3  1652 1641 1651  255 128 0
3  1653 1643 1642  255 128 0
3  1653 1642 1652  255 128 0
3  1654 1644 1643  255 128 0
3  1654 1643 1653  255 128 0
3  1655 1645 1644  255 128 0
3  1655 1644 1654  255 128 0
3  1656 1646 1645  255 128 0
3  1656 1645 1655  255 128 0
3  1657 1647 1646  255 128 0
3  1657 1646 1656  255 128 0
3  2219 1648 1647  255 128 0
3  2219 1647 1657  255 128 0
3  782 1658 1670  255 128 128
3  781 782 1670  255 128 128
3  1658 1659 1671  255 128 128
3  1670 1658 1671  255 128 128
3  1659 1660 1672  255 128 128
3  1671 1659 1672  255 128 128
3  1660 1661 1673  255 128 128
3  1672 1660 1673  255 128 128
3  1661 1662 1674  255 128 128
3  1673 1661 1674  255 128 128
3  1662 1663 1675  255 128 128
3  1674 1662 1675  255 128 128
3  1663 1664 1676  255 128 128
3  1675 1663 1676  255 128 128
3  1664 1665 1677  255 128 128
3  1676 1664 1677  255 128 128
3  1665 1666 1678  255 128 128
3  1677 1665 1678  255 128 128
3  1666 1667 1679  255 128 128
3  1678 1666 1679  255 128 128
3  1667 1668 1680  255 128 128
3  1679 1667 1680  255 128 128
3  1668 1669 1681  255 128 128
3  1680 1668 1681  255 128 128
3  1669 2055 2057  255 128 128
3  1681 1669 2057  255 128 128
3  781 1682 1686  255 128 128
3  780 781 1686  255 128 128
3  1682 1683 1687  255 128 128
3  1686 1682 1687  255 128 128
3  1683 1684 1688  255 128 128
3  1687 1683 1688  255 128 128
3  1684 1685 1689  255 128 128
3  1688 1684 1689  255 128 128
3  1685 721 722  255 128 128
3  1689 1685 722  255 128 128
3  783 1690 1693  255 128 128
3  782 783 1693  255 128 128
3  1690 1691 1694  255 128 128
3  1693 1690 1694  255 128 128
3  1691 1692 1695  255 128 128
3  1694 1691 1695  255 128 128
3  1692 753 754  255 128 128
3  1695 1692 754  255 128 128
3  235 714 715  255 255 64
3  236 235 715  255 255 64
3  243 722 723  255 255 64
3  244 243 723  255 255 64
3  1697 2197 2062  255 64 255
3  1697 2062 1696  255 64 255
3  2199 1697 1696  255 64 255
3  2199 1696 2060  255 64 255
3  2198 2196 2234  255 64 255
3  2198 2234 2230  255 64 255
3  864 713 714  255 64 255
3  865 864 714  255 64 255
3  2072 2073 2239  255 64 255
3  2072 2239 2240  255 64 255
3  1699 2229 2061  128 255 128
3  1699 2061 1698  128 255 128
3  2231 1699 1698  128 255 128
3  2231 1698 2063  128 255 128
3  1703 1700 2066  128 64 0
3  1703 2066 1702  128 64 0
3  1704 1701 1700  128 64 0
3  1704 1700 1703  128 64 0
3  1705 2187 1701  128 64 0
3  1705 1701 1704  128 64 0
3  1706 1703 1702  128 64 0
3  1706 1702 2065  128 64 0
3  1707 1704 1703  128 64 0
3  1707 1703 1706  128 64 0
3  2185 1705 1704  128 64 0
3  2185 1704 1707  128 64 0
3  1709 2186 2194  128 64 0
3  1709 2194 1708  128 64 0
3  2184 1709 1708  128 64 0
3  2184 1708 2193  128 64 0
3  2068 2067 2188  123 104 238
3  2068 2188 1710  123 104 238
3  2069 2068 1710  123 104 238
3  2069 1710 2180  123 104 238
3  2259 2260 2064  64 64 255
3  2259 2064 2070  64 64 255
3  706 924 923  64 64 255
3  705 706 923  64 64 255
3  738 1711 1712  64 64 255
3  737 738 1712  64 64 255
3  1711 921 916  64 64 255
3  1712 1711 916  64 64 255
3  2212 1713 1714  255 128 128
3  2211 2212 1714  255 128 128
3  1713 243 241  255 128 128
3  1714 1713 241  255 128 128
3  121 1715 1718  255 128 128
3  122 121 1718  255 128 128
3  1715 1716 1719  255 128 128
3  1718 1715 1719  255 128 128
3  1716 1717 1720  255 128 128
3  1719 1716 1720  255 128 128
3  1717 2163 1721  255 128 128
3  1720 1717 1721  255 128 128
3  122 1718 1722  255 128 128
3  123 122 1722  255 128 128
3  1718 1719 1723  255 128 128
3  1722 1718 1723  255 128 128
3  1719 1720 1724  255 128 128
3  1723 1719 1724  255 128 128
3  1720 1721 2161  255 128 128
3  1724 1720 2161  255 128 128
3  111 1725 1727  255 128 128
3  108 111 1727  255 128 128
3  1725 1726 1728  255 128 128
3  1727 1725 1728  255 128 128
3  1726 644 643  255 128 128
3  1728 1726 643  255 128 128
3  2022 1729 1733  255 128 128
3  2023 2022 1733  255 128 128
3  1729 1730 1734  255 128 128
3  1733 1729 1734  255 128 128
3  1730 1731 1735  255 128 128
3  1734 1730 1735  255 128 128
3  1731 1732 1736  255 128 128
3  1735 1731 1736  255 128 128
3  1732 635 644  255 128 128
3  1736 1732 644  255 128 128
3  1015 1016 2080  255 64 64
3  1015 2080 2079  255 64 64
3  961 962 2088  255 64 64
3  961 2088 2086  255 64 64
3  958 2265 335  255 64 64
3  958 335 334  255 64 64
3  2271 2272 337  255 64 64
3  2271 337 336  255 64 64
3  962 963 2089  0 255 255
3  962 2089 2088  0 255 255
3  1738 1737 293  100 100 100
3  1738 293 292  100 100 100
3  963 964 1737  100 100 100
3  963 1737 1738  100 100 100
3  1737 1739 295  100 100 100
3  1737 295 293  100 100 100
3  964 969 1739  100 100 100
3  964 1739 1737  100 100 100
3  1743 1740 2091  100 100 100
3  1743 2091 1742  100 100 100
3  1744 1741 1740  100 100 100
3  1744 1740 1743  100 100 100
3  1745 2267 1741  100 100 100
3  1745 1741 1744  100 100 100
3  1746 1743 1742  100 100 100
3  1746 1742 2090  100 100 100
3  1747 1744 1743  100 100 100
3  1747 1743 1746  100 100 100
3  2266 1745 1744  100 100 100
3  2266 1744 1747  100 100 100
3  1751 1748 2092  100 100 100
3  1751 2092 1750  100 100 100
3  1752 1749 1748  100 100 100
3  1752 1748 1751  100 100 100
3  1753 2268 1749  100 100 100
3  1753 1749 1752  100 100 100
3  1740 1751 1750  100 100 100
3  1740 1750 2091  100 100 100
3  1741 1752 1751  100 100 100
3  1741 1751 1740  100 100 100
3  2267 1753 1752  100 100 100
3  2267 1752 1741  100 100 100
3  1755 1754 298  100 100 100
3  1755 298 297  100 100 100
3  973 974 1754  100 100 100
3  973 1754 1755  100 100 100
3  1754 1756 300  100 100 100
3  1754 300 298  100 100 100
3  974 978 1756  100 100 100
3  974 1756 1754  100 100 100
3  1756 1757 301  100 100 100
3  1756 301 300  100 100 100
3  978 979 1757  100 100 100
3  978 1757 1756  100 100 100
3  1757 1758 302  100 100 100
3  1757 302 301  100 100 100
3  979 980 1758  100 100 100
3  979 1758 1757  100 100 100
3  1758 1759 303  100 100 100
3  1758 303 302  100 100 100
3  980 981 1759  100 100 100
3  980 1759 1758  100 100 100
3  1763 1760 2094  100 100 100
3  1763 2094 1762  100 100 100
3  1764 1761 1760  100 100 100
3  1764 1760 1763  100 100 100
3  1765 2270 1761  100 100 100
3  1765 1761 1764  100 100 100
3  1766 1763 1762  100 100 100
3  1766 1762 2093  100 100 100
3  1767 1764 1763  100 100 100
3  1767 1763 1766  100 100 100
3  2269 1765 1764  100 100 100
3  2269 1764 1767  100 100 100
3  1769 1768 308  100 100 100
3  1769 308 304  100 100 100
3  988 989 1768  100 100 100
3  988 1768 1769  100 100 100
3  1768 1770 309  100 100 100
3  1768 309 308  100 100 100
3  989 990 1770  100 100 100
3  989 1770 1768  100 100 100
3  1770 1771 310  100 100 100
3  1770 310 309  100 100 100
3  990 994 1771  100 100 100
3  990 1771 1770  100 100 100
3  1771 1772 314  100 100 100
3  1771 314 310  100 100 100
3  994 995 1772  100 100 100
3  994 1772 1771  100 100 100
3  1772 1773 315  100 100 100
3  1772 315 314  100 100 100
3  995 996 1773  100 100 100
3  995 1773 1772  100 100 100
3  1773 1774 316  255 240 245
3  1773 316 315  255 240 245
3  996 997 1774  255 240 245
3  996 1774 1773  255 240 245
3  1774 1775 317  255 240 245
3  1774 317 316  255 240 245
3  997 998 1775  255 240 245
3  997 1775 1774  255 240 245
3  1775 1776 320  255 240 245
3  1775 320 317  255 240 245
3  998 1004 1776  255 240 245
3  998 1776 1775  255 240 245
3  1776 1777 321  100 100 100
3  1776 321 320  100 100 100
3  1004 1005 1777  100 100 100
3  1004 1777 1776  100 100 100
3  1777 1778 322  100 100 100
3  1777 322 321  100 100 100
3  1005 1006 1778  100 100 100
3  1005 1778 1777  100 100 100
3  1779 1778 1006  100 100 100
3  1779 1006 1007  100 100 100
3  323 322 1778  100 100 100
3  323 1778 1779  100 100 100
3  1780 1779 1007  100 100 100
3  1780 1007 1008  100 100 100
3  324 323 1779  100 100 100
3  324 1779 1780  100 100 100
3  2079 2095 1008  0 128 64
3  2079 1008 1015  0 128 64
3  1781 2096 956  255 64 128
3  1781 956 957  255 64 128
3  334 1781 957  255 64 128
3  334 957 958  255 64 128
3  358 357 2263  255 64 128
3  358 2263 2264  255 64 128
3  327 335 2087  255 128 255
3  327 2087 2084  255 128 255
3  2272 2273 338  0 192 0
3  2272 338 337  0 192 0
3  2274 2262 353  0 192 0
3  2274 353 374  0 192 0
3  2082 2081 336  128 128 255
3  2082 336 344  128 128 255
3  488 490 15  255 128 255
3  488 15 17  255 128 255
3  14 15 490  255 64 64
3  14 490 491  255 64 64
3  16 14 491  128 255 255
3  16 491 493  128 255 255
3  493 488 17  64 255 64
3  493 17 16  64 255 64
3  353 2262 2263  255 0 255
3  357 353 2263  255 0 255
3  358 333 332  224 255 255
3  359 358 332  224 255 255
3  373 339 338  224 255 255
3  374 373 338  224 255 255
3  359 332 331  192 192 0
3  361 359 331  192 192 0
3  361 331 330  0 192 0
3  362 361 330  0 192 0
3  371 341 340  0 192 0
3  372 371 340  0 192 0
3  362 330 329  255 255 128
3  363 362 329  255 255 128
3  327 365 364  0 255 255
3  328 327 364  0 255 255
3  328 364 363  0 255 255
3  329 328 363  0 255 255
3  2083 367 366  0 255 255
3  1782 2083 366  0 255 255
3  1782 366 365  0 255 255
3  2085 1782 365  0 255 255
3  342 370 1783  0 255 255
3  343 342 1783  0 255 255
3  343 1783 2097  0 255 255
3  344 343 2097  0 255 255
3  341 371 370  128 128 255
3  342 341 370  128 128 255
3  339 373 1785  72 61 139
3  1784 339 1785  72 61 139
3  1784 1785 372  72 61 139
3  340 1784 372  72 61 139
3  2107 2098 1787  64 128 255
3  1786 2107 1787  64 128 255
3  1786 1787 2099  64 128 255
3  2106 1786 2099  64 128 255
3  2098 2107 1789  240 128 128
3  1788 2098 1789  240 128 128
3  1788 1789 438  240 128 128
3  376 1788 438  240 128 128
3  376 438 439  176 196 222
3  378 376 439  176 196 222
3  384 452 459  255 128 64
3  385 384 459  255 128 64
3  2101 553 552  255 128 64
3  2102 2101 552  255 128 64
3  463 387 385  0 0 255
3  459 463 385  0 0 255
3  464 388 387  255 128 128
3  463 464 387  255 128 128
3  555 2100 2103  255 128 128
3  556 555 2103  255 128 128
3  1792 1790 2117  128 255 64
3  1792 2117 1791  128 255 64
3  1793 2175 1790  128 255 64
3  1793 1790 1792  128 255 64
3  1794 1792 1791  128 255 64
3  1794 1791 2116  128 255 64
3  2176 1793 1792  128 255 64
3  2176 1792 1794  128 255 64
3  2173 2171 2119  128 255 64
3  2173 2119 2121  128 255 64
3  509 83 2017  64 128 255
3  508 509 2017  64 128 255
3  83 509 510  100 100 100
3  80 83 510  100 100 100
3  80 510 1795  176 196 222
3  81 80 1795  176 196 222
3  81 1795 2123  176 196 222
3  82 81 2123  176 196 222
3  62 536 537  176 196 222
3  63 62 537  176 196 222
3  2126 1796 1799  0 0 192
3  2125 2126 1799  0 0 192
3  1796 1797 1800  0 0 192
3  1799 1796 1800  0 0 192
3  1797 1798 1801  0 0 192
3  1800 1797 1801  0 0 192
3  1798 537 538  0 0 192
3  1801 1798 538  0 0 192
3  517 1802 1807  0 0 192
3  516 517 1807  0 0 192
3  1802 1803 1808  0 0 192
3  1807 1802 1808  0 0 192
3  1803 1804 1809  0 0 192
3  1808 1803 1809  0 0 192
3  1804 1805 1810  0 0 192
3  1809 1804 1810  0 0 192
3  1805 1806 1811  0 0 192
3  1810 1805 1811  0 0 192
3  1806 65 63  0 0 192
3  1811 1806 63  0 0 192
3  518 1812 1815  0 0 192
3  517 518 1815  0 0 192
3  1812 1813 1816  0 0 192
3  1815 1812 1816  0 0 192
3  1813 1814 1817  0 0 192
3  1816 1813 1817  0 0 192
3  1814 545 534  0 0 192
3  1817 1814 534  0 0 192
3  1819 1818 2128  255 20 147
3  1819 2128 2127  255 20 147
3  2007 2005 1818  255 20 147
3  2007 1818 1819  255 20 147
3  1821 1820 2131  255 20 147
3  1821 2131 2134  255 20 147
3  2013 2011 1820  255 20 147
3  2013 1820 1821  255 20 147
3  535 64 65  64 128 255
3  534 535 65  64 128 255
3  64 535 536  100 100 100
3  62 64 536  100 100 100
3  541 1822 1824  255 64 255
3  540 541 1824  255 64 255
3  1822 1823 1825  255 64 255
3  1824 1822 1825  255 64 255
3  1823 2222 2223  255 64 255
3  1825 1823 2223  255 64 255
3  542 1826 1830  255 64 255
3  541 542 1830  255 64 255
3  1826 1827 1831  255 64 255
3  1830 1826 1831  255 64 255
3  1827 1828 1832  255 64 255
3  1831 1827 1832  255 64 255
3  1828 1829 1833  255 64 255
3  1832 1828 1833  255 64 255
3  1829 2001 2002  255 64 255
3  1833 1829 2002  255 64 255
3  543 1834 1836  255 64 255
3  542 543 1836  255 64 255
3  1834 1835 1837  255 64 255
3  1836 1834 1837  255 64 255
3  1835 816 801  255 64 255
3  1837 1835 801  255 64 255
3  452 552 623  255 128 0
3  451 452 623  255 128 0
3  475 558 556  255 128 0
3  464 475 556  255 128 0
3  2100 555 553  128 64 255
3  2101 2100 553  128 64 255
3  2153 1838 1847  255 128 0
3  1846 2153 1847  255 128 0
3  1838 1839 1848  255 128 0
3  1847 1838 1848  255 128 0
3  1839 1840 1849  255 128 0
3  1848 1839 1849  255 128 0
3  1840 1841 1850  255 128 0
3  1849 1840 1850  255 128 0
3  1841 1842 1851  255 128 0
3  1850 1841 1851  255 128 0
3  1842 1843 1852  255 128 0
3  1851 1842 1852  255 128 0
3  1843 1844 1853  255 128 0
3  1852 1843 1853  255 128 0
3  1844 1845 1854  255 128 0
3  1853 1844 1854  255 128 0
3  1845 89 90  255 128 0
3  1854 1845 90  255 128 0
3  1846 1847 1855  255 128 0
3  2154 1846 1855  255 128 0
3  1847 1848 1856  255 128 0
3  1855 1847 1856  255 128 0
3  1848 1849 1857  255 128 0
3  1856 1848 1857  255 128 0
3  1849 1850 1858  255 128 0
3  1857 1849 1858  255 128 0
3  1850 1851 1859  255 128 0
3  1858 1850 1859  255 128 0
3  1851 1852 1860  255 128 0
3  1859 1851 1860  255 128 0
3  1852 1853 1861  255 128 0
3  1860 1852 1861  255 128 0
3  1853 1854 1862  255 128 0
3  1861 1853 1862  255 128 0
3  1854 90 88  255 128 0
3  1862 1854 88  255 128 0
3  628 1863 1865  255 128 0
3  629 628 1865  255 128 0
3  1863 1864 1866  255 128 0
3  1865 1863 1866  255 128 0
3  1864 2027 2026  255 128 0
3  1866 1864 2026  255 128 0
3  629 1867 1868  255 128 0
3  630 629 1868  255 128 0
3  1867 2030 2033  255 128 0
3  1868 1867 2033  255 128 0
3  2157 241 242  0 0 192
3  2158 2157 242  0 0 192
3  793 1869 1875  72 61 139
3  792 793 1875  72 61 139
3  1869 1870 1876  72 61 139
3  1875 1869 1876  72 61 139
3  1870 1871 1877  72 61 139
3  1876 1870 1877  72 61 139
3  1871 1872 1878  72 61 139
3  1877 1871 1878  72 61 139
3  1872 1873 1879  72 61 139
3  1878 1872 1879  72 61 139
3  1873 1874 1880  72 61 139
3  1879 1873 1880  72 61 139
3  1874 687 688  72 61 139
3  1880 1874 688  72 61 139
3  784 1881 1886  72 61 139
3  783 784 1886  72 61 139
3  1881 1882 1887  72 61 139
3  1886 1881 1887  72 61 139
3  1882 1883 2287  72 61 139
3  1887 1882 2287  72 61 139
3  1883 1884 1888  72 61 139
3  2287 1883 1888  72 61 139
3  1884 1885 1889  72 61 139
3  1888 1884 1889  72 61 139
3  1885 752 753  72 61 139
3  1889 1885 753  72 61 139
3  1891 1890 2190  0 192 192
3  1891 2190 2189  0 192 192
3  2216 2215 1890  0 192 192
3  2216 1890 1891  0 192 192
3  790 1892 1894  0 0 255
3  789 790 1894  0 0 255
3  1892 2290 1895  0 0 255
3  1894 1892 1895  0 0 255
3  2290 1893 1896  0 0 255
3  1895 2290 1896  0 0 255
3  1893 693 694  0 0 255
3  1896 1893 694  0 0 255
3  789 1894 1897  0 0 255
3  788 789 1897  0 0 255
3  1894 1895 1898  0 0 255
3  1897 1894 1898  0 0 255
3  1895 1896 1899  0 0 255
3  1898 1895 1899  0 0 255
3  1896 694 695  0 0 255
3  1899 1896 695  0 0 255
3  788 1900 1910  0 0 255
3  787 788 1910  0 0 255
3  1900 1901 1911  0 0 255
3  1910 1900 1911  0 0 255
3  1901 1902 1912  0 0 255
3  1911 1901 1912  0 0 255
3  1902 1903 1913  0 0 255
3  1912 1902 1913  0 0 255
3  1903 1904 1914  0 0 255
3  1913 1903 1914  0 0 255
3  1904 1905 1915  0 0 255
3  1914 1904 1915  0 0 255
3  1905 1906 1916  0 0 255
3  1915 1905 1916  0 0 255
3  1906 1907 1917  0 0 255
3  1916 1906 1917  0 0 255
3  1907 1908 1918  0 0 255
3  1917 1907 1918  0 0 255
3  1908 1909 1919  0 0 255
3  1918 1908 1919  0 0 255
3  1909 667 666  0 0 255
3  1919 1909 666  0 0 255
3  1921 2183 2192  192 0 192
3  1921 2192 1920  192 0 192
3  2182 1921 1920  192 0 192
3  2182 1920 2191  192 0 192
3  2183 2184 2193  128 0 255
3  2183 2193 2192  128 0 255
3  700 181 182  255 228 196
3  1922 700 182  255 228 196
3  1922 182 183  255 228 196
3  2195 1922 183  255 228 196
3  701 177 181  64 64 255
3  700 701 181  64 64 255
3  705 168 169  64 64 255
3  704 705 169  64 64 255
3  702 176 177  100 100 100
3  701 702 177  100 100 100
3  703 170 176  192 0 0
3  702 703 176  192 0 0
3  170 703 704  100 100 100
3  169 170 704  100 100 100
3  707 930 924  0 192 192
3  706 707 924  0 192 192
3  1924 2256 2251  0 192 192
3  1924 2251 1923  0 192 192
3  2261 1924 1923  0 192 192
3  2261 1923 2252  0 192 192
3  717 140 2051  255 255 64
3  716 717 2051  255 255 64
3  721 2058 2054  255 255 64
3  756 721 2054  255 255 64
3  718 141 140  64 255 255
3  717 718 140  64 255 255
3  141 718 686  128 64 255
3  2053 141 686  128 64 255
3  2056 754 755  128 64 255
3  2059 2056 755  128 64 255
3  787 1925 1933  255 255 128
3  786 787 1933  255 255 128
3  1925 1926 1934  255 255 128
3  1933 1925 1934  255 255 128
3  1926 1927 1935  255 255 128
3  1934 1926 1935  255 255 128
3  1927 1928 1936  255 255 128
3  1935 1927 1936  255 255 128
3  1928 1929 1937  255 255 128
3  1936 1928 1937  255 255 128
3  1929 1930 1938  255 255 128
3  1937 1929 1938  255 255 128
3  1930 1931 1939  255 255 128
3  1938 1930 1939  255 255 128
3  1931 1932 1940  255 255 128
3  1939 1931 1940  255 255 128
3  1932 666 665  255 255 128
3  1940 1932 665  255 255 128
3  2214 1941 2288  255 255 128
3  2213 2214 2288  255 255 128
3  1941 1942 2289  255 255 128
3  2288 1941 2289  255 255 128
3  1942 751 752  255 255 128
3  2289 1942 752  255 255 128
3  228 738 741  192 0 0
3  223 228 741  192 0 0
3  223 741 1944  100 100 100
3  1943 223 1944  100 100 100
3  1943 1944 2204  100 100 100
3  222 1943 2204  100 100 100
3  222 2204 1945  255 20 147
3  221 222 1945  255 20 147
3  221 1945 744  255 20 147
3  218 221 744  255 20 147
3  745 217 218  100 100 100
3  744 745 218  100 100 100
3  217 745 748  192 0 0
3  216 217 748  192 0 0
3  2181 2205 750  192 0 0
3  664 2181 750  192 0 0
3  751 665 664  0 0 192
3  750 751 664  0 0 192
3  2059 755 756  192 0 0
3  2054 2059 756  192 0 0
3  758 44 45  0 255 0
3  757 758 45  0 255 0
3  775 34 35  0 255 0
3  774 775 35  0 255 0
3  762 41 42  128 255 64
3  1946 762 42  128 255 64
3  1946 42 43  128 255 64
3  1947 1946 43  128 255 64
3  1947 43 44  128 255 64
3  758 1947 44  128 255 64
3  41 762 763  0 128 128
3  40 41 763  0 128 128
3  1998 2209 1949  0 128 128
3  1948 1998 1949  0 128 128
3  1948 1949 2210  0 128 128
3  38 1948 2210  0 128 128
3  394 765 766  0 192 192
3  393 394 766  0 192 192
3  393 766 767  0 192 192
3  392 393 767  0 192 192
3  38 2210 1950  255 165 0
3  37 38 1950  255 165 0
3  37 1950 1951  255 165 0
3  36 37 1951  255 165 0
3  36 1951 774  255 165 0
3  35 36 774  255 165 0
3  802 57 56  64 128 255
3  801 802 56  64 128 255
3  57 802 803  192 0 192
3  61 57 803  192 0 192
3  61 803 804  176 196 222
3  60 61 804  176 196 222
3  811 1952 1954  192 192 0
3  810 811 1954  192 192 0
3  1952 1953 1955  192 192 0
3  1954 1952 1955  192 192 0
3  1953 2108 1956  192 192 0
3  1955 1953 1956  192 192 0
3  810 1954 1957  192 192 0
3  809 810 1957  192 192 0
3  1954 1955 1958  192 192 0
3  1957 1954 1958  192 192 0
3  1955 1956 2109  192 192 0
3  1958 1955 2109  192 192 0
3  812 1959 1961  192 192 0
3  811 812 1961  192 192 0
3  1959 1960 1962  192 192 0
3  1961 1959 1962  192 192 0
3  1960 379 378  192 192 0
3  1962 1960 378  192 192 0
3  813 1963 1964  192 192 0
3  812 813 1964  192 192 0
3  1963 435 436  192 192 0
3  1964 1963 436  192 192 0
3  843 1965 1966  128 64 255
3  844 843 1966  128 64 255
3  1965 2049 2046  128 64 255
3  1966 1965 2046  128 64 255
3  2045 845 844  255 128 128
3  2047 2045 844  255 128 128
3  845 2162 2160  128 255 64
3  846 845 2160  128 255 64
3  2159 847 846  64 255 255
3  2160 2159 846  64 255 255
3  2078 848 847  64 255 255
3  2077 2078 847  64 255 255
3  2237 2238 2203  64 255 255
3  2237 2203 2202  64 255 255
3  730 1967 1974  128 255 255
3  729 730 1974  128 255 255
3  1967 1968 1975  128 255 255
3  1974 1967 1975  128 255 255
3  1968 1969 1976  128 255 255
3  1975 1968 1976  128 255 255
3  1969 1970 1977  128 255 255
3  1976 1969 1977  128 255 255
3  1970 1971 1978  128 255 255
3  1977 1970 1978  128 255 255
3  1971 1972 1979  128 255 255
3  1978 1971 1979  128 255 255
3  1972 1973 1980  128 255 255
3  1979 1972 1980  128 255 255
3  1973 852 851  128 255 255
3  1980 1973 851  128 255 255
3  735 1981 2291  255 0 0
3  730 735 2291  255 0 0
3  1981 863 852  255 0 0
3  2291 1981 852  255 0 0
3  2241 2151 2156  255 64 255
3  869 2241 2156  255 64 255
3  870 2036 2040  255 128 0
3  871 870 2040  255 128 0
3  1985 1982 2242  128 64 255
3  1985 2242 1984  128 64 255
3  1986 1983 1982  128 64 255
3  1986 1982 1985  128 64 255
3  1987 2041 1983  128 64 255
3  1987 1983 1986  128 64 255
3  1988 1985 1984  128 64 255
3  1988 1984 2243  128 64 255
3  1989 1986 1985  128 64 255
3  1989 1985 1988  128 64 255
3  2039 1987 1986  128 64 255
3  2039 1986 1989  128 64 255
3  891 155 156  255 64 255
3  864 891 156  255 64 255

