OFF
1850 1215 0
301143.195419311523 62.036148071289 -67294.187545776367
301141.886764526367 62.036148071289 -67291.841415405273
301139.574630737305 62.036148071289 -67293.131118774414
301137.262557983398 62.036148071289 -67294.420791625977
301138.571243286133 62.036148071289 -67296.766952514648
301140.883316040039 62.036148071289 -67295.477249145508
301144.426437377930 59.832836151123 -67296.394454956055
301143.195419311523 59.832836151123 -67294.187545776367
301140.883316040039 59.832836151123 -67295.477249145508
301138.571243286133 59.832836151123 -67296.766952514648
301137.497146606445 59.832836151123 -67297.366073608398
301138.728195190430 59.832836151123 -67299.573013305664
301141.577316284180 59.832836151123 -67297.983749389648
301154.587966918945 61.822528839111 -67313.133682250977
301155.966018676758 61.822528839111 -67315.604141235352
301153.698776245117 61.822528839111 -67316.868820190430
301158.233230590820 61.822528839111 -67314.339462280273
301157.544235229492 61.822528839111 -67313.104232788086
301156.855209350586 61.822528839111 -67311.869003295898
301152.320724487305 61.822528839111 -67314.398330688477
301153.009719848633 61.822528839111 -67315.633560180664
301159.429611206055 59.739250183105 -67316.484207153320
301158.233230590820 59.739250183105 -67314.339462280273
301155.966018676758 59.739250183105 -67315.604141235352
301153.698776245117 59.739250183105 -67316.868820190430
301152.430831909180 59.739250183105 -67317.576065063477
301153.627182006836 59.739250183105 -67319.720840454102
301156.528396606445 59.739250183105 -67318.102523803711
301168.430465698242 57.503570556641 -67307.275650024414
301164.043777465820 57.503570556641 -67309.722579956055
301164.319015502930 57.503570556641 -67320.527114868164
301166.649978637695 57.503570556641 -67324.705917358398
301159.932327270508 57.503570556641 -67322.974044799805
301162.263290405273 57.503570556641 -67327.152847290039
301132.236007690430 57.503570556641 -67283.632888793945
301132.511245727539 57.503570556641 -67294.437423706055
301134.842208862305 57.503570556641 -67298.616226196289
301128.124557495117 57.503570556641 -67296.884323120117
301130.455520629883 57.503570556641 -67301.063156127930
301165.644973754883 57.503570556641 -67330.047286987305
301167.839828491211 57.503570556641 -67328.822982788086
301170.034652709961 57.503570556641 -67327.598678588867
301168.766647338867 57.503570556641 -67325.325515747070
301167.498672485352 57.503570556641 -67323.052352905273
301166.230636596680 57.503570556641 -67320.779190063477
301164.933761596680 57.503570556641 -67318.454116821289
301163.636886596680 57.503570556641 -67316.129104614258
301166.260086059570 57.503570556641 -67314.665817260742
301168.883316040039 57.503570556641 -67313.202590942383
301171.506546020508 57.503570556641 -67311.739303588867
301173.304214477539 57.503570556641 -67310.736526489258
301175.101913452148 57.503570556641 -67309.733810424805
301173.624343872070 57.503570556641 -67307.084823608398
301172.146835327148 57.503570556641 -67304.435806274414
301170.669265747070 57.503570556641 -67301.786819458008
301170.645858764648 57.503570556641 -67301.745010375977
301167.264968872070 57.503570556641 -67305.186233520508
301170.623794555664 57.503570556641 -67306.052200317383
301169.458328247070 57.503570556641 -67303.962814331055
301168.875595092773 57.503570556641 -67302.918106079102
301170.555007934570 57.503570556641 -67303.351089477539
301169.972274780273 57.503570556641 -67302.306350708008
301170.520584106445 57.503570556641 -67302.000503540039
301170.263626098633 57.503570556641 -67302.828689575195
301171.103317260742 57.503570556641 -67303.045211791992
301170.811965942383 57.503570556641 -67302.522842407227
301170.041061401367 57.503570556641 -67305.007492065430
301171.720474243164 57.503570556641 -67305.440475463867
301171.137741088867 57.503570556641 -67304.395797729492
301169.595962524414 57.503570556641 -67309.365066528320
301171.789321899414 57.503570556641 -67308.141616821289
301170.447769165039 57.503570556641 -67301.869918823242
301170.657699584961 57.503570556641 -67301.924057006836
301170.246444702148 57.503570556641 -67302.153427124023
301169.423904418945 57.503570556641 -67302.612228393555
301166.682235717773 57.503570556641 -67304.141555786133
301168.361648559570 57.503570556641 -67304.574539184570
301162.878311157227 57.503570556641 -67307.633163452148
301166.237136840820 57.503570556641 -67308.499130249023
301165.071640014648 57.503570556641 -67306.409713745117
301170.666275024414 57.503570556641 -67302.261672973633
301170.585067749023 57.503570556641 -67301.778915405273
301167.752975463867 57.503570556641 -67303.358627319336
301164.920913696289 57.503570556641 -67304.938369750977
301162.088882446289 57.503570556641 -67306.518112182617
301159.256820678711 57.503570556641 -67308.097885131836
301156.424789428711 57.503570556641 -67309.677627563477
301155.585800170898 57.503570556641 -67310.145614624023
301155.109481811523 57.503570556641 -67309.291824340820
301153.302322387695 57.503570556641 -67306.052017211914
301151.495193481445 57.503570556641 -67302.812210083008
301149.688034057617 57.503570556641 -67299.572402954102
301147.880874633789 57.503570556641 -67296.332626342773
301150.091171264648 57.503570556641 -67295.099716186523
301152.301498413086 57.503570556641 -67293.866836547852
301154.915420532227 57.503570556641 -67292.408798217773
301157.529373168945 57.503570556641 -67290.950729370117
301156.002487182617 57.503570556641 -67288.213363647461
301154.475570678711 57.503570556641 -67285.475997924805
301152.948684692383 57.503570556641 -67282.738662719727
301150.819931030273 57.503570556641 -67283.926040649414
301148.691177368164 57.503570556641 -67285.113449096680
301146.065994262695 57.503570556641 -67286.577865600586
301143.440780639648 57.503570556641 -67288.042251586914
301140.268692016602 57.503570556641 -67289.811630249023
301138.626541137695 57.503570556641 -67286.867630004883
301136.984359741211 57.503570556641 -67283.923629760742
301135.342178344727 57.503570556641 -67280.979568481445
301133.700027465820 57.503570556641 -67278.035568237305
301131.341049194336 57.503570556641 -67279.351394653320
301128.982101440430 57.503570556641 -67280.667221069336
301126.623123168945 57.503570556641 -67281.983047485352
301125.444046020508 57.503570556641 -67282.640762329102
301130.042678833008 57.503570556641 -67284.856338500977
301131.070541381836 57.503570556641 -67281.543472290039
301128.877182006836 57.503570556641 -67282.766921997070
301126.977127075195 57.503570556641 -67285.389175415039
301128.576095581055 57.503570556641 -67288.255722045898
301130.175064086914 57.503570556641 -67291.122299194336
301131.774032592773 57.503570556641 -67293.988815307617
301130.524520874023 57.503570556641 -67294.685836791992
301128.255081176758 57.503570556641 -67295.951736450195
301125.985580444336 57.503570556641 -67297.217605590820
301123.716140747070 57.503570556641 -67298.483505249023
301130.317916870117 57.503570556641 -67295.660873413086
301125.191970825195 57.503570556641 -67301.129318237305
301126.667831420898 57.503570556641 -67303.775100708008
301128.143630981445 57.503570556641 -67306.420913696289
301130.700424194336 57.503570556641 -67304.994705200195
301133.257217407227 57.503570556641 -67303.568527221680
301135.814010620117 57.503570556641 -67302.142288208008
301138.161148071289 57.503570556641 -67300.833053588867
301140.508316040039 57.503570556641 -67299.523818969727
301142.332351684570 57.503570556641 -67302.793960571289
301144.156387329102 57.503570556641 -67306.064071655273
301145.980453491211 57.503570556641 -67309.334152221680
301147.804489135742 57.503570556641 -67312.604293823242
301146.154586791992 57.503570556641 -67313.524612426758
301144.504684448242 57.503570556641 -67314.444869995117
301141.788436889648 57.503570556641 -67315.960037231445
301139.072128295898 57.503570556641 -67317.475173950195
301140.681625366211 57.503570556641 -67320.360641479492
301142.291091918945 57.503570556641 -67323.246109008789
301143.900588989258 57.503570556641 -67326.131576538086
301147.119735717773 57.503570556641 -67324.335952758789
301150.338851928711 57.503570556641 -67322.540390014648
301153.557968139648 57.503570556641 -67320.744766235352
301155.503280639648 57.503570556641 -67319.659683227539
301156.129165649414 57.503570556641 -67320.781875610352
301157.578567504883 57.503570556641 -67323.380233764648
301159.027938842773 57.503570556641 -67325.978591918945
301160.477279663086 57.503570556641 -67328.576919555664
301161.926651000977 57.503570556641 -67331.175247192383
301162.329147338867 57.503570556641 -67331.896774291992
301163.987075805664 57.503570556641 -67330.972030639648
301138.728195190430 57.503570556641 -67299.573013305664
301137.497146606445 57.503570556641 -67297.366073608398
301138.571243286133 57.503570556641 -67296.766952514648
301137.262557983398 57.503570556641 -67294.420791625977
301139.574630737305 57.503570556641 -67293.131118774414
301141.886764526367 57.503570556641 -67291.841415405273
301143.195419311523 57.503570556641 -67294.187545776367
301144.426437377930 57.503570556641 -67296.394454956055
301141.577316284180 57.503570556641 -67297.983749389648
301153.627182006836 57.503570556641 -67319.720840454102
301152.430831909180 57.503570556641 -67317.576065063477
301153.698776245117 57.503570556641 -67316.868820190430
301152.320724487305 57.503570556641 -67314.398330688477
301154.587966918945 57.503570556641 -67313.133682250977
301156.855209350586 57.503570556641 -67311.869003295898
301158.233230590820 57.503570556641 -67314.339462280273
301159.429611206055 57.503570556641 -67316.484207153320
301156.528396606445 57.503570556641 -67318.102523803711
301150.057968139648 57.503570556641 -67284.649765014648
301141.284652709961 57.503570556641 -67289.543594360352
301143.615585327148 57.503570556641 -67293.722396850586
301148.277511596680 57.503570556641 -67302.079971313477
301159.657089233398 57.503570556641 -67312.169479370117
301150.608505249023 57.503570556641 -67306.258804321289
301143.890853881836 57.503570556641 -67304.526901245117
301152.939437866211 57.503570556641 -67310.437606811523
301170.761428833008 57.503570556641 -67311.454483032227
301161.988052368164 57.503570556641 -67316.348312377930
301159.812210083008 57.503570556641 -67317.562026977539
301134.566970825195 57.503570556641 -67287.811691284180
301127.849319458008 57.503570556641 -67286.079818725586
301136.897933959961 57.503570556641 -67291.990524291992
301148.552780151367 57.503570556641 -67312.884536743164
301150.883712768555 57.503570556641 -67317.063339233398
301168.469802856445 20.030357360840 -67308.819168090820
301163.456436157227 20.030357360840 -67311.615646362305
301158.443069458008 20.030357360840 -67314.412155151367
301162.771987915039 20.030357360840 -67322.172775268555
301136.113967895508 20.030357360840 -67286.166061401367
301140.442916870117 20.030357360840 -67293.926681518555
301144.771865844727 20.030357360840 -67301.687332153320
301149.100784301758 20.030357360840 -67309.447982788086
301153.429733276367 20.030357360840 -67317.208633422852
301131.100631713867 20.030357360840 -67288.962539672852
301135.429550170898 20.030357360840 -67296.723159790039
301166.230636596680 20.030357360840 -67320.779190063477
301163.636886596680 20.030357360840 -67316.129104614258
301167.571701049805 20.030357360840 -67313.934188842773
301171.506546020508 20.030357360840 -67311.739303588867
301175.101913452148 20.030357360840 -67309.733810424805
301172.885574340820 20.030357360840 -67305.760299682617
301170.669265747070 20.030357360840 -67301.786819458008
301170.645858764648 20.030357360840 -67301.745010375977
301170.976486206055 20.030357360840 -67307.420944213867
301168.811996459961 20.030357360840 -67303.540603637695
301170.065353393555 20.030357360840 -67302.841506958008
301170.692001342773 20.030357360840 -67302.491928100586
301169.894241333008 20.030357360840 -67305.480789184570
301172.229812622070 20.030357360840 -67306.721817016602
301171.147567749023 20.030357360840 -67304.781661987305
301170.421463012695 20.030357360840 -67302.006881713867
301170.606460571289 20.030357360840 -67303.811569213867
301171.774246215820 20.030357360840 -67304.432083129883
301171.233139038086 20.030357360840 -67303.461990356445
301170.578109741211 20.030357360840 -67301.919509887695
301169.794784545898 20.030357360840 -67302.356430053711
301170.378677368164 20.030357360840 -67302.666702270508
301170.108108520508 20.030357360840 -67302.181655883789
301169.438674926758 20.030357360840 -67303.191055297852
301165.963088989258 20.030357360840 -67310.217422485352
301163.798660278320 20.030357360840 -67306.337112426758
301170.556716918945 20.030357360840 -67302.249435424805
301170.848678588867 20.030357360840 -67302.404525756836
301170.713394165039 20.030357360840 -67302.162033081055
301170.962570190430 20.030357360840 -67302.976974487305
301170.585067749023 20.030357360840 -67301.778915405273
301165.864944458008 20.030357360840 -67304.411819458008
301161.144851684570 20.030357360840 -67307.044692993164
301156.424789428711 20.030357360840 -67309.677627563477
301155.585800170898 20.030357360840 -67310.145614624023
301156.278640747070 20.030357360840 -67310.531814575195
301160.949752807617 20.030357360840 -67313.013900756836
301158.785293579102 20.030357360840 -67309.133590698242
301157.531936645508 20.030357360840 -67309.832687377930
301151.265243530273 20.030357360840 -67313.328292846680
301155.936386108398 20.030357360840 -67315.810379028320
301151.607467651367 20.030357360840 -67308.049728393555
301153.771926879883 20.030357360840 -67311.930068969727
301152.689712524414 20.030357360840 -67309.989883422852
301155.025283813477 20.030357360840 -67311.230941772461
301152.860794067383 20.030357360840 -67307.350631713867
301153.943038940430 20.030357360840 -67309.290786743164
301146.936325073242 20.030357360840 -67305.567642211914
301147.278549194336 20.030357360840 -67300.289108276367
301149.442977905273 20.030357360840 -67304.169418334961
301155.109481811523 20.030357360840 -67309.291824340820
301152.699935913086 20.030357360840 -67304.972091674805
301150.290420532227 20.030357360840 -67300.652359008789
301147.880874633789 20.030357360840 -67296.332626342773
301152.301498413086 20.030357360840 -67293.866836547852
301157.529373168945 20.030357360840 -67290.950729370117
301155.239028930664 20.030357360840 -67286.844711303711
301152.948684692383 20.030357360840 -67282.738662719727
301148.691177368164 20.030357360840 -67285.113449096680
301143.440780639648 20.030357360840 -67288.042251586914
301140.268692016602 20.030357360840 -67289.811630249023
301138.079147338867 20.030357360840 -67285.886276245117
301135.889572143555 20.030357360840 -67281.960922241211
301133.700027465820 20.030357360840 -67278.035568237305
301130.161605834961 20.030357360840 -67280.009323120117
301126.623123168945 20.030357360840 -67281.983047485352
301125.444046020508 20.030357360840 -67282.640762329102
301126.977127075195 20.030357360840 -67285.389175415039
301129.375595092773 20.030357360840 -67289.689010620117
301131.774032592773 20.030357360840 -67293.988815307617
301130.524520874023 20.030357360840 -67294.685836791992
301127.120346069336 20.030357360840 -67296.584701538086
301123.716140747070 20.030357360840 -67298.483505249023
301133.265121459961 20.030357360840 -67292.842849731445
301125.929885864258 20.030357360840 -67302.452194213867
301128.143630981445 20.030357360840 -67306.420913696289
301131.978836059570 20.030357360840 -67304.281600952148
301135.814010620117 20.030357360840 -67302.142288208008
301140.508316040039 20.030357360840 -67299.523818969727
301142.940353393555 20.030357360840 -67303.883956909180
301145.372421264648 20.030357360840 -67308.244155883789
301147.804489135742 20.030357360840 -67312.604293823242
301144.504684448242 20.030357360840 -67314.444869995117
301139.072128295898 20.030357360840 -67317.475173950195
301141.486343383789 20.030357360840 -67321.803390502930
301143.900588989258 20.030357360840 -67326.131576538086
301148.729293823242 20.030357360840 -67323.438156127930
301153.557968139648 20.030357360840 -67320.744766235352
301155.503280639648 20.030357360840 -67319.659683227539
301160.265335083008 20.030357360840 -67323.571029663086
301160.607559204102 20.030357360840 -67318.292465209961
301158.100875854492 20.030357360840 -67319.690689086914
301156.129165649414 20.030357360840 -67320.781875610352
301159.027938842773 20.030357360840 -67325.978591918945
301161.926651000977 20.030357360840 -67331.175247192383
301162.329147338867 20.030357360840 -67331.896774291992
301164.936477661133 20.030357360840 -67326.053115844727
301162.429794311523 20.030357360840 -67327.451339721680
301163.512039184570 20.030357360840 -67329.391494750977
301161.176437377930 20.030357360840 -67328.150466918945
301162.258682250977 20.030357360840 -67330.090621948242
301165.644973754883 20.030357360840 -67330.047286987305
301170.034652709961 20.030357360840 -67327.598678588867
301168.132644653320 20.030357360840 -67324.188919067383
301150.469650268555 20.030357360840 -67288.333724975586
301148.416366577148 20.030357360840 -67320.005111694336
301133.700027465820 20.030357360840 -67278.035568237305
301133.700027465820 57.503570556641 -67278.035568237305
301140.268692016602 20.030357360840 -67289.811630249023
301140.268692016602 57.503570556641 -67289.811630249023
301126.623123168945 20.030357360840 -67281.983047485352
301126.623123168945 38.766963958740 -67281.983047485352
301126.623123168945 57.503570556641 -67281.983047485352
301130.161605834961 20.030357360840 -67280.009323120117
301130.161605834961 38.766963958740 -67280.009323120117
301130.161605834961 57.503570556641 -67280.009323120117
301133.700027465820 20.030357360840 -67278.035568237305
301133.700027465820 38.766963958740 -67278.035568237305
301133.700027465820 57.503570556641 -67278.035568237305
301125.444046020508 20.030357360840 -67282.640762329102
301125.444046020508 23.777679443359 -67282.640762329102
301125.444046020508 27.524999618530 -67282.640762329102
301125.444046020508 31.272321701050 -67282.640762329102
301125.444046020508 35.019641876221 -67282.640762329102
301125.444046020508 38.766963958740 -67282.640762329102
301125.444046020508 42.514286041260 -67282.640762329102
301125.444046020508 46.261604309082 -67282.640762329102
301125.444046020508 50.008926391602 -67282.640762329102
301125.444046020508 53.756248474121 -67282.640762329102
301125.444046020508 57.503570556641 -67282.640762329102
301126.033584594727 20.030357360840 -67282.311935424805
301126.033584594727 23.777679443359 -67282.311935424805
301126.033584594727 27.524999618530 -67282.311935424805
301126.033584594727 31.272321701050 -67282.311935424805
301126.033584594727 35.019641876221 -67282.311935424805
301126.033584594727 38.766963958740 -67282.311935424805
301126.033584594727 42.514286041260 -67282.311935424805
301126.033584594727 46.261604309082 -67282.311935424805
301126.033584594727 50.008926391602 -67282.311935424805
301126.033584594727 53.756248474121 -67282.311935424805
301126.033584594727 57.503570556641 -67282.311935424805
301126.623123168945 20.030357360840 -67281.983047485352
301126.623123168945 23.777679443359 -67281.983047485352
301126.623123168945 27.524999618530 -67281.983047485352
301126.623123168945 31.272321701050 -67281.983047485352
301126.623123168945 35.019641876221 -67281.983047485352
301126.623123168945 38.766963958740 -67281.983047485352
301126.623123168945 42.514286041260 -67281.983047485352
301126.623123168945 46.261604309082 -67281.983047485352
301126.623123168945 50.008926391602 -67281.983047485352
301126.623123168945 53.756248474121 -67281.983047485352
301126.623123168945 57.503570556641 -67281.983047485352
301125.444046020508 57.503570556641 -67282.640762329102
301125.444046020508 38.766963958740 -67282.640762329102
301125.444046020508 20.030357360840 -67282.640762329102
301126.977127075195 57.503570556641 -67285.389175415039
301126.977127075195 38.766963958740 -67285.389175415039
301126.977127075195 20.030357360840 -67285.389175415039
301126.977127075195 57.503570556641 -67285.389175415039
301126.977127075195 38.766963958740 -67285.389175415039
301126.977127075195 20.030357360840 -67285.389175415039
301129.375595092773 57.503570556641 -67289.689010620117
301129.375595092773 38.766963958740 -67289.689010620117
301129.375595092773 20.030357360840 -67289.689010620117
301131.774032592773 57.503570556641 -67293.988815307617
301131.774032592773 38.766963958740 -67293.988815307617
301131.774032592773 20.030357360840 -67293.988815307617
301130.524520874023 20.030357360840 -67294.685836791992
301130.524520874023 27.524999618530 -67294.685836791992
301130.524520874023 35.019641876221 -67294.685836791992
301130.524520874023 42.514286041260 -67294.685836791992
301130.524520874023 50.008926391602 -67294.685836791992
301130.524520874023 57.503570556641 -67294.685836791992
301131.774032592773 20.030357360840 -67293.988815307617
301131.774032592773 27.524999618530 -67293.988815307617
301131.774032592773 35.019641876221 -67293.988815307617
301131.774032592773 42.514286041260 -67293.988815307617
301131.774032592773 50.008926391602 -67293.988815307617
301131.774032592773 57.503570556641 -67293.988815307617
301123.716140747070 20.030357360840 -67298.483505249023
301123.716140747070 57.503570556641 -67298.483505249023
301130.524520874023 20.030357360840 -67294.685836791992
301130.524520874023 57.503570556641 -67294.685836791992
301123.716140747070 57.503570556641 -67298.483505249023
301123.716140747070 20.030357360840 -67298.483505249023
301128.143630981445 57.503570556641 -67306.420913696289
301128.143630981445 20.030357360840 -67306.420913696289
301128.143630981445 57.503570556641 -67306.420913696289
301128.143630981445 38.766963958740 -67306.420913696289
301128.143630981445 20.030357360840 -67306.420913696289
301131.978836059570 57.503570556641 -67304.281600952148
301131.978836059570 38.766963958740 -67304.281600952148
301131.978836059570 20.030357360840 -67304.281600952148
301135.814010620117 57.503570556641 -67302.142288208008
301135.814010620117 38.766963958740 -67302.142288208008
301135.814010620117 20.030357360840 -67302.142288208008
301163.636886596680 20.030357360840 -67316.129104614258
301163.636886596680 38.766963958740 -67316.129104614258
301163.636886596680 57.503570556641 -67316.129104614258
301166.230636596680 20.030357360840 -67320.779190063477
301166.230636596680 38.766963958740 -67320.779190063477
301166.230636596680 57.503570556641 -67320.779190063477
301163.636886596680 57.503570556641 -67316.129104614258
301163.636886596680 20.030357360840 -67316.129104614258
301171.506546020508 57.503570556641 -67311.739303588867
301171.506546020508 20.030357360840 -67311.739303588867
301171.506546020508 57.503570556641 -67311.739303588867
301171.506546020508 38.766963958740 -67311.739303588867
301171.506546020508 20.030357360840 -67311.739303588867
301175.101913452148 57.503570556641 -67309.733810424805
301175.101913452148 38.766963958740 -67309.733810424805
301175.101913452148 20.030357360840 -67309.733810424805
301170.669265747070 20.030357360840 -67301.786819458008
301170.669265747070 38.766963958740 -67301.786819458008
301170.669265747070 57.503570556641 -67301.786819458008
301172.885574340820 20.030357360840 -67305.760299682617
301172.885574340820 38.766963958740 -67305.760299682617
301172.885574340820 57.503570556641 -67305.760299682617
301175.101913452148 20.030357360840 -67309.733810424805
301175.101913452148 38.766963958740 -67309.733810424805
301175.101913452148 57.503570556641 -67309.733810424805
301170.645858764648 20.030357360840 -67301.745010375977
301170.645858764648 20.316413879395 -67301.745010375977
301170.645858764648 20.602468490601 -67301.745010375977
301170.645858764648 20.888523101807 -67301.745010375977
301170.645858764648 21.174577713013 -67301.745010375977
301170.645858764648 21.460632324219 -67301.745010375977
301170.645858764648 21.746686935425 -67301.745010375977
301170.645858764648 22.032743453979 -67301.745010375977
301170.645858764648 22.318798065186 -67301.745010375977
301170.645858764648 22.604852676392 -67301.745010375977
301170.645858764648 22.890907287598 -67301.745010375977
301170.645858764648 23.176961898804 -67301.745010375977
301170.645858764648 23.463018417358 -67301.745010375977
301170.645858764648 23.749073028564 -67301.745010375977
301170.645858764648 24.035127639771 -67301.745010375977
301170.645858764648 24.321182250977 -67301.745010375977
301170.645858764648 24.607238769531 -67301.745010375977
301170.645858764648 24.893293380737 -67301.745010375977
301170.645858764648 25.179349899292 -67301.745010375977
301170.645858764648 25.465404510498 -67301.745010375977
301170.645858764648 25.751459121704 -67301.745010375977
301170.645858764648 26.037513732910 -67301.745010375977
301170.645858764648 26.323568344116 -67301.745010375977
301170.645858764648 26.609622955322 -67301.745010375977
301170.645858764648 26.895679473877 -67301.745010375977
301170.645858764648 27.181734085083 -67301.745010375977
301170.645858764648 27.467788696289 -67301.745010375977
301170.645858764648 27.753843307495 -67301.745010375977
301170.645858764648 28.039897918701 -67301.745010375977
301170.645858764648 28.325954437256 -67301.745010375977
301170.645858764648 28.612009048462 -67301.745010375977
301170.645858764648 28.898063659668 -67301.745010375977
301170.645858764648 29.184118270874 -67301.745010375977
301170.645858764648 29.470172882080 -67301.745010375977
301170.645858764648 29.756227493286 -67301.745010375977
301170.645858764648 30.042285919189 -67301.745010375977
301170.645858764648 30.328340530396 -67301.745010375977
301170.645858764648 30.614395141602 -67301.745010375977
301170.645858764648 30.900449752808 -67301.745010375977
301170.645858764648 31.186504364014 -67301.745010375977
301170.645858764648 31.472558975220 -67301.745010375977
301170.645858764648 31.758615493774 -67301.745010375977
301170.645858764648 32.044670104980 -67301.745010375977
301170.645858764648 32.330722808838 -67301.745010375977
301170.645858764648 32.616779327393 -67301.745010375977
301170.645858764648 32.902832031250 -67301.745010375977
301170.645858764648 33.188892364502 -67301.745010375977
301170.645858764648 33.474945068359 -67301.745010375977
301170.645858764648 33.761001586914 -67301.745010375977
301170.645858764648 34.047054290771 -67301.745010375977
301170.645858764648 34.333110809326 -67301.745010375977
301170.645858764648 34.619163513184 -67301.745010375977
301170.645858764648 34.905220031738 -67301.745010375977
301170.645858764648 35.191276550293 -67301.745010375977
301170.645858764648 35.477329254150 -67301.745010375977
301170.645858764648 35.763385772705 -67301.745010375977
301170.645858764648 36.049438476563 -67301.745010375977
301170.645858764648 36.335494995117 -67301.745010375977
301170.645858764648 36.621551513672 -67301.745010375977
301170.645858764648 36.907604217529 -67301.745010375977
301170.645858764648 37.193660736084 -67301.745010375977
301170.645858764648 37.479713439941 -67301.745010375977
301170.645858764648 37.765769958496 -67301.745010375977
301170.645858764648 38.051826477051 -67301.745010375977
301170.645858764648 38.337882995605 -67301.745010375977
301170.645858764648 38.623935699463 -67301.745010375977
301170.645858764648 38.909992218018 -67301.745010375977
301170.645858764648 39.196044921875 -67301.745010375977
301170.645858764648 39.482101440430 -67301.745010375977
301170.645858764648 39.768154144287 -67301.745010375977
301170.645858764648 40.054210662842 -67301.745010375977
301170.645858764648 40.340263366699 -67301.745010375977
301170.645858764648 40.626319885254 -67301.745010375977
301170.645858764648 40.912376403809 -67301.745010375977
301170.645858764648 41.198429107666 -67301.745010375977
301170.645858764648 41.484485626221 -67301.745010375977
301170.645858764648 41.770538330078 -67301.745010375977
301170.645858764648 42.056594848633 -67301.745010375977
301170.645858764648 42.342651367188 -67301.745010375977
301170.645858764648 42.628704071045 -67301.745010375977
301170.645858764648 42.914760589600 -67301.745010375977
301170.645858764648 43.200813293457 -67301.745010375977
301170.645858764648 43.486873626709 -67301.745010375977
301170.645858764648 43.772930145264 -67301.745010375977
301170.645858764648 44.058982849121 -67301.745010375977
301170.645858764648 44.345039367676 -67301.745010375977
301170.645858764648 44.631092071533 -67301.745010375977
301170.645858764648 44.917148590088 -67301.745010375977
301170.645858764648 45.203201293945 -67301.745010375977
301170.645858764648 45.489257812500 -67301.745010375977
301170.645858764648 45.775314331055 -67301.745010375977
301170.645858764648 46.061367034912 -67301.745010375977
301170.645858764648 46.347423553467 -67301.745010375977
301170.645858764648 46.633476257324 -67301.745010375977
301170.645858764648 46.919532775879 -67301.745010375977
301170.645858764648 47.205589294434 -67301.745010375977
301170.645858764648 47.491641998291 -67301.745010375977
301170.645858764648 47.777698516846 -67301.745010375977
301170.645858764648 48.063751220703 -67301.745010375977
301170.645858764648 48.349807739258 -67301.745010375977
301170.645858764648 48.635864257813 -67301.745010375977
301170.645858764648 48.921916961670 -67301.745010375977
301170.645858764648 49.207973480225 -67301.745010375977
301170.645858764648 49.494026184082 -67301.745010375977
301170.645858764648 49.780082702637 -67301.745010375977
301170.645858764648 50.066135406494 -67301.745010375977
301170.645858764648 50.352191925049 -67301.745010375977
301170.645858764648 50.638248443604 -67301.745010375977
301170.645858764648 50.924301147461 -67301.745010375977
301170.645858764648 51.210357666016 -67301.745010375977
301170.645858764648 51.496410369873 -67301.745010375977
301170.645858764648 51.782466888428 -67301.745010375977
301170.645858764648 52.068523406982 -67301.745010375977
301170.645858764648 52.354576110840 -67301.745010375977
301170.645858764648 52.640632629395 -67301.745010375977
301170.645858764648 52.926685333252 -67301.745010375977
301170.645858764648 53.212741851807 -67301.745010375977
301170.645858764648 53.498798370361 -67301.745010375977
301170.645858764648 53.784851074219 -67301.745010375977
301170.645858764648 54.070911407471 -67301.745010375977
301170.645858764648 54.356960296631 -67301.745010375977
301170.645858764648 54.643020629883 -67301.745010375977
301170.645858764648 54.929069519043 -67301.745010375977
301170.645858764648 55.215129852295 -67301.745010375977
301170.645858764648 55.501186370850 -67301.745010375977
301170.645858764648 55.787239074707 -67301.745010375977
301170.645858764648 56.073295593262 -67301.745010375977
301170.645858764648 56.359348297119 -67301.745010375977
301170.645858764648 56.645404815674 -67301.745010375977
301170.645858764648 56.931461334229 -67301.745010375977
301170.645858764648 57.217514038086 -67301.745010375977
301170.645858764648 57.503570556641 -67301.745010375977
301170.669265747070 20.030357360840 -67301.786819458008
301170.669265747070 20.316413879395 -67301.786819458008
301170.669265747070 20.602468490601 -67301.786819458008
301170.669265747070 20.888523101807 -67301.786819458008
301170.669265747070 21.174577713013 -67301.786819458008
301170.669265747070 21.460632324219 -67301.786819458008
301170.669265747070 21.746686935425 -67301.786819458008
301170.669265747070 22.032743453979 -67301.786819458008
301170.669265747070 22.318798065186 -67301.786819458008
301170.669265747070 22.604852676392 -67301.786819458008
301170.669265747070 22.890907287598 -67301.786819458008
301170.669265747070 23.176961898804 -67301.786819458008
301170.669265747070 23.463018417358 -67301.786819458008
301170.669265747070 23.749073028564 -67301.786819458008
301170.669265747070 24.035127639771 -67301.786819458008
301170.669265747070 24.321182250977 -67301.786819458008
301170.669265747070 24.607238769531 -67301.786819458008
301170.669265747070 24.893293380737 -67301.786819458008
301170.669265747070 25.179349899292 -67301.786819458008
301170.669265747070 25.465404510498 -67301.786819458008
301170.669265747070 25.751459121704 -67301.786819458008
301170.669265747070 26.037513732910 -67301.786819458008
301170.669265747070 26.323568344116 -67301.786819458008
301170.669265747070 26.609622955322 -67301.786819458008
301170.669265747070 26.895679473877 -67301.786819458008
301170.669265747070 27.181734085083 -67301.786819458008
301170.669265747070 27.467788696289 -67301.786819458008
301170.669265747070 27.753843307495 -67301.786819458008
301170.669265747070 28.039897918701 -67301.786819458008
301170.669265747070 28.325954437256 -67301.786819458008
301170.669265747070 28.612009048462 -67301.786819458008
301170.669265747070 28.898063659668 -67301.786819458008
301170.669265747070 29.184118270874 -67301.786819458008
301170.669265747070 29.470172882080 -67301.786819458008
301170.669265747070 29.756227493286 -67301.786819458008
301170.669265747070 30.042285919189 -67301.786819458008
301170.669265747070 30.328340530396 -67301.786819458008
301170.669265747070 30.614395141602 -67301.786819458008
301170.669265747070 30.900449752808 -67301.786819458008
301170.669265747070 31.186504364014 -67301.786819458008
301170.669265747070 31.472558975220 -67301.786819458008
301170.669265747070 31.758615493774 -67301.786819458008
301170.669265747070 32.044670104980 -67301.786819458008
301170.669265747070 32.330722808838 -67301.786819458008
301170.669265747070 32.616779327393 -67301.786819458008
301170.669265747070 32.902832031250 -67301.786819458008
301170.669265747070 33.188892364502 -67301.786819458008
301170.669265747070 33.474945068359 -67301.786819458008
301170.669265747070 33.761001586914 -67301.786819458008
301170.669265747070 34.047054290771 -67301.786819458008
301170.669265747070 34.333110809326 -67301.786819458008
301170.669265747070 34.619163513184 -67301.786819458008
301170.669265747070 34.905220031738 -67301.786819458008
301170.669265747070 35.191276550293 -67301.786819458008
301170.669265747070 35.477329254150 -67301.786819458008
301170.669265747070 35.763385772705 -67301.786819458008
301170.669265747070 36.049438476563 -67301.786819458008
301170.669265747070 36.335494995117 -67301.786819458008
301170.669265747070 36.621551513672 -67301.786819458008
301170.669265747070 36.907604217529 -67301.786819458008
301170.669265747070 37.193660736084 -67301.786819458008
301170.669265747070 37.479713439941 -67301.786819458008
301170.669265747070 37.765769958496 -67301.786819458008
301170.669265747070 38.051826477051 -67301.786819458008
301170.669265747070 38.337882995605 -67301.786819458008
301170.669265747070 38.623935699463 -67301.786819458008
301170.669265747070 38.909992218018 -67301.786819458008
301170.669265747070 39.196044921875 -67301.786819458008
301170.669265747070 39.482101440430 -67301.786819458008
301170.669265747070 39.768154144287 -67301.786819458008
301170.669265747070 40.054210662842 -67301.786819458008
301170.669265747070 40.340263366699 -67301.786819458008
301170.669265747070 40.626319885254 -67301.786819458008
301170.669265747070 40.912376403809 -67301.786819458008
301170.669265747070 41.198429107666 -67301.786819458008
301170.669265747070 41.484485626221 -67301.786819458008
301170.669265747070 41.770538330078 -67301.786819458008
301170.669265747070 42.056594848633 -67301.786819458008
301170.669265747070 42.342651367188 -67301.786819458008
301170.669265747070 42.628704071045 -67301.786819458008
301170.669265747070 42.914760589600 -67301.786819458008
301170.669265747070 43.200813293457 -67301.786819458008
301170.669265747070 43.486873626709 -67301.786819458008
301170.669265747070 43.772930145264 -67301.786819458008
301170.669265747070 44.058982849121 -67301.786819458008
301170.669265747070 44.345039367676 -67301.786819458008
301170.669265747070 44.631092071533 -67301.786819458008
301170.669265747070 44.917148590088 -67301.786819458008
301170.669265747070 45.203201293945 -67301.786819458008
301170.669265747070 45.489257812500 -67301.786819458008
301170.669265747070 45.775314331055 -67301.786819458008
301170.669265747070 46.061367034912 -67301.786819458008
301170.669265747070 46.347423553467 -67301.786819458008
301170.669265747070 46.633476257324 -67301.786819458008
301170.669265747070 46.919532775879 -67301.786819458008
301170.669265747070 47.205589294434 -67301.786819458008
301170.669265747070 47.491641998291 -67301.786819458008
301170.669265747070 47.777698516846 -67301.786819458008
301170.669265747070 48.063751220703 -67301.786819458008
301170.669265747070 48.349807739258 -67301.786819458008
301170.669265747070 48.635864257813 -67301.786819458008
301170.669265747070 48.921916961670 -67301.786819458008
301170.669265747070 49.207973480225 -67301.786819458008
301170.669265747070 49.494026184082 -67301.786819458008
301170.669265747070 49.780082702637 -67301.786819458008
301170.669265747070 50.066135406494 -67301.786819458008
301170.669265747070 50.352191925049 -67301.786819458008
301170.669265747070 50.638248443604 -67301.786819458008
301170.669265747070 50.924301147461 -67301.786819458008
301170.669265747070 51.210357666016 -67301.786819458008
301170.669265747070 51.496410369873 -67301.786819458008
301170.669265747070 51.782466888428 -67301.786819458008
301170.669265747070 52.068523406982 -67301.786819458008
301170.669265747070 52.354576110840 -67301.786819458008
301170.669265747070 52.640632629395 -67301.786819458008
301170.669265747070 52.926685333252 -67301.786819458008
301170.669265747070 53.212741851807 -67301.786819458008
301170.669265747070 53.498798370361 -67301.786819458008
301170.669265747070 53.784851074219 -67301.786819458008
301170.669265747070 54.070911407471 -67301.786819458008
301170.669265747070 54.356960296631 -67301.786819458008
301170.669265747070 54.643020629883 -67301.786819458008
301170.669265747070 54.929069519043 -67301.786819458008
301170.669265747070 55.215129852295 -67301.786819458008
301170.669265747070 55.501186370850 -67301.786819458008
301170.669265747070 55.787239074707 -67301.786819458008
301170.669265747070 56.073295593262 -67301.786819458008
301170.669265747070 56.359348297119 -67301.786819458008
301170.669265747070 56.645404815674 -67301.786819458008
301170.669265747070 56.931461334229 -67301.786819458008
301170.669265747070 57.217514038086 -67301.786819458008
301170.669265747070 57.503570556641 -67301.786819458008
301170.585067749023 20.030357360840 -67301.778915405273
301170.585067749023 20.446725845337 -67301.778915405273
301170.585067749023 20.863096237183 -67301.778915405273
301170.585067749023 21.279464721680 -67301.778915405273
301170.585067749023 21.695833206177 -67301.778915405273
301170.585067749023 22.112201690674 -67301.778915405273
301170.585067749023 22.528572082520 -67301.778915405273
301170.585067749023 22.944942474365 -67301.778915405273
301170.585067749023 23.361309051514 -67301.778915405273
301170.585067749023 23.777679443359 -67301.778915405273
301170.585067749023 24.194046020508 -67301.778915405273
301170.585067749023 24.610416412354 -67301.778915405273
301170.585067749023 25.026786804199 -67301.778915405273
301170.585067749023 25.443153381348 -67301.778915405273
301170.585067749023 25.859523773193 -67301.778915405273
301170.585067749023 26.275892257690 -67301.778915405273
301170.585067749023 26.692262649536 -67301.778915405273
301170.585067749023 27.108631134033 -67301.778915405273
301170.585067749023 27.524999618530 -67301.778915405273
301170.585067749023 27.941370010376 -67301.778915405273
301170.585067749023 28.357736587524 -67301.778915405273
301170.585067749023 28.774106979370 -67301.778915405273
301170.585067749023 29.190477371216 -67301.778915405273
301170.585067749023 29.606843948364 -67301.778915405273
301170.585067749023 30.023214340210 -67301.778915405273
301170.585067749023 30.439582824707 -67301.778915405273
301170.585067749023 30.855951309204 -67301.778915405273
301170.585067749023 31.272321701050 -67301.778915405273
301170.585067749023 31.688690185547 -67301.778915405273
301170.585067749023 32.105060577393 -67301.778915405273
301170.585067749023 32.521427154541 -67301.778915405273
301170.585067749023 32.937797546387 -67301.778915405273
301170.585067749023 33.354167938232 -67301.778915405273
301170.585067749023 33.770534515381 -67301.778915405273
301170.585067749023 34.186904907227 -67301.778915405273
301170.585067749023 34.603271484375 -67301.778915405273
301170.585067749023 35.019641876221 -67301.778915405273
301170.585067749023 35.436012268066 -67301.778915405273
301170.585067749023 35.852378845215 -67301.778915405273
301170.585067749023 36.268749237061 -67301.778915405273
301170.585067749023 36.685115814209 -67301.778915405273
301170.585067749023 37.101486206055 -67301.778915405273
301170.585067749023 37.517856597900 -67301.778915405273
301170.585067749023 37.934223175049 -67301.778915405273
301170.585067749023 38.350593566895 -67301.778915405273
301170.585067749023 38.766963958740 -67301.778915405273
301170.585067749023 39.183334350586 -67301.778915405273
301170.585067749023 39.599700927734 -67301.778915405273
301170.585067749023 40.016071319580 -67301.778915405273
301170.585067749023 40.432437896729 -67301.778915405273
301170.585067749023 40.848808288574 -67301.778915405273
301170.585067749023 41.265178680420 -67301.778915405273
301170.585067749023 41.681545257568 -67301.778915405273
301170.585067749023 42.097915649414 -67301.778915405273
301170.585067749023 42.514286041260 -67301.778915405273
301170.585067749023 42.930652618408 -67301.778915405273
301170.585067749023 43.347023010254 -67301.778915405273
301170.585067749023 43.763389587402 -67301.778915405273
301170.585067749023 44.179759979248 -67301.778915405273
301170.585067749023 44.596130371094 -67301.778915405273
301170.585067749023 45.012500762939 -67301.778915405273
301170.585067749023 45.428871154785 -67301.778915405273
301170.585067749023 45.845233917236 -67301.778915405273
301170.585067749023 46.261604309082 -67301.778915405273
301170.585067749023 46.677974700928 -67301.778915405273
301170.585067749023 47.094345092773 -67301.778915405273
301170.585067749023 47.510715484619 -67301.778915405273
301170.585067749023 47.927078247070 -67301.778915405273
301170.585067749023 48.343448638916 -67301.778915405273
301170.585067749023 48.759819030762 -67301.778915405273
301170.585067749023 49.176189422607 -67301.778915405273
301170.585067749023 49.592559814453 -67301.778915405273
301170.585067749023 50.008926391602 -67301.778915405273
301170.585067749023 50.425292968750 -67301.778915405273
301170.585067749023 50.841663360596 -67301.778915405273
301170.585067749023 51.258033752441 -67301.778915405273
301170.585067749023 51.674404144287 -67301.778915405273
301170.585067749023 52.090770721436 -67301.778915405273
301170.585067749023 52.507141113281 -67301.778915405273
301170.585067749023 52.923511505127 -67301.778915405273
301170.585067749023 53.339878082275 -67301.778915405273
301170.585067749023 53.756248474121 -67301.778915405273
301170.585067749023 54.172615051270 -67301.778915405273
301170.585067749023 54.588985443115 -67301.778915405273
301170.585067749023 55.005355834961 -67301.778915405273
301170.585067749023 55.421726226807 -67301.778915405273
301170.585067749023 55.838096618652 -67301.778915405273
301170.585067749023 56.254459381104 -67301.778915405273
301170.585067749023 56.670829772949 -67301.778915405273
301170.585067749023 57.087200164795 -67301.778915405273
301170.585067749023 57.503570556641 -67301.778915405273
301170.645858764648 20.030357360840 -67301.745010375977
301170.645858764648 20.446725845337 -67301.745010375977
301170.645858764648 20.863096237183 -67301.745010375977
301170.645858764648 21.279464721680 -67301.745010375977
301170.645858764648 21.695833206177 -67301.745010375977
301170.645858764648 22.112201690674 -67301.745010375977
301170.645858764648 22.528572082520 -67301.745010375977
301170.645858764648 22.944942474365 -67301.745010375977
301170.645858764648 23.361309051514 -67301.745010375977
301170.645858764648 23.777679443359 -67301.745010375977
301170.645858764648 24.194046020508 -67301.745010375977
301170.645858764648 24.610416412354 -67301.745010375977
301170.645858764648 25.026786804199 -67301.745010375977
301170.645858764648 25.443153381348 -67301.745010375977
301170.645858764648 25.859523773193 -67301.745010375977
301170.645858764648 26.275892257690 -67301.745010375977
301170.645858764648 26.692262649536 -67301.745010375977
301170.645858764648 27.108631134033 -67301.745010375977
301170.645858764648 27.524999618530 -67301.745010375977
301170.645858764648 27.941370010376 -67301.745010375977
301170.645858764648 28.357736587524 -67301.745010375977
301170.645858764648 28.774106979370 -67301.745010375977
301170.645858764648 29.190477371216 -67301.745010375977
301170.645858764648 29.606843948364 -67301.745010375977
301170.645858764648 30.023214340210 -67301.745010375977
301170.645858764648 30.439582824707 -67301.745010375977
301170.645858764648 30.855951309204 -67301.745010375977
301170.645858764648 31.272321701050 -67301.745010375977
301170.645858764648 31.688690185547 -67301.745010375977
301170.645858764648 32.105060577393 -67301.745010375977
301170.645858764648 32.521427154541 -67301.745010375977
301170.645858764648 32.937797546387 -67301.745010375977
301170.645858764648 33.354167938232 -67301.745010375977
301170.645858764648 33.770534515381 -67301.745010375977
301170.645858764648 34.186904907227 -67301.745010375977
301170.645858764648 34.603271484375 -67301.745010375977
301170.645858764648 35.019641876221 -67301.745010375977
301170.645858764648 35.436012268066 -67301.745010375977
301170.645858764648 35.852378845215 -67301.745010375977
301170.645858764648 36.268749237061 -67301.745010375977
301170.645858764648 36.685115814209 -67301.745010375977
301170.645858764648 37.101486206055 -67301.745010375977
301170.645858764648 37.517856597900 -67301.745010375977
301170.645858764648 37.934223175049 -67301.745010375977
301170.645858764648 38.350593566895 -67301.745010375977
301170.645858764648 38.766963958740 -67301.745010375977
301170.645858764648 39.183334350586 -67301.745010375977
301170.645858764648 39.599700927734 -67301.745010375977
301170.645858764648 40.016071319580 -67301.745010375977
301170.645858764648 40.432437896729 -67301.745010375977
301170.645858764648 40.848808288574 -67301.745010375977
301170.645858764648 41.265178680420 -67301.745010375977
301170.645858764648 41.681545257568 -67301.745010375977
301170.645858764648 42.097915649414 -67301.745010375977
301170.645858764648 42.514286041260 -67301.745010375977
301170.645858764648 42.930652618408 -67301.745010375977
301170.645858764648 43.347023010254 -67301.745010375977
301170.645858764648 43.763389587402 -67301.745010375977
301170.645858764648 44.179759979248 -67301.745010375977
301170.645858764648 44.596130371094 -67301.745010375977
301170.645858764648 45.012500762939 -67301.745010375977
301170.645858764648 45.428871154785 -67301.745010375977
301170.645858764648 45.845233917236 -67301.745010375977
301170.645858764648 46.261604309082 -67301.745010375977
301170.645858764648 46.677974700928 -67301.745010375977
301170.645858764648 47.094345092773 -67301.745010375977
301170.645858764648 47.510715484619 -67301.745010375977
301170.645858764648 47.927078247070 -67301.745010375977
301170.645858764648 48.343448638916 -67301.745010375977
301170.645858764648 48.759819030762 -67301.745010375977
301170.645858764648 49.176189422607 -67301.745010375977
301170.645858764648 49.592559814453 -67301.745010375977
301170.645858764648 50.008926391602 -67301.745010375977
301170.645858764648 50.425292968750 -67301.745010375977
301170.645858764648 50.841663360596 -67301.745010375977
301170.645858764648 51.258033752441 -67301.745010375977
301170.645858764648 51.674404144287 -67301.745010375977
301170.645858764648 52.090770721436 -67301.745010375977
301170.645858764648 52.507141113281 -67301.745010375977
301170.645858764648 52.923511505127 -67301.745010375977
301170.645858764648 53.339878082275 -67301.745010375977
301170.645858764648 53.756248474121 -67301.745010375977
301170.645858764648 54.172615051270 -67301.745010375977
301170.645858764648 54.588985443115 -67301.745010375977
301170.645858764648 55.005355834961 -67301.745010375977
301170.645858764648 55.421726226807 -67301.745010375977
301170.645858764648 55.838096618652 -67301.745010375977
301170.645858764648 56.254459381104 -67301.745010375977
301170.645858764648 56.670829772949 -67301.745010375977
301170.645858764648 57.087200164795 -67301.745010375977
301170.645858764648 57.503570556641 -67301.745010375977
301156.424789428711 20.030357360840 -67309.677627563477
301156.424789428711 57.503570556641 -67309.677627563477
301170.585067749023 20.030357360840 -67301.778915405273
301170.585067749023 57.503570556641 -67301.778915405273
301155.585800170898 20.030357360840 -67310.145614624023
301155.585800170898 22.707015991211 -67310.145614624023
301155.585800170898 25.383674621582 -67310.145614624023
301155.585800170898 28.060331344604 -67310.145614624023
301155.585800170898 30.736989974976 -67310.145614624023
301155.585800170898 33.413646697998 -67310.145614624023
301155.585800170898 36.090305328369 -67310.145614624023
301155.585800170898 38.766963958740 -67310.145614624023
301155.585800170898 41.443618774414 -67310.145614624023
301155.585800170898 44.120281219482 -67310.145614624023
301155.585800170898 46.796936035156 -67310.145614624023
301155.585800170898 49.473594665527 -67310.145614624023
301155.585800170898 52.150253295898 -67310.145614624023
301155.585800170898 54.826908111572 -67310.145614624023
301155.585800170898 57.503570556641 -67310.145614624023
301156.005264282227 20.030357360840 -67309.911605834961
301156.005264282227 22.707015991211 -67309.911605834961
301156.005264282227 25.383674621582 -67309.911605834961
301156.005264282227 28.060331344604 -67309.911605834961
301156.005264282227 30.736989974976 -67309.911605834961
301156.005264282227 33.413646697998 -67309.911605834961
301156.005264282227 36.090305328369 -67309.911605834961
301156.005264282227 38.766963958740 -67309.911605834961
301156.005264282227 41.443618774414 -67309.911605834961
301156.005264282227 44.120281219482 -67309.911605834961
301156.005264282227 46.796936035156 -67309.911605834961
301156.005264282227 49.473594665527 -67309.911605834961
301156.005264282227 52.150253295898 -67309.911605834961
301156.005264282227 54.826908111572 -67309.911605834961
301156.005264282227 57.503570556641 -67309.911605834961
301156.424789428711 20.030357360840 -67309.677627563477
301156.424789428711 22.707015991211 -67309.677627563477
301156.424789428711 25.383674621582 -67309.677627563477
301156.424789428711 28.060331344604 -67309.677627563477
301156.424789428711 30.736989974976 -67309.677627563477
301156.424789428711 33.413646697998 -67309.677627563477
301156.424789428711 36.090305328369 -67309.677627563477
301156.424789428711 38.766963958740 -67309.677627563477
301156.424789428711 41.443618774414 -67309.677627563477
301156.424789428711 44.120281219482 -67309.677627563477
301156.424789428711 46.796936035156 -67309.677627563477
301156.424789428711 49.473594665527 -67309.677627563477
301156.424789428711 52.150253295898 -67309.677627563477
301156.424789428711 54.826908111572 -67309.677627563477
301156.424789428711 57.503570556641 -67309.677627563477
301155.109481811523 20.030357360840 -67309.291824340820
301155.109481811523 25.383674621582 -67309.291824340820
301155.109481811523 30.736989974976 -67309.291824340820
301155.109481811523 36.090305328369 -67309.291824340820
301155.109481811523 41.443618774414 -67309.291824340820
301155.109481811523 46.796936035156 -67309.291824340820
301155.109481811523 52.150253295898 -67309.291824340820
301155.109481811523 57.503570556641 -67309.291824340820
301155.585800170898 20.030357360840 -67310.145614624023
301155.585800170898 25.383674621582 -67310.145614624023
301155.585800170898 30.736989974976 -67310.145614624023
301155.585800170898 36.090305328369 -67310.145614624023
301155.585800170898 41.443618774414 -67310.145614624023
301155.585800170898 46.796936035156 -67310.145614624023
301155.585800170898 52.150253295898 -67310.145614624023
301155.585800170898 57.503570556641 -67310.145614624023
301147.880874633789 20.030357360840 -67296.332626342773
301147.880874633789 57.503570556641 -67296.332626342773
301151.495193481445 20.030357360840 -67302.812210083008
301151.495193481445 57.503570556641 -67302.812210083008
301155.109481811523 20.030357360840 -67309.291824340820
301155.109481811523 57.503570556641 -67309.291824340820
301147.880874633789 57.503570556641 -67296.332626342773
301147.880874633789 38.766963958740 -67296.332626342773
301147.880874633789 20.030357360840 -67296.332626342773
301152.301498413086 57.503570556641 -67293.866836547852
301152.301498413086 38.766963958740 -67293.866836547852
301152.301498413086 20.030357360840 -67293.866836547852
301152.301498413086 57.503570556641 -67293.866836547852
301152.301498413086 38.766963958740 -67293.866836547852
301152.301498413086 20.030357360840 -67293.866836547852
301157.529373168945 57.503570556641 -67290.950729370117
301157.529373168945 38.766963958740 -67290.950729370117
301157.529373168945 20.030357360840 -67290.950729370117
301152.948684692383 20.030357360840 -67282.738662719727
301152.948684692383 57.503570556641 -67282.738662719727
301157.529373168945 20.030357360840 -67290.950729370117
301157.529373168945 57.503570556641 -67290.950729370117
301148.691177368164 20.030357360840 -67285.113449096680
301148.691177368164 38.766963958740 -67285.113449096680
301148.691177368164 57.503570556641 -67285.113449096680
301152.948684692383 20.030357360840 -67282.738662719727
301152.948684692383 38.766963958740 -67282.738662719727
301152.948684692383 57.503570556641 -67282.738662719727
301143.440780639648 20.030357360840 -67288.042251586914
301143.440780639648 38.766963958740 -67288.042251586914
301143.440780639648 57.503570556641 -67288.042251586914
301148.691177368164 20.030357360840 -67285.113449096680
301148.691177368164 38.766963958740 -67285.113449096680
301148.691177368164 57.503570556641 -67285.113449096680
301140.268692016602 20.030357360840 -67289.811630249023
301140.268692016602 38.766963958740 -67289.811630249023
301140.268692016602 57.503570556641 -67289.811630249023
301143.440780639648 20.030357360840 -67288.042251586914
301143.440780639648 38.766963958740 -67288.042251586914
301143.440780639648 57.503570556641 -67288.042251586914
301135.814010620117 57.503570556641 -67302.142288208008
301135.814010620117 38.766963958740 -67302.142288208008
301135.814010620117 20.030357360840 -67302.142288208008
301140.508316040039 57.503570556641 -67299.523818969727
301140.508316040039 38.766963958740 -67299.523818969727
301140.508316040039 20.030357360840 -67299.523818969727
301140.508316040039 57.503570556641 -67299.523818969727
301140.508316040039 20.030357360840 -67299.523818969727
301147.804489135742 57.503570556641 -67312.604293823242
301147.804489135742 20.030357360840 -67312.604293823242
301144.504684448242 20.030357360840 -67314.444869995117
301144.504684448242 38.766963958740 -67314.444869995117
301144.504684448242 57.503570556641 -67314.444869995117
301147.804489135742 20.030357360840 -67312.604293823242
301147.804489135742 38.766963958740 -67312.604293823242
301147.804489135742 57.503570556641 -67312.604293823242
301139.072128295898 20.030357360840 -67317.475173950195
301139.072128295898 38.766963958740 -67317.475173950195
301139.072128295898 57.503570556641 -67317.475173950195
301144.504684448242 20.030357360840 -67314.444869995117
301144.504684448242 38.766963958740 -67314.444869995117
301144.504684448242 57.503570556641 -67314.444869995117
301139.072128295898 57.503570556641 -67317.475173950195
301139.072128295898 38.766963958740 -67317.475173950195
301139.072128295898 20.030357360840 -67317.475173950195
301141.486343383789 57.503570556641 -67321.803390502930
301141.486343383789 38.766963958740 -67321.803390502930
301141.486343383789 20.030357360840 -67321.803390502930
301143.900588989258 57.503570556641 -67326.131576538086
301143.900588989258 38.766963958740 -67326.131576538086
301143.900588989258 20.030357360840 -67326.131576538086
301143.900588989258 57.503570556641 -67326.131576538086
301143.900588989258 20.030357360840 -67326.131576538086
301153.557968139648 57.503570556641 -67320.744766235352
301153.557968139648 20.030357360840 -67320.744766235352
301153.557968139648 57.503570556641 -67320.744766235352
301153.557968139648 45.012500762939 -67320.744766235352
301153.557968139648 32.521427154541 -67320.744766235352
301153.557968139648 20.030357360840 -67320.744766235352
301155.503280639648 57.503570556641 -67319.659683227539
301155.503280639648 45.012500762939 -67319.659683227539
301155.503280639648 32.521427154541 -67319.659683227539
301155.503280639648 20.030357360840 -67319.659683227539
301155.503280639648 57.503570556641 -67319.659683227539
301155.503280639648 50.008926391602 -67319.659683227539
301155.503280639648 42.514286041260 -67319.659683227539
301155.503280639648 35.019641876221 -67319.659683227539
301155.503280639648 27.524999618530 -67319.659683227539
301155.503280639648 20.030357360840 -67319.659683227539
301156.129165649414 57.503570556641 -67320.781875610352
301156.129165649414 50.008926391602 -67320.781875610352
301156.129165649414 42.514286041260 -67320.781875610352
301156.129165649414 35.019641876221 -67320.781875610352
301156.129165649414 27.524999618530 -67320.781875610352
301156.129165649414 20.030357360840 -67320.781875610352
301156.129165649414 57.503570556641 -67320.781875610352
301156.129165649414 20.030357360840 -67320.781875610352
301161.926651000977 57.503570556641 -67331.175247192383
301161.926651000977 20.030357360840 -67331.175247192383
301161.926651000977 57.503570556641 -67331.175247192383
301161.926651000977 55.161495208740 -67331.175247192383
301161.926651000977 52.819419860840 -67331.175247192383
301161.926651000977 50.477344512939 -67331.175247192383
301161.926651000977 48.135265350342 -67331.175247192383
301161.926651000977 45.793190002441 -67331.175247192383
301161.926651000977 43.451114654541 -67331.175247192383
301161.926651000977 41.109039306641 -67331.175247192383
301161.926651000977 38.766963958740 -67331.175247192383
301161.926651000977 36.424884796143 -67331.175247192383
301161.926651000977 34.082809448242 -67331.175247192383
301161.926651000977 31.740736007690 -67331.175247192383
301161.926651000977 29.398658752441 -67331.175247192383
301161.926651000977 27.056583404541 -67331.175247192383
301161.926651000977 24.714508056641 -67331.175247192383
301161.926651000977 22.372432708740 -67331.175247192383
301161.926651000977 20.030357360840 -67331.175247192383
301162.127914428711 57.503570556641 -67331.535995483398
301162.127914428711 55.161495208740 -67331.535995483398
301162.127914428711 52.819419860840 -67331.535995483398
301162.127914428711 50.477344512939 -67331.535995483398
301162.127914428711 48.135265350342 -67331.535995483398
301162.127914428711 45.793190002441 -67331.535995483398
301162.127914428711 43.451114654541 -67331.535995483398
301162.127914428711 41.109039306641 -67331.535995483398
301162.127914428711 38.766963958740 -67331.535995483398
301162.127914428711 36.424884796143 -67331.535995483398
301162.127914428711 34.082809448242 -67331.535995483398
301162.127914428711 31.740736007690 -67331.535995483398
301162.127914428711 29.398658752441 -67331.535995483398
301162.127914428711 27.056583404541 -67331.535995483398
301162.127914428711 24.714508056641 -67331.535995483398
301162.127914428711 22.372432708740 -67331.535995483398
301162.127914428711 20.030357360840 -67331.535995483398
301162.329147338867 57.503570556641 -67331.896774291992
301162.329147338867 55.161495208740 -67331.896774291992
301162.329147338867 52.819419860840 -67331.896774291992
301162.329147338867 50.477344512939 -67331.896774291992
301162.329147338867 48.135265350342 -67331.896774291992
301162.329147338867 45.793190002441 -67331.896774291992
301162.329147338867 43.451114654541 -67331.896774291992
301162.329147338867 41.109039306641 -67331.896774291992
301162.329147338867 38.766963958740 -67331.896774291992
301162.329147338867 36.424884796143 -67331.896774291992
301162.329147338867 34.082809448242 -67331.896774291992
301162.329147338867 31.740736007690 -67331.896774291992
301162.329147338867 29.398658752441 -67331.896774291992
301162.329147338867 27.056583404541 -67331.896774291992
301162.329147338867 24.714508056641 -67331.896774291992
301162.329147338867 22.372432708740 -67331.896774291992
301162.329147338867 20.030357360840 -67331.896774291992
301162.329147338867 57.503570556641 -67331.896774291992
301162.329147338867 38.766963958740 -67331.896774291992
301162.329147338867 20.030357360840 -67331.896774291992
301165.644973754883 57.503570556641 -67330.047286987305
301165.644973754883 38.766963958740 -67330.047286987305
301165.644973754883 20.030357360840 -67330.047286987305
301165.644973754883 57.503570556641 -67330.047286987305
301165.644973754883 38.766963958740 -67330.047286987305
301165.644973754883 20.030357360840 -67330.047286987305
301170.034652709961 57.503570556641 -67327.598678588867
301170.034652709961 38.766963958740 -67327.598678588867
301170.034652709961 20.030357360840 -67327.598678588867
301166.230636596680 20.030357360840 -67320.779190063477
301166.230636596680 38.766963958740 -67320.779190063477
301166.230636596680 57.503570556641 -67320.779190063477
301168.132644653320 20.030357360840 -67324.188919067383
301168.132644653320 38.766963958740 -67324.188919067383
301168.132644653320 57.503570556641 -67324.188919067383
301170.034652709961 20.030357360840 -67327.598678588867
301170.034652709961 38.766963958740 -67327.598678588867
301170.034652709961 57.503570556641 -67327.598678588867
301138.571243286133 62.036148071289 -67296.766952514648
301138.571243286133 59.832836151123 -67296.766952514648
301143.195419311523 62.036148071289 -67294.187545776367
301143.195419311523 59.832836151123 -67294.187545776367
301153.698776245117 61.822528839111 -67316.868820190430
301153.698776245117 59.739250183105 -67316.868820190430
301158.233230590820 61.822528839111 -67314.339462280273
301158.233230590820 59.739250183105 -67314.339462280273
301152.430831909180 57.503570556641 -67317.576065063477
301152.430831909180 59.739250183105 -67317.576065063477
301153.627182006836 57.503570556641 -67319.720840454102
301153.627182006836 59.739250183105 -67319.720840454102
301152.430831909180 59.739250183105 -67317.576065063477
301152.430831909180 57.503570556641 -67317.576065063477
301153.698776245117 59.739250183105 -67316.868820190430
301153.698776245117 57.503570556641 -67316.868820190430
301152.320724487305 57.503570556641 -67314.398330688477
301152.320724487305 61.822528839111 -67314.398330688477
301153.009719848633 57.503570556641 -67315.633560180664
301153.009719848633 61.822528839111 -67315.633560180664
301153.698776245117 57.503570556641 -67316.868820190430
301153.698776245117 61.822528839111 -67316.868820190430
301152.320724487305 61.822528839111 -67314.398330688477
301152.320724487305 57.503570556641 -67314.398330688477
301156.855209350586 61.822528839111 -67311.869003295898
301156.855209350586 57.503570556641 -67311.869003295898
301156.855209350586 61.822528839111 -67311.869003295898
301156.855209350586 57.503570556641 -67311.869003295898
301158.233230590820 61.822528839111 -67314.339462280273
301158.233230590820 57.503570556641 -67314.339462280273
301158.233230590820 59.739250183105 -67314.339462280273
301158.233230590820 57.503570556641 -67314.339462280273
301159.429611206055 59.739250183105 -67316.484207153320
301159.429611206055 57.503570556641 -67316.484207153320
301153.627182006836 57.503570556641 -67319.720840454102
301153.627182006836 59.739250183105 -67319.720840454102
301159.429611206055 57.503570556641 -67316.484207153320
301159.429611206055 59.739250183105 -67316.484207153320
301137.497146606445 57.503570556641 -67297.366073608398
301137.497146606445 59.832836151123 -67297.366073608398
301138.112655639648 57.503570556641 -67298.469528198242
301138.112655639648 59.832836151123 -67298.469528198242
301138.728195190430 57.503570556641 -67299.573013305664
301138.728195190430 59.832836151123 -67299.573013305664
301137.497146606445 59.832836151123 -67297.366073608398
301137.497146606445 57.503570556641 -67297.366073608398
301138.034194946289 59.832836151123 -67297.066513061523
301138.034194946289 57.503570556641 -67297.066513061523
301138.571243286133 59.832836151123 -67296.766952514648
301138.571243286133 57.503570556641 -67296.766952514648
301137.262557983398 57.503570556641 -67294.420791625977
301137.262557983398 62.036148071289 -67294.420791625977
301138.571243286133 57.503570556641 -67296.766952514648
301138.571243286133 62.036148071289 -67296.766952514648
301137.262557983398 62.036148071289 -67294.420791625977
301137.262557983398 57.503570556641 -67294.420791625977
301141.886764526367 62.036148071289 -67291.841415405273
301141.886764526367 57.503570556641 -67291.841415405273
301141.886764526367 62.036148071289 -67291.841415405273
301141.886764526367 57.503570556641 -67291.841415405273
301143.195419311523 62.036148071289 -67294.187545776367
301143.195419311523 57.503570556641 -67294.187545776367
301143.195419311523 59.832836151123 -67294.187545776367
301143.195419311523 57.503570556641 -67294.187545776367
301144.426437377930 59.832836151123 -67296.394454956055
301144.426437377930 57.503570556641 -67296.394454956055
301138.728195190430 57.503570556641 -67299.573013305664
301138.728195190430 59.832836151123 -67299.573013305664
301144.426437377930 57.503570556641 -67296.394454956055
301144.426437377930 59.832836151123 -67296.394454956055
301139.041244506836 0.000000000000 -67274.145156860352
301143.780868530273 0.000000000000 -67276.647567749023
301146.008926391602 0.000000000000 -67278.625778198242
301148.691329956055 0.000000000000 -67285.113235473633
301152.301651000977 0.000000000000 -67293.866653442383
301152.644424438477 0.000000000000 -67294.697860717773
301155.174331665039 0.000000000000 -67299.400924682617
301158.892807006836 0.000000000000 -67300.306106567383
301166.171493530273 0.000000000000 -67301.363815307617
301170.585189819336 0.000000000000 -67301.778701782227
301170.669387817383 0.000000000000 -67301.786605834961
301171.061172485352 0.000000000000 -67301.823410034180
301172.169876098633 0.000000000000 -67301.927688598633
301174.236465454102 0.000000000000 -67301.750930786133
301174.876571655273 0.000000000000 -67301.174819946289
301175.737258911133 0.000000000000 -67300.616317749023
301176.473678588867 0.000000000000 -67300.138504028320
301179.936233520508 0.000000000000 -67298.462112426758
301183.670028686523 0.000000000000 -67296.328506469727
301126.977279663086 0.000000000000 -67285.388931274414
301127.410110473633 0.000000000000 -67289.552871704102
301130.524673461914 0.000000000000 -67294.685653686523
301135.814163208008 0.000000000000 -67302.142105102539
301136.426071166992 0.000000000000 -67302.970108032227
301139.949539184570 0.000000000000 -67308.645492553711
301141.220565795898 0.000000000000 -67310.864364624023
301143.366348266602 0.000000000000 -67313.235763549805
301144.504837036133 0.000000000000 -67314.444656372070
301153.558120727539 0.000000000000 -67320.744552612305
301156.129318237305 0.000000000000 -67320.781661987305
301166.230789184570 0.000000000000 -67320.778976440430
301168.420883178711 0.000000000000 -67320.773452758789
301174.343154907227 0.000000000000 -67320.956375122070
301175.504470825195 0.000000000000 -67321.401382446289
301176.839462280273 0.000000000000 -67321.986557006836
301178.396926879883 0.000000000000 -67322.699752807617
301180.871963500977 0.000000000000 -67324.001235961914
301183.916946411133 0.000000000000 -67325.674636840820
301184.082748413086 0.000000000000 -67325.755844116211
301161.517593383789 0.000000000000 -67346.433486938477
301160.925888061523 0.000000000000 -67346.013900756836
301157.981521606445 0.000000000000 -67344.897201538086
301155.284011840820 0.000000000000 -67343.874191284180
301154.452316284180 0.000000000000 -67343.605117797852
301152.769393920898 0.000000000000 -67343.060409545898
301150.294448852539 0.000000000000 -67342.654983520508
301144.207534790039 0.000000000000 -67341.630905151367
301140.451644897461 0.000000000000 -67341.237991333008
301138.321853637695 0.000000000000 -67341.015213012695
301135.526779174805 0.000000000000 -67341.932388305664
301132.238082885742 0.000000000000 -67343.011581420898
301131.497177124023 0.000000000000 -67343.240005493164
301115.520401954651 0.000000000000 -67326.646560668945
301117.010330200195 0.000000000000 -67327.844833374023
301121.621902465820 0.000000000000 -67331.450607299805
301122.396102905273 0.000000000000 -67332.093734741211
301123.353195190430 0.000000000000 -67332.499160766602
301125.596115112305 0.000000000000 -67332.664535522461
301127.775772094727 0.000000000000 -67332.825241088867
301130.837875366211 0.000000000000 -67333.215011596680
301136.400253295898 0.000000000000 -67333.923202514648
301137.328262329102 0.000000000000 -67334.041427612305
301146.774063110352 0.000000000000 -67336.147506713867
301155.280929565430 0.000000000000 -67338.515823364258
301164.421920776367 0.000000000000 -67340.795730590820
301165.045211791992 0.000000000000 -67340.956130981445
301170.048477172852 0.000000000000 -67342.243515014648
301171.993179321289 0.000000000000 -67343.319503784180
301150.922348022461 0.000000000000 -67277.089584350586
301153.107742309570 0.000000000000 -67282.133956909180
301157.984481811523 0.000000000000 -67286.026260375977
301163.261367797852 0.000000000000 -67287.522720336914
301165.421707153320 0.000000000000 -67288.135452270508
301169.249954223633 0.000000000000 -67288.961441040039
301169.268966674805 0.000000000000 -67288.954818725586
301169.880874633789 0.000000000000 -67288.742050170898
301104.123337268829 0.000000000000 -67286.891952514648
301104.873123645782 0.000000000000 -67294.908126831055
301105.095322132111 0.000000000000 -67295.945022583008
301106.010025501251 0.000000000000 -67300.214706420898
301110.186814308167 0.000000000000 -67305.072311401367
301110.572922706604 0.000000000000 -67305.521286010742
301118.162399291992 0.000000000000 -67312.751083374023
301120.535629272461 0.000000000000 -67314.333969116211
301124.706497192383 0.000000000000 -67317.115859985352
301127.608596801758 0.000000000000 -67318.075759887695
301130.208053588867 0.000000000000 -67318.935470581055
301135.990158081055 0.000000000000 -67321.660446166992
301142.768936157227 0.000000000000 -67326.098342895508
301148.590652465820 0.000000000000 -67330.066848754883
301151.727005004883 0.000000000000 -67331.941329956055
301153.930709838867 0.000000000000 -67332.633255004883
301157.573013305664 0.000000000000 -67332.346755981445
301161.926803588867 0.000000000000 -67331.175033569336
301165.645095825195 0.000000000000 -67330.047012329102
301166.330001831055 0.000000000000 -67329.835128784180
301168.661697387695 0.000000000000 -67329.396224975586
301169.606582641602 0.000000000000 -67329.341354370117
301169.728469848633 0.000000000000 -67329.387161254883
301169.771163940430 0.000000000000 -67329.405349731445
301169.816879272461 0.000000000000 -67329.423660278320
301169.969284057617 0.000000000000 -67329.487655639648
301170.197891235352 0.000000000000 -67329.591354370117
301170.819686889648 0.000000000000 -67329.944839477539
301173.291580200195 0.000000000000 -67331.996139526367
301175.800552368164 0.000000000000 -67335.089920043945
301171.506668090820 0.000000000000 -67311.739089965820
301169.295700073242 0.000000000000 -67311.605087280273
301160.221786499023 0.000000000000 -67310.791305541992
301156.424911499023 0.000000000000 -67309.677383422852
301155.109603881836 0.000000000000 -67309.291610717773
301152.927902221680 0.000000000000 -67308.651596069336
301147.642654418945 0.000000000000 -67300.394515991211
301143.440933227539 0.000000000000 -67288.042037963867
301140.026260375977 0.000000000000 -67350.297470092773
301141.339431762695 0.000000000000 -67348.623001098633
301144.167953491211 0.000000000000 -67347.840988159180
301145.627914428711 0.000000000000 -67347.437301635742
301147.375961303711 0.000000000000 -67347.440292358398
301150.995407104492 0.000000000000 -67347.446487426758
301152.413345336914 0.000000000000 -67348.081985473633
301154.878585815430 0.000000000000 -67349.186874389648
301155.488723754883 0.000000000000 -67350.049179077148
301143.440933227539 0.000000000000 -67288.042037963867
301143.284042358398 0.000000000000 -67287.580734252930
301141.308944702148 0.000000000000 -67280.893478393555
301141.043746948242 0.000000000000 -67280.152755737305
301140.781631469727 0.000000000000 -67279.890670776367
301137.645278930664 0.000000000000 -67277.235885620117
301156.424911499023 0.000000000000 -67309.677383422852
301155.109603881836 0.000000000000 -67309.291610717773
301183.990066528320 0.000000000000 -67313.427780151367
301182.826858520508 0.000000000000 -67313.398056030273
301181.131057739258 0.000000000000 -67313.354568481445
301179.088851928711 0.000000000000 -67312.549972534180
301176.671463012695 0.000000000000 -67312.134597778320
301175.931167602539 0.000000000000 -67312.007369995117
301171.506668090820 0.000000000000 -67311.739089965820
301127.187606811523 0.000000000000 -67274.574966430664
301126.605392456055 0.000000000000 -67281.810867309570
301126.623275756836 0.000000000000 -67281.982864379883
301126.623275756836 0.000000000000 -67281.982864379883
301126.977279663086 0.000000000000 -67285.388931274414
301130.524673461914 0.000000000000 -67294.685653686523
301131.540084838867 0.000000000000 -67296.359024047852
301135.814163208008 0.000000000000 -67302.142105102539
301170.585189819336 0.000000000000 -67301.778701782227
301170.669387817383 0.000000000000 -67301.786605834961
301148.691329956055 0.000000000000 -67285.113235473633
301148.703353881836 0.000000000000 -67285.142349243164
301152.301651000977 0.000000000000 -67293.866653442383
301144.504837036133 0.000000000000 -67314.444656372070
301147.944442749023 0.000000000000 -67318.097274780273
301151.126541137695 0.000000000000 -67320.709457397461
301153.558120727539 0.000000000000 -67320.744552612305
301156.129318237305 0.000000000000 -67320.781661987305
301157.463302612305 0.000000000000 -67320.800857543945
301166.230789184570 0.000000000000 -67320.778976440430
301161.926803588867 0.000000000000 -67331.175033569336
301162.477279663086 0.000000000000 -67331.026931762695
301165.645095825195 0.000000000000 -67330.047012329102
301115.520401954651 0.000000000000 -67326.646560668945
301166.740585327148 0.000000000000 -67290.078842163086
301144.749740600586 0.000000000000 -67348.864089965820
301146.289443969727 0.000000000000 -67351.584579467773
301152.906814575195 0.000000000000 -67351.598068237305
301155.488723754883 0.000000000000 -67350.049179077148
301157.840805053711 0.000000000000 -67348.638076782227
301161.517593383789 0.000000000000 -67346.433486938477
301162.775802612305 0.000000000000 -67345.679092407227
301161.315200805664 0.000000000000 -67342.990493774414
301160.011795043945 0.000000000000 -67340.591110229492
301154.924819946289 0.000000000000 -67343.349105834961
301154.452316284180 0.000000000000 -67343.605117797852
301149.836837768555 0.000000000000 -67346.106094360352
301147.375961303711 0.000000000000 -67347.440292358398
301146.289443969727 0.000000000000 -67351.584579467773
301144.749740600586 0.000000000000 -67348.864089965820
301168.807693481445 0.000000000000 -67288.123245239258
301169.268966674805 0.000000000000 -67288.954818725586
301171.447677612305 0.000000000000 -67292.883224487305
301174.087661743164 0.000000000000 -67297.642227172852
301175.737258911133 0.000000000000 -67300.616317749023
301176.727645874023 0.000000000000 -67302.402206420898
301179.367630004883 0.000000000000 -67307.162216186523
301182.007675170898 0.000000000000 -67311.921157836914
301182.826858520508 0.000000000000 -67313.398056030273
301184.647659301758 0.000000000000 -67316.681167602539
301187.287643432617 0.000000000000 -67321.441146850586
301114.916825294495 0.000000000000 -67313.551864624023
301114.766922950745 0.000000000000 -67313.283157348633
301112.007920265198 0.000000000000 -67308.336196899414
301110.186814308167 0.000000000000 -67305.072311401367
301110.172715187073 0.000000000000 -67305.047012329102
301144.749740600586 0.000000000000 -67348.864089965820
301144.167953491211 0.000000000000 -67347.840988159180
301141.814834594727 0.000000000000 -67343.703109741211
301140.451644897461 0.000000000000 -67341.237991333008
301140.165847778320 0.000000000000 -67340.721115112305
301138.516830444336 0.000000000000 -67337.739120483398
301136.400253295898 0.000000000000 -67333.923202514648
301135.661880493164 0.000000000000 -67332.592117309570
301132.806869506836 0.000000000000 -67327.446121215820
301129.951889038086 0.000000000000 -67322.299148559570
301127.608596801758 0.000000000000 -67318.075759887695
301127.096878051758 0.000000000000 -67317.153182983398
301124.241897583008 0.000000000000 -67312.007186889648
301121.385910034180 0.000000000000 -67306.861190795898
301118.530899047852 0.000000000000 -67301.714187622070
301116.021926879883 0.000000000000 -67297.168197631836
301113.511948585510 0.000000000000 -67292.622238159180
301111.002915382385 0.000000000000 -67288.076248168945
301110.997147560120 0.000000000000 -67288.065841674805
301108.492936134338 0.000000000000 -67283.530258178711
301103.727951765060 0.000000000000 -67293.494247436523
301105.095322132111 0.000000000000 -67295.945022583008
301106.487961292267 0.000000000000 -67298.441207885742
301109.247941017151 0.000000000000 -67303.389236450195
301110.172715187073 0.000000000000 -67305.047012329102
301110.186814308167 0.000000000000 -67305.072311401367
301112.007920265198 0.000000000000 -67308.336196899414
301114.766922950745 0.000000000000 -67313.283157348633
301114.916825294495 0.000000000000 -67313.551864624023
301117.526901245117 0.000000000000 -67318.231185913086
301120.286880493164 0.000000000000 -67323.178146362305
301122.903884887695 0.000000000000 -67327.853134155273
301125.519912719727 0.000000000000 -67332.528121948242
301125.596115112305 0.000000000000 -67332.664535522461
301128.136917114258 0.000000000000 -67337.203109741211
301130.753890991211 0.000000000000 -67341.878097534180
301131.497177124023 0.000000000000 -67343.240005493164
301132.256881713867 0.000000000000 -67344.632095336914
301133.758895874023 0.000000000000 -67347.385086059570
301117.190719604492 0.000000000000 -67329.669021606445
301115.520401954651 0.000000000000 -67326.646560668945
301113.005722999573 0.000000000000 -67322.095962524414
301166.230789184570 0.000000000000 -67320.778976440430
301163.636978149414 0.000000000000 -67316.128860473633
301171.506668090820 0.000000000000 -67311.739089965820
301175.102066040039 0.000000000000 -67309.733566284180
301170.669387817383 0.000000000000 -67301.786605834961
301170.645980834961 0.000000000000 -67301.744827270508
301170.585189819336 0.000000000000 -67301.778701782227
301156.424911499023 0.000000000000 -67309.677383422852
301155.585891723633 0.000000000000 -67310.145401000977
301155.109603881836 0.000000000000 -67309.291610717773
301147.881027221680 0.000000000000 -67296.332412719727
301152.301651000977 0.000000000000 -67293.866653442383
301157.529525756836 0.000000000000 -67290.950546264648
301152.948806762695 0.000000000000 -67282.738449096680
301148.691329956055 0.000000000000 -67285.113235473633
301143.440933227539 0.000000000000 -67288.042037963867
301140.268844604492 0.000000000000 -67289.811447143555
301133.700180053711 0.000000000000 -67278.035385131836
301126.623275756836 0.000000000000 -67281.982864379883
301125.444198608398 0.000000000000 -67282.640579223633
301126.977279663086 0.000000000000 -67285.388931274414
301131.774185180664 0.000000000000 -67293.988632202148
301130.524673461914 0.000000000000 -67294.685653686523
301123.716293334961 0.000000000000 -67298.483322143555
301128.143783569336 0.000000000000 -67306.420700073242
301135.814163208008 0.000000000000 -67302.142105102539
301140.508468627930 0.000000000000 -67299.523605346680
301147.804641723633 0.000000000000 -67312.604049682617
301144.504837036133 0.000000000000 -67314.444656372070
301139.072280883789 0.000000000000 -67317.474990844727
301143.900741577148 0.000000000000 -67326.131362915039
301153.558120727539 0.000000000000 -67320.744552612305
301155.503433227539 0.000000000000 -67319.659439086914
301156.129318237305 0.000000000000 -67320.781661987305
301161.926803588867 0.000000000000 -67331.175033569336
301162.329299926758 0.000000000000 -67331.896530151367
301165.645095825195 0.000000000000 -67330.047012329102
301170.034774780273 0.000000000000 -67327.598434448242
301110.172715187073 0.000000000000 -67305.047012329102
301161.315200805664 0.000000000000 -67342.990493774414
301162.775802612305 0.000000000000 -67345.679092407227
301161.517593383789 0.000000000000 -67346.433486938477
301157.840805053711 0.000000000000 -67348.638076782227
301155.488723754883 0.000000000000 -67350.049179077148
301152.906814575195 0.000000000000 -67351.598068237305
301108.492936134338 0.000000000000 -67283.530258178711
301110.997147560120 0.000000000000 -67288.065841674805
301111.002915382385 0.000000000000 -67288.076248168945
301113.511948585510 0.000000000000 -67292.622238159180
301116.021926879883 0.000000000000 -67297.168197631836
301118.530899047852 0.000000000000 -67301.714187622070
301121.385910034180 0.000000000000 -67306.861190795898
301124.241897583008 0.000000000000 -67312.007186889648
301127.096878051758 0.000000000000 -67317.153182983398
301127.608596801758 0.000000000000 -67318.075759887695
301129.951889038086 0.000000000000 -67322.299148559570
301132.806869506836 0.000000000000 -67327.446121215820
301135.661880493164 0.000000000000 -67332.592117309570
301136.400253295898 0.000000000000 -67333.923202514648
301138.516830444336 0.000000000000 -67337.739120483398
301140.165847778320 0.000000000000 -67340.721115112305
301140.451644897461 0.000000000000 -67341.237991333008
301141.814834594727 0.000000000000 -67343.703109741211
301144.167953491211 0.000000000000 -67347.840988159180
301144.749740600586 0.000000000000 -67348.864089965820
301168.807693481445 0.000000000000 -67288.123245239258
301169.268966674805 0.000000000000 -67288.954818725586
301171.447677612305 0.000000000000 -67292.883224487305
301174.087661743164 0.000000000000 -67297.642227172852
301175.737258911133 0.000000000000 -67300.616317749023
301176.727645874023 0.000000000000 -67302.402206420898
301179.367630004883 0.000000000000 -67307.162216186523
301182.007675170898 0.000000000000 -67311.921157836914
301182.826858520508 0.000000000000 -67313.398056030273
301184.647659301758 0.000000000000 -67316.681167602539
301187.287643432617 0.000000000000 -67321.441146850586
301114.916825294495 0.000000000000 -67313.551864624023
301133.758895874023 0.000000000000 -67347.385086059570
301132.256881713867 0.000000000000 -67344.632095336914
301131.497177124023 0.000000000000 -67343.240005493164
301130.753890991211 0.000000000000 -67341.878097534180
301128.136917114258 0.000000000000 -67337.203109741211
301125.596115112305 0.000000000000 -67332.664535522461
301125.519912719727 0.000000000000 -67332.528121948242
301122.903884887695 0.000000000000 -67327.853134155273
301120.286880493164 0.000000000000 -67323.178146362305
301117.526901245117 0.000000000000 -67318.231185913086
301114.916825294495 0.000000000000 -67313.551864624023
301144.749740600586 0.000000000000 -67348.864089965820
301147.375961303711 0.000000000000 -67347.440292358398
301149.836837768555 0.000000000000 -67346.106094360352
301154.452316284180 0.000000000000 -67343.605117797852
301154.924819946289 0.000000000000 -67343.349105834961
301160.011795043945 0.000000000000 -67340.591110229492
301161.315200805664 0.000000000000 -67342.990493774414
301103.727951765060 0.000000000000 -67293.494247436523
301105.095322132111 0.000000000000 -67295.945022583008
301106.487961292267 0.000000000000 -67298.441207885742
301109.247941017151 0.000000000000 -67303.389236450195
301110.172715187073 0.000000000000 -67305.047012329102
301163.261367797852 0.000000000000 -67287.522720336914
301164.202377319336 0.000000000000 -67289.217544555664
301171.061172485352 0.000000000000 -67301.823410034180
301176.671463012695 0.000000000000 -67312.134597778320
301184.082748413086 0.000000000000 -67325.755844116211
301184.919143676758 0.000000000000 -67327.293136596680
301187.287643432617 0.000000000000 -67321.441146850586
301184.647659301758 0.000000000000 -67316.681167602539
301182.826858520508 0.000000000000 -67313.398056030273
301182.007675170898 0.000000000000 -67311.921157836914
301179.367630004883 0.000000000000 -67307.162216186523
301176.727645874023 0.000000000000 -67302.402206420898
301175.737258911133 0.000000000000 -67300.616317749023
301174.087661743164 0.000000000000 -67297.642227172852
301171.447677612305 0.000000000000 -67292.883224487305
301169.268966674805 0.000000000000 -67288.954818725586
301168.807693481445 0.000000000000 -67288.123245239258
301144.426437377930 57.503570556641 -67296.394454956055
301144.426437377930 59.832836151123 -67296.394454956055
301138.728195190430 59.832836151123 -67299.573013305664
301138.728195190430 57.503570556641 -67299.573013305664
301143.195419311523 57.503570556641 -67294.187545776367
301143.195419311523 59.832836151123 -67294.187545776367
301144.426437377930 59.832836151123 -67296.394454956055
301144.426437377930 57.503570556641 -67296.394454956055
301141.886764526367 57.503570556641 -67291.841415405273
301141.886764526367 62.036148071289 -67291.841415405273
301143.195419311523 62.036148071289 -67294.187545776367
301143.195419311523 57.503570556641 -67294.187545776367
301137.262557983398 57.503570556641 -67294.420791625977
301137.262557983398 62.036148071289 -67294.420791625977
301141.886764526367 62.036148071289 -67291.841415405273
301141.886764526367 57.503570556641 -67291.841415405273
301138.571243286133 57.503570556641 -67296.766952514648
301138.571243286133 62.036148071289 -67296.766952514648
301137.262557983398 62.036148071289 -67294.420791625977
301137.262557983398 57.503570556641 -67294.420791625977
301137.497146606445 57.503570556641 -67297.366073608398
301137.497146606445 59.832836151123 -67297.366073608398
301138.571243286133 59.832836151123 -67296.766952514648
301138.571243286133 57.503570556641 -67296.766952514648
301138.728195190430 57.503570556641 -67299.573013305664
301138.728195190430 59.832836151123 -67299.573013305664
301137.497146606445 59.832836151123 -67297.366073608398
301137.497146606445 57.503570556641 -67297.366073608398
301159.429611206055 57.503570556641 -67316.484207153320
301159.429611206055 59.739250183105 -67316.484207153320
301153.627182006836 59.739250183105 -67319.720840454102
301153.627182006836 57.503570556641 -67319.720840454102
301158.233230590820 57.503570556641 -67314.339462280273
301158.233230590820 59.739250183105 -67314.339462280273
301159.429611206055 59.739250183105 -67316.484207153320
301159.429611206055 57.503570556641 -67316.484207153320
301156.855209350586 57.503570556641 -67311.869003295898
301156.855209350586 61.822528839111 -67311.869003295898
301158.233230590820 61.822528839111 -67314.339462280273
301158.233230590820 57.503570556641 -67314.339462280273
301152.320724487305 57.503570556641 -67314.398330688477
301152.320724487305 61.822528839111 -67314.398330688477
301156.855209350586 61.822528839111 -67311.869003295898
301156.855209350586 57.503570556641 -67311.869003295898
301153.698776245117 57.503570556641 -67316.868820190430
301153.698776245117 61.822528839111 -67316.868820190430
301152.320724487305 61.822528839111 -67314.398330688477
301152.320724487305 57.503570556641 -67314.398330688477
301152.430831909180 57.503570556641 -67317.576065063477
301152.430831909180 59.739250183105 -67317.576065063477
301153.698776245117 59.739250183105 -67316.868820190430
301153.698776245117 57.503570556641 -67316.868820190430
301153.627182006836 57.503570556641 -67319.720840454102
301153.627182006836 59.739250183105 -67319.720840454102
301152.430831909180 59.739250183105 -67317.576065063477
301152.430831909180 57.503570556641 -67317.576065063477
301158.233230590820 59.739250183105 -67314.339462280273
301153.698776245117 59.739250183105 -67316.868820190430
301153.698776245117 61.822528839111 -67316.868820190430
301158.233230590820 61.822528839111 -67314.339462280273
301143.195419311523 59.832836151123 -67294.187545776367
301138.571243286133 59.832836151123 -67296.766952514648
301138.571243286133 62.036148071289 -67296.766952514648
301143.195419311523 62.036148071289 -67294.187545776367
301170.034652709961 20.030357360840 -67327.598678588867
301170.034652709961 57.503570556641 -67327.598678588867
301166.230636596680 57.503570556641 -67320.779190063477
301166.230636596680 20.030357360840 -67320.779190063477
301165.644973754883 20.030357360840 -67330.047286987305
301165.644973754883 57.503570556641 -67330.047286987305
301170.034652709961 57.503570556641 -67327.598678588867
301170.034652709961 20.030357360840 -67327.598678588867
301162.329147338867 20.030357360840 -67331.896774291992
301162.329147338867 57.503570556641 -67331.896774291992
301165.644973754883 57.503570556641 -67330.047286987305
301165.644973754883 20.030357360840 -67330.047286987305
301161.926651000977 20.030357360840 -67331.175247192383
301161.926651000977 57.503570556641 -67331.175247192383
301162.329147338867 57.503570556641 -67331.896774291992
301162.329147338867 20.030357360840 -67331.896774291992
301156.129165649414 20.030357360840 -67320.781875610352
301156.129165649414 57.503570556641 -67320.781875610352
301161.926651000977 57.503570556641 -67331.175247192383
301161.926651000977 20.030357360840 -67331.175247192383
301155.503280639648 20.030357360840 -67319.659683227539
301155.503280639648 57.503570556641 -67319.659683227539
301156.129165649414 57.503570556641 -67320.781875610352
301156.129165649414 20.030357360840 -67320.781875610352
301153.557968139648 20.030357360840 -67320.744766235352
301153.557968139648 57.503570556641 -67320.744766235352
301155.503280639648 57.503570556641 -67319.659683227539
301155.503280639648 20.030357360840 -67319.659683227539
301143.900588989258 20.030357360840 -67326.131576538086
301143.900588989258 57.503570556641 -67326.131576538086
301153.557968139648 57.503570556641 -67320.744766235352
301153.557968139648 20.030357360840 -67320.744766235352
301139.072128295898 20.030357360840 -67317.475173950195
301139.072128295898 57.503570556641 -67317.475173950195
301143.900588989258 57.503570556641 -67326.131576538086
301143.900588989258 20.030357360840 -67326.131576538086
301144.504684448242 20.030357360840 -67314.444869995117
301144.504684448242 57.503570556641 -67314.444869995117
301139.072128295898 57.503570556641 -67317.475173950195
301139.072128295898 20.030357360840 -67317.475173950195
301147.804489135742 20.030357360840 -67312.604293823242
301147.804489135742 57.503570556641 -67312.604293823242
301144.504684448242 57.503570556641 -67314.444869995117
301144.504684448242 20.030357360840 -67314.444869995117
301140.508316040039 20.030357360840 -67299.523818969727
301140.508316040039 57.503570556641 -67299.523818969727
301147.804489135742 57.503570556641 -67312.604293823242
301147.804489135742 20.030357360840 -67312.604293823242
301135.814010620117 20.030357360840 -67302.142288208008
301135.814010620117 57.503570556641 -67302.142288208008
301140.508316040039 57.503570556641 -67299.523818969727
301140.508316040039 20.030357360840 -67299.523818969727
301128.143630981445 20.030357360840 -67306.420913696289
301128.143630981445 57.503570556641 -67306.420913696289
301135.814010620117 57.503570556641 -67302.142288208008
301135.814010620117 20.030357360840 -67302.142288208008
301123.716140747070 20.030357360840 -67298.483505249023
301123.716140747070 57.503570556641 -67298.483505249023
301128.143630981445 57.503570556641 -67306.420913696289
301128.143630981445 20.030357360840 -67306.420913696289
301130.524520874023 20.030357360840 -67294.685836791992
301130.524520874023 57.503570556641 -67294.685836791992
301123.716140747070 57.503570556641 -67298.483505249023
301123.716140747070 20.030357360840 -67298.483505249023
301131.774032592773 20.030357360840 -67293.988815307617
301131.774032592773 57.503570556641 -67293.988815307617
301130.524520874023 57.503570556641 -67294.685836791992
301130.524520874023 20.030357360840 -67294.685836791992
301126.977127075195 20.030357360840 -67285.389175415039
301126.977127075195 57.503570556641 -67285.389175415039
301131.774032592773 57.503570556641 -67293.988815307617
301131.774032592773 20.030357360840 -67293.988815307617
301125.444046020508 20.030357360840 -67282.640762329102
301125.444046020508 57.503570556641 -67282.640762329102
301126.977127075195 57.503570556641 -67285.389175415039
301126.977127075195 20.030357360840 -67285.389175415039
301126.623123168945 20.030357360840 -67281.983047485352
301126.623123168945 57.503570556641 -67281.983047485352
301125.444046020508 57.503570556641 -67282.640762329102
301125.444046020508 20.030357360840 -67282.640762329102
301133.700027465820 20.030357360840 -67278.035568237305
301133.700027465820 57.503570556641 -67278.035568237305
301126.623123168945 57.503570556641 -67281.983047485352
301126.623123168945 20.030357360840 -67281.983047485352
301140.268692016602 20.030357360840 -67289.811630249023
301140.268692016602 57.503570556641 -67289.811630249023
301133.700027465820 57.503570556641 -67278.035568237305
301133.700027465820 20.030357360840 -67278.035568237305
301143.440780639648 20.030357360840 -67288.042251586914
301143.440780639648 57.503570556641 -67288.042251586914
301140.268692016602 57.503570556641 -67289.811630249023
301140.268692016602 20.030357360840 -67289.811630249023
301148.691177368164 20.030357360840 -67285.113449096680
301148.691177368164 57.503570556641 -67285.113449096680
301143.440780639648 57.503570556641 -67288.042251586914
301143.440780639648 20.030357360840 -67288.042251586914
301152.948684692383 20.030357360840 -67282.738662719727
301152.948684692383 57.503570556641 -67282.738662719727
301148.691177368164 57.503570556641 -67285.113449096680
301148.691177368164 20.030357360840 -67285.113449096680
301157.529373168945 20.030357360840 -67290.950729370117
301157.529373168945 57.503570556641 -67290.950729370117
301152.948684692383 57.503570556641 -67282.738662719727
301152.948684692383 20.030357360840 -67282.738662719727
301152.301498413086 20.030357360840 -67293.866836547852
301152.301498413086 57.503570556641 -67293.866836547852
301157.529373168945 57.503570556641 -67290.950729370117
301157.529373168945 20.030357360840 -67290.950729370117
301147.880874633789 20.030357360840 -67296.332626342773
301147.880874633789 57.503570556641 -67296.332626342773
301152.301498413086 57.503570556641 -67293.866836547852
301152.301498413086 20.030357360840 -67293.866836547852
301155.109481811523 20.030357360840 -67309.291824340820
301155.109481811523 57.503570556641 -67309.291824340820
301147.880874633789 57.503570556641 -67296.332626342773
301147.880874633789 20.030357360840 -67296.332626342773
301155.585800170898 20.030357360840 -67310.145614624023
301155.585800170898 57.503570556641 -67310.145614624023
301155.109481811523 57.503570556641 -67309.291824340820
301155.109481811523 20.030357360840 -67309.291824340820
301156.424789428711 20.030357360840 -67309.677627563477
301156.424789428711 57.503570556641 -67309.677627563477
301155.585800170898 57.503570556641 -67310.145614624023
301155.585800170898 20.030357360840 -67310.145614624023
301170.585067749023 20.030357360840 -67301.778915405273
301170.585067749023 57.503570556641 -67301.778915405273
301156.424789428711 57.503570556641 -67309.677627563477
301156.424789428711 20.030357360840 -67309.677627563477
301170.645858764648 20.030357360840 -67301.745010375977
301170.645858764648 57.503570556641 -67301.745010375977
301170.585067749023 57.503570556641 -67301.778915405273
301170.585067749023 20.030357360840 -67301.778915405273
301170.669265747070 20.030357360840 -67301.786819458008
301170.669265747070 57.503570556641 -67301.786819458008
301170.645858764648 57.503570556641 -67301.745010375977
301170.645858764648 20.030357360840 -67301.745010375977
301175.101913452148 20.030357360840 -67309.733810424805
301175.101913452148 57.503570556641 -67309.733810424805
301170.669265747070 57.503570556641 -67301.786819458008
301170.669265747070 20.030357360840 -67301.786819458008
301171.506546020508 20.030357360840 -67311.739303588867
301171.506546020508 57.503570556641 -67311.739303588867
301175.101913452148 57.503570556641 -67309.733810424805
301175.101913452148 20.030357360840 -67309.733810424805
301163.636886596680 20.030357360840 -67316.129104614258
301163.636886596680 57.503570556641 -67316.129104614258
301171.506546020508 57.503570556641 -67311.739303588867
301171.506546020508 20.030357360840 -67311.739303588867
301166.230636596680 20.030357360840 -67320.779190063477
301166.230636596680 57.503570556641 -67320.779190063477
301163.636886596680 57.503570556641 -67316.129104614258
301163.636886596680 20.030357360840 -67316.129104614258
301138.728195190430 57.503570556641 -67299.573013305664
301137.497146606445 57.503570556641 -67297.366073608398
301138.571243286133 57.503570556641 -67296.766952514648
301137.262557983398 57.503570556641 -67294.420791625977
301141.886764526367 57.503570556641 -67291.841415405273
301143.195419311523 57.503570556641 -67294.187545776367
301144.426437377930 57.503570556641 -67296.394454956055
301153.627182006836 57.503570556641 -67319.720840454102
301152.430831909180 57.503570556641 -67317.576065063477
301153.698776245117 57.503570556641 -67316.868820190430
301152.320724487305 57.503570556641 -67314.398330688477
301156.855209350586 57.503570556641 -67311.869003295898
301158.233230590820 57.503570556641 -67314.339462280273
301159.429611206055 57.503570556641 -67316.484207153320
301165.644973754883 57.503570556641 -67330.047286987305
301170.034652709961 57.503570556641 -67327.598678588867
301166.230636596680 57.503570556641 -67320.779190063477
301163.636886596680 57.503570556641 -67316.129104614258
301171.506546020508 57.503570556641 -67311.739303588867
301175.101913452148 57.503570556641 -67309.733810424805
301170.669265747070 57.503570556641 -67301.786819458008
301170.645858764648 57.503570556641 -67301.745010375977
301170.585067749023 57.503570556641 -67301.778915405273
301156.424789428711 57.503570556641 -67309.677627563477
301155.585800170898 57.503570556641 -67310.145614624023
301155.109481811523 57.503570556641 -67309.291824340820
301147.880874633789 57.503570556641 -67296.332626342773
301152.301498413086 57.503570556641 -67293.866836547852
301157.529373168945 57.503570556641 -67290.950729370117
301152.948684692383 57.503570556641 -67282.738662719727
301148.691177368164 57.503570556641 -67285.113449096680
301143.440780639648 57.503570556641 -67288.042251586914
301140.268692016602 57.503570556641 -67289.811630249023
301133.700027465820 57.503570556641 -67278.035568237305
301126.623123168945 57.503570556641 -67281.983047485352
301125.444046020508 57.503570556641 -67282.640762329102
301126.977127075195 57.503570556641 -67285.389175415039
301131.774032592773 57.503570556641 -67293.988815307617
301130.524520874023 57.503570556641 -67294.685836791992
301123.716140747070 57.503570556641 -67298.483505249023
301128.143630981445 57.503570556641 -67306.420913696289
301135.814010620117 57.503570556641 -67302.142288208008
301140.508316040039 57.503570556641 -67299.523818969727
301147.804489135742 57.503570556641 -67312.604293823242
301144.504684448242 57.503570556641 -67314.444869995117
301139.072128295898 57.503570556641 -67317.475173950195
301143.900588989258 57.503570556641 -67326.131576538086
301153.557968139648 57.503570556641 -67320.744766235352
301155.503280639648 57.503570556641 -67319.659683227539
301156.129165649414 57.503570556641 -67320.781875610352
301161.926651000977 57.503570556641 -67331.175247192383
301162.329147338867 57.503570556641 -67331.896774291992
301159.429611206055 59.739250183105 -67316.484207153320
301158.233230590820 59.739250183105 -67314.339462280273
301153.698776245117 59.739250183105 -67316.868820190430
301152.430831909180 59.739250183105 -67317.576065063477
301153.627182006836 59.739250183105 -67319.720840454102
301158.233230590820 61.822528839111 -67314.339462280273
301156.855209350586 61.822528839111 -67311.869003295898
301152.320724487305 61.822528839111 -67314.398330688477
301153.698776245117 61.822528839111 -67316.868820190430
301144.426437377930 59.832836151123 -67296.394454956055
301143.195419311523 59.832836151123 -67294.187545776367
301138.571243286133 59.832836151123 -67296.766952514648
301137.497146606445 59.832836151123 -67297.366073608398
301138.728195190430 59.832836151123 -67299.573013305664
301143.195419311523 62.036148071289 -67294.187545776367
301141.886764526367 62.036148071289 -67291.841415405273
301137.262557983398 62.036148071289 -67294.420791625977
301138.571243286133 62.036148071289 -67296.766952514648
301166.230636596680 20.030357360840 -67320.779190063477
301163.636886596680 20.030357360840 -67316.129104614258
301171.506546020508 20.030357360840 -67311.739303588867
301175.101913452148 20.030357360840 -67309.733810424805
301170.669265747070 20.030357360840 -67301.786819458008
301170.645858764648 20.030357360840 -67301.745010375977
301170.585067749023 20.030357360840 -67301.778915405273
301156.424789428711 20.030357360840 -67309.677627563477
301155.585800170898 20.030357360840 -67310.145614624023
301155.109481811523 20.030357360840 -67309.291824340820
301147.880874633789 20.030357360840 -67296.332626342773
301152.301498413086 20.030357360840 -67293.866836547852
301157.529373168945 20.030357360840 -67290.950729370117
301152.948684692383 20.030357360840 -67282.738662719727
301148.691177368164 20.030357360840 -67285.113449096680
301143.440780639648 20.030357360840 -67288.042251586914
301140.268692016602 20.030357360840 -67289.811630249023
301133.700027465820 20.030357360840 -67278.035568237305
301126.623123168945 20.030357360840 -67281.983047485352
301125.444046020508 20.030357360840 -67282.640762329102
301126.977127075195 20.030357360840 -67285.389175415039
301131.774032592773 20.030357360840 -67293.988815307617
301130.524520874023 20.030357360840 -67294.685836791992
301123.716140747070 20.030357360840 -67298.483505249023
301128.143630981445 20.030357360840 -67306.420913696289
301135.814010620117 20.030357360840 -67302.142288208008
301140.508316040039 20.030357360840 -67299.523818969727
301147.804489135742 20.030357360840 -67312.604293823242
301144.504684448242 20.030357360840 -67314.444869995117
301139.072128295898 20.030357360840 -67317.475173950195
301143.900588989258 20.030357360840 -67326.131576538086
301153.557968139648 20.030357360840 -67320.744766235352
301155.503280639648 20.030357360840 -67319.659683227539
301156.129165649414 20.030357360840 -67320.781875610352
301161.926651000977 20.030357360840 -67331.175247192383
301162.329147338867 20.030357360840 -67331.896774291992
301165.644973754883 20.030357360840 -67330.047286987305
301170.034652709961 20.030357360840 -67327.598678588867
3 0 1 2
3 5 0 2
3 4 5 3
3 2 3 5
3 10 11 9
3 12 9 11
3 8 12 6
3 6 7 8
3 9 12 8
3 17 18 13
3 17 14 16
3 14 17 13
3 13 20 14
3 20 15 14
3 19 20 13
3 24 25 26
3 27 24 26
3 23 27 21
3 21 22 23
3 24 27 23
3 66 58 76
3 76 56 28
3 28 57 66
3 66 76 28
3 57 67 68
3 57 68 66
3 66 68 60
3 66 60 58
3 63 61 74
3 74 59 58
3 58 60 63
3 63 74 58
3 60 64 65
3 60 65 63
3 80 62 73
3 73 61 63
3 63 65 80
3 80 73 63
3 71 62 72
3 75 56 76
3 76 58 59
3 69 70 57
3 69 57 28
3 29 78 79
3 29 79 77
3 78 28 56
3 78 56 79
3 33 31 30
3 33 30 32
3 113 34 114
3 113 114 115
3 124 37 38
3 36 35 124
3 38 36 124
3 81 82 71
3 55 81 54
3 173 97 98
3 99 100 98
3 96 97 95
3 98 100 173
3 83 75 82
3 54 81 72
3 71 72 81
3 80 72 62
3 65 54 72
3 62 71 73
3 80 65 72
3 71 61 73
3 82 74 71
3 59 74 82
3 74 61 71
3 76 59 82
3 76 82 75
3 56 75 83
3 102 103 174
3 95 97 94
3 173 94 97
3 102 173 101
3 173 93 94
3 100 101 173
3 173 174 175
3 92 93 175
3 93 173 175
3 176 92 175
3 174 160 175
3 174 173 102
3 176 90 91
3 77 84 85
3 86 177 85
3 90 178 89
3 178 176 179
3 89 180 88
3 87 180 168
3 88 180 87
3 176 178 90
3 176 91 92
3 83 84 77
3 83 77 79
3 176 175 162
3 87 169 86
3 54 64 53
3 53 64 68
3 60 68 64
3 67 53 68
3 65 64 54
3 70 67 57
3 83 79 56
3 52 53 67
3 50 52 70
3 70 52 67
3 51 52 50
3 181 49 50
3 181 50 70
3 69 28 78
3 69 78 181
3 181 78 29
3 49 181 48
3 70 69 181
3 29 177 182
3 29 77 85
3 181 182 47
3 181 29 182
3 170 182 177
3 182 46 47
3 85 177 29
3 181 47 48
3 169 177 86
3 170 171 182
3 172 183 171
3 182 171 183
3 32 30 183
3 169 170 177
3 169 87 168
3 183 30 182
3 45 46 182
3 42 40 41
3 43 31 42
3 31 44 30
3 45 30 44
3 40 31 39
3 31 33 39
3 31 40 42
3 45 182 30
3 44 31 43
3 178 180 89
3 107 34 106
3 104 174 103
3 106 184 105
3 109 107 108
3 114 109 110
3 114 34 107
3 34 113 184
3 34 184 106
3 35 184 185
3 114 107 109
3 186 105 184
3 174 159 160
3 159 174 186
3 175 161 162
3 162 133 176
3 174 104 186
3 35 158 186
3 158 156 157
3 156 158 36
3 186 158 159
3 186 104 105
3 133 162 163
3 114 110 115
3 160 161 175
3 116 115 111
3 110 111 115
3 185 113 116
3 115 116 113
3 117 185 116
3 185 117 118
3 116 111 112
3 125 122 123
3 118 119 35
3 185 118 35
3 35 119 120
3 120 124 35
3 35 36 158
3 124 120 121
3 186 184 35
3 37 121 122
3 126 38 125
3 37 125 38
3 129 36 38
3 37 122 125
3 121 37 124
3 155 156 36
3 113 185 184
3 126 128 38
3 187 167 180
3 147 172 164
3 148 172 147
3 166 167 165
3 172 148 183
3 187 188 167
3 179 135 187
3 165 145 164
3 188 165 167
3 145 146 164
3 188 187 137
3 178 187 180
3 135 179 134
3 146 147 164
3 150 33 32
3 148 32 183
3 153 154 152
3 154 33 152
3 39 33 154
3 148 149 32
3 33 151 152
3 150 151 33
3 32 149 150
3 188 145 165
3 167 168 180
3 155 132 163
3 187 178 179
3 187 135 136
3 132 155 131
3 133 179 176
3 130 131 36
3 129 130 36
3 38 128 129
3 36 131 155
3 128 126 127
3 138 144 188
3 138 188 137
3 145 188 144
3 136 137 187
3 144 138 141
3 141 139 140
3 142 143 144
3 142 144 141
3 141 138 139
3 134 179 133
3 163 132 133
3 189 208 212
3 212 209 189
3 208 213 214
3 208 214 212
3 214 217 218
3 214 218 216
3 229 211 221
3 221 210 216
3 216 218 229
3 229 221 216
3 216 210 223
3 223 209 212
3 212 214 216
3 216 223 212
3 210 221 222
3 210 222 220
3 226 215 222
3 221 211 226
3 222 221 226
3 211 227 228
3 211 228 226
3 226 228 219
3 226 219 215
3 190 224 225
3 225 224 189
3 238 235 191
3 236 237 238
3 191 236 238
3 237 236 190
3 196 241 249
3 196 249 247
3 247 249 248
3 247 248 195
3 197 240 242
3 197 242 239
3 244 242 240
3 191 235 244
3 240 191 244
3 242 244 246
3 242 246 243
3 243 246 245
3 243 245 241
3 243 241 196
3 239 242 243
3 196 239 243
3 289 192 290
3 289 290 291
3 291 290 191
3 291 191 240
3 300 298 297
3 300 297 299
3 297 296 192
3 297 192 289
3 273 199 194
3 193 198 273
3 194 193 273
3 230 206 207
3 219 206 230
3 219 230 215
3 230 222 215
3 231 220 230
3 228 206 219
3 229 227 211
3 206 228 227
3 230 220 222
3 220 223 210
3 209 223 220
3 209 220 231
3 205 206 227
3 304 256 257
3 258 304 257
3 259 260 194
3 258 259 304
3 304 253 254
3 248 252 253
3 255 256 304
3 254 255 304
3 233 237 232
3 250 246 234
3 244 235 234
3 250 251 245
3 225 231 232
3 252 249 251
3 234 235 233
3 227 218 217
3 229 218 227
3 205 227 217
3 225 189 231
3 205 217 214
3 205 214 213
3 231 189 209
3 208 204 213
3 205 213 204
3 203 204 208
3 202 189 224
3 189 202 203
3 190 202 224
3 208 189 203
3 236 201 190
3 232 190 225
3 233 235 238
3 290 201 236
3 238 237 233
3 191 290 236
3 303 296 302
3 200 296 303
3 201 192 200
3 302 296 301
3 296 298 301
3 200 192 296
3 192 201 290
3 202 190 201
3 190 232 237
3 259 194 304
3 264 262 263
3 193 261 262
3 198 193 264
3 261 193 260
3 260 193 194
3 198 264 265
3 264 193 262
3 253 304 194
3 194 248 253
3 194 195 248
3 251 249 245
3 279 195 278
3 194 278 195
3 279 280 247
3 195 279 247
3 199 278 194
3 249 252 248
3 268 273 198
3 267 198 265
3 266 267 265
3 268 198 267
3 274 271 272
3 269 273 268
3 270 277 199
3 273 269 199
3 269 270 199
3 278 199 277
3 270 271 276
3 274 276 271
3 274 275 276
3 277 270 276
3 250 245 246
3 234 246 244
3 197 288 240
3 291 240 288
3 292 291 288
3 245 249 241
3 289 291 292
3 299 297 289
3 298 300 295
3 300 294 295
3 299 289 293
3 301 298 295
3 294 300 299
3 297 298 296
3 292 293 289
3 281 239 196
3 280 281 196
3 284 282 283
3 239 281 197
3 281 282 305
3 284 305 282
3 287 288 197
3 299 293 294
3 305 284 286
3 285 286 284
3 305 286 287
3 197 305 287
3 305 197 281
3 247 280 196
3 309 307 306
3 309 306 308
3 314 311 310
3 314 310 313
3 315 312 311
3 315 311 314
3 317 314 313
3 317 313 316
3 318 315 314
3 318 314 317
3 331 320 319
3 331 319 330
3 332 321 320
3 332 320 331
3 333 322 321
3 333 321 332
3 334 323 322
3 334 322 333
3 335 324 323
3 335 323 334
3 336 325 324
3 336 324 335
3 337 326 325
3 337 325 336
3 338 327 326
3 338 326 337
3 339 328 327
3 339 327 338
3 340 329 328
3 340 328 339
3 342 331 330
3 342 330 341
3 343 332 331
3 343 331 342
3 344 333 332
3 344 332 343
3 345 334 333
3 345 333 344
3 346 335 334
3 346 334 345
3 347 336 335
3 347 335 346
3 348 337 336
3 348 336 347
3 349 338 337
3 349 337 348
3 350 339 338
3 350 338 349
3 351 340 339
3 351 339 350
3 356 353 352
3 356 352 355
3 357 354 353
3 357 353 356
3 362 359 358
3 362 358 361
3 363 360 359
3 363 359 362
3 365 362 361
3 365 361 364
3 366 363 362
3 366 362 365
3 374 368 367
3 374 367 373
3 375 369 368
3 375 368 374
3 376 370 369
3 376 369 375
3 377 371 370
3 377 370 376
3 378 372 371
3 378 371 377
3 382 380 379
3 382 379 381
3 386 384 383
3 386 383 385
3 391 388 387
3 391 387 390
3 392 389 388
3 392 388 391
3 394 391 390
3 394 390 393
3 395 392 391
3 395 391 394
3 400 397 396
3 400 396 399
3 401 398 397
3 401 397 400
3 405 403 402
3 405 402 404
3 410 407 406
3 410 406 409
3 411 408 407
3 411 407 410
3 416 413 412
3 416 412 415
3 417 414 413
3 417 413 416
3 419 416 415
3 419 415 418
3 420 417 416
3 420 416 419
3 554 422 421
3 554 421 553
3 555 423 422
3 555 422 554
3 556 424 423
3 556 423 555
3 557 425 424
3 557 424 556
3 558 426 425
3 558 425 557
3 559 427 426
3 559 426 558
3 560 428 427
3 560 427 559
3 561 429 428
3 561 428 560
3 562 430 429
3 562 429 561
3 563 431 430
3 563 430 562
3 564 432 431
3 564 431 563
3 565 433 432
3 565 432 564
3 566 434 433
3 566 433 565
3 567 435 434
3 567 434 566
3 568 436 435
3 568 435 567
3 569 437 436
3 569 436 568
3 570 438 437
3 570 437 569
3 571 439 438
3 571 438 570
3 572 440 439
3 572 439 571
3 573 441 440
3 573 440 572
3 574 442 441
3 574 441 573
3 575 443 442
3 575 442 574
3 576 444 443
3 576 443 575
3 577 445 444
3 577 444 576
3 578 446 445
3 578 445 577
3 579 447 446
3 579 446 578
3 580 448 447
3 580 447 579
3 581 449 448
3 581 448 580
3 582 450 449
3 582 449 581
3 583 451 450
3 583 450 582
3 584 452 451
3 584 451 583
3 585 453 452
3 585 452 584
3 586 454 453
3 586 453 585
3 587 455 454
3 587 454 586
3 588 456 455
3 588 455 587
3 589 457 456
3 589 456 588
3 590 458 457
3 590 457 589
3 591 459 458
3 591 458 590
3 592 460 459
3 592 459 591
3 593 461 460
3 593 460 592
3 594 462 461
3 594 461 593
3 595 463 462
3 595 462 594
3 596 464 463
3 596 463 595
3 597 465 464
3 597 464 596
3 598 466 465
3 598 465 597
3 599 467 466
3 599 466 598
3 600 468 467
3 600 467 599
3 601 469 468
3 601 468 600
3 602 470 469
3 602 469 601
3 603 471 470
3 603 470 602
3 604 472 471
3 604 471 603
3 605 473 472
3 605 472 604
3 606 474 473
3 606 473 605
3 607 475 474
3 607 474 606
3 608 476 475
3 608 475 607
3 609 477 476
3 609 476 608
3 610 478 477
3 610 477 609
3 611 479 478
3 611 478 610
3 612 480 479
3 612 479 611
3 613 481 480
3 613 480 612
3 614 482 481
3 614 481 613
3 615 483 482
3 615 482 614
3 616 484 483
3 616 483 615
3 617 485 484
3 617 484 616
3 618 486 485
3 618 485 617
3 619 487 486
3 619 486 618
3 620 488 487
3 620 487 619
3 621 489 488
3 621 488 620
3 622 490 489
3 622 489 621
3 623 491 490
3 623 490 622
3 624 492 491
3 624 491 623
3 625 493 492
3 625 492 624
3 626 494 493
3 626 493 625
3 627 495 494
3 627 494 626
3 628 496 495
3 628 495 627
3 629 497 496
3 629 496 628
3 630 498 497
3 630 497 629
3 631 499 498
3 631 498 630
3 632 500 499
3 632 499 631
3 633 501 500
3 633 500 632
3 634 502 501
3 634 501 633
3 635 503 502
3 635 502 634
3 636 504 503
3 636 503 635
3 637 505 504
3 637 504 636
3 638 506 505
3 638 505 637
3 639 507 506
3 639 506 638
3 640 508 507
3 640 507 639
3 641 509 508
3 641 508 640
3 642 510 509
3 642 509 641
3 643 511 510
3 643 510 642
3 644 512 511
3 644 511 643
3 645 513 512
3 645 512 644
3 646 514 513
3 646 513 645
3 647 515 514
3 647 514 646
3 648 516 515
3 648 515 647
3 649 517 516
3 649 516 648
3 650 518 517
3 650 517 649
3 651 519 518
3 651 518 650
3 652 520 519
3 652 519 651
3 653 521 520
3 653 520 652
3 654 522 521
3 654 521 653
3 655 523 522
3 655 522 654
3 656 524 523
3 656 523 655
3 657 525 524
3 657 524 656
3 658 526 525
3 658 525 657
3 659 527 526
3 659 526 658
3 660 528 527
3 660 527 659
3 661 529 528
3 661 528 660
3 662 530 529
3 662 529 661
3 663 531 530
3 663 530 662
3 664 532 531
3 664 531 663
3 665 533 532
3 665 532 664
3 666 534 533
3 666 533 665
3 667 535 534
3 667 534 666
3 668 536 535
3 668 535 667
3 669 537 536
3 669 536 668
3 670 538 537
3 670 537 669
3 671 539 538
3 671 538 670
3 672 540 539
3 672 539 671
3 673 541 540
3 673 540 672
3 674 542 541
3 674 541 673
3 675 543 542
3 675 542 674
3 676 544 543
3 676 543 675
3 677 545 544
3 677 544 676
3 678 546 545
3 678 545 677
3 679 547 546
3 679 546 678
3 680 548 547
3 680 547 679
3 681 549 548
3 681 548 680
3 682 550 549
3 682 549 681
3 683 551 550
3 683 550 682
3 684 552 551
3 684 551 683
3 777 686 685
3 777 685 776
3 778 687 686
3 778 686 777
3 779 688 687
3 779 687 778
3 780 689 688
3 780 688 779
3 781 690 689
3 781 689 780
3 782 691 690
3 782 690 781
3 783 692 691
3 783 691 782
3 784 693 692
3 784 692 783
3 785 694 693
3 785 693 784
3 786 695 694
3 786 694 785
3 787 696 695
3 787 695 786
3 788 697 696
3 788 696 787
3 789 698 697
3 789 697 788
3 790 699 698
3 790 698 789
3 791 700 699
3 791 699 790
3 792 701 700
3 792 700 791
3 793 702 701
3 793 701 792
3 794 703 702
3 794 702 793
3 795 704 703
3 795 703 794
3 796 705 704
3 796 704 795
3 797 706 705
3 797 705 796
3 798 707 706
3 798 706 797
3 799 708 707
3 799 707 798
3 800 709 708
3 800 708 799
3 801 710 709
3 801 709 800
3 802 711 710
3 802 710 801
3 803 712 711
3 803 711 802
3 804 713 712
3 804 712 803
3 805 714 713
3 805 713 804
3 806 715 714
3 806 714 805
3 807 716 715
3 807 715 806
3 808 717 716
3 808 716 807
3 809 718 717
3 809 717 808
3 810 719 718
3 810 718 809
3 811 720 719
3 811 719 810
3 812 721 720
3 812 720 811
3 813 722 721
3 813 721 812
3 814 723 722
3 814 722 813
3 815 724 723
3 815 723 814
3 816 725 724
3 816 724 815
3 817 726 725
3 817 725 816
3 818 727 726
3 818 726 817
3 819 728 727
3 819 727 818
3 820 729 728
3 820 728 819
3 821 730 729
3 821 729 820
3 822 731 730
3 822 730 821
3 823 732 731
3 823 731 822
3 824 733 732
3 824 732 823
3 825 734 733
3 825 733 824
3 826 735 734
3 826 734 825
3 827 736 735
3 827 735 826
3 828 737 736
3 828 736 827
3 829 738 737
3 829 737 828
3 830 739 738
3 830 738 829
3 831 740 739
3 831 739 830
3 832 741 740
3 832 740 831
3 833 742 741
3 833 741 832
3 834 743 742
3 834 742 833
3 835 744 743
3 835 743 834
3 836 745 744
3 836 744 835
3 837 746 745
3 837 745 836
3 838 747 746
3 838 746 837
3 839 748 747
3 839 747 838
3 840 749 748
3 840 748 839
3 841 750 749
3 841 749 840
3 842 751 750
3 842 750 841
3 843 752 751
3 843 751 842
3 844 753 752
3 844 752 843
3 845 754 753
3 845 753 844
3 846 755 754
3 846 754 845
3 847 756 755
3 847 755 846
3 848 757 756
3 848 756 847
3 849 758 757
3 849 757 848
3 850 759 758
3 850 758 849
3 851 760 759
3 851 759 850
3 852 761 760
3 852 760 851
3 853 762 761
3 853 761 852
3 854 763 762
3 854 762 853
3 855 764 763
3 855 763 854
3 856 765 764
3 856 764 855
3 857 766 765
3 857 765 856
3 858 767 766
3 858 766 857
3 859 768 767
3 859 767 858
3 860 769 768
3 860 768 859
3 861 770 769
3 861 769 860
3 862 771 770
3 862 770 861
3 863 772 771
3 863 771 862
3 864 773 772
3 864 772 863
3 865 774 773
3 865 773 864
3 866 775 774
3 866 774 865
3 870 868 867
3 870 867 869
3 887 872 871
3 887 871 886
3 888 873 872
3 888 872 887
3 889 874 873
3 889 873 888
3 890 875 874
3 890 874 889
3 891 876 875
3 891 875 890
3 892 877 876
3 892 876 891
3 893 878 877
3 893 877 892
3 894 879 878
3 894 878 893
3 895 880 879
3 895 879 894
3 896 881 880
3 896 880 895
3 897 882 881
3 897 881 896
3 898 883 882
3 898 882 897
3 899 884 883
3 899 883 898
3 900 885 884
3 900 884 899
3 902 887 886
3 902 886 901
3 903 888 887
3 903 887 902
3 904 889 888
3 904 888 903
3 905 890 889
3 905 889 904
3 906 891 890
3 906 890 905
3 907 892 891
3 907 891 906
3 908 893 892
3 908 892 907
3 909 894 893
3 909 893 908
3 910 895 894
3 910 894 909
3 911 896 895
3 911 895 910
3 912 897 896
3 912 896 911
3 913 898 897
3 913 897 912
3 914 899 898
3 914 898 913
3 915 900 899
3 915 899 914
3 925 917 916
3 925 916 924
3 926 918 917
3 926 917 925
3 927 919 918
3 927 918 926
3 928 920 919
3 928 919 927
3 929 921 920
3 929 920 928
3 930 922 921
3 930 921 929
3 931 923 922
3 931 922 930
3 935 933 932
3 935 932 934
3 937 935 934
3 937 934 936
3 942 939 938
3 942 938 941
3 943 940 939
3 943 939 942
3 948 945 944
3 948 944 947
3 949 946 945
3 949 945 948
3 953 951 950
3 953 950 952
3 958 955 954
3 958 954 957
3 959 956 955
3 959 955 958
3 964 961 960
3 964 960 963
3 965 962 961
3 965 961 964
3 970 967 966
3 970 966 969
3 971 968 967
3 971 967 970
3 976 973 972
3 976 972 975
3 977 974 973
3 977 973 976
3 981 979 978
3 981 978 980
3 986 983 982
3 986 982 985
3 987 984 983
3 987 983 986
3 992 989 988
3 992 988 991
3 993 990 989
3 993 989 992
3 998 995 994
3 998 994 997
3 999 996 995
3 999 995 998
3 1001 998 997
3 1001 997 1000
3 1002 999 998
3 1002 998 1001
3 1006 1004 1003
3 1006 1003 1005
3 1012 1008 1007
3 1012 1007 1011
3 1013 1009 1008
3 1013 1008 1012
3 1014 1010 1009
3 1014 1009 1013
3 1022 1016 1015
3 1022 1015 1021
3 1023 1017 1016
3 1023 1016 1022
3 1024 1018 1017
3 1024 1017 1023
3 1025 1019 1018
3 1025 1018 1024
3 1026 1020 1019
3 1026 1019 1025
3 1030 1028 1027
3 1030 1027 1029
3 1049 1032 1031
3 1049 1031 1048
3 1050 1033 1032
3 1050 1032 1049
3 1051 1034 1033
3 1051 1033 1050
3 1052 1035 1034
3 1052 1034 1051
3 1053 1036 1035
3 1053 1035 1052
3 1054 1037 1036
3 1054 1036 1053
3 1055 1038 1037
3 1055 1037 1054
3 1056 1039 1038
3 1056 1038 1055
3 1057 1040 1039
3 1057 1039 1056
3 1058 1041 1040
3 1058 1040 1057
3 1059 1042 1041
3 1059 1041 1058
3 1060 1043 1042
3 1060 1042 1059
3 1061 1044 1043
3 1061 1043 1060
3 1062 1045 1044
3 1062 1044 1061
3 1063 1046 1045
3 1063 1045 1062
3 1064 1047 1046
3 1064 1046 1063
3 1066 1049 1048
3 1066 1048 1065
3 1067 1050 1049
3 1067 1049 1066
3 1068 1051 1050
3 1068 1050 1067
3 1069 1052 1051
3 1069 1051 1068
3 1070 1053 1052
3 1070 1052 1069
3 1071 1054 1053
3 1071 1053 1070
3 1072 1055 1054
3 1072 1054 1071
3 1073 1056 1055
3 1073 1055 1072
3 1074 1057 1056
3 1074 1056 1073
3 1075 1058 1057
3 1075 1057 1074
3 1076 1059 1058
3 1076 1058 1075
3 1077 1060 1059
3 1077 1059 1076
3 1078 1061 1060
3 1078 1060 1077
3 1079 1062 1061
3 1079 1061 1078
3 1080 1063 1062
3 1080 1062 1079
3 1081 1064 1063
3 1081 1063 1080
3 1086 1083 1082
3 1086 1082 1085
3 1087 1084 1083
3 1087 1083 1086
3 1092 1089 1088
3 1092 1088 1091
3 1093 1090 1089
3 1093 1089 1092
3 1098 1095 1094
3 1098 1094 1097
3 1099 1096 1095
3 1099 1095 1098
3 1101 1098 1097
3 1101 1097 1100
3 1102 1099 1098
3 1102 1098 1101
3 1106 1104 1103
3 1106 1103 1105
3 1110 1108 1107
3 1110 1107 1109
3 1114 1112 1111
3 1114 1111 1113
3 1118 1116 1115
3 1118 1115 1117
3 1122 1120 1119
3 1122 1119 1121
3 1124 1122 1121
3 1124 1121 1123
3 1128 1126 1125
3 1128 1125 1127
3 1132 1130 1129
3 1132 1129 1131
3 1136 1134 1133
3 1136 1133 1135
3 1140 1138 1137
3 1140 1137 1139
3 1144 1142 1141
3 1144 1141 1143
3 1146 1144 1143
3 1146 1143 1145
3 1150 1148 1147
3 1150 1147 1149
3 1152 1150 1149
3 1152 1149 1151
3 1156 1154 1153
3 1156 1153 1155
3 1160 1158 1157
3 1160 1157 1159
3 1164 1162 1161
3 1164 1161 1163
3 1168 1166 1165
3 1168 1165 1167
3 1172 1170 1169
3 1172 1169 1171
