OFF
2560 2202 0
301123.377823486342 21.988821029663 -67507.780317382814
301119.601578369155 21.988821029663 -67509.903852539064
301119.261582031264 21.988821029663 -67500.460371093752
301115.485306396498 21.988821029663 -67502.583845214845
301111.709030761733 21.988821029663 -67504.707380371095
301115.145310058608 21.988821029663 -67493.140363769533
301111.369064941420 21.988821029663 -67495.263898925783
301107.592789306655 21.988821029663 -67497.387373046877
301130.871658935561 21.988821029663 -67512.614423828127
301127.975968017592 21.988821029663 -67507.465009765627
301125.080338134780 21.988821029663 -67502.315656738283
301122.184708251967 21.988821029663 -67497.166303710939
301119.289047851576 21.988821029663 -67492.016950683595
301117.053848876967 21.988821029663 -67488.042097167970
301114.818649902358 21.988821029663 -67484.067243652345
301114.231430664076 21.988821029663 -67484.397443847658
301113.161484375014 21.988821029663 -67484.999189453127
301112.738663330092 21.988821029663 -67485.236921386720
301111.464279785170 21.988821029663 -67485.953535156252
301111.157944335951 21.988821029663 -67486.125776367189
301113.087204589858 21.988821029663 -67489.480390625002
301117.033463134780 21.988821029663 -67492.078596191408
301114.975327148451 21.988821029663 -67488.418623046877
301113.946304931655 21.988821029663 -67486.588666992189
301115.919418945326 21.988821029663 -67487.887739257814
301114.890335693373 21.988821029663 -67486.057783203127
301113.431748046889 21.988821029663 -67485.673627929689
301114.418289794936 21.988821029663 -67486.323225097658
301114.375809326186 21.988821029663 -67485.142744140627
301113.903763427748 21.988821029663 -67485.408186035158
301112.058151855483 21.988821029663 -67487.650373535158
301114.031265869155 21.988821029663 -67488.949506835939
301113.002213134780 21.988821029663 -67487.119489746095
301113.257187500014 21.988821029663 -67494.202131347658
301111.199082031264 21.988821029663 -67490.542158203127
301112.487656250014 21.988821029663 -67486.204511718752
301113.474259033217 21.988821029663 -67486.854108886720
301112.959702148451 21.988821029663 -67485.939069824220
301111.543594970717 21.988821029663 -67486.735395507814
301112.530197753920 21.988821029663 -67487.384931640627
301112.015640869155 21.988821029663 -67486.469953613283
301112.143112792983 21.988821029663 -67490.011274414064
301111.114090576186 21.988821029663 -67488.181257324220
301111.586105957045 21.988821029663 -67487.915815429689
301111.071549072280 21.988821029663 -67487.000837402345
301109.539383544936 21.988821029663 -67491.802229003908
301105.935989990248 21.988821029663 -67493.828413085939
301105.836075439467 21.988821029663 -67493.884626464845
301109.480911865248 21.988821029663 -67496.325666503908
301106.563736572280 21.988821029663 -67495.557416992189
301108.536881103530 21.988821029663 -67496.856550292970
301108.451859130873 21.988821029663 -67494.495649414064
301107.507797851576 21.988821029663 -67495.026533203127
301105.704666748061 21.988821029663 -67498.449140625002
301109.650925292983 21.988821029663 -67501.047346191408
301113.597183837905 21.988821029663 -67503.645612792970
301113.427170410170 21.988821029663 -67498.923872070314
301111.539078369155 21.988821029663 -67499.985639648439
301106.049210205092 21.988821029663 -67494.642377929689
301107.035751953139 21.988821029663 -67495.291975097658
301106.993271484389 21.988821029663 -67494.111555175783
301106.521225585951 21.988821029663 -67494.376997070314
301106.648728027358 21.988821029663 -67497.918256835939
301105.619644775405 21.988821029663 -67496.088239746095
301107.762772216811 21.988821029663 -67502.109174804689
301105.791916503920 21.988821029663 -67494.184919433595
301106.285202636733 21.988821029663 -67494.509687500002
301106.263962402358 21.988821029663 -67493.919477539064
301106.027969970717 21.988821029663 -67494.052167968752
301106.091690673842 21.988821029663 -67495.822858886720
301106.145950927748 21.988821029663 -67493.985822753908
301106.757248535170 21.988821029663 -67494.244245605470
301106.736008300795 21.988821029663 -67493.654035644533
301106.499985351576 21.988821029663 -67493.786726074220
301107.979843750014 21.988821029663 -67494.761091308595
301107.937302246108 21.988821029663 -67493.580671386720
301107.465317382826 21.988821029663 -67493.846113281252
301110.424973144545 21.988821029663 -67495.794721679689
301110.340012207045 21.988821029663 -67493.433881835939
301109.395950927748 21.988821029663 -67493.964765625002
301105.909927978530 21.988821029663 -67494.118513183595
301104.047592773451 21.988821029663 -67499.575117187502
301104.257980957045 21.988821029663 -67499.949323730470
301106.403153076186 21.988821029663 -67503.764143066408
301104.760574951186 21.988821029663 -67498.980024414064
301106.818710937514 21.988821029663 -67502.639997558595
301106.733750000014 21.988821029663 -67500.279157714845
301105.789658203139 21.988821029663 -67500.810041503908
301104.288559570326 21.988821029663 -67499.245466308595
301105.317642822280 21.988821029663 -67501.075483398439
301105.275101318373 21.988821029663 -67499.895063476564
301104.803116455092 21.988821029663 -67500.160444335939
301112.166580810561 21.988821029663 -67505.085615234377
301112.513260498061 21.988821029663 -67505.165083007814
301117.543442382826 21.988821029663 -67506.243879394533
301115.655319824233 21.988821029663 -67507.305585937502
301112.653122558608 21.988821029663 -67504.176496582033
301114.626236572280 21.988821029663 -67505.475629882814
301113.682144775405 21.988821029663 -67506.006452636720
301112.181076660170 21.988821029663 -67504.441938476564
301113.210159912123 21.988821029663 -67506.271894531252
301113.167648925795 21.988821029663 -67505.091474609377
301110.594986572280 21.988821029663 -67500.516523437502
301110.680008544936 21.988821029663 -67502.877363281252
301112.568100585951 21.988821029663 -67501.815595703127
301111.624039306655 21.988821029663 -67502.346479492189
301112.938767089858 21.988821029663 -67506.003095703127
301113.023483886733 21.988821029663 -67506.169904785158
301113.477860107436 21.988821029663 -67507.064741210939
301113.669571533217 21.988821029663 -67507.442304687502
301108.706864013686 21.988821029663 -67501.578291015627
301108.791855468764 21.988821029663 -67503.939130859377
301109.735916748061 21.988821029663 -67503.408247070314
301114.196701660170 21.988821029663 -67506.921491699220
301113.724686279311 21.988821029663 -67507.186933593752
301118.315201416030 21.988821029663 -67508.948041992189
301120.229324951186 21.988821029663 -67512.429792480470
301122.143417968764 21.988821029663 -67515.911481933595
301124.491593017592 21.988821029663 -67516.410871582033
301127.681595458998 21.988821029663 -67514.512617187502
301109.936112060561 95.725227355957 -67527.616437988283
301108.639237060561 95.725227355957 -67525.310102539064
301107.342301025405 95.725227355957 -67523.003706054689
301104.726456298842 95.725227355957 -67524.474714355470
301102.110581054701 95.725227355957 -67525.945722656252
301103.407517089858 95.725227355957 -67528.252058105470
301104.704422607436 95.725227355957 -67530.558332519533
301107.320267333998 95.725227355957 -67529.087385253908
301104.704422607436 98.777992248535 -67530.558332519533
301103.407517089858 98.777992248535 -67528.252058105470
301102.110581054701 98.777992248535 -67525.945722656252
301104.726456298842 98.777992248535 -67524.474714355470
301107.342301025405 98.777992248535 -67523.003706054689
301107.458572998061 98.777992248535 -67522.588728027345
301104.577072753920 98.777992248535 -67524.209089355470
301101.695541992201 98.777992248535 -67525.829450683595
301103.203873291030 98.777992248535 -67528.511762695314
301104.588120117201 98.777992248535 -67530.973371582033
301110.351212158217 98.777992248535 -67527.732648925783
301108.904892578139 98.777992248535 -67525.160688476564
301107.458572998061 98.777992248535 -67522.588728027345
301107.342301025405 98.777992248535 -67523.003706054689
301108.639237060561 98.777992248535 -67525.310102539064
301109.936112060561 98.777992248535 -67527.616437988283
301107.320267333998 98.777992248535 -67529.087385253908
301104.704422607436 98.777992248535 -67530.558332519533
301104.588120117201 98.777992248535 -67530.973371582033
301107.469650878920 98.777992248535 -67529.353010253908
301089.959702148451 87.840316772461 -67537.441083984377
301088.760880126967 87.840316772461 -67535.319379882814
301087.562088623061 87.840316772461 -67533.197797851564
301086.363297119155 87.840316772461 -67531.076154785158
301085.164505615248 87.840316772461 -67528.954511718752
301095.891251220717 87.840316772461 -67534.089521484377
301094.692429199233 87.840316772461 -67531.967878417970
301093.493668212905 87.840316772461 -67529.846235351564
301092.294846191420 87.840316772461 -67527.724653320314
301091.096085205092 87.840316772461 -67525.602949218752
301100.624008789076 87.840316772461 -67528.616376953127
301099.425217285170 87.840316772461 -67526.494733886720
301098.226425781264 87.840316772461 -67524.373090820314
301097.027634277358 87.840316772461 -67522.251447753908
301104.157974853530 87.840316772461 -67521.021528320314
301102.959152832045 87.840316772461 -67518.899946289064
301113.685928955092 87.840316772461 -67524.034956054689
301112.487106933608 87.840316772461 -67521.913312988283
301111.288345947280 87.840316772461 -67519.791669921877
301110.089523925795 87.840316772461 -67517.670087890627
301108.890732421889 87.840316772461 -67515.548383789064
301119.617447509780 87.840316772461 -67520.683454589845
301118.418686523451 87.840316772461 -67518.561811523439
301117.219864501967 87.840316772461 -67516.440168457033
301116.021103515639 87.840316772461 -67514.318525390627
301114.822281494155 87.840316772461 -67512.196882324220
301099.917252197280 87.840316772461 -67534.139082031252
301098.301468505873 87.840316772461 -67531.265729980470
301100.752670898451 87.840316772461 -67529.888715820314
301103.203873291030 87.840316772461 -67528.511762695314
301101.695541992201 87.840316772461 -67525.829450683595
301104.577072753920 87.840316772461 -67524.209089355470
301107.458572998061 87.840316772461 -67522.588728027345
301108.904892578139 87.840316772461 -67525.160688476564
301110.351212158217 87.840316772461 -67527.732648925783
301111.600693359389 87.840316772461 -67527.820112304689
301114.285324707045 87.840316772461 -67525.095808105470
301110.720139160170 87.840316772461 -67525.710737304689
301111.319534912123 87.840316772461 -67526.771528320314
301115.433823242201 87.840316772461 -67525.654218750002
301119.267014160170 87.840316772461 -67523.488386230470
301123.100174560561 87.840316772461 -67521.322492675783
301124.491593017592 87.840316772461 -67516.410871582033
301122.143417968764 87.840316772461 -67515.911481933595
301120.229324951186 87.840316772461 -67512.429792480470
301118.315201416030 87.840316772461 -67508.948041992189
301113.669571533217 87.840316772461 -67507.442304687502
301113.641861572280 87.840316772461 -67507.603925781252
301113.367661132826 87.840316772461 -67509.327802734377
301113.182877197280 87.840316772461 -67510.490095214845
301114.222885742201 87.840316772461 -67511.136030273439
301108.291336669936 87.840316772461 -67514.487592773439
301111.856522216811 87.840316772461 -67513.872663574220
301111.257126464858 87.840316772461 -67512.811811523439
301110.415115966811 87.840316772461 -67512.046491699220
301107.647354736342 87.840316772461 -67513.602888183595
301106.771164550795 87.840316772461 -67514.095563964845
301102.359787597670 87.840316772461 -67517.839155273439
301105.924942626967 87.840316772461 -67517.224165039064
301105.325577392592 87.840316772461 -67516.163374023439
301105.106278076186 87.840316772461 -67513.662031250002
301104.625778808608 87.840316772461 -67515.493574218752
301100.366104736342 87.840316772461 -67517.888959960939
301098.278488769545 87.840316772461 -67517.501447753908
301097.798508300795 87.840316772461 -67519.332746582033
301093.459976806655 87.840316772461 -67521.772565917970
301091.690415039076 87.840316772461 -67521.206159667970
301091.109329833998 87.840316772461 -67523.094343261720
301088.090744628920 87.840316772461 -67524.791791992189
301085.072220458998 87.840316772461 -67526.489179687502
301081.751053466811 87.840316772461 -67525.535139160158
301080.202591552748 87.840316772461 -67529.636030273439
301082.232163085951 87.840316772461 -67533.245283203127
301084.261734619155 87.840316772461 -67536.854475097658
301083.661850585951 87.840316772461 -67539.193891601564
301086.199661865248 87.840316772461 -67539.809858398439
301088.737473144545 87.840316772461 -67540.425764160158
301092.464096679701 87.840316772461 -67538.330183105470
301096.190689697280 87.840316772461 -67536.234602050783
301082.026352539076 22.188655853271 -67545.723920898439
301076.767899169936 22.188655853271 -67536.372785644533
301074.138657226576 22.188655853271 -67531.697248535158
301071.509445800795 22.188655853271 -67527.021650390627
301068.880234375014 22.188655853271 -67522.346052246095
301107.950821533217 22.188655853271 -67531.145795898439
301092.634628906264 22.188655853271 -67542.364240722658
301098.110672607436 22.188655853271 -67539.284833984377
301103.586777343764 22.188655853271 -67536.205488281252
301109.062851562514 22.188655853271 -67533.126142578127
301114.538956298842 22.188655853271 -67530.046735839845
301120.015061035170 22.188655853271 -67526.967329101564
301123.809189453139 22.188655853271 -67524.833845214845
301127.603317871108 22.188655853271 -67522.700239257814
301131.462143554701 22.188655853271 -67523.656354980470
301135.731003417983 22.188655853271 -67521.255903320314
301135.209610595717 22.188655853271 -67520.328779296877
301134.267136230483 22.188655853271 -67518.652570800783
301133.328507080092 22.188655853271 -67516.983503417970
301130.871658935561 22.188655853271 -67512.614423828127
301130.869156494155 22.188655853271 -67521.335187988283
301133.029526367201 22.188655853271 -67520.120344238283
301131.526474609389 22.188655853271 -67522.504072265627
301133.686813964858 22.188655853271 -67521.289228515627
301124.491593017592 22.188655853271 -67516.410871582033
301123.100174560561 22.188655853271 -67521.322492675783
301117.350449218764 22.188655853271 -67524.571271972658
301111.600693359389 22.188655853271 -67527.820112304689
301110.351212158217 22.188655853271 -67527.732648925783
301107.293533935561 22.188655853271 -67529.976911621095
301110.111160888686 22.188655853271 -67529.930952148439
301109.453873291030 22.188655853271 -67528.762067871095
301104.588120117201 22.188655853271 -67530.973371582033
301103.203873291030 22.188655853271 -67528.511762695314
301098.301468505873 22.188655853271 -67531.265729980470
301099.917252197280 22.188655853271 -67534.139082031252
301094.327408447280 22.188655853271 -67537.282392578127
301088.737473144545 22.188655853271 -67540.425764160158
301083.661850585951 22.188655853271 -67539.193891601564
301084.261734619155 22.188655853271 -67536.854475097658
301080.711746826186 22.188655853271 -67543.386152343752
301086.347092285170 22.188655853271 -67543.294233398439
301085.032486572280 22.188655853271 -67540.956464843752
301081.088638916030 22.188655853271 -67533.943098144533
301078.082504882826 22.188655853271 -67538.710554199220
301082.403244628920 22.188655853271 -67536.280927734377
301082.232163085951 22.188655853271 -67533.245283203127
301080.202591552748 22.188655853271 -67529.636030273439
301081.751053466811 22.188655853271 -67525.535139160158
301081.689255371108 22.188655853271 -67525.517377929689
301075.830185546889 22.188655853271 -67524.591962890627
301072.824082031264 22.188655853271 -67529.359418945314
301078.459427490248 22.188655853271 -67529.267500000002
301077.144821777358 22.188655853271 -67526.929731445314
301079.305161132826 22.188655853271 -67525.714887695314
301077.802109375014 22.188655853271 -67528.098615722658
301079.962479248061 22.188655853271 -67526.883771972658
301075.453262939467 22.188655853271 -67534.035017089845
301079.774002685561 22.188655853271 -67531.605329589845
301079.633804931655 22.188655853271 -67526.299360351564
301081.042648925795 22.188655853271 -67526.276350097658
301080.714005126967 22.188655853271 -67525.691877441408
301076.487503662123 22.188655853271 -67525.760847167970
301073.200974121108 22.188655853271 -67519.916364746095
301070.194840087905 22.188655853271 -67524.683820800783
301074.515579833998 22.188655853271 -67522.254133300783
301080.878342285170 22.188655853271 -67525.984113769533
301079.116715087905 22.188655853271 -67530.436445312502
301078.180832519545 22.188655853271 -67524.934980468752
301075.286179199233 22.188655853271 -67519.787397460939
301072.391556396498 22.188655853271 -67514.639814453127
301066.596054687514 22.188655853271 -67517.898786621095
301060.800583496108 22.188655853271 -67521.157758789064
301060.747666015639 22.188655853271 -67521.352888183595
301059.764664306655 22.188655853271 -67524.974287109377
301067.565598144545 22.188655853271 -67520.008283691408
301064.559464111342 22.188655853271 -67524.775739746095
301063.244858398451 22.188655853271 -67522.437971191408
301062.587570800795 22.188655853271 -67521.269086914064
301062.258927001967 22.188655853271 -67520.684614257814
301061.507370605483 22.188655853271 -67521.876447753908
301061.178726806655 22.188655853271 -67521.292036132814
301066.908310546889 22.188655853271 -67518.839338378908
301065.405258789076 22.188655853271 -67521.223127441408
301064.747910156264 22.188655853271 -67520.054182128908
301071.886337890639 22.188655853271 -67517.578596191408
301063.062485351576 22.188655853271 -67530.838789062502
301066.360245361342 22.188655853271 -67536.703291015627
301069.658066406264 22.188655853271 -67542.567792968752
301072.955856933608 22.188655853271 -67548.432294921877
301079.015549316420 22.188655853271 -67550.022626953127
301083.555222167983 22.188655853271 -67547.469831542970
301088.094925537123 22.188655853271 -67544.917036132814
301099.309311523451 22.188655853271 -67536.005231933595
301125.233780517592 22.188655853271 -67521.427045898439
301081.637009277358 13.241015434265 -67545.031599121095
301078.589798583998 13.241015434265 -67539.612653808595
301075.542557373061 13.241015434265 -67534.193769531252
301072.495346679701 13.241015434265 -67528.774885253908
301069.448135986342 13.241015434265 -67523.355939941408
301090.278519287123 13.241015434265 -67540.172224121095
301087.231278076186 13.241015434265 -67534.753339843752
301084.184036865248 13.241015434265 -67529.334394531252
301098.919998779311 13.241015434265 -67535.312849121095
301095.872788085951 13.241015434265 -67529.893964843752
301092.825577392592 13.241015434265 -67524.475019531252
301107.561478271498 13.241015434265 -67530.453474121095
301104.514267578139 13.241015434265 -67525.034589843752
301101.467056884780 13.241015434265 -67519.615644531252
301116.202957763686 13.241015434265 -67525.594099121095
301113.155747070326 13.241015434265 -67520.175153808595
301110.108536376967 13.241015434265 -67514.756269531252
301124.844498291030 13.241015434265 -67520.734724121095
301121.797257080092 13.241015434265 -67515.315839843752
301118.750015869155 13.241015434265 -67509.896894531252
301115.702805175795 13.241015434265 -67504.477949218752
301112.655563964858 13.241015434265 -67499.059064941408
301109.608353271498 13.241015434265 -67493.640119628908
301120.015061035170 13.241015434265 -67526.967329101564
301123.809189453139 13.241015434265 -67524.833845214845
301127.603317871108 13.241015434265 -67522.700239257814
301131.462143554701 13.241015434265 -67523.656354980470
301135.731003417983 13.241015434265 -67521.255903320314
301135.209610595717 13.241015434265 -67520.328779296877
301134.267136230483 13.241015434265 -67518.652570800783
301133.328507080092 13.241015434265 -67516.983503417970
301130.871658935561 13.241015434265 -67512.614423828127
301127.975968017592 13.241015434265 -67507.465009765627
301125.080338134780 13.241015434265 -67502.315656738283
301122.184708251967 13.241015434265 -67497.166303710939
301119.289047851576 13.241015434265 -67492.016950683595
301117.053848876967 13.241015434265 -67488.042097167970
301114.818649902358 13.241015434265 -67484.067243652345
301130.688828125014 13.241015434265 -67521.014509277345
301132.849197998061 13.241015434265 -67519.799665527345
301131.450638427748 13.241015434265 -67522.369245605470
301133.611038818373 13.241015434265 -67521.154401855470
301114.231430664076 13.241015434265 -67484.397443847658
301113.161484375014 13.241015434265 -67484.999189453127
301112.738663330092 13.241015434265 -67485.236921386720
301111.464279785170 13.241015434265 -67485.953535156252
301111.157944335951 13.241015434265 -67486.125776367189
301113.929093017592 13.241015434265 -67491.210432128908
301112.405472412123 13.241015434265 -67488.500959472658
301111.643692626967 13.241015434265 -67487.146284179689
301114.565872802748 13.241015434265 -67487.286115722658
301113.804031982436 13.241015434265 -67485.931440429689
301113.423172607436 13.241015434265 -67485.254011230470
301114.884232177748 13.241015434265 -67485.323957519533
301114.503311767592 13.241015434265 -67484.646650390627
301111.262772216811 13.241015434265 -67486.468854980470
301112.723862304701 13.241015434265 -67486.538801269533
301112.342972412123 13.241015434265 -67485.861494140627
301109.539383544936 13.241015434265 -67491.802229003908
301105.935989990248 13.241015434265 -67493.828413085939
301105.836075439467 13.241015434265 -67493.884626464845
301107.447983398451 13.241015434265 -67494.854963378908
301106.686142578139 13.241015434265 -67493.500288085939
301111.131943359389 13.241015434265 -67496.349592285158
301108.334824218764 13.241015434265 -67501.488752441408
301106.811203613295 13.241015434265 -67498.779279785158
301106.146103515639 13.241015434265 -67493.803937988283
301107.067093505873 13.241015434265 -67494.177595214845
301106.367783203139 13.241015434265 -67495.462385253908
301105.986893310561 13.241015434265 -67494.785017089845
301110.370163574233 13.241015434265 -67494.994855957033
301106.049393310561 13.241015434265 -67497.424543457033
301108.971604003920 13.241015434265 -67497.564436035158
301108.209793701186 13.241015434265 -67496.209699707033
301116.976303710951 13.241015434265 -67496.629377441408
301115.452713623061 13.241015434265 -67493.919904785158
301113.167282714858 13.241015434265 -67489.855695800783
301111.768723144545 13.241015434265 -67492.425275878908
301111.006943359389 13.241015434265 -67491.070539550783
301106.876633300795 13.241015434265 -67493.838911132814
301105.796433105483 13.241015434265 -67494.446333007814
301106.526993408217 13.241015434265 -67494.481306152345
301106.336533203139 13.241015434265 -67494.142622070314
301109.227432861342 13.241015434265 -67492.962751464845
301108.528153076186 13.241015434265 -67494.247541503908
301108.147263183608 13.241015434265 -67493.570173339845
301104.047592773451 13.241015434265 -67499.575117187502
301104.257980957045 13.241015434265 -67499.949323730470
301106.403153076186 13.241015434265 -67503.764143066408
301104.650864257826 13.241015434265 -67499.994123535158
301107.573013916030 13.241015434265 -67500.134016113283
301106.174454345717 13.241015434265 -67502.703596191408
301105.412644042983 13.241015434265 -67501.348859863283
301114.179215087905 13.241015434265 -67501.768537597658
301112.166580810561 13.241015434265 -67505.085615234377
301112.513260498061 13.241015434265 -67505.165083007814
301114.940994873061 13.241015434265 -67503.123212890627
301112.018814697280 13.241015434265 -67502.983381347658
301113.542435302748 13.241015434265 -67505.692792968752
301112.780625000014 13.241015434265 -67504.338056640627
301117.226425781264 13.241015434265 -67507.187421875002
301114.429276123061 13.241015434265 -67512.326582031252
301120.023544921889 13.241015434265 -67502.048261718752
301118.499954833998 13.241015434265 -67499.338850097658
301113.161514892592 13.241015434265 -67505.015485839845
301116.464615478530 13.241015434265 -67505.832746582033
301115.066025390639 13.241015434265 -67508.402265625002
301114.304215087905 13.241015434265 -67507.047590332033
301123.070755615248 13.241015434265 -67507.467207031252
301121.547165527358 13.241015434265 -67504.757734375002
301112.938767089858 13.241015434265 -67506.003095703127
301113.023483886733 13.241015434265 -67506.169904785158
301113.477860107436 13.241015434265 -67507.064741210939
301113.669571533217 13.241015434265 -67507.442304687502
301113.351975097670 13.241015434265 -67505.354108886720
301113.923325195326 13.241015434265 -67506.370161132814
301105.787796630873 13.241015434265 -67517.185957031252
301115.321915283217 13.241015434265 -67503.800642089845
301113.860825195326 13.241015434265 -67503.730695800783
301114.622604980483 13.241015434265 -67505.085371093752
301114.241715087905 13.241015434265 -67504.408002929689
301119.261765136733 13.241015434265 -67500.693586425783
301116.339554443373 13.241015434265 -67500.553693847658
301117.863175048842 13.241015434265 -67503.263105468752
301117.101364746108 13.241015434265 -67501.908369140627
301113.732864990248 13.241015434265 -67506.031538085939
301113.383225097670 13.241015434265 -67506.673872070314
301116.083725585951 13.241015434265 -67505.155317382814
301115.384415283217 13.241015434265 -67506.440107421877
301115.003525390639 13.241015434265 -67505.762739257814
301120.785355224623 13.241015434265 -67503.402998046877
301119.386765136733 13.241015434265 -67505.972578125002
301118.624985351576 13.241015434265 -67504.617841796877
301114.685135498061 13.241015434265 -67507.724897460939
301117.988236083998 13.241015434265 -67508.542158203127
301113.667465820326 13.241015434265 -67510.971845703127
301116.589676513686 13.241015434265 -67511.111738281252
301115.827835693373 13.241015434265 -67509.757001953127
301120.273636474623 13.241015434265 -67512.606367187502
301111.632156982436 13.241015434265 -67517.465742187502
301117.476486816420 13.241015434265 -67517.745527343752
301115.952896728530 13.241015434265 -67515.036054687502
301113.641861572280 13.241015434265 -67507.603925781252
301113.367661132826 13.241015434265 -67509.327802734377
301113.182877197280 13.241015434265 -67510.490095214845
301114.494675292983 13.241015434265 -67507.386213378908
301113.764114990248 13.241015434265 -67507.351240234377
301114.145035400405 13.241015434265 -67508.028669433595
301113.954575195326 13.241015434265 -67507.689924316408
301116.845505371108 13.241015434265 -67506.510053710939
301116.146225585951 13.241015434265 -67507.794843750002
301115.765335693373 13.241015434265 -67507.117475585939
301113.859360351576 13.241015434265 -67507.520612792970
301114.113785400405 13.241015434265 -67506.708845214845
301109.346726074233 13.241015434265 -67513.401533203127
301112.268936767592 13.241015434265 -67513.541425781252
301111.507095947280 13.241015434265 -67512.186689453127
301107.647354736342 13.241015434265 -67513.602888183595
301106.771164550795 13.241015434265 -67514.095563964845
301107.948166503920 13.241015434265 -67515.971113281252
301107.186356201186 13.241015434265 -67514.616376953127
301102.990646972670 13.241015434265 -67522.325117187502
301108.835007324233 13.241015434265 -67522.604841308595
301107.311417236342 13.241015434265 -67519.895429687502
301105.106278076186 13.241015434265 -67513.662031250002
301104.625778808608 13.241015434265 -67515.493574218752
301100.366104736342 13.241015434265 -67517.888959960939
301098.278488769545 13.241015434265 -67517.501447753908
301097.146317138686 13.241015434265 -67522.045332031252
301097.798508300795 13.241015434265 -67519.332746582033
301093.459976806655 13.241015434265 -67521.772565917970
301091.690415039076 13.241015434265 -67521.206159667970
301091.109329833998 13.241015434265 -67523.094343261720
301082.660446777358 13.241015434265 -67526.624921875002
301088.504776611342 13.241015434265 -67526.904707031252
301085.072220458998 13.241015434265 -67526.489179687502
301081.751053466811 13.241015434265 -67525.535139160158
301081.689255371108 13.241015434265 -67525.517377929689
301076.816086425795 13.241015434265 -67526.345197753908
301074.018936767592 13.241015434265 -67531.484296875002
301079.863297119155 13.241015434265 -67531.764082031252
301078.339707031264 13.241015434265 -67529.054609375002
301077.577896728530 13.241015434265 -67527.699873046877
301080.500076904311 13.241015434265 -67527.839765625002
301079.738266601576 13.241015434265 -67526.485090332033
301073.768875732436 13.241015434265 -67520.926252441408
301070.971726074233 13.241015434265 -67526.065412597658
301075.292465820326 13.241015434265 -67523.635725097658
301082.279526367201 13.241015434265 -67525.947553710939
301080.818436279311 13.241015434265 -67525.877607421877
301080.119187011733 13.241015434265 -67527.162458496095
301081.580277099623 13.241015434265 -67527.232404785158
301081.199326171889 13.241015434265 -67526.554975585939
301083.422226562514 13.241015434265 -67527.979658203127
301079.101486816420 13.241015434265 -67530.409345703127
301082.023697509780 13.241015434265 -67530.549238281252
301081.261887207045 13.241015434265 -67529.194501953127
301085.707687988295 13.241015434265 -67532.043867187502
301077.066208496108 13.241015434265 -67536.903242187502
301082.910538330092 13.241015434265 -67537.183027343752
301081.386948242201 13.241015434265 -67534.473554687502
301081.358536376967 13.241015434265 -67525.573896484377
301081.008927001967 13.241015434265 -67526.216352539064
301081.739426269545 13.241015434265 -67526.251325683595
301081.548996582045 13.241015434265 -67525.912580566408
301087.743027343764 13.241015434265 -67525.549970703127
301086.344437255873 13.241015434265 -67528.119550781252
301085.582626953139 13.241015434265 -67526.764814453127
301094.349167480483 13.241015434265 -67527.184492187502
301091.552048339858 13.241015434265 -67532.323652343752
301090.028427734389 13.241015434265 -67529.614179687502
301076.054276123061 13.241015434265 -67524.990461425783
301081.453751220717 13.241015434265 -67525.743269042970
301081.819046630873 13.241015434265 -67525.760786132814
301081.723801269545 13.241015434265 -67525.591413574220
301078.180832519545 13.241015434265 -67524.934980468752
301075.286179199233 13.241015434265 -67519.787397460939
301072.391556396498 13.241015434265 -67514.639814453127
301066.596054687514 13.241015434265 -67517.898786621095
301060.800583496108 13.241015434265 -67521.157758789064
301060.747666015639 13.241015434265 -67521.352888183595
301059.764664306655 13.241015434265 -67524.974287109377
301067.924515380873 13.241015434265 -67520.646467285158
301065.127365722670 13.241015434265 -67525.785627441408
301063.603775634780 13.241015434265 -67523.076154785158
301062.841934814467 13.241015434265 -67521.721418457033
301061.443375244155 13.241015434265 -67524.290998535158
301060.681564941420 13.241015434265 -67522.936262207033
301062.461044921889 13.241015434265 -67521.044050292970
301061.761765136733 13.241015434265 -67522.328840332033
301061.380875244155 13.241015434265 -67521.651533203127
301067.162674560561 13.241015434265 -67519.291791992189
301065.764114990248 13.241015434265 -67521.861311035158
301065.002335205092 13.241015434265 -67520.506635742189
301072.245255126967 13.241015434265 -67518.216779785158
301063.062485351576 13.241015434265 -67530.838789062502
301066.360245361342 13.241015434265 -67536.703291015627
301069.658066406264 13.241015434265 -67542.567792968752
301072.955856933608 13.241015434265 -67548.432294921877
301079.015549316420 13.241015434265 -67550.022626953127
301083.555222167983 13.241015434265 -67547.469831542970
301088.094925537123 13.241015434265 -67544.917036132814
301092.634628906264 13.241015434265 -67542.364240722658
301098.110672607436 13.241015434265 -67539.284833984377
301103.586777343764 13.241015434265 -67536.205488281252
301109.062851562514 13.241015434265 -67533.126142578127
301114.538956298842 13.241015434265 -67530.046735839845
301120.015061035170 22.188655853271 -67526.967329101564
301120.015061035170 13.241015434265 -67526.967329101564
301127.603317871108 22.188655853271 -67522.700239257814
301127.603317871108 13.241015434265 -67522.700239257814
301127.603317871108 22.188655853271 -67522.700239257814
301127.603317871108 13.241015434265 -67522.700239257814
301131.462143554701 22.188655853271 -67523.656354980470
301131.462143554701 13.241015434265 -67523.656354980470
301131.462143554701 22.188655853271 -67523.656354980470
301131.462143554701 13.241015434265 -67523.656354980470
301135.731003417983 22.188655853271 -67521.255903320314
301135.731003417983 13.241015434265 -67521.255903320314
301135.209610595717 13.241015434265 -67520.328779296877
301135.209610595717 17.714836120605 -67520.328779296877
301135.209610595717 22.188655853271 -67520.328779296877
301135.731003417983 13.241015434265 -67521.255903320314
301135.731003417983 17.714836120605 -67521.255903320314
301135.731003417983 22.188655853271 -67521.255903320314
301134.267136230483 13.241015434265 -67518.652570800783
301134.267136230483 22.188655853271 -67518.652570800783
301135.209610595717 13.241015434265 -67520.328779296877
301135.209610595717 22.188655853271 -67520.328779296877
301133.328507080092 13.241015434265 -67516.983503417970
301133.328507080092 22.188655853271 -67516.983503417970
301134.267136230483 13.241015434265 -67518.652570800783
301134.267136230483 22.188655853271 -67518.652570800783
301130.871658935561 13.241015434265 -67512.614423828127
301130.871658935561 22.188655853271 -67512.614423828127
301133.328507080092 13.241015434265 -67516.983503417970
301133.328507080092 22.188655853271 -67516.983503417970
301119.289047851576 13.241015434265 -67492.016950683595
301119.289047851576 21.988821029663 -67492.016950683595
301130.871658935561 13.241015434265 -67512.614423828127
301130.871658935561 21.988821029663 -67512.614423828127
301114.818649902358 13.241015434265 -67484.067243652345
301114.818649902358 21.988821029663 -67484.067243652345
301119.289047851576 13.241015434265 -67492.016950683595
301119.289047851576 21.988821029663 -67492.016950683595
301114.231430664076 13.241015434265 -67484.397443847658
301114.231430664076 16.156949996948 -67484.397443847658
301114.231430664076 19.072885513306 -67484.397443847658
301114.231430664076 21.988821029663 -67484.397443847658
301114.818649902358 13.241015434265 -67484.067243652345
301114.818649902358 16.156949996948 -67484.067243652345
301114.818649902358 19.072885513306 -67484.067243652345
301114.818649902358 21.988821029663 -67484.067243652345
301113.161484375014 13.241015434265 -67484.999189453127
301113.161484375014 17.614917755127 -67484.999189453127
301113.161484375014 21.988821029663 -67484.999189453127
301114.231430664076 13.241015434265 -67484.397443847658
301114.231430664076 17.614917755127 -67484.397443847658
301114.231430664076 21.988821029663 -67484.397443847658
301112.738663330092 13.241015434265 -67485.236921386720
301112.738663330092 15.427967071533 -67485.236921386720
301112.738663330092 17.614917755127 -67485.236921386720
301112.738663330092 19.801870346069 -67485.236921386720
301112.738663330092 21.988821029663 -67485.236921386720
301113.161484375014 13.241015434265 -67484.999189453127
301113.161484375014 15.427967071533 -67484.999189453127
301113.161484375014 17.614917755127 -67484.999189453127
301113.161484375014 19.801870346069 -67484.999189453127
301113.161484375014 21.988821029663 -67484.999189453127
301111.464279785170 13.241015434265 -67485.953535156252
301111.464279785170 21.988821029663 -67485.953535156252
301112.738663330092 13.241015434265 -67485.236921386720
301112.738663330092 21.988821029663 -67485.236921386720
301111.157944335951 13.241015434265 -67486.125776367189
301111.157944335951 14.990576744080 -67486.125776367189
301111.157944335951 16.740137100220 -67486.125776367189
301111.157944335951 18.489698410034 -67486.125776367189
301111.157944335951 20.239259719849 -67486.125776367189
301111.157944335951 21.988821029663 -67486.125776367189
301111.464279785170 13.241015434265 -67485.953535156252
301111.464279785170 14.990576744080 -67485.953535156252
301111.464279785170 16.740137100220 -67485.953535156252
301111.464279785170 18.489698410034 -67485.953535156252
301111.464279785170 20.239259719849 -67485.953535156252
301111.464279785170 21.988821029663 -67485.953535156252
301111.157944335951 21.988821029663 -67486.125776367189
301111.157944335951 13.241015434265 -67486.125776367189
301110.348679199233 21.988821029663 -67488.963972167970
301110.348679199233 13.241015434265 -67488.963972167970
301109.539383544936 21.988821029663 -67491.802229003908
301109.539383544936 13.241015434265 -67491.802229003908
301105.935989990248 13.241015434265 -67493.828413085939
301105.935989990248 21.988821029663 -67493.828413085939
301109.539383544936 13.241015434265 -67491.802229003908
301109.539383544936 21.988821029663 -67491.802229003908
301105.836075439467 13.241015434265 -67493.884626464845
301105.836075439467 13.577468872070 -67493.884626464845
301105.836075439467 13.913923263550 -67493.884626464845
301105.836075439467 14.250377655029 -67493.884626464845
301105.836075439467 14.586832046509 -67493.884626464845
301105.836075439467 14.923285484314 -67493.884626464845
301105.836075439467 15.259739875793 -67493.884626464845
301105.836075439467 15.596193313599 -67493.884626464845
301105.836075439467 15.932647705078 -67493.884626464845
301105.836075439467 16.269102096558 -67493.884626464845
301105.836075439467 16.605556488037 -67493.884626464845
301105.836075439467 16.942010879517 -67493.884626464845
301105.836075439467 17.278463363647 -67493.884626464845
301105.836075439467 17.614917755127 -67493.884626464845
301105.836075439467 17.951372146606 -67493.884626464845
301105.836075439467 18.287826538086 -67493.884626464845
301105.836075439467 18.624280929565 -67493.884626464845
301105.836075439467 18.960735321045 -67493.884626464845
301105.836075439467 19.297187805176 -67493.884626464845
301105.836075439467 19.633642196655 -67493.884626464845
301105.836075439467 19.970098495483 -67493.884626464845
301105.836075439467 20.306550979614 -67493.884626464845
301105.836075439467 20.643005371094 -67493.884626464845
301105.836075439467 20.979459762573 -67493.884626464845
301105.836075439467 21.315912246704 -67493.884626464845
301105.836075439467 21.652366638184 -67493.884626464845
301105.836075439467 21.988821029663 -67493.884626464845
301105.886032714858 13.241015434265 -67493.856489257814
301105.886032714858 13.577468872070 -67493.856489257814
301105.886032714858 13.913923263550 -67493.856489257814
301105.886032714858 14.250377655029 -67493.856489257814
301105.886032714858 14.586832046509 -67493.856489257814
301105.886032714858 14.923285484314 -67493.856489257814
301105.886032714858 15.259739875793 -67493.856489257814
301105.886032714858 15.596193313599 -67493.856489257814
301105.886032714858 15.932647705078 -67493.856489257814
301105.886032714858 16.269102096558 -67493.856489257814
301105.886032714858 16.605556488037 -67493.856489257814
301105.886032714858 16.942010879517 -67493.856489257814
301105.886032714858 17.278463363647 -67493.856489257814
301105.886032714858 17.614917755127 -67493.856489257814
301105.886032714858 17.951372146606 -67493.856489257814
301105.886032714858 18.287826538086 -67493.856489257814
301105.886032714858 18.624280929565 -67493.856489257814
301105.886032714858 18.960735321045 -67493.856489257814
301105.886032714858 19.297187805176 -67493.856489257814
301105.886032714858 19.633642196655 -67493.856489257814
301105.886032714858 19.970098495483 -67493.856489257814
301105.886032714858 20.306550979614 -67493.856489257814
301105.886032714858 20.643005371094 -67493.856489257814
301105.886032714858 20.979459762573 -67493.856489257814
301105.886032714858 21.315912246704 -67493.856489257814
301105.886032714858 21.652366638184 -67493.856489257814
301105.886032714858 21.988821029663 -67493.856489257814
301105.935989990248 13.241015434265 -67493.828413085939
301105.935989990248 13.577468872070 -67493.828413085939
301105.935989990248 13.913923263550 -67493.828413085939
301105.935989990248 14.250377655029 -67493.828413085939
301105.935989990248 14.586832046509 -67493.828413085939
301105.935989990248 14.923285484314 -67493.828413085939
301105.935989990248 15.259739875793 -67493.828413085939
301105.935989990248 15.596193313599 -67493.828413085939
301105.935989990248 15.932647705078 -67493.828413085939
301105.935989990248 16.269102096558 -67493.828413085939
301105.935989990248 16.605556488037 -67493.828413085939
301105.935989990248 16.942010879517 -67493.828413085939
301105.935989990248 17.278463363647 -67493.828413085939
301105.935989990248 17.614917755127 -67493.828413085939
301105.935989990248 17.951372146606 -67493.828413085939
301105.935989990248 18.287826538086 -67493.828413085939
301105.935989990248 18.624280929565 -67493.828413085939
301105.935989990248 18.960735321045 -67493.828413085939
301105.935989990248 19.297187805176 -67493.828413085939
301105.935989990248 19.633642196655 -67493.828413085939
301105.935989990248 19.970098495483 -67493.828413085939
301105.935989990248 20.306550979614 -67493.828413085939
301105.935989990248 20.643005371094 -67493.828413085939
301105.935989990248 20.979459762573 -67493.828413085939
301105.935989990248 21.315912246704 -67493.828413085939
301105.935989990248 21.652366638184 -67493.828413085939
301105.935989990248 21.988821029663 -67493.828413085939
301105.836075439467 21.988821029663 -67493.884626464845
301105.836075439467 13.241015434265 -67493.884626464845
301104.047592773451 21.988821029663 -67499.575117187502
301104.047592773451 13.241015434265 -67499.575117187502
301104.047592773451 21.988821029663 -67499.575117187502
301104.047592773451 19.801870346069 -67499.575117187502
301104.047592773451 17.614917755127 -67499.575117187502
301104.047592773451 15.427967071533 -67499.575117187502
301104.047592773451 13.241015434265 -67499.575117187502
301104.257980957045 21.988821029663 -67499.949323730470
301104.257980957045 19.801870346069 -67499.949323730470
301104.257980957045 17.614917755127 -67499.949323730470
301104.257980957045 15.427967071533 -67499.949323730470
301104.257980957045 13.241015434265 -67499.949323730470
301104.257980957045 21.988821029663 -67499.949323730470
301104.257980957045 13.241015434265 -67499.949323730470
301106.403153076186 21.988821029663 -67503.764143066408
301106.403153076186 13.241015434265 -67503.764143066408
301106.403153076186 21.988821029663 -67503.764143066408
301106.403153076186 13.241015434265 -67503.764143066408
301112.166580810561 21.988821029663 -67505.085615234377
301112.166580810561 13.241015434265 -67505.085615234377
301112.166580810561 21.988821029663 -67505.085615234377
301112.166580810561 20.239259719849 -67505.085615234377
301112.166580810561 18.489698410034 -67505.085615234377
301112.166580810561 16.740137100220 -67505.085615234377
301112.166580810561 14.990576744080 -67505.085615234377
301112.166580810561 13.241015434265 -67505.085615234377
301112.513260498061 21.988821029663 -67505.165083007814
301112.513260498061 20.239259719849 -67505.165083007814
301112.513260498061 18.489698410034 -67505.165083007814
301112.513260498061 16.740137100220 -67505.165083007814
301112.513260498061 14.990576744080 -67505.165083007814
301112.513260498061 13.241015434265 -67505.165083007814
301112.513260498061 21.988821029663 -67505.165083007814
301112.513260498061 17.614917755127 -67505.165083007814
301112.513260498061 13.241015434265 -67505.165083007814
301112.938767089858 21.988821029663 -67506.003095703127
301112.938767089858 17.614917755127 -67506.003095703127
301112.938767089858 13.241015434265 -67506.003095703127
301112.938767089858 21.988821029663 -67506.003095703127
301112.938767089858 20.895345687866 -67506.003095703127
301112.938767089858 19.801870346069 -67506.003095703127
301112.938767089858 18.708395004272 -67506.003095703127
301112.938767089858 17.614917755127 -67506.003095703127
301112.938767089858 16.521442413330 -67506.003095703127
301112.938767089858 15.427967071533 -67506.003095703127
301112.938767089858 14.334491729736 -67506.003095703127
301112.938767089858 13.241015434265 -67506.003095703127
301113.023483886733 21.988821029663 -67506.169904785158
301113.023483886733 20.895345687866 -67506.169904785158
301113.023483886733 19.801870346069 -67506.169904785158
301113.023483886733 18.708395004272 -67506.169904785158
301113.023483886733 17.614917755127 -67506.169904785158
301113.023483886733 16.521442413330 -67506.169904785158
301113.023483886733 15.427967071533 -67506.169904785158
301113.023483886733 14.334491729736 -67506.169904785158
301113.023483886733 13.241015434265 -67506.169904785158
301113.023483886733 21.988821029663 -67506.169904785158
301113.023483886733 19.072885513306 -67506.169904785158
301113.023483886733 16.156949996948 -67506.169904785158
301113.023483886733 13.241015434265 -67506.169904785158
301113.250656738295 21.988821029663 -67506.617292480470
301113.250656738295 19.072885513306 -67506.617292480470
301113.250656738295 16.156949996948 -67506.617292480470
301113.250656738295 13.241015434265 -67506.617292480470
301113.477860107436 21.988821029663 -67507.064741210939
301113.477860107436 19.072885513306 -67507.064741210939
301113.477860107436 16.156949996948 -67507.064741210939
301113.477860107436 13.241015434265 -67507.064741210939
301113.477860107436 21.988821029663 -67507.064741210939
301113.477860107436 19.801870346069 -67507.064741210939
301113.477860107436 17.614917755127 -67507.064741210939
301113.477860107436 15.427967071533 -67507.064741210939
301113.477860107436 13.241015434265 -67507.064741210939
301113.669571533217 21.988821029663 -67507.442304687502
301113.669571533217 19.801870346069 -67507.442304687502
301113.669571533217 17.614917755127 -67507.442304687502
301113.669571533217 15.427967071533 -67507.442304687502
301113.669571533217 13.241015434265 -67507.442304687502
301113.669571533217 87.840316772461 -67507.442304687502
301113.669571533217 87.349525451660 -67507.442304687502
301113.669571533217 86.858749389648 -67507.442304687502
301113.669571533217 86.367958068848 -67507.442304687502
301113.669571533217 85.877174377441 -67507.442304687502
301113.669571533217 85.386390686035 -67507.442304687502
301113.669571533217 84.895599365234 -67507.442304687502
301113.669571533217 84.404823303223 -67507.442304687502
301113.669571533217 83.914031982422 -67507.442304687502
301113.669571533217 83.423255920410 -67507.442304687502
301113.669571533217 82.932464599609 -67507.442304687502
301113.669571533217 82.441673278809 -67507.442304687502
301113.669571533217 81.950897216797 -67507.442304687502
301113.669571533217 81.460105895996 -67507.442304687502
301113.669571533217 80.969329833984 -67507.442304687502
301113.669571533217 80.478538513184 -67507.442304687502
301113.669571533217 79.987754821777 -67507.442304687502
301113.669571533217 79.496971130371 -67507.442304687502
301113.669571533217 79.006179809570 -67507.442304687502
301113.669571533217 78.515403747559 -67507.442304687502
301113.669571533217 78.024612426758 -67507.442304687502
301113.669571533217 77.533828735352 -67507.442304687502
301113.669571533217 77.043045043945 -67507.442304687502
301113.669571533217 76.552261352539 -67507.442304687502
301113.669571533217 76.061477661133 -67507.442304687502
301113.669571533217 75.570693969727 -67507.442304687502
301113.669571533217 75.079910278320 -67507.442304687502
301113.669571533217 74.589118957520 -67507.442304687502
301113.669571533217 74.098335266113 -67507.442304687502
301113.669571533217 73.607551574707 -67507.442304687502
301113.669571533217 73.116767883301 -67507.442304687502
301113.669571533217 72.625984191895 -67507.442304687502
301113.669571533217 72.135200500488 -67507.442304687502
301113.669571533217 71.644416809082 -67507.442304687502
301113.669571533217 71.153633117676 -67507.442304687502
301113.669571533217 70.662841796875 -67507.442304687502
301113.669571533217 70.172058105469 -67507.442304687502
301113.669571533217 69.681274414063 -67507.442304687502
301113.669571533217 69.190490722656 -67507.442304687502
301113.669571533217 68.699707031250 -67507.442304687502
301113.669571533217 68.208923339844 -67507.442304687502
301113.669571533217 67.718132019043 -67507.442304687502
301113.669571533217 67.227348327637 -67507.442304687502
301113.669571533217 66.736564636230 -67507.442304687502
301113.669571533217 66.245780944824 -67507.442304687502
301113.669571533217 65.754997253418 -67507.442304687502
301113.669571533217 65.264205932617 -67507.442304687502
301113.669571533217 64.773422241211 -67507.442304687502
301113.669571533217 64.282638549805 -67507.442304687502
301113.669571533217 63.791854858398 -67507.442304687502
301113.669571533217 63.301071166992 -67507.442304687502
301113.669571533217 62.810287475586 -67507.442304687502
301113.669571533217 62.319499969482 -67507.442304687502
301113.669571533217 61.828716278076 -67507.442304687502
301113.669571533217 61.337932586670 -67507.442304687502
301113.669571533217 60.847148895264 -67507.442304687502
301113.669571533217 60.356361389160 -67507.442304687502
301113.669571533217 59.865573883057 -67507.442304687502
301113.669571533217 59.374790191650 -67507.442304687502
301113.669571533217 58.884006500244 -67507.442304687502
301113.669571533217 58.393222808838 -67507.442304687502
301113.669571533217 57.902439117432 -67507.442304687502
301113.669571533217 57.411655426025 -67507.442304687502
301113.669571533217 56.920864105225 -67507.442304687502
301113.669571533217 56.430080413818 -67507.442304687502
301113.669571533217 55.939296722412 -67507.442304687502
301113.669571533217 55.448513031006 -67507.442304687502
301113.669571533217 54.957729339600 -67507.442304687502
301113.669571533217 54.466941833496 -67507.442304687502
301113.669571533217 53.976158142090 -67507.442304687502
301113.669571533217 53.485374450684 -67507.442304687502
301113.669571533217 52.994590759277 -67507.442304687502
301113.669571533217 52.503807067871 -67507.442304687502
301113.669571533217 52.013015747070 -67507.442304687502
301113.669571533217 51.522232055664 -67507.442304687502
301113.669571533217 51.031448364258 -67507.442304687502
301113.669571533217 50.540664672852 -67507.442304687502
301113.669571533217 50.049880981445 -67507.442304687502
301113.669571533217 49.559097290039 -67507.442304687502
301113.669571533217 49.068305969238 -67507.442304687502
301113.669571533217 48.577522277832 -67507.442304687502
301113.669571533217 48.086738586426 -67507.442304687502
301113.669571533217 47.595954895020 -67507.442304687502
301113.669571533217 47.105171203613 -67507.442304687502
301113.669571533217 46.614383697510 -67507.442304687502
301113.669571533217 46.123600006104 -67507.442304687502
301113.669571533217 45.632816314697 -67507.442304687502
301113.669571533217 45.142032623291 -67507.442304687502
301113.669571533217 44.651248931885 -67507.442304687502
301113.669571533217 44.160461425781 -67507.442304687502
301113.669571533217 43.669673919678 -67507.442304687502
301113.669571533217 43.178890228271 -67507.442304687502
301113.669571533217 42.688106536865 -67507.442304687502
301113.669571533217 42.197322845459 -67507.442304687502
301113.669571533217 41.706539154053 -67507.442304687502
301113.669571533217 41.215751647949 -67507.442304687502
301113.669571533217 40.724964141846 -67507.442304687502
301113.669571533217 40.234180450439 -67507.442304687502
301113.669571533217 39.743396759033 -67507.442304687502
301113.669571533217 39.252613067627 -67507.442304687502
301113.669571533217 38.761829376221 -67507.442304687502
301113.669571533217 38.271041870117 -67507.442304687502
301113.669571533217 37.780258178711 -67507.442304687502
301113.669571533217 37.289474487305 -67507.442304687502
301113.669571533217 36.798690795898 -67507.442304687502
301113.669571533217 36.307903289795 -67507.442304687502
301113.669571533217 35.817119598389 -67507.442304687502
301113.669571533217 35.326335906982 -67507.442304687502
301113.669571533217 34.835548400879 -67507.442304687502
301113.669571533217 34.344764709473 -67507.442304687502
301113.669571533217 33.853977203369 -67507.442304687502
301113.669571533217 33.363193511963 -67507.442304687502
301113.669571533217 32.872409820557 -67507.442304687502
301113.669571533217 32.381622314453 -67507.442304687502
301113.669571533217 31.890840530396 -67507.442304687502
301113.669571533217 31.400054931641 -67507.442304687502
301113.669571533217 30.909269332886 -67507.442304687502
301113.669571533217 30.418485641479 -67507.442304687502
301113.669571533217 29.927701950073 -67507.442304687502
301113.669571533217 29.436914443970 -67507.442304687502
301113.669571533217 28.946130752563 -67507.442304687502
301113.669571533217 28.455345153809 -67507.442304687502
301113.669571533217 27.964561462402 -67507.442304687502
301113.669571533217 27.473777770996 -67507.442304687502
301113.669571533217 26.982990264893 -67507.442304687502
301113.669571533217 26.492206573486 -67507.442304687502
301113.669571533217 26.001422882080 -67507.442304687502
301113.669571533217 25.510635375977 -67507.442304687502
301113.669571533217 25.019851684570 -67507.442304687502
301113.669571533217 24.529067993164 -67507.442304687502
301113.669571533217 24.038282394409 -67507.442304687502
301113.669571533217 23.547498703003 -67507.442304687502
301113.669571533217 23.056711196899 -67507.442304687502
301113.669571533217 22.565927505493 -67507.442304687502
301113.669571533217 22.075143814087 -67507.442304687502
301113.669571533217 21.584356307983 -67507.442304687502
301113.669571533217 21.093572616577 -67507.442304687502
301113.669571533217 20.602788925171 -67507.442304687502
301113.669571533217 20.112003326416 -67507.442304687502
301113.669571533217 19.621219635010 -67507.442304687502
301113.669571533217 19.130434036255 -67507.442304687502
301113.669571533217 18.639648437500 -67507.442304687502
301113.669571533217 18.148864746094 -67507.442304687502
301113.669571533217 17.658079147339 -67507.442304687502
301113.669571533217 17.167293548584 -67507.442304687502
301113.669571533217 16.676509857178 -67507.442304687502
301113.669571533217 16.185724258423 -67507.442304687502
301113.669571533217 15.694939613342 -67507.442304687502
301113.669571533217 15.204154968262 -67507.442304687502
301113.669571533217 14.713369369507 -67507.442304687502
301113.669571533217 14.222585678101 -67507.442304687502
301113.669571533217 13.731800079346 -67507.442304687502
301113.669571533217 13.241015434265 -67507.442304687502
301113.655716552748 87.840316772461 -67507.523115234377
301113.655716552748 87.349525451660 -67507.523115234377
301113.655716552748 86.858749389648 -67507.523115234377
301113.655716552748 86.367958068848 -67507.523115234377
301113.655716552748 85.877174377441 -67507.523115234377
301113.655716552748 85.386390686035 -67507.523115234377
301113.655716552748 84.895599365234 -67507.523115234377
301113.655716552748 84.404823303223 -67507.523115234377
301113.655716552748 83.914031982422 -67507.523115234377
301113.655716552748 83.423255920410 -67507.523115234377
301113.655716552748 82.932464599609 -67507.523115234377
301113.655716552748 82.441673278809 -67507.523115234377
301113.655716552748 81.950897216797 -67507.523115234377
301113.655716552748 81.460105895996 -67507.523115234377
301113.655716552748 80.969329833984 -67507.523115234377
301113.655716552748 80.478538513184 -67507.523115234377
301113.655716552748 79.987754821777 -67507.523115234377
301113.655716552748 79.496971130371 -67507.523115234377
301113.655716552748 79.006179809570 -67507.523115234377
301113.655716552748 78.515403747559 -67507.523115234377
301113.655716552748 78.024612426758 -67507.523115234377
301113.655716552748 77.533828735352 -67507.523115234377
301113.655716552748 77.043045043945 -67507.523115234377
301113.655716552748 76.552261352539 -67507.523115234377
301113.655716552748 76.061477661133 -67507.523115234377
301113.655716552748 75.570693969727 -67507.523115234377
301113.655716552748 75.079910278320 -67507.523115234377
301113.655716552748 74.589118957520 -67507.523115234377
301113.655716552748 74.098335266113 -67507.523115234377
301113.655716552748 73.607551574707 -67507.523115234377
301113.655716552748 73.116767883301 -67507.523115234377
301113.655716552748 72.625984191895 -67507.523115234377
301113.655716552748 72.135200500488 -67507.523115234377
301113.655716552748 71.644416809082 -67507.523115234377
301113.655716552748 71.153633117676 -67507.523115234377
301113.655716552748 70.662841796875 -67507.523115234377
301113.655716552748 70.172058105469 -67507.523115234377
301113.655716552748 69.681274414063 -67507.523115234377
301113.655716552748 69.190490722656 -67507.523115234377
301113.655716552748 68.699707031250 -67507.523115234377
301113.655716552748 68.208923339844 -67507.523115234377
301113.655716552748 67.718132019043 -67507.523115234377
301113.655716552748 67.227348327637 -67507.523115234377
301113.655716552748 66.736564636230 -67507.523115234377
301113.655716552748 66.245780944824 -67507.523115234377
301113.655716552748 65.754997253418 -67507.523115234377
301113.655716552748 65.264205932617 -67507.523115234377
301113.655716552748 64.773422241211 -67507.523115234377
301113.655716552748 64.282638549805 -67507.523115234377
301113.655716552748 63.791854858398 -67507.523115234377
301113.655716552748 63.301071166992 -67507.523115234377
301113.655716552748 62.810287475586 -67507.523115234377
301113.655716552748 62.319499969482 -67507.523115234377
301113.655716552748 61.828716278076 -67507.523115234377
301113.655716552748 61.337932586670 -67507.523115234377
301113.655716552748 60.847148895264 -67507.523115234377
301113.655716552748 60.356361389160 -67507.523115234377
301113.655716552748 59.865573883057 -67507.523115234377
301113.655716552748 59.374790191650 -67507.523115234377
301113.655716552748 58.884006500244 -67507.523115234377
301113.655716552748 58.393222808838 -67507.523115234377
301113.655716552748 57.902439117432 -67507.523115234377
301113.655716552748 57.411655426025 -67507.523115234377
301113.655716552748 56.920864105225 -67507.523115234377
301113.655716552748 56.430080413818 -67507.523115234377
301113.655716552748 55.939296722412 -67507.523115234377
301113.655716552748 55.448513031006 -67507.523115234377
301113.655716552748 54.957729339600 -67507.523115234377
301113.655716552748 54.466941833496 -67507.523115234377
301113.655716552748 53.976158142090 -67507.523115234377
301113.655716552748 53.485374450684 -67507.523115234377
301113.655716552748 52.994590759277 -67507.523115234377
301113.655716552748 52.503807067871 -67507.523115234377
301113.655716552748 52.013015747070 -67507.523115234377
301113.655716552748 51.522232055664 -67507.523115234377
301113.655716552748 51.031448364258 -67507.523115234377
301113.655716552748 50.540664672852 -67507.523115234377
301113.655716552748 50.049880981445 -67507.523115234377
301113.655716552748 49.559097290039 -67507.523115234377
301113.655716552748 49.068305969238 -67507.523115234377
301113.655716552748 48.577522277832 -67507.523115234377
301113.655716552748 48.086738586426 -67507.523115234377
301113.655716552748 47.595954895020 -67507.523115234377
301113.655716552748 47.105171203613 -67507.523115234377
301113.655716552748 46.614383697510 -67507.523115234377
301113.655716552748 46.123600006104 -67507.523115234377
301113.655716552748 45.632816314697 -67507.523115234377
301113.655716552748 45.142032623291 -67507.523115234377
301113.655716552748 44.651248931885 -67507.523115234377
301113.655716552748 44.160461425781 -67507.523115234377
301113.655716552748 43.669673919678 -67507.523115234377
301113.655716552748 43.178890228271 -67507.523115234377
301113.655716552748 42.688106536865 -67507.523115234377
301113.655716552748 42.197322845459 -67507.523115234377
301113.655716552748 41.706539154053 -67507.523115234377
301113.655716552748 41.215751647949 -67507.523115234377
301113.655716552748 40.724964141846 -67507.523115234377
301113.655716552748 40.234180450439 -67507.523115234377
301113.655716552748 39.743396759033 -67507.523115234377
301113.655716552748 39.252613067627 -67507.523115234377
301113.655716552748 38.761829376221 -67507.523115234377
301113.655716552748 38.271041870117 -67507.523115234377
301113.655716552748 37.780258178711 -67507.523115234377
301113.655716552748 37.289474487305 -67507.523115234377
301113.655716552748 36.798690795898 -67507.523115234377
301113.655716552748 36.307903289795 -67507.523115234377
301113.655716552748 35.817119598389 -67507.523115234377
301113.655716552748 35.326335906982 -67507.523115234377
301113.655716552748 34.835548400879 -67507.523115234377
301113.655716552748 34.344764709473 -67507.523115234377
301113.655716552748 33.853977203369 -67507.523115234377
301113.655716552748 33.363193511963 -67507.523115234377
301113.655716552748 32.872409820557 -67507.523115234377
301113.655716552748 32.381622314453 -67507.523115234377
301113.655716552748 31.890840530396 -67507.523115234377
301113.655716552748 31.400054931641 -67507.523115234377
301113.655716552748 30.909269332886 -67507.523115234377
301113.655716552748 30.418485641479 -67507.523115234377
301113.655716552748 29.927701950073 -67507.523115234377
301113.655716552748 29.436914443970 -67507.523115234377
301113.655716552748 28.946130752563 -67507.523115234377
301113.655716552748 28.455345153809 -67507.523115234377
301113.655716552748 27.964561462402 -67507.523115234377
301113.655716552748 27.473777770996 -67507.523115234377
301113.655716552748 26.982990264893 -67507.523115234377
301113.655716552748 26.492206573486 -67507.523115234377
301113.655716552748 26.001422882080 -67507.523115234377
301113.655716552748 25.510635375977 -67507.523115234377
301113.655716552748 25.019851684570 -67507.523115234377
301113.655716552748 24.529067993164 -67507.523115234377
301113.655716552748 24.038282394409 -67507.523115234377
301113.655716552748 23.547498703003 -67507.523115234377
301113.655716552748 23.056711196899 -67507.523115234377
301113.655716552748 22.565927505493 -67507.523115234377
301113.655716552748 22.075143814087 -67507.523115234377
301113.655716552748 21.584356307983 -67507.523115234377
301113.655716552748 21.093572616577 -67507.523115234377
301113.655716552748 20.602788925171 -67507.523115234377
301113.655716552748 20.112003326416 -67507.523115234377
301113.655716552748 19.621219635010 -67507.523115234377
301113.655716552748 19.130434036255 -67507.523115234377
301113.655716552748 18.639648437500 -67507.523115234377
301113.655716552748 18.148864746094 -67507.523115234377
301113.655716552748 17.658079147339 -67507.523115234377
301113.655716552748 17.167293548584 -67507.523115234377
301113.655716552748 16.676509857178 -67507.523115234377
301113.655716552748 16.185724258423 -67507.523115234377
301113.655716552748 15.694939613342 -67507.523115234377
301113.655716552748 15.204154968262 -67507.523115234377
301113.655716552748 14.713369369507 -67507.523115234377
301113.655716552748 14.222585678101 -67507.523115234377
301113.655716552748 13.731800079346 -67507.523115234377
301113.655716552748 13.241015434265 -67507.523115234377
301113.641861572280 87.840316772461 -67507.603925781252
301113.641861572280 87.349525451660 -67507.603925781252
301113.641861572280 86.858749389648 -67507.603925781252
301113.641861572280 86.367958068848 -67507.603925781252
301113.641861572280 85.877174377441 -67507.603925781252
301113.641861572280 85.386390686035 -67507.603925781252
301113.641861572280 84.895599365234 -67507.603925781252
301113.641861572280 84.404823303223 -67507.603925781252
301113.641861572280 83.914031982422 -67507.603925781252
301113.641861572280 83.423255920410 -67507.603925781252
301113.641861572280 82.932464599609 -67507.603925781252
301113.641861572280 82.441673278809 -67507.603925781252
301113.641861572280 81.950897216797 -67507.603925781252
301113.641861572280 81.460105895996 -67507.603925781252
301113.641861572280 80.969329833984 -67507.603925781252
301113.641861572280 80.478538513184 -67507.603925781252
301113.641861572280 79.987754821777 -67507.603925781252
301113.641861572280 79.496971130371 -67507.603925781252
301113.641861572280 79.006179809570 -67507.603925781252
301113.641861572280 78.515403747559 -67507.603925781252
301113.641861572280 78.024612426758 -67507.603925781252
301113.641861572280 77.533828735352 -67507.603925781252
301113.641861572280 77.043045043945 -67507.603925781252
301113.641861572280 76.552261352539 -67507.603925781252
301113.641861572280 76.061477661133 -67507.603925781252
301113.641861572280 75.570693969727 -67507.603925781252
301113.641861572280 75.079910278320 -67507.603925781252
301113.641861572280 74.589118957520 -67507.603925781252
301113.641861572280 74.098335266113 -67507.603925781252
301113.641861572280 73.607551574707 -67507.603925781252
301113.641861572280 73.116767883301 -67507.603925781252
301113.641861572280 72.625984191895 -67507.603925781252
301113.641861572280 72.135200500488 -67507.603925781252
301113.641861572280 71.644416809082 -67507.603925781252
301113.641861572280 71.153633117676 -67507.603925781252
301113.641861572280 70.662841796875 -67507.603925781252
301113.641861572280 70.172058105469 -67507.603925781252
301113.641861572280 69.681274414063 -67507.603925781252
301113.641861572280 69.190490722656 -67507.603925781252
301113.641861572280 68.699707031250 -67507.603925781252
301113.641861572280 68.208923339844 -67507.603925781252
301113.641861572280 67.718132019043 -67507.603925781252
301113.641861572280 67.227348327637 -67507.603925781252
301113.641861572280 66.736564636230 -67507.603925781252
301113.641861572280 66.245780944824 -67507.603925781252
301113.641861572280 65.754997253418 -67507.603925781252
301113.641861572280 65.264205932617 -67507.603925781252
301113.641861572280 64.773422241211 -67507.603925781252
301113.641861572280 64.282638549805 -67507.603925781252
301113.641861572280 63.791854858398 -67507.603925781252
301113.641861572280 63.301071166992 -67507.603925781252
301113.641861572280 62.810287475586 -67507.603925781252
301113.641861572280 62.319499969482 -67507.603925781252
301113.641861572280 61.828716278076 -67507.603925781252
301113.641861572280 61.337932586670 -67507.603925781252
301113.641861572280 60.847148895264 -67507.603925781252
301113.641861572280 60.356361389160 -67507.603925781252
301113.641861572280 59.865573883057 -67507.603925781252
301113.641861572280 59.374790191650 -67507.603925781252
301113.641861572280 58.884006500244 -67507.603925781252
301113.641861572280 58.393222808838 -67507.603925781252
301113.641861572280 57.902439117432 -67507.603925781252
301113.641861572280 57.411655426025 -67507.603925781252
301113.641861572280 56.920864105225 -67507.603925781252
301113.641861572280 56.430080413818 -67507.603925781252
301113.641861572280 55.939296722412 -67507.603925781252
301113.641861572280 55.448513031006 -67507.603925781252
301113.641861572280 54.957729339600 -67507.603925781252
301113.641861572280 54.466941833496 -67507.603925781252
301113.641861572280 53.976158142090 -67507.603925781252
301113.641861572280 53.485374450684 -67507.603925781252
301113.641861572280 52.994590759277 -67507.603925781252
301113.641861572280 52.503807067871 -67507.603925781252
301113.641861572280 52.013015747070 -67507.603925781252
301113.641861572280 51.522232055664 -67507.603925781252
301113.641861572280 51.031448364258 -67507.603925781252
301113.641861572280 50.540664672852 -67507.603925781252
301113.641861572280 50.049880981445 -67507.603925781252
301113.641861572280 49.559097290039 -67507.603925781252
301113.641861572280 49.068305969238 -67507.603925781252
301113.641861572280 48.577522277832 -67507.603925781252
301113.641861572280 48.086738586426 -67507.603925781252
301113.641861572280 47.595954895020 -67507.603925781252
301113.641861572280 47.105171203613 -67507.603925781252
301113.641861572280 46.614383697510 -67507.603925781252
301113.641861572280 46.123600006104 -67507.603925781252
301113.641861572280 45.632816314697 -67507.603925781252
301113.641861572280 45.142032623291 -67507.603925781252
301113.641861572280 44.651248931885 -67507.603925781252
301113.641861572280 44.160461425781 -67507.603925781252
301113.641861572280 43.669673919678 -67507.603925781252
301113.641861572280 43.178890228271 -67507.603925781252
301113.641861572280 42.688106536865 -67507.603925781252
301113.641861572280 42.197322845459 -67507.603925781252
301113.641861572280 41.706539154053 -67507.603925781252
301113.641861572280 41.215751647949 -67507.603925781252
301113.641861572280 40.724964141846 -67507.603925781252
301113.641861572280 40.234180450439 -67507.603925781252
301113.641861572280 39.743396759033 -67507.603925781252
301113.641861572280 39.252613067627 -67507.603925781252
301113.641861572280 38.761829376221 -67507.603925781252
301113.641861572280 38.271041870117 -67507.603925781252
301113.641861572280 37.780258178711 -67507.603925781252
301113.641861572280 37.289474487305 -67507.603925781252
301113.641861572280 36.798690795898 -67507.603925781252
301113.641861572280 36.307903289795 -67507.603925781252
301113.641861572280 35.817119598389 -67507.603925781252
301113.641861572280 35.326335906982 -67507.603925781252
301113.641861572280 34.835548400879 -67507.603925781252
301113.641861572280 34.344764709473 -67507.603925781252
301113.641861572280 33.853977203369 -67507.603925781252
301113.641861572280 33.363193511963 -67507.603925781252
301113.641861572280 32.872409820557 -67507.603925781252
301113.641861572280 32.381622314453 -67507.603925781252
301113.641861572280 31.890840530396 -67507.603925781252
301113.641861572280 31.400054931641 -67507.603925781252
301113.641861572280 30.909269332886 -67507.603925781252
301113.641861572280 30.418485641479 -67507.603925781252
301113.641861572280 29.927701950073 -67507.603925781252
301113.641861572280 29.436914443970 -67507.603925781252
301113.641861572280 28.946130752563 -67507.603925781252
301113.641861572280 28.455345153809 -67507.603925781252
301113.641861572280 27.964561462402 -67507.603925781252
301113.641861572280 27.473777770996 -67507.603925781252
301113.641861572280 26.982990264893 -67507.603925781252
301113.641861572280 26.492206573486 -67507.603925781252
301113.641861572280 26.001422882080 -67507.603925781252
301113.641861572280 25.510635375977 -67507.603925781252
301113.641861572280 25.019851684570 -67507.603925781252
301113.641861572280 24.529067993164 -67507.603925781252
301113.641861572280 24.038282394409 -67507.603925781252
301113.641861572280 23.547498703003 -67507.603925781252
301113.641861572280 23.056711196899 -67507.603925781252
301113.641861572280 22.565927505493 -67507.603925781252
301113.641861572280 22.075143814087 -67507.603925781252
301113.641861572280 21.584356307983 -67507.603925781252
301113.641861572280 21.093572616577 -67507.603925781252
301113.641861572280 20.602788925171 -67507.603925781252
301113.641861572280 20.112003326416 -67507.603925781252
301113.641861572280 19.621219635010 -67507.603925781252
301113.641861572280 19.130434036255 -67507.603925781252
301113.641861572280 18.639648437500 -67507.603925781252
301113.641861572280 18.148864746094 -67507.603925781252
301113.641861572280 17.658079147339 -67507.603925781252
301113.641861572280 17.167293548584 -67507.603925781252
301113.641861572280 16.676509857178 -67507.603925781252
301113.641861572280 16.185724258423 -67507.603925781252
301113.641861572280 15.694939613342 -67507.603925781252
301113.641861572280 15.204154968262 -67507.603925781252
301113.641861572280 14.713369369507 -67507.603925781252
301113.641861572280 14.222585678101 -67507.603925781252
301113.641861572280 13.731800079346 -67507.603925781252
301113.641861572280 13.241015434265 -67507.603925781252
301113.641861572280 87.840316772461 -67507.603925781252
301113.641861572280 82.867027282715 -67507.603925781252
301113.641861572280 77.893737792969 -67507.603925781252
301113.641861572280 72.920455932617 -67507.603925781252
301113.641861572280 67.947166442871 -67507.603925781252
301113.641861572280 62.973880767822 -67507.603925781252
301113.641861572280 58.000595092773 -67507.603925781252
301113.641861572280 53.027309417725 -67507.603925781252
301113.641861572280 48.054019927979 -67507.603925781252
301113.641861572280 43.080734252930 -67507.603925781252
301113.641861572280 38.107448577881 -67507.603925781252
301113.641861572280 33.134162902832 -67507.603925781252
301113.641861572280 28.160875320435 -67507.603925781252
301113.641861572280 23.187589645386 -67507.603925781252
301113.641861572280 18.214302062988 -67507.603925781252
301113.641861572280 13.241015434265 -67507.603925781252
301113.504746093764 87.840316772461 -67508.465864257814
301113.504746093764 82.867027282715 -67508.465864257814
301113.504746093764 77.893737792969 -67508.465864257814
301113.504746093764 72.920455932617 -67508.465864257814
301113.504746093764 67.947166442871 -67508.465864257814
301113.504746093764 62.973880767822 -67508.465864257814
301113.504746093764 58.000595092773 -67508.465864257814
301113.504746093764 53.027309417725 -67508.465864257814
301113.504746093764 48.054019927979 -67508.465864257814
301113.504746093764 43.080734252930 -67508.465864257814
301113.504746093764 38.107448577881 -67508.465864257814
301113.504746093764 33.134162902832 -67508.465864257814
301113.504746093764 28.160875320435 -67508.465864257814
301113.504746093764 23.187589645386 -67508.465864257814
301113.504746093764 18.214302062988 -67508.465864257814
301113.504746093764 13.241015434265 -67508.465864257814
301113.367661132826 87.840316772461 -67509.327802734377
301113.367661132826 82.867027282715 -67509.327802734377
301113.367661132826 77.893737792969 -67509.327802734377
301113.367661132826 72.920455932617 -67509.327802734377
301113.367661132826 67.947166442871 -67509.327802734377
301113.367661132826 62.973880767822 -67509.327802734377
301113.367661132826 58.000595092773 -67509.327802734377
301113.367661132826 53.027309417725 -67509.327802734377
301113.367661132826 48.054019927979 -67509.327802734377
301113.367661132826 43.080734252930 -67509.327802734377
301113.367661132826 38.107448577881 -67509.327802734377
301113.367661132826 33.134162902832 -67509.327802734377
301113.367661132826 28.160875320435 -67509.327802734377
301113.367661132826 23.187589645386 -67509.327802734377
301113.367661132826 18.214302062988 -67509.327802734377
301113.367661132826 13.241015434265 -67509.327802734377
301113.367661132826 87.840316772461 -67509.327802734377
301113.367661132826 81.058563232422 -67509.327802734377
301113.367661132826 74.276809692383 -67509.327802734377
301113.367661132826 67.495048522949 -67509.327802734377
301113.367661132826 60.713294982910 -67509.327802734377
301113.367661132826 53.931541442871 -67509.327802734377
301113.367661132826 47.149787902832 -67509.327802734377
301113.367661132826 40.368034362793 -67509.327802734377
301113.367661132826 33.586277008057 -67509.327802734377
301113.367661132826 26.804525375366 -67509.327802734377
301113.367661132826 20.022768020630 -67509.327802734377
301113.367661132826 13.241015434265 -67509.327802734377
301113.182877197280 87.840316772461 -67510.490095214845
301113.182877197280 81.058563232422 -67510.490095214845
301113.182877197280 74.276809692383 -67510.490095214845
301113.182877197280 67.495048522949 -67510.490095214845
301113.182877197280 60.713294982910 -67510.490095214845
301113.182877197280 53.931541442871 -67510.490095214845
301113.182877197280 47.149787902832 -67510.490095214845
301113.182877197280 40.368034362793 -67510.490095214845
301113.182877197280 33.586277008057 -67510.490095214845
301113.182877197280 26.804525375366 -67510.490095214845
301113.182877197280 20.022768020630 -67510.490095214845
301113.182877197280 13.241015434265 -67510.490095214845
301107.647354736342 13.241015434265 -67513.602888183595
301107.647354736342 50.540664672852 -67513.602888183595
301107.647354736342 87.840316772461 -67513.602888183595
301113.182877197280 13.241015434265 -67510.490095214845
301113.182877197280 50.540664672852 -67510.490095214845
301113.182877197280 87.840316772461 -67510.490095214845
301106.771164550795 13.241015434265 -67514.095563964845
301106.771164550795 18.979423522949 -67514.095563964845
301106.771164550795 24.717830657959 -67514.095563964845
301106.771164550795 30.456239700317 -67514.095563964845
301106.771164550795 36.194644927979 -67514.095563964845
301106.771164550795 41.933055877686 -67514.095563964845
301106.771164550795 47.671459197998 -67514.095563964845
301106.771164550795 53.409866333008 -67514.095563964845
301106.771164550795 59.148273468018 -67514.095563964845
301106.771164550795 64.886680603027 -67514.095563964845
301106.771164550795 70.625091552734 -67514.095563964845
301106.771164550795 76.363494873047 -67514.095563964845
301106.771164550795 82.101898193359 -67514.095563964845
301106.771164550795 87.840316772461 -67514.095563964845
301107.647354736342 13.241015434265 -67513.602888183595
301107.647354736342 18.979423522949 -67513.602888183595
301107.647354736342 24.717830657959 -67513.602888183595
301107.647354736342 30.456239700317 -67513.602888183595
301107.647354736342 36.194644927979 -67513.602888183595
301107.647354736342 41.933055877686 -67513.602888183595
301107.647354736342 47.671459197998 -67513.602888183595
301107.647354736342 53.409866333008 -67513.602888183595
301107.647354736342 59.148273468018 -67513.602888183595
301107.647354736342 64.886680603027 -67513.602888183595
301107.647354736342 70.625091552734 -67513.602888183595
301107.647354736342 76.363494873047 -67513.602888183595
301107.647354736342 82.101898193359 -67513.602888183595
301107.647354736342 87.840316772461 -67513.602888183595
301105.106278076186 13.241015434265 -67513.662031250002
301105.106278076186 22.565927505493 -67513.662031250002
301105.106278076186 31.890840530396 -67513.662031250002
301105.106278076186 41.215751647949 -67513.662031250002
301105.106278076186 50.540664672852 -67513.662031250002
301105.106278076186 59.865573883057 -67513.662031250002
301105.106278076186 69.190490722656 -67513.662031250002
301105.106278076186 78.515403747559 -67513.662031250002
301105.106278076186 87.840316772461 -67513.662031250002
301106.771164550795 13.241015434265 -67514.095563964845
301106.771164550795 22.565927505493 -67514.095563964845
301106.771164550795 31.890840530396 -67514.095563964845
301106.771164550795 41.215751647949 -67514.095563964845
301106.771164550795 50.540664672852 -67514.095563964845
301106.771164550795 59.865573883057 -67514.095563964845
301106.771164550795 69.190490722656 -67514.095563964845
301106.771164550795 78.515403747559 -67514.095563964845
301106.771164550795 87.840316772461 -67514.095563964845
301105.106278076186 87.840316772461 -67513.662031250002
301105.106278076186 77.183273315430 -67513.662031250002
301105.106278076186 66.526229858398 -67513.662031250002
301105.106278076186 55.869186401367 -67513.662031250002
301105.106278076186 45.212142944336 -67513.662031250002
301105.106278076186 34.555099487305 -67513.662031250002
301105.106278076186 23.898057937622 -67513.662031250002
301105.106278076186 13.241015434265 -67513.662031250002
301104.625778808608 87.840316772461 -67515.493574218752
301104.625778808608 77.183273315430 -67515.493574218752
301104.625778808608 66.526229858398 -67515.493574218752
301104.625778808608 55.869186401367 -67515.493574218752
301104.625778808608 45.212142944336 -67515.493574218752
301104.625778808608 34.555099487305 -67515.493574218752
301104.625778808608 23.898057937622 -67515.493574218752
301104.625778808608 13.241015434265 -67515.493574218752
301100.366104736342 13.241015434265 -67517.888959960939
301100.366104736342 38.107448577881 -67517.888959960939
301100.366104736342 62.973880767822 -67517.888959960939
301100.366104736342 87.840316772461 -67517.888959960939
301104.625778808608 13.241015434265 -67515.493574218752
301104.625778808608 38.107448577881 -67515.493574218752
301104.625778808608 62.973880767822 -67515.493574218752
301104.625778808608 87.840316772461 -67515.493574218752
301098.278488769545 13.241015434265 -67517.501447753908
301098.278488769545 25.674230575562 -67517.501447753908
301098.278488769545 38.107448577881 -67517.501447753908
301098.278488769545 50.540664672852 -67517.501447753908
301098.278488769545 62.973880767822 -67517.501447753908
301098.278488769545 75.407096862793 -67517.501447753908
301098.278488769545 87.840316772461 -67517.501447753908
301100.366104736342 13.241015434265 -67517.888959960939
301100.366104736342 25.674230575562 -67517.888959960939
301100.366104736342 38.107448577881 -67517.888959960939
301100.366104736342 50.540664672852 -67517.888959960939
301100.366104736342 62.973880767822 -67517.888959960939
301100.366104736342 75.407096862793 -67517.888959960939
301100.366104736342 87.840316772461 -67517.888959960939
301098.278488769545 87.840316772461 -67517.501447753908
301098.278488769545 77.183273315430 -67517.501447753908
301098.278488769545 66.526229858398 -67517.501447753908
301098.278488769545 55.869186401367 -67517.501447753908
301098.278488769545 45.212142944336 -67517.501447753908
301098.278488769545 34.555099487305 -67517.501447753908
301098.278488769545 23.898057937622 -67517.501447753908
301098.278488769545 13.241015434265 -67517.501447753908
301097.798508300795 87.840316772461 -67519.332746582033
301097.798508300795 77.183273315430 -67519.332746582033
301097.798508300795 66.526229858398 -67519.332746582033
301097.798508300795 55.869186401367 -67519.332746582033
301097.798508300795 45.212142944336 -67519.332746582033
301097.798508300795 34.555099487305 -67519.332746582033
301097.798508300795 23.898057937622 -67519.332746582033
301097.798508300795 13.241015434265 -67519.332746582033
301093.459976806655 13.241015434265 -67521.772565917970
301093.459976806655 38.107448577881 -67521.772565917970
301093.459976806655 62.973880767822 -67521.772565917970
301093.459976806655 87.840316772461 -67521.772565917970
301097.798508300795 13.241015434265 -67519.332746582033
301097.798508300795 38.107448577881 -67519.332746582033
301097.798508300795 62.973880767822 -67519.332746582033
301097.798508300795 87.840316772461 -67519.332746582033
301091.690415039076 13.241015434265 -67521.206159667970
301091.690415039076 23.898057937622 -67521.206159667970
301091.690415039076 34.555099487305 -67521.206159667970
301091.690415039076 45.212142944336 -67521.206159667970
301091.690415039076 55.869186401367 -67521.206159667970
301091.690415039076 66.526229858398 -67521.206159667970
301091.690415039076 77.183273315430 -67521.206159667970
301091.690415039076 87.840316772461 -67521.206159667970
301093.459976806655 13.241015434265 -67521.772565917970
301093.459976806655 23.898057937622 -67521.772565917970
301093.459976806655 34.555099487305 -67521.772565917970
301093.459976806655 45.212142944336 -67521.772565917970
301093.459976806655 55.869186401367 -67521.772565917970
301093.459976806655 66.526229858398 -67521.772565917970
301093.459976806655 77.183273315430 -67521.772565917970
301093.459976806655 87.840316772461 -67521.772565917970
301091.690415039076 87.840316772461 -67521.206159667970
301091.690415039076 77.183273315430 -67521.206159667970
301091.690415039076 66.526229858398 -67521.206159667970
301091.690415039076 55.869186401367 -67521.206159667970
301091.690415039076 45.212142944336 -67521.206159667970
301091.690415039076 34.555099487305 -67521.206159667970
301091.690415039076 23.898057937622 -67521.206159667970
301091.690415039076 13.241015434265 -67521.206159667970
301091.109329833998 87.840316772461 -67523.094343261720
301091.109329833998 77.183273315430 -67523.094343261720
301091.109329833998 66.526229858398 -67523.094343261720
301091.109329833998 55.869186401367 -67523.094343261720
301091.109329833998 45.212142944336 -67523.094343261720
301091.109329833998 34.555099487305 -67523.094343261720
301091.109329833998 23.898057937622 -67523.094343261720
301091.109329833998 13.241015434265 -67523.094343261720
301085.072220458998 13.241015434265 -67526.489179687502
301085.072220458998 50.540664672852 -67526.489179687502
301085.072220458998 87.840316772461 -67526.489179687502
301091.109329833998 13.241015434265 -67523.094343261720
301091.109329833998 50.540664672852 -67523.094343261720
301091.109329833998 87.840316772461 -67523.094343261720
301081.751053466811 13.241015434265 -67525.535139160158
301081.751053466811 31.890840530396 -67525.535139160158
301081.751053466811 50.540664672852 -67525.535139160158
301081.751053466811 69.190490722656 -67525.535139160158
301081.751053466811 87.840316772461 -67525.535139160158
301085.072220458998 13.241015434265 -67526.489179687502
301085.072220458998 31.890840530396 -67526.489179687502
301085.072220458998 50.540664672852 -67526.489179687502
301085.072220458998 69.190490722656 -67526.489179687502
301085.072220458998 87.840316772461 -67526.489179687502
301081.689255371108 13.241015434265 -67525.517377929689
301081.689255371108 13.613834381104 -67525.517377929689
301081.689255371108 13.986652374268 -67525.517377929689
301081.689255371108 14.359470367432 -67525.517377929689
301081.689255371108 14.732289314270 -67525.517377929689
301081.689255371108 15.105107307434 -67525.517377929689
301081.689255371108 15.477925300598 -67525.517377929689
301081.689255371108 15.850744247437 -67525.517377929689
301081.689255371108 16.223562240601 -67525.517377929689
301081.689255371108 16.596380233765 -67525.517377929689
301081.689255371108 16.969200134277 -67525.517377929689
301081.689255371108 17.342018127441 -67525.517377929689
301081.689255371108 17.714836120605 -67525.517377929689
301081.689255371108 18.087654113770 -67525.517377929689
301081.689255371108 18.460472106934 -67525.517377929689
301081.689255371108 18.833292007446 -67525.517377929689
301081.689255371108 19.206110000610 -67525.517377929689
301081.689255371108 19.578927993774 -67525.517377929689
301081.689255371108 19.951745986938 -67525.517377929689
301081.689255371108 20.324563980103 -67525.517377929689
301081.689255371108 20.697383880615 -67525.517377929689
301081.689255371108 21.070199966431 -67525.517377929689
301081.689255371108 21.443019866943 -67525.517377929689
301081.689255371108 21.815837860107 -67525.517377929689
301081.689255371108 22.188655853271 -67525.517377929689
301081.751053466811 13.241015434265 -67525.535139160158
301081.751053466811 13.613834381104 -67525.535139160158
301081.751053466811 13.986652374268 -67525.535139160158
301081.751053466811 14.359470367432 -67525.535139160158
301081.751053466811 14.732289314270 -67525.535139160158
301081.751053466811 15.105107307434 -67525.535139160158
301081.751053466811 15.477925300598 -67525.535139160158
301081.751053466811 15.850744247437 -67525.535139160158
301081.751053466811 16.223562240601 -67525.535139160158
301081.751053466811 16.596380233765 -67525.535139160158
301081.751053466811 16.969200134277 -67525.535139160158
301081.751053466811 17.342018127441 -67525.535139160158
301081.751053466811 17.714836120605 -67525.535139160158
301081.751053466811 18.087654113770 -67525.535139160158
301081.751053466811 18.460472106934 -67525.535139160158
301081.751053466811 18.833292007446 -67525.535139160158
301081.751053466811 19.206110000610 -67525.535139160158
301081.751053466811 19.578927993774 -67525.535139160158
301081.751053466811 19.951745986938 -67525.535139160158
301081.751053466811 20.324563980103 -67525.535139160158
301081.751053466811 20.697383880615 -67525.535139160158
301081.751053466811 21.070199966431 -67525.535139160158
301081.751053466811 21.443019866943 -67525.535139160158
301081.751053466811 21.815837860107 -67525.535139160158
301081.751053466811 22.188655853271 -67525.535139160158
301078.180832519545 13.241015434265 -67524.934980468752
301078.180832519545 22.188655853271 -67524.934980468752
301081.689255371108 13.241015434265 -67525.517377929689
301081.689255371108 22.188655853271 -67525.517377929689
301072.391556396498 13.241015434265 -67514.639814453127
301072.391556396498 22.188655853271 -67514.639814453127
301075.286179199233 13.241015434265 -67519.787397460939
301075.286179199233 22.188655853271 -67519.787397460939
301078.180832519545 13.241015434265 -67524.934980468752
301078.180832519545 22.188655853271 -67524.934980468752
301060.800583496108 13.241015434265 -67521.157758789064
301060.800583496108 22.188655853271 -67521.157758789064
301072.391556396498 13.241015434265 -67514.639814453127
301072.391556396498 22.188655853271 -67514.639814453127
301060.800583496108 22.188655853271 -67521.157758789064
301060.800583496108 21.070199966431 -67521.157758789064
301060.800583496108 19.951745986938 -67521.157758789064
301060.800583496108 18.833292007446 -67521.157758789064
301060.800583496108 17.714836120605 -67521.157758789064
301060.800583496108 16.596380233765 -67521.157758789064
301060.800583496108 15.477925300598 -67521.157758789064
301060.800583496108 14.359470367432 -67521.157758789064
301060.800583496108 13.241015434265 -67521.157758789064
301060.747666015639 22.188655853271 -67521.352888183595
301060.747666015639 21.070199966431 -67521.352888183595
301060.747666015639 19.951745986938 -67521.352888183595
301060.747666015639 18.833292007446 -67521.352888183595
301060.747666015639 17.714836120605 -67521.352888183595
301060.747666015639 16.596380233765 -67521.352888183595
301060.747666015639 15.477925300598 -67521.352888183595
301060.747666015639 14.359470367432 -67521.352888183595
301060.747666015639 13.241015434265 -67521.352888183595
301060.747666015639 22.188655853271 -67521.352888183595
301060.747666015639 13.241015434265 -67521.352888183595
301059.764664306655 22.188655853271 -67524.974287109377
301059.764664306655 13.241015434265 -67524.974287109377
301059.764664306655 22.188655853271 -67524.974287109377
301059.764664306655 13.241015434265 -67524.974287109377
301072.955856933608 22.188655853271 -67548.432294921877
301072.955856933608 13.241015434265 -67548.432294921877
301072.955856933608 22.188655853271 -67548.432294921877
301072.955856933608 13.241015434265 -67548.432294921877
301079.015549316420 22.188655853271 -67550.022626953127
301079.015549316420 13.241015434265 -67550.022626953127
301079.015549316420 22.188655853271 -67550.022626953127
301079.015549316420 13.241015434265 -67550.022626953127
301085.825058593764 22.188655853271 -67546.193403320314
301085.825058593764 13.241015434265 -67546.193403320314
301092.634628906264 22.188655853271 -67542.364240722658
301092.634628906264 13.241015434265 -67542.364240722658
301092.634628906264 22.188655853271 -67542.364240722658
301092.634628906264 13.241015434265 -67542.364240722658
301120.015061035170 22.188655853271 -67526.967329101564
301120.015061035170 13.241015434265 -67526.967329101564
301113.669571533217 21.988821029663 -67507.442304687502
301113.669571533217 43.939319610596 -67507.442304687502
301113.669571533217 65.889816284180 -67507.442304687502
301113.669571533217 87.840316772461 -67507.442304687502
301118.315201416030 21.988821029663 -67508.948041992189
301118.315201416030 43.939319610596 -67508.948041992189
301118.315201416030 65.889816284180 -67508.948041992189
301118.315201416030 87.840316772461 -67508.948041992189
301118.315201416030 21.988821029663 -67508.948041992189
301118.315201416030 43.939319610596 -67508.948041992189
301118.315201416030 65.889816284180 -67508.948041992189
301118.315201416030 87.840316772461 -67508.948041992189
301120.229324951186 21.988821029663 -67512.429792480470
301120.229324951186 43.939319610596 -67512.429792480470
301120.229324951186 65.889816284180 -67512.429792480470
301120.229324951186 87.840316772461 -67512.429792480470
301122.143417968764 21.988821029663 -67515.911481933595
301122.143417968764 43.939319610596 -67515.911481933595
301122.143417968764 65.889816284180 -67515.911481933595
301122.143417968764 87.840316772461 -67515.911481933595
301122.143417968764 21.988821029663 -67515.911481933595
301122.143417968764 35.159118652344 -67515.911481933595
301122.143417968764 48.329418182373 -67515.911481933595
301122.143417968764 61.499717712402 -67515.911481933595
301122.143417968764 74.670013427734 -67515.911481933595
301122.143417968764 87.840316772461 -67515.911481933595
301124.491593017592 21.988821029663 -67516.410871582033
301124.491593017592 35.159118652344 -67516.410871582033
301124.491593017592 48.329418182373 -67516.410871582033
301124.491593017592 61.499717712402 -67516.410871582033
301124.491593017592 74.670013427734 -67516.410871582033
301124.491593017592 87.840316772461 -67516.410871582033
301124.491593017592 21.988821029663 -67516.410871582033
301124.491593017592 22.188655853271 -67516.410871582033
301125.403000488295 21.988821029663 -67515.868513183595
301125.403000488295 22.188655853271 -67515.868513183595
301126.314468994155 21.988821029663 -67515.326154785158
301126.314468994155 22.188655853271 -67515.326154785158
301127.225876464858 21.988821029663 -67514.783796386720
301127.225876464858 22.188655853271 -67514.783796386720
301128.137314453139 21.988821029663 -67514.241499023439
301128.137314453139 22.188655853271 -67514.241499023439
301129.048782958998 21.988821029663 -67513.699079589845
301129.048782958998 22.188655853271 -67513.699079589845
301129.960190429701 21.988821029663 -67513.156721191408
301129.960190429701 22.188655853271 -67513.156721191408
301130.871658935561 21.988821029663 -67512.614423828127
301130.871658935561 22.188655853271 -67512.614423828127
301107.342301025405 98.777992248535 -67523.003706054689
301107.342301025405 95.725227355957 -67523.003706054689
301109.936112060561 98.777992248535 -67527.616437988283
301109.936112060561 95.725227355957 -67527.616437988283
301102.110581054701 98.777992248535 -67525.945722656252
301102.110581054701 95.725227355957 -67525.945722656252
301107.342301025405 98.777992248535 -67523.003706054689
301107.342301025405 95.725227355957 -67523.003706054689
301102.110581054701 95.725227355957 -67525.945722656252
301102.110581054701 98.777992248535 -67525.945722656252
301104.704422607436 95.725227355957 -67530.558332519533
301104.704422607436 98.777992248535 -67530.558332519533
301104.704422607436 95.725227355957 -67530.558332519533
301104.704422607436 98.777992248535 -67530.558332519533
301109.936112060561 95.725227355957 -67527.616437988283
301109.936112060561 98.777992248535 -67527.616437988283
301101.695541992201 98.777992248535 -67525.829450683595
301101.695541992201 87.840316772461 -67525.829450683595
301103.203873291030 98.777992248535 -67528.511762695314
301103.203873291030 87.840316772461 -67528.511762695314
301101.695541992201 87.840316772461 -67525.829450683595
301101.695541992201 98.777992248535 -67525.829450683595
301107.458572998061 87.840316772461 -67522.588728027345
301107.458572998061 98.777992248535 -67522.588728027345
301107.458572998061 87.840316772461 -67522.588728027345
301107.458572998061 98.777992248535 -67522.588728027345
301110.351212158217 87.840316772461 -67527.732648925783
301110.351212158217 98.777992248535 -67527.732648925783
301124.491593017592 22.188655853271 -67516.410871582033
301124.491593017592 44.072544097900 -67516.410871582033
301124.491593017592 65.956428527832 -67516.410871582033
301124.491593017592 87.840316772461 -67516.410871582033
301123.100174560561 22.188655853271 -67521.322492675783
301123.100174560561 44.072544097900 -67521.322492675783
301123.100174560561 65.956428527832 -67521.322492675783
301123.100174560561 87.840316772461 -67521.322492675783
301111.600693359389 87.840316772461 -67527.820112304689
301111.600693359389 22.188655853271 -67527.820112304689
301123.100174560561 87.840316772461 -67521.322492675783
301123.100174560561 22.188655853271 -67521.322492675783
301110.351212158217 87.840316772461 -67527.732648925783
301110.351212158217 80.545677185059 -67527.732648925783
301110.351212158217 73.251052856445 -67527.732648925783
301110.351212158217 65.956428527832 -67527.732648925783
301110.351212158217 58.661796569824 -67527.732648925783
301110.351212158217 51.367172241211 -67527.732648925783
301110.351212158217 44.072544097900 -67527.732648925783
301110.351212158217 36.777912139893 -67527.732648925783
301110.351212158217 29.483283996582 -67527.732648925783
301110.351212158217 22.188655853271 -67527.732648925783
301111.600693359389 87.840316772461 -67527.820112304689
301111.600693359389 80.545677185059 -67527.820112304689
301111.600693359389 73.251052856445 -67527.820112304689
301111.600693359389 65.956428527832 -67527.820112304689
301111.600693359389 58.661796569824 -67527.820112304689
301111.600693359389 51.367172241211 -67527.820112304689
301111.600693359389 44.072544097900 -67527.820112304689
301111.600693359389 36.777912139893 -67527.820112304689
301111.600693359389 29.483283996582 -67527.820112304689
301111.600693359389 22.188655853271 -67527.820112304689
301104.588120117201 98.777992248535 -67530.973371582033
301104.588120117201 60.483322143555 -67530.973371582033
301104.588120117201 22.188655853271 -67530.973371582033
301110.351212158217 98.777992248535 -67527.732648925783
301110.351212158217 60.483322143555 -67527.732648925783
301110.351212158217 22.188655853271 -67527.732648925783
301103.203873291030 98.777992248535 -67528.511762695314
301103.203873291030 83.460128784180 -67528.511762695314
301103.203873291030 68.142257690430 -67528.511762695314
301103.203873291030 52.824390411377 -67528.511762695314
301103.203873291030 37.506523132324 -67528.511762695314
301103.203873291030 22.188655853271 -67528.511762695314
301104.588120117201 98.777992248535 -67530.973371582033
301104.588120117201 83.460128784180 -67530.973371582033
301104.588120117201 68.142257690430 -67530.973371582033
301104.588120117201 52.824390411377 -67530.973371582033
301104.588120117201 37.506523132324 -67530.973371582033
301104.588120117201 22.188655853271 -67530.973371582033
301098.301468505873 87.840316772461 -67531.265729980470
301098.301468505873 71.427398681641 -67531.265729980470
301098.301468505873 55.014484405518 -67531.265729980470
301098.301468505873 38.601570129395 -67531.265729980470
301098.301468505873 22.188655853271 -67531.265729980470
301100.752670898451 87.840316772461 -67529.888715820314
301100.752670898451 71.427398681641 -67529.888715820314
301100.752670898451 55.014484405518 -67529.888715820314
301100.752670898451 38.601570129395 -67529.888715820314
301100.752670898451 22.188655853271 -67529.888715820314
301103.203873291030 87.840316772461 -67528.511762695314
301103.203873291030 71.427398681641 -67528.511762695314
301103.203873291030 55.014484405518 -67528.511762695314
301103.203873291030 38.601570129395 -67528.511762695314
301103.203873291030 22.188655853271 -67528.511762695314
301098.301468505873 22.188655853271 -67531.265729980470
301098.301468505873 38.601570129395 -67531.265729980470
301098.301468505873 55.014484405518 -67531.265729980470
301098.301468505873 71.427398681641 -67531.265729980470
301098.301468505873 87.840316772461 -67531.265729980470
301099.917252197280 22.188655853271 -67534.139082031252
301099.917252197280 38.601570129395 -67534.139082031252
301099.917252197280 55.014484405518 -67534.139082031252
301099.917252197280 71.427398681641 -67534.139082031252
301099.917252197280 87.840316772461 -67534.139082031252
301088.737473144545 87.840316772461 -67540.425764160158
301088.737473144545 55.014484405518 -67540.425764160158
301088.737473144545 22.188655853271 -67540.425764160158
301094.327408447280 87.840316772461 -67537.282392578127
301094.327408447280 55.014484405518 -67537.282392578127
301094.327408447280 22.188655853271 -67537.282392578127
301099.917252197280 87.840316772461 -67534.139082031252
301099.917252197280 55.014484405518 -67534.139082031252
301099.917252197280 22.188655853271 -67534.139082031252
301083.661850585951 87.840316772461 -67539.193891601564
301083.661850585951 65.956428527832 -67539.193891601564
301083.661850585951 44.072544097900 -67539.193891601564
301083.661850585951 22.188655853271 -67539.193891601564
301088.737473144545 87.840316772461 -67540.425764160158
301088.737473144545 65.956428527832 -67540.425764160158
301088.737473144545 44.072544097900 -67540.425764160158
301088.737473144545 22.188655853271 -67540.425764160158
301084.261734619155 87.840316772461 -67536.854475097658
301084.261734619155 74.709983825684 -67536.854475097658
301084.261734619155 61.579650878906 -67536.854475097658
301084.261734619155 48.449317932129 -67536.854475097658
301084.261734619155 35.318988800049 -67536.854475097658
301084.261734619155 22.188655853271 -67536.854475097658
301083.661850585951 87.840316772461 -67539.193891601564
301083.661850585951 74.709983825684 -67539.193891601564
301083.661850585951 61.579650878906 -67539.193891601564
301083.661850585951 48.449317932129 -67539.193891601564
301083.661850585951 35.318988800049 -67539.193891601564
301083.661850585951 22.188655853271 -67539.193891601564
301080.202591552748 87.840316772461 -67529.636030273439
301080.202591552748 55.014484405518 -67529.636030273439
301080.202591552748 22.188655853271 -67529.636030273439
301084.261734619155 87.840316772461 -67536.854475097658
301084.261734619155 55.014484405518 -67536.854475097658
301084.261734619155 22.188655853271 -67536.854475097658
301081.751053466811 87.840316772461 -67525.535139160158
301081.751053466811 65.956428527832 -67525.535139160158
301081.751053466811 44.072544097900 -67525.535139160158
301081.751053466811 22.188655853271 -67525.535139160158
301080.202591552748 87.840316772461 -67529.636030273439
301080.202591552748 65.956428527832 -67529.636030273439
301080.202591552748 44.072544097900 -67529.636030273439
301080.202591552748 22.188655853271 -67529.636030273439
301133.328659667983 0.000000000000 -67516.983137207033
301134.261948242201 0.000000000000 -67516.512861328127
301110.460129394545 0.000000000000 -67475.227644042970
301110.636948242201 0.000000000000 -67475.855573730470
301111.078934326186 0.000000000000 -67476.928449707033
301111.548325195326 0.000000000000 -67478.010541992189
301112.017624511733 0.000000000000 -67479.098676757814
301112.490128173842 0.000000000000 -67480.189863281252
301112.965622558608 0.000000000000 -67481.284040527345
301113.492935791030 0.000000000000 -67482.369123535158
301114.642014160170 0.000000000000 -67483.746870117189
301116.583603515639 0.000000000000 -67485.590925292970
301118.153336181655 0.000000000000 -67487.892133789064
301118.887894287123 0.000000000000 -67490.620100097658
301119.289230957045 0.000000000000 -67492.016645507814
301134.267288818373 0.000000000000 -67518.652265625002
301135.389786376967 0.000000000000 -67518.109968261720
301110.103562011733 0.000000000000 -67475.163679199220
301110.109635009780 0.000000000000 -67476.200056152345
301110.493637695326 0.000000000000 -67477.297285156252
301110.990524902358 0.000000000000 -67478.428144531252
301111.487320556655 0.000000000000 -67479.561933593752
301111.984146728530 0.000000000000 -67480.698835449220
301112.484024658217 0.000000000000 -67481.835737304689
301113.038742675795 0.000000000000 -67482.960432128908
301113.730637207045 0.000000000000 -67483.896223144533
301114.231644287123 0.000000000000 -67484.397138671877
301138.666336669936 0.000000000000 -67525.940351562502
301137.424545898451 0.000000000000 -67525.804365234377
301137.023453369155 0.000000000000 -67525.760419921877
301136.535996093764 0.000000000000 -67526.290388183595
301135.694595947280 0.000000000000 -67527.205244140627
301134.198959960951 0.000000000000 -67527.568891601564
301133.250076904311 0.000000000000 -67527.799604492189
301129.430893554701 0.000000000000 -67527.372846679689
301123.066696777358 0.000000000000 -67527.086286621095
301120.015213623061 0.000000000000 -67526.967023925783
301114.231644287123 0.000000000000 -67484.397138671877
301114.562729492201 0.000000000000 -67484.728315429689
301114.861435546889 0.000000000000 -67487.474531250002
301114.465225830092 0.000000000000 -67492.342207031252
301114.514023437514 0.000000000000 -67495.810834960939
301115.272904052748 0.000000000000 -67497.511579589845
301116.187302246108 0.000000000000 -67499.124006347658
301117.104843750014 0.000000000000 -67500.748579101564
301117.970413818373 0.000000000000 -67502.376203613283
301119.271927490248 0.000000000000 -67506.042951660158
301121.012314453139 0.000000000000 -67511.861555175783
301122.572891845717 0.000000000000 -67516.406110839845
301125.230820312514 0.000000000000 -67519.179853515627
301129.653397216811 0.000000000000 -67520.011945800783
301133.496872558608 0.000000000000 -67519.024335937502
301133.496872558608 0.000000000000 -67519.024335937502
301134.267288818373 0.000000000000 -67518.652265625002
301105.936142578139 0.000000000000 -67493.828107910158
301107.982163085951 0.000000000000 -67486.639448242189
301108.896561279311 0.000000000000 -67482.805036621095
301108.677017822280 0.000000000000 -67482.216718750002
301107.403031005873 0.000000000000 -67480.558637695314
301103.986160888686 0.000000000000 -67477.254682617189
301103.096359863295 0.000000000000 -67476.361677246095
301100.535874023451 0.000000000000 -67473.792097167970
301100.493149414076 0.000000000000 -67473.672285156252
301107.647537841811 0.000000000000 -67513.602521972658
301106.287430419936 0.000000000000 -67508.258894042970
301104.717758789076 0.000000000000 -67502.242109375002
301104.604935302748 0.000000000000 -67502.019575195314
301104.565354003920 0.000000000000 -67501.949506835939
301104.519669189467 0.000000000000 -67501.873273925783
301104.394638671889 0.000000000000 -67501.653913574220
301104.226944580092 0.000000000000 -67501.361311035158
301104.092850341811 0.000000000000 -67501.047285156252
301104.258133544936 0.000000000000 -67499.948957519533
301119.289230957045 0.000000000000 -67492.016645507814
301119.643814697280 0.000000000000 -67493.250532226564
301120.795914306655 0.000000000000 -67495.591413574220
301122.082199707045 0.000000000000 -67497.862104492189
301123.377609863295 0.000000000000 -67500.151228027345
301124.624191894545 0.000000000000 -67502.449384765627
301125.794602050795 0.000000000000 -67504.963972167970
301126.858383789076 0.000000000000 -67507.819990234377
301128.019699707045 0.000000000000 -67511.678754882814
301129.656479492201 0.000000000000 -67515.811872558595
301131.579666748061 0.000000000000 -67517.466840820314
301133.106766357436 0.000000000000 -67517.095075683595
301133.106766357436 0.000000000000 -67517.095075683595
301133.328659667983 0.000000000000 -67516.983137207033
301092.634781494155 0.000000000000 -67542.363874511720
301094.753800048842 0.000000000000 -67543.313886718752
301099.270950927748 0.000000000000 -67544.661054687502
301101.440964355483 0.000000000000 -67545.489301757814
301102.385941162123 0.000000000000 -67545.849897460939
301065.645462646498 0.000000000000 -67489.830610351564
301064.667069091811 0.000000000000 -67492.585981445314
301063.417465820326 0.000000000000 -67493.964033203127
301062.737656250014 0.000000000000 -67494.713605957033
301060.634567871108 0.000000000000 -67496.210065917970
301059.086166992201 0.000000000000 -67497.432416992189
301058.360672607436 0.000000000000 -67499.989667968752
301058.331375732436 0.000000000000 -67501.157575683595
301058.250961914076 0.000000000000 -67504.357404785158
301057.958389892592 0.000000000000 -67507.475568847658
301055.154190673842 0.000000000000 -67508.453962402345
301050.167709960951 0.000000000000 -67508.883649902345
301047.198898925795 0.000000000000 -67509.435346679689
301046.284470214858 0.000000000000 -67510.179060058595
301045.470688476576 0.000000000000 -67510.910688476564
301052.109268798842 0.000000000000 -67518.003339843752
301060.064560546889 0.000000000000 -67520.877546386720
301060.747849121108 0.000000000000 -67521.352521972658
301108.731949462905 0.000000000000 -67473.813459472658
301108.262558593764 0.000000000000 -67474.322431640627
301108.378342285170 0.000000000000 -67475.005170898439
301108.920914306655 0.000000000000 -67476.358564453127
301109.646347656264 0.000000000000 -67477.903852539064
301110.499741210951 0.000000000000 -67479.726545410158
301111.328812255873 0.000000000000 -67481.826643066408
301111.764725341811 0.000000000000 -67483.874860839845
301111.464432373061 0.000000000000 -67485.953229980470
301112.166702880873 0.000000000000 -67505.085249023439
301112.779617919936 0.000000000000 -67507.146406250002
301113.367844238295 0.000000000000 -67509.327436523439
301135.209763183608 0.000000000000 -67520.328413085939
301136.517441406264 0.000000000000 -67519.710249023439
301111.464432373061 0.000000000000 -67485.953229980470
301111.136826171889 0.000000000000 -67488.221296386720
301109.789627685561 0.000000000000 -67494.722700195314
301109.317154541030 0.000000000000 -67498.419904785158
301109.749924316420 0.000000000000 -67499.434919433595
301110.289444580092 0.000000000000 -67500.388898925783
301110.832016601576 0.000000000000 -67501.349104003908
301111.341019287123 0.000000000000 -67502.309187011720
301112.166702880873 0.000000000000 -67505.085249023439
301113.367844238295 0.000000000000 -67509.327436523439
301115.151016845717 0.000000000000 -67515.939863281252
301116.897507324233 0.000000000000 -67521.258527832033
301120.393601074233 0.000000000000 -67522.764326171877
301127.522873535170 0.000000000000 -67522.660627441408
301133.887070312514 0.000000000000 -67520.953718261720
301135.209763183608 0.000000000000 -67520.328413085939
301104.258133544936 0.000000000000 -67499.948957519533
301104.272751464858 0.000000000000 -67499.852521972658
301105.744858398451 0.000000000000 -67494.500227050783
301105.936142578139 0.000000000000 -67493.828107910158
301060.747849121108 0.000000000000 -67521.352521972658
301066.672623291030 0.000000000000 -67525.470930175783
301074.999710693373 0.000000000000 -67532.499616699220
301086.670487060561 0.000000000000 -67539.689802246095
301092.634781494155 0.000000000000 -67542.363874511720
301120.015213623061 0.000000000000 -67526.967023925783
301115.038193359389 0.000000000000 -67526.772443847658
301111.027023925795 0.000000000000 -67526.214643554689
301109.283646240248 0.000000000000 -67520.030256347658
301107.647537841811 0.000000000000 -67513.602521972658
301076.823044433608 0.000000000000 -67556.500166015627
301058.331314697280 0.000000000000 -67522.925642089845
301078.275314941420 0.000000000000 -67511.859296875002
301068.989548339858 0.000000000000 -67495.000654296877
301109.122818603530 0.000000000000 -67472.729963378908
301136.899643554701 0.000000000000 -67523.161848144533
301136.899643554701 0.000000000000 -67523.161848144533
301109.122818603530 0.000000000000 -67472.729963378908
301068.989548339858 0.000000000000 -67495.000654296877
301078.275314941420 0.000000000000 -67511.859296875002
301058.331314697280 0.000000000000 -67522.925642089845
301076.823044433608 0.000000000000 -67556.500166015627
301137.146958007826 0.000000000000 -67523.413923339845
301110.493515625014 0.000000000000 -67474.470563964845
301078.338822021498 0.000000000000 -67492.397504882814
301069.707230224623 0.000000000000 -67497.140119628908
301077.959427490248 0.000000000000 -67513.264875488283
301058.514755859389 0.000000000000 -67524.362531738283
301076.062302246108 0.000000000000 -67557.181135253908
301087.823990478530 0.000000000000 -67550.731245117189
301046.304978027358 0.000000000000 -67503.461713867189
301051.488999023451 0.000000000000 -67500.583723144533
301056.673996582045 0.000000000000 -67497.706708984377
301061.857956542983 0.000000000000 -67494.829694824220
301063.417465820326 0.000000000000 -67493.964033203127
301067.041947021498 0.000000000000 -67491.951704101564
301072.225937500014 0.000000000000 -67489.074689941408
301077.410904541030 0.000000000000 -67486.197736816408
301082.374893798842 0.000000000000 -67483.503706054689
301087.339890136733 0.000000000000 -67480.809736328127
301092.304886474623 0.000000000000 -67478.115766601564
301097.268875732436 0.000000000000 -67475.421796875002
301100.493149414076 0.000000000000 -67473.672285156252
301102.233841552748 0.000000000000 -67472.727766113283
301107.198837890639 0.000000000000 -67470.033796386720
301105.747818603530 0.000000000000 -67467.323774414064
301120.015213623061 0.000000000000 -67526.967023925783
301127.603500976576 0.000000000000 -67522.699934082033
301131.462296142592 0.000000000000 -67523.656049804689
301135.731156005873 0.000000000000 -67521.255537109377
301135.209763183608 0.000000000000 -67520.328413085939
301134.267288818373 0.000000000000 -67518.652265625002
301133.328659667983 0.000000000000 -67516.983137207033
301119.289230957045 0.000000000000 -67492.016645507814
301114.818833007826 0.000000000000 -67484.066938476564
301114.231644287123 0.000000000000 -67484.397138671877
301112.738815917983 0.000000000000 -67485.236616210939
301111.464432373061 0.000000000000 -67485.953229980470
301111.158157958998 0.000000000000 -67486.125410156252
301109.539536132826 0.000000000000 -67491.801923828127
301105.936142578139 0.000000000000 -67493.828107910158
301105.836228027358 0.000000000000 -67493.884321289064
301104.047745361342 0.000000000000 -67499.574812011720
301104.258133544936 0.000000000000 -67499.948957519533
301106.403336181655 0.000000000000 -67503.763776855470
301112.166702880873 0.000000000000 -67505.085249023439
301112.513413085951 0.000000000000 -67505.164777832033
301112.938919677748 0.000000000000 -67506.002790527345
301113.669724121108 0.000000000000 -67507.441938476564
301113.642014160170 0.000000000000 -67507.603559570314
301113.367844238295 0.000000000000 -67509.327436523439
301113.183029785170 0.000000000000 -67510.489790039064
301107.647537841811 0.000000000000 -67513.602521972658
301106.771347656264 0.000000000000 -67514.095258789064
301105.106461181655 0.000000000000 -67513.661665039064
301104.625961914076 0.000000000000 -67515.493269042970
301100.366257324233 0.000000000000 -67517.888654785158
301098.278671875014 0.000000000000 -67517.501142578127
301097.798660888686 0.000000000000 -67519.332441406252
301093.460159912123 0.000000000000 -67521.772260742189
301091.690567626967 0.000000000000 -67521.205854492189
301091.109482421889 0.000000000000 -67523.094038085939
301085.072403564467 0.000000000000 -67526.488813476564
301081.689407958998 0.000000000000 -67525.517011718752
301078.181015625014 0.000000000000 -67524.934614257814
301072.391739501967 0.000000000000 -67514.639448242189
301060.800766601576 0.000000000000 -67521.157453613283
301060.747849121108 0.000000000000 -67521.352521972658
301059.764847412123 0.000000000000 -67524.973920898439
301072.956040039076 0.000000000000 -67548.431989746095
301079.015732421889 0.000000000000 -67550.022260742189
301092.634781494155 0.000000000000 -67542.363874511720
301066.987045898451 0.000000000000 -67551.671552734377
301064.212753906264 0.000000000000 -67546.866743164064
301113.161636962905 0.000000000000 -67484.998823242189
301109.027512207045 0.000000000000 -67476.579328613283
301103.711258544936 0.000000000000 -67480.054548339845
301103.085037841811 0.000000000000 -67478.606428222658
301097.681259765639 0.000000000000 -67481.513837890627
301094.365555419936 0.000000000000 -67494.865034179689
301097.990769042983 0.000000000000 -67502.394514160158
301111.802933349623 0.000000000000 -67506.856977539064
301113.478043212905 0.000000000000 -67507.064375000002
301113.023636474623 0.000000000000 -67506.169599609377
301112.938919677748 0.000000000000 -67506.002790527345
301112.513413085951 0.000000000000 -67505.164777832033
301112.166702880873 0.000000000000 -67505.085249023439
301106.403336181655 0.000000000000 -67503.763776855470
301104.258133544936 0.000000000000 -67499.948957519533
301104.047745361342 0.000000000000 -67499.574812011720
301105.836228027358 0.000000000000 -67493.884321289064
301105.936142578139 0.000000000000 -67493.828107910158
301109.539536132826 0.000000000000 -67491.801923828127
301111.158157958998 0.000000000000 -67486.125410156252
301111.464432373061 0.000000000000 -67485.953229980470
301112.738815917983 0.000000000000 -67485.236616210939
301075.389023437514 0.000000000000 -67556.967023925783
301057.786057128920 0.000000000000 -67524.293012695314
301060.086472167983 0.000000000000 -67520.824628906252
301076.168839111342 0.000000000000 -67511.491926269533
301068.118759765639 0.000000000000 -67496.731000976564
301049.504379882826 0.000000000000 -67507.259077148439
301049.011398925795 0.000000000000 -67506.347761230470
301044.897507324233 0.000000000000 -67508.638776855470
301045.278397216811 0.000000000000 -67509.547895507814
301064.785751953139 0.000000000000 -67546.388593750002
301067.376328125014 0.000000000000 -67551.789533691408
301105.747818603530 0.000000000000 -67467.323774414064
301107.198837890639 0.000000000000 -67470.033796386720
301102.233841552748 0.000000000000 -67472.727766113283
301100.493149414076 0.000000000000 -67473.672285156252
301097.268875732436 0.000000000000 -67475.421796875002
301092.304886474623 0.000000000000 -67478.115766601564
301087.339890136733 0.000000000000 -67480.809736328127
301082.374893798842 0.000000000000 -67483.503706054689
301077.410904541030 0.000000000000 -67486.197736816408
301072.225937500014 0.000000000000 -67489.074689941408
301067.041947021498 0.000000000000 -67491.951704101564
301063.417465820326 0.000000000000 -67493.964033203127
301061.857956542983 0.000000000000 -67494.829694824220
301056.673996582045 0.000000000000 -67497.706708984377
301051.488999023451 0.000000000000 -67500.583723144533
301046.304978027358 0.000000000000 -67503.461713867189
301105.747818603530 0.000000000000 -67467.323774414064
301107.198837890639 0.000000000000 -67470.033796386720
301102.233841552748 0.000000000000 -67472.727766113283
301100.493149414076 0.000000000000 -67473.672285156252
301097.268875732436 0.000000000000 -67475.421796875002
301092.304886474623 0.000000000000 -67478.115766601564
301087.339890136733 0.000000000000 -67480.809736328127
301082.374893798842 0.000000000000 -67483.503706054689
301077.410904541030 0.000000000000 -67486.197736816408
301072.225937500014 0.000000000000 -67489.074689941408
301067.041947021498 0.000000000000 -67491.951704101564
301063.417465820326 0.000000000000 -67493.964033203127
301061.857956542983 0.000000000000 -67494.829694824220
301056.673996582045 0.000000000000 -67497.706708984377
301051.488999023451 0.000000000000 -67500.583723144533
301046.304978027358 0.000000000000 -67503.461713867189
301080.202591552748 22.188655853271 -67529.636030273439
301081.751053466811 22.188655853271 -67525.535139160158
301081.751053466811 87.840316772461 -67525.535139160158
301080.202591552748 87.840316772461 -67529.636030273439
301084.261734619155 22.188655853271 -67536.854475097658
301080.202591552748 22.188655853271 -67529.636030273439
301080.202591552748 87.840316772461 -67529.636030273439
301084.261734619155 87.840316772461 -67536.854475097658
301083.661850585951 22.188655853271 -67539.193891601564
301084.261734619155 22.188655853271 -67536.854475097658
301084.261734619155 87.840316772461 -67536.854475097658
301083.661850585951 87.840316772461 -67539.193891601564
301088.737473144545 22.188655853271 -67540.425764160158
301083.661850585951 22.188655853271 -67539.193891601564
301083.661850585951 87.840316772461 -67539.193891601564
301088.737473144545 87.840316772461 -67540.425764160158
301099.917252197280 22.188655853271 -67534.139082031252
301088.737473144545 22.188655853271 -67540.425764160158
301088.737473144545 87.840316772461 -67540.425764160158
301099.917252197280 87.840316772461 -67534.139082031252
301098.301468505873 22.188655853271 -67531.265729980470
301099.917252197280 22.188655853271 -67534.139082031252
301099.917252197280 87.840316772461 -67534.139082031252
301098.301468505873 87.840316772461 -67531.265729980470
301103.203873291030 22.188655853271 -67528.511762695314
301098.301468505873 22.188655853271 -67531.265729980470
301098.301468505873 87.840316772461 -67531.265729980470
301103.203873291030 87.840316772461 -67528.511762695314
301104.588120117201 22.188655853271 -67530.973371582033
301103.203873291030 22.188655853271 -67528.511762695314
301103.203873291030 98.777992248535 -67528.511762695314
301104.588120117201 98.777992248535 -67530.973371582033
301110.351212158217 22.188655853271 -67527.732648925783
301104.588120117201 22.188655853271 -67530.973371582033
301104.588120117201 98.777992248535 -67530.973371582033
301110.351212158217 98.777992248535 -67527.732648925783
301111.600693359389 22.188655853271 -67527.820112304689
301110.351212158217 22.188655853271 -67527.732648925783
301110.351212158217 87.840316772461 -67527.732648925783
301111.600693359389 87.840316772461 -67527.820112304689
301123.100174560561 22.188655853271 -67521.322492675783
301111.600693359389 22.188655853271 -67527.820112304689
301111.600693359389 87.840316772461 -67527.820112304689
301123.100174560561 87.840316772461 -67521.322492675783
301124.491593017592 22.188655853271 -67516.410871582033
301123.100174560561 22.188655853271 -67521.322492675783
301123.100174560561 87.840316772461 -67521.322492675783
301124.491593017592 87.840316772461 -67516.410871582033
301107.458572998061 87.840316772461 -67522.588728027345
301110.351212158217 87.840316772461 -67527.732648925783
301110.351212158217 98.777992248535 -67527.732648925783
301107.458572998061 98.777992248535 -67522.588728027345
301101.695541992201 87.840316772461 -67525.829450683595
301107.458572998061 87.840316772461 -67522.588728027345
301107.458572998061 98.777992248535 -67522.588728027345
301101.695541992201 98.777992248535 -67525.829450683595
301103.203873291030 87.840316772461 -67528.511762695314
301101.695541992201 87.840316772461 -67525.829450683595
301101.695541992201 98.777992248535 -67525.829450683595
301103.203873291030 98.777992248535 -67528.511762695314
301104.704422607436 95.725227355957 -67530.558332519533
301109.936112060561 95.725227355957 -67527.616437988283
301109.936112060561 98.777992248535 -67527.616437988283
301104.704422607436 98.777992248535 -67530.558332519533
301102.110581054701 95.725227355957 -67525.945722656252
301104.704422607436 95.725227355957 -67530.558332519533
301104.704422607436 98.777992248535 -67530.558332519533
301102.110581054701 98.777992248535 -67525.945722656252
301107.342301025405 95.725227355957 -67523.003706054689
301102.110581054701 95.725227355957 -67525.945722656252
301102.110581054701 98.777992248535 -67525.945722656252
301107.342301025405 98.777992248535 -67523.003706054689
301109.936112060561 95.725227355957 -67527.616437988283
301107.342301025405 95.725227355957 -67523.003706054689
301107.342301025405 98.777992248535 -67523.003706054689
301109.936112060561 98.777992248535 -67527.616437988283
301124.491593017592 21.988821029663 -67516.410871582033
301130.871658935561 21.988821029663 -67512.614423828127
301130.871658935561 22.188655853271 -67512.614423828127
301124.491593017592 22.188655853271 -67516.410871582033
301122.143417968764 21.988821029663 -67515.911481933595
301124.491593017592 21.988821029663 -67516.410871582033
301124.491593017592 87.840316772461 -67516.410871582033
301122.143417968764 87.840316772461 -67515.911481933595
301118.315201416030 21.988821029663 -67508.948041992189
301122.143417968764 21.988821029663 -67515.911481933595
301122.143417968764 87.840316772461 -67515.911481933595
301118.315201416030 87.840316772461 -67508.948041992189
301113.669571533217 21.988821029663 -67507.442304687502
301118.315201416030 21.988821029663 -67508.948041992189
301118.315201416030 87.840316772461 -67508.948041992189
301113.669571533217 87.840316772461 -67507.442304687502
301092.634628906264 13.241015434265 -67542.364240722658
301092.634628906264 22.188655853271 -67542.364240722658
301120.015061035170 22.188655853271 -67526.967329101564
301120.015061035170 13.241015434265 -67526.967329101564
301079.015549316420 13.241015434265 -67550.022626953127
301079.015549316420 22.188655853271 -67550.022626953127
301092.634628906264 22.188655853271 -67542.364240722658
301092.634628906264 13.241015434265 -67542.364240722658
301072.955856933608 13.241015434265 -67548.432294921877
301072.955856933608 22.188655853271 -67548.432294921877
301079.015549316420 22.188655853271 -67550.022626953127
301079.015549316420 13.241015434265 -67550.022626953127
301059.764664306655 13.241015434265 -67524.974287109377
301059.764664306655 22.188655853271 -67524.974287109377
301072.955856933608 22.188655853271 -67548.432294921877
301072.955856933608 13.241015434265 -67548.432294921877
301060.747666015639 13.241015434265 -67521.352888183595
301060.747666015639 22.188655853271 -67521.352888183595
301059.764664306655 22.188655853271 -67524.974287109377
301059.764664306655 13.241015434265 -67524.974287109377
301060.800583496108 13.241015434265 -67521.157758789064
301060.800583496108 22.188655853271 -67521.157758789064
301060.747666015639 22.188655853271 -67521.352888183595
301060.747666015639 13.241015434265 -67521.352888183595
301072.391556396498 13.241015434265 -67514.639814453127
301072.391556396498 22.188655853271 -67514.639814453127
301060.800583496108 22.188655853271 -67521.157758789064
301060.800583496108 13.241015434265 -67521.157758789064
301078.180832519545 13.241015434265 -67524.934980468752
301078.180832519545 22.188655853271 -67524.934980468752
301072.391556396498 22.188655853271 -67514.639814453127
301072.391556396498 13.241015434265 -67514.639814453127
301081.689255371108 13.241015434265 -67525.517377929689
301081.689255371108 22.188655853271 -67525.517377929689
301078.180832519545 22.188655853271 -67524.934980468752
301078.180832519545 13.241015434265 -67524.934980468752
301081.751053466811 13.241015434265 -67525.535139160158
301081.751053466811 22.188655853271 -67525.535139160158
301081.689255371108 22.188655853271 -67525.517377929689
301081.689255371108 13.241015434265 -67525.517377929689
301085.072220458998 13.241015434265 -67526.489179687502
301085.072220458998 87.840316772461 -67526.489179687502
301081.751053466811 87.840316772461 -67525.535139160158
301081.751053466811 13.241015434265 -67525.535139160158
301091.109329833998 13.241015434265 -67523.094343261720
301091.109329833998 87.840316772461 -67523.094343261720
301085.072220458998 87.840316772461 -67526.489179687502
301085.072220458998 13.241015434265 -67526.489179687502
301091.690415039076 13.241015434265 -67521.206159667970
301091.690415039076 87.840316772461 -67521.206159667970
301091.109329833998 87.840316772461 -67523.094343261720
301091.109329833998 13.241015434265 -67523.094343261720
301093.459976806655 13.241015434265 -67521.772565917970
301093.459976806655 87.840316772461 -67521.772565917970
301091.690415039076 87.840316772461 -67521.206159667970
301091.690415039076 13.241015434265 -67521.206159667970
301097.798508300795 13.241015434265 -67519.332746582033
301097.798508300795 87.840316772461 -67519.332746582033
301093.459976806655 87.840316772461 -67521.772565917970
301093.459976806655 13.241015434265 -67521.772565917970
301098.278488769545 13.241015434265 -67517.501447753908
301098.278488769545 87.840316772461 -67517.501447753908
301097.798508300795 87.840316772461 -67519.332746582033
301097.798508300795 13.241015434265 -67519.332746582033
301100.366104736342 13.241015434265 -67517.888959960939
301100.366104736342 87.840316772461 -67517.888959960939
301098.278488769545 87.840316772461 -67517.501447753908
301098.278488769545 13.241015434265 -67517.501447753908
301104.625778808608 13.241015434265 -67515.493574218752
301104.625778808608 87.840316772461 -67515.493574218752
301100.366104736342 87.840316772461 -67517.888959960939
301100.366104736342 13.241015434265 -67517.888959960939
301105.106278076186 13.241015434265 -67513.662031250002
301105.106278076186 87.840316772461 -67513.662031250002
301104.625778808608 87.840316772461 -67515.493574218752
301104.625778808608 13.241015434265 -67515.493574218752
301106.771164550795 13.241015434265 -67514.095563964845
301106.771164550795 87.840316772461 -67514.095563964845
301105.106278076186 87.840316772461 -67513.662031250002
301105.106278076186 13.241015434265 -67513.662031250002
301107.647354736342 13.241015434265 -67513.602888183595
301107.647354736342 87.840316772461 -67513.602888183595
301106.771164550795 87.840316772461 -67514.095563964845
301106.771164550795 13.241015434265 -67514.095563964845
301113.182877197280 13.241015434265 -67510.490095214845
301113.182877197280 87.840316772461 -67510.490095214845
301107.647354736342 87.840316772461 -67513.602888183595
301107.647354736342 13.241015434265 -67513.602888183595
301113.367661132826 13.241015434265 -67509.327802734377
301113.367661132826 87.840316772461 -67509.327802734377
301113.182877197280 87.840316772461 -67510.490095214845
301113.182877197280 13.241015434265 -67510.490095214845
301113.641861572280 13.241015434265 -67507.603925781252
301113.641861572280 87.840316772461 -67507.603925781252
301113.367661132826 87.840316772461 -67509.327802734377
301113.367661132826 13.241015434265 -67509.327802734377
301113.669571533217 13.241015434265 -67507.442304687502
301113.669571533217 87.840316772461 -67507.442304687502
301113.641861572280 87.840316772461 -67507.603925781252
301113.641861572280 13.241015434265 -67507.603925781252
301113.477860107436 13.241015434265 -67507.064741210939
301113.477860107436 21.988821029663 -67507.064741210939
301113.669571533217 21.988821029663 -67507.442304687502
301113.669571533217 13.241015434265 -67507.442304687502
301113.023483886733 13.241015434265 -67506.169904785158
301113.023483886733 21.988821029663 -67506.169904785158
301113.477860107436 21.988821029663 -67507.064741210939
301113.477860107436 13.241015434265 -67507.064741210939
301112.938767089858 13.241015434265 -67506.003095703127
301112.938767089858 21.988821029663 -67506.003095703127
301113.023483886733 21.988821029663 -67506.169904785158
301113.023483886733 13.241015434265 -67506.169904785158
301112.513260498061 13.241015434265 -67505.165083007814
301112.513260498061 21.988821029663 -67505.165083007814
301112.938767089858 21.988821029663 -67506.003095703127
301112.938767089858 13.241015434265 -67506.003095703127
301112.166580810561 13.241015434265 -67505.085615234377
301112.166580810561 21.988821029663 -67505.085615234377
301112.513260498061 21.988821029663 -67505.165083007814
301112.513260498061 13.241015434265 -67505.165083007814
301106.403153076186 13.241015434265 -67503.764143066408
301106.403153076186 21.988821029663 -67503.764143066408
301112.166580810561 21.988821029663 -67505.085615234377
301112.166580810561 13.241015434265 -67505.085615234377
301104.257980957045 13.241015434265 -67499.949323730470
301104.257980957045 21.988821029663 -67499.949323730470
301106.403153076186 21.988821029663 -67503.764143066408
301106.403153076186 13.241015434265 -67503.764143066408
301104.047592773451 13.241015434265 -67499.575117187502
301104.047592773451 21.988821029663 -67499.575117187502
301104.257980957045 21.988821029663 -67499.949323730470
301104.257980957045 13.241015434265 -67499.949323730470
301105.836075439467 13.241015434265 -67493.884626464845
301105.836075439467 21.988821029663 -67493.884626464845
301104.047592773451 21.988821029663 -67499.575117187502
301104.047592773451 13.241015434265 -67499.575117187502
301105.935989990248 13.241015434265 -67493.828413085939
301105.935989990248 21.988821029663 -67493.828413085939
301105.836075439467 21.988821029663 -67493.884626464845
301105.836075439467 13.241015434265 -67493.884626464845
301109.539383544936 13.241015434265 -67491.802229003908
301109.539383544936 21.988821029663 -67491.802229003908
301105.935989990248 21.988821029663 -67493.828413085939
301105.935989990248 13.241015434265 -67493.828413085939
301111.157944335951 13.241015434265 -67486.125776367189
301111.157944335951 21.988821029663 -67486.125776367189
301109.539383544936 21.988821029663 -67491.802229003908
301109.539383544936 13.241015434265 -67491.802229003908
301111.464279785170 13.241015434265 -67485.953535156252
301111.464279785170 21.988821029663 -67485.953535156252
301111.157944335951 21.988821029663 -67486.125776367189
301111.157944335951 13.241015434265 -67486.125776367189
301112.738663330092 13.241015434265 -67485.236921386720
301112.738663330092 21.988821029663 -67485.236921386720
301111.464279785170 21.988821029663 -67485.953535156252
301111.464279785170 13.241015434265 -67485.953535156252
301113.161484375014 13.241015434265 -67484.999189453127
301113.161484375014 21.988821029663 -67484.999189453127
301112.738663330092 21.988821029663 -67485.236921386720
301112.738663330092 13.241015434265 -67485.236921386720
301114.231430664076 13.241015434265 -67484.397443847658
301114.231430664076 21.988821029663 -67484.397443847658
301113.161484375014 21.988821029663 -67484.999189453127
301113.161484375014 13.241015434265 -67484.999189453127
301114.818649902358 13.241015434265 -67484.067243652345
301114.818649902358 21.988821029663 -67484.067243652345
301114.231430664076 21.988821029663 -67484.397443847658
301114.231430664076 13.241015434265 -67484.397443847658
301119.289047851576 13.241015434265 -67492.016950683595
301119.289047851576 21.988821029663 -67492.016950683595
301114.818649902358 21.988821029663 -67484.067243652345
301114.818649902358 13.241015434265 -67484.067243652345
301130.871658935561 13.241015434265 -67512.614423828127
301130.871658935561 21.988821029663 -67512.614423828127
301119.289047851576 21.988821029663 -67492.016950683595
301119.289047851576 13.241015434265 -67492.016950683595
301133.328507080092 13.241015434265 -67516.983503417970
301133.328507080092 22.188655853271 -67516.983503417970
301130.871658935561 22.188655853271 -67512.614423828127
301130.871658935561 13.241015434265 -67512.614423828127
301134.267136230483 13.241015434265 -67518.652570800783
301134.267136230483 22.188655853271 -67518.652570800783
301133.328507080092 22.188655853271 -67516.983503417970
301133.328507080092 13.241015434265 -67516.983503417970
301135.209610595717 13.241015434265 -67520.328779296877
301135.209610595717 22.188655853271 -67520.328779296877
301134.267136230483 22.188655853271 -67518.652570800783
301134.267136230483 13.241015434265 -67518.652570800783
301135.731003417983 13.241015434265 -67521.255903320314
301135.731003417983 22.188655853271 -67521.255903320314
301135.209610595717 22.188655853271 -67520.328779296877
301135.209610595717 13.241015434265 -67520.328779296877
301131.462143554701 13.241015434265 -67523.656354980470
301131.462143554701 22.188655853271 -67523.656354980470
301135.731003417983 22.188655853271 -67521.255903320314
301135.731003417983 13.241015434265 -67521.255903320314
301127.603317871108 13.241015434265 -67522.700239257814
301127.603317871108 22.188655853271 -67522.700239257814
301131.462143554701 22.188655853271 -67523.656354980470
301131.462143554701 13.241015434265 -67523.656354980470
301120.015061035170 13.241015434265 -67526.967329101564
301120.015061035170 22.188655853271 -67526.967329101564
301127.603317871108 22.188655853271 -67522.700239257814
301127.603317871108 13.241015434265 -67522.700239257814
301092.634628906264 22.188655853271 -67542.364240722658
301120.015061035170 22.188655853271 -67526.967329101564
301127.603317871108 22.188655853271 -67522.700239257814
301131.462143554701 22.188655853271 -67523.656354980470
301135.731003417983 22.188655853271 -67521.255903320314
301135.209610595717 22.188655853271 -67520.328779296877
301134.267136230483 22.188655853271 -67518.652570800783
301133.328507080092 22.188655853271 -67516.983503417970
301130.871658935561 22.188655853271 -67512.614423828127
301124.491593017592 22.188655853271 -67516.410871582033
301123.100174560561 22.188655853271 -67521.322492675783
301111.600693359389 22.188655853271 -67527.820112304689
301110.351212158217 22.188655853271 -67527.732648925783
301104.588120117201 22.188655853271 -67530.973371582033
301103.203873291030 22.188655853271 -67528.511762695314
301098.301468505873 22.188655853271 -67531.265729980470
301099.917252197280 22.188655853271 -67534.139082031252
301088.737473144545 22.188655853271 -67540.425764160158
301083.661850585951 22.188655853271 -67539.193891601564
301084.261734619155 22.188655853271 -67536.854475097658
301080.202591552748 22.188655853271 -67529.636030273439
301081.751053466811 22.188655853271 -67525.535139160158
301081.689255371108 22.188655853271 -67525.517377929689
301078.180832519545 22.188655853271 -67524.934980468752
301072.391556396498 22.188655853271 -67514.639814453127
301060.800583496108 22.188655853271 -67521.157758789064
301060.747666015639 22.188655853271 -67521.352888183595
301059.764664306655 22.188655853271 -67524.974287109377
301072.955856933608 22.188655853271 -67548.432294921877
301079.015549316420 22.188655853271 -67550.022626953127
301099.917252197280 87.840316772461 -67534.139082031252
301098.301468505873 87.840316772461 -67531.265729980470
301103.203873291030 87.840316772461 -67528.511762695314
301101.695541992201 87.840316772461 -67525.829450683595
301107.458572998061 87.840316772461 -67522.588728027345
301110.351212158217 87.840316772461 -67527.732648925783
301111.600693359389 87.840316772461 -67527.820112304689
301123.100174560561 87.840316772461 -67521.322492675783
301124.491593017592 87.840316772461 -67516.410871582033
301122.143417968764 87.840316772461 -67515.911481933595
301118.315201416030 87.840316772461 -67508.948041992189
301113.669571533217 87.840316772461 -67507.442304687502
301113.641861572280 87.840316772461 -67507.603925781252
301113.367661132826 87.840316772461 -67509.327802734377
301113.182877197280 87.840316772461 -67510.490095214845
301107.647354736342 87.840316772461 -67513.602888183595
301106.771164550795 87.840316772461 -67514.095563964845
301105.106278076186 87.840316772461 -67513.662031250002
301104.625778808608 87.840316772461 -67515.493574218752
301100.366104736342 87.840316772461 -67517.888959960939
301098.278488769545 87.840316772461 -67517.501447753908
301097.798508300795 87.840316772461 -67519.332746582033
301093.459976806655 87.840316772461 -67521.772565917970
301091.690415039076 87.840316772461 -67521.206159667970
301091.109329833998 87.840316772461 -67523.094343261720
301085.072220458998 87.840316772461 -67526.489179687502
301081.751053466811 87.840316772461 -67525.535139160158
301080.202591552748 87.840316772461 -67529.636030273439
301084.261734619155 87.840316772461 -67536.854475097658
301083.661850585951 87.840316772461 -67539.193891601564
301088.737473144545 87.840316772461 -67540.425764160158
301110.351212158217 98.777992248535 -67527.732648925783
301107.458572998061 98.777992248535 -67522.588728027345
301107.342301025405 98.777992248535 -67523.003706054689
301109.936112060561 98.777992248535 -67527.616437988283
301104.704422607436 98.777992248535 -67530.558332519533
301104.588120117201 98.777992248535 -67530.973371582033
301104.704422607436 98.777992248535 -67530.558332519533
301102.110581054701 98.777992248535 -67525.945722656252
301107.342301025405 98.777992248535 -67523.003706054689
301107.458572998061 98.777992248535 -67522.588728027345
301101.695541992201 98.777992248535 -67525.829450683595
301103.203873291030 98.777992248535 -67528.511762695314
301104.588120117201 98.777992248535 -67530.973371582033
301109.936112060561 95.725227355957 -67527.616437988283
301107.342301025405 95.725227355957 -67523.003706054689
301102.110581054701 95.725227355957 -67525.945722656252
301104.704422607436 95.725227355957 -67530.558332519533
301130.871658935561 21.988821029663 -67512.614423828127
301119.289047851576 21.988821029663 -67492.016950683595
301114.818649902358 21.988821029663 -67484.067243652345
301114.231430664076 21.988821029663 -67484.397443847658
301113.161484375014 21.988821029663 -67484.999189453127
301112.738663330092 21.988821029663 -67485.236921386720
301111.464279785170 21.988821029663 -67485.953535156252
301111.157944335951 21.988821029663 -67486.125776367189
301109.539383544936 21.988821029663 -67491.802229003908
301105.935989990248 21.988821029663 -67493.828413085939
301105.836075439467 21.988821029663 -67493.884626464845
301104.047592773451 21.988821029663 -67499.575117187502
301104.257980957045 21.988821029663 -67499.949323730470
301106.403153076186 21.988821029663 -67503.764143066408
301112.166580810561 21.988821029663 -67505.085615234377
301112.513260498061 21.988821029663 -67505.165083007814
301112.938767089858 21.988821029663 -67506.003095703127
301113.023483886733 21.988821029663 -67506.169904785158
301113.477860107436 21.988821029663 -67507.064741210939
301113.669571533217 21.988821029663 -67507.442304687502
301118.315201416030 21.988821029663 -67508.948041992189
301122.143417968764 21.988821029663 -67515.911481933595
301124.491593017592 21.988821029663 -67516.410871582033
301120.015061035170 13.241015434265 -67526.967329101564
301127.603317871108 13.241015434265 -67522.700239257814
301131.462143554701 13.241015434265 -67523.656354980470
301135.731003417983 13.241015434265 -67521.255903320314
301135.209610595717 13.241015434265 -67520.328779296877
301134.267136230483 13.241015434265 -67518.652570800783
301133.328507080092 13.241015434265 -67516.983503417970
301130.871658935561 13.241015434265 -67512.614423828127
301119.289047851576 13.241015434265 -67492.016950683595
301114.818649902358 13.241015434265 -67484.067243652345
301114.231430664076 13.241015434265 -67484.397443847658
301113.161484375014 13.241015434265 -67484.999189453127
301112.738663330092 13.241015434265 -67485.236921386720
301111.464279785170 13.241015434265 -67485.953535156252
301111.157944335951 13.241015434265 -67486.125776367189
301109.539383544936 13.241015434265 -67491.802229003908
301105.935989990248 13.241015434265 -67493.828413085939
301105.836075439467 13.241015434265 -67493.884626464845
301104.047592773451 13.241015434265 -67499.575117187502
301104.257980957045 13.241015434265 -67499.949323730470
301106.403153076186 13.241015434265 -67503.764143066408
301112.166580810561 13.241015434265 -67505.085615234377
301112.513260498061 13.241015434265 -67505.165083007814
301112.938767089858 13.241015434265 -67506.003095703127
301113.023483886733 13.241015434265 -67506.169904785158
301113.477860107436 13.241015434265 -67507.064741210939
301113.669571533217 13.241015434265 -67507.442304687502
301113.641861572280 13.241015434265 -67507.603925781252
301113.367661132826 13.241015434265 -67509.327802734377
301113.182877197280 13.241015434265 -67510.490095214845
301107.647354736342 13.241015434265 -67513.602888183595
301106.771164550795 13.241015434265 -67514.095563964845
301105.106278076186 13.241015434265 -67513.662031250002
301104.625778808608 13.241015434265 -67515.493574218752
301100.366104736342 13.241015434265 -67517.888959960939
301098.278488769545 13.241015434265 -67517.501447753908
301097.798508300795 13.241015434265 -67519.332746582033
301093.459976806655 13.241015434265 -67521.772565917970
301091.690415039076 13.241015434265 -67521.206159667970
301091.109329833998 13.241015434265 -67523.094343261720
301085.072220458998 13.241015434265 -67526.489179687502
301081.751053466811 13.241015434265 -67525.535139160158
301081.689255371108 13.241015434265 -67525.517377929689
301078.180832519545 13.241015434265 -67524.934980468752
301072.391556396498 13.241015434265 -67514.639814453127
301060.800583496108 13.241015434265 -67521.157758789064
301060.747666015639 13.241015434265 -67521.352888183595
301059.764664306655 13.241015434265 -67524.974287109377
301072.955856933608 13.241015434265 -67548.432294921877
301079.015549316420 13.241015434265 -67550.022626953127
301092.634628906264 13.241015434265 -67542.364240722658
3 94 1 0
3 2 3 94
3 0 2 94
3 100 98 101
3 101 96 99
3 100 114 113
3 100 113 98
3 101 98 97
3 55 96 101
3 97 55 101
3 97 95 94
3 3 55 97
3 94 3 97
3 33 6 56
3 56 3 2
3 2 5 33
3 33 56 2
3 50 7 54
3 50 54 102
3 102 57 48
3 102 48 50
3 54 103 105
3 54 105 102
3 99 96 105
3 103 4 99
3 105 103 99
3 105 96 55
3 105 55 104
3 102 105 104
3 102 104 57
3 104 55 3
3 56 57 104
3 3 56 104
3 77 48 57
3 56 6 77
3 57 56 77
3 91 89 87
3 91 87 90
3 88 91 90
3 88 90 84
3 87 85 64
3 87 64 86
3 90 87 86
3 53 84 90
3 86 53 90
3 64 111 112
3 64 112 110
3 110 112 103
3 110 103 54
3 110 62 86
3 62 53 86
3 86 64 110
3 110 54 7
3 110 7 62
3 38 30 39
3 38 39 40
3 40 39 32
3 40 32 35
3 39 30 20
3 31 32 39
3 20 31 39
3 36 32 31
3 22 23 36
3 31 22 36
3 35 32 36
3 35 36 37
3 37 36 23
3 37 23 26
3 31 20 5
3 21 22 31
3 5 21 31
3 26 23 27
3 26 27 29
3 29 27 25
3 29 25 28
3 27 23 22
3 24 25 27
3 22 24 27
3 41 34 33
3 5 20 41
3 33 5 41
3 43 42 41
3 20 30 43
3 41 20 43
3 44 43 30
3 44 30 38
3 80 65 58
3 66 68 80
3 58 66 80
3 70 68 66
3 61 67 70
3 66 61 70
3 66 58 49
3 59 61 66
3 49 59 66
3 71 61 59
3 52 60 71
3 59 52 71
3 67 61 71
3 67 71 73
3 73 71 60
3 73 60 72
3 59 49 7
3 50 52 59
3 7 50 59
3 74 52 50
3 48 51 74
3 50 48 74
3 60 52 74
3 60 74 76
3 76 74 51
3 76 51 75
3 51 48 77
3 51 77 79
3 79 77 6
3 79 6 78
3 69 63 62
3 7 49 69
3 62 7 69
3 9 119 8
3 0 9 10
3 119 9 0
3 118 119 0
3 117 118 116
3 1 116 118
3 115 1 94
3 0 1 118
3 95 115 94
3 116 1 115
3 109 115 95
3 2 0 10
3 21 2 11
3 2 21 5
3 13 21 12
3 12 21 11
3 113 95 97
3 98 113 97
3 78 6 33
3 11 2 10
3 95 113 109
3 100 108 114
3 93 101 99
3 92 93 99
3 106 100 101
3 101 93 106
3 114 108 109
3 107 108 100
3 4 111 92
3 99 4 92
3 107 100 106
3 83 92 111
3 113 114 109
3 4 103 112
3 4 112 111
3 111 64 85
3 83 111 85
3 83 85 89
3 87 89 85
3 82 83 89
3 81 82 88
3 89 91 82
3 88 82 91
3 21 24 22
3 25 24 13
3 25 14 28
3 15 29 28
3 14 25 13
3 42 34 41
3 44 42 43
3 42 45 34
3 26 29 16
3 78 33 34
3 35 37 17
3 17 37 26
3 26 16 17
3 16 29 15
3 15 28 14
3 18 40 35
3 18 38 40
3 44 38 19
3 18 19 38
3 45 46 72
3 18 35 17
3 44 45 42
3 45 75 79
3 79 75 51
3 72 76 75
3 45 79 78
3 63 84 53
3 63 88 84
3 49 58 69
3 69 65 63
3 62 63 53
3 65 88 63
3 72 60 76
3 72 46 73
3 46 70 67
3 67 73 46
3 45 44 19
3 72 75 45
3 47 80 68
3 65 80 47
3 46 47 68
3 65 47 81
3 46 68 70
3 69 58 65
3 45 78 34
3 88 65 81
3 21 13 24
3 121 122 123
3 121 127 120
3 125 121 123
3 121 125 127
3 125 126 127
3 124 125 123
3 132 133 134
3 134 131 132
3 134 130 131
3 130 134 135
3 129 130 136
3 135 136 130
3 137 128 136
3 129 136 128
3 145 146 147
3 145 147 144
3 143 144 147
3 143 147 138
3 143 139 142
3 142 139 141
3 140 141 139
3 138 139 143
3 154 149 148
3 154 148 153
3 155 150 149
3 155 149 154
3 156 151 150
3 156 150 155
3 157 152 151
3 157 151 156
3 159 155 154
3 159 154 158
3 160 156 155
3 160 155 159
3 161 157 156
3 161 156 160
3 163 161 160
3 163 160 162
3 164 185 186
3 164 186 184
3 206 163 162
3 167 168 206
3 162 167 206
3 207 205 163
3 207 163 206
3 199 207 206
3 199 206 168
3 170 165 164
3 170 164 169
3 171 166 165
3 171 165 170
3 172 167 166
3 172 166 171
3 200 168 167
3 172 173 200
3 167 172 200
3 201 199 168
3 201 168 200
3 198 201 200
3 198 200 173
3 224 148 223
3 225 148 224
3 225 153 148
3 149 221 222
3 222 148 149
3 221 149 150
3 148 222 223
3 220 221 150
3 225 226 153
3 174 175 153
3 226 174 153
3 158 176 177
3 158 154 175
3 153 175 154
3 158 177 178
3 176 158 175
3 158 178 159
3 179 180 166
3 152 220 151
3 151 220 150
3 216 152 157
3 219 220 152
3 217 218 219
3 219 152 217
3 217 152 216
3 216 157 215
3 215 157 213
3 162 160 159
3 205 212 161
3 159 178 179
3 157 161 213
3 213 214 215
3 211 212 210
3 161 212 213
3 210 212 205
3 163 205 161
3 166 159 179
3 186 182 183
3 183 184 186
3 184 183 187
3 185 182 186
3 165 180 181
3 181 164 165
3 185 164 181
3 166 180 165
3 164 184 169
3 166 162 159
3 184 188 169
3 190 169 189
3 188 189 169
3 171 170 191
3 190 191 170
3 192 171 191
3 190 170 169
3 184 187 188
3 162 166 167
3 209 205 207
3 201 202 199
3 204 207 199
3 204 208 209
3 207 204 209
3 203 204 199
3 203 199 202
3 205 209 210
3 193 173 192
3 172 192 173
3 193 198 173
3 197 198 193
3 201 198 197
3 193 196 197
3 196 193 195
3 195 193 194
3 202 201 197
3 172 171 192
3 181 182 185
3 311 305 304
3 311 304 310
3 309 311 310
3 309 310 302
3 306 308 307
3 306 307 305
3 310 304 303
3 231 302 310
3 303 231 310
3 269 267 227
3 269 227 268
3 270 228 271
3 270 271 272
3 294 279 229
3 284 285 294
3 229 284 294
3 285 284 228
3 285 228 270
3 289 277 230
3 278 280 289
3 230 278 289
3 282 280 278
3 229 279 282
3 278 229 282
3 293 288 286
3 283 287 293
3 286 283 293
3 286 281 280
3 282 283 286
3 280 282 286
3 290 231 291
3 290 291 292
3 292 291 230
3 292 230 277
3 312 302 231
3 312 231 290
3 258 256 232
3 258 232 257
3 248 247 249
3 248 249 250
3 227 316 317
3 317 318 227
3 265 271 267
3 316 227 267
3 271 316 267
3 284 314 315
3 316 271 315
3 271 228 315
3 315 228 284
3 314 284 229
3 229 278 314
3 318 268 227
3 265 267 269
3 268 264 269
3 266 273 272
3 273 270 272
3 265 266 272
3 264 265 269
3 319 268 318
3 274 294 285
3 274 279 294
3 283 282 279
3 273 274 285
3 273 285 270
3 319 233 268
3 272 271 265
3 307 301 304
3 313 303 301
3 300 301 307
3 303 313 291
3 301 303 304
3 278 313 314
3 305 307 304
3 299 300 308
3 308 300 307
3 306 299 308
3 306 305 311
3 298 306 311
3 298 299 306
3 278 230 313
3 313 230 291
3 289 295 277
3 277 295 292
3 295 289 280
3 312 309 302
3 298 309 312
3 290 296 312
3 297 298 312
3 311 309 298
3 296 290 292
3 303 291 231
3 283 279 274
3 320 268 233
3 320 233 234
3 232 235 236
3 257 236 237
3 320 234 235
3 232 259 320
3 320 235 232
3 257 232 236
3 257 253 254
3 257 237 238
3 253 257 321
3 321 238 239
3 257 254 258
3 263 268 320
3 249 240 241
3 250 249 241
3 247 240 249
3 243 250 242
3 241 242 250
3 243 248 250
3 321 239 240
3 321 240 247
3 238 321 257
3 245 248 244
3 243 244 248
3 245 321 247
3 247 248 245
3 253 321 252
3 245 251 321
3 283 274 287
3 274 275 287
3 276 293 275
3 293 287 275
3 288 293 276
3 288 276 295
3 296 297 312
3 295 296 292
3 281 286 288
3 295 281 288
3 280 281 295
3 262 263 320
3 262 320 259
3 259 261 262
3 256 259 232
3 258 255 256
3 259 256 255
3 264 268 263
3 255 258 254
3 260 261 259
3 251 252 321
3 251 245 246
3 555 547 546
3 555 546 554
3 553 555 554
3 553 554 544
3 550 552 551
3 550 551 547
3 551 549 548
3 546 547 551
3 548 546 551
3 554 546 545
3 326 544 554
3 545 326 554
3 521 323 322
3 327 328 521
3 322 327 521
3 517 502 522
3 519 329 517
3 522 519 517
3 502 324 520
3 502 520 522
3 522 520 323
3 522 323 521
3 519 522 521
3 519 521 328
3 512 506 504
3 503 505 512
3 504 503 512
3 536 534 526
3 536 526 535
3 534 523 511
3 524 526 534
3 511 524 534
3 526 524 514
3 526 514 525
3 524 511 506
3 512 514 524
3 506 512 524
3 514 512 505
3 514 505 513
3 525 514 513
3 495 510 525
3 513 495 525
3 504 500 325
3 501 503 504
3 325 501 504
3 516 503 501
3 324 502 516
3 501 324 516
3 513 505 518
3 515 495 513
3 518 515 513
3 505 503 516
3 505 516 518
3 518 516 502
3 518 502 517
3 515 518 517
3 515 517 329
3 507 326 508
3 507 508 509
3 533 509 508
3 325 500 533
3 508 325 533
3 556 544 326
3 556 326 507
3 531 328 327
3 330 331 531
3 327 330 531
3 332 496 532
3 332 532 530
3 528 329 519
3 532 496 528
3 519 532 528
3 532 519 328
3 532 328 531
3 530 532 531
3 530 531 331
3 529 515 329
3 529 329 528
3 527 529 528
3 527 528 496
3 334 331 330
3 334 330 333
3 530 483 490
3 483 335 490
3 490 332 530
3 530 331 334
3 530 334 483
3 484 334 333
3 336 337 484
3 333 336 484
3 481 438 485
3 461 338 481
3 485 461 481
3 438 335 483
3 438 483 485
3 485 483 334
3 485 334 484
3 461 485 484
3 461 484 337
3 438 481 482
3 476 482 481
3 476 481 338
3 462 337 336
3 339 340 462
3 336 339 462
3 458 423 463
3 460 341 458
3 463 460 458
3 477 338 461
3 463 423 477
3 461 463 477
3 463 461 337
3 463 337 462
3 460 463 462
3 460 462 340
3 342 441 451
3 342 451 449
3 447 437 451
3 441 420 447
3 451 441 447
3 475 429 450
3 451 437 475
3 450 451 475
3 449 451 450
3 449 450 427
3 475 437 448
3 468 429 475
3 474 470 467
3 429 468 474
3 467 429 474
3 467 470 469
3 467 469 455
3 427 450 473
3 427 473 471
3 467 455 473
3 450 429 467
3 473 450 467
3 473 455 428
3 473 428 472
3 471 473 472
3 471 472 422
3 478 476 338
3 478 338 477
3 457 478 477
3 457 477 423
3 472 428 459
3 456 422 472
3 459 456 472
3 459 457 423
3 459 423 458
3 456 459 458
3 456 458 341
3 440 418 415
3 419 421 440
3 415 419 440
3 418 440 442
3 418 442 439
3 440 421 426
3 440 426 442
3 436 420 441
3 442 426 436
3 441 442 436
3 439 442 441
3 439 441 342
3 406 383 395
3 392 344 406
3 395 392 406
3 395 393 387
3 395 387 394
3 392 395 394
3 392 394 385
3 387 411 414
3 387 414 412
3 412 414 413
3 412 413 386
3 394 387 412
3 412 386 343
3 343 385 394
3 394 412 343
3 384 388 404
3 384 404 401
3 404 402 391
3 404 391 403
3 401 404 403
3 401 403 389
3 403 391 390
3 383 389 403
3 390 383 403
3 407 389 383
3 407 383 406
3 405 407 406
3 405 406 344
3 361 360 362
3 361 362 363
3 424 445 454
3 424 454 452
3 449 427 454
3 445 342 449
3 454 445 449
3 471 422 453
3 454 427 471
3 453 454 471
3 452 454 453
3 452 453 431
3 453 422 456
3 456 341 430
3 430 431 453
3 453 456 430
3 444 425 396
3 343 415 444
3 396 343 444
3 425 444 446
3 425 446 443
3 444 415 418
3 444 418 446
3 439 342 445
3 446 418 439
3 445 446 439
3 443 446 445
3 443 445 424
3 399 344 392
3 392 385 397
3 397 369 399
3 399 392 397
3 397 385 343
3 397 343 396
3 376 374 373
3 376 373 375
3 379 377 371
3 379 371 378
3 374 379 378
3 374 378 373
3 378 371 370
3 372 373 378
3 370 372 378
3 398 400 399
3 398 399 369
3 560 561 322
3 562 322 561
3 559 560 323
3 322 323 560
3 520 559 323
3 564 327 563
3 564 565 330
3 564 330 327
3 563 327 322
3 562 563 322
3 330 565 566
3 559 324 558
3 558 324 501
3 325 558 501
3 495 515 497
3 520 324 559
3 332 494 496
3 527 494 497
3 529 527 497
3 496 494 527
3 510 495 497
3 494 332 492
3 515 529 497
3 510 497 498
3 333 566 567
3 335 491 490
3 333 567 568
3 332 490 492
3 336 568 345
3 479 482 476
3 487 335 438
3 568 336 333
3 438 482 487
3 488 335 487
3 492 490 491
3 491 335 488
3 488 489 491
3 492 493 494
3 478 466 479
3 482 479 480
3 457 466 478
3 487 480 486
3 482 480 487
3 476 478 479
3 346 336 345
3 330 566 333
3 508 545 557
3 325 557 558
3 546 548 545
3 543 557 545
3 325 508 557
3 548 543 545
3 506 500 504
3 537 533 500
3 545 508 326
3 509 533 537
3 543 548 549
3 552 549 551
3 542 543 549
3 541 542 552
3 549 552 542
3 550 541 552
3 550 547 555
3 550 555 540
3 553 540 555
3 544 556 553
3 541 550 540
3 540 553 539
3 535 526 525
3 537 506 511
3 498 536 535
3 510 498 535
3 536 499 534
3 534 499 523
3 498 499 536
3 537 523 499
3 510 535 525
3 537 511 523
3 507 509 538
3 538 509 537
3 556 507 538
3 556 538 539
3 553 556 539
3 413 410 386
3 410 419 386
3 414 410 413
3 408 409 411
3 411 409 414
3 411 387 408
3 409 410 414
3 506 537 500
3 459 466 457
3 464 465 469
3 428 469 465
3 474 435 464
3 469 470 464
3 470 474 464
3 465 459 428
3 469 428 455
3 435 474 468
3 466 459 465
3 336 346 339
3 434 435 468
3 433 434 448
3 475 448 434
3 420 432 433
3 432 436 417
3 417 421 416
3 448 447 433
3 448 437 447
3 432 420 436
3 417 436 426
3 433 447 420
3 475 434 468
3 426 421 417
3 416 419 410
3 347 348 362
3 363 362 348
3 360 339 347
3 346 347 339
3 362 360 347
3 352 339 360
3 350 363 349
3 348 349 363
3 361 363 350
3 352 361 351
3 350 351 361
3 360 361 352
3 353 339 352
3 354 430 460
3 430 341 460
3 355 431 430
3 354 460 340
3 431 355 452
3 354 355 430
3 355 424 452
3 424 356 443
3 356 424 355
3 353 354 340
3 353 340 339
3 419 416 421
3 343 386 419
3 391 393 390
3 393 395 390
3 408 391 402
3 408 387 393
3 415 343 419
3 390 395 383
3 399 405 344
3 388 402 404
3 381 382 388
3 402 388 382
3 384 381 388
3 408 402 382
3 407 384 401
3 389 407 401
3 405 380 407
3 384 407 380
3 380 405 399
3 370 380 400
3 380 399 400
3 377 368 380
3 393 391 408
3 356 396 425
3 357 369 397
3 358 398 369
3 397 396 357
3 358 369 357
3 398 358 372
3 372 370 398
3 380 370 371
3 372 358 375
3 356 357 396
3 356 425 443
3 400 398 370
3 379 367 377
3 374 365 366
3 366 367 379
3 377 367 368
3 374 366 379
3 380 381 384
3 372 375 373
3 359 364 376
3 374 376 364
3 375 359 376
3 359 375 358
3 365 374 364
3 380 371 377
3 572 570 569
3 572 569 571
3 576 574 573
3 576 573 575
3 580 578 577
3 580 577 579
3 585 582 581
3 585 581 584
3 586 583 582
3 586 582 585
3 590 588 587
3 590 587 589
3 594 592 591
3 594 591 593
3 598 596 595
3 598 595 597
3 602 600 599
3 602 599 601
3 606 604 603
3 606 603 605
3 612 608 607
3 612 607 611
3 613 609 608
3 613 608 612
3 614 610 609
3 614 609 613
3 619 616 615
3 619 615 618
3 620 617 616
3 620 616 619
3 627 622 621
3 627 621 626
3 628 623 622
3 628 622 627
3 629 624 623
3 629 623 628
3 630 625 624
3 630 624 629
3 634 632 631
3 634 631 633
3 642 636 635
3 642 635 641
3 643 637 636
3 643 636 642
3 644 638 637
3 644 637 643
3 645 639 638
3 645 638 644
3 646 640 639
3 646 639 645
3 650 648 647
3 650 647 649
3 652 650 649
3 652 649 651
3 656 654 653
3 656 653 655
3 685 658 657
3 685 657 684
3 686 659 658
3 686 658 685
3 687 660 659
3 687 659 686
3 688 661 660
3 688 660 687
3 689 662 661
3 689 661 688
3 690 663 662
3 690 662 689
3 691 664 663
3 691 663 690
3 692 665 664
3 692 664 691
3 693 666 665
3 693 665 692
3 694 667 666
3 694 666 693
3 695 668 667
3 695 667 694
3 696 669 668
3 696 668 695
3 697 670 669
3 697 669 696
3 698 671 670
3 698 670 697
3 699 672 671
3 699 671 698
3 700 673 672
3 700 672 699
3 701 674 673
3 701 673 700
3 702 675 674
3 702 674 701
3 703 676 675
3 703 675 702
3 704 677 676
3 704 676 703
3 705 678 677
3 705 677 704
3 706 679 678
3 706 678 705
3 707 680 679
3 707 679 706
3 708 681 680
3 708 680 707
3 709 682 681
3 709 681 708
3 710 683 682
3 710 682 709
3 712 685 684
3 712 684 711
3 713 686 685
3 713 685 712
3 714 687 686
3 714 686 713
3 715 688 687
3 715 687 714
3 716 689 688
3 716 688 715
3 717 690 689
3 717 689 716
3 718 691 690
3 718 690 717
3 719 692 691
3 719 691 718
3 720 693 692
3 720 692 719
3 721 694 693
3 721 693 720
3 722 695 694
3 722 694 721
3 723 696 695
3 723 695 722
3 724 697 696
3 724 696 723
3 725 698 697
3 725 697 724
3 726 699 698
3 726 698 725
3 727 700 699
3 727 699 726
3 728 701 700
3 728 700 727
3 729 702 701
3 729 701 728
3 730 703 702
3 730 702 729
3 731 704 703
3 731 703 730
3 732 705 704
3 732 704 731
3 733 706 705
3 733 705 732
3 734 707 706
3 734 706 733
3 735 708 707
3 735 707 734
3 736 709 708
3 736 708 735
3 737 710 709
3 737 709 736
3 741 739 738
3 741 738 740
3 748 743 742
3 748 742 747
3 749 744 743
3 749 743 748
3 750 745 744
3 750 744 749
3 751 746 745
3 751 745 750
3 755 753 752
3 755 752 754
3 759 757 756
3 759 756 758
3 767 761 760
3 767 760 766
3 768 762 761
3 768 761 767
3 769 763 762
3 769 762 768
3 770 764 763
3 770 763 769
3 771 765 764
3 771 764 770
3 776 773 772
3 776 772 775
3 777 774 773
3 777 773 776
3 788 779 778
3 788 778 787
3 789 780 779
3 789 779 788
3 790 781 780
3 790 780 789
3 791 782 781
3 791 781 790
3 792 783 782
3 792 782 791
3 793 784 783
3 793 783 792
3 794 785 784
3 794 784 793
3 795 786 785
3 795 785 794
3 801 797 796
3 801 796 800
3 802 798 797
3 802 797 801
3 803 799 798
3 803 798 802
3 805 801 800
3 805 800 804
3 806 802 801
3 806 801 805
3 807 803 802
3 807 802 806
3 814 809 808
3 814 808 813
3 815 810 809
3 815 809 814
3 816 811 810
3 816 810 815
3 817 812 811
3 817 811 816
3 972 819 818
3 972 818 971
3 973 820 819
3 973 819 972
3 974 821 820
3 974 820 973
3 975 822 821
3 975 821 974
3 976 823 822
3 976 822 975
3 977 824 823
3 977 823 976
3 978 825 824
3 978 824 977
3 979 826 825
3 979 825 978
3 980 827 826
3 980 826 979
3 981 828 827
3 981 827 980
3 982 829 828
3 982 828 981
3 983 830 829
3 983 829 982
3 984 831 830
3 984 830 983
3 985 832 831
3 985 831 984
3 986 833 832
3 986 832 985
3 987 834 833
3 987 833 986
3 988 835 834
3 988 834 987
3 989 836 835
3 989 835 988
3 990 837 836
3 990 836 989
3 991 838 837
3 991 837 990
3 992 839 838
3 992 838 991
3 993 840 839
3 993 839 992
3 994 841 840
3 994 840 993
3 995 842 841
3 995 841 994
3 996 843 842
3 996 842 995
3 997 844 843
3 997 843 996
3 998 845 844
3 998 844 997
3 999 846 845
3 999 845 998
3 1000 847 846
3 1000 846 999
3 1001 848 847
3 1001 847 1000
3 1002 849 848
3 1002 848 1001
3 1003 850 849
3 1003 849 1002
3 1004 851 850
3 1004 850 1003
3 1005 852 851
3 1005 851 1004
3 1006 853 852
3 1006 852 1005
3 1007 854 853
3 1007 853 1006
3 1008 855 854
3 1008 854 1007
3 1009 856 855
3 1009 855 1008
3 1010 857 856
3 1010 856 1009
3 1011 858 857
3 1011 857 1010
3 1012 859 858
3 1012 858 1011
3 1013 860 859
3 1013 859 1012
3 1014 861 860
3 1014 860 1013
3 1015 862 861
3 1015 861 1014
3 1016 863 862
3 1016 862 1015
3 1017 864 863
3 1017 863 1016
3 1018 865 864
3 1018 864 1017
3 1019 866 865
3 1019 865 1018
3 1020 867 866
3 1020 866 1019
3 1021 868 867
3 1021 867 1020
3 1022 869 868
3 1022 868 1021
3 1023 870 869
3 1023 869 1022
3 1024 871 870
3 1024 870 1023
3 1025 872 871
3 1025 871 1024
3 1026 873 872
3 1026 872 1025
3 1027 874 873
3 1027 873 1026
3 1028 875 874
3 1028 874 1027
3 1029 876 875
3 1029 875 1028
3 1030 877 876
3 1030 876 1029
3 1031 878 877
3 1031 877 1030
3 1032 879 878
3 1032 878 1031
3 1033 880 879
3 1033 879 1032
3 1034 881 880
3 1034 880 1033
3 1035 882 881
3 1035 881 1034
3 1036 883 882
3 1036 882 1035
3 1037 884 883
3 1037 883 1036
3 1038 885 884
3 1038 884 1037
3 1039 886 885
3 1039 885 1038
3 1040 887 886
3 1040 886 1039
3 1041 888 887
3 1041 887 1040
3 1042 889 888
3 1042 888 1041
3 1043 890 889
3 1043 889 1042
3 1044 891 890
3 1044 890 1043
3 1045 892 891
3 1045 891 1044
3 1046 893 892
3 1046 892 1045
3 1047 894 893
3 1047 893 1046
3 1048 895 894
3 1048 894 1047
3 1049 896 895
3 1049 895 1048
3 1050 897 896
3 1050 896 1049
3 1051 898 897
3 1051 897 1050
3 1052 899 898
3 1052 898 1051
3 1053 900 899
3 1053 899 1052
3 1054 901 900
3 1054 900 1053
3 1055 902 901
3 1055 901 1054
3 1056 903 902
3 1056 902 1055
3 1057 904 903
3 1057 903 1056
3 1058 905 904
3 1058 904 1057
3 1059 906 905
3 1059 905 1058
3 1060 907 906
3 1060 906 1059
3 1061 908 907
3 1061 907 1060
3 1062 909 908
3 1062 908 1061
3 1063 910 909
3 1063 909 1062
3 1064 911 910
3 1064 910 1063
3 1065 912 911
3 1065 911 1064
3 1066 913 912
3 1066 912 1065
3 1067 914 913
3 1067 913 1066
3 1068 915 914
3 1068 914 1067
3 1069 916 915
3 1069 915 1068
3 1070 917 916
3 1070 916 1069
3 1071 918 917
3 1071 917 1070
3 1072 919 918
3 1072 918 1071
3 1073 920 919
3 1073 919 1072
3 1074 921 920
3 1074 920 1073
3 1075 922 921
3 1075 921 1074
3 1076 923 922
3 1076 922 1075
3 1077 924 923
3 1077 923 1076
3 1078 925 924
3 1078 924 1077
3 1079 926 925
3 1079 925 1078
3 1080 927 926
3 1080 926 1079
3 1081 928 927
3 1081 927 1080
3 1082 929 928
3 1082 928 1081
3 1083 930 929
3 1083 929 1082
3 1084 931 930
3 1084 930 1083
3 1085 932 931
3 1085 931 1084
3 1086 933 932
3 1086 932 1085
3 1087 934 933
3 1087 933 1086
3 1088 935 934
3 1088 934 1087
3 1089 936 935
3 1089 935 1088
3 1090 937 936
3 1090 936 1089
3 1091 938 937
3 1091 937 1090
3 1092 939 938
3 1092 938 1091
3 1093 940 939
3 1093 939 1092
3 1094 941 940
3 1094 940 1093
3 1095 942 941
3 1095 941 1094
3 1096 943 942
3 1096 942 1095
3 1097 944 943
3 1097 943 1096
3 1098 945 944
3 1098 944 1097
3 1099 946 945
3 1099 945 1098
3 1100 947 946
3 1100 946 1099
3 1101 948 947
3 1101 947 1100
3 1102 949 948
3 1102 948 1101
3 1103 950 949
3 1103 949 1102
3 1104 951 950
3 1104 950 1103
3 1105 952 951
3 1105 951 1104
3 1106 953 952
3 1106 952 1105
3 1107 954 953
3 1107 953 1106
3 1108 955 954
3 1108 954 1107
3 1109 956 955
3 1109 955 1108
3 1110 957 956
3 1110 956 1109
3 1111 958 957
3 1111 957 1110
3 1112 959 958
3 1112 958 1111
3 1113 960 959
3 1113 959 1112
3 1114 961 960
3 1114 960 1113
3 1115 962 961
3 1115 961 1114
3 1116 963 962
3 1116 962 1115
3 1117 964 963
3 1117 963 1116
3 1118 965 964
3 1118 964 1117
3 1119 966 965
3 1119 965 1118
3 1120 967 966
3 1120 966 1119
3 1121 968 967
3 1121 967 1120
3 1122 969 968
3 1122 968 1121
3 1123 970 969
3 1123 969 1122
3 1125 972 971
3 1125 971 1124
3 1126 973 972
3 1126 972 1125
3 1127 974 973
3 1127 973 1126
3 1128 975 974
3 1128 974 1127
3 1129 976 975
3 1129 975 1128
3 1130 977 976
3 1130 976 1129
3 1131 978 977
3 1131 977 1130
3 1132 979 978
3 1132 978 1131
3 1133 980 979
3 1133 979 1132
3 1134 981 980
3 1134 980 1133
3 1135 982 981
3 1135 981 1134
3 1136 983 982
3 1136 982 1135
3 1137 984 983
3 1137 983 1136
3 1138 985 984
3 1138 984 1137
3 1139 986 985
3 1139 985 1138
3 1140 987 986
3 1140 986 1139
3 1141 988 987
3 1141 987 1140
3 1142 989 988
3 1142 988 1141
3 1143 990 989
3 1143 989 1142
3 1144 991 990
3 1144 990 1143
3 1145 992 991
3 1145 991 1144
3 1146 993 992
3 1146 992 1145
3 1147 994 993
3 1147 993 1146
3 1148 995 994
3 1148 994 1147
3 1149 996 995
3 1149 995 1148
3 1150 997 996
3 1150 996 1149
3 1151 998 997
3 1151 997 1150
3 1152 999 998
3 1152 998 1151
3 1153 1000 999
3 1153 999 1152
3 1154 1001 1000
3 1154 1000 1153
3 1155 1002 1001
3 1155 1001 1154
3 1156 1003 1002
3 1156 1002 1155
3 1157 1004 1003
3 1157 1003 1156
3 1158 1005 1004
3 1158 1004 1157
3 1159 1006 1005
3 1159 1005 1158
3 1160 1007 1006
3 1160 1006 1159
3 1161 1008 1007
3 1161 1007 1160
3 1162 1009 1008
3 1162 1008 1161
3 1163 1010 1009
3 1163 1009 1162
3 1164 1011 1010
3 1164 1010 1163
3 1165 1012 1011
3 1165 1011 1164
3 1166 1013 1012
3 1166 1012 1165
3 1167 1014 1013
3 1167 1013 1166
3 1168 1015 1014
3 1168 1014 1167
3 1169 1016 1015
3 1169 1015 1168
3 1170 1017 1016
3 1170 1016 1169
3 1171 1018 1017
3 1171 1017 1170
3 1172 1019 1018
3 1172 1018 1171
3 1173 1020 1019
3 1173 1019 1172
3 1174 1021 1020
3 1174 1020 1173
3 1175 1022 1021
3 1175 1021 1174
3 1176 1023 1022
3 1176 1022 1175
3 1177 1024 1023
3 1177 1023 1176
3 1178 1025 1024
3 1178 1024 1177
3 1179 1026 1025
3 1179 1025 1178
3 1180 1027 1026
3 1180 1026 1179
3 1181 1028 1027
3 1181 1027 1180
3 1182 1029 1028
3 1182 1028 1181
3 1183 1030 1029
3 1183 1029 1182
3 1184 1031 1030
3 1184 1030 1183
3 1185 1032 1031
3 1185 1031 1184
3 1186 1033 1032
3 1186 1032 1185
3 1187 1034 1033
3 1187 1033 1186
3 1188 1035 1034
3 1188 1034 1187
3 1189 1036 1035
3 1189 1035 1188
3 1190 1037 1036
3 1190 1036 1189
3 1191 1038 1037
3 1191 1037 1190
3 1192 1039 1038
3 1192 1038 1191
3 1193 1040 1039
3 1193 1039 1192
3 1194 1041 1040
3 1194 1040 1193
3 1195 1042 1041
3 1195 1041 1194
3 1196 1043 1042
3 1196 1042 1195
3 1197 1044 1043
3 1197 1043 1196
3 1198 1045 1044
3 1198 1044 1197
3 1199 1046 1045
3 1199 1045 1198
3 1200 1047 1046
3 1200 1046 1199
3 1201 1048 1047
3 1201 1047 1200
3 1202 1049 1048
3 1202 1048 1201
3 1203 1050 1049
3 1203 1049 1202
3 1204 1051 1050
3 1204 1050 1203
3 1205 1052 1051
3 1205 1051 1204
3 1206 1053 1052
3 1206 1052 1205
3 1207 1054 1053
3 1207 1053 1206
3 1208 1055 1054
3 1208 1054 1207
3 1209 1056 1055
3 1209 1055 1208
3 1210 1057 1056
3 1210 1056 1209
3 1211 1058 1057
3 1211 1057 1210
3 1212 1059 1058
3 1212 1058 1211
3 1213 1060 1059
3 1213 1059 1212
3 1214 1061 1060
3 1214 1060 1213
3 1215 1062 1061
3 1215 1061 1214
3 1216 1063 1062
3 1216 1062 1215
3 1217 1064 1063
3 1217 1063 1216
3 1218 1065 1064
3 1218 1064 1217
3 1219 1066 1065
3 1219 1065 1218
3 1220 1067 1066
3 1220 1066 1219
3 1221 1068 1067
3 1221 1067 1220
3 1222 1069 1068
3 1222 1068 1221
3 1223 1070 1069
3 1223 1069 1222
3 1224 1071 1070
3 1224 1070 1223
3 1225 1072 1071
3 1225 1071 1224
3 1226 1073 1072
3 1226 1072 1225
3 1227 1074 1073
3 1227 1073 1226
3 1228 1075 1074
3 1228 1074 1227
3 1229 1076 1075
3 1229 1075 1228
3 1230 1077 1076
3 1230 1076 1229
3 1231 1078 1077
3 1231 1077 1230
3 1232 1079 1078
3 1232 1078 1231
3 1233 1080 1079
3 1233 1079 1232
3 1234 1081 1080
3 1234 1080 1233
3 1235 1082 1081
3 1235 1081 1234
3 1236 1083 1082
3 1236 1082 1235
3 1237 1084 1083
3 1237 1083 1236
3 1238 1085 1084
3 1238 1084 1237
3 1239 1086 1085
3 1239 1085 1238
3 1240 1087 1086
3 1240 1086 1239
3 1241 1088 1087
3 1241 1087 1240
3 1242 1089 1088
3 1242 1088 1241
3 1243 1090 1089
3 1243 1089 1242
3 1244 1091 1090
3 1244 1090 1243
3 1245 1092 1091
3 1245 1091 1244
3 1246 1093 1092
3 1246 1092 1245
3 1247 1094 1093
3 1247 1093 1246
3 1248 1095 1094
3 1248 1094 1247
3 1249 1096 1095
3 1249 1095 1248
3 1250 1097 1096
3 1250 1096 1249
3 1251 1098 1097
3 1251 1097 1250
3 1252 1099 1098
3 1252 1098 1251
3 1253 1100 1099
3 1253 1099 1252
3 1254 1101 1100
3 1254 1100 1253
3 1255 1102 1101
3 1255 1101 1254
3 1256 1103 1102
3 1256 1102 1255
3 1257 1104 1103
3 1257 1103 1256
3 1258 1105 1104
3 1258 1104 1257
3 1259 1106 1105
3 1259 1105 1258
3 1260 1107 1106
3 1260 1106 1259
3 1261 1108 1107
3 1261 1107 1260
3 1262 1109 1108
3 1262 1108 1261
3 1263 1110 1109
3 1263 1109 1262
3 1264 1111 1110
3 1264 1110 1263
3 1265 1112 1111
3 1265 1111 1264
3 1266 1113 1112
3 1266 1112 1265
3 1267 1114 1113
3 1267 1113 1266
3 1268 1115 1114
3 1268 1114 1267
3 1269 1116 1115
3 1269 1115 1268
3 1270 1117 1116
3 1270 1116 1269
3 1271 1118 1117
3 1271 1117 1270
3 1272 1119 1118
3 1272 1118 1271
3 1273 1120 1119
3 1273 1119 1272
3 1274 1121 1120
3 1274 1120 1273
3 1275 1122 1121
3 1275 1121 1274
3 1276 1123 1122
3 1276 1122 1275
3 1294 1278 1277
3 1294 1277 1293
3 1295 1279 1278
3 1295 1278 1294
3 1296 1280 1279
3 1296 1279 1295
3 1297 1281 1280
3 1297 1280 1296
3 1298 1282 1281
3 1298 1281 1297
3 1299 1283 1282
3 1299 1282 1298
3 1300 1284 1283
3 1300 1283 1299
3 1301 1285 1284
3 1301 1284 1300
3 1302 1286 1285
3 1302 1285 1301
3 1303 1287 1286
3 1303 1286 1302
3 1304 1288 1287
3 1304 1287 1303
3 1305 1289 1288
3 1305 1288 1304
3 1306 1290 1289
3 1306 1289 1305
3 1307 1291 1290
3 1307 1290 1306
3 1308 1292 1291
3 1308 1291 1307
3 1310 1294 1293
3 1310 1293 1309
3 1311 1295 1294
3 1311 1294 1310
3 1312 1296 1295
3 1312 1295 1311
3 1313 1297 1296
3 1313 1296 1312
3 1314 1298 1297
3 1314 1297 1313
3 1315 1299 1298
3 1315 1298 1314
3 1316 1300 1299
3 1316 1299 1315
3 1317 1301 1300
3 1317 1300 1316
3 1318 1302 1301
3 1318 1301 1317
3 1319 1303 1302
3 1319 1302 1318
3 1320 1304 1303
3 1320 1303 1319
3 1321 1305 1304
3 1321 1304 1320
3 1322 1306 1305
3 1322 1305 1321
3 1323 1307 1306
3 1323 1306 1322
3 1324 1308 1307
3 1324 1307 1323
3 1338 1326 1325
3 1338 1325 1337
3 1339 1327 1326
3 1339 1326 1338
3 1340 1328 1327
3 1340 1327 1339
3 1341 1329 1328
3 1341 1328 1340
3 1342 1330 1329
3 1342 1329 1341
3 1343 1331 1330
3 1343 1330 1342
3 1344 1332 1331
3 1344 1331 1343
3 1345 1333 1332
3 1345 1332 1344
3 1346 1334 1333
3 1346 1333 1345
3 1347 1335 1334
3 1347 1334 1346
3 1348 1336 1335
3 1348 1335 1347
3 1353 1350 1349
3 1353 1349 1352
3 1354 1351 1350
3 1354 1350 1353
3 1370 1356 1355
3 1370 1355 1369
3 1371 1357 1356
3 1371 1356 1370
3 1372 1358 1357
3 1372 1357 1371
3 1373 1359 1358
3 1373 1358 1372
3 1374 1360 1359
3 1374 1359 1373
3 1375 1361 1360
3 1375 1360 1374
3 1376 1362 1361
3 1376 1361 1375
3 1377 1363 1362
3 1377 1362 1376
3 1378 1364 1363
3 1378 1363 1377
3 1379 1365 1364
3 1379 1364 1378
3 1380 1366 1365
3 1380 1365 1379
3 1381 1367 1366
3 1381 1366 1380
3 1382 1368 1367
3 1382 1367 1381
3 1393 1384 1383
3 1393 1383 1392
3 1394 1385 1384
3 1394 1384 1393
3 1395 1386 1385
3 1395 1385 1394
3 1396 1387 1386
3 1396 1386 1395
3 1397 1388 1387
3 1397 1387 1396
3 1398 1389 1388
3 1398 1388 1397
3 1399 1390 1389
3 1399 1389 1398
3 1400 1391 1390
3 1400 1390 1399
3 1410 1402 1401
3 1410 1401 1409
3 1411 1403 1402
3 1411 1402 1410
3 1412 1404 1403
3 1412 1403 1411
3 1413 1405 1404
3 1413 1404 1412
3 1414 1406 1405
3 1414 1405 1413
3 1415 1407 1406
3 1415 1406 1414
3 1416 1408 1407
3 1416 1407 1415
3 1422 1418 1417
3 1422 1417 1421
3 1423 1419 1418
3 1423 1418 1422
3 1424 1420 1419
3 1424 1419 1423
3 1433 1426 1425
3 1433 1425 1432
3 1434 1427 1426
3 1434 1426 1433
3 1435 1428 1427
3 1435 1427 1434
3 1436 1429 1428
3 1436 1428 1435
3 1437 1430 1429
3 1437 1429 1436
3 1438 1431 1430
3 1438 1430 1437
3 1448 1440 1439
3 1448 1439 1447
3 1449 1441 1440
3 1449 1440 1448
3 1450 1442 1441
3 1450 1441 1449
3 1451 1443 1442
3 1451 1442 1450
3 1452 1444 1443
3 1452 1443 1451
3 1453 1445 1444
3 1453 1444 1452
3 1454 1446 1445
3 1454 1445 1453
3 1460 1456 1455
3 1460 1455 1459
3 1461 1457 1456
3 1461 1456 1460
3 1462 1458 1457
3 1462 1457 1461
3 1472 1464 1463
3 1472 1463 1471
3 1473 1465 1464
3 1473 1464 1472
3 1474 1466 1465
3 1474 1465 1473
3 1475 1467 1466
3 1475 1466 1474
3 1476 1468 1467
3 1476 1467 1475
3 1477 1469 1468
3 1477 1468 1476
3 1478 1470 1469
3 1478 1469 1477
3 1488 1480 1479
3 1488 1479 1487
3 1489 1481 1480
3 1489 1480 1488
3 1490 1482 1481
3 1490 1481 1489
3 1491 1483 1482
3 1491 1482 1490
3 1492 1484 1483
3 1492 1483 1491
3 1493 1485 1484
3 1493 1484 1492
3 1494 1486 1485
3 1494 1485 1493
3 1499 1496 1495
3 1499 1495 1498
3 1500 1497 1496
3 1500 1496 1499
3 1507 1502 1501
3 1507 1501 1506
3 1508 1503 1502
3 1508 1502 1507
3 1509 1504 1503
3 1509 1503 1508
3 1510 1505 1504
3 1510 1504 1509
3 1537 1512 1511
3 1537 1511 1536
3 1538 1513 1512
3 1538 1512 1537
3 1539 1514 1513
3 1539 1513 1538
3 1540 1515 1514
3 1540 1514 1539
3 1541 1516 1515
3 1541 1515 1540
3 1542 1517 1516
3 1542 1516 1541
3 1543 1518 1517
3 1543 1517 1542
3 1544 1519 1518
3 1544 1518 1543
3 1545 1520 1519
3 1545 1519 1544
3 1546 1521 1520
3 1546 1520 1545
3 1547 1522 1521
3 1547 1521 1546
3 1548 1523 1522
3 1548 1522 1547
3 1549 1524 1523
3 1549 1523 1548
3 1550 1525 1524
3 1550 1524 1549
3 1551 1526 1525
3 1551 1525 1550
3 1552 1527 1526
3 1552 1526 1551
3 1553 1528 1527
3 1553 1527 1552
3 1554 1529 1528
3 1554 1528 1553
3 1555 1530 1529
3 1555 1529 1554
3 1556 1531 1530
3 1556 1530 1555
3 1557 1532 1531
3 1557 1531 1556
3 1558 1533 1532
3 1558 1532 1557
3 1559 1534 1533
3 1559 1533 1558
3 1560 1535 1534
3 1560 1534 1559
3 1564 1562 1561
3 1564 1561 1563
3 1568 1566 1565
3 1568 1565 1567
3 1570 1568 1567
3 1570 1567 1569
3 1574 1572 1571
3 1574 1571 1573
3 1585 1576 1575
3 1585 1575 1584
3 1586 1577 1576
3 1586 1576 1585
3 1587 1578 1577
3 1587 1577 1586
3 1588 1579 1578
3 1588 1578 1587
3 1589 1580 1579
3 1589 1579 1588
3 1590 1581 1580
3 1590 1580 1589
3 1591 1582 1581
3 1591 1581 1590
3 1592 1583 1582
3 1592 1582 1591
3 1596 1594 1593
3 1596 1593 1595
3 1600 1598 1597
3 1600 1597 1599
3 1604 1602 1601
3 1604 1601 1603
3 1608 1606 1605
3 1608 1605 1607
3 1610 1608 1607
3 1610 1607 1609
3 1614 1612 1611
3 1614 1611 1613
3 1620 1616 1615
3 1620 1615 1619
3 1621 1617 1616
3 1621 1616 1620
3 1622 1618 1617
3 1622 1617 1621
3 1628 1624 1623
3 1628 1623 1627
3 1629 1625 1624
3 1629 1624 1628
3 1630 1626 1625
3 1630 1625 1629
3 1632 1628 1627
3 1632 1627 1631
3 1633 1629 1628
3 1633 1628 1632
3 1634 1630 1629
3 1634 1629 1633
3 1642 1636 1635
3 1642 1635 1641
3 1643 1637 1636
3 1643 1636 1642
3 1644 1638 1637
3 1644 1637 1643
3 1645 1639 1638
3 1645 1638 1644
3 1646 1640 1639
3 1646 1639 1645
3 1650 1648 1647
3 1650 1647 1649
3 1652 1650 1649
3 1652 1649 1651
3 1654 1652 1651
3 1654 1651 1653
3 1656 1654 1653
3 1656 1653 1655
3 1658 1656 1655
3 1658 1655 1657
3 1660 1658 1657
3 1660 1657 1659
3 1662 1660 1659
3 1662 1659 1661
3 1666 1664 1663
3 1666 1663 1665
3 1670 1668 1667
3 1670 1667 1669
3 1674 1672 1671
3 1674 1671 1673
3 1678 1676 1675
3 1678 1675 1677
3 1682 1680 1679
3 1682 1679 1681
3 1686 1684 1683
3 1686 1683 1685
3 1690 1688 1687
3 1690 1687 1689
3 1696 1692 1691
3 1696 1691 1695
3 1697 1693 1692
3 1697 1692 1696
3 1698 1694 1693
3 1698 1693 1697
3 1702 1700 1699
3 1702 1699 1701
3 1714 1704 1703
3 1714 1703 1713
3 1715 1705 1704
3 1715 1704 1714
3 1716 1706 1705
3 1716 1705 1715
3 1717 1707 1706
3 1717 1706 1716
3 1718 1708 1707
3 1718 1707 1717
3 1719 1709 1708
3 1719 1708 1718
3 1720 1710 1709
3 1720 1709 1719
3 1721 1711 1710
3 1721 1710 1720
3 1722 1712 1711
3 1722 1711 1721
3 1727 1724 1723
3 1727 1723 1726
3 1728 1725 1724
3 1728 1724 1727
3 1736 1730 1729
3 1736 1729 1735
3 1737 1731 1730
3 1737 1730 1736
3 1738 1732 1731
3 1738 1731 1737
3 1739 1733 1732
3 1739 1732 1738
3 1740 1734 1733
3 1740 1733 1739
3 1747 1742 1741
3 1747 1741 1746
3 1748 1743 1742
3 1748 1742 1747
3 1749 1744 1743
3 1749 1743 1748
3 1750 1745 1744
3 1750 1744 1749
3 1752 1747 1746
3 1752 1746 1751
3 1753 1748 1747
3 1753 1747 1752
3 1754 1749 1748
3 1754 1748 1753
3 1755 1750 1749
3 1755 1749 1754
3 1762 1757 1756
3 1762 1756 1761
3 1763 1758 1757
3 1763 1757 1762
3 1764 1759 1758
3 1764 1758 1763
3 1765 1760 1759
3 1765 1759 1764
3 1770 1767 1766
3 1770 1766 1769
3 1771 1768 1767
3 1771 1767 1770
3 1773 1770 1769
3 1773 1769 1772
3 1774 1771 1770
3 1774 1770 1773
3 1780 1776 1775
3 1780 1775 1779
3 1781 1777 1776
3 1781 1776 1780
3 1782 1778 1777
3 1782 1777 1781
3 1790 1784 1783
3 1790 1783 1789
3 1791 1785 1784
3 1791 1784 1790
3 1792 1786 1785
3 1792 1785 1791
3 1793 1787 1786
3 1793 1786 1792
3 1794 1788 1787
3 1794 1787 1793
3 1799 1796 1795
3 1799 1795 1798
3 1800 1797 1796
3 1800 1796 1799
3 1806 1802 1801
3 1806 1801 1805
3 1807 1803 1802
3 1807 1802 1806
3 1808 1804 1803
3 1808 1803 1807
